student code,exam code
TORONTO_EAR83_STU00001,TORONTO_EAR83_0018
TORONTO_EAR83_STU00001,TORONTO_EAR83_0061
TORONTO_EAR83_STU00001,TORONTO_EAR83_0084
TORONTO_EAR83_STU00001,TORONTO_EAR83_0107
TORONTO_EAR83_STU00001,TORONTO_EAR83_0115
TORONTO_EAR83_STU00001,TORONTO_EAR83_0135
TORONTO_EAR83_STU00002,TORONTO_EAR83_0018
TORONTO_EAR83_STU00002,TORONTO_EAR83_0061
TORONTO_EAR83_STU00002,TORONTO_EAR83_0084
TORONTO_EAR83_STU00002,TORONTO_EAR83_0107
TORONTO_EAR83_STU00002,TORONTO_EAR83_0115
TORONTO_EAR83_STU00002,TORONTO_EAR83_0135
TORONTO_EAR83_STU00003,TORONTO_EAR83_0018
TORONTO_EAR83_STU00003,TORONTO_EAR83_0062
TORONTO_EAR83_STU00003,TORONTO_EAR83_0084
TORONTO_EAR83_STU00003,TORONTO_EAR83_0107
TORONTO_EAR83_STU00003,TORONTO_EAR83_0115
TORONTO_EAR83_STU00003,TORONTO_EAR83_0135
TORONTO_EAR83_STU00004,TORONTO_EAR83_0018
TORONTO_EAR83_STU00004,TORONTO_EAR83_0061
TORONTO_EAR83_STU00004,TORONTO_EAR83_0084
TORONTO_EAR83_STU00004,TORONTO_EAR83_0107
TORONTO_EAR83_STU00004,TORONTO_EAR83_0115
TORONTO_EAR83_STU00004,TORONTO_EAR83_0135
TORONTO_EAR83_STU00005,TORONTO_EAR83_0018
TORONTO_EAR83_STU00005,TORONTO_EAR83_0061
TORONTO_EAR83_STU00005,TORONTO_EAR83_0084
TORONTO_EAR83_STU00005,TORONTO_EAR83_0107
TORONTO_EAR83_STU00005,TORONTO_EAR83_0115
TORONTO_EAR83_STU00005,TORONTO_EAR83_0135
TORONTO_EAR83_STU00006,TORONTO_EAR83_0018
TORONTO_EAR83_STU00006,TORONTO_EAR83_0061
TORONTO_EAR83_STU00006,TORONTO_EAR83_0084
TORONTO_EAR83_STU00006,TORONTO_EAR83_0107
TORONTO_EAR83_STU00006,TORONTO_EAR83_0115
TORONTO_EAR83_STU00006,TORONTO_EAR83_0135
TORONTO_EAR83_STU00007,TORONTO_EAR83_0018
TORONTO_EAR83_STU00007,TORONTO_EAR83_0037
TORONTO_EAR83_STU00007,TORONTO_EAR83_0061
TORONTO_EAR83_STU00007,TORONTO_EAR83_0080
TORONTO_EAR83_STU00007,TORONTO_EAR83_0101
TORONTO_EAR83_STU00007,TORONTO_EAR83_0108
TORONTO_EAR83_STU00007,TORONTO_EAR83_0135
TORONTO_EAR83_STU00007,TORONTO_EAR83_0159
TORONTO_EAR83_STU00007,TORONTO_EAR83_0184
TORONTO_EAR83_STU00008,TORONTO_EAR83_0009
TORONTO_EAR83_STU00008,TORONTO_EAR83_0022
TORONTO_EAR83_STU00008,TORONTO_EAR83_0040
TORONTO_EAR83_STU00008,TORONTO_EAR83_0062
TORONTO_EAR83_STU00008,TORONTO_EAR83_0085
TORONTO_EAR83_STU00008,TORONTO_EAR83_0092
TORONTO_EAR83_STU00008,TORONTO_EAR83_0117
TORONTO_EAR83_STU00008,TORONTO_EAR83_0138
TORONTO_EAR83_STU00009,TORONTO_EAR83_0018
TORONTO_EAR83_STU00009,TORONTO_EAR83_0037
TORONTO_EAR83_STU00009,TORONTO_EAR83_0061
TORONTO_EAR83_STU00009,TORONTO_EAR83_0080
TORONTO_EAR83_STU00009,TORONTO_EAR83_0101
TORONTO_EAR83_STU00009,TORONTO_EAR83_0108
TORONTO_EAR83_STU00009,TORONTO_EAR83_0135
TORONTO_EAR83_STU00009,TORONTO_EAR83_0159
TORONTO_EAR83_STU00009,TORONTO_EAR83_0184
TORONTO_EAR83_STU00010,TORONTO_EAR83_0001
TORONTO_EAR83_STU00010,TORONTO_EAR83_0020
TORONTO_EAR83_STU00010,TORONTO_EAR83_0052
TORONTO_EAR83_STU00010,TORONTO_EAR83_0083
TORONTO_EAR83_STU00010,TORONTO_EAR83_0116
TORONTO_EAR83_STU00010,TORONTO_EAR83_0137
TORONTO_EAR83_STU00010,TORONTO_EAR83_0150
TORONTO_EAR83_STU00010,TORONTO_EAR83_0157
TORONTO_EAR83_STU00011,TORONTO_EAR83_0009
TORONTO_EAR83_STU00011,TORONTO_EAR83_0020
TORONTO_EAR83_STU00011,TORONTO_EAR83_0039
TORONTO_EAR83_STU00011,TORONTO_EAR83_0087
TORONTO_EAR83_STU00011,TORONTO_EAR83_0117
TORONTO_EAR83_STU00011,TORONTO_EAR83_0137
TORONTO_EAR83_STU00011,TORONTO_EAR83_0151
TORONTO_EAR83_STU00011,TORONTO_EAR83_0152
TORONTO_EAR83_STU00011,TORONTO_EAR83_0177
TORONTO_EAR83_STU00012,TORONTO_EAR83_0020
TORONTO_EAR83_STU00012,TORONTO_EAR83_0053
TORONTO_EAR83_STU00012,TORONTO_EAR83_0062
TORONTO_EAR83_STU00012,TORONTO_EAR83_0087
TORONTO_EAR83_STU00012,TORONTO_EAR83_0102
TORONTO_EAR83_STU00012,TORONTO_EAR83_0137
TORONTO_EAR83_STU00012,TORONTO_EAR83_0159
TORONTO_EAR83_STU00012,TORONTO_EAR83_0183
TORONTO_EAR83_STU00013,TORONTO_EAR83_0009
TORONTO_EAR83_STU00013,TORONTO_EAR83_0022
TORONTO_EAR83_STU00013,TORONTO_EAR83_0054
TORONTO_EAR83_STU00013,TORONTO_EAR83_0062
TORONTO_EAR83_STU00013,TORONTO_EAR83_0088
TORONTO_EAR83_STU00013,TORONTO_EAR83_0117
TORONTO_EAR83_STU00013,TORONTO_EAR83_0138
TORONTO_EAR83_STU00013,TORONTO_EAR83_0152
TORONTO_EAR83_STU00014,TORONTO_EAR83_0009
TORONTO_EAR83_STU00014,TORONTO_EAR83_0017
TORONTO_EAR83_STU00014,TORONTO_EAR83_0022
TORONTO_EAR83_STU00014,TORONTO_EAR83_0054
TORONTO_EAR83_STU00014,TORONTO_EAR83_0062
TORONTO_EAR83_STU00014,TORONTO_EAR83_0088
TORONTO_EAR83_STU00014,TORONTO_EAR83_0116
TORONTO_EAR83_STU00014,TORONTO_EAR83_0138
TORONTO_EAR83_STU00015,TORONTO_EAR83_0017
TORONTO_EAR83_STU00015,TORONTO_EAR83_0019
TORONTO_EAR83_STU00015,TORONTO_EAR83_0052
TORONTO_EAR83_STU00015,TORONTO_EAR83_0081
TORONTO_EAR83_STU00015,TORONTO_EAR83_0116
TORONTO_EAR83_STU00015,TORONTO_EAR83_0136
TORONTO_EAR83_STU00015,TORONTO_EAR83_0150
TORONTO_EAR83_STU00015,TORONTO_EAR83_0154
TORONTO_EAR83_STU00016,TORONTO_EAR83_0008
TORONTO_EAR83_STU00016,TORONTO_EAR83_0015
TORONTO_EAR83_STU00016,TORONTO_EAR83_0019
TORONTO_EAR83_STU00016,TORONTO_EAR83_0050
TORONTO_EAR83_STU00016,TORONTO_EAR83_0081
TORONTO_EAR83_STU00016,TORONTO_EAR83_0117
TORONTO_EAR83_STU00016,TORONTO_EAR83_0136
TORONTO_EAR83_STU00016,TORONTO_EAR83_0147
TORONTO_EAR83_STU00017,TORONTO_EAR83_0008
TORONTO_EAR83_STU00017,TORONTO_EAR83_0019
TORONTO_EAR83_STU00017,TORONTO_EAR83_0050
TORONTO_EAR83_STU00017,TORONTO_EAR83_0081
TORONTO_EAR83_STU00017,TORONTO_EAR83_0117
TORONTO_EAR83_STU00017,TORONTO_EAR83_0137
TORONTO_EAR83_STU00017,TORONTO_EAR83_0152
TORONTO_EAR83_STU00017,TORONTO_EAR83_0168
TORONTO_EAR83_STU00017,TORONTO_EAR83_0177
TORONTO_EAR83_STU00018,TORONTO_EAR83_0020
TORONTO_EAR83_STU00018,TORONTO_EAR83_0052
TORONTO_EAR83_STU00018,TORONTO_EAR83_0081
TORONTO_EAR83_STU00018,TORONTO_EAR83_0117
TORONTO_EAR83_STU00018,TORONTO_EAR83_0136
TORONTO_EAR83_STU00018,TORONTO_EAR83_0154
TORONTO_EAR83_STU00018,TORONTO_EAR83_0168
TORONTO_EAR83_STU00018,TORONTO_EAR83_0177
TORONTO_EAR83_STU00019,TORONTO_EAR83_0020
TORONTO_EAR83_STU00019,TORONTO_EAR83_0053
TORONTO_EAR83_STU00019,TORONTO_EAR83_0062
TORONTO_EAR83_STU00019,TORONTO_EAR83_0084
TORONTO_EAR83_STU00019,TORONTO_EAR83_0102
TORONTO_EAR83_STU00019,TORONTO_EAR83_0108
TORONTO_EAR83_STU00019,TORONTO_EAR83_0137
TORONTO_EAR83_STU00019,TORONTO_EAR83_0159
TORONTO_EAR83_STU00019,TORONTO_EAR83_0183
TORONTO_EAR83_STU00020,TORONTO_EAR83_0020
TORONTO_EAR83_STU00020,TORONTO_EAR83_0052
TORONTO_EAR83_STU00020,TORONTO_EAR83_0062
TORONTO_EAR83_STU00020,TORONTO_EAR83_0083
TORONTO_EAR83_STU00020,TORONTO_EAR83_0117
TORONTO_EAR83_STU00020,TORONTO_EAR83_0137
TORONTO_EAR83_STU00020,TORONTO_EAR83_0157
TORONTO_EAR83_STU00020,TORONTO_EAR83_0182
TORONTO_EAR83_STU00021,TORONTO_EAR83_0009
TORONTO_EAR83_STU00021,TORONTO_EAR83_0022
TORONTO_EAR83_STU00021,TORONTO_EAR83_0040
TORONTO_EAR83_STU00021,TORONTO_EAR83_0062
TORONTO_EAR83_STU00021,TORONTO_EAR83_0088
TORONTO_EAR83_STU00021,TORONTO_EAR83_0092
TORONTO_EAR83_STU00021,TORONTO_EAR83_0138
TORONTO_EAR83_STU00021,TORONTO_EAR83_0157
TORONTO_EAR83_STU00022,TORONTO_EAR83_0022
TORONTO_EAR83_STU00022,TORONTO_EAR83_0054
TORONTO_EAR83_STU00022,TORONTO_EAR83_0062
TORONTO_EAR83_STU00022,TORONTO_EAR83_0072
TORONTO_EAR83_STU00022,TORONTO_EAR83_0088
TORONTO_EAR83_STU00022,TORONTO_EAR83_0093
TORONTO_EAR83_STU00022,TORONTO_EAR83_0117
TORONTO_EAR83_STU00022,TORONTO_EAR83_0138
TORONTO_EAR83_STU00023,TORONTO_EAR83_0009
TORONTO_EAR83_STU00023,TORONTO_EAR83_0020
TORONTO_EAR83_STU00023,TORONTO_EAR83_0052
TORONTO_EAR83_STU00023,TORONTO_EAR83_0062
TORONTO_EAR83_STU00023,TORONTO_EAR83_0083
TORONTO_EAR83_STU00023,TORONTO_EAR83_0117
TORONTO_EAR83_STU00023,TORONTO_EAR83_0137
TORONTO_EAR83_STU00023,TORONTO_EAR83_0152
TORONTO_EAR83_STU00023,TORONTO_EAR83_0177
TORONTO_EAR83_STU00024,TORONTO_EAR83_0018
TORONTO_EAR83_STU00024,TORONTO_EAR83_0037
TORONTO_EAR83_STU00024,TORONTO_EAR83_0061
TORONTO_EAR83_STU00024,TORONTO_EAR83_0080
TORONTO_EAR83_STU00024,TORONTO_EAR83_0101
TORONTO_EAR83_STU00024,TORONTO_EAR83_0108
TORONTO_EAR83_STU00024,TORONTO_EAR83_0135
TORONTO_EAR83_STU00024,TORONTO_EAR83_0159
TORONTO_EAR83_STU00024,TORONTO_EAR83_0184
TORONTO_EAR83_STU00025,TORONTO_EAR83_0018
TORONTO_EAR83_STU00025,TORONTO_EAR83_0037
TORONTO_EAR83_STU00025,TORONTO_EAR83_0061
TORONTO_EAR83_STU00025,TORONTO_EAR83_0080
TORONTO_EAR83_STU00025,TORONTO_EAR83_0101
TORONTO_EAR83_STU00025,TORONTO_EAR83_0108
TORONTO_EAR83_STU00025,TORONTO_EAR83_0135
TORONTO_EAR83_STU00025,TORONTO_EAR83_0159
TORONTO_EAR83_STU00025,TORONTO_EAR83_0184
TORONTO_EAR83_STU00026,TORONTO_EAR83_0020
TORONTO_EAR83_STU00026,TORONTO_EAR83_0053
TORONTO_EAR83_STU00026,TORONTO_EAR83_0062
TORONTO_EAR83_STU00026,TORONTO_EAR83_0084
TORONTO_EAR83_STU00026,TORONTO_EAR83_0101
TORONTO_EAR83_STU00026,TORONTO_EAR83_0108
TORONTO_EAR83_STU00026,TORONTO_EAR83_0137
TORONTO_EAR83_STU00026,TORONTO_EAR83_0159
TORONTO_EAR83_STU00026,TORONTO_EAR83_0184
TORONTO_EAR83_STU00027,TORONTO_EAR83_0020
TORONTO_EAR83_STU00027,TORONTO_EAR83_0039
TORONTO_EAR83_STU00027,TORONTO_EAR83_0062
TORONTO_EAR83_STU00027,TORONTO_EAR83_0084
TORONTO_EAR83_STU00027,TORONTO_EAR83_0101
TORONTO_EAR83_STU00027,TORONTO_EAR83_0108
TORONTO_EAR83_STU00027,TORONTO_EAR83_0137
TORONTO_EAR83_STU00027,TORONTO_EAR83_0159
TORONTO_EAR83_STU00027,TORONTO_EAR83_0184
TORONTO_EAR83_STU00028,TORONTO_EAR83_0020
TORONTO_EAR83_STU00028,TORONTO_EAR83_0053
TORONTO_EAR83_STU00028,TORONTO_EAR83_0062
TORONTO_EAR83_STU00028,TORONTO_EAR83_0084
TORONTO_EAR83_STU00028,TORONTO_EAR83_0101
TORONTO_EAR83_STU00028,TORONTO_EAR83_0108
TORONTO_EAR83_STU00028,TORONTO_EAR83_0137
TORONTO_EAR83_STU00028,TORONTO_EAR83_0159
TORONTO_EAR83_STU00028,TORONTO_EAR83_0184
TORONTO_EAR83_STU00029,TORONTO_EAR83_0020
TORONTO_EAR83_STU00029,TORONTO_EAR83_0053
TORONTO_EAR83_STU00029,TORONTO_EAR83_0062
TORONTO_EAR83_STU00029,TORONTO_EAR83_0084
TORONTO_EAR83_STU00029,TORONTO_EAR83_0102
TORONTO_EAR83_STU00029,TORONTO_EAR83_0108
TORONTO_EAR83_STU00029,TORONTO_EAR83_0137
TORONTO_EAR83_STU00029,TORONTO_EAR83_0159
TORONTO_EAR83_STU00029,TORONTO_EAR83_0183
TORONTO_EAR83_STU00030,TORONTO_EAR83_0018
TORONTO_EAR83_STU00030,TORONTO_EAR83_0037
TORONTO_EAR83_STU00030,TORONTO_EAR83_0067
TORONTO_EAR83_STU00030,TORONTO_EAR83_0080
TORONTO_EAR83_STU00030,TORONTO_EAR83_0101
TORONTO_EAR83_STU00030,TORONTO_EAR83_0109
TORONTO_EAR83_STU00030,TORONTO_EAR83_0135
TORONTO_EAR83_STU00030,TORONTO_EAR83_0159
TORONTO_EAR83_STU00030,TORONTO_EAR83_0183
TORONTO_EAR83_STU00031,TORONTO_EAR83_0018
TORONTO_EAR83_STU00031,TORONTO_EAR83_0037
TORONTO_EAR83_STU00031,TORONTO_EAR83_0061
TORONTO_EAR83_STU00031,TORONTO_EAR83_0080
TORONTO_EAR83_STU00031,TORONTO_EAR83_0101
TORONTO_EAR83_STU00031,TORONTO_EAR83_0135
TORONTO_EAR83_STU00031,TORONTO_EAR83_0159
TORONTO_EAR83_STU00031,TORONTO_EAR83_0184
TORONTO_EAR83_STU00032,TORONTO_EAR83_0021
TORONTO_EAR83_STU00032,TORONTO_EAR83_0039
TORONTO_EAR83_STU00032,TORONTO_EAR83_0062
TORONTO_EAR83_STU00032,TORONTO_EAR83_0084
TORONTO_EAR83_STU00032,TORONTO_EAR83_0118
TORONTO_EAR83_STU00032,TORONTO_EAR83_0137
TORONTO_EAR83_STU00033,TORONTO_EAR83_0009
TORONTO_EAR83_STU00033,TORONTO_EAR83_0022
TORONTO_EAR83_STU00033,TORONTO_EAR83_0040
TORONTO_EAR83_STU00033,TORONTO_EAR83_0062
TORONTO_EAR83_STU00033,TORONTO_EAR83_0085
TORONTO_EAR83_STU00033,TORONTO_EAR83_0097
TORONTO_EAR83_STU00033,TORONTO_EAR83_0138
TORONTO_EAR83_STU00033,TORONTO_EAR83_0180
TORONTO_EAR83_STU00034,TORONTO_EAR83_0020
TORONTO_EAR83_STU00034,TORONTO_EAR83_0039
TORONTO_EAR83_STU00034,TORONTO_EAR83_0062
TORONTO_EAR83_STU00034,TORONTO_EAR83_0084
TORONTO_EAR83_STU00034,TORONTO_EAR83_0101
TORONTO_EAR83_STU00034,TORONTO_EAR83_0137
TORONTO_EAR83_STU00034,TORONTO_EAR83_0160
TORONTO_EAR83_STU00034,TORONTO_EAR83_0183
TORONTO_EAR83_STU00035,TORONTO_EAR83_0022
TORONTO_EAR83_STU00035,TORONTO_EAR83_0040
TORONTO_EAR83_STU00035,TORONTO_EAR83_0062
TORONTO_EAR83_STU00035,TORONTO_EAR83_0085
TORONTO_EAR83_STU00035,TORONTO_EAR83_0101
TORONTO_EAR83_STU00035,TORONTO_EAR83_0138
TORONTO_EAR83_STU00035,TORONTO_EAR83_0160
TORONTO_EAR83_STU00035,TORONTO_EAR83_0183
TORONTO_EAR83_STU00036,TORONTO_EAR83_0009
TORONTO_EAR83_STU00036,TORONTO_EAR83_0022
TORONTO_EAR83_STU00036,TORONTO_EAR83_0040
TORONTO_EAR83_STU00036,TORONTO_EAR83_0062
TORONTO_EAR83_STU00036,TORONTO_EAR83_0072
TORONTO_EAR83_STU00036,TORONTO_EAR83_0085
TORONTO_EAR83_STU00036,TORONTO_EAR83_0116
TORONTO_EAR83_STU00036,TORONTO_EAR83_0138
TORONTO_EAR83_STU00037,TORONTO_EAR83_0018
TORONTO_EAR83_STU00037,TORONTO_EAR83_0037
TORONTO_EAR83_STU00037,TORONTO_EAR83_0061
TORONTO_EAR83_STU00037,TORONTO_EAR83_0080
TORONTO_EAR83_STU00037,TORONTO_EAR83_0101
TORONTO_EAR83_STU00037,TORONTO_EAR83_0108
TORONTO_EAR83_STU00037,TORONTO_EAR83_0135
TORONTO_EAR83_STU00037,TORONTO_EAR83_0160
TORONTO_EAR83_STU00037,TORONTO_EAR83_0183
TORONTO_EAR83_STU00038,TORONTO_EAR83_0020
TORONTO_EAR83_STU00038,TORONTO_EAR83_0039
TORONTO_EAR83_STU00038,TORONTO_EAR83_0062
TORONTO_EAR83_STU00038,TORONTO_EAR83_0084
TORONTO_EAR83_STU00038,TORONTO_EAR83_0101
TORONTO_EAR83_STU00038,TORONTO_EAR83_0108
TORONTO_EAR83_STU00038,TORONTO_EAR83_0137
TORONTO_EAR83_STU00038,TORONTO_EAR83_0160
TORONTO_EAR83_STU00038,TORONTO_EAR83_0183
TORONTO_EAR83_STU00039,TORONTO_EAR83_0020
TORONTO_EAR83_STU00039,TORONTO_EAR83_0039
TORONTO_EAR83_STU00039,TORONTO_EAR83_0062
TORONTO_EAR83_STU00039,TORONTO_EAR83_0083
TORONTO_EAR83_STU00039,TORONTO_EAR83_0101
TORONTO_EAR83_STU00039,TORONTO_EAR83_0108
TORONTO_EAR83_STU00039,TORONTO_EAR83_0137
TORONTO_EAR83_STU00039,TORONTO_EAR83_0160
TORONTO_EAR83_STU00039,TORONTO_EAR83_0183
TORONTO_EAR83_STU00040,TORONTO_EAR83_0009
TORONTO_EAR83_STU00040,TORONTO_EAR83_0022
TORONTO_EAR83_STU00040,TORONTO_EAR83_0040
TORONTO_EAR83_STU00040,TORONTO_EAR83_0062
TORONTO_EAR83_STU00040,TORONTO_EAR83_0085
TORONTO_EAR83_STU00040,TORONTO_EAR83_0093
TORONTO_EAR83_STU00040,TORONTO_EAR83_0138
TORONTO_EAR83_STU00041,TORONTO_EAR83_0009
TORONTO_EAR83_STU00041,TORONTO_EAR83_0022
TORONTO_EAR83_STU00041,TORONTO_EAR83_0040
TORONTO_EAR83_STU00041,TORONTO_EAR83_0062
TORONTO_EAR83_STU00041,TORONTO_EAR83_0085
TORONTO_EAR83_STU00041,TORONTO_EAR83_0117
TORONTO_EAR83_STU00041,TORONTO_EAR83_0138
TORONTO_EAR83_STU00041,TORONTO_EAR83_0180
TORONTO_EAR83_STU00042,TORONTO_EAR83_0020
TORONTO_EAR83_STU00042,TORONTO_EAR83_0039
TORONTO_EAR83_STU00042,TORONTO_EAR83_0062
TORONTO_EAR83_STU00042,TORONTO_EAR83_0084
TORONTO_EAR83_STU00042,TORONTO_EAR83_0101
TORONTO_EAR83_STU00042,TORONTO_EAR83_0108
TORONTO_EAR83_STU00042,TORONTO_EAR83_0137
TORONTO_EAR83_STU00042,TORONTO_EAR83_0160
TORONTO_EAR83_STU00042,TORONTO_EAR83_0183
TORONTO_EAR83_STU00043,TORONTO_EAR83_0018
TORONTO_EAR83_STU00043,TORONTO_EAR83_0037
TORONTO_EAR83_STU00043,TORONTO_EAR83_0061
TORONTO_EAR83_STU00043,TORONTO_EAR83_0080
TORONTO_EAR83_STU00043,TORONTO_EAR83_0101
TORONTO_EAR83_STU00043,TORONTO_EAR83_0134
TORONTO_EAR83_STU00043,TORONTO_EAR83_0159
TORONTO_EAR83_STU00043,TORONTO_EAR83_0184
TORONTO_EAR83_STU00044,TORONTO_EAR83_0009
TORONTO_EAR83_STU00044,TORONTO_EAR83_0022
TORONTO_EAR83_STU00044,TORONTO_EAR83_0040
TORONTO_EAR83_STU00044,TORONTO_EAR83_0062
TORONTO_EAR83_STU00044,TORONTO_EAR83_0085
TORONTO_EAR83_STU00044,TORONTO_EAR83_0093
TORONTO_EAR83_STU00044,TORONTO_EAR83_0117
TORONTO_EAR83_STU00044,TORONTO_EAR83_0138
TORONTO_EAR83_STU00045,TORONTO_EAR83_0020
TORONTO_EAR83_STU00045,TORONTO_EAR83_0039
TORONTO_EAR83_STU00045,TORONTO_EAR83_0062
TORONTO_EAR83_STU00045,TORONTO_EAR83_0085
TORONTO_EAR83_STU00045,TORONTO_EAR83_0092
TORONTO_EAR83_STU00045,TORONTO_EAR83_0117
TORONTO_EAR83_STU00045,TORONTO_EAR83_0137
TORONTO_EAR83_STU00045,TORONTO_EAR83_0151
TORONTO_EAR83_STU00046,TORONTO_EAR83_0018
TORONTO_EAR83_STU00046,TORONTO_EAR83_0037
TORONTO_EAR83_STU00046,TORONTO_EAR83_0061
TORONTO_EAR83_STU00046,TORONTO_EAR83_0080
TORONTO_EAR83_STU00046,TORONTO_EAR83_0101
TORONTO_EAR83_STU00046,TORONTO_EAR83_0108
TORONTO_EAR83_STU00046,TORONTO_EAR83_0135
TORONTO_EAR83_STU00046,TORONTO_EAR83_0159
TORONTO_EAR83_STU00046,TORONTO_EAR83_0184
TORONTO_EAR83_STU00047,TORONTO_EAR83_0009
TORONTO_EAR83_STU00047,TORONTO_EAR83_0020
TORONTO_EAR83_STU00047,TORONTO_EAR83_0050
TORONTO_EAR83_STU00047,TORONTO_EAR83_0081
TORONTO_EAR83_STU00047,TORONTO_EAR83_0117
TORONTO_EAR83_STU00047,TORONTO_EAR83_0136
TORONTO_EAR83_STU00047,TORONTO_EAR83_0161
TORONTO_EAR83_STU00047,TORONTO_EAR83_0168
TORONTO_EAR83_STU00048,TORONTO_EAR83_0009
TORONTO_EAR83_STU00048,TORONTO_EAR83_0022
TORONTO_EAR83_STU00048,TORONTO_EAR83_0040
TORONTO_EAR83_STU00048,TORONTO_EAR83_0062
TORONTO_EAR83_STU00048,TORONTO_EAR83_0085
TORONTO_EAR83_STU00048,TORONTO_EAR83_0093
TORONTO_EAR83_STU00048,TORONTO_EAR83_0138
TORONTO_EAR83_STU00048,TORONTO_EAR83_0182
TORONTO_EAR83_STU00049,TORONTO_EAR83_0020
TORONTO_EAR83_STU00049,TORONTO_EAR83_0039
TORONTO_EAR83_STU00049,TORONTO_EAR83_0062
TORONTO_EAR83_STU00049,TORONTO_EAR83_0084
TORONTO_EAR83_STU00049,TORONTO_EAR83_0101
TORONTO_EAR83_STU00049,TORONTO_EAR83_0108
TORONTO_EAR83_STU00049,TORONTO_EAR83_0137
TORONTO_EAR83_STU00049,TORONTO_EAR83_0160
TORONTO_EAR83_STU00049,TORONTO_EAR83_0183
TORONTO_EAR83_STU00050,TORONTO_EAR83_0009
TORONTO_EAR83_STU00050,TORONTO_EAR83_0011
TORONTO_EAR83_STU00050,TORONTO_EAR83_0022
TORONTO_EAR83_STU00050,TORONTO_EAR83_0040
TORONTO_EAR83_STU00050,TORONTO_EAR83_0062
TORONTO_EAR83_STU00050,TORONTO_EAR83_0085
TORONTO_EAR83_STU00050,TORONTO_EAR83_0116
TORONTO_EAR83_STU00050,TORONTO_EAR83_0138
TORONTO_EAR83_STU00051,TORONTO_EAR83_0009
TORONTO_EAR83_STU00051,TORONTO_EAR83_0022
TORONTO_EAR83_STU00051,TORONTO_EAR83_0039
TORONTO_EAR83_STU00051,TORONTO_EAR83_0054
TORONTO_EAR83_STU00051,TORONTO_EAR83_0062
TORONTO_EAR83_STU00051,TORONTO_EAR83_0085
TORONTO_EAR83_STU00051,TORONTO_EAR83_0097
TORONTO_EAR83_STU00051,TORONTO_EAR83_0117
TORONTO_EAR83_STU00051,TORONTO_EAR83_0138
TORONTO_EAR83_STU00052,TORONTO_EAR83_0009
TORONTO_EAR83_STU00052,TORONTO_EAR83_0022
TORONTO_EAR83_STU00052,TORONTO_EAR83_0054
TORONTO_EAR83_STU00052,TORONTO_EAR83_0062
TORONTO_EAR83_STU00052,TORONTO_EAR83_0085
TORONTO_EAR83_STU00052,TORONTO_EAR83_0093
TORONTO_EAR83_STU00052,TORONTO_EAR83_0138
TORONTO_EAR83_STU00052,TORONTO_EAR83_0157
TORONTO_EAR83_STU00052,TORONTO_EAR83_0159
TORONTO_EAR83_STU00053,TORONTO_EAR83_0020
TORONTO_EAR83_STU00053,TORONTO_EAR83_0039
TORONTO_EAR83_STU00053,TORONTO_EAR83_0062
TORONTO_EAR83_STU00053,TORONTO_EAR83_0084
TORONTO_EAR83_STU00053,TORONTO_EAR83_0101
TORONTO_EAR83_STU00053,TORONTO_EAR83_0108
TORONTO_EAR83_STU00053,TORONTO_EAR83_0137
TORONTO_EAR83_STU00053,TORONTO_EAR83_0160
TORONTO_EAR83_STU00053,TORONTO_EAR83_0183
TORONTO_EAR83_STU00054,TORONTO_EAR83_0009
TORONTO_EAR83_STU00054,TORONTO_EAR83_0022
TORONTO_EAR83_STU00054,TORONTO_EAR83_0040
TORONTO_EAR83_STU00054,TORONTO_EAR83_0062
TORONTO_EAR83_STU00054,TORONTO_EAR83_0085
TORONTO_EAR83_STU00054,TORONTO_EAR83_0092
TORONTO_EAR83_STU00054,TORONTO_EAR83_0138
TORONTO_EAR83_STU00054,TORONTO_EAR83_0157
TORONTO_EAR83_STU00055,TORONTO_EAR83_0009
TORONTO_EAR83_STU00055,TORONTO_EAR83_0011
TORONTO_EAR83_STU00055,TORONTO_EAR83_0022
TORONTO_EAR83_STU00055,TORONTO_EAR83_0040
TORONTO_EAR83_STU00055,TORONTO_EAR83_0062
TORONTO_EAR83_STU00055,TORONTO_EAR83_0085
TORONTO_EAR83_STU00055,TORONTO_EAR83_0116
TORONTO_EAR83_STU00055,TORONTO_EAR83_0138
TORONTO_EAR83_STU00056,TORONTO_EAR83_0009
TORONTO_EAR83_STU00056,TORONTO_EAR83_0015
TORONTO_EAR83_STU00056,TORONTO_EAR83_0022
TORONTO_EAR83_STU00056,TORONTO_EAR83_0054
TORONTO_EAR83_STU00056,TORONTO_EAR83_0062
TORONTO_EAR83_STU00056,TORONTO_EAR83_0085
TORONTO_EAR83_STU00056,TORONTO_EAR83_0116
TORONTO_EAR83_STU00056,TORONTO_EAR83_0138
TORONTO_EAR83_STU00057,TORONTO_EAR83_0009
TORONTO_EAR83_STU00057,TORONTO_EAR83_0022
TORONTO_EAR83_STU00057,TORONTO_EAR83_0054
TORONTO_EAR83_STU00057,TORONTO_EAR83_0062
TORONTO_EAR83_STU00057,TORONTO_EAR83_0085
TORONTO_EAR83_STU00057,TORONTO_EAR83_0117
TORONTO_EAR83_STU00057,TORONTO_EAR83_0138
TORONTO_EAR83_STU00057,TORONTO_EAR83_0180
TORONTO_EAR83_STU00058,TORONTO_EAR83_0009
TORONTO_EAR83_STU00058,TORONTO_EAR83_0022
TORONTO_EAR83_STU00058,TORONTO_EAR83_0040
TORONTO_EAR83_STU00058,TORONTO_EAR83_0062
TORONTO_EAR83_STU00058,TORONTO_EAR83_0085
TORONTO_EAR83_STU00058,TORONTO_EAR83_0097
TORONTO_EAR83_STU00058,TORONTO_EAR83_0117
TORONTO_EAR83_STU00058,TORONTO_EAR83_0138
TORONTO_EAR83_STU00059,TORONTO_EAR83_0005
TORONTO_EAR83_STU00059,TORONTO_EAR83_0009
TORONTO_EAR83_STU00059,TORONTO_EAR83_0022
TORONTO_EAR83_STU00059,TORONTO_EAR83_0040
TORONTO_EAR83_STU00059,TORONTO_EAR83_0062
TORONTO_EAR83_STU00059,TORONTO_EAR83_0085
TORONTO_EAR83_STU00059,TORONTO_EAR83_0117
TORONTO_EAR83_STU00059,TORONTO_EAR83_0138
TORONTO_EAR83_STU00060,TORONTO_EAR83_0009
TORONTO_EAR83_STU00060,TORONTO_EAR83_0011
TORONTO_EAR83_STU00060,TORONTO_EAR83_0022
TORONTO_EAR83_STU00060,TORONTO_EAR83_0040
TORONTO_EAR83_STU00060,TORONTO_EAR83_0062
TORONTO_EAR83_STU00060,TORONTO_EAR83_0085
TORONTO_EAR83_STU00060,TORONTO_EAR83_0138
TORONTO_EAR83_STU00060,TORONTO_EAR83_0147
TORONTO_EAR83_STU00061,TORONTO_EAR83_0020
TORONTO_EAR83_STU00061,TORONTO_EAR83_0039
TORONTO_EAR83_STU00061,TORONTO_EAR83_0082
TORONTO_EAR83_STU00061,TORONTO_EAR83_0101
TORONTO_EAR83_STU00061,TORONTO_EAR83_0108
TORONTO_EAR83_STU00061,TORONTO_EAR83_0137
TORONTO_EAR83_STU00061,TORONTO_EAR83_0160
TORONTO_EAR83_STU00061,TORONTO_EAR83_0183
TORONTO_EAR83_STU00062,TORONTO_EAR83_0020
TORONTO_EAR83_STU00062,TORONTO_EAR83_0031
TORONTO_EAR83_STU00062,TORONTO_EAR83_0052
TORONTO_EAR83_STU00062,TORONTO_EAR83_0082
TORONTO_EAR83_STU00062,TORONTO_EAR83_0101
TORONTO_EAR83_STU00062,TORONTO_EAR83_0108
TORONTO_EAR83_STU00062,TORONTO_EAR83_0137
TORONTO_EAR83_STU00062,TORONTO_EAR83_0159
TORONTO_EAR83_STU00062,TORONTO_EAR83_0184
TORONTO_EAR83_STU00063,TORONTO_EAR83_0020
TORONTO_EAR83_STU00063,TORONTO_EAR83_0053
TORONTO_EAR83_STU00063,TORONTO_EAR83_0062
TORONTO_EAR83_STU00063,TORONTO_EAR83_0084
TORONTO_EAR83_STU00063,TORONTO_EAR83_0101
TORONTO_EAR83_STU00063,TORONTO_EAR83_0108
TORONTO_EAR83_STU00063,TORONTO_EAR83_0137
TORONTO_EAR83_STU00063,TORONTO_EAR83_0160
TORONTO_EAR83_STU00063,TORONTO_EAR83_0183
TORONTO_EAR83_STU00064,TORONTO_EAR83_0020
TORONTO_EAR83_STU00064,TORONTO_EAR83_0039
TORONTO_EAR83_STU00064,TORONTO_EAR83_0062
TORONTO_EAR83_STU00064,TORONTO_EAR83_0084
TORONTO_EAR83_STU00064,TORONTO_EAR83_0101
TORONTO_EAR83_STU00064,TORONTO_EAR83_0108
TORONTO_EAR83_STU00064,TORONTO_EAR83_0137
TORONTO_EAR83_STU00064,TORONTO_EAR83_0159
TORONTO_EAR83_STU00064,TORONTO_EAR83_0184
TORONTO_EAR83_STU00065,TORONTO_EAR83_0009
TORONTO_EAR83_STU00065,TORONTO_EAR83_0015
TORONTO_EAR83_STU00065,TORONTO_EAR83_0024
TORONTO_EAR83_STU00065,TORONTO_EAR83_0059
TORONTO_EAR83_STU00065,TORONTO_EAR83_0064
TORONTO_EAR83_STU00065,TORONTO_EAR83_0087
TORONTO_EAR83_STU00065,TORONTO_EAR83_0120
TORONTO_EAR83_STU00065,TORONTO_EAR83_0142
TORONTO_EAR83_STU00066,TORONTO_EAR83_0018
TORONTO_EAR83_STU00066,TORONTO_EAR83_0037
TORONTO_EAR83_STU00066,TORONTO_EAR83_0061
TORONTO_EAR83_STU00066,TORONTO_EAR83_0080
TORONTO_EAR83_STU00066,TORONTO_EAR83_0101
TORONTO_EAR83_STU00066,TORONTO_EAR83_0108
TORONTO_EAR83_STU00066,TORONTO_EAR83_0135
TORONTO_EAR83_STU00066,TORONTO_EAR83_0159
TORONTO_EAR83_STU00066,TORONTO_EAR83_0184
TORONTO_EAR83_STU00067,TORONTO_EAR83_0017
TORONTO_EAR83_STU00067,TORONTO_EAR83_0020
TORONTO_EAR83_STU00067,TORONTO_EAR83_0050
TORONTO_EAR83_STU00067,TORONTO_EAR83_0083
TORONTO_EAR83_STU00067,TORONTO_EAR83_0117
TORONTO_EAR83_STU00067,TORONTO_EAR83_0137
TORONTO_EAR83_STU00067,TORONTO_EAR83_0147
TORONTO_EAR83_STU00067,TORONTO_EAR83_0150
TORONTO_EAR83_STU00067,TORONTO_EAR83_0177
TORONTO_EAR83_STU00068,TORONTO_EAR83_0009
TORONTO_EAR83_STU00068,TORONTO_EAR83_0020
TORONTO_EAR83_STU00068,TORONTO_EAR83_0052
TORONTO_EAR83_STU00068,TORONTO_EAR83_0062
TORONTO_EAR83_STU00068,TORONTO_EAR83_0083
TORONTO_EAR83_STU00068,TORONTO_EAR83_0117
TORONTO_EAR83_STU00068,TORONTO_EAR83_0137
TORONTO_EAR83_STU00068,TORONTO_EAR83_0153
TORONTO_EAR83_STU00069,TORONTO_EAR83_0020
TORONTO_EAR83_STU00069,TORONTO_EAR83_0053
TORONTO_EAR83_STU00069,TORONTO_EAR83_0084
TORONTO_EAR83_STU00069,TORONTO_EAR83_0102
TORONTO_EAR83_STU00069,TORONTO_EAR83_0108
TORONTO_EAR83_STU00069,TORONTO_EAR83_0137
TORONTO_EAR83_STU00069,TORONTO_EAR83_0150
TORONTO_EAR83_STU00069,TORONTO_EAR83_0159
TORONTO_EAR83_STU00069,TORONTO_EAR83_0177
TORONTO_EAR83_STU00069,TORONTO_EAR83_0183
TORONTO_EAR83_STU00070,TORONTO_EAR83_0020
TORONTO_EAR83_STU00070,TORONTO_EAR83_0050
TORONTO_EAR83_STU00070,TORONTO_EAR83_0083
TORONTO_EAR83_STU00070,TORONTO_EAR83_0117
TORONTO_EAR83_STU00070,TORONTO_EAR83_0137
TORONTO_EAR83_STU00070,TORONTO_EAR83_0147
TORONTO_EAR83_STU00070,TORONTO_EAR83_0150
TORONTO_EAR83_STU00070,TORONTO_EAR83_0152
TORONTO_EAR83_STU00070,TORONTO_EAR83_0154
TORONTO_EAR83_STU00070,TORONTO_EAR83_0173
TORONTO_EAR83_STU00071,TORONTO_EAR83_0020
TORONTO_EAR83_STU00071,TORONTO_EAR83_0039
TORONTO_EAR83_STU00071,TORONTO_EAR83_0062
TORONTO_EAR83_STU00071,TORONTO_EAR83_0083
TORONTO_EAR83_STU00071,TORONTO_EAR83_0117
TORONTO_EAR83_STU00071,TORONTO_EAR83_0137
TORONTO_EAR83_STU00071,TORONTO_EAR83_0147
TORONTO_EAR83_STU00071,TORONTO_EAR83_0150
TORONTO_EAR83_STU00071,TORONTO_EAR83_0152
TORONTO_EAR83_STU00072,TORONTO_EAR83_0009
TORONTO_EAR83_STU00072,TORONTO_EAR83_0020
TORONTO_EAR83_STU00072,TORONTO_EAR83_0052
TORONTO_EAR83_STU00072,TORONTO_EAR83_0083
TORONTO_EAR83_STU00072,TORONTO_EAR83_0117
TORONTO_EAR83_STU00072,TORONTO_EAR83_0137
TORONTO_EAR83_STU00072,TORONTO_EAR83_0150
TORONTO_EAR83_STU00072,TORONTO_EAR83_0153
TORONTO_EAR83_STU00072,TORONTO_EAR83_0177
TORONTO_EAR83_STU00073,TORONTO_EAR83_0001
TORONTO_EAR83_STU00073,TORONTO_EAR83_0019
TORONTO_EAR83_STU00073,TORONTO_EAR83_0050
TORONTO_EAR83_STU00073,TORONTO_EAR83_0081
TORONTO_EAR83_STU00073,TORONTO_EAR83_0117
TORONTO_EAR83_STU00073,TORONTO_EAR83_0136
TORONTO_EAR83_STU00073,TORONTO_EAR83_0147
TORONTO_EAR83_STU00073,TORONTO_EAR83_0168
TORONTO_EAR83_STU00074,TORONTO_EAR83_0008
TORONTO_EAR83_STU00074,TORONTO_EAR83_0019
TORONTO_EAR83_STU00074,TORONTO_EAR83_0038
TORONTO_EAR83_STU00074,TORONTO_EAR83_0081
TORONTO_EAR83_STU00074,TORONTO_EAR83_0136
TORONTO_EAR83_STU00074,TORONTO_EAR83_0154
TORONTO_EAR83_STU00074,TORONTO_EAR83_0168
TORONTO_EAR83_STU00074,TORONTO_EAR83_0173
TORONTO_EAR83_STU00075,TORONTO_EAR83_0009
TORONTO_EAR83_STU00075,TORONTO_EAR83_0019
TORONTO_EAR83_STU00075,TORONTO_EAR83_0046
TORONTO_EAR83_STU00075,TORONTO_EAR83_0072
TORONTO_EAR83_STU00075,TORONTO_EAR83_0083
TORONTO_EAR83_STU00075,TORONTO_EAR83_0117
TORONTO_EAR83_STU00075,TORONTO_EAR83_0144
TORONTO_EAR83_STU00075,TORONTO_EAR83_0152
TORONTO_EAR83_STU00075,TORONTO_EAR83_0154
TORONTO_EAR83_STU00075,TORONTO_EAR83_0177
TORONTO_EAR83_STU00076,TORONTO_EAR83_0020
TORONTO_EAR83_STU00076,TORONTO_EAR83_0038
TORONTO_EAR83_STU00076,TORONTO_EAR83_0083
TORONTO_EAR83_STU00076,TORONTO_EAR83_0137
TORONTO_EAR83_STU00076,TORONTO_EAR83_0151
TORONTO_EAR83_STU00076,TORONTO_EAR83_0153
TORONTO_EAR83_STU00076,TORONTO_EAR83_0168
TORONTO_EAR83_STU00076,TORONTO_EAR83_0176
TORONTO_EAR83_STU00077,TORONTO_EAR83_0019
TORONTO_EAR83_STU00077,TORONTO_EAR83_0031
TORONTO_EAR83_STU00077,TORONTO_EAR83_0046
TORONTO_EAR83_STU00077,TORONTO_EAR83_0081
TORONTO_EAR83_STU00077,TORONTO_EAR83_0116
TORONTO_EAR83_STU00077,TORONTO_EAR83_0136
TORONTO_EAR83_STU00077,TORONTO_EAR83_0144
TORONTO_EAR83_STU00077,TORONTO_EAR83_0154
TORONTO_EAR83_STU00077,TORONTO_EAR83_0168
TORONTO_EAR83_STU00078,TORONTO_EAR83_0009
TORONTO_EAR83_STU00078,TORONTO_EAR83_0020
TORONTO_EAR83_STU00078,TORONTO_EAR83_0052
TORONTO_EAR83_STU00078,TORONTO_EAR83_0062
TORONTO_EAR83_STU00078,TORONTO_EAR83_0083
TORONTO_EAR83_STU00078,TORONTO_EAR83_0117
TORONTO_EAR83_STU00078,TORONTO_EAR83_0137
TORONTO_EAR83_STU00078,TORONTO_EAR83_0152
TORONTO_EAR83_STU00078,TORONTO_EAR83_0177
TORONTO_EAR83_STU00079,TORONTO_EAR83_0009
TORONTO_EAR83_STU00079,TORONTO_EAR83_0015
TORONTO_EAR83_STU00079,TORONTO_EAR83_0020
TORONTO_EAR83_STU00079,TORONTO_EAR83_0052
TORONTO_EAR83_STU00079,TORONTO_EAR83_0062
TORONTO_EAR83_STU00079,TORONTO_EAR83_0083
TORONTO_EAR83_STU00079,TORONTO_EAR83_0116
TORONTO_EAR83_STU00079,TORONTO_EAR83_0137
TORONTO_EAR83_STU00080,TORONTO_EAR83_0020
TORONTO_EAR83_STU00080,TORONTO_EAR83_0052
TORONTO_EAR83_STU00080,TORONTO_EAR83_0062
TORONTO_EAR83_STU00080,TORONTO_EAR83_0083
TORONTO_EAR83_STU00080,TORONTO_EAR83_0117
TORONTO_EAR83_STU00080,TORONTO_EAR83_0137
TORONTO_EAR83_STU00080,TORONTO_EAR83_0151
TORONTO_EAR83_STU00080,TORONTO_EAR83_0176
TORONTO_EAR83_STU00081,TORONTO_EAR83_0020
TORONTO_EAR83_STU00081,TORONTO_EAR83_0039
TORONTO_EAR83_STU00081,TORONTO_EAR83_0062
TORONTO_EAR83_STU00081,TORONTO_EAR83_0084
TORONTO_EAR83_STU00081,TORONTO_EAR83_0101
TORONTO_EAR83_STU00081,TORONTO_EAR83_0116
TORONTO_EAR83_STU00081,TORONTO_EAR83_0137
TORONTO_EAR83_STU00081,TORONTO_EAR83_0159
TORONTO_EAR83_STU00081,TORONTO_EAR83_0183
TORONTO_EAR83_STU00082,TORONTO_EAR83_0009
TORONTO_EAR83_STU00082,TORONTO_EAR83_0020
TORONTO_EAR83_STU00082,TORONTO_EAR83_0039
TORONTO_EAR83_STU00082,TORONTO_EAR83_0062
TORONTO_EAR83_STU00082,TORONTO_EAR83_0085
TORONTO_EAR83_STU00082,TORONTO_EAR83_0117
TORONTO_EAR83_STU00082,TORONTO_EAR83_0138
TORONTO_EAR83_STU00082,TORONTO_EAR83_0153
TORONTO_EAR83_STU00083,TORONTO_EAR83_0009
TORONTO_EAR83_STU00083,TORONTO_EAR83_0022
TORONTO_EAR83_STU00083,TORONTO_EAR83_0040
TORONTO_EAR83_STU00083,TORONTO_EAR83_0062
TORONTO_EAR83_STU00083,TORONTO_EAR83_0085
TORONTO_EAR83_STU00083,TORONTO_EAR83_0116
TORONTO_EAR83_STU00083,TORONTO_EAR83_0138
TORONTO_EAR83_STU00083,TORONTO_EAR83_0159
TORONTO_EAR83_STU00084,TORONTO_EAR83_0020
TORONTO_EAR83_STU00084,TORONTO_EAR83_0039
TORONTO_EAR83_STU00084,TORONTO_EAR83_0062
TORONTO_EAR83_STU00084,TORONTO_EAR83_0084
TORONTO_EAR83_STU00084,TORONTO_EAR83_0102
TORONTO_EAR83_STU00084,TORONTO_EAR83_0108
TORONTO_EAR83_STU00084,TORONTO_EAR83_0137
TORONTO_EAR83_STU00084,TORONTO_EAR83_0159
TORONTO_EAR83_STU00084,TORONTO_EAR83_0183
TORONTO_EAR83_STU00085,TORONTO_EAR83_0009
TORONTO_EAR83_STU00085,TORONTO_EAR83_0022
TORONTO_EAR83_STU00085,TORONTO_EAR83_0040
TORONTO_EAR83_STU00085,TORONTO_EAR83_0085
TORONTO_EAR83_STU00085,TORONTO_EAR83_0117
TORONTO_EAR83_STU00085,TORONTO_EAR83_0138
TORONTO_EAR83_STU00085,TORONTO_EAR83_0180
TORONTO_EAR83_STU00086,TORONTO_EAR83_0009
TORONTO_EAR83_STU00086,TORONTO_EAR83_0020
TORONTO_EAR83_STU00086,TORONTO_EAR83_0039
TORONTO_EAR83_STU00086,TORONTO_EAR83_0062
TORONTO_EAR83_STU00086,TORONTO_EAR83_0085
TORONTO_EAR83_STU00086,TORONTO_EAR83_0117
TORONTO_EAR83_STU00086,TORONTO_EAR83_0137
TORONTO_EAR83_STU00086,TORONTO_EAR83_0152
TORONTO_EAR83_STU00086,TORONTO_EAR83_0177
TORONTO_EAR83_STU00087,TORONTO_EAR83_0007
TORONTO_EAR83_STU00087,TORONTO_EAR83_0021
TORONTO_EAR83_STU00087,TORONTO_EAR83_0039
TORONTO_EAR83_STU00087,TORONTO_EAR83_0062
TORONTO_EAR83_STU00087,TORONTO_EAR83_0072
TORONTO_EAR83_STU00087,TORONTO_EAR83_0084
TORONTO_EAR83_STU00087,TORONTO_EAR83_0118
TORONTO_EAR83_STU00087,TORONTO_EAR83_0137
TORONTO_EAR83_STU00088,TORONTO_EAR83_0009
TORONTO_EAR83_STU00088,TORONTO_EAR83_0022
TORONTO_EAR83_STU00088,TORONTO_EAR83_0040
TORONTO_EAR83_STU00088,TORONTO_EAR83_0062
TORONTO_EAR83_STU00088,TORONTO_EAR83_0085
TORONTO_EAR83_STU00088,TORONTO_EAR83_0116
TORONTO_EAR83_STU00088,TORONTO_EAR83_0138
TORONTO_EAR83_STU00088,TORONTO_EAR83_0153
TORONTO_EAR83_STU00089,TORONTO_EAR83_0008
TORONTO_EAR83_STU00089,TORONTO_EAR83_0020
TORONTO_EAR83_STU00089,TORONTO_EAR83_0053
TORONTO_EAR83_STU00089,TORONTO_EAR83_0082
TORONTO_EAR83_STU00089,TORONTO_EAR83_0101
TORONTO_EAR83_STU00089,TORONTO_EAR83_0109
TORONTO_EAR83_STU00089,TORONTO_EAR83_0136
TORONTO_EAR83_STU00089,TORONTO_EAR83_0159
TORONTO_EAR83_STU00089,TORONTO_EAR83_0183
TORONTO_EAR83_STU00090,TORONTO_EAR83_0020
TORONTO_EAR83_STU00090,TORONTO_EAR83_0039
TORONTO_EAR83_STU00090,TORONTO_EAR83_0062
TORONTO_EAR83_STU00090,TORONTO_EAR83_0084
TORONTO_EAR83_STU00090,TORONTO_EAR83_0101
TORONTO_EAR83_STU00090,TORONTO_EAR83_0108
TORONTO_EAR83_STU00090,TORONTO_EAR83_0137
TORONTO_EAR83_STU00090,TORONTO_EAR83_0159
TORONTO_EAR83_STU00090,TORONTO_EAR83_0184
TORONTO_EAR83_STU00091,TORONTO_EAR83_0020
TORONTO_EAR83_STU00091,TORONTO_EAR83_0039
TORONTO_EAR83_STU00091,TORONTO_EAR83_0062
TORONTO_EAR83_STU00091,TORONTO_EAR83_0084
TORONTO_EAR83_STU00091,TORONTO_EAR83_0101
TORONTO_EAR83_STU00091,TORONTO_EAR83_0108
TORONTO_EAR83_STU00091,TORONTO_EAR83_0137
TORONTO_EAR83_STU00091,TORONTO_EAR83_0160
TORONTO_EAR83_STU00091,TORONTO_EAR83_0183
TORONTO_EAR83_STU00092,TORONTO_EAR83_0020
TORONTO_EAR83_STU00092,TORONTO_EAR83_0039
TORONTO_EAR83_STU00092,TORONTO_EAR83_0062
TORONTO_EAR83_STU00092,TORONTO_EAR83_0084
TORONTO_EAR83_STU00092,TORONTO_EAR83_0101
TORONTO_EAR83_STU00092,TORONTO_EAR83_0108
TORONTO_EAR83_STU00092,TORONTO_EAR83_0137
TORONTO_EAR83_STU00092,TORONTO_EAR83_0160
TORONTO_EAR83_STU00092,TORONTO_EAR83_0183
TORONTO_EAR83_STU00093,TORONTO_EAR83_0019
TORONTO_EAR83_STU00093,TORONTO_EAR83_0039
TORONTO_EAR83_STU00093,TORONTO_EAR83_0062
TORONTO_EAR83_STU00093,TORONTO_EAR83_0072
TORONTO_EAR83_STU00093,TORONTO_EAR83_0081
TORONTO_EAR83_STU00093,TORONTO_EAR83_0092
TORONTO_EAR83_STU00093,TORONTO_EAR83_0117
TORONTO_EAR83_STU00093,TORONTO_EAR83_0147
TORONTO_EAR83_STU00094,TORONTO_EAR83_0009
TORONTO_EAR83_STU00094,TORONTO_EAR83_0022
TORONTO_EAR83_STU00094,TORONTO_EAR83_0040
TORONTO_EAR83_STU00094,TORONTO_EAR83_0062
TORONTO_EAR83_STU00094,TORONTO_EAR83_0072
TORONTO_EAR83_STU00094,TORONTO_EAR83_0085
TORONTO_EAR83_STU00094,TORONTO_EAR83_0138
TORONTO_EAR83_STU00095,TORONTO_EAR83_0018
TORONTO_EAR83_STU00095,TORONTO_EAR83_0037
TORONTO_EAR83_STU00095,TORONTO_EAR83_0061
TORONTO_EAR83_STU00095,TORONTO_EAR83_0080
TORONTO_EAR83_STU00095,TORONTO_EAR83_0101
TORONTO_EAR83_STU00095,TORONTO_EAR83_0114
TORONTO_EAR83_STU00095,TORONTO_EAR83_0135
TORONTO_EAR83_STU00095,TORONTO_EAR83_0159
TORONTO_EAR83_STU00096,TORONTO_EAR83_0020
TORONTO_EAR83_STU00096,TORONTO_EAR83_0039
TORONTO_EAR83_STU00096,TORONTO_EAR83_0062
TORONTO_EAR83_STU00096,TORONTO_EAR83_0084
TORONTO_EAR83_STU00096,TORONTO_EAR83_0101
TORONTO_EAR83_STU00096,TORONTO_EAR83_0109
TORONTO_EAR83_STU00096,TORONTO_EAR83_0137
TORONTO_EAR83_STU00096,TORONTO_EAR83_0159
TORONTO_EAR83_STU00096,TORONTO_EAR83_0183
TORONTO_EAR83_STU00097,TORONTO_EAR83_0019
TORONTO_EAR83_STU00097,TORONTO_EAR83_0038
TORONTO_EAR83_STU00097,TORONTO_EAR83_0082
TORONTO_EAR83_STU00097,TORONTO_EAR83_0101
TORONTO_EAR83_STU00097,TORONTO_EAR83_0109
TORONTO_EAR83_STU00097,TORONTO_EAR83_0116
TORONTO_EAR83_STU00097,TORONTO_EAR83_0136
TORONTO_EAR83_STU00097,TORONTO_EAR83_0159
TORONTO_EAR83_STU00097,TORONTO_EAR83_0183
TORONTO_EAR83_STU00098,TORONTO_EAR83_0020
TORONTO_EAR83_STU00098,TORONTO_EAR83_0053
TORONTO_EAR83_STU00098,TORONTO_EAR83_0062
TORONTO_EAR83_STU00098,TORONTO_EAR83_0084
TORONTO_EAR83_STU00098,TORONTO_EAR83_0101
TORONTO_EAR83_STU00098,TORONTO_EAR83_0109
TORONTO_EAR83_STU00098,TORONTO_EAR83_0137
TORONTO_EAR83_STU00098,TORONTO_EAR83_0159
TORONTO_EAR83_STU00098,TORONTO_EAR83_0183
TORONTO_EAR83_STU00099,TORONTO_EAR83_0020
TORONTO_EAR83_STU00099,TORONTO_EAR83_0053
TORONTO_EAR83_STU00099,TORONTO_EAR83_0062
TORONTO_EAR83_STU00099,TORONTO_EAR83_0084
TORONTO_EAR83_STU00099,TORONTO_EAR83_0102
TORONTO_EAR83_STU00099,TORONTO_EAR83_0108
TORONTO_EAR83_STU00099,TORONTO_EAR83_0137
TORONTO_EAR83_STU00099,TORONTO_EAR83_0159
TORONTO_EAR83_STU00099,TORONTO_EAR83_0183
TORONTO_EAR83_STU00100,TORONTO_EAR83_0020
TORONTO_EAR83_STU00100,TORONTO_EAR83_0039
TORONTO_EAR83_STU00100,TORONTO_EAR83_0062
TORONTO_EAR83_STU00100,TORONTO_EAR83_0084
TORONTO_EAR83_STU00100,TORONTO_EAR83_0102
TORONTO_EAR83_STU00100,TORONTO_EAR83_0108
TORONTO_EAR83_STU00100,TORONTO_EAR83_0137
TORONTO_EAR83_STU00100,TORONTO_EAR83_0159
TORONTO_EAR83_STU00100,TORONTO_EAR83_0183
TORONTO_EAR83_STU00101,TORONTO_EAR83_0020
TORONTO_EAR83_STU00101,TORONTO_EAR83_0039
TORONTO_EAR83_STU00101,TORONTO_EAR83_0062
TORONTO_EAR83_STU00101,TORONTO_EAR83_0084
TORONTO_EAR83_STU00101,TORONTO_EAR83_0101
TORONTO_EAR83_STU00101,TORONTO_EAR83_0137
TORONTO_EAR83_STU00101,TORONTO_EAR83_0159
TORONTO_EAR83_STU00101,TORONTO_EAR83_0183
TORONTO_EAR83_STU00102,TORONTO_EAR83_0015
TORONTO_EAR83_STU00102,TORONTO_EAR83_0020
TORONTO_EAR83_STU00102,TORONTO_EAR83_0039
TORONTO_EAR83_STU00102,TORONTO_EAR83_0084
TORONTO_EAR83_STU00102,TORONTO_EAR83_0101
TORONTO_EAR83_STU00102,TORONTO_EAR83_0137
TORONTO_EAR83_STU00102,TORONTO_EAR83_0159
TORONTO_EAR83_STU00102,TORONTO_EAR83_0183
TORONTO_EAR83_STU00103,TORONTO_EAR83_0020
TORONTO_EAR83_STU00103,TORONTO_EAR83_0053
TORONTO_EAR83_STU00103,TORONTO_EAR83_0062
TORONTO_EAR83_STU00103,TORONTO_EAR83_0084
TORONTO_EAR83_STU00103,TORONTO_EAR83_0101
TORONTO_EAR83_STU00103,TORONTO_EAR83_0137
TORONTO_EAR83_STU00103,TORONTO_EAR83_0159
TORONTO_EAR83_STU00103,TORONTO_EAR83_0183
TORONTO_EAR83_STU00104,TORONTO_EAR83_0020
TORONTO_EAR83_STU00104,TORONTO_EAR83_0039
TORONTO_EAR83_STU00104,TORONTO_EAR83_0062
TORONTO_EAR83_STU00104,TORONTO_EAR83_0084
TORONTO_EAR83_STU00104,TORONTO_EAR83_0101
TORONTO_EAR83_STU00104,TORONTO_EAR83_0109
TORONTO_EAR83_STU00104,TORONTO_EAR83_0137
TORONTO_EAR83_STU00104,TORONTO_EAR83_0159
TORONTO_EAR83_STU00104,TORONTO_EAR83_0183
TORONTO_EAR83_STU00105,TORONTO_EAR83_0020
TORONTO_EAR83_STU00105,TORONTO_EAR83_0039
TORONTO_EAR83_STU00105,TORONTO_EAR83_0062
TORONTO_EAR83_STU00105,TORONTO_EAR83_0084
TORONTO_EAR83_STU00105,TORONTO_EAR83_0101
TORONTO_EAR83_STU00105,TORONTO_EAR83_0109
TORONTO_EAR83_STU00105,TORONTO_EAR83_0137
TORONTO_EAR83_STU00105,TORONTO_EAR83_0159
TORONTO_EAR83_STU00105,TORONTO_EAR83_0183
TORONTO_EAR83_STU00106,TORONTO_EAR83_0003
TORONTO_EAR83_STU00106,TORONTO_EAR83_0009
TORONTO_EAR83_STU00106,TORONTO_EAR83_0020
TORONTO_EAR83_STU00106,TORONTO_EAR83_0039
TORONTO_EAR83_STU00106,TORONTO_EAR83_0062
TORONTO_EAR83_STU00106,TORONTO_EAR83_0083
TORONTO_EAR83_STU00106,TORONTO_EAR83_0093
TORONTO_EAR83_STU00106,TORONTO_EAR83_0137
TORONTO_EAR83_STU00107,TORONTO_EAR83_0020
TORONTO_EAR83_STU00107,TORONTO_EAR83_0039
TORONTO_EAR83_STU00107,TORONTO_EAR83_0062
TORONTO_EAR83_STU00107,TORONTO_EAR83_0084
TORONTO_EAR83_STU00107,TORONTO_EAR83_0101
TORONTO_EAR83_STU00107,TORONTO_EAR83_0108
TORONTO_EAR83_STU00107,TORONTO_EAR83_0137
TORONTO_EAR83_STU00107,TORONTO_EAR83_0159
TORONTO_EAR83_STU00107,TORONTO_EAR83_0184
TORONTO_EAR83_STU00108,TORONTO_EAR83_0022
TORONTO_EAR83_STU00108,TORONTO_EAR83_0054
TORONTO_EAR83_STU00108,TORONTO_EAR83_0062
TORONTO_EAR83_STU00108,TORONTO_EAR83_0083
TORONTO_EAR83_STU00108,TORONTO_EAR83_0101
TORONTO_EAR83_STU00108,TORONTO_EAR83_0108
TORONTO_EAR83_STU00108,TORONTO_EAR83_0138
TORONTO_EAR83_STU00108,TORONTO_EAR83_0159
TORONTO_EAR83_STU00108,TORONTO_EAR83_0184
TORONTO_EAR83_STU00109,TORONTO_EAR83_0009
TORONTO_EAR83_STU00109,TORONTO_EAR83_0011
TORONTO_EAR83_STU00109,TORONTO_EAR83_0022
TORONTO_EAR83_STU00109,TORONTO_EAR83_0040
TORONTO_EAR83_STU00109,TORONTO_EAR83_0062
TORONTO_EAR83_STU00109,TORONTO_EAR83_0085
TORONTO_EAR83_STU00109,TORONTO_EAR83_0117
TORONTO_EAR83_STU00109,TORONTO_EAR83_0138
TORONTO_EAR83_STU00110,TORONTO_EAR83_0020
TORONTO_EAR83_STU00110,TORONTO_EAR83_0039
TORONTO_EAR83_STU00110,TORONTO_EAR83_0062
TORONTO_EAR83_STU00110,TORONTO_EAR83_0084
TORONTO_EAR83_STU00110,TORONTO_EAR83_0101
TORONTO_EAR83_STU00110,TORONTO_EAR83_0109
TORONTO_EAR83_STU00110,TORONTO_EAR83_0137
TORONTO_EAR83_STU00110,TORONTO_EAR83_0159
TORONTO_EAR83_STU00110,TORONTO_EAR83_0183
TORONTO_EAR83_STU00111,TORONTO_EAR83_0022
TORONTO_EAR83_STU00111,TORONTO_EAR83_0052
TORONTO_EAR83_STU00111,TORONTO_EAR83_0062
TORONTO_EAR83_STU00111,TORONTO_EAR83_0083
TORONTO_EAR83_STU00111,TORONTO_EAR83_0101
TORONTO_EAR83_STU00111,TORONTO_EAR83_0109
TORONTO_EAR83_STU00111,TORONTO_EAR83_0137
TORONTO_EAR83_STU00111,TORONTO_EAR83_0159
TORONTO_EAR83_STU00111,TORONTO_EAR83_0183
TORONTO_EAR83_STU00112,TORONTO_EAR83_0021
TORONTO_EAR83_STU00112,TORONTO_EAR83_0039
TORONTO_EAR83_STU00112,TORONTO_EAR83_0062
TORONTO_EAR83_STU00112,TORONTO_EAR83_0084
TORONTO_EAR83_STU00112,TORONTO_EAR83_0137
TORONTO_EAR83_STU00113,TORONTO_EAR83_0020
TORONTO_EAR83_STU00113,TORONTO_EAR83_0053
TORONTO_EAR83_STU00113,TORONTO_EAR83_0062
TORONTO_EAR83_STU00113,TORONTO_EAR83_0084
TORONTO_EAR83_STU00113,TORONTO_EAR83_0101
TORONTO_EAR83_STU00113,TORONTO_EAR83_0137
TORONTO_EAR83_STU00113,TORONTO_EAR83_0160
TORONTO_EAR83_STU00113,TORONTO_EAR83_0183
TORONTO_EAR83_STU00114,TORONTO_EAR83_0020
TORONTO_EAR83_STU00114,TORONTO_EAR83_0039
TORONTO_EAR83_STU00114,TORONTO_EAR83_0062
TORONTO_EAR83_STU00114,TORONTO_EAR83_0084
TORONTO_EAR83_STU00114,TORONTO_EAR83_0102
TORONTO_EAR83_STU00114,TORONTO_EAR83_0108
TORONTO_EAR83_STU00114,TORONTO_EAR83_0137
TORONTO_EAR83_STU00114,TORONTO_EAR83_0159
TORONTO_EAR83_STU00114,TORONTO_EAR83_0183
TORONTO_EAR83_STU00115,TORONTO_EAR83_0020
TORONTO_EAR83_STU00115,TORONTO_EAR83_0039
TORONTO_EAR83_STU00115,TORONTO_EAR83_0062
TORONTO_EAR83_STU00115,TORONTO_EAR83_0084
TORONTO_EAR83_STU00115,TORONTO_EAR83_0102
TORONTO_EAR83_STU00115,TORONTO_EAR83_0108
TORONTO_EAR83_STU00115,TORONTO_EAR83_0137
TORONTO_EAR83_STU00115,TORONTO_EAR83_0159
TORONTO_EAR83_STU00115,TORONTO_EAR83_0183
TORONTO_EAR83_STU00116,TORONTO_EAR83_0020
TORONTO_EAR83_STU00116,TORONTO_EAR83_0053
TORONTO_EAR83_STU00116,TORONTO_EAR83_0062
TORONTO_EAR83_STU00116,TORONTO_EAR83_0084
TORONTO_EAR83_STU00116,TORONTO_EAR83_0102
TORONTO_EAR83_STU00116,TORONTO_EAR83_0108
TORONTO_EAR83_STU00116,TORONTO_EAR83_0137
TORONTO_EAR83_STU00116,TORONTO_EAR83_0159
TORONTO_EAR83_STU00116,TORONTO_EAR83_0183
TORONTO_EAR83_STU00117,TORONTO_EAR83_0020
TORONTO_EAR83_STU00117,TORONTO_EAR83_0053
TORONTO_EAR83_STU00117,TORONTO_EAR83_0062
TORONTO_EAR83_STU00117,TORONTO_EAR83_0084
TORONTO_EAR83_STU00117,TORONTO_EAR83_0102
TORONTO_EAR83_STU00117,TORONTO_EAR83_0108
TORONTO_EAR83_STU00117,TORONTO_EAR83_0137
TORONTO_EAR83_STU00117,TORONTO_EAR83_0159
TORONTO_EAR83_STU00117,TORONTO_EAR83_0183
TORONTO_EAR83_STU00118,TORONTO_EAR83_0009
TORONTO_EAR83_STU00118,TORONTO_EAR83_0020
TORONTO_EAR83_STU00118,TORONTO_EAR83_0053
TORONTO_EAR83_STU00118,TORONTO_EAR83_0084
TORONTO_EAR83_STU00118,TORONTO_EAR83_0102
TORONTO_EAR83_STU00118,TORONTO_EAR83_0108
TORONTO_EAR83_STU00118,TORONTO_EAR83_0137
TORONTO_EAR83_STU00118,TORONTO_EAR83_0159
TORONTO_EAR83_STU00118,TORONTO_EAR83_0183
TORONTO_EAR83_STU00119,TORONTO_EAR83_0020
TORONTO_EAR83_STU00119,TORONTO_EAR83_0053
TORONTO_EAR83_STU00119,TORONTO_EAR83_0062
TORONTO_EAR83_STU00119,TORONTO_EAR83_0084
TORONTO_EAR83_STU00119,TORONTO_EAR83_0102
TORONTO_EAR83_STU00119,TORONTO_EAR83_0108
TORONTO_EAR83_STU00119,TORONTO_EAR83_0137
TORONTO_EAR83_STU00119,TORONTO_EAR83_0159
TORONTO_EAR83_STU00119,TORONTO_EAR83_0183
TORONTO_EAR83_STU00120,TORONTO_EAR83_0020
TORONTO_EAR83_STU00120,TORONTO_EAR83_0053
TORONTO_EAR83_STU00120,TORONTO_EAR83_0062
TORONTO_EAR83_STU00120,TORONTO_EAR83_0084
TORONTO_EAR83_STU00120,TORONTO_EAR83_0102
TORONTO_EAR83_STU00120,TORONTO_EAR83_0108
TORONTO_EAR83_STU00120,TORONTO_EAR83_0137
TORONTO_EAR83_STU00120,TORONTO_EAR83_0159
TORONTO_EAR83_STU00120,TORONTO_EAR83_0183
TORONTO_EAR83_STU00121,TORONTO_EAR83_0020
TORONTO_EAR83_STU00121,TORONTO_EAR83_0053
TORONTO_EAR83_STU00121,TORONTO_EAR83_0062
TORONTO_EAR83_STU00121,TORONTO_EAR83_0084
TORONTO_EAR83_STU00121,TORONTO_EAR83_0101
TORONTO_EAR83_STU00121,TORONTO_EAR83_0108
TORONTO_EAR83_STU00121,TORONTO_EAR83_0137
TORONTO_EAR83_STU00121,TORONTO_EAR83_0160
TORONTO_EAR83_STU00121,TORONTO_EAR83_0183
TORONTO_EAR83_STU00122,TORONTO_EAR83_0009
TORONTO_EAR83_STU00122,TORONTO_EAR83_0022
TORONTO_EAR83_STU00122,TORONTO_EAR83_0054
TORONTO_EAR83_STU00122,TORONTO_EAR83_0062
TORONTO_EAR83_STU00122,TORONTO_EAR83_0083
TORONTO_EAR83_STU00122,TORONTO_EAR83_0102
TORONTO_EAR83_STU00122,TORONTO_EAR83_0108
TORONTO_EAR83_STU00122,TORONTO_EAR83_0138
TORONTO_EAR83_STU00122,TORONTO_EAR83_0159
TORONTO_EAR83_STU00123,TORONTO_EAR83_0020
TORONTO_EAR83_STU00123,TORONTO_EAR83_0039
TORONTO_EAR83_STU00123,TORONTO_EAR83_0062
TORONTO_EAR83_STU00123,TORONTO_EAR83_0084
TORONTO_EAR83_STU00123,TORONTO_EAR83_0101
TORONTO_EAR83_STU00123,TORONTO_EAR83_0108
TORONTO_EAR83_STU00123,TORONTO_EAR83_0137
TORONTO_EAR83_STU00123,TORONTO_EAR83_0159
TORONTO_EAR83_STU00123,TORONTO_EAR83_0184
TORONTO_EAR83_STU00124,TORONTO_EAR83_0020
TORONTO_EAR83_STU00124,TORONTO_EAR83_0038
TORONTO_EAR83_STU00124,TORONTO_EAR83_0062
TORONTO_EAR83_STU00124,TORONTO_EAR83_0082
TORONTO_EAR83_STU00124,TORONTO_EAR83_0102
TORONTO_EAR83_STU00124,TORONTO_EAR83_0108
TORONTO_EAR83_STU00124,TORONTO_EAR83_0136
TORONTO_EAR83_STU00124,TORONTO_EAR83_0159
TORONTO_EAR83_STU00124,TORONTO_EAR83_0183
TORONTO_EAR83_STU00125,TORONTO_EAR83_0020
TORONTO_EAR83_STU00125,TORONTO_EAR83_0052
TORONTO_EAR83_STU00125,TORONTO_EAR83_0062
TORONTO_EAR83_STU00125,TORONTO_EAR83_0081
TORONTO_EAR83_STU00125,TORONTO_EAR83_0101
TORONTO_EAR83_STU00125,TORONTO_EAR83_0108
TORONTO_EAR83_STU00125,TORONTO_EAR83_0136
TORONTO_EAR83_STU00125,TORONTO_EAR83_0159
TORONTO_EAR83_STU00125,TORONTO_EAR83_0184
TORONTO_EAR83_STU00126,TORONTO_EAR83_0018
TORONTO_EAR83_STU00126,TORONTO_EAR83_0036
TORONTO_EAR83_STU00126,TORONTO_EAR83_0061
TORONTO_EAR83_STU00126,TORONTO_EAR83_0079
TORONTO_EAR83_STU00126,TORONTO_EAR83_0101
TORONTO_EAR83_STU00126,TORONTO_EAR83_0109
TORONTO_EAR83_STU00126,TORONTO_EAR83_0135
TORONTO_EAR83_STU00126,TORONTO_EAR83_0159
TORONTO_EAR83_STU00126,TORONTO_EAR83_0183
TORONTO_EAR83_STU00127,TORONTO_EAR83_0009
TORONTO_EAR83_STU00127,TORONTO_EAR83_0022
TORONTO_EAR83_STU00127,TORONTO_EAR83_0054
TORONTO_EAR83_STU00127,TORONTO_EAR83_0072
TORONTO_EAR83_STU00127,TORONTO_EAR83_0085
TORONTO_EAR83_STU00127,TORONTO_EAR83_0102
TORONTO_EAR83_STU00127,TORONTO_EAR83_0138
TORONTO_EAR83_STU00127,TORONTO_EAR83_0159
TORONTO_EAR83_STU00127,TORONTO_EAR83_0183
TORONTO_EAR83_STU00128,TORONTO_EAR83_0020
TORONTO_EAR83_STU00128,TORONTO_EAR83_0039
TORONTO_EAR83_STU00128,TORONTO_EAR83_0062
TORONTO_EAR83_STU00128,TORONTO_EAR83_0084
TORONTO_EAR83_STU00128,TORONTO_EAR83_0102
TORONTO_EAR83_STU00128,TORONTO_EAR83_0137
TORONTO_EAR83_STU00128,TORONTO_EAR83_0159
TORONTO_EAR83_STU00128,TORONTO_EAR83_0183
TORONTO_EAR83_STU00129,TORONTO_EAR83_0009
TORONTO_EAR83_STU00129,TORONTO_EAR83_0022
TORONTO_EAR83_STU00129,TORONTO_EAR83_0040
TORONTO_EAR83_STU00129,TORONTO_EAR83_0062
TORONTO_EAR83_STU00129,TORONTO_EAR83_0085
TORONTO_EAR83_STU00129,TORONTO_EAR83_0093
TORONTO_EAR83_STU00129,TORONTO_EAR83_0138
TORONTO_EAR83_STU00129,TORONTO_EAR83_0147
TORONTO_EAR83_STU00130,TORONTO_EAR83_0020
TORONTO_EAR83_STU00130,TORONTO_EAR83_0053
TORONTO_EAR83_STU00130,TORONTO_EAR83_0084
TORONTO_EAR83_STU00130,TORONTO_EAR83_0101
TORONTO_EAR83_STU00130,TORONTO_EAR83_0109
TORONTO_EAR83_STU00130,TORONTO_EAR83_0137
TORONTO_EAR83_STU00130,TORONTO_EAR83_0159
TORONTO_EAR83_STU00130,TORONTO_EAR83_0183
TORONTO_EAR83_STU00131,TORONTO_EAR83_0005
TORONTO_EAR83_STU00131,TORONTO_EAR83_0009
TORONTO_EAR83_STU00131,TORONTO_EAR83_0023
TORONTO_EAR83_STU00131,TORONTO_EAR83_0026
TORONTO_EAR83_STU00131,TORONTO_EAR83_0087
TORONTO_EAR83_STU00131,TORONTO_EAR83_0155
TORONTO_EAR83_STU00132,TORONTO_EAR83_0013
TORONTO_EAR83_STU00132,TORONTO_EAR83_0015
TORONTO_EAR83_STU00132,TORONTO_EAR83_0020
TORONTO_EAR83_STU00132,TORONTO_EAR83_0073
TORONTO_EAR83_STU00132,TORONTO_EAR83_0087
TORONTO_EAR83_STU00132,TORONTO_EAR83_0127
TORONTO_EAR83_STU00132,TORONTO_EAR83_0142
TORONTO_EAR83_STU00132,TORONTO_EAR83_0157
TORONTO_EAR83_STU00133,TORONTO_EAR83_0024
TORONTO_EAR83_STU00133,TORONTO_EAR83_0047
TORONTO_EAR83_STU00133,TORONTO_EAR83_0087
TORONTO_EAR83_STU00133,TORONTO_EAR83_0111
TORONTO_EAR83_STU00133,TORONTO_EAR83_0142
TORONTO_EAR83_STU00133,TORONTO_EAR83_0187
TORONTO_EAR83_STU00134,TORONTO_EAR83_0020
TORONTO_EAR83_STU00134,TORONTO_EAR83_0039
TORONTO_EAR83_STU00134,TORONTO_EAR83_0062
TORONTO_EAR83_STU00134,TORONTO_EAR83_0083
TORONTO_EAR83_STU00134,TORONTO_EAR83_0101
TORONTO_EAR83_STU00134,TORONTO_EAR83_0109
TORONTO_EAR83_STU00134,TORONTO_EAR83_0137
TORONTO_EAR83_STU00134,TORONTO_EAR83_0159
TORONTO_EAR83_STU00134,TORONTO_EAR83_0183
TORONTO_EAR83_STU00135,TORONTO_EAR83_0018
TORONTO_EAR83_STU00135,TORONTO_EAR83_0037
TORONTO_EAR83_STU00135,TORONTO_EAR83_0061
TORONTO_EAR83_STU00135,TORONTO_EAR83_0080
TORONTO_EAR83_STU00135,TORONTO_EAR83_0101
TORONTO_EAR83_STU00135,TORONTO_EAR83_0108
TORONTO_EAR83_STU00135,TORONTO_EAR83_0135
TORONTO_EAR83_STU00135,TORONTO_EAR83_0159
TORONTO_EAR83_STU00135,TORONTO_EAR83_0184
TORONTO_EAR83_STU00136,TORONTO_EAR83_0027
TORONTO_EAR83_STU00136,TORONTO_EAR83_0059
TORONTO_EAR83_STU00136,TORONTO_EAR83_0067
TORONTO_EAR83_STU00136,TORONTO_EAR83_0090
TORONTO_EAR83_STU00136,TORONTO_EAR83_0124
TORONTO_EAR83_STU00136,TORONTO_EAR83_0127
TORONTO_EAR83_STU00137,TORONTO_EAR83_0029
TORONTO_EAR83_STU00137,TORONTO_EAR83_0030
TORONTO_EAR83_STU00137,TORONTO_EAR83_0034
TORONTO_EAR83_STU00137,TORONTO_EAR83_0057
TORONTO_EAR83_STU00137,TORONTO_EAR83_0058
TORONTO_EAR83_STU00138,TORONTO_EAR83_0020
TORONTO_EAR83_STU00138,TORONTO_EAR83_0053
TORONTO_EAR83_STU00138,TORONTO_EAR83_0062
TORONTO_EAR83_STU00138,TORONTO_EAR83_0084
TORONTO_EAR83_STU00138,TORONTO_EAR83_0118
TORONTO_EAR83_STU00138,TORONTO_EAR83_0137
TORONTO_EAR83_STU00139,TORONTO_EAR83_0018
TORONTO_EAR83_STU00139,TORONTO_EAR83_0037
TORONTO_EAR83_STU00139,TORONTO_EAR83_0061
TORONTO_EAR83_STU00139,TORONTO_EAR83_0080
TORONTO_EAR83_STU00139,TORONTO_EAR83_0101
TORONTO_EAR83_STU00139,TORONTO_EAR83_0108
TORONTO_EAR83_STU00139,TORONTO_EAR83_0135
TORONTO_EAR83_STU00139,TORONTO_EAR83_0160
TORONTO_EAR83_STU00139,TORONTO_EAR83_0184
TORONTO_EAR83_STU00140,TORONTO_EAR83_0011
TORONTO_EAR83_STU00140,TORONTO_EAR83_0023
TORONTO_EAR83_STU00140,TORONTO_EAR83_0086
TORONTO_EAR83_STU00140,TORONTO_EAR83_0141
TORONTO_EAR83_STU00140,TORONTO_EAR83_0147
TORONTO_EAR83_STU00140,TORONTO_EAR83_0157
TORONTO_EAR83_STU00140,TORONTO_EAR83_0171
TORONTO_EAR83_STU00141,TORONTO_EAR83_0030
TORONTO_EAR83_STU00141,TORONTO_EAR83_0034
TORONTO_EAR83_STU00141,TORONTO_EAR83_0057
TORONTO_EAR83_STU00141,TORONTO_EAR83_0058
TORONTO_EAR83_STU00141,TORONTO_EAR83_0128
TORONTO_EAR83_STU00141,TORONTO_EAR83_0167
TORONTO_EAR83_STU00142,TORONTO_EAR83_0001
TORONTO_EAR83_STU00142,TORONTO_EAR83_0006
TORONTO_EAR83_STU00142,TORONTO_EAR83_0014
TORONTO_EAR83_STU00142,TORONTO_EAR83_0023
TORONTO_EAR83_STU00142,TORONTO_EAR83_0059
TORONTO_EAR83_STU00142,TORONTO_EAR83_0086
TORONTO_EAR83_STU00142,TORONTO_EAR83_0154
TORONTO_EAR83_STU00142,TORONTO_EAR83_0161
TORONTO_EAR83_STU00143,TORONTO_EAR83_0009
TORONTO_EAR83_STU00143,TORONTO_EAR83_0024
TORONTO_EAR83_STU00143,TORONTO_EAR83_0064
TORONTO_EAR83_STU00143,TORONTO_EAR83_0087
TORONTO_EAR83_STU00143,TORONTO_EAR83_0118
TORONTO_EAR83_STU00143,TORONTO_EAR83_0131
TORONTO_EAR83_STU00144,TORONTO_EAR83_0021
TORONTO_EAR83_STU00144,TORONTO_EAR83_0053
TORONTO_EAR83_STU00144,TORONTO_EAR83_0062
TORONTO_EAR83_STU00144,TORONTO_EAR83_0084
TORONTO_EAR83_STU00144,TORONTO_EAR83_0108
TORONTO_EAR83_STU00144,TORONTO_EAR83_0114
TORONTO_EAR83_STU00144,TORONTO_EAR83_0137
TORONTO_EAR83_STU00145,TORONTO_EAR83_0018
TORONTO_EAR83_STU00145,TORONTO_EAR83_0037
TORONTO_EAR83_STU00145,TORONTO_EAR83_0062
TORONTO_EAR83_STU00145,TORONTO_EAR83_0080
TORONTO_EAR83_STU00145,TORONTO_EAR83_0101
TORONTO_EAR83_STU00145,TORONTO_EAR83_0108
TORONTO_EAR83_STU00145,TORONTO_EAR83_0135
TORONTO_EAR83_STU00145,TORONTO_EAR83_0160
TORONTO_EAR83_STU00145,TORONTO_EAR83_0183
TORONTO_EAR83_STU00146,TORONTO_EAR83_0024
TORONTO_EAR83_STU00146,TORONTO_EAR83_0059
TORONTO_EAR83_STU00146,TORONTO_EAR83_0087
TORONTO_EAR83_STU00146,TORONTO_EAR83_0101
TORONTO_EAR83_STU00146,TORONTO_EAR83_0109
TORONTO_EAR83_STU00146,TORONTO_EAR83_0127
TORONTO_EAR83_STU00146,TORONTO_EAR83_0157
TORONTO_EAR83_STU00146,TORONTO_EAR83_0159
TORONTO_EAR83_STU00146,TORONTO_EAR83_0183
TORONTO_EAR83_STU00147,TORONTO_EAR83_0018
TORONTO_EAR83_STU00147,TORONTO_EAR83_0037
TORONTO_EAR83_STU00147,TORONTO_EAR83_0061
TORONTO_EAR83_STU00147,TORONTO_EAR83_0079
TORONTO_EAR83_STU00147,TORONTO_EAR83_0101
TORONTO_EAR83_STU00147,TORONTO_EAR83_0108
TORONTO_EAR83_STU00147,TORONTO_EAR83_0134
TORONTO_EAR83_STU00147,TORONTO_EAR83_0160
TORONTO_EAR83_STU00147,TORONTO_EAR83_0183
TORONTO_EAR83_STU00148,TORONTO_EAR83_0018
TORONTO_EAR83_STU00148,TORONTO_EAR83_0037
TORONTO_EAR83_STU00148,TORONTO_EAR83_0061
TORONTO_EAR83_STU00148,TORONTO_EAR83_0080
TORONTO_EAR83_STU00148,TORONTO_EAR83_0101
TORONTO_EAR83_STU00148,TORONTO_EAR83_0108
TORONTO_EAR83_STU00148,TORONTO_EAR83_0135
TORONTO_EAR83_STU00148,TORONTO_EAR83_0159
TORONTO_EAR83_STU00148,TORONTO_EAR83_0184
TORONTO_EAR83_STU00149,TORONTO_EAR83_0020
TORONTO_EAR83_STU00149,TORONTO_EAR83_0052
TORONTO_EAR83_STU00149,TORONTO_EAR83_0062
TORONTO_EAR83_STU00149,TORONTO_EAR83_0080
TORONTO_EAR83_STU00149,TORONTO_EAR83_0101
TORONTO_EAR83_STU00149,TORONTO_EAR83_0109
TORONTO_EAR83_STU00149,TORONTO_EAR83_0135
TORONTO_EAR83_STU00149,TORONTO_EAR83_0159
TORONTO_EAR83_STU00149,TORONTO_EAR83_0183
TORONTO_EAR83_STU00150,TORONTO_EAR83_0024
TORONTO_EAR83_STU00150,TORONTO_EAR83_0045
TORONTO_EAR83_STU00150,TORONTO_EAR83_0047
TORONTO_EAR83_STU00150,TORONTO_EAR83_0087
TORONTO_EAR83_STU00150,TORONTO_EAR83_0101
TORONTO_EAR83_STU00150,TORONTO_EAR83_0108
TORONTO_EAR83_STU00150,TORONTO_EAR83_0142
TORONTO_EAR83_STU00150,TORONTO_EAR83_0160
TORONTO_EAR83_STU00150,TORONTO_EAR83_0183
TORONTO_EAR83_STU00151,TORONTO_EAR83_0009
TORONTO_EAR83_STU00151,TORONTO_EAR83_0015
TORONTO_EAR83_STU00151,TORONTO_EAR83_0020
TORONTO_EAR83_STU00151,TORONTO_EAR83_0052
TORONTO_EAR83_STU00151,TORONTO_EAR83_0062
TORONTO_EAR83_STU00151,TORONTO_EAR83_0083
TORONTO_EAR83_STU00151,TORONTO_EAR83_0116
TORONTO_EAR83_STU00151,TORONTO_EAR83_0137
TORONTO_EAR83_STU00152,TORONTO_EAR83_0020
TORONTO_EAR83_STU00152,TORONTO_EAR83_0053
TORONTO_EAR83_STU00152,TORONTO_EAR83_0062
TORONTO_EAR83_STU00152,TORONTO_EAR83_0087
TORONTO_EAR83_STU00152,TORONTO_EAR83_0102
TORONTO_EAR83_STU00152,TORONTO_EAR83_0108
TORONTO_EAR83_STU00152,TORONTO_EAR83_0137
TORONTO_EAR83_STU00152,TORONTO_EAR83_0159
TORONTO_EAR83_STU00152,TORONTO_EAR83_0183
TORONTO_EAR83_STU00153,TORONTO_EAR83_0020
TORONTO_EAR83_STU00153,TORONTO_EAR83_0051
TORONTO_EAR83_STU00153,TORONTO_EAR83_0062
TORONTO_EAR83_STU00153,TORONTO_EAR83_0084
TORONTO_EAR83_STU00153,TORONTO_EAR83_0101
TORONTO_EAR83_STU00153,TORONTO_EAR83_0109
TORONTO_EAR83_STU00153,TORONTO_EAR83_0137
TORONTO_EAR83_STU00153,TORONTO_EAR83_0159
TORONTO_EAR83_STU00153,TORONTO_EAR83_0183
TORONTO_EAR83_STU00154,TORONTO_EAR83_0018
TORONTO_EAR83_STU00154,TORONTO_EAR83_0037
TORONTO_EAR83_STU00154,TORONTO_EAR83_0061
TORONTO_EAR83_STU00154,TORONTO_EAR83_0080
TORONTO_EAR83_STU00154,TORONTO_EAR83_0101
TORONTO_EAR83_STU00154,TORONTO_EAR83_0108
TORONTO_EAR83_STU00154,TORONTO_EAR83_0135
TORONTO_EAR83_STU00154,TORONTO_EAR83_0160
TORONTO_EAR83_STU00154,TORONTO_EAR83_0183
TORONTO_EAR83_STU00155,TORONTO_EAR83_0008
TORONTO_EAR83_STU00155,TORONTO_EAR83_0023
TORONTO_EAR83_STU00155,TORONTO_EAR83_0026
TORONTO_EAR83_STU00155,TORONTO_EAR83_0086
TORONTO_EAR83_STU00155,TORONTO_EAR83_0141
TORONTO_EAR83_STU00155,TORONTO_EAR83_0157
TORONTO_EAR83_STU00155,TORONTO_EAR83_0170
TORONTO_EAR83_STU00156,TORONTO_EAR83_0020
TORONTO_EAR83_STU00156,TORONTO_EAR83_0053
TORONTO_EAR83_STU00156,TORONTO_EAR83_0062
TORONTO_EAR83_STU00156,TORONTO_EAR83_0084
TORONTO_EAR83_STU00156,TORONTO_EAR83_0101
TORONTO_EAR83_STU00156,TORONTO_EAR83_0108
TORONTO_EAR83_STU00156,TORONTO_EAR83_0137
TORONTO_EAR83_STU00156,TORONTO_EAR83_0160
TORONTO_EAR83_STU00156,TORONTO_EAR83_0183
TORONTO_EAR83_STU00157,TORONTO_EAR83_0027
TORONTO_EAR83_STU00157,TORONTO_EAR83_0059
TORONTO_EAR83_STU00157,TORONTO_EAR83_0089
TORONTO_EAR83_STU00157,TORONTO_EAR83_0105
TORONTO_EAR83_STU00157,TORONTO_EAR83_0127
TORONTO_EAR83_STU00157,TORONTO_EAR83_0131
TORONTO_EAR83_STU00158,TORONTO_EAR83_0018
TORONTO_EAR83_STU00158,TORONTO_EAR83_0037
TORONTO_EAR83_STU00158,TORONTO_EAR83_0061
TORONTO_EAR83_STU00158,TORONTO_EAR83_0080
TORONTO_EAR83_STU00158,TORONTO_EAR83_0101
TORONTO_EAR83_STU00158,TORONTO_EAR83_0114
TORONTO_EAR83_STU00158,TORONTO_EAR83_0135
TORONTO_EAR83_STU00158,TORONTO_EAR83_0159
TORONTO_EAR83_STU00159,TORONTO_EAR83_0006
TORONTO_EAR83_STU00159,TORONTO_EAR83_0009
TORONTO_EAR83_STU00159,TORONTO_EAR83_0014
TORONTO_EAR83_STU00159,TORONTO_EAR83_0024
TORONTO_EAR83_STU00159,TORONTO_EAR83_0045
TORONTO_EAR83_STU00159,TORONTO_EAR83_0094
TORONTO_EAR83_STU00159,TORONTO_EAR83_0127
TORONTO_EAR83_STU00160,TORONTO_EAR83_0018
TORONTO_EAR83_STU00160,TORONTO_EAR83_0037
TORONTO_EAR83_STU00160,TORONTO_EAR83_0061
TORONTO_EAR83_STU00160,TORONTO_EAR83_0080
TORONTO_EAR83_STU00160,TORONTO_EAR83_0101
TORONTO_EAR83_STU00160,TORONTO_EAR83_0108
TORONTO_EAR83_STU00160,TORONTO_EAR83_0135
TORONTO_EAR83_STU00160,TORONTO_EAR83_0160
TORONTO_EAR83_STU00160,TORONTO_EAR83_0183
TORONTO_EAR83_STU00161,TORONTO_EAR83_0020
TORONTO_EAR83_STU00161,TORONTO_EAR83_0053
TORONTO_EAR83_STU00161,TORONTO_EAR83_0062
TORONTO_EAR83_STU00161,TORONTO_EAR83_0082
TORONTO_EAR83_STU00161,TORONTO_EAR83_0101
TORONTO_EAR83_STU00161,TORONTO_EAR83_0108
TORONTO_EAR83_STU00161,TORONTO_EAR83_0137
TORONTO_EAR83_STU00161,TORONTO_EAR83_0159
TORONTO_EAR83_STU00161,TORONTO_EAR83_0184
TORONTO_EAR83_STU00162,TORONTO_EAR83_0009
TORONTO_EAR83_STU00162,TORONTO_EAR83_0022
TORONTO_EAR83_STU00162,TORONTO_EAR83_0040
TORONTO_EAR83_STU00162,TORONTO_EAR83_0062
TORONTO_EAR83_STU00162,TORONTO_EAR83_0072
TORONTO_EAR83_STU00162,TORONTO_EAR83_0085
TORONTO_EAR83_STU00162,TORONTO_EAR83_0138
TORONTO_EAR83_STU00162,TORONTO_EAR83_0161
TORONTO_EAR83_STU00163,TORONTO_EAR83_0024
TORONTO_EAR83_STU00163,TORONTO_EAR83_0059
TORONTO_EAR83_STU00163,TORONTO_EAR83_0064
TORONTO_EAR83_STU00163,TORONTO_EAR83_0087
TORONTO_EAR83_STU00163,TORONTO_EAR83_0101
TORONTO_EAR83_STU00163,TORONTO_EAR83_0109
TORONTO_EAR83_STU00163,TORONTO_EAR83_0142
TORONTO_EAR83_STU00163,TORONTO_EAR83_0159
TORONTO_EAR83_STU00163,TORONTO_EAR83_0183
TORONTO_EAR83_STU00164,TORONTO_EAR83_0018
TORONTO_EAR83_STU00164,TORONTO_EAR83_0037
TORONTO_EAR83_STU00164,TORONTO_EAR83_0061
TORONTO_EAR83_STU00164,TORONTO_EAR83_0080
TORONTO_EAR83_STU00164,TORONTO_EAR83_0101
TORONTO_EAR83_STU00164,TORONTO_EAR83_0109
TORONTO_EAR83_STU00164,TORONTO_EAR83_0135
TORONTO_EAR83_STU00164,TORONTO_EAR83_0159
TORONTO_EAR83_STU00164,TORONTO_EAR83_0183
TORONTO_EAR83_STU00165,TORONTO_EAR83_0020
TORONTO_EAR83_STU00165,TORONTO_EAR83_0039
TORONTO_EAR83_STU00165,TORONTO_EAR83_0062
TORONTO_EAR83_STU00165,TORONTO_EAR83_0082
TORONTO_EAR83_STU00165,TORONTO_EAR83_0101
TORONTO_EAR83_STU00165,TORONTO_EAR83_0109
TORONTO_EAR83_STU00165,TORONTO_EAR83_0137
TORONTO_EAR83_STU00165,TORONTO_EAR83_0159
TORONTO_EAR83_STU00165,TORONTO_EAR83_0183
TORONTO_EAR83_STU00166,TORONTO_EAR83_0018
TORONTO_EAR83_STU00166,TORONTO_EAR83_0037
TORONTO_EAR83_STU00166,TORONTO_EAR83_0061
TORONTO_EAR83_STU00166,TORONTO_EAR83_0080
TORONTO_EAR83_STU00166,TORONTO_EAR83_0101
TORONTO_EAR83_STU00166,TORONTO_EAR83_0108
TORONTO_EAR83_STU00166,TORONTO_EAR83_0135
TORONTO_EAR83_STU00166,TORONTO_EAR83_0160
TORONTO_EAR83_STU00166,TORONTO_EAR83_0183
TORONTO_EAR83_STU00167,TORONTO_EAR83_0006
TORONTO_EAR83_STU00167,TORONTO_EAR83_0024
TORONTO_EAR83_STU00167,TORONTO_EAR83_0027
TORONTO_EAR83_STU00167,TORONTO_EAR83_0047
TORONTO_EAR83_STU00167,TORONTO_EAR83_0087
TORONTO_EAR83_STU00167,TORONTO_EAR83_0094
TORONTO_EAR83_STU00167,TORONTO_EAR83_0127
TORONTO_EAR83_STU00167,TORONTO_EAR83_0142
TORONTO_EAR83_STU00168,TORONTO_EAR83_0018
TORONTO_EAR83_STU00168,TORONTO_EAR83_0037
TORONTO_EAR83_STU00168,TORONTO_EAR83_0061
TORONTO_EAR83_STU00168,TORONTO_EAR83_0080
TORONTO_EAR83_STU00168,TORONTO_EAR83_0101
TORONTO_EAR83_STU00168,TORONTO_EAR83_0109
TORONTO_EAR83_STU00168,TORONTO_EAR83_0135
TORONTO_EAR83_STU00168,TORONTO_EAR83_0159
TORONTO_EAR83_STU00168,TORONTO_EAR83_0183
TORONTO_EAR83_STU00169,TORONTO_EAR83_0009
TORONTO_EAR83_STU00169,TORONTO_EAR83_0020
TORONTO_EAR83_STU00169,TORONTO_EAR83_0045
TORONTO_EAR83_STU00169,TORONTO_EAR83_0061
TORONTO_EAR83_STU00169,TORONTO_EAR83_0083
TORONTO_EAR83_STU00169,TORONTO_EAR83_0092
TORONTO_EAR83_STU00169,TORONTO_EAR83_0127
TORONTO_EAR83_STU00169,TORONTO_EAR83_0142
TORONTO_EAR83_STU00170,TORONTO_EAR83_0020
TORONTO_EAR83_STU00170,TORONTO_EAR83_0053
TORONTO_EAR83_STU00170,TORONTO_EAR83_0062
TORONTO_EAR83_STU00170,TORONTO_EAR83_0084
TORONTO_EAR83_STU00170,TORONTO_EAR83_0101
TORONTO_EAR83_STU00170,TORONTO_EAR83_0109
TORONTO_EAR83_STU00170,TORONTO_EAR83_0137
TORONTO_EAR83_STU00170,TORONTO_EAR83_0159
TORONTO_EAR83_STU00170,TORONTO_EAR83_0183
TORONTO_EAR83_STU00171,TORONTO_EAR83_0009
TORONTO_EAR83_STU00171,TORONTO_EAR83_0022
TORONTO_EAR83_STU00171,TORONTO_EAR83_0048
TORONTO_EAR83_STU00171,TORONTO_EAR83_0064
TORONTO_EAR83_STU00171,TORONTO_EAR83_0085
TORONTO_EAR83_STU00171,TORONTO_EAR83_0092
TORONTO_EAR83_STU00171,TORONTO_EAR83_0138
TORONTO_EAR83_STU00171,TORONTO_EAR83_0180
TORONTO_EAR83_STU00172,TORONTO_EAR83_0009
TORONTO_EAR83_STU00172,TORONTO_EAR83_0025
TORONTO_EAR83_STU00172,TORONTO_EAR83_0068
TORONTO_EAR83_STU00172,TORONTO_EAR83_0091
TORONTO_EAR83_STU00172,TORONTO_EAR83_0125
TORONTO_EAR83_STU00172,TORONTO_EAR83_0132
TORONTO_EAR83_STU00172,TORONTO_EAR83_0140
TORONTO_EAR83_STU00172,TORONTO_EAR83_0189
TORONTO_EAR83_STU00173,TORONTO_EAR83_0006
TORONTO_EAR83_STU00173,TORONTO_EAR83_0024
TORONTO_EAR83_STU00173,TORONTO_EAR83_0047
TORONTO_EAR83_STU00173,TORONTO_EAR83_0064
TORONTO_EAR83_STU00173,TORONTO_EAR83_0086
TORONTO_EAR83_STU00173,TORONTO_EAR83_0120
TORONTO_EAR83_STU00173,TORONTO_EAR83_0127
TORONTO_EAR83_STU00173,TORONTO_EAR83_0150
TORONTO_EAR83_STU00173,TORONTO_EAR83_0154
TORONTO_EAR83_STU00174,TORONTO_EAR83_0020
TORONTO_EAR83_STU00174,TORONTO_EAR83_0047
TORONTO_EAR83_STU00174,TORONTO_EAR83_0062
TORONTO_EAR83_STU00174,TORONTO_EAR83_0081
TORONTO_EAR83_STU00174,TORONTO_EAR83_0116
TORONTO_EAR83_STU00174,TORONTO_EAR83_0137
TORONTO_EAR83_STU00174,TORONTO_EAR83_0150
TORONTO_EAR83_STU00174,TORONTO_EAR83_0154
TORONTO_EAR83_STU00174,TORONTO_EAR83_0182
TORONTO_EAR83_STU00175,TORONTO_EAR83_0018
TORONTO_EAR83_STU00175,TORONTO_EAR83_0037
TORONTO_EAR83_STU00175,TORONTO_EAR83_0061
TORONTO_EAR83_STU00175,TORONTO_EAR83_0080
TORONTO_EAR83_STU00175,TORONTO_EAR83_0101
TORONTO_EAR83_STU00175,TORONTO_EAR83_0108
TORONTO_EAR83_STU00175,TORONTO_EAR83_0135
TORONTO_EAR83_STU00175,TORONTO_EAR83_0160
TORONTO_EAR83_STU00175,TORONTO_EAR83_0183
TORONTO_EAR83_STU00176,TORONTO_EAR83_0009
TORONTO_EAR83_STU00176,TORONTO_EAR83_0020
TORONTO_EAR83_STU00176,TORONTO_EAR83_0039
TORONTO_EAR83_STU00176,TORONTO_EAR83_0062
TORONTO_EAR83_STU00176,TORONTO_EAR83_0083
TORONTO_EAR83_STU00176,TORONTO_EAR83_0092
TORONTO_EAR83_STU00176,TORONTO_EAR83_0137
TORONTO_EAR83_STU00176,TORONTO_EAR83_0168
TORONTO_EAR83_STU00177,TORONTO_EAR83_0003
TORONTO_EAR83_STU00177,TORONTO_EAR83_0009
TORONTO_EAR83_STU00177,TORONTO_EAR83_0024
TORONTO_EAR83_STU00177,TORONTO_EAR83_0087
TORONTO_EAR83_STU00177,TORONTO_EAR83_0103
TORONTO_EAR83_STU00177,TORONTO_EAR83_0124
TORONTO_EAR83_STU00177,TORONTO_EAR83_0127
TORONTO_EAR83_STU00177,TORONTO_EAR83_0147
TORONTO_EAR83_STU00178,TORONTO_EAR83_0026
TORONTO_EAR83_STU00178,TORONTO_EAR83_0046
TORONTO_EAR83_STU00178,TORONTO_EAR83_0055
TORONTO_EAR83_STU00178,TORONTO_EAR83_0059
TORONTO_EAR83_STU00178,TORONTO_EAR83_0086
TORONTO_EAR83_STU00178,TORONTO_EAR83_0124
TORONTO_EAR83_STU00178,TORONTO_EAR83_0136
TORONTO_EAR83_STU00178,TORONTO_EAR83_0147
TORONTO_EAR83_STU00179,TORONTO_EAR83_0018
TORONTO_EAR83_STU00179,TORONTO_EAR83_0037
TORONTO_EAR83_STU00179,TORONTO_EAR83_0061
TORONTO_EAR83_STU00179,TORONTO_EAR83_0080
TORONTO_EAR83_STU00179,TORONTO_EAR83_0101
TORONTO_EAR83_STU00179,TORONTO_EAR83_0108
TORONTO_EAR83_STU00179,TORONTO_EAR83_0135
TORONTO_EAR83_STU00179,TORONTO_EAR83_0160
TORONTO_EAR83_STU00179,TORONTO_EAR83_0183
TORONTO_EAR83_STU00180,TORONTO_EAR83_0008
TORONTO_EAR83_STU00180,TORONTO_EAR83_0020
TORONTO_EAR83_STU00180,TORONTO_EAR83_0062
TORONTO_EAR83_STU00180,TORONTO_EAR83_0084
TORONTO_EAR83_STU00180,TORONTO_EAR83_0101
TORONTO_EAR83_STU00180,TORONTO_EAR83_0109
TORONTO_EAR83_STU00180,TORONTO_EAR83_0137
TORONTO_EAR83_STU00180,TORONTO_EAR83_0159
TORONTO_EAR83_STU00180,TORONTO_EAR83_0183
TORONTO_EAR83_STU00181,TORONTO_EAR83_0018
TORONTO_EAR83_STU00181,TORONTO_EAR83_0037
TORONTO_EAR83_STU00181,TORONTO_EAR83_0061
TORONTO_EAR83_STU00181,TORONTO_EAR83_0080
TORONTO_EAR83_STU00181,TORONTO_EAR83_0101
TORONTO_EAR83_STU00181,TORONTO_EAR83_0108
TORONTO_EAR83_STU00181,TORONTO_EAR83_0135
TORONTO_EAR83_STU00181,TORONTO_EAR83_0159
TORONTO_EAR83_STU00181,TORONTO_EAR83_0184
TORONTO_EAR83_STU00182,TORONTO_EAR83_0009
TORONTO_EAR83_STU00182,TORONTO_EAR83_0025
TORONTO_EAR83_STU00182,TORONTO_EAR83_0048
TORONTO_EAR83_STU00182,TORONTO_EAR83_0064
TORONTO_EAR83_STU00182,TORONTO_EAR83_0078
TORONTO_EAR83_STU00182,TORONTO_EAR83_0098
TORONTO_EAR83_STU00182,TORONTO_EAR83_0125
TORONTO_EAR83_STU00182,TORONTO_EAR83_0140
TORONTO_EAR83_STU00183,TORONTO_EAR83_0018
TORONTO_EAR83_STU00183,TORONTO_EAR83_0037
TORONTO_EAR83_STU00183,TORONTO_EAR83_0061
TORONTO_EAR83_STU00183,TORONTO_EAR83_0080
TORONTO_EAR83_STU00183,TORONTO_EAR83_0101
TORONTO_EAR83_STU00183,TORONTO_EAR83_0108
TORONTO_EAR83_STU00183,TORONTO_EAR83_0135
TORONTO_EAR83_STU00183,TORONTO_EAR83_0160
TORONTO_EAR83_STU00183,TORONTO_EAR83_0183
TORONTO_EAR83_STU00184,TORONTO_EAR83_0027
TORONTO_EAR83_STU00184,TORONTO_EAR83_0060
TORONTO_EAR83_STU00184,TORONTO_EAR83_0067
TORONTO_EAR83_STU00184,TORONTO_EAR83_0090
TORONTO_EAR83_STU00184,TORONTO_EAR83_0101
TORONTO_EAR83_STU00184,TORONTO_EAR83_0108
TORONTO_EAR83_STU00184,TORONTO_EAR83_0131
TORONTO_EAR83_STU00184,TORONTO_EAR83_0160
TORONTO_EAR83_STU00184,TORONTO_EAR83_0183
TORONTO_EAR83_STU00185,TORONTO_EAR83_0018
TORONTO_EAR83_STU00185,TORONTO_EAR83_0037
TORONTO_EAR83_STU00185,TORONTO_EAR83_0061
TORONTO_EAR83_STU00185,TORONTO_EAR83_0080
TORONTO_EAR83_STU00185,TORONTO_EAR83_0102
TORONTO_EAR83_STU00185,TORONTO_EAR83_0108
TORONTO_EAR83_STU00185,TORONTO_EAR83_0135
TORONTO_EAR83_STU00185,TORONTO_EAR83_0159
TORONTO_EAR83_STU00185,TORONTO_EAR83_0183
TORONTO_EAR83_STU00186,TORONTO_EAR83_0021
TORONTO_EAR83_STU00186,TORONTO_EAR83_0052
TORONTO_EAR83_STU00186,TORONTO_EAR83_0067
TORONTO_EAR83_STU00186,TORONTO_EAR83_0083
TORONTO_EAR83_STU00186,TORONTO_EAR83_0118
TORONTO_EAR83_STU00186,TORONTO_EAR83_0137
TORONTO_EAR83_STU00187,TORONTO_EAR83_0009
TORONTO_EAR83_STU00187,TORONTO_EAR83_0015
TORONTO_EAR83_STU00187,TORONTO_EAR83_0024
TORONTO_EAR83_STU00187,TORONTO_EAR83_0087
TORONTO_EAR83_STU00187,TORONTO_EAR83_0095
TORONTO_EAR83_STU00187,TORONTO_EAR83_0120
TORONTO_EAR83_STU00187,TORONTO_EAR83_0127
TORONTO_EAR83_STU00187,TORONTO_EAR83_0142
TORONTO_EAR83_STU00188,TORONTO_EAR83_0021
TORONTO_EAR83_STU00188,TORONTO_EAR83_0053
TORONTO_EAR83_STU00188,TORONTO_EAR83_0062
TORONTO_EAR83_STU00188,TORONTO_EAR83_0084
TORONTO_EAR83_STU00188,TORONTO_EAR83_0108
TORONTO_EAR83_STU00188,TORONTO_EAR83_0118
TORONTO_EAR83_STU00188,TORONTO_EAR83_0137
TORONTO_EAR83_STU00189,TORONTO_EAR83_0018
TORONTO_EAR83_STU00189,TORONTO_EAR83_0037
TORONTO_EAR83_STU00189,TORONTO_EAR83_0061
TORONTO_EAR83_STU00189,TORONTO_EAR83_0080
TORONTO_EAR83_STU00189,TORONTO_EAR83_0114
TORONTO_EAR83_STU00189,TORONTO_EAR83_0135
TORONTO_EAR83_STU00189,TORONTO_EAR83_0159
TORONTO_EAR83_STU00189,TORONTO_EAR83_0183
TORONTO_EAR83_STU00190,TORONTO_EAR83_0008
TORONTO_EAR83_STU00190,TORONTO_EAR83_0012
TORONTO_EAR83_STU00190,TORONTO_EAR83_0060
TORONTO_EAR83_STU00190,TORONTO_EAR83_0165
TORONTO_EAR83_STU00190,TORONTO_EAR83_0187
TORONTO_EAR83_STU00191,TORONTO_EAR83_0018
TORONTO_EAR83_STU00191,TORONTO_EAR83_0037
TORONTO_EAR83_STU00191,TORONTO_EAR83_0061
TORONTO_EAR83_STU00191,TORONTO_EAR83_0080
TORONTO_EAR83_STU00191,TORONTO_EAR83_0101
TORONTO_EAR83_STU00191,TORONTO_EAR83_0109
TORONTO_EAR83_STU00191,TORONTO_EAR83_0135
TORONTO_EAR83_STU00191,TORONTO_EAR83_0159
TORONTO_EAR83_STU00191,TORONTO_EAR83_0183
TORONTO_EAR83_STU00192,TORONTO_EAR83_0003
TORONTO_EAR83_STU00192,TORONTO_EAR83_0027
TORONTO_EAR83_STU00192,TORONTO_EAR83_0033
TORONTO_EAR83_STU00192,TORONTO_EAR83_0090
TORONTO_EAR83_STU00192,TORONTO_EAR83_0127
TORONTO_EAR83_STU00192,TORONTO_EAR83_0131
TORONTO_EAR83_STU00192,TORONTO_EAR83_0142
TORONTO_EAR83_STU00193,TORONTO_EAR83_0009
TORONTO_EAR83_STU00193,TORONTO_EAR83_0015
TORONTO_EAR83_STU00193,TORONTO_EAR83_0020
TORONTO_EAR83_STU00193,TORONTO_EAR83_0039
TORONTO_EAR83_STU00193,TORONTO_EAR83_0052
TORONTO_EAR83_STU00193,TORONTO_EAR83_0083
TORONTO_EAR83_STU00193,TORONTO_EAR83_0137
TORONTO_EAR83_STU00194,TORONTO_EAR83_0018
TORONTO_EAR83_STU00194,TORONTO_EAR83_0037
TORONTO_EAR83_STU00194,TORONTO_EAR83_0061
TORONTO_EAR83_STU00194,TORONTO_EAR83_0080
TORONTO_EAR83_STU00194,TORONTO_EAR83_0108
TORONTO_EAR83_STU00194,TORONTO_EAR83_0135
TORONTO_EAR83_STU00194,TORONTO_EAR83_0184
TORONTO_EAR83_STU00195,TORONTO_EAR83_0009
TORONTO_EAR83_STU00195,TORONTO_EAR83_0022
TORONTO_EAR83_STU00195,TORONTO_EAR83_0040
TORONTO_EAR83_STU00195,TORONTO_EAR83_0062
TORONTO_EAR83_STU00195,TORONTO_EAR83_0085
TORONTO_EAR83_STU00195,TORONTO_EAR83_0116
TORONTO_EAR83_STU00195,TORONTO_EAR83_0125
TORONTO_EAR83_STU00195,TORONTO_EAR83_0140
TORONTO_EAR83_STU00196,TORONTO_EAR83_0009
TORONTO_EAR83_STU00196,TORONTO_EAR83_0019
TORONTO_EAR83_STU00196,TORONTO_EAR83_0045
TORONTO_EAR83_STU00196,TORONTO_EAR83_0047
TORONTO_EAR83_STU00196,TORONTO_EAR83_0083
TORONTO_EAR83_STU00196,TORONTO_EAR83_0093
TORONTO_EAR83_STU00196,TORONTO_EAR83_0137
TORONTO_EAR83_STU00196,TORONTO_EAR83_0180
TORONTO_EAR83_STU00197,TORONTO_EAR83_0006
TORONTO_EAR83_STU00197,TORONTO_EAR83_0020
TORONTO_EAR83_STU00197,TORONTO_EAR83_0039
TORONTO_EAR83_STU00197,TORONTO_EAR83_0084
TORONTO_EAR83_STU00197,TORONTO_EAR83_0101
TORONTO_EAR83_STU00197,TORONTO_EAR83_0108
TORONTO_EAR83_STU00197,TORONTO_EAR83_0160
TORONTO_EAR83_STU00197,TORONTO_EAR83_0183
TORONTO_EAR83_STU00198,TORONTO_EAR83_0010
TORONTO_EAR83_STU00198,TORONTO_EAR83_0024
TORONTO_EAR83_STU00198,TORONTO_EAR83_0045
TORONTO_EAR83_STU00198,TORONTO_EAR83_0087
TORONTO_EAR83_STU00198,TORONTO_EAR83_0131
TORONTO_EAR83_STU00198,TORONTO_EAR83_0142
TORONTO_EAR83_STU00198,TORONTO_EAR83_0147
TORONTO_EAR83_STU00198,TORONTO_EAR83_0151
TORONTO_EAR83_STU00199,TORONTO_EAR83_0003
TORONTO_EAR83_STU00199,TORONTO_EAR83_0020
TORONTO_EAR83_STU00199,TORONTO_EAR83_0047
TORONTO_EAR83_STU00199,TORONTO_EAR83_0087
TORONTO_EAR83_STU00199,TORONTO_EAR83_0127
TORONTO_EAR83_STU00199,TORONTO_EAR83_0131
TORONTO_EAR83_STU00199,TORONTO_EAR83_0145
TORONTO_EAR83_STU00200,TORONTO_EAR83_0024
TORONTO_EAR83_STU00200,TORONTO_EAR83_0045
TORONTO_EAR83_STU00200,TORONTO_EAR83_0064
TORONTO_EAR83_STU00200,TORONTO_EAR83_0087
TORONTO_EAR83_STU00200,TORONTO_EAR83_0127
TORONTO_EAR83_STU00200,TORONTO_EAR83_0142
TORONTO_EAR83_STU00200,TORONTO_EAR83_0155
TORONTO_EAR83_STU00201,TORONTO_EAR83_0024
TORONTO_EAR83_STU00201,TORONTO_EAR83_0059
TORONTO_EAR83_STU00201,TORONTO_EAR83_0064
TORONTO_EAR83_STU00201,TORONTO_EAR83_0087
TORONTO_EAR83_STU00201,TORONTO_EAR83_0120
TORONTO_EAR83_STU00201,TORONTO_EAR83_0155
TORONTO_EAR83_STU00202,TORONTO_EAR83_0024
TORONTO_EAR83_STU00202,TORONTO_EAR83_0045
TORONTO_EAR83_STU00202,TORONTO_EAR83_0064
TORONTO_EAR83_STU00202,TORONTO_EAR83_0087
TORONTO_EAR83_STU00202,TORONTO_EAR83_0120
TORONTO_EAR83_STU00202,TORONTO_EAR83_0127
TORONTO_EAR83_STU00202,TORONTO_EAR83_0155
TORONTO_EAR83_STU00203,TORONTO_EAR83_0003
TORONTO_EAR83_STU00203,TORONTO_EAR83_0009
TORONTO_EAR83_STU00203,TORONTO_EAR83_0014
TORONTO_EAR83_STU00203,TORONTO_EAR83_0024
TORONTO_EAR83_STU00203,TORONTO_EAR83_0072
TORONTO_EAR83_STU00203,TORONTO_EAR83_0087
TORONTO_EAR83_STU00203,TORONTO_EAR83_0127
TORONTO_EAR83_STU00203,TORONTO_EAR83_0131
TORONTO_EAR83_STU00204,TORONTO_EAR83_0024
TORONTO_EAR83_STU00204,TORONTO_EAR83_0047
TORONTO_EAR83_STU00204,TORONTO_EAR83_0087
TORONTO_EAR83_STU00204,TORONTO_EAR83_0121
TORONTO_EAR83_STU00204,TORONTO_EAR83_0127
TORONTO_EAR83_STU00204,TORONTO_EAR83_0155
TORONTO_EAR83_STU00204,TORONTO_EAR83_0185
TORONTO_EAR83_STU00205,TORONTO_EAR83_0024
TORONTO_EAR83_STU00205,TORONTO_EAR83_0045
TORONTO_EAR83_STU00205,TORONTO_EAR83_0087
TORONTO_EAR83_STU00205,TORONTO_EAR83_0121
TORONTO_EAR83_STU00205,TORONTO_EAR83_0127
TORONTO_EAR83_STU00205,TORONTO_EAR83_0145
TORONTO_EAR83_STU00206,TORONTO_EAR83_0010
TORONTO_EAR83_STU00206,TORONTO_EAR83_0024
TORONTO_EAR83_STU00206,TORONTO_EAR83_0090
TORONTO_EAR83_STU00206,TORONTO_EAR83_0131
TORONTO_EAR83_STU00206,TORONTO_EAR83_0142
TORONTO_EAR83_STU00206,TORONTO_EAR83_0174
TORONTO_EAR83_STU00207,TORONTO_EAR83_0006
TORONTO_EAR83_STU00207,TORONTO_EAR83_0013
TORONTO_EAR83_STU00207,TORONTO_EAR83_0024
TORONTO_EAR83_STU00207,TORONTO_EAR83_0059
TORONTO_EAR83_STU00207,TORONTO_EAR83_0086
TORONTO_EAR83_STU00207,TORONTO_EAR83_0123
TORONTO_EAR83_STU00207,TORONTO_EAR83_0127
TORONTO_EAR83_STU00208,TORONTO_EAR83_0012
TORONTO_EAR83_STU00208,TORONTO_EAR83_0023
TORONTO_EAR83_STU00208,TORONTO_EAR83_0043
TORONTO_EAR83_STU00208,TORONTO_EAR83_0059
TORONTO_EAR83_STU00208,TORONTO_EAR83_0086
TORONTO_EAR83_STU00208,TORONTO_EAR83_0121
TORONTO_EAR83_STU00208,TORONTO_EAR83_0130
TORONTO_EAR83_STU00208,TORONTO_EAR83_0144
TORONTO_EAR83_STU00208,TORONTO_EAR83_0177
TORONTO_EAR83_STU00209,TORONTO_EAR83_0023
TORONTO_EAR83_STU00209,TORONTO_EAR83_0032
TORONTO_EAR83_STU00209,TORONTO_EAR83_0086
TORONTO_EAR83_STU00209,TORONTO_EAR83_0144
TORONTO_EAR83_STU00209,TORONTO_EAR83_0151
TORONTO_EAR83_STU00209,TORONTO_EAR83_0155
TORONTO_EAR83_STU00209,TORONTO_EAR83_0170
TORONTO_EAR83_STU00209,TORONTO_EAR83_0173
TORONTO_EAR83_STU00210,TORONTO_EAR83_0007
TORONTO_EAR83_STU00210,TORONTO_EAR83_0008
TORONTO_EAR83_STU00210,TORONTO_EAR83_0011
TORONTO_EAR83_STU00210,TORONTO_EAR83_0026
TORONTO_EAR83_STU00210,TORONTO_EAR83_0086
TORONTO_EAR83_STU00210,TORONTO_EAR83_0120
TORONTO_EAR83_STU00210,TORONTO_EAR83_0144
TORONTO_EAR83_STU00211,TORONTO_EAR83_0011
TORONTO_EAR83_STU00211,TORONTO_EAR83_0027
TORONTO_EAR83_STU00211,TORONTO_EAR83_0090
TORONTO_EAR83_STU00211,TORONTO_EAR83_0124
TORONTO_EAR83_STU00211,TORONTO_EAR83_0131
TORONTO_EAR83_STU00211,TORONTO_EAR83_0143
TORONTO_EAR83_STU00211,TORONTO_EAR83_0155
TORONTO_EAR83_STU00212,TORONTO_EAR83_0027
TORONTO_EAR83_STU00212,TORONTO_EAR83_0057
TORONTO_EAR83_STU00212,TORONTO_EAR83_0087
TORONTO_EAR83_STU00212,TORONTO_EAR83_0124
TORONTO_EAR83_STU00212,TORONTO_EAR83_0131
TORONTO_EAR83_STU00212,TORONTO_EAR83_0155
TORONTO_EAR83_STU00213,TORONTO_EAR83_0023
TORONTO_EAR83_STU00213,TORONTO_EAR83_0026
TORONTO_EAR83_STU00213,TORONTO_EAR83_0089
TORONTO_EAR83_STU00213,TORONTO_EAR83_0130
TORONTO_EAR83_STU00213,TORONTO_EAR83_0141
TORONTO_EAR83_STU00213,TORONTO_EAR83_0145
TORONTO_EAR83_STU00213,TORONTO_EAR83_0180
TORONTO_EAR83_STU00214,TORONTO_EAR83_0027
TORONTO_EAR83_STU00214,TORONTO_EAR83_0067
TORONTO_EAR83_STU00214,TORONTO_EAR83_0090
TORONTO_EAR83_STU00214,TORONTO_EAR83_0104
TORONTO_EAR83_STU00214,TORONTO_EAR83_0111
TORONTO_EAR83_STU00214,TORONTO_EAR83_0128
TORONTO_EAR83_STU00215,TORONTO_EAR83_0003
TORONTO_EAR83_STU00215,TORONTO_EAR83_0027
TORONTO_EAR83_STU00215,TORONTO_EAR83_0057
TORONTO_EAR83_STU00215,TORONTO_EAR83_0089
TORONTO_EAR83_STU00215,TORONTO_EAR83_0103
TORONTO_EAR83_STU00215,TORONTO_EAR83_0164
TORONTO_EAR83_STU00215,TORONTO_EAR83_0165
TORONTO_EAR83_STU00216,TORONTO_EAR83_0023
TORONTO_EAR83_STU00216,TORONTO_EAR83_0045
TORONTO_EAR83_STU00216,TORONTO_EAR83_0081
TORONTO_EAR83_STU00216,TORONTO_EAR83_0121
TORONTO_EAR83_STU00216,TORONTO_EAR83_0126
TORONTO_EAR83_STU00216,TORONTO_EAR83_0174
TORONTO_EAR83_STU00217,TORONTO_EAR83_0011
TORONTO_EAR83_STU00217,TORONTO_EAR83_0024
TORONTO_EAR83_STU00217,TORONTO_EAR83_0047
TORONTO_EAR83_STU00217,TORONTO_EAR83_0083
TORONTO_EAR83_STU00217,TORONTO_EAR83_0131
TORONTO_EAR83_STU00217,TORONTO_EAR83_0155
TORONTO_EAR83_STU00218,TORONTO_EAR83_0026
TORONTO_EAR83_STU00218,TORONTO_EAR83_0046
TORONTO_EAR83_STU00218,TORONTO_EAR83_0086
TORONTO_EAR83_STU00218,TORONTO_EAR83_0141
TORONTO_EAR83_STU00218,TORONTO_EAR83_0151
TORONTO_EAR83_STU00218,TORONTO_EAR83_0155
TORONTO_EAR83_STU00219,TORONTO_EAR83_0024
TORONTO_EAR83_STU00219,TORONTO_EAR83_0086
TORONTO_EAR83_STU00219,TORONTO_EAR83_0121
TORONTO_EAR83_STU00219,TORONTO_EAR83_0155
TORONTO_EAR83_STU00219,TORONTO_EAR83_0178
TORONTO_EAR83_STU00220,TORONTO_EAR83_0005
TORONTO_EAR83_STU00220,TORONTO_EAR83_0006
TORONTO_EAR83_STU00220,TORONTO_EAR83_0014
TORONTO_EAR83_STU00220,TORONTO_EAR83_0155
TORONTO_EAR83_STU00221,TORONTO_EAR83_0008
TORONTO_EAR83_STU00221,TORONTO_EAR83_0012
TORONTO_EAR83_STU00221,TORONTO_EAR83_0023
TORONTO_EAR83_STU00221,TORONTO_EAR83_0044
TORONTO_EAR83_STU00221,TORONTO_EAR83_0046
TORONTO_EAR83_STU00221,TORONTO_EAR83_0059
TORONTO_EAR83_STU00221,TORONTO_EAR83_0086
TORONTO_EAR83_STU00221,TORONTO_EAR83_0154
TORONTO_EAR83_STU00221,TORONTO_EAR83_0177
TORONTO_EAR83_STU00222,TORONTO_EAR83_0034
TORONTO_EAR83_STU00222,TORONTO_EAR83_0058
TORONTO_EAR83_STU00222,TORONTO_EAR83_0087
TORONTO_EAR83_STU00222,TORONTO_EAR83_0090
TORONTO_EAR83_STU00222,TORONTO_EAR83_0105
TORONTO_EAR83_STU00223,TORONTO_EAR83_0005
TORONTO_EAR83_STU00223,TORONTO_EAR83_0025
TORONTO_EAR83_STU00223,TORONTO_EAR83_0045
TORONTO_EAR83_STU00223,TORONTO_EAR83_0048
TORONTO_EAR83_STU00223,TORONTO_EAR83_0088
TORONTO_EAR83_STU00223,TORONTO_EAR83_0125
TORONTO_EAR83_STU00223,TORONTO_EAR83_0140
TORONTO_EAR83_STU00224,TORONTO_EAR83_0026
TORONTO_EAR83_STU00224,TORONTO_EAR83_0086
TORONTO_EAR83_STU00224,TORONTO_EAR83_0141
TORONTO_EAR83_STU00224,TORONTO_EAR83_0157
TORONTO_EAR83_STU00224,TORONTO_EAR83_0171
TORONTO_EAR83_STU00224,TORONTO_EAR83_0174
TORONTO_EAR83_STU00225,TORONTO_EAR83_0112
TORONTO_EAR83_STU00225,TORONTO_EAR83_0163
TORONTO_EAR83_STU00225,TORONTO_EAR83_0188
TORONTO_EAR83_STU00226,TORONTO_EAR83_0011
TORONTO_EAR83_STU00226,TORONTO_EAR83_0024
TORONTO_EAR83_STU00226,TORONTO_EAR83_0086
TORONTO_EAR83_STU00226,TORONTO_EAR83_0111
TORONTO_EAR83_STU00226,TORONTO_EAR83_0122
TORONTO_EAR83_STU00226,TORONTO_EAR83_0161
TORONTO_EAR83_STU00227,TORONTO_EAR83_0009
TORONTO_EAR83_STU00227,TORONTO_EAR83_0024
TORONTO_EAR83_STU00227,TORONTO_EAR83_0047
TORONTO_EAR83_STU00227,TORONTO_EAR83_0064
TORONTO_EAR83_STU00227,TORONTO_EAR83_0090
TORONTO_EAR83_STU00227,TORONTO_EAR83_0104
TORONTO_EAR83_STU00227,TORONTO_EAR83_0127
TORONTO_EAR83_STU00227,TORONTO_EAR83_0188
TORONTO_EAR83_STU00228,TORONTO_EAR83_0020
TORONTO_EAR83_STU00228,TORONTO_EAR83_0039
TORONTO_EAR83_STU00228,TORONTO_EAR83_0062
TORONTO_EAR83_STU00228,TORONTO_EAR83_0084
TORONTO_EAR83_STU00228,TORONTO_EAR83_0111
TORONTO_EAR83_STU00228,TORONTO_EAR83_0136
TORONTO_EAR83_STU00228,TORONTO_EAR83_0164
TORONTO_EAR83_STU00228,TORONTO_EAR83_0186
TORONTO_EAR83_STU00229,TORONTO_EAR83_0020
TORONTO_EAR83_STU00229,TORONTO_EAR83_0039
TORONTO_EAR83_STU00229,TORONTO_EAR83_0062
TORONTO_EAR83_STU00229,TORONTO_EAR83_0084
TORONTO_EAR83_STU00229,TORONTO_EAR83_0137
TORONTO_EAR83_STU00229,TORONTO_EAR83_0187
TORONTO_EAR83_STU00229,TORONTO_EAR83_0188
TORONTO_EAR83_STU00230,TORONTO_EAR83_0020
TORONTO_EAR83_STU00230,TORONTO_EAR83_0039
TORONTO_EAR83_STU00230,TORONTO_EAR83_0062
TORONTO_EAR83_STU00230,TORONTO_EAR83_0084
TORONTO_EAR83_STU00230,TORONTO_EAR83_0122
TORONTO_EAR83_STU00230,TORONTO_EAR83_0137
TORONTO_EAR83_STU00230,TORONTO_EAR83_0187
TORONTO_EAR83_STU00231,TORONTO_EAR83_0018
TORONTO_EAR83_STU00231,TORONTO_EAR83_0039
TORONTO_EAR83_STU00231,TORONTO_EAR83_0084
TORONTO_EAR83_STU00231,TORONTO_EAR83_0112
TORONTO_EAR83_STU00231,TORONTO_EAR83_0137
TORONTO_EAR83_STU00231,TORONTO_EAR83_0163
TORONTO_EAR83_STU00231,TORONTO_EAR83_0188
TORONTO_EAR83_STU00232,TORONTO_EAR83_0020
TORONTO_EAR83_STU00232,TORONTO_EAR83_0039
TORONTO_EAR83_STU00232,TORONTO_EAR83_0084
TORONTO_EAR83_STU00232,TORONTO_EAR83_0103
TORONTO_EAR83_STU00232,TORONTO_EAR83_0113
TORONTO_EAR83_STU00232,TORONTO_EAR83_0137
TORONTO_EAR83_STU00232,TORONTO_EAR83_0164
TORONTO_EAR83_STU00233,TORONTO_EAR83_0009
TORONTO_EAR83_STU00233,TORONTO_EAR83_0015
TORONTO_EAR83_STU00233,TORONTO_EAR83_0020
TORONTO_EAR83_STU00233,TORONTO_EAR83_0039
TORONTO_EAR83_STU00233,TORONTO_EAR83_0084
TORONTO_EAR83_STU00233,TORONTO_EAR83_0118
TORONTO_EAR83_STU00233,TORONTO_EAR83_0137
TORONTO_EAR83_STU00234,TORONTO_EAR83_0020
TORONTO_EAR83_STU00234,TORONTO_EAR83_0039
TORONTO_EAR83_STU00234,TORONTO_EAR83_0062
TORONTO_EAR83_STU00234,TORONTO_EAR83_0084
TORONTO_EAR83_STU00234,TORONTO_EAR83_0103
TORONTO_EAR83_STU00234,TORONTO_EAR83_0113
TORONTO_EAR83_STU00234,TORONTO_EAR83_0137
TORONTO_EAR83_STU00234,TORONTO_EAR83_0164
TORONTO_EAR83_STU00235,TORONTO_EAR83_0018
TORONTO_EAR83_STU00235,TORONTO_EAR83_0039
TORONTO_EAR83_STU00235,TORONTO_EAR83_0062
TORONTO_EAR83_STU00235,TORONTO_EAR83_0084
TORONTO_EAR83_STU00235,TORONTO_EAR83_0103
TORONTO_EAR83_STU00235,TORONTO_EAR83_0112
TORONTO_EAR83_STU00235,TORONTO_EAR83_0137
TORONTO_EAR83_STU00235,TORONTO_EAR83_0186
TORONTO_EAR83_STU00236,TORONTO_EAR83_0015
TORONTO_EAR83_STU00236,TORONTO_EAR83_0020
TORONTO_EAR83_STU00236,TORONTO_EAR83_0039
TORONTO_EAR83_STU00236,TORONTO_EAR83_0062
TORONTO_EAR83_STU00236,TORONTO_EAR83_0084
TORONTO_EAR83_STU00236,TORONTO_EAR83_0104
TORONTO_EAR83_STU00236,TORONTO_EAR83_0113
TORONTO_EAR83_STU00236,TORONTO_EAR83_0137
TORONTO_EAR83_STU00237,TORONTO_EAR83_0020
TORONTO_EAR83_STU00237,TORONTO_EAR83_0039
TORONTO_EAR83_STU00237,TORONTO_EAR83_0062
TORONTO_EAR83_STU00237,TORONTO_EAR83_0084
TORONTO_EAR83_STU00237,TORONTO_EAR83_0112
TORONTO_EAR83_STU00237,TORONTO_EAR83_0122
TORONTO_EAR83_STU00237,TORONTO_EAR83_0137
TORONTO_EAR83_STU00238,TORONTO_EAR83_0020
TORONTO_EAR83_STU00238,TORONTO_EAR83_0039
TORONTO_EAR83_STU00238,TORONTO_EAR83_0084
TORONTO_EAR83_STU00238,TORONTO_EAR83_0122
TORONTO_EAR83_STU00238,TORONTO_EAR83_0137
TORONTO_EAR83_STU00239,TORONTO_EAR83_0026
TORONTO_EAR83_STU00239,TORONTO_EAR83_0059
TORONTO_EAR83_STU00239,TORONTO_EAR83_0103
TORONTO_EAR83_STU00239,TORONTO_EAR83_0112
TORONTO_EAR83_STU00239,TORONTO_EAR83_0165
TORONTO_EAR83_STU00239,TORONTO_EAR83_0189
TORONTO_EAR83_STU00240,TORONTO_EAR83_0009
TORONTO_EAR83_STU00240,TORONTO_EAR83_0020
TORONTO_EAR83_STU00240,TORONTO_EAR83_0039
TORONTO_EAR83_STU00240,TORONTO_EAR83_0062
TORONTO_EAR83_STU00240,TORONTO_EAR83_0075
TORONTO_EAR83_STU00240,TORONTO_EAR83_0084
TORONTO_EAR83_STU00240,TORONTO_EAR83_0118
TORONTO_EAR83_STU00240,TORONTO_EAR83_0137
TORONTO_EAR83_STU00241,TORONTO_EAR83_0019
TORONTO_EAR83_STU00241,TORONTO_EAR83_0039
TORONTO_EAR83_STU00241,TORONTO_EAR83_0062
TORONTO_EAR83_STU00241,TORONTO_EAR83_0084
TORONTO_EAR83_STU00241,TORONTO_EAR83_0122
TORONTO_EAR83_STU00241,TORONTO_EAR83_0137
TORONTO_EAR83_STU00242,TORONTO_EAR83_0023
TORONTO_EAR83_STU00242,TORONTO_EAR83_0047
TORONTO_EAR83_STU00242,TORONTO_EAR83_0083
TORONTO_EAR83_STU00242,TORONTO_EAR83_0111
TORONTO_EAR83_STU00242,TORONTO_EAR83_0113
TORONTO_EAR83_STU00242,TORONTO_EAR83_0121
TORONTO_EAR83_STU00242,TORONTO_EAR83_0164
TORONTO_EAR83_STU00243,TORONTO_EAR83_0024
TORONTO_EAR83_STU00243,TORONTO_EAR83_0046
TORONTO_EAR83_STU00243,TORONTO_EAR83_0086
TORONTO_EAR83_STU00243,TORONTO_EAR83_0103
TORONTO_EAR83_STU00243,TORONTO_EAR83_0112
TORONTO_EAR83_STU00243,TORONTO_EAR83_0113
TORONTO_EAR83_STU00243,TORONTO_EAR83_0126
TORONTO_EAR83_STU00244,TORONTO_EAR83_0024
TORONTO_EAR83_STU00244,TORONTO_EAR83_0047
TORONTO_EAR83_STU00244,TORONTO_EAR83_0086
TORONTO_EAR83_STU00244,TORONTO_EAR83_0127
TORONTO_EAR83_STU00244,TORONTO_EAR83_0187
TORONTO_EAR83_STU00244,TORONTO_EAR83_0188
TORONTO_EAR83_STU00245,TORONTO_EAR83_0001
TORONTO_EAR83_STU00245,TORONTO_EAR83_0008
TORONTO_EAR83_STU00245,TORONTO_EAR83_0024
TORONTO_EAR83_STU00245,TORONTO_EAR83_0081
TORONTO_EAR83_STU00245,TORONTO_EAR83_0122
TORONTO_EAR83_STU00246,TORONTO_EAR83_0024
TORONTO_EAR83_STU00246,TORONTO_EAR83_0047
TORONTO_EAR83_STU00246,TORONTO_EAR83_0086
TORONTO_EAR83_STU00246,TORONTO_EAR83_0103
TORONTO_EAR83_STU00246,TORONTO_EAR83_0113
TORONTO_EAR83_STU00246,TORONTO_EAR83_0127
TORONTO_EAR83_STU00246,TORONTO_EAR83_0164
TORONTO_EAR83_STU00247,TORONTO_EAR83_0011
TORONTO_EAR83_STU00247,TORONTO_EAR83_0024
TORONTO_EAR83_STU00247,TORONTO_EAR83_0059
TORONTO_EAR83_STU00247,TORONTO_EAR83_0086
TORONTO_EAR83_STU00247,TORONTO_EAR83_0111
TORONTO_EAR83_STU00247,TORONTO_EAR83_0164
TORONTO_EAR83_STU00247,TORONTO_EAR83_0186
TORONTO_EAR83_STU00248,TORONTO_EAR83_0024
TORONTO_EAR83_STU00248,TORONTO_EAR83_0045
TORONTO_EAR83_STU00248,TORONTO_EAR83_0064
TORONTO_EAR83_STU00248,TORONTO_EAR83_0087
TORONTO_EAR83_STU00248,TORONTO_EAR83_0104
TORONTO_EAR83_STU00248,TORONTO_EAR83_0127
TORONTO_EAR83_STU00248,TORONTO_EAR83_0165
TORONTO_EAR83_STU00249,TORONTO_EAR83_0024
TORONTO_EAR83_STU00249,TORONTO_EAR83_0047
TORONTO_EAR83_STU00249,TORONTO_EAR83_0065
TORONTO_EAR83_STU00249,TORONTO_EAR83_0087
TORONTO_EAR83_STU00249,TORONTO_EAR83_0113
TORONTO_EAR83_STU00249,TORONTO_EAR83_0127
TORONTO_EAR83_STU00249,TORONTO_EAR83_0164
TORONTO_EAR83_STU00250,TORONTO_EAR83_0024
TORONTO_EAR83_STU00250,TORONTO_EAR83_0045
TORONTO_EAR83_STU00250,TORONTO_EAR83_0087
TORONTO_EAR83_STU00250,TORONTO_EAR83_0122
TORONTO_EAR83_STU00250,TORONTO_EAR83_0142
TORONTO_EAR83_STU00251,TORONTO_EAR83_0005
TORONTO_EAR83_STU00251,TORONTO_EAR83_0024
TORONTO_EAR83_STU00251,TORONTO_EAR83_0047
TORONTO_EAR83_STU00251,TORONTO_EAR83_0083
TORONTO_EAR83_STU00251,TORONTO_EAR83_0103
TORONTO_EAR83_STU00251,TORONTO_EAR83_0164
TORONTO_EAR83_STU00251,TORONTO_EAR83_0165
TORONTO_EAR83_STU00252,TORONTO_EAR83_0023
TORONTO_EAR83_STU00252,TORONTO_EAR83_0086
TORONTO_EAR83_STU00252,TORONTO_EAR83_0147
TORONTO_EAR83_STU00252,TORONTO_EAR83_0157
TORONTO_EAR83_STU00252,TORONTO_EAR83_0168
TORONTO_EAR83_STU00252,TORONTO_EAR83_0174
TORONTO_EAR83_STU00252,TORONTO_EAR83_0185
TORONTO_EAR83_STU00253,TORONTO_EAR83_0008
TORONTO_EAR83_STU00253,TORONTO_EAR83_0019
TORONTO_EAR83_STU00253,TORONTO_EAR83_0046
TORONTO_EAR83_STU00253,TORONTO_EAR83_0086
TORONTO_EAR83_STU00253,TORONTO_EAR83_0122
TORONTO_EAR83_STU00254,TORONTO_EAR83_0024
TORONTO_EAR83_STU00254,TORONTO_EAR83_0047
TORONTO_EAR83_STU00254,TORONTO_EAR83_0064
TORONTO_EAR83_STU00254,TORONTO_EAR83_0087
TORONTO_EAR83_STU00254,TORONTO_EAR83_0111
TORONTO_EAR83_STU00254,TORONTO_EAR83_0113
TORONTO_EAR83_STU00254,TORONTO_EAR83_0127
TORONTO_EAR83_STU00254,TORONTO_EAR83_0164
TORONTO_EAR83_STU00255,TORONTO_EAR83_0024
TORONTO_EAR83_STU00255,TORONTO_EAR83_0047
TORONTO_EAR83_STU00255,TORONTO_EAR83_0083
TORONTO_EAR83_STU00255,TORONTO_EAR83_0104
TORONTO_EAR83_STU00255,TORONTO_EAR83_0111
TORONTO_EAR83_STU00255,TORONTO_EAR83_0127
TORONTO_EAR83_STU00256,TORONTO_EAR83_0024
TORONTO_EAR83_STU00256,TORONTO_EAR83_0047
TORONTO_EAR83_STU00256,TORONTO_EAR83_0064
TORONTO_EAR83_STU00256,TORONTO_EAR83_0088
TORONTO_EAR83_STU00256,TORONTO_EAR83_0104
TORONTO_EAR83_STU00256,TORONTO_EAR83_0127
TORONTO_EAR83_STU00256,TORONTO_EAR83_0188
TORONTO_EAR83_STU00257,TORONTO_EAR83_0008
TORONTO_EAR83_STU00257,TORONTO_EAR83_0024
TORONTO_EAR83_STU00257,TORONTO_EAR83_0047
TORONTO_EAR83_STU00257,TORONTO_EAR83_0086
TORONTO_EAR83_STU00257,TORONTO_EAR83_0111
TORONTO_EAR83_STU00257,TORONTO_EAR83_0164
TORONTO_EAR83_STU00257,TORONTO_EAR83_0165
TORONTO_EAR83_STU00258,TORONTO_EAR83_0024
TORONTO_EAR83_STU00258,TORONTO_EAR83_0047
TORONTO_EAR83_STU00258,TORONTO_EAR83_0064
TORONTO_EAR83_STU00258,TORONTO_EAR83_0087
TORONTO_EAR83_STU00258,TORONTO_EAR83_0111
TORONTO_EAR83_STU00258,TORONTO_EAR83_0164
TORONTO_EAR83_STU00258,TORONTO_EAR83_0165
TORONTO_EAR83_STU00259,TORONTO_EAR83_0024
TORONTO_EAR83_STU00259,TORONTO_EAR83_0045
TORONTO_EAR83_STU00259,TORONTO_EAR83_0064
TORONTO_EAR83_STU00259,TORONTO_EAR83_0087
TORONTO_EAR83_STU00259,TORONTO_EAR83_0122
TORONTO_EAR83_STU00259,TORONTO_EAR83_0142
TORONTO_EAR83_STU00260,TORONTO_EAR83_0024
TORONTO_EAR83_STU00260,TORONTO_EAR83_0047
TORONTO_EAR83_STU00260,TORONTO_EAR83_0064
TORONTO_EAR83_STU00260,TORONTO_EAR83_0087
TORONTO_EAR83_STU00260,TORONTO_EAR83_0103
TORONTO_EAR83_STU00260,TORONTO_EAR83_0113
TORONTO_EAR83_STU00260,TORONTO_EAR83_0164
TORONTO_EAR83_STU00261,TORONTO_EAR83_0009
TORONTO_EAR83_STU00261,TORONTO_EAR83_0024
TORONTO_EAR83_STU00261,TORONTO_EAR83_0087
TORONTO_EAR83_STU00261,TORONTO_EAR83_0103
TORONTO_EAR83_STU00261,TORONTO_EAR83_0147
TORONTO_EAR83_STU00261,TORONTO_EAR83_0180
TORONTO_EAR83_STU00261,TORONTO_EAR83_0186
TORONTO_EAR83_STU00261,TORONTO_EAR83_0187
TORONTO_EAR83_STU00262,TORONTO_EAR83_0015
TORONTO_EAR83_STU00262,TORONTO_EAR83_0024
TORONTO_EAR83_STU00262,TORONTO_EAR83_0064
TORONTO_EAR83_STU00262,TORONTO_EAR83_0087
TORONTO_EAR83_STU00262,TORONTO_EAR83_0111
TORONTO_EAR83_STU00262,TORONTO_EAR83_0127
TORONTO_EAR83_STU00262,TORONTO_EAR83_0164
TORONTO_EAR83_STU00263,TORONTO_EAR83_0003
TORONTO_EAR83_STU00263,TORONTO_EAR83_0010
TORONTO_EAR83_STU00263,TORONTO_EAR83_0025
TORONTO_EAR83_STU00263,TORONTO_EAR83_0048
TORONTO_EAR83_STU00263,TORONTO_EAR83_0066
TORONTO_EAR83_STU00263,TORONTO_EAR83_0088
TORONTO_EAR83_STU00263,TORONTO_EAR83_0125
TORONTO_EAR83_STU00263,TORONTO_EAR83_0140
TORONTO_EAR83_STU00264,TORONTO_EAR83_0025
TORONTO_EAR83_STU00264,TORONTO_EAR83_0048
TORONTO_EAR83_STU00264,TORONTO_EAR83_0066
TORONTO_EAR83_STU00264,TORONTO_EAR83_0088
TORONTO_EAR83_STU00264,TORONTO_EAR83_0095
TORONTO_EAR83_STU00264,TORONTO_EAR83_0121
TORONTO_EAR83_STU00264,TORONTO_EAR83_0125
TORONTO_EAR83_STU00264,TORONTO_EAR83_0140
TORONTO_EAR83_STU00265,TORONTO_EAR83_0004
TORONTO_EAR83_STU00265,TORONTO_EAR83_0010
TORONTO_EAR83_STU00265,TORONTO_EAR83_0025
TORONTO_EAR83_STU00265,TORONTO_EAR83_0048
TORONTO_EAR83_STU00265,TORONTO_EAR83_0066
TORONTO_EAR83_STU00265,TORONTO_EAR83_0088
TORONTO_EAR83_STU00265,TORONTO_EAR83_0125
TORONTO_EAR83_STU00265,TORONTO_EAR83_0140
TORONTO_EAR83_STU00266,TORONTO_EAR83_0013
TORONTO_EAR83_STU00266,TORONTO_EAR83_0025
TORONTO_EAR83_STU00266,TORONTO_EAR83_0048
TORONTO_EAR83_STU00266,TORONTO_EAR83_0066
TORONTO_EAR83_STU00266,TORONTO_EAR83_0073
TORONTO_EAR83_STU00266,TORONTO_EAR83_0088
TORONTO_EAR83_STU00266,TORONTO_EAR83_0120
TORONTO_EAR83_STU00266,TORONTO_EAR83_0125
TORONTO_EAR83_STU00267,TORONTO_EAR83_0025
TORONTO_EAR83_STU00267,TORONTO_EAR83_0057
TORONTO_EAR83_STU00267,TORONTO_EAR83_0066
TORONTO_EAR83_STU00267,TORONTO_EAR83_0088
TORONTO_EAR83_STU00267,TORONTO_EAR83_0125
TORONTO_EAR83_STU00267,TORONTO_EAR83_0132
TORONTO_EAR83_STU00267,TORONTO_EAR83_0140
TORONTO_EAR83_STU00268,TORONTO_EAR83_0010
TORONTO_EAR83_STU00268,TORONTO_EAR83_0025
TORONTO_EAR83_STU00268,TORONTO_EAR83_0088
TORONTO_EAR83_STU00268,TORONTO_EAR83_0125
TORONTO_EAR83_STU00268,TORONTO_EAR83_0140
TORONTO_EAR83_STU00268,TORONTO_EAR83_0176
TORONTO_EAR83_STU00268,TORONTO_EAR83_0180
TORONTO_EAR83_STU00269,TORONTO_EAR83_0025
TORONTO_EAR83_STU00269,TORONTO_EAR83_0048
TORONTO_EAR83_STU00269,TORONTO_EAR83_0066
TORONTO_EAR83_STU00269,TORONTO_EAR83_0075
TORONTO_EAR83_STU00269,TORONTO_EAR83_0088
TORONTO_EAR83_STU00269,TORONTO_EAR83_0095
TORONTO_EAR83_STU00269,TORONTO_EAR83_0125
TORONTO_EAR83_STU00269,TORONTO_EAR83_0140
TORONTO_EAR83_STU00270,TORONTO_EAR83_0004
TORONTO_EAR83_STU00270,TORONTO_EAR83_0010
TORONTO_EAR83_STU00270,TORONTO_EAR83_0025
TORONTO_EAR83_STU00270,TORONTO_EAR83_0045
TORONTO_EAR83_STU00270,TORONTO_EAR83_0066
TORONTO_EAR83_STU00270,TORONTO_EAR83_0088
TORONTO_EAR83_STU00270,TORONTO_EAR83_0125
TORONTO_EAR83_STU00270,TORONTO_EAR83_0140
TORONTO_EAR83_STU00271,TORONTO_EAR83_0003
TORONTO_EAR83_STU00271,TORONTO_EAR83_0025
TORONTO_EAR83_STU00271,TORONTO_EAR83_0066
TORONTO_EAR83_STU00271,TORONTO_EAR83_0088
TORONTO_EAR83_STU00271,TORONTO_EAR83_0125
TORONTO_EAR83_STU00271,TORONTO_EAR83_0140
TORONTO_EAR83_STU00271,TORONTO_EAR83_0147
TORONTO_EAR83_STU00271,TORONTO_EAR83_0180
TORONTO_EAR83_STU00272,TORONTO_EAR83_0004
TORONTO_EAR83_STU00272,TORONTO_EAR83_0010
TORONTO_EAR83_STU00272,TORONTO_EAR83_0025
TORONTO_EAR83_STU00272,TORONTO_EAR83_0048
TORONTO_EAR83_STU00272,TORONTO_EAR83_0088
TORONTO_EAR83_STU00272,TORONTO_EAR83_0125
TORONTO_EAR83_STU00272,TORONTO_EAR83_0140
TORONTO_EAR83_STU00273,TORONTO_EAR83_0010
TORONTO_EAR83_STU00273,TORONTO_EAR83_0012
TORONTO_EAR83_STU00273,TORONTO_EAR83_0025
TORONTO_EAR83_STU00273,TORONTO_EAR83_0048
TORONTO_EAR83_STU00273,TORONTO_EAR83_0066
TORONTO_EAR83_STU00273,TORONTO_EAR83_0088
TORONTO_EAR83_STU00273,TORONTO_EAR83_0125
TORONTO_EAR83_STU00273,TORONTO_EAR83_0140
TORONTO_EAR83_STU00274,TORONTO_EAR83_0013
TORONTO_EAR83_STU00274,TORONTO_EAR83_0025
TORONTO_EAR83_STU00274,TORONTO_EAR83_0048
TORONTO_EAR83_STU00274,TORONTO_EAR83_0066
TORONTO_EAR83_STU00274,TORONTO_EAR83_0088
TORONTO_EAR83_STU00274,TORONTO_EAR83_0125
TORONTO_EAR83_STU00274,TORONTO_EAR83_0140
TORONTO_EAR83_STU00275,TORONTO_EAR83_0010
TORONTO_EAR83_STU00275,TORONTO_EAR83_0025
TORONTO_EAR83_STU00275,TORONTO_EAR83_0048
TORONTO_EAR83_STU00275,TORONTO_EAR83_0064
TORONTO_EAR83_STU00275,TORONTO_EAR83_0088
TORONTO_EAR83_STU00275,TORONTO_EAR83_0125
TORONTO_EAR83_STU00275,TORONTO_EAR83_0140
TORONTO_EAR83_STU00276,TORONTO_EAR83_0025
TORONTO_EAR83_STU00276,TORONTO_EAR83_0048
TORONTO_EAR83_STU00276,TORONTO_EAR83_0063
TORONTO_EAR83_STU00276,TORONTO_EAR83_0085
TORONTO_EAR83_STU00276,TORONTO_EAR83_0094
TORONTO_EAR83_STU00276,TORONTO_EAR83_0125
TORONTO_EAR83_STU00276,TORONTO_EAR83_0140
TORONTO_EAR83_STU00277,TORONTO_EAR83_0003
TORONTO_EAR83_STU00277,TORONTO_EAR83_0010
TORONTO_EAR83_STU00277,TORONTO_EAR83_0025
TORONTO_EAR83_STU00277,TORONTO_EAR83_0048
TORONTO_EAR83_STU00277,TORONTO_EAR83_0066
TORONTO_EAR83_STU00277,TORONTO_EAR83_0088
TORONTO_EAR83_STU00277,TORONTO_EAR83_0125
TORONTO_EAR83_STU00277,TORONTO_EAR83_0140
TORONTO_EAR83_STU00278,TORONTO_EAR83_0003
TORONTO_EAR83_STU00278,TORONTO_EAR83_0010
TORONTO_EAR83_STU00278,TORONTO_EAR83_0025
TORONTO_EAR83_STU00278,TORONTO_EAR83_0048
TORONTO_EAR83_STU00278,TORONTO_EAR83_0088
TORONTO_EAR83_STU00278,TORONTO_EAR83_0125
TORONTO_EAR83_STU00278,TORONTO_EAR83_0140
TORONTO_EAR83_STU00279,TORONTO_EAR83_0025
TORONTO_EAR83_STU00279,TORONTO_EAR83_0063
TORONTO_EAR83_STU00279,TORONTO_EAR83_0088
TORONTO_EAR83_STU00279,TORONTO_EAR83_0121
TORONTO_EAR83_STU00279,TORONTO_EAR83_0125
TORONTO_EAR83_STU00279,TORONTO_EAR83_0140
TORONTO_EAR83_STU00279,TORONTO_EAR83_0147
TORONTO_EAR83_STU00280,TORONTO_EAR83_0025
TORONTO_EAR83_STU00280,TORONTO_EAR83_0048
TORONTO_EAR83_STU00280,TORONTO_EAR83_0066
TORONTO_EAR83_STU00280,TORONTO_EAR83_0091
TORONTO_EAR83_STU00280,TORONTO_EAR83_0095
TORONTO_EAR83_STU00280,TORONTO_EAR83_0125
TORONTO_EAR83_STU00280,TORONTO_EAR83_0140
TORONTO_EAR83_STU00281,TORONTO_EAR83_0010
TORONTO_EAR83_STU00281,TORONTO_EAR83_0025
TORONTO_EAR83_STU00281,TORONTO_EAR83_0045
TORONTO_EAR83_STU00281,TORONTO_EAR83_0048
TORONTO_EAR83_STU00281,TORONTO_EAR83_0066
TORONTO_EAR83_STU00281,TORONTO_EAR83_0088
TORONTO_EAR83_STU00281,TORONTO_EAR83_0125
TORONTO_EAR83_STU00281,TORONTO_EAR83_0140
TORONTO_EAR83_STU00282,TORONTO_EAR83_0003
TORONTO_EAR83_STU00282,TORONTO_EAR83_0025
TORONTO_EAR83_STU00282,TORONTO_EAR83_0048
TORONTO_EAR83_STU00282,TORONTO_EAR83_0065
TORONTO_EAR83_STU00282,TORONTO_EAR83_0088
TORONTO_EAR83_STU00282,TORONTO_EAR83_0121
TORONTO_EAR83_STU00282,TORONTO_EAR83_0125
TORONTO_EAR83_STU00282,TORONTO_EAR83_0140
TORONTO_EAR83_STU00283,TORONTO_EAR83_0025
TORONTO_EAR83_STU00283,TORONTO_EAR83_0034
TORONTO_EAR83_STU00283,TORONTO_EAR83_0066
TORONTO_EAR83_STU00283,TORONTO_EAR83_0091
TORONTO_EAR83_STU00283,TORONTO_EAR83_0125
TORONTO_EAR83_STU00283,TORONTO_EAR83_0140
TORONTO_EAR83_STU00284,TORONTO_EAR83_0013
TORONTO_EAR83_STU00284,TORONTO_EAR83_0025
TORONTO_EAR83_STU00284,TORONTO_EAR83_0048
TORONTO_EAR83_STU00284,TORONTO_EAR83_0066
TORONTO_EAR83_STU00284,TORONTO_EAR83_0073
TORONTO_EAR83_STU00284,TORONTO_EAR83_0088
TORONTO_EAR83_STU00284,TORONTO_EAR83_0120
TORONTO_EAR83_STU00284,TORONTO_EAR83_0125
TORONTO_EAR83_STU00285,TORONTO_EAR83_0010
TORONTO_EAR83_STU00285,TORONTO_EAR83_0025
TORONTO_EAR83_STU00285,TORONTO_EAR83_0048
TORONTO_EAR83_STU00285,TORONTO_EAR83_0066
TORONTO_EAR83_STU00285,TORONTO_EAR83_0088
TORONTO_EAR83_STU00285,TORONTO_EAR83_0125
TORONTO_EAR83_STU00285,TORONTO_EAR83_0140
TORONTO_EAR83_STU00286,TORONTO_EAR83_0003
TORONTO_EAR83_STU00286,TORONTO_EAR83_0010
TORONTO_EAR83_STU00286,TORONTO_EAR83_0025
TORONTO_EAR83_STU00286,TORONTO_EAR83_0048
TORONTO_EAR83_STU00286,TORONTO_EAR83_0066
TORONTO_EAR83_STU00286,TORONTO_EAR83_0088
TORONTO_EAR83_STU00286,TORONTO_EAR83_0125
TORONTO_EAR83_STU00286,TORONTO_EAR83_0140
TORONTO_EAR83_STU00287,TORONTO_EAR83_0011
TORONTO_EAR83_STU00287,TORONTO_EAR83_0025
TORONTO_EAR83_STU00287,TORONTO_EAR83_0048
TORONTO_EAR83_STU00287,TORONTO_EAR83_0064
TORONTO_EAR83_STU00287,TORONTO_EAR83_0088
TORONTO_EAR83_STU00287,TORONTO_EAR83_0120
TORONTO_EAR83_STU00287,TORONTO_EAR83_0125
TORONTO_EAR83_STU00287,TORONTO_EAR83_0140
TORONTO_EAR83_STU00288,TORONTO_EAR83_0010
TORONTO_EAR83_STU00288,TORONTO_EAR83_0025
TORONTO_EAR83_STU00288,TORONTO_EAR83_0048
TORONTO_EAR83_STU00288,TORONTO_EAR83_0066
TORONTO_EAR83_STU00288,TORONTO_EAR83_0088
TORONTO_EAR83_STU00288,TORONTO_EAR83_0140
TORONTO_EAR83_STU00288,TORONTO_EAR83_0151
TORONTO_EAR83_STU00288,TORONTO_EAR83_0189
TORONTO_EAR83_STU00289,TORONTO_EAR83_0010
TORONTO_EAR83_STU00289,TORONTO_EAR83_0025
TORONTO_EAR83_STU00289,TORONTO_EAR83_0048
TORONTO_EAR83_STU00289,TORONTO_EAR83_0064
TORONTO_EAR83_STU00289,TORONTO_EAR83_0088
TORONTO_EAR83_STU00289,TORONTO_EAR83_0125
TORONTO_EAR83_STU00289,TORONTO_EAR83_0140
TORONTO_EAR83_STU00289,TORONTO_EAR83_0180
TORONTO_EAR83_STU00290,TORONTO_EAR83_0025
TORONTO_EAR83_STU00290,TORONTO_EAR83_0048
TORONTO_EAR83_STU00290,TORONTO_EAR83_0066
TORONTO_EAR83_STU00290,TORONTO_EAR83_0088
TORONTO_EAR83_STU00290,TORONTO_EAR83_0095
TORONTO_EAR83_STU00290,TORONTO_EAR83_0120
TORONTO_EAR83_STU00290,TORONTO_EAR83_0125
TORONTO_EAR83_STU00290,TORONTO_EAR83_0140
TORONTO_EAR83_STU00291,TORONTO_EAR83_0025
TORONTO_EAR83_STU00291,TORONTO_EAR83_0048
TORONTO_EAR83_STU00291,TORONTO_EAR83_0066
TORONTO_EAR83_STU00291,TORONTO_EAR83_0073
TORONTO_EAR83_STU00291,TORONTO_EAR83_0088
TORONTO_EAR83_STU00291,TORONTO_EAR83_0095
TORONTO_EAR83_STU00291,TORONTO_EAR83_0125
TORONTO_EAR83_STU00291,TORONTO_EAR83_0140
TORONTO_EAR83_STU00292,TORONTO_EAR83_0025
TORONTO_EAR83_STU00292,TORONTO_EAR83_0048
TORONTO_EAR83_STU00292,TORONTO_EAR83_0066
TORONTO_EAR83_STU00292,TORONTO_EAR83_0088
TORONTO_EAR83_STU00292,TORONTO_EAR83_0095
TORONTO_EAR83_STU00292,TORONTO_EAR83_0120
TORONTO_EAR83_STU00292,TORONTO_EAR83_0125
TORONTO_EAR83_STU00292,TORONTO_EAR83_0140
TORONTO_EAR83_STU00293,TORONTO_EAR83_0025
TORONTO_EAR83_STU00293,TORONTO_EAR83_0048
TORONTO_EAR83_STU00293,TORONTO_EAR83_0066
TORONTO_EAR83_STU00293,TORONTO_EAR83_0088
TORONTO_EAR83_STU00293,TORONTO_EAR83_0120
TORONTO_EAR83_STU00293,TORONTO_EAR83_0125
TORONTO_EAR83_STU00293,TORONTO_EAR83_0140
TORONTO_EAR83_STU00294,TORONTO_EAR83_0025
TORONTO_EAR83_STU00294,TORONTO_EAR83_0064
TORONTO_EAR83_STU00294,TORONTO_EAR83_0073
TORONTO_EAR83_STU00294,TORONTO_EAR83_0088
TORONTO_EAR83_STU00294,TORONTO_EAR83_0095
TORONTO_EAR83_STU00294,TORONTO_EAR83_0125
TORONTO_EAR83_STU00294,TORONTO_EAR83_0140
TORONTO_EAR83_STU00295,TORONTO_EAR83_0025
TORONTO_EAR83_STU00295,TORONTO_EAR83_0048
TORONTO_EAR83_STU00295,TORONTO_EAR83_0062
TORONTO_EAR83_STU00295,TORONTO_EAR83_0088
TORONTO_EAR83_STU00295,TORONTO_EAR83_0095
TORONTO_EAR83_STU00295,TORONTO_EAR83_0125
TORONTO_EAR83_STU00295,TORONTO_EAR83_0140
TORONTO_EAR83_STU00295,TORONTO_EAR83_0159
TORONTO_EAR83_STU00296,TORONTO_EAR83_0003
TORONTO_EAR83_STU00296,TORONTO_EAR83_0010
TORONTO_EAR83_STU00296,TORONTO_EAR83_0025
TORONTO_EAR83_STU00296,TORONTO_EAR83_0048
TORONTO_EAR83_STU00296,TORONTO_EAR83_0066
TORONTO_EAR83_STU00296,TORONTO_EAR83_0088
TORONTO_EAR83_STU00296,TORONTO_EAR83_0125
TORONTO_EAR83_STU00296,TORONTO_EAR83_0140
TORONTO_EAR83_STU00297,TORONTO_EAR83_0003
TORONTO_EAR83_STU00297,TORONTO_EAR83_0025
TORONTO_EAR83_STU00297,TORONTO_EAR83_0048
TORONTO_EAR83_STU00297,TORONTO_EAR83_0064
TORONTO_EAR83_STU00297,TORONTO_EAR83_0073
TORONTO_EAR83_STU00297,TORONTO_EAR83_0088
TORONTO_EAR83_STU00297,TORONTO_EAR83_0125
TORONTO_EAR83_STU00297,TORONTO_EAR83_0140
TORONTO_EAR83_STU00298,TORONTO_EAR83_0011
TORONTO_EAR83_STU00298,TORONTO_EAR83_0025
TORONTO_EAR83_STU00298,TORONTO_EAR83_0048
TORONTO_EAR83_STU00298,TORONTO_EAR83_0062
TORONTO_EAR83_STU00298,TORONTO_EAR83_0085
TORONTO_EAR83_STU00298,TORONTO_EAR83_0121
TORONTO_EAR83_STU00298,TORONTO_EAR83_0125
TORONTO_EAR83_STU00298,TORONTO_EAR83_0140
TORONTO_EAR83_STU00299,TORONTO_EAR83_0010
TORONTO_EAR83_STU00299,TORONTO_EAR83_0025
TORONTO_EAR83_STU00299,TORONTO_EAR83_0064
TORONTO_EAR83_STU00299,TORONTO_EAR83_0088
TORONTO_EAR83_STU00299,TORONTO_EAR83_0094
TORONTO_EAR83_STU00299,TORONTO_EAR83_0121
TORONTO_EAR83_STU00299,TORONTO_EAR83_0125
TORONTO_EAR83_STU00299,TORONTO_EAR83_0140
TORONTO_EAR83_STU00300,TORONTO_EAR83_0009
TORONTO_EAR83_STU00300,TORONTO_EAR83_0024
TORONTO_EAR83_STU00300,TORONTO_EAR83_0047
TORONTO_EAR83_STU00300,TORONTO_EAR83_0064
TORONTO_EAR83_STU00300,TORONTO_EAR83_0087
TORONTO_EAR83_STU00300,TORONTO_EAR83_0112
TORONTO_EAR83_STU00300,TORONTO_EAR83_0188
TORONTO_EAR83_STU00301,TORONTO_EAR83_0009
TORONTO_EAR83_STU00301,TORONTO_EAR83_0024
TORONTO_EAR83_STU00301,TORONTO_EAR83_0047
TORONTO_EAR83_STU00301,TORONTO_EAR83_0064
TORONTO_EAR83_STU00301,TORONTO_EAR83_0087
TORONTO_EAR83_STU00301,TORONTO_EAR83_0104
TORONTO_EAR83_STU00301,TORONTO_EAR83_0111
TORONTO_EAR83_STU00301,TORONTO_EAR83_0186
TORONTO_EAR83_STU00302,TORONTO_EAR83_0024
TORONTO_EAR83_STU00302,TORONTO_EAR83_0047
TORONTO_EAR83_STU00302,TORONTO_EAR83_0064
TORONTO_EAR83_STU00302,TORONTO_EAR83_0087
TORONTO_EAR83_STU00302,TORONTO_EAR83_0112
TORONTO_EAR83_STU00302,TORONTO_EAR83_0131
TORONTO_EAR83_STU00302,TORONTO_EAR83_0188
TORONTO_EAR83_STU00303,TORONTO_EAR83_0023
TORONTO_EAR83_STU00303,TORONTO_EAR83_0045
TORONTO_EAR83_STU00303,TORONTO_EAR83_0087
TORONTO_EAR83_STU00303,TORONTO_EAR83_0104
TORONTO_EAR83_STU00303,TORONTO_EAR83_0121
TORONTO_EAR83_STU00303,TORONTO_EAR83_0142
TORONTO_EAR83_STU00304,TORONTO_EAR83_0003
TORONTO_EAR83_STU00304,TORONTO_EAR83_0027
TORONTO_EAR83_STU00304,TORONTO_EAR83_0064
TORONTO_EAR83_STU00304,TORONTO_EAR83_0087
TORONTO_EAR83_STU00304,TORONTO_EAR83_0112
TORONTO_EAR83_STU00304,TORONTO_EAR83_0127
TORONTO_EAR83_STU00304,TORONTO_EAR83_0186
TORONTO_EAR83_STU00305,TORONTO_EAR83_0009
TORONTO_EAR83_STU00305,TORONTO_EAR83_0024
TORONTO_EAR83_STU00305,TORONTO_EAR83_0047
TORONTO_EAR83_STU00305,TORONTO_EAR83_0064
TORONTO_EAR83_STU00305,TORONTO_EAR83_0087
TORONTO_EAR83_STU00305,TORONTO_EAR83_0104
TORONTO_EAR83_STU00305,TORONTO_EAR83_0165
TORONTO_EAR83_STU00306,TORONTO_EAR83_0024
TORONTO_EAR83_STU00306,TORONTO_EAR83_0047
TORONTO_EAR83_STU00306,TORONTO_EAR83_0064
TORONTO_EAR83_STU00306,TORONTO_EAR83_0087
TORONTO_EAR83_STU00306,TORONTO_EAR83_0112
TORONTO_EAR83_STU00306,TORONTO_EAR83_0127
TORONTO_EAR83_STU00306,TORONTO_EAR83_0165
TORONTO_EAR83_STU00307,TORONTO_EAR83_0024
TORONTO_EAR83_STU00307,TORONTO_EAR83_0047
TORONTO_EAR83_STU00307,TORONTO_EAR83_0064
TORONTO_EAR83_STU00307,TORONTO_EAR83_0087
TORONTO_EAR83_STU00307,TORONTO_EAR83_0113
TORONTO_EAR83_STU00307,TORONTO_EAR83_0127
TORONTO_EAR83_STU00307,TORONTO_EAR83_0164
TORONTO_EAR83_STU00308,TORONTO_EAR83_0024
TORONTO_EAR83_STU00308,TORONTO_EAR83_0047
TORONTO_EAR83_STU00308,TORONTO_EAR83_0087
TORONTO_EAR83_STU00308,TORONTO_EAR83_0104
TORONTO_EAR83_STU00308,TORONTO_EAR83_0131
TORONTO_EAR83_STU00308,TORONTO_EAR83_0163
TORONTO_EAR83_STU00308,TORONTO_EAR83_0188
TORONTO_EAR83_STU00309,TORONTO_EAR83_0024
TORONTO_EAR83_STU00309,TORONTO_EAR83_0047
TORONTO_EAR83_STU00309,TORONTO_EAR83_0064
TORONTO_EAR83_STU00309,TORONTO_EAR83_0087
TORONTO_EAR83_STU00309,TORONTO_EAR83_0112
TORONTO_EAR83_STU00309,TORONTO_EAR83_0127
TORONTO_EAR83_STU00309,TORONTO_EAR83_0165
TORONTO_EAR83_STU00310,TORONTO_EAR83_0024
TORONTO_EAR83_STU00310,TORONTO_EAR83_0047
TORONTO_EAR83_STU00310,TORONTO_EAR83_0064
TORONTO_EAR83_STU00310,TORONTO_EAR83_0087
TORONTO_EAR83_STU00310,TORONTO_EAR83_0163
TORONTO_EAR83_STU00310,TORONTO_EAR83_0186
TORONTO_EAR83_STU00310,TORONTO_EAR83_0187
TORONTO_EAR83_STU00311,TORONTO_EAR83_0024
TORONTO_EAR83_STU00311,TORONTO_EAR83_0047
TORONTO_EAR83_STU00311,TORONTO_EAR83_0064
TORONTO_EAR83_STU00311,TORONTO_EAR83_0103
TORONTO_EAR83_STU00311,TORONTO_EAR83_0113
TORONTO_EAR83_STU00311,TORONTO_EAR83_0127
TORONTO_EAR83_STU00311,TORONTO_EAR83_0164
TORONTO_EAR83_STU00312,TORONTO_EAR83_0024
TORONTO_EAR83_STU00312,TORONTO_EAR83_0047
TORONTO_EAR83_STU00312,TORONTO_EAR83_0087
TORONTO_EAR83_STU00312,TORONTO_EAR83_0113
TORONTO_EAR83_STU00312,TORONTO_EAR83_0127
TORONTO_EAR83_STU00312,TORONTO_EAR83_0163
TORONTO_EAR83_STU00312,TORONTO_EAR83_0187
TORONTO_EAR83_STU00313,TORONTO_EAR83_0024
TORONTO_EAR83_STU00313,TORONTO_EAR83_0064
TORONTO_EAR83_STU00313,TORONTO_EAR83_0072
TORONTO_EAR83_STU00313,TORONTO_EAR83_0087
TORONTO_EAR83_STU00313,TORONTO_EAR83_0111
TORONTO_EAR83_STU00313,TORONTO_EAR83_0164
TORONTO_EAR83_STU00313,TORONTO_EAR83_0165
TORONTO_EAR83_STU00314,TORONTO_EAR83_0009
TORONTO_EAR83_STU00314,TORONTO_EAR83_0020
TORONTO_EAR83_STU00314,TORONTO_EAR83_0087
TORONTO_EAR83_STU00314,TORONTO_EAR83_0112
TORONTO_EAR83_STU00314,TORONTO_EAR83_0113
TORONTO_EAR83_STU00314,TORONTO_EAR83_0127
TORONTO_EAR83_STU00314,TORONTO_EAR83_0131
TORONTO_EAR83_STU00315,TORONTO_EAR83_0024
TORONTO_EAR83_STU00315,TORONTO_EAR83_0047
TORONTO_EAR83_STU00315,TORONTO_EAR83_0064
TORONTO_EAR83_STU00315,TORONTO_EAR83_0083
TORONTO_EAR83_STU00315,TORONTO_EAR83_0127
TORONTO_EAR83_STU00315,TORONTO_EAR83_0187
TORONTO_EAR83_STU00315,TORONTO_EAR83_0188
TORONTO_EAR83_STU00316,TORONTO_EAR83_0009
TORONTO_EAR83_STU00316,TORONTO_EAR83_0024
TORONTO_EAR83_STU00316,TORONTO_EAR83_0047
TORONTO_EAR83_STU00316,TORONTO_EAR83_0064
TORONTO_EAR83_STU00316,TORONTO_EAR83_0087
TORONTO_EAR83_STU00316,TORONTO_EAR83_0112
TORONTO_EAR83_STU00316,TORONTO_EAR83_0165
TORONTO_EAR83_STU00317,TORONTO_EAR83_0024
TORONTO_EAR83_STU00317,TORONTO_EAR83_0064
TORONTO_EAR83_STU00317,TORONTO_EAR83_0087
TORONTO_EAR83_STU00317,TORONTO_EAR83_0104
TORONTO_EAR83_STU00317,TORONTO_EAR83_0113
TORONTO_EAR83_STU00317,TORONTO_EAR83_0127
TORONTO_EAR83_STU00317,TORONTO_EAR83_0163
TORONTO_EAR83_STU00318,TORONTO_EAR83_0009
TORONTO_EAR83_STU00318,TORONTO_EAR83_0024
TORONTO_EAR83_STU00318,TORONTO_EAR83_0047
TORONTO_EAR83_STU00318,TORONTO_EAR83_0087
TORONTO_EAR83_STU00318,TORONTO_EAR83_0127
TORONTO_EAR83_STU00318,TORONTO_EAR83_0187
TORONTO_EAR83_STU00318,TORONTO_EAR83_0188
TORONTO_EAR83_STU00319,TORONTO_EAR83_0001
TORONTO_EAR83_STU00319,TORONTO_EAR83_0023
TORONTO_EAR83_STU00319,TORONTO_EAR83_0043
TORONTO_EAR83_STU00319,TORONTO_EAR83_0055
TORONTO_EAR83_STU00319,TORONTO_EAR83_0059
TORONTO_EAR83_STU00319,TORONTO_EAR83_0136
TORONTO_EAR83_STU00319,TORONTO_EAR83_0157
TORONTO_EAR83_STU00320,TORONTO_EAR83_0024
TORONTO_EAR83_STU00320,TORONTO_EAR83_0047
TORONTO_EAR83_STU00320,TORONTO_EAR83_0064
TORONTO_EAR83_STU00320,TORONTO_EAR83_0087
TORONTO_EAR83_STU00320,TORONTO_EAR83_0104
TORONTO_EAR83_STU00320,TORONTO_EAR83_0113
TORONTO_EAR83_STU00320,TORONTO_EAR83_0131
TORONTO_EAR83_STU00321,TORONTO_EAR83_0009
TORONTO_EAR83_STU00321,TORONTO_EAR83_0024
TORONTO_EAR83_STU00321,TORONTO_EAR83_0087
TORONTO_EAR83_STU00321,TORONTO_EAR83_0112
TORONTO_EAR83_STU00321,TORONTO_EAR83_0113
TORONTO_EAR83_STU00321,TORONTO_EAR83_0127
TORONTO_EAR83_STU00321,TORONTO_EAR83_0163
TORONTO_EAR83_STU00322,TORONTO_EAR83_0023
TORONTO_EAR83_STU00322,TORONTO_EAR83_0046
TORONTO_EAR83_STU00322,TORONTO_EAR83_0086
TORONTO_EAR83_STU00322,TORONTO_EAR83_0103
TORONTO_EAR83_STU00322,TORONTO_EAR83_0113
TORONTO_EAR83_STU00322,TORONTO_EAR83_0121
TORONTO_EAR83_STU00322,TORONTO_EAR83_0164
TORONTO_EAR83_STU00323,TORONTO_EAR83_0020
TORONTO_EAR83_STU00323,TORONTO_EAR83_0039
TORONTO_EAR83_STU00323,TORONTO_EAR83_0047
TORONTO_EAR83_STU00323,TORONTO_EAR83_0059
TORONTO_EAR83_STU00323,TORONTO_EAR83_0103
TORONTO_EAR83_STU00323,TORONTO_EAR83_0127
TORONTO_EAR83_STU00323,TORONTO_EAR83_0164
TORONTO_EAR83_STU00323,TORONTO_EAR83_0165
TORONTO_EAR83_STU00324,TORONTO_EAR83_0024
TORONTO_EAR83_STU00324,TORONTO_EAR83_0047
TORONTO_EAR83_STU00324,TORONTO_EAR83_0086
TORONTO_EAR83_STU00324,TORONTO_EAR83_0104
TORONTO_EAR83_STU00324,TORONTO_EAR83_0127
TORONTO_EAR83_STU00324,TORONTO_EAR83_0163
TORONTO_EAR83_STU00325,TORONTO_EAR83_0028
TORONTO_EAR83_STU00325,TORONTO_EAR83_0060
TORONTO_EAR83_STU00325,TORONTO_EAR83_0069
TORONTO_EAR83_STU00325,TORONTO_EAR83_0091
TORONTO_EAR83_STU00325,TORONTO_EAR83_0096
TORONTO_EAR83_STU00325,TORONTO_EAR83_0129
TORONTO_EAR83_STU00325,TORONTO_EAR83_0132
TORONTO_EAR83_STU00325,TORONTO_EAR83_0167
TORONTO_EAR83_STU00326,TORONTO_EAR83_0013
TORONTO_EAR83_STU00326,TORONTO_EAR83_0028
TORONTO_EAR83_STU00326,TORONTO_EAR83_0069
TORONTO_EAR83_STU00326,TORONTO_EAR83_0091
TORONTO_EAR83_STU00326,TORONTO_EAR83_0129
TORONTO_EAR83_STU00326,TORONTO_EAR83_0132
TORONTO_EAR83_STU00326,TORONTO_EAR83_0180
TORONTO_EAR83_STU00327,TORONTO_EAR83_0013
TORONTO_EAR83_STU00327,TORONTO_EAR83_0028
TORONTO_EAR83_STU00327,TORONTO_EAR83_0069
TORONTO_EAR83_STU00327,TORONTO_EAR83_0077
TORONTO_EAR83_STU00327,TORONTO_EAR83_0078
TORONTO_EAR83_STU00327,TORONTO_EAR83_0129
TORONTO_EAR83_STU00327,TORONTO_EAR83_0132
TORONTO_EAR83_STU00328,TORONTO_EAR83_0028
TORONTO_EAR83_STU00328,TORONTO_EAR83_0048
TORONTO_EAR83_STU00328,TORONTO_EAR83_0069
TORONTO_EAR83_STU00328,TORONTO_EAR83_0090
TORONTO_EAR83_STU00328,TORONTO_EAR83_0123
TORONTO_EAR83_STU00328,TORONTO_EAR83_0129
TORONTO_EAR83_STU00328,TORONTO_EAR83_0131
TORONTO_EAR83_STU00329,TORONTO_EAR83_0028
TORONTO_EAR83_STU00329,TORONTO_EAR83_0060
TORONTO_EAR83_STU00329,TORONTO_EAR83_0069
TORONTO_EAR83_STU00329,TORONTO_EAR83_0091
TORONTO_EAR83_STU00329,TORONTO_EAR83_0129
TORONTO_EAR83_STU00329,TORONTO_EAR83_0132
TORONTO_EAR83_STU00330,TORONTO_EAR83_0028
TORONTO_EAR83_STU00330,TORONTO_EAR83_0057
TORONTO_EAR83_STU00330,TORONTO_EAR83_0069
TORONTO_EAR83_STU00330,TORONTO_EAR83_0078
TORONTO_EAR83_STU00330,TORONTO_EAR83_0123
TORONTO_EAR83_STU00330,TORONTO_EAR83_0129
TORONTO_EAR83_STU00330,TORONTO_EAR83_0132
TORONTO_EAR83_STU00331,TORONTO_EAR83_0028
TORONTO_EAR83_STU00331,TORONTO_EAR83_0060
TORONTO_EAR83_STU00331,TORONTO_EAR83_0069
TORONTO_EAR83_STU00331,TORONTO_EAR83_0091
TORONTO_EAR83_STU00331,TORONTO_EAR83_0124
TORONTO_EAR83_STU00331,TORONTO_EAR83_0129
TORONTO_EAR83_STU00331,TORONTO_EAR83_0132
TORONTO_EAR83_STU00331,TORONTO_EAR83_0143
TORONTO_EAR83_STU00332,TORONTO_EAR83_0010
TORONTO_EAR83_STU00332,TORONTO_EAR83_0028
TORONTO_EAR83_STU00332,TORONTO_EAR83_0057
TORONTO_EAR83_STU00332,TORONTO_EAR83_0068
TORONTO_EAR83_STU00332,TORONTO_EAR83_0091
TORONTO_EAR83_STU00332,TORONTO_EAR83_0129
TORONTO_EAR83_STU00332,TORONTO_EAR83_0132
TORONTO_EAR83_STU00333,TORONTO_EAR83_0028
TORONTO_EAR83_STU00333,TORONTO_EAR83_0076
TORONTO_EAR83_STU00333,TORONTO_EAR83_0077
TORONTO_EAR83_STU00333,TORONTO_EAR83_0078
TORONTO_EAR83_STU00333,TORONTO_EAR83_0129
TORONTO_EAR83_STU00333,TORONTO_EAR83_0132
TORONTO_EAR83_STU00333,TORONTO_EAR83_0143
TORONTO_EAR83_STU00334,TORONTO_EAR83_0028
TORONTO_EAR83_STU00334,TORONTO_EAR83_0057
TORONTO_EAR83_STU00334,TORONTO_EAR83_0060
TORONTO_EAR83_STU00334,TORONTO_EAR83_0069
TORONTO_EAR83_STU00334,TORONTO_EAR83_0091
TORONTO_EAR83_STU00334,TORONTO_EAR83_0129
TORONTO_EAR83_STU00334,TORONTO_EAR83_0132
TORONTO_EAR83_STU00335,TORONTO_EAR83_0003
TORONTO_EAR83_STU00335,TORONTO_EAR83_0013
TORONTO_EAR83_STU00335,TORONTO_EAR83_0028
TORONTO_EAR83_STU00335,TORONTO_EAR83_0048
TORONTO_EAR83_STU00335,TORONTO_EAR83_0069
TORONTO_EAR83_STU00335,TORONTO_EAR83_0091
TORONTO_EAR83_STU00335,TORONTO_EAR83_0129
TORONTO_EAR83_STU00336,TORONTO_EAR83_0013
TORONTO_EAR83_STU00336,TORONTO_EAR83_0028
TORONTO_EAR83_STU00336,TORONTO_EAR83_0057
TORONTO_EAR83_STU00336,TORONTO_EAR83_0077
TORONTO_EAR83_STU00336,TORONTO_EAR83_0078
TORONTO_EAR83_STU00336,TORONTO_EAR83_0096
TORONTO_EAR83_STU00336,TORONTO_EAR83_0129
TORONTO_EAR83_STU00336,TORONTO_EAR83_0132
TORONTO_EAR83_STU00337,TORONTO_EAR83_0028
TORONTO_EAR83_STU00337,TORONTO_EAR83_0058
TORONTO_EAR83_STU00337,TORONTO_EAR83_0069
TORONTO_EAR83_STU00337,TORONTO_EAR83_0074
TORONTO_EAR83_STU00337,TORONTO_EAR83_0091
TORONTO_EAR83_STU00337,TORONTO_EAR83_0129
TORONTO_EAR83_STU00337,TORONTO_EAR83_0132
TORONTO_EAR83_STU00337,TORONTO_EAR83_0143
TORONTO_EAR83_STU00338,TORONTO_EAR83_0009
TORONTO_EAR83_STU00338,TORONTO_EAR83_0013
TORONTO_EAR83_STU00338,TORONTO_EAR83_0028
TORONTO_EAR83_STU00338,TORONTO_EAR83_0069
TORONTO_EAR83_STU00338,TORONTO_EAR83_0077
TORONTO_EAR83_STU00338,TORONTO_EAR83_0078
TORONTO_EAR83_STU00338,TORONTO_EAR83_0129
TORONTO_EAR83_STU00338,TORONTO_EAR83_0132
TORONTO_EAR83_STU00339,TORONTO_EAR83_0003
TORONTO_EAR83_STU00339,TORONTO_EAR83_0028
TORONTO_EAR83_STU00339,TORONTO_EAR83_0045
TORONTO_EAR83_STU00339,TORONTO_EAR83_0069
TORONTO_EAR83_STU00339,TORONTO_EAR83_0091
TORONTO_EAR83_STU00339,TORONTO_EAR83_0129
TORONTO_EAR83_STU00339,TORONTO_EAR83_0132
TORONTO_EAR83_STU00339,TORONTO_EAR83_0143
TORONTO_EAR83_STU00340,TORONTO_EAR83_0028
TORONTO_EAR83_STU00340,TORONTO_EAR83_0046
TORONTO_EAR83_STU00340,TORONTO_EAR83_0069
TORONTO_EAR83_STU00340,TORONTO_EAR83_0077
TORONTO_EAR83_STU00340,TORONTO_EAR83_0078
TORONTO_EAR83_STU00340,TORONTO_EAR83_0096
TORONTO_EAR83_STU00340,TORONTO_EAR83_0129
TORONTO_EAR83_STU00340,TORONTO_EAR83_0132
TORONTO_EAR83_STU00341,TORONTO_EAR83_0028
TORONTO_EAR83_STU00341,TORONTO_EAR83_0048
TORONTO_EAR83_STU00341,TORONTO_EAR83_0069
TORONTO_EAR83_STU00341,TORONTO_EAR83_0074
TORONTO_EAR83_STU00341,TORONTO_EAR83_0078
TORONTO_EAR83_STU00341,TORONTO_EAR83_0129
TORONTO_EAR83_STU00341,TORONTO_EAR83_0132
TORONTO_EAR83_STU00342,TORONTO_EAR83_0028
TORONTO_EAR83_STU00342,TORONTO_EAR83_0069
TORONTO_EAR83_STU00342,TORONTO_EAR83_0077
TORONTO_EAR83_STU00342,TORONTO_EAR83_0078
TORONTO_EAR83_STU00342,TORONTO_EAR83_0129
TORONTO_EAR83_STU00342,TORONTO_EAR83_0132
TORONTO_EAR83_STU00343,TORONTO_EAR83_0004
TORONTO_EAR83_STU00343,TORONTO_EAR83_0013
TORONTO_EAR83_STU00343,TORONTO_EAR83_0028
TORONTO_EAR83_STU00343,TORONTO_EAR83_0067
TORONTO_EAR83_STU00343,TORONTO_EAR83_0091
TORONTO_EAR83_STU00343,TORONTO_EAR83_0129
TORONTO_EAR83_STU00343,TORONTO_EAR83_0132
TORONTO_EAR83_STU00344,TORONTO_EAR83_0005
TORONTO_EAR83_STU00344,TORONTO_EAR83_0028
TORONTO_EAR83_STU00344,TORONTO_EAR83_0034
TORONTO_EAR83_STU00344,TORONTO_EAR83_0048
TORONTO_EAR83_STU00344,TORONTO_EAR83_0059
TORONTO_EAR83_STU00344,TORONTO_EAR83_0090
TORONTO_EAR83_STU00344,TORONTO_EAR83_0129
TORONTO_EAR83_STU00345,TORONTO_EAR83_0028
TORONTO_EAR83_STU00345,TORONTO_EAR83_0057
TORONTO_EAR83_STU00345,TORONTO_EAR83_0069
TORONTO_EAR83_STU00345,TORONTO_EAR83_0091
TORONTO_EAR83_STU00345,TORONTO_EAR83_0129
TORONTO_EAR83_STU00345,TORONTO_EAR83_0132
TORONTO_EAR83_STU00345,TORONTO_EAR83_0167
TORONTO_EAR83_STU00346,TORONTO_EAR83_0028
TORONTO_EAR83_STU00346,TORONTO_EAR83_0069
TORONTO_EAR83_STU00346,TORONTO_EAR83_0078
TORONTO_EAR83_STU00346,TORONTO_EAR83_0096
TORONTO_EAR83_STU00346,TORONTO_EAR83_0105
TORONTO_EAR83_STU00346,TORONTO_EAR83_0129
TORONTO_EAR83_STU00346,TORONTO_EAR83_0132
TORONTO_EAR83_STU00346,TORONTO_EAR83_0143
TORONTO_EAR83_STU00347,TORONTO_EAR83_0005
TORONTO_EAR83_STU00347,TORONTO_EAR83_0028
TORONTO_EAR83_STU00347,TORONTO_EAR83_0069
TORONTO_EAR83_STU00347,TORONTO_EAR83_0091
TORONTO_EAR83_STU00347,TORONTO_EAR83_0105
TORONTO_EAR83_STU00347,TORONTO_EAR83_0124
TORONTO_EAR83_STU00347,TORONTO_EAR83_0129
TORONTO_EAR83_STU00347,TORONTO_EAR83_0132
TORONTO_EAR83_STU00348,TORONTO_EAR83_0010
TORONTO_EAR83_STU00348,TORONTO_EAR83_0090
TORONTO_EAR83_STU00348,TORONTO_EAR83_0141
TORONTO_EAR83_STU00348,TORONTO_EAR83_0180
TORONTO_EAR83_STU00349,TORONTO_EAR83_0026
TORONTO_EAR83_STU00349,TORONTO_EAR83_0090
TORONTO_EAR83_STU00349,TORONTO_EAR83_0139
TORONTO_EAR83_STU00349,TORONTO_EAR83_0141
TORONTO_EAR83_STU00349,TORONTO_EAR83_0151
TORONTO_EAR83_STU00349,TORONTO_EAR83_0189
TORONTO_EAR83_STU00350,TORONTO_EAR83_0023
TORONTO_EAR83_STU00350,TORONTO_EAR83_0050
TORONTO_EAR83_STU00350,TORONTO_EAR83_0086
TORONTO_EAR83_STU00350,TORONTO_EAR83_0124
TORONTO_EAR83_STU00350,TORONTO_EAR83_0139
TORONTO_EAR83_STU00350,TORONTO_EAR83_0154
TORONTO_EAR83_STU00350,TORONTO_EAR83_0173
TORONTO_EAR83_STU00350,TORONTO_EAR83_0189
TORONTO_EAR83_STU00351,TORONTO_EAR83_0003
TORONTO_EAR83_STU00351,TORONTO_EAR83_0011
TORONTO_EAR83_STU00351,TORONTO_EAR83_0026
TORONTO_EAR83_STU00351,TORONTO_EAR83_0146
TORONTO_EAR83_STU00352,TORONTO_EAR83_0027
TORONTO_EAR83_STU00352,TORONTO_EAR83_0067
TORONTO_EAR83_STU00352,TORONTO_EAR83_0187
TORONTO_EAR83_STU00352,TORONTO_EAR83_0188
TORONTO_EAR83_STU00353,TORONTO_EAR83_0027
TORONTO_EAR83_STU00353,TORONTO_EAR83_0060
TORONTO_EAR83_STU00353,TORONTO_EAR83_0103
TORONTO_EAR83_STU00353,TORONTO_EAR83_0112
TORONTO_EAR83_STU00353,TORONTO_EAR83_0165
TORONTO_EAR83_STU00353,TORONTO_EAR83_0167
TORONTO_EAR83_STU00353,TORONTO_EAR83_0190
TORONTO_EAR83_STU00354,TORONTO_EAR83_0030
TORONTO_EAR83_STU00354,TORONTO_EAR83_0034
TORONTO_EAR83_STU00354,TORONTO_EAR83_0057
TORONTO_EAR83_STU00354,TORONTO_EAR83_0128
TORONTO_EAR83_STU00354,TORONTO_EAR83_0167
TORONTO_EAR83_STU00354,TORONTO_EAR83_0172
TORONTO_EAR83_STU00355,TORONTO_EAR83_0003
TORONTO_EAR83_STU00355,TORONTO_EAR83_0023
TORONTO_EAR83_STU00355,TORONTO_EAR83_0035
TORONTO_EAR83_STU00355,TORONTO_EAR83_0046
TORONTO_EAR83_STU00355,TORONTO_EAR83_0062
TORONTO_EAR83_STU00355,TORONTO_EAR83_0112
TORONTO_EAR83_STU00355,TORONTO_EAR83_0165
TORONTO_EAR83_STU00356,TORONTO_EAR83_0026
TORONTO_EAR83_STU00356,TORONTO_EAR83_0074
TORONTO_EAR83_STU00356,TORONTO_EAR83_0089
TORONTO_EAR83_STU00356,TORONTO_EAR83_0141
TORONTO_EAR83_STU00356,TORONTO_EAR83_0149
TORONTO_EAR83_STU00356,TORONTO_EAR83_0175
TORONTO_EAR83_STU00356,TORONTO_EAR83_0176
TORONTO_EAR83_STU00357,TORONTO_EAR83_0019
TORONTO_EAR83_STU00357,TORONTO_EAR83_0043
TORONTO_EAR83_STU00357,TORONTO_EAR83_0081
TORONTO_EAR83_STU00357,TORONTO_EAR83_0121
TORONTO_EAR83_STU00357,TORONTO_EAR83_0154
TORONTO_EAR83_STU00357,TORONTO_EAR83_0173
TORONTO_EAR83_STU00358,TORONTO_EAR83_0023
TORONTO_EAR83_STU00358,TORONTO_EAR83_0086
TORONTO_EAR83_STU00358,TORONTO_EAR83_0141
TORONTO_EAR83_STU00358,TORONTO_EAR83_0145
TORONTO_EAR83_STU00358,TORONTO_EAR83_0155
TORONTO_EAR83_STU00358,TORONTO_EAR83_0170
TORONTO_EAR83_STU00359,TORONTO_EAR83_0029
TORONTO_EAR83_STU00359,TORONTO_EAR83_0034
TORONTO_EAR83_STU00359,TORONTO_EAR83_0090
TORONTO_EAR83_STU00359,TORONTO_EAR83_0105
TORONTO_EAR83_STU00359,TORONTO_EAR83_0127
TORONTO_EAR83_STU00359,TORONTO_EAR83_0131
TORONTO_EAR83_STU00359,TORONTO_EAR83_0167
TORONTO_EAR83_STU00360,TORONTO_EAR83_0006
TORONTO_EAR83_STU00360,TORONTO_EAR83_0024
TORONTO_EAR83_STU00360,TORONTO_EAR83_0086
TORONTO_EAR83_STU00360,TORONTO_EAR83_0126
TORONTO_EAR83_STU00360,TORONTO_EAR83_0145
TORONTO_EAR83_STU00360,TORONTO_EAR83_0155
TORONTO_EAR83_STU00361,TORONTO_EAR83_0011
TORONTO_EAR83_STU00361,TORONTO_EAR83_0023
TORONTO_EAR83_STU00361,TORONTO_EAR83_0047
TORONTO_EAR83_STU00361,TORONTO_EAR83_0059
TORONTO_EAR83_STU00361,TORONTO_EAR83_0086
TORONTO_EAR83_STU00361,TORONTO_EAR83_0126
TORONTO_EAR83_STU00361,TORONTO_EAR83_0155
TORONTO_EAR83_STU00362,TORONTO_EAR83_0024
TORONTO_EAR83_STU00362,TORONTO_EAR83_0039
TORONTO_EAR83_STU00362,TORONTO_EAR83_0083
TORONTO_EAR83_STU00362,TORONTO_EAR83_0122
TORONTO_EAR83_STU00362,TORONTO_EAR83_0127
TORONTO_EAR83_STU00363,TORONTO_EAR83_0003
TORONTO_EAR83_STU00363,TORONTO_EAR83_0024
TORONTO_EAR83_STU00363,TORONTO_EAR83_0047
TORONTO_EAR83_STU00363,TORONTO_EAR83_0087
TORONTO_EAR83_STU00363,TORONTO_EAR83_0127
TORONTO_EAR83_STU00363,TORONTO_EAR83_0131
TORONTO_EAR83_STU00363,TORONTO_EAR83_0145
TORONTO_EAR83_STU00364,TORONTO_EAR83_0024
TORONTO_EAR83_STU00364,TORONTO_EAR83_0047
TORONTO_EAR83_STU00364,TORONTO_EAR83_0064
TORONTO_EAR83_STU00364,TORONTO_EAR83_0090
TORONTO_EAR83_STU00364,TORONTO_EAR83_0127
TORONTO_EAR83_STU00364,TORONTO_EAR83_0142
TORONTO_EAR83_STU00364,TORONTO_EAR83_0155
TORONTO_EAR83_STU00365,TORONTO_EAR83_0019
TORONTO_EAR83_STU00365,TORONTO_EAR83_0050
TORONTO_EAR83_STU00365,TORONTO_EAR83_0081
TORONTO_EAR83_STU00365,TORONTO_EAR83_0117
TORONTO_EAR83_STU00365,TORONTO_EAR83_0136
TORONTO_EAR83_STU00365,TORONTO_EAR83_0147
TORONTO_EAR83_STU00365,TORONTO_EAR83_0157
TORONTO_EAR83_STU00366,TORONTO_EAR83_0006
TORONTO_EAR83_STU00366,TORONTO_EAR83_0009
TORONTO_EAR83_STU00366,TORONTO_EAR83_0024
TORONTO_EAR83_STU00366,TORONTO_EAR83_0064
TORONTO_EAR83_STU00366,TORONTO_EAR83_0087
TORONTO_EAR83_STU00366,TORONTO_EAR83_0127
TORONTO_EAR83_STU00366,TORONTO_EAR83_0131
TORONTO_EAR83_STU00367,TORONTO_EAR83_0011
TORONTO_EAR83_STU00367,TORONTO_EAR83_0026
TORONTO_EAR83_STU00367,TORONTO_EAR83_0046
TORONTO_EAR83_STU00367,TORONTO_EAR83_0089
TORONTO_EAR83_STU00367,TORONTO_EAR83_0124
TORONTO_EAR83_STU00367,TORONTO_EAR83_0145
TORONTO_EAR83_STU00368,TORONTO_EAR83_0003
TORONTO_EAR83_STU00368,TORONTO_EAR83_0023
TORONTO_EAR83_STU00368,TORONTO_EAR83_0047
TORONTO_EAR83_STU00368,TORONTO_EAR83_0086
TORONTO_EAR83_STU00368,TORONTO_EAR83_0121
TORONTO_EAR83_STU00368,TORONTO_EAR83_0130
TORONTO_EAR83_STU00368,TORONTO_EAR83_0155
TORONTO_EAR83_STU00369,TORONTO_EAR83_0024
TORONTO_EAR83_STU00369,TORONTO_EAR83_0047
TORONTO_EAR83_STU00369,TORONTO_EAR83_0065
TORONTO_EAR83_STU00369,TORONTO_EAR83_0087
TORONTO_EAR83_STU00369,TORONTO_EAR83_0131
TORONTO_EAR83_STU00369,TORONTO_EAR83_0164
TORONTO_EAR83_STU00369,TORONTO_EAR83_0188
TORONTO_EAR83_STU00370,TORONTO_EAR83_0024
TORONTO_EAR83_STU00370,TORONTO_EAR83_0047
TORONTO_EAR83_STU00370,TORONTO_EAR83_0086
TORONTO_EAR83_STU00370,TORONTO_EAR83_0112
TORONTO_EAR83_STU00370,TORONTO_EAR83_0127
TORONTO_EAR83_STU00370,TORONTO_EAR83_0165
TORONTO_EAR83_STU00371,TORONTO_EAR83_0008
TORONTO_EAR83_STU00371,TORONTO_EAR83_0024
TORONTO_EAR83_STU00371,TORONTO_EAR83_0082
TORONTO_EAR83_STU00371,TORONTO_EAR83_0103
TORONTO_EAR83_STU00371,TORONTO_EAR83_0112
TORONTO_EAR83_STU00371,TORONTO_EAR83_0113
TORONTO_EAR83_STU00371,TORONTO_EAR83_0137
TORONTO_EAR83_STU00372,TORONTO_EAR83_0024
TORONTO_EAR83_STU00372,TORONTO_EAR83_0047
TORONTO_EAR83_STU00372,TORONTO_EAR83_0059
TORONTO_EAR83_STU00372,TORONTO_EAR83_0064
TORONTO_EAR83_STU00372,TORONTO_EAR83_0103
TORONTO_EAR83_STU00372,TORONTO_EAR83_0113
TORONTO_EAR83_STU00372,TORONTO_EAR83_0164
TORONTO_EAR83_STU00373,TORONTO_EAR83_0024
TORONTO_EAR83_STU00373,TORONTO_EAR83_0064
TORONTO_EAR83_STU00373,TORONTO_EAR83_0087
TORONTO_EAR83_STU00373,TORONTO_EAR83_0104
TORONTO_EAR83_STU00373,TORONTO_EAR83_0113
TORONTO_EAR83_STU00373,TORONTO_EAR83_0131
TORONTO_EAR83_STU00373,TORONTO_EAR83_0163
TORONTO_EAR83_STU00374,TORONTO_EAR83_0011
TORONTO_EAR83_STU00374,TORONTO_EAR83_0024
TORONTO_EAR83_STU00374,TORONTO_EAR83_0086
TORONTO_EAR83_STU00374,TORONTO_EAR83_0104
TORONTO_EAR83_STU00374,TORONTO_EAR83_0111
TORONTO_EAR83_STU00374,TORONTO_EAR83_0137
TORONTO_EAR83_STU00374,TORONTO_EAR83_0165
TORONTO_EAR83_STU00375,TORONTO_EAR83_0025
TORONTO_EAR83_STU00375,TORONTO_EAR83_0047
TORONTO_EAR83_STU00375,TORONTO_EAR83_0065
TORONTO_EAR83_STU00375,TORONTO_EAR83_0087
TORONTO_EAR83_STU00375,TORONTO_EAR83_0104
TORONTO_EAR83_STU00375,TORONTO_EAR83_0125
TORONTO_EAR83_STU00375,TORONTO_EAR83_0188
TORONTO_EAR83_STU00376,TORONTO_EAR83_0016
TORONTO_EAR83_STU00376,TORONTO_EAR83_0024
TORONTO_EAR83_STU00376,TORONTO_EAR83_0047
TORONTO_EAR83_STU00376,TORONTO_EAR83_0081
TORONTO_EAR83_STU00376,TORONTO_EAR83_0112
TORONTO_EAR83_STU00376,TORONTO_EAR83_0163
TORONTO_EAR83_STU00376,TORONTO_EAR83_0186
TORONTO_EAR83_STU00377,TORONTO_EAR83_0024
TORONTO_EAR83_STU00377,TORONTO_EAR83_0047
TORONTO_EAR83_STU00377,TORONTO_EAR83_0064
TORONTO_EAR83_STU00377,TORONTO_EAR83_0087
TORONTO_EAR83_STU00377,TORONTO_EAR83_0104
TORONTO_EAR83_STU00377,TORONTO_EAR83_0186
TORONTO_EAR83_STU00378,TORONTO_EAR83_0024
TORONTO_EAR83_STU00378,TORONTO_EAR83_0047
TORONTO_EAR83_STU00378,TORONTO_EAR83_0064
TORONTO_EAR83_STU00378,TORONTO_EAR83_0087
TORONTO_EAR83_STU00378,TORONTO_EAR83_0103
TORONTO_EAR83_STU00378,TORONTO_EAR83_0165
TORONTO_EAR83_STU00378,TORONTO_EAR83_0187
TORONTO_EAR83_STU00379,TORONTO_EAR83_0024
TORONTO_EAR83_STU00379,TORONTO_EAR83_0047
TORONTO_EAR83_STU00379,TORONTO_EAR83_0064
TORONTO_EAR83_STU00379,TORONTO_EAR83_0086
TORONTO_EAR83_STU00379,TORONTO_EAR83_0103
TORONTO_EAR83_STU00379,TORONTO_EAR83_0113
TORONTO_EAR83_STU00379,TORONTO_EAR83_0164
TORONTO_EAR83_STU00380,TORONTO_EAR83_0024
TORONTO_EAR83_STU00380,TORONTO_EAR83_0047
TORONTO_EAR83_STU00380,TORONTO_EAR83_0086
TORONTO_EAR83_STU00380,TORONTO_EAR83_0103
TORONTO_EAR83_STU00380,TORONTO_EAR83_0112
TORONTO_EAR83_STU00380,TORONTO_EAR83_0113
TORONTO_EAR83_STU00380,TORONTO_EAR83_0137
TORONTO_EAR83_STU00381,TORONTO_EAR83_0024
TORONTO_EAR83_STU00381,TORONTO_EAR83_0047
TORONTO_EAR83_STU00381,TORONTO_EAR83_0064
TORONTO_EAR83_STU00381,TORONTO_EAR83_0072
TORONTO_EAR83_STU00381,TORONTO_EAR83_0112
TORONTO_EAR83_STU00381,TORONTO_EAR83_0127
TORONTO_EAR83_STU00381,TORONTO_EAR83_0165
TORONTO_EAR83_STU00382,TORONTO_EAR83_0011
TORONTO_EAR83_STU00382,TORONTO_EAR83_0024
TORONTO_EAR83_STU00382,TORONTO_EAR83_0086
TORONTO_EAR83_STU00382,TORONTO_EAR83_0121
TORONTO_EAR83_STU00382,TORONTO_EAR83_0127
TORONTO_EAR83_STU00382,TORONTO_EAR83_0164
TORONTO_EAR83_STU00382,TORONTO_EAR83_0188
TORONTO_EAR83_STU00383,TORONTO_EAR83_0024
TORONTO_EAR83_STU00383,TORONTO_EAR83_0047
TORONTO_EAR83_STU00383,TORONTO_EAR83_0064
TORONTO_EAR83_STU00383,TORONTO_EAR83_0111
TORONTO_EAR83_STU00383,TORONTO_EAR83_0127
TORONTO_EAR83_STU00383,TORONTO_EAR83_0186
TORONTO_EAR83_STU00383,TORONTO_EAR83_0187
TORONTO_EAR83_STU00384,TORONTO_EAR83_0024
TORONTO_EAR83_STU00384,TORONTO_EAR83_0047
TORONTO_EAR83_STU00384,TORONTO_EAR83_0086
TORONTO_EAR83_STU00384,TORONTO_EAR83_0111
TORONTO_EAR83_STU00384,TORONTO_EAR83_0127
TORONTO_EAR83_STU00384,TORONTO_EAR83_0186
TORONTO_EAR83_STU00384,TORONTO_EAR83_0187
TORONTO_EAR83_STU00385,TORONTO_EAR83_0008
TORONTO_EAR83_STU00385,TORONTO_EAR83_0011
TORONTO_EAR83_STU00385,TORONTO_EAR83_0023
TORONTO_EAR83_STU00385,TORONTO_EAR83_0046
TORONTO_EAR83_STU00385,TORONTO_EAR83_0086
TORONTO_EAR83_STU00385,TORONTO_EAR83_0112
TORONTO_EAR83_STU00385,TORONTO_EAR83_0165
TORONTO_EAR83_STU00386,TORONTO_EAR83_0014
TORONTO_EAR83_STU00386,TORONTO_EAR83_0019
TORONTO_EAR83_STU00386,TORONTO_EAR83_0047
TORONTO_EAR83_STU00386,TORONTO_EAR83_0112
TORONTO_EAR83_STU00386,TORONTO_EAR83_0136
TORONTO_EAR83_STU00386,TORONTO_EAR83_0165
TORONTO_EAR83_STU00387,TORONTO_EAR83_0008
TORONTO_EAR83_STU00387,TORONTO_EAR83_0024
TORONTO_EAR83_STU00387,TORONTO_EAR83_0047
TORONTO_EAR83_STU00387,TORONTO_EAR83_0163
TORONTO_EAR83_STU00387,TORONTO_EAR83_0187
TORONTO_EAR83_STU00388,TORONTO_EAR83_0023
TORONTO_EAR83_STU00388,TORONTO_EAR83_0043
TORONTO_EAR83_STU00388,TORONTO_EAR83_0081
TORONTO_EAR83_STU00388,TORONTO_EAR83_0121
TORONTO_EAR83_STU00388,TORONTO_EAR83_0147
TORONTO_EAR83_STU00388,TORONTO_EAR83_0170
TORONTO_EAR83_STU00388,TORONTO_EAR83_0176
TORONTO_EAR83_STU00389,TORONTO_EAR83_0008
TORONTO_EAR83_STU00389,TORONTO_EAR83_0023
TORONTO_EAR83_STU00389,TORONTO_EAR83_0046
TORONTO_EAR83_STU00389,TORONTO_EAR83_0081
TORONTO_EAR83_STU00389,TORONTO_EAR83_0117
TORONTO_EAR83_STU00389,TORONTO_EAR83_0155
TORONTO_EAR83_STU00390,TORONTO_EAR83_0023
TORONTO_EAR83_STU00390,TORONTO_EAR83_0086
TORONTO_EAR83_STU00390,TORONTO_EAR83_0121
TORONTO_EAR83_STU00390,TORONTO_EAR83_0147
TORONTO_EAR83_STU00390,TORONTO_EAR83_0153
TORONTO_EAR83_STU00390,TORONTO_EAR83_0157
TORONTO_EAR83_STU00390,TORONTO_EAR83_0170
TORONTO_EAR83_STU00390,TORONTO_EAR83_0180
TORONTO_EAR83_STU00391,TORONTO_EAR83_0019
TORONTO_EAR83_STU00391,TORONTO_EAR83_0038
TORONTO_EAR83_STU00391,TORONTO_EAR83_0081
TORONTO_EAR83_STU00391,TORONTO_EAR83_0144
TORONTO_EAR83_STU00391,TORONTO_EAR83_0145
TORONTO_EAR83_STU00391,TORONTO_EAR83_0157
TORONTO_EAR83_STU00391,TORONTO_EAR83_0168
TORONTO_EAR83_STU00391,TORONTO_EAR83_0176
TORONTO_EAR83_STU00392,TORONTO_EAR83_0023
TORONTO_EAR83_STU00392,TORONTO_EAR83_0043
TORONTO_EAR83_STU00392,TORONTO_EAR83_0086
TORONTO_EAR83_STU00392,TORONTO_EAR83_0145
TORONTO_EAR83_STU00392,TORONTO_EAR83_0170
TORONTO_EAR83_STU00393,TORONTO_EAR83_0027
TORONTO_EAR83_STU00393,TORONTO_EAR83_0060
TORONTO_EAR83_STU00393,TORONTO_EAR83_0086
TORONTO_EAR83_STU00393,TORONTO_EAR83_0151
TORONTO_EAR83_STU00393,TORONTO_EAR83_0155
TORONTO_EAR83_STU00393,TORONTO_EAR83_0189
TORONTO_EAR83_STU00394,TORONTO_EAR83_0011
TORONTO_EAR83_STU00394,TORONTO_EAR83_0019
TORONTO_EAR83_STU00394,TORONTO_EAR83_0046
TORONTO_EAR83_STU00394,TORONTO_EAR83_0081
TORONTO_EAR83_STU00394,TORONTO_EAR83_0124
TORONTO_EAR83_STU00394,TORONTO_EAR83_0155
TORONTO_EAR83_STU00394,TORONTO_EAR83_0189
TORONTO_EAR83_STU00395,TORONTO_EAR83_0008
TORONTO_EAR83_STU00395,TORONTO_EAR83_0023
TORONTO_EAR83_STU00395,TORONTO_EAR83_0043
TORONTO_EAR83_STU00395,TORONTO_EAR83_0086
TORONTO_EAR83_STU00395,TORONTO_EAR83_0121
TORONTO_EAR83_STU00395,TORONTO_EAR83_0126
TORONTO_EAR83_STU00395,TORONTO_EAR83_0152
TORONTO_EAR83_STU00395,TORONTO_EAR83_0170
TORONTO_EAR83_STU00395,TORONTO_EAR83_0173
TORONTO_EAR83_STU00396,TORONTO_EAR83_0027
TORONTO_EAR83_STU00396,TORONTO_EAR83_0041
TORONTO_EAR83_STU00396,TORONTO_EAR83_0067
TORONTO_EAR83_STU00396,TORONTO_EAR83_0090
TORONTO_EAR83_STU00396,TORONTO_EAR83_0143
TORONTO_EAR83_STU00396,TORONTO_EAR83_0179
TORONTO_EAR83_STU00397,TORONTO_EAR83_0027
TORONTO_EAR83_STU00397,TORONTO_EAR83_0060
TORONTO_EAR83_STU00397,TORONTO_EAR83_0089
TORONTO_EAR83_STU00397,TORONTO_EAR83_0142
TORONTO_EAR83_STU00397,TORONTO_EAR83_0145
TORONTO_EAR83_STU00397,TORONTO_EAR83_0172
TORONTO_EAR83_STU00398,TORONTO_EAR83_0008
TORONTO_EAR83_STU00398,TORONTO_EAR83_0027
TORONTO_EAR83_STU00398,TORONTO_EAR83_0059
TORONTO_EAR83_STU00398,TORONTO_EAR83_0090
TORONTO_EAR83_STU00398,TORONTO_EAR83_0155
TORONTO_EAR83_STU00399,TORONTO_EAR83_0027
TORONTO_EAR83_STU00399,TORONTO_EAR83_0055
TORONTO_EAR83_STU00399,TORONTO_EAR83_0067
TORONTO_EAR83_STU00399,TORONTO_EAR83_0090
TORONTO_EAR83_STU00399,TORONTO_EAR83_0123
TORONTO_EAR83_STU00399,TORONTO_EAR83_0128
TORONTO_EAR83_STU00399,TORONTO_EAR83_0131
TORONTO_EAR83_STU00399,TORONTO_EAR83_0166
TORONTO_EAR83_STU00400,TORONTO_EAR83_0005
TORONTO_EAR83_STU00400,TORONTO_EAR83_0009
TORONTO_EAR83_STU00400,TORONTO_EAR83_0024
TORONTO_EAR83_STU00400,TORONTO_EAR83_0087
TORONTO_EAR83_STU00400,TORONTO_EAR83_0121
TORONTO_EAR83_STU00400,TORONTO_EAR83_0126
TORONTO_EAR83_STU00400,TORONTO_EAR83_0178
TORONTO_EAR83_STU00401,TORONTO_EAR83_0004
TORONTO_EAR83_STU00401,TORONTO_EAR83_0027
TORONTO_EAR83_STU00401,TORONTO_EAR83_0067
TORONTO_EAR83_STU00401,TORONTO_EAR83_0090
TORONTO_EAR83_STU00401,TORONTO_EAR83_0131
TORONTO_EAR83_STU00401,TORONTO_EAR83_0143
TORONTO_EAR83_STU00401,TORONTO_EAR83_0155
TORONTO_EAR83_STU00402,TORONTO_EAR83_0027
TORONTO_EAR83_STU00402,TORONTO_EAR83_0041
TORONTO_EAR83_STU00402,TORONTO_EAR83_0057
TORONTO_EAR83_STU00402,TORONTO_EAR83_0103
TORONTO_EAR83_STU00402,TORONTO_EAR83_0113
TORONTO_EAR83_STU00402,TORONTO_EAR83_0164
TORONTO_EAR83_STU00402,TORONTO_EAR83_0167
TORONTO_EAR83_STU00403,TORONTO_EAR83_0004
TORONTO_EAR83_STU00403,TORONTO_EAR83_0027
TORONTO_EAR83_STU00403,TORONTO_EAR83_0067
TORONTO_EAR83_STU00403,TORONTO_EAR83_0090
TORONTO_EAR83_STU00403,TORONTO_EAR83_0133
TORONTO_EAR83_STU00403,TORONTO_EAR83_0143
TORONTO_EAR83_STU00403,TORONTO_EAR83_0155
TORONTO_EAR83_STU00404,TORONTO_EAR83_0012
TORONTO_EAR83_STU00404,TORONTO_EAR83_0023
TORONTO_EAR83_STU00404,TORONTO_EAR83_0044
TORONTO_EAR83_STU00404,TORONTO_EAR83_0046
TORONTO_EAR83_STU00404,TORONTO_EAR83_0086
TORONTO_EAR83_STU00404,TORONTO_EAR83_0155
TORONTO_EAR83_STU00404,TORONTO_EAR83_0166
TORONTO_EAR83_STU00405,TORONTO_EAR83_0027
TORONTO_EAR83_STU00405,TORONTO_EAR83_0067
TORONTO_EAR83_STU00405,TORONTO_EAR83_0090
TORONTO_EAR83_STU00405,TORONTO_EAR83_0123
TORONTO_EAR83_STU00405,TORONTO_EAR83_0128
TORONTO_EAR83_STU00405,TORONTO_EAR83_0131
TORONTO_EAR83_STU00405,TORONTO_EAR83_0155
TORONTO_EAR83_STU00406,TORONTO_EAR83_0011
TORONTO_EAR83_STU00406,TORONTO_EAR83_0026
TORONTO_EAR83_STU00406,TORONTO_EAR83_0044
TORONTO_EAR83_STU00406,TORONTO_EAR83_0059
TORONTO_EAR83_STU00406,TORONTO_EAR83_0146
TORONTO_EAR83_STU00407,TORONTO_EAR83_0010
TORONTO_EAR83_STU00407,TORONTO_EAR83_0027
TORONTO_EAR83_STU00407,TORONTO_EAR83_0071
TORONTO_EAR83_STU00407,TORONTO_EAR83_0090
TORONTO_EAR83_STU00407,TORONTO_EAR83_0122
TORONTO_EAR83_STU00407,TORONTO_EAR83_0131
TORONTO_EAR83_STU00408,TORONTO_EAR83_0024
TORONTO_EAR83_STU00408,TORONTO_EAR83_0055
TORONTO_EAR83_STU00408,TORONTO_EAR83_0086
TORONTO_EAR83_STU00408,TORONTO_EAR83_0103
TORONTO_EAR83_STU00408,TORONTO_EAR83_0186
TORONTO_EAR83_STU00408,TORONTO_EAR83_0187
TORONTO_EAR83_STU00409,TORONTO_EAR83_0027
TORONTO_EAR83_STU00409,TORONTO_EAR83_0057
TORONTO_EAR83_STU00409,TORONTO_EAR83_0104
TORONTO_EAR83_STU00409,TORONTO_EAR83_0105
TORONTO_EAR83_STU00409,TORONTO_EAR83_0188
TORONTO_EAR83_STU00410,TORONTO_EAR83_0027
TORONTO_EAR83_STU00410,TORONTO_EAR83_0060
TORONTO_EAR83_STU00410,TORONTO_EAR83_0090
TORONTO_EAR83_STU00410,TORONTO_EAR83_0123
TORONTO_EAR83_STU00410,TORONTO_EAR83_0155
TORONTO_EAR83_STU00410,TORONTO_EAR83_0166
TORONTO_EAR83_STU00410,TORONTO_EAR83_0189
TORONTO_EAR83_STU00411,TORONTO_EAR83_0027
TORONTO_EAR83_STU00411,TORONTO_EAR83_0058
TORONTO_EAR83_STU00411,TORONTO_EAR83_0073
TORONTO_EAR83_STU00411,TORONTO_EAR83_0127
TORONTO_EAR83_STU00411,TORONTO_EAR83_0139
TORONTO_EAR83_STU00411,TORONTO_EAR83_0157
TORONTO_EAR83_STU00411,TORONTO_EAR83_0185
TORONTO_EAR83_STU00412,TORONTO_EAR83_0008
TORONTO_EAR83_STU00412,TORONTO_EAR83_0089
TORONTO_EAR83_STU00412,TORONTO_EAR83_0130
TORONTO_EAR83_STU00412,TORONTO_EAR83_0146
TORONTO_EAR83_STU00412,TORONTO_EAR83_0171
TORONTO_EAR83_STU00413,TORONTO_EAR83_0011
TORONTO_EAR83_STU00413,TORONTO_EAR83_0023
TORONTO_EAR83_STU00413,TORONTO_EAR83_0086
TORONTO_EAR83_STU00413,TORONTO_EAR83_0146
TORONTO_EAR83_STU00413,TORONTO_EAR83_0175
TORONTO_EAR83_STU00414,TORONTO_EAR83_0001
TORONTO_EAR83_STU00414,TORONTO_EAR83_0015
TORONTO_EAR83_STU00414,TORONTO_EAR83_0023
TORONTO_EAR83_STU00414,TORONTO_EAR83_0043
TORONTO_EAR83_STU00414,TORONTO_EAR83_0059
TORONTO_EAR83_STU00414,TORONTO_EAR83_0086
TORONTO_EAR83_STU00415,TORONTO_EAR83_0008
TORONTO_EAR83_STU00415,TORONTO_EAR83_0026
TORONTO_EAR83_STU00415,TORONTO_EAR83_0046
TORONTO_EAR83_STU00415,TORONTO_EAR83_0086
TORONTO_EAR83_STU00415,TORONTO_EAR83_0155
TORONTO_EAR83_STU00415,TORONTO_EAR83_0180
TORONTO_EAR83_STU00415,TORONTO_EAR83_0189
TORONTO_EAR83_STU00416,TORONTO_EAR83_0027
TORONTO_EAR83_STU00416,TORONTO_EAR83_0034
TORONTO_EAR83_STU00416,TORONTO_EAR83_0057
TORONTO_EAR83_STU00416,TORONTO_EAR83_0104
TORONTO_EAR83_STU00416,TORONTO_EAR83_0111
TORONTO_EAR83_STU00416,TORONTO_EAR83_0167
TORONTO_EAR83_STU00417,TORONTO_EAR83_0026
TORONTO_EAR83_STU00417,TORONTO_EAR83_0089
TORONTO_EAR83_STU00417,TORONTO_EAR83_0124
TORONTO_EAR83_STU00417,TORONTO_EAR83_0130
TORONTO_EAR83_STU00417,TORONTO_EAR83_0155
TORONTO_EAR83_STU00417,TORONTO_EAR83_0189
TORONTO_EAR83_STU00418,TORONTO_EAR83_0026
TORONTO_EAR83_STU00418,TORONTO_EAR83_0046
TORONTO_EAR83_STU00418,TORONTO_EAR83_0089
TORONTO_EAR83_STU00418,TORONTO_EAR83_0156
TORONTO_EAR83_STU00418,TORONTO_EAR83_0189
TORONTO_EAR83_STU00419,TORONTO_EAR83_0027
TORONTO_EAR83_STU00419,TORONTO_EAR83_0059
TORONTO_EAR83_STU00419,TORONTO_EAR83_0089
TORONTO_EAR83_STU00419,TORONTO_EAR83_0096
TORONTO_EAR83_STU00419,TORONTO_EAR83_0118
TORONTO_EAR83_STU00420,TORONTO_EAR83_0010
TORONTO_EAR83_STU00420,TORONTO_EAR83_0013
TORONTO_EAR83_STU00420,TORONTO_EAR83_0027
TORONTO_EAR83_STU00420,TORONTO_EAR83_0090
TORONTO_EAR83_STU00420,TORONTO_EAR83_0112
TORONTO_EAR83_STU00420,TORONTO_EAR83_0163
TORONTO_EAR83_STU00420,TORONTO_EAR83_0188
TORONTO_EAR83_STU00421,TORONTO_EAR83_0027
TORONTO_EAR83_STU00421,TORONTO_EAR83_0067
TORONTO_EAR83_STU00421,TORONTO_EAR83_0090
TORONTO_EAR83_STU00421,TORONTO_EAR83_0127
TORONTO_EAR83_STU00421,TORONTO_EAR83_0133
TORONTO_EAR83_STU00421,TORONTO_EAR83_0143
TORONTO_EAR83_STU00421,TORONTO_EAR83_0179
TORONTO_EAR83_STU00422,TORONTO_EAR83_0005
TORONTO_EAR83_STU00422,TORONTO_EAR83_0148
TORONTO_EAR83_STU00422,TORONTO_EAR83_0157
TORONTO_EAR83_STU00422,TORONTO_EAR83_0170
TORONTO_EAR83_STU00422,TORONTO_EAR83_0174
TORONTO_EAR83_STU00423,TORONTO_EAR83_0027
TORONTO_EAR83_STU00423,TORONTO_EAR83_0029
TORONTO_EAR83_STU00423,TORONTO_EAR83_0057
TORONTO_EAR83_STU00423,TORONTO_EAR83_0060
TORONTO_EAR83_STU00423,TORONTO_EAR83_0091
TORONTO_EAR83_STU00423,TORONTO_EAR83_0129
TORONTO_EAR83_STU00423,TORONTO_EAR83_0132
TORONTO_EAR83_STU00424,TORONTO_EAR83_0023
TORONTO_EAR83_STU00424,TORONTO_EAR83_0043
TORONTO_EAR83_STU00424,TORONTO_EAR83_0086
TORONTO_EAR83_STU00424,TORONTO_EAR83_0145
TORONTO_EAR83_STU00424,TORONTO_EAR83_0155
TORONTO_EAR83_STU00425,TORONTO_EAR83_0026
TORONTO_EAR83_STU00425,TORONTO_EAR83_0157
TORONTO_EAR83_STU00425,TORONTO_EAR83_0168
TORONTO_EAR83_STU00425,TORONTO_EAR83_0176
TORONTO_EAR83_STU00426,TORONTO_EAR83_0026
TORONTO_EAR83_STU00426,TORONTO_EAR83_0086
TORONTO_EAR83_STU00426,TORONTO_EAR83_0145
TORONTO_EAR83_STU00426,TORONTO_EAR83_0179
TORONTO_EAR83_STU00427,TORONTO_EAR83_0023
TORONTO_EAR83_STU00427,TORONTO_EAR83_0086
TORONTO_EAR83_STU00427,TORONTO_EAR83_0136
TORONTO_EAR83_STU00427,TORONTO_EAR83_0145
TORONTO_EAR83_STU00427,TORONTO_EAR83_0153
TORONTO_EAR83_STU00427,TORONTO_EAR83_0157
TORONTO_EAR83_STU00427,TORONTO_EAR83_0170
TORONTO_EAR83_STU00428,TORONTO_EAR83_0011
TORONTO_EAR83_STU00428,TORONTO_EAR83_0026
TORONTO_EAR83_STU00428,TORONTO_EAR83_0086
TORONTO_EAR83_STU00428,TORONTO_EAR83_0089
TORONTO_EAR83_STU00428,TORONTO_EAR83_0121
TORONTO_EAR83_STU00428,TORONTO_EAR83_0171
TORONTO_EAR83_STU00428,TORONTO_EAR83_0174
TORONTO_EAR83_STU00429,TORONTO_EAR83_0003
TORONTO_EAR83_STU00429,TORONTO_EAR83_0020
TORONTO_EAR83_STU00429,TORONTO_EAR83_0045
TORONTO_EAR83_STU00429,TORONTO_EAR83_0059
TORONTO_EAR83_STU00429,TORONTO_EAR83_0087
TORONTO_EAR83_STU00429,TORONTO_EAR83_0096
TORONTO_EAR83_STU00429,TORONTO_EAR83_0121
TORONTO_EAR83_STU00430,TORONTO_EAR83_0003
TORONTO_EAR83_STU00430,TORONTO_EAR83_0010
TORONTO_EAR83_STU00430,TORONTO_EAR83_0025
TORONTO_EAR83_STU00430,TORONTO_EAR83_0048
TORONTO_EAR83_STU00430,TORONTO_EAR83_0088
TORONTO_EAR83_STU00430,TORONTO_EAR83_0125
TORONTO_EAR83_STU00430,TORONTO_EAR83_0140
TORONTO_EAR83_STU00430,TORONTO_EAR83_0180
TORONTO_EAR83_STU00431,TORONTO_EAR83_0024
TORONTO_EAR83_STU00431,TORONTO_EAR83_0083
TORONTO_EAR83_STU00431,TORONTO_EAR83_0137
TORONTO_EAR83_STU00431,TORONTO_EAR83_0145
TORONTO_EAR83_STU00431,TORONTO_EAR83_0174
TORONTO_EAR83_STU00431,TORONTO_EAR83_0180
TORONTO_EAR83_STU00432,TORONTO_EAR83_0001
TORONTO_EAR83_STU00432,TORONTO_EAR83_0005
TORONTO_EAR83_STU00432,TORONTO_EAR83_0008
TORONTO_EAR83_STU00432,TORONTO_EAR83_0023
TORONTO_EAR83_STU00432,TORONTO_EAR83_0094
TORONTO_EAR83_STU00432,TORONTO_EAR83_0145
TORONTO_EAR83_STU00433,TORONTO_EAR83_0011
TORONTO_EAR83_STU00433,TORONTO_EAR83_0024
TORONTO_EAR83_STU00433,TORONTO_EAR83_0086
TORONTO_EAR83_STU00433,TORONTO_EAR83_0095
TORONTO_EAR83_STU00433,TORONTO_EAR83_0131
TORONTO_EAR83_STU00433,TORONTO_EAR83_0145
TORONTO_EAR83_STU00434,TORONTO_EAR83_0003
TORONTO_EAR83_STU00434,TORONTO_EAR83_0005
TORONTO_EAR83_STU00434,TORONTO_EAR83_0024
TORONTO_EAR83_STU00434,TORONTO_EAR83_0087
TORONTO_EAR83_STU00434,TORONTO_EAR83_0145
TORONTO_EAR83_STU00435,TORONTO_EAR83_0008
TORONTO_EAR83_STU00435,TORONTO_EAR83_0012
TORONTO_EAR83_STU00435,TORONTO_EAR83_0026
TORONTO_EAR83_STU00435,TORONTO_EAR83_0086
TORONTO_EAR83_STU00435,TORONTO_EAR83_0149
TORONTO_EAR83_STU00435,TORONTO_EAR83_0175
TORONTO_EAR83_STU00435,TORONTO_EAR83_0176
TORONTO_EAR83_STU00436,TORONTO_EAR83_0024
TORONTO_EAR83_STU00436,TORONTO_EAR83_0087
TORONTO_EAR83_STU00436,TORONTO_EAR83_0121
TORONTO_EAR83_STU00436,TORONTO_EAR83_0142
TORONTO_EAR83_STU00436,TORONTO_EAR83_0146
TORONTO_EAR83_STU00436,TORONTO_EAR83_0148
TORONTO_EAR83_STU00436,TORONTO_EAR83_0157
TORONTO_EAR83_STU00437,TORONTO_EAR83_0026
TORONTO_EAR83_STU00437,TORONTO_EAR83_0044
TORONTO_EAR83_STU00437,TORONTO_EAR83_0089
TORONTO_EAR83_STU00437,TORONTO_EAR83_0149
TORONTO_EAR83_STU00437,TORONTO_EAR83_0179
TORONTO_EAR83_STU00437,TORONTO_EAR83_0189
TORONTO_EAR83_STU00438,TORONTO_EAR83_0027
TORONTO_EAR83_STU00438,TORONTO_EAR83_0055
TORONTO_EAR83_STU00438,TORONTO_EAR83_0089
TORONTO_EAR83_STU00438,TORONTO_EAR83_0131
TORONTO_EAR83_STU00438,TORONTO_EAR83_0146
TORONTO_EAR83_STU00438,TORONTO_EAR83_0176
TORONTO_EAR83_STU00439,TORONTO_EAR83_0019
TORONTO_EAR83_STU00439,TORONTO_EAR83_0038
TORONTO_EAR83_STU00439,TORONTO_EAR83_0082
TORONTO_EAR83_STU00439,TORONTO_EAR83_0103
TORONTO_EAR83_STU00439,TORONTO_EAR83_0136
TORONTO_EAR83_STU00439,TORONTO_EAR83_0187
TORONTO_EAR83_STU00439,TORONTO_EAR83_0188
TORONTO_EAR83_STU00440,TORONTO_EAR83_0024
TORONTO_EAR83_STU00440,TORONTO_EAR83_0052
TORONTO_EAR83_STU00440,TORONTO_EAR83_0067
TORONTO_EAR83_STU00440,TORONTO_EAR83_0072
TORONTO_EAR83_STU00440,TORONTO_EAR83_0087
TORONTO_EAR83_STU00440,TORONTO_EAR83_0127
TORONTO_EAR83_STU00440,TORONTO_EAR83_0131
TORONTO_EAR83_STU00440,TORONTO_EAR83_0185
TORONTO_EAR83_STU00441,TORONTO_EAR83_0024
TORONTO_EAR83_STU00441,TORONTO_EAR83_0039
TORONTO_EAR83_STU00441,TORONTO_EAR83_0083
TORONTO_EAR83_STU00441,TORONTO_EAR83_0121
TORONTO_EAR83_STU00441,TORONTO_EAR83_0137
TORONTO_EAR83_STU00441,TORONTO_EAR83_0145
TORONTO_EAR83_STU00441,TORONTO_EAR83_0155
TORONTO_EAR83_STU00442,TORONTO_EAR83_0011
TORONTO_EAR83_STU00442,TORONTO_EAR83_0024
TORONTO_EAR83_STU00442,TORONTO_EAR83_0064
TORONTO_EAR83_STU00442,TORONTO_EAR83_0087
TORONTO_EAR83_STU00442,TORONTO_EAR83_0127
TORONTO_EAR83_STU00442,TORONTO_EAR83_0131
TORONTO_EAR83_STU00442,TORONTO_EAR83_0178
TORONTO_EAR83_STU00443,TORONTO_EAR83_0005
TORONTO_EAR83_STU00443,TORONTO_EAR83_0024
TORONTO_EAR83_STU00443,TORONTO_EAR83_0055
TORONTO_EAR83_STU00443,TORONTO_EAR83_0087
TORONTO_EAR83_STU00443,TORONTO_EAR83_0127
TORONTO_EAR83_STU00443,TORONTO_EAR83_0131
TORONTO_EAR83_STU00443,TORONTO_EAR83_0178
TORONTO_EAR83_STU00444,TORONTO_EAR83_0003
TORONTO_EAR83_STU00444,TORONTO_EAR83_0005
TORONTO_EAR83_STU00444,TORONTO_EAR83_0027
TORONTO_EAR83_STU00444,TORONTO_EAR83_0060
TORONTO_EAR83_STU00444,TORONTO_EAR83_0086
TORONTO_EAR83_STU00444,TORONTO_EAR83_0096
TORONTO_EAR83_STU00444,TORONTO_EAR83_0131
TORONTO_EAR83_STU00444,TORONTO_EAR83_0177
TORONTO_EAR83_STU00445,TORONTO_EAR83_0011
TORONTO_EAR83_STU00445,TORONTO_EAR83_0024
TORONTO_EAR83_STU00445,TORONTO_EAR83_0087
TORONTO_EAR83_STU00445,TORONTO_EAR83_0121
TORONTO_EAR83_STU00445,TORONTO_EAR83_0127
TORONTO_EAR83_STU00445,TORONTO_EAR83_0142
TORONTO_EAR83_STU00445,TORONTO_EAR83_0178
TORONTO_EAR83_STU00446,TORONTO_EAR83_0024
TORONTO_EAR83_STU00446,TORONTO_EAR83_0055
TORONTO_EAR83_STU00446,TORONTO_EAR83_0087
TORONTO_EAR83_STU00446,TORONTO_EAR83_0121
TORONTO_EAR83_STU00446,TORONTO_EAR83_0151
TORONTO_EAR83_STU00446,TORONTO_EAR83_0153
TORONTO_EAR83_STU00446,TORONTO_EAR83_0157
TORONTO_EAR83_STU00446,TORONTO_EAR83_0180
TORONTO_EAR83_STU00447,TORONTO_EAR83_0005
TORONTO_EAR83_STU00447,TORONTO_EAR83_0009
TORONTO_EAR83_STU00447,TORONTO_EAR83_0024
TORONTO_EAR83_STU00447,TORONTO_EAR83_0045
TORONTO_EAR83_STU00447,TORONTO_EAR83_0087
TORONTO_EAR83_STU00447,TORONTO_EAR83_0121
TORONTO_EAR83_STU00447,TORONTO_EAR83_0127
TORONTO_EAR83_STU00447,TORONTO_EAR83_0131
TORONTO_EAR83_STU00448,TORONTO_EAR83_0010
TORONTO_EAR83_STU00448,TORONTO_EAR83_0024
TORONTO_EAR83_STU00448,TORONTO_EAR83_0047
TORONTO_EAR83_STU00448,TORONTO_EAR83_0087
TORONTO_EAR83_STU00448,TORONTO_EAR83_0131
TORONTO_EAR83_STU00448,TORONTO_EAR83_0142
TORONTO_EAR83_STU00448,TORONTO_EAR83_0145
TORONTO_EAR83_STU00449,TORONTO_EAR83_0008
TORONTO_EAR83_STU00449,TORONTO_EAR83_0026
TORONTO_EAR83_STU00449,TORONTO_EAR83_0043
TORONTO_EAR83_STU00449,TORONTO_EAR83_0086
TORONTO_EAR83_STU00449,TORONTO_EAR83_0153
TORONTO_EAR83_STU00449,TORONTO_EAR83_0155
TORONTO_EAR83_STU00450,TORONTO_EAR83_0010
TORONTO_EAR83_STU00450,TORONTO_EAR83_0024
TORONTO_EAR83_STU00450,TORONTO_EAR83_0047
TORONTO_EAR83_STU00450,TORONTO_EAR83_0087
TORONTO_EAR83_STU00450,TORONTO_EAR83_0131
TORONTO_EAR83_STU00450,TORONTO_EAR83_0142
TORONTO_EAR83_STU00450,TORONTO_EAR83_0145
TORONTO_EAR83_STU00451,TORONTO_EAR83_0011
TORONTO_EAR83_STU00451,TORONTO_EAR83_0024
TORONTO_EAR83_STU00451,TORONTO_EAR83_0039
TORONTO_EAR83_STU00451,TORONTO_EAR83_0081
TORONTO_EAR83_STU00451,TORONTO_EAR83_0121
TORONTO_EAR83_STU00451,TORONTO_EAR83_0139
TORONTO_EAR83_STU00451,TORONTO_EAR83_0185
TORONTO_EAR83_STU00452,TORONTO_EAR83_0025
TORONTO_EAR83_STU00452,TORONTO_EAR83_0045
TORONTO_EAR83_STU00452,TORONTO_EAR83_0048
TORONTO_EAR83_STU00452,TORONTO_EAR83_0088
TORONTO_EAR83_STU00452,TORONTO_EAR83_0124
TORONTO_EAR83_STU00452,TORONTO_EAR83_0125
TORONTO_EAR83_STU00452,TORONTO_EAR83_0140
TORONTO_EAR83_STU00453,TORONTO_EAR83_0023
TORONTO_EAR83_STU00453,TORONTO_EAR83_0081
TORONTO_EAR83_STU00453,TORONTO_EAR83_0141
TORONTO_EAR83_STU00453,TORONTO_EAR83_0157
TORONTO_EAR83_STU00453,TORONTO_EAR83_0178
TORONTO_EAR83_STU00453,TORONTO_EAR83_0180
TORONTO_EAR83_STU00454,TORONTO_EAR83_0019
TORONTO_EAR83_STU00454,TORONTO_EAR83_0023
TORONTO_EAR83_STU00454,TORONTO_EAR83_0046
TORONTO_EAR83_STU00454,TORONTO_EAR83_0086
TORONTO_EAR83_STU00454,TORONTO_EAR83_0145
TORONTO_EAR83_STU00454,TORONTO_EAR83_0155
TORONTO_EAR83_STU00455,TORONTO_EAR83_0020
TORONTO_EAR83_STU00455,TORONTO_EAR83_0047
TORONTO_EAR83_STU00455,TORONTO_EAR83_0086
TORONTO_EAR83_STU00455,TORONTO_EAR83_0103
TORONTO_EAR83_STU00455,TORONTO_EAR83_0127
TORONTO_EAR83_STU00455,TORONTO_EAR83_0187
TORONTO_EAR83_STU00456,TORONTO_EAR83_0027
TORONTO_EAR83_STU00456,TORONTO_EAR83_0045
TORONTO_EAR83_STU00456,TORONTO_EAR83_0087
TORONTO_EAR83_STU00456,TORONTO_EAR83_0096
TORONTO_EAR83_STU00456,TORONTO_EAR83_0124
TORONTO_EAR83_STU00456,TORONTO_EAR83_0155
TORONTO_EAR83_STU00456,TORONTO_EAR83_0170
TORONTO_EAR83_STU00457,TORONTO_EAR83_0023
TORONTO_EAR83_STU00457,TORONTO_EAR83_0046
TORONTO_EAR83_STU00457,TORONTO_EAR83_0059
TORONTO_EAR83_STU00457,TORONTO_EAR83_0086
TORONTO_EAR83_STU00457,TORONTO_EAR83_0130
TORONTO_EAR83_STU00457,TORONTO_EAR83_0155
TORONTO_EAR83_STU00457,TORONTO_EAR83_0170
TORONTO_EAR83_STU00458,TORONTO_EAR83_0008
TORONTO_EAR83_STU00458,TORONTO_EAR83_0024
TORONTO_EAR83_STU00458,TORONTO_EAR83_0046
TORONTO_EAR83_STU00458,TORONTO_EAR83_0086
TORONTO_EAR83_STU00458,TORONTO_EAR83_0126
TORONTO_EAR83_STU00458,TORONTO_EAR83_0155
TORONTO_EAR83_STU00459,TORONTO_EAR83_0003
TORONTO_EAR83_STU00459,TORONTO_EAR83_0024
TORONTO_EAR83_STU00459,TORONTO_EAR83_0090
TORONTO_EAR83_STU00459,TORONTO_EAR83_0122
TORONTO_EAR83_STU00459,TORONTO_EAR83_0131
TORONTO_EAR83_STU00460,TORONTO_EAR83_0027
TORONTO_EAR83_STU00460,TORONTO_EAR83_0090
TORONTO_EAR83_STU00460,TORONTO_EAR83_0122
TORONTO_EAR83_STU00460,TORONTO_EAR83_0127
TORONTO_EAR83_STU00461,TORONTO_EAR83_0012
TORONTO_EAR83_STU00461,TORONTO_EAR83_0027
TORONTO_EAR83_STU00461,TORONTO_EAR83_0090
TORONTO_EAR83_STU00461,TORONTO_EAR83_0124
TORONTO_EAR83_STU00461,TORONTO_EAR83_0142
TORONTO_EAR83_STU00461,TORONTO_EAR83_0153
TORONTO_EAR83_STU00461,TORONTO_EAR83_0172
TORONTO_EAR83_STU00461,TORONTO_EAR83_0177
TORONTO_EAR83_STU00462,TORONTO_EAR83_0024
TORONTO_EAR83_STU00462,TORONTO_EAR83_0090
TORONTO_EAR83_STU00462,TORONTO_EAR83_0124
TORONTO_EAR83_STU00462,TORONTO_EAR83_0143
TORONTO_EAR83_STU00462,TORONTO_EAR83_0145
TORONTO_EAR83_STU00462,TORONTO_EAR83_0148
TORONTO_EAR83_STU00463,TORONTO_EAR83_0011
TORONTO_EAR83_STU00463,TORONTO_EAR83_0027
TORONTO_EAR83_STU00463,TORONTO_EAR83_0060
TORONTO_EAR83_STU00463,TORONTO_EAR83_0075
TORONTO_EAR83_STU00463,TORONTO_EAR83_0090
TORONTO_EAR83_STU00463,TORONTO_EAR83_0145
TORONTO_EAR83_STU00463,TORONTO_EAR83_0176
TORONTO_EAR83_STU00464,TORONTO_EAR83_0010
TORONTO_EAR83_STU00464,TORONTO_EAR83_0027
TORONTO_EAR83_STU00464,TORONTO_EAR83_0071
TORONTO_EAR83_STU00464,TORONTO_EAR83_0090
TORONTO_EAR83_STU00464,TORONTO_EAR83_0122
TORONTO_EAR83_STU00464,TORONTO_EAR83_0131
TORONTO_EAR83_STU00465,TORONTO_EAR83_0027
TORONTO_EAR83_STU00465,TORONTO_EAR83_0034
TORONTO_EAR83_STU00465,TORONTO_EAR83_0090
TORONTO_EAR83_STU00465,TORONTO_EAR83_0127
TORONTO_EAR83_STU00465,TORONTO_EAR83_0163
TORONTO_EAR83_STU00465,TORONTO_EAR83_0187
TORONTO_EAR83_STU00465,TORONTO_EAR83_0188
TORONTO_EAR83_STU00466,TORONTO_EAR83_0027
TORONTO_EAR83_STU00466,TORONTO_EAR83_0041
TORONTO_EAR83_STU00466,TORONTO_EAR83_0055
TORONTO_EAR83_STU00466,TORONTO_EAR83_0090
TORONTO_EAR83_STU00466,TORONTO_EAR83_0143
TORONTO_EAR83_STU00466,TORONTO_EAR83_0155
TORONTO_EAR83_STU00467,TORONTO_EAR83_0006
TORONTO_EAR83_STU00467,TORONTO_EAR83_0027
TORONTO_EAR83_STU00467,TORONTO_EAR83_0090
TORONTO_EAR83_STU00467,TORONTO_EAR83_0104
TORONTO_EAR83_STU00467,TORONTO_EAR83_0111
TORONTO_EAR83_STU00467,TORONTO_EAR83_0128
TORONTO_EAR83_STU00467,TORONTO_EAR83_0165
TORONTO_EAR83_STU00468,TORONTO_EAR83_0023
TORONTO_EAR83_STU00468,TORONTO_EAR83_0086
TORONTO_EAR83_STU00468,TORONTO_EAR83_0146
TORONTO_EAR83_STU00468,TORONTO_EAR83_0170
TORONTO_EAR83_STU00468,TORONTO_EAR83_0171
TORONTO_EAR83_STU00468,TORONTO_EAR83_0175
TORONTO_EAR83_STU00469,TORONTO_EAR83_0023
TORONTO_EAR83_STU00469,TORONTO_EAR83_0026
TORONTO_EAR83_STU00469,TORONTO_EAR83_0086
TORONTO_EAR83_STU00469,TORONTO_EAR83_0130
TORONTO_EAR83_STU00469,TORONTO_EAR83_0146
TORONTO_EAR83_STU00469,TORONTO_EAR83_0175
TORONTO_EAR83_STU00470,TORONTO_EAR83_0003
TORONTO_EAR83_STU00470,TORONTO_EAR83_0011
TORONTO_EAR83_STU00470,TORONTO_EAR83_0026
TORONTO_EAR83_STU00470,TORONTO_EAR83_0089
TORONTO_EAR83_STU00470,TORONTO_EAR83_0126
TORONTO_EAR83_STU00470,TORONTO_EAR83_0130
TORONTO_EAR83_STU00470,TORONTO_EAR83_0179
TORONTO_EAR83_STU00471,TORONTO_EAR83_0015
TORONTO_EAR83_STU00471,TORONTO_EAR83_0027
TORONTO_EAR83_STU00471,TORONTO_EAR83_0089
TORONTO_EAR83_STU00471,TORONTO_EAR83_0130
TORONTO_EAR83_STU00471,TORONTO_EAR83_0141
TORONTO_EAR83_STU00471,TORONTO_EAR83_0146
TORONTO_EAR83_STU00472,TORONTO_EAR83_0015
TORONTO_EAR83_STU00472,TORONTO_EAR83_0027
TORONTO_EAR83_STU00472,TORONTO_EAR83_0089
TORONTO_EAR83_STU00472,TORONTO_EAR83_0130
TORONTO_EAR83_STU00472,TORONTO_EAR83_0141
TORONTO_EAR83_STU00472,TORONTO_EAR83_0146
TORONTO_EAR83_STU00472,TORONTO_EAR83_0172
TORONTO_EAR83_STU00473,TORONTO_EAR83_0027
TORONTO_EAR83_STU00473,TORONTO_EAR83_0045
TORONTO_EAR83_STU00473,TORONTO_EAR83_0090
TORONTO_EAR83_STU00473,TORONTO_EAR83_0146
TORONTO_EAR83_STU00473,TORONTO_EAR83_0156
TORONTO_EAR83_STU00474,TORONTO_EAR83_0011
TORONTO_EAR83_STU00474,TORONTO_EAR83_0023
TORONTO_EAR83_STU00474,TORONTO_EAR83_0038
TORONTO_EAR83_STU00474,TORONTO_EAR83_0089
TORONTO_EAR83_STU00474,TORONTO_EAR83_0146
TORONTO_EAR83_STU00474,TORONTO_EAR83_0170
TORONTO_EAR83_STU00475,TORONTO_EAR83_0024
TORONTO_EAR83_STU00475,TORONTO_EAR83_0087
TORONTO_EAR83_STU00475,TORONTO_EAR83_0101
TORONTO_EAR83_STU00475,TORONTO_EAR83_0109
TORONTO_EAR83_STU00475,TORONTO_EAR83_0146
TORONTO_EAR83_STU00475,TORONTO_EAR83_0165
TORONTO_EAR83_STU00475,TORONTO_EAR83_0183
TORONTO_EAR83_STU00476,TORONTO_EAR83_0011
TORONTO_EAR83_STU00476,TORONTO_EAR83_0023
TORONTO_EAR83_STU00476,TORONTO_EAR83_0086
TORONTO_EAR83_STU00476,TORONTO_EAR83_0124
TORONTO_EAR83_STU00476,TORONTO_EAR83_0141
TORONTO_EAR83_STU00476,TORONTO_EAR83_0146
TORONTO_EAR83_STU00476,TORONTO_EAR83_0176
TORONTO_EAR83_STU00477,TORONTO_EAR83_0026
TORONTO_EAR83_STU00477,TORONTO_EAR83_0059
TORONTO_EAR83_STU00477,TORONTO_EAR83_0086
TORONTO_EAR83_STU00477,TORONTO_EAR83_0130
TORONTO_EAR83_STU00477,TORONTO_EAR83_0146
TORONTO_EAR83_STU00477,TORONTO_EAR83_0175
TORONTO_EAR83_STU00478,TORONTO_EAR83_0029
TORONTO_EAR83_STU00478,TORONTO_EAR83_0034
TORONTO_EAR83_STU00478,TORONTO_EAR83_0056
TORONTO_EAR83_STU00478,TORONTO_EAR83_0058
TORONTO_EAR83_STU00478,TORONTO_EAR83_0190
TORONTO_EAR83_STU00479,TORONTO_EAR83_0023
TORONTO_EAR83_STU00479,TORONTO_EAR83_0089
TORONTO_EAR83_STU00479,TORONTO_EAR83_0130
TORONTO_EAR83_STU00479,TORONTO_EAR83_0141
TORONTO_EAR83_STU00479,TORONTO_EAR83_0146
TORONTO_EAR83_STU00479,TORONTO_EAR83_0147
TORONTO_EAR83_STU00479,TORONTO_EAR83_0180
TORONTO_EAR83_STU00480,TORONTO_EAR83_0026
TORONTO_EAR83_STU00480,TORONTO_EAR83_0086
TORONTO_EAR83_STU00480,TORONTO_EAR83_0141
TORONTO_EAR83_STU00480,TORONTO_EAR83_0155
TORONTO_EAR83_STU00480,TORONTO_EAR83_0176
TORONTO_EAR83_STU00481,TORONTO_EAR83_0011
TORONTO_EAR83_STU00481,TORONTO_EAR83_0023
TORONTO_EAR83_STU00481,TORONTO_EAR83_0089
TORONTO_EAR83_STU00481,TORONTO_EAR83_0126
TORONTO_EAR83_STU00481,TORONTO_EAR83_0130
TORONTO_EAR83_STU00481,TORONTO_EAR83_0139
TORONTO_EAR83_STU00481,TORONTO_EAR83_0150
TORONTO_EAR83_STU00482,TORONTO_EAR83_0026
TORONTO_EAR83_STU00482,TORONTO_EAR83_0059
TORONTO_EAR83_STU00482,TORONTO_EAR83_0086
TORONTO_EAR83_STU00482,TORONTO_EAR83_0130
TORONTO_EAR83_STU00482,TORONTO_EAR83_0161
TORONTO_EAR83_STU00482,TORONTO_EAR83_0178
TORONTO_EAR83_STU00483,TORONTO_EAR83_0026
TORONTO_EAR83_STU00483,TORONTO_EAR83_0086
TORONTO_EAR83_STU00483,TORONTO_EAR83_0089
TORONTO_EAR83_STU00483,TORONTO_EAR83_0146
TORONTO_EAR83_STU00483,TORONTO_EAR83_0147
TORONTO_EAR83_STU00484,TORONTO_EAR83_0026
TORONTO_EAR83_STU00484,TORONTO_EAR83_0089
TORONTO_EAR83_STU00484,TORONTO_EAR83_0124
TORONTO_EAR83_STU00484,TORONTO_EAR83_0130
TORONTO_EAR83_STU00484,TORONTO_EAR83_0141
TORONTO_EAR83_STU00484,TORONTO_EAR83_0178
TORONTO_EAR83_STU00485,TORONTO_EAR83_0026
TORONTO_EAR83_STU00485,TORONTO_EAR83_0043
TORONTO_EAR83_STU00485,TORONTO_EAR83_0081
TORONTO_EAR83_STU00485,TORONTO_EAR83_0124
TORONTO_EAR83_STU00485,TORONTO_EAR83_0157
TORONTO_EAR83_STU00485,TORONTO_EAR83_0171
TORONTO_EAR83_STU00485,TORONTO_EAR83_0176
TORONTO_EAR83_STU00486,TORONTO_EAR83_0023
TORONTO_EAR83_STU00486,TORONTO_EAR83_0026
TORONTO_EAR83_STU00486,TORONTO_EAR83_0086
TORONTO_EAR83_STU00486,TORONTO_EAR83_0121
TORONTO_EAR83_STU00486,TORONTO_EAR83_0145
TORONTO_EAR83_STU00486,TORONTO_EAR83_0155
TORONTO_EAR83_STU00487,TORONTO_EAR83_0026
TORONTO_EAR83_STU00487,TORONTO_EAR83_0034
TORONTO_EAR83_STU00487,TORONTO_EAR83_0058
TORONTO_EAR83_STU00487,TORONTO_EAR83_0165
TORONTO_EAR83_STU00487,TORONTO_EAR83_0189
TORONTO_EAR83_STU00488,TORONTO_EAR83_0027
TORONTO_EAR83_STU00488,TORONTO_EAR83_0090
TORONTO_EAR83_STU00488,TORONTO_EAR83_0124
TORONTO_EAR83_STU00488,TORONTO_EAR83_0142
TORONTO_EAR83_STU00488,TORONTO_EAR83_0156
TORONTO_EAR83_STU00489,TORONTO_EAR83_0023
TORONTO_EAR83_STU00489,TORONTO_EAR83_0046
TORONTO_EAR83_STU00489,TORONTO_EAR83_0086
TORONTO_EAR83_STU00489,TORONTO_EAR83_0155
TORONTO_EAR83_STU00490,TORONTO_EAR83_0019
TORONTO_EAR83_STU00490,TORONTO_EAR83_0043
TORONTO_EAR83_STU00490,TORONTO_EAR83_0050
TORONTO_EAR83_STU00490,TORONTO_EAR83_0086
TORONTO_EAR83_STU00490,TORONTO_EAR83_0172
TORONTO_EAR83_STU00490,TORONTO_EAR83_0175
TORONTO_EAR83_STU00491,TORONTO_EAR83_0026
TORONTO_EAR83_STU00491,TORONTO_EAR83_0086
TORONTO_EAR83_STU00491,TORONTO_EAR83_0151
TORONTO_EAR83_STU00491,TORONTO_EAR83_0157
TORONTO_EAR83_STU00491,TORONTO_EAR83_0169
TORONTO_EAR83_STU00491,TORONTO_EAR83_0175
TORONTO_EAR83_STU00492,TORONTO_EAR83_0004
TORONTO_EAR83_STU00492,TORONTO_EAR83_0027
TORONTO_EAR83_STU00492,TORONTO_EAR83_0055
TORONTO_EAR83_STU00492,TORONTO_EAR83_0057
TORONTO_EAR83_STU00492,TORONTO_EAR83_0090
TORONTO_EAR83_STU00492,TORONTO_EAR83_0151
TORONTO_EAR83_STU00492,TORONTO_EAR83_0175
TORONTO_EAR83_STU00493,TORONTO_EAR83_0026
TORONTO_EAR83_STU00493,TORONTO_EAR83_0089
TORONTO_EAR83_STU00493,TORONTO_EAR83_0124
TORONTO_EAR83_STU00493,TORONTO_EAR83_0141
TORONTO_EAR83_STU00493,TORONTO_EAR83_0145
TORONTO_EAR83_STU00493,TORONTO_EAR83_0179
TORONTO_EAR83_STU00494,TORONTO_EAR83_0023
TORONTO_EAR83_STU00494,TORONTO_EAR83_0044
TORONTO_EAR83_STU00494,TORONTO_EAR83_0046
TORONTO_EAR83_STU00494,TORONTO_EAR83_0086
TORONTO_EAR83_STU00494,TORONTO_EAR83_0124
TORONTO_EAR83_STU00494,TORONTO_EAR83_0175
TORONTO_EAR83_STU00495,TORONTO_EAR83_0026
TORONTO_EAR83_STU00495,TORONTO_EAR83_0086
TORONTO_EAR83_STU00495,TORONTO_EAR83_0130
TORONTO_EAR83_STU00495,TORONTO_EAR83_0141
TORONTO_EAR83_STU00495,TORONTO_EAR83_0178
TORONTO_EAR83_STU00496,TORONTO_EAR83_0011
TORONTO_EAR83_STU00496,TORONTO_EAR83_0026
TORONTO_EAR83_STU00496,TORONTO_EAR83_0086
TORONTO_EAR83_STU00496,TORONTO_EAR83_0146
TORONTO_EAR83_STU00496,TORONTO_EAR83_0147
TORONTO_EAR83_STU00496,TORONTO_EAR83_0172
TORONTO_EAR83_STU00497,TORONTO_EAR83_0026
TORONTO_EAR83_STU00497,TORONTO_EAR83_0089
TORONTO_EAR83_STU00497,TORONTO_EAR83_0099
TORONTO_EAR83_STU00497,TORONTO_EAR83_0151
TORONTO_EAR83_STU00497,TORONTO_EAR83_0153
TORONTO_EAR83_STU00497,TORONTO_EAR83_0175
TORONTO_EAR83_STU00498,TORONTO_EAR83_0089
TORONTO_EAR83_STU00498,TORONTO_EAR83_0141
TORONTO_EAR83_STU00498,TORONTO_EAR83_0171
TORONTO_EAR83_STU00498,TORONTO_EAR83_0175
TORONTO_EAR83_STU00499,TORONTO_EAR83_0030
TORONTO_EAR83_STU00499,TORONTO_EAR83_0041
TORONTO_EAR83_STU00499,TORONTO_EAR83_0076
TORONTO_EAR83_STU00499,TORONTO_EAR83_0077
TORONTO_EAR83_STU00499,TORONTO_EAR83_0078
TORONTO_EAR83_STU00499,TORONTO_EAR83_0143
TORONTO_EAR83_STU00499,TORONTO_EAR83_0179
TORONTO_EAR83_STU00500,TORONTO_EAR83_0026
TORONTO_EAR83_STU00500,TORONTO_EAR83_0089
TORONTO_EAR83_STU00500,TORONTO_EAR83_0141
TORONTO_EAR83_STU00500,TORONTO_EAR83_0179
TORONTO_EAR83_STU00501,TORONTO_EAR83_0077
TORONTO_EAR83_STU00501,TORONTO_EAR83_0078
TORONTO_EAR83_STU00501,TORONTO_EAR83_0124
TORONTO_EAR83_STU00501,TORONTO_EAR83_0133
TORONTO_EAR83_STU00501,TORONTO_EAR83_0143
TORONTO_EAR83_STU00501,TORONTO_EAR83_0146
TORONTO_EAR83_STU00502,TORONTO_EAR83_0003
TORONTO_EAR83_STU00502,TORONTO_EAR83_0026
TORONTO_EAR83_STU00502,TORONTO_EAR83_0074
TORONTO_EAR83_STU00502,TORONTO_EAR83_0075
TORONTO_EAR83_STU00502,TORONTO_EAR83_0156
TORONTO_EAR83_STU00503,TORONTO_EAR83_0024
TORONTO_EAR83_STU00503,TORONTO_EAR83_0035
TORONTO_EAR83_STU00503,TORONTO_EAR83_0089
TORONTO_EAR83_STU00503,TORONTO_EAR83_0103
TORONTO_EAR83_STU00503,TORONTO_EAR83_0157
TORONTO_EAR83_STU00503,TORONTO_EAR83_0186
TORONTO_EAR83_STU00503,TORONTO_EAR83_0187
TORONTO_EAR83_STU00504,TORONTO_EAR83_0011
TORONTO_EAR83_STU00504,TORONTO_EAR83_0023
TORONTO_EAR83_STU00504,TORONTO_EAR83_0043
TORONTO_EAR83_STU00504,TORONTO_EAR83_0050
TORONTO_EAR83_STU00504,TORONTO_EAR83_0059
TORONTO_EAR83_STU00504,TORONTO_EAR83_0136
TORONTO_EAR83_STU00504,TORONTO_EAR83_0155
TORONTO_EAR83_STU00505,TORONTO_EAR83_0001
TORONTO_EAR83_STU00505,TORONTO_EAR83_0013
TORONTO_EAR83_STU00505,TORONTO_EAR83_0015
TORONTO_EAR83_STU00505,TORONTO_EAR83_0020
TORONTO_EAR83_STU00505,TORONTO_EAR83_0052
TORONTO_EAR83_STU00505,TORONTO_EAR83_0081
TORONTO_EAR83_STU00505,TORONTO_EAR83_0136
TORONTO_EAR83_STU00505,TORONTO_EAR83_0157
TORONTO_EAR83_STU00506,TORONTO_EAR83_0006
TORONTO_EAR83_STU00506,TORONTO_EAR83_0014
TORONTO_EAR83_STU00506,TORONTO_EAR83_0023
TORONTO_EAR83_STU00506,TORONTO_EAR83_0039
TORONTO_EAR83_STU00506,TORONTO_EAR83_0050
TORONTO_EAR83_STU00506,TORONTO_EAR83_0086
TORONTO_EAR83_STU00506,TORONTO_EAR83_0157
TORONTO_EAR83_STU00506,TORONTO_EAR83_0185
TORONTO_EAR83_STU00507,TORONTO_EAR83_0001
TORONTO_EAR83_STU00507,TORONTO_EAR83_0011
TORONTO_EAR83_STU00507,TORONTO_EAR83_0023
TORONTO_EAR83_STU00507,TORONTO_EAR83_0081
TORONTO_EAR83_STU00507,TORONTO_EAR83_0141
TORONTO_EAR83_STU00507,TORONTO_EAR83_0144
TORONTO_EAR83_STU00507,TORONTO_EAR83_0150
TORONTO_EAR83_STU00507,TORONTO_EAR83_0152
TORONTO_EAR83_STU00507,TORONTO_EAR83_0173
TORONTO_EAR83_STU00508,TORONTO_EAR83_0023
TORONTO_EAR83_STU00508,TORONTO_EAR83_0086
TORONTO_EAR83_STU00508,TORONTO_EAR83_0145
TORONTO_EAR83_STU00508,TORONTO_EAR83_0155
TORONTO_EAR83_STU00508,TORONTO_EAR83_0168
TORONTO_EAR83_STU00509,TORONTO_EAR83_0003
TORONTO_EAR83_STU00509,TORONTO_EAR83_0009
TORONTO_EAR83_STU00509,TORONTO_EAR83_0021
TORONTO_EAR83_STU00509,TORONTO_EAR83_0039
TORONTO_EAR83_STU00509,TORONTO_EAR83_0084
TORONTO_EAR83_STU00509,TORONTO_EAR83_0118
TORONTO_EAR83_STU00509,TORONTO_EAR83_0137
TORONTO_EAR83_STU00510,TORONTO_EAR83_0029
TORONTO_EAR83_STU00510,TORONTO_EAR83_0077
TORONTO_EAR83_STU00510,TORONTO_EAR83_0078
TORONTO_EAR83_STU00510,TORONTO_EAR83_0128
TORONTO_EAR83_STU00510,TORONTO_EAR83_0133
TORONTO_EAR83_STU00510,TORONTO_EAR83_0143
TORONTO_EAR83_STU00511,TORONTO_EAR83_0023
TORONTO_EAR83_STU00511,TORONTO_EAR83_0039
TORONTO_EAR83_STU00511,TORONTO_EAR83_0062
TORONTO_EAR83_STU00511,TORONTO_EAR83_0086
TORONTO_EAR83_STU00511,TORONTO_EAR83_0104
TORONTO_EAR83_STU00511,TORONTO_EAR83_0186
TORONTO_EAR83_STU00512,TORONTO_EAR83_0005
TORONTO_EAR83_STU00512,TORONTO_EAR83_0027
TORONTO_EAR83_STU00512,TORONTO_EAR83_0046
TORONTO_EAR83_STU00512,TORONTO_EAR83_0059
TORONTO_EAR83_STU00512,TORONTO_EAR83_0067
TORONTO_EAR83_STU00512,TORONTO_EAR83_0089
TORONTO_EAR83_STU00512,TORONTO_EAR83_0166
TORONTO_EAR83_STU00513,TORONTO_EAR83_0023
TORONTO_EAR83_STU00513,TORONTO_EAR83_0086
TORONTO_EAR83_STU00513,TORONTO_EAR83_0141
TORONTO_EAR83_STU00513,TORONTO_EAR83_0153
TORONTO_EAR83_STU00513,TORONTO_EAR83_0157
TORONTO_EAR83_STU00513,TORONTO_EAR83_0168
TORONTO_EAR83_STU00513,TORONTO_EAR83_0174
TORONTO_EAR83_STU00514,TORONTO_EAR83_0001
TORONTO_EAR83_STU00514,TORONTO_EAR83_0012
TORONTO_EAR83_STU00514,TORONTO_EAR83_0023
TORONTO_EAR83_STU00514,TORONTO_EAR83_0121
TORONTO_EAR83_STU00514,TORONTO_EAR83_0136
TORONTO_EAR83_STU00514,TORONTO_EAR83_0147
TORONTO_EAR83_STU00514,TORONTO_EAR83_0152
TORONTO_EAR83_STU00514,TORONTO_EAR83_0168
TORONTO_EAR83_STU00514,TORONTO_EAR83_0177
TORONTO_EAR83_STU00515,TORONTO_EAR83_0029
TORONTO_EAR83_STU00515,TORONTO_EAR83_0030
TORONTO_EAR83_STU00515,TORONTO_EAR83_0034
TORONTO_EAR83_STU00515,TORONTO_EAR83_0128
TORONTO_EAR83_STU00516,TORONTO_EAR83_0024
TORONTO_EAR83_STU00516,TORONTO_EAR83_0048
TORONTO_EAR83_STU00516,TORONTO_EAR83_0064
TORONTO_EAR83_STU00516,TORONTO_EAR83_0087
TORONTO_EAR83_STU00516,TORONTO_EAR83_0104
TORONTO_EAR83_STU00516,TORONTO_EAR83_0142
TORONTO_EAR83_STU00516,TORONTO_EAR83_0165
TORONTO_EAR83_STU00517,TORONTO_EAR83_0022
TORONTO_EAR83_STU00517,TORONTO_EAR83_0054
TORONTO_EAR83_STU00517,TORONTO_EAR83_0062
TORONTO_EAR83_STU00517,TORONTO_EAR83_0072
TORONTO_EAR83_STU00517,TORONTO_EAR83_0085
TORONTO_EAR83_STU00517,TORONTO_EAR83_0117
TORONTO_EAR83_STU00517,TORONTO_EAR83_0138
TORONTO_EAR83_STU00517,TORONTO_EAR83_0168
TORONTO_EAR83_STU00518,TORONTO_EAR83_0025
TORONTO_EAR83_STU00518,TORONTO_EAR83_0048
TORONTO_EAR83_STU00518,TORONTO_EAR83_0064
TORONTO_EAR83_STU00518,TORONTO_EAR83_0088
TORONTO_EAR83_STU00518,TORONTO_EAR83_0095
TORONTO_EAR83_STU00518,TORONTO_EAR83_0120
TORONTO_EAR83_STU00518,TORONTO_EAR83_0125
TORONTO_EAR83_STU00518,TORONTO_EAR83_0140
TORONTO_EAR83_STU00519,TORONTO_EAR83_0001
TORONTO_EAR83_STU00519,TORONTO_EAR83_0014
TORONTO_EAR83_STU00519,TORONTO_EAR83_0015
TORONTO_EAR83_STU00519,TORONTO_EAR83_0019
TORONTO_EAR83_STU00519,TORONTO_EAR83_0039
TORONTO_EAR83_STU00519,TORONTO_EAR83_0108
TORONTO_EAR83_STU00519,TORONTO_EAR83_0136
TORONTO_EAR83_STU00520,TORONTO_EAR83_0015
TORONTO_EAR83_STU00520,TORONTO_EAR83_0024
TORONTO_EAR83_STU00520,TORONTO_EAR83_0064
TORONTO_EAR83_STU00520,TORONTO_EAR83_0086
TORONTO_EAR83_STU00520,TORONTO_EAR83_0101
TORONTO_EAR83_STU00520,TORONTO_EAR83_0108
TORONTO_EAR83_STU00520,TORONTO_EAR83_0160
TORONTO_EAR83_STU00520,TORONTO_EAR83_0183
TORONTO_EAR83_STU00521,TORONTO_EAR83_0009
TORONTO_EAR83_STU00521,TORONTO_EAR83_0025
TORONTO_EAR83_STU00521,TORONTO_EAR83_0064
TORONTO_EAR83_STU00521,TORONTO_EAR83_0088
TORONTO_EAR83_STU00521,TORONTO_EAR83_0124
TORONTO_EAR83_STU00521,TORONTO_EAR83_0142
TORONTO_EAR83_STU00521,TORONTO_EAR83_0151
TORONTO_EAR83_STU00521,TORONTO_EAR83_0185
TORONTO_EAR83_STU00522,TORONTO_EAR83_0009
TORONTO_EAR83_STU00522,TORONTO_EAR83_0020
TORONTO_EAR83_STU00522,TORONTO_EAR83_0039
TORONTO_EAR83_STU00522,TORONTO_EAR83_0083
TORONTO_EAR83_STU00522,TORONTO_EAR83_0117
TORONTO_EAR83_STU00522,TORONTO_EAR83_0137
TORONTO_EAR83_STU00522,TORONTO_EAR83_0147
TORONTO_EAR83_STU00523,TORONTO_EAR83_0011
TORONTO_EAR83_STU00523,TORONTO_EAR83_0027
TORONTO_EAR83_STU00523,TORONTO_EAR83_0068
TORONTO_EAR83_STU00523,TORONTO_EAR83_0090
TORONTO_EAR83_STU00523,TORONTO_EAR83_0123
TORONTO_EAR83_STU00523,TORONTO_EAR83_0128
TORONTO_EAR83_STU00523,TORONTO_EAR83_0131
TORONTO_EAR83_STU00524,TORONTO_EAR83_0006
TORONTO_EAR83_STU00524,TORONTO_EAR83_0009
TORONTO_EAR83_STU00524,TORONTO_EAR83_0024
TORONTO_EAR83_STU00524,TORONTO_EAR83_0059
TORONTO_EAR83_STU00524,TORONTO_EAR83_0086
TORONTO_EAR83_STU00524,TORONTO_EAR83_0139
TORONTO_EAR83_STU00524,TORONTO_EAR83_0155
TORONTO_EAR83_STU00525,TORONTO_EAR83_0004
TORONTO_EAR83_STU00525,TORONTO_EAR83_0027
TORONTO_EAR83_STU00525,TORONTO_EAR83_0068
TORONTO_EAR83_STU00525,TORONTO_EAR83_0090
TORONTO_EAR83_STU00525,TORONTO_EAR83_0142
TORONTO_EAR83_STU00526,TORONTO_EAR83_0004
TORONTO_EAR83_STU00526,TORONTO_EAR83_0027
TORONTO_EAR83_STU00526,TORONTO_EAR83_0068
TORONTO_EAR83_STU00526,TORONTO_EAR83_0078
TORONTO_EAR83_STU00526,TORONTO_EAR83_0131
TORONTO_EAR83_STU00526,TORONTO_EAR83_0143
TORONTO_EAR83_STU00527,TORONTO_EAR83_0027
TORONTO_EAR83_STU00527,TORONTO_EAR83_0060
TORONTO_EAR83_STU00527,TORONTO_EAR83_0067
TORONTO_EAR83_STU00527,TORONTO_EAR83_0090
TORONTO_EAR83_STU00527,TORONTO_EAR83_0123
TORONTO_EAR83_STU00527,TORONTO_EAR83_0128
TORONTO_EAR83_STU00527,TORONTO_EAR83_0131
TORONTO_EAR83_STU00528,TORONTO_EAR83_0009
TORONTO_EAR83_STU00528,TORONTO_EAR83_0011
TORONTO_EAR83_STU00528,TORONTO_EAR83_0027
TORONTO_EAR83_STU00528,TORONTO_EAR83_0057
TORONTO_EAR83_STU00528,TORONTO_EAR83_0090
TORONTO_EAR83_STU00528,TORONTO_EAR83_0099
TORONTO_EAR83_STU00528,TORONTO_EAR83_0168
TORONTO_EAR83_STU00529,TORONTO_EAR83_0027
TORONTO_EAR83_STU00529,TORONTO_EAR83_0067
TORONTO_EAR83_STU00529,TORONTO_EAR83_0078
TORONTO_EAR83_STU00529,TORONTO_EAR83_0133
TORONTO_EAR83_STU00529,TORONTO_EAR83_0143
TORONTO_EAR83_STU00529,TORONTO_EAR83_0148
TORONTO_EAR83_STU00530,TORONTO_EAR83_0027
TORONTO_EAR83_STU00530,TORONTO_EAR83_0075
TORONTO_EAR83_STU00530,TORONTO_EAR83_0078
TORONTO_EAR83_STU00530,TORONTO_EAR83_0128
TORONTO_EAR83_STU00530,TORONTO_EAR83_0142
TORONTO_EAR83_STU00531,TORONTO_EAR83_0027
TORONTO_EAR83_STU00531,TORONTO_EAR83_0059
TORONTO_EAR83_STU00531,TORONTO_EAR83_0087
TORONTO_EAR83_STU00531,TORONTO_EAR83_0103
TORONTO_EAR83_STU00531,TORONTO_EAR83_0105
TORONTO_EAR83_STU00531,TORONTO_EAR83_0113
TORONTO_EAR83_STU00531,TORONTO_EAR83_0164
TORONTO_EAR83_STU00532,TORONTO_EAR83_0003
TORONTO_EAR83_STU00532,TORONTO_EAR83_0027
TORONTO_EAR83_STU00532,TORONTO_EAR83_0047
TORONTO_EAR83_STU00532,TORONTO_EAR83_0067
TORONTO_EAR83_STU00532,TORONTO_EAR83_0078
TORONTO_EAR83_STU00532,TORONTO_EAR83_0131
TORONTO_EAR83_STU00532,TORONTO_EAR83_0142
TORONTO_EAR83_STU00533,TORONTO_EAR83_0006
TORONTO_EAR83_STU00533,TORONTO_EAR83_0027
TORONTO_EAR83_STU00533,TORONTO_EAR83_0057
TORONTO_EAR83_STU00533,TORONTO_EAR83_0062
TORONTO_EAR83_STU00533,TORONTO_EAR83_0087
TORONTO_EAR83_STU00533,TORONTO_EAR83_0123
TORONTO_EAR83_STU00533,TORONTO_EAR83_0131
TORONTO_EAR83_STU00533,TORONTO_EAR83_0167
TORONTO_EAR83_STU00534,TORONTO_EAR83_0027
TORONTO_EAR83_STU00534,TORONTO_EAR83_0057
TORONTO_EAR83_STU00534,TORONTO_EAR83_0090
TORONTO_EAR83_STU00534,TORONTO_EAR83_0128
TORONTO_EAR83_STU00534,TORONTO_EAR83_0131
TORONTO_EAR83_STU00535,TORONTO_EAR83_0005
TORONTO_EAR83_STU00535,TORONTO_EAR83_0013
TORONTO_EAR83_STU00535,TORONTO_EAR83_0027
TORONTO_EAR83_STU00535,TORONTO_EAR83_0067
TORONTO_EAR83_STU00535,TORONTO_EAR83_0090
TORONTO_EAR83_STU00535,TORONTO_EAR83_0123
TORONTO_EAR83_STU00536,TORONTO_EAR83_0015
TORONTO_EAR83_STU00536,TORONTO_EAR83_0027
TORONTO_EAR83_STU00536,TORONTO_EAR83_0067
TORONTO_EAR83_STU00536,TORONTO_EAR83_0089
TORONTO_EAR83_STU00536,TORONTO_EAR83_0128
TORONTO_EAR83_STU00536,TORONTO_EAR83_0139
TORONTO_EAR83_STU00536,TORONTO_EAR83_0190
TORONTO_EAR83_STU00537,TORONTO_EAR83_0027
TORONTO_EAR83_STU00537,TORONTO_EAR83_0045
TORONTO_EAR83_STU00537,TORONTO_EAR83_0090
TORONTO_EAR83_STU00537,TORONTO_EAR83_0124
TORONTO_EAR83_STU00537,TORONTO_EAR83_0128
TORONTO_EAR83_STU00537,TORONTO_EAR83_0131
TORONTO_EAR83_STU00537,TORONTO_EAR83_0147
TORONTO_EAR83_STU00538,TORONTO_EAR83_0011
TORONTO_EAR83_STU00538,TORONTO_EAR83_0027
TORONTO_EAR83_STU00538,TORONTO_EAR83_0043
TORONTO_EAR83_STU00538,TORONTO_EAR83_0074
TORONTO_EAR83_STU00538,TORONTO_EAR83_0075
TORONTO_EAR83_STU00538,TORONTO_EAR83_0086
TORONTO_EAR83_STU00538,TORONTO_EAR83_0167
TORONTO_EAR83_STU00539,TORONTO_EAR83_0029
TORONTO_EAR83_STU00539,TORONTO_EAR83_0057
TORONTO_EAR83_STU00539,TORONTO_EAR83_0086
TORONTO_EAR83_STU00539,TORONTO_EAR83_0137
TORONTO_EAR83_STU00539,TORONTO_EAR83_0151
TORONTO_EAR83_STU00540,TORONTO_EAR83_0009
TORONTO_EAR83_STU00540,TORONTO_EAR83_0057
TORONTO_EAR83_STU00540,TORONTO_EAR83_0086
TORONTO_EAR83_STU00540,TORONTO_EAR83_0130
TORONTO_EAR83_STU00540,TORONTO_EAR83_0141
TORONTO_EAR83_STU00540,TORONTO_EAR83_0190
TORONTO_EAR83_STU00541,TORONTO_EAR83_0030
TORONTO_EAR83_STU00541,TORONTO_EAR83_0087
TORONTO_EAR83_STU00541,TORONTO_EAR83_0137
TORONTO_EAR83_STU00541,TORONTO_EAR83_0142
TORONTO_EAR83_STU00541,TORONTO_EAR83_0190
TORONTO_EAR83_STU00542,TORONTO_EAR83_0026
TORONTO_EAR83_STU00542,TORONTO_EAR83_0043
TORONTO_EAR83_STU00542,TORONTO_EAR83_0077
TORONTO_EAR83_STU00542,TORONTO_EAR83_0078
TORONTO_EAR83_STU00542,TORONTO_EAR83_0133
TORONTO_EAR83_STU00542,TORONTO_EAR83_0157
TORONTO_EAR83_STU00542,TORONTO_EAR83_0180
TORONTO_EAR83_STU00543,TORONTO_EAR83_0004
TORONTO_EAR83_STU00543,TORONTO_EAR83_0010
TORONTO_EAR83_STU00543,TORONTO_EAR83_0027
TORONTO_EAR83_STU00543,TORONTO_EAR83_0068
TORONTO_EAR83_STU00543,TORONTO_EAR83_0078
TORONTO_EAR83_STU00543,TORONTO_EAR83_0131
TORONTO_EAR83_STU00543,TORONTO_EAR83_0143
TORONTO_EAR83_STU00544,TORONTO_EAR83_0029
TORONTO_EAR83_STU00544,TORONTO_EAR83_0057
TORONTO_EAR83_STU00544,TORONTO_EAR83_0105
TORONTO_EAR83_STU00544,TORONTO_EAR83_0128
TORONTO_EAR83_STU00544,TORONTO_EAR83_0133
TORONTO_EAR83_STU00544,TORONTO_EAR83_0190
TORONTO_EAR83_STU00545,TORONTO_EAR83_0010
TORONTO_EAR83_STU00545,TORONTO_EAR83_0029
TORONTO_EAR83_STU00545,TORONTO_EAR83_0041
TORONTO_EAR83_STU00545,TORONTO_EAR83_0076
TORONTO_EAR83_STU00545,TORONTO_EAR83_0077
TORONTO_EAR83_STU00545,TORONTO_EAR83_0133
TORONTO_EAR83_STU00545,TORONTO_EAR83_0143
TORONTO_EAR83_STU00546,TORONTO_EAR83_0024
TORONTO_EAR83_STU00546,TORONTO_EAR83_0034
TORONTO_EAR83_STU00546,TORONTO_EAR83_0041
TORONTO_EAR83_STU00546,TORONTO_EAR83_0058
TORONTO_EAR83_STU00546,TORONTO_EAR83_0167
TORONTO_EAR83_STU00546,TORONTO_EAR83_0190
TORONTO_EAR83_STU00547,TORONTO_EAR83_0030
TORONTO_EAR83_STU00547,TORONTO_EAR83_0041
TORONTO_EAR83_STU00547,TORONTO_EAR83_0077
TORONTO_EAR83_STU00547,TORONTO_EAR83_0078
TORONTO_EAR83_STU00547,TORONTO_EAR83_0127
TORONTO_EAR83_STU00547,TORONTO_EAR83_0143
TORONTO_EAR83_STU00548,TORONTO_EAR83_0030
TORONTO_EAR83_STU00548,TORONTO_EAR83_0057
TORONTO_EAR83_STU00548,TORONTO_EAR83_0090
TORONTO_EAR83_STU00548,TORONTO_EAR83_0131
TORONTO_EAR83_STU00548,TORONTO_EAR83_0142
TORONTO_EAR83_STU00549,TORONTO_EAR83_0003
TORONTO_EAR83_STU00549,TORONTO_EAR83_0029
TORONTO_EAR83_STU00549,TORONTO_EAR83_0030
TORONTO_EAR83_STU00549,TORONTO_EAR83_0059
TORONTO_EAR83_STU00549,TORONTO_EAR83_0121
TORONTO_EAR83_STU00550,TORONTO_EAR83_0005
TORONTO_EAR83_STU00550,TORONTO_EAR83_0015
TORONTO_EAR83_STU00550,TORONTO_EAR83_0026
TORONTO_EAR83_STU00550,TORONTO_EAR83_0059
TORONTO_EAR83_STU00550,TORONTO_EAR83_0060
TORONTO_EAR83_STU00550,TORONTO_EAR83_0130
TORONTO_EAR83_STU00551,TORONTO_EAR83_0024
TORONTO_EAR83_STU00551,TORONTO_EAR83_0034
TORONTO_EAR83_STU00551,TORONTO_EAR83_0087
TORONTO_EAR83_STU00551,TORONTO_EAR83_0133
TORONTO_EAR83_STU00551,TORONTO_EAR83_0143
TORONTO_EAR83_STU00551,TORONTO_EAR83_0157
TORONTO_EAR83_STU00552,TORONTO_EAR83_0067
TORONTO_EAR83_STU00552,TORONTO_EAR83_0090
TORONTO_EAR83_STU00552,TORONTO_EAR83_0139
TORONTO_EAR83_STU00552,TORONTO_EAR83_0157
TORONTO_EAR83_STU00552,TORONTO_EAR83_0176
TORONTO_EAR83_STU00553,TORONTO_EAR83_0013
TORONTO_EAR83_STU00553,TORONTO_EAR83_0029
TORONTO_EAR83_STU00553,TORONTO_EAR83_0070
TORONTO_EAR83_STU00553,TORONTO_EAR83_0076
TORONTO_EAR83_STU00553,TORONTO_EAR83_0077
TORONTO_EAR83_STU00553,TORONTO_EAR83_0133
TORONTO_EAR83_STU00554,TORONTO_EAR83_0005
TORONTO_EAR83_STU00554,TORONTO_EAR83_0027
TORONTO_EAR83_STU00554,TORONTO_EAR83_0068
TORONTO_EAR83_STU00554,TORONTO_EAR83_0074
TORONTO_EAR83_STU00554,TORONTO_EAR83_0075
TORONTO_EAR83_STU00554,TORONTO_EAR83_0077
TORONTO_EAR83_STU00554,TORONTO_EAR83_0078
TORONTO_EAR83_STU00554,TORONTO_EAR83_0143
TORONTO_EAR83_STU00555,TORONTO_EAR83_0004
TORONTO_EAR83_STU00555,TORONTO_EAR83_0029
TORONTO_EAR83_STU00555,TORONTO_EAR83_0030
TORONTO_EAR83_STU00555,TORONTO_EAR83_0087
TORONTO_EAR83_STU00555,TORONTO_EAR83_0131
TORONTO_EAR83_STU00555,TORONTO_EAR83_0133
TORONTO_EAR83_STU00556,TORONTO_EAR83_0011
TORONTO_EAR83_STU00556,TORONTO_EAR83_0026
TORONTO_EAR83_STU00556,TORONTO_EAR83_0059
TORONTO_EAR83_STU00556,TORONTO_EAR83_0156
TORONTO_EAR83_STU00556,TORONTO_EAR83_0167
TORONTO_EAR83_STU00556,TORONTO_EAR83_0188
TORONTO_EAR83_STU00557,TORONTO_EAR83_0027
TORONTO_EAR83_STU00557,TORONTO_EAR83_0067
TORONTO_EAR83_STU00557,TORONTO_EAR83_0090
TORONTO_EAR83_STU00557,TORONTO_EAR83_0123
TORONTO_EAR83_STU00557,TORONTO_EAR83_0128
TORONTO_EAR83_STU00557,TORONTO_EAR83_0131
TORONTO_EAR83_STU00557,TORONTO_EAR83_0142
TORONTO_EAR83_STU00557,TORONTO_EAR83_0167
TORONTO_EAR83_STU00558,TORONTO_EAR83_0005
TORONTO_EAR83_STU00558,TORONTO_EAR83_0007
TORONTO_EAR83_STU00558,TORONTO_EAR83_0027
TORONTO_EAR83_STU00558,TORONTO_EAR83_0033
TORONTO_EAR83_STU00558,TORONTO_EAR83_0060
TORONTO_EAR83_STU00558,TORONTO_EAR83_0086
TORONTO_EAR83_STU00558,TORONTO_EAR83_0157
TORONTO_EAR83_STU00559,TORONTO_EAR83_0005
TORONTO_EAR83_STU00559,TORONTO_EAR83_0013
TORONTO_EAR83_STU00559,TORONTO_EAR83_0027
TORONTO_EAR83_STU00559,TORONTO_EAR83_0057
TORONTO_EAR83_STU00559,TORONTO_EAR83_0060
TORONTO_EAR83_STU00559,TORONTO_EAR83_0090
TORONTO_EAR83_STU00559,TORONTO_EAR83_0142
TORONTO_EAR83_STU00560,TORONTO_EAR83_0003
TORONTO_EAR83_STU00560,TORONTO_EAR83_0011
TORONTO_EAR83_STU00560,TORONTO_EAR83_0027
TORONTO_EAR83_STU00560,TORONTO_EAR83_0029
TORONTO_EAR83_STU00560,TORONTO_EAR83_0068
TORONTO_EAR83_STU00560,TORONTO_EAR83_0090
TORONTO_EAR83_STU00561,TORONTO_EAR83_0007
TORONTO_EAR83_STU00561,TORONTO_EAR83_0027
TORONTO_EAR83_STU00561,TORONTO_EAR83_0034
TORONTO_EAR83_STU00561,TORONTO_EAR83_0055
TORONTO_EAR83_STU00561,TORONTO_EAR83_0068
TORONTO_EAR83_STU00561,TORONTO_EAR83_0090
TORONTO_EAR83_STU00561,TORONTO_EAR83_0131
TORONTO_EAR83_STU00562,TORONTO_EAR83_0027
TORONTO_EAR83_STU00562,TORONTO_EAR83_0068
TORONTO_EAR83_STU00562,TORONTO_EAR83_0090
TORONTO_EAR83_STU00562,TORONTO_EAR83_0096
TORONTO_EAR83_STU00562,TORONTO_EAR83_0128
TORONTO_EAR83_STU00562,TORONTO_EAR83_0131
TORONTO_EAR83_STU00562,TORONTO_EAR83_0142
TORONTO_EAR83_STU00563,TORONTO_EAR83_0027
TORONTO_EAR83_STU00563,TORONTO_EAR83_0067
TORONTO_EAR83_STU00563,TORONTO_EAR83_0090
TORONTO_EAR83_STU00563,TORONTO_EAR83_0105
TORONTO_EAR83_STU00563,TORONTO_EAR83_0133
TORONTO_EAR83_STU00563,TORONTO_EAR83_0142
TORONTO_EAR83_STU00564,TORONTO_EAR83_0003
TORONTO_EAR83_STU00564,TORONTO_EAR83_0027
TORONTO_EAR83_STU00564,TORONTO_EAR83_0068
TORONTO_EAR83_STU00564,TORONTO_EAR83_0090
TORONTO_EAR83_STU00564,TORONTO_EAR83_0096
TORONTO_EAR83_STU00564,TORONTO_EAR83_0123
TORONTO_EAR83_STU00564,TORONTO_EAR83_0128
TORONTO_EAR83_STU00564,TORONTO_EAR83_0131
TORONTO_EAR83_STU00565,TORONTO_EAR83_0027
TORONTO_EAR83_STU00565,TORONTO_EAR83_0068
TORONTO_EAR83_STU00565,TORONTO_EAR83_0078
TORONTO_EAR83_STU00565,TORONTO_EAR83_0123
TORONTO_EAR83_STU00565,TORONTO_EAR83_0128
TORONTO_EAR83_STU00565,TORONTO_EAR83_0142
TORONTO_EAR83_STU00565,TORONTO_EAR83_0189
TORONTO_EAR83_STU00566,TORONTO_EAR83_0027
TORONTO_EAR83_STU00566,TORONTO_EAR83_0041
TORONTO_EAR83_STU00566,TORONTO_EAR83_0090
TORONTO_EAR83_STU00566,TORONTO_EAR83_0124
TORONTO_EAR83_STU00566,TORONTO_EAR83_0133
TORONTO_EAR83_STU00566,TORONTO_EAR83_0142
TORONTO_EAR83_STU00567,TORONTO_EAR83_0027
TORONTO_EAR83_STU00567,TORONTO_EAR83_0070
TORONTO_EAR83_STU00567,TORONTO_EAR83_0090
TORONTO_EAR83_STU00567,TORONTO_EAR83_0096
TORONTO_EAR83_STU00567,TORONTO_EAR83_0131
TORONTO_EAR83_STU00567,TORONTO_EAR83_0143
TORONTO_EAR83_STU00567,TORONTO_EAR83_0161
TORONTO_EAR83_STU00568,TORONTO_EAR83_0003
TORONTO_EAR83_STU00568,TORONTO_EAR83_0007
TORONTO_EAR83_STU00568,TORONTO_EAR83_0027
TORONTO_EAR83_STU00568,TORONTO_EAR83_0034
TORONTO_EAR83_STU00568,TORONTO_EAR83_0067
TORONTO_EAR83_STU00568,TORONTO_EAR83_0090
TORONTO_EAR83_STU00568,TORONTO_EAR83_0123
TORONTO_EAR83_STU00569,TORONTO_EAR83_0027
TORONTO_EAR83_STU00569,TORONTO_EAR83_0060
TORONTO_EAR83_STU00569,TORONTO_EAR83_0067
TORONTO_EAR83_STU00569,TORONTO_EAR83_0090
TORONTO_EAR83_STU00569,TORONTO_EAR83_0133
TORONTO_EAR83_STU00569,TORONTO_EAR83_0142
TORONTO_EAR83_STU00569,TORONTO_EAR83_0189
TORONTO_EAR83_STU00570,TORONTO_EAR83_0004
TORONTO_EAR83_STU00570,TORONTO_EAR83_0009
TORONTO_EAR83_STU00570,TORONTO_EAR83_0027
TORONTO_EAR83_STU00570,TORONTO_EAR83_0034
TORONTO_EAR83_STU00570,TORONTO_EAR83_0067
TORONTO_EAR83_STU00570,TORONTO_EAR83_0090
TORONTO_EAR83_STU00570,TORONTO_EAR83_0128
TORONTO_EAR83_STU00570,TORONTO_EAR83_0142
TORONTO_EAR83_STU00571,TORONTO_EAR83_0005
TORONTO_EAR83_STU00571,TORONTO_EAR83_0027
TORONTO_EAR83_STU00571,TORONTO_EAR83_0077
TORONTO_EAR83_STU00571,TORONTO_EAR83_0078
TORONTO_EAR83_STU00571,TORONTO_EAR83_0131
TORONTO_EAR83_STU00571,TORONTO_EAR83_0143
TORONTO_EAR83_STU00572,TORONTO_EAR83_0004
TORONTO_EAR83_STU00572,TORONTO_EAR83_0027
TORONTO_EAR83_STU00572,TORONTO_EAR83_0068
TORONTO_EAR83_STU00572,TORONTO_EAR83_0090
TORONTO_EAR83_STU00572,TORONTO_EAR83_0128
TORONTO_EAR83_STU00572,TORONTO_EAR83_0131
TORONTO_EAR83_STU00572,TORONTO_EAR83_0157
TORONTO_EAR83_STU00573,TORONTO_EAR83_0027
TORONTO_EAR83_STU00573,TORONTO_EAR83_0057
TORONTO_EAR83_STU00573,TORONTO_EAR83_0058
TORONTO_EAR83_STU00573,TORONTO_EAR83_0067
TORONTO_EAR83_STU00573,TORONTO_EAR83_0102
TORONTO_EAR83_STU00573,TORONTO_EAR83_0108
TORONTO_EAR83_STU00573,TORONTO_EAR83_0162
TORONTO_EAR83_STU00573,TORONTO_EAR83_0183
TORONTO_EAR83_STU00574,TORONTO_EAR83_0004
TORONTO_EAR83_STU00574,TORONTO_EAR83_0027
TORONTO_EAR83_STU00574,TORONTO_EAR83_0068
TORONTO_EAR83_STU00574,TORONTO_EAR83_0078
TORONTO_EAR83_STU00574,TORONTO_EAR83_0131
TORONTO_EAR83_STU00574,TORONTO_EAR83_0143
TORONTO_EAR83_STU00575,TORONTO_EAR83_0027
TORONTO_EAR83_STU00575,TORONTO_EAR83_0041
TORONTO_EAR83_STU00575,TORONTO_EAR83_0090
TORONTO_EAR83_STU00575,TORONTO_EAR83_0096
TORONTO_EAR83_STU00575,TORONTO_EAR83_0123
TORONTO_EAR83_STU00575,TORONTO_EAR83_0128
TORONTO_EAR83_STU00575,TORONTO_EAR83_0131
TORONTO_EAR83_STU00576,TORONTO_EAR83_0004
TORONTO_EAR83_STU00576,TORONTO_EAR83_0005
TORONTO_EAR83_STU00576,TORONTO_EAR83_0009
TORONTO_EAR83_STU00576,TORONTO_EAR83_0029
TORONTO_EAR83_STU00577,TORONTO_EAR83_0004
TORONTO_EAR83_STU00577,TORONTO_EAR83_0005
TORONTO_EAR83_STU00577,TORONTO_EAR83_0009
TORONTO_EAR83_STU00577,TORONTO_EAR83_0029
TORONTO_EAR83_STU00578,TORONTO_EAR83_0004
TORONTO_EAR83_STU00578,TORONTO_EAR83_0027
TORONTO_EAR83_STU00578,TORONTO_EAR83_0047
TORONTO_EAR83_STU00578,TORONTO_EAR83_0090
TORONTO_EAR83_STU00578,TORONTO_EAR83_0131
TORONTO_EAR83_STU00578,TORONTO_EAR83_0165
TORONTO_EAR83_STU00578,TORONTO_EAR83_0180
TORONTO_EAR83_STU00578,TORONTO_EAR83_0189
TORONTO_EAR83_STU00579,TORONTO_EAR83_0024
TORONTO_EAR83_STU00579,TORONTO_EAR83_0048
TORONTO_EAR83_STU00579,TORONTO_EAR83_0064
TORONTO_EAR83_STU00579,TORONTO_EAR83_0087
TORONTO_EAR83_STU00579,TORONTO_EAR83_0104
TORONTO_EAR83_STU00579,TORONTO_EAR83_0111
TORONTO_EAR83_STU00579,TORONTO_EAR83_0165
TORONTO_EAR83_STU00580,TORONTO_EAR83_0027
TORONTO_EAR83_STU00580,TORONTO_EAR83_0034
TORONTO_EAR83_STU00580,TORONTO_EAR83_0060
TORONTO_EAR83_STU00580,TORONTO_EAR83_0067
TORONTO_EAR83_STU00580,TORONTO_EAR83_0120
TORONTO_EAR83_STU00580,TORONTO_EAR83_0155
TORONTO_EAR83_STU00580,TORONTO_EAR83_0189
TORONTO_EAR83_STU00581,TORONTO_EAR83_0003
TORONTO_EAR83_STU00581,TORONTO_EAR83_0027
TORONTO_EAR83_STU00581,TORONTO_EAR83_0041
TORONTO_EAR83_STU00581,TORONTO_EAR83_0057
TORONTO_EAR83_STU00581,TORONTO_EAR83_0090
TORONTO_EAR83_STU00581,TORONTO_EAR83_0148
TORONTO_EAR83_STU00582,TORONTO_EAR83_0027
TORONTO_EAR83_STU00582,TORONTO_EAR83_0067
TORONTO_EAR83_STU00582,TORONTO_EAR83_0090
TORONTO_EAR83_STU00582,TORONTO_EAR83_0124
TORONTO_EAR83_STU00582,TORONTO_EAR83_0143
TORONTO_EAR83_STU00582,TORONTO_EAR83_0149
TORONTO_EAR83_STU00583,TORONTO_EAR83_0003
TORONTO_EAR83_STU00583,TORONTO_EAR83_0027
TORONTO_EAR83_STU00583,TORONTO_EAR83_0041
TORONTO_EAR83_STU00583,TORONTO_EAR83_0090
TORONTO_EAR83_STU00583,TORONTO_EAR83_0124
TORONTO_EAR83_STU00583,TORONTO_EAR83_0127
TORONTO_EAR83_STU00583,TORONTO_EAR83_0143
TORONTO_EAR83_STU00584,TORONTO_EAR83_0027
TORONTO_EAR83_STU00584,TORONTO_EAR83_0041
TORONTO_EAR83_STU00584,TORONTO_EAR83_0090
TORONTO_EAR83_STU00584,TORONTO_EAR83_0096
TORONTO_EAR83_STU00584,TORONTO_EAR83_0124
TORONTO_EAR83_STU00584,TORONTO_EAR83_0143
TORONTO_EAR83_STU00585,TORONTO_EAR83_0029
TORONTO_EAR83_STU00585,TORONTO_EAR83_0034
TORONTO_EAR83_STU00585,TORONTO_EAR83_0041
TORONTO_EAR83_STU00585,TORONTO_EAR83_0057
TORONTO_EAR83_STU00585,TORONTO_EAR83_0090
TORONTO_EAR83_STU00585,TORONTO_EAR83_0128
TORONTO_EAR83_STU00585,TORONTO_EAR83_0190
TORONTO_EAR83_STU00586,TORONTO_EAR83_0011
TORONTO_EAR83_STU00586,TORONTO_EAR83_0027
TORONTO_EAR83_STU00586,TORONTO_EAR83_0067
TORONTO_EAR83_STU00586,TORONTO_EAR83_0090
TORONTO_EAR83_STU00586,TORONTO_EAR83_0123
TORONTO_EAR83_STU00586,TORONTO_EAR83_0128
TORONTO_EAR83_STU00586,TORONTO_EAR83_0131
TORONTO_EAR83_STU00587,TORONTO_EAR83_0027
TORONTO_EAR83_STU00587,TORONTO_EAR83_0047
TORONTO_EAR83_STU00587,TORONTO_EAR83_0090
TORONTO_EAR83_STU00587,TORONTO_EAR83_0128
TORONTO_EAR83_STU00587,TORONTO_EAR83_0131
TORONTO_EAR83_STU00587,TORONTO_EAR83_0189
TORONTO_EAR83_STU00588,TORONTO_EAR83_0011
TORONTO_EAR83_STU00588,TORONTO_EAR83_0027
TORONTO_EAR83_STU00588,TORONTO_EAR83_0041
TORONTO_EAR83_STU00588,TORONTO_EAR83_0090
TORONTO_EAR83_STU00588,TORONTO_EAR83_0124
TORONTO_EAR83_STU00588,TORONTO_EAR83_0131
TORONTO_EAR83_STU00588,TORONTO_EAR83_0143
TORONTO_EAR83_STU00589,TORONTO_EAR83_0027
TORONTO_EAR83_STU00589,TORONTO_EAR83_0041
TORONTO_EAR83_STU00589,TORONTO_EAR83_0068
TORONTO_EAR83_STU00589,TORONTO_EAR83_0090
TORONTO_EAR83_STU00589,TORONTO_EAR83_0131
TORONTO_EAR83_STU00589,TORONTO_EAR83_0143
TORONTO_EAR83_STU00589,TORONTO_EAR83_0149
TORONTO_EAR83_STU00589,TORONTO_EAR83_0190
TORONTO_EAR83_STU00590,TORONTO_EAR83_0027
TORONTO_EAR83_STU00590,TORONTO_EAR83_0067
TORONTO_EAR83_STU00590,TORONTO_EAR83_0090
TORONTO_EAR83_STU00590,TORONTO_EAR83_0131
TORONTO_EAR83_STU00590,TORONTO_EAR83_0143
TORONTO_EAR83_STU00590,TORONTO_EAR83_0147
TORONTO_EAR83_STU00591,TORONTO_EAR83_0027
TORONTO_EAR83_STU00591,TORONTO_EAR83_0059
TORONTO_EAR83_STU00591,TORONTO_EAR83_0067
TORONTO_EAR83_STU00591,TORONTO_EAR83_0078
TORONTO_EAR83_STU00591,TORONTO_EAR83_0128
TORONTO_EAR83_STU00591,TORONTO_EAR83_0143
TORONTO_EAR83_STU00592,TORONTO_EAR83_0027
TORONTO_EAR83_STU00592,TORONTO_EAR83_0058
TORONTO_EAR83_STU00592,TORONTO_EAR83_0059
TORONTO_EAR83_STU00592,TORONTO_EAR83_0060
TORONTO_EAR83_STU00592,TORONTO_EAR83_0067
TORONTO_EAR83_STU00592,TORONTO_EAR83_0089
TORONTO_EAR83_STU00592,TORONTO_EAR83_0096
TORONTO_EAR83_STU00592,TORONTO_EAR83_0139
TORONTO_EAR83_STU00593,TORONTO_EAR83_0005
TORONTO_EAR83_STU00593,TORONTO_EAR83_0012
TORONTO_EAR83_STU00593,TORONTO_EAR83_0105
TORONTO_EAR83_STU00593,TORONTO_EAR83_0161
TORONTO_EAR83_STU00594,TORONTO_EAR83_0027
TORONTO_EAR83_STU00594,TORONTO_EAR83_0068
TORONTO_EAR83_STU00594,TORONTO_EAR83_0077
TORONTO_EAR83_STU00594,TORONTO_EAR83_0078
TORONTO_EAR83_STU00594,TORONTO_EAR83_0131
TORONTO_EAR83_STU00594,TORONTO_EAR83_0186
TORONTO_EAR83_STU00594,TORONTO_EAR83_0187
TORONTO_EAR83_STU00595,TORONTO_EAR83_0005
TORONTO_EAR83_STU00595,TORONTO_EAR83_0010
TORONTO_EAR83_STU00595,TORONTO_EAR83_0027
TORONTO_EAR83_STU00595,TORONTO_EAR83_0076
TORONTO_EAR83_STU00595,TORONTO_EAR83_0128
TORONTO_EAR83_STU00595,TORONTO_EAR83_0143
TORONTO_EAR83_STU00595,TORONTO_EAR83_0180
TORONTO_EAR83_STU00595,TORONTO_EAR83_0189
TORONTO_EAR83_STU00596,TORONTO_EAR83_0007
TORONTO_EAR83_STU00596,TORONTO_EAR83_0027
TORONTO_EAR83_STU00596,TORONTO_EAR83_0033
TORONTO_EAR83_STU00596,TORONTO_EAR83_0074
TORONTO_EAR83_STU00596,TORONTO_EAR83_0075
TORONTO_EAR83_STU00596,TORONTO_EAR83_0086
TORONTO_EAR83_STU00596,TORONTO_EAR83_0123
TORONTO_EAR83_STU00596,TORONTO_EAR83_0131
TORONTO_EAR83_STU00596,TORONTO_EAR83_0142
TORONTO_EAR83_STU00597,TORONTO_EAR83_0010
TORONTO_EAR83_STU00597,TORONTO_EAR83_0027
TORONTO_EAR83_STU00597,TORONTO_EAR83_0060
TORONTO_EAR83_STU00597,TORONTO_EAR83_0090
TORONTO_EAR83_STU00597,TORONTO_EAR83_0143
TORONTO_EAR83_STU00597,TORONTO_EAR83_0157
TORONTO_EAR83_STU00598,TORONTO_EAR83_0027
TORONTO_EAR83_STU00598,TORONTO_EAR83_0068
TORONTO_EAR83_STU00598,TORONTO_EAR83_0077
TORONTO_EAR83_STU00598,TORONTO_EAR83_0078
TORONTO_EAR83_STU00598,TORONTO_EAR83_0128
TORONTO_EAR83_STU00598,TORONTO_EAR83_0131
TORONTO_EAR83_STU00599,TORONTO_EAR83_0027
TORONTO_EAR83_STU00599,TORONTO_EAR83_0041
TORONTO_EAR83_STU00599,TORONTO_EAR83_0067
TORONTO_EAR83_STU00599,TORONTO_EAR83_0090
TORONTO_EAR83_STU00599,TORONTO_EAR83_0123
TORONTO_EAR83_STU00599,TORONTO_EAR83_0128
TORONTO_EAR83_STU00599,TORONTO_EAR83_0131
TORONTO_EAR83_STU00599,TORONTO_EAR83_0157
TORONTO_EAR83_STU00600,TORONTO_EAR83_0029
TORONTO_EAR83_STU00600,TORONTO_EAR83_0030
TORONTO_EAR83_STU00600,TORONTO_EAR83_0034
TORONTO_EAR83_STU00600,TORONTO_EAR83_0041
TORONTO_EAR83_STU00600,TORONTO_EAR83_0057
TORONTO_EAR83_STU00600,TORONTO_EAR83_0070
TORONTO_EAR83_STU00600,TORONTO_EAR83_0090
TORONTO_EAR83_STU00601,TORONTO_EAR83_0009
TORONTO_EAR83_STU00601,TORONTO_EAR83_0024
TORONTO_EAR83_STU00601,TORONTO_EAR83_0060
TORONTO_EAR83_STU00601,TORONTO_EAR83_0068
TORONTO_EAR83_STU00601,TORONTO_EAR83_0074
TORONTO_EAR83_STU00601,TORONTO_EAR83_0075
TORONTO_EAR83_STU00601,TORONTO_EAR83_0087
TORONTO_EAR83_STU00601,TORONTO_EAR83_0127
TORONTO_EAR83_STU00601,TORONTO_EAR83_0151
TORONTO_EAR83_STU00602,TORONTO_EAR83_0007
TORONTO_EAR83_STU00602,TORONTO_EAR83_0011
TORONTO_EAR83_STU00602,TORONTO_EAR83_0027
TORONTO_EAR83_STU00602,TORONTO_EAR83_0057
TORONTO_EAR83_STU00602,TORONTO_EAR83_0067
TORONTO_EAR83_STU00602,TORONTO_EAR83_0090
TORONTO_EAR83_STU00602,TORONTO_EAR83_0142
TORONTO_EAR83_STU00603,TORONTO_EAR83_0027
TORONTO_EAR83_STU00603,TORONTO_EAR83_0057
TORONTO_EAR83_STU00603,TORONTO_EAR83_0068
TORONTO_EAR83_STU00603,TORONTO_EAR83_0073
TORONTO_EAR83_STU00603,TORONTO_EAR83_0090
TORONTO_EAR83_STU00603,TORONTO_EAR83_0128
TORONTO_EAR83_STU00603,TORONTO_EAR83_0157
TORONTO_EAR83_STU00604,TORONTO_EAR83_0003
TORONTO_EAR83_STU00604,TORONTO_EAR83_0027
TORONTO_EAR83_STU00604,TORONTO_EAR83_0033
TORONTO_EAR83_STU00604,TORONTO_EAR83_0058
TORONTO_EAR83_STU00604,TORONTO_EAR83_0089
TORONTO_EAR83_STU00604,TORONTO_EAR83_0128
TORONTO_EAR83_STU00605,TORONTO_EAR83_0005
TORONTO_EAR83_STU00605,TORONTO_EAR83_0027
TORONTO_EAR83_STU00605,TORONTO_EAR83_0033
TORONTO_EAR83_STU00605,TORONTO_EAR83_0057
TORONTO_EAR83_STU00605,TORONTO_EAR83_0060
TORONTO_EAR83_STU00605,TORONTO_EAR83_0089
TORONTO_EAR83_STU00606,TORONTO_EAR83_0003
TORONTO_EAR83_STU00606,TORONTO_EAR83_0005
TORONTO_EAR83_STU00606,TORONTO_EAR83_0011
TORONTO_EAR83_STU00606,TORONTO_EAR83_0014
TORONTO_EAR83_STU00606,TORONTO_EAR83_0026
TORONTO_EAR83_STU00606,TORONTO_EAR83_0033
TORONTO_EAR83_STU00606,TORONTO_EAR83_0089
TORONTO_EAR83_STU00606,TORONTO_EAR83_0166
TORONTO_EAR83_STU00607,TORONTO_EAR83_0027
TORONTO_EAR83_STU00607,TORONTO_EAR83_0060
TORONTO_EAR83_STU00607,TORONTO_EAR83_0074
TORONTO_EAR83_STU00607,TORONTO_EAR83_0075
TORONTO_EAR83_STU00607,TORONTO_EAR83_0089
TORONTO_EAR83_STU00607,TORONTO_EAR83_0123
TORONTO_EAR83_STU00607,TORONTO_EAR83_0127
TORONTO_EAR83_STU00607,TORONTO_EAR83_0167
TORONTO_EAR83_STU00608,TORONTO_EAR83_0013
TORONTO_EAR83_STU00608,TORONTO_EAR83_0026
TORONTO_EAR83_STU00608,TORONTO_EAR83_0033
TORONTO_EAR83_STU00608,TORONTO_EAR83_0035
TORONTO_EAR83_STU00608,TORONTO_EAR83_0098
TORONTO_EAR83_STU00608,TORONTO_EAR83_0128
TORONTO_EAR83_STU00608,TORONTO_EAR83_0130
TORONTO_EAR83_STU00608,TORONTO_EAR83_0141
TORONTO_EAR83_STU00609,TORONTO_EAR83_0003
TORONTO_EAR83_STU00609,TORONTO_EAR83_0029
TORONTO_EAR83_STU00609,TORONTO_EAR83_0077
TORONTO_EAR83_STU00609,TORONTO_EAR83_0078
TORONTO_EAR83_STU00609,TORONTO_EAR83_0128
TORONTO_EAR83_STU00609,TORONTO_EAR83_0133
TORONTO_EAR83_STU00609,TORONTO_EAR83_0190
TORONTO_EAR83_STU00610,TORONTO_EAR83_0030
TORONTO_EAR83_STU00610,TORONTO_EAR83_0067
TORONTO_EAR83_STU00610,TORONTO_EAR83_0077
TORONTO_EAR83_STU00610,TORONTO_EAR83_0078
TORONTO_EAR83_STU00610,TORONTO_EAR83_0131
TORONTO_EAR83_STU00611,TORONTO_EAR83_0005
TORONTO_EAR83_STU00611,TORONTO_EAR83_0027
TORONTO_EAR83_STU00611,TORONTO_EAR83_0057
TORONTO_EAR83_STU00611,TORONTO_EAR83_0087
TORONTO_EAR83_STU00611,TORONTO_EAR83_0127
TORONTO_EAR83_STU00611,TORONTO_EAR83_0167
TORONTO_EAR83_STU00611,TORONTO_EAR83_0189
TORONTO_EAR83_STU00612,TORONTO_EAR83_0027
TORONTO_EAR83_STU00612,TORONTO_EAR83_0057
TORONTO_EAR83_STU00612,TORONTO_EAR83_0067
TORONTO_EAR83_STU00612,TORONTO_EAR83_0090
TORONTO_EAR83_STU00612,TORONTO_EAR83_0128
TORONTO_EAR83_STU00612,TORONTO_EAR83_0131
TORONTO_EAR83_STU00612,TORONTO_EAR83_0167
TORONTO_EAR83_STU00613,TORONTO_EAR83_0010
TORONTO_EAR83_STU00613,TORONTO_EAR83_0030
TORONTO_EAR83_STU00613,TORONTO_EAR83_0076
TORONTO_EAR83_STU00613,TORONTO_EAR83_0077
TORONTO_EAR83_STU00613,TORONTO_EAR83_0078
TORONTO_EAR83_STU00613,TORONTO_EAR83_0128
TORONTO_EAR83_STU00613,TORONTO_EAR83_0133
TORONTO_EAR83_STU00613,TORONTO_EAR83_0143
TORONTO_EAR83_STU00614,TORONTO_EAR83_0027
TORONTO_EAR83_STU00614,TORONTO_EAR83_0057
TORONTO_EAR83_STU00614,TORONTO_EAR83_0068
TORONTO_EAR83_STU00614,TORONTO_EAR83_0090
TORONTO_EAR83_STU00614,TORONTO_EAR83_0123
TORONTO_EAR83_STU00614,TORONTO_EAR83_0128
TORONTO_EAR83_STU00614,TORONTO_EAR83_0131
TORONTO_EAR83_STU00615,TORONTO_EAR83_0027
TORONTO_EAR83_STU00615,TORONTO_EAR83_0060
TORONTO_EAR83_STU00615,TORONTO_EAR83_0087
TORONTO_EAR83_STU00615,TORONTO_EAR83_0105
TORONTO_EAR83_STU00615,TORONTO_EAR83_0128
TORONTO_EAR83_STU00615,TORONTO_EAR83_0131
TORONTO_EAR83_STU00615,TORONTO_EAR83_0142
TORONTO_EAR83_STU00616,TORONTO_EAR83_0004
TORONTO_EAR83_STU00616,TORONTO_EAR83_0027
TORONTO_EAR83_STU00616,TORONTO_EAR83_0057
TORONTO_EAR83_STU00616,TORONTO_EAR83_0090
TORONTO_EAR83_STU00616,TORONTO_EAR83_0131
TORONTO_EAR83_STU00616,TORONTO_EAR83_0149
TORONTO_EAR83_STU00617,TORONTO_EAR83_0004
TORONTO_EAR83_STU00617,TORONTO_EAR83_0011
TORONTO_EAR83_STU00617,TORONTO_EAR83_0027
TORONTO_EAR83_STU00617,TORONTO_EAR83_0059
TORONTO_EAR83_STU00617,TORONTO_EAR83_0060
TORONTO_EAR83_STU00617,TORONTO_EAR83_0074
TORONTO_EAR83_STU00617,TORONTO_EAR83_0075
TORONTO_EAR83_STU00617,TORONTO_EAR83_0089
TORONTO_EAR83_STU00617,TORONTO_EAR83_0148
TORONTO_EAR83_STU00618,TORONTO_EAR83_0030
TORONTO_EAR83_STU00618,TORONTO_EAR83_0058
TORONTO_EAR83_STU00618,TORONTO_EAR83_0076
TORONTO_EAR83_STU00618,TORONTO_EAR83_0077
TORONTO_EAR83_STU00618,TORONTO_EAR83_0078
TORONTO_EAR83_STU00618,TORONTO_EAR83_0143
TORONTO_EAR83_STU00619,TORONTO_EAR83_0029
TORONTO_EAR83_STU00619,TORONTO_EAR83_0034
TORONTO_EAR83_STU00619,TORONTO_EAR83_0057
TORONTO_EAR83_STU00619,TORONTO_EAR83_0090
TORONTO_EAR83_STU00619,TORONTO_EAR83_0128
TORONTO_EAR83_STU00619,TORONTO_EAR83_0133
TORONTO_EAR83_STU00620,TORONTO_EAR83_0009
TORONTO_EAR83_STU00620,TORONTO_EAR83_0029
TORONTO_EAR83_STU00620,TORONTO_EAR83_0041
TORONTO_EAR83_STU00620,TORONTO_EAR83_0077
TORONTO_EAR83_STU00620,TORONTO_EAR83_0078
TORONTO_EAR83_STU00620,TORONTO_EAR83_0133
TORONTO_EAR83_STU00620,TORONTO_EAR83_0143
TORONTO_EAR83_STU00621,TORONTO_EAR83_0011
TORONTO_EAR83_STU00621,TORONTO_EAR83_0027
TORONTO_EAR83_STU00621,TORONTO_EAR83_0032
TORONTO_EAR83_STU00621,TORONTO_EAR83_0034
TORONTO_EAR83_STU00621,TORONTO_EAR83_0058
TORONTO_EAR83_STU00621,TORONTO_EAR83_0068
TORONTO_EAR83_STU00622,TORONTO_EAR83_0027
TORONTO_EAR83_STU00622,TORONTO_EAR83_0067
TORONTO_EAR83_STU00622,TORONTO_EAR83_0090
TORONTO_EAR83_STU00622,TORONTO_EAR83_0128
TORONTO_EAR83_STU00622,TORONTO_EAR83_0133
TORONTO_EAR83_STU00622,TORONTO_EAR83_0142
TORONTO_EAR83_STU00622,TORONTO_EAR83_0157
TORONTO_EAR83_STU00623,TORONTO_EAR83_0009
TORONTO_EAR83_STU00623,TORONTO_EAR83_0011
TORONTO_EAR83_STU00623,TORONTO_EAR83_0027
TORONTO_EAR83_STU00623,TORONTO_EAR83_0055
TORONTO_EAR83_STU00623,TORONTO_EAR83_0090
TORONTO_EAR83_STU00623,TORONTO_EAR83_0123
TORONTO_EAR83_STU00623,TORONTO_EAR83_0128
TORONTO_EAR83_STU00624,TORONTO_EAR83_0027
TORONTO_EAR83_STU00624,TORONTO_EAR83_0060
TORONTO_EAR83_STU00624,TORONTO_EAR83_0067
TORONTO_EAR83_STU00624,TORONTO_EAR83_0075
TORONTO_EAR83_STU00624,TORONTO_EAR83_0090
TORONTO_EAR83_STU00624,TORONTO_EAR83_0131
TORONTO_EAR83_STU00625,TORONTO_EAR83_0027
TORONTO_EAR83_STU00625,TORONTO_EAR83_0057
TORONTO_EAR83_STU00625,TORONTO_EAR83_0090
TORONTO_EAR83_STU00625,TORONTO_EAR83_0124
TORONTO_EAR83_STU00625,TORONTO_EAR83_0131
TORONTO_EAR83_STU00625,TORONTO_EAR83_0143
TORONTO_EAR83_STU00626,TORONTO_EAR83_0004
TORONTO_EAR83_STU00626,TORONTO_EAR83_0012
TORONTO_EAR83_STU00626,TORONTO_EAR83_0027
TORONTO_EAR83_STU00626,TORONTO_EAR83_0090
TORONTO_EAR83_STU00626,TORONTO_EAR83_0142
TORONTO_EAR83_STU00626,TORONTO_EAR83_0147
TORONTO_EAR83_STU00626,TORONTO_EAR83_0180
TORONTO_EAR83_STU00627,TORONTO_EAR83_0004
TORONTO_EAR83_STU00627,TORONTO_EAR83_0005
TORONTO_EAR83_STU00627,TORONTO_EAR83_0024
TORONTO_EAR83_STU00627,TORONTO_EAR83_0090
TORONTO_EAR83_STU00627,TORONTO_EAR83_0128
TORONTO_EAR83_STU00627,TORONTO_EAR83_0133
TORONTO_EAR83_STU00628,TORONTO_EAR83_0027
TORONTO_EAR83_STU00628,TORONTO_EAR83_0030
TORONTO_EAR83_STU00628,TORONTO_EAR83_0034
TORONTO_EAR83_STU00628,TORONTO_EAR83_0041
TORONTO_EAR83_STU00628,TORONTO_EAR83_0090
TORONTO_EAR83_STU00628,TORONTO_EAR83_0128
TORONTO_EAR83_STU00628,TORONTO_EAR83_0167
TORONTO_EAR83_STU00629,TORONTO_EAR83_0005
TORONTO_EAR83_STU00629,TORONTO_EAR83_0027
TORONTO_EAR83_STU00629,TORONTO_EAR83_0090
TORONTO_EAR83_STU00629,TORONTO_EAR83_0128
TORONTO_EAR83_STU00629,TORONTO_EAR83_0131
TORONTO_EAR83_STU00629,TORONTO_EAR83_0147
TORONTO_EAR83_STU00629,TORONTO_EAR83_0157
TORONTO_EAR83_STU00630,TORONTO_EAR83_0026
TORONTO_EAR83_STU00630,TORONTO_EAR83_0090
TORONTO_EAR83_STU00630,TORONTO_EAR83_0133
TORONTO_EAR83_STU00630,TORONTO_EAR83_0142
TORONTO_EAR83_STU00630,TORONTO_EAR83_0149
TORONTO_EAR83_STU00630,TORONTO_EAR83_0172
TORONTO_EAR83_STU00631,TORONTO_EAR83_0027
TORONTO_EAR83_STU00631,TORONTO_EAR83_0041
TORONTO_EAR83_STU00631,TORONTO_EAR83_0090
TORONTO_EAR83_STU00631,TORONTO_EAR83_0123
TORONTO_EAR83_STU00631,TORONTO_EAR83_0128
TORONTO_EAR83_STU00631,TORONTO_EAR83_0131
TORONTO_EAR83_STU00631,TORONTO_EAR83_0143
TORONTO_EAR83_STU00632,TORONTO_EAR83_0027
TORONTO_EAR83_STU00632,TORONTO_EAR83_0057
TORONTO_EAR83_STU00632,TORONTO_EAR83_0068
TORONTO_EAR83_STU00632,TORONTO_EAR83_0090
TORONTO_EAR83_STU00632,TORONTO_EAR83_0096
TORONTO_EAR83_STU00632,TORONTO_EAR83_0128
TORONTO_EAR83_STU00632,TORONTO_EAR83_0131
TORONTO_EAR83_STU00633,TORONTO_EAR83_0005
TORONTO_EAR83_STU00633,TORONTO_EAR83_0029
TORONTO_EAR83_STU00633,TORONTO_EAR83_0030
TORONTO_EAR83_STU00633,TORONTO_EAR83_0057
TORONTO_EAR83_STU00633,TORONTO_EAR83_0077
TORONTO_EAR83_STU00633,TORONTO_EAR83_0078
TORONTO_EAR83_STU00633,TORONTO_EAR83_0128
TORONTO_EAR83_STU00634,TORONTO_EAR83_0027
TORONTO_EAR83_STU00634,TORONTO_EAR83_0041
TORONTO_EAR83_STU00634,TORONTO_EAR83_0068
TORONTO_EAR83_STU00634,TORONTO_EAR83_0090
TORONTO_EAR83_STU00634,TORONTO_EAR83_0124
TORONTO_EAR83_STU00634,TORONTO_EAR83_0127
TORONTO_EAR83_STU00634,TORONTO_EAR83_0131
TORONTO_EAR83_STU00635,TORONTO_EAR83_0027
TORONTO_EAR83_STU00635,TORONTO_EAR83_0041
TORONTO_EAR83_STU00635,TORONTO_EAR83_0089
TORONTO_EAR83_STU00635,TORONTO_EAR83_0142
TORONTO_EAR83_STU00635,TORONTO_EAR83_0148
TORONTO_EAR83_STU00635,TORONTO_EAR83_0172
TORONTO_EAR83_STU00635,TORONTO_EAR83_0189
TORONTO_EAR83_STU00636,TORONTO_EAR83_0027
TORONTO_EAR83_STU00636,TORONTO_EAR83_0041
TORONTO_EAR83_STU00636,TORONTO_EAR83_0090
TORONTO_EAR83_STU00636,TORONTO_EAR83_0142
TORONTO_EAR83_STU00636,TORONTO_EAR83_0148
TORONTO_EAR83_STU00636,TORONTO_EAR83_0189
TORONTO_EAR83_STU00637,TORONTO_EAR83_0076
TORONTO_EAR83_STU00637,TORONTO_EAR83_0077
TORONTO_EAR83_STU00637,TORONTO_EAR83_0078
TORONTO_EAR83_STU00637,TORONTO_EAR83_0133
TORONTO_EAR83_STU00637,TORONTO_EAR83_0180
TORONTO_EAR83_STU00638,TORONTO_EAR83_0029
TORONTO_EAR83_STU00638,TORONTO_EAR83_0030
TORONTO_EAR83_STU00638,TORONTO_EAR83_0059
TORONTO_EAR83_STU00638,TORONTO_EAR83_0076
TORONTO_EAR83_STU00638,TORONTO_EAR83_0077
TORONTO_EAR83_STU00638,TORONTO_EAR83_0078
TORONTO_EAR83_STU00638,TORONTO_EAR83_0133
TORONTO_EAR83_STU00638,TORONTO_EAR83_0143
TORONTO_EAR83_STU00639,TORONTO_EAR83_0027
TORONTO_EAR83_STU00639,TORONTO_EAR83_0090
TORONTO_EAR83_STU00639,TORONTO_EAR83_0099
TORONTO_EAR83_STU00639,TORONTO_EAR83_0123
TORONTO_EAR83_STU00639,TORONTO_EAR83_0128
TORONTO_EAR83_STU00639,TORONTO_EAR83_0147
TORONTO_EAR83_STU00640,TORONTO_EAR83_0004
TORONTO_EAR83_STU00640,TORONTO_EAR83_0027
TORONTO_EAR83_STU00640,TORONTO_EAR83_0060
TORONTO_EAR83_STU00640,TORONTO_EAR83_0068
TORONTO_EAR83_STU00640,TORONTO_EAR83_0090
TORONTO_EAR83_STU00640,TORONTO_EAR83_0128
TORONTO_EAR83_STU00640,TORONTO_EAR83_0131
TORONTO_EAR83_STU00641,TORONTO_EAR83_0004
TORONTO_EAR83_STU00641,TORONTO_EAR83_0011
TORONTO_EAR83_STU00641,TORONTO_EAR83_0024
TORONTO_EAR83_STU00641,TORONTO_EAR83_0047
TORONTO_EAR83_STU00641,TORONTO_EAR83_0064
TORONTO_EAR83_STU00641,TORONTO_EAR83_0087
TORONTO_EAR83_STU00641,TORONTO_EAR83_0095
TORONTO_EAR83_STU00641,TORONTO_EAR83_0131
TORONTO_EAR83_STU00642,TORONTO_EAR83_0007
TORONTO_EAR83_STU00642,TORONTO_EAR83_0027
TORONTO_EAR83_STU00642,TORONTO_EAR83_0034
TORONTO_EAR83_STU00642,TORONTO_EAR83_0067
TORONTO_EAR83_STU00642,TORONTO_EAR83_0090
TORONTO_EAR83_STU00642,TORONTO_EAR83_0142
TORONTO_EAR83_STU00643,TORONTO_EAR83_0030
TORONTO_EAR83_STU00643,TORONTO_EAR83_0076
TORONTO_EAR83_STU00643,TORONTO_EAR83_0077
TORONTO_EAR83_STU00643,TORONTO_EAR83_0078
TORONTO_EAR83_STU00643,TORONTO_EAR83_0133
TORONTO_EAR83_STU00643,TORONTO_EAR83_0180
TORONTO_EAR83_STU00644,TORONTO_EAR83_0027
TORONTO_EAR83_STU00644,TORONTO_EAR83_0077
TORONTO_EAR83_STU00644,TORONTO_EAR83_0078
TORONTO_EAR83_STU00644,TORONTO_EAR83_0131
TORONTO_EAR83_STU00644,TORONTO_EAR83_0143
TORONTO_EAR83_STU00644,TORONTO_EAR83_0189
TORONTO_EAR83_STU00645,TORONTO_EAR83_0004
TORONTO_EAR83_STU00645,TORONTO_EAR83_0005
TORONTO_EAR83_STU00645,TORONTO_EAR83_0010
TORONTO_EAR83_STU00645,TORONTO_EAR83_0027
TORONTO_EAR83_STU00645,TORONTO_EAR83_0090
TORONTO_EAR83_STU00645,TORONTO_EAR83_0124
TORONTO_EAR83_STU00645,TORONTO_EAR83_0128
TORONTO_EAR83_STU00646,TORONTO_EAR83_0030
TORONTO_EAR83_STU00646,TORONTO_EAR83_0034
TORONTO_EAR83_STU00646,TORONTO_EAR83_0044
TORONTO_EAR83_STU00646,TORONTO_EAR83_0086
TORONTO_EAR83_STU00646,TORONTO_EAR83_0121
TORONTO_EAR83_STU00646,TORONTO_EAR83_0124
TORONTO_EAR83_STU00646,TORONTO_EAR83_0130
TORONTO_EAR83_STU00647,TORONTO_EAR83_0009
TORONTO_EAR83_STU00647,TORONTO_EAR83_0024
TORONTO_EAR83_STU00647,TORONTO_EAR83_0045
TORONTO_EAR83_STU00647,TORONTO_EAR83_0060
TORONTO_EAR83_STU00647,TORONTO_EAR83_0064
TORONTO_EAR83_STU00647,TORONTO_EAR83_0087
TORONTO_EAR83_STU00647,TORONTO_EAR83_0127
TORONTO_EAR83_STU00647,TORONTO_EAR83_0142
TORONTO_EAR83_STU00648,TORONTO_EAR83_0009
TORONTO_EAR83_STU00648,TORONTO_EAR83_0024
TORONTO_EAR83_STU00648,TORONTO_EAR83_0045
TORONTO_EAR83_STU00648,TORONTO_EAR83_0060
TORONTO_EAR83_STU00648,TORONTO_EAR83_0064
TORONTO_EAR83_STU00648,TORONTO_EAR83_0087
TORONTO_EAR83_STU00648,TORONTO_EAR83_0128
TORONTO_EAR83_STU00648,TORONTO_EAR83_0142
TORONTO_EAR83_STU00649,TORONTO_EAR83_0003
TORONTO_EAR83_STU00649,TORONTO_EAR83_0024
TORONTO_EAR83_STU00649,TORONTO_EAR83_0045
TORONTO_EAR83_STU00649,TORONTO_EAR83_0087
TORONTO_EAR83_STU00649,TORONTO_EAR83_0127
TORONTO_EAR83_STU00649,TORONTO_EAR83_0131
TORONTO_EAR83_STU00650,TORONTO_EAR83_0029
TORONTO_EAR83_STU00650,TORONTO_EAR83_0057
TORONTO_EAR83_STU00650,TORONTO_EAR83_0078
TORONTO_EAR83_STU00650,TORONTO_EAR83_0128
TORONTO_EAR83_STU00650,TORONTO_EAR83_0133
TORONTO_EAR83_STU00651,TORONTO_EAR83_0029
TORONTO_EAR83_STU00651,TORONTO_EAR83_0030
TORONTO_EAR83_STU00651,TORONTO_EAR83_0034
TORONTO_EAR83_STU00651,TORONTO_EAR83_0041
TORONTO_EAR83_STU00651,TORONTO_EAR83_0078
TORONTO_EAR83_STU00651,TORONTO_EAR83_0167
TORONTO_EAR83_STU00651,TORONTO_EAR83_0190
TORONTO_EAR83_STU00652,TORONTO_EAR83_0029
TORONTO_EAR83_STU00652,TORONTO_EAR83_0030
TORONTO_EAR83_STU00652,TORONTO_EAR83_0034
TORONTO_EAR83_STU00652,TORONTO_EAR83_0057
TORONTO_EAR83_STU00652,TORONTO_EAR83_0071
TORONTO_EAR83_STU00652,TORONTO_EAR83_0077
TORONTO_EAR83_STU00652,TORONTO_EAR83_0078
TORONTO_EAR83_STU00653,TORONTO_EAR83_0029
TORONTO_EAR83_STU00653,TORONTO_EAR83_0030
TORONTO_EAR83_STU00653,TORONTO_EAR83_0057
TORONTO_EAR83_STU00653,TORONTO_EAR83_0071
TORONTO_EAR83_STU00653,TORONTO_EAR83_0077
TORONTO_EAR83_STU00653,TORONTO_EAR83_0078
TORONTO_EAR83_STU00654,TORONTO_EAR83_0004
TORONTO_EAR83_STU00654,TORONTO_EAR83_0027
TORONTO_EAR83_STU00654,TORONTO_EAR83_0068
TORONTO_EAR83_STU00654,TORONTO_EAR83_0077
TORONTO_EAR83_STU00654,TORONTO_EAR83_0078
TORONTO_EAR83_STU00654,TORONTO_EAR83_0131
TORONTO_EAR83_STU00654,TORONTO_EAR83_0143
TORONTO_EAR83_STU00655,TORONTO_EAR83_0030
TORONTO_EAR83_STU00655,TORONTO_EAR83_0077
TORONTO_EAR83_STU00655,TORONTO_EAR83_0078
TORONTO_EAR83_STU00655,TORONTO_EAR83_0133
TORONTO_EAR83_STU00655,TORONTO_EAR83_0143
TORONTO_EAR83_STU00656,TORONTO_EAR83_0029
TORONTO_EAR83_STU00656,TORONTO_EAR83_0030
TORONTO_EAR83_STU00656,TORONTO_EAR83_0034
TORONTO_EAR83_STU00656,TORONTO_EAR83_0058
TORONTO_EAR83_STU00656,TORONTO_EAR83_0070
TORONTO_EAR83_STU00656,TORONTO_EAR83_0078
TORONTO_EAR83_STU00656,TORONTO_EAR83_0190
TORONTO_EAR83_STU00657,TORONTO_EAR83_0029
TORONTO_EAR83_STU00657,TORONTO_EAR83_0041
TORONTO_EAR83_STU00657,TORONTO_EAR83_0077
TORONTO_EAR83_STU00657,TORONTO_EAR83_0090
TORONTO_EAR83_STU00657,TORONTO_EAR83_0133
TORONTO_EAR83_STU00657,TORONTO_EAR83_0143
TORONTO_EAR83_STU00658,TORONTO_EAR83_0004
TORONTO_EAR83_STU00658,TORONTO_EAR83_0029
TORONTO_EAR83_STU00658,TORONTO_EAR83_0076
TORONTO_EAR83_STU00658,TORONTO_EAR83_0077
TORONTO_EAR83_STU00658,TORONTO_EAR83_0078
TORONTO_EAR83_STU00659,TORONTO_EAR83_0029
TORONTO_EAR83_STU00659,TORONTO_EAR83_0030
TORONTO_EAR83_STU00659,TORONTO_EAR83_0034
TORONTO_EAR83_STU00659,TORONTO_EAR83_0058
TORONTO_EAR83_STU00659,TORONTO_EAR83_0071
TORONTO_EAR83_STU00660,TORONTO_EAR83_0029
TORONTO_EAR83_STU00660,TORONTO_EAR83_0034
TORONTO_EAR83_STU00660,TORONTO_EAR83_0058
TORONTO_EAR83_STU00660,TORONTO_EAR83_0071
TORONTO_EAR83_STU00660,TORONTO_EAR83_0078
TORONTO_EAR83_STU00660,TORONTO_EAR83_0105
TORONTO_EAR83_STU00661,TORONTO_EAR83_0029
TORONTO_EAR83_STU00661,TORONTO_EAR83_0077
TORONTO_EAR83_STU00661,TORONTO_EAR83_0078
TORONTO_EAR83_STU00661,TORONTO_EAR83_0128
TORONTO_EAR83_STU00661,TORONTO_EAR83_0133
TORONTO_EAR83_STU00661,TORONTO_EAR83_0143
TORONTO_EAR83_STU00662,TORONTO_EAR83_0030
TORONTO_EAR83_STU00662,TORONTO_EAR83_0057
TORONTO_EAR83_STU00662,TORONTO_EAR83_0078
TORONTO_EAR83_STU00662,TORONTO_EAR83_0128
TORONTO_EAR83_STU00662,TORONTO_EAR83_0133
TORONTO_EAR83_STU00663,TORONTO_EAR83_0030
TORONTO_EAR83_STU00663,TORONTO_EAR83_0070
TORONTO_EAR83_STU00663,TORONTO_EAR83_0077
TORONTO_EAR83_STU00663,TORONTO_EAR83_0078
TORONTO_EAR83_STU00663,TORONTO_EAR83_0128
TORONTO_EAR83_STU00663,TORONTO_EAR83_0133
TORONTO_EAR83_STU00664,TORONTO_EAR83_0029
TORONTO_EAR83_STU00664,TORONTO_EAR83_0077
TORONTO_EAR83_STU00664,TORONTO_EAR83_0078
TORONTO_EAR83_STU00664,TORONTO_EAR83_0105
TORONTO_EAR83_STU00664,TORONTO_EAR83_0128
TORONTO_EAR83_STU00664,TORONTO_EAR83_0133
TORONTO_EAR83_STU00665,TORONTO_EAR83_0029
TORONTO_EAR83_STU00665,TORONTO_EAR83_0034
TORONTO_EAR83_STU00665,TORONTO_EAR83_0058
TORONTO_EAR83_STU00665,TORONTO_EAR83_0071
TORONTO_EAR83_STU00665,TORONTO_EAR83_0078
TORONTO_EAR83_STU00665,TORONTO_EAR83_0105
TORONTO_EAR83_STU00666,TORONTO_EAR83_0004
TORONTO_EAR83_STU00666,TORONTO_EAR83_0029
TORONTO_EAR83_STU00666,TORONTO_EAR83_0041
TORONTO_EAR83_STU00666,TORONTO_EAR83_0077
TORONTO_EAR83_STU00666,TORONTO_EAR83_0078
TORONTO_EAR83_STU00666,TORONTO_EAR83_0133
TORONTO_EAR83_STU00667,TORONTO_EAR83_0029
TORONTO_EAR83_STU00667,TORONTO_EAR83_0076
TORONTO_EAR83_STU00667,TORONTO_EAR83_0077
TORONTO_EAR83_STU00667,TORONTO_EAR83_0078
TORONTO_EAR83_STU00667,TORONTO_EAR83_0133
TORONTO_EAR83_STU00667,TORONTO_EAR83_0143
TORONTO_EAR83_STU00668,TORONTO_EAR83_0029
TORONTO_EAR83_STU00668,TORONTO_EAR83_0030
TORONTO_EAR83_STU00668,TORONTO_EAR83_0058
TORONTO_EAR83_STU00668,TORONTO_EAR83_0077
TORONTO_EAR83_STU00668,TORONTO_EAR83_0078
TORONTO_EAR83_STU00669,TORONTO_EAR83_0030
TORONTO_EAR83_STU00669,TORONTO_EAR83_0071
TORONTO_EAR83_STU00669,TORONTO_EAR83_0078
TORONTO_EAR83_STU00669,TORONTO_EAR83_0105
TORONTO_EAR83_STU00670,TORONTO_EAR83_0004
TORONTO_EAR83_STU00670,TORONTO_EAR83_0030
TORONTO_EAR83_STU00670,TORONTO_EAR83_0070
TORONTO_EAR83_STU00670,TORONTO_EAR83_0076
TORONTO_EAR83_STU00670,TORONTO_EAR83_0077
TORONTO_EAR83_STU00670,TORONTO_EAR83_0105
TORONTO_EAR83_STU00671,TORONTO_EAR83_0029
TORONTO_EAR83_STU00671,TORONTO_EAR83_0057
TORONTO_EAR83_STU00671,TORONTO_EAR83_0070
TORONTO_EAR83_STU00671,TORONTO_EAR83_0090
TORONTO_EAR83_STU00671,TORONTO_EAR83_0167
TORONTO_EAR83_STU00672,TORONTO_EAR83_0004
TORONTO_EAR83_STU00672,TORONTO_EAR83_0029
TORONTO_EAR83_STU00672,TORONTO_EAR83_0030
TORONTO_EAR83_STU00672,TORONTO_EAR83_0041
TORONTO_EAR83_STU00672,TORONTO_EAR83_0077
TORONTO_EAR83_STU00672,TORONTO_EAR83_0078
TORONTO_EAR83_STU00673,TORONTO_EAR83_0030
TORONTO_EAR83_STU00673,TORONTO_EAR83_0034
TORONTO_EAR83_STU00673,TORONTO_EAR83_0071
TORONTO_EAR83_STU00673,TORONTO_EAR83_0077
TORONTO_EAR83_STU00673,TORONTO_EAR83_0078
TORONTO_EAR83_STU00673,TORONTO_EAR83_0105
TORONTO_EAR83_STU00674,TORONTO_EAR83_0029
TORONTO_EAR83_STU00674,TORONTO_EAR83_0030
TORONTO_EAR83_STU00674,TORONTO_EAR83_0034
TORONTO_EAR83_STU00674,TORONTO_EAR83_0057
TORONTO_EAR83_STU00674,TORONTO_EAR83_0058
TORONTO_EAR83_STU00674,TORONTO_EAR83_0070
TORONTO_EAR83_STU00675,TORONTO_EAR83_0004
TORONTO_EAR83_STU00675,TORONTO_EAR83_0029
TORONTO_EAR83_STU00675,TORONTO_EAR83_0076
TORONTO_EAR83_STU00675,TORONTO_EAR83_0077
TORONTO_EAR83_STU00675,TORONTO_EAR83_0078
TORONTO_EAR83_STU00675,TORONTO_EAR83_0143
TORONTO_EAR83_STU00676,TORONTO_EAR83_0004
TORONTO_EAR83_STU00676,TORONTO_EAR83_0029
TORONTO_EAR83_STU00676,TORONTO_EAR83_0030
TORONTO_EAR83_STU00676,TORONTO_EAR83_0058
TORONTO_EAR83_STU00677,TORONTO_EAR83_0030
TORONTO_EAR83_STU00677,TORONTO_EAR83_0071
TORONTO_EAR83_STU00677,TORONTO_EAR83_0077
TORONTO_EAR83_STU00677,TORONTO_EAR83_0078
TORONTO_EAR83_STU00677,TORONTO_EAR83_0128
TORONTO_EAR83_STU00677,TORONTO_EAR83_0133
TORONTO_EAR83_STU00677,TORONTO_EAR83_0143
TORONTO_EAR83_STU00678,TORONTO_EAR83_0004
TORONTO_EAR83_STU00678,TORONTO_EAR83_0029
TORONTO_EAR83_STU00678,TORONTO_EAR83_0034
TORONTO_EAR83_STU00678,TORONTO_EAR83_0041
TORONTO_EAR83_STU00678,TORONTO_EAR83_0105
TORONTO_EAR83_STU00679,TORONTO_EAR83_0003
TORONTO_EAR83_STU00679,TORONTO_EAR83_0029
TORONTO_EAR83_STU00679,TORONTO_EAR83_0034
TORONTO_EAR83_STU00679,TORONTO_EAR83_0087
TORONTO_EAR83_STU00679,TORONTO_EAR83_0133
TORONTO_EAR83_STU00679,TORONTO_EAR83_0143
TORONTO_EAR83_STU00680,TORONTO_EAR83_0030
TORONTO_EAR83_STU00680,TORONTO_EAR83_0057
TORONTO_EAR83_STU00680,TORONTO_EAR83_0076
TORONTO_EAR83_STU00680,TORONTO_EAR83_0077
TORONTO_EAR83_STU00680,TORONTO_EAR83_0078
TORONTO_EAR83_STU00680,TORONTO_EAR83_0133
TORONTO_EAR83_STU00680,TORONTO_EAR83_0143
TORONTO_EAR83_STU00681,TORONTO_EAR83_0030
TORONTO_EAR83_STU00681,TORONTO_EAR83_0034
TORONTO_EAR83_STU00681,TORONTO_EAR83_0058
TORONTO_EAR83_STU00681,TORONTO_EAR83_0077
TORONTO_EAR83_STU00681,TORONTO_EAR83_0078
TORONTO_EAR83_STU00682,TORONTO_EAR83_0029
TORONTO_EAR83_STU00682,TORONTO_EAR83_0041
TORONTO_EAR83_STU00682,TORONTO_EAR83_0077
TORONTO_EAR83_STU00682,TORONTO_EAR83_0078
TORONTO_EAR83_STU00682,TORONTO_EAR83_0128
TORONTO_EAR83_STU00682,TORONTO_EAR83_0143
TORONTO_EAR83_STU00683,TORONTO_EAR83_0029
TORONTO_EAR83_STU00683,TORONTO_EAR83_0030
TORONTO_EAR83_STU00683,TORONTO_EAR83_0057
TORONTO_EAR83_STU00683,TORONTO_EAR83_0071
TORONTO_EAR83_STU00683,TORONTO_EAR83_0076
TORONTO_EAR83_STU00684,TORONTO_EAR83_0029
TORONTO_EAR83_STU00684,TORONTO_EAR83_0071
TORONTO_EAR83_STU00684,TORONTO_EAR83_0077
TORONTO_EAR83_STU00684,TORONTO_EAR83_0078
TORONTO_EAR83_STU00684,TORONTO_EAR83_0105
TORONTO_EAR83_STU00684,TORONTO_EAR83_0128
TORONTO_EAR83_STU00685,TORONTO_EAR83_0029
TORONTO_EAR83_STU00685,TORONTO_EAR83_0034
TORONTO_EAR83_STU00685,TORONTO_EAR83_0071
TORONTO_EAR83_STU00685,TORONTO_EAR83_0077
TORONTO_EAR83_STU00685,TORONTO_EAR83_0078
TORONTO_EAR83_STU00685,TORONTO_EAR83_0105
TORONTO_EAR83_STU00686,TORONTO_EAR83_0029
TORONTO_EAR83_STU00686,TORONTO_EAR83_0030
TORONTO_EAR83_STU00686,TORONTO_EAR83_0057
TORONTO_EAR83_STU00686,TORONTO_EAR83_0058
TORONTO_EAR83_STU00686,TORONTO_EAR83_0128
TORONTO_EAR83_STU00686,TORONTO_EAR83_0167
TORONTO_EAR83_STU00687,TORONTO_EAR83_0027
TORONTO_EAR83_STU00687,TORONTO_EAR83_0076
TORONTO_EAR83_STU00687,TORONTO_EAR83_0077
TORONTO_EAR83_STU00687,TORONTO_EAR83_0078
TORONTO_EAR83_STU00687,TORONTO_EAR83_0128
TORONTO_EAR83_STU00687,TORONTO_EAR83_0143
TORONTO_EAR83_STU00688,TORONTO_EAR83_0029
TORONTO_EAR83_STU00688,TORONTO_EAR83_0071
TORONTO_EAR83_STU00688,TORONTO_EAR83_0076
TORONTO_EAR83_STU00688,TORONTO_EAR83_0077
TORONTO_EAR83_STU00688,TORONTO_EAR83_0078
TORONTO_EAR83_STU00688,TORONTO_EAR83_0143
TORONTO_EAR83_STU00689,TORONTO_EAR83_0003
TORONTO_EAR83_STU00689,TORONTO_EAR83_0009
TORONTO_EAR83_STU00689,TORONTO_EAR83_0027
TORONTO_EAR83_STU00689,TORONTO_EAR83_0041
TORONTO_EAR83_STU00689,TORONTO_EAR83_0167
TORONTO_EAR83_STU00690,TORONTO_EAR83_0029
TORONTO_EAR83_STU00690,TORONTO_EAR83_0030
TORONTO_EAR83_STU00690,TORONTO_EAR83_0057
TORONTO_EAR83_STU00690,TORONTO_EAR83_0058
TORONTO_EAR83_STU00690,TORONTO_EAR83_0070
TORONTO_EAR83_STU00690,TORONTO_EAR83_0190
TORONTO_EAR83_STU00691,TORONTO_EAR83_0029
TORONTO_EAR83_STU00691,TORONTO_EAR83_0030
TORONTO_EAR83_STU00691,TORONTO_EAR83_0034
TORONTO_EAR83_STU00691,TORONTO_EAR83_0070
TORONTO_EAR83_STU00691,TORONTO_EAR83_0077
TORONTO_EAR83_STU00691,TORONTO_EAR83_0078
TORONTO_EAR83_STU00692,TORONTO_EAR83_0004
TORONTO_EAR83_STU00692,TORONTO_EAR83_0029
TORONTO_EAR83_STU00692,TORONTO_EAR83_0076
TORONTO_EAR83_STU00692,TORONTO_EAR83_0077
TORONTO_EAR83_STU00692,TORONTO_EAR83_0078
TORONTO_EAR83_STU00692,TORONTO_EAR83_0128
TORONTO_EAR83_STU00693,TORONTO_EAR83_0029
TORONTO_EAR83_STU00693,TORONTO_EAR83_0030
TORONTO_EAR83_STU00693,TORONTO_EAR83_0057
TORONTO_EAR83_STU00693,TORONTO_EAR83_0058
TORONTO_EAR83_STU00693,TORONTO_EAR83_0077
TORONTO_EAR83_STU00693,TORONTO_EAR83_0078
TORONTO_EAR83_STU00694,TORONTO_EAR83_0004
TORONTO_EAR83_STU00694,TORONTO_EAR83_0030
TORONTO_EAR83_STU00694,TORONTO_EAR83_0071
TORONTO_EAR83_STU00694,TORONTO_EAR83_0076
TORONTO_EAR83_STU00694,TORONTO_EAR83_0077
TORONTO_EAR83_STU00695,TORONTO_EAR83_0029
TORONTO_EAR83_STU00695,TORONTO_EAR83_0030
TORONTO_EAR83_STU00695,TORONTO_EAR83_0057
TORONTO_EAR83_STU00695,TORONTO_EAR83_0070
TORONTO_EAR83_STU00695,TORONTO_EAR83_0077
TORONTO_EAR83_STU00695,TORONTO_EAR83_0078
TORONTO_EAR83_STU00696,TORONTO_EAR83_0029
TORONTO_EAR83_STU00696,TORONTO_EAR83_0034
TORONTO_EAR83_STU00696,TORONTO_EAR83_0057
TORONTO_EAR83_STU00696,TORONTO_EAR83_0058
TORONTO_EAR83_STU00696,TORONTO_EAR83_0070
TORONTO_EAR83_STU00696,TORONTO_EAR83_0077
TORONTO_EAR83_STU00696,TORONTO_EAR83_0078
TORONTO_EAR83_STU00697,TORONTO_EAR83_0030
TORONTO_EAR83_STU00697,TORONTO_EAR83_0034
TORONTO_EAR83_STU00697,TORONTO_EAR83_0070
TORONTO_EAR83_STU00697,TORONTO_EAR83_0077
TORONTO_EAR83_STU00697,TORONTO_EAR83_0078
TORONTO_EAR83_STU00697,TORONTO_EAR83_0128
TORONTO_EAR83_STU00697,TORONTO_EAR83_0133
TORONTO_EAR83_STU00698,TORONTO_EAR83_0029
TORONTO_EAR83_STU00698,TORONTO_EAR83_0030
TORONTO_EAR83_STU00698,TORONTO_EAR83_0057
TORONTO_EAR83_STU00698,TORONTO_EAR83_0058
TORONTO_EAR83_STU00698,TORONTO_EAR83_0070
TORONTO_EAR83_STU00698,TORONTO_EAR83_0128
TORONTO_EAR83_STU00699,TORONTO_EAR83_0029
TORONTO_EAR83_STU00699,TORONTO_EAR83_0034
TORONTO_EAR83_STU00699,TORONTO_EAR83_0041
TORONTO_EAR83_STU00699,TORONTO_EAR83_0057
TORONTO_EAR83_STU00699,TORONTO_EAR83_0128
TORONTO_EAR83_STU00699,TORONTO_EAR83_0167
TORONTO_EAR83_STU00700,TORONTO_EAR83_0029
TORONTO_EAR83_STU00700,TORONTO_EAR83_0030
TORONTO_EAR83_STU00700,TORONTO_EAR83_0041
TORONTO_EAR83_STU00700,TORONTO_EAR83_0057
TORONTO_EAR83_STU00700,TORONTO_EAR83_0058
TORONTO_EAR83_STU00700,TORONTO_EAR83_0128
TORONTO_EAR83_STU00701,TORONTO_EAR83_0029
TORONTO_EAR83_STU00701,TORONTO_EAR83_0030
TORONTO_EAR83_STU00701,TORONTO_EAR83_0057
TORONTO_EAR83_STU00701,TORONTO_EAR83_0058
TORONTO_EAR83_STU00701,TORONTO_EAR83_0070
TORONTO_EAR83_STU00701,TORONTO_EAR83_0133
TORONTO_EAR83_STU00702,TORONTO_EAR83_0029
TORONTO_EAR83_STU00702,TORONTO_EAR83_0030
TORONTO_EAR83_STU00702,TORONTO_EAR83_0077
TORONTO_EAR83_STU00702,TORONTO_EAR83_0078
TORONTO_EAR83_STU00702,TORONTO_EAR83_0105
TORONTO_EAR83_STU00702,TORONTO_EAR83_0133
TORONTO_EAR83_STU00703,TORONTO_EAR83_0030
TORONTO_EAR83_STU00703,TORONTO_EAR83_0057
TORONTO_EAR83_STU00703,TORONTO_EAR83_0077
TORONTO_EAR83_STU00703,TORONTO_EAR83_0078
TORONTO_EAR83_STU00703,TORONTO_EAR83_0128
TORONTO_EAR83_STU00703,TORONTO_EAR83_0133
TORONTO_EAR83_STU00703,TORONTO_EAR83_0143
TORONTO_EAR83_STU00704,TORONTO_EAR83_0029
TORONTO_EAR83_STU00704,TORONTO_EAR83_0030
TORONTO_EAR83_STU00704,TORONTO_EAR83_0041
TORONTO_EAR83_STU00704,TORONTO_EAR83_0078
TORONTO_EAR83_STU00704,TORONTO_EAR83_0128
TORONTO_EAR83_STU00704,TORONTO_EAR83_0133
TORONTO_EAR83_STU00705,TORONTO_EAR83_0029
TORONTO_EAR83_STU00705,TORONTO_EAR83_0030
TORONTO_EAR83_STU00705,TORONTO_EAR83_0076
TORONTO_EAR83_STU00705,TORONTO_EAR83_0077
TORONTO_EAR83_STU00705,TORONTO_EAR83_0078
TORONTO_EAR83_STU00705,TORONTO_EAR83_0133
TORONTO_EAR83_STU00705,TORONTO_EAR83_0143
TORONTO_EAR83_STU00706,TORONTO_EAR83_0030
TORONTO_EAR83_STU00706,TORONTO_EAR83_0071
TORONTO_EAR83_STU00706,TORONTO_EAR83_0076
TORONTO_EAR83_STU00706,TORONTO_EAR83_0105
TORONTO_EAR83_STU00706,TORONTO_EAR83_0128
TORONTO_EAR83_STU00706,TORONTO_EAR83_0133
TORONTO_EAR83_STU00707,TORONTO_EAR83_0030
TORONTO_EAR83_STU00707,TORONTO_EAR83_0077
TORONTO_EAR83_STU00707,TORONTO_EAR83_0078
TORONTO_EAR83_STU00707,TORONTO_EAR83_0128
TORONTO_EAR83_STU00707,TORONTO_EAR83_0133
TORONTO_EAR83_STU00707,TORONTO_EAR83_0143
TORONTO_EAR83_STU00708,TORONTO_EAR83_0030
TORONTO_EAR83_STU00708,TORONTO_EAR83_0077
TORONTO_EAR83_STU00708,TORONTO_EAR83_0128
TORONTO_EAR83_STU00708,TORONTO_EAR83_0133
TORONTO_EAR83_STU00708,TORONTO_EAR83_0143
TORONTO_EAR83_STU00709,TORONTO_EAR83_0030
TORONTO_EAR83_STU00709,TORONTO_EAR83_0057
TORONTO_EAR83_STU00709,TORONTO_EAR83_0071
TORONTO_EAR83_STU00709,TORONTO_EAR83_0078
TORONTO_EAR83_STU00709,TORONTO_EAR83_0128
TORONTO_EAR83_STU00709,TORONTO_EAR83_0133
TORONTO_EAR83_STU00710,TORONTO_EAR83_0027
TORONTO_EAR83_STU00710,TORONTO_EAR83_0070
TORONTO_EAR83_STU00710,TORONTO_EAR83_0090
TORONTO_EAR83_STU00710,TORONTO_EAR83_0128
TORONTO_EAR83_STU00710,TORONTO_EAR83_0142
TORONTO_EAR83_STU00711,TORONTO_EAR83_0029
TORONTO_EAR83_STU00711,TORONTO_EAR83_0034
TORONTO_EAR83_STU00711,TORONTO_EAR83_0077
TORONTO_EAR83_STU00711,TORONTO_EAR83_0078
TORONTO_EAR83_STU00711,TORONTO_EAR83_0128
TORONTO_EAR83_STU00711,TORONTO_EAR83_0143
TORONTO_EAR83_STU00711,TORONTO_EAR83_0190
TORONTO_EAR83_STU00712,TORONTO_EAR83_0029
TORONTO_EAR83_STU00712,TORONTO_EAR83_0030
TORONTO_EAR83_STU00712,TORONTO_EAR83_0034
TORONTO_EAR83_STU00712,TORONTO_EAR83_0057
TORONTO_EAR83_STU00712,TORONTO_EAR83_0077
TORONTO_EAR83_STU00712,TORONTO_EAR83_0078
TORONTO_EAR83_STU00712,TORONTO_EAR83_0128
TORONTO_EAR83_STU00712,TORONTO_EAR83_0133
TORONTO_EAR83_STU00713,TORONTO_EAR83_0029
TORONTO_EAR83_STU00713,TORONTO_EAR83_0034
TORONTO_EAR83_STU00713,TORONTO_EAR83_0077
TORONTO_EAR83_STU00713,TORONTO_EAR83_0078
TORONTO_EAR83_STU00713,TORONTO_EAR83_0105
TORONTO_EAR83_STU00713,TORONTO_EAR83_0128
TORONTO_EAR83_STU00713,TORONTO_EAR83_0133
TORONTO_EAR83_STU00713,TORONTO_EAR83_0190
TORONTO_EAR83_STU00714,TORONTO_EAR83_0029
TORONTO_EAR83_STU00714,TORONTO_EAR83_0030
TORONTO_EAR83_STU00714,TORONTO_EAR83_0041
TORONTO_EAR83_STU00714,TORONTO_EAR83_0077
TORONTO_EAR83_STU00714,TORONTO_EAR83_0133
TORONTO_EAR83_STU00715,TORONTO_EAR83_0030
TORONTO_EAR83_STU00715,TORONTO_EAR83_0070
TORONTO_EAR83_STU00715,TORONTO_EAR83_0077
TORONTO_EAR83_STU00715,TORONTO_EAR83_0078
TORONTO_EAR83_STU00715,TORONTO_EAR83_0128
TORONTO_EAR83_STU00715,TORONTO_EAR83_0133
TORONTO_EAR83_STU00716,TORONTO_EAR83_0004
TORONTO_EAR83_STU00716,TORONTO_EAR83_0030
TORONTO_EAR83_STU00716,TORONTO_EAR83_0076
TORONTO_EAR83_STU00716,TORONTO_EAR83_0077
TORONTO_EAR83_STU00716,TORONTO_EAR83_0078
TORONTO_EAR83_STU00716,TORONTO_EAR83_0105
TORONTO_EAR83_STU00716,TORONTO_EAR83_0133
TORONTO_EAR83_STU00717,TORONTO_EAR83_0029
TORONTO_EAR83_STU00717,TORONTO_EAR83_0030
TORONTO_EAR83_STU00717,TORONTO_EAR83_0077
TORONTO_EAR83_STU00717,TORONTO_EAR83_0078
TORONTO_EAR83_STU00717,TORONTO_EAR83_0128
TORONTO_EAR83_STU00717,TORONTO_EAR83_0133
TORONTO_EAR83_STU00717,TORONTO_EAR83_0143
TORONTO_EAR83_STU00718,TORONTO_EAR83_0029
TORONTO_EAR83_STU00718,TORONTO_EAR83_0057
TORONTO_EAR83_STU00718,TORONTO_EAR83_0071
TORONTO_EAR83_STU00718,TORONTO_EAR83_0105
TORONTO_EAR83_STU00718,TORONTO_EAR83_0133
TORONTO_EAR83_STU00718,TORONTO_EAR83_0143
TORONTO_EAR83_STU00719,TORONTO_EAR83_0029
TORONTO_EAR83_STU00719,TORONTO_EAR83_0030
TORONTO_EAR83_STU00719,TORONTO_EAR83_0070
TORONTO_EAR83_STU00719,TORONTO_EAR83_0076
TORONTO_EAR83_STU00719,TORONTO_EAR83_0077
TORONTO_EAR83_STU00719,TORONTO_EAR83_0078
TORONTO_EAR83_STU00719,TORONTO_EAR83_0128
TORONTO_EAR83_STU00719,TORONTO_EAR83_0133
TORONTO_EAR83_STU00720,TORONTO_EAR83_0029
TORONTO_EAR83_STU00720,TORONTO_EAR83_0077
TORONTO_EAR83_STU00720,TORONTO_EAR83_0078
TORONTO_EAR83_STU00720,TORONTO_EAR83_0129
TORONTO_EAR83_STU00720,TORONTO_EAR83_0133
TORONTO_EAR83_STU00720,TORONTO_EAR83_0143
TORONTO_EAR83_STU00721,TORONTO_EAR83_0029
TORONTO_EAR83_STU00721,TORONTO_EAR83_0076
TORONTO_EAR83_STU00721,TORONTO_EAR83_0077
TORONTO_EAR83_STU00721,TORONTO_EAR83_0078
TORONTO_EAR83_STU00721,TORONTO_EAR83_0128
TORONTO_EAR83_STU00721,TORONTO_EAR83_0133
TORONTO_EAR83_STU00721,TORONTO_EAR83_0143
TORONTO_EAR83_STU00722,TORONTO_EAR83_0029
TORONTO_EAR83_STU00722,TORONTO_EAR83_0030
TORONTO_EAR83_STU00722,TORONTO_EAR83_0034
TORONTO_EAR83_STU00722,TORONTO_EAR83_0058
TORONTO_EAR83_STU00722,TORONTO_EAR83_0078
TORONTO_EAR83_STU00722,TORONTO_EAR83_0128
TORONTO_EAR83_STU00723,TORONTO_EAR83_0030
TORONTO_EAR83_STU00723,TORONTO_EAR83_0076
TORONTO_EAR83_STU00723,TORONTO_EAR83_0077
TORONTO_EAR83_STU00723,TORONTO_EAR83_0078
TORONTO_EAR83_STU00723,TORONTO_EAR83_0128
TORONTO_EAR83_STU00723,TORONTO_EAR83_0133
TORONTO_EAR83_STU00724,TORONTO_EAR83_0029
TORONTO_EAR83_STU00724,TORONTO_EAR83_0071
TORONTO_EAR83_STU00724,TORONTO_EAR83_0076
TORONTO_EAR83_STU00724,TORONTO_EAR83_0077
TORONTO_EAR83_STU00724,TORONTO_EAR83_0078
TORONTO_EAR83_STU00724,TORONTO_EAR83_0133
TORONTO_EAR83_STU00724,TORONTO_EAR83_0143
TORONTO_EAR83_STU00725,TORONTO_EAR83_0030
TORONTO_EAR83_STU00725,TORONTO_EAR83_0076
TORONTO_EAR83_STU00725,TORONTO_EAR83_0077
TORONTO_EAR83_STU00725,TORONTO_EAR83_0078
TORONTO_EAR83_STU00725,TORONTO_EAR83_0105
TORONTO_EAR83_STU00725,TORONTO_EAR83_0129
TORONTO_EAR83_STU00725,TORONTO_EAR83_0133
TORONTO_EAR83_STU00725,TORONTO_EAR83_0143
TORONTO_EAR83_STU00726,TORONTO_EAR83_0030
TORONTO_EAR83_STU00726,TORONTO_EAR83_0070
TORONTO_EAR83_STU00726,TORONTO_EAR83_0076
TORONTO_EAR83_STU00726,TORONTO_EAR83_0077
TORONTO_EAR83_STU00726,TORONTO_EAR83_0078
TORONTO_EAR83_STU00726,TORONTO_EAR83_0133
TORONTO_EAR83_STU00726,TORONTO_EAR83_0143
TORONTO_EAR83_STU00727,TORONTO_EAR83_0029
TORONTO_EAR83_STU00727,TORONTO_EAR83_0071
TORONTO_EAR83_STU00727,TORONTO_EAR83_0076
TORONTO_EAR83_STU00727,TORONTO_EAR83_0129
TORONTO_EAR83_STU00727,TORONTO_EAR83_0133
TORONTO_EAR83_STU00727,TORONTO_EAR83_0143
TORONTO_EAR83_STU00728,TORONTO_EAR83_0029
TORONTO_EAR83_STU00728,TORONTO_EAR83_0030
TORONTO_EAR83_STU00728,TORONTO_EAR83_0077
TORONTO_EAR83_STU00728,TORONTO_EAR83_0078
TORONTO_EAR83_STU00728,TORONTO_EAR83_0105
TORONTO_EAR83_STU00728,TORONTO_EAR83_0128
TORONTO_EAR83_STU00728,TORONTO_EAR83_0133
TORONTO_EAR83_STU00728,TORONTO_EAR83_0143
TORONTO_EAR83_STU00729,TORONTO_EAR83_0030
TORONTO_EAR83_STU00729,TORONTO_EAR83_0071
TORONTO_EAR83_STU00729,TORONTO_EAR83_0076
TORONTO_EAR83_STU00729,TORONTO_EAR83_0105
TORONTO_EAR83_STU00729,TORONTO_EAR83_0133
TORONTO_EAR83_STU00729,TORONTO_EAR83_0143
TORONTO_EAR83_STU00730,TORONTO_EAR83_0076
TORONTO_EAR83_STU00730,TORONTO_EAR83_0077
TORONTO_EAR83_STU00730,TORONTO_EAR83_0078
TORONTO_EAR83_STU00730,TORONTO_EAR83_0133
TORONTO_EAR83_STU00730,TORONTO_EAR83_0143
TORONTO_EAR83_STU00731,TORONTO_EAR83_0030
TORONTO_EAR83_STU00731,TORONTO_EAR83_0070
TORONTO_EAR83_STU00731,TORONTO_EAR83_0076
TORONTO_EAR83_STU00731,TORONTO_EAR83_0128
TORONTO_EAR83_STU00731,TORONTO_EAR83_0133
TORONTO_EAR83_STU00731,TORONTO_EAR83_0143
TORONTO_EAR83_STU00732,TORONTO_EAR83_0030
TORONTO_EAR83_STU00732,TORONTO_EAR83_0076
TORONTO_EAR83_STU00732,TORONTO_EAR83_0077
TORONTO_EAR83_STU00732,TORONTO_EAR83_0078
TORONTO_EAR83_STU00732,TORONTO_EAR83_0133
TORONTO_EAR83_STU00732,TORONTO_EAR83_0143
TORONTO_EAR83_STU00733,TORONTO_EAR83_0029
TORONTO_EAR83_STU00733,TORONTO_EAR83_0030
TORONTO_EAR83_STU00733,TORONTO_EAR83_0057
TORONTO_EAR83_STU00733,TORONTO_EAR83_0070
TORONTO_EAR83_STU00733,TORONTO_EAR83_0090
TORONTO_EAR83_STU00733,TORONTO_EAR83_0105
TORONTO_EAR83_STU00733,TORONTO_EAR83_0167
TORONTO_EAR83_STU00734,TORONTO_EAR83_0029
TORONTO_EAR83_STU00734,TORONTO_EAR83_0034
TORONTO_EAR83_STU00734,TORONTO_EAR83_0077
TORONTO_EAR83_STU00734,TORONTO_EAR83_0078
TORONTO_EAR83_STU00734,TORONTO_EAR83_0133
TORONTO_EAR83_STU00735,TORONTO_EAR83_0004
TORONTO_EAR83_STU00735,TORONTO_EAR83_0030
TORONTO_EAR83_STU00735,TORONTO_EAR83_0071
TORONTO_EAR83_STU00735,TORONTO_EAR83_0076
TORONTO_EAR83_STU00735,TORONTO_EAR83_0077
TORONTO_EAR83_STU00735,TORONTO_EAR83_0143
TORONTO_EAR83_STU00736,TORONTO_EAR83_0030
TORONTO_EAR83_STU00736,TORONTO_EAR83_0071
TORONTO_EAR83_STU00736,TORONTO_EAR83_0077
TORONTO_EAR83_STU00736,TORONTO_EAR83_0128
TORONTO_EAR83_STU00736,TORONTO_EAR83_0143
TORONTO_EAR83_STU00737,TORONTO_EAR83_0030
TORONTO_EAR83_STU00737,TORONTO_EAR83_0034
TORONTO_EAR83_STU00737,TORONTO_EAR83_0041
TORONTO_EAR83_STU00737,TORONTO_EAR83_0078
TORONTO_EAR83_STU00737,TORONTO_EAR83_0143
TORONTO_EAR83_STU00738,TORONTO_EAR83_0030
TORONTO_EAR83_STU00738,TORONTO_EAR83_0034
TORONTO_EAR83_STU00738,TORONTO_EAR83_0041
TORONTO_EAR83_STU00738,TORONTO_EAR83_0077
TORONTO_EAR83_STU00738,TORONTO_EAR83_0078
TORONTO_EAR83_STU00738,TORONTO_EAR83_0128
TORONTO_EAR83_STU00739,TORONTO_EAR83_0004
TORONTO_EAR83_STU00739,TORONTO_EAR83_0030
TORONTO_EAR83_STU00739,TORONTO_EAR83_0057
TORONTO_EAR83_STU00739,TORONTO_EAR83_0070
TORONTO_EAR83_STU00739,TORONTO_EAR83_0077
TORONTO_EAR83_STU00739,TORONTO_EAR83_0078
TORONTO_EAR83_STU00740,TORONTO_EAR83_0029
TORONTO_EAR83_STU00740,TORONTO_EAR83_0030
TORONTO_EAR83_STU00740,TORONTO_EAR83_0078
TORONTO_EAR83_STU00740,TORONTO_EAR83_0128
TORONTO_EAR83_STU00740,TORONTO_EAR83_0133
TORONTO_EAR83_STU00741,TORONTO_EAR83_0077
TORONTO_EAR83_STU00741,TORONTO_EAR83_0078
TORONTO_EAR83_STU00741,TORONTO_EAR83_0105
TORONTO_EAR83_STU00741,TORONTO_EAR83_0133
TORONTO_EAR83_STU00741,TORONTO_EAR83_0143
TORONTO_EAR83_STU00742,TORONTO_EAR83_0030
TORONTO_EAR83_STU00742,TORONTO_EAR83_0034
TORONTO_EAR83_STU00742,TORONTO_EAR83_0078
TORONTO_EAR83_STU00742,TORONTO_EAR83_0128
TORONTO_EAR83_STU00743,TORONTO_EAR83_0027
TORONTO_EAR83_STU00743,TORONTO_EAR83_0030
TORONTO_EAR83_STU00743,TORONTO_EAR83_0058
TORONTO_EAR83_STU00743,TORONTO_EAR83_0077
TORONTO_EAR83_STU00743,TORONTO_EAR83_0078
TORONTO_EAR83_STU00743,TORONTO_EAR83_0128
TORONTO_EAR83_STU00744,TORONTO_EAR83_0029
TORONTO_EAR83_STU00744,TORONTO_EAR83_0030
TORONTO_EAR83_STU00744,TORONTO_EAR83_0034
TORONTO_EAR83_STU00744,TORONTO_EAR83_0077
TORONTO_EAR83_STU00744,TORONTO_EAR83_0078
TORONTO_EAR83_STU00744,TORONTO_EAR83_0142
TORONTO_EAR83_STU00744,TORONTO_EAR83_0190
TORONTO_EAR83_STU00745,TORONTO_EAR83_0030
TORONTO_EAR83_STU00745,TORONTO_EAR83_0071
TORONTO_EAR83_STU00745,TORONTO_EAR83_0076
TORONTO_EAR83_STU00745,TORONTO_EAR83_0077
TORONTO_EAR83_STU00745,TORONTO_EAR83_0078
TORONTO_EAR83_STU00745,TORONTO_EAR83_0133
TORONTO_EAR83_STU00745,TORONTO_EAR83_0143
TORONTO_EAR83_STU00746,TORONTO_EAR83_0029
TORONTO_EAR83_STU00746,TORONTO_EAR83_0041
TORONTO_EAR83_STU00746,TORONTO_EAR83_0077
TORONTO_EAR83_STU00746,TORONTO_EAR83_0078
TORONTO_EAR83_STU00746,TORONTO_EAR83_0128
TORONTO_EAR83_STU00746,TORONTO_EAR83_0133
TORONTO_EAR83_STU00747,TORONTO_EAR83_0030
TORONTO_EAR83_STU00747,TORONTO_EAR83_0071
TORONTO_EAR83_STU00747,TORONTO_EAR83_0076
TORONTO_EAR83_STU00747,TORONTO_EAR83_0077
TORONTO_EAR83_STU00747,TORONTO_EAR83_0078
TORONTO_EAR83_STU00748,TORONTO_EAR83_0004
TORONTO_EAR83_STU00748,TORONTO_EAR83_0030
TORONTO_EAR83_STU00748,TORONTO_EAR83_0070
TORONTO_EAR83_STU00748,TORONTO_EAR83_0077
TORONTO_EAR83_STU00748,TORONTO_EAR83_0078
TORONTO_EAR83_STU00748,TORONTO_EAR83_0128
TORONTO_EAR83_STU00748,TORONTO_EAR83_0133
TORONTO_EAR83_STU00749,TORONTO_EAR83_0030
TORONTO_EAR83_STU00749,TORONTO_EAR83_0070
TORONTO_EAR83_STU00749,TORONTO_EAR83_0077
TORONTO_EAR83_STU00749,TORONTO_EAR83_0078
TORONTO_EAR83_STU00749,TORONTO_EAR83_0128
TORONTO_EAR83_STU00749,TORONTO_EAR83_0133
TORONTO_EAR83_STU00749,TORONTO_EAR83_0143
TORONTO_EAR83_STU00750,TORONTO_EAR83_0030
TORONTO_EAR83_STU00750,TORONTO_EAR83_0034
TORONTO_EAR83_STU00750,TORONTO_EAR83_0077
TORONTO_EAR83_STU00750,TORONTO_EAR83_0128
TORONTO_EAR83_STU00750,TORONTO_EAR83_0133
TORONTO_EAR83_STU00750,TORONTO_EAR83_0143
TORONTO_EAR83_STU00751,TORONTO_EAR83_0030
TORONTO_EAR83_STU00751,TORONTO_EAR83_0076
TORONTO_EAR83_STU00751,TORONTO_EAR83_0077
TORONTO_EAR83_STU00751,TORONTO_EAR83_0078
TORONTO_EAR83_STU00751,TORONTO_EAR83_0133
TORONTO_EAR83_STU00751,TORONTO_EAR83_0143
TORONTO_EAR83_STU00752,TORONTO_EAR83_0020
TORONTO_EAR83_STU00752,TORONTO_EAR83_0052
TORONTO_EAR83_STU00752,TORONTO_EAR83_0062
TORONTO_EAR83_STU00752,TORONTO_EAR83_0072
TORONTO_EAR83_STU00752,TORONTO_EAR83_0083
TORONTO_EAR83_STU00752,TORONTO_EAR83_0096
TORONTO_EAR83_STU00752,TORONTO_EAR83_0137
TORONTO_EAR83_STU00752,TORONTO_EAR83_0168
TORONTO_EAR83_STU00753,TORONTO_EAR83_0015
TORONTO_EAR83_STU00753,TORONTO_EAR83_0020
TORONTO_EAR83_STU00753,TORONTO_EAR83_0052
TORONTO_EAR83_STU00753,TORONTO_EAR83_0062
TORONTO_EAR83_STU00753,TORONTO_EAR83_0083
TORONTO_EAR83_STU00753,TORONTO_EAR83_0092
TORONTO_EAR83_STU00753,TORONTO_EAR83_0116
TORONTO_EAR83_STU00753,TORONTO_EAR83_0137
TORONTO_EAR83_STU00754,TORONTO_EAR83_0003
TORONTO_EAR83_STU00754,TORONTO_EAR83_0009
TORONTO_EAR83_STU00754,TORONTO_EAR83_0020
TORONTO_EAR83_STU00754,TORONTO_EAR83_0052
TORONTO_EAR83_STU00754,TORONTO_EAR83_0072
TORONTO_EAR83_STU00754,TORONTO_EAR83_0083
TORONTO_EAR83_STU00754,TORONTO_EAR83_0137
TORONTO_EAR83_STU00754,TORONTO_EAR83_0157
TORONTO_EAR83_STU00755,TORONTO_EAR83_0009
TORONTO_EAR83_STU00755,TORONTO_EAR83_0015
TORONTO_EAR83_STU00755,TORONTO_EAR83_0019
TORONTO_EAR83_STU00755,TORONTO_EAR83_0031
TORONTO_EAR83_STU00755,TORONTO_EAR83_0038
TORONTO_EAR83_STU00755,TORONTO_EAR83_0083
TORONTO_EAR83_STU00755,TORONTO_EAR83_0136
TORONTO_EAR83_STU00755,TORONTO_EAR83_0157
TORONTO_EAR83_STU00756,TORONTO_EAR83_0009
TORONTO_EAR83_STU00756,TORONTO_EAR83_0015
TORONTO_EAR83_STU00756,TORONTO_EAR83_0020
TORONTO_EAR83_STU00756,TORONTO_EAR83_0052
TORONTO_EAR83_STU00756,TORONTO_EAR83_0062
TORONTO_EAR83_STU00756,TORONTO_EAR83_0083
TORONTO_EAR83_STU00756,TORONTO_EAR83_0116
TORONTO_EAR83_STU00756,TORONTO_EAR83_0137
TORONTO_EAR83_STU00757,TORONTO_EAR83_0008
TORONTO_EAR83_STU00757,TORONTO_EAR83_0020
TORONTO_EAR83_STU00757,TORONTO_EAR83_0031
TORONTO_EAR83_STU00757,TORONTO_EAR83_0052
TORONTO_EAR83_STU00757,TORONTO_EAR83_0062
TORONTO_EAR83_STU00757,TORONTO_EAR83_0083
TORONTO_EAR83_STU00757,TORONTO_EAR83_0092
TORONTO_EAR83_STU00757,TORONTO_EAR83_0137
TORONTO_EAR83_STU00758,TORONTO_EAR83_0017
TORONTO_EAR83_STU00758,TORONTO_EAR83_0020
TORONTO_EAR83_STU00758,TORONTO_EAR83_0039
TORONTO_EAR83_STU00758,TORONTO_EAR83_0062
TORONTO_EAR83_STU00758,TORONTO_EAR83_0083
TORONTO_EAR83_STU00758,TORONTO_EAR83_0093
TORONTO_EAR83_STU00758,TORONTO_EAR83_0116
TORONTO_EAR83_STU00758,TORONTO_EAR83_0137
TORONTO_EAR83_STU00759,TORONTO_EAR83_0024
TORONTO_EAR83_STU00759,TORONTO_EAR83_0047
TORONTO_EAR83_STU00759,TORONTO_EAR83_0059
TORONTO_EAR83_STU00759,TORONTO_EAR83_0064
TORONTO_EAR83_STU00759,TORONTO_EAR83_0083
TORONTO_EAR83_STU00759,TORONTO_EAR83_0095
TORONTO_EAR83_STU00759,TORONTO_EAR83_0120
TORONTO_EAR83_STU00759,TORONTO_EAR83_0161
TORONTO_EAR83_STU00760,TORONTO_EAR83_0003
TORONTO_EAR83_STU00760,TORONTO_EAR83_0024
TORONTO_EAR83_STU00760,TORONTO_EAR83_0059
TORONTO_EAR83_STU00760,TORONTO_EAR83_0064
TORONTO_EAR83_STU00760,TORONTO_EAR83_0083
TORONTO_EAR83_STU00760,TORONTO_EAR83_0120
TORONTO_EAR83_STU00760,TORONTO_EAR83_0131
TORONTO_EAR83_STU00760,TORONTO_EAR83_0185
TORONTO_EAR83_STU00761,TORONTO_EAR83_0019
TORONTO_EAR83_STU00761,TORONTO_EAR83_0050
TORONTO_EAR83_STU00761,TORONTO_EAR83_0081
TORONTO_EAR83_STU00761,TORONTO_EAR83_0136
TORONTO_EAR83_STU00761,TORONTO_EAR83_0147
TORONTO_EAR83_STU00761,TORONTO_EAR83_0168
TORONTO_EAR83_STU00761,TORONTO_EAR83_0176
TORONTO_EAR83_STU00761,TORONTO_EAR83_0185
TORONTO_EAR83_STU00762,TORONTO_EAR83_0006
TORONTO_EAR83_STU00762,TORONTO_EAR83_0008
TORONTO_EAR83_STU00762,TORONTO_EAR83_0019
TORONTO_EAR83_STU00762,TORONTO_EAR83_0044
TORONTO_EAR83_STU00762,TORONTO_EAR83_0086
TORONTO_EAR83_STU00762,TORONTO_EAR83_0185
TORONTO_EAR83_STU00763,TORONTO_EAR83_0011
TORONTO_EAR83_STU00763,TORONTO_EAR83_0024
TORONTO_EAR83_STU00763,TORONTO_EAR83_0047
TORONTO_EAR83_STU00763,TORONTO_EAR83_0059
TORONTO_EAR83_STU00763,TORONTO_EAR83_0083
TORONTO_EAR83_STU00763,TORONTO_EAR83_0131
TORONTO_EAR83_STU00763,TORONTO_EAR83_0137
TORONTO_EAR83_STU00764,TORONTO_EAR83_0009
TORONTO_EAR83_STU00764,TORONTO_EAR83_0026
TORONTO_EAR83_STU00764,TORONTO_EAR83_0044
TORONTO_EAR83_STU00764,TORONTO_EAR83_0055
TORONTO_EAR83_STU00764,TORONTO_EAR83_0157
TORONTO_EAR83_STU00764,TORONTO_EAR83_0168
TORONTO_EAR83_STU00765,TORONTO_EAR83_0001
TORONTO_EAR83_STU00765,TORONTO_EAR83_0011
TORONTO_EAR83_STU00765,TORONTO_EAR83_0026
TORONTO_EAR83_STU00765,TORONTO_EAR83_0046
TORONTO_EAR83_STU00765,TORONTO_EAR83_0089
TORONTO_EAR83_STU00765,TORONTO_EAR83_0124
TORONTO_EAR83_STU00766,TORONTO_EAR83_0024
TORONTO_EAR83_STU00766,TORONTO_EAR83_0047
TORONTO_EAR83_STU00766,TORONTO_EAR83_0064
TORONTO_EAR83_STU00766,TORONTO_EAR83_0087
TORONTO_EAR83_STU00766,TORONTO_EAR83_0137
TORONTO_EAR83_STU00766,TORONTO_EAR83_0139
TORONTO_EAR83_STU00767,TORONTO_EAR83_0001
TORONTO_EAR83_STU00767,TORONTO_EAR83_0011
TORONTO_EAR83_STU00767,TORONTO_EAR83_0023
TORONTO_EAR83_STU00767,TORONTO_EAR83_0086
TORONTO_EAR83_STU00767,TORONTO_EAR83_0126
TORONTO_EAR83_STU00767,TORONTO_EAR83_0151
TORONTO_EAR83_STU00767,TORONTO_EAR83_0161
TORONTO_EAR83_STU00768,TORONTO_EAR83_0005
TORONTO_EAR83_STU00768,TORONTO_EAR83_0010
TORONTO_EAR83_STU00768,TORONTO_EAR83_0026
TORONTO_EAR83_STU00768,TORONTO_EAR83_0044
TORONTO_EAR83_STU00768,TORONTO_EAR83_0055
TORONTO_EAR83_STU00768,TORONTO_EAR83_0089
TORONTO_EAR83_STU00768,TORONTO_EAR83_0185
TORONTO_EAR83_STU00769,TORONTO_EAR83_0006
TORONTO_EAR83_STU00769,TORONTO_EAR83_0008
TORONTO_EAR83_STU00769,TORONTO_EAR83_0020
TORONTO_EAR83_STU00769,TORONTO_EAR83_0042
TORONTO_EAR83_STU00769,TORONTO_EAR83_0072
TORONTO_EAR83_STU00769,TORONTO_EAR83_0081
TORONTO_EAR83_STU00769,TORONTO_EAR83_0120
TORONTO_EAR83_STU00769,TORONTO_EAR83_0139
TORONTO_EAR83_STU00770,TORONTO_EAR83_0033
TORONTO_EAR83_STU00770,TORONTO_EAR83_0038
TORONTO_EAR83_STU00770,TORONTO_EAR83_0046
TORONTO_EAR83_STU00770,TORONTO_EAR83_0089
TORONTO_EAR83_STU00770,TORONTO_EAR83_0124
TORONTO_EAR83_STU00770,TORONTO_EAR83_0141
TORONTO_EAR83_STU00771,TORONTO_EAR83_0001
TORONTO_EAR83_STU00771,TORONTO_EAR83_0012
TORONTO_EAR83_STU00771,TORONTO_EAR83_0026
TORONTO_EAR83_STU00771,TORONTO_EAR83_0055
TORONTO_EAR83_STU00771,TORONTO_EAR83_0062
TORONTO_EAR83_STU00771,TORONTO_EAR83_0086
TORONTO_EAR83_STU00771,TORONTO_EAR83_0139
TORONTO_EAR83_STU00771,TORONTO_EAR83_0166
TORONTO_EAR83_STU00772,TORONTO_EAR83_0009
TORONTO_EAR83_STU00772,TORONTO_EAR83_0020
TORONTO_EAR83_STU00772,TORONTO_EAR83_0039
TORONTO_EAR83_STU00772,TORONTO_EAR83_0065
TORONTO_EAR83_STU00772,TORONTO_EAR83_0083
TORONTO_EAR83_STU00772,TORONTO_EAR83_0110
TORONTO_EAR83_STU00772,TORONTO_EAR83_0119
TORONTO_EAR83_STU00772,TORONTO_EAR83_0131
TORONTO_EAR83_STU00773,TORONTO_EAR83_0009
TORONTO_EAR83_STU00773,TORONTO_EAR83_0020
TORONTO_EAR83_STU00773,TORONTO_EAR83_0039
TORONTO_EAR83_STU00773,TORONTO_EAR83_0065
TORONTO_EAR83_STU00773,TORONTO_EAR83_0087
TORONTO_EAR83_STU00773,TORONTO_EAR83_0110
TORONTO_EAR83_STU00773,TORONTO_EAR83_0119
TORONTO_EAR83_STU00773,TORONTO_EAR83_0131
TORONTO_EAR83_STU00774,TORONTO_EAR83_0009
TORONTO_EAR83_STU00774,TORONTO_EAR83_0020
TORONTO_EAR83_STU00774,TORONTO_EAR83_0039
TORONTO_EAR83_STU00774,TORONTO_EAR83_0065
TORONTO_EAR83_STU00774,TORONTO_EAR83_0083
TORONTO_EAR83_STU00774,TORONTO_EAR83_0110
TORONTO_EAR83_STU00774,TORONTO_EAR83_0119
TORONTO_EAR83_STU00774,TORONTO_EAR83_0131
TORONTO_EAR83_STU00775,TORONTO_EAR83_0011
TORONTO_EAR83_STU00775,TORONTO_EAR83_0027
TORONTO_EAR83_STU00775,TORONTO_EAR83_0041
TORONTO_EAR83_STU00775,TORONTO_EAR83_0059
TORONTO_EAR83_STU00775,TORONTO_EAR83_0067
TORONTO_EAR83_STU00775,TORONTO_EAR83_0111
TORONTO_EAR83_STU00775,TORONTO_EAR83_0164
TORONTO_EAR83_STU00776,TORONTO_EAR83_0009
TORONTO_EAR83_STU00776,TORONTO_EAR83_0020
TORONTO_EAR83_STU00776,TORONTO_EAR83_0031
TORONTO_EAR83_STU00776,TORONTO_EAR83_0052
TORONTO_EAR83_STU00776,TORONTO_EAR83_0062
TORONTO_EAR83_STU00776,TORONTO_EAR83_0081
TORONTO_EAR83_STU00776,TORONTO_EAR83_0116
TORONTO_EAR83_STU00776,TORONTO_EAR83_0137
TORONTO_EAR83_STU00777,TORONTO_EAR83_0008
TORONTO_EAR83_STU00777,TORONTO_EAR83_0020
TORONTO_EAR83_STU00777,TORONTO_EAR83_0039
TORONTO_EAR83_STU00777,TORONTO_EAR83_0083
TORONTO_EAR83_STU00777,TORONTO_EAR83_0117
TORONTO_EAR83_STU00777,TORONTO_EAR83_0137
TORONTO_EAR83_STU00777,TORONTO_EAR83_0147
TORONTO_EAR83_STU00777,TORONTO_EAR83_0153
TORONTO_EAR83_STU00778,TORONTO_EAR83_0003
TORONTO_EAR83_STU00778,TORONTO_EAR83_0009
TORONTO_EAR83_STU00778,TORONTO_EAR83_0020
TORONTO_EAR83_STU00778,TORONTO_EAR83_0039
TORONTO_EAR83_STU00778,TORONTO_EAR83_0047
TORONTO_EAR83_STU00778,TORONTO_EAR83_0083
TORONTO_EAR83_STU00778,TORONTO_EAR83_0137
TORONTO_EAR83_STU00779,TORONTO_EAR83_0020
TORONTO_EAR83_STU00779,TORONTO_EAR83_0039
TORONTO_EAR83_STU00779,TORONTO_EAR83_0062
TORONTO_EAR83_STU00779,TORONTO_EAR83_0083
TORONTO_EAR83_STU00779,TORONTO_EAR83_0097
TORONTO_EAR83_STU00779,TORONTO_EAR83_0137
TORONTO_EAR83_STU00779,TORONTO_EAR83_0157
TORONTO_EAR83_STU00779,TORONTO_EAR83_0182
TORONTO_EAR83_STU00780,TORONTO_EAR83_0003
TORONTO_EAR83_STU00780,TORONTO_EAR83_0009
TORONTO_EAR83_STU00780,TORONTO_EAR83_0017
TORONTO_EAR83_STU00780,TORONTO_EAR83_0020
TORONTO_EAR83_STU00780,TORONTO_EAR83_0039
TORONTO_EAR83_STU00780,TORONTO_EAR83_0083
TORONTO_EAR83_STU00780,TORONTO_EAR83_0137
TORONTO_EAR83_STU00780,TORONTO_EAR83_0182
TORONTO_EAR83_STU00781,TORONTO_EAR83_0009
TORONTO_EAR83_STU00781,TORONTO_EAR83_0017
TORONTO_EAR83_STU00781,TORONTO_EAR83_0020
TORONTO_EAR83_STU00781,TORONTO_EAR83_0039
TORONTO_EAR83_STU00781,TORONTO_EAR83_0062
TORONTO_EAR83_STU00781,TORONTO_EAR83_0083
TORONTO_EAR83_STU00781,TORONTO_EAR83_0137
TORONTO_EAR83_STU00781,TORONTO_EAR83_0151
TORONTO_EAR83_STU00782,TORONTO_EAR83_0014
TORONTO_EAR83_STU00782,TORONTO_EAR83_0017
TORONTO_EAR83_STU00782,TORONTO_EAR83_0020
TORONTO_EAR83_STU00782,TORONTO_EAR83_0052
TORONTO_EAR83_STU00782,TORONTO_EAR83_0083
TORONTO_EAR83_STU00782,TORONTO_EAR83_0116
TORONTO_EAR83_STU00782,TORONTO_EAR83_0137
TORONTO_EAR83_STU00782,TORONTO_EAR83_0182
TORONTO_EAR83_STU00783,TORONTO_EAR83_0010
TORONTO_EAR83_STU00783,TORONTO_EAR83_0024
TORONTO_EAR83_STU00783,TORONTO_EAR83_0047
TORONTO_EAR83_STU00783,TORONTO_EAR83_0064
TORONTO_EAR83_STU00783,TORONTO_EAR83_0087
TORONTO_EAR83_STU00783,TORONTO_EAR83_0095
TORONTO_EAR83_STU00783,TORONTO_EAR83_0121
TORONTO_EAR83_STU00783,TORONTO_EAR83_0127
TORONTO_EAR83_STU00784,TORONTO_EAR83_0003
TORONTO_EAR83_STU00784,TORONTO_EAR83_0011
TORONTO_EAR83_STU00784,TORONTO_EAR83_0023
TORONTO_EAR83_STU00784,TORONTO_EAR83_0045
TORONTO_EAR83_STU00784,TORONTO_EAR83_0086
TORONTO_EAR83_STU00784,TORONTO_EAR83_0121
TORONTO_EAR83_STU00784,TORONTO_EAR83_0127
TORONTO_EAR83_STU00785,TORONTO_EAR83_0008
TORONTO_EAR83_STU00785,TORONTO_EAR83_0020
TORONTO_EAR83_STU00785,TORONTO_EAR83_0031
TORONTO_EAR83_STU00785,TORONTO_EAR83_0038
TORONTO_EAR83_STU00785,TORONTO_EAR83_0081
TORONTO_EAR83_STU00785,TORONTO_EAR83_0097
TORONTO_EAR83_STU00785,TORONTO_EAR83_0116
TORONTO_EAR83_STU00785,TORONTO_EAR83_0136
TORONTO_EAR83_STU00786,TORONTO_EAR83_0009
TORONTO_EAR83_STU00786,TORONTO_EAR83_0020
TORONTO_EAR83_STU00786,TORONTO_EAR83_0039
TORONTO_EAR83_STU00786,TORONTO_EAR83_0062
TORONTO_EAR83_STU00786,TORONTO_EAR83_0083
TORONTO_EAR83_STU00786,TORONTO_EAR83_0117
TORONTO_EAR83_STU00786,TORONTO_EAR83_0137
TORONTO_EAR83_STU00786,TORONTO_EAR83_0168
TORONTO_EAR83_STU00787,TORONTO_EAR83_0009
TORONTO_EAR83_STU00787,TORONTO_EAR83_0020
TORONTO_EAR83_STU00787,TORONTO_EAR83_0052
TORONTO_EAR83_STU00787,TORONTO_EAR83_0062
TORONTO_EAR83_STU00787,TORONTO_EAR83_0083
TORONTO_EAR83_STU00787,TORONTO_EAR83_0092
TORONTO_EAR83_STU00787,TORONTO_EAR83_0137
TORONTO_EAR83_STU00787,TORONTO_EAR83_0182
TORONTO_EAR83_STU00788,TORONTO_EAR83_0001
TORONTO_EAR83_STU00788,TORONTO_EAR83_0008
TORONTO_EAR83_STU00788,TORONTO_EAR83_0020
TORONTO_EAR83_STU00788,TORONTO_EAR83_0052
TORONTO_EAR83_STU00788,TORONTO_EAR83_0083
TORONTO_EAR83_STU00788,TORONTO_EAR83_0117
TORONTO_EAR83_STU00788,TORONTO_EAR83_0137
TORONTO_EAR83_STU00788,TORONTO_EAR83_0168
TORONTO_EAR83_STU00789,TORONTO_EAR83_0003
TORONTO_EAR83_STU00789,TORONTO_EAR83_0009
TORONTO_EAR83_STU00789,TORONTO_EAR83_0020
TORONTO_EAR83_STU00789,TORONTO_EAR83_0052
TORONTO_EAR83_STU00789,TORONTO_EAR83_0062
TORONTO_EAR83_STU00789,TORONTO_EAR83_0083
TORONTO_EAR83_STU00789,TORONTO_EAR83_0137
TORONTO_EAR83_STU00789,TORONTO_EAR83_0147
TORONTO_EAR83_STU00790,TORONTO_EAR83_0020
TORONTO_EAR83_STU00790,TORONTO_EAR83_0045
TORONTO_EAR83_STU00790,TORONTO_EAR83_0052
TORONTO_EAR83_STU00790,TORONTO_EAR83_0062
TORONTO_EAR83_STU00790,TORONTO_EAR83_0083
TORONTO_EAR83_STU00790,TORONTO_EAR83_0116
TORONTO_EAR83_STU00790,TORONTO_EAR83_0137
TORONTO_EAR83_STU00790,TORONTO_EAR83_0168
TORONTO_EAR83_STU00791,TORONTO_EAR83_0008
TORONTO_EAR83_STU00791,TORONTO_EAR83_0013
TORONTO_EAR83_STU00791,TORONTO_EAR83_0017
TORONTO_EAR83_STU00791,TORONTO_EAR83_0020
TORONTO_EAR83_STU00791,TORONTO_EAR83_0039
TORONTO_EAR83_STU00791,TORONTO_EAR83_0081
TORONTO_EAR83_STU00791,TORONTO_EAR83_0116
TORONTO_EAR83_STU00791,TORONTO_EAR83_0136
TORONTO_EAR83_STU00792,TORONTO_EAR83_0009
TORONTO_EAR83_STU00792,TORONTO_EAR83_0020
TORONTO_EAR83_STU00792,TORONTO_EAR83_0039
TORONTO_EAR83_STU00792,TORONTO_EAR83_0081
TORONTO_EAR83_STU00792,TORONTO_EAR83_0092
TORONTO_EAR83_STU00792,TORONTO_EAR83_0117
TORONTO_EAR83_STU00792,TORONTO_EAR83_0136
TORONTO_EAR83_STU00792,TORONTO_EAR83_0157
TORONTO_EAR83_STU00793,TORONTO_EAR83_0009
TORONTO_EAR83_STU00793,TORONTO_EAR83_0017
TORONTO_EAR83_STU00793,TORONTO_EAR83_0020
TORONTO_EAR83_STU00793,TORONTO_EAR83_0031
TORONTO_EAR83_STU00793,TORONTO_EAR83_0052
TORONTO_EAR83_STU00793,TORONTO_EAR83_0062
TORONTO_EAR83_STU00793,TORONTO_EAR83_0083
TORONTO_EAR83_STU00793,TORONTO_EAR83_0137
TORONTO_EAR83_STU00794,TORONTO_EAR83_0009
TORONTO_EAR83_STU00794,TORONTO_EAR83_0020
TORONTO_EAR83_STU00794,TORONTO_EAR83_0031
TORONTO_EAR83_STU00794,TORONTO_EAR83_0052
TORONTO_EAR83_STU00794,TORONTO_EAR83_0062
TORONTO_EAR83_STU00794,TORONTO_EAR83_0087
TORONTO_EAR83_STU00794,TORONTO_EAR83_0093
TORONTO_EAR83_STU00794,TORONTO_EAR83_0137
TORONTO_EAR83_STU00795,TORONTO_EAR83_0014
TORONTO_EAR83_STU00795,TORONTO_EAR83_0017
TORONTO_EAR83_STU00795,TORONTO_EAR83_0020
TORONTO_EAR83_STU00795,TORONTO_EAR83_0052
TORONTO_EAR83_STU00795,TORONTO_EAR83_0062
TORONTO_EAR83_STU00795,TORONTO_EAR83_0083
TORONTO_EAR83_STU00795,TORONTO_EAR83_0116
TORONTO_EAR83_STU00795,TORONTO_EAR83_0137
TORONTO_EAR83_STU00796,TORONTO_EAR83_0009
TORONTO_EAR83_STU00796,TORONTO_EAR83_0017
TORONTO_EAR83_STU00796,TORONTO_EAR83_0020
TORONTO_EAR83_STU00796,TORONTO_EAR83_0052
TORONTO_EAR83_STU00796,TORONTO_EAR83_0062
TORONTO_EAR83_STU00796,TORONTO_EAR83_0083
TORONTO_EAR83_STU00796,TORONTO_EAR83_0116
TORONTO_EAR83_STU00796,TORONTO_EAR83_0137
TORONTO_EAR83_STU00797,TORONTO_EAR83_0019
TORONTO_EAR83_STU00797,TORONTO_EAR83_0038
TORONTO_EAR83_STU00797,TORONTO_EAR83_0081
TORONTO_EAR83_STU00797,TORONTO_EAR83_0117
TORONTO_EAR83_STU00797,TORONTO_EAR83_0136
TORONTO_EAR83_STU00797,TORONTO_EAR83_0147
TORONTO_EAR83_STU00797,TORONTO_EAR83_0153
TORONTO_EAR83_STU00797,TORONTO_EAR83_0168
TORONTO_EAR83_STU00798,TORONTO_EAR83_0009
TORONTO_EAR83_STU00798,TORONTO_EAR83_0020
TORONTO_EAR83_STU00798,TORONTO_EAR83_0039
TORONTO_EAR83_STU00798,TORONTO_EAR83_0062
TORONTO_EAR83_STU00798,TORONTO_EAR83_0087
TORONTO_EAR83_STU00798,TORONTO_EAR83_0116
TORONTO_EAR83_STU00798,TORONTO_EAR83_0137
TORONTO_EAR83_STU00798,TORONTO_EAR83_0182
TORONTO_EAR83_STU00799,TORONTO_EAR83_0008
TORONTO_EAR83_STU00799,TORONTO_EAR83_0020
TORONTO_EAR83_STU00799,TORONTO_EAR83_0052
TORONTO_EAR83_STU00799,TORONTO_EAR83_0062
TORONTO_EAR83_STU00799,TORONTO_EAR83_0081
TORONTO_EAR83_STU00799,TORONTO_EAR83_0092
TORONTO_EAR83_STU00799,TORONTO_EAR83_0117
TORONTO_EAR83_STU00799,TORONTO_EAR83_0137
TORONTO_EAR83_STU00800,TORONTO_EAR83_0020
TORONTO_EAR83_STU00800,TORONTO_EAR83_0039
TORONTO_EAR83_STU00800,TORONTO_EAR83_0062
TORONTO_EAR83_STU00800,TORONTO_EAR83_0087
TORONTO_EAR83_STU00800,TORONTO_EAR83_0116
TORONTO_EAR83_STU00800,TORONTO_EAR83_0137
TORONTO_EAR83_STU00800,TORONTO_EAR83_0157
TORONTO_EAR83_STU00800,TORONTO_EAR83_0182
TORONTO_EAR83_STU00801,TORONTO_EAR83_0009
TORONTO_EAR83_STU00801,TORONTO_EAR83_0017
TORONTO_EAR83_STU00801,TORONTO_EAR83_0020
TORONTO_EAR83_STU00801,TORONTO_EAR83_0031
TORONTO_EAR83_STU00801,TORONTO_EAR83_0052
TORONTO_EAR83_STU00801,TORONTO_EAR83_0062
TORONTO_EAR83_STU00801,TORONTO_EAR83_0083
TORONTO_EAR83_STU00801,TORONTO_EAR83_0137
TORONTO_EAR83_STU00802,TORONTO_EAR83_0009
TORONTO_EAR83_STU00802,TORONTO_EAR83_0020
TORONTO_EAR83_STU00802,TORONTO_EAR83_0052
TORONTO_EAR83_STU00802,TORONTO_EAR83_0083
TORONTO_EAR83_STU00802,TORONTO_EAR83_0117
TORONTO_EAR83_STU00802,TORONTO_EAR83_0137
TORONTO_EAR83_STU00802,TORONTO_EAR83_0153
TORONTO_EAR83_STU00802,TORONTO_EAR83_0168
TORONTO_EAR83_STU00803,TORONTO_EAR83_0020
TORONTO_EAR83_STU00803,TORONTO_EAR83_0039
TORONTO_EAR83_STU00803,TORONTO_EAR83_0062
TORONTO_EAR83_STU00803,TORONTO_EAR83_0087
TORONTO_EAR83_STU00803,TORONTO_EAR83_0117
TORONTO_EAR83_STU00803,TORONTO_EAR83_0137
TORONTO_EAR83_STU00803,TORONTO_EAR83_0151
TORONTO_EAR83_STU00803,TORONTO_EAR83_0153
TORONTO_EAR83_STU00804,TORONTO_EAR83_0020
TORONTO_EAR83_STU00804,TORONTO_EAR83_0039
TORONTO_EAR83_STU00804,TORONTO_EAR83_0081
TORONTO_EAR83_STU00804,TORONTO_EAR83_0117
TORONTO_EAR83_STU00804,TORONTO_EAR83_0136
TORONTO_EAR83_STU00804,TORONTO_EAR83_0157
TORONTO_EAR83_STU00804,TORONTO_EAR83_0168
TORONTO_EAR83_STU00804,TORONTO_EAR83_0182
TORONTO_EAR83_STU00805,TORONTO_EAR83_0009
TORONTO_EAR83_STU00805,TORONTO_EAR83_0015
TORONTO_EAR83_STU00805,TORONTO_EAR83_0020
TORONTO_EAR83_STU00805,TORONTO_EAR83_0039
TORONTO_EAR83_STU00805,TORONTO_EAR83_0062
TORONTO_EAR83_STU00805,TORONTO_EAR83_0083
TORONTO_EAR83_STU00805,TORONTO_EAR83_0117
TORONTO_EAR83_STU00805,TORONTO_EAR83_0136
TORONTO_EAR83_STU00806,TORONTO_EAR83_0009
TORONTO_EAR83_STU00806,TORONTO_EAR83_0020
TORONTO_EAR83_STU00806,TORONTO_EAR83_0052
TORONTO_EAR83_STU00806,TORONTO_EAR83_0083
TORONTO_EAR83_STU00806,TORONTO_EAR83_0117
TORONTO_EAR83_STU00806,TORONTO_EAR83_0137
TORONTO_EAR83_STU00806,TORONTO_EAR83_0153
TORONTO_EAR83_STU00806,TORONTO_EAR83_0168
TORONTO_EAR83_STU00807,TORONTO_EAR83_0009
TORONTO_EAR83_STU00807,TORONTO_EAR83_0020
TORONTO_EAR83_STU00807,TORONTO_EAR83_0039
TORONTO_EAR83_STU00807,TORONTO_EAR83_0062
TORONTO_EAR83_STU00807,TORONTO_EAR83_0087
TORONTO_EAR83_STU00807,TORONTO_EAR83_0097
TORONTO_EAR83_STU00807,TORONTO_EAR83_0116
TORONTO_EAR83_STU00807,TORONTO_EAR83_0137
TORONTO_EAR83_STU00808,TORONTO_EAR83_0009
TORONTO_EAR83_STU00808,TORONTO_EAR83_0020
TORONTO_EAR83_STU00808,TORONTO_EAR83_0039
TORONTO_EAR83_STU00808,TORONTO_EAR83_0087
TORONTO_EAR83_STU00808,TORONTO_EAR83_0117
TORONTO_EAR83_STU00808,TORONTO_EAR83_0137
TORONTO_EAR83_STU00808,TORONTO_EAR83_0168
TORONTO_EAR83_STU00808,TORONTO_EAR83_0182
TORONTO_EAR83_STU00809,TORONTO_EAR83_0009
TORONTO_EAR83_STU00809,TORONTO_EAR83_0020
TORONTO_EAR83_STU00809,TORONTO_EAR83_0039
TORONTO_EAR83_STU00809,TORONTO_EAR83_0062
TORONTO_EAR83_STU00809,TORONTO_EAR83_0087
TORONTO_EAR83_STU00809,TORONTO_EAR83_0137
TORONTO_EAR83_STU00809,TORONTO_EAR83_0157
TORONTO_EAR83_STU00809,TORONTO_EAR83_0182
TORONTO_EAR83_STU00810,TORONTO_EAR83_0009
TORONTO_EAR83_STU00810,TORONTO_EAR83_0017
TORONTO_EAR83_STU00810,TORONTO_EAR83_0020
TORONTO_EAR83_STU00810,TORONTO_EAR83_0052
TORONTO_EAR83_STU00810,TORONTO_EAR83_0062
TORONTO_EAR83_STU00810,TORONTO_EAR83_0083
TORONTO_EAR83_STU00810,TORONTO_EAR83_0092
TORONTO_EAR83_STU00810,TORONTO_EAR83_0137
TORONTO_EAR83_STU00811,TORONTO_EAR83_0003
TORONTO_EAR83_STU00811,TORONTO_EAR83_0009
TORONTO_EAR83_STU00811,TORONTO_EAR83_0015
TORONTO_EAR83_STU00811,TORONTO_EAR83_0020
TORONTO_EAR83_STU00811,TORONTO_EAR83_0039
TORONTO_EAR83_STU00811,TORONTO_EAR83_0072
TORONTO_EAR83_STU00811,TORONTO_EAR83_0083
TORONTO_EAR83_STU00811,TORONTO_EAR83_0116
TORONTO_EAR83_STU00812,TORONTO_EAR83_0009
TORONTO_EAR83_STU00812,TORONTO_EAR83_0017
TORONTO_EAR83_STU00812,TORONTO_EAR83_0020
TORONTO_EAR83_STU00812,TORONTO_EAR83_0039
TORONTO_EAR83_STU00812,TORONTO_EAR83_0062
TORONTO_EAR83_STU00812,TORONTO_EAR83_0087
TORONTO_EAR83_STU00812,TORONTO_EAR83_0097
TORONTO_EAR83_STU00812,TORONTO_EAR83_0137
TORONTO_EAR83_STU00813,TORONTO_EAR83_0003
TORONTO_EAR83_STU00813,TORONTO_EAR83_0017
TORONTO_EAR83_STU00813,TORONTO_EAR83_0020
TORONTO_EAR83_STU00813,TORONTO_EAR83_0052
TORONTO_EAR83_STU00813,TORONTO_EAR83_0062
TORONTO_EAR83_STU00813,TORONTO_EAR83_0083
TORONTO_EAR83_STU00813,TORONTO_EAR83_0116
TORONTO_EAR83_STU00813,TORONTO_EAR83_0137
TORONTO_EAR83_STU00814,TORONTO_EAR83_0017
TORONTO_EAR83_STU00814,TORONTO_EAR83_0020
TORONTO_EAR83_STU00814,TORONTO_EAR83_0052
TORONTO_EAR83_STU00814,TORONTO_EAR83_0062
TORONTO_EAR83_STU00814,TORONTO_EAR83_0087
TORONTO_EAR83_STU00814,TORONTO_EAR83_0116
TORONTO_EAR83_STU00814,TORONTO_EAR83_0137
TORONTO_EAR83_STU00814,TORONTO_EAR83_0182
TORONTO_EAR83_STU00815,TORONTO_EAR83_0009
TORONTO_EAR83_STU00815,TORONTO_EAR83_0020
TORONTO_EAR83_STU00815,TORONTO_EAR83_0052
TORONTO_EAR83_STU00815,TORONTO_EAR83_0083
TORONTO_EAR83_STU00815,TORONTO_EAR83_0117
TORONTO_EAR83_STU00815,TORONTO_EAR83_0137
TORONTO_EAR83_STU00815,TORONTO_EAR83_0151
TORONTO_EAR83_STU00815,TORONTO_EAR83_0157
TORONTO_EAR83_STU00816,TORONTO_EAR83_0020
TORONTO_EAR83_STU00816,TORONTO_EAR83_0052
TORONTO_EAR83_STU00816,TORONTO_EAR83_0062
TORONTO_EAR83_STU00816,TORONTO_EAR83_0072
TORONTO_EAR83_STU00816,TORONTO_EAR83_0083
TORONTO_EAR83_STU00816,TORONTO_EAR83_0092
TORONTO_EAR83_STU00816,TORONTO_EAR83_0117
TORONTO_EAR83_STU00816,TORONTO_EAR83_0137
TORONTO_EAR83_STU00817,TORONTO_EAR83_0009
TORONTO_EAR83_STU00817,TORONTO_EAR83_0020
TORONTO_EAR83_STU00817,TORONTO_EAR83_0052
TORONTO_EAR83_STU00817,TORONTO_EAR83_0062
TORONTO_EAR83_STU00817,TORONTO_EAR83_0087
TORONTO_EAR83_STU00817,TORONTO_EAR83_0137
TORONTO_EAR83_STU00817,TORONTO_EAR83_0153
TORONTO_EAR83_STU00817,TORONTO_EAR83_0182
TORONTO_EAR83_STU00818,TORONTO_EAR83_0009
TORONTO_EAR83_STU00818,TORONTO_EAR83_0020
TORONTO_EAR83_STU00818,TORONTO_EAR83_0039
TORONTO_EAR83_STU00818,TORONTO_EAR83_0083
TORONTO_EAR83_STU00818,TORONTO_EAR83_0117
TORONTO_EAR83_STU00818,TORONTO_EAR83_0136
TORONTO_EAR83_STU00818,TORONTO_EAR83_0157
TORONTO_EAR83_STU00818,TORONTO_EAR83_0168
TORONTO_EAR83_STU00819,TORONTO_EAR83_0001
TORONTO_EAR83_STU00819,TORONTO_EAR83_0009
TORONTO_EAR83_STU00819,TORONTO_EAR83_0020
TORONTO_EAR83_STU00819,TORONTO_EAR83_0052
TORONTO_EAR83_STU00819,TORONTO_EAR83_0083
TORONTO_EAR83_STU00819,TORONTO_EAR83_0117
TORONTO_EAR83_STU00819,TORONTO_EAR83_0137
TORONTO_EAR83_STU00819,TORONTO_EAR83_0168
TORONTO_EAR83_STU00820,TORONTO_EAR83_0009
TORONTO_EAR83_STU00820,TORONTO_EAR83_0017
TORONTO_EAR83_STU00820,TORONTO_EAR83_0020
TORONTO_EAR83_STU00820,TORONTO_EAR83_0052
TORONTO_EAR83_STU00820,TORONTO_EAR83_0062
TORONTO_EAR83_STU00820,TORONTO_EAR83_0083
TORONTO_EAR83_STU00820,TORONTO_EAR83_0092
TORONTO_EAR83_STU00820,TORONTO_EAR83_0137
TORONTO_EAR83_STU00821,TORONTO_EAR83_0014
TORONTO_EAR83_STU00821,TORONTO_EAR83_0015
TORONTO_EAR83_STU00821,TORONTO_EAR83_0019
TORONTO_EAR83_STU00821,TORONTO_EAR83_0038
TORONTO_EAR83_STU00821,TORONTO_EAR83_0072
TORONTO_EAR83_STU00821,TORONTO_EAR83_0081
TORONTO_EAR83_STU00821,TORONTO_EAR83_0136
TORONTO_EAR83_STU00821,TORONTO_EAR83_0157
TORONTO_EAR83_STU00822,TORONTO_EAR83_0005
TORONTO_EAR83_STU00822,TORONTO_EAR83_0012
TORONTO_EAR83_STU00822,TORONTO_EAR83_0020
TORONTO_EAR83_STU00822,TORONTO_EAR83_0052
TORONTO_EAR83_STU00822,TORONTO_EAR83_0083
TORONTO_EAR83_STU00822,TORONTO_EAR83_0137
TORONTO_EAR83_STU00822,TORONTO_EAR83_0151
TORONTO_EAR83_STU00822,TORONTO_EAR83_0157
TORONTO_EAR83_STU00823,TORONTO_EAR83_0009
TORONTO_EAR83_STU00823,TORONTO_EAR83_0020
TORONTO_EAR83_STU00823,TORONTO_EAR83_0039
TORONTO_EAR83_STU00823,TORONTO_EAR83_0083
TORONTO_EAR83_STU00823,TORONTO_EAR83_0117
TORONTO_EAR83_STU00823,TORONTO_EAR83_0137
TORONTO_EAR83_STU00823,TORONTO_EAR83_0147
TORONTO_EAR83_STU00823,TORONTO_EAR83_0182
TORONTO_EAR83_STU00824,TORONTO_EAR83_0008
TORONTO_EAR83_STU00824,TORONTO_EAR83_0014
TORONTO_EAR83_STU00824,TORONTO_EAR83_0015
TORONTO_EAR83_STU00824,TORONTO_EAR83_0019
TORONTO_EAR83_STU00824,TORONTO_EAR83_0050
TORONTO_EAR83_STU00824,TORONTO_EAR83_0081
TORONTO_EAR83_STU00824,TORONTO_EAR83_0117
TORONTO_EAR83_STU00824,TORONTO_EAR83_0136
TORONTO_EAR83_STU00825,TORONTO_EAR83_0009
TORONTO_EAR83_STU00825,TORONTO_EAR83_0014
TORONTO_EAR83_STU00825,TORONTO_EAR83_0017
TORONTO_EAR83_STU00825,TORONTO_EAR83_0020
TORONTO_EAR83_STU00825,TORONTO_EAR83_0031
TORONTO_EAR83_STU00825,TORONTO_EAR83_0052
TORONTO_EAR83_STU00825,TORONTO_EAR83_0083
TORONTO_EAR83_STU00825,TORONTO_EAR83_0137
TORONTO_EAR83_STU00826,TORONTO_EAR83_0008
TORONTO_EAR83_STU00826,TORONTO_EAR83_0014
TORONTO_EAR83_STU00826,TORONTO_EAR83_0015
TORONTO_EAR83_STU00826,TORONTO_EAR83_0020
TORONTO_EAR83_STU00826,TORONTO_EAR83_0039
TORONTO_EAR83_STU00826,TORONTO_EAR83_0081
TORONTO_EAR83_STU00826,TORONTO_EAR83_0116
TORONTO_EAR83_STU00826,TORONTO_EAR83_0136
TORONTO_EAR83_STU00827,TORONTO_EAR83_0009
TORONTO_EAR83_STU00827,TORONTO_EAR83_0015
TORONTO_EAR83_STU00827,TORONTO_EAR83_0020
TORONTO_EAR83_STU00827,TORONTO_EAR83_0039
TORONTO_EAR83_STU00827,TORONTO_EAR83_0062
TORONTO_EAR83_STU00827,TORONTO_EAR83_0087
TORONTO_EAR83_STU00827,TORONTO_EAR83_0116
TORONTO_EAR83_STU00827,TORONTO_EAR83_0137
TORONTO_EAR83_STU00828,TORONTO_EAR83_0008
TORONTO_EAR83_STU00828,TORONTO_EAR83_0015
TORONTO_EAR83_STU00828,TORONTO_EAR83_0020
TORONTO_EAR83_STU00828,TORONTO_EAR83_0052
TORONTO_EAR83_STU00828,TORONTO_EAR83_0062
TORONTO_EAR83_STU00828,TORONTO_EAR83_0083
TORONTO_EAR83_STU00828,TORONTO_EAR83_0093
TORONTO_EAR83_STU00828,TORONTO_EAR83_0137
TORONTO_EAR83_STU00829,TORONTO_EAR83_0009
TORONTO_EAR83_STU00829,TORONTO_EAR83_0020
TORONTO_EAR83_STU00829,TORONTO_EAR83_0031
TORONTO_EAR83_STU00829,TORONTO_EAR83_0039
TORONTO_EAR83_STU00829,TORONTO_EAR83_0062
TORONTO_EAR83_STU00829,TORONTO_EAR83_0087
TORONTO_EAR83_STU00829,TORONTO_EAR83_0093
TORONTO_EAR83_STU00829,TORONTO_EAR83_0137
TORONTO_EAR83_STU00830,TORONTO_EAR83_0020
TORONTO_EAR83_STU00830,TORONTO_EAR83_0039
TORONTO_EAR83_STU00830,TORONTO_EAR83_0083
TORONTO_EAR83_STU00830,TORONTO_EAR83_0117
TORONTO_EAR83_STU00830,TORONTO_EAR83_0137
TORONTO_EAR83_STU00830,TORONTO_EAR83_0151
TORONTO_EAR83_STU00830,TORONTO_EAR83_0157
TORONTO_EAR83_STU00830,TORONTO_EAR83_0180
TORONTO_EAR83_STU00831,TORONTO_EAR83_0008
TORONTO_EAR83_STU00831,TORONTO_EAR83_0015
TORONTO_EAR83_STU00831,TORONTO_EAR83_0019
TORONTO_EAR83_STU00831,TORONTO_EAR83_0031
TORONTO_EAR83_STU00831,TORONTO_EAR83_0038
TORONTO_EAR83_STU00831,TORONTO_EAR83_0081
TORONTO_EAR83_STU00831,TORONTO_EAR83_0136
TORONTO_EAR83_STU00831,TORONTO_EAR83_0157
TORONTO_EAR83_STU00832,TORONTO_EAR83_0013
TORONTO_EAR83_STU00832,TORONTO_EAR83_0020
TORONTO_EAR83_STU00832,TORONTO_EAR83_0039
TORONTO_EAR83_STU00832,TORONTO_EAR83_0062
TORONTO_EAR83_STU00832,TORONTO_EAR83_0083
TORONTO_EAR83_STU00832,TORONTO_EAR83_0116
TORONTO_EAR83_STU00832,TORONTO_EAR83_0137
TORONTO_EAR83_STU00833,TORONTO_EAR83_0020
TORONTO_EAR83_STU00833,TORONTO_EAR83_0052
TORONTO_EAR83_STU00833,TORONTO_EAR83_0062
TORONTO_EAR83_STU00833,TORONTO_EAR83_0083
TORONTO_EAR83_STU00833,TORONTO_EAR83_0117
TORONTO_EAR83_STU00833,TORONTO_EAR83_0137
TORONTO_EAR83_STU00833,TORONTO_EAR83_0147
TORONTO_EAR83_STU00833,TORONTO_EAR83_0176
TORONTO_EAR83_STU00834,TORONTO_EAR83_0017
TORONTO_EAR83_STU00834,TORONTO_EAR83_0020
TORONTO_EAR83_STU00834,TORONTO_EAR83_0052
TORONTO_EAR83_STU00834,TORONTO_EAR83_0062
TORONTO_EAR83_STU00834,TORONTO_EAR83_0083
TORONTO_EAR83_STU00834,TORONTO_EAR83_0117
TORONTO_EAR83_STU00834,TORONTO_EAR83_0137
TORONTO_EAR83_STU00834,TORONTO_EAR83_0180
TORONTO_EAR83_STU00835,TORONTO_EAR83_0003
TORONTO_EAR83_STU00835,TORONTO_EAR83_0009
TORONTO_EAR83_STU00835,TORONTO_EAR83_0020
TORONTO_EAR83_STU00835,TORONTO_EAR83_0039
TORONTO_EAR83_STU00835,TORONTO_EAR83_0062
TORONTO_EAR83_STU00835,TORONTO_EAR83_0083
TORONTO_EAR83_STU00835,TORONTO_EAR83_0137
TORONTO_EAR83_STU00835,TORONTO_EAR83_0157
TORONTO_EAR83_STU00836,TORONTO_EAR83_0013
TORONTO_EAR83_STU00836,TORONTO_EAR83_0017
TORONTO_EAR83_STU00836,TORONTO_EAR83_0020
TORONTO_EAR83_STU00836,TORONTO_EAR83_0052
TORONTO_EAR83_STU00836,TORONTO_EAR83_0062
TORONTO_EAR83_STU00836,TORONTO_EAR83_0083
TORONTO_EAR83_STU00836,TORONTO_EAR83_0116
TORONTO_EAR83_STU00836,TORONTO_EAR83_0137
TORONTO_EAR83_STU00837,TORONTO_EAR83_0020
TORONTO_EAR83_STU00837,TORONTO_EAR83_0052
TORONTO_EAR83_STU00837,TORONTO_EAR83_0062
TORONTO_EAR83_STU00837,TORONTO_EAR83_0083
TORONTO_EAR83_STU00837,TORONTO_EAR83_0093
TORONTO_EAR83_STU00837,TORONTO_EAR83_0116
TORONTO_EAR83_STU00837,TORONTO_EAR83_0137
TORONTO_EAR83_STU00837,TORONTO_EAR83_0182
TORONTO_EAR83_STU00838,TORONTO_EAR83_0020
TORONTO_EAR83_STU00838,TORONTO_EAR83_0052
TORONTO_EAR83_STU00838,TORONTO_EAR83_0062
TORONTO_EAR83_STU00838,TORONTO_EAR83_0083
TORONTO_EAR83_STU00838,TORONTO_EAR83_0117
TORONTO_EAR83_STU00838,TORONTO_EAR83_0137
TORONTO_EAR83_STU00838,TORONTO_EAR83_0147
TORONTO_EAR83_STU00838,TORONTO_EAR83_0151
TORONTO_EAR83_STU00839,TORONTO_EAR83_0013
TORONTO_EAR83_STU00839,TORONTO_EAR83_0017
TORONTO_EAR83_STU00839,TORONTO_EAR83_0020
TORONTO_EAR83_STU00839,TORONTO_EAR83_0039
TORONTO_EAR83_STU00839,TORONTO_EAR83_0062
TORONTO_EAR83_STU00839,TORONTO_EAR83_0081
TORONTO_EAR83_STU00839,TORONTO_EAR83_0116
TORONTO_EAR83_STU00839,TORONTO_EAR83_0137
TORONTO_EAR83_STU00840,TORONTO_EAR83_0009
TORONTO_EAR83_STU00840,TORONTO_EAR83_0020
TORONTO_EAR83_STU00840,TORONTO_EAR83_0052
TORONTO_EAR83_STU00840,TORONTO_EAR83_0072
TORONTO_EAR83_STU00840,TORONTO_EAR83_0083
TORONTO_EAR83_STU00840,TORONTO_EAR83_0117
TORONTO_EAR83_STU00840,TORONTO_EAR83_0137
TORONTO_EAR83_STU00840,TORONTO_EAR83_0157
TORONTO_EAR83_STU00841,TORONTO_EAR83_0003
TORONTO_EAR83_STU00841,TORONTO_EAR83_0008
TORONTO_EAR83_STU00841,TORONTO_EAR83_0015
TORONTO_EAR83_STU00841,TORONTO_EAR83_0020
TORONTO_EAR83_STU00841,TORONTO_EAR83_0031
TORONTO_EAR83_STU00841,TORONTO_EAR83_0083
TORONTO_EAR83_STU00841,TORONTO_EAR83_0137
TORONTO_EAR83_STU00841,TORONTO_EAR83_0182
TORONTO_EAR83_STU00842,TORONTO_EAR83_0009
TORONTO_EAR83_STU00842,TORONTO_EAR83_0020
TORONTO_EAR83_STU00842,TORONTO_EAR83_0052
TORONTO_EAR83_STU00842,TORONTO_EAR83_0062
TORONTO_EAR83_STU00842,TORONTO_EAR83_0083
TORONTO_EAR83_STU00842,TORONTO_EAR83_0117
TORONTO_EAR83_STU00842,TORONTO_EAR83_0137
TORONTO_EAR83_STU00842,TORONTO_EAR83_0153
TORONTO_EAR83_STU00843,TORONTO_EAR83_0009
TORONTO_EAR83_STU00843,TORONTO_EAR83_0020
TORONTO_EAR83_STU00843,TORONTO_EAR83_0039
TORONTO_EAR83_STU00843,TORONTO_EAR83_0083
TORONTO_EAR83_STU00843,TORONTO_EAR83_0117
TORONTO_EAR83_STU00843,TORONTO_EAR83_0137
TORONTO_EAR83_STU00843,TORONTO_EAR83_0150
TORONTO_EAR83_STU00843,TORONTO_EAR83_0153
TORONTO_EAR83_STU00843,TORONTO_EAR83_0177
TORONTO_EAR83_STU00844,TORONTO_EAR83_0009
TORONTO_EAR83_STU00844,TORONTO_EAR83_0020
TORONTO_EAR83_STU00844,TORONTO_EAR83_0039
TORONTO_EAR83_STU00844,TORONTO_EAR83_0083
TORONTO_EAR83_STU00844,TORONTO_EAR83_0117
TORONTO_EAR83_STU00844,TORONTO_EAR83_0137
TORONTO_EAR83_STU00844,TORONTO_EAR83_0151
TORONTO_EAR83_STU00844,TORONTO_EAR83_0153
TORONTO_EAR83_STU00845,TORONTO_EAR83_0009
TORONTO_EAR83_STU00845,TORONTO_EAR83_0020
TORONTO_EAR83_STU00845,TORONTO_EAR83_0052
TORONTO_EAR83_STU00845,TORONTO_EAR83_0062
TORONTO_EAR83_STU00845,TORONTO_EAR83_0083
TORONTO_EAR83_STU00845,TORONTO_EAR83_0117
TORONTO_EAR83_STU00845,TORONTO_EAR83_0137
TORONTO_EAR83_STU00845,TORONTO_EAR83_0153
TORONTO_EAR83_STU00846,TORONTO_EAR83_0009
TORONTO_EAR83_STU00846,TORONTO_EAR83_0020
TORONTO_EAR83_STU00846,TORONTO_EAR83_0052
TORONTO_EAR83_STU00846,TORONTO_EAR83_0062
TORONTO_EAR83_STU00846,TORONTO_EAR83_0083
TORONTO_EAR83_STU00846,TORONTO_EAR83_0137
TORONTO_EAR83_STU00846,TORONTO_EAR83_0153
TORONTO_EAR83_STU00846,TORONTO_EAR83_0157
TORONTO_EAR83_STU00847,TORONTO_EAR83_0019
TORONTO_EAR83_STU00847,TORONTO_EAR83_0038
TORONTO_EAR83_STU00847,TORONTO_EAR83_0083
TORONTO_EAR83_STU00847,TORONTO_EAR83_0117
TORONTO_EAR83_STU00847,TORONTO_EAR83_0136
TORONTO_EAR83_STU00847,TORONTO_EAR83_0151
TORONTO_EAR83_STU00847,TORONTO_EAR83_0153
TORONTO_EAR83_STU00847,TORONTO_EAR83_0176
TORONTO_EAR83_STU00848,TORONTO_EAR83_0008
TORONTO_EAR83_STU00848,TORONTO_EAR83_0015
TORONTO_EAR83_STU00848,TORONTO_EAR83_0019
TORONTO_EAR83_STU00848,TORONTO_EAR83_0038
TORONTO_EAR83_STU00848,TORONTO_EAR83_0081
TORONTO_EAR83_STU00848,TORONTO_EAR83_0116
TORONTO_EAR83_STU00848,TORONTO_EAR83_0136
TORONTO_EAR83_STU00848,TORONTO_EAR83_0182
TORONTO_EAR83_STU00849,TORONTO_EAR83_0009
TORONTO_EAR83_STU00849,TORONTO_EAR83_0020
TORONTO_EAR83_STU00849,TORONTO_EAR83_0052
TORONTO_EAR83_STU00849,TORONTO_EAR83_0062
TORONTO_EAR83_STU00849,TORONTO_EAR83_0083
TORONTO_EAR83_STU00849,TORONTO_EAR83_0117
TORONTO_EAR83_STU00849,TORONTO_EAR83_0137
TORONTO_EAR83_STU00849,TORONTO_EAR83_0153
TORONTO_EAR83_STU00850,TORONTO_EAR83_0008
TORONTO_EAR83_STU00850,TORONTO_EAR83_0015
TORONTO_EAR83_STU00850,TORONTO_EAR83_0019
TORONTO_EAR83_STU00850,TORONTO_EAR83_0031
TORONTO_EAR83_STU00850,TORONTO_EAR83_0050
TORONTO_EAR83_STU00850,TORONTO_EAR83_0081
TORONTO_EAR83_STU00850,TORONTO_EAR83_0116
TORONTO_EAR83_STU00850,TORONTO_EAR83_0136
TORONTO_EAR83_STU00851,TORONTO_EAR83_0008
TORONTO_EAR83_STU00851,TORONTO_EAR83_0015
TORONTO_EAR83_STU00851,TORONTO_EAR83_0019
TORONTO_EAR83_STU00851,TORONTO_EAR83_0038
TORONTO_EAR83_STU00851,TORONTO_EAR83_0081
TORONTO_EAR83_STU00851,TORONTO_EAR83_0136
TORONTO_EAR83_STU00851,TORONTO_EAR83_0157
TORONTO_EAR83_STU00851,TORONTO_EAR83_0182
TORONTO_EAR83_STU00852,TORONTO_EAR83_0009
TORONTO_EAR83_STU00852,TORONTO_EAR83_0020
TORONTO_EAR83_STU00852,TORONTO_EAR83_0039
TORONTO_EAR83_STU00852,TORONTO_EAR83_0083
TORONTO_EAR83_STU00852,TORONTO_EAR83_0117
TORONTO_EAR83_STU00852,TORONTO_EAR83_0147
TORONTO_EAR83_STU00852,TORONTO_EAR83_0151
TORONTO_EAR83_STU00852,TORONTO_EAR83_0168
TORONTO_EAR83_STU00853,TORONTO_EAR83_0008
TORONTO_EAR83_STU00853,TORONTO_EAR83_0015
TORONTO_EAR83_STU00853,TORONTO_EAR83_0019
TORONTO_EAR83_STU00853,TORONTO_EAR83_0031
TORONTO_EAR83_STU00853,TORONTO_EAR83_0038
TORONTO_EAR83_STU00853,TORONTO_EAR83_0081
TORONTO_EAR83_STU00853,TORONTO_EAR83_0136
TORONTO_EAR83_STU00853,TORONTO_EAR83_0157
TORONTO_EAR83_STU00854,TORONTO_EAR83_0003
TORONTO_EAR83_STU00854,TORONTO_EAR83_0009
TORONTO_EAR83_STU00854,TORONTO_EAR83_0017
TORONTO_EAR83_STU00854,TORONTO_EAR83_0019
TORONTO_EAR83_STU00854,TORONTO_EAR83_0031
TORONTO_EAR83_STU00854,TORONTO_EAR83_0081
TORONTO_EAR83_STU00854,TORONTO_EAR83_0116
TORONTO_EAR83_STU00854,TORONTO_EAR83_0157
TORONTO_EAR83_STU00855,TORONTO_EAR83_0001
TORONTO_EAR83_STU00855,TORONTO_EAR83_0008
TORONTO_EAR83_STU00855,TORONTO_EAR83_0015
TORONTO_EAR83_STU00855,TORONTO_EAR83_0019
TORONTO_EAR83_STU00855,TORONTO_EAR83_0031
TORONTO_EAR83_STU00855,TORONTO_EAR83_0050
TORONTO_EAR83_STU00855,TORONTO_EAR83_0081
TORONTO_EAR83_STU00855,TORONTO_EAR83_0136
TORONTO_EAR83_STU00856,TORONTO_EAR83_0009
TORONTO_EAR83_STU00856,TORONTO_EAR83_0017
TORONTO_EAR83_STU00856,TORONTO_EAR83_0019
TORONTO_EAR83_STU00856,TORONTO_EAR83_0050
TORONTO_EAR83_STU00856,TORONTO_EAR83_0083
TORONTO_EAR83_STU00856,TORONTO_EAR83_0116
TORONTO_EAR83_STU00856,TORONTO_EAR83_0136
TORONTO_EAR83_STU00856,TORONTO_EAR83_0182
TORONTO_EAR83_STU00857,TORONTO_EAR83_0008
TORONTO_EAR83_STU00857,TORONTO_EAR83_0019
TORONTO_EAR83_STU00857,TORONTO_EAR83_0038
TORONTO_EAR83_STU00857,TORONTO_EAR83_0081
TORONTO_EAR83_STU00857,TORONTO_EAR83_0117
TORONTO_EAR83_STU00857,TORONTO_EAR83_0136
TORONTO_EAR83_STU00857,TORONTO_EAR83_0144
TORONTO_EAR83_STU00857,TORONTO_EAR83_0150
TORONTO_EAR83_STU00857,TORONTO_EAR83_0152
TORONTO_EAR83_STU00857,TORONTO_EAR83_0173
TORONTO_EAR83_STU00858,TORONTO_EAR83_0009
TORONTO_EAR83_STU00858,TORONTO_EAR83_0020
TORONTO_EAR83_STU00858,TORONTO_EAR83_0039
TORONTO_EAR83_STU00858,TORONTO_EAR83_0062
TORONTO_EAR83_STU00858,TORONTO_EAR83_0083
TORONTO_EAR83_STU00858,TORONTO_EAR83_0097
TORONTO_EAR83_STU00858,TORONTO_EAR83_0116
TORONTO_EAR83_STU00858,TORONTO_EAR83_0137
TORONTO_EAR83_STU00859,TORONTO_EAR83_0003
TORONTO_EAR83_STU00859,TORONTO_EAR83_0020
TORONTO_EAR83_STU00859,TORONTO_EAR83_0052
TORONTO_EAR83_STU00859,TORONTO_EAR83_0062
TORONTO_EAR83_STU00859,TORONTO_EAR83_0083
TORONTO_EAR83_STU00859,TORONTO_EAR83_0116
TORONTO_EAR83_STU00859,TORONTO_EAR83_0137
TORONTO_EAR83_STU00859,TORONTO_EAR83_0182
TORONTO_EAR83_STU00860,TORONTO_EAR83_0009
TORONTO_EAR83_STU00860,TORONTO_EAR83_0020
TORONTO_EAR83_STU00860,TORONTO_EAR83_0052
TORONTO_EAR83_STU00860,TORONTO_EAR83_0062
TORONTO_EAR83_STU00860,TORONTO_EAR83_0083
TORONTO_EAR83_STU00860,TORONTO_EAR83_0117
TORONTO_EAR83_STU00860,TORONTO_EAR83_0137
TORONTO_EAR83_STU00860,TORONTO_EAR83_0153
TORONTO_EAR83_STU00861,TORONTO_EAR83_0008
TORONTO_EAR83_STU00861,TORONTO_EAR83_0013
TORONTO_EAR83_STU00861,TORONTO_EAR83_0015
TORONTO_EAR83_STU00861,TORONTO_EAR83_0020
TORONTO_EAR83_STU00861,TORONTO_EAR83_0052
TORONTO_EAR83_STU00861,TORONTO_EAR83_0062
TORONTO_EAR83_STU00861,TORONTO_EAR83_0081
TORONTO_EAR83_STU00861,TORONTO_EAR83_0154
TORONTO_EAR83_STU00862,TORONTO_EAR83_0017
TORONTO_EAR83_STU00862,TORONTO_EAR83_0020
TORONTO_EAR83_STU00862,TORONTO_EAR83_0052
TORONTO_EAR83_STU00862,TORONTO_EAR83_0062
TORONTO_EAR83_STU00862,TORONTO_EAR83_0083
TORONTO_EAR83_STU00862,TORONTO_EAR83_0092
TORONTO_EAR83_STU00862,TORONTO_EAR83_0116
TORONTO_EAR83_STU00862,TORONTO_EAR83_0137
TORONTO_EAR83_STU00863,TORONTO_EAR83_0008
TORONTO_EAR83_STU00863,TORONTO_EAR83_0014
TORONTO_EAR83_STU00863,TORONTO_EAR83_0020
TORONTO_EAR83_STU00863,TORONTO_EAR83_0031
TORONTO_EAR83_STU00863,TORONTO_EAR83_0039
TORONTO_EAR83_STU00863,TORONTO_EAR83_0062
TORONTO_EAR83_STU00863,TORONTO_EAR83_0083
TORONTO_EAR83_STU00863,TORONTO_EAR83_0137
TORONTO_EAR83_STU00864,TORONTO_EAR83_0001
TORONTO_EAR83_STU00864,TORONTO_EAR83_0009
TORONTO_EAR83_STU00864,TORONTO_EAR83_0020
TORONTO_EAR83_STU00864,TORONTO_EAR83_0052
TORONTO_EAR83_STU00864,TORONTO_EAR83_0062
TORONTO_EAR83_STU00864,TORONTO_EAR83_0083
TORONTO_EAR83_STU00864,TORONTO_EAR83_0117
TORONTO_EAR83_STU00864,TORONTO_EAR83_0137
TORONTO_EAR83_STU00865,TORONTO_EAR83_0009
TORONTO_EAR83_STU00865,TORONTO_EAR83_0020
TORONTO_EAR83_STU00865,TORONTO_EAR83_0052
TORONTO_EAR83_STU00865,TORONTO_EAR83_0062
TORONTO_EAR83_STU00865,TORONTO_EAR83_0083
TORONTO_EAR83_STU00865,TORONTO_EAR83_0117
TORONTO_EAR83_STU00865,TORONTO_EAR83_0137
TORONTO_EAR83_STU00865,TORONTO_EAR83_0153
TORONTO_EAR83_STU00866,TORONTO_EAR83_0003
TORONTO_EAR83_STU00866,TORONTO_EAR83_0009
TORONTO_EAR83_STU00866,TORONTO_EAR83_0020
TORONTO_EAR83_STU00866,TORONTO_EAR83_0052
TORONTO_EAR83_STU00866,TORONTO_EAR83_0062
TORONTO_EAR83_STU00866,TORONTO_EAR83_0083
TORONTO_EAR83_STU00866,TORONTO_EAR83_0117
TORONTO_EAR83_STU00866,TORONTO_EAR83_0137
TORONTO_EAR83_STU00867,TORONTO_EAR83_0009
TORONTO_EAR83_STU00867,TORONTO_EAR83_0020
TORONTO_EAR83_STU00867,TORONTO_EAR83_0052
TORONTO_EAR83_STU00867,TORONTO_EAR83_0062
TORONTO_EAR83_STU00867,TORONTO_EAR83_0083
TORONTO_EAR83_STU00867,TORONTO_EAR83_0117
TORONTO_EAR83_STU00867,TORONTO_EAR83_0137
TORONTO_EAR83_STU00867,TORONTO_EAR83_0151
TORONTO_EAR83_STU00868,TORONTO_EAR83_0001
TORONTO_EAR83_STU00868,TORONTO_EAR83_0009
TORONTO_EAR83_STU00868,TORONTO_EAR83_0020
TORONTO_EAR83_STU00868,TORONTO_EAR83_0039
TORONTO_EAR83_STU00868,TORONTO_EAR83_0062
TORONTO_EAR83_STU00868,TORONTO_EAR83_0072
TORONTO_EAR83_STU00868,TORONTO_EAR83_0083
TORONTO_EAR83_STU00868,TORONTO_EAR83_0137
TORONTO_EAR83_STU00869,TORONTO_EAR83_0015
TORONTO_EAR83_STU00869,TORONTO_EAR83_0020
TORONTO_EAR83_STU00869,TORONTO_EAR83_0052
TORONTO_EAR83_STU00869,TORONTO_EAR83_0062
TORONTO_EAR83_STU00869,TORONTO_EAR83_0083
TORONTO_EAR83_STU00869,TORONTO_EAR83_0117
TORONTO_EAR83_STU00869,TORONTO_EAR83_0137
TORONTO_EAR83_STU00869,TORONTO_EAR83_0151
TORONTO_EAR83_STU00870,TORONTO_EAR83_0009
TORONTO_EAR83_STU00870,TORONTO_EAR83_0020
TORONTO_EAR83_STU00870,TORONTO_EAR83_0039
TORONTO_EAR83_STU00870,TORONTO_EAR83_0062
TORONTO_EAR83_STU00870,TORONTO_EAR83_0083
TORONTO_EAR83_STU00870,TORONTO_EAR83_0116
TORONTO_EAR83_STU00870,TORONTO_EAR83_0137
TORONTO_EAR83_STU00870,TORONTO_EAR83_0182
TORONTO_EAR83_STU00871,TORONTO_EAR83_0009
TORONTO_EAR83_STU00871,TORONTO_EAR83_0020
TORONTO_EAR83_STU00871,TORONTO_EAR83_0039
TORONTO_EAR83_STU00871,TORONTO_EAR83_0083
TORONTO_EAR83_STU00871,TORONTO_EAR83_0117
TORONTO_EAR83_STU00871,TORONTO_EAR83_0137
TORONTO_EAR83_STU00871,TORONTO_EAR83_0147
TORONTO_EAR83_STU00871,TORONTO_EAR83_0168
TORONTO_EAR83_STU00872,TORONTO_EAR83_0003
TORONTO_EAR83_STU00872,TORONTO_EAR83_0009
TORONTO_EAR83_STU00872,TORONTO_EAR83_0020
TORONTO_EAR83_STU00872,TORONTO_EAR83_0039
TORONTO_EAR83_STU00872,TORONTO_EAR83_0062
TORONTO_EAR83_STU00872,TORONTO_EAR83_0083
TORONTO_EAR83_STU00872,TORONTO_EAR83_0116
TORONTO_EAR83_STU00872,TORONTO_EAR83_0137
TORONTO_EAR83_STU00873,TORONTO_EAR83_0017
TORONTO_EAR83_STU00873,TORONTO_EAR83_0020
TORONTO_EAR83_STU00873,TORONTO_EAR83_0039
TORONTO_EAR83_STU00873,TORONTO_EAR83_0062
TORONTO_EAR83_STU00873,TORONTO_EAR83_0083
TORONTO_EAR83_STU00873,TORONTO_EAR83_0116
TORONTO_EAR83_STU00873,TORONTO_EAR83_0137
TORONTO_EAR83_STU00873,TORONTO_EAR83_0147
TORONTO_EAR83_STU00874,TORONTO_EAR83_0020
TORONTO_EAR83_STU00874,TORONTO_EAR83_0039
TORONTO_EAR83_STU00874,TORONTO_EAR83_0062
TORONTO_EAR83_STU00874,TORONTO_EAR83_0083
TORONTO_EAR83_STU00874,TORONTO_EAR83_0117
TORONTO_EAR83_STU00874,TORONTO_EAR83_0137
TORONTO_EAR83_STU00874,TORONTO_EAR83_0147
TORONTO_EAR83_STU00874,TORONTO_EAR83_0182
TORONTO_EAR83_STU00875,TORONTO_EAR83_0014
TORONTO_EAR83_STU00875,TORONTO_EAR83_0020
TORONTO_EAR83_STU00875,TORONTO_EAR83_0031
TORONTO_EAR83_STU00875,TORONTO_EAR83_0039
TORONTO_EAR83_STU00875,TORONTO_EAR83_0062
TORONTO_EAR83_STU00875,TORONTO_EAR83_0083
TORONTO_EAR83_STU00875,TORONTO_EAR83_0116
TORONTO_EAR83_STU00875,TORONTO_EAR83_0137
TORONTO_EAR83_STU00876,TORONTO_EAR83_0020
TORONTO_EAR83_STU00876,TORONTO_EAR83_0031
TORONTO_EAR83_STU00876,TORONTO_EAR83_0052
TORONTO_EAR83_STU00876,TORONTO_EAR83_0062
TORONTO_EAR83_STU00876,TORONTO_EAR83_0083
TORONTO_EAR83_STU00876,TORONTO_EAR83_0097
TORONTO_EAR83_STU00876,TORONTO_EAR83_0116
TORONTO_EAR83_STU00876,TORONTO_EAR83_0137
TORONTO_EAR83_STU00877,TORONTO_EAR83_0020
TORONTO_EAR83_STU00877,TORONTO_EAR83_0039
TORONTO_EAR83_STU00877,TORONTO_EAR83_0062
TORONTO_EAR83_STU00877,TORONTO_EAR83_0083
TORONTO_EAR83_STU00877,TORONTO_EAR83_0097
TORONTO_EAR83_STU00877,TORONTO_EAR83_0116
TORONTO_EAR83_STU00877,TORONTO_EAR83_0137
TORONTO_EAR83_STU00877,TORONTO_EAR83_0182
TORONTO_EAR83_STU00878,TORONTO_EAR83_0017
TORONTO_EAR83_STU00878,TORONTO_EAR83_0020
TORONTO_EAR83_STU00878,TORONTO_EAR83_0039
TORONTO_EAR83_STU00878,TORONTO_EAR83_0062
TORONTO_EAR83_STU00878,TORONTO_EAR83_0083
TORONTO_EAR83_STU00878,TORONTO_EAR83_0093
TORONTO_EAR83_STU00878,TORONTO_EAR83_0116
TORONTO_EAR83_STU00878,TORONTO_EAR83_0137
TORONTO_EAR83_STU00879,TORONTO_EAR83_0017
TORONTO_EAR83_STU00879,TORONTO_EAR83_0020
TORONTO_EAR83_STU00879,TORONTO_EAR83_0039
TORONTO_EAR83_STU00879,TORONTO_EAR83_0062
TORONTO_EAR83_STU00879,TORONTO_EAR83_0072
TORONTO_EAR83_STU00879,TORONTO_EAR83_0083
TORONTO_EAR83_STU00879,TORONTO_EAR83_0116
TORONTO_EAR83_STU00879,TORONTO_EAR83_0137
TORONTO_EAR83_STU00880,TORONTO_EAR83_0015
TORONTO_EAR83_STU00880,TORONTO_EAR83_0020
TORONTO_EAR83_STU00880,TORONTO_EAR83_0039
TORONTO_EAR83_STU00880,TORONTO_EAR83_0062
TORONTO_EAR83_STU00880,TORONTO_EAR83_0083
TORONTO_EAR83_STU00880,TORONTO_EAR83_0093
TORONTO_EAR83_STU00880,TORONTO_EAR83_0116
TORONTO_EAR83_STU00880,TORONTO_EAR83_0137
TORONTO_EAR83_STU00881,TORONTO_EAR83_0009
TORONTO_EAR83_STU00881,TORONTO_EAR83_0020
TORONTO_EAR83_STU00881,TORONTO_EAR83_0039
TORONTO_EAR83_STU00881,TORONTO_EAR83_0062
TORONTO_EAR83_STU00881,TORONTO_EAR83_0083
TORONTO_EAR83_STU00881,TORONTO_EAR83_0093
TORONTO_EAR83_STU00881,TORONTO_EAR83_0117
TORONTO_EAR83_STU00881,TORONTO_EAR83_0137
TORONTO_EAR83_STU00882,TORONTO_EAR83_0005
TORONTO_EAR83_STU00882,TORONTO_EAR83_0024
TORONTO_EAR83_STU00882,TORONTO_EAR83_0087
TORONTO_EAR83_STU00882,TORONTO_EAR83_0121
TORONTO_EAR83_STU00882,TORONTO_EAR83_0127
TORONTO_EAR83_STU00882,TORONTO_EAR83_0131
TORONTO_EAR83_STU00882,TORONTO_EAR83_0142
TORONTO_EAR83_STU00882,TORONTO_EAR83_0170
TORONTO_EAR83_STU00883,TORONTO_EAR83_0013
TORONTO_EAR83_STU00883,TORONTO_EAR83_0024
TORONTO_EAR83_STU00883,TORONTO_EAR83_0045
TORONTO_EAR83_STU00883,TORONTO_EAR83_0087
TORONTO_EAR83_STU00883,TORONTO_EAR83_0121
TORONTO_EAR83_STU00883,TORONTO_EAR83_0127
TORONTO_EAR83_STU00883,TORONTO_EAR83_0137
TORONTO_EAR83_STU00883,TORONTO_EAR83_0161
TORONTO_EAR83_STU00884,TORONTO_EAR83_0011
TORONTO_EAR83_STU00884,TORONTO_EAR83_0020
TORONTO_EAR83_STU00884,TORONTO_EAR83_0047
TORONTO_EAR83_STU00884,TORONTO_EAR83_0073
TORONTO_EAR83_STU00884,TORONTO_EAR83_0083
TORONTO_EAR83_STU00884,TORONTO_EAR83_0121
TORONTO_EAR83_STU00884,TORONTO_EAR83_0127
TORONTO_EAR83_STU00884,TORONTO_EAR83_0137
TORONTO_EAR83_STU00885,TORONTO_EAR83_0024
TORONTO_EAR83_STU00885,TORONTO_EAR83_0047
TORONTO_EAR83_STU00885,TORONTO_EAR83_0064
TORONTO_EAR83_STU00885,TORONTO_EAR83_0081
TORONTO_EAR83_STU00885,TORONTO_EAR83_0098
TORONTO_EAR83_STU00885,TORONTO_EAR83_0120
TORONTO_EAR83_STU00885,TORONTO_EAR83_0127
TORONTO_EAR83_STU00885,TORONTO_EAR83_0139
TORONTO_EAR83_STU00886,TORONTO_EAR83_0024
TORONTO_EAR83_STU00886,TORONTO_EAR83_0045
TORONTO_EAR83_STU00886,TORONTO_EAR83_0059
TORONTO_EAR83_STU00886,TORONTO_EAR83_0064
TORONTO_EAR83_STU00886,TORONTO_EAR83_0087
TORONTO_EAR83_STU00886,TORONTO_EAR83_0121
TORONTO_EAR83_STU00886,TORONTO_EAR83_0127
TORONTO_EAR83_STU00886,TORONTO_EAR83_0142
TORONTO_EAR83_STU00887,TORONTO_EAR83_0024
TORONTO_EAR83_STU00887,TORONTO_EAR83_0045
TORONTO_EAR83_STU00887,TORONTO_EAR83_0064
TORONTO_EAR83_STU00887,TORONTO_EAR83_0087
TORONTO_EAR83_STU00887,TORONTO_EAR83_0098
TORONTO_EAR83_STU00887,TORONTO_EAR83_0120
TORONTO_EAR83_STU00887,TORONTO_EAR83_0127
TORONTO_EAR83_STU00887,TORONTO_EAR83_0142
TORONTO_EAR83_STU00888,TORONTO_EAR83_0003
TORONTO_EAR83_STU00888,TORONTO_EAR83_0012
TORONTO_EAR83_STU00888,TORONTO_EAR83_0024
TORONTO_EAR83_STU00888,TORONTO_EAR83_0032
TORONTO_EAR83_STU00888,TORONTO_EAR83_0047
TORONTO_EAR83_STU00888,TORONTO_EAR83_0086
TORONTO_EAR83_STU00888,TORONTO_EAR83_0126
TORONTO_EAR83_STU00889,TORONTO_EAR83_0010
TORONTO_EAR83_STU00889,TORONTO_EAR83_0024
TORONTO_EAR83_STU00889,TORONTO_EAR83_0045
TORONTO_EAR83_STU00889,TORONTO_EAR83_0064
TORONTO_EAR83_STU00889,TORONTO_EAR83_0090
TORONTO_EAR83_STU00889,TORONTO_EAR83_0131
TORONTO_EAR83_STU00889,TORONTO_EAR83_0142
TORONTO_EAR83_STU00889,TORONTO_EAR83_0180
TORONTO_EAR83_STU00890,TORONTO_EAR83_0011
TORONTO_EAR83_STU00890,TORONTO_EAR83_0024
TORONTO_EAR83_STU00890,TORONTO_EAR83_0047
TORONTO_EAR83_STU00890,TORONTO_EAR83_0087
TORONTO_EAR83_STU00890,TORONTO_EAR83_0127
TORONTO_EAR83_STU00890,TORONTO_EAR83_0131
TORONTO_EAR83_STU00890,TORONTO_EAR83_0139
TORONTO_EAR83_STU00890,TORONTO_EAR83_0157
TORONTO_EAR83_STU00891,TORONTO_EAR83_0024
TORONTO_EAR83_STU00891,TORONTO_EAR83_0047
TORONTO_EAR83_STU00891,TORONTO_EAR83_0064
TORONTO_EAR83_STU00891,TORONTO_EAR83_0087
TORONTO_EAR83_STU00891,TORONTO_EAR83_0120
TORONTO_EAR83_STU00891,TORONTO_EAR83_0127
TORONTO_EAR83_STU00891,TORONTO_EAR83_0157
TORONTO_EAR83_STU00891,TORONTO_EAR83_0185
TORONTO_EAR83_STU00892,TORONTO_EAR83_0024
TORONTO_EAR83_STU00892,TORONTO_EAR83_0059
TORONTO_EAR83_STU00892,TORONTO_EAR83_0083
TORONTO_EAR83_STU00892,TORONTO_EAR83_0120
TORONTO_EAR83_STU00892,TORONTO_EAR83_0127
TORONTO_EAR83_STU00892,TORONTO_EAR83_0142
TORONTO_EAR83_STU00892,TORONTO_EAR83_0157
TORONTO_EAR83_STU00893,TORONTO_EAR83_0010
TORONTO_EAR83_STU00893,TORONTO_EAR83_0024
TORONTO_EAR83_STU00893,TORONTO_EAR83_0045
TORONTO_EAR83_STU00893,TORONTO_EAR83_0064
TORONTO_EAR83_STU00893,TORONTO_EAR83_0090
TORONTO_EAR83_STU00893,TORONTO_EAR83_0120
TORONTO_EAR83_STU00893,TORONTO_EAR83_0131
TORONTO_EAR83_STU00893,TORONTO_EAR83_0142
TORONTO_EAR83_STU00894,TORONTO_EAR83_0011
TORONTO_EAR83_STU00894,TORONTO_EAR83_0024
TORONTO_EAR83_STU00894,TORONTO_EAR83_0045
TORONTO_EAR83_STU00894,TORONTO_EAR83_0087
TORONTO_EAR83_STU00894,TORONTO_EAR83_0127
TORONTO_EAR83_STU00894,TORONTO_EAR83_0131
TORONTO_EAR83_STU00894,TORONTO_EAR83_0139
TORONTO_EAR83_STU00894,TORONTO_EAR83_0142
TORONTO_EAR83_STU00895,TORONTO_EAR83_0005
TORONTO_EAR83_STU00895,TORONTO_EAR83_0009
TORONTO_EAR83_STU00895,TORONTO_EAR83_0011
TORONTO_EAR83_STU00895,TORONTO_EAR83_0020
TORONTO_EAR83_STU00895,TORONTO_EAR83_0045
TORONTO_EAR83_STU00895,TORONTO_EAR83_0083
TORONTO_EAR83_STU00895,TORONTO_EAR83_0121
TORONTO_EAR83_STU00895,TORONTO_EAR83_0131
TORONTO_EAR83_STU00896,TORONTO_EAR83_0024
TORONTO_EAR83_STU00896,TORONTO_EAR83_0047
TORONTO_EAR83_STU00896,TORONTO_EAR83_0064
TORONTO_EAR83_STU00896,TORONTO_EAR83_0086
TORONTO_EAR83_STU00896,TORONTO_EAR83_0120
TORONTO_EAR83_STU00896,TORONTO_EAR83_0127
TORONTO_EAR83_STU00896,TORONTO_EAR83_0161
TORONTO_EAR83_STU00897,TORONTO_EAR83_0010
TORONTO_EAR83_STU00897,TORONTO_EAR83_0024
TORONTO_EAR83_STU00897,TORONTO_EAR83_0045
TORONTO_EAR83_STU00897,TORONTO_EAR83_0065
TORONTO_EAR83_STU00897,TORONTO_EAR83_0087
TORONTO_EAR83_STU00897,TORONTO_EAR83_0121
TORONTO_EAR83_STU00897,TORONTO_EAR83_0127
TORONTO_EAR83_STU00897,TORONTO_EAR83_0131
TORONTO_EAR83_STU00898,TORONTO_EAR83_0011
TORONTO_EAR83_STU00898,TORONTO_EAR83_0013
TORONTO_EAR83_STU00898,TORONTO_EAR83_0024
TORONTO_EAR83_STU00898,TORONTO_EAR83_0047
TORONTO_EAR83_STU00898,TORONTO_EAR83_0064
TORONTO_EAR83_STU00898,TORONTO_EAR83_0087
TORONTO_EAR83_STU00898,TORONTO_EAR83_0127
TORONTO_EAR83_STU00898,TORONTO_EAR83_0131
TORONTO_EAR83_STU00899,TORONTO_EAR83_0003
TORONTO_EAR83_STU00899,TORONTO_EAR83_0011
TORONTO_EAR83_STU00899,TORONTO_EAR83_0024
TORONTO_EAR83_STU00899,TORONTO_EAR83_0065
TORONTO_EAR83_STU00899,TORONTO_EAR83_0073
TORONTO_EAR83_STU00899,TORONTO_EAR83_0087
TORONTO_EAR83_STU00899,TORONTO_EAR83_0120
TORONTO_EAR83_STU00899,TORONTO_EAR83_0127
TORONTO_EAR83_STU00900,TORONTO_EAR83_0009
TORONTO_EAR83_STU00900,TORONTO_EAR83_0024
TORONTO_EAR83_STU00900,TORONTO_EAR83_0047
TORONTO_EAR83_STU00900,TORONTO_EAR83_0065
TORONTO_EAR83_STU00900,TORONTO_EAR83_0087
TORONTO_EAR83_STU00900,TORONTO_EAR83_0127
TORONTO_EAR83_STU00900,TORONTO_EAR83_0142
TORONTO_EAR83_STU00901,TORONTO_EAR83_0009
TORONTO_EAR83_STU00901,TORONTO_EAR83_0024
TORONTO_EAR83_STU00901,TORONTO_EAR83_0064
TORONTO_EAR83_STU00901,TORONTO_EAR83_0073
TORONTO_EAR83_STU00901,TORONTO_EAR83_0087
TORONTO_EAR83_STU00901,TORONTO_EAR83_0120
TORONTO_EAR83_STU00901,TORONTO_EAR83_0127
TORONTO_EAR83_STU00902,TORONTO_EAR83_0003
TORONTO_EAR83_STU00902,TORONTO_EAR83_0024
TORONTO_EAR83_STU00902,TORONTO_EAR83_0045
TORONTO_EAR83_STU00902,TORONTO_EAR83_0064
TORONTO_EAR83_STU00902,TORONTO_EAR83_0087
TORONTO_EAR83_STU00902,TORONTO_EAR83_0121
TORONTO_EAR83_STU00902,TORONTO_EAR83_0127
TORONTO_EAR83_STU00902,TORONTO_EAR83_0131
TORONTO_EAR83_STU00903,TORONTO_EAR83_0010
TORONTO_EAR83_STU00903,TORONTO_EAR83_0024
TORONTO_EAR83_STU00903,TORONTO_EAR83_0047
TORONTO_EAR83_STU00903,TORONTO_EAR83_0064
TORONTO_EAR83_STU00903,TORONTO_EAR83_0090
TORONTO_EAR83_STU00903,TORONTO_EAR83_0127
TORONTO_EAR83_STU00903,TORONTO_EAR83_0131
TORONTO_EAR83_STU00903,TORONTO_EAR83_0148
TORONTO_EAR83_STU00904,TORONTO_EAR83_0003
TORONTO_EAR83_STU00904,TORONTO_EAR83_0006
TORONTO_EAR83_STU00904,TORONTO_EAR83_0014
TORONTO_EAR83_STU00904,TORONTO_EAR83_0024
TORONTO_EAR83_STU00904,TORONTO_EAR83_0064
TORONTO_EAR83_STU00904,TORONTO_EAR83_0087
TORONTO_EAR83_STU00904,TORONTO_EAR83_0126
TORONTO_EAR83_STU00905,TORONTO_EAR83_0024
TORONTO_EAR83_STU00905,TORONTO_EAR83_0047
TORONTO_EAR83_STU00905,TORONTO_EAR83_0064
TORONTO_EAR83_STU00905,TORONTO_EAR83_0087
TORONTO_EAR83_STU00905,TORONTO_EAR83_0120
TORONTO_EAR83_STU00905,TORONTO_EAR83_0127
TORONTO_EAR83_STU00905,TORONTO_EAR83_0142
TORONTO_EAR83_STU00906,TORONTO_EAR83_0012
TORONTO_EAR83_STU00906,TORONTO_EAR83_0024
TORONTO_EAR83_STU00906,TORONTO_EAR83_0047
TORONTO_EAR83_STU00906,TORONTO_EAR83_0062
TORONTO_EAR83_STU00906,TORONTO_EAR83_0083
TORONTO_EAR83_STU00906,TORONTO_EAR83_0121
TORONTO_EAR83_STU00906,TORONTO_EAR83_0131
TORONTO_EAR83_STU00906,TORONTO_EAR83_0151
TORONTO_EAR83_STU00907,TORONTO_EAR83_0003
TORONTO_EAR83_STU00907,TORONTO_EAR83_0009
TORONTO_EAR83_STU00907,TORONTO_EAR83_0013
TORONTO_EAR83_STU00907,TORONTO_EAR83_0024
TORONTO_EAR83_STU00907,TORONTO_EAR83_0045
TORONTO_EAR83_STU00907,TORONTO_EAR83_0064
TORONTO_EAR83_STU00907,TORONTO_EAR83_0090
TORONTO_EAR83_STU00907,TORONTO_EAR83_0142
TORONTO_EAR83_STU00908,TORONTO_EAR83_0003
TORONTO_EAR83_STU00908,TORONTO_EAR83_0006
TORONTO_EAR83_STU00908,TORONTO_EAR83_0009
TORONTO_EAR83_STU00908,TORONTO_EAR83_0014
TORONTO_EAR83_STU00908,TORONTO_EAR83_0024
TORONTO_EAR83_STU00908,TORONTO_EAR83_0032
TORONTO_EAR83_STU00908,TORONTO_EAR83_0087
TORONTO_EAR83_STU00908,TORONTO_EAR83_0098
TORONTO_EAR83_STU00909,TORONTO_EAR83_0003
TORONTO_EAR83_STU00909,TORONTO_EAR83_0024
TORONTO_EAR83_STU00909,TORONTO_EAR83_0047
TORONTO_EAR83_STU00909,TORONTO_EAR83_0087
TORONTO_EAR83_STU00909,TORONTO_EAR83_0120
TORONTO_EAR83_STU00909,TORONTO_EAR83_0147
TORONTO_EAR83_STU00909,TORONTO_EAR83_0180
TORONTO_EAR83_STU00910,TORONTO_EAR83_0006
TORONTO_EAR83_STU00910,TORONTO_EAR83_0019
TORONTO_EAR83_STU00910,TORONTO_EAR83_0033
TORONTO_EAR83_STU00910,TORONTO_EAR83_0045
TORONTO_EAR83_STU00910,TORONTO_EAR83_0086
TORONTO_EAR83_STU00910,TORONTO_EAR83_0136
TORONTO_EAR83_STU00910,TORONTO_EAR83_0147
TORONTO_EAR83_STU00910,TORONTO_EAR83_0166
TORONTO_EAR83_STU00911,TORONTO_EAR83_0003
TORONTO_EAR83_STU00911,TORONTO_EAR83_0024
TORONTO_EAR83_STU00911,TORONTO_EAR83_0060
TORONTO_EAR83_STU00911,TORONTO_EAR83_0064
TORONTO_EAR83_STU00911,TORONTO_EAR83_0073
TORONTO_EAR83_STU00911,TORONTO_EAR83_0090
TORONTO_EAR83_STU00911,TORONTO_EAR83_0127
TORONTO_EAR83_STU00911,TORONTO_EAR83_0131
TORONTO_EAR83_STU00912,TORONTO_EAR83_0024
TORONTO_EAR83_STU00912,TORONTO_EAR83_0047
TORONTO_EAR83_STU00912,TORONTO_EAR83_0064
TORONTO_EAR83_STU00912,TORONTO_EAR83_0087
TORONTO_EAR83_STU00912,TORONTO_EAR83_0095
TORONTO_EAR83_STU00912,TORONTO_EAR83_0120
TORONTO_EAR83_STU00912,TORONTO_EAR83_0126
TORONTO_EAR83_STU00912,TORONTO_EAR83_0142
TORONTO_EAR83_STU00913,TORONTO_EAR83_0011
TORONTO_EAR83_STU00913,TORONTO_EAR83_0012
TORONTO_EAR83_STU00913,TORONTO_EAR83_0024
TORONTO_EAR83_STU00913,TORONTO_EAR83_0055
TORONTO_EAR83_STU00913,TORONTO_EAR83_0064
TORONTO_EAR83_STU00913,TORONTO_EAR83_0087
TORONTO_EAR83_STU00913,TORONTO_EAR83_0120
TORONTO_EAR83_STU00914,TORONTO_EAR83_0024
TORONTO_EAR83_STU00914,TORONTO_EAR83_0045
TORONTO_EAR83_STU00914,TORONTO_EAR83_0059
TORONTO_EAR83_STU00914,TORONTO_EAR83_0064
TORONTO_EAR83_STU00914,TORONTO_EAR83_0083
TORONTO_EAR83_STU00914,TORONTO_EAR83_0120
TORONTO_EAR83_STU00914,TORONTO_EAR83_0137
TORONTO_EAR83_STU00914,TORONTO_EAR83_0161
TORONTO_EAR83_STU00915,TORONTO_EAR83_0013
TORONTO_EAR83_STU00915,TORONTO_EAR83_0024
TORONTO_EAR83_STU00915,TORONTO_EAR83_0045
TORONTO_EAR83_STU00915,TORONTO_EAR83_0047
TORONTO_EAR83_STU00915,TORONTO_EAR83_0064
TORONTO_EAR83_STU00915,TORONTO_EAR83_0087
TORONTO_EAR83_STU00915,TORONTO_EAR83_0127
TORONTO_EAR83_STU00915,TORONTO_EAR83_0131
TORONTO_EAR83_STU00916,TORONTO_EAR83_0005
TORONTO_EAR83_STU00916,TORONTO_EAR83_0013
TORONTO_EAR83_STU00916,TORONTO_EAR83_0024
TORONTO_EAR83_STU00916,TORONTO_EAR83_0064
TORONTO_EAR83_STU00916,TORONTO_EAR83_0087
TORONTO_EAR83_STU00916,TORONTO_EAR83_0127
TORONTO_EAR83_STU00916,TORONTO_EAR83_0131
TORONTO_EAR83_STU00916,TORONTO_EAR83_0151
TORONTO_EAR83_STU00917,TORONTO_EAR83_0003
TORONTO_EAR83_STU00917,TORONTO_EAR83_0006
TORONTO_EAR83_STU00917,TORONTO_EAR83_0009
TORONTO_EAR83_STU00917,TORONTO_EAR83_0012
TORONTO_EAR83_STU00917,TORONTO_EAR83_0024
TORONTO_EAR83_STU00917,TORONTO_EAR83_0035
TORONTO_EAR83_STU00917,TORONTO_EAR83_0087
TORONTO_EAR83_STU00917,TORONTO_EAR83_0139
TORONTO_EAR83_STU00918,TORONTO_EAR83_0024
TORONTO_EAR83_STU00918,TORONTO_EAR83_0035
TORONTO_EAR83_STU00918,TORONTO_EAR83_0039
TORONTO_EAR83_STU00918,TORONTO_EAR83_0064
TORONTO_EAR83_STU00918,TORONTO_EAR83_0083
TORONTO_EAR83_STU00918,TORONTO_EAR83_0139
TORONTO_EAR83_STU00918,TORONTO_EAR83_0161
TORONTO_EAR83_STU00918,TORONTO_EAR83_0185
TORONTO_EAR83_STU00919,TORONTO_EAR83_0006
TORONTO_EAR83_STU00919,TORONTO_EAR83_0024
TORONTO_EAR83_STU00919,TORONTO_EAR83_0035
TORONTO_EAR83_STU00919,TORONTO_EAR83_0064
TORONTO_EAR83_STU00919,TORONTO_EAR83_0087
TORONTO_EAR83_STU00919,TORONTO_EAR83_0098
TORONTO_EAR83_STU00919,TORONTO_EAR83_0127
TORONTO_EAR83_STU00919,TORONTO_EAR83_0131
TORONTO_EAR83_STU00920,TORONTO_EAR83_0003
TORONTO_EAR83_STU00920,TORONTO_EAR83_0005
TORONTO_EAR83_STU00920,TORONTO_EAR83_0006
TORONTO_EAR83_STU00920,TORONTO_EAR83_0024
TORONTO_EAR83_STU00920,TORONTO_EAR83_0032
TORONTO_EAR83_STU00920,TORONTO_EAR83_0087
TORONTO_EAR83_STU00920,TORONTO_EAR83_0127
TORONTO_EAR83_STU00920,TORONTO_EAR83_0142
TORONTO_EAR83_STU00921,TORONTO_EAR83_0011
TORONTO_EAR83_STU00921,TORONTO_EAR83_0012
TORONTO_EAR83_STU00921,TORONTO_EAR83_0023
TORONTO_EAR83_STU00921,TORONTO_EAR83_0032
TORONTO_EAR83_STU00921,TORONTO_EAR83_0043
TORONTO_EAR83_STU00921,TORONTO_EAR83_0059
TORONTO_EAR83_STU00921,TORONTO_EAR83_0086
TORONTO_EAR83_STU00921,TORONTO_EAR83_0157
TORONTO_EAR83_STU00922,TORONTO_EAR83_0003
TORONTO_EAR83_STU00922,TORONTO_EAR83_0024
TORONTO_EAR83_STU00922,TORONTO_EAR83_0045
TORONTO_EAR83_STU00922,TORONTO_EAR83_0090
TORONTO_EAR83_STU00922,TORONTO_EAR83_0094
TORONTO_EAR83_STU00922,TORONTO_EAR83_0120
TORONTO_EAR83_STU00922,TORONTO_EAR83_0127
TORONTO_EAR83_STU00922,TORONTO_EAR83_0161
TORONTO_EAR83_STU00923,TORONTO_EAR83_0006
TORONTO_EAR83_STU00923,TORONTO_EAR83_0011
TORONTO_EAR83_STU00923,TORONTO_EAR83_0024
TORONTO_EAR83_STU00923,TORONTO_EAR83_0047
TORONTO_EAR83_STU00923,TORONTO_EAR83_0087
TORONTO_EAR83_STU00923,TORONTO_EAR83_0127
TORONTO_EAR83_STU00923,TORONTO_EAR83_0131
TORONTO_EAR83_STU00923,TORONTO_EAR83_0161
TORONTO_EAR83_STU00924,TORONTO_EAR83_0024
TORONTO_EAR83_STU00924,TORONTO_EAR83_0047
TORONTO_EAR83_STU00924,TORONTO_EAR83_0059
TORONTO_EAR83_STU00924,TORONTO_EAR83_0086
TORONTO_EAR83_STU00924,TORONTO_EAR83_0120
TORONTO_EAR83_STU00924,TORONTO_EAR83_0126
TORONTO_EAR83_STU00924,TORONTO_EAR83_0166
TORONTO_EAR83_STU00925,TORONTO_EAR83_0003
TORONTO_EAR83_STU00925,TORONTO_EAR83_0006
TORONTO_EAR83_STU00925,TORONTO_EAR83_0011
TORONTO_EAR83_STU00925,TORONTO_EAR83_0023
TORONTO_EAR83_STU00925,TORONTO_EAR83_0032
TORONTO_EAR83_STU00925,TORONTO_EAR83_0086
TORONTO_EAR83_STU00925,TORONTO_EAR83_0126
TORONTO_EAR83_STU00925,TORONTO_EAR83_0130
TORONTO_EAR83_STU00926,TORONTO_EAR83_0013
TORONTO_EAR83_STU00926,TORONTO_EAR83_0020
TORONTO_EAR83_STU00926,TORONTO_EAR83_0032
TORONTO_EAR83_STU00926,TORONTO_EAR83_0047
TORONTO_EAR83_STU00926,TORONTO_EAR83_0086
TORONTO_EAR83_STU00926,TORONTO_EAR83_0127
TORONTO_EAR83_STU00926,TORONTO_EAR83_0139
TORONTO_EAR83_STU00927,TORONTO_EAR83_0012
TORONTO_EAR83_STU00927,TORONTO_EAR83_0023
TORONTO_EAR83_STU00927,TORONTO_EAR83_0035
TORONTO_EAR83_STU00927,TORONTO_EAR83_0059
TORONTO_EAR83_STU00927,TORONTO_EAR83_0081
TORONTO_EAR83_STU00927,TORONTO_EAR83_0157
TORONTO_EAR83_STU00927,TORONTO_EAR83_0161
TORONTO_EAR83_STU00928,TORONTO_EAR83_0006
TORONTO_EAR83_STU00928,TORONTO_EAR83_0008
TORONTO_EAR83_STU00928,TORONTO_EAR83_0023
TORONTO_EAR83_STU00928,TORONTO_EAR83_0032
TORONTO_EAR83_STU00928,TORONTO_EAR83_0043
TORONTO_EAR83_STU00928,TORONTO_EAR83_0086
TORONTO_EAR83_STU00928,TORONTO_EAR83_0120
TORONTO_EAR83_STU00929,TORONTO_EAR83_0006
TORONTO_EAR83_STU00929,TORONTO_EAR83_0008
TORONTO_EAR83_STU00929,TORONTO_EAR83_0023
TORONTO_EAR83_STU00929,TORONTO_EAR83_0043
TORONTO_EAR83_STU00929,TORONTO_EAR83_0086
TORONTO_EAR83_STU00929,TORONTO_EAR83_0139
TORONTO_EAR83_STU00929,TORONTO_EAR83_0147
TORONTO_EAR83_STU00930,TORONTO_EAR83_0003
TORONTO_EAR83_STU00930,TORONTO_EAR83_0007
TORONTO_EAR83_STU00930,TORONTO_EAR83_0026
TORONTO_EAR83_STU00930,TORONTO_EAR83_0086
TORONTO_EAR83_STU00930,TORONTO_EAR83_0123
TORONTO_EAR83_STU00930,TORONTO_EAR83_0130
TORONTO_EAR83_STU00930,TORONTO_EAR83_0141
TORONTO_EAR83_STU00931,TORONTO_EAR83_0009
TORONTO_EAR83_STU00931,TORONTO_EAR83_0024
TORONTO_EAR83_STU00931,TORONTO_EAR83_0045
TORONTO_EAR83_STU00931,TORONTO_EAR83_0047
TORONTO_EAR83_STU00931,TORONTO_EAR83_0064
TORONTO_EAR83_STU00931,TORONTO_EAR83_0087
TORONTO_EAR83_STU00931,TORONTO_EAR83_0120
TORONTO_EAR83_STU00931,TORONTO_EAR83_0127
TORONTO_EAR83_STU00932,TORONTO_EAR83_0005
TORONTO_EAR83_STU00932,TORONTO_EAR83_0006
TORONTO_EAR83_STU00932,TORONTO_EAR83_0014
TORONTO_EAR83_STU00932,TORONTO_EAR83_0026
TORONTO_EAR83_STU00932,TORONTO_EAR83_0086
TORONTO_EAR83_STU00933,TORONTO_EAR83_0006
TORONTO_EAR83_STU00933,TORONTO_EAR83_0011
TORONTO_EAR83_STU00933,TORONTO_EAR83_0024
TORONTO_EAR83_STU00933,TORONTO_EAR83_0064
TORONTO_EAR83_STU00933,TORONTO_EAR83_0086
TORONTO_EAR83_STU00933,TORONTO_EAR83_0120
TORONTO_EAR83_STU00933,TORONTO_EAR83_0126
TORONTO_EAR83_STU00933,TORONTO_EAR83_0161
TORONTO_EAR83_STU00934,TORONTO_EAR83_0001
TORONTO_EAR83_STU00934,TORONTO_EAR83_0006
TORONTO_EAR83_STU00934,TORONTO_EAR83_0008
TORONTO_EAR83_STU00934,TORONTO_EAR83_0012
TORONTO_EAR83_STU00934,TORONTO_EAR83_0023
TORONTO_EAR83_STU00934,TORONTO_EAR83_0086
TORONTO_EAR83_STU00934,TORONTO_EAR83_0120
TORONTO_EAR83_STU00935,TORONTO_EAR83_0003
TORONTO_EAR83_STU00935,TORONTO_EAR83_0027
TORONTO_EAR83_STU00935,TORONTO_EAR83_0047
TORONTO_EAR83_STU00935,TORONTO_EAR83_0090
TORONTO_EAR83_STU00935,TORONTO_EAR83_0123
TORONTO_EAR83_STU00935,TORONTO_EAR83_0127
TORONTO_EAR83_STU00935,TORONTO_EAR83_0131
TORONTO_EAR83_STU00936,TORONTO_EAR83_0027
TORONTO_EAR83_STU00936,TORONTO_EAR83_0033
TORONTO_EAR83_STU00936,TORONTO_EAR83_0059
TORONTO_EAR83_STU00936,TORONTO_EAR83_0067
TORONTO_EAR83_STU00936,TORONTO_EAR83_0086
TORONTO_EAR83_STU00936,TORONTO_EAR83_0123
TORONTO_EAR83_STU00936,TORONTO_EAR83_0166
TORONTO_EAR83_STU00937,TORONTO_EAR83_0003
TORONTO_EAR83_STU00937,TORONTO_EAR83_0027
TORONTO_EAR83_STU00937,TORONTO_EAR83_0047
TORONTO_EAR83_STU00937,TORONTO_EAR83_0086
TORONTO_EAR83_STU00937,TORONTO_EAR83_0123
TORONTO_EAR83_STU00937,TORONTO_EAR83_0147
TORONTO_EAR83_STU00937,TORONTO_EAR83_0157
TORONTO_EAR83_STU00938,TORONTO_EAR83_0005
TORONTO_EAR83_STU00938,TORONTO_EAR83_0006
TORONTO_EAR83_STU00938,TORONTO_EAR83_0011
TORONTO_EAR83_STU00938,TORONTO_EAR83_0014
TORONTO_EAR83_STU00938,TORONTO_EAR83_0026
TORONTO_EAR83_STU00938,TORONTO_EAR83_0033
TORONTO_EAR83_STU00938,TORONTO_EAR83_0099
TORONTO_EAR83_STU00939,TORONTO_EAR83_0026
TORONTO_EAR83_STU00939,TORONTO_EAR83_0059
TORONTO_EAR83_STU00939,TORONTO_EAR83_0086
TORONTO_EAR83_STU00939,TORONTO_EAR83_0126
TORONTO_EAR83_STU00939,TORONTO_EAR83_0147
TORONTO_EAR83_STU00939,TORONTO_EAR83_0157
TORONTO_EAR83_STU00939,TORONTO_EAR83_0180
TORONTO_EAR83_STU00939,TORONTO_EAR83_0189
TORONTO_EAR83_STU00940,TORONTO_EAR83_0006
TORONTO_EAR83_STU00940,TORONTO_EAR83_0026
TORONTO_EAR83_STU00940,TORONTO_EAR83_0032
TORONTO_EAR83_STU00940,TORONTO_EAR83_0033
TORONTO_EAR83_STU00940,TORONTO_EAR83_0089
TORONTO_EAR83_STU00940,TORONTO_EAR83_0189
TORONTO_EAR83_STU00941,TORONTO_EAR83_0015
TORONTO_EAR83_STU00941,TORONTO_EAR83_0023
TORONTO_EAR83_STU00941,TORONTO_EAR83_0032
TORONTO_EAR83_STU00941,TORONTO_EAR83_0059
TORONTO_EAR83_STU00941,TORONTO_EAR83_0086
TORONTO_EAR83_STU00941,TORONTO_EAR83_0139
TORONTO_EAR83_STU00941,TORONTO_EAR83_0161
TORONTO_EAR83_STU00942,TORONTO_EAR83_0012
TORONTO_EAR83_STU00942,TORONTO_EAR83_0023
TORONTO_EAR83_STU00942,TORONTO_EAR83_0043
TORONTO_EAR83_STU00942,TORONTO_EAR83_0086
TORONTO_EAR83_STU00942,TORONTO_EAR83_0121
TORONTO_EAR83_STU00942,TORONTO_EAR83_0130
TORONTO_EAR83_STU00942,TORONTO_EAR83_0170
TORONTO_EAR83_STU00943,TORONTO_EAR83_0003
TORONTO_EAR83_STU00943,TORONTO_EAR83_0009
TORONTO_EAR83_STU00943,TORONTO_EAR83_0023
TORONTO_EAR83_STU00943,TORONTO_EAR83_0043
TORONTO_EAR83_STU00943,TORONTO_EAR83_0046
TORONTO_EAR83_STU00943,TORONTO_EAR83_0086
TORONTO_EAR83_STU00943,TORONTO_EAR83_0130
TORONTO_EAR83_STU00943,TORONTO_EAR83_0185
TORONTO_EAR83_STU00944,TORONTO_EAR83_0001
TORONTO_EAR83_STU00944,TORONTO_EAR83_0023
TORONTO_EAR83_STU00944,TORONTO_EAR83_0059
TORONTO_EAR83_STU00944,TORONTO_EAR83_0086
TORONTO_EAR83_STU00944,TORONTO_EAR83_0120
TORONTO_EAR83_STU00944,TORONTO_EAR83_0126
TORONTO_EAR83_STU00944,TORONTO_EAR83_0157
TORONTO_EAR83_STU00945,TORONTO_EAR83_0005
TORONTO_EAR83_STU00945,TORONTO_EAR83_0006
TORONTO_EAR83_STU00945,TORONTO_EAR83_0026
TORONTO_EAR83_STU00945,TORONTO_EAR83_0089
TORONTO_EAR83_STU00945,TORONTO_EAR83_0123
TORONTO_EAR83_STU00945,TORONTO_EAR83_0127
TORONTO_EAR83_STU00945,TORONTO_EAR83_0147
TORONTO_EAR83_STU00945,TORONTO_EAR83_0161
TORONTO_EAR83_STU00946,TORONTO_EAR83_0023
TORONTO_EAR83_STU00946,TORONTO_EAR83_0059
TORONTO_EAR83_STU00946,TORONTO_EAR83_0086
TORONTO_EAR83_STU00946,TORONTO_EAR83_0121
TORONTO_EAR83_STU00946,TORONTO_EAR83_0136
TORONTO_EAR83_STU00946,TORONTO_EAR83_0139
TORONTO_EAR83_STU00946,TORONTO_EAR83_0155
TORONTO_EAR83_STU00947,TORONTO_EAR83_0023
TORONTO_EAR83_STU00947,TORONTO_EAR83_0032
TORONTO_EAR83_STU00947,TORONTO_EAR83_0033
TORONTO_EAR83_STU00947,TORONTO_EAR83_0055
TORONTO_EAR83_STU00947,TORONTO_EAR83_0059
TORONTO_EAR83_STU00947,TORONTO_EAR83_0086
TORONTO_EAR83_STU00947,TORONTO_EAR83_0139
TORONTO_EAR83_STU00947,TORONTO_EAR83_0161
TORONTO_EAR83_STU00948,TORONTO_EAR83_0003
TORONTO_EAR83_STU00948,TORONTO_EAR83_0005
TORONTO_EAR83_STU00948,TORONTO_EAR83_0007
TORONTO_EAR83_STU00948,TORONTO_EAR83_0014
TORONTO_EAR83_STU00948,TORONTO_EAR83_0026
TORONTO_EAR83_STU00948,TORONTO_EAR83_0044
TORONTO_EAR83_STU00948,TORONTO_EAR83_0059
TORONTO_EAR83_STU00948,TORONTO_EAR83_0089
TORONTO_EAR83_STU00949,TORONTO_EAR83_0003
TORONTO_EAR83_STU00949,TORONTO_EAR83_0006
TORONTO_EAR83_STU00949,TORONTO_EAR83_0011
TORONTO_EAR83_STU00949,TORONTO_EAR83_0014
TORONTO_EAR83_STU00949,TORONTO_EAR83_0027
TORONTO_EAR83_STU00949,TORONTO_EAR83_0189
TORONTO_EAR83_STU00950,TORONTO_EAR83_0009
TORONTO_EAR83_STU00950,TORONTO_EAR83_0026
TORONTO_EAR83_STU00950,TORONTO_EAR83_0044
TORONTO_EAR83_STU00950,TORONTO_EAR83_0089
TORONTO_EAR83_STU00950,TORONTO_EAR83_0139
TORONTO_EAR83_STU00950,TORONTO_EAR83_0185
TORONTO_EAR83_STU00951,TORONTO_EAR83_0006
TORONTO_EAR83_STU00951,TORONTO_EAR83_0012
TORONTO_EAR83_STU00951,TORONTO_EAR83_0026
TORONTO_EAR83_STU00951,TORONTO_EAR83_0033
TORONTO_EAR83_STU00951,TORONTO_EAR83_0123
TORONTO_EAR83_STU00951,TORONTO_EAR83_0147
TORONTO_EAR83_STU00952,TORONTO_EAR83_0027
TORONTO_EAR83_STU00952,TORONTO_EAR83_0033
TORONTO_EAR83_STU00952,TORONTO_EAR83_0067
TORONTO_EAR83_STU00952,TORONTO_EAR83_0089
TORONTO_EAR83_STU00952,TORONTO_EAR83_0123
TORONTO_EAR83_STU00952,TORONTO_EAR83_0151
TORONTO_EAR83_STU00952,TORONTO_EAR83_0161
TORONTO_EAR83_STU00952,TORONTO_EAR83_0189
TORONTO_EAR83_STU00953,TORONTO_EAR83_0026
TORONTO_EAR83_STU00953,TORONTO_EAR83_0044
TORONTO_EAR83_STU00953,TORONTO_EAR83_0046
TORONTO_EAR83_STU00953,TORONTO_EAR83_0171
TORONTO_EAR83_STU00953,TORONTO_EAR83_0173
TORONTO_EAR83_STU00953,TORONTO_EAR83_0176
TORONTO_EAR83_STU00954,TORONTO_EAR83_0019
TORONTO_EAR83_STU00954,TORONTO_EAR83_0050
TORONTO_EAR83_STU00954,TORONTO_EAR83_0079
TORONTO_EAR83_STU00954,TORONTO_EAR83_0117
TORONTO_EAR83_STU00954,TORONTO_EAR83_0136
TORONTO_EAR83_STU00954,TORONTO_EAR83_0147
TORONTO_EAR83_STU00954,TORONTO_EAR83_0157
TORONTO_EAR83_STU00955,TORONTO_EAR83_0003
TORONTO_EAR83_STU00955,TORONTO_EAR83_0005
TORONTO_EAR83_STU00955,TORONTO_EAR83_0006
TORONTO_EAR83_STU00955,TORONTO_EAR83_0011
TORONTO_EAR83_STU00955,TORONTO_EAR83_0026
TORONTO_EAR83_STU00955,TORONTO_EAR83_0033
TORONTO_EAR83_STU00955,TORONTO_EAR83_0055
TORONTO_EAR83_STU00955,TORONTO_EAR83_0089
TORONTO_EAR83_STU00956,TORONTO_EAR83_0009
TORONTO_EAR83_STU00956,TORONTO_EAR83_0011
TORONTO_EAR83_STU00956,TORONTO_EAR83_0024
TORONTO_EAR83_STU00956,TORONTO_EAR83_0059
TORONTO_EAR83_STU00956,TORONTO_EAR83_0087
TORONTO_EAR83_STU00956,TORONTO_EAR83_0120
TORONTO_EAR83_STU00956,TORONTO_EAR83_0127
TORONTO_EAR83_STU00957,TORONTO_EAR83_0011
TORONTO_EAR83_STU00957,TORONTO_EAR83_0015
TORONTO_EAR83_STU00957,TORONTO_EAR83_0023
TORONTO_EAR83_STU00957,TORONTO_EAR83_0033
TORONTO_EAR83_STU00957,TORONTO_EAR83_0043
TORONTO_EAR83_STU00957,TORONTO_EAR83_0086
TORONTO_EAR83_STU00957,TORONTO_EAR83_0120
TORONTO_EAR83_STU00957,TORONTO_EAR83_0161
TORONTO_EAR83_STU00958,TORONTO_EAR83_0001
TORONTO_EAR83_STU00958,TORONTO_EAR83_0005
TORONTO_EAR83_STU00958,TORONTO_EAR83_0008
TORONTO_EAR83_STU00958,TORONTO_EAR83_0027
TORONTO_EAR83_STU00958,TORONTO_EAR83_0047
TORONTO_EAR83_STU00958,TORONTO_EAR83_0055
TORONTO_EAR83_STU00958,TORONTO_EAR83_0086
TORONTO_EAR83_STU00958,TORONTO_EAR83_0126
TORONTO_EAR83_STU00959,TORONTO_EAR83_0026
TORONTO_EAR83_STU00959,TORONTO_EAR83_0044
TORONTO_EAR83_STU00959,TORONTO_EAR83_0059
TORONTO_EAR83_STU00959,TORONTO_EAR83_0086
TORONTO_EAR83_STU00959,TORONTO_EAR83_0126
TORONTO_EAR83_STU00959,TORONTO_EAR83_0170
TORONTO_EAR83_STU00960,TORONTO_EAR83_0006
TORONTO_EAR83_STU00960,TORONTO_EAR83_0008
TORONTO_EAR83_STU00960,TORONTO_EAR83_0026
TORONTO_EAR83_STU00960,TORONTO_EAR83_0086
TORONTO_EAR83_STU00960,TORONTO_EAR83_0123
TORONTO_EAR83_STU00960,TORONTO_EAR83_0126
TORONTO_EAR83_STU00960,TORONTO_EAR83_0141
TORONTO_EAR83_STU00960,TORONTO_EAR83_0166
TORONTO_EAR83_STU00961,TORONTO_EAR83_0003
TORONTO_EAR83_STU00961,TORONTO_EAR83_0008
TORONTO_EAR83_STU00961,TORONTO_EAR83_0014
TORONTO_EAR83_STU00961,TORONTO_EAR83_0026
TORONTO_EAR83_STU00961,TORONTO_EAR83_0033
TORONTO_EAR83_STU00961,TORONTO_EAR83_0089
TORONTO_EAR83_STU00961,TORONTO_EAR83_0161
TORONTO_EAR83_STU00962,TORONTO_EAR83_0027
TORONTO_EAR83_STU00962,TORONTO_EAR83_0055
TORONTO_EAR83_STU00962,TORONTO_EAR83_0060
TORONTO_EAR83_STU00962,TORONTO_EAR83_0067
TORONTO_EAR83_STU00962,TORONTO_EAR83_0089
TORONTO_EAR83_STU00962,TORONTO_EAR83_0157
TORONTO_EAR83_STU00963,TORONTO_EAR83_0006
TORONTO_EAR83_STU00963,TORONTO_EAR83_0010
TORONTO_EAR83_STU00963,TORONTO_EAR83_0024
TORONTO_EAR83_STU00963,TORONTO_EAR83_0043
TORONTO_EAR83_STU00963,TORONTO_EAR83_0064
TORONTO_EAR83_STU00963,TORONTO_EAR83_0087
TORONTO_EAR83_STU00963,TORONTO_EAR83_0120
TORONTO_EAR83_STU00963,TORONTO_EAR83_0126
TORONTO_EAR83_STU00964,TORONTO_EAR83_0009
TORONTO_EAR83_STU00964,TORONTO_EAR83_0024
TORONTO_EAR83_STU00964,TORONTO_EAR83_0045
TORONTO_EAR83_STU00964,TORONTO_EAR83_0047
TORONTO_EAR83_STU00964,TORONTO_EAR83_0087
TORONTO_EAR83_STU00964,TORONTO_EAR83_0098
TORONTO_EAR83_STU00964,TORONTO_EAR83_0120
TORONTO_EAR83_STU00964,TORONTO_EAR83_0131
TORONTO_EAR83_STU00965,TORONTO_EAR83_0024
TORONTO_EAR83_STU00965,TORONTO_EAR83_0047
TORONTO_EAR83_STU00965,TORONTO_EAR83_0064
TORONTO_EAR83_STU00965,TORONTO_EAR83_0087
TORONTO_EAR83_STU00965,TORONTO_EAR83_0120
TORONTO_EAR83_STU00965,TORONTO_EAR83_0127
TORONTO_EAR83_STU00965,TORONTO_EAR83_0131
TORONTO_EAR83_STU00965,TORONTO_EAR83_0161
TORONTO_EAR83_STU00966,TORONTO_EAR83_0006
TORONTO_EAR83_STU00966,TORONTO_EAR83_0024
TORONTO_EAR83_STU00966,TORONTO_EAR83_0055
TORONTO_EAR83_STU00966,TORONTO_EAR83_0065
TORONTO_EAR83_STU00966,TORONTO_EAR83_0087
TORONTO_EAR83_STU00966,TORONTO_EAR83_0120
TORONTO_EAR83_STU00966,TORONTO_EAR83_0127
TORONTO_EAR83_STU00966,TORONTO_EAR83_0142
TORONTO_EAR83_STU00967,TORONTO_EAR83_0003
TORONTO_EAR83_STU00967,TORONTO_EAR83_0024
TORONTO_EAR83_STU00967,TORONTO_EAR83_0064
TORONTO_EAR83_STU00967,TORONTO_EAR83_0087
TORONTO_EAR83_STU00967,TORONTO_EAR83_0095
TORONTO_EAR83_STU00967,TORONTO_EAR83_0120
TORONTO_EAR83_STU00967,TORONTO_EAR83_0131
TORONTO_EAR83_STU00967,TORONTO_EAR83_0142
TORONTO_EAR83_STU00968,TORONTO_EAR83_0013
TORONTO_EAR83_STU00968,TORONTO_EAR83_0024
TORONTO_EAR83_STU00968,TORONTO_EAR83_0035
TORONTO_EAR83_STU00968,TORONTO_EAR83_0064
TORONTO_EAR83_STU00968,TORONTO_EAR83_0087
TORONTO_EAR83_STU00968,TORONTO_EAR83_0120
TORONTO_EAR83_STU00968,TORONTO_EAR83_0142
TORONTO_EAR83_STU00968,TORONTO_EAR83_0185
TORONTO_EAR83_STU00969,TORONTO_EAR83_0003
TORONTO_EAR83_STU00969,TORONTO_EAR83_0008
TORONTO_EAR83_STU00969,TORONTO_EAR83_0023
TORONTO_EAR83_STU00969,TORONTO_EAR83_0087
TORONTO_EAR83_STU00969,TORONTO_EAR83_0151
TORONTO_EAR83_STU00969,TORONTO_EAR83_0157
TORONTO_EAR83_STU00969,TORONTO_EAR83_0185
TORONTO_EAR83_STU00970,TORONTO_EAR83_0024
TORONTO_EAR83_STU00970,TORONTO_EAR83_0045
TORONTO_EAR83_STU00970,TORONTO_EAR83_0047
TORONTO_EAR83_STU00970,TORONTO_EAR83_0065
TORONTO_EAR83_STU00970,TORONTO_EAR83_0073
TORONTO_EAR83_STU00970,TORONTO_EAR83_0087
TORONTO_EAR83_STU00970,TORONTO_EAR83_0120
TORONTO_EAR83_STU00970,TORONTO_EAR83_0127
TORONTO_EAR83_STU00971,TORONTO_EAR83_0011
TORONTO_EAR83_STU00971,TORONTO_EAR83_0013
TORONTO_EAR83_STU00971,TORONTO_EAR83_0024
TORONTO_EAR83_STU00971,TORONTO_EAR83_0055
TORONTO_EAR83_STU00971,TORONTO_EAR83_0087
TORONTO_EAR83_STU00971,TORONTO_EAR83_0142
TORONTO_EAR83_STU00971,TORONTO_EAR83_0148
TORONTO_EAR83_STU00972,TORONTO_EAR83_0005
TORONTO_EAR83_STU00972,TORONTO_EAR83_0024
TORONTO_EAR83_STU00972,TORONTO_EAR83_0045
TORONTO_EAR83_STU00972,TORONTO_EAR83_0087
TORONTO_EAR83_STU00972,TORONTO_EAR83_0121
TORONTO_EAR83_STU00972,TORONTO_EAR83_0131
TORONTO_EAR83_STU00972,TORONTO_EAR83_0142
TORONTO_EAR83_STU00972,TORONTO_EAR83_0151
TORONTO_EAR83_STU00973,TORONTO_EAR83_0011
TORONTO_EAR83_STU00973,TORONTO_EAR83_0024
TORONTO_EAR83_STU00973,TORONTO_EAR83_0047
TORONTO_EAR83_STU00973,TORONTO_EAR83_0065
TORONTO_EAR83_STU00973,TORONTO_EAR83_0087
TORONTO_EAR83_STU00973,TORONTO_EAR83_0121
TORONTO_EAR83_STU00973,TORONTO_EAR83_0127
TORONTO_EAR83_STU00973,TORONTO_EAR83_0131
TORONTO_EAR83_STU00974,TORONTO_EAR83_0024
TORONTO_EAR83_STU00974,TORONTO_EAR83_0064
TORONTO_EAR83_STU00974,TORONTO_EAR83_0073
TORONTO_EAR83_STU00974,TORONTO_EAR83_0090
TORONTO_EAR83_STU00974,TORONTO_EAR83_0095
TORONTO_EAR83_STU00974,TORONTO_EAR83_0120
TORONTO_EAR83_STU00974,TORONTO_EAR83_0131
TORONTO_EAR83_STU00974,TORONTO_EAR83_0142
TORONTO_EAR83_STU00975,TORONTO_EAR83_0011
TORONTO_EAR83_STU00975,TORONTO_EAR83_0024
TORONTO_EAR83_STU00975,TORONTO_EAR83_0059
TORONTO_EAR83_STU00975,TORONTO_EAR83_0065
TORONTO_EAR83_STU00975,TORONTO_EAR83_0090
TORONTO_EAR83_STU00975,TORONTO_EAR83_0120
TORONTO_EAR83_STU00975,TORONTO_EAR83_0131
TORONTO_EAR83_STU00976,TORONTO_EAR83_0026
TORONTO_EAR83_STU00976,TORONTO_EAR83_0043
TORONTO_EAR83_STU00976,TORONTO_EAR83_0086
TORONTO_EAR83_STU00976,TORONTO_EAR83_0124
TORONTO_EAR83_STU00976,TORONTO_EAR83_0126
TORONTO_EAR83_STU00976,TORONTO_EAR83_0161
TORONTO_EAR83_STU00976,TORONTO_EAR83_0170
TORONTO_EAR83_STU00976,TORONTO_EAR83_0189
TORONTO_EAR83_STU00977,TORONTO_EAR83_0006
TORONTO_EAR83_STU00977,TORONTO_EAR83_0014
TORONTO_EAR83_STU00977,TORONTO_EAR83_0023
TORONTO_EAR83_STU00977,TORONTO_EAR83_0033
TORONTO_EAR83_STU00977,TORONTO_EAR83_0059
TORONTO_EAR83_STU00977,TORONTO_EAR83_0086
TORONTO_EAR83_STU00977,TORONTO_EAR83_0120
TORONTO_EAR83_STU00978,TORONTO_EAR83_0001
TORONTO_EAR83_STU00978,TORONTO_EAR83_0006
TORONTO_EAR83_STU00978,TORONTO_EAR83_0014
TORONTO_EAR83_STU00978,TORONTO_EAR83_0023
TORONTO_EAR83_STU00978,TORONTO_EAR83_0032
TORONTO_EAR83_STU00978,TORONTO_EAR83_0059
TORONTO_EAR83_STU00978,TORONTO_EAR83_0086
TORONTO_EAR83_STU00978,TORONTO_EAR83_0157
TORONTO_EAR83_STU00979,TORONTO_EAR83_0006
TORONTO_EAR83_STU00979,TORONTO_EAR83_0011
TORONTO_EAR83_STU00979,TORONTO_EAR83_0024
TORONTO_EAR83_STU00979,TORONTO_EAR83_0035
TORONTO_EAR83_STU00979,TORONTO_EAR83_0059
TORONTO_EAR83_STU00979,TORONTO_EAR83_0087
TORONTO_EAR83_STU00979,TORONTO_EAR83_0120
TORONTO_EAR83_STU00979,TORONTO_EAR83_0185
TORONTO_EAR83_STU00980,TORONTO_EAR83_0006
TORONTO_EAR83_STU00980,TORONTO_EAR83_0024
TORONTO_EAR83_STU00980,TORONTO_EAR83_0039
TORONTO_EAR83_STU00980,TORONTO_EAR83_0047
TORONTO_EAR83_STU00980,TORONTO_EAR83_0062
TORONTO_EAR83_STU00980,TORONTO_EAR83_0086
TORONTO_EAR83_STU00980,TORONTO_EAR83_0120
TORONTO_EAR83_STU00980,TORONTO_EAR83_0137
TORONTO_EAR83_STU00981,TORONTO_EAR83_0003
TORONTO_EAR83_STU00981,TORONTO_EAR83_0005
TORONTO_EAR83_STU00981,TORONTO_EAR83_0023
TORONTO_EAR83_STU00981,TORONTO_EAR83_0044
TORONTO_EAR83_STU00981,TORONTO_EAR83_0059
TORONTO_EAR83_STU00981,TORONTO_EAR83_0086
TORONTO_EAR83_STU00981,TORONTO_EAR83_0124
TORONTO_EAR83_STU00982,TORONTO_EAR83_0006
TORONTO_EAR83_STU00982,TORONTO_EAR83_0023
TORONTO_EAR83_STU00982,TORONTO_EAR83_0035
TORONTO_EAR83_STU00982,TORONTO_EAR83_0046
TORONTO_EAR83_STU00982,TORONTO_EAR83_0086
TORONTO_EAR83_STU00982,TORONTO_EAR83_0123
TORONTO_EAR83_STU00982,TORONTO_EAR83_0126
TORONTO_EAR83_STU00982,TORONTO_EAR83_0130
TORONTO_EAR83_STU00983,TORONTO_EAR83_0006
TORONTO_EAR83_STU00983,TORONTO_EAR83_0014
TORONTO_EAR83_STU00983,TORONTO_EAR83_0023
TORONTO_EAR83_STU00983,TORONTO_EAR83_0035
TORONTO_EAR83_STU00983,TORONTO_EAR83_0086
TORONTO_EAR83_STU00983,TORONTO_EAR83_0120
TORONTO_EAR83_STU00983,TORONTO_EAR83_0157
TORONTO_EAR83_STU00983,TORONTO_EAR83_0185
TORONTO_EAR83_STU00984,TORONTO_EAR83_0023
TORONTO_EAR83_STU00984,TORONTO_EAR83_0043
TORONTO_EAR83_STU00984,TORONTO_EAR83_0081
TORONTO_EAR83_STU00984,TORONTO_EAR83_0121
TORONTO_EAR83_STU00984,TORONTO_EAR83_0141
TORONTO_EAR83_STU00984,TORONTO_EAR83_0147
TORONTO_EAR83_STU00984,TORONTO_EAR83_0157
TORONTO_EAR83_STU00985,TORONTO_EAR83_0023
TORONTO_EAR83_STU00985,TORONTO_EAR83_0035
TORONTO_EAR83_STU00985,TORONTO_EAR83_0043
TORONTO_EAR83_STU00985,TORONTO_EAR83_0086
TORONTO_EAR83_STU00985,TORONTO_EAR83_0120
TORONTO_EAR83_STU00985,TORONTO_EAR83_0136
TORONTO_EAR83_STU00985,TORONTO_EAR83_0157
TORONTO_EAR83_STU00985,TORONTO_EAR83_0161
TORONTO_EAR83_STU00986,TORONTO_EAR83_0006
TORONTO_EAR83_STU00986,TORONTO_EAR83_0011
TORONTO_EAR83_STU00986,TORONTO_EAR83_0012
TORONTO_EAR83_STU00986,TORONTO_EAR83_0014
TORONTO_EAR83_STU00986,TORONTO_EAR83_0023
TORONTO_EAR83_STU00986,TORONTO_EAR83_0032
TORONTO_EAR83_STU00986,TORONTO_EAR83_0043
TORONTO_EAR83_STU00986,TORONTO_EAR83_0086
TORONTO_EAR83_STU00987,TORONTO_EAR83_0011
TORONTO_EAR83_STU00987,TORONTO_EAR83_0012
TORONTO_EAR83_STU00987,TORONTO_EAR83_0023
TORONTO_EAR83_STU00987,TORONTO_EAR83_0032
TORONTO_EAR83_STU00987,TORONTO_EAR83_0033
TORONTO_EAR83_STU00987,TORONTO_EAR83_0059
TORONTO_EAR83_STU00987,TORONTO_EAR83_0081
TORONTO_EAR83_STU00988,TORONTO_EAR83_0027
TORONTO_EAR83_STU00988,TORONTO_EAR83_0090
TORONTO_EAR83_STU00988,TORONTO_EAR83_0133
TORONTO_EAR83_STU00988,TORONTO_EAR83_0143
TORONTO_EAR83_STU00988,TORONTO_EAR83_0151
TORONTO_EAR83_STU00988,TORONTO_EAR83_0180
TORONTO_EAR83_STU00989,TORONTO_EAR83_0027
TORONTO_EAR83_STU00989,TORONTO_EAR83_0035
TORONTO_EAR83_STU00989,TORONTO_EAR83_0047
TORONTO_EAR83_STU00989,TORONTO_EAR83_0068
TORONTO_EAR83_STU00989,TORONTO_EAR83_0090
TORONTO_EAR83_STU00989,TORONTO_EAR83_0099
TORONTO_EAR83_STU00989,TORONTO_EAR83_0127
TORONTO_EAR83_STU00989,TORONTO_EAR83_0161
TORONTO_EAR83_STU00990,TORONTO_EAR83_0005
TORONTO_EAR83_STU00990,TORONTO_EAR83_0011
TORONTO_EAR83_STU00990,TORONTO_EAR83_0024
TORONTO_EAR83_STU00990,TORONTO_EAR83_0059
TORONTO_EAR83_STU00990,TORONTO_EAR83_0087
TORONTO_EAR83_STU00990,TORONTO_EAR83_0127
TORONTO_EAR83_STU00990,TORONTO_EAR83_0157
TORONTO_EAR83_STU00991,TORONTO_EAR83_0003
TORONTO_EAR83_STU00991,TORONTO_EAR83_0009
TORONTO_EAR83_STU00991,TORONTO_EAR83_0024
TORONTO_EAR83_STU00991,TORONTO_EAR83_0090
TORONTO_EAR83_STU00991,TORONTO_EAR83_0121
TORONTO_EAR83_STU00992,TORONTO_EAR83_0027
TORONTO_EAR83_STU00992,TORONTO_EAR83_0067
TORONTO_EAR83_STU00992,TORONTO_EAR83_0089
TORONTO_EAR83_STU00992,TORONTO_EAR83_0123
TORONTO_EAR83_STU00992,TORONTO_EAR83_0139
TORONTO_EAR83_STU00992,TORONTO_EAR83_0157
TORONTO_EAR83_STU00993,TORONTO_EAR83_0005
TORONTO_EAR83_STU00993,TORONTO_EAR83_0007
TORONTO_EAR83_STU00993,TORONTO_EAR83_0008
TORONTO_EAR83_STU00993,TORONTO_EAR83_0027
TORONTO_EAR83_STU00993,TORONTO_EAR83_0033
TORONTO_EAR83_STU00993,TORONTO_EAR83_0045
TORONTO_EAR83_STU00993,TORONTO_EAR83_0086
TORONTO_EAR83_STU00993,TORONTO_EAR83_0157
TORONTO_EAR83_STU00994,TORONTO_EAR83_0005
TORONTO_EAR83_STU00994,TORONTO_EAR83_0011
TORONTO_EAR83_STU00994,TORONTO_EAR83_0023
TORONTO_EAR83_STU00994,TORONTO_EAR83_0043
TORONTO_EAR83_STU00994,TORONTO_EAR83_0046
TORONTO_EAR83_STU00994,TORONTO_EAR83_0189
TORONTO_EAR83_STU00995,TORONTO_EAR83_0011
TORONTO_EAR83_STU00995,TORONTO_EAR83_0012
TORONTO_EAR83_STU00995,TORONTO_EAR83_0024
TORONTO_EAR83_STU00995,TORONTO_EAR83_0059
TORONTO_EAR83_STU00995,TORONTO_EAR83_0064
TORONTO_EAR83_STU00995,TORONTO_EAR83_0087
TORONTO_EAR83_STU00995,TORONTO_EAR83_0120
TORONTO_EAR83_STU00995,TORONTO_EAR83_0127
TORONTO_EAR83_STU00996,TORONTO_EAR83_0005
TORONTO_EAR83_STU00996,TORONTO_EAR83_0011
TORONTO_EAR83_STU00996,TORONTO_EAR83_0013
TORONTO_EAR83_STU00996,TORONTO_EAR83_0026
TORONTO_EAR83_STU00996,TORONTO_EAR83_0089
TORONTO_EAR83_STU00996,TORONTO_EAR83_0123
TORONTO_EAR83_STU00996,TORONTO_EAR83_0157
TORONTO_EAR83_STU00996,TORONTO_EAR83_0161
TORONTO_EAR83_STU00997,TORONTO_EAR83_0089
TORONTO_EAR83_STU00997,TORONTO_EAR83_0122
TORONTO_EAR83_STU00998,TORONTO_EAR83_0003
TORONTO_EAR83_STU00998,TORONTO_EAR83_0005
TORONTO_EAR83_STU00998,TORONTO_EAR83_0008
TORONTO_EAR83_STU00998,TORONTO_EAR83_0012
TORONTO_EAR83_STU00998,TORONTO_EAR83_0014
TORONTO_EAR83_STU00998,TORONTO_EAR83_0055
TORONTO_EAR83_STU00998,TORONTO_EAR83_0089
TORONTO_EAR83_STU00999,TORONTO_EAR83_0011
TORONTO_EAR83_STU00999,TORONTO_EAR83_0023
TORONTO_EAR83_STU00999,TORONTO_EAR83_0045
TORONTO_EAR83_STU00999,TORONTO_EAR83_0089
TORONTO_EAR83_STU00999,TORONTO_EAR83_0131
TORONTO_EAR83_STU00999,TORONTO_EAR83_0170
TORONTO_EAR83_STU00999,TORONTO_EAR83_0176
TORONTO_EAR83_STU00999,TORONTO_EAR83_0180
TORONTO_EAR83_STU01000,TORONTO_EAR83_0024
TORONTO_EAR83_STU01000,TORONTO_EAR83_0045
TORONTO_EAR83_STU01000,TORONTO_EAR83_0059
TORONTO_EAR83_STU01000,TORONTO_EAR83_0086
TORONTO_EAR83_STU01000,TORONTO_EAR83_0127
TORONTO_EAR83_STU01000,TORONTO_EAR83_0157
TORONTO_EAR83_STU01000,TORONTO_EAR83_0161
TORONTO_EAR83_STU01001,TORONTO_EAR83_0010
TORONTO_EAR83_STU01001,TORONTO_EAR83_0024
TORONTO_EAR83_STU01001,TORONTO_EAR83_0045
TORONTO_EAR83_STU01001,TORONTO_EAR83_0064
TORONTO_EAR83_STU01001,TORONTO_EAR83_0087
TORONTO_EAR83_STU01001,TORONTO_EAR83_0117
TORONTO_EAR83_STU01001,TORONTO_EAR83_0142
TORONTO_EAR83_STU01001,TORONTO_EAR83_0153
TORONTO_EAR83_STU01002,TORONTO_EAR83_0026
TORONTO_EAR83_STU01002,TORONTO_EAR83_0044
TORONTO_EAR83_STU01002,TORONTO_EAR83_0086
TORONTO_EAR83_STU01002,TORONTO_EAR83_0124
TORONTO_EAR83_STU01002,TORONTO_EAR83_0151
TORONTO_EAR83_STU01002,TORONTO_EAR83_0170
TORONTO_EAR83_STU01002,TORONTO_EAR83_0189
TORONTO_EAR83_STU01003,TORONTO_EAR83_0003
TORONTO_EAR83_STU01003,TORONTO_EAR83_0024
TORONTO_EAR83_STU01003,TORONTO_EAR83_0047
TORONTO_EAR83_STU01003,TORONTO_EAR83_0087
TORONTO_EAR83_STU01003,TORONTO_EAR83_0121
TORONTO_EAR83_STU01003,TORONTO_EAR83_0127
TORONTO_EAR83_STU01003,TORONTO_EAR83_0142
TORONTO_EAR83_STU01003,TORONTO_EAR83_0180
TORONTO_EAR83_STU01004,TORONTO_EAR83_0010
TORONTO_EAR83_STU01004,TORONTO_EAR83_0024
TORONTO_EAR83_STU01004,TORONTO_EAR83_0047
TORONTO_EAR83_STU01004,TORONTO_EAR83_0064
TORONTO_EAR83_STU01004,TORONTO_EAR83_0087
TORONTO_EAR83_STU01004,TORONTO_EAR83_0094
TORONTO_EAR83_STU01004,TORONTO_EAR83_0142
TORONTO_EAR83_STU01004,TORONTO_EAR83_0180
TORONTO_EAR83_STU01005,TORONTO_EAR83_0024
TORONTO_EAR83_STU01005,TORONTO_EAR83_0047
TORONTO_EAR83_STU01005,TORONTO_EAR83_0064
TORONTO_EAR83_STU01005,TORONTO_EAR83_0087
TORONTO_EAR83_STU01005,TORONTO_EAR83_0120
TORONTO_EAR83_STU01005,TORONTO_EAR83_0127
TORONTO_EAR83_STU01005,TORONTO_EAR83_0157
TORONTO_EAR83_STU01005,TORONTO_EAR83_0185
TORONTO_EAR83_STU01006,TORONTO_EAR83_0027
TORONTO_EAR83_STU01006,TORONTO_EAR83_0090
TORONTO_EAR83_STU01006,TORONTO_EAR83_0096
TORONTO_EAR83_STU01006,TORONTO_EAR83_0131
TORONTO_EAR83_STU01006,TORONTO_EAR83_0148
TORONTO_EAR83_STU01006,TORONTO_EAR83_0157
TORONTO_EAR83_STU01006,TORONTO_EAR83_0168
TORONTO_EAR83_STU01007,TORONTO_EAR83_0026
TORONTO_EAR83_STU01007,TORONTO_EAR83_0086
TORONTO_EAR83_STU01007,TORONTO_EAR83_0130
TORONTO_EAR83_STU01007,TORONTO_EAR83_0157
TORONTO_EAR83_STU01007,TORONTO_EAR83_0171
TORONTO_EAR83_STU01007,TORONTO_EAR83_0174
TORONTO_EAR83_STU01008,TORONTO_EAR83_0001
TORONTO_EAR83_STU01008,TORONTO_EAR83_0011
TORONTO_EAR83_STU01008,TORONTO_EAR83_0019
TORONTO_EAR83_STU01008,TORONTO_EAR83_0050
TORONTO_EAR83_STU01008,TORONTO_EAR83_0086
TORONTO_EAR83_STU01008,TORONTO_EAR83_0124
TORONTO_EAR83_STU01008,TORONTO_EAR83_0126
TORONTO_EAR83_STU01008,TORONTO_EAR83_0130
TORONTO_EAR83_STU01009,TORONTO_EAR83_0023
TORONTO_EAR83_STU01009,TORONTO_EAR83_0059
TORONTO_EAR83_STU01009,TORONTO_EAR83_0086
TORONTO_EAR83_STU01009,TORONTO_EAR83_0121
TORONTO_EAR83_STU01009,TORONTO_EAR83_0147
TORONTO_EAR83_STU01009,TORONTO_EAR83_0157
TORONTO_EAR83_STU01009,TORONTO_EAR83_0168
TORONTO_EAR83_STU01009,TORONTO_EAR83_0185
TORONTO_EAR83_STU01010,TORONTO_EAR83_0011
TORONTO_EAR83_STU01010,TORONTO_EAR83_0024
TORONTO_EAR83_STU01010,TORONTO_EAR83_0047
TORONTO_EAR83_STU01010,TORONTO_EAR83_0059
TORONTO_EAR83_STU01010,TORONTO_EAR83_0087
TORONTO_EAR83_STU01010,TORONTO_EAR83_0127
TORONTO_EAR83_STU01011,TORONTO_EAR83_0008
TORONTO_EAR83_STU01011,TORONTO_EAR83_0019
TORONTO_EAR83_STU01011,TORONTO_EAR83_0038
TORONTO_EAR83_STU01011,TORONTO_EAR83_0081
TORONTO_EAR83_STU01011,TORONTO_EAR83_0117
TORONTO_EAR83_STU01011,TORONTO_EAR83_0136
TORONTO_EAR83_STU01011,TORONTO_EAR83_0144
TORONTO_EAR83_STU01011,TORONTO_EAR83_0154
TORONTO_EAR83_STU01011,TORONTO_EAR83_0168
TORONTO_EAR83_STU01012,TORONTO_EAR83_0009
TORONTO_EAR83_STU01012,TORONTO_EAR83_0012
TORONTO_EAR83_STU01012,TORONTO_EAR83_0024
TORONTO_EAR83_STU01012,TORONTO_EAR83_0047
TORONTO_EAR83_STU01012,TORONTO_EAR83_0087
TORONTO_EAR83_STU01012,TORONTO_EAR83_0121
TORONTO_EAR83_STU01012,TORONTO_EAR83_0157
TORONTO_EAR83_STU01013,TORONTO_EAR83_0024
TORONTO_EAR83_STU01013,TORONTO_EAR83_0055
TORONTO_EAR83_STU01013,TORONTO_EAR83_0059
TORONTO_EAR83_STU01013,TORONTO_EAR83_0065
TORONTO_EAR83_STU01013,TORONTO_EAR83_0087
TORONTO_EAR83_STU01013,TORONTO_EAR83_0098
TORONTO_EAR83_STU01013,TORONTO_EAR83_0131
TORONTO_EAR83_STU01013,TORONTO_EAR83_0139
TORONTO_EAR83_STU01014,TORONTO_EAR83_0024
TORONTO_EAR83_STU01014,TORONTO_EAR83_0059
TORONTO_EAR83_STU01014,TORONTO_EAR83_0064
TORONTO_EAR83_STU01014,TORONTO_EAR83_0087
TORONTO_EAR83_STU01014,TORONTO_EAR83_0098
TORONTO_EAR83_STU01014,TORONTO_EAR83_0131
TORONTO_EAR83_STU01014,TORONTO_EAR83_0139
TORONTO_EAR83_STU01014,TORONTO_EAR83_0161
TORONTO_EAR83_STU01015,TORONTO_EAR83_0003
TORONTO_EAR83_STU01015,TORONTO_EAR83_0024
TORONTO_EAR83_STU01015,TORONTO_EAR83_0047
TORONTO_EAR83_STU01015,TORONTO_EAR83_0064
TORONTO_EAR83_STU01015,TORONTO_EAR83_0087
TORONTO_EAR83_STU01015,TORONTO_EAR83_0121
TORONTO_EAR83_STU01015,TORONTO_EAR83_0127
TORONTO_EAR83_STU01015,TORONTO_EAR83_0142
TORONTO_EAR83_STU01016,TORONTO_EAR83_0024
TORONTO_EAR83_STU01016,TORONTO_EAR83_0047
TORONTO_EAR83_STU01016,TORONTO_EAR83_0064
TORONTO_EAR83_STU01016,TORONTO_EAR83_0073
TORONTO_EAR83_STU01016,TORONTO_EAR83_0087
TORONTO_EAR83_STU01016,TORONTO_EAR83_0095
TORONTO_EAR83_STU01016,TORONTO_EAR83_0142
TORONTO_EAR83_STU01017,TORONTO_EAR83_0011
TORONTO_EAR83_STU01017,TORONTO_EAR83_0024
TORONTO_EAR83_STU01017,TORONTO_EAR83_0059
TORONTO_EAR83_STU01017,TORONTO_EAR83_0064
TORONTO_EAR83_STU01017,TORONTO_EAR83_0087
TORONTO_EAR83_STU01017,TORONTO_EAR83_0120
TORONTO_EAR83_STU01017,TORONTO_EAR83_0127
TORONTO_EAR83_STU01017,TORONTO_EAR83_0142
TORONTO_EAR83_STU01018,TORONTO_EAR83_0024
TORONTO_EAR83_STU01018,TORONTO_EAR83_0047
TORONTO_EAR83_STU01018,TORONTO_EAR83_0059
TORONTO_EAR83_STU01018,TORONTO_EAR83_0083
TORONTO_EAR83_STU01018,TORONTO_EAR83_0094
TORONTO_EAR83_STU01018,TORONTO_EAR83_0121
TORONTO_EAR83_STU01018,TORONTO_EAR83_0127
TORONTO_EAR83_STU01018,TORONTO_EAR83_0139
TORONTO_EAR83_STU01019,TORONTO_EAR83_0006
TORONTO_EAR83_STU01019,TORONTO_EAR83_0024
TORONTO_EAR83_STU01019,TORONTO_EAR83_0047
TORONTO_EAR83_STU01019,TORONTO_EAR83_0064
TORONTO_EAR83_STU01019,TORONTO_EAR83_0073
TORONTO_EAR83_STU01019,TORONTO_EAR83_0087
TORONTO_EAR83_STU01019,TORONTO_EAR83_0095
TORONTO_EAR83_STU01019,TORONTO_EAR83_0127
TORONTO_EAR83_STU01020,TORONTO_EAR83_0009
TORONTO_EAR83_STU01020,TORONTO_EAR83_0024
TORONTO_EAR83_STU01020,TORONTO_EAR83_0068
TORONTO_EAR83_STU01020,TORONTO_EAR83_0087
TORONTO_EAR83_STU01020,TORONTO_EAR83_0121
TORONTO_EAR83_STU01020,TORONTO_EAR83_0131
TORONTO_EAR83_STU01020,TORONTO_EAR83_0142
TORONTO_EAR83_STU01020,TORONTO_EAR83_0170
TORONTO_EAR83_STU01021,TORONTO_EAR83_0024
TORONTO_EAR83_STU01021,TORONTO_EAR83_0047
TORONTO_EAR83_STU01021,TORONTO_EAR83_0064
TORONTO_EAR83_STU01021,TORONTO_EAR83_0073
TORONTO_EAR83_STU01021,TORONTO_EAR83_0087
TORONTO_EAR83_STU01021,TORONTO_EAR83_0095
TORONTO_EAR83_STU01021,TORONTO_EAR83_0127
TORONTO_EAR83_STU01021,TORONTO_EAR83_0142
TORONTO_EAR83_STU01022,TORONTO_EAR83_0024
TORONTO_EAR83_STU01022,TORONTO_EAR83_0059
TORONTO_EAR83_STU01022,TORONTO_EAR83_0065
TORONTO_EAR83_STU01022,TORONTO_EAR83_0087
TORONTO_EAR83_STU01022,TORONTO_EAR83_0095
TORONTO_EAR83_STU01022,TORONTO_EAR83_0120
TORONTO_EAR83_STU01022,TORONTO_EAR83_0127
TORONTO_EAR83_STU01022,TORONTO_EAR83_0142
TORONTO_EAR83_STU01023,TORONTO_EAR83_0011
TORONTO_EAR83_STU01023,TORONTO_EAR83_0024
TORONTO_EAR83_STU01023,TORONTO_EAR83_0045
TORONTO_EAR83_STU01023,TORONTO_EAR83_0055
TORONTO_EAR83_STU01023,TORONTO_EAR83_0064
TORONTO_EAR83_STU01023,TORONTO_EAR83_0087
TORONTO_EAR83_STU01023,TORONTO_EAR83_0131
TORONTO_EAR83_STU01023,TORONTO_EAR83_0142
TORONTO_EAR83_STU01024,TORONTO_EAR83_0009
TORONTO_EAR83_STU01024,TORONTO_EAR83_0024
TORONTO_EAR83_STU01024,TORONTO_EAR83_0045
TORONTO_EAR83_STU01024,TORONTO_EAR83_0047
TORONTO_EAR83_STU01024,TORONTO_EAR83_0087
TORONTO_EAR83_STU01024,TORONTO_EAR83_0127
TORONTO_EAR83_STU01024,TORONTO_EAR83_0131
TORONTO_EAR83_STU01025,TORONTO_EAR83_0024
TORONTO_EAR83_STU01025,TORONTO_EAR83_0047
TORONTO_EAR83_STU01025,TORONTO_EAR83_0064
TORONTO_EAR83_STU01025,TORONTO_EAR83_0081
TORONTO_EAR83_STU01025,TORONTO_EAR83_0120
TORONTO_EAR83_STU01025,TORONTO_EAR83_0127
TORONTO_EAR83_STU01025,TORONTO_EAR83_0139
TORONTO_EAR83_STU01026,TORONTO_EAR83_0011
TORONTO_EAR83_STU01026,TORONTO_EAR83_0026
TORONTO_EAR83_STU01026,TORONTO_EAR83_0046
TORONTO_EAR83_STU01026,TORONTO_EAR83_0055
TORONTO_EAR83_STU01026,TORONTO_EAR83_0067
TORONTO_EAR83_STU01026,TORONTO_EAR83_0086
TORONTO_EAR83_STU01026,TORONTO_EAR83_0180
TORONTO_EAR83_STU01027,TORONTO_EAR83_0003
TORONTO_EAR83_STU01027,TORONTO_EAR83_0010
TORONTO_EAR83_STU01027,TORONTO_EAR83_0024
TORONTO_EAR83_STU01027,TORONTO_EAR83_0047
TORONTO_EAR83_STU01027,TORONTO_EAR83_0087
TORONTO_EAR83_STU01027,TORONTO_EAR83_0131
TORONTO_EAR83_STU01027,TORONTO_EAR83_0142
TORONTO_EAR83_STU01027,TORONTO_EAR83_0153
TORONTO_EAR83_STU01028,TORONTO_EAR83_0002
TORONTO_EAR83_STU01028,TORONTO_EAR83_0006
TORONTO_EAR83_STU01028,TORONTO_EAR83_0013
TORONTO_EAR83_STU01028,TORONTO_EAR83_0024
TORONTO_EAR83_STU01028,TORONTO_EAR83_0039
TORONTO_EAR83_STU01028,TORONTO_EAR83_0064
TORONTO_EAR83_STU01028,TORONTO_EAR83_0081
TORONTO_EAR83_STU01028,TORONTO_EAR83_0137
TORONTO_EAR83_STU01029,TORONTO_EAR83_0011
TORONTO_EAR83_STU01029,TORONTO_EAR83_0024
TORONTO_EAR83_STU01029,TORONTO_EAR83_0047
TORONTO_EAR83_STU01029,TORONTO_EAR83_0064
TORONTO_EAR83_STU01029,TORONTO_EAR83_0087
TORONTO_EAR83_STU01029,TORONTO_EAR83_0098
TORONTO_EAR83_STU01029,TORONTO_EAR83_0121
TORONTO_EAR83_STU01029,TORONTO_EAR83_0131
TORONTO_EAR83_STU01030,TORONTO_EAR83_0024
TORONTO_EAR83_STU01030,TORONTO_EAR83_0047
TORONTO_EAR83_STU01030,TORONTO_EAR83_0064
TORONTO_EAR83_STU01030,TORONTO_EAR83_0073
TORONTO_EAR83_STU01030,TORONTO_EAR83_0087
TORONTO_EAR83_STU01030,TORONTO_EAR83_0095
TORONTO_EAR83_STU01030,TORONTO_EAR83_0127
TORONTO_EAR83_STU01030,TORONTO_EAR83_0185
TORONTO_EAR83_STU01031,TORONTO_EAR83_0006
TORONTO_EAR83_STU01031,TORONTO_EAR83_0024
TORONTO_EAR83_STU01031,TORONTO_EAR83_0059
TORONTO_EAR83_STU01031,TORONTO_EAR83_0064
TORONTO_EAR83_STU01031,TORONTO_EAR83_0087
TORONTO_EAR83_STU01031,TORONTO_EAR83_0095
TORONTO_EAR83_STU01031,TORONTO_EAR83_0120
TORONTO_EAR83_STU01031,TORONTO_EAR83_0142
TORONTO_EAR83_STU01032,TORONTO_EAR83_0005
TORONTO_EAR83_STU01032,TORONTO_EAR83_0008
TORONTO_EAR83_STU01032,TORONTO_EAR83_0024
TORONTO_EAR83_STU01032,TORONTO_EAR83_0059
TORONTO_EAR83_STU01032,TORONTO_EAR83_0081
TORONTO_EAR83_STU01032,TORONTO_EAR83_0121
TORONTO_EAR83_STU01032,TORONTO_EAR83_0136
TORONTO_EAR83_STU01033,TORONTO_EAR83_0010
TORONTO_EAR83_STU01033,TORONTO_EAR83_0024
TORONTO_EAR83_STU01033,TORONTO_EAR83_0045
TORONTO_EAR83_STU01033,TORONTO_EAR83_0064
TORONTO_EAR83_STU01033,TORONTO_EAR83_0087
TORONTO_EAR83_STU01033,TORONTO_EAR83_0121
TORONTO_EAR83_STU01033,TORONTO_EAR83_0131
TORONTO_EAR83_STU01033,TORONTO_EAR83_0142
TORONTO_EAR83_STU01034,TORONTO_EAR83_0011
TORONTO_EAR83_STU01034,TORONTO_EAR83_0024
TORONTO_EAR83_STU01034,TORONTO_EAR83_0064
TORONTO_EAR83_STU01034,TORONTO_EAR83_0083
TORONTO_EAR83_STU01034,TORONTO_EAR83_0121
TORONTO_EAR83_STU01034,TORONTO_EAR83_0137
TORONTO_EAR83_STU01034,TORONTO_EAR83_0147
TORONTO_EAR83_STU01034,TORONTO_EAR83_0170
TORONTO_EAR83_STU01035,TORONTO_EAR83_0024
TORONTO_EAR83_STU01035,TORONTO_EAR83_0047
TORONTO_EAR83_STU01035,TORONTO_EAR83_0064
TORONTO_EAR83_STU01035,TORONTO_EAR83_0087
TORONTO_EAR83_STU01035,TORONTO_EAR83_0095
TORONTO_EAR83_STU01035,TORONTO_EAR83_0121
TORONTO_EAR83_STU01035,TORONTO_EAR83_0147
TORONTO_EAR83_STU01035,TORONTO_EAR83_0176
TORONTO_EAR83_STU01036,TORONTO_EAR83_0008
TORONTO_EAR83_STU01036,TORONTO_EAR83_0011
TORONTO_EAR83_STU01036,TORONTO_EAR83_0024
TORONTO_EAR83_STU01036,TORONTO_EAR83_0046
TORONTO_EAR83_STU01036,TORONTO_EAR83_0059
TORONTO_EAR83_STU01036,TORONTO_EAR83_0081
TORONTO_EAR83_STU01036,TORONTO_EAR83_0121
TORONTO_EAR83_STU01037,TORONTO_EAR83_0011
TORONTO_EAR83_STU01037,TORONTO_EAR83_0024
TORONTO_EAR83_STU01037,TORONTO_EAR83_0045
TORONTO_EAR83_STU01037,TORONTO_EAR83_0059
TORONTO_EAR83_STU01037,TORONTO_EAR83_0087
TORONTO_EAR83_STU01037,TORONTO_EAR83_0127
TORONTO_EAR83_STU01037,TORONTO_EAR83_0147
TORONTO_EAR83_STU01038,TORONTO_EAR83_0011
TORONTO_EAR83_STU01038,TORONTO_EAR83_0024
TORONTO_EAR83_STU01038,TORONTO_EAR83_0059
TORONTO_EAR83_STU01038,TORONTO_EAR83_0087
TORONTO_EAR83_STU01038,TORONTO_EAR83_0127
TORONTO_EAR83_STU01038,TORONTO_EAR83_0147
TORONTO_EAR83_STU01038,TORONTO_EAR83_0157
TORONTO_EAR83_STU01039,TORONTO_EAR83_0006
TORONTO_EAR83_STU01039,TORONTO_EAR83_0012
TORONTO_EAR83_STU01039,TORONTO_EAR83_0014
TORONTO_EAR83_STU01039,TORONTO_EAR83_0024
TORONTO_EAR83_STU01039,TORONTO_EAR83_0055
TORONTO_EAR83_STU01039,TORONTO_EAR83_0064
TORONTO_EAR83_STU01039,TORONTO_EAR83_0086
TORONTO_EAR83_STU01039,TORONTO_EAR83_0120
TORONTO_EAR83_STU01040,TORONTO_EAR83_0005
TORONTO_EAR83_STU01040,TORONTO_EAR83_0024
TORONTO_EAR83_STU01040,TORONTO_EAR83_0045
TORONTO_EAR83_STU01040,TORONTO_EAR83_0064
TORONTO_EAR83_STU01040,TORONTO_EAR83_0087
TORONTO_EAR83_STU01040,TORONTO_EAR83_0121
TORONTO_EAR83_STU01040,TORONTO_EAR83_0131
TORONTO_EAR83_STU01040,TORONTO_EAR83_0142
TORONTO_EAR83_STU01041,TORONTO_EAR83_0010
TORONTO_EAR83_STU01041,TORONTO_EAR83_0024
TORONTO_EAR83_STU01041,TORONTO_EAR83_0045
TORONTO_EAR83_STU01041,TORONTO_EAR83_0064
TORONTO_EAR83_STU01041,TORONTO_EAR83_0073
TORONTO_EAR83_STU01041,TORONTO_EAR83_0090
TORONTO_EAR83_STU01041,TORONTO_EAR83_0142
TORONTO_EAR83_STU01041,TORONTO_EAR83_0161
TORONTO_EAR83_STU01042,TORONTO_EAR83_0012
TORONTO_EAR83_STU01042,TORONTO_EAR83_0027
TORONTO_EAR83_STU01042,TORONTO_EAR83_0090
TORONTO_EAR83_STU01042,TORONTO_EAR83_0124
TORONTO_EAR83_STU01042,TORONTO_EAR83_0157
TORONTO_EAR83_STU01042,TORONTO_EAR83_0166
TORONTO_EAR83_STU01042,TORONTO_EAR83_0171
TORONTO_EAR83_STU01043,TORONTO_EAR83_0023
TORONTO_EAR83_STU01043,TORONTO_EAR83_0086
TORONTO_EAR83_STU01043,TORONTO_EAR83_0147
TORONTO_EAR83_STU01043,TORONTO_EAR83_0151
TORONTO_EAR83_STU01044,TORONTO_EAR83_0005
TORONTO_EAR83_STU01044,TORONTO_EAR83_0011
TORONTO_EAR83_STU01044,TORONTO_EAR83_0086
TORONTO_EAR83_STU01044,TORONTO_EAR83_0130
TORONTO_EAR83_STU01044,TORONTO_EAR83_0141
TORONTO_EAR83_STU01044,TORONTO_EAR83_0151
TORONTO_EAR83_STU01044,TORONTO_EAR83_0157
TORONTO_EAR83_STU01045,TORONTO_EAR83_0024
TORONTO_EAR83_STU01045,TORONTO_EAR83_0047
TORONTO_EAR83_STU01045,TORONTO_EAR83_0059
TORONTO_EAR83_STU01045,TORONTO_EAR83_0064
TORONTO_EAR83_STU01045,TORONTO_EAR83_0087
TORONTO_EAR83_STU01045,TORONTO_EAR83_0120
TORONTO_EAR83_STU01045,TORONTO_EAR83_0139
TORONTO_EAR83_STU01046,TORONTO_EAR83_0024
TORONTO_EAR83_STU01046,TORONTO_EAR83_0047
TORONTO_EAR83_STU01046,TORONTO_EAR83_0059
TORONTO_EAR83_STU01046,TORONTO_EAR83_0064
TORONTO_EAR83_STU01046,TORONTO_EAR83_0090
TORONTO_EAR83_STU01046,TORONTO_EAR83_0120
TORONTO_EAR83_STU01046,TORONTO_EAR83_0139
TORONTO_EAR83_STU01047,TORONTO_EAR83_0024
TORONTO_EAR83_STU01047,TORONTO_EAR83_0047
TORONTO_EAR83_STU01047,TORONTO_EAR83_0065
TORONTO_EAR83_STU01047,TORONTO_EAR83_0073
TORONTO_EAR83_STU01047,TORONTO_EAR83_0087
TORONTO_EAR83_STU01047,TORONTO_EAR83_0127
TORONTO_EAR83_STU01047,TORONTO_EAR83_0142
TORONTO_EAR83_STU01047,TORONTO_EAR83_0157
TORONTO_EAR83_STU01048,TORONTO_EAR83_0003
TORONTO_EAR83_STU01048,TORONTO_EAR83_0024
TORONTO_EAR83_STU01048,TORONTO_EAR83_0047
TORONTO_EAR83_STU01048,TORONTO_EAR83_0064
TORONTO_EAR83_STU01048,TORONTO_EAR83_0087
TORONTO_EAR83_STU01048,TORONTO_EAR83_0127
TORONTO_EAR83_STU01048,TORONTO_EAR83_0131
TORONTO_EAR83_STU01049,TORONTO_EAR83_0011
TORONTO_EAR83_STU01049,TORONTO_EAR83_0023
TORONTO_EAR83_STU01049,TORONTO_EAR83_0044
TORONTO_EAR83_STU01049,TORONTO_EAR83_0059
TORONTO_EAR83_STU01049,TORONTO_EAR83_0081
TORONTO_EAR83_STU01049,TORONTO_EAR83_0120
TORONTO_EAR83_STU01049,TORONTO_EAR83_0126
TORONTO_EAR83_STU01049,TORONTO_EAR83_0161
TORONTO_EAR83_STU01050,TORONTO_EAR83_0024
TORONTO_EAR83_STU01050,TORONTO_EAR83_0047
TORONTO_EAR83_STU01050,TORONTO_EAR83_0064
TORONTO_EAR83_STU01050,TORONTO_EAR83_0087
TORONTO_EAR83_STU01050,TORONTO_EAR83_0095
TORONTO_EAR83_STU01050,TORONTO_EAR83_0120
TORONTO_EAR83_STU01050,TORONTO_EAR83_0127
TORONTO_EAR83_STU01050,TORONTO_EAR83_0131
TORONTO_EAR83_STU01051,TORONTO_EAR83_0005
TORONTO_EAR83_STU01051,TORONTO_EAR83_0008
TORONTO_EAR83_STU01051,TORONTO_EAR83_0012
TORONTO_EAR83_STU01051,TORONTO_EAR83_0026
TORONTO_EAR83_STU01051,TORONTO_EAR83_0032
TORONTO_EAR83_STU01051,TORONTO_EAR83_0046
TORONTO_EAR83_STU01051,TORONTO_EAR83_0055
TORONTO_EAR83_STU01052,TORONTO_EAR83_0009
TORONTO_EAR83_STU01052,TORONTO_EAR83_0024
TORONTO_EAR83_STU01052,TORONTO_EAR83_0047
TORONTO_EAR83_STU01052,TORONTO_EAR83_0062
TORONTO_EAR83_STU01052,TORONTO_EAR83_0083
TORONTO_EAR83_STU01052,TORONTO_EAR83_0137
TORONTO_EAR83_STU01052,TORONTO_EAR83_0185
TORONTO_EAR83_STU01053,TORONTO_EAR83_0003
TORONTO_EAR83_STU01053,TORONTO_EAR83_0024
TORONTO_EAR83_STU01053,TORONTO_EAR83_0047
TORONTO_EAR83_STU01053,TORONTO_EAR83_0064
TORONTO_EAR83_STU01053,TORONTO_EAR83_0087
TORONTO_EAR83_STU01053,TORONTO_EAR83_0120
TORONTO_EAR83_STU01053,TORONTO_EAR83_0127
TORONTO_EAR83_STU01053,TORONTO_EAR83_0142
TORONTO_EAR83_STU01054,TORONTO_EAR83_0009
TORONTO_EAR83_STU01054,TORONTO_EAR83_0020
TORONTO_EAR83_STU01054,TORONTO_EAR83_0039
TORONTO_EAR83_STU01054,TORONTO_EAR83_0065
TORONTO_EAR83_STU01054,TORONTO_EAR83_0083
TORONTO_EAR83_STU01054,TORONTO_EAR83_0110
TORONTO_EAR83_STU01054,TORONTO_EAR83_0119
TORONTO_EAR83_STU01054,TORONTO_EAR83_0131
TORONTO_EAR83_STU01055,TORONTO_EAR83_0005
TORONTO_EAR83_STU01055,TORONTO_EAR83_0026
TORONTO_EAR83_STU01055,TORONTO_EAR83_0081
TORONTO_EAR83_STU01055,TORONTO_EAR83_0126
TORONTO_EAR83_STU01055,TORONTO_EAR83_0136
TORONTO_EAR83_STU01055,TORONTO_EAR83_0153
TORONTO_EAR83_STU01055,TORONTO_EAR83_0157
TORONTO_EAR83_STU01056,TORONTO_EAR83_0005
TORONTO_EAR83_STU01056,TORONTO_EAR83_0008
TORONTO_EAR83_STU01056,TORONTO_EAR83_0026
TORONTO_EAR83_STU01056,TORONTO_EAR83_0033
TORONTO_EAR83_STU01056,TORONTO_EAR83_0089
TORONTO_EAR83_STU01056,TORONTO_EAR83_0157
TORONTO_EAR83_STU01056,TORONTO_EAR83_0185
TORONTO_EAR83_STU01057,TORONTO_EAR83_0027
TORONTO_EAR83_STU01057,TORONTO_EAR83_0060
TORONTO_EAR83_STU01057,TORONTO_EAR83_0067
TORONTO_EAR83_STU01057,TORONTO_EAR83_0090
TORONTO_EAR83_STU01057,TORONTO_EAR83_0096
TORONTO_EAR83_STU01057,TORONTO_EAR83_0123
TORONTO_EAR83_STU01057,TORONTO_EAR83_0131
TORONTO_EAR83_STU01057,TORONTO_EAR83_0142
TORONTO_EAR83_STU01058,TORONTO_EAR83_0005
TORONTO_EAR83_STU01058,TORONTO_EAR83_0007
TORONTO_EAR83_STU01058,TORONTO_EAR83_0010
TORONTO_EAR83_STU01058,TORONTO_EAR83_0027
TORONTO_EAR83_STU01058,TORONTO_EAR83_0067
TORONTO_EAR83_STU01058,TORONTO_EAR83_0090
TORONTO_EAR83_STU01058,TORONTO_EAR83_0131
TORONTO_EAR83_STU01058,TORONTO_EAR83_0143
TORONTO_EAR83_STU01059,TORONTO_EAR83_0007
TORONTO_EAR83_STU01059,TORONTO_EAR83_0026
TORONTO_EAR83_STU01059,TORONTO_EAR83_0074
TORONTO_EAR83_STU01059,TORONTO_EAR83_0075
TORONTO_EAR83_STU01059,TORONTO_EAR83_0089
TORONTO_EAR83_STU01060,TORONTO_EAR83_0003
TORONTO_EAR83_STU01060,TORONTO_EAR83_0027
TORONTO_EAR83_STU01060,TORONTO_EAR83_0067
TORONTO_EAR83_STU01060,TORONTO_EAR83_0090
TORONTO_EAR83_STU01060,TORONTO_EAR83_0123
TORONTO_EAR83_STU01060,TORONTO_EAR83_0127
TORONTO_EAR83_STU01060,TORONTO_EAR83_0131
TORONTO_EAR83_STU01061,TORONTO_EAR83_0059
TORONTO_EAR83_STU01061,TORONTO_EAR83_0151
TORONTO_EAR83_STU01061,TORONTO_EAR83_0157
TORONTO_EAR83_STU01061,TORONTO_EAR83_0172
TORONTO_EAR83_STU01061,TORONTO_EAR83_0189
TORONTO_EAR83_STU01062,TORONTO_EAR83_0027
TORONTO_EAR83_STU01062,TORONTO_EAR83_0090
TORONTO_EAR83_STU01062,TORONTO_EAR83_0141
TORONTO_EAR83_STU01062,TORONTO_EAR83_0147
TORONTO_EAR83_STU01062,TORONTO_EAR83_0153
TORONTO_EAR83_STU01062,TORONTO_EAR83_0157
TORONTO_EAR83_STU01063,TORONTO_EAR83_0027
TORONTO_EAR83_STU01063,TORONTO_EAR83_0090
TORONTO_EAR83_STU01063,TORONTO_EAR83_0131
TORONTO_EAR83_STU01063,TORONTO_EAR83_0153
TORONTO_EAR83_STU01063,TORONTO_EAR83_0179
TORONTO_EAR83_STU01064,TORONTO_EAR83_0007
TORONTO_EAR83_STU01064,TORONTO_EAR83_0011
TORONTO_EAR83_STU01064,TORONTO_EAR83_0013
TORONTO_EAR83_STU01064,TORONTO_EAR83_0027
TORONTO_EAR83_STU01064,TORONTO_EAR83_0055
TORONTO_EAR83_STU01064,TORONTO_EAR83_0067
TORONTO_EAR83_STU01064,TORONTO_EAR83_0123
TORONTO_EAR83_STU01065,TORONTO_EAR83_0026
TORONTO_EAR83_STU01065,TORONTO_EAR83_0089
TORONTO_EAR83_STU01065,TORONTO_EAR83_0124
TORONTO_EAR83_STU01065,TORONTO_EAR83_0139
TORONTO_EAR83_STU01065,TORONTO_EAR83_0172
TORONTO_EAR83_STU01066,TORONTO_EAR83_0015
TORONTO_EAR83_STU01066,TORONTO_EAR83_0026
TORONTO_EAR83_STU01066,TORONTO_EAR83_0033
TORONTO_EAR83_STU01066,TORONTO_EAR83_0089
TORONTO_EAR83_STU01066,TORONTO_EAR83_0096
TORONTO_EAR83_STU01066,TORONTO_EAR83_0123
TORONTO_EAR83_STU01067,TORONTO_EAR83_0011
TORONTO_EAR83_STU01067,TORONTO_EAR83_0026
TORONTO_EAR83_STU01067,TORONTO_EAR83_0033
TORONTO_EAR83_STU01067,TORONTO_EAR83_0055
TORONTO_EAR83_STU01067,TORONTO_EAR83_0089
TORONTO_EAR83_STU01067,TORONTO_EAR83_0123
TORONTO_EAR83_STU01067,TORONTO_EAR83_0157
TORONTO_EAR83_STU01067,TORONTO_EAR83_0166
TORONTO_EAR83_STU01068,TORONTO_EAR83_0026
TORONTO_EAR83_STU01069,TORONTO_EAR83_0026
TORONTO_EAR83_STU01069,TORONTO_EAR83_0060
TORONTO_EAR83_STU01069,TORONTO_EAR83_0087
TORONTO_EAR83_STU01069,TORONTO_EAR83_0096
TORONTO_EAR83_STU01069,TORONTO_EAR83_0127
TORONTO_EAR83_STU01069,TORONTO_EAR83_0142
TORONTO_EAR83_STU01070,TORONTO_EAR83_0027
TORONTO_EAR83_STU01070,TORONTO_EAR83_0068
TORONTO_EAR83_STU01070,TORONTO_EAR83_0090
TORONTO_EAR83_STU01070,TORONTO_EAR83_0096
TORONTO_EAR83_STU01070,TORONTO_EAR83_0124
TORONTO_EAR83_STU01070,TORONTO_EAR83_0127
TORONTO_EAR83_STU01070,TORONTO_EAR83_0131
TORONTO_EAR83_STU01071,TORONTO_EAR83_0007
TORONTO_EAR83_STU01071,TORONTO_EAR83_0027
TORONTO_EAR83_STU01071,TORONTO_EAR83_0156
TORONTO_EAR83_STU01071,TORONTO_EAR83_0189
TORONTO_EAR83_STU01072,TORONTO_EAR83_0005
TORONTO_EAR83_STU01072,TORONTO_EAR83_0026
TORONTO_EAR83_STU01072,TORONTO_EAR83_0033
TORONTO_EAR83_STU01072,TORONTO_EAR83_0089
TORONTO_EAR83_STU01072,TORONTO_EAR83_0123
TORONTO_EAR83_STU01072,TORONTO_EAR83_0130
TORONTO_EAR83_STU01073,TORONTO_EAR83_0018
TORONTO_EAR83_STU01073,TORONTO_EAR83_0062
TORONTO_EAR83_STU01073,TORONTO_EAR83_0084
TORONTO_EAR83_STU01073,TORONTO_EAR83_0135
TORONTO_EAR83_STU01074,TORONTO_EAR83_0018
TORONTO_EAR83_STU01074,TORONTO_EAR83_0049
TORONTO_EAR83_STU01074,TORONTO_EAR83_0061
TORONTO_EAR83_STU01074,TORONTO_EAR83_0080
TORONTO_EAR83_STU01074,TORONTO_EAR83_0100
TORONTO_EAR83_STU01074,TORONTO_EAR83_0106
TORONTO_EAR83_STU01074,TORONTO_EAR83_0135
TORONTO_EAR83_STU01074,TORONTO_EAR83_0158
TORONTO_EAR83_STU01074,TORONTO_EAR83_0181
TORONTO_EAR83_STU01075,TORONTO_EAR83_0009
TORONTO_EAR83_STU01075,TORONTO_EAR83_0020
TORONTO_EAR83_STU01075,TORONTO_EAR83_0039
TORONTO_EAR83_STU01075,TORONTO_EAR83_0083
TORONTO_EAR83_STU01075,TORONTO_EAR83_0117
TORONTO_EAR83_STU01075,TORONTO_EAR83_0137
TORONTO_EAR83_STU01075,TORONTO_EAR83_0147
TORONTO_EAR83_STU01075,TORONTO_EAR83_0168
TORONTO_EAR83_STU01076,TORONTO_EAR83_0015
TORONTO_EAR83_STU01076,TORONTO_EAR83_0026
TORONTO_EAR83_STU01076,TORONTO_EAR83_0043
TORONTO_EAR83_STU01076,TORONTO_EAR83_0044
TORONTO_EAR83_STU01076,TORONTO_EAR83_0046
TORONTO_EAR83_STU01076,TORONTO_EAR83_0055
TORONTO_EAR83_STU01076,TORONTO_EAR83_0178
TORONTO_EAR83_STU01077,TORONTO_EAR83_0024
TORONTO_EAR83_STU01077,TORONTO_EAR83_0045
TORONTO_EAR83_STU01077,TORONTO_EAR83_0090
TORONTO_EAR83_STU01077,TORONTO_EAR83_0111
TORONTO_EAR83_STU01077,TORONTO_EAR83_0142
TORONTO_EAR83_STU01077,TORONTO_EAR83_0187
TORONTO_EAR83_STU01078,TORONTO_EAR83_0009
TORONTO_EAR83_STU01078,TORONTO_EAR83_0027
TORONTO_EAR83_STU01078,TORONTO_EAR83_0090
TORONTO_EAR83_STU01078,TORONTO_EAR83_0104
TORONTO_EAR83_STU01078,TORONTO_EAR83_0111
TORONTO_EAR83_STU01078,TORONTO_EAR83_0127
TORONTO_EAR83_STU01079,TORONTO_EAR83_0024
TORONTO_EAR83_STU01079,TORONTO_EAR83_0047
TORONTO_EAR83_STU01079,TORONTO_EAR83_0064
TORONTO_EAR83_STU01079,TORONTO_EAR83_0087
TORONTO_EAR83_STU01079,TORONTO_EAR83_0101
TORONTO_EAR83_STU01079,TORONTO_EAR83_0109
TORONTO_EAR83_STU01079,TORONTO_EAR83_0131
TORONTO_EAR83_STU01079,TORONTO_EAR83_0159
TORONTO_EAR83_STU01079,TORONTO_EAR83_0183
TORONTO_EAR83_STU01080,TORONTO_EAR83_0009
TORONTO_EAR83_STU01080,TORONTO_EAR83_0024
TORONTO_EAR83_STU01080,TORONTO_EAR83_0045
TORONTO_EAR83_STU01080,TORONTO_EAR83_0047
TORONTO_EAR83_STU01080,TORONTO_EAR83_0065
TORONTO_EAR83_STU01080,TORONTO_EAR83_0087
TORONTO_EAR83_STU01080,TORONTO_EAR83_0120
TORONTO_EAR83_STU01080,TORONTO_EAR83_0139
TORONTO_EAR83_STU01081,TORONTO_EAR83_0024
TORONTO_EAR83_STU01081,TORONTO_EAR83_0046
TORONTO_EAR83_STU01081,TORONTO_EAR83_0059
TORONTO_EAR83_STU01081,TORONTO_EAR83_0064
TORONTO_EAR83_STU01081,TORONTO_EAR83_0086
TORONTO_EAR83_STU01081,TORONTO_EAR83_0123
TORONTO_EAR83_STU01081,TORONTO_EAR83_0127
TORONTO_EAR83_STU01081,TORONTO_EAR83_0157
TORONTO_EAR83_STU01082,TORONTO_EAR83_0006
TORONTO_EAR83_STU01082,TORONTO_EAR83_0008
TORONTO_EAR83_STU01082,TORONTO_EAR83_0012
TORONTO_EAR83_STU01082,TORONTO_EAR83_0014
TORONTO_EAR83_STU01082,TORONTO_EAR83_0023
TORONTO_EAR83_STU01082,TORONTO_EAR83_0032
TORONTO_EAR83_STU01082,TORONTO_EAR83_0086
TORONTO_EAR83_STU01082,TORONTO_EAR83_0120
TORONTO_EAR83_STU01083,TORONTO_EAR83_0027
TORONTO_EAR83_STU01083,TORONTO_EAR83_0047
TORONTO_EAR83_STU01083,TORONTO_EAR83_0090
TORONTO_EAR83_STU01083,TORONTO_EAR83_0122
TORONTO_EAR83_STU01083,TORONTO_EAR83_0127
TORONTO_EAR83_STU01084,TORONTO_EAR83_0030
TORONTO_EAR83_STU01084,TORONTO_EAR83_0057
TORONTO_EAR83_STU01084,TORONTO_EAR83_0070
TORONTO_EAR83_STU01084,TORONTO_EAR83_0128
TORONTO_EAR83_STU01084,TORONTO_EAR83_0133
TORONTO_EAR83_STU01084,TORONTO_EAR83_0190
TORONTO_EAR83_STU01085,TORONTO_EAR83_0029
TORONTO_EAR83_STU01085,TORONTO_EAR83_0057
TORONTO_EAR83_STU01085,TORONTO_EAR83_0077
TORONTO_EAR83_STU01085,TORONTO_EAR83_0078
TORONTO_EAR83_STU01085,TORONTO_EAR83_0133
TORONTO_EAR83_STU01085,TORONTO_EAR83_0143
TORONTO_EAR83_STU01086,TORONTO_EAR83_0029
TORONTO_EAR83_STU01086,TORONTO_EAR83_0030
TORONTO_EAR83_STU01086,TORONTO_EAR83_0034
TORONTO_EAR83_STU01086,TORONTO_EAR83_0070
TORONTO_EAR83_STU01086,TORONTO_EAR83_0089
TORONTO_EAR83_STU01086,TORONTO_EAR83_0128
TORONTO_EAR83_STU01087,TORONTO_EAR83_0029
TORONTO_EAR83_STU01087,TORONTO_EAR83_0030
TORONTO_EAR83_STU01087,TORONTO_EAR83_0034
TORONTO_EAR83_STU01087,TORONTO_EAR83_0078
TORONTO_EAR83_STU01087,TORONTO_EAR83_0133
TORONTO_EAR83_STU01088,TORONTO_EAR83_0009
TORONTO_EAR83_STU01088,TORONTO_EAR83_0022
TORONTO_EAR83_STU01088,TORONTO_EAR83_0054
TORONTO_EAR83_STU01088,TORONTO_EAR83_0062
TORONTO_EAR83_STU01088,TORONTO_EAR83_0088
TORONTO_EAR83_STU01088,TORONTO_EAR83_0093
TORONTO_EAR83_STU01088,TORONTO_EAR83_0116
TORONTO_EAR83_STU01088,TORONTO_EAR83_0138
TORONTO_EAR83_STU01089,TORONTO_EAR83_0020
TORONTO_EAR83_STU01089,TORONTO_EAR83_0039
TORONTO_EAR83_STU01089,TORONTO_EAR83_0062
TORONTO_EAR83_STU01089,TORONTO_EAR83_0083
TORONTO_EAR83_STU01089,TORONTO_EAR83_0117
TORONTO_EAR83_STU01089,TORONTO_EAR83_0136
TORONTO_EAR83_STU01089,TORONTO_EAR83_0147
TORONTO_EAR83_STU01089,TORONTO_EAR83_0176
TORONTO_EAR83_STU01090,TORONTO_EAR83_0020
TORONTO_EAR83_STU01090,TORONTO_EAR83_0052
TORONTO_EAR83_STU01090,TORONTO_EAR83_0062
TORONTO_EAR83_STU01090,TORONTO_EAR83_0083
TORONTO_EAR83_STU01090,TORONTO_EAR83_0097
TORONTO_EAR83_STU01090,TORONTO_EAR83_0137
TORONTO_EAR83_STU01090,TORONTO_EAR83_0151
TORONTO_EAR83_STU01090,TORONTO_EAR83_0157
TORONTO_EAR83_STU01091,TORONTO_EAR83_0020
TORONTO_EAR83_STU01091,TORONTO_EAR83_0039
TORONTO_EAR83_STU01091,TORONTO_EAR83_0062
TORONTO_EAR83_STU01091,TORONTO_EAR83_0083
TORONTO_EAR83_STU01091,TORONTO_EAR83_0117
TORONTO_EAR83_STU01091,TORONTO_EAR83_0137
TORONTO_EAR83_STU01091,TORONTO_EAR83_0150
TORONTO_EAR83_STU01091,TORONTO_EAR83_0182
TORONTO_EAR83_STU01092,TORONTO_EAR83_0020
TORONTO_EAR83_STU01092,TORONTO_EAR83_0052
TORONTO_EAR83_STU01092,TORONTO_EAR83_0062
TORONTO_EAR83_STU01092,TORONTO_EAR83_0083
TORONTO_EAR83_STU01092,TORONTO_EAR83_0097
TORONTO_EAR83_STU01092,TORONTO_EAR83_0137
TORONTO_EAR83_STU01092,TORONTO_EAR83_0151
TORONTO_EAR83_STU01092,TORONTO_EAR83_0157
TORONTO_EAR83_STU01093,TORONTO_EAR83_0009
TORONTO_EAR83_STU01093,TORONTO_EAR83_0020
TORONTO_EAR83_STU01093,TORONTO_EAR83_0052
TORONTO_EAR83_STU01093,TORONTO_EAR83_0062
TORONTO_EAR83_STU01093,TORONTO_EAR83_0083
TORONTO_EAR83_STU01093,TORONTO_EAR83_0117
TORONTO_EAR83_STU01093,TORONTO_EAR83_0137
TORONTO_EAR83_STU01093,TORONTO_EAR83_0168
TORONTO_EAR83_STU01094,TORONTO_EAR83_0003
TORONTO_EAR83_STU01094,TORONTO_EAR83_0017
TORONTO_EAR83_STU01094,TORONTO_EAR83_0020
TORONTO_EAR83_STU01094,TORONTO_EAR83_0052
TORONTO_EAR83_STU01094,TORONTO_EAR83_0062
TORONTO_EAR83_STU01094,TORONTO_EAR83_0072
TORONTO_EAR83_STU01094,TORONTO_EAR83_0083
TORONTO_EAR83_STU01094,TORONTO_EAR83_0137
TORONTO_EAR83_STU01095,TORONTO_EAR83_0020
TORONTO_EAR83_STU01095,TORONTO_EAR83_0052
TORONTO_EAR83_STU01095,TORONTO_EAR83_0072
TORONTO_EAR83_STU01095,TORONTO_EAR83_0083
TORONTO_EAR83_STU01095,TORONTO_EAR83_0117
TORONTO_EAR83_STU01095,TORONTO_EAR83_0137
TORONTO_EAR83_STU01095,TORONTO_EAR83_0147
TORONTO_EAR83_STU01095,TORONTO_EAR83_0176
TORONTO_EAR83_STU01096,TORONTO_EAR83_0015
TORONTO_EAR83_STU01096,TORONTO_EAR83_0019
TORONTO_EAR83_STU01096,TORONTO_EAR83_0031
TORONTO_EAR83_STU01096,TORONTO_EAR83_0050
TORONTO_EAR83_STU01096,TORONTO_EAR83_0081
TORONTO_EAR83_STU01096,TORONTO_EAR83_0116
TORONTO_EAR83_STU01096,TORONTO_EAR83_0136
TORONTO_EAR83_STU01096,TORONTO_EAR83_0182
TORONTO_EAR83_STU01097,TORONTO_EAR83_0020
TORONTO_EAR83_STU01097,TORONTO_EAR83_0052
TORONTO_EAR83_STU01097,TORONTO_EAR83_0062
TORONTO_EAR83_STU01097,TORONTO_EAR83_0083
TORONTO_EAR83_STU01097,TORONTO_EAR83_0116
TORONTO_EAR83_STU01097,TORONTO_EAR83_0137
TORONTO_EAR83_STU01097,TORONTO_EAR83_0151
TORONTO_EAR83_STU01097,TORONTO_EAR83_0157
TORONTO_EAR83_STU01098,TORONTO_EAR83_0009
TORONTO_EAR83_STU01098,TORONTO_EAR83_0015
TORONTO_EAR83_STU01098,TORONTO_EAR83_0020
TORONTO_EAR83_STU01098,TORONTO_EAR83_0031
TORONTO_EAR83_STU01098,TORONTO_EAR83_0052
TORONTO_EAR83_STU01098,TORONTO_EAR83_0062
TORONTO_EAR83_STU01098,TORONTO_EAR83_0083
TORONTO_EAR83_STU01098,TORONTO_EAR83_0137
TORONTO_EAR83_STU01099,TORONTO_EAR83_0020
TORONTO_EAR83_STU01099,TORONTO_EAR83_0062
TORONTO_EAR83_STU01099,TORONTO_EAR83_0083
TORONTO_EAR83_STU01099,TORONTO_EAR83_0116
TORONTO_EAR83_STU01099,TORONTO_EAR83_0137
TORONTO_EAR83_STU01099,TORONTO_EAR83_0139
TORONTO_EAR83_STU01099,TORONTO_EAR83_0151
TORONTO_EAR83_STU01099,TORONTO_EAR83_0157
TORONTO_EAR83_STU01100,TORONTO_EAR83_0020
TORONTO_EAR83_STU01100,TORONTO_EAR83_0052
TORONTO_EAR83_STU01100,TORONTO_EAR83_0062
TORONTO_EAR83_STU01100,TORONTO_EAR83_0072
TORONTO_EAR83_STU01100,TORONTO_EAR83_0083
TORONTO_EAR83_STU01100,TORONTO_EAR83_0117
TORONTO_EAR83_STU01100,TORONTO_EAR83_0137
TORONTO_EAR83_STU01100,TORONTO_EAR83_0153
TORONTO_EAR83_STU01101,TORONTO_EAR83_0017
TORONTO_EAR83_STU01101,TORONTO_EAR83_0020
TORONTO_EAR83_STU01101,TORONTO_EAR83_0052
TORONTO_EAR83_STU01101,TORONTO_EAR83_0062
TORONTO_EAR83_STU01101,TORONTO_EAR83_0083
TORONTO_EAR83_STU01101,TORONTO_EAR83_0097
TORONTO_EAR83_STU01101,TORONTO_EAR83_0116
TORONTO_EAR83_STU01101,TORONTO_EAR83_0136
TORONTO_EAR83_STU01102,TORONTO_EAR83_0020
TORONTO_EAR83_STU01102,TORONTO_EAR83_0045
TORONTO_EAR83_STU01102,TORONTO_EAR83_0053
TORONTO_EAR83_STU01102,TORONTO_EAR83_0082
TORONTO_EAR83_STU01102,TORONTO_EAR83_0101
TORONTO_EAR83_STU01102,TORONTO_EAR83_0108
TORONTO_EAR83_STU01102,TORONTO_EAR83_0136
TORONTO_EAR83_STU01102,TORONTO_EAR83_0159
TORONTO_EAR83_STU01102,TORONTO_EAR83_0184
TORONTO_EAR83_STU01103,TORONTO_EAR83_0020
TORONTO_EAR83_STU01103,TORONTO_EAR83_0050
TORONTO_EAR83_STU01103,TORONTO_EAR83_0081
TORONTO_EAR83_STU01103,TORONTO_EAR83_0117
TORONTO_EAR83_STU01103,TORONTO_EAR83_0136
TORONTO_EAR83_STU01103,TORONTO_EAR83_0147
TORONTO_EAR83_STU01103,TORONTO_EAR83_0157
TORONTO_EAR83_STU01103,TORONTO_EAR83_0182
TORONTO_EAR83_STU01104,TORONTO_EAR83_0020
TORONTO_EAR83_STU01104,TORONTO_EAR83_0039
TORONTO_EAR83_STU01104,TORONTO_EAR83_0062
TORONTO_EAR83_STU01104,TORONTO_EAR83_0072
TORONTO_EAR83_STU01104,TORONTO_EAR83_0083
TORONTO_EAR83_STU01104,TORONTO_EAR83_0092
TORONTO_EAR83_STU01104,TORONTO_EAR83_0137
TORONTO_EAR83_STU01104,TORONTO_EAR83_0182
TORONTO_EAR83_STU01105,TORONTO_EAR83_0020
TORONTO_EAR83_STU01105,TORONTO_EAR83_0052
TORONTO_EAR83_STU01105,TORONTO_EAR83_0083
TORONTO_EAR83_STU01105,TORONTO_EAR83_0117
TORONTO_EAR83_STU01105,TORONTO_EAR83_0136
TORONTO_EAR83_STU01105,TORONTO_EAR83_0151
TORONTO_EAR83_STU01105,TORONTO_EAR83_0157
TORONTO_EAR83_STU01105,TORONTO_EAR83_0168
TORONTO_EAR83_STU01106,TORONTO_EAR83_0009
TORONTO_EAR83_STU01106,TORONTO_EAR83_0014
TORONTO_EAR83_STU01106,TORONTO_EAR83_0017
TORONTO_EAR83_STU01106,TORONTO_EAR83_0020
TORONTO_EAR83_STU01106,TORONTO_EAR83_0039
TORONTO_EAR83_STU01106,TORONTO_EAR83_0062
TORONTO_EAR83_STU01106,TORONTO_EAR83_0083
TORONTO_EAR83_STU01106,TORONTO_EAR83_0137
TORONTO_EAR83_STU01107,TORONTO_EAR83_0020
TORONTO_EAR83_STU01107,TORONTO_EAR83_0052
TORONTO_EAR83_STU01107,TORONTO_EAR83_0062
TORONTO_EAR83_STU01107,TORONTO_EAR83_0083
TORONTO_EAR83_STU01107,TORONTO_EAR83_0093
TORONTO_EAR83_STU01107,TORONTO_EAR83_0116
TORONTO_EAR83_STU01107,TORONTO_EAR83_0137
TORONTO_EAR83_STU01107,TORONTO_EAR83_0182
TORONTO_EAR83_STU01108,TORONTO_EAR83_0009
TORONTO_EAR83_STU01108,TORONTO_EAR83_0020
TORONTO_EAR83_STU01108,TORONTO_EAR83_0039
TORONTO_EAR83_STU01108,TORONTO_EAR83_0062
TORONTO_EAR83_STU01108,TORONTO_EAR83_0083
TORONTO_EAR83_STU01108,TORONTO_EAR83_0092
TORONTO_EAR83_STU01108,TORONTO_EAR83_0117
TORONTO_EAR83_STU01108,TORONTO_EAR83_0137
TORONTO_EAR83_STU01109,TORONTO_EAR83_0020
TORONTO_EAR83_STU01109,TORONTO_EAR83_0052
TORONTO_EAR83_STU01109,TORONTO_EAR83_0062
TORONTO_EAR83_STU01109,TORONTO_EAR83_0083
TORONTO_EAR83_STU01109,TORONTO_EAR83_0093
TORONTO_EAR83_STU01109,TORONTO_EAR83_0117
TORONTO_EAR83_STU01109,TORONTO_EAR83_0137
TORONTO_EAR83_STU01109,TORONTO_EAR83_0147
TORONTO_EAR83_STU01110,TORONTO_EAR83_0008
TORONTO_EAR83_STU01110,TORONTO_EAR83_0015
TORONTO_EAR83_STU01110,TORONTO_EAR83_0019
TORONTO_EAR83_STU01110,TORONTO_EAR83_0031
TORONTO_EAR83_STU01110,TORONTO_EAR83_0038
TORONTO_EAR83_STU01110,TORONTO_EAR83_0081
TORONTO_EAR83_STU01110,TORONTO_EAR83_0136
TORONTO_EAR83_STU01110,TORONTO_EAR83_0150
TORONTO_EAR83_STU01110,TORONTO_EAR83_0154
TORONTO_EAR83_STU01111,TORONTO_EAR83_0019
TORONTO_EAR83_STU01111,TORONTO_EAR83_0038
TORONTO_EAR83_STU01111,TORONTO_EAR83_0081
TORONTO_EAR83_STU01111,TORONTO_EAR83_0117
TORONTO_EAR83_STU01111,TORONTO_EAR83_0136
TORONTO_EAR83_STU01111,TORONTO_EAR83_0144
TORONTO_EAR83_STU01111,TORONTO_EAR83_0168
TORONTO_EAR83_STU01111,TORONTO_EAR83_0173
TORONTO_EAR83_STU01112,TORONTO_EAR83_0015
TORONTO_EAR83_STU01112,TORONTO_EAR83_0020
TORONTO_EAR83_STU01112,TORONTO_EAR83_0050
TORONTO_EAR83_STU01112,TORONTO_EAR83_0062
TORONTO_EAR83_STU01112,TORONTO_EAR83_0083
TORONTO_EAR83_STU01112,TORONTO_EAR83_0116
TORONTO_EAR83_STU01112,TORONTO_EAR83_0136
TORONTO_EAR83_STU01112,TORONTO_EAR83_0182
TORONTO_EAR83_STU01113,TORONTO_EAR83_0019
TORONTO_EAR83_STU01113,TORONTO_EAR83_0038
TORONTO_EAR83_STU01113,TORONTO_EAR83_0081
TORONTO_EAR83_STU01113,TORONTO_EAR83_0117
TORONTO_EAR83_STU01113,TORONTO_EAR83_0136
TORONTO_EAR83_STU01113,TORONTO_EAR83_0147
TORONTO_EAR83_STU01113,TORONTO_EAR83_0168
TORONTO_EAR83_STU01114,TORONTO_EAR83_0019
TORONTO_EAR83_STU01114,TORONTO_EAR83_0038
TORONTO_EAR83_STU01114,TORONTO_EAR83_0081
TORONTO_EAR83_STU01114,TORONTO_EAR83_0136
TORONTO_EAR83_STU01114,TORONTO_EAR83_0144
TORONTO_EAR83_STU01114,TORONTO_EAR83_0152
TORONTO_EAR83_STU01114,TORONTO_EAR83_0168
TORONTO_EAR83_STU01114,TORONTO_EAR83_0182
TORONTO_EAR83_STU01115,TORONTO_EAR83_0009
TORONTO_EAR83_STU01115,TORONTO_EAR83_0020
TORONTO_EAR83_STU01115,TORONTO_EAR83_0039
TORONTO_EAR83_STU01115,TORONTO_EAR83_0062
TORONTO_EAR83_STU01115,TORONTO_EAR83_0083
TORONTO_EAR83_STU01115,TORONTO_EAR83_0097
TORONTO_EAR83_STU01115,TORONTO_EAR83_0137
TORONTO_EAR83_STU01115,TORONTO_EAR83_0182
TORONTO_EAR83_STU01116,TORONTO_EAR83_0017
TORONTO_EAR83_STU01116,TORONTO_EAR83_0020
TORONTO_EAR83_STU01116,TORONTO_EAR83_0031
TORONTO_EAR83_STU01116,TORONTO_EAR83_0039
TORONTO_EAR83_STU01116,TORONTO_EAR83_0062
TORONTO_EAR83_STU01116,TORONTO_EAR83_0083
TORONTO_EAR83_STU01116,TORONTO_EAR83_0116
TORONTO_EAR83_STU01116,TORONTO_EAR83_0137
TORONTO_EAR83_STU01117,TORONTO_EAR83_0019
TORONTO_EAR83_STU01117,TORONTO_EAR83_0050
TORONTO_EAR83_STU01117,TORONTO_EAR83_0081
TORONTO_EAR83_STU01117,TORONTO_EAR83_0117
TORONTO_EAR83_STU01117,TORONTO_EAR83_0136
TORONTO_EAR83_STU01117,TORONTO_EAR83_0144
TORONTO_EAR83_STU01117,TORONTO_EAR83_0173
TORONTO_EAR83_STU01118,TORONTO_EAR83_0019
TORONTO_EAR83_STU01118,TORONTO_EAR83_0038
TORONTO_EAR83_STU01118,TORONTO_EAR83_0081
TORONTO_EAR83_STU01118,TORONTO_EAR83_0136
TORONTO_EAR83_STU01118,TORONTO_EAR83_0144
TORONTO_EAR83_STU01118,TORONTO_EAR83_0147
TORONTO_EAR83_STU01118,TORONTO_EAR83_0152
TORONTO_EAR83_STU01118,TORONTO_EAR83_0154
TORONTO_EAR83_STU01118,TORONTO_EAR83_0168
TORONTO_EAR83_STU01118,TORONTO_EAR83_0173
TORONTO_EAR83_STU01119,TORONTO_EAR83_0019
TORONTO_EAR83_STU01119,TORONTO_EAR83_0038
TORONTO_EAR83_STU01119,TORONTO_EAR83_0081
TORONTO_EAR83_STU01119,TORONTO_EAR83_0117
TORONTO_EAR83_STU01119,TORONTO_EAR83_0136
TORONTO_EAR83_STU01119,TORONTO_EAR83_0144
TORONTO_EAR83_STU01119,TORONTO_EAR83_0152
TORONTO_EAR83_STU01119,TORONTO_EAR83_0154
TORONTO_EAR83_STU01119,TORONTO_EAR83_0173
TORONTO_EAR83_STU01119,TORONTO_EAR83_0176
TORONTO_EAR83_STU01120,TORONTO_EAR83_0019
TORONTO_EAR83_STU01120,TORONTO_EAR83_0038
TORONTO_EAR83_STU01120,TORONTO_EAR83_0081
TORONTO_EAR83_STU01120,TORONTO_EAR83_0117
TORONTO_EAR83_STU01120,TORONTO_EAR83_0136
TORONTO_EAR83_STU01120,TORONTO_EAR83_0144
TORONTO_EAR83_STU01120,TORONTO_EAR83_0152
TORONTO_EAR83_STU01120,TORONTO_EAR83_0154
TORONTO_EAR83_STU01120,TORONTO_EAR83_0176
TORONTO_EAR83_STU01120,TORONTO_EAR83_0177
TORONTO_EAR83_STU01121,TORONTO_EAR83_0019
TORONTO_EAR83_STU01121,TORONTO_EAR83_0038
TORONTO_EAR83_STU01121,TORONTO_EAR83_0081
TORONTO_EAR83_STU01121,TORONTO_EAR83_0136
TORONTO_EAR83_STU01121,TORONTO_EAR83_0144
TORONTO_EAR83_STU01121,TORONTO_EAR83_0147
TORONTO_EAR83_STU01121,TORONTO_EAR83_0152
TORONTO_EAR83_STU01121,TORONTO_EAR83_0154
TORONTO_EAR83_STU01121,TORONTO_EAR83_0173
TORONTO_EAR83_STU01121,TORONTO_EAR83_0176
TORONTO_EAR83_STU01122,TORONTO_EAR83_0008
TORONTO_EAR83_STU01122,TORONTO_EAR83_0019
TORONTO_EAR83_STU01122,TORONTO_EAR83_0038
TORONTO_EAR83_STU01122,TORONTO_EAR83_0050
TORONTO_EAR83_STU01122,TORONTO_EAR83_0081
TORONTO_EAR83_STU01122,TORONTO_EAR83_0117
TORONTO_EAR83_STU01122,TORONTO_EAR83_0136
TORONTO_EAR83_STU01122,TORONTO_EAR83_0144
TORONTO_EAR83_STU01122,TORONTO_EAR83_0154
TORONTO_EAR83_STU01123,TORONTO_EAR83_0019
TORONTO_EAR83_STU01123,TORONTO_EAR83_0038
TORONTO_EAR83_STU01123,TORONTO_EAR83_0081
TORONTO_EAR83_STU01123,TORONTO_EAR83_0092
TORONTO_EAR83_STU01123,TORONTO_EAR83_0144
TORONTO_EAR83_STU01123,TORONTO_EAR83_0147
TORONTO_EAR83_STU01123,TORONTO_EAR83_0152
TORONTO_EAR83_STU01123,TORONTO_EAR83_0173
TORONTO_EAR83_STU01123,TORONTO_EAR83_0176
TORONTO_EAR83_STU01123,TORONTO_EAR83_0177
TORONTO_EAR83_STU01124,TORONTO_EAR83_0003
TORONTO_EAR83_STU01124,TORONTO_EAR83_0009
TORONTO_EAR83_STU01124,TORONTO_EAR83_0017
TORONTO_EAR83_STU01124,TORONTO_EAR83_0020
TORONTO_EAR83_STU01124,TORONTO_EAR83_0052
TORONTO_EAR83_STU01124,TORONTO_EAR83_0062
TORONTO_EAR83_STU01124,TORONTO_EAR83_0083
TORONTO_EAR83_STU01124,TORONTO_EAR83_0137
TORONTO_EAR83_STU01125,TORONTO_EAR83_0020
TORONTO_EAR83_STU01125,TORONTO_EAR83_0039
TORONTO_EAR83_STU01125,TORONTO_EAR83_0062
TORONTO_EAR83_STU01125,TORONTO_EAR83_0083
TORONTO_EAR83_STU01125,TORONTO_EAR83_0116
TORONTO_EAR83_STU01125,TORONTO_EAR83_0137
TORONTO_EAR83_STU01125,TORONTO_EAR83_0151
TORONTO_EAR83_STU01125,TORONTO_EAR83_0182
