student code,exam code
TORONTO_TRE92_STU00001,TORONTO_TRE92_0183
TORONTO_TRE92_STU00002,TORONTO_TRE92_0221
TORONTO_TRE92_STU00003,TORONTO_TRE92_0199
TORONTO_TRE92_STU00004,TORONTO_TRE92_0049
TORONTO_TRE92_STU00005,TORONTO_TRE92_0015
TORONTO_TRE92_STU00006,TORONTO_TRE92_0046
TORONTO_TRE92_STU00007,TORONTO_TRE92_0011
TORONTO_TRE92_STU00007,TORONTO_TRE92_0012
TORONTO_TRE92_STU00007,TORONTO_TRE92_0014
TORONTO_TRE92_STU00007,TORONTO_TRE92_0074
TORONTO_TRE92_STU00007,TORONTO_TRE92_0076
TORONTO_TRE92_STU00008,TORONTO_TRE92_0247
TORONTO_TRE92_STU00009,TORONTO_TRE92_0121
TORONTO_TRE92_STU00009,TORONTO_TRE92_0127
TORONTO_TRE92_STU00009,TORONTO_TRE92_0220
TORONTO_TRE92_STU00009,TORONTO_TRE92_0221
TORONTO_TRE92_STU00009,TORONTO_TRE92_0253
TORONTO_TRE92_STU00010,TORONTO_TRE92_0167
TORONTO_TRE92_STU00010,TORONTO_TRE92_0251
TORONTO_TRE92_STU00011,TORONTO_TRE92_0099
TORONTO_TRE92_STU00011,TORONTO_TRE92_0168
TORONTO_TRE92_STU00012,TORONTO_TRE92_0168
TORONTO_TRE92_STU00013,TORONTO_TRE92_0161
TORONTO_TRE92_STU00013,TORONTO_TRE92_0166
TORONTO_TRE92_STU00013,TORONTO_TRE92_0231
TORONTO_TRE92_STU00014,TORONTO_TRE92_0129
TORONTO_TRE92_STU00015,TORONTO_TRE92_0029
TORONTO_TRE92_STU00015,TORONTO_TRE92_0055
TORONTO_TRE92_STU00015,TORONTO_TRE92_0063
TORONTO_TRE92_STU00015,TORONTO_TRE92_0184
TORONTO_TRE92_STU00016,TORONTO_TRE92_0168
TORONTO_TRE92_STU00017,TORONTO_TRE92_0015
TORONTO_TRE92_STU00017,TORONTO_TRE92_0018
TORONTO_TRE92_STU00018,TORONTO_TRE92_0218
TORONTO_TRE92_STU00019,TORONTO_TRE92_0053
TORONTO_TRE92_STU00019,TORONTO_TRE92_0224
TORONTO_TRE92_STU00019,TORONTO_TRE92_0232
TORONTO_TRE92_STU00020,TORONTO_TRE92_0011
TORONTO_TRE92_STU00020,TORONTO_TRE92_0013
TORONTO_TRE92_STU00020,TORONTO_TRE92_0216
TORONTO_TRE92_STU00020,TORONTO_TRE92_0220
TORONTO_TRE92_STU00021,TORONTO_TRE92_0117
TORONTO_TRE92_STU00022,TORONTO_TRE92_0245
TORONTO_TRE92_STU00023,TORONTO_TRE92_0216
TORONTO_TRE92_STU00023,TORONTO_TRE92_0247
TORONTO_TRE92_STU00024,TORONTO_TRE92_0110
TORONTO_TRE92_STU00024,TORONTO_TRE92_0111
TORONTO_TRE92_STU00024,TORONTO_TRE92_0113
TORONTO_TRE92_STU00025,TORONTO_TRE92_0068
TORONTO_TRE92_STU00026,TORONTO_TRE92_0068
TORONTO_TRE92_STU00027,TORONTO_TRE92_0105
TORONTO_TRE92_STU00028,TORONTO_TRE92_0188
TORONTO_TRE92_STU00029,TORONTO_TRE92_0218
TORONTO_TRE92_STU00030,TORONTO_TRE92_0011
TORONTO_TRE92_STU00030,TORONTO_TRE92_0249
TORONTO_TRE92_STU00031,TORONTO_TRE92_0158
TORONTO_TRE92_STU00031,TORONTO_TRE92_0211
TORONTO_TRE92_STU00032,TORONTO_TRE92_0190
TORONTO_TRE92_STU00033,TORONTO_TRE92_0164
TORONTO_TRE92_STU00034,TORONTO_TRE92_0105
TORONTO_TRE92_STU00034,TORONTO_TRE92_0219
TORONTO_TRE92_STU00034,TORONTO_TRE92_0220
TORONTO_TRE92_STU00035,TORONTO_TRE92_0071
TORONTO_TRE92_STU00035,TORONTO_TRE92_0215
TORONTO_TRE92_STU00036,TORONTO_TRE92_0008
TORONTO_TRE92_STU00037,TORONTO_TRE92_0073
TORONTO_TRE92_STU00038,TORONTO_TRE92_0230
TORONTO_TRE92_STU00038,TORONTO_TRE92_0231
TORONTO_TRE92_STU00038,TORONTO_TRE92_0253
TORONTO_TRE92_STU00039,TORONTO_TRE92_0154
TORONTO_TRE92_STU00040,TORONTO_TRE92_0039
TORONTO_TRE92_STU00040,TORONTO_TRE92_0119
TORONTO_TRE92_STU00041,TORONTO_TRE92_0078
TORONTO_TRE92_STU00041,TORONTO_TRE92_0173
TORONTO_TRE92_STU00042,TORONTO_TRE92_0068
TORONTO_TRE92_STU00043,TORONTO_TRE92_0173
TORONTO_TRE92_STU00044,TORONTO_TRE92_0120
TORONTO_TRE92_STU00045,TORONTO_TRE92_0168
TORONTO_TRE92_STU00045,TORONTO_TRE92_0214
TORONTO_TRE92_STU00046,TORONTO_TRE92_0001
TORONTO_TRE92_STU00046,TORONTO_TRE92_0005
TORONTO_TRE92_STU00046,TORONTO_TRE92_0007
TORONTO_TRE92_STU00046,TORONTO_TRE92_0084
TORONTO_TRE92_STU00047,TORONTO_TRE92_0072
TORONTO_TRE92_STU00048,TORONTO_TRE92_0002
TORONTO_TRE92_STU00048,TORONTO_TRE92_0004
TORONTO_TRE92_STU00048,TORONTO_TRE92_0005
TORONTO_TRE92_STU00048,TORONTO_TRE92_0006
TORONTO_TRE92_STU00048,TORONTO_TRE92_0007
TORONTO_TRE92_STU00048,TORONTO_TRE92_0084
TORONTO_TRE92_STU00049,TORONTO_TRE92_0046
TORONTO_TRE92_STU00049,TORONTO_TRE92_0211
TORONTO_TRE92_STU00049,TORONTO_TRE92_0212
TORONTO_TRE92_STU00050,TORONTO_TRE92_0073
TORONTO_TRE92_STU00051,TORONTO_TRE92_0042
TORONTO_TRE92_STU00051,TORONTO_TRE92_0046
TORONTO_TRE92_STU00051,TORONTO_TRE92_0069
TORONTO_TRE92_STU00051,TORONTO_TRE92_0162
TORONTO_TRE92_STU00051,TORONTO_TRE92_0165
TORONTO_TRE92_STU00052,TORONTO_TRE92_0027
TORONTO_TRE92_STU00053,TORONTO_TRE92_0011
TORONTO_TRE92_STU00054,TORONTO_TRE92_0042
TORONTO_TRE92_STU00055,TORONTO_TRE92_0005
TORONTO_TRE92_STU00055,TORONTO_TRE92_0007
TORONTO_TRE92_STU00056,TORONTO_TRE92_0215
TORONTO_TRE92_STU00056,TORONTO_TRE92_0220
TORONTO_TRE92_STU00057,TORONTO_TRE92_0115
TORONTO_TRE92_STU00058,TORONTO_TRE92_0222
TORONTO_TRE92_STU00059,TORONTO_TRE92_0069
TORONTO_TRE92_STU00059,TORONTO_TRE92_0254
TORONTO_TRE92_STU00060,TORONTO_TRE92_0015
TORONTO_TRE92_STU00060,TORONTO_TRE92_0220
TORONTO_TRE92_STU00061,TORONTO_TRE92_0014
TORONTO_TRE92_STU00062,TORONTO_TRE92_0083
TORONTO_TRE92_STU00063,TORONTO_TRE92_0111
TORONTO_TRE92_STU00063,TORONTO_TRE92_0112
TORONTO_TRE92_STU00064,TORONTO_TRE92_0107
TORONTO_TRE92_STU00065,TORONTO_TRE92_0011
TORONTO_TRE92_STU00066,TORONTO_TRE92_0025
TORONTO_TRE92_STU00067,TORONTO_TRE92_0068
TORONTO_TRE92_STU00068,TORONTO_TRE92_0042
TORONTO_TRE92_STU00069,TORONTO_TRE92_0072
TORONTO_TRE92_STU00070,TORONTO_TRE92_0007
TORONTO_TRE92_STU00071,TORONTO_TRE92_0068
TORONTO_TRE92_STU00072,TORONTO_TRE92_0006
TORONTO_TRE92_STU00073,TORONTO_TRE92_0039
TORONTO_TRE92_STU00073,TORONTO_TRE92_0233
TORONTO_TRE92_STU00073,TORONTO_TRE92_0239
TORONTO_TRE92_STU00074,TORONTO_TRE92_0074
TORONTO_TRE92_STU00075,TORONTO_TRE92_0231
TORONTO_TRE92_STU00076,TORONTO_TRE92_0015
TORONTO_TRE92_STU00076,TORONTO_TRE92_0068
TORONTO_TRE92_STU00077,TORONTO_TRE92_0245
TORONTO_TRE92_STU00078,TORONTO_TRE92_0100
TORONTO_TRE92_STU00078,TORONTO_TRE92_0258
TORONTO_TRE92_STU00079,TORONTO_TRE92_0038
TORONTO_TRE92_STU00080,TORONTO_TRE92_0077
TORONTO_TRE92_STU00081,TORONTO_TRE92_0189
TORONTO_TRE92_STU00082,TORONTO_TRE92_0015
TORONTO_TRE92_STU00083,TORONTO_TRE92_0247
TORONTO_TRE92_STU00083,TORONTO_TRE92_0249
TORONTO_TRE92_STU00084,TORONTO_TRE92_0006
TORONTO_TRE92_STU00084,TORONTO_TRE92_0216
TORONTO_TRE92_STU00084,TORONTO_TRE92_0231
TORONTO_TRE92_STU00085,TORONTO_TRE92_0049
TORONTO_TRE92_STU00086,TORONTO_TRE92_0176
TORONTO_TRE92_STU00086,TORONTO_TRE92_0180
TORONTO_TRE92_STU00087,TORONTO_TRE92_0186
TORONTO_TRE92_STU00088,TORONTO_TRE92_0049
TORONTO_TRE92_STU00089,TORONTO_TRE92_0222
TORONTO_TRE92_STU00089,TORONTO_TRE92_0224
TORONTO_TRE92_STU00090,TORONTO_TRE92_0186
TORONTO_TRE92_STU00091,TORONTO_TRE92_0107
TORONTO_TRE92_STU00091,TORONTO_TRE92_0108
TORONTO_TRE92_STU00091,TORONTO_TRE92_0180
TORONTO_TRE92_STU00091,TORONTO_TRE92_0182
TORONTO_TRE92_STU00092,TORONTO_TRE92_0107
TORONTO_TRE92_STU00093,TORONTO_TRE92_0173
TORONTO_TRE92_STU00094,TORONTO_TRE92_0196
TORONTO_TRE92_STU00095,TORONTO_TRE92_0154
TORONTO_TRE92_STU00096,TORONTO_TRE92_0027
TORONTO_TRE92_STU00096,TORONTO_TRE92_0052
TORONTO_TRE92_STU00096,TORONTO_TRE92_0053
TORONTO_TRE92_STU00096,TORONTO_TRE92_0173
TORONTO_TRE92_STU00096,TORONTO_TRE92_0233
TORONTO_TRE92_STU00097,TORONTO_TRE92_0111
TORONTO_TRE92_STU00097,TORONTO_TRE92_0113
TORONTO_TRE92_STU00097,TORONTO_TRE92_0215
TORONTO_TRE92_STU00098,TORONTO_TRE92_0049
TORONTO_TRE92_STU00098,TORONTO_TRE92_0250
TORONTO_TRE92_STU00098,TORONTO_TRE92_0252
TORONTO_TRE92_STU00099,TORONTO_TRE92_0011
TORONTO_TRE92_STU00099,TORONTO_TRE92_0085
TORONTO_TRE92_STU00100,TORONTO_TRE92_0218
TORONTO_TRE92_STU00101,TORONTO_TRE92_0163
TORONTO_TRE92_STU00102,TORONTO_TRE92_0135
TORONTO_TRE92_STU00102,TORONTO_TRE92_0136
TORONTO_TRE92_STU00102,TORONTO_TRE92_0137
TORONTO_TRE92_STU00102,TORONTO_TRE92_0138
TORONTO_TRE92_STU00103,TORONTO_TRE92_0081
TORONTO_TRE92_STU00104,TORONTO_TRE92_0068
TORONTO_TRE92_STU00104,TORONTO_TRE92_0252
TORONTO_TRE92_STU00105,TORONTO_TRE92_0154
TORONTO_TRE92_STU00106,TORONTO_TRE92_0260
TORONTO_TRE92_STU00107,TORONTO_TRE92_0101
TORONTO_TRE92_STU00108,TORONTO_TRE92_0177
TORONTO_TRE92_STU00108,TORONTO_TRE92_0182
TORONTO_TRE92_STU00108,TORONTO_TRE92_0183
TORONTO_TRE92_STU00108,TORONTO_TRE92_0215
TORONTO_TRE92_STU00109,TORONTO_TRE92_0220
TORONTO_TRE92_STU00110,TORONTO_TRE92_0110
TORONTO_TRE92_STU00110,TORONTO_TRE92_0115
TORONTO_TRE92_STU00110,TORONTO_TRE92_0139
TORONTO_TRE92_STU00110,TORONTO_TRE92_0140
TORONTO_TRE92_STU00110,TORONTO_TRE92_0141
TORONTO_TRE92_STU00111,TORONTO_TRE92_0110
TORONTO_TRE92_STU00112,TORONTO_TRE92_0098
TORONTO_TRE92_STU00113,TORONTO_TRE92_0015
TORONTO_TRE92_STU00113,TORONTO_TRE92_0030
TORONTO_TRE92_STU00113,TORONTO_TRE92_0033
TORONTO_TRE92_STU00113,TORONTO_TRE92_0038
TORONTO_TRE92_STU00113,TORONTO_TRE92_0184
TORONTO_TRE92_STU00114,TORONTO_TRE92_0176
TORONTO_TRE92_STU00115,TORONTO_TRE92_0061
TORONTO_TRE92_STU00116,TORONTO_TRE92_0023
TORONTO_TRE92_STU00117,TORONTO_TRE92_0243
TORONTO_TRE92_STU00118,TORONTO_TRE92_0193
TORONTO_TRE92_STU00118,TORONTO_TRE92_0216
TORONTO_TRE92_STU00118,TORONTO_TRE92_0219
TORONTO_TRE92_STU00118,TORONTO_TRE92_0220
TORONTO_TRE92_STU00119,TORONTO_TRE92_0234
TORONTO_TRE92_STU00120,TORONTO_TRE92_0042
TORONTO_TRE92_STU00121,TORONTO_TRE92_0011
TORONTO_TRE92_STU00122,TORONTO_TRE92_0081
TORONTO_TRE92_STU00123,TORONTO_TRE92_0068
TORONTO_TRE92_STU00124,TORONTO_TRE92_0195
TORONTO_TRE92_STU00124,TORONTO_TRE92_0197
TORONTO_TRE92_STU00125,TORONTO_TRE92_0194
TORONTO_TRE92_STU00126,TORONTO_TRE92_0211
TORONTO_TRE92_STU00127,TORONTO_TRE92_0011
TORONTO_TRE92_STU00128,TORONTO_TRE92_0145
TORONTO_TRE92_STU00129,TORONTO_TRE92_0114
TORONTO_TRE92_STU00130,TORONTO_TRE92_0114
TORONTO_TRE92_STU00131,TORONTO_TRE92_0220
TORONTO_TRE92_STU00132,TORONTO_TRE92_0028
TORONTO_TRE92_STU00132,TORONTO_TRE92_0053
TORONTO_TRE92_STU00132,TORONTO_TRE92_0184
TORONTO_TRE92_STU00133,TORONTO_TRE92_0147
TORONTO_TRE92_STU00134,TORONTO_TRE92_0041
TORONTO_TRE92_STU00134,TORONTO_TRE92_0111
TORONTO_TRE92_STU00134,TORONTO_TRE92_0113
TORONTO_TRE92_STU00135,TORONTO_TRE92_0154
TORONTO_TRE92_STU00136,TORONTO_TRE92_0030
TORONTO_TRE92_STU00137,TORONTO_TRE92_0065
TORONTO_TRE92_STU00137,TORONTO_TRE92_0108
TORONTO_TRE92_STU00137,TORONTO_TRE92_0162
TORONTO_TRE92_STU00138,TORONTO_TRE92_0218
TORONTO_TRE92_STU00139,TORONTO_TRE92_0237
TORONTO_TRE92_STU00139,TORONTO_TRE92_0238
TORONTO_TRE92_STU00140,TORONTO_TRE92_0164
TORONTO_TRE92_STU00141,TORONTO_TRE92_0115
TORONTO_TRE92_STU00141,TORONTO_TRE92_0140
TORONTO_TRE92_STU00141,TORONTO_TRE92_0151
TORONTO_TRE92_STU00142,TORONTO_TRE92_0075
TORONTO_TRE92_STU00142,TORONTO_TRE92_0119
TORONTO_TRE92_STU00142,TORONTO_TRE92_0152
TORONTO_TRE92_STU00143,TORONTO_TRE92_0013
TORONTO_TRE92_STU00143,TORONTO_TRE92_0014
TORONTO_TRE92_STU00144,TORONTO_TRE92_0071
TORONTO_TRE92_STU00144,TORONTO_TRE92_0194
TORONTO_TRE92_STU00144,TORONTO_TRE92_0199
TORONTO_TRE92_STU00145,TORONTO_TRE92_0034
TORONTO_TRE92_STU00146,TORONTO_TRE92_0193
TORONTO_TRE92_STU00146,TORONTO_TRE92_0256
TORONTO_TRE92_STU00147,TORONTO_TRE92_0097
TORONTO_TRE92_STU00147,TORONTO_TRE92_0100
TORONTO_TRE92_STU00148,TORONTO_TRE92_0139
TORONTO_TRE92_STU00149,TORONTO_TRE92_0047
TORONTO_TRE92_STU00149,TORONTO_TRE92_0168
TORONTO_TRE92_STU00149,TORONTO_TRE92_0253
TORONTO_TRE92_STU00150,TORONTO_TRE92_0254
TORONTO_TRE92_STU00151,TORONTO_TRE92_0101
TORONTO_TRE92_STU00152,TORONTO_TRE92_0107
TORONTO_TRE92_STU00153,TORONTO_TRE92_0101
TORONTO_TRE92_STU00154,TORONTO_TRE92_0190
TORONTO_TRE92_STU00155,TORONTO_TRE92_0222
TORONTO_TRE92_STU00156,TORONTO_TRE92_0145
TORONTO_TRE92_STU00157,TORONTO_TRE92_0004
TORONTO_TRE92_STU00157,TORONTO_TRE92_0085
TORONTO_TRE92_STU00158,TORONTO_TRE92_0163
TORONTO_TRE92_STU00159,TORONTO_TRE92_0250
TORONTO_TRE92_STU00160,TORONTO_TRE92_0189
TORONTO_TRE92_STU00160,TORONTO_TRE92_0254
TORONTO_TRE92_STU00161,TORONTO_TRE92_0001
TORONTO_TRE92_STU00161,TORONTO_TRE92_0191
TORONTO_TRE92_STU00161,TORONTO_TRE92_0193
TORONTO_TRE92_STU00162,TORONTO_TRE92_0042
TORONTO_TRE92_STU00163,TORONTO_TRE92_0226
TORONTO_TRE92_STU00163,TORONTO_TRE92_0230
TORONTO_TRE92_STU00163,TORONTO_TRE92_0253
TORONTO_TRE92_STU00164,TORONTO_TRE92_0025
TORONTO_TRE92_STU00164,TORONTO_TRE92_0160
TORONTO_TRE92_STU00164,TORONTO_TRE92_0249
TORONTO_TRE92_STU00165,TORONTO_TRE92_0069
TORONTO_TRE92_STU00165,TORONTO_TRE92_0161
TORONTO_TRE92_STU00165,TORONTO_TRE92_0162
TORONTO_TRE92_STU00165,TORONTO_TRE92_0203
TORONTO_TRE92_STU00166,TORONTO_TRE92_0071
TORONTO_TRE92_STU00166,TORONTO_TRE92_0196
TORONTO_TRE92_STU00167,TORONTO_TRE92_0157
TORONTO_TRE92_STU00168,TORONTO_TRE92_0006
TORONTO_TRE92_STU00169,TORONTO_TRE92_0029
TORONTO_TRE92_STU00169,TORONTO_TRE92_0036
TORONTO_TRE92_STU00170,TORONTO_TRE92_0052
TORONTO_TRE92_STU00170,TORONTO_TRE92_0055
TORONTO_TRE92_STU00170,TORONTO_TRE92_0059
TORONTO_TRE92_STU00170,TORONTO_TRE92_0174
TORONTO_TRE92_STU00170,TORONTO_TRE92_0198
TORONTO_TRE92_STU00171,TORONTO_TRE92_0240
TORONTO_TRE92_STU00171,TORONTO_TRE92_0241
TORONTO_TRE92_STU00171,TORONTO_TRE92_0243
TORONTO_TRE92_STU00172,TORONTO_TRE92_0089
TORONTO_TRE92_STU00172,TORONTO_TRE92_0092
TORONTO_TRE92_STU00172,TORONTO_TRE92_0134
TORONTO_TRE92_STU00173,TORONTO_TRE92_0226
TORONTO_TRE92_STU00174,TORONTO_TRE92_0006
TORONTO_TRE92_STU00175,TORONTO_TRE92_0207
TORONTO_TRE92_STU00175,TORONTO_TRE92_0209
TORONTO_TRE92_STU00176,TORONTO_TRE92_0225
TORONTO_TRE92_STU00177,TORONTO_TRE92_0183
TORONTO_TRE92_STU00178,TORONTO_TRE92_0072
TORONTO_TRE92_STU00178,TORONTO_TRE92_0174
TORONTO_TRE92_STU00178,TORONTO_TRE92_0233
TORONTO_TRE92_STU00179,TORONTO_TRE92_0093
TORONTO_TRE92_STU00180,TORONTO_TRE92_0195
TORONTO_TRE92_STU00181,TORONTO_TRE92_0145
TORONTO_TRE92_STU00181,TORONTO_TRE92_0237
TORONTO_TRE92_STU00181,TORONTO_TRE92_0238
TORONTO_TRE92_STU00182,TORONTO_TRE92_0081
TORONTO_TRE92_STU00183,TORONTO_TRE92_0118
TORONTO_TRE92_STU00184,TORONTO_TRE92_0074
TORONTO_TRE92_STU00184,TORONTO_TRE92_0075
TORONTO_TRE92_STU00184,TORONTO_TRE92_0181
TORONTO_TRE92_STU00185,TORONTO_TRE92_0066
TORONTO_TRE92_STU00185,TORONTO_TRE92_0163
TORONTO_TRE92_STU00186,TORONTO_TRE92_0191
TORONTO_TRE92_STU00187,TORONTO_TRE92_0089
TORONTO_TRE92_STU00187,TORONTO_TRE92_0160
TORONTO_TRE92_STU00188,TORONTO_TRE92_0158
TORONTO_TRE92_STU00189,TORONTO_TRE92_0199
TORONTO_TRE92_STU00190,TORONTO_TRE92_0046
TORONTO_TRE92_STU00191,TORONTO_TRE92_0193
TORONTO_TRE92_STU00191,TORONTO_TRE92_0218
TORONTO_TRE92_STU00191,TORONTO_TRE92_0222
TORONTO_TRE92_STU00191,TORONTO_TRE92_0224
TORONTO_TRE92_STU00192,TORONTO_TRE92_0214
TORONTO_TRE92_STU00193,TORONTO_TRE92_0071
TORONTO_TRE92_STU00194,TORONTO_TRE92_0089
TORONTO_TRE92_STU00195,TORONTO_TRE92_0248
TORONTO_TRE92_STU00196,TORONTO_TRE92_0025
TORONTO_TRE92_STU00197,TORONTO_TRE92_0182
TORONTO_TRE92_STU00198,TORONTO_TRE92_0260
TORONTO_TRE92_STU00199,TORONTO_TRE92_0250
TORONTO_TRE92_STU00200,TORONTO_TRE92_0163
TORONTO_TRE92_STU00201,TORONTO_TRE92_0069
TORONTO_TRE92_STU00201,TORONTO_TRE92_0202
TORONTO_TRE92_STU00201,TORONTO_TRE92_0210
TORONTO_TRE92_STU00201,TORONTO_TRE92_0211
TORONTO_TRE92_STU00201,TORONTO_TRE92_0212
TORONTO_TRE92_STU00202,TORONTO_TRE92_0163
TORONTO_TRE92_STU00203,TORONTO_TRE92_0190
TORONTO_TRE92_STU00204,TORONTO_TRE92_0024
TORONTO_TRE92_STU00205,TORONTO_TRE92_0222
TORONTO_TRE92_STU00205,TORONTO_TRE92_0224
TORONTO_TRE92_STU00206,TORONTO_TRE92_0044
TORONTO_TRE92_STU00207,TORONTO_TRE92_0103
TORONTO_TRE92_STU00207,TORONTO_TRE92_0105
TORONTO_TRE92_STU00207,TORONTO_TRE92_0108
TORONTO_TRE92_STU00208,TORONTO_TRE92_0144
TORONTO_TRE92_STU00208,TORONTO_TRE92_0214
TORONTO_TRE92_STU00209,TORONTO_TRE92_0204
TORONTO_TRE92_STU00209,TORONTO_TRE92_0210
TORONTO_TRE92_STU00209,TORONTO_TRE92_0211
TORONTO_TRE92_STU00209,TORONTO_TRE92_0212
TORONTO_TRE92_STU00210,TORONTO_TRE92_0008
TORONTO_TRE92_STU00210,TORONTO_TRE92_0084
TORONTO_TRE92_STU00210,TORONTO_TRE92_0087
TORONTO_TRE92_STU00210,TORONTO_TRE92_0093
TORONTO_TRE92_STU00211,TORONTO_TRE92_0229
TORONTO_TRE92_STU00212,TORONTO_TRE92_0089
TORONTO_TRE92_STU00213,TORONTO_TRE92_0115
TORONTO_TRE92_STU00213,TORONTO_TRE92_0174
TORONTO_TRE92_STU00213,TORONTO_TRE92_0233
TORONTO_TRE92_STU00214,TORONTO_TRE92_0101
TORONTO_TRE92_STU00215,TORONTO_TRE92_0104
TORONTO_TRE92_STU00216,TORONTO_TRE92_0156
TORONTO_TRE92_STU00216,TORONTO_TRE92_0164
TORONTO_TRE92_STU00216,TORONTO_TRE92_0211
TORONTO_TRE92_STU00216,TORONTO_TRE92_0212
TORONTO_TRE92_STU00217,TORONTO_TRE92_0163
TORONTO_TRE92_STU00217,TORONTO_TRE92_0167
TORONTO_TRE92_STU00218,TORONTO_TRE92_0150
TORONTO_TRE92_STU00218,TORONTO_TRE92_0151
TORONTO_TRE92_STU00218,TORONTO_TRE92_0163
TORONTO_TRE92_STU00218,TORONTO_TRE92_0234
TORONTO_TRE92_STU00219,TORONTO_TRE92_0123
TORONTO_TRE92_STU00220,TORONTO_TRE92_0247
TORONTO_TRE92_STU00221,TORONTO_TRE92_0088
TORONTO_TRE92_STU00221,TORONTO_TRE92_0089
TORONTO_TRE92_STU00221,TORONTO_TRE92_0090
TORONTO_TRE92_STU00221,TORONTO_TRE92_0184
TORONTO_TRE92_STU00222,TORONTO_TRE92_0026
TORONTO_TRE92_STU00222,TORONTO_TRE92_0058
TORONTO_TRE92_STU00222,TORONTO_TRE92_0074
TORONTO_TRE92_STU00223,TORONTO_TRE92_0207
TORONTO_TRE92_STU00224,TORONTO_TRE92_0108
TORONTO_TRE92_STU00224,TORONTO_TRE92_0187
TORONTO_TRE92_STU00224,TORONTO_TRE92_0256
TORONTO_TRE92_STU00225,TORONTO_TRE92_0056
TORONTO_TRE92_STU00225,TORONTO_TRE92_0061
TORONTO_TRE92_STU00226,TORONTO_TRE92_0044
TORONTO_TRE92_STU00226,TORONTO_TRE92_0111
TORONTO_TRE92_STU00227,TORONTO_TRE92_0161
TORONTO_TRE92_STU00228,TORONTO_TRE92_0216
TORONTO_TRE92_STU00228,TORONTO_TRE92_0227
TORONTO_TRE92_STU00229,TORONTO_TRE92_0093
TORONTO_TRE92_STU00230,TORONTO_TRE92_0026
TORONTO_TRE92_STU00231,TORONTO_TRE92_0132
TORONTO_TRE92_STU00231,TORONTO_TRE92_0133
TORONTO_TRE92_STU00232,TORONTO_TRE92_0209
TORONTO_TRE92_STU00233,TORONTO_TRE92_0042
TORONTO_TRE92_STU00233,TORONTO_TRE92_0161
TORONTO_TRE92_STU00233,TORONTO_TRE92_0168
TORONTO_TRE92_STU00234,TORONTO_TRE92_0013
TORONTO_TRE92_STU00235,TORONTO_TRE92_0164
TORONTO_TRE92_STU00236,TORONTO_TRE92_0220
TORONTO_TRE92_STU00236,TORONTO_TRE92_0231
TORONTO_TRE92_STU00237,TORONTO_TRE92_0161
TORONTO_TRE92_STU00238,TORONTO_TRE92_0111
TORONTO_TRE92_STU00238,TORONTO_TRE92_0114
TORONTO_TRE92_STU00239,TORONTO_TRE92_0144
TORONTO_TRE92_STU00240,TORONTO_TRE92_0161
TORONTO_TRE92_STU00241,TORONTO_TRE92_0031
TORONTO_TRE92_STU00241,TORONTO_TRE92_0111
TORONTO_TRE92_STU00241,TORONTO_TRE92_0118
TORONTO_TRE92_STU00242,TORONTO_TRE92_0229
TORONTO_TRE92_STU00243,TORONTO_TRE92_0032
TORONTO_TRE92_STU00243,TORONTO_TRE92_0234
TORONTO_TRE92_STU00244,TORONTO_TRE92_0096
TORONTO_TRE92_STU00245,TORONTO_TRE92_0168
TORONTO_TRE92_STU00245,TORONTO_TRE92_0250
TORONTO_TRE92_STU00246,TORONTO_TRE92_0032
TORONTO_TRE92_STU00246,TORONTO_TRE92_0039
TORONTO_TRE92_STU00246,TORONTO_TRE92_0041
TORONTO_TRE92_STU00246,TORONTO_TRE92_0110
TORONTO_TRE92_STU00247,TORONTO_TRE92_0080
TORONTO_TRE92_STU00247,TORONTO_TRE92_0154
TORONTO_TRE92_STU00248,TORONTO_TRE92_0149
TORONTO_TRE92_STU00248,TORONTO_TRE92_0151
TORONTO_TRE92_STU00248,TORONTO_TRE92_0167
TORONTO_TRE92_STU00249,TORONTO_TRE92_0189
TORONTO_TRE92_STU00249,TORONTO_TRE92_0204
TORONTO_TRE92_STU00249,TORONTO_TRE92_0206
TORONTO_TRE92_STU00249,TORONTO_TRE92_0208
TORONTO_TRE92_STU00250,TORONTO_TRE92_0077
TORONTO_TRE92_STU00250,TORONTO_TRE92_0078
TORONTO_TRE92_STU00251,TORONTO_TRE92_0168
TORONTO_TRE92_STU00252,TORONTO_TRE92_0207
TORONTO_TRE92_STU00253,TORONTO_TRE92_0099
TORONTO_TRE92_STU00253,TORONTO_TRE92_0189
TORONTO_TRE92_STU00254,TORONTO_TRE92_0030
TORONTO_TRE92_STU00254,TORONTO_TRE92_0073
TORONTO_TRE92_STU00255,TORONTO_TRE92_0169
TORONTO_TRE92_STU00256,TORONTO_TRE92_0104
TORONTO_TRE92_STU00257,TORONTO_TRE92_0047
TORONTO_TRE92_STU00257,TORONTO_TRE92_0133
TORONTO_TRE92_STU00257,TORONTO_TRE92_0252
TORONTO_TRE92_STU00258,TORONTO_TRE92_0208
TORONTO_TRE92_STU00259,TORONTO_TRE92_0209
TORONTO_TRE92_STU00260,TORONTO_TRE92_0014
TORONTO_TRE92_STU00261,TORONTO_TRE92_0008
TORONTO_TRE92_STU00262,TORONTO_TRE92_0093
TORONTO_TRE92_STU00262,TORONTO_TRE92_0250
TORONTO_TRE92_STU00263,TORONTO_TRE92_0250
TORONTO_TRE92_STU00264,TORONTO_TRE92_0050
TORONTO_TRE92_STU00264,TORONTO_TRE92_0210
TORONTO_TRE92_STU00264,TORONTO_TRE92_0246
TORONTO_TRE92_STU00265,TORONTO_TRE92_0162
TORONTO_TRE92_STU00265,TORONTO_TRE92_0163
TORONTO_TRE92_STU00266,TORONTO_TRE92_0218
TORONTO_TRE92_STU00267,TORONTO_TRE92_0047
TORONTO_TRE92_STU00267,TORONTO_TRE92_0101
TORONTO_TRE92_STU00267,TORONTO_TRE92_0105
TORONTO_TRE92_STU00267,TORONTO_TRE92_0247
TORONTO_TRE92_STU00268,TORONTO_TRE92_0064
TORONTO_TRE92_STU00269,TORONTO_TRE92_0154
TORONTO_TRE92_STU00270,TORONTO_TRE92_0231
TORONTO_TRE92_STU00271,TORONTO_TRE92_0160
TORONTO_TRE92_STU00271,TORONTO_TRE92_0206
TORONTO_TRE92_STU00272,TORONTO_TRE92_0162
TORONTO_TRE92_STU00272,TORONTO_TRE92_0163
TORONTO_TRE92_STU00272,TORONTO_TRE92_0168
TORONTO_TRE92_STU00273,TORONTO_TRE92_0163
TORONTO_TRE92_STU00274,TORONTO_TRE92_0069
TORONTO_TRE92_STU00275,TORONTO_TRE92_0207
TORONTO_TRE92_STU00276,TORONTO_TRE92_0001
TORONTO_TRE92_STU00276,TORONTO_TRE92_0081
TORONTO_TRE92_STU00276,TORONTO_TRE92_0246
TORONTO_TRE92_STU00276,TORONTO_TRE92_0250
TORONTO_TRE92_STU00277,TORONTO_TRE92_0229
TORONTO_TRE92_STU00277,TORONTO_TRE92_0253
TORONTO_TRE92_STU00278,TORONTO_TRE92_0084
TORONTO_TRE92_STU00278,TORONTO_TRE92_0154
TORONTO_TRE92_STU00279,TORONTO_TRE92_0041
TORONTO_TRE92_STU00280,TORONTO_TRE92_0224
TORONTO_TRE92_STU00280,TORONTO_TRE92_0229
TORONTO_TRE92_STU00281,TORONTO_TRE92_0124
TORONTO_TRE92_STU00281,TORONTO_TRE92_0125
TORONTO_TRE92_STU00281,TORONTO_TRE92_0128
TORONTO_TRE92_STU00282,TORONTO_TRE92_0207
TORONTO_TRE92_STU00282,TORONTO_TRE92_0213
TORONTO_TRE92_STU00283,TORONTO_TRE92_0072
TORONTO_TRE92_STU00284,TORONTO_TRE92_0086
TORONTO_TRE92_STU00284,TORONTO_TRE92_0087
TORONTO_TRE92_STU00284,TORONTO_TRE92_0089
TORONTO_TRE92_STU00285,TORONTO_TRE92_0225
TORONTO_TRE92_STU00285,TORONTO_TRE92_0227
TORONTO_TRE92_STU00286,TORONTO_TRE92_0090
TORONTO_TRE92_STU00286,TORONTO_TRE92_0091
TORONTO_TRE92_STU00286,TORONTO_TRE92_0092
TORONTO_TRE92_STU00286,TORONTO_TRE92_0133
TORONTO_TRE92_STU00287,TORONTO_TRE92_0004
TORONTO_TRE92_STU00287,TORONTO_TRE92_0008
TORONTO_TRE92_STU00287,TORONTO_TRE92_0009
TORONTO_TRE92_STU00287,TORONTO_TRE92_0113
TORONTO_TRE92_STU00288,TORONTO_TRE92_0231
TORONTO_TRE92_STU00289,TORONTO_TRE92_0014
TORONTO_TRE92_STU00289,TORONTO_TRE92_0019
TORONTO_TRE92_STU00290,TORONTO_TRE92_0046
TORONTO_TRE92_STU00290,TORONTO_TRE92_0169
TORONTO_TRE92_STU00291,TORONTO_TRE92_0094
TORONTO_TRE92_STU00292,TORONTO_TRE92_0046
TORONTO_TRE92_STU00293,TORONTO_TRE92_0253
TORONTO_TRE92_STU00294,TORONTO_TRE92_0031
TORONTO_TRE92_STU00294,TORONTO_TRE92_0034
TORONTO_TRE92_STU00295,TORONTO_TRE92_0044
TORONTO_TRE92_STU00296,TORONTO_TRE92_0021
TORONTO_TRE92_STU00297,TORONTO_TRE92_0094
TORONTO_TRE92_STU00298,TORONTO_TRE92_0025
TORONTO_TRE92_STU00299,TORONTO_TRE92_0019
TORONTO_TRE92_STU00300,TORONTO_TRE92_0007
TORONTO_TRE92_STU00301,TORONTO_TRE92_0108
TORONTO_TRE92_STU00302,TORONTO_TRE92_0099
TORONTO_TRE92_STU00302,TORONTO_TRE92_0121
TORONTO_TRE92_STU00303,TORONTO_TRE92_0007
TORONTO_TRE92_STU00303,TORONTO_TRE92_0086
TORONTO_TRE92_STU00304,TORONTO_TRE92_0214
TORONTO_TRE92_STU00304,TORONTO_TRE92_0249
TORONTO_TRE92_STU00305,TORONTO_TRE92_0068
TORONTO_TRE92_STU00306,TORONTO_TRE92_0120
TORONTO_TRE92_STU00307,TORONTO_TRE92_0101
TORONTO_TRE92_STU00307,TORONTO_TRE92_0103
TORONTO_TRE92_STU00307,TORONTO_TRE92_0254
TORONTO_TRE92_STU00308,TORONTO_TRE92_0072
TORONTO_TRE92_STU00309,TORONTO_TRE92_0081
TORONTO_TRE92_STU00310,TORONTO_TRE92_0169
TORONTO_TRE92_STU00311,TORONTO_TRE92_0158
TORONTO_TRE92_STU00312,TORONTO_TRE92_0219
TORONTO_TRE92_STU00312,TORONTO_TRE92_0247
TORONTO_TRE92_STU00312,TORONTO_TRE92_0251
TORONTO_TRE92_STU00313,TORONTO_TRE92_0008
TORONTO_TRE92_STU00313,TORONTO_TRE92_0009
TORONTO_TRE92_STU00313,TORONTO_TRE92_0092
TORONTO_TRE92_STU00313,TORONTO_TRE92_0207
TORONTO_TRE92_STU00314,TORONTO_TRE92_0167
TORONTO_TRE92_STU00315,TORONTO_TRE92_0112
TORONTO_TRE92_STU00315,TORONTO_TRE92_0113
TORONTO_TRE92_STU00315,TORONTO_TRE92_0114
TORONTO_TRE92_STU00316,TORONTO_TRE92_0056
TORONTO_TRE92_STU00317,TORONTO_TRE92_0044
TORONTO_TRE92_STU00317,TORONTO_TRE92_0107
TORONTO_TRE92_STU00318,TORONTO_TRE92_0005
TORONTO_TRE92_STU00318,TORONTO_TRE92_0008
TORONTO_TRE92_STU00318,TORONTO_TRE92_0087
TORONTO_TRE92_STU00319,TORONTO_TRE92_0133
TORONTO_TRE92_STU00320,TORONTO_TRE92_0116
TORONTO_TRE92_STU00320,TORONTO_TRE92_0117
TORONTO_TRE92_STU00320,TORONTO_TRE92_0176
TORONTO_TRE92_STU00320,TORONTO_TRE92_0236
TORONTO_TRE92_STU00320,TORONTO_TRE92_0237
TORONTO_TRE92_STU00321,TORONTO_TRE92_0007
TORONTO_TRE92_STU00321,TORONTO_TRE92_0008
TORONTO_TRE92_STU00321,TORONTO_TRE92_0009
TORONTO_TRE92_STU00321,TORONTO_TRE92_0010
TORONTO_TRE92_STU00321,TORONTO_TRE92_0206
TORONTO_TRE92_STU00322,TORONTO_TRE92_0012
TORONTO_TRE92_STU00322,TORONTO_TRE92_0072
TORONTO_TRE92_STU00322,TORONTO_TRE92_0158
TORONTO_TRE92_STU00323,TORONTO_TRE92_0005
TORONTO_TRE92_STU00323,TORONTO_TRE92_0006
TORONTO_TRE92_STU00323,TORONTO_TRE92_0007
TORONTO_TRE92_STU00323,TORONTO_TRE92_0008
TORONTO_TRE92_STU00323,TORONTO_TRE92_0009
TORONTO_TRE92_STU00324,TORONTO_TRE92_0135
TORONTO_TRE92_STU00324,TORONTO_TRE92_0161
TORONTO_TRE92_STU00325,TORONTO_TRE92_0161
TORONTO_TRE92_STU00326,TORONTO_TRE92_0086
TORONTO_TRE92_STU00326,TORONTO_TRE92_0088
TORONTO_TRE92_STU00326,TORONTO_TRE92_0089
TORONTO_TRE92_STU00326,TORONTO_TRE92_0092
TORONTO_TRE92_STU00327,TORONTO_TRE92_0038
TORONTO_TRE92_STU00327,TORONTO_TRE92_0220
TORONTO_TRE92_STU00328,TORONTO_TRE92_0099
TORONTO_TRE92_STU00328,TORONTO_TRE92_0106
TORONTO_TRE92_STU00329,TORONTO_TRE92_0017
TORONTO_TRE92_STU00330,TORONTO_TRE92_0008
TORONTO_TRE92_STU00330,TORONTO_TRE92_0009
TORONTO_TRE92_STU00330,TORONTO_TRE92_0010
TORONTO_TRE92_STU00330,TORONTO_TRE92_0113
TORONTO_TRE92_STU00331,TORONTO_TRE92_0006
TORONTO_TRE92_STU00331,TORONTO_TRE92_0226
TORONTO_TRE92_STU00331,TORONTO_TRE92_0231
TORONTO_TRE92_STU00332,TORONTO_TRE92_0006
TORONTO_TRE92_STU00332,TORONTO_TRE92_0093
TORONTO_TRE92_STU00333,TORONTO_TRE92_0260
TORONTO_TRE92_STU00334,TORONTO_TRE92_0057
TORONTO_TRE92_STU00334,TORONTO_TRE92_0111
TORONTO_TRE92_STU00334,TORONTO_TRE92_0118
TORONTO_TRE92_STU00334,TORONTO_TRE92_0215
TORONTO_TRE92_STU00335,TORONTO_TRE92_0206
TORONTO_TRE92_STU00335,TORONTO_TRE92_0207
TORONTO_TRE92_STU00336,TORONTO_TRE92_0032
TORONTO_TRE92_STU00336,TORONTO_TRE92_0034
TORONTO_TRE92_STU00337,TORONTO_TRE92_0040
TORONTO_TRE92_STU00338,TORONTO_TRE92_0100
TORONTO_TRE92_STU00338,TORONTO_TRE92_0197
TORONTO_TRE92_STU00339,TORONTO_TRE92_0038
TORONTO_TRE92_STU00339,TORONTO_TRE92_0219
TORONTO_TRE92_STU00340,TORONTO_TRE92_0225
TORONTO_TRE92_STU00340,TORONTO_TRE92_0227
TORONTO_TRE92_STU00341,TORONTO_TRE92_0005
TORONTO_TRE92_STU00341,TORONTO_TRE92_0007
TORONTO_TRE92_STU00341,TORONTO_TRE92_0008
TORONTO_TRE92_STU00341,TORONTO_TRE92_0010
TORONTO_TRE92_STU00341,TORONTO_TRE92_0210
TORONTO_TRE92_STU00342,TORONTO_TRE92_0228
TORONTO_TRE92_STU00343,TORONTO_TRE92_0011
TORONTO_TRE92_STU00343,TORONTO_TRE92_0088
TORONTO_TRE92_STU00343,TORONTO_TRE92_0092
TORONTO_TRE92_STU00343,TORONTO_TRE92_0154
TORONTO_TRE92_STU00344,TORONTO_TRE92_0165
TORONTO_TRE92_STU00344,TORONTO_TRE92_0207
TORONTO_TRE92_STU00345,TORONTO_TRE92_0031
TORONTO_TRE92_STU00345,TORONTO_TRE92_0040
TORONTO_TRE92_STU00345,TORONTO_TRE92_0111
TORONTO_TRE92_STU00346,TORONTO_TRE92_0020
TORONTO_TRE92_STU00347,TORONTO_TRE92_0072
TORONTO_TRE92_STU00347,TORONTO_TRE92_0112
TORONTO_TRE92_STU00347,TORONTO_TRE92_0196
TORONTO_TRE92_STU00347,TORONTO_TRE92_0200
TORONTO_TRE92_STU00348,TORONTO_TRE92_0073
TORONTO_TRE92_STU00348,TORONTO_TRE92_0075
TORONTO_TRE92_STU00349,TORONTO_TRE92_0108
TORONTO_TRE92_STU00349,TORONTO_TRE92_0194
TORONTO_TRE92_STU00349,TORONTO_TRE92_0196
TORONTO_TRE92_STU00350,TORONTO_TRE92_0011
TORONTO_TRE92_STU00351,TORONTO_TRE92_0019
TORONTO_TRE92_STU00351,TORONTO_TRE92_0231
TORONTO_TRE92_STU00351,TORONTO_TRE92_0259
TORONTO_TRE92_STU00352,TORONTO_TRE92_0103
TORONTO_TRE92_STU00352,TORONTO_TRE92_0229
TORONTO_TRE92_STU00353,TORONTO_TRE92_0050
TORONTO_TRE92_STU00353,TORONTO_TRE92_0081
TORONTO_TRE92_STU00353,TORONTO_TRE92_0115
TORONTO_TRE92_STU00353,TORONTO_TRE92_0116
TORONTO_TRE92_STU00353,TORONTO_TRE92_0174
TORONTO_TRE92_STU00354,TORONTO_TRE92_0044
TORONTO_TRE92_STU00354,TORONTO_TRE92_0150
TORONTO_TRE92_STU00354,TORONTO_TRE92_0190
TORONTO_TRE92_STU00355,TORONTO_TRE92_0111
TORONTO_TRE92_STU00355,TORONTO_TRE92_0115
TORONTO_TRE92_STU00355,TORONTO_TRE92_0120
TORONTO_TRE92_STU00355,TORONTO_TRE92_0144
TORONTO_TRE92_STU00356,TORONTO_TRE92_0114
TORONTO_TRE92_STU00356,TORONTO_TRE92_0119
TORONTO_TRE92_STU00357,TORONTO_TRE92_0231
TORONTO_TRE92_STU00357,TORONTO_TRE92_0249
TORONTO_TRE92_STU00358,TORONTO_TRE92_0155
TORONTO_TRE92_STU00359,TORONTO_TRE92_0007
TORONTO_TRE92_STU00359,TORONTO_TRE92_0093
TORONTO_TRE92_STU00359,TORONTO_TRE92_0259
TORONTO_TRE92_STU00360,TORONTO_TRE92_0247
TORONTO_TRE92_STU00360,TORONTO_TRE92_0250
TORONTO_TRE92_STU00361,TORONTO_TRE92_0044
TORONTO_TRE92_STU00361,TORONTO_TRE92_0111
TORONTO_TRE92_STU00361,TORONTO_TRE92_0113
TORONTO_TRE92_STU00361,TORONTO_TRE92_0115
TORONTO_TRE92_STU00362,TORONTO_TRE92_0049
TORONTO_TRE92_STU00362,TORONTO_TRE92_0158
TORONTO_TRE92_STU00362,TORONTO_TRE92_0164
TORONTO_TRE92_STU00362,TORONTO_TRE92_0171
TORONTO_TRE92_STU00363,TORONTO_TRE92_0089
TORONTO_TRE92_STU00363,TORONTO_TRE92_0090
TORONTO_TRE92_STU00363,TORONTO_TRE92_0092
TORONTO_TRE92_STU00363,TORONTO_TRE92_0196
TORONTO_TRE92_STU00364,TORONTO_TRE92_0037
TORONTO_TRE92_STU00364,TORONTO_TRE92_0144
TORONTO_TRE92_STU00365,TORONTO_TRE92_0008
TORONTO_TRE92_STU00365,TORONTO_TRE92_0009
TORONTO_TRE92_STU00365,TORONTO_TRE92_0010
TORONTO_TRE92_STU00365,TORONTO_TRE92_0203
TORONTO_TRE92_STU00366,TORONTO_TRE92_0018
TORONTO_TRE92_STU00367,TORONTO_TRE92_0087
TORONTO_TRE92_STU00368,TORONTO_TRE92_0006
TORONTO_TRE92_STU00368,TORONTO_TRE92_0007
TORONTO_TRE92_STU00368,TORONTO_TRE92_0008
TORONTO_TRE92_STU00368,TORONTO_TRE92_0010
TORONTO_TRE92_STU00368,TORONTO_TRE92_0248
TORONTO_TRE92_STU00369,TORONTO_TRE92_0004
TORONTO_TRE92_STU00369,TORONTO_TRE92_0007
TORONTO_TRE92_STU00369,TORONTO_TRE92_0086
TORONTO_TRE92_STU00369,TORONTO_TRE92_0087
TORONTO_TRE92_STU00370,TORONTO_TRE92_0182
TORONTO_TRE92_STU00370,TORONTO_TRE92_0183
TORONTO_TRE92_STU00370,TORONTO_TRE92_0221
TORONTO_TRE92_STU00370,TORONTO_TRE92_0230
TORONTO_TRE92_STU00371,TORONTO_TRE92_0101
TORONTO_TRE92_STU00371,TORONTO_TRE92_0113
TORONTO_TRE92_STU00371,TORONTO_TRE92_0140
TORONTO_TRE92_STU00371,TORONTO_TRE92_0151
TORONTO_TRE92_STU00372,TORONTO_TRE92_0088
TORONTO_TRE92_STU00372,TORONTO_TRE92_0156
TORONTO_TRE92_STU00372,TORONTO_TRE92_0167
TORONTO_TRE92_STU00373,TORONTO_TRE92_0085
TORONTO_TRE92_STU00373,TORONTO_TRE92_0086
TORONTO_TRE92_STU00373,TORONTO_TRE92_0089
TORONTO_TRE92_STU00373,TORONTO_TRE92_0092
TORONTO_TRE92_STU00374,TORONTO_TRE92_0098
TORONTO_TRE92_STU00375,TORONTO_TRE92_0025
TORONTO_TRE92_STU00375,TORONTO_TRE92_0109
TORONTO_TRE92_STU00375,TORONTO_TRE92_0163
TORONTO_TRE92_STU00376,TORONTO_TRE92_0031
TORONTO_TRE92_STU00376,TORONTO_TRE92_0033
TORONTO_TRE92_STU00376,TORONTO_TRE92_0038
TORONTO_TRE92_STU00377,TORONTO_TRE92_0005
TORONTO_TRE92_STU00377,TORONTO_TRE92_0007
TORONTO_TRE92_STU00377,TORONTO_TRE92_0008
TORONTO_TRE92_STU00377,TORONTO_TRE92_0010
TORONTO_TRE92_STU00377,TORONTO_TRE92_0087
TORONTO_TRE92_STU00378,TORONTO_TRE92_0036
TORONTO_TRE92_STU00379,TORONTO_TRE92_0044
TORONTO_TRE92_STU00379,TORONTO_TRE92_0046
TORONTO_TRE92_STU00379,TORONTO_TRE92_0188
TORONTO_TRE92_STU00379,TORONTO_TRE92_0260
TORONTO_TRE92_STU00380,TORONTO_TRE92_0229
TORONTO_TRE92_STU00380,TORONTO_TRE92_0252
TORONTO_TRE92_STU00380,TORONTO_TRE92_0253
TORONTO_TRE92_STU00381,TORONTO_TRE92_0006
TORONTO_TRE92_STU00381,TORONTO_TRE92_0007
TORONTO_TRE92_STU00381,TORONTO_TRE92_0203
TORONTO_TRE92_STU00382,TORONTO_TRE92_0147
TORONTO_TRE92_STU00382,TORONTO_TRE92_0151
TORONTO_TRE92_STU00383,TORONTO_TRE92_0005
TORONTO_TRE92_STU00383,TORONTO_TRE92_0008
TORONTO_TRE92_STU00383,TORONTO_TRE92_0009
TORONTO_TRE92_STU00383,TORONTO_TRE92_0010
TORONTO_TRE92_STU00383,TORONTO_TRE92_0151
TORONTO_TRE92_STU00384,TORONTO_TRE92_0253
TORONTO_TRE92_STU00385,TORONTO_TRE92_0114
TORONTO_TRE92_STU00386,TORONTO_TRE92_0230
TORONTO_TRE92_STU00387,TORONTO_TRE92_0108
TORONTO_TRE92_STU00387,TORONTO_TRE92_0109
TORONTO_TRE92_STU00387,TORONTO_TRE92_0220
TORONTO_TRE92_STU00388,TORONTO_TRE92_0168
TORONTO_TRE92_STU00389,TORONTO_TRE92_0111
TORONTO_TRE92_STU00389,TORONTO_TRE92_0144
TORONTO_TRE92_STU00389,TORONTO_TRE92_0150
TORONTO_TRE92_STU00389,TORONTO_TRE92_0151
TORONTO_TRE92_STU00390,TORONTO_TRE92_0219
TORONTO_TRE92_STU00390,TORONTO_TRE92_0248
TORONTO_TRE92_STU00391,TORONTO_TRE92_0196
TORONTO_TRE92_STU00392,TORONTO_TRE92_0058
TORONTO_TRE92_STU00392,TORONTO_TRE92_0118
TORONTO_TRE92_STU00393,TORONTO_TRE92_0240
TORONTO_TRE92_STU00393,TORONTO_TRE92_0241
TORONTO_TRE92_STU00394,TORONTO_TRE92_0143
TORONTO_TRE92_STU00394,TORONTO_TRE92_0189
TORONTO_TRE92_STU00394,TORONTO_TRE92_0191
TORONTO_TRE92_STU00395,TORONTO_TRE92_0109
TORONTO_TRE92_STU00396,TORONTO_TRE92_0079
TORONTO_TRE92_STU00397,TORONTO_TRE92_0079
TORONTO_TRE92_STU00398,TORONTO_TRE92_0123
TORONTO_TRE92_STU00398,TORONTO_TRE92_0124
TORONTO_TRE92_STU00398,TORONTO_TRE92_0125
TORONTO_TRE92_STU00399,TORONTO_TRE92_0220
TORONTO_TRE92_STU00400,TORONTO_TRE92_0113
TORONTO_TRE92_STU00400,TORONTO_TRE92_0114
TORONTO_TRE92_STU00400,TORONTO_TRE92_0188
TORONTO_TRE92_STU00400,TORONTO_TRE92_0191
TORONTO_TRE92_STU00401,TORONTO_TRE92_0042
TORONTO_TRE92_STU00401,TORONTO_TRE92_0111
TORONTO_TRE92_STU00401,TORONTO_TRE92_0113
TORONTO_TRE92_STU00402,TORONTO_TRE92_0004
TORONTO_TRE92_STU00402,TORONTO_TRE92_0008
TORONTO_TRE92_STU00402,TORONTO_TRE92_0010
TORONTO_TRE92_STU00402,TORONTO_TRE92_0092
TORONTO_TRE92_STU00403,TORONTO_TRE92_0260
TORONTO_TRE92_STU00404,TORONTO_TRE92_0158
TORONTO_TRE92_STU00404,TORONTO_TRE92_0159
TORONTO_TRE92_STU00405,TORONTO_TRE92_0144
TORONTO_TRE92_STU00406,TORONTO_TRE92_0099
TORONTO_TRE92_STU00406,TORONTO_TRE92_0165
TORONTO_TRE92_STU00406,TORONTO_TRE92_0210
TORONTO_TRE92_STU00407,TORONTO_TRE92_0188
TORONTO_TRE92_STU00407,TORONTO_TRE92_0247
TORONTO_TRE92_STU00408,TORONTO_TRE92_0169
TORONTO_TRE92_STU00408,TORONTO_TRE92_0170
TORONTO_TRE92_STU00408,TORONTO_TRE92_0212
TORONTO_TRE92_STU00409,TORONTO_TRE92_0045
TORONTO_TRE92_STU00409,TORONTO_TRE92_0046
TORONTO_TRE92_STU00409,TORONTO_TRE92_0211
TORONTO_TRE92_STU00410,TORONTO_TRE92_0196
TORONTO_TRE92_STU00411,TORONTO_TRE92_0115
TORONTO_TRE92_STU00411,TORONTO_TRE92_0234
TORONTO_TRE92_STU00412,TORONTO_TRE92_0179
TORONTO_TRE92_STU00412,TORONTO_TRE92_0183
TORONTO_TRE92_STU00413,TORONTO_TRE92_0031
TORONTO_TRE92_STU00413,TORONTO_TRE92_0112
TORONTO_TRE92_STU00414,TORONTO_TRE92_0111
TORONTO_TRE92_STU00414,TORONTO_TRE92_0116
TORONTO_TRE92_STU00415,TORONTO_TRE92_0094
TORONTO_TRE92_STU00415,TORONTO_TRE92_0096
TORONTO_TRE92_STU00415,TORONTO_TRE92_0124
TORONTO_TRE92_STU00416,TORONTO_TRE92_0215
TORONTO_TRE92_STU00417,TORONTO_TRE92_0247
TORONTO_TRE92_STU00417,TORONTO_TRE92_0248
TORONTO_TRE92_STU00418,TORONTO_TRE92_0115
TORONTO_TRE92_STU00418,TORONTO_TRE92_0144
TORONTO_TRE92_STU00418,TORONTO_TRE92_0147
TORONTO_TRE92_STU00419,TORONTO_TRE92_0171
TORONTO_TRE92_STU00420,TORONTO_TRE92_0216
TORONTO_TRE92_STU00420,TORONTO_TRE92_0219
TORONTO_TRE92_STU00420,TORONTO_TRE92_0220
TORONTO_TRE92_STU00420,TORONTO_TRE92_0249
TORONTO_TRE92_STU00421,TORONTO_TRE92_0207
TORONTO_TRE92_STU00422,TORONTO_TRE92_0197
TORONTO_TRE92_STU00423,TORONTO_TRE92_0108
TORONTO_TRE92_STU00424,TORONTO_TRE92_0004
TORONTO_TRE92_STU00424,TORONTO_TRE92_0008
TORONTO_TRE92_STU00424,TORONTO_TRE92_0009
TORONTO_TRE92_STU00424,TORONTO_TRE92_0019
TORONTO_TRE92_STU00424,TORONTO_TRE92_0203
TORONTO_TRE92_STU00425,TORONTO_TRE92_0158
TORONTO_TRE92_STU00426,TORONTO_TRE92_0079
TORONTO_TRE92_STU00426,TORONTO_TRE92_0099
TORONTO_TRE92_STU00426,TORONTO_TRE92_0101
TORONTO_TRE92_STU00426,TORONTO_TRE92_0108
TORONTO_TRE92_STU00427,TORONTO_TRE92_0005
TORONTO_TRE92_STU00427,TORONTO_TRE92_0008
TORONTO_TRE92_STU00427,TORONTO_TRE92_0245
TORONTO_TRE92_STU00428,TORONTO_TRE92_0220
TORONTO_TRE92_STU00429,TORONTO_TRE92_0108
TORONTO_TRE92_STU00430,TORONTO_TRE92_0240
TORONTO_TRE92_STU00430,TORONTO_TRE92_0243
TORONTO_TRE92_STU00431,TORONTO_TRE92_0006
TORONTO_TRE92_STU00431,TORONTO_TRE92_0008
TORONTO_TRE92_STU00431,TORONTO_TRE92_0010
TORONTO_TRE92_STU00431,TORONTO_TRE92_0086
TORONTO_TRE92_STU00431,TORONTO_TRE92_0092
TORONTO_TRE92_STU00431,TORONTO_TRE92_0210
TORONTO_TRE92_STU00432,TORONTO_TRE92_0100
TORONTO_TRE92_STU00433,TORONTO_TRE92_0101
TORONTO_TRE92_STU00433,TORONTO_TRE92_0162
TORONTO_TRE92_STU00434,TORONTO_TRE92_0038
TORONTO_TRE92_STU00434,TORONTO_TRE92_0111
TORONTO_TRE92_STU00434,TORONTO_TRE92_0141
TORONTO_TRE92_STU00435,TORONTO_TRE92_0199
TORONTO_TRE92_STU00436,TORONTO_TRE92_0099
TORONTO_TRE92_STU00437,TORONTO_TRE92_0073
TORONTO_TRE92_STU00437,TORONTO_TRE92_0101
TORONTO_TRE92_STU00437,TORONTO_TRE92_0180
TORONTO_TRE92_STU00438,TORONTO_TRE92_0089
TORONTO_TRE92_STU00439,TORONTO_TRE92_0194
TORONTO_TRE92_STU00440,TORONTO_TRE92_0007
TORONTO_TRE92_STU00440,TORONTO_TRE92_0008
TORONTO_TRE92_STU00440,TORONTO_TRE92_0009
TORONTO_TRE92_STU00440,TORONTO_TRE92_0010
TORONTO_TRE92_STU00441,TORONTO_TRE92_0014
TORONTO_TRE92_STU00441,TORONTO_TRE92_0183
TORONTO_TRE92_STU00442,TORONTO_TRE92_0147
TORONTO_TRE92_STU00442,TORONTO_TRE92_0150
TORONTO_TRE92_STU00443,TORONTO_TRE92_0220
TORONTO_TRE92_STU00443,TORONTO_TRE92_0228
TORONTO_TRE92_STU00444,TORONTO_TRE92_0008
TORONTO_TRE92_STU00444,TORONTO_TRE92_0010
TORONTO_TRE92_STU00444,TORONTO_TRE92_0113
TORONTO_TRE92_STU00445,TORONTO_TRE92_0004
TORONTO_TRE92_STU00445,TORONTO_TRE92_0005
TORONTO_TRE92_STU00445,TORONTO_TRE92_0006
TORONTO_TRE92_STU00446,TORONTO_TRE92_0008
TORONTO_TRE92_STU00446,TORONTO_TRE92_0010
TORONTO_TRE92_STU00446,TORONTO_TRE92_0087
TORONTO_TRE92_STU00446,TORONTO_TRE92_0088
TORONTO_TRE92_STU00446,TORONTO_TRE92_0113
TORONTO_TRE92_STU00447,TORONTO_TRE92_0226
TORONTO_TRE92_STU00448,TORONTO_TRE92_0144
TORONTO_TRE92_STU00448,TORONTO_TRE92_0150
TORONTO_TRE92_STU00448,TORONTO_TRE92_0151
TORONTO_TRE92_STU00449,TORONTO_TRE92_0085
TORONTO_TRE92_STU00449,TORONTO_TRE92_0086
TORONTO_TRE92_STU00449,TORONTO_TRE92_0092
TORONTO_TRE92_STU00450,TORONTO_TRE92_0008
TORONTO_TRE92_STU00450,TORONTO_TRE92_0009
TORONTO_TRE92_STU00450,TORONTO_TRE92_0010
TORONTO_TRE92_STU00451,TORONTO_TRE92_0260
TORONTO_TRE92_STU00452,TORONTO_TRE92_0072
TORONTO_TRE92_STU00452,TORONTO_TRE92_0240
TORONTO_TRE92_STU00452,TORONTO_TRE92_0241
TORONTO_TRE92_STU00453,TORONTO_TRE92_0229
TORONTO_TRE92_STU00454,TORONTO_TRE92_0229
TORONTO_TRE92_STU00455,TORONTO_TRE92_0006
TORONTO_TRE92_STU00455,TORONTO_TRE92_0008
TORONTO_TRE92_STU00455,TORONTO_TRE92_0072
TORONTO_TRE92_STU00455,TORONTO_TRE92_0088
TORONTO_TRE92_STU00455,TORONTO_TRE92_0092
TORONTO_TRE92_STU00456,TORONTO_TRE92_0148
TORONTO_TRE92_STU00456,TORONTO_TRE92_0149
TORONTO_TRE92_STU00457,TORONTO_TRE92_0142
TORONTO_TRE92_STU00457,TORONTO_TRE92_0151
TORONTO_TRE92_STU00458,TORONTO_TRE92_0231
TORONTO_TRE92_STU00459,TORONTO_TRE92_0017
TORONTO_TRE92_STU00459,TORONTO_TRE92_0018
TORONTO_TRE92_STU00459,TORONTO_TRE92_0141
TORONTO_TRE92_STU00459,TORONTO_TRE92_0143
TORONTO_TRE92_STU00459,TORONTO_TRE92_0146
TORONTO_TRE92_STU00460,TORONTO_TRE92_0050
TORONTO_TRE92_STU00460,TORONTO_TRE92_0072
TORONTO_TRE92_STU00460,TORONTO_TRE92_0171
TORONTO_TRE92_STU00461,TORONTO_TRE92_0113
TORONTO_TRE92_STU00461,TORONTO_TRE92_0195
TORONTO_TRE92_STU00462,TORONTO_TRE92_0096
TORONTO_TRE92_STU00463,TORONTO_TRE92_0101
TORONTO_TRE92_STU00464,TORONTO_TRE92_0071
TORONTO_TRE92_STU00465,TORONTO_TRE92_0066
TORONTO_TRE92_STU00465,TORONTO_TRE92_0133
TORONTO_TRE92_STU00466,TORONTO_TRE92_0094
TORONTO_TRE92_STU00466,TORONTO_TRE92_0154
TORONTO_TRE92_STU00466,TORONTO_TRE92_0170
TORONTO_TRE92_STU00467,TORONTO_TRE92_0171
TORONTO_TRE92_STU00468,TORONTO_TRE92_0191
TORONTO_TRE92_STU00469,TORONTO_TRE92_0050
TORONTO_TRE92_STU00469,TORONTO_TRE92_0079
TORONTO_TRE92_STU00470,TORONTO_TRE92_0072
TORONTO_TRE92_STU00470,TORONTO_TRE92_0088
TORONTO_TRE92_STU00471,TORONTO_TRE92_0165
TORONTO_TRE92_STU00472,TORONTO_TRE92_0141
TORONTO_TRE92_STU00472,TORONTO_TRE92_0143
TORONTO_TRE92_STU00472,TORONTO_TRE92_0151
TORONTO_TRE92_STU00473,TORONTO_TRE92_0101
TORONTO_TRE92_STU00473,TORONTO_TRE92_0231
TORONTO_TRE92_STU00474,TORONTO_TRE92_0044
TORONTO_TRE92_STU00474,TORONTO_TRE92_0227
TORONTO_TRE92_STU00475,TORONTO_TRE92_0115
TORONTO_TRE92_STU00476,TORONTO_TRE92_0214
TORONTO_TRE92_STU00476,TORONTO_TRE92_0225
TORONTO_TRE92_STU00476,TORONTO_TRE92_0226
TORONTO_TRE92_STU00477,TORONTO_TRE92_0159
TORONTO_TRE92_STU00478,TORONTO_TRE92_0230
TORONTO_TRE92_STU00478,TORONTO_TRE92_0231
TORONTO_TRE92_STU00479,TORONTO_TRE92_0226
TORONTO_TRE92_STU00479,TORONTO_TRE92_0231
TORONTO_TRE92_STU00480,TORONTO_TRE92_0101
TORONTO_TRE92_STU00480,TORONTO_TRE92_0102
TORONTO_TRE92_STU00481,TORONTO_TRE92_0198
TORONTO_TRE92_STU00481,TORONTO_TRE92_0247
TORONTO_TRE92_STU00482,TORONTO_TRE92_0083
TORONTO_TRE92_STU00482,TORONTO_TRE92_0084
TORONTO_TRE92_STU00482,TORONTO_TRE92_0085
TORONTO_TRE92_STU00482,TORONTO_TRE92_0086
TORONTO_TRE92_STU00482,TORONTO_TRE92_0087
TORONTO_TRE92_STU00483,TORONTO_TRE92_0043
TORONTO_TRE92_STU00483,TORONTO_TRE92_0156
TORONTO_TRE92_STU00484,TORONTO_TRE92_0168
TORONTO_TRE92_STU00485,TORONTO_TRE92_0045
TORONTO_TRE92_STU00485,TORONTO_TRE92_0069
TORONTO_TRE92_STU00485,TORONTO_TRE92_0158
TORONTO_TRE92_STU00486,TORONTO_TRE92_0217
TORONTO_TRE92_STU00486,TORONTO_TRE92_0223
TORONTO_TRE92_STU00486,TORONTO_TRE92_0224
TORONTO_TRE92_STU00486,TORONTO_TRE92_0225
TORONTO_TRE92_STU00487,TORONTO_TRE92_0079
TORONTO_TRE92_STU00487,TORONTO_TRE92_0206
TORONTO_TRE92_STU00488,TORONTO_TRE92_0217
TORONTO_TRE92_STU00488,TORONTO_TRE92_0222
TORONTO_TRE92_STU00488,TORONTO_TRE92_0223
TORONTO_TRE92_STU00488,TORONTO_TRE92_0224
TORONTO_TRE92_STU00488,TORONTO_TRE92_0226
TORONTO_TRE92_STU00489,TORONTO_TRE92_0028
TORONTO_TRE92_STU00490,TORONTO_TRE92_0222
TORONTO_TRE92_STU00491,TORONTO_TRE92_0240
TORONTO_TRE92_STU00491,TORONTO_TRE92_0241
TORONTO_TRE92_STU00491,TORONTO_TRE92_0242
TORONTO_TRE92_STU00491,TORONTO_TRE92_0243
TORONTO_TRE92_STU00492,TORONTO_TRE92_0021
TORONTO_TRE92_STU00493,TORONTO_TRE92_0220
TORONTO_TRE92_STU00493,TORONTO_TRE92_0229
TORONTO_TRE92_STU00493,TORONTO_TRE92_0250
TORONTO_TRE92_STU00494,TORONTO_TRE92_0004
TORONTO_TRE92_STU00494,TORONTO_TRE92_0005
TORONTO_TRE92_STU00494,TORONTO_TRE92_0007
TORONTO_TRE92_STU00494,TORONTO_TRE92_0008
TORONTO_TRE92_STU00494,TORONTO_TRE92_0010
TORONTO_TRE92_STU00494,TORONTO_TRE92_0113
TORONTO_TRE92_STU00495,TORONTO_TRE92_0127
TORONTO_TRE92_STU00495,TORONTO_TRE92_0222
TORONTO_TRE92_STU00496,TORONTO_TRE92_0082
TORONTO_TRE92_STU00496,TORONTO_TRE92_0083
TORONTO_TRE92_STU00496,TORONTO_TRE92_0088
TORONTO_TRE92_STU00497,TORONTO_TRE92_0050
TORONTO_TRE92_STU00497,TORONTO_TRE92_0083
TORONTO_TRE92_STU00498,TORONTO_TRE92_0039
TORONTO_TRE92_STU00498,TORONTO_TRE92_0041
TORONTO_TRE92_STU00499,TORONTO_TRE92_0068
TORONTO_TRE92_STU00500,TORONTO_TRE92_0008
TORONTO_TRE92_STU00500,TORONTO_TRE92_0009
TORONTO_TRE92_STU00500,TORONTO_TRE92_0072
TORONTO_TRE92_STU00500,TORONTO_TRE92_0203
TORONTO_TRE92_STU00501,TORONTO_TRE92_0135
TORONTO_TRE92_STU00501,TORONTO_TRE92_0151
TORONTO_TRE92_STU00502,TORONTO_TRE92_0085
TORONTO_TRE92_STU00502,TORONTO_TRE92_0086
TORONTO_TRE92_STU00503,TORONTO_TRE92_0005
TORONTO_TRE92_STU00503,TORONTO_TRE92_0008
TORONTO_TRE92_STU00503,TORONTO_TRE92_0072
TORONTO_TRE92_STU00503,TORONTO_TRE92_0086
TORONTO_TRE92_STU00504,TORONTO_TRE92_0171
TORONTO_TRE92_STU00505,TORONTO_TRE92_0226
TORONTO_TRE92_STU00505,TORONTO_TRE92_0227
TORONTO_TRE92_STU00506,TORONTO_TRE92_0066
TORONTO_TRE92_STU00506,TORONTO_TRE92_0154
TORONTO_TRE92_STU00507,TORONTO_TRE92_0069
TORONTO_TRE92_STU00507,TORONTO_TRE92_0114
TORONTO_TRE92_STU00508,TORONTO_TRE92_0260
TORONTO_TRE92_STU00509,TORONTO_TRE92_0089
TORONTO_TRE92_STU00509,TORONTO_TRE92_0093
TORONTO_TRE92_STU00509,TORONTO_TRE92_0113
TORONTO_TRE92_STU00510,TORONTO_TRE92_0086
TORONTO_TRE92_STU00510,TORONTO_TRE92_0088
TORONTO_TRE92_STU00510,TORONTO_TRE92_0089
TORONTO_TRE92_STU00510,TORONTO_TRE92_0092
TORONTO_TRE92_STU00511,TORONTO_TRE92_0044
TORONTO_TRE92_STU00512,TORONTO_TRE92_0087
TORONTO_TRE92_STU00512,TORONTO_TRE92_0210
TORONTO_TRE92_STU00513,TORONTO_TRE92_0222
TORONTO_TRE92_STU00513,TORONTO_TRE92_0225
TORONTO_TRE92_STU00514,TORONTO_TRE92_0158
TORONTO_TRE92_STU00514,TORONTO_TRE92_0182
TORONTO_TRE92_STU00514,TORONTO_TRE92_0183
TORONTO_TRE92_STU00515,TORONTO_TRE92_0110
TORONTO_TRE92_STU00515,TORONTO_TRE92_0111
TORONTO_TRE92_STU00515,TORONTO_TRE92_0116
TORONTO_TRE92_STU00516,TORONTO_TRE92_0114
TORONTO_TRE92_STU00516,TORONTO_TRE92_0251
TORONTO_TRE92_STU00516,TORONTO_TRE92_0252
TORONTO_TRE92_STU00517,TORONTO_TRE92_0088
TORONTO_TRE92_STU00517,TORONTO_TRE92_0089
TORONTO_TRE92_STU00517,TORONTO_TRE92_0091
TORONTO_TRE92_STU00518,TORONTO_TRE92_0002
TORONTO_TRE92_STU00518,TORONTO_TRE92_0072
TORONTO_TRE92_STU00518,TORONTO_TRE92_0105
TORONTO_TRE92_STU00518,TORONTO_TRE92_0108
TORONTO_TRE92_STU00519,TORONTO_TRE92_0206
TORONTO_TRE92_STU00519,TORONTO_TRE92_0212
TORONTO_TRE92_STU00520,TORONTO_TRE92_0031
TORONTO_TRE92_STU00520,TORONTO_TRE92_0039
TORONTO_TRE92_STU00520,TORONTO_TRE92_0040
TORONTO_TRE92_STU00520,TORONTO_TRE92_0110
TORONTO_TRE92_STU00520,TORONTO_TRE92_0116
TORONTO_TRE92_STU00521,TORONTO_TRE92_0004
TORONTO_TRE92_STU00521,TORONTO_TRE92_0085
TORONTO_TRE92_STU00521,TORONTO_TRE92_0087
TORONTO_TRE92_STU00522,TORONTO_TRE92_0014
TORONTO_TRE92_STU00522,TORONTO_TRE92_0018
TORONTO_TRE92_STU00522,TORONTO_TRE92_0022
TORONTO_TRE92_STU00522,TORONTO_TRE92_0114
TORONTO_TRE92_STU00523,TORONTO_TRE92_0003
TORONTO_TRE92_STU00523,TORONTO_TRE92_0006
TORONTO_TRE92_STU00523,TORONTO_TRE92_0092
TORONTO_TRE92_STU00523,TORONTO_TRE92_0093
TORONTO_TRE92_STU00523,TORONTO_TRE92_0101
TORONTO_TRE92_STU00524,TORONTO_TRE92_0043
TORONTO_TRE92_STU00524,TORONTO_TRE92_0098
TORONTO_TRE92_STU00525,TORONTO_TRE92_0231
TORONTO_TRE92_STU00526,TORONTO_TRE92_0042
TORONTO_TRE92_STU00526,TORONTO_TRE92_0043
TORONTO_TRE92_STU00526,TORONTO_TRE92_0044
TORONTO_TRE92_STU00526,TORONTO_TRE92_0199
TORONTO_TRE92_STU00527,TORONTO_TRE92_0005
TORONTO_TRE92_STU00527,TORONTO_TRE92_0006
TORONTO_TRE92_STU00527,TORONTO_TRE92_0086
TORONTO_TRE92_STU00527,TORONTO_TRE92_0087
TORONTO_TRE92_STU00528,TORONTO_TRE92_0105
TORONTO_TRE92_STU00528,TORONTO_TRE92_0125
TORONTO_TRE92_STU00528,TORONTO_TRE92_0126
TORONTO_TRE92_STU00529,TORONTO_TRE92_0190
TORONTO_TRE92_STU00530,TORONTO_TRE92_0044
TORONTO_TRE92_STU00531,TORONTO_TRE92_0106
TORONTO_TRE92_STU00531,TORONTO_TRE92_0198
TORONTO_TRE92_STU00532,TORONTO_TRE92_0014
TORONTO_TRE92_STU00532,TORONTO_TRE92_0106
TORONTO_TRE92_STU00532,TORONTO_TRE92_0198
TORONTO_TRE92_STU00533,TORONTO_TRE92_0021
TORONTO_TRE92_STU00534,TORONTO_TRE92_0220
TORONTO_TRE92_STU00535,TORONTO_TRE92_0088
TORONTO_TRE92_STU00535,TORONTO_TRE92_0092
TORONTO_TRE92_STU00536,TORONTO_TRE92_0204
TORONTO_TRE92_STU00536,TORONTO_TRE92_0207
TORONTO_TRE92_STU00537,TORONTO_TRE92_0099
TORONTO_TRE92_STU00538,TORONTO_TRE92_0203
TORONTO_TRE92_STU00538,TORONTO_TRE92_0210
TORONTO_TRE92_STU00539,TORONTO_TRE92_0178
TORONTO_TRE92_STU00539,TORONTO_TRE92_0179
TORONTO_TRE92_STU00539,TORONTO_TRE92_0240
TORONTO_TRE92_STU00539,TORONTO_TRE92_0241
TORONTO_TRE92_STU00539,TORONTO_TRE92_0243
TORONTO_TRE92_STU00540,TORONTO_TRE92_0089
TORONTO_TRE92_STU00540,TORONTO_TRE92_0180
TORONTO_TRE92_STU00541,TORONTO_TRE92_0111
TORONTO_TRE92_STU00541,TORONTO_TRE92_0141
TORONTO_TRE92_STU00541,TORONTO_TRE92_0230
TORONTO_TRE92_STU00542,TORONTO_TRE92_0154
TORONTO_TRE92_STU00542,TORONTO_TRE92_0167
TORONTO_TRE92_STU00543,TORONTO_TRE92_0220
TORONTO_TRE92_STU00543,TORONTO_TRE92_0225
TORONTO_TRE92_STU00543,TORONTO_TRE92_0232
TORONTO_TRE92_STU00544,TORONTO_TRE92_0086
TORONTO_TRE92_STU00545,TORONTO_TRE92_0045
TORONTO_TRE92_STU00545,TORONTO_TRE92_0092
TORONTO_TRE92_STU00545,TORONTO_TRE92_0245
TORONTO_TRE92_STU00546,TORONTO_TRE92_0001
TORONTO_TRE92_STU00546,TORONTO_TRE92_0003
TORONTO_TRE92_STU00546,TORONTO_TRE92_0080
TORONTO_TRE92_STU00546,TORONTO_TRE92_0081
TORONTO_TRE92_STU00547,TORONTO_TRE92_0049
TORONTO_TRE92_STU00547,TORONTO_TRE92_0109
TORONTO_TRE92_STU00548,TORONTO_TRE92_0108
TORONTO_TRE92_STU00549,TORONTO_TRE92_0224
TORONTO_TRE92_STU00550,TORONTO_TRE92_0085
TORONTO_TRE92_STU00550,TORONTO_TRE92_0086
TORONTO_TRE92_STU00550,TORONTO_TRE92_0089
TORONTO_TRE92_STU00550,TORONTO_TRE92_0218
TORONTO_TRE92_STU00551,TORONTO_TRE92_0226
TORONTO_TRE92_STU00551,TORONTO_TRE92_0229
TORONTO_TRE92_STU00552,TORONTO_TRE92_0013
TORONTO_TRE92_STU00552,TORONTO_TRE92_0159
TORONTO_TRE92_STU00552,TORONTO_TRE92_0163
TORONTO_TRE92_STU00553,TORONTO_TRE92_0229
TORONTO_TRE92_STU00554,TORONTO_TRE92_0171
TORONTO_TRE92_STU00555,TORONTO_TRE92_0119
TORONTO_TRE92_STU00556,TORONTO_TRE92_0056
TORONTO_TRE92_STU00556,TORONTO_TRE92_0182
TORONTO_TRE92_STU00556,TORONTO_TRE92_0238
TORONTO_TRE92_STU00556,TORONTO_TRE92_0244
TORONTO_TRE92_STU00557,TORONTO_TRE92_0219
TORONTO_TRE92_STU00557,TORONTO_TRE92_0231
TORONTO_TRE92_STU00558,TORONTO_TRE92_0078
TORONTO_TRE92_STU00558,TORONTO_TRE92_0128
TORONTO_TRE92_STU00559,TORONTO_TRE92_0071
TORONTO_TRE92_STU00559,TORONTO_TRE92_0101
TORONTO_TRE92_STU00559,TORONTO_TRE92_0108
TORONTO_TRE92_STU00559,TORONTO_TRE92_0165
TORONTO_TRE92_STU00560,TORONTO_TRE92_0228
TORONTO_TRE92_STU00560,TORONTO_TRE92_0251
TORONTO_TRE92_STU00561,TORONTO_TRE92_0046
TORONTO_TRE92_STU00561,TORONTO_TRE92_0160
TORONTO_TRE92_STU00561,TORONTO_TRE92_0163
TORONTO_TRE92_STU00561,TORONTO_TRE92_0164
TORONTO_TRE92_STU00562,TORONTO_TRE92_0071
TORONTO_TRE92_STU00562,TORONTO_TRE92_0103
TORONTO_TRE92_STU00562,TORONTO_TRE92_0163
TORONTO_TRE92_STU00563,TORONTO_TRE92_0224
TORONTO_TRE92_STU00563,TORONTO_TRE92_0229
TORONTO_TRE92_STU00564,TORONTO_TRE92_0026
TORONTO_TRE92_STU00565,TORONTO_TRE92_0027
TORONTO_TRE92_STU00565,TORONTO_TRE92_0223
TORONTO_TRE92_STU00565,TORONTO_TRE92_0225
TORONTO_TRE92_STU00566,TORONTO_TRE92_0221
TORONTO_TRE92_STU00567,TORONTO_TRE92_0068
TORONTO_TRE92_STU00568,TORONTO_TRE92_0128
TORONTO_TRE92_STU00568,TORONTO_TRE92_0141
TORONTO_TRE92_STU00568,TORONTO_TRE92_0143
TORONTO_TRE92_STU00568,TORONTO_TRE92_0149
TORONTO_TRE92_STU00568,TORONTO_TRE92_0150
TORONTO_TRE92_STU00569,TORONTO_TRE92_0141
TORONTO_TRE92_STU00569,TORONTO_TRE92_0149
TORONTO_TRE92_STU00569,TORONTO_TRE92_0151
TORONTO_TRE92_STU00570,TORONTO_TRE92_0016
TORONTO_TRE92_STU00570,TORONTO_TRE92_0163
TORONTO_TRE92_STU00571,TORONTO_TRE92_0247
TORONTO_TRE92_STU00571,TORONTO_TRE92_0254
TORONTO_TRE92_STU00572,TORONTO_TRE92_0046
TORONTO_TRE92_STU00573,TORONTO_TRE92_0006
TORONTO_TRE92_STU00573,TORONTO_TRE92_0008
TORONTO_TRE92_STU00573,TORONTO_TRE92_0010
TORONTO_TRE92_STU00574,TORONTO_TRE92_0087
TORONTO_TRE92_STU00574,TORONTO_TRE92_0089
TORONTO_TRE92_STU00574,TORONTO_TRE92_0090
TORONTO_TRE92_STU00575,TORONTO_TRE92_0260
TORONTO_TRE92_STU00576,TORONTO_TRE92_0220
TORONTO_TRE92_STU00576,TORONTO_TRE92_0229
TORONTO_TRE92_STU00577,TORONTO_TRE92_0104
TORONTO_TRE92_STU00578,TORONTO_TRE92_0047
TORONTO_TRE92_STU00578,TORONTO_TRE92_0252
TORONTO_TRE92_STU00579,TORONTO_TRE92_0245
TORONTO_TRE92_STU00580,TORONTO_TRE92_0029
TORONTO_TRE92_STU00580,TORONTO_TRE92_0035
TORONTO_TRE92_STU00580,TORONTO_TRE92_0116
TORONTO_TRE92_STU00581,TORONTO_TRE92_0212
TORONTO_TRE92_STU00582,TORONTO_TRE92_0021
TORONTO_TRE92_STU00582,TORONTO_TRE92_0072
TORONTO_TRE92_STU00583,TORONTO_TRE92_0008
TORONTO_TRE92_STU00583,TORONTO_TRE92_0010
TORONTO_TRE92_STU00583,TORONTO_TRE92_0072
TORONTO_TRE92_STU00583,TORONTO_TRE92_0113
TORONTO_TRE92_STU00584,TORONTO_TRE92_0111
TORONTO_TRE92_STU00585,TORONTO_TRE92_0108
TORONTO_TRE92_STU00586,TORONTO_TRE92_0023
TORONTO_TRE92_STU00586,TORONTO_TRE92_0114
TORONTO_TRE92_STU00587,TORONTO_TRE92_0044
TORONTO_TRE92_STU00587,TORONTO_TRE92_0140
TORONTO_TRE92_STU00587,TORONTO_TRE92_0145
TORONTO_TRE92_STU00587,TORONTO_TRE92_0148
TORONTO_TRE92_STU00588,TORONTO_TRE92_0008
TORONTO_TRE92_STU00588,TORONTO_TRE92_0009
TORONTO_TRE92_STU00588,TORONTO_TRE92_0010
TORONTO_TRE92_STU00589,TORONTO_TRE92_0114
TORONTO_TRE92_STU00590,TORONTO_TRE92_0007
TORONTO_TRE92_STU00590,TORONTO_TRE92_0008
TORONTO_TRE92_STU00590,TORONTO_TRE92_0088
TORONTO_TRE92_STU00591,TORONTO_TRE92_0101
TORONTO_TRE92_STU00592,TORONTO_TRE92_0226
TORONTO_TRE92_STU00593,TORONTO_TRE92_0077
TORONTO_TRE92_STU00593,TORONTO_TRE92_0182
TORONTO_TRE92_STU00593,TORONTO_TRE92_0245
TORONTO_TRE92_STU00594,TORONTO_TRE92_0260
TORONTO_TRE92_STU00595,TORONTO_TRE92_0044
TORONTO_TRE92_STU00596,TORONTO_TRE92_0105
TORONTO_TRE92_STU00597,TORONTO_TRE92_0097
TORONTO_TRE92_STU00597,TORONTO_TRE92_0106
TORONTO_TRE92_STU00598,TORONTO_TRE92_0215
TORONTO_TRE92_STU00598,TORONTO_TRE92_0247
TORONTO_TRE92_STU00599,TORONTO_TRE92_0108
TORONTO_TRE92_STU00600,TORONTO_TRE92_0113
TORONTO_TRE92_STU00600,TORONTO_TRE92_0115
TORONTO_TRE92_STU00600,TORONTO_TRE92_0160
TORONTO_TRE92_STU00600,TORONTO_TRE92_0171
TORONTO_TRE92_STU00600,TORONTO_TRE92_0190
TORONTO_TRE92_STU00601,TORONTO_TRE92_0135
TORONTO_TRE92_STU00601,TORONTO_TRE92_0137
TORONTO_TRE92_STU00601,TORONTO_TRE92_0252
TORONTO_TRE92_STU00601,TORONTO_TRE92_0253
TORONTO_TRE92_STU00602,TORONTO_TRE92_0085
TORONTO_TRE92_STU00602,TORONTO_TRE92_0086
TORONTO_TRE92_STU00602,TORONTO_TRE92_0089
TORONTO_TRE92_STU00602,TORONTO_TRE92_0092
TORONTO_TRE92_STU00603,TORONTO_TRE92_0089
TORONTO_TRE92_STU00603,TORONTO_TRE92_0144
TORONTO_TRE92_STU00603,TORONTO_TRE92_0151
TORONTO_TRE92_STU00604,TORONTO_TRE92_0062
TORONTO_TRE92_STU00605,TORONTO_TRE92_0108
TORONTO_TRE92_STU00606,TORONTO_TRE92_0150
TORONTO_TRE92_STU00606,TORONTO_TRE92_0151
TORONTO_TRE92_STU00606,TORONTO_TRE92_0253
TORONTO_TRE92_STU00607,TORONTO_TRE92_0006
TORONTO_TRE92_STU00607,TORONTO_TRE92_0087
TORONTO_TRE92_STU00607,TORONTO_TRE92_0089
TORONTO_TRE92_STU00607,TORONTO_TRE92_0092
TORONTO_TRE92_STU00608,TORONTO_TRE92_0056
TORONTO_TRE92_STU00608,TORONTO_TRE92_0058
TORONTO_TRE92_STU00608,TORONTO_TRE92_0118
TORONTO_TRE92_STU00608,TORONTO_TRE92_0180
TORONTO_TRE92_STU00609,TORONTO_TRE92_0019
TORONTO_TRE92_STU00609,TORONTO_TRE92_0107
TORONTO_TRE92_STU00610,TORONTO_TRE92_0052
TORONTO_TRE92_STU00611,TORONTO_TRE92_0145
TORONTO_TRE92_STU00611,TORONTO_TRE92_0148
TORONTO_TRE92_STU00611,TORONTO_TRE92_0150
TORONTO_TRE92_STU00612,TORONTO_TRE92_0056
TORONTO_TRE92_STU00612,TORONTO_TRE92_0057
TORONTO_TRE92_STU00612,TORONTO_TRE92_0058
TORONTO_TRE92_STU00613,TORONTO_TRE92_0150
TORONTO_TRE92_STU00613,TORONTO_TRE92_0160
TORONTO_TRE92_STU00613,TORONTO_TRE92_0169
TORONTO_TRE92_STU00614,TORONTO_TRE92_0104
TORONTO_TRE92_STU00615,TORONTO_TRE92_0110
TORONTO_TRE92_STU00615,TORONTO_TRE92_0111
TORONTO_TRE92_STU00615,TORONTO_TRE92_0113
TORONTO_TRE92_STU00615,TORONTO_TRE92_0115
TORONTO_TRE92_STU00615,TORONTO_TRE92_0260
TORONTO_TRE92_STU00616,TORONTO_TRE92_0113
TORONTO_TRE92_STU00617,TORONTO_TRE92_0144
TORONTO_TRE92_STU00617,TORONTO_TRE92_0149
TORONTO_TRE92_STU00618,TORONTO_TRE92_0049
TORONTO_TRE92_STU00618,TORONTO_TRE92_0126
TORONTO_TRE92_STU00618,TORONTO_TRE92_0194
TORONTO_TRE92_STU00618,TORONTO_TRE92_0199
TORONTO_TRE92_STU00619,TORONTO_TRE92_0100
TORONTO_TRE92_STU00620,TORONTO_TRE92_0216
TORONTO_TRE92_STU00620,TORONTO_TRE92_0220
TORONTO_TRE92_STU00620,TORONTO_TRE92_0228
TORONTO_TRE92_STU00621,TORONTO_TRE92_0019
TORONTO_TRE92_STU00621,TORONTO_TRE92_0123
TORONTO_TRE92_STU00621,TORONTO_TRE92_0126
TORONTO_TRE92_STU00621,TORONTO_TRE92_0135
TORONTO_TRE92_STU00621,TORONTO_TRE92_0140
TORONTO_TRE92_STU00622,TORONTO_TRE92_0112
TORONTO_TRE92_STU00622,TORONTO_TRE92_0114
TORONTO_TRE92_STU00623,TORONTO_TRE92_0158
TORONTO_TRE92_STU00624,TORONTO_TRE92_0253
TORONTO_TRE92_STU00625,TORONTO_TRE92_0098
TORONTO_TRE92_STU00626,TORONTO_TRE92_0160
TORONTO_TRE92_STU00626,TORONTO_TRE92_0161
TORONTO_TRE92_STU00626,TORONTO_TRE92_0206
TORONTO_TRE92_STU00626,TORONTO_TRE92_0209
TORONTO_TRE92_STU00626,TORONTO_TRE92_0212
TORONTO_TRE92_STU00627,TORONTO_TRE92_0178
TORONTO_TRE92_STU00627,TORONTO_TRE92_0179
TORONTO_TRE92_STU00628,TORONTO_TRE92_0019
TORONTO_TRE92_STU00628,TORONTO_TRE92_0028
TORONTO_TRE92_STU00628,TORONTO_TRE92_0227
TORONTO_TRE92_STU00629,TORONTO_TRE92_0015
TORONTO_TRE92_STU00629,TORONTO_TRE92_0021
TORONTO_TRE92_STU00630,TORONTO_TRE92_0050
TORONTO_TRE92_STU00630,TORONTO_TRE92_0230
TORONTO_TRE92_STU00630,TORONTO_TRE92_0249
TORONTO_TRE92_STU00630,TORONTO_TRE92_0253
TORONTO_TRE92_STU00631,TORONTO_TRE92_0092
TORONTO_TRE92_STU00631,TORONTO_TRE92_0096
TORONTO_TRE92_STU00631,TORONTO_TRE92_0101
TORONTO_TRE92_STU00631,TORONTO_TRE92_0108
TORONTO_TRE92_STU00632,TORONTO_TRE92_0079
TORONTO_TRE92_STU00633,TORONTO_TRE92_0189
TORONTO_TRE92_STU00633,TORONTO_TRE92_0190
TORONTO_TRE92_STU00633,TORONTO_TRE92_0191
TORONTO_TRE92_STU00634,TORONTO_TRE92_0108
TORONTO_TRE92_STU00635,TORONTO_TRE92_0199
TORONTO_TRE92_STU00636,TORONTO_TRE92_0089
TORONTO_TRE92_STU00636,TORONTO_TRE92_0093
TORONTO_TRE92_STU00636,TORONTO_TRE92_0111
TORONTO_TRE92_STU00637,TORONTO_TRE92_0004
TORONTO_TRE92_STU00637,TORONTO_TRE92_0011
TORONTO_TRE92_STU00637,TORONTO_TRE92_0025
TORONTO_TRE92_STU00638,TORONTO_TRE92_0105
TORONTO_TRE92_STU00638,TORONTO_TRE92_0107
TORONTO_TRE92_STU00638,TORONTO_TRE92_0108
TORONTO_TRE92_STU00639,TORONTO_TRE92_0058
TORONTO_TRE92_STU00639,TORONTO_TRE92_0063
TORONTO_TRE92_STU00639,TORONTO_TRE92_0239
TORONTO_TRE92_STU00640,TORONTO_TRE92_0209
TORONTO_TRE92_STU00641,TORONTO_TRE92_0094
TORONTO_TRE92_STU00641,TORONTO_TRE92_0234
TORONTO_TRE92_STU00642,TORONTO_TRE92_0247
TORONTO_TRE92_STU00642,TORONTO_TRE92_0249
TORONTO_TRE92_STU00642,TORONTO_TRE92_0252
TORONTO_TRE92_STU00642,TORONTO_TRE92_0253
TORONTO_TRE92_STU00643,TORONTO_TRE92_0222
TORONTO_TRE92_STU00643,TORONTO_TRE92_0224
TORONTO_TRE92_STU00644,TORONTO_TRE92_0011
TORONTO_TRE92_STU00644,TORONTO_TRE92_0046
TORONTO_TRE92_STU00644,TORONTO_TRE92_0047
TORONTO_TRE92_STU00644,TORONTO_TRE92_0068
TORONTO_TRE92_STU00644,TORONTO_TRE92_0160
TORONTO_TRE92_STU00645,TORONTO_TRE92_0109
TORONTO_TRE92_STU00645,TORONTO_TRE92_0196
TORONTO_TRE92_STU00645,TORONTO_TRE92_0199
TORONTO_TRE92_STU00646,TORONTO_TRE92_0098
TORONTO_TRE92_STU00647,TORONTO_TRE92_0159
TORONTO_TRE92_STU00648,TORONTO_TRE92_0098
TORONTO_TRE92_STU00649,TORONTO_TRE92_0011
TORONTO_TRE92_STU00650,TORONTO_TRE92_0044
TORONTO_TRE92_STU00650,TORONTO_TRE92_0212
TORONTO_TRE92_STU00650,TORONTO_TRE92_0213
TORONTO_TRE92_STU00651,TORONTO_TRE92_0065
TORONTO_TRE92_STU00651,TORONTO_TRE92_0133
TORONTO_TRE92_STU00652,TORONTO_TRE92_0108
TORONTO_TRE92_STU00653,TORONTO_TRE92_0065
TORONTO_TRE92_STU00654,TORONTO_TRE92_0006
TORONTO_TRE92_STU00654,TORONTO_TRE92_0087
TORONTO_TRE92_STU00654,TORONTO_TRE92_0089
TORONTO_TRE92_STU00654,TORONTO_TRE92_0092
TORONTO_TRE92_STU00655,TORONTO_TRE92_0064
TORONTO_TRE92_STU00656,TORONTO_TRE92_0222
TORONTO_TRE92_STU00657,TORONTO_TRE92_0195
TORONTO_TRE92_STU00658,TORONTO_TRE92_0071
TORONTO_TRE92_STU00658,TORONTO_TRE92_0103
TORONTO_TRE92_STU00658,TORONTO_TRE92_0108
TORONTO_TRE92_STU00658,TORONTO_TRE92_0220
TORONTO_TRE92_STU00659,TORONTO_TRE92_0042
TORONTO_TRE92_STU00659,TORONTO_TRE92_0046
TORONTO_TRE92_STU00660,TORONTO_TRE92_0042
TORONTO_TRE92_STU00660,TORONTO_TRE92_0044
TORONTO_TRE92_STU00660,TORONTO_TRE92_0046
TORONTO_TRE92_STU00660,TORONTO_TRE92_0212
TORONTO_TRE92_STU00661,TORONTO_TRE92_0046
TORONTO_TRE92_STU00662,TORONTO_TRE92_0147
TORONTO_TRE92_STU00663,TORONTO_TRE92_0084
TORONTO_TRE92_STU00663,TORONTO_TRE92_0088
TORONTO_TRE92_STU00664,TORONTO_TRE92_0108
TORONTO_TRE92_STU00664,TORONTO_TRE92_0109
TORONTO_TRE92_STU00664,TORONTO_TRE92_0155
TORONTO_TRE92_STU00664,TORONTO_TRE92_0251
TORONTO_TRE92_STU00665,TORONTO_TRE92_0207
TORONTO_TRE92_STU00666,TORONTO_TRE92_0207
TORONTO_TRE92_STU00667,TORONTO_TRE92_0145
TORONTO_TRE92_STU00667,TORONTO_TRE92_0146
TORONTO_TRE92_STU00667,TORONTO_TRE92_0148
TORONTO_TRE92_STU00667,TORONTO_TRE92_0174
TORONTO_TRE92_STU00668,TORONTO_TRE92_0004
TORONTO_TRE92_STU00668,TORONTO_TRE92_0008
TORONTO_TRE92_STU00668,TORONTO_TRE92_0093
TORONTO_TRE92_STU00669,TORONTO_TRE92_0005
TORONTO_TRE92_STU00669,TORONTO_TRE92_0008
TORONTO_TRE92_STU00669,TORONTO_TRE92_0087
TORONTO_TRE92_STU00669,TORONTO_TRE92_0089
TORONTO_TRE92_STU00670,TORONTO_TRE92_0144
TORONTO_TRE92_STU00670,TORONTO_TRE92_0151
TORONTO_TRE92_STU00671,TORONTO_TRE92_0005
TORONTO_TRE92_STU00671,TORONTO_TRE92_0008
TORONTO_TRE92_STU00671,TORONTO_TRE92_0009
TORONTO_TRE92_STU00671,TORONTO_TRE92_0093
TORONTO_TRE92_STU00672,TORONTO_TRE92_0073
TORONTO_TRE92_STU00672,TORONTO_TRE92_0182
TORONTO_TRE92_STU00672,TORONTO_TRE92_0183
TORONTO_TRE92_STU00673,TORONTO_TRE92_0251
TORONTO_TRE92_STU00674,TORONTO_TRE92_0195
TORONTO_TRE92_STU00675,TORONTO_TRE92_0031
TORONTO_TRE92_STU00676,TORONTO_TRE92_0089
TORONTO_TRE92_STU00676,TORONTO_TRE92_0090
TORONTO_TRE92_STU00676,TORONTO_TRE92_0091
TORONTO_TRE92_STU00677,TORONTO_TRE92_0005
TORONTO_TRE92_STU00677,TORONTO_TRE92_0006
TORONTO_TRE92_STU00677,TORONTO_TRE92_0008
TORONTO_TRE92_STU00677,TORONTO_TRE92_0086
TORONTO_TRE92_STU00678,TORONTO_TRE92_0226
TORONTO_TRE92_STU00679,TORONTO_TRE92_0220
TORONTO_TRE92_STU00679,TORONTO_TRE92_0250
TORONTO_TRE92_STU00680,TORONTO_TRE92_0169
TORONTO_TRE92_STU00681,TORONTO_TRE92_0234
TORONTO_TRE92_STU00682,TORONTO_TRE92_0229
TORONTO_TRE92_STU00683,TORONTO_TRE92_0072
TORONTO_TRE92_STU00683,TORONTO_TRE92_0089
TORONTO_TRE92_STU00684,TORONTO_TRE92_0145
TORONTO_TRE92_STU00684,TORONTO_TRE92_0146
TORONTO_TRE92_STU00685,TORONTO_TRE92_0160
TORONTO_TRE92_STU00685,TORONTO_TRE92_0203
TORONTO_TRE92_STU00686,TORONTO_TRE92_0145
TORONTO_TRE92_STU00686,TORONTO_TRE92_0148
TORONTO_TRE92_STU00687,TORONTO_TRE92_0032
TORONTO_TRE92_STU00687,TORONTO_TRE92_0033
TORONTO_TRE92_STU00687,TORONTO_TRE92_0037
TORONTO_TRE92_STU00688,TORONTO_TRE92_0087
TORONTO_TRE92_STU00688,TORONTO_TRE92_0088
TORONTO_TRE92_STU00689,TORONTO_TRE92_0005
TORONTO_TRE92_STU00689,TORONTO_TRE92_0085
TORONTO_TRE92_STU00689,TORONTO_TRE92_0088
TORONTO_TRE92_STU00689,TORONTO_TRE92_0089
TORONTO_TRE92_STU00690,TORONTO_TRE92_0030
TORONTO_TRE92_STU00690,TORONTO_TRE92_0039
TORONTO_TRE92_STU00690,TORONTO_TRE92_0053
TORONTO_TRE92_STU00691,TORONTO_TRE92_0158
TORONTO_TRE92_STU00692,TORONTO_TRE92_0035
TORONTO_TRE92_STU00692,TORONTO_TRE92_0036
TORONTO_TRE92_STU00693,TORONTO_TRE92_0105
TORONTO_TRE92_STU00694,TORONTO_TRE92_0068
TORONTO_TRE92_STU00694,TORONTO_TRE92_0191
TORONTO_TRE92_STU00695,TORONTO_TRE92_0168
TORONTO_TRE92_STU00696,TORONTO_TRE92_0144
TORONTO_TRE92_STU00697,TORONTO_TRE92_0029
TORONTO_TRE92_STU00697,TORONTO_TRE92_0032
TORONTO_TRE92_STU00697,TORONTO_TRE92_0033
TORONTO_TRE92_STU00697,TORONTO_TRE92_0041
TORONTO_TRE92_STU00698,TORONTO_TRE92_0143
TORONTO_TRE92_STU00699,TORONTO_TRE92_0051
TORONTO_TRE92_STU00700,TORONTO_TRE92_0230
TORONTO_TRE92_STU00701,TORONTO_TRE92_0171
TORONTO_TRE92_STU00702,TORONTO_TRE92_0154
TORONTO_TRE92_STU00702,TORONTO_TRE92_0194
TORONTO_TRE92_STU00702,TORONTO_TRE92_0195
TORONTO_TRE92_STU00702,TORONTO_TRE92_0199
TORONTO_TRE92_STU00703,TORONTO_TRE92_0182
TORONTO_TRE92_STU00703,TORONTO_TRE92_0183
TORONTO_TRE92_STU00704,TORONTO_TRE92_0158
TORONTO_TRE92_STU00704,TORONTO_TRE92_0201
TORONTO_TRE92_STU00704,TORONTO_TRE92_0207
TORONTO_TRE92_STU00705,TORONTO_TRE92_0044
TORONTO_TRE92_STU00705,TORONTO_TRE92_0201
TORONTO_TRE92_STU00706,TORONTO_TRE92_0133
TORONTO_TRE92_STU00707,TORONTO_TRE92_0005
TORONTO_TRE92_STU00707,TORONTO_TRE92_0008
TORONTO_TRE92_STU00707,TORONTO_TRE92_0087
TORONTO_TRE92_STU00707,TORONTO_TRE92_0203
TORONTO_TRE92_STU00708,TORONTO_TRE92_0005
TORONTO_TRE92_STU00708,TORONTO_TRE92_0008
TORONTO_TRE92_STU00708,TORONTO_TRE92_0074
TORONTO_TRE92_STU00708,TORONTO_TRE92_0093
TORONTO_TRE92_STU00709,TORONTO_TRE92_0045
TORONTO_TRE92_STU00709,TORONTO_TRE92_0047
TORONTO_TRE92_STU00709,TORONTO_TRE92_0190
TORONTO_TRE92_STU00710,TORONTO_TRE92_0075
TORONTO_TRE92_STU00710,TORONTO_TRE92_0077
TORONTO_TRE92_STU00710,TORONTO_TRE92_0078
TORONTO_TRE92_STU00711,TORONTO_TRE92_0019
TORONTO_TRE92_STU00711,TORONTO_TRE92_0066
TORONTO_TRE92_STU00712,TORONTO_TRE92_0127
TORONTO_TRE92_STU00713,TORONTO_TRE92_0078
TORONTO_TRE92_STU00713,TORONTO_TRE92_0085
TORONTO_TRE92_STU00713,TORONTO_TRE92_0087
TORONTO_TRE92_STU00713,TORONTO_TRE92_0180
TORONTO_TRE92_STU00714,TORONTO_TRE92_0156
TORONTO_TRE92_STU00715,TORONTO_TRE92_0093
TORONTO_TRE92_STU00716,TORONTO_TRE92_0077
TORONTO_TRE92_STU00716,TORONTO_TRE92_0182
TORONTO_TRE92_STU00717,TORONTO_TRE92_0019
TORONTO_TRE92_STU00717,TORONTO_TRE92_0050
TORONTO_TRE92_STU00717,TORONTO_TRE92_0247
TORONTO_TRE92_STU00718,TORONTO_TRE92_0044
TORONTO_TRE92_STU00718,TORONTO_TRE92_0112
TORONTO_TRE92_STU00718,TORONTO_TRE92_0114
TORONTO_TRE92_STU00718,TORONTO_TRE92_0115
TORONTO_TRE92_STU00719,TORONTO_TRE92_0014
TORONTO_TRE92_STU00720,TORONTO_TRE92_0087
TORONTO_TRE92_STU00720,TORONTO_TRE92_0089
TORONTO_TRE92_STU00720,TORONTO_TRE92_0091
TORONTO_TRE92_STU00720,TORONTO_TRE92_0175
TORONTO_TRE92_STU00721,TORONTO_TRE92_0031
TORONTO_TRE92_STU00722,TORONTO_TRE92_0176
TORONTO_TRE92_STU00723,TORONTO_TRE92_0031
TORONTO_TRE92_STU00723,TORONTO_TRE92_0040
TORONTO_TRE92_STU00723,TORONTO_TRE92_0114
TORONTO_TRE92_STU00724,TORONTO_TRE92_0144
TORONTO_TRE92_STU00724,TORONTO_TRE92_0149
TORONTO_TRE92_STU00725,TORONTO_TRE92_0073
TORONTO_TRE92_STU00725,TORONTO_TRE92_0074
TORONTO_TRE92_STU00725,TORONTO_TRE92_0075
TORONTO_TRE92_STU00726,TORONTO_TRE92_0027
TORONTO_TRE92_STU00726,TORONTO_TRE92_0145
TORONTO_TRE92_STU00726,TORONTO_TRE92_0146
TORONTO_TRE92_STU00726,TORONTO_TRE92_0232
TORONTO_TRE92_STU00727,TORONTO_TRE92_0005
TORONTO_TRE92_STU00727,TORONTO_TRE92_0008
TORONTO_TRE92_STU00727,TORONTO_TRE92_0009
TORONTO_TRE92_STU00727,TORONTO_TRE92_0113
TORONTO_TRE92_STU00727,TORONTO_TRE92_0219
TORONTO_TRE92_STU00728,TORONTO_TRE92_0184
TORONTO_TRE92_STU00729,TORONTO_TRE92_0099
TORONTO_TRE92_STU00730,TORONTO_TRE92_0008
TORONTO_TRE92_STU00730,TORONTO_TRE92_0009
TORONTO_TRE92_STU00730,TORONTO_TRE92_0086
TORONTO_TRE92_STU00730,TORONTO_TRE92_0093
TORONTO_TRE92_STU00731,TORONTO_TRE92_0111
TORONTO_TRE92_STU00732,TORONTO_TRE92_0012
TORONTO_TRE92_STU00732,TORONTO_TRE92_0170
TORONTO_TRE92_STU00733,TORONTO_TRE92_0217
TORONTO_TRE92_STU00733,TORONTO_TRE92_0230
TORONTO_TRE92_STU00734,TORONTO_TRE92_0019
TORONTO_TRE92_STU00735,TORONTO_TRE92_0206
TORONTO_TRE92_STU00735,TORONTO_TRE92_0208
TORONTO_TRE92_STU00736,TORONTO_TRE92_0049
TORONTO_TRE92_STU00736,TORONTO_TRE92_0155
TORONTO_TRE92_STU00736,TORONTO_TRE92_0163
TORONTO_TRE92_STU00736,TORONTO_TRE92_0169
TORONTO_TRE92_STU00736,TORONTO_TRE92_0207
TORONTO_TRE92_STU00737,TORONTO_TRE92_0026
TORONTO_TRE92_STU00737,TORONTO_TRE92_0039
TORONTO_TRE92_STU00737,TORONTO_TRE92_0215
TORONTO_TRE92_STU00738,TORONTO_TRE92_0150
TORONTO_TRE92_STU00738,TORONTO_TRE92_0153
TORONTO_TRE92_STU00739,TORONTO_TRE92_0052
TORONTO_TRE92_STU00739,TORONTO_TRE92_0233
TORONTO_TRE92_STU00740,TORONTO_TRE92_0082
TORONTO_TRE92_STU00740,TORONTO_TRE92_0083
TORONTO_TRE92_STU00740,TORONTO_TRE92_0084
TORONTO_TRE92_STU00740,TORONTO_TRE92_0085
TORONTO_TRE92_STU00740,TORONTO_TRE92_0088
TORONTO_TRE92_STU00741,TORONTO_TRE92_0075
TORONTO_TRE92_STU00742,TORONTO_TRE92_0188
TORONTO_TRE92_STU00743,TORONTO_TRE92_0089
TORONTO_TRE92_STU00744,TORONTO_TRE92_0003
TORONTO_TRE92_STU00745,TORONTO_TRE92_0099
TORONTO_TRE92_STU00745,TORONTO_TRE92_0253
TORONTO_TRE92_STU00746,TORONTO_TRE92_0013
TORONTO_TRE92_STU00746,TORONTO_TRE92_0101
TORONTO_TRE92_STU00746,TORONTO_TRE92_0103
TORONTO_TRE92_STU00747,TORONTO_TRE92_0172
TORONTO_TRE92_STU00748,TORONTO_TRE92_0227
TORONTO_TRE92_STU00749,TORONTO_TRE92_0038
TORONTO_TRE92_STU00749,TORONTO_TRE92_0144
TORONTO_TRE92_STU00750,TORONTO_TRE92_0089
TORONTO_TRE92_STU00751,TORONTO_TRE92_0021
TORONTO_TRE92_STU00752,TORONTO_TRE92_0226
TORONTO_TRE92_STU00753,TORONTO_TRE92_0039
TORONTO_TRE92_STU00753,TORONTO_TRE92_0184
TORONTO_TRE92_STU00754,TORONTO_TRE92_0085
TORONTO_TRE92_STU00754,TORONTO_TRE92_0089
TORONTO_TRE92_STU00754,TORONTO_TRE92_0091
TORONTO_TRE92_STU00755,TORONTO_TRE92_0037
TORONTO_TRE92_STU00755,TORONTO_TRE92_0039
TORONTO_TRE92_STU00756,TORONTO_TRE92_0089
TORONTO_TRE92_STU00756,TORONTO_TRE92_0090
TORONTO_TRE92_STU00756,TORONTO_TRE92_0176
TORONTO_TRE92_STU00757,TORONTO_TRE92_0072
TORONTO_TRE92_STU00757,TORONTO_TRE92_0093
TORONTO_TRE92_STU00757,TORONTO_TRE92_0207
TORONTO_TRE92_STU00757,TORONTO_TRE92_0213
TORONTO_TRE92_STU00757,TORONTO_TRE92_0260
TORONTO_TRE92_STU00758,TORONTO_TRE92_0089
TORONTO_TRE92_STU00758,TORONTO_TRE92_0090
TORONTO_TRE92_STU00759,TORONTO_TRE92_0161
TORONTO_TRE92_STU00760,TORONTO_TRE92_0008
TORONTO_TRE92_STU00760,TORONTO_TRE92_0010
TORONTO_TRE92_STU00760,TORONTO_TRE92_0093
TORONTO_TRE92_STU00761,TORONTO_TRE92_0198
TORONTO_TRE92_STU00762,TORONTO_TRE92_0214
TORONTO_TRE92_STU00763,TORONTO_TRE92_0057
TORONTO_TRE92_STU00763,TORONTO_TRE92_0062
TORONTO_TRE92_STU00764,TORONTO_TRE92_0114
TORONTO_TRE92_STU00765,TORONTO_TRE92_0024
TORONTO_TRE92_STU00766,TORONTO_TRE92_0206
TORONTO_TRE92_STU00767,TORONTO_TRE92_0251
TORONTO_TRE92_STU00768,TORONTO_TRE92_0079
TORONTO_TRE92_STU00768,TORONTO_TRE92_0102
TORONTO_TRE92_STU00768,TORONTO_TRE92_0106
TORONTO_TRE92_STU00768,TORONTO_TRE92_0204
TORONTO_TRE92_STU00769,TORONTO_TRE92_0006
TORONTO_TRE92_STU00770,TORONTO_TRE92_0214
TORONTO_TRE92_STU00771,TORONTO_TRE92_0222
TORONTO_TRE92_STU00771,TORONTO_TRE92_0224
TORONTO_TRE92_STU00771,TORONTO_TRE92_0226
TORONTO_TRE92_STU00772,TORONTO_TRE92_0158
TORONTO_TRE92_STU00772,TORONTO_TRE92_0214
TORONTO_TRE92_STU00773,TORONTO_TRE92_0006
TORONTO_TRE92_STU00774,TORONTO_TRE92_0087
TORONTO_TRE92_STU00774,TORONTO_TRE92_0151
TORONTO_TRE92_STU00775,TORONTO_TRE92_0220
TORONTO_TRE92_STU00776,TORONTO_TRE92_0011
TORONTO_TRE92_STU00776,TORONTO_TRE92_0073
TORONTO_TRE92_STU00776,TORONTO_TRE92_0074
TORONTO_TRE92_STU00776,TORONTO_TRE92_0161
TORONTO_TRE92_STU00777,TORONTO_TRE92_0091
TORONTO_TRE92_STU00778,TORONTO_TRE92_0218
TORONTO_TRE92_STU00778,TORONTO_TRE92_0226
TORONTO_TRE92_STU00778,TORONTO_TRE92_0248
TORONTO_TRE92_STU00779,TORONTO_TRE92_0101
TORONTO_TRE92_STU00779,TORONTO_TRE92_0109
TORONTO_TRE92_STU00779,TORONTO_TRE92_0191
TORONTO_TRE92_STU00780,TORONTO_TRE92_0109
TORONTO_TRE92_STU00780,TORONTO_TRE92_0158
TORONTO_TRE92_STU00780,TORONTO_TRE92_0160
TORONTO_TRE92_STU00780,TORONTO_TRE92_0161
TORONTO_TRE92_STU00781,TORONTO_TRE92_0219
TORONTO_TRE92_STU00781,TORONTO_TRE92_0226
TORONTO_TRE92_STU00781,TORONTO_TRE92_0260
TORONTO_TRE92_STU00782,TORONTO_TRE92_0077
TORONTO_TRE92_STU00782,TORONTO_TRE92_0078
TORONTO_TRE92_STU00782,TORONTO_TRE92_0095
TORONTO_TRE92_STU00783,TORONTO_TRE92_0028
TORONTO_TRE92_STU00784,TORONTO_TRE92_0107
TORONTO_TRE92_STU00785,TORONTO_TRE92_0011
TORONTO_TRE92_STU00785,TORONTO_TRE92_0215
TORONTO_TRE92_STU00786,TORONTO_TRE92_0013
TORONTO_TRE92_STU00786,TORONTO_TRE92_0086
TORONTO_TRE92_STU00786,TORONTO_TRE92_0092
TORONTO_TRE92_STU00786,TORONTO_TRE92_0093
TORONTO_TRE92_STU00787,TORONTO_TRE92_0115
TORONTO_TRE92_STU00787,TORONTO_TRE92_0118
TORONTO_TRE92_STU00788,TORONTO_TRE92_0154
TORONTO_TRE92_STU00789,TORONTO_TRE92_0065
TORONTO_TRE92_STU00789,TORONTO_TRE92_0068
TORONTO_TRE92_STU00789,TORONTO_TRE92_0188
TORONTO_TRE92_STU00790,TORONTO_TRE92_0182
TORONTO_TRE92_STU00790,TORONTO_TRE92_0238
TORONTO_TRE92_STU00790,TORONTO_TRE92_0239
TORONTO_TRE92_STU00791,TORONTO_TRE92_0068
TORONTO_TRE92_STU00792,TORONTO_TRE92_0083
TORONTO_TRE92_STU00793,TORONTO_TRE92_0095
TORONTO_TRE92_STU00794,TORONTO_TRE92_0108
TORONTO_TRE92_STU00794,TORONTO_TRE92_0156
TORONTO_TRE92_STU00794,TORONTO_TRE92_0162
TORONTO_TRE92_STU00794,TORONTO_TRE92_0230
TORONTO_TRE92_STU00795,TORONTO_TRE92_0188
TORONTO_TRE92_STU00795,TORONTO_TRE92_0189
TORONTO_TRE92_STU00795,TORONTO_TRE92_0190
TORONTO_TRE92_STU00795,TORONTO_TRE92_0191
TORONTO_TRE92_STU00795,TORONTO_TRE92_0227
TORONTO_TRE92_STU00796,TORONTO_TRE92_0133
TORONTO_TRE92_STU00796,TORONTO_TRE92_0230
TORONTO_TRE92_STU00796,TORONTO_TRE92_0231
TORONTO_TRE92_STU00797,TORONTO_TRE92_0142
TORONTO_TRE92_STU00797,TORONTO_TRE92_0193
TORONTO_TRE92_STU00798,TORONTO_TRE92_0143
TORONTO_TRE92_STU00798,TORONTO_TRE92_0152
TORONTO_TRE92_STU00799,TORONTO_TRE92_0005
TORONTO_TRE92_STU00799,TORONTO_TRE92_0076
TORONTO_TRE92_STU00799,TORONTO_TRE92_0082
TORONTO_TRE92_STU00800,TORONTO_TRE92_0214
TORONTO_TRE92_STU00801,TORONTO_TRE92_0234
TORONTO_TRE92_STU00802,TORONTO_TRE92_0218
TORONTO_TRE92_STU00803,TORONTO_TRE92_0011
TORONTO_TRE92_STU00803,TORONTO_TRE92_0220
TORONTO_TRE92_STU00803,TORONTO_TRE92_0246
TORONTO_TRE92_STU00804,TORONTO_TRE92_0014
TORONTO_TRE92_STU00804,TORONTO_TRE92_0098
TORONTO_TRE92_STU00804,TORONTO_TRE92_0103
TORONTO_TRE92_STU00804,TORONTO_TRE92_0105
TORONTO_TRE92_STU00805,TORONTO_TRE92_0234
TORONTO_TRE92_STU00806,TORONTO_TRE92_0046
TORONTO_TRE92_STU00806,TORONTO_TRE92_0108
TORONTO_TRE92_STU00806,TORONTO_TRE92_0253
TORONTO_TRE92_STU00807,TORONTO_TRE92_0096
TORONTO_TRE92_STU00807,TORONTO_TRE92_0193
TORONTO_TRE92_STU00807,TORONTO_TRE92_0218
TORONTO_TRE92_STU00807,TORONTO_TRE92_0248
TORONTO_TRE92_STU00808,TORONTO_TRE92_0221
TORONTO_TRE92_STU00808,TORONTO_TRE92_0223
TORONTO_TRE92_STU00808,TORONTO_TRE92_0229
TORONTO_TRE92_STU00808,TORONTO_TRE92_0250
TORONTO_TRE92_STU00809,TORONTO_TRE92_0073
TORONTO_TRE92_STU00809,TORONTO_TRE92_0082
TORONTO_TRE92_STU00809,TORONTO_TRE92_0083
TORONTO_TRE92_STU00809,TORONTO_TRE92_0174
TORONTO_TRE92_STU00809,TORONTO_TRE92_0233
TORONTO_TRE92_STU00810,TORONTO_TRE92_0094
TORONTO_TRE92_STU00810,TORONTO_TRE92_0101
TORONTO_TRE92_STU00811,TORONTO_TRE92_0120
TORONTO_TRE92_STU00811,TORONTO_TRE92_0187
TORONTO_TRE92_STU00811,TORONTO_TRE92_0214
TORONTO_TRE92_STU00812,TORONTO_TRE92_0111
TORONTO_TRE92_STU00812,TORONTO_TRE92_0114
TORONTO_TRE92_STU00813,TORONTO_TRE92_0012
TORONTO_TRE92_STU00813,TORONTO_TRE92_0019
TORONTO_TRE92_STU00813,TORONTO_TRE92_0157
TORONTO_TRE92_STU00813,TORONTO_TRE92_0160
TORONTO_TRE92_STU00814,TORONTO_TRE92_0100
TORONTO_TRE92_STU00814,TORONTO_TRE92_0103
TORONTO_TRE92_STU00814,TORONTO_TRE92_0108
TORONTO_TRE92_STU00814,TORONTO_TRE92_0256
TORONTO_TRE92_STU00815,TORONTO_TRE92_0216
TORONTO_TRE92_STU00815,TORONTO_TRE92_0221
TORONTO_TRE92_STU00815,TORONTO_TRE92_0228
TORONTO_TRE92_STU00815,TORONTO_TRE92_0231
TORONTO_TRE92_STU00816,TORONTO_TRE92_0046
TORONTO_TRE92_STU00816,TORONTO_TRE92_0079
TORONTO_TRE92_STU00816,TORONTO_TRE92_0098
TORONTO_TRE92_STU00817,TORONTO_TRE92_0111
TORONTO_TRE92_STU00817,TORONTO_TRE92_0113
TORONTO_TRE92_STU00817,TORONTO_TRE92_0204
TORONTO_TRE92_STU00817,TORONTO_TRE92_0211
TORONTO_TRE92_STU00818,TORONTO_TRE92_0015
TORONTO_TRE92_STU00818,TORONTO_TRE92_0099
TORONTO_TRE92_STU00818,TORONTO_TRE92_0106
TORONTO_TRE92_STU00819,TORONTO_TRE92_0015
TORONTO_TRE92_STU00819,TORONTO_TRE92_0019
TORONTO_TRE92_STU00819,TORONTO_TRE92_0038
TORONTO_TRE92_STU00819,TORONTO_TRE92_0232
TORONTO_TRE92_STU00820,TORONTO_TRE92_0012
TORONTO_TRE92_STU00820,TORONTO_TRE92_0013
TORONTO_TRE92_STU00820,TORONTO_TRE92_0014
TORONTO_TRE92_STU00820,TORONTO_TRE92_0095
TORONTO_TRE92_STU00820,TORONTO_TRE92_0100
TORONTO_TRE92_STU00821,TORONTO_TRE92_0107
TORONTO_TRE92_STU00821,TORONTO_TRE92_0225
TORONTO_TRE92_STU00821,TORONTO_TRE92_0226
TORONTO_TRE92_STU00821,TORONTO_TRE92_0227
TORONTO_TRE92_STU00822,TORONTO_TRE92_0086
TORONTO_TRE92_STU00822,TORONTO_TRE92_0088
TORONTO_TRE92_STU00822,TORONTO_TRE92_0176
TORONTO_TRE92_STU00822,TORONTO_TRE92_0180
TORONTO_TRE92_STU00823,TORONTO_TRE92_0004
TORONTO_TRE92_STU00823,TORONTO_TRE92_0006
TORONTO_TRE92_STU00824,TORONTO_TRE92_0103
TORONTO_TRE92_STU00824,TORONTO_TRE92_0123
TORONTO_TRE92_STU00824,TORONTO_TRE92_0215
TORONTO_TRE92_STU00825,TORONTO_TRE92_0046
TORONTO_TRE92_STU00825,TORONTO_TRE92_0095
TORONTO_TRE92_STU00825,TORONTO_TRE92_0098
TORONTO_TRE92_STU00825,TORONTO_TRE92_0108
TORONTO_TRE92_STU00825,TORONTO_TRE92_0161
TORONTO_TRE92_STU00826,TORONTO_TRE92_0139
TORONTO_TRE92_STU00826,TORONTO_TRE92_0180
TORONTO_TRE92_STU00826,TORONTO_TRE92_0183
TORONTO_TRE92_STU00826,TORONTO_TRE92_0193
TORONTO_TRE92_STU00827,TORONTO_TRE92_0105
TORONTO_TRE92_STU00827,TORONTO_TRE92_0108
TORONTO_TRE92_STU00827,TORONTO_TRE92_0171
TORONTO_TRE92_STU00828,TORONTO_TRE92_0028
TORONTO_TRE92_STU00828,TORONTO_TRE92_0030
TORONTO_TRE92_STU00828,TORONTO_TRE92_0053
TORONTO_TRE92_STU00828,TORONTO_TRE92_0103
TORONTO_TRE92_STU00828,TORONTO_TRE92_0258
TORONTO_TRE92_STU00829,TORONTO_TRE92_0104
TORONTO_TRE92_STU00829,TORONTO_TRE92_0108
TORONTO_TRE92_STU00829,TORONTO_TRE92_0155
TORONTO_TRE92_STU00829,TORONTO_TRE92_0164
TORONTO_TRE92_STU00829,TORONTO_TRE92_0168
TORONTO_TRE92_STU00830,TORONTO_TRE92_0161
TORONTO_TRE92_STU00830,TORONTO_TRE92_0205
TORONTO_TRE92_STU00830,TORONTO_TRE92_0208
TORONTO_TRE92_STU00831,TORONTO_TRE92_0004
TORONTO_TRE92_STU00831,TORONTO_TRE92_0006
TORONTO_TRE92_STU00832,TORONTO_TRE92_0158
TORONTO_TRE92_STU00832,TORONTO_TRE92_0163
TORONTO_TRE92_STU00832,TORONTO_TRE92_0168
TORONTO_TRE92_STU00833,TORONTO_TRE92_0076
TORONTO_TRE92_STU00833,TORONTO_TRE92_0078
TORONTO_TRE92_STU00833,TORONTO_TRE92_0143
TORONTO_TRE92_STU00833,TORONTO_TRE92_0184
TORONTO_TRE92_STU00834,TORONTO_TRE92_0046
TORONTO_TRE92_STU00834,TORONTO_TRE92_0071
TORONTO_TRE92_STU00834,TORONTO_TRE92_0161
TORONTO_TRE92_STU00834,TORONTO_TRE92_0166
TORONTO_TRE92_STU00835,TORONTO_TRE92_0022
TORONTO_TRE92_STU00835,TORONTO_TRE92_0108
TORONTO_TRE92_STU00836,TORONTO_TRE92_0012
TORONTO_TRE92_STU00836,TORONTO_TRE92_0014
TORONTO_TRE92_STU00836,TORONTO_TRE92_0023
TORONTO_TRE92_STU00837,TORONTO_TRE92_0156
TORONTO_TRE92_STU00837,TORONTO_TRE92_0224
TORONTO_TRE92_STU00837,TORONTO_TRE92_0226
TORONTO_TRE92_STU00837,TORONTO_TRE92_0230
TORONTO_TRE92_STU00838,TORONTO_TRE92_0071
TORONTO_TRE92_STU00839,TORONTO_TRE92_0019
TORONTO_TRE92_STU00839,TORONTO_TRE92_0170
TORONTO_TRE92_STU00840,TORONTO_TRE92_0106
TORONTO_TRE92_STU00840,TORONTO_TRE92_0158
TORONTO_TRE92_STU00840,TORONTO_TRE92_0160
TORONTO_TRE92_STU00841,TORONTO_TRE92_0031
TORONTO_TRE92_STU00841,TORONTO_TRE92_0036
TORONTO_TRE92_STU00841,TORONTO_TRE92_0039
TORONTO_TRE92_STU00842,TORONTO_TRE92_0004
TORONTO_TRE92_STU00842,TORONTO_TRE92_0006
TORONTO_TRE92_STU00842,TORONTO_TRE92_0084
TORONTO_TRE92_STU00843,TORONTO_TRE92_0177
TORONTO_TRE92_STU00843,TORONTO_TRE92_0180
TORONTO_TRE92_STU00843,TORONTO_TRE92_0182
TORONTO_TRE92_STU00843,TORONTO_TRE92_0183
TORONTO_TRE92_STU00843,TORONTO_TRE92_0238
TORONTO_TRE92_STU00844,TORONTO_TRE92_0007
TORONTO_TRE92_STU00844,TORONTO_TRE92_0226
TORONTO_TRE92_STU00844,TORONTO_TRE92_0227
TORONTO_TRE92_STU00844,TORONTO_TRE92_0229
TORONTO_TRE92_STU00844,TORONTO_TRE92_0230
TORONTO_TRE92_STU00845,TORONTO_TRE92_0098
TORONTO_TRE92_STU00845,TORONTO_TRE92_0216
TORONTO_TRE92_STU00845,TORONTO_TRE92_0230
TORONTO_TRE92_STU00845,TORONTO_TRE92_0231
TORONTO_TRE92_STU00846,TORONTO_TRE92_0158
TORONTO_TRE92_STU00846,TORONTO_TRE92_0163
TORONTO_TRE92_STU00847,TORONTO_TRE92_0143
TORONTO_TRE92_STU00847,TORONTO_TRE92_0151
TORONTO_TRE92_STU00848,TORONTO_TRE92_0046
TORONTO_TRE92_STU00848,TORONTO_TRE92_0144
TORONTO_TRE92_STU00848,TORONTO_TRE92_0151
TORONTO_TRE92_STU00848,TORONTO_TRE92_0158
TORONTO_TRE92_STU00849,TORONTO_TRE92_0098
TORONTO_TRE92_STU00849,TORONTO_TRE92_0101
TORONTO_TRE92_STU00849,TORONTO_TRE92_0109
TORONTO_TRE92_STU00849,TORONTO_TRE92_0168
TORONTO_TRE92_STU00849,TORONTO_TRE92_0220
TORONTO_TRE92_STU00850,TORONTO_TRE92_0101
TORONTO_TRE92_STU00850,TORONTO_TRE92_0124
TORONTO_TRE92_STU00850,TORONTO_TRE92_0126
TORONTO_TRE92_STU00851,TORONTO_TRE92_0224
TORONTO_TRE92_STU00851,TORONTO_TRE92_0227
TORONTO_TRE92_STU00851,TORONTO_TRE92_0229
TORONTO_TRE92_STU00851,TORONTO_TRE92_0230
TORONTO_TRE92_STU00851,TORONTO_TRE92_0260
TORONTO_TRE92_STU00852,TORONTO_TRE92_0044
TORONTO_TRE92_STU00852,TORONTO_TRE92_0190
TORONTO_TRE92_STU00852,TORONTO_TRE92_0191
TORONTO_TRE92_STU00853,TORONTO_TRE92_0105
TORONTO_TRE92_STU00853,TORONTO_TRE92_0108
TORONTO_TRE92_STU00853,TORONTO_TRE92_0221
TORONTO_TRE92_STU00853,TORONTO_TRE92_0222
TORONTO_TRE92_STU00853,TORONTO_TRE92_0230
TORONTO_TRE92_STU00854,TORONTO_TRE92_0078
TORONTO_TRE92_STU00854,TORONTO_TRE92_0143
TORONTO_TRE92_STU00854,TORONTO_TRE92_0144
TORONTO_TRE92_STU00854,TORONTO_TRE92_0151
TORONTO_TRE92_STU00854,TORONTO_TRE92_0152
TORONTO_TRE92_STU00855,TORONTO_TRE92_0099
TORONTO_TRE92_STU00855,TORONTO_TRE92_0105
TORONTO_TRE92_STU00855,TORONTO_TRE92_0109
TORONTO_TRE92_STU00856,TORONTO_TRE92_0056
TORONTO_TRE92_STU00856,TORONTO_TRE92_0057
TORONTO_TRE92_STU00856,TORONTO_TRE92_0058
TORONTO_TRE92_STU00856,TORONTO_TRE92_0183
TORONTO_TRE92_STU00856,TORONTO_TRE92_0233
TORONTO_TRE92_STU00857,TORONTO_TRE92_0084
TORONTO_TRE92_STU00857,TORONTO_TRE92_0092
TORONTO_TRE92_STU00857,TORONTO_TRE92_0093
TORONTO_TRE92_STU00857,TORONTO_TRE92_0159
TORONTO_TRE92_STU00857,TORONTO_TRE92_0163
TORONTO_TRE92_STU00858,TORONTO_TRE92_0106
TORONTO_TRE92_STU00858,TORONTO_TRE92_0109
TORONTO_TRE92_STU00858,TORONTO_TRE92_0219
TORONTO_TRE92_STU00859,TORONTO_TRE92_0030
TORONTO_TRE92_STU00859,TORONTO_TRE92_0036
TORONTO_TRE92_STU00859,TORONTO_TRE92_0054
TORONTO_TRE92_STU00859,TORONTO_TRE92_0057
TORONTO_TRE92_STU00859,TORONTO_TRE92_0064
TORONTO_TRE92_STU00860,TORONTO_TRE92_0031
TORONTO_TRE92_STU00860,TORONTO_TRE92_0143
TORONTO_TRE92_STU00860,TORONTO_TRE92_0246
TORONTO_TRE92_STU00861,TORONTO_TRE92_0011
TORONTO_TRE92_STU00861,TORONTO_TRE92_0028
TORONTO_TRE92_STU00861,TORONTO_TRE92_0214
TORONTO_TRE92_STU00861,TORONTO_TRE92_0234
TORONTO_TRE92_STU00862,TORONTO_TRE92_0103
TORONTO_TRE92_STU00862,TORONTO_TRE92_0109
TORONTO_TRE92_STU00862,TORONTO_TRE92_0139
TORONTO_TRE92_STU00863,TORONTO_TRE92_0142
TORONTO_TRE92_STU00863,TORONTO_TRE92_0143
TORONTO_TRE92_STU00863,TORONTO_TRE92_0145
TORONTO_TRE92_STU00864,TORONTO_TRE92_0076
TORONTO_TRE92_STU00864,TORONTO_TRE92_0079
TORONTO_TRE92_STU00864,TORONTO_TRE92_0197
TORONTO_TRE92_STU00865,TORONTO_TRE92_0046
TORONTO_TRE92_STU00865,TORONTO_TRE92_0113
TORONTO_TRE92_STU00865,TORONTO_TRE92_0143
TORONTO_TRE92_STU00865,TORONTO_TRE92_0144
TORONTO_TRE92_STU00865,TORONTO_TRE92_0151
TORONTO_TRE92_STU00866,TORONTO_TRE92_0205
TORONTO_TRE92_STU00866,TORONTO_TRE92_0206
TORONTO_TRE92_STU00866,TORONTO_TRE92_0212
TORONTO_TRE92_STU00867,TORONTO_TRE92_0069
TORONTO_TRE92_STU00867,TORONTO_TRE92_0096
TORONTO_TRE92_STU00867,TORONTO_TRE92_0123
TORONTO_TRE92_STU00867,TORONTO_TRE92_0126
TORONTO_TRE92_STU00867,TORONTO_TRE92_0188
TORONTO_TRE92_STU00868,TORONTO_TRE92_0077
TORONTO_TRE92_STU00868,TORONTO_TRE92_0078
TORONTO_TRE92_STU00868,TORONTO_TRE92_0084
TORONTO_TRE92_STU00868,TORONTO_TRE92_0086
TORONTO_TRE92_STU00868,TORONTO_TRE92_0180
TORONTO_TRE92_STU00869,TORONTO_TRE92_0147
TORONTO_TRE92_STU00869,TORONTO_TRE92_0182
TORONTO_TRE92_STU00869,TORONTO_TRE92_0224
TORONTO_TRE92_STU00869,TORONTO_TRE92_0227
TORONTO_TRE92_STU00870,TORONTO_TRE92_0006
TORONTO_TRE92_STU00870,TORONTO_TRE92_0084
TORONTO_TRE92_STU00870,TORONTO_TRE92_0086
TORONTO_TRE92_STU00870,TORONTO_TRE92_0093
TORONTO_TRE92_STU00871,TORONTO_TRE92_0111
TORONTO_TRE92_STU00872,TORONTO_TRE92_0127
TORONTO_TRE92_STU00872,TORONTO_TRE92_0189
TORONTO_TRE92_STU00872,TORONTO_TRE92_0191
TORONTO_TRE92_STU00873,TORONTO_TRE92_0019
TORONTO_TRE92_STU00873,TORONTO_TRE92_0102
TORONTO_TRE92_STU00873,TORONTO_TRE92_0108
TORONTO_TRE92_STU00874,TORONTO_TRE92_0156
TORONTO_TRE92_STU00874,TORONTO_TRE92_0222
TORONTO_TRE92_STU00874,TORONTO_TRE92_0224
TORONTO_TRE92_STU00874,TORONTO_TRE92_0226
TORONTO_TRE92_STU00874,TORONTO_TRE92_0230
TORONTO_TRE92_STU00875,TORONTO_TRE92_0108
TORONTO_TRE92_STU00875,TORONTO_TRE92_0164
TORONTO_TRE92_STU00875,TORONTO_TRE92_0171
TORONTO_TRE92_STU00876,TORONTO_TRE92_0031
TORONTO_TRE92_STU00876,TORONTO_TRE92_0037
TORONTO_TRE92_STU00876,TORONTO_TRE92_0053
TORONTO_TRE92_STU00877,TORONTO_TRE92_0098
TORONTO_TRE92_STU00877,TORONTO_TRE92_0168
TORONTO_TRE92_STU00877,TORONTO_TRE92_0220
TORONTO_TRE92_STU00878,TORONTO_TRE92_0100
TORONTO_TRE92_STU00878,TORONTO_TRE92_0108
TORONTO_TRE92_STU00878,TORONTO_TRE92_0221
TORONTO_TRE92_STU00878,TORONTO_TRE92_0224
TORONTO_TRE92_STU00878,TORONTO_TRE92_0227
TORONTO_TRE92_STU00879,TORONTO_TRE92_0182
TORONTO_TRE92_STU00879,TORONTO_TRE92_0238
TORONTO_TRE92_STU00879,TORONTO_TRE92_0239
TORONTO_TRE92_STU00879,TORONTO_TRE92_0244
TORONTO_TRE92_STU00880,TORONTO_TRE92_0031
TORONTO_TRE92_STU00880,TORONTO_TRE92_0037
TORONTO_TRE92_STU00880,TORONTO_TRE92_0039
TORONTO_TRE92_STU00881,TORONTO_TRE92_0221
TORONTO_TRE92_STU00881,TORONTO_TRE92_0224
TORONTO_TRE92_STU00881,TORONTO_TRE92_0226
TORONTO_TRE92_STU00881,TORONTO_TRE92_0227
TORONTO_TRE92_STU00881,TORONTO_TRE92_0230
TORONTO_TRE92_STU00882,TORONTO_TRE92_0031
TORONTO_TRE92_STU00882,TORONTO_TRE92_0037
TORONTO_TRE92_STU00882,TORONTO_TRE92_0041
TORONTO_TRE92_STU00882,TORONTO_TRE92_0111
TORONTO_TRE92_STU00883,TORONTO_TRE92_0084
TORONTO_TRE92_STU00883,TORONTO_TRE92_0086
TORONTO_TRE92_STU00883,TORONTO_TRE92_0092
TORONTO_TRE92_STU00883,TORONTO_TRE92_0167
TORONTO_TRE92_STU00883,TORONTO_TRE92_0169
TORONTO_TRE92_STU00884,TORONTO_TRE92_0029
TORONTO_TRE92_STU00884,TORONTO_TRE92_0033
TORONTO_TRE92_STU00884,TORONTO_TRE92_0248
TORONTO_TRE92_STU00884,TORONTO_TRE92_0252
TORONTO_TRE92_STU00885,TORONTO_TRE92_0222
TORONTO_TRE92_STU00885,TORONTO_TRE92_0224
TORONTO_TRE92_STU00885,TORONTO_TRE92_0227
TORONTO_TRE92_STU00885,TORONTO_TRE92_0228
TORONTO_TRE92_STU00885,TORONTO_TRE92_0229
TORONTO_TRE92_STU00886,TORONTO_TRE92_0082
TORONTO_TRE92_STU00886,TORONTO_TRE92_0086
TORONTO_TRE92_STU00886,TORONTO_TRE92_0087
TORONTO_TRE92_STU00886,TORONTO_TRE92_0092
TORONTO_TRE92_STU00886,TORONTO_TRE92_0093
TORONTO_TRE92_STU00887,TORONTO_TRE92_0002
TORONTO_TRE92_STU00887,TORONTO_TRE92_0006
TORONTO_TRE92_STU00887,TORONTO_TRE92_0084
TORONTO_TRE92_STU00887,TORONTO_TRE92_0207
TORONTO_TRE92_STU00887,TORONTO_TRE92_0212
TORONTO_TRE92_STU00888,TORONTO_TRE92_0101
TORONTO_TRE92_STU00888,TORONTO_TRE92_0107
TORONTO_TRE92_STU00888,TORONTO_TRE92_0158
TORONTO_TRE92_STU00888,TORONTO_TRE92_0163
TORONTO_TRE92_STU00889,TORONTO_TRE92_0002
TORONTO_TRE92_STU00889,TORONTO_TRE92_0086
TORONTO_TRE92_STU00889,TORONTO_TRE92_0088
TORONTO_TRE92_STU00889,TORONTO_TRE92_0261
TORONTO_TRE92_STU00890,TORONTO_TRE92_0072
TORONTO_TRE92_STU00890,TORONTO_TRE92_0109
TORONTO_TRE92_STU00890,TORONTO_TRE92_0158
TORONTO_TRE92_STU00890,TORONTO_TRE92_0159
TORONTO_TRE92_STU00891,TORONTO_TRE92_0054
TORONTO_TRE92_STU00891,TORONTO_TRE92_0055
TORONTO_TRE92_STU00891,TORONTO_TRE92_0176
TORONTO_TRE92_STU00891,TORONTO_TRE92_0236
TORONTO_TRE92_STU00891,TORONTO_TRE92_0237
TORONTO_TRE92_STU00892,TORONTO_TRE92_0156
TORONTO_TRE92_STU00892,TORONTO_TRE92_0172
TORONTO_TRE92_STU00892,TORONTO_TRE92_0260
TORONTO_TRE92_STU00893,TORONTO_TRE92_0216
TORONTO_TRE92_STU00893,TORONTO_TRE92_0222
TORONTO_TRE92_STU00893,TORONTO_TRE92_0226
TORONTO_TRE92_STU00893,TORONTO_TRE92_0228
TORONTO_TRE92_STU00894,TORONTO_TRE92_0034
TORONTO_TRE92_STU00894,TORONTO_TRE92_0054
TORONTO_TRE92_STU00894,TORONTO_TRE92_0064
TORONTO_TRE92_STU00894,TORONTO_TRE92_0115
TORONTO_TRE92_STU00895,TORONTO_TRE92_0069
TORONTO_TRE92_STU00895,TORONTO_TRE92_0159
TORONTO_TRE92_STU00895,TORONTO_TRE92_0160
TORONTO_TRE92_STU00895,TORONTO_TRE92_0195
TORONTO_TRE92_STU00896,TORONTO_TRE92_0078
TORONTO_TRE92_STU00896,TORONTO_TRE92_0123
TORONTO_TRE92_STU00896,TORONTO_TRE92_0180
TORONTO_TRE92_STU00896,TORONTO_TRE92_0182
TORONTO_TRE92_STU00896,TORONTO_TRE92_0183
TORONTO_TRE92_STU00897,TORONTO_TRE92_0015
TORONTO_TRE92_STU00897,TORONTO_TRE92_0016
TORONTO_TRE92_STU00897,TORONTO_TRE92_0018
TORONTO_TRE92_STU00897,TORONTO_TRE92_0190
TORONTO_TRE92_STU00898,TORONTO_TRE92_0031
TORONTO_TRE92_STU00898,TORONTO_TRE92_0033
TORONTO_TRE92_STU00899,TORONTO_TRE92_0126
TORONTO_TRE92_STU00899,TORONTO_TRE92_0128
TORONTO_TRE92_STU00899,TORONTO_TRE92_0187
TORONTO_TRE92_STU00899,TORONTO_TRE92_0256
TORONTO_TRE92_STU00899,TORONTO_TRE92_0260
TORONTO_TRE92_STU00900,TORONTO_TRE92_0013
TORONTO_TRE92_STU00900,TORONTO_TRE92_0140
TORONTO_TRE92_STU00901,TORONTO_TRE92_0019
TORONTO_TRE92_STU00901,TORONTO_TRE92_0098
TORONTO_TRE92_STU00902,TORONTO_TRE92_0012
TORONTO_TRE92_STU00902,TORONTO_TRE92_0014
TORONTO_TRE92_STU00902,TORONTO_TRE92_0041
TORONTO_TRE92_STU00903,TORONTO_TRE92_0029
TORONTO_TRE92_STU00903,TORONTO_TRE92_0031
TORONTO_TRE92_STU00903,TORONTO_TRE92_0041
TORONTO_TRE92_STU00903,TORONTO_TRE92_0230
TORONTO_TRE92_STU00904,TORONTO_TRE92_0069
TORONTO_TRE92_STU00904,TORONTO_TRE92_0104
TORONTO_TRE92_STU00904,TORONTO_TRE92_0108
TORONTO_TRE92_STU00904,TORONTO_TRE92_0171
TORONTO_TRE92_STU00905,TORONTO_TRE92_0216
TORONTO_TRE92_STU00905,TORONTO_TRE92_0221
TORONTO_TRE92_STU00905,TORONTO_TRE92_0226
TORONTO_TRE92_STU00905,TORONTO_TRE92_0231
TORONTO_TRE92_STU00906,TORONTO_TRE92_0221
TORONTO_TRE92_STU00906,TORONTO_TRE92_0224
TORONTO_TRE92_STU00906,TORONTO_TRE92_0226
TORONTO_TRE92_STU00906,TORONTO_TRE92_0227
TORONTO_TRE92_STU00907,TORONTO_TRE92_0025
TORONTO_TRE92_STU00907,TORONTO_TRE92_0096
TORONTO_TRE92_STU00907,TORONTO_TRE92_0099
TORONTO_TRE92_STU00907,TORONTO_TRE92_0220
TORONTO_TRE92_STU00908,TORONTO_TRE92_0066
TORONTO_TRE92_STU00908,TORONTO_TRE92_0100
TORONTO_TRE92_STU00908,TORONTO_TRE92_0102
TORONTO_TRE92_STU00908,TORONTO_TRE92_0158
TORONTO_TRE92_STU00908,TORONTO_TRE92_0164
TORONTO_TRE92_STU00909,TORONTO_TRE92_0019
TORONTO_TRE92_STU00909,TORONTO_TRE92_0046
TORONTO_TRE92_STU00909,TORONTO_TRE92_0068
TORONTO_TRE92_STU00909,TORONTO_TRE92_0162
TORONTO_TRE92_STU00909,TORONTO_TRE92_0170
TORONTO_TRE92_STU00910,TORONTO_TRE92_0103
TORONTO_TRE92_STU00910,TORONTO_TRE92_0108
TORONTO_TRE92_STU00910,TORONTO_TRE92_0109
TORONTO_TRE92_STU00911,TORONTO_TRE92_0023
TORONTO_TRE92_STU00911,TORONTO_TRE92_0111
TORONTO_TRE92_STU00911,TORONTO_TRE92_0113
TORONTO_TRE92_STU00912,TORONTO_TRE92_0031
TORONTO_TRE92_STU00912,TORONTO_TRE92_0040
TORONTO_TRE92_STU00913,TORONTO_TRE92_0004
TORONTO_TRE92_STU00913,TORONTO_TRE92_0006
TORONTO_TRE92_STU00913,TORONTO_TRE92_0085
TORONTO_TRE92_STU00913,TORONTO_TRE92_0086
TORONTO_TRE92_STU00914,TORONTO_TRE92_0202
TORONTO_TRE92_STU00914,TORONTO_TRE92_0203
TORONTO_TRE92_STU00915,TORONTO_TRE92_0069
TORONTO_TRE92_STU00915,TORONTO_TRE92_0108
TORONTO_TRE92_STU00915,TORONTO_TRE92_0159
TORONTO_TRE92_STU00915,TORONTO_TRE92_0255
TORONTO_TRE92_STU00916,TORONTO_TRE92_0125
TORONTO_TRE92_STU00916,TORONTO_TRE92_0220
TORONTO_TRE92_STU00917,TORONTO_TRE92_0101
TORONTO_TRE92_STU00917,TORONTO_TRE92_0158
TORONTO_TRE92_STU00917,TORONTO_TRE92_0161
TORONTO_TRE92_STU00917,TORONTO_TRE92_0230
TORONTO_TRE92_STU00918,TORONTO_TRE92_0102
TORONTO_TRE92_STU00918,TORONTO_TRE92_0220
TORONTO_TRE92_STU00919,TORONTO_TRE92_0096
TORONTO_TRE92_STU00919,TORONTO_TRE92_0099
TORONTO_TRE92_STU00920,TORONTO_TRE92_0019
TORONTO_TRE92_STU00920,TORONTO_TRE92_0176
TORONTO_TRE92_STU00920,TORONTO_TRE92_0180
TORONTO_TRE92_STU00921,TORONTO_TRE92_0019
TORONTO_TRE92_STU00921,TORONTO_TRE92_0222
TORONTO_TRE92_STU00921,TORONTO_TRE92_0224
TORONTO_TRE92_STU00921,TORONTO_TRE92_0226
TORONTO_TRE92_STU00921,TORONTO_TRE92_0230
TORONTO_TRE92_STU00922,TORONTO_TRE92_0182
TORONTO_TRE92_STU00922,TORONTO_TRE92_0198
TORONTO_TRE92_STU00922,TORONTO_TRE92_0238
TORONTO_TRE92_STU00922,TORONTO_TRE92_0239
TORONTO_TRE92_STU00922,TORONTO_TRE92_0244
TORONTO_TRE92_STU00923,TORONTO_TRE92_0004
TORONTO_TRE92_STU00923,TORONTO_TRE92_0005
TORONTO_TRE92_STU00923,TORONTO_TRE92_0085
TORONTO_TRE92_STU00923,TORONTO_TRE92_0086
TORONTO_TRE92_STU00924,TORONTO_TRE92_0072
TORONTO_TRE92_STU00924,TORONTO_TRE92_0182
TORONTO_TRE92_STU00924,TORONTO_TRE92_0238
TORONTO_TRE92_STU00924,TORONTO_TRE92_0239
TORONTO_TRE92_STU00924,TORONTO_TRE92_0244
TORONTO_TRE92_STU00925,TORONTO_TRE92_0101
TORONTO_TRE92_STU00925,TORONTO_TRE92_0108
TORONTO_TRE92_STU00926,TORONTO_TRE92_0108
TORONTO_TRE92_STU00926,TORONTO_TRE92_0227
TORONTO_TRE92_STU00926,TORONTO_TRE92_0229
TORONTO_TRE92_STU00926,TORONTO_TRE92_0250
TORONTO_TRE92_STU00927,TORONTO_TRE92_0046
TORONTO_TRE92_STU00927,TORONTO_TRE92_0158
TORONTO_TRE92_STU00927,TORONTO_TRE92_0159
TORONTO_TRE92_STU00927,TORONTO_TRE92_0190
TORONTO_TRE92_STU00927,TORONTO_TRE92_0191
TORONTO_TRE92_STU00928,TORONTO_TRE92_0107
TORONTO_TRE92_STU00928,TORONTO_TRE92_0159
TORONTO_TRE92_STU00928,TORONTO_TRE92_0160
TORONTO_TRE92_STU00929,TORONTO_TRE92_0103
TORONTO_TRE92_STU00929,TORONTO_TRE92_0109
TORONTO_TRE92_STU00929,TORONTO_TRE92_0247
TORONTO_TRE92_STU00929,TORONTO_TRE92_0253
TORONTO_TRE92_STU00930,TORONTO_TRE92_0109
TORONTO_TRE92_STU00930,TORONTO_TRE92_0113
TORONTO_TRE92_STU00930,TORONTO_TRE92_0149
TORONTO_TRE92_STU00930,TORONTO_TRE92_0150
TORONTO_TRE92_STU00930,TORONTO_TRE92_0151
TORONTO_TRE92_STU00931,TORONTO_TRE92_0143
TORONTO_TRE92_STU00931,TORONTO_TRE92_0150
TORONTO_TRE92_STU00931,TORONTO_TRE92_0151
TORONTO_TRE92_STU00931,TORONTO_TRE92_0221
TORONTO_TRE92_STU00931,TORONTO_TRE92_0231
TORONTO_TRE92_STU00932,TORONTO_TRE92_0046
TORONTO_TRE92_STU00932,TORONTO_TRE92_0047
TORONTO_TRE92_STU00932,TORONTO_TRE92_0108
TORONTO_TRE92_STU00932,TORONTO_TRE92_0109
TORONTO_TRE92_STU00933,TORONTO_TRE92_0072
TORONTO_TRE92_STU00933,TORONTO_TRE92_0182
TORONTO_TRE92_STU00933,TORONTO_TRE92_0183
TORONTO_TRE92_STU00933,TORONTO_TRE92_0235
TORONTO_TRE92_STU00934,TORONTO_TRE92_0109
TORONTO_TRE92_STU00934,TORONTO_TRE92_0163
TORONTO_TRE92_STU00934,TORONTO_TRE92_0164
TORONTO_TRE92_STU00935,TORONTO_TRE92_0108
TORONTO_TRE92_STU00935,TORONTO_TRE92_0143
TORONTO_TRE92_STU00935,TORONTO_TRE92_0144
TORONTO_TRE92_STU00935,TORONTO_TRE92_0220
TORONTO_TRE92_STU00936,TORONTO_TRE92_0164
TORONTO_TRE92_STU00936,TORONTO_TRE92_0170
TORONTO_TRE92_STU00936,TORONTO_TRE92_0212
TORONTO_TRE92_STU00936,TORONTO_TRE92_0213
TORONTO_TRE92_STU00937,TORONTO_TRE92_0226
TORONTO_TRE92_STU00937,TORONTO_TRE92_0250
TORONTO_TRE92_STU00937,TORONTO_TRE92_0252
TORONTO_TRE92_STU00937,TORONTO_TRE92_0253
TORONTO_TRE92_STU00938,TORONTO_TRE92_0043
TORONTO_TRE92_STU00938,TORONTO_TRE92_0046
TORONTO_TRE92_STU00938,TORONTO_TRE92_0108
TORONTO_TRE92_STU00939,TORONTO_TRE92_0102
TORONTO_TRE92_STU00939,TORONTO_TRE92_0109
TORONTO_TRE92_STU00939,TORONTO_TRE92_0219
TORONTO_TRE92_STU00939,TORONTO_TRE92_0220
TORONTO_TRE92_STU00940,TORONTO_TRE92_0126
TORONTO_TRE92_STU00940,TORONTO_TRE92_0218
TORONTO_TRE92_STU00941,TORONTO_TRE92_0225
TORONTO_TRE92_STU00941,TORONTO_TRE92_0229
TORONTO_TRE92_STU00941,TORONTO_TRE92_0252
TORONTO_TRE92_STU00941,TORONTO_TRE92_0254
TORONTO_TRE92_STU00942,TORONTO_TRE92_0101
TORONTO_TRE92_STU00942,TORONTO_TRE92_0108
TORONTO_TRE92_STU00942,TORONTO_TRE92_0109
TORONTO_TRE92_STU00943,TORONTO_TRE92_0098
TORONTO_TRE92_STU00943,TORONTO_TRE92_0163
TORONTO_TRE92_STU00943,TORONTO_TRE92_0169
TORONTO_TRE92_STU00943,TORONTO_TRE92_0171
TORONTO_TRE92_STU00944,TORONTO_TRE92_0046
TORONTO_TRE92_STU00944,TORONTO_TRE92_0098
TORONTO_TRE92_STU00944,TORONTO_TRE92_0102
TORONTO_TRE92_STU00944,TORONTO_TRE92_0107
TORONTO_TRE92_STU00945,TORONTO_TRE92_0045
TORONTO_TRE92_STU00945,TORONTO_TRE92_0104
TORONTO_TRE92_STU00945,TORONTO_TRE92_0105
TORONTO_TRE92_STU00945,TORONTO_TRE92_0108
TORONTO_TRE92_STU00945,TORONTO_TRE92_0167
TORONTO_TRE92_STU00946,TORONTO_TRE92_0076
TORONTO_TRE92_STU00946,TORONTO_TRE92_0224
TORONTO_TRE92_STU00946,TORONTO_TRE92_0227
TORONTO_TRE92_STU00947,TORONTO_TRE92_0030
TORONTO_TRE92_STU00947,TORONTO_TRE92_0142
TORONTO_TRE92_STU00947,TORONTO_TRE92_0143
TORONTO_TRE92_STU00948,TORONTO_TRE92_0083
TORONTO_TRE92_STU00948,TORONTO_TRE92_0092
TORONTO_TRE92_STU00948,TORONTO_TRE92_0168
TORONTO_TRE92_STU00948,TORONTO_TRE92_0226
TORONTO_TRE92_STU00948,TORONTO_TRE92_0231
TORONTO_TRE92_STU00949,TORONTO_TRE92_0159
TORONTO_TRE92_STU00949,TORONTO_TRE92_0160
TORONTO_TRE92_STU00949,TORONTO_TRE92_0161
TORONTO_TRE92_STU00949,TORONTO_TRE92_0220
TORONTO_TRE92_STU00950,TORONTO_TRE92_0073
TORONTO_TRE92_STU00950,TORONTO_TRE92_0075
TORONTO_TRE92_STU00950,TORONTO_TRE92_0176
TORONTO_TRE92_STU00950,TORONTO_TRE92_0180
TORONTO_TRE92_STU00951,TORONTO_TRE92_0071
TORONTO_TRE92_STU00951,TORONTO_TRE92_0095
TORONTO_TRE92_STU00951,TORONTO_TRE92_0098
TORONTO_TRE92_STU00951,TORONTO_TRE92_0226
TORONTO_TRE92_STU00952,TORONTO_TRE92_0220
TORONTO_TRE92_STU00952,TORONTO_TRE92_0230
TORONTO_TRE92_STU00952,TORONTO_TRE92_0231
TORONTO_TRE92_STU00952,TORONTO_TRE92_0251
TORONTO_TRE92_STU00953,TORONTO_TRE92_0005
TORONTO_TRE92_STU00953,TORONTO_TRE92_0092
TORONTO_TRE92_STU00954,TORONTO_TRE92_0182
TORONTO_TRE92_STU00955,TORONTO_TRE92_0098
TORONTO_TRE92_STU00955,TORONTO_TRE92_0108
TORONTO_TRE92_STU00956,TORONTO_TRE92_0221
TORONTO_TRE92_STU00956,TORONTO_TRE92_0226
TORONTO_TRE92_STU00956,TORONTO_TRE92_0230
TORONTO_TRE92_STU00957,TORONTO_TRE92_0172
TORONTO_TRE92_STU00958,TORONTO_TRE92_0028
TORONTO_TRE92_STU00958,TORONTO_TRE92_0029
TORONTO_TRE92_STU00958,TORONTO_TRE92_0030
TORONTO_TRE92_STU00958,TORONTO_TRE92_0033
TORONTO_TRE92_STU00958,TORONTO_TRE92_0217
TORONTO_TRE92_STU00959,TORONTO_TRE92_0054
TORONTO_TRE92_STU00959,TORONTO_TRE92_0059
TORONTO_TRE92_STU00959,TORONTO_TRE92_0064
TORONTO_TRE92_STU00959,TORONTO_TRE92_0115
TORONTO_TRE92_STU00960,TORONTO_TRE92_0105
TORONTO_TRE92_STU00960,TORONTO_TRE92_0108
TORONTO_TRE92_STU00960,TORONTO_TRE92_0230
TORONTO_TRE92_STU00960,TORONTO_TRE92_0260
TORONTO_TRE92_STU00961,TORONTO_TRE92_0100
TORONTO_TRE92_STU00961,TORONTO_TRE92_0103
TORONTO_TRE92_STU00961,TORONTO_TRE92_0109
TORONTO_TRE92_STU00961,TORONTO_TRE92_0156
TORONTO_TRE92_STU00961,TORONTO_TRE92_0220
TORONTO_TRE92_STU00962,TORONTO_TRE92_0014
TORONTO_TRE92_STU00962,TORONTO_TRE92_0019
TORONTO_TRE92_STU00962,TORONTO_TRE92_0068
TORONTO_TRE92_STU00963,TORONTO_TRE92_0020
TORONTO_TRE92_STU00963,TORONTO_TRE92_0071
TORONTO_TRE92_STU00963,TORONTO_TRE92_0143
TORONTO_TRE92_STU00963,TORONTO_TRE92_0150
TORONTO_TRE92_STU00964,TORONTO_TRE92_0029
TORONTO_TRE92_STU00964,TORONTO_TRE92_0031
TORONTO_TRE92_STU00964,TORONTO_TRE92_0041
TORONTO_TRE92_STU00964,TORONTO_TRE92_0111
TORONTO_TRE92_STU00965,TORONTO_TRE92_0040
TORONTO_TRE92_STU00965,TORONTO_TRE92_0111
TORONTO_TRE92_STU00965,TORONTO_TRE92_0184
TORONTO_TRE92_STU00966,TORONTO_TRE92_0040
TORONTO_TRE92_STU00966,TORONTO_TRE92_0111
TORONTO_TRE92_STU00966,TORONTO_TRE92_0141
TORONTO_TRE92_STU00966,TORONTO_TRE92_0143
TORONTO_TRE92_STU00967,TORONTO_TRE92_0112
TORONTO_TRE92_STU00968,TORONTO_TRE92_0004
TORONTO_TRE92_STU00968,TORONTO_TRE92_0006
TORONTO_TRE92_STU00968,TORONTO_TRE92_0092
TORONTO_TRE92_STU00969,TORONTO_TRE92_0006
TORONTO_TRE92_STU00969,TORONTO_TRE92_0207
TORONTO_TRE92_STU00969,TORONTO_TRE92_0209
TORONTO_TRE92_STU00969,TORONTO_TRE92_0211
TORONTO_TRE92_STU00970,TORONTO_TRE92_0056
TORONTO_TRE92_STU00970,TORONTO_TRE92_0117
TORONTO_TRE92_STU00970,TORONTO_TRE92_0182
TORONTO_TRE92_STU00970,TORONTO_TRE92_0238
TORONTO_TRE92_STU00970,TORONTO_TRE92_0239
TORONTO_TRE92_STU00971,TORONTO_TRE92_0125
TORONTO_TRE92_STU00971,TORONTO_TRE92_0126
TORONTO_TRE92_STU00971,TORONTO_TRE92_0127
TORONTO_TRE92_STU00972,TORONTO_TRE92_0203
TORONTO_TRE92_STU00972,TORONTO_TRE92_0222
TORONTO_TRE92_STU00972,TORONTO_TRE92_0224
TORONTO_TRE92_STU00972,TORONTO_TRE92_0225
TORONTO_TRE92_STU00972,TORONTO_TRE92_0226
TORONTO_TRE92_STU00973,TORONTO_TRE92_0108
TORONTO_TRE92_STU00974,TORONTO_TRE92_0111
TORONTO_TRE92_STU00974,TORONTO_TRE92_0143
TORONTO_TRE92_STU00974,TORONTO_TRE92_0145
TORONTO_TRE92_STU00974,TORONTO_TRE92_0148
TORONTO_TRE92_STU00975,TORONTO_TRE92_0111
TORONTO_TRE92_STU00975,TORONTO_TRE92_0143
TORONTO_TRE92_STU00975,TORONTO_TRE92_0151
TORONTO_TRE92_STU00976,TORONTO_TRE92_0004
TORONTO_TRE92_STU00976,TORONTO_TRE92_0092
TORONTO_TRE92_STU00976,TORONTO_TRE92_0093
TORONTO_TRE92_STU00976,TORONTO_TRE92_0150
TORONTO_TRE92_STU00976,TORONTO_TRE92_0151
TORONTO_TRE92_STU00977,TORONTO_TRE92_0231
TORONTO_TRE92_STU00978,TORONTO_TRE92_0093
TORONTO_TRE92_STU00978,TORONTO_TRE92_0143
TORONTO_TRE92_STU00978,TORONTO_TRE92_0151
TORONTO_TRE92_STU00978,TORONTO_TRE92_0168
TORONTO_TRE92_STU00979,TORONTO_TRE92_0222
TORONTO_TRE92_STU00979,TORONTO_TRE92_0224
TORONTO_TRE92_STU00979,TORONTO_TRE92_0230
TORONTO_TRE92_STU00979,TORONTO_TRE92_0250
TORONTO_TRE92_STU00979,TORONTO_TRE92_0253
TORONTO_TRE92_STU00980,TORONTO_TRE92_0100
TORONTO_TRE92_STU00980,TORONTO_TRE92_0107
TORONTO_TRE92_STU00980,TORONTO_TRE92_0108
TORONTO_TRE92_STU00980,TORONTO_TRE92_0191
TORONTO_TRE92_STU00980,TORONTO_TRE92_0226
TORONTO_TRE92_STU00981,TORONTO_TRE92_0029
TORONTO_TRE92_STU00981,TORONTO_TRE92_0031
TORONTO_TRE92_STU00981,TORONTO_TRE92_0033
TORONTO_TRE92_STU00981,TORONTO_TRE92_0232
TORONTO_TRE92_STU00982,TORONTO_TRE92_0098
TORONTO_TRE92_STU00982,TORONTO_TRE92_0108
TORONTO_TRE92_STU00982,TORONTO_TRE92_0157
TORONTO_TRE92_STU00983,TORONTO_TRE92_0005
TORONTO_TRE92_STU00983,TORONTO_TRE92_0007
TORONTO_TRE92_STU00983,TORONTO_TRE92_0085
TORONTO_TRE92_STU00983,TORONTO_TRE92_0086
TORONTO_TRE92_STU00984,TORONTO_TRE92_0014
TORONTO_TRE92_STU00984,TORONTO_TRE92_0019
TORONTO_TRE92_STU00985,TORONTO_TRE92_0140
TORONTO_TRE92_STU00985,TORONTO_TRE92_0141
TORONTO_TRE92_STU00985,TORONTO_TRE92_0146
TORONTO_TRE92_STU00985,TORONTO_TRE92_0152
TORONTO_TRE92_STU00986,TORONTO_TRE92_0071
TORONTO_TRE92_STU00986,TORONTO_TRE92_0099
TORONTO_TRE92_STU00986,TORONTO_TRE92_0109
TORONTO_TRE92_STU00986,TORONTO_TRE92_0163
TORONTO_TRE92_STU00987,TORONTO_TRE92_0018
TORONTO_TRE92_STU00987,TORONTO_TRE92_0019
TORONTO_TRE92_STU00987,TORONTO_TRE92_0158
TORONTO_TRE92_STU00987,TORONTO_TRE92_0163
TORONTO_TRE92_STU00988,TORONTO_TRE92_0016
TORONTO_TRE92_STU00988,TORONTO_TRE92_0057
TORONTO_TRE92_STU00988,TORONTO_TRE92_0116
TORONTO_TRE92_STU00989,TORONTO_TRE92_0019
TORONTO_TRE92_STU00989,TORONTO_TRE92_0025
TORONTO_TRE92_STU00989,TORONTO_TRE92_0111
TORONTO_TRE92_STU00989,TORONTO_TRE92_0113
TORONTO_TRE92_STU00989,TORONTO_TRE92_0114
TORONTO_TRE92_STU00990,TORONTO_TRE92_0068
TORONTO_TRE92_STU00990,TORONTO_TRE92_0085
TORONTO_TRE92_STU00990,TORONTO_TRE92_0158
TORONTO_TRE92_STU00991,TORONTO_TRE92_0103
TORONTO_TRE92_STU00991,TORONTO_TRE92_0109
TORONTO_TRE92_STU00991,TORONTO_TRE92_0221
TORONTO_TRE92_STU00991,TORONTO_TRE92_0248
TORONTO_TRE92_STU00992,TORONTO_TRE92_0047
TORONTO_TRE92_STU00992,TORONTO_TRE92_0104
TORONTO_TRE92_STU00993,TORONTO_TRE92_0105
TORONTO_TRE92_STU00993,TORONTO_TRE92_0108
TORONTO_TRE92_STU00993,TORONTO_TRE92_0222
TORONTO_TRE92_STU00993,TORONTO_TRE92_0260
TORONTO_TRE92_STU00994,TORONTO_TRE92_0176
TORONTO_TRE92_STU00994,TORONTO_TRE92_0220
TORONTO_TRE92_STU00994,TORONTO_TRE92_0221
TORONTO_TRE92_STU00994,TORONTO_TRE92_0222
TORONTO_TRE92_STU00994,TORONTO_TRE92_0224
TORONTO_TRE92_STU00995,TORONTO_TRE92_0053
TORONTO_TRE92_STU00995,TORONTO_TRE92_0116
TORONTO_TRE92_STU00995,TORONTO_TRE92_0117
TORONTO_TRE92_STU00995,TORONTO_TRE92_0139
TORONTO_TRE92_STU00995,TORONTO_TRE92_0233
TORONTO_TRE92_STU00996,TORONTO_TRE92_0180
TORONTO_TRE92_STU00996,TORONTO_TRE92_0182
TORONTO_TRE92_STU00996,TORONTO_TRE92_0220
TORONTO_TRE92_STU00997,TORONTO_TRE92_0101
TORONTO_TRE92_STU00997,TORONTO_TRE92_0221
TORONTO_TRE92_STU00997,TORONTO_TRE92_0226
TORONTO_TRE92_STU00997,TORONTO_TRE92_0230
TORONTO_TRE92_STU00997,TORONTO_TRE92_0231
TORONTO_TRE92_STU00998,TORONTO_TRE92_0102
TORONTO_TRE92_STU00998,TORONTO_TRE92_0108
TORONTO_TRE92_STU00998,TORONTO_TRE92_0109
TORONTO_TRE92_STU00998,TORONTO_TRE92_0159
TORONTO_TRE92_STU00998,TORONTO_TRE92_0164
TORONTO_TRE92_STU00999,TORONTO_TRE92_0108
TORONTO_TRE92_STU00999,TORONTO_TRE92_0224
TORONTO_TRE92_STU00999,TORONTO_TRE92_0226
TORONTO_TRE92_STU00999,TORONTO_TRE92_0227
TORONTO_TRE92_STU01000,TORONTO_TRE92_0046
TORONTO_TRE92_STU01000,TORONTO_TRE92_0105
TORONTO_TRE92_STU01000,TORONTO_TRE92_0162
TORONTO_TRE92_STU01000,TORONTO_TRE92_0226
TORONTO_TRE92_STU01001,TORONTO_TRE92_0143
TORONTO_TRE92_STU01001,TORONTO_TRE92_0149
TORONTO_TRE92_STU01002,TORONTO_TRE92_0140
TORONTO_TRE92_STU01002,TORONTO_TRE92_0149
TORONTO_TRE92_STU01002,TORONTO_TRE92_0150
TORONTO_TRE92_STU01002,TORONTO_TRE92_0151
TORONTO_TRE92_STU01002,TORONTO_TRE92_0154
TORONTO_TRE92_STU01003,TORONTO_TRE92_0143
TORONTO_TRE92_STU01003,TORONTO_TRE92_0144
TORONTO_TRE92_STU01003,TORONTO_TRE92_0148
TORONTO_TRE92_STU01003,TORONTO_TRE92_0180
TORONTO_TRE92_STU01003,TORONTO_TRE92_0182
TORONTO_TRE92_STU01004,TORONTO_TRE92_0029
TORONTO_TRE92_STU01004,TORONTO_TRE92_0031
TORONTO_TRE92_STU01004,TORONTO_TRE92_0036
TORONTO_TRE92_STU01004,TORONTO_TRE92_0183
TORONTO_TRE92_STU01005,TORONTO_TRE92_0108
TORONTO_TRE92_STU01005,TORONTO_TRE92_0171
TORONTO_TRE92_STU01006,TORONTO_TRE92_0098
TORONTO_TRE92_STU01006,TORONTO_TRE92_0106
TORONTO_TRE92_STU01006,TORONTO_TRE92_0194
TORONTO_TRE92_STU01007,TORONTO_TRE92_0107
TORONTO_TRE92_STU01007,TORONTO_TRE92_0190
TORONTO_TRE92_STU01007,TORONTO_TRE92_0191
TORONTO_TRE92_STU01008,TORONTO_TRE92_0019
TORONTO_TRE92_STU01008,TORONTO_TRE92_0139
TORONTO_TRE92_STU01008,TORONTO_TRE92_0144
TORONTO_TRE92_STU01008,TORONTO_TRE92_0251
TORONTO_TRE92_STU01009,TORONTO_TRE92_0013
TORONTO_TRE92_STU01009,TORONTO_TRE92_0261
TORONTO_TRE92_STU01010,TORONTO_TRE92_0071
TORONTO_TRE92_STU01010,TORONTO_TRE92_0107
TORONTO_TRE92_STU01010,TORONTO_TRE92_0109
TORONTO_TRE92_STU01010,TORONTO_TRE92_0159
TORONTO_TRE92_STU01010,TORONTO_TRE92_0161
TORONTO_TRE92_STU01011,TORONTO_TRE92_0103
TORONTO_TRE92_STU01011,TORONTO_TRE92_0108
TORONTO_TRE92_STU01011,TORONTO_TRE92_0221
TORONTO_TRE92_STU01012,TORONTO_TRE92_0055
TORONTO_TRE92_STU01012,TORONTO_TRE92_0058
TORONTO_TRE92_STU01012,TORONTO_TRE92_0063
TORONTO_TRE92_STU01012,TORONTO_TRE92_0117
TORONTO_TRE92_STU01013,TORONTO_TRE92_0111
TORONTO_TRE92_STU01013,TORONTO_TRE92_0143
TORONTO_TRE92_STU01013,TORONTO_TRE92_0145
TORONTO_TRE92_STU01013,TORONTO_TRE92_0148
TORONTO_TRE92_STU01013,TORONTO_TRE92_0210
TORONTO_TRE92_STU01014,TORONTO_TRE92_0216
TORONTO_TRE92_STU01014,TORONTO_TRE92_0226
TORONTO_TRE92_STU01014,TORONTO_TRE92_0230
TORONTO_TRE92_STU01014,TORONTO_TRE92_0231
TORONTO_TRE92_STU01014,TORONTO_TRE92_0253
TORONTO_TRE92_STU01015,TORONTO_TRE92_0104
TORONTO_TRE92_STU01016,TORONTO_TRE92_0101
TORONTO_TRE92_STU01016,TORONTO_TRE92_0103
TORONTO_TRE92_STU01016,TORONTO_TRE92_0155
TORONTO_TRE92_STU01016,TORONTO_TRE92_0156
TORONTO_TRE92_STU01017,TORONTO_TRE92_0109
TORONTO_TRE92_STU01017,TORONTO_TRE92_0158
TORONTO_TRE92_STU01017,TORONTO_TRE92_0171
TORONTO_TRE92_STU01018,TORONTO_TRE92_0044
TORONTO_TRE92_STU01018,TORONTO_TRE92_0101
TORONTO_TRE92_STU01018,TORONTO_TRE92_0110
TORONTO_TRE92_STU01018,TORONTO_TRE92_0150
TORONTO_TRE92_STU01019,TORONTO_TRE92_0101
TORONTO_TRE92_STU01019,TORONTO_TRE92_0228
TORONTO_TRE92_STU01020,TORONTO_TRE92_0111
TORONTO_TRE92_STU01020,TORONTO_TRE92_0113
TORONTO_TRE92_STU01020,TORONTO_TRE92_0163
TORONTO_TRE92_STU01020,TORONTO_TRE92_0164
TORONTO_TRE92_STU01021,TORONTO_TRE92_0019
TORONTO_TRE92_STU01021,TORONTO_TRE92_0046
TORONTO_TRE92_STU01021,TORONTO_TRE92_0159
TORONTO_TRE92_STU01021,TORONTO_TRE92_0163
TORONTO_TRE92_STU01022,TORONTO_TRE92_0069
TORONTO_TRE92_STU01022,TORONTO_TRE92_0163
TORONTO_TRE92_STU01022,TORONTO_TRE92_0170
TORONTO_TRE92_STU01022,TORONTO_TRE92_0205
TORONTO_TRE92_STU01022,TORONTO_TRE92_0212
TORONTO_TRE92_STU01023,TORONTO_TRE92_0046
TORONTO_TRE92_STU01023,TORONTO_TRE92_0101
TORONTO_TRE92_STU01023,TORONTO_TRE92_0103
TORONTO_TRE92_STU01023,TORONTO_TRE92_0158
TORONTO_TRE92_STU01023,TORONTO_TRE92_0161
TORONTO_TRE92_STU01024,TORONTO_TRE92_0025
TORONTO_TRE92_STU01024,TORONTO_TRE92_0222
TORONTO_TRE92_STU01024,TORONTO_TRE92_0224
TORONTO_TRE92_STU01024,TORONTO_TRE92_0230
TORONTO_TRE92_STU01024,TORONTO_TRE92_0231
TORONTO_TRE92_STU01025,TORONTO_TRE92_0103
TORONTO_TRE92_STU01025,TORONTO_TRE92_0107
TORONTO_TRE92_STU01026,TORONTO_TRE92_0198
TORONTO_TRE92_STU01026,TORONTO_TRE92_0222
TORONTO_TRE92_STU01026,TORONTO_TRE92_0224
TORONTO_TRE92_STU01026,TORONTO_TRE92_0231
TORONTO_TRE92_STU01027,TORONTO_TRE92_0086
TORONTO_TRE92_STU01027,TORONTO_TRE92_0087
TORONTO_TRE92_STU01027,TORONTO_TRE92_0111
TORONTO_TRE92_STU01027,TORONTO_TRE92_0255
TORONTO_TRE92_STU01028,TORONTO_TRE92_0015
TORONTO_TRE92_STU01028,TORONTO_TRE92_0019
TORONTO_TRE92_STU01028,TORONTO_TRE92_0230
TORONTO_TRE92_STU01029,TORONTO_TRE92_0095
TORONTO_TRE92_STU01029,TORONTO_TRE92_0103
TORONTO_TRE92_STU01029,TORONTO_TRE92_0155
TORONTO_TRE92_STU01029,TORONTO_TRE92_0160
TORONTO_TRE92_STU01030,TORONTO_TRE92_0098
TORONTO_TRE92_STU01030,TORONTO_TRE92_0194
TORONTO_TRE92_STU01030,TORONTO_TRE92_0196
TORONTO_TRE92_STU01031,TORONTO_TRE92_0198
TORONTO_TRE92_STU01031,TORONTO_TRE92_0199
TORONTO_TRE92_STU01031,TORONTO_TRE92_0221
TORONTO_TRE92_STU01031,TORONTO_TRE92_0226
TORONTO_TRE92_STU01031,TORONTO_TRE92_0231
TORONTO_TRE92_STU01032,TORONTO_TRE92_0222
TORONTO_TRE92_STU01032,TORONTO_TRE92_0224
TORONTO_TRE92_STU01032,TORONTO_TRE92_0230
TORONTO_TRE92_STU01032,TORONTO_TRE92_0253
TORONTO_TRE92_STU01033,TORONTO_TRE92_0031
TORONTO_TRE92_STU01033,TORONTO_TRE92_0227
TORONTO_TRE92_STU01033,TORONTO_TRE92_0230
TORONTO_TRE92_STU01034,TORONTO_TRE92_0019
TORONTO_TRE92_STU01034,TORONTO_TRE92_0226
TORONTO_TRE92_STU01034,TORONTO_TRE92_0229
TORONTO_TRE92_STU01034,TORONTO_TRE92_0231
TORONTO_TRE92_STU01035,TORONTO_TRE92_0056
TORONTO_TRE92_STU01035,TORONTO_TRE92_0057
TORONTO_TRE92_STU01035,TORONTO_TRE92_0058
TORONTO_TRE92_STU01035,TORONTO_TRE92_0234
TORONTO_TRE92_STU01036,TORONTO_TRE92_0033
TORONTO_TRE92_STU01036,TORONTO_TRE92_0036
TORONTO_TRE92_STU01036,TORONTO_TRE92_0037
TORONTO_TRE92_STU01036,TORONTO_TRE92_0064
TORONTO_TRE92_STU01036,TORONTO_TRE92_0229
TORONTO_TRE92_STU01037,TORONTO_TRE92_0031
TORONTO_TRE92_STU01037,TORONTO_TRE92_0054
TORONTO_TRE92_STU01037,TORONTO_TRE92_0057
TORONTO_TRE92_STU01037,TORONTO_TRE92_0059
TORONTO_TRE92_STU01037,TORONTO_TRE92_0183
TORONTO_TRE92_STU01038,TORONTO_TRE92_0054
TORONTO_TRE92_STU01038,TORONTO_TRE92_0059
TORONTO_TRE92_STU01038,TORONTO_TRE92_0076
TORONTO_TRE92_STU01039,TORONTO_TRE92_0084
TORONTO_TRE92_STU01039,TORONTO_TRE92_0087
TORONTO_TRE92_STU01039,TORONTO_TRE92_0092
TORONTO_TRE92_STU01039,TORONTO_TRE92_0191
TORONTO_TRE92_STU01040,TORONTO_TRE92_0057
TORONTO_TRE92_STU01040,TORONTO_TRE92_0059
TORONTO_TRE92_STU01040,TORONTO_TRE92_0182
TORONTO_TRE92_STU01040,TORONTO_TRE92_0183
TORONTO_TRE92_STU01041,TORONTO_TRE92_0182
TORONTO_TRE92_STU01041,TORONTO_TRE92_0238
TORONTO_TRE92_STU01041,TORONTO_TRE92_0239
TORONTO_TRE92_STU01041,TORONTO_TRE92_0244
TORONTO_TRE92_STU01042,TORONTO_TRE92_0120
TORONTO_TRE92_STU01042,TORONTO_TRE92_0130
TORONTO_TRE92_STU01043,TORONTO_TRE92_0013
TORONTO_TRE92_STU01043,TORONTO_TRE92_0015
TORONTO_TRE92_STU01043,TORONTO_TRE92_0155
TORONTO_TRE92_STU01044,TORONTO_TRE92_0104
TORONTO_TRE92_STU01044,TORONTO_TRE92_0108
TORONTO_TRE92_STU01044,TORONTO_TRE92_0153
TORONTO_TRE92_STU01044,TORONTO_TRE92_0164
TORONTO_TRE92_STU01045,TORONTO_TRE92_0106
TORONTO_TRE92_STU01045,TORONTO_TRE92_0109
TORONTO_TRE92_STU01045,TORONTO_TRE92_0162
TORONTO_TRE92_STU01045,TORONTO_TRE92_0163
TORONTO_TRE92_STU01046,TORONTO_TRE92_0019
TORONTO_TRE92_STU01046,TORONTO_TRE92_0023
TORONTO_TRE92_STU01046,TORONTO_TRE92_0191
TORONTO_TRE92_STU01047,TORONTO_TRE92_0144
TORONTO_TRE92_STU01047,TORONTO_TRE92_0159
TORONTO_TRE92_STU01047,TORONTO_TRE92_0164
TORONTO_TRE92_STU01048,TORONTO_TRE92_0101
TORONTO_TRE92_STU01048,TORONTO_TRE92_0103
TORONTO_TRE92_STU01048,TORONTO_TRE92_0155
TORONTO_TRE92_STU01049,TORONTO_TRE92_0041
TORONTO_TRE92_STU01049,TORONTO_TRE92_0144
TORONTO_TRE92_STU01049,TORONTO_TRE92_0151
TORONTO_TRE92_STU01050,TORONTO_TRE92_0158
TORONTO_TRE92_STU01050,TORONTO_TRE92_0227
TORONTO_TRE92_STU01050,TORONTO_TRE92_0230
TORONTO_TRE92_STU01051,TORONTO_TRE92_0117
TORONTO_TRE92_STU01051,TORONTO_TRE92_0182
TORONTO_TRE92_STU01051,TORONTO_TRE92_0183
TORONTO_TRE92_STU01051,TORONTO_TRE92_0238
TORONTO_TRE92_STU01051,TORONTO_TRE92_0239
TORONTO_TRE92_STU01052,TORONTO_TRE92_0161
TORONTO_TRE92_STU01052,TORONTO_TRE92_0164
TORONTO_TRE92_STU01052,TORONTO_TRE92_0165
TORONTO_TRE92_STU01053,TORONTO_TRE92_0042
TORONTO_TRE92_STU01053,TORONTO_TRE92_0044
TORONTO_TRE92_STU01053,TORONTO_TRE92_0046
TORONTO_TRE92_STU01053,TORONTO_TRE92_0211
TORONTO_TRE92_STU01053,TORONTO_TRE92_0212
TORONTO_TRE92_STU01054,TORONTO_TRE92_0012
TORONTO_TRE92_STU01054,TORONTO_TRE92_0015
TORONTO_TRE92_STU01054,TORONTO_TRE92_0032
TORONTO_TRE92_STU01054,TORONTO_TRE92_0033
TORONTO_TRE92_STU01054,TORONTO_TRE92_0041
TORONTO_TRE92_STU01055,TORONTO_TRE92_0031
TORONTO_TRE92_STU01055,TORONTO_TRE92_0033
TORONTO_TRE92_STU01055,TORONTO_TRE92_0040
TORONTO_TRE92_STU01056,TORONTO_TRE92_0224
TORONTO_TRE92_STU01056,TORONTO_TRE92_0225
TORONTO_TRE92_STU01056,TORONTO_TRE92_0226
TORONTO_TRE92_STU01056,TORONTO_TRE92_0229
TORONTO_TRE92_STU01056,TORONTO_TRE92_0231
TORONTO_TRE92_STU01057,TORONTO_TRE92_0198
TORONTO_TRE92_STU01057,TORONTO_TRE92_0222
TORONTO_TRE92_STU01057,TORONTO_TRE92_0224
TORONTO_TRE92_STU01057,TORONTO_TRE92_0226
TORONTO_TRE92_STU01057,TORONTO_TRE92_0230
TORONTO_TRE92_STU01058,TORONTO_TRE92_0108
TORONTO_TRE92_STU01058,TORONTO_TRE92_0221
TORONTO_TRE92_STU01058,TORONTO_TRE92_0223
TORONTO_TRE92_STU01058,TORONTO_TRE92_0224
TORONTO_TRE92_STU01058,TORONTO_TRE92_0226
TORONTO_TRE92_STU01058,TORONTO_TRE92_0227
TORONTO_TRE92_STU01059,TORONTO_TRE92_0222
TORONTO_TRE92_STU01059,TORONTO_TRE92_0224
TORONTO_TRE92_STU01059,TORONTO_TRE92_0226
TORONTO_TRE92_STU01059,TORONTO_TRE92_0250
TORONTO_TRE92_STU01060,TORONTO_TRE92_0140
TORONTO_TRE92_STU01060,TORONTO_TRE92_0149
TORONTO_TRE92_STU01060,TORONTO_TRE92_0182
TORONTO_TRE92_STU01061,TORONTO_TRE92_0168
TORONTO_TRE92_STU01061,TORONTO_TRE92_0221
TORONTO_TRE92_STU01061,TORONTO_TRE92_0226
TORONTO_TRE92_STU01061,TORONTO_TRE92_0227
TORONTO_TRE92_STU01062,TORONTO_TRE92_0105
TORONTO_TRE92_STU01062,TORONTO_TRE92_0107
TORONTO_TRE92_STU01063,TORONTO_TRE92_0103
TORONTO_TRE92_STU01063,TORONTO_TRE92_0222
TORONTO_TRE92_STU01063,TORONTO_TRE92_0224
TORONTO_TRE92_STU01063,TORONTO_TRE92_0226
TORONTO_TRE92_STU01064,TORONTO_TRE92_0050
TORONTO_TRE92_STU01064,TORONTO_TRE92_0079
TORONTO_TRE92_STU01064,TORONTO_TRE92_0101
TORONTO_TRE92_STU01064,TORONTO_TRE92_0109
TORONTO_TRE92_STU01064,TORONTO_TRE92_0188
TORONTO_TRE92_STU01065,TORONTO_TRE92_0098
TORONTO_TRE92_STU01065,TORONTO_TRE92_0109
TORONTO_TRE92_STU01065,TORONTO_TRE92_0226
TORONTO_TRE92_STU01066,TORONTO_TRE92_0103
TORONTO_TRE92_STU01066,TORONTO_TRE92_0141
TORONTO_TRE92_STU01066,TORONTO_TRE92_0143
TORONTO_TRE92_STU01066,TORONTO_TRE92_0147
TORONTO_TRE92_STU01067,TORONTO_TRE92_0051
TORONTO_TRE92_STU01067,TORONTO_TRE92_0088
TORONTO_TRE92_STU01067,TORONTO_TRE92_0093
TORONTO_TRE92_STU01068,TORONTO_TRE92_0050
TORONTO_TRE92_STU01068,TORONTO_TRE92_0098
TORONTO_TRE92_STU01069,TORONTO_TRE92_0004
TORONTO_TRE92_STU01069,TORONTO_TRE92_0083
TORONTO_TRE92_STU01069,TORONTO_TRE92_0087
TORONTO_TRE92_STU01069,TORONTO_TRE92_0092
TORONTO_TRE92_STU01070,TORONTO_TRE92_0111
TORONTO_TRE92_STU01070,TORONTO_TRE92_0143
TORONTO_TRE92_STU01071,TORONTO_TRE92_0004
TORONTO_TRE92_STU01071,TORONTO_TRE92_0072
TORONTO_TRE92_STU01071,TORONTO_TRE92_0086
TORONTO_TRE92_STU01072,TORONTO_TRE92_0143
TORONTO_TRE92_STU01073,TORONTO_TRE92_0006
TORONTO_TRE92_STU01073,TORONTO_TRE92_0093
TORONTO_TRE92_STU01073,TORONTO_TRE92_0100
TORONTO_TRE92_STU01073,TORONTO_TRE92_0101
TORONTO_TRE92_STU01073,TORONTO_TRE92_0108
TORONTO_TRE92_STU01074,TORONTO_TRE92_0008
TORONTO_TRE92_STU01074,TORONTO_TRE92_0092
TORONTO_TRE92_STU01074,TORONTO_TRE92_0167
TORONTO_TRE92_STU01074,TORONTO_TRE92_0211
TORONTO_TRE92_STU01074,TORONTO_TRE92_0253
TORONTO_TRE92_STU01075,TORONTO_TRE92_0103
TORONTO_TRE92_STU01075,TORONTO_TRE92_0108
TORONTO_TRE92_STU01075,TORONTO_TRE92_0191
TORONTO_TRE92_STU01076,TORONTO_TRE92_0046
TORONTO_TRE92_STU01076,TORONTO_TRE92_0109
TORONTO_TRE92_STU01076,TORONTO_TRE92_0158
TORONTO_TRE92_STU01076,TORONTO_TRE92_0165
TORONTO_TRE92_STU01077,TORONTO_TRE92_0072
TORONTO_TRE92_STU01077,TORONTO_TRE92_0081
TORONTO_TRE92_STU01077,TORONTO_TRE92_0216
TORONTO_TRE92_STU01078,TORONTO_TRE92_0004
TORONTO_TRE92_STU01078,TORONTO_TRE92_0006
TORONTO_TRE92_STU01078,TORONTO_TRE92_0092
TORONTO_TRE92_STU01078,TORONTO_TRE92_0093
TORONTO_TRE92_STU01079,TORONTO_TRE92_0084
TORONTO_TRE92_STU01079,TORONTO_TRE92_0086
TORONTO_TRE92_STU01079,TORONTO_TRE92_0088
TORONTO_TRE92_STU01079,TORONTO_TRE92_0248
TORONTO_TRE92_STU01079,TORONTO_TRE92_0251
TORONTO_TRE92_STU01080,TORONTO_TRE92_0004
TORONTO_TRE92_STU01080,TORONTO_TRE92_0087
TORONTO_TRE92_STU01080,TORONTO_TRE92_0111
TORONTO_TRE92_STU01081,TORONTO_TRE92_0105
TORONTO_TRE92_STU01081,TORONTO_TRE92_0159
TORONTO_TRE92_STU01081,TORONTO_TRE92_0162
TORONTO_TRE92_STU01081,TORONTO_TRE92_0165
TORONTO_TRE92_STU01082,TORONTO_TRE92_0030
TORONTO_TRE92_STU01082,TORONTO_TRE92_0031
TORONTO_TRE92_STU01082,TORONTO_TRE92_0037
TORONTO_TRE92_STU01082,TORONTO_TRE92_0039
TORONTO_TRE92_STU01082,TORONTO_TRE92_0116
TORONTO_TRE92_STU01083,TORONTO_TRE92_0108
TORONTO_TRE92_STU01083,TORONTO_TRE92_0159
TORONTO_TRE92_STU01083,TORONTO_TRE92_0160
TORONTO_TRE92_STU01083,TORONTO_TRE92_0165
TORONTO_TRE92_STU01084,TORONTO_TRE92_0111
TORONTO_TRE92_STU01084,TORONTO_TRE92_0113
TORONTO_TRE92_STU01084,TORONTO_TRE92_0143
TORONTO_TRE92_STU01084,TORONTO_TRE92_0151
TORONTO_TRE92_STU01085,TORONTO_TRE92_0161
TORONTO_TRE92_STU01085,TORONTO_TRE92_0162
TORONTO_TRE92_STU01085,TORONTO_TRE92_0221
TORONTO_TRE92_STU01085,TORONTO_TRE92_0230
TORONTO_TRE92_STU01085,TORONTO_TRE92_0231
TORONTO_TRE92_STU01086,TORONTO_TRE92_0072
TORONTO_TRE92_STU01086,TORONTO_TRE92_0114
TORONTO_TRE92_STU01086,TORONTO_TRE92_0203
TORONTO_TRE92_STU01087,TORONTO_TRE92_0098
TORONTO_TRE92_STU01087,TORONTO_TRE92_0102
TORONTO_TRE92_STU01087,TORONTO_TRE92_0106
TORONTO_TRE92_STU01087,TORONTO_TRE92_0227
TORONTO_TRE92_STU01087,TORONTO_TRE92_0230
TORONTO_TRE92_STU01088,TORONTO_TRE92_0159
TORONTO_TRE92_STU01088,TORONTO_TRE92_0166
TORONTO_TRE92_STU01088,TORONTO_TRE92_0170
TORONTO_TRE92_STU01088,TORONTO_TRE92_0208
TORONTO_TRE92_STU01088,TORONTO_TRE92_0212
TORONTO_TRE92_STU01089,TORONTO_TRE92_0029
TORONTO_TRE92_STU01089,TORONTO_TRE92_0033
TORONTO_TRE92_STU01089,TORONTO_TRE92_0035
TORONTO_TRE92_STU01089,TORONTO_TRE92_0038
TORONTO_TRE92_STU01090,TORONTO_TRE92_0031
TORONTO_TRE92_STU01090,TORONTO_TRE92_0040
TORONTO_TRE92_STU01090,TORONTO_TRE92_0111
TORONTO_TRE92_STU01091,TORONTO_TRE92_0027
TORONTO_TRE92_STU01091,TORONTO_TRE92_0038
TORONTO_TRE92_STU01091,TORONTO_TRE92_0111
TORONTO_TRE92_STU01092,TORONTO_TRE92_0123
TORONTO_TRE92_STU01092,TORONTO_TRE92_0126
TORONTO_TRE92_STU01092,TORONTO_TRE92_0127
TORONTO_TRE92_STU01092,TORONTO_TRE92_0223
TORONTO_TRE92_STU01092,TORONTO_TRE92_0224
TORONTO_TRE92_STU01093,TORONTO_TRE92_0144
TORONTO_TRE92_STU01093,TORONTO_TRE92_0163
TORONTO_TRE92_STU01093,TORONTO_TRE92_0167
TORONTO_TRE92_STU01094,TORONTO_TRE92_0046
TORONTO_TRE92_STU01094,TORONTO_TRE92_0160
TORONTO_TRE92_STU01094,TORONTO_TRE92_0164
TORONTO_TRE92_STU01094,TORONTO_TRE92_0165
TORONTO_TRE92_STU01095,TORONTO_TRE92_0029
TORONTO_TRE92_STU01095,TORONTO_TRE92_0031
TORONTO_TRE92_STU01095,TORONTO_TRE92_0033
TORONTO_TRE92_STU01095,TORONTO_TRE92_0038
TORONTO_TRE92_STU01096,TORONTO_TRE92_0086
TORONTO_TRE92_STU01096,TORONTO_TRE92_0093
TORONTO_TRE92_STU01096,TORONTO_TRE92_0247
TORONTO_TRE92_STU01096,TORONTO_TRE92_0248
TORONTO_TRE92_STU01097,TORONTO_TRE92_0082
TORONTO_TRE92_STU01097,TORONTO_TRE92_0086
TORONTO_TRE92_STU01097,TORONTO_TRE92_0093
TORONTO_TRE92_STU01097,TORONTO_TRE92_0111
TORONTO_TRE92_STU01098,TORONTO_TRE92_0040
TORONTO_TRE92_STU01098,TORONTO_TRE92_0141
TORONTO_TRE92_STU01098,TORONTO_TRE92_0143
TORONTO_TRE92_STU01098,TORONTO_TRE92_0144
TORONTO_TRE92_STU01099,TORONTO_TRE92_0109
TORONTO_TRE92_STU01099,TORONTO_TRE92_0176
TORONTO_TRE92_STU01099,TORONTO_TRE92_0180
TORONTO_TRE92_STU01099,TORONTO_TRE92_0185
TORONTO_TRE92_STU01100,TORONTO_TRE92_0096
TORONTO_TRE92_STU01100,TORONTO_TRE92_0222
TORONTO_TRE92_STU01100,TORONTO_TRE92_0224
TORONTO_TRE92_STU01100,TORONTO_TRE92_0226
TORONTO_TRE92_STU01100,TORONTO_TRE92_0230
TORONTO_TRE92_STU01101,TORONTO_TRE92_0006
TORONTO_TRE92_STU01101,TORONTO_TRE92_0031
TORONTO_TRE92_STU01101,TORONTO_TRE92_0081
TORONTO_TRE92_STU01102,TORONTO_TRE92_0047
TORONTO_TRE92_STU01102,TORONTO_TRE92_0248
TORONTO_TRE92_STU01102,TORONTO_TRE92_0250
TORONTO_TRE92_STU01102,TORONTO_TRE92_0251
TORONTO_TRE92_STU01103,TORONTO_TRE92_0111
TORONTO_TRE92_STU01103,TORONTO_TRE92_0143
TORONTO_TRE92_STU01104,TORONTO_TRE92_0019
TORONTO_TRE92_STU01104,TORONTO_TRE92_0216
TORONTO_TRE92_STU01104,TORONTO_TRE92_0217
TORONTO_TRE92_STU01105,TORONTO_TRE92_0110
TORONTO_TRE92_STU01105,TORONTO_TRE92_0111
TORONTO_TRE92_STU01105,TORONTO_TRE92_0143
TORONTO_TRE92_STU01105,TORONTO_TRE92_0144
TORONTO_TRE92_STU01106,TORONTO_TRE92_0103
TORONTO_TRE92_STU01106,TORONTO_TRE92_0108
TORONTO_TRE92_STU01106,TORONTO_TRE92_0253
TORONTO_TRE92_STU01107,TORONTO_TRE92_0104
TORONTO_TRE92_STU01107,TORONTO_TRE92_0247
TORONTO_TRE92_STU01107,TORONTO_TRE92_0253
TORONTO_TRE92_STU01108,TORONTO_TRE92_0182
TORONTO_TRE92_STU01108,TORONTO_TRE92_0183
TORONTO_TRE92_STU01108,TORONTO_TRE92_0253
TORONTO_TRE92_STU01109,TORONTO_TRE92_0012
TORONTO_TRE92_STU01109,TORONTO_TRE92_0191
TORONTO_TRE92_STU01109,TORONTO_TRE92_0252
TORONTO_TRE92_STU01110,TORONTO_TRE92_0050
TORONTO_TRE92_STU01110,TORONTO_TRE92_0253
TORONTO_TRE92_STU01110,TORONTO_TRE92_0254
TORONTO_TRE92_STU01111,TORONTO_TRE92_0084
TORONTO_TRE92_STU01111,TORONTO_TRE92_0086
TORONTO_TRE92_STU01111,TORONTO_TRE92_0087
TORONTO_TRE92_STU01111,TORONTO_TRE92_0088
TORONTO_TRE92_STU01112,TORONTO_TRE92_0069
TORONTO_TRE92_STU01112,TORONTO_TRE92_0099
TORONTO_TRE92_STU01112,TORONTO_TRE92_0163
TORONTO_TRE92_STU01112,TORONTO_TRE92_0170
TORONTO_TRE92_STU01113,TORONTO_TRE92_0260
TORONTO_TRE92_STU01114,TORONTO_TRE92_0198
TORONTO_TRE92_STU01114,TORONTO_TRE92_0223
TORONTO_TRE92_STU01114,TORONTO_TRE92_0224
TORONTO_TRE92_STU01114,TORONTO_TRE92_0226
TORONTO_TRE92_STU01114,TORONTO_TRE92_0232
TORONTO_TRE92_STU01115,TORONTO_TRE92_0126
TORONTO_TRE92_STU01115,TORONTO_TRE92_0128
TORONTO_TRE92_STU01115,TORONTO_TRE92_0230
TORONTO_TRE92_STU01116,TORONTO_TRE92_0004
TORONTO_TRE92_STU01116,TORONTO_TRE92_0007
TORONTO_TRE92_STU01116,TORONTO_TRE92_0092
TORONTO_TRE92_STU01116,TORONTO_TRE92_0093
TORONTO_TRE92_STU01117,TORONTO_TRE92_0180
TORONTO_TRE92_STU01117,TORONTO_TRE92_0182
TORONTO_TRE92_STU01117,TORONTO_TRE92_0183
TORONTO_TRE92_STU01117,TORONTO_TRE92_0185
TORONTO_TRE92_STU01117,TORONTO_TRE92_0230
TORONTO_TRE92_STU01118,TORONTO_TRE92_0007
TORONTO_TRE92_STU01118,TORONTO_TRE92_0092
TORONTO_TRE92_STU01118,TORONTO_TRE92_0093
TORONTO_TRE92_STU01118,TORONTO_TRE92_0253
TORONTO_TRE92_STU01119,TORONTO_TRE92_0013
TORONTO_TRE92_STU01119,TORONTO_TRE92_0163
TORONTO_TRE92_STU01120,TORONTO_TRE92_0071
TORONTO_TRE92_STU01120,TORONTO_TRE92_0164
TORONTO_TRE92_STU01120,TORONTO_TRE92_0165
TORONTO_TRE92_STU01120,TORONTO_TRE92_0230
TORONTO_TRE92_STU01121,TORONTO_TRE92_0109
TORONTO_TRE92_STU01121,TORONTO_TRE92_0159
TORONTO_TRE92_STU01121,TORONTO_TRE92_0160
TORONTO_TRE92_STU01121,TORONTO_TRE92_0162
TORONTO_TRE92_STU01121,TORONTO_TRE92_0220
TORONTO_TRE92_STU01122,TORONTO_TRE92_0056
TORONTO_TRE92_STU01122,TORONTO_TRE92_0057
TORONTO_TRE92_STU01122,TORONTO_TRE92_0064
TORONTO_TRE92_STU01122,TORONTO_TRE92_0072
TORONTO_TRE92_STU01123,TORONTO_TRE92_0005
TORONTO_TRE92_STU01123,TORONTO_TRE92_0047
TORONTO_TRE92_STU01123,TORONTO_TRE92_0087
TORONTO_TRE92_STU01123,TORONTO_TRE92_0088
TORONTO_TRE92_STU01123,TORONTO_TRE92_0093
TORONTO_TRE92_STU01123,TORONTO_TRE92_0196
TORONTO_TRE92_STU01124,TORONTO_TRE92_0216
TORONTO_TRE92_STU01124,TORONTO_TRE92_0219
TORONTO_TRE92_STU01124,TORONTO_TRE92_0220
TORONTO_TRE92_STU01125,TORONTO_TRE92_0103
TORONTO_TRE92_STU01126,TORONTO_TRE92_0040
TORONTO_TRE92_STU01126,TORONTO_TRE92_0141
TORONTO_TRE92_STU01126,TORONTO_TRE92_0143
TORONTO_TRE92_STU01126,TORONTO_TRE92_0148
TORONTO_TRE92_STU01127,TORONTO_TRE92_0109
TORONTO_TRE92_STU01128,TORONTO_TRE92_0103
TORONTO_TRE92_STU01128,TORONTO_TRE92_0108
TORONTO_TRE92_STU01128,TORONTO_TRE92_0109
TORONTO_TRE92_STU01129,TORONTO_TRE92_0218
TORONTO_TRE92_STU01129,TORONTO_TRE92_0220
TORONTO_TRE92_STU01130,TORONTO_TRE92_0011
TORONTO_TRE92_STU01130,TORONTO_TRE92_0087
TORONTO_TRE92_STU01130,TORONTO_TRE92_0088
TORONTO_TRE92_STU01130,TORONTO_TRE92_0093
TORONTO_TRE92_STU01130,TORONTO_TRE92_0221
TORONTO_TRE92_STU01131,TORONTO_TRE92_0189
TORONTO_TRE92_STU01131,TORONTO_TRE92_0223
TORONTO_TRE92_STU01131,TORONTO_TRE92_0224
TORONTO_TRE92_STU01131,TORONTO_TRE92_0226
TORONTO_TRE92_STU01131,TORONTO_TRE92_0232
TORONTO_TRE92_STU01132,TORONTO_TRE92_0132
TORONTO_TRE92_STU01132,TORONTO_TRE92_0133
TORONTO_TRE92_STU01133,TORONTO_TRE92_0027
TORONTO_TRE92_STU01133,TORONTO_TRE92_0116
TORONTO_TRE92_STU01133,TORONTO_TRE92_0117
TORONTO_TRE92_STU01134,TORONTO_TRE92_0023
TORONTO_TRE92_STU01134,TORONTO_TRE92_0170
TORONTO_TRE92_STU01134,TORONTO_TRE92_0256
TORONTO_TRE92_STU01135,TORONTO_TRE92_0078
TORONTO_TRE92_STU01135,TORONTO_TRE92_0177
TORONTO_TRE92_STU01136,TORONTO_TRE92_0182
TORONTO_TRE92_STU01136,TORONTO_TRE92_0183
TORONTO_TRE92_STU01136,TORONTO_TRE92_0238
TORONTO_TRE92_STU01136,TORONTO_TRE92_0239
TORONTO_TRE92_STU01137,TORONTO_TRE92_0221
TORONTO_TRE92_STU01137,TORONTO_TRE92_0226
TORONTO_TRE92_STU01137,TORONTO_TRE92_0230
TORONTO_TRE92_STU01137,TORONTO_TRE92_0231
TORONTO_TRE92_STU01138,TORONTO_TRE92_0018
TORONTO_TRE92_STU01138,TORONTO_TRE92_0189
TORONTO_TRE92_STU01138,TORONTO_TRE92_0191
TORONTO_TRE92_STU01139,TORONTO_TRE92_0109
TORONTO_TRE92_STU01139,TORONTO_TRE92_0222
TORONTO_TRE92_STU01139,TORONTO_TRE92_0224
TORONTO_TRE92_STU01139,TORONTO_TRE92_0227
TORONTO_TRE92_STU01139,TORONTO_TRE92_0230
TORONTO_TRE92_STU01140,TORONTO_TRE92_0082
TORONTO_TRE92_STU01140,TORONTO_TRE92_0084
TORONTO_TRE92_STU01140,TORONTO_TRE92_0087
TORONTO_TRE92_STU01140,TORONTO_TRE92_0093
TORONTO_TRE92_STU01140,TORONTO_TRE92_0229
TORONTO_TRE92_STU01141,TORONTO_TRE92_0099
TORONTO_TRE92_STU01141,TORONTO_TRE92_0108
TORONTO_TRE92_STU01142,TORONTO_TRE92_0115
TORONTO_TRE92_STU01142,TORONTO_TRE92_0143
TORONTO_TRE92_STU01142,TORONTO_TRE92_0145
TORONTO_TRE92_STU01142,TORONTO_TRE92_0146
TORONTO_TRE92_STU01142,TORONTO_TRE92_0148
TORONTO_TRE92_STU01143,TORONTO_TRE92_0176
TORONTO_TRE92_STU01143,TORONTO_TRE92_0180
TORONTO_TRE92_STU01143,TORONTO_TRE92_0196
TORONTO_TRE92_STU01143,TORONTO_TRE92_0197
TORONTO_TRE92_STU01144,TORONTO_TRE92_0046
TORONTO_TRE92_STU01144,TORONTO_TRE92_0143
TORONTO_TRE92_STU01144,TORONTO_TRE92_0144
TORONTO_TRE92_STU01144,TORONTO_TRE92_0151
TORONTO_TRE92_STU01145,TORONTO_TRE92_0123
TORONTO_TRE92_STU01145,TORONTO_TRE92_0127
TORONTO_TRE92_STU01145,TORONTO_TRE92_0214
TORONTO_TRE92_STU01146,TORONTO_TRE92_0063
TORONTO_TRE92_STU01146,TORONTO_TRE92_0224
TORONTO_TRE92_STU01146,TORONTO_TRE92_0226
TORONTO_TRE92_STU01146,TORONTO_TRE92_0233
TORONTO_TRE92_STU01147,TORONTO_TRE92_0216
TORONTO_TRE92_STU01147,TORONTO_TRE92_0220
TORONTO_TRE92_STU01148,TORONTO_TRE92_0104
TORONTO_TRE92_STU01148,TORONTO_TRE92_0108
TORONTO_TRE92_STU01148,TORONTO_TRE92_0164
TORONTO_TRE92_STU01149,TORONTO_TRE92_0056
TORONTO_TRE92_STU01149,TORONTO_TRE92_0182
TORONTO_TRE92_STU01149,TORONTO_TRE92_0183
TORONTO_TRE92_STU01149,TORONTO_TRE92_0238
TORONTO_TRE92_STU01149,TORONTO_TRE92_0239
TORONTO_TRE92_STU01150,TORONTO_TRE92_0101
TORONTO_TRE92_STU01150,TORONTO_TRE92_0108
TORONTO_TRE92_STU01150,TORONTO_TRE92_0165
TORONTO_TRE92_STU01150,TORONTO_TRE92_0171
TORONTO_TRE92_STU01151,TORONTO_TRE92_0031
TORONTO_TRE92_STU01151,TORONTO_TRE92_0035
TORONTO_TRE92_STU01151,TORONTO_TRE92_0041
TORONTO_TRE92_STU01151,TORONTO_TRE92_0059
TORONTO_TRE92_STU01151,TORONTO_TRE92_0064
TORONTO_TRE92_STU01152,TORONTO_TRE92_0046
TORONTO_TRE92_STU01152,TORONTO_TRE92_0092
TORONTO_TRE92_STU01152,TORONTO_TRE92_0155
TORONTO_TRE92_STU01152,TORONTO_TRE92_0169
TORONTO_TRE92_STU01152,TORONTO_TRE92_0211
TORONTO_TRE92_STU01153,TORONTO_TRE92_0143
TORONTO_TRE92_STU01153,TORONTO_TRE92_0150
TORONTO_TRE92_STU01153,TORONTO_TRE92_0151
TORONTO_TRE92_STU01153,TORONTO_TRE92_0161
TORONTO_TRE92_STU01153,TORONTO_TRE92_0230
TORONTO_TRE92_STU01153,TORONTO_TRE92_0231
TORONTO_TRE92_STU01154,TORONTO_TRE92_0143
TORONTO_TRE92_STU01154,TORONTO_TRE92_0144
TORONTO_TRE92_STU01154,TORONTO_TRE92_0149
TORONTO_TRE92_STU01154,TORONTO_TRE92_0174
TORONTO_TRE92_STU01155,TORONTO_TRE92_0051
TORONTO_TRE92_STU01155,TORONTO_TRE92_0086
TORONTO_TRE92_STU01155,TORONTO_TRE92_0088
TORONTO_TRE92_STU01155,TORONTO_TRE92_0093
TORONTO_TRE92_STU01156,TORONTO_TRE92_0012
TORONTO_TRE92_STU01156,TORONTO_TRE92_0108
TORONTO_TRE92_STU01156,TORONTO_TRE92_0109
TORONTO_TRE92_STU01156,TORONTO_TRE92_0159
TORONTO_TRE92_STU01156,TORONTO_TRE92_0165
TORONTO_TRE92_STU01157,TORONTO_TRE92_0188
TORONTO_TRE92_STU01157,TORONTO_TRE92_0251
TORONTO_TRE92_STU01158,TORONTO_TRE92_0144
TORONTO_TRE92_STU01158,TORONTO_TRE92_0147
TORONTO_TRE92_STU01158,TORONTO_TRE92_0221
TORONTO_TRE92_STU01158,TORONTO_TRE92_0227
TORONTO_TRE92_STU01158,TORONTO_TRE92_0229
TORONTO_TRE92_STU01159,TORONTO_TRE92_0140
TORONTO_TRE92_STU01159,TORONTO_TRE92_0144
TORONTO_TRE92_STU01159,TORONTO_TRE92_0147
TORONTO_TRE92_STU01159,TORONTO_TRE92_0227
TORONTO_TRE92_STU01159,TORONTO_TRE92_0230
TORONTO_TRE92_STU01160,TORONTO_TRE92_0031
TORONTO_TRE92_STU01160,TORONTO_TRE92_0040
TORONTO_TRE92_STU01161,TORONTO_TRE92_0111
TORONTO_TRE92_STU01161,TORONTO_TRE92_0143
TORONTO_TRE92_STU01161,TORONTO_TRE92_0144
TORONTO_TRE92_STU01161,TORONTO_TRE92_0149
TORONTO_TRE92_STU01162,TORONTO_TRE92_0046
TORONTO_TRE92_STU01162,TORONTO_TRE92_0047
TORONTO_TRE92_STU01162,TORONTO_TRE92_0069
TORONTO_TRE92_STU01162,TORONTO_TRE92_0211
TORONTO_TRE92_STU01162,TORONTO_TRE92_0212
TORONTO_TRE92_STU01163,TORONTO_TRE92_0069
TORONTO_TRE92_STU01163,TORONTO_TRE92_0079
TORONTO_TRE92_STU01163,TORONTO_TRE92_0108
TORONTO_TRE92_STU01164,TORONTO_TRE92_0143
TORONTO_TRE92_STU01164,TORONTO_TRE92_0144
TORONTO_TRE92_STU01164,TORONTO_TRE92_0151
TORONTO_TRE92_STU01165,TORONTO_TRE92_0163
TORONTO_TRE92_STU01165,TORONTO_TRE92_0165
TORONTO_TRE92_STU01166,TORONTO_TRE92_0044
TORONTO_TRE92_STU01166,TORONTO_TRE92_0188
TORONTO_TRE92_STU01166,TORONTO_TRE92_0203
TORONTO_TRE92_STU01166,TORONTO_TRE92_0206
TORONTO_TRE92_STU01167,TORONTO_TRE92_0019
TORONTO_TRE92_STU01167,TORONTO_TRE92_0164
TORONTO_TRE92_STU01167,TORONTO_TRE92_0169
TORONTO_TRE92_STU01167,TORONTO_TRE92_0220
TORONTO_TRE92_STU01168,TORONTO_TRE92_0048
TORONTO_TRE92_STU01168,TORONTO_TRE92_0105
TORONTO_TRE92_STU01168,TORONTO_TRE92_0108
TORONTO_TRE92_STU01168,TORONTO_TRE92_0194
TORONTO_TRE92_STU01169,TORONTO_TRE92_0103
TORONTO_TRE92_STU01169,TORONTO_TRE92_0104
TORONTO_TRE92_STU01169,TORONTO_TRE92_0108
TORONTO_TRE92_STU01169,TORONTO_TRE92_0109
TORONTO_TRE92_STU01170,TORONTO_TRE92_0049
TORONTO_TRE92_STU01170,TORONTO_TRE92_0066
TORONTO_TRE92_STU01170,TORONTO_TRE92_0132
TORONTO_TRE92_STU01170,TORONTO_TRE92_0133
TORONTO_TRE92_STU01170,TORONTO_TRE92_0234
TORONTO_TRE92_STU01171,TORONTO_TRE92_0230
TORONTO_TRE92_STU01171,TORONTO_TRE92_0250
TORONTO_TRE92_STU01171,TORONTO_TRE92_0253
TORONTO_TRE92_STU01171,TORONTO_TRE92_0257
TORONTO_TRE92_STU01172,TORONTO_TRE92_0074
TORONTO_TRE92_STU01172,TORONTO_TRE92_0161
TORONTO_TRE92_STU01172,TORONTO_TRE92_0162
TORONTO_TRE92_STU01172,TORONTO_TRE92_0168
TORONTO_TRE92_STU01173,TORONTO_TRE92_0108
TORONTO_TRE92_STU01173,TORONTO_TRE92_0253
TORONTO_TRE92_STU01174,TORONTO_TRE92_0221
TORONTO_TRE92_STU01174,TORONTO_TRE92_0227
TORONTO_TRE92_STU01174,TORONTO_TRE92_0230
TORONTO_TRE92_STU01175,TORONTO_TRE92_0198
TORONTO_TRE92_STU01175,TORONTO_TRE92_0218
TORONTO_TRE92_STU01175,TORONTO_TRE92_0226
TORONTO_TRE92_STU01175,TORONTO_TRE92_0230
TORONTO_TRE92_STU01176,TORONTO_TRE92_0033
TORONTO_TRE92_STU01176,TORONTO_TRE92_0036
TORONTO_TRE92_STU01176,TORONTO_TRE92_0038
TORONTO_TRE92_STU01177,TORONTO_TRE92_0066
TORONTO_TRE92_STU01177,TORONTO_TRE92_0156
TORONTO_TRE92_STU01177,TORONTO_TRE92_0159
TORONTO_TRE92_STU01177,TORONTO_TRE92_0163
TORONTO_TRE92_STU01178,TORONTO_TRE92_0006
TORONTO_TRE92_STU01178,TORONTO_TRE92_0144
TORONTO_TRE92_STU01178,TORONTO_TRE92_0150
TORONTO_TRE92_STU01178,TORONTO_TRE92_0159
TORONTO_TRE92_STU01178,TORONTO_TRE92_0169
TORONTO_TRE92_STU01179,TORONTO_TRE92_0098
TORONTO_TRE92_STU01179,TORONTO_TRE92_0221
TORONTO_TRE92_STU01179,TORONTO_TRE92_0222
TORONTO_TRE92_STU01179,TORONTO_TRE92_0224
TORONTO_TRE92_STU01180,TORONTO_TRE92_0104
TORONTO_TRE92_STU01180,TORONTO_TRE92_0107
TORONTO_TRE92_STU01180,TORONTO_TRE92_0159
TORONTO_TRE92_STU01181,TORONTO_TRE92_0096
TORONTO_TRE92_STU01181,TORONTO_TRE92_0107
TORONTO_TRE92_STU01181,TORONTO_TRE92_0221
TORONTO_TRE92_STU01181,TORONTO_TRE92_0230
TORONTO_TRE92_STU01182,TORONTO_TRE92_0004
TORONTO_TRE92_STU01182,TORONTO_TRE92_0006
TORONTO_TRE92_STU01182,TORONTO_TRE92_0196
TORONTO_TRE92_STU01182,TORONTO_TRE92_0253
TORONTO_TRE92_STU01183,TORONTO_TRE92_0103
TORONTO_TRE92_STU01183,TORONTO_TRE92_0159
TORONTO_TRE92_STU01183,TORONTO_TRE92_0169
TORONTO_TRE92_STU01183,TORONTO_TRE92_0250
TORONTO_TRE92_STU01183,TORONTO_TRE92_0251
TORONTO_TRE92_STU01184,TORONTO_TRE92_0221
TORONTO_TRE92_STU01184,TORONTO_TRE92_0222
TORONTO_TRE92_STU01184,TORONTO_TRE92_0224
TORONTO_TRE92_STU01185,TORONTO_TRE92_0004
TORONTO_TRE92_STU01185,TORONTO_TRE92_0006
TORONTO_TRE92_STU01185,TORONTO_TRE92_0083
TORONTO_TRE92_STU01185,TORONTO_TRE92_0221
TORONTO_TRE92_STU01186,TORONTO_TRE92_0099
TORONTO_TRE92_STU01186,TORONTO_TRE92_0100
TORONTO_TRE92_STU01186,TORONTO_TRE92_0108
TORONTO_TRE92_STU01186,TORONTO_TRE92_0220
TORONTO_TRE92_STU01187,TORONTO_TRE92_0031
TORONTO_TRE92_STU01187,TORONTO_TRE92_0037
TORONTO_TRE92_STU01188,TORONTO_TRE92_0101
TORONTO_TRE92_STU01188,TORONTO_TRE92_0103
TORONTO_TRE92_STU01189,TORONTO_TRE92_0108
TORONTO_TRE92_STU01189,TORONTO_TRE92_0159
TORONTO_TRE92_STU01189,TORONTO_TRE92_0164
TORONTO_TRE92_STU01189,TORONTO_TRE92_0219
TORONTO_TRE92_STU01190,TORONTO_TRE92_0073
TORONTO_TRE92_STU01190,TORONTO_TRE92_0076
TORONTO_TRE92_STU01190,TORONTO_TRE92_0132
TORONTO_TRE92_STU01190,TORONTO_TRE92_0133
TORONTO_TRE92_STU01190,TORONTO_TRE92_0191
TORONTO_TRE92_STU01191,TORONTO_TRE92_0019
TORONTO_TRE92_STU01191,TORONTO_TRE92_0223
TORONTO_TRE92_STU01191,TORONTO_TRE92_0224
TORONTO_TRE92_STU01192,TORONTO_TRE92_0226
TORONTO_TRE92_STU01192,TORONTO_TRE92_0250
TORONTO_TRE92_STU01192,TORONTO_TRE92_0253
TORONTO_TRE92_STU01193,TORONTO_TRE92_0101
TORONTO_TRE92_STU01193,TORONTO_TRE92_0103
TORONTO_TRE92_STU01194,TORONTO_TRE92_0117
TORONTO_TRE92_STU01194,TORONTO_TRE92_0182
TORONTO_TRE92_STU01194,TORONTO_TRE92_0237
TORONTO_TRE92_STU01194,TORONTO_TRE92_0238
TORONTO_TRE92_STU01194,TORONTO_TRE92_0239
TORONTO_TRE92_STU01195,TORONTO_TRE92_0100
TORONTO_TRE92_STU01195,TORONTO_TRE92_0103
TORONTO_TRE92_STU01195,TORONTO_TRE92_0106
TORONTO_TRE92_STU01196,TORONTO_TRE92_0025
TORONTO_TRE92_STU01196,TORONTO_TRE92_0188
TORONTO_TRE92_STU01196,TORONTO_TRE92_0195
TORONTO_TRE92_STU01197,TORONTO_TRE92_0019
TORONTO_TRE92_STU01197,TORONTO_TRE92_0046
TORONTO_TRE92_STU01197,TORONTO_TRE92_0162
TORONTO_TRE92_STU01197,TORONTO_TRE92_0163
TORONTO_TRE92_STU01197,TORONTO_TRE92_0170
TORONTO_TRE92_STU01198,TORONTO_TRE92_0030
TORONTO_TRE92_STU01198,TORONTO_TRE92_0074
TORONTO_TRE92_STU01198,TORONTO_TRE92_0142
TORONTO_TRE92_STU01199,TORONTO_TRE92_0014
TORONTO_TRE92_STU01199,TORONTO_TRE92_0100
TORONTO_TRE92_STU01199,TORONTO_TRE92_0108
TORONTO_TRE92_STU01199,TORONTO_TRE92_0109
TORONTO_TRE92_STU01200,TORONTO_TRE92_0072
TORONTO_TRE92_STU01200,TORONTO_TRE92_0158
TORONTO_TRE92_STU01200,TORONTO_TRE92_0247
TORONTO_TRE92_STU01200,TORONTO_TRE92_0255
TORONTO_TRE92_STU01201,TORONTO_TRE92_0006
TORONTO_TRE92_STU01201,TORONTO_TRE92_0086
TORONTO_TRE92_STU01201,TORONTO_TRE92_0092
TORONTO_TRE92_STU01201,TORONTO_TRE92_0093
TORONTO_TRE92_STU01202,TORONTO_TRE92_0082
TORONTO_TRE92_STU01202,TORONTO_TRE92_0087
TORONTO_TRE92_STU01202,TORONTO_TRE92_0092
TORONTO_TRE92_STU01202,TORONTO_TRE92_0189
TORONTO_TRE92_STU01202,TORONTO_TRE92_0260
TORONTO_TRE92_STU01203,TORONTO_TRE92_0155
TORONTO_TRE92_STU01203,TORONTO_TRE92_0160
TORONTO_TRE92_STU01203,TORONTO_TRE92_0169
TORONTO_TRE92_STU01203,TORONTO_TRE92_0230
TORONTO_TRE92_STU01204,TORONTO_TRE92_0046
TORONTO_TRE92_STU01204,TORONTO_TRE92_0069
TORONTO_TRE92_STU01204,TORONTO_TRE92_0162
TORONTO_TRE92_STU01204,TORONTO_TRE92_0209
TORONTO_TRE92_STU01204,TORONTO_TRE92_0212
TORONTO_TRE92_STU01205,TORONTO_TRE92_0011
TORONTO_TRE92_STU01205,TORONTO_TRE92_0214
TORONTO_TRE92_STU01206,TORONTO_TRE92_0159
TORONTO_TRE92_STU01206,TORONTO_TRE92_0161
TORONTO_TRE92_STU01206,TORONTO_TRE92_0206
TORONTO_TRE92_STU01206,TORONTO_TRE92_0208
TORONTO_TRE92_STU01207,TORONTO_TRE92_0016
TORONTO_TRE92_STU01207,TORONTO_TRE92_0017
TORONTO_TRE92_STU01207,TORONTO_TRE92_0018
TORONTO_TRE92_STU01208,TORONTO_TRE92_0006
TORONTO_TRE92_STU01208,TORONTO_TRE92_0247
TORONTO_TRE92_STU01208,TORONTO_TRE92_0252
TORONTO_TRE92_STU01208,TORONTO_TRE92_0254
TORONTO_TRE92_STU01209,TORONTO_TRE92_0097
TORONTO_TRE92_STU01209,TORONTO_TRE92_0100
TORONTO_TRE92_STU01209,TORONTO_TRE92_0218
TORONTO_TRE92_STU01210,TORONTO_TRE92_0069
TORONTO_TRE92_STU01210,TORONTO_TRE92_0211
TORONTO_TRE92_STU01210,TORONTO_TRE92_0212
TORONTO_TRE92_STU01211,TORONTO_TRE92_0031
TORONTO_TRE92_STU01211,TORONTO_TRE92_0033
TORONTO_TRE92_STU01211,TORONTO_TRE92_0040
TORONTO_TRE92_STU01212,TORONTO_TRE92_0103
TORONTO_TRE92_STU01212,TORONTO_TRE92_0107
TORONTO_TRE92_STU01212,TORONTO_TRE92_0111
TORONTO_TRE92_STU01212,TORONTO_TRE92_0113
TORONTO_TRE92_STU01212,TORONTO_TRE92_0114
TORONTO_TRE92_STU01213,TORONTO_TRE92_0098
TORONTO_TRE92_STU01213,TORONTO_TRE92_0105
TORONTO_TRE92_STU01214,TORONTO_TRE92_0234
TORONTO_TRE92_STU01215,TORONTO_TRE92_0085
TORONTO_TRE92_STU01215,TORONTO_TRE92_0143
TORONTO_TRE92_STU01215,TORONTO_TRE92_0150
TORONTO_TRE92_STU01215,TORONTO_TRE92_0151
TORONTO_TRE92_STU01216,TORONTO_TRE92_0092
TORONTO_TRE92_STU01217,TORONTO_TRE92_0104
TORONTO_TRE92_STU01217,TORONTO_TRE92_0108
TORONTO_TRE92_STU01217,TORONTO_TRE92_0222
TORONTO_TRE92_STU01217,TORONTO_TRE92_0224
TORONTO_TRE92_STU01217,TORONTO_TRE92_0230
TORONTO_TRE92_STU01218,TORONTO_TRE92_0019
TORONTO_TRE92_STU01218,TORONTO_TRE92_0046
TORONTO_TRE92_STU01218,TORONTO_TRE92_0250
TORONTO_TRE92_STU01218,TORONTO_TRE92_0251
TORONTO_TRE92_STU01218,TORONTO_TRE92_0253
TORONTO_TRE92_STU01219,TORONTO_TRE92_0082
TORONTO_TRE92_STU01219,TORONTO_TRE92_0086
TORONTO_TRE92_STU01219,TORONTO_TRE92_0087
TORONTO_TRE92_STU01219,TORONTO_TRE92_0092
TORONTO_TRE92_STU01219,TORONTO_TRE92_0093
TORONTO_TRE92_STU01219,TORONTO_TRE92_0229
TORONTO_TRE92_STU01220,TORONTO_TRE92_0032
TORONTO_TRE92_STU01220,TORONTO_TRE92_0033
TORONTO_TRE92_STU01220,TORONTO_TRE92_0035
TORONTO_TRE92_STU01220,TORONTO_TRE92_0036
TORONTO_TRE92_STU01220,TORONTO_TRE92_0063
TORONTO_TRE92_STU01221,TORONTO_TRE92_0231
TORONTO_TRE92_STU01222,TORONTO_TRE92_0079
TORONTO_TRE92_STU01222,TORONTO_TRE92_0109
TORONTO_TRE92_STU01223,TORONTO_TRE92_0183
TORONTO_TRE92_STU01223,TORONTO_TRE92_0236
TORONTO_TRE92_STU01224,TORONTO_TRE92_0101
TORONTO_TRE92_STU01224,TORONTO_TRE92_0103
TORONTO_TRE92_STU01224,TORONTO_TRE92_0108
TORONTO_TRE92_STU01224,TORONTO_TRE92_0144
TORONTO_TRE92_STU01224,TORONTO_TRE92_0253
TORONTO_TRE92_STU01225,TORONTO_TRE92_0229
TORONTO_TRE92_STU01225,TORONTO_TRE92_0230
TORONTO_TRE92_STU01225,TORONTO_TRE92_0250
TORONTO_TRE92_STU01225,TORONTO_TRE92_0254
TORONTO_TRE92_STU01226,TORONTO_TRE92_0015
TORONTO_TRE92_STU01226,TORONTO_TRE92_0224
TORONTO_TRE92_STU01226,TORONTO_TRE92_0226
TORONTO_TRE92_STU01226,TORONTO_TRE92_0227
TORONTO_TRE92_STU01226,TORONTO_TRE92_0232
TORONTO_TRE92_STU01227,TORONTO_TRE92_0163
TORONTO_TRE92_STU01227,TORONTO_TRE92_0164
TORONTO_TRE92_STU01228,TORONTO_TRE92_0004
TORONTO_TRE92_STU01228,TORONTO_TRE92_0005
TORONTO_TRE92_STU01228,TORONTO_TRE92_0087
TORONTO_TRE92_STU01229,TORONTO_TRE92_0105
TORONTO_TRE92_STU01230,TORONTO_TRE92_0126
TORONTO_TRE92_STU01230,TORONTO_TRE92_0128
TORONTO_TRE92_STU01230,TORONTO_TRE92_0226
TORONTO_TRE92_STU01230,TORONTO_TRE92_0253
TORONTO_TRE92_STU01230,TORONTO_TRE92_0256
TORONTO_TRE92_STU01231,TORONTO_TRE92_0076
TORONTO_TRE92_STU01231,TORONTO_TRE92_0216
TORONTO_TRE92_STU01231,TORONTO_TRE92_0231
TORONTO_TRE92_STU01232,TORONTO_TRE92_0097
TORONTO_TRE92_STU01232,TORONTO_TRE92_0099
TORONTO_TRE92_STU01232,TORONTO_TRE92_0108
TORONTO_TRE92_STU01232,TORONTO_TRE92_0109
TORONTO_TRE92_STU01233,TORONTO_TRE92_0224
TORONTO_TRE92_STU01233,TORONTO_TRE92_0226
TORONTO_TRE92_STU01233,TORONTO_TRE92_0227
TORONTO_TRE92_STU01233,TORONTO_TRE92_0229
TORONTO_TRE92_STU01233,TORONTO_TRE92_0231
TORONTO_TRE92_STU01234,TORONTO_TRE92_0154
TORONTO_TRE92_STU01234,TORONTO_TRE92_0195
TORONTO_TRE92_STU01235,TORONTO_TRE92_0031
TORONTO_TRE92_STU01235,TORONTO_TRE92_0117
TORONTO_TRE92_STU01235,TORONTO_TRE92_0118
TORONTO_TRE92_STU01236,TORONTO_TRE92_0156
TORONTO_TRE92_STU01236,TORONTO_TRE92_0222
TORONTO_TRE92_STU01236,TORONTO_TRE92_0224
TORONTO_TRE92_STU01236,TORONTO_TRE92_0226
TORONTO_TRE92_STU01236,TORONTO_TRE92_0229
TORONTO_TRE92_STU01237,TORONTO_TRE92_0068
TORONTO_TRE92_STU01237,TORONTO_TRE92_0105
TORONTO_TRE92_STU01237,TORONTO_TRE92_0170
TORONTO_TRE92_STU01238,TORONTO_TRE92_0101
TORONTO_TRE92_STU01238,TORONTO_TRE92_0216
TORONTO_TRE92_STU01238,TORONTO_TRE92_0226
TORONTO_TRE92_STU01238,TORONTO_TRE92_0231
TORONTO_TRE92_STU01239,TORONTO_TRE92_0011
TORONTO_TRE92_STU01239,TORONTO_TRE92_0163
TORONTO_TRE92_STU01239,TORONTO_TRE92_0253
TORONTO_TRE92_STU01240,TORONTO_TRE92_0043
TORONTO_TRE92_STU01240,TORONTO_TRE92_0103
TORONTO_TRE92_STU01240,TORONTO_TRE92_0195
TORONTO_TRE92_STU01241,TORONTO_TRE92_0011
TORONTO_TRE92_STU01241,TORONTO_TRE92_0104
TORONTO_TRE92_STU01241,TORONTO_TRE92_0220
TORONTO_TRE92_STU01242,TORONTO_TRE92_0103
TORONTO_TRE92_STU01242,TORONTO_TRE92_0108
TORONTO_TRE92_STU01242,TORONTO_TRE92_0246
TORONTO_TRE92_STU01243,TORONTO_TRE92_0103
TORONTO_TRE92_STU01243,TORONTO_TRE92_0195
TORONTO_TRE92_STU01243,TORONTO_TRE92_0196
TORONTO_TRE92_STU01244,TORONTO_TRE92_0126
TORONTO_TRE92_STU01244,TORONTO_TRE92_0128
TORONTO_TRE92_STU01244,TORONTO_TRE92_0230
TORONTO_TRE92_STU01245,TORONTO_TRE92_0096
TORONTO_TRE92_STU01245,TORONTO_TRE92_0098
TORONTO_TRE92_STU01245,TORONTO_TRE92_0103
TORONTO_TRE92_STU01245,TORONTO_TRE92_0246
TORONTO_TRE92_STU01246,TORONTO_TRE92_0054
TORONTO_TRE92_STU01246,TORONTO_TRE92_0182
TORONTO_TRE92_STU01246,TORONTO_TRE92_0183
TORONTO_TRE92_STU01246,TORONTO_TRE92_0226
TORONTO_TRE92_STU01246,TORONTO_TRE92_0230
TORONTO_TRE92_STU01247,TORONTO_TRE92_0182
TORONTO_TRE92_STU01247,TORONTO_TRE92_0183
TORONTO_TRE92_STU01247,TORONTO_TRE92_0220
TORONTO_TRE92_STU01248,TORONTO_TRE92_0107
TORONTO_TRE92_STU01248,TORONTO_TRE92_0160
TORONTO_TRE92_STU01248,TORONTO_TRE92_0163
TORONTO_TRE92_STU01249,TORONTO_TRE92_0158
TORONTO_TRE92_STU01250,TORONTO_TRE92_0054
TORONTO_TRE92_STU01250,TORONTO_TRE92_0057
TORONTO_TRE92_STU01250,TORONTO_TRE92_0064
TORONTO_TRE92_STU01250,TORONTO_TRE92_0110
TORONTO_TRE92_STU01250,TORONTO_TRE92_0118
TORONTO_TRE92_STU01251,TORONTO_TRE92_0160
TORONTO_TRE92_STU01251,TORONTO_TRE92_0163
TORONTO_TRE92_STU01251,TORONTO_TRE92_0164
TORONTO_TRE92_STU01251,TORONTO_TRE92_0221
TORONTO_TRE92_STU01252,TORONTO_TRE92_0046
TORONTO_TRE92_STU01252,TORONTO_TRE92_0047
TORONTO_TRE92_STU01252,TORONTO_TRE92_0101
TORONTO_TRE92_STU01252,TORONTO_TRE92_0108
TORONTO_TRE92_STU01253,TORONTO_TRE92_0105
TORONTO_TRE92_STU01253,TORONTO_TRE92_0107
TORONTO_TRE92_STU01253,TORONTO_TRE92_0171
TORONTO_TRE92_STU01254,TORONTO_TRE92_0065
TORONTO_TRE92_STU01254,TORONTO_TRE92_0220
TORONTO_TRE92_STU01255,TORONTO_TRE92_0171
TORONTO_TRE92_STU01255,TORONTO_TRE92_0191
TORONTO_TRE92_STU01256,TORONTO_TRE92_0049
TORONTO_TRE92_STU01257,TORONTO_TRE92_0147
TORONTO_TRE92_STU01257,TORONTO_TRE92_0159
TORONTO_TRE92_STU01257,TORONTO_TRE92_0212
TORONTO_TRE92_STU01258,TORONTO_TRE92_0028
TORONTO_TRE92_STU01258,TORONTO_TRE92_0029
TORONTO_TRE92_STU01258,TORONTO_TRE92_0030
TORONTO_TRE92_STU01258,TORONTO_TRE92_0033
TORONTO_TRE92_STU01258,TORONTO_TRE92_0038
TORONTO_TRE92_STU01259,TORONTO_TRE92_0154
TORONTO_TRE92_STU01260,TORONTO_TRE92_0099
TORONTO_TRE92_STU01260,TORONTO_TRE92_0103
TORONTO_TRE92_STU01261,TORONTO_TRE92_0031
TORONTO_TRE92_STU01261,TORONTO_TRE92_0033
TORONTO_TRE92_STU01261,TORONTO_TRE92_0035
TORONTO_TRE92_STU01262,TORONTO_TRE92_0100
TORONTO_TRE92_STU01262,TORONTO_TRE92_0222
TORONTO_TRE92_STU01262,TORONTO_TRE92_0224
TORONTO_TRE92_STU01262,TORONTO_TRE92_0226
TORONTO_TRE92_STU01263,TORONTO_TRE92_0082
TORONTO_TRE92_STU01263,TORONTO_TRE92_0086
TORONTO_TRE92_STU01263,TORONTO_TRE92_0087
TORONTO_TRE92_STU01263,TORONTO_TRE92_0092
TORONTO_TRE92_STU01263,TORONTO_TRE92_0093
TORONTO_TRE92_STU01264,TORONTO_TRE92_0051
TORONTO_TRE92_STU01264,TORONTO_TRE92_0164
TORONTO_TRE92_STU01264,TORONTO_TRE92_0255
TORONTO_TRE92_STU01265,TORONTO_TRE92_0124
TORONTO_TRE92_STU01265,TORONTO_TRE92_0127
TORONTO_TRE92_STU01265,TORONTO_TRE92_0206
TORONTO_TRE92_STU01265,TORONTO_TRE92_0212
TORONTO_TRE92_STU01266,TORONTO_TRE92_0158
TORONTO_TRE92_STU01266,TORONTO_TRE92_0159
TORONTO_TRE92_STU01266,TORONTO_TRE92_0161
TORONTO_TRE92_STU01267,TORONTO_TRE92_0015
TORONTO_TRE92_STU01267,TORONTO_TRE92_0017
TORONTO_TRE92_STU01267,TORONTO_TRE92_0163
TORONTO_TRE92_STU01268,TORONTO_TRE92_0011
TORONTO_TRE92_STU01268,TORONTO_TRE92_0228
TORONTO_TRE92_STU01268,TORONTO_TRE92_0250
TORONTO_TRE92_STU01268,TORONTO_TRE92_0254
TORONTO_TRE92_STU01269,TORONTO_TRE92_0014
TORONTO_TRE92_STU01269,TORONTO_TRE92_0123
TORONTO_TRE92_STU01269,TORONTO_TRE92_0177
TORONTO_TRE92_STU01269,TORONTO_TRE92_0183
TORONTO_TRE92_STU01270,TORONTO_TRE92_0069
TORONTO_TRE92_STU01270,TORONTO_TRE92_0164
TORONTO_TRE92_STU01270,TORONTO_TRE92_0171
TORONTO_TRE92_STU01270,TORONTO_TRE92_0206
TORONTO_TRE92_STU01270,TORONTO_TRE92_0207
TORONTO_TRE92_STU01271,TORONTO_TRE92_0158
TORONTO_TRE92_STU01271,TORONTO_TRE92_0160
TORONTO_TRE92_STU01271,TORONTO_TRE92_0220
TORONTO_TRE92_STU01271,TORONTO_TRE92_0255
TORONTO_TRE92_STU01272,TORONTO_TRE92_0083
TORONTO_TRE92_STU01272,TORONTO_TRE92_0156
TORONTO_TRE92_STU01272,TORONTO_TRE92_0201
TORONTO_TRE92_STU01272,TORONTO_TRE92_0202
TORONTO_TRE92_STU01272,TORONTO_TRE92_0205
TORONTO_TRE92_STU01273,TORONTO_TRE92_0221
TORONTO_TRE92_STU01273,TORONTO_TRE92_0222
TORONTO_TRE92_STU01273,TORONTO_TRE92_0225
TORONTO_TRE92_STU01274,TORONTO_TRE92_0003
TORONTO_TRE92_STU01274,TORONTO_TRE92_0083
TORONTO_TRE92_STU01274,TORONTO_TRE92_0092
TORONTO_TRE92_STU01274,TORONTO_TRE92_0203
TORONTO_TRE92_STU01274,TORONTO_TRE92_0256
TORONTO_TRE92_STU01275,TORONTO_TRE92_0194
TORONTO_TRE92_STU01275,TORONTO_TRE92_0199
TORONTO_TRE92_STU01276,TORONTO_TRE92_0158
TORONTO_TRE92_STU01276,TORONTO_TRE92_0163
TORONTO_TRE92_STU01276,TORONTO_TRE92_0205
TORONTO_TRE92_STU01276,TORONTO_TRE92_0212
TORONTO_TRE92_STU01277,TORONTO_TRE92_0162
TORONTO_TRE92_STU01277,TORONTO_TRE92_0165
TORONTO_TRE92_STU01277,TORONTO_TRE92_0194
TORONTO_TRE92_STU01277,TORONTO_TRE92_0196
TORONTO_TRE92_STU01278,TORONTO_TRE92_0066
TORONTO_TRE92_STU01278,TORONTO_TRE92_0102
TORONTO_TRE92_STU01278,TORONTO_TRE92_0104
TORONTO_TRE92_STU01278,TORONTO_TRE92_0109
TORONTO_TRE92_STU01279,TORONTO_TRE92_0102
TORONTO_TRE92_STU01279,TORONTO_TRE92_0156
TORONTO_TRE92_STU01279,TORONTO_TRE92_0165
TORONTO_TRE92_STU01280,TORONTO_TRE92_0108
TORONTO_TRE92_STU01280,TORONTO_TRE92_0143
TORONTO_TRE92_STU01280,TORONTO_TRE92_0147
TORONTO_TRE92_STU01280,TORONTO_TRE92_0226
TORONTO_TRE92_STU01281,TORONTO_TRE92_0248
TORONTO_TRE92_STU01281,TORONTO_TRE92_0250
TORONTO_TRE92_STU01281,TORONTO_TRE92_0251
TORONTO_TRE92_STU01281,TORONTO_TRE92_0252
TORONTO_TRE92_STU01282,TORONTO_TRE92_0247
TORONTO_TRE92_STU01282,TORONTO_TRE92_0248
TORONTO_TRE92_STU01282,TORONTO_TRE92_0251
TORONTO_TRE92_STU01283,TORONTO_TRE92_0042
TORONTO_TRE92_STU01283,TORONTO_TRE92_0161
TORONTO_TRE92_STU01283,TORONTO_TRE92_0204
TORONTO_TRE92_STU01284,TORONTO_TRE92_0006
TORONTO_TRE92_STU01284,TORONTO_TRE92_0087
TORONTO_TRE92_STU01284,TORONTO_TRE92_0088
TORONTO_TRE92_STU01285,TORONTO_TRE92_0114
TORONTO_TRE92_STU01286,TORONTO_TRE92_0221
TORONTO_TRE92_STU01286,TORONTO_TRE92_0226
TORONTO_TRE92_STU01286,TORONTO_TRE92_0227
TORONTO_TRE92_STU01286,TORONTO_TRE92_0251
TORONTO_TRE92_STU01286,TORONTO_TRE92_0253
TORONTO_TRE92_STU01287,TORONTO_TRE92_0012
TORONTO_TRE92_STU01287,TORONTO_TRE92_0041
TORONTO_TRE92_STU01287,TORONTO_TRE92_0094
TORONTO_TRE92_STU01287,TORONTO_TRE92_0215
TORONTO_TRE92_STU01288,TORONTO_TRE92_0066
TORONTO_TRE92_STU01288,TORONTO_TRE92_0158
TORONTO_TRE92_STU01288,TORONTO_TRE92_0160
TORONTO_TRE92_STU01288,TORONTO_TRE92_0161
TORONTO_TRE92_STU01289,TORONTO_TRE92_0043
TORONTO_TRE92_STU01289,TORONTO_TRE92_0096
TORONTO_TRE92_STU01289,TORONTO_TRE92_0125
TORONTO_TRE92_STU01289,TORONTO_TRE92_0126
TORONTO_TRE92_STU01290,TORONTO_TRE92_0104
TORONTO_TRE92_STU01290,TORONTO_TRE92_0108
TORONTO_TRE92_STU01290,TORONTO_TRE92_0109
TORONTO_TRE92_STU01290,TORONTO_TRE92_0144
TORONTO_TRE92_STU01290,TORONTO_TRE92_0221
TORONTO_TRE92_STU01291,TORONTO_TRE92_0159
TORONTO_TRE92_STU01291,TORONTO_TRE92_0160
TORONTO_TRE92_STU01291,TORONTO_TRE92_0164
TORONTO_TRE92_STU01291,TORONTO_TRE92_0260
TORONTO_TRE92_STU01292,TORONTO_TRE92_0165
TORONTO_TRE92_STU01292,TORONTO_TRE92_0194
TORONTO_TRE92_STU01293,TORONTO_TRE92_0077
TORONTO_TRE92_STU01293,TORONTO_TRE92_0078
TORONTO_TRE92_STU01293,TORONTO_TRE92_0210
TORONTO_TRE92_STU01294,TORONTO_TRE92_0042
TORONTO_TRE92_STU01294,TORONTO_TRE92_0069
TORONTO_TRE92_STU01294,TORONTO_TRE92_0109
TORONTO_TRE92_STU01294,TORONTO_TRE92_0210
TORONTO_TRE92_STU01295,TORONTO_TRE92_0042
TORONTO_TRE92_STU01295,TORONTO_TRE92_0104
TORONTO_TRE92_STU01295,TORONTO_TRE92_0106
TORONTO_TRE92_STU01295,TORONTO_TRE92_0109
TORONTO_TRE92_STU01296,TORONTO_TRE92_0048
TORONTO_TRE92_STU01296,TORONTO_TRE92_0066
TORONTO_TRE92_STU01296,TORONTO_TRE92_0067
TORONTO_TRE92_STU01296,TORONTO_TRE92_0157
TORONTO_TRE92_STU01296,TORONTO_TRE92_0168
TORONTO_TRE92_STU01297,TORONTO_TRE92_0159
TORONTO_TRE92_STU01297,TORONTO_TRE92_0212
TORONTO_TRE92_STU01298,TORONTO_TRE92_0013
TORONTO_TRE92_STU01298,TORONTO_TRE92_0015
TORONTO_TRE92_STU01298,TORONTO_TRE92_0019
TORONTO_TRE92_STU01298,TORONTO_TRE92_0107
TORONTO_TRE92_STU01299,TORONTO_TRE92_0011
TORONTO_TRE92_STU01299,TORONTO_TRE92_0220
TORONTO_TRE92_STU01299,TORONTO_TRE92_0246
TORONTO_TRE92_STU01300,TORONTO_TRE92_0108
TORONTO_TRE92_STU01300,TORONTO_TRE92_0160
TORONTO_TRE92_STU01300,TORONTO_TRE92_0161
TORONTO_TRE92_STU01300,TORONTO_TRE92_0162
TORONTO_TRE92_STU01301,TORONTO_TRE92_0147
TORONTO_TRE92_STU01301,TORONTO_TRE92_0151
TORONTO_TRE92_STU01301,TORONTO_TRE92_0214
TORONTO_TRE92_STU01302,TORONTO_TRE92_0019
TORONTO_TRE92_STU01302,TORONTO_TRE92_0226
TORONTO_TRE92_STU01303,TORONTO_TRE92_0086
TORONTO_TRE92_STU01303,TORONTO_TRE92_0088
TORONTO_TRE92_STU01303,TORONTO_TRE92_0090
TORONTO_TRE92_STU01303,TORONTO_TRE92_0092
TORONTO_TRE92_STU01303,TORONTO_TRE92_0093
TORONTO_TRE92_STU01304,TORONTO_TRE92_0014
TORONTO_TRE92_STU01304,TORONTO_TRE92_0017
TORONTO_TRE92_STU01304,TORONTO_TRE92_0072
TORONTO_TRE92_STU01305,TORONTO_TRE92_0159
TORONTO_TRE92_STU01305,TORONTO_TRE92_0162
TORONTO_TRE92_STU01305,TORONTO_TRE92_0223
TORONTO_TRE92_STU01305,TORONTO_TRE92_0224
TORONTO_TRE92_STU01305,TORONTO_TRE92_0230
TORONTO_TRE92_STU01306,TORONTO_TRE92_0069
TORONTO_TRE92_STU01306,TORONTO_TRE92_0188
TORONTO_TRE92_STU01306,TORONTO_TRE92_0191
TORONTO_TRE92_STU01307,TORONTO_TRE92_0027
TORONTO_TRE92_STU01307,TORONTO_TRE92_0139
TORONTO_TRE92_STU01307,TORONTO_TRE92_0214
TORONTO_TRE92_STU01308,TORONTO_TRE92_0160
TORONTO_TRE92_STU01308,TORONTO_TRE92_0163
TORONTO_TRE92_STU01308,TORONTO_TRE92_0194
TORONTO_TRE92_STU01308,TORONTO_TRE92_0197
TORONTO_TRE92_STU01309,TORONTO_TRE92_0159
TORONTO_TRE92_STU01309,TORONTO_TRE92_0160
TORONTO_TRE92_STU01309,TORONTO_TRE92_0207
TORONTO_TRE92_STU01309,TORONTO_TRE92_0211
TORONTO_TRE92_STU01309,TORONTO_TRE92_0212
TORONTO_TRE92_STU01310,TORONTO_TRE92_0108
TORONTO_TRE92_STU01310,TORONTO_TRE92_0171
TORONTO_TRE92_STU01311,TORONTO_TRE92_0100
TORONTO_TRE92_STU01311,TORONTO_TRE92_0103
TORONTO_TRE92_STU01311,TORONTO_TRE92_0171
TORONTO_TRE92_STU01312,TORONTO_TRE92_0086
TORONTO_TRE92_STU01312,TORONTO_TRE92_0204
TORONTO_TRE92_STU01312,TORONTO_TRE92_0206
TORONTO_TRE92_STU01312,TORONTO_TRE92_0208
TORONTO_TRE92_STU01313,TORONTO_TRE92_0100
TORONTO_TRE92_STU01313,TORONTO_TRE92_0103
TORONTO_TRE92_STU01313,TORONTO_TRE92_0125
TORONTO_TRE92_STU01313,TORONTO_TRE92_0128
TORONTO_TRE92_STU01313,TORONTO_TRE92_0215
TORONTO_TRE92_STU01314,TORONTO_TRE92_0162
TORONTO_TRE92_STU01314,TORONTO_TRE92_0163
TORONTO_TRE92_STU01314,TORONTO_TRE92_0194
TORONTO_TRE92_STU01315,TORONTO_TRE92_0164
TORONTO_TRE92_STU01315,TORONTO_TRE92_0170
TORONTO_TRE92_STU01315,TORONTO_TRE92_0190
TORONTO_TRE92_STU01315,TORONTO_TRE92_0191
TORONTO_TRE92_STU01316,TORONTO_TRE92_0046
TORONTO_TRE92_STU01316,TORONTO_TRE92_0108
TORONTO_TRE92_STU01316,TORONTO_TRE92_0109
TORONTO_TRE92_STU01316,TORONTO_TRE92_0133
TORONTO_TRE92_STU01316,TORONTO_TRE92_0162
TORONTO_TRE92_STU01317,TORONTO_TRE92_0101
TORONTO_TRE92_STU01318,TORONTO_TRE92_0098
TORONTO_TRE92_STU01318,TORONTO_TRE92_0103
TORONTO_TRE92_STU01318,TORONTO_TRE92_0176
TORONTO_TRE92_STU01319,TORONTO_TRE92_0098
TORONTO_TRE92_STU01319,TORONTO_TRE92_0154
TORONTO_TRE92_STU01320,TORONTO_TRE92_0072
TORONTO_TRE92_STU01320,TORONTO_TRE92_0103
TORONTO_TRE92_STU01320,TORONTO_TRE92_0158
TORONTO_TRE92_STU01320,TORONTO_TRE92_0159
TORONTO_TRE92_STU01321,TORONTO_TRE92_0104
TORONTO_TRE92_STU01321,TORONTO_TRE92_0109
TORONTO_TRE92_STU01321,TORONTO_TRE92_0159
TORONTO_TRE92_STU01322,TORONTO_TRE92_0015
TORONTO_TRE92_STU01322,TORONTO_TRE92_0023
TORONTO_TRE92_STU01322,TORONTO_TRE92_0109
TORONTO_TRE92_STU01322,TORONTO_TRE92_0159
TORONTO_TRE92_STU01323,TORONTO_TRE92_0031
TORONTO_TRE92_STU01323,TORONTO_TRE92_0038
TORONTO_TRE92_STU01323,TORONTO_TRE92_0118
TORONTO_TRE92_STU01324,TORONTO_TRE92_0042
TORONTO_TRE92_STU01324,TORONTO_TRE92_0111
TORONTO_TRE92_STU01324,TORONTO_TRE92_0114
TORONTO_TRE92_STU01324,TORONTO_TRE92_0150
TORONTO_TRE92_STU01324,TORONTO_TRE92_0212
TORONTO_TRE92_STU01325,TORONTO_TRE92_0031
TORONTO_TRE92_STU01325,TORONTO_TRE92_0045
TORONTO_TRE92_STU01325,TORONTO_TRE92_0110
TORONTO_TRE92_STU01326,TORONTO_TRE92_0019
TORONTO_TRE92_STU01326,TORONTO_TRE92_0104
TORONTO_TRE92_STU01326,TORONTO_TRE92_0107
TORONTO_TRE92_STU01326,TORONTO_TRE92_0109
TORONTO_TRE92_STU01326,TORONTO_TRE92_0256
TORONTO_TRE92_STU01327,TORONTO_TRE92_0099
TORONTO_TRE92_STU01327,TORONTO_TRE92_0103
TORONTO_TRE92_STU01327,TORONTO_TRE92_0109
TORONTO_TRE92_STU01327,TORONTO_TRE92_0153
TORONTO_TRE92_STU01328,TORONTO_TRE92_0079
TORONTO_TRE92_STU01328,TORONTO_TRE92_0099
TORONTO_TRE92_STU01329,TORONTO_TRE92_0104
TORONTO_TRE92_STU01329,TORONTO_TRE92_0108
TORONTO_TRE92_STU01329,TORONTO_TRE92_0167
TORONTO_TRE92_STU01330,TORONTO_TRE92_0124
TORONTO_TRE92_STU01330,TORONTO_TRE92_0126
TORONTO_TRE92_STU01330,TORONTO_TRE92_0127
TORONTO_TRE92_STU01330,TORONTO_TRE92_0220
TORONTO_TRE92_STU01331,TORONTO_TRE92_0098
TORONTO_TRE92_STU01331,TORONTO_TRE92_0101
TORONTO_TRE92_STU01331,TORONTO_TRE92_0155
TORONTO_TRE92_STU01332,TORONTO_TRE92_0031
TORONTO_TRE92_STU01332,TORONTO_TRE92_0037
TORONTO_TRE92_STU01332,TORONTO_TRE92_0039
TORONTO_TRE92_STU01333,TORONTO_TRE92_0162
TORONTO_TRE92_STU01333,TORONTO_TRE92_0163
TORONTO_TRE92_STU01333,TORONTO_TRE92_0212
TORONTO_TRE92_STU01333,TORONTO_TRE92_0213
TORONTO_TRE92_STU01334,TORONTO_TRE92_0220
TORONTO_TRE92_STU01334,TORONTO_TRE92_0260
TORONTO_TRE92_STU01335,TORONTO_TRE92_0111
TORONTO_TRE92_STU01335,TORONTO_TRE92_0114
TORONTO_TRE92_STU01335,TORONTO_TRE92_0256
TORONTO_TRE92_STU01336,TORONTO_TRE92_0069
TORONTO_TRE92_STU01336,TORONTO_TRE92_0159
TORONTO_TRE92_STU01336,TORONTO_TRE92_0162
TORONTO_TRE92_STU01336,TORONTO_TRE92_0205
TORONTO_TRE92_STU01336,TORONTO_TRE92_0208
TORONTO_TRE92_STU01337,TORONTO_TRE92_0046
TORONTO_TRE92_STU01337,TORONTO_TRE92_0106
TORONTO_TRE92_STU01337,TORONTO_TRE92_0108
TORONTO_TRE92_STU01337,TORONTO_TRE92_0194
TORONTO_TRE92_STU01338,TORONTO_TRE92_0051
TORONTO_TRE92_STU01338,TORONTO_TRE92_0086
TORONTO_TRE92_STU01338,TORONTO_TRE92_0088
TORONTO_TRE92_STU01338,TORONTO_TRE92_0093
TORONTO_TRE92_STU01339,TORONTO_TRE92_0220
TORONTO_TRE92_STU01339,TORONTO_TRE92_0254
TORONTO_TRE92_STU01340,TORONTO_TRE92_0182
TORONTO_TRE92_STU01340,TORONTO_TRE92_0183
TORONTO_TRE92_STU01340,TORONTO_TRE92_0218
TORONTO_TRE92_STU01341,TORONTO_TRE92_0019
TORONTO_TRE92_STU01341,TORONTO_TRE92_0041
TORONTO_TRE92_STU01342,TORONTO_TRE92_0046
TORONTO_TRE92_STU01342,TORONTO_TRE92_0206
TORONTO_TRE92_STU01342,TORONTO_TRE92_0208
TORONTO_TRE92_STU01342,TORONTO_TRE92_0209
TORONTO_TRE92_STU01342,TORONTO_TRE92_0218
TORONTO_TRE92_STU01343,TORONTO_TRE92_0027
TORONTO_TRE92_STU01343,TORONTO_TRE92_0221
TORONTO_TRE92_STU01343,TORONTO_TRE92_0222
TORONTO_TRE92_STU01343,TORONTO_TRE92_0230
TORONTO_TRE92_STU01344,TORONTO_TRE92_0049
TORONTO_TRE92_STU01344,TORONTO_TRE92_0098
TORONTO_TRE92_STU01344,TORONTO_TRE92_0109
TORONTO_TRE92_STU01344,TORONTO_TRE92_0221
TORONTO_TRE92_STU01345,TORONTO_TRE92_0065
TORONTO_TRE92_STU01345,TORONTO_TRE92_0066
TORONTO_TRE92_STU01346,TORONTO_TRE92_0143
TORONTO_TRE92_STU01346,TORONTO_TRE92_0148
TORONTO_TRE92_STU01346,TORONTO_TRE92_0151
TORONTO_TRE92_STU01347,TORONTO_TRE92_0114
TORONTO_TRE92_STU01347,TORONTO_TRE92_0206
TORONTO_TRE92_STU01347,TORONTO_TRE92_0208
TORONTO_TRE92_STU01348,TORONTO_TRE92_0156
TORONTO_TRE92_STU01348,TORONTO_TRE92_0202
TORONTO_TRE92_STU01348,TORONTO_TRE92_0203
TORONTO_TRE92_STU01348,TORONTO_TRE92_0204
TORONTO_TRE92_STU01349,TORONTO_TRE92_0046
TORONTO_TRE92_STU01349,TORONTO_TRE92_0158
TORONTO_TRE92_STU01349,TORONTO_TRE92_0160
TORONTO_TRE92_STU01349,TORONTO_TRE92_0168
TORONTO_TRE92_STU01350,TORONTO_TRE92_0096
TORONTO_TRE92_STU01350,TORONTO_TRE92_0221
TORONTO_TRE92_STU01350,TORONTO_TRE92_0224
TORONTO_TRE92_STU01350,TORONTO_TRE92_0227
TORONTO_TRE92_STU01350,TORONTO_TRE92_0230
TORONTO_TRE92_STU01351,TORONTO_TRE92_0111
TORONTO_TRE92_STU01351,TORONTO_TRE92_0114
TORONTO_TRE92_STU01352,TORONTO_TRE92_0019
TORONTO_TRE92_STU01352,TORONTO_TRE92_0103
TORONTO_TRE92_STU01352,TORONTO_TRE92_0204
TORONTO_TRE92_STU01352,TORONTO_TRE92_0210
TORONTO_TRE92_STU01353,TORONTO_TRE92_0043
TORONTO_TRE92_STU01353,TORONTO_TRE92_0098
TORONTO_TRE92_STU01353,TORONTO_TRE92_0103
TORONTO_TRE92_STU01353,TORONTO_TRE92_0108
TORONTO_TRE92_STU01353,TORONTO_TRE92_0109
TORONTO_TRE92_STU01354,TORONTO_TRE92_0099
TORONTO_TRE92_STU01355,TORONTO_TRE92_0098
TORONTO_TRE92_STU01355,TORONTO_TRE92_0226
TORONTO_TRE92_STU01355,TORONTO_TRE92_0251
TORONTO_TRE92_STU01356,TORONTO_TRE92_0108
TORONTO_TRE92_STU01356,TORONTO_TRE92_0223
TORONTO_TRE92_STU01356,TORONTO_TRE92_0224
TORONTO_TRE92_STU01356,TORONTO_TRE92_0230
TORONTO_TRE92_STU01357,TORONTO_TRE92_0143
TORONTO_TRE92_STU01357,TORONTO_TRE92_0144
TORONTO_TRE92_STU01357,TORONTO_TRE92_0151
TORONTO_TRE92_STU01357,TORONTO_TRE92_0219
TORONTO_TRE92_STU01357,TORONTO_TRE92_0253
TORONTO_TRE92_STU01358,TORONTO_TRE92_0109
TORONTO_TRE92_STU01358,TORONTO_TRE92_0158
TORONTO_TRE92_STU01358,TORONTO_TRE92_0159
TORONTO_TRE92_STU01358,TORONTO_TRE92_0162
TORONTO_TRE92_STU01359,TORONTO_TRE92_0039
TORONTO_TRE92_STU01359,TORONTO_TRE92_0151
TORONTO_TRE92_STU01360,TORONTO_TRE92_0012
TORONTO_TRE92_STU01360,TORONTO_TRE92_0019
TORONTO_TRE92_STU01360,TORONTO_TRE92_0050
TORONTO_TRE92_STU01361,TORONTO_TRE92_0221
TORONTO_TRE92_STU01361,TORONTO_TRE92_0222
TORONTO_TRE92_STU01361,TORONTO_TRE92_0223
TORONTO_TRE92_STU01361,TORONTO_TRE92_0224
TORONTO_TRE92_STU01361,TORONTO_TRE92_0226
TORONTO_TRE92_STU01362,TORONTO_TRE92_0004
TORONTO_TRE92_STU01362,TORONTO_TRE92_0006
TORONTO_TRE92_STU01362,TORONTO_TRE92_0084
TORONTO_TRE92_STU01362,TORONTO_TRE92_0092
TORONTO_TRE92_STU01363,TORONTO_TRE92_0071
TORONTO_TRE92_STU01363,TORONTO_TRE92_0108
TORONTO_TRE92_STU01364,TORONTO_TRE92_0154
TORONTO_TRE92_STU01364,TORONTO_TRE92_0250
TORONTO_TRE92_STU01365,TORONTO_TRE92_0103
TORONTO_TRE92_STU01365,TORONTO_TRE92_0104
TORONTO_TRE92_STU01365,TORONTO_TRE92_0144
TORONTO_TRE92_STU01365,TORONTO_TRE92_0226
TORONTO_TRE92_STU01366,TORONTO_TRE92_0103
TORONTO_TRE92_STU01366,TORONTO_TRE92_0104
TORONTO_TRE92_STU01366,TORONTO_TRE92_0144
TORONTO_TRE92_STU01366,TORONTO_TRE92_0220
TORONTO_TRE92_STU01367,TORONTO_TRE92_0042
TORONTO_TRE92_STU01367,TORONTO_TRE92_0046
TORONTO_TRE92_STU01367,TORONTO_TRE92_0080
TORONTO_TRE92_STU01367,TORONTO_TRE92_0112
TORONTO_TRE92_STU01367,TORONTO_TRE92_0113
TORONTO_TRE92_STU01368,TORONTO_TRE92_0221
TORONTO_TRE92_STU01368,TORONTO_TRE92_0226
TORONTO_TRE92_STU01368,TORONTO_TRE92_0230
TORONTO_TRE92_STU01368,TORONTO_TRE92_0231
TORONTO_TRE92_STU01368,TORONTO_TRE92_0253
TORONTO_TRE92_STU01369,TORONTO_TRE92_0111
TORONTO_TRE92_STU01369,TORONTO_TRE92_0113
TORONTO_TRE92_STU01369,TORONTO_TRE92_0147
TORONTO_TRE92_STU01369,TORONTO_TRE92_0151
TORONTO_TRE92_STU01370,TORONTO_TRE92_0018
TORONTO_TRE92_STU01370,TORONTO_TRE92_0143
TORONTO_TRE92_STU01370,TORONTO_TRE92_0144
TORONTO_TRE92_STU01370,TORONTO_TRE92_0147
TORONTO_TRE92_STU01370,TORONTO_TRE92_0151
TORONTO_TRE92_STU01371,TORONTO_TRE92_0143
TORONTO_TRE92_STU01371,TORONTO_TRE92_0144
TORONTO_TRE92_STU01371,TORONTO_TRE92_0150
TORONTO_TRE92_STU01371,TORONTO_TRE92_0151
TORONTO_TRE92_STU01372,TORONTO_TRE92_0019
TORONTO_TRE92_STU01372,TORONTO_TRE92_0022
TORONTO_TRE92_STU01372,TORONTO_TRE92_0221
TORONTO_TRE92_STU01372,TORONTO_TRE92_0231
TORONTO_TRE92_STU01373,TORONTO_TRE92_0161
TORONTO_TRE92_STU01373,TORONTO_TRE92_0169
TORONTO_TRE92_STU01374,TORONTO_TRE92_0079
TORONTO_TRE92_STU01374,TORONTO_TRE92_0097
TORONTO_TRE92_STU01374,TORONTO_TRE92_0100
TORONTO_TRE92_STU01374,TORONTO_TRE92_0165
TORONTO_TRE92_STU01375,TORONTO_TRE92_0098
TORONTO_TRE92_STU01375,TORONTO_TRE92_0105
TORONTO_TRE92_STU01375,TORONTO_TRE92_0159
TORONTO_TRE92_STU01375,TORONTO_TRE92_0163
TORONTO_TRE92_STU01376,TORONTO_TRE92_0032
TORONTO_TRE92_STU01376,TORONTO_TRE92_0142
TORONTO_TRE92_STU01376,TORONTO_TRE92_0143
TORONTO_TRE92_STU01376,TORONTO_TRE92_0144
TORONTO_TRE92_STU01376,TORONTO_TRE92_0149
TORONTO_TRE92_STU01377,TORONTO_TRE92_0248
TORONTO_TRE92_STU01378,TORONTO_TRE92_0019
TORONTO_TRE92_STU01378,TORONTO_TRE92_0044
TORONTO_TRE92_STU01378,TORONTO_TRE92_0115
TORONTO_TRE92_STU01379,TORONTO_TRE92_0204
TORONTO_TRE92_STU01379,TORONTO_TRE92_0205
TORONTO_TRE92_STU01379,TORONTO_TRE92_0208
TORONTO_TRE92_STU01379,TORONTO_TRE92_0212
TORONTO_TRE92_STU01380,TORONTO_TRE92_0068
TORONTO_TRE92_STU01380,TORONTO_TRE92_0162
TORONTO_TRE92_STU01380,TORONTO_TRE92_0163
TORONTO_TRE92_STU01381,TORONTO_TRE92_0044
TORONTO_TRE92_STU01381,TORONTO_TRE92_0047
TORONTO_TRE92_STU01381,TORONTO_TRE92_0099
TORONTO_TRE92_STU01381,TORONTO_TRE92_0107
TORONTO_TRE92_STU01381,TORONTO_TRE92_0109
TORONTO_TRE92_STU01382,TORONTO_TRE92_0046
TORONTO_TRE92_STU01382,TORONTO_TRE92_0109
TORONTO_TRE92_STU01382,TORONTO_TRE92_0159
TORONTO_TRE92_STU01382,TORONTO_TRE92_0163
TORONTO_TRE92_STU01383,TORONTO_TRE92_0046
TORONTO_TRE92_STU01383,TORONTO_TRE92_0107
TORONTO_TRE92_STU01383,TORONTO_TRE92_0108
TORONTO_TRE92_STU01383,TORONTO_TRE92_0159
TORONTO_TRE92_STU01383,TORONTO_TRE92_0212
TORONTO_TRE92_STU01384,TORONTO_TRE92_0083
TORONTO_TRE92_STU01384,TORONTO_TRE92_0090
TORONTO_TRE92_STU01384,TORONTO_TRE92_0143
TORONTO_TRE92_STU01384,TORONTO_TRE92_0144
TORONTO_TRE92_STU01384,TORONTO_TRE92_0151
TORONTO_TRE92_STU01385,TORONTO_TRE92_0041
TORONTO_TRE92_STU01385,TORONTO_TRE92_0216
TORONTO_TRE92_STU01385,TORONTO_TRE92_0221
TORONTO_TRE92_STU01385,TORONTO_TRE92_0226
TORONTO_TRE92_STU01385,TORONTO_TRE92_0231
TORONTO_TRE92_STU01386,TORONTO_TRE92_0105
TORONTO_TRE92_STU01386,TORONTO_TRE92_0106
TORONTO_TRE92_STU01386,TORONTO_TRE92_0159
TORONTO_TRE92_STU01386,TORONTO_TRE92_0162
TORONTO_TRE92_STU01386,TORONTO_TRE92_0163
TORONTO_TRE92_STU01387,TORONTO_TRE92_0094
TORONTO_TRE92_STU01387,TORONTO_TRE92_0101
TORONTO_TRE92_STU01387,TORONTO_TRE92_0103
TORONTO_TRE92_STU01388,TORONTO_TRE92_0011
TORONTO_TRE92_STU01388,TORONTO_TRE92_0072
TORONTO_TRE92_STU01388,TORONTO_TRE92_0115
TORONTO_TRE92_STU01388,TORONTO_TRE92_0154
TORONTO_TRE92_STU01388,TORONTO_TRE92_0245
TORONTO_TRE92_STU01389,TORONTO_TRE92_0194
TORONTO_TRE92_STU01389,TORONTO_TRE92_0203
TORONTO_TRE92_STU01389,TORONTO_TRE92_0213
TORONTO_TRE92_STU01390,TORONTO_TRE92_0159
TORONTO_TRE92_STU01390,TORONTO_TRE92_0160
TORONTO_TRE92_STU01391,TORONTO_TRE92_0160
TORONTO_TRE92_STU01391,TORONTO_TRE92_0206
TORONTO_TRE92_STU01391,TORONTO_TRE92_0208
TORONTO_TRE92_STU01391,TORONTO_TRE92_0210
TORONTO_TRE92_STU01391,TORONTO_TRE92_0212
TORONTO_TRE92_STU01392,TORONTO_TRE92_0004
TORONTO_TRE92_STU01392,TORONTO_TRE92_0006
TORONTO_TRE92_STU01392,TORONTO_TRE92_0167
TORONTO_TRE92_STU01393,TORONTO_TRE92_0043
TORONTO_TRE92_STU01393,TORONTO_TRE92_0202
TORONTO_TRE92_STU01393,TORONTO_TRE92_0209
TORONTO_TRE92_STU01393,TORONTO_TRE92_0261
TORONTO_TRE92_STU01394,TORONTO_TRE92_0098
TORONTO_TRE92_STU01394,TORONTO_TRE92_0170
TORONTO_TRE92_STU01395,TORONTO_TRE92_0071
TORONTO_TRE92_STU01395,TORONTO_TRE92_0109
TORONTO_TRE92_STU01396,TORONTO_TRE92_0038
TORONTO_TRE92_STU01396,TORONTO_TRE92_0221
TORONTO_TRE92_STU01396,TORONTO_TRE92_0227
TORONTO_TRE92_STU01397,TORONTO_TRE92_0004
TORONTO_TRE92_STU01397,TORONTO_TRE92_0006
TORONTO_TRE92_STU01397,TORONTO_TRE92_0093
TORONTO_TRE92_STU01398,TORONTO_TRE92_0042
TORONTO_TRE92_STU01398,TORONTO_TRE92_0044
TORONTO_TRE92_STU01398,TORONTO_TRE92_0046
TORONTO_TRE92_STU01398,TORONTO_TRE92_0101
TORONTO_TRE92_STU01399,TORONTO_TRE92_0038
TORONTO_TRE92_STU01399,TORONTO_TRE92_0111
TORONTO_TRE92_STU01400,TORONTO_TRE92_0171
TORONTO_TRE92_STU01401,TORONTO_TRE92_0104
TORONTO_TRE92_STU01402,TORONTO_TRE92_0104
TORONTO_TRE92_STU01402,TORONTO_TRE92_0106
TORONTO_TRE92_STU01402,TORONTO_TRE92_0260
TORONTO_TRE92_STU01403,TORONTO_TRE92_0007
TORONTO_TRE92_STU01403,TORONTO_TRE92_0084
TORONTO_TRE92_STU01403,TORONTO_TRE92_0088
TORONTO_TRE92_STU01404,TORONTO_TRE92_0109
TORONTO_TRE92_STU01404,TORONTO_TRE92_0204
TORONTO_TRE92_STU01404,TORONTO_TRE92_0211
TORONTO_TRE92_STU01405,TORONTO_TRE92_0044
TORONTO_TRE92_STU01405,TORONTO_TRE92_0082
TORONTO_TRE92_STU01405,TORONTO_TRE92_0083
TORONTO_TRE92_STU01405,TORONTO_TRE92_0093
TORONTO_TRE92_STU01405,TORONTO_TRE92_0114
TORONTO_TRE92_STU01406,TORONTO_TRE92_0226
TORONTO_TRE92_STU01406,TORONTO_TRE92_0227
TORONTO_TRE92_STU01406,TORONTO_TRE92_0230
TORONTO_TRE92_STU01407,TORONTO_TRE92_0168
TORONTO_TRE92_STU01407,TORONTO_TRE92_0203
TORONTO_TRE92_STU01407,TORONTO_TRE92_0204
TORONTO_TRE92_STU01407,TORONTO_TRE92_0212
TORONTO_TRE92_STU01408,TORONTO_TRE92_0014
TORONTO_TRE92_STU01408,TORONTO_TRE92_0016
TORONTO_TRE92_STU01408,TORONTO_TRE92_0019
TORONTO_TRE92_STU01408,TORONTO_TRE92_0226
TORONTO_TRE92_STU01408,TORONTO_TRE92_0231
TORONTO_TRE92_STU01409,TORONTO_TRE92_0158
TORONTO_TRE92_STU01409,TORONTO_TRE92_0227
TORONTO_TRE92_STU01409,TORONTO_TRE92_0230
TORONTO_TRE92_STU01410,TORONTO_TRE92_0103
TORONTO_TRE92_STU01410,TORONTO_TRE92_0105
TORONTO_TRE92_STU01410,TORONTO_TRE92_0108
TORONTO_TRE92_STU01410,TORONTO_TRE92_0221
TORONTO_TRE92_STU01411,TORONTO_TRE92_0111
TORONTO_TRE92_STU01411,TORONTO_TRE92_0113
TORONTO_TRE92_STU01411,TORONTO_TRE92_0193
TORONTO_TRE92_STU01411,TORONTO_TRE92_0206
TORONTO_TRE92_STU01411,TORONTO_TRE92_0208
TORONTO_TRE92_STU01412,TORONTO_TRE92_0110
TORONTO_TRE92_STU01413,TORONTO_TRE92_0079
TORONTO_TRE92_STU01413,TORONTO_TRE92_0107
TORONTO_TRE92_STU01414,TORONTO_TRE92_0103
TORONTO_TRE92_STU01414,TORONTO_TRE92_0104
TORONTO_TRE92_STU01414,TORONTO_TRE92_0107
TORONTO_TRE92_STU01414,TORONTO_TRE92_0108
TORONTO_TRE92_STU01415,TORONTO_TRE92_0096
TORONTO_TRE92_STU01415,TORONTO_TRE92_0103
TORONTO_TRE92_STU01415,TORONTO_TRE92_0105
TORONTO_TRE92_STU01416,TORONTO_TRE92_0101
TORONTO_TRE92_STU01416,TORONTO_TRE92_0104
TORONTO_TRE92_STU01416,TORONTO_TRE92_0107
TORONTO_TRE92_STU01416,TORONTO_TRE92_0159
TORONTO_TRE92_STU01417,TORONTO_TRE92_0224
TORONTO_TRE92_STU01417,TORONTO_TRE92_0226
TORONTO_TRE92_STU01417,TORONTO_TRE92_0227
TORONTO_TRE92_STU01418,TORONTO_TRE92_0015
TORONTO_TRE92_STU01418,TORONTO_TRE92_0030
TORONTO_TRE92_STU01418,TORONTO_TRE92_0037
TORONTO_TRE92_STU01418,TORONTO_TRE92_0041
TORONTO_TRE92_STU01418,TORONTO_TRE92_0116
TORONTO_TRE92_STU01419,TORONTO_TRE92_0220
TORONTO_TRE92_STU01419,TORONTO_TRE92_0222
TORONTO_TRE92_STU01419,TORONTO_TRE92_0226
TORONTO_TRE92_STU01419,TORONTO_TRE92_0228
TORONTO_TRE92_STU01420,TORONTO_TRE92_0222
TORONTO_TRE92_STU01420,TORONTO_TRE92_0224
TORONTO_TRE92_STU01420,TORONTO_TRE92_0226
TORONTO_TRE92_STU01420,TORONTO_TRE92_0229
TORONTO_TRE92_STU01421,TORONTO_TRE92_0085
TORONTO_TRE92_STU01421,TORONTO_TRE92_0086
TORONTO_TRE92_STU01421,TORONTO_TRE92_0180
TORONTO_TRE92_STU01421,TORONTO_TRE92_0204
TORONTO_TRE92_STU01422,TORONTO_TRE92_0078
TORONTO_TRE92_STU01422,TORONTO_TRE92_0141
TORONTO_TRE92_STU01422,TORONTO_TRE92_0143
TORONTO_TRE92_STU01422,TORONTO_TRE92_0152
TORONTO_TRE92_STU01423,TORONTO_TRE92_0046
TORONTO_TRE92_STU01423,TORONTO_TRE92_0143
TORONTO_TRE92_STU01423,TORONTO_TRE92_0151
TORONTO_TRE92_STU01423,TORONTO_TRE92_0159
TORONTO_TRE92_STU01424,TORONTO_TRE92_0023
TORONTO_TRE92_STU01424,TORONTO_TRE92_0051
TORONTO_TRE92_STU01424,TORONTO_TRE92_0114
TORONTO_TRE92_STU01425,TORONTO_TRE92_0047
TORONTO_TRE92_STU01425,TORONTO_TRE92_0195
TORONTO_TRE92_STU01425,TORONTO_TRE92_0196
TORONTO_TRE92_STU01426,TORONTO_TRE92_0049
TORONTO_TRE92_STU01426,TORONTO_TRE92_0095
TORONTO_TRE92_STU01426,TORONTO_TRE92_0107
TORONTO_TRE92_STU01427,TORONTO_TRE92_0050
TORONTO_TRE92_STU01427,TORONTO_TRE92_0256
TORONTO_TRE92_STU01428,TORONTO_TRE92_0031
TORONTO_TRE92_STU01428,TORONTO_TRE92_0040
TORONTO_TRE92_STU01428,TORONTO_TRE92_0111
TORONTO_TRE92_STU01429,TORONTO_TRE92_0195
TORONTO_TRE92_STU01429,TORONTO_TRE92_0216
TORONTO_TRE92_STU01429,TORONTO_TRE92_0221
TORONTO_TRE92_STU01429,TORONTO_TRE92_0231
TORONTO_TRE92_STU01430,TORONTO_TRE92_0011
TORONTO_TRE92_STU01430,TORONTO_TRE92_0115
TORONTO_TRE92_STU01430,TORONTO_TRE92_0139
TORONTO_TRE92_STU01430,TORONTO_TRE92_0193
TORONTO_TRE92_STU01431,TORONTO_TRE92_0096
TORONTO_TRE92_STU01431,TORONTO_TRE92_0100
TORONTO_TRE92_STU01432,TORONTO_TRE92_0109
TORONTO_TRE92_STU01433,TORONTO_TRE92_0101
TORONTO_TRE92_STU01433,TORONTO_TRE92_0107
TORONTO_TRE92_STU01433,TORONTO_TRE92_0230
TORONTO_TRE92_STU01433,TORONTO_TRE92_0231
TORONTO_TRE92_STU01434,TORONTO_TRE92_0182
TORONTO_TRE92_STU01434,TORONTO_TRE92_0238
TORONTO_TRE92_STU01434,TORONTO_TRE92_0239
TORONTO_TRE92_STU01434,TORONTO_TRE92_0244
TORONTO_TRE92_STU01435,TORONTO_TRE92_0101
TORONTO_TRE92_STU01435,TORONTO_TRE92_0106
TORONTO_TRE92_STU01435,TORONTO_TRE92_0216
TORONTO_TRE92_STU01435,TORONTO_TRE92_0217
TORONTO_TRE92_STU01436,TORONTO_TRE92_0025
TORONTO_TRE92_STU01437,TORONTO_TRE92_0097
TORONTO_TRE92_STU01437,TORONTO_TRE92_0099
TORONTO_TRE92_STU01437,TORONTO_TRE92_0103
TORONTO_TRE92_STU01437,TORONTO_TRE92_0104
TORONTO_TRE92_STU01438,TORONTO_TRE92_0190
TORONTO_TRE92_STU01438,TORONTO_TRE92_0191
TORONTO_TRE92_STU01439,TORONTO_TRE92_0182
TORONTO_TRE92_STU01439,TORONTO_TRE92_0183
TORONTO_TRE92_STU01439,TORONTO_TRE92_0238
TORONTO_TRE92_STU01439,TORONTO_TRE92_0239
TORONTO_TRE92_STU01439,TORONTO_TRE92_0244
TORONTO_TRE92_STU01440,TORONTO_TRE92_0014
TORONTO_TRE92_STU01440,TORONTO_TRE92_0109
TORONTO_TRE92_STU01441,TORONTO_TRE92_0003
TORONTO_TRE92_STU01441,TORONTO_TRE92_0007
TORONTO_TRE92_STU01441,TORONTO_TRE92_0206
TORONTO_TRE92_STU01441,TORONTO_TRE92_0208
TORONTO_TRE92_STU01441,TORONTO_TRE92_0211
TORONTO_TRE92_STU01442,TORONTO_TRE92_0158
TORONTO_TRE92_STU01442,TORONTO_TRE92_0163
TORONTO_TRE92_STU01442,TORONTO_TRE92_0192
TORONTO_TRE92_STU01442,TORONTO_TRE92_0226
TORONTO_TRE92_STU01442,TORONTO_TRE92_0227
TORONTO_TRE92_STU01443,TORONTO_TRE92_0016
TORONTO_TRE92_STU01443,TORONTO_TRE92_0017
TORONTO_TRE92_STU01443,TORONTO_TRE92_0025
TORONTO_TRE92_STU01444,TORONTO_TRE92_0025
TORONTO_TRE92_STU01444,TORONTO_TRE92_0030
TORONTO_TRE92_STU01444,TORONTO_TRE92_0031
TORONTO_TRE92_STU01444,TORONTO_TRE92_0032
TORONTO_TRE92_STU01444,TORONTO_TRE92_0143
TORONTO_TRE92_STU01445,TORONTO_TRE92_0108
TORONTO_TRE92_STU01445,TORONTO_TRE92_0164
TORONTO_TRE92_STU01446,TORONTO_TRE92_0002
TORONTO_TRE92_STU01446,TORONTO_TRE92_0004
TORONTO_TRE92_STU01446,TORONTO_TRE92_0006
TORONTO_TRE92_STU01446,TORONTO_TRE92_0206
TORONTO_TRE92_STU01447,TORONTO_TRE92_0086
TORONTO_TRE92_STU01447,TORONTO_TRE92_0087
TORONTO_TRE92_STU01447,TORONTO_TRE92_0159
TORONTO_TRE92_STU01447,TORONTO_TRE92_0206
TORONTO_TRE92_STU01447,TORONTO_TRE92_0212
TORONTO_TRE92_STU01448,TORONTO_TRE92_0056
TORONTO_TRE92_STU01448,TORONTO_TRE92_0118
TORONTO_TRE92_STU01448,TORONTO_TRE92_0182
TORONTO_TRE92_STU01448,TORONTO_TRE92_0238
TORONTO_TRE92_STU01448,TORONTO_TRE92_0239
TORONTO_TRE92_STU01449,TORONTO_TRE92_0029
TORONTO_TRE92_STU01449,TORONTO_TRE92_0030
TORONTO_TRE92_STU01449,TORONTO_TRE92_0037
TORONTO_TRE92_STU01449,TORONTO_TRE92_0041
TORONTO_TRE92_STU01449,TORONTO_TRE92_0171
TORONTO_TRE92_STU01450,TORONTO_TRE92_0103
TORONTO_TRE92_STU01450,TORONTO_TRE92_0107
TORONTO_TRE92_STU01450,TORONTO_TRE92_0108
TORONTO_TRE92_STU01451,TORONTO_TRE92_0069
TORONTO_TRE92_STU01451,TORONTO_TRE92_0159
TORONTO_TRE92_STU01451,TORONTO_TRE92_0163
TORONTO_TRE92_STU01451,TORONTO_TRE92_0212
TORONTO_TRE92_STU01452,TORONTO_TRE92_0006
TORONTO_TRE92_STU01452,TORONTO_TRE92_0220
TORONTO_TRE92_STU01452,TORONTO_TRE92_0247
TORONTO_TRE92_STU01452,TORONTO_TRE92_0252
TORONTO_TRE92_STU01452,TORONTO_TRE92_0253
TORONTO_TRE92_STU01453,TORONTO_TRE92_0047
TORONTO_TRE92_STU01453,TORONTO_TRE92_0159
TORONTO_TRE92_STU01453,TORONTO_TRE92_0162
TORONTO_TRE92_STU01453,TORONTO_TRE92_0163
TORONTO_TRE92_STU01454,TORONTO_TRE92_0108
TORONTO_TRE92_STU01454,TORONTO_TRE92_0159
TORONTO_TRE92_STU01454,TORONTO_TRE92_0160
TORONTO_TRE92_STU01454,TORONTO_TRE92_0163
TORONTO_TRE92_STU01454,TORONTO_TRE92_0256
TORONTO_TRE92_STU01455,TORONTO_TRE92_0226
TORONTO_TRE92_STU01455,TORONTO_TRE92_0227
TORONTO_TRE92_STU01455,TORONTO_TRE92_0230
TORONTO_TRE92_STU01455,TORONTO_TRE92_0231
TORONTO_TRE92_STU01456,TORONTO_TRE92_0101
TORONTO_TRE92_STU01456,TORONTO_TRE92_0155
TORONTO_TRE92_STU01456,TORONTO_TRE92_0159
TORONTO_TRE92_STU01456,TORONTO_TRE92_0160
TORONTO_TRE92_STU01457,TORONTO_TRE92_0105
TORONTO_TRE92_STU01457,TORONTO_TRE92_0158
TORONTO_TRE92_STU01457,TORONTO_TRE92_0163
TORONTO_TRE92_STU01457,TORONTO_TRE92_0164
TORONTO_TRE92_STU01457,TORONTO_TRE92_0220
TORONTO_TRE92_STU01458,TORONTO_TRE92_0004
TORONTO_TRE92_STU01458,TORONTO_TRE92_0072
TORONTO_TRE92_STU01458,TORONTO_TRE92_0086
TORONTO_TRE92_STU01459,TORONTO_TRE92_0102
TORONTO_TRE92_STU01459,TORONTO_TRE92_0155
TORONTO_TRE92_STU01459,TORONTO_TRE92_0161
TORONTO_TRE92_STU01460,TORONTO_TRE92_0039
TORONTO_TRE92_STU01460,TORONTO_TRE92_0041
TORONTO_TRE92_STU01460,TORONTO_TRE92_0080
TORONTO_TRE92_STU01460,TORONTO_TRE92_0143
TORONTO_TRE92_STU01461,TORONTO_TRE92_0055
TORONTO_TRE92_STU01461,TORONTO_TRE92_0111
TORONTO_TRE92_STU01461,TORONTO_TRE92_0118
TORONTO_TRE92_STU01462,TORONTO_TRE92_0099
TORONTO_TRE92_STU01462,TORONTO_TRE92_0108
TORONTO_TRE92_STU01462,TORONTO_TRE92_0156
TORONTO_TRE92_STU01462,TORONTO_TRE92_0171
TORONTO_TRE92_STU01463,TORONTO_TRE92_0191
TORONTO_TRE92_STU01463,TORONTO_TRE92_0252
TORONTO_TRE92_STU01464,TORONTO_TRE92_0044
TORONTO_TRE92_STU01464,TORONTO_TRE92_0111
TORONTO_TRE92_STU01464,TORONTO_TRE92_0114
TORONTO_TRE92_STU01465,TORONTO_TRE92_0033
TORONTO_TRE92_STU01465,TORONTO_TRE92_0035
TORONTO_TRE92_STU01465,TORONTO_TRE92_0041
TORONTO_TRE92_STU01465,TORONTO_TRE92_0094
TORONTO_TRE92_STU01466,TORONTO_TRE92_0103
TORONTO_TRE92_STU01466,TORONTO_TRE92_0104
TORONTO_TRE92_STU01466,TORONTO_TRE92_0107
TORONTO_TRE92_STU01467,TORONTO_TRE92_0223
TORONTO_TRE92_STU01467,TORONTO_TRE92_0225
TORONTO_TRE92_STU01467,TORONTO_TRE92_0230
TORONTO_TRE92_STU01467,TORONTO_TRE92_0231
TORONTO_TRE92_STU01468,TORONTO_TRE92_0102
TORONTO_TRE92_STU01468,TORONTO_TRE92_0222
TORONTO_TRE92_STU01468,TORONTO_TRE92_0224
TORONTO_TRE92_STU01468,TORONTO_TRE92_0228
TORONTO_TRE92_STU01468,TORONTO_TRE92_0230
TORONTO_TRE92_STU01469,TORONTO_TRE92_0214
TORONTO_TRE92_STU01469,TORONTO_TRE92_0220
TORONTO_TRE92_STU01470,TORONTO_TRE92_0046
TORONTO_TRE92_STU01470,TORONTO_TRE92_0247
TORONTO_TRE92_STU01470,TORONTO_TRE92_0251
TORONTO_TRE92_STU01471,TORONTO_TRE92_0071
TORONTO_TRE92_STU01471,TORONTO_TRE92_0234
TORONTO_TRE92_STU01472,TORONTO_TRE92_0191
TORONTO_TRE92_STU01473,TORONTO_TRE92_0004
TORONTO_TRE92_STU01473,TORONTO_TRE92_0087
TORONTO_TRE92_STU01473,TORONTO_TRE92_0088
TORONTO_TRE92_STU01473,TORONTO_TRE92_0092
TORONTO_TRE92_STU01474,TORONTO_TRE92_0014
TORONTO_TRE92_STU01474,TORONTO_TRE92_0016
TORONTO_TRE92_STU01474,TORONTO_TRE92_0191
TORONTO_TRE92_STU01474,TORONTO_TRE92_0260
TORONTO_TRE92_STU01475,TORONTO_TRE92_0004
TORONTO_TRE92_STU01475,TORONTO_TRE92_0006
TORONTO_TRE92_STU01475,TORONTO_TRE92_0188
TORONTO_TRE92_STU01475,TORONTO_TRE92_0203
TORONTO_TRE92_STU01476,TORONTO_TRE92_0022
TORONTO_TRE92_STU01476,TORONTO_TRE92_0023
TORONTO_TRE92_STU01476,TORONTO_TRE92_0044
TORONTO_TRE92_STU01476,TORONTO_TRE92_0051
TORONTO_TRE92_STU01477,TORONTO_TRE92_0046
TORONTO_TRE92_STU01477,TORONTO_TRE92_0157
TORONTO_TRE92_STU01477,TORONTO_TRE92_0166
TORONTO_TRE92_STU01477,TORONTO_TRE92_0191
TORONTO_TRE92_STU01478,TORONTO_TRE92_0214
TORONTO_TRE92_STU01479,TORONTO_TRE92_0084
TORONTO_TRE92_STU01479,TORONTO_TRE92_0086
TORONTO_TRE92_STU01479,TORONTO_TRE92_0088
TORONTO_TRE92_STU01479,TORONTO_TRE92_0175
TORONTO_TRE92_STU01479,TORONTO_TRE92_0182
TORONTO_TRE92_STU01480,TORONTO_TRE92_0069
TORONTO_TRE92_STU01480,TORONTO_TRE92_0169
TORONTO_TRE92_STU01480,TORONTO_TRE92_0206
TORONTO_TRE92_STU01480,TORONTO_TRE92_0209
TORONTO_TRE92_STU01481,TORONTO_TRE92_0037
TORONTO_TRE92_STU01481,TORONTO_TRE92_0039
TORONTO_TRE92_STU01481,TORONTO_TRE92_0041
TORONTO_TRE92_STU01482,TORONTO_TRE92_0019
TORONTO_TRE92_STU01482,TORONTO_TRE92_0021
TORONTO_TRE92_STU01483,TORONTO_TRE92_0222
TORONTO_TRE92_STU01483,TORONTO_TRE92_0225
TORONTO_TRE92_STU01483,TORONTO_TRE92_0226
TORONTO_TRE92_STU01483,TORONTO_TRE92_0250
TORONTO_TRE92_STU01483,TORONTO_TRE92_0253
TORONTO_TRE92_STU01484,TORONTO_TRE92_0110
TORONTO_TRE92_STU01484,TORONTO_TRE92_0111
TORONTO_TRE92_STU01485,TORONTO_TRE92_0022
TORONTO_TRE92_STU01485,TORONTO_TRE92_0024
TORONTO_TRE92_STU01486,TORONTO_TRE92_0056
TORONTO_TRE92_STU01486,TORONTO_TRE92_0057
TORONTO_TRE92_STU01486,TORONTO_TRE92_0058
TORONTO_TRE92_STU01486,TORONTO_TRE92_0081
TORONTO_TRE92_STU01486,TORONTO_TRE92_0233
TORONTO_TRE92_STU01487,TORONTO_TRE92_0029
TORONTO_TRE92_STU01487,TORONTO_TRE92_0030
TORONTO_TRE92_STU01488,TORONTO_TRE92_0126
TORONTO_TRE92_STU01488,TORONTO_TRE92_0168
TORONTO_TRE92_STU01488,TORONTO_TRE92_0216
TORONTO_TRE92_STU01488,TORONTO_TRE92_0221
TORONTO_TRE92_STU01488,TORONTO_TRE92_0231
TORONTO_TRE92_STU01489,TORONTO_TRE92_0012
TORONTO_TRE92_STU01489,TORONTO_TRE92_0017
TORONTO_TRE92_STU01489,TORONTO_TRE92_0108
TORONTO_TRE92_STU01489,TORONTO_TRE92_0155
TORONTO_TRE92_STU01489,TORONTO_TRE92_0160
TORONTO_TRE92_STU01490,TORONTO_TRE92_0109
TORONTO_TRE92_STU01490,TORONTO_TRE92_0161
TORONTO_TRE92_STU01490,TORONTO_TRE92_0162
TORONTO_TRE92_STU01491,TORONTO_TRE92_0013
TORONTO_TRE92_STU01491,TORONTO_TRE92_0142
TORONTO_TRE92_STU01492,TORONTO_TRE92_0220
TORONTO_TRE92_STU01492,TORONTO_TRE92_0260
TORONTO_TRE92_STU01493,TORONTO_TRE92_0086
TORONTO_TRE92_STU01493,TORONTO_TRE92_0093
TORONTO_TRE92_STU01494,TORONTO_TRE92_0182
TORONTO_TRE92_STU01494,TORONTO_TRE92_0238
TORONTO_TRE92_STU01494,TORONTO_TRE92_0239
TORONTO_TRE92_STU01494,TORONTO_TRE92_0244
TORONTO_TRE92_STU01495,TORONTO_TRE92_0254
TORONTO_TRE92_STU01496,TORONTO_TRE92_0100
TORONTO_TRE92_STU01496,TORONTO_TRE92_0102
TORONTO_TRE92_STU01496,TORONTO_TRE92_0198
TORONTO_TRE92_STU01497,TORONTO_TRE92_0182
TORONTO_TRE92_STU01497,TORONTO_TRE92_0238
TORONTO_TRE92_STU01498,TORONTO_TRE92_0203
TORONTO_TRE92_STU01498,TORONTO_TRE92_0255
TORONTO_TRE92_STU01499,TORONTO_TRE92_0004
TORONTO_TRE92_STU01499,TORONTO_TRE92_0006
TORONTO_TRE92_STU01499,TORONTO_TRE92_0086
TORONTO_TRE92_STU01499,TORONTO_TRE92_0093
TORONTO_TRE92_STU01500,TORONTO_TRE92_0078
TORONTO_TRE92_STU01500,TORONTO_TRE92_0086
TORONTO_TRE92_STU01500,TORONTO_TRE92_0091
TORONTO_TRE92_STU01500,TORONTO_TRE92_0180
TORONTO_TRE92_STU01501,TORONTO_TRE92_0072
TORONTO_TRE92_STU01501,TORONTO_TRE92_0082
TORONTO_TRE92_STU01501,TORONTO_TRE92_0086
TORONTO_TRE92_STU01501,TORONTO_TRE92_0087
TORONTO_TRE92_STU01501,TORONTO_TRE92_0092
TORONTO_TRE92_STU01502,TORONTO_TRE92_0082
TORONTO_TRE92_STU01502,TORONTO_TRE92_0095
TORONTO_TRE92_STU01502,TORONTO_TRE92_0189
TORONTO_TRE92_STU01502,TORONTO_TRE92_0247
TORONTO_TRE92_STU01503,TORONTO_TRE92_0090
TORONTO_TRE92_STU01504,TORONTO_TRE92_0060
TORONTO_TRE92_STU01504,TORONTO_TRE92_0061
TORONTO_TRE92_STU01505,TORONTO_TRE92_0035
TORONTO_TRE92_STU01505,TORONTO_TRE92_0036
TORONTO_TRE92_STU01505,TORONTO_TRE92_0057
TORONTO_TRE92_STU01505,TORONTO_TRE92_0064
TORONTO_TRE92_STU01506,TORONTO_TRE92_0057
TORONTO_TRE92_STU01506,TORONTO_TRE92_0064
TORONTO_TRE92_STU01506,TORONTO_TRE92_0078
TORONTO_TRE92_STU01506,TORONTO_TRE92_0256
TORONTO_TRE92_STU01507,TORONTO_TRE92_0249
TORONTO_TRE92_STU01508,TORONTO_TRE92_0082
TORONTO_TRE92_STU01508,TORONTO_TRE92_0087
TORONTO_TRE92_STU01508,TORONTO_TRE92_0088
TORONTO_TRE92_STU01508,TORONTO_TRE92_0092
TORONTO_TRE92_STU01509,TORONTO_TRE92_0046
TORONTO_TRE92_STU01509,TORONTO_TRE92_0068
TORONTO_TRE92_STU01509,TORONTO_TRE92_0099
TORONTO_TRE92_STU01510,TORONTO_TRE92_0094
TORONTO_TRE92_STU01511,TORONTO_TRE92_0047
TORONTO_TRE92_STU01511,TORONTO_TRE92_0123
TORONTO_TRE92_STU01511,TORONTO_TRE92_0126
TORONTO_TRE92_STU01512,TORONTO_TRE92_0119
TORONTO_TRE92_STU01513,TORONTO_TRE92_0050
TORONTO_TRE92_STU01513,TORONTO_TRE92_0203
TORONTO_TRE92_STU01514,TORONTO_TRE92_0223
TORONTO_TRE92_STU01514,TORONTO_TRE92_0224
TORONTO_TRE92_STU01514,TORONTO_TRE92_0226
TORONTO_TRE92_STU01514,TORONTO_TRE92_0230
TORONTO_TRE92_STU01514,TORONTO_TRE92_0250
TORONTO_TRE92_STU01515,TORONTO_TRE92_0171
TORONTO_TRE92_STU01515,TORONTO_TRE92_0248
TORONTO_TRE92_STU01516,TORONTO_TRE92_0191
TORONTO_TRE92_STU01517,TORONTO_TRE92_0001
TORONTO_TRE92_STU01517,TORONTO_TRE92_0081
TORONTO_TRE92_STU01517,TORONTO_TRE92_0246
TORONTO_TRE92_STU01518,TORONTO_TRE92_0194
TORONTO_TRE92_STU01519,TORONTO_TRE92_0101
TORONTO_TRE92_STU01519,TORONTO_TRE92_0105
TORONTO_TRE92_STU01519,TORONTO_TRE92_0162
TORONTO_TRE92_STU01520,TORONTO_TRE92_0012
TORONTO_TRE92_STU01520,TORONTO_TRE92_0019
TORONTO_TRE92_STU01520,TORONTO_TRE92_0023
TORONTO_TRE92_STU01521,TORONTO_TRE92_0103
TORONTO_TRE92_STU01521,TORONTO_TRE92_0160
TORONTO_TRE92_STU01522,TORONTO_TRE92_0103
TORONTO_TRE92_STU01522,TORONTO_TRE92_0216
TORONTO_TRE92_STU01522,TORONTO_TRE92_0219
TORONTO_TRE92_STU01522,TORONTO_TRE92_0226
TORONTO_TRE92_STU01523,TORONTO_TRE92_0038
TORONTO_TRE92_STU01523,TORONTO_TRE92_0118
TORONTO_TRE92_STU01523,TORONTO_TRE92_0141
TORONTO_TRE92_STU01524,TORONTO_TRE92_0079
TORONTO_TRE92_STU01524,TORONTO_TRE92_0099
TORONTO_TRE92_STU01524,TORONTO_TRE92_0208
TORONTO_TRE92_STU01524,TORONTO_TRE92_0212
TORONTO_TRE92_STU01525,TORONTO_TRE92_0069
TORONTO_TRE92_STU01525,TORONTO_TRE92_0202
TORONTO_TRE92_STU01525,TORONTO_TRE92_0203
TORONTO_TRE92_STU01525,TORONTO_TRE92_0211
TORONTO_TRE92_STU01525,TORONTO_TRE92_0254
TORONTO_TRE92_STU01526,TORONTO_TRE92_0191
TORONTO_TRE92_STU01526,TORONTO_TRE92_0210
TORONTO_TRE92_STU01527,TORONTO_TRE92_0050
TORONTO_TRE92_STU01528,TORONTO_TRE92_0190
TORONTO_TRE92_STU01528,TORONTO_TRE92_0224
TORONTO_TRE92_STU01528,TORONTO_TRE92_0227
TORONTO_TRE92_STU01528,TORONTO_TRE92_0229
TORONTO_TRE92_STU01528,TORONTO_TRE92_0230
TORONTO_TRE92_STU01529,TORONTO_TRE92_0046
TORONTO_TRE92_STU01529,TORONTO_TRE92_0163
TORONTO_TRE92_STU01529,TORONTO_TRE92_0164
TORONTO_TRE92_STU01529,TORONTO_TRE92_0196
TORONTO_TRE92_STU01530,TORONTO_TRE92_0019
TORONTO_TRE92_STU01530,TORONTO_TRE92_0023
TORONTO_TRE92_STU01530,TORONTO_TRE92_0250
TORONTO_TRE92_STU01530,TORONTO_TRE92_0251
TORONTO_TRE92_STU01531,TORONTO_TRE92_0226
TORONTO_TRE92_STU01531,TORONTO_TRE92_0227
TORONTO_TRE92_STU01531,TORONTO_TRE92_0229
TORONTO_TRE92_STU01531,TORONTO_TRE92_0230
TORONTO_TRE92_STU01532,TORONTO_TRE92_0103
TORONTO_TRE92_STU01532,TORONTO_TRE92_0205
TORONTO_TRE92_STU01532,TORONTO_TRE92_0208
TORONTO_TRE92_STU01532,TORONTO_TRE92_0212
TORONTO_TRE92_STU01533,TORONTO_TRE92_0046
TORONTO_TRE92_STU01533,TORONTO_TRE92_0153
TORONTO_TRE92_STU01533,TORONTO_TRE92_0160
TORONTO_TRE92_STU01533,TORONTO_TRE92_0165
TORONTO_TRE92_STU01534,TORONTO_TRE92_0220
TORONTO_TRE92_STU01534,TORONTO_TRE92_0248
TORONTO_TRE92_STU01534,TORONTO_TRE92_0256
TORONTO_TRE92_STU01535,TORONTO_TRE92_0086
TORONTO_TRE92_STU01535,TORONTO_TRE92_0087
TORONTO_TRE92_STU01535,TORONTO_TRE92_0088
TORONTO_TRE92_STU01535,TORONTO_TRE92_0093
TORONTO_TRE92_STU01536,TORONTO_TRE92_0246
TORONTO_TRE92_STU01536,TORONTO_TRE92_0247
TORONTO_TRE92_STU01536,TORONTO_TRE92_0248
TORONTO_TRE92_STU01537,TORONTO_TRE92_0250
TORONTO_TRE92_STU01537,TORONTO_TRE92_0253
TORONTO_TRE92_STU01538,TORONTO_TRE92_0076
TORONTO_TRE92_STU01538,TORONTO_TRE92_0191
TORONTO_TRE92_STU01539,TORONTO_TRE92_0097
TORONTO_TRE92_STU01539,TORONTO_TRE92_0100
TORONTO_TRE92_STU01539,TORONTO_TRE92_0108
TORONTO_TRE92_STU01540,TORONTO_TRE92_0094
TORONTO_TRE92_STU01540,TORONTO_TRE92_0154
TORONTO_TRE92_STU01540,TORONTO_TRE92_0216
TORONTO_TRE92_STU01540,TORONTO_TRE92_0218
TORONTO_TRE92_STU01540,TORONTO_TRE92_0220
TORONTO_TRE92_STU01541,TORONTO_TRE92_0219
TORONTO_TRE92_STU01541,TORONTO_TRE92_0226
TORONTO_TRE92_STU01542,TORONTO_TRE92_0031
TORONTO_TRE92_STU01542,TORONTO_TRE92_0035
TORONTO_TRE92_STU01542,TORONTO_TRE92_0039
TORONTO_TRE92_STU01542,TORONTO_TRE92_0040
TORONTO_TRE92_STU01543,TORONTO_TRE92_0231
TORONTO_TRE92_STU01544,TORONTO_TRE92_0250
TORONTO_TRE92_STU01544,TORONTO_TRE92_0254
TORONTO_TRE92_STU01545,TORONTO_TRE92_0081
TORONTO_TRE92_STU01546,TORONTO_TRE92_0219
TORONTO_TRE92_STU01546,TORONTO_TRE92_0247
TORONTO_TRE92_STU01546,TORONTO_TRE92_0250
TORONTO_TRE92_STU01546,TORONTO_TRE92_0251
TORONTO_TRE92_STU01547,TORONTO_TRE92_0052
TORONTO_TRE92_STU01547,TORONTO_TRE92_0072
TORONTO_TRE92_STU01548,TORONTO_TRE92_0014
TORONTO_TRE92_STU01548,TORONTO_TRE92_0123
TORONTO_TRE92_STU01548,TORONTO_TRE92_0214
TORONTO_TRE92_STU01548,TORONTO_TRE92_0258
TORONTO_TRE92_STU01549,TORONTO_TRE92_0086
TORONTO_TRE92_STU01549,TORONTO_TRE92_0092
TORONTO_TRE92_STU01549,TORONTO_TRE92_0093
TORONTO_TRE92_STU01549,TORONTO_TRE92_0220
TORONTO_TRE92_STU01550,TORONTO_TRE92_0040
TORONTO_TRE92_STU01550,TORONTO_TRE92_0116
TORONTO_TRE92_STU01550,TORONTO_TRE92_0143
TORONTO_TRE92_STU01550,TORONTO_TRE92_0148
TORONTO_TRE92_STU01551,TORONTO_TRE92_0036
TORONTO_TRE92_STU01551,TORONTO_TRE92_0057
TORONTO_TRE92_STU01551,TORONTO_TRE92_0064
TORONTO_TRE92_STU01551,TORONTO_TRE92_0166
TORONTO_TRE92_STU01551,TORONTO_TRE92_0217
TORONTO_TRE92_STU01552,TORONTO_TRE92_0094
TORONTO_TRE92_STU01552,TORONTO_TRE92_0153
TORONTO_TRE92_STU01552,TORONTO_TRE92_0215
TORONTO_TRE92_STU01553,TORONTO_TRE92_0103
TORONTO_TRE92_STU01553,TORONTO_TRE92_0108
TORONTO_TRE92_STU01554,TORONTO_TRE92_0206
TORONTO_TRE92_STU01554,TORONTO_TRE92_0209
TORONTO_TRE92_STU01554,TORONTO_TRE92_0213
TORONTO_TRE92_STU01554,TORONTO_TRE92_0254
TORONTO_TRE92_STU01555,TORONTO_TRE92_0101
TORONTO_TRE92_STU01555,TORONTO_TRE92_0103
TORONTO_TRE92_STU01555,TORONTO_TRE92_0221
TORONTO_TRE92_STU01556,TORONTO_TRE92_0086
TORONTO_TRE92_STU01556,TORONTO_TRE92_0087
TORONTO_TRE92_STU01556,TORONTO_TRE92_0159
TORONTO_TRE92_STU01556,TORONTO_TRE92_0206
TORONTO_TRE92_STU01556,TORONTO_TRE92_0212
TORONTO_TRE92_STU01557,TORONTO_TRE92_0093
TORONTO_TRE92_STU01557,TORONTO_TRE92_0170
TORONTO_TRE92_STU01558,TORONTO_TRE92_0158
TORONTO_TRE92_STU01559,TORONTO_TRE92_0160
TORONTO_TRE92_STU01560,TORONTO_TRE92_0085
TORONTO_TRE92_STU01560,TORONTO_TRE92_0088
TORONTO_TRE92_STU01560,TORONTO_TRE92_0092
TORONTO_TRE92_STU01560,TORONTO_TRE92_0213
TORONTO_TRE92_STU01561,TORONTO_TRE92_0069
TORONTO_TRE92_STU01561,TORONTO_TRE92_0204
TORONTO_TRE92_STU01561,TORONTO_TRE92_0206
TORONTO_TRE92_STU01561,TORONTO_TRE92_0209
TORONTO_TRE92_STU01562,TORONTO_TRE92_0049
TORONTO_TRE92_STU01562,TORONTO_TRE92_0247
TORONTO_TRE92_STU01562,TORONTO_TRE92_0254
TORONTO_TRE92_STU01563,TORONTO_TRE92_0086
TORONTO_TRE92_STU01563,TORONTO_TRE92_0088
TORONTO_TRE92_STU01563,TORONTO_TRE92_0092
TORONTO_TRE92_STU01563,TORONTO_TRE92_0093
TORONTO_TRE92_STU01563,TORONTO_TRE92_0210
TORONTO_TRE92_STU01564,TORONTO_TRE92_0164
TORONTO_TRE92_STU01564,TORONTO_TRE92_0170
TORONTO_TRE92_STU01564,TORONTO_TRE92_0191
TORONTO_TRE92_STU01564,TORONTO_TRE92_0260
TORONTO_TRE92_STU01565,TORONTO_TRE92_0023
TORONTO_TRE92_STU01565,TORONTO_TRE92_0051
TORONTO_TRE92_STU01565,TORONTO_TRE92_0114
TORONTO_TRE92_STU01566,TORONTO_TRE92_0037
TORONTO_TRE92_STU01567,TORONTO_TRE92_0097
TORONTO_TRE92_STU01567,TORONTO_TRE92_0103
TORONTO_TRE92_STU01567,TORONTO_TRE92_0182
TORONTO_TRE92_STU01568,TORONTO_TRE92_0103
TORONTO_TRE92_STU01568,TORONTO_TRE92_0140
TORONTO_TRE92_STU01568,TORONTO_TRE92_0144
TORONTO_TRE92_STU01568,TORONTO_TRE92_0147
TORONTO_TRE92_STU01569,TORONTO_TRE92_0035
TORONTO_TRE92_STU01569,TORONTO_TRE92_0139
TORONTO_TRE92_STU01569,TORONTO_TRE92_0141
TORONTO_TRE92_STU01569,TORONTO_TRE92_0144
TORONTO_TRE92_STU01570,TORONTO_TRE92_0109
TORONTO_TRE92_STU01570,TORONTO_TRE92_0161
TORONTO_TRE92_STU01570,TORONTO_TRE92_0164
TORONTO_TRE92_STU01571,TORONTO_TRE92_0027
TORONTO_TRE92_STU01571,TORONTO_TRE92_0105
TORONTO_TRE92_STU01571,TORONTO_TRE92_0111
TORONTO_TRE92_STU01572,TORONTO_TRE92_0097
TORONTO_TRE92_STU01572,TORONTO_TRE92_0104
TORONTO_TRE92_STU01573,TORONTO_TRE92_0221
TORONTO_TRE92_STU01573,TORONTO_TRE92_0229
TORONTO_TRE92_STU01573,TORONTO_TRE92_0230
TORONTO_TRE92_STU01573,TORONTO_TRE92_0231
TORONTO_TRE92_STU01574,TORONTO_TRE92_0226
TORONTO_TRE92_STU01574,TORONTO_TRE92_0229
TORONTO_TRE92_STU01574,TORONTO_TRE92_0230
TORONTO_TRE92_STU01575,TORONTO_TRE92_0096
TORONTO_TRE92_STU01575,TORONTO_TRE92_0159
TORONTO_TRE92_STU01576,TORONTO_TRE92_0094
TORONTO_TRE92_STU01576,TORONTO_TRE92_0139
TORONTO_TRE92_STU01576,TORONTO_TRE92_0214
TORONTO_TRE92_STU01577,TORONTO_TRE92_0006
TORONTO_TRE92_STU01577,TORONTO_TRE92_0008
TORONTO_TRE92_STU01577,TORONTO_TRE92_0092
TORONTO_TRE92_STU01578,TORONTO_TRE92_0159
TORONTO_TRE92_STU01578,TORONTO_TRE92_0189
TORONTO_TRE92_STU01579,TORONTO_TRE92_0108
TORONTO_TRE92_STU01579,TORONTO_TRE92_0158
TORONTO_TRE92_STU01579,TORONTO_TRE92_0163
TORONTO_TRE92_STU01579,TORONTO_TRE92_0164
TORONTO_TRE92_STU01580,TORONTO_TRE92_0050
TORONTO_TRE92_STU01580,TORONTO_TRE92_0098
TORONTO_TRE92_STU01580,TORONTO_TRE92_0100
TORONTO_TRE92_STU01580,TORONTO_TRE92_0102
TORONTO_TRE92_STU01580,TORONTO_TRE92_0199
TORONTO_TRE92_STU01581,TORONTO_TRE92_0004
TORONTO_TRE92_STU01581,TORONTO_TRE92_0005
TORONTO_TRE92_STU01581,TORONTO_TRE92_0093
TORONTO_TRE92_STU01582,TORONTO_TRE92_0013
TORONTO_TRE92_STU01582,TORONTO_TRE92_0019
TORONTO_TRE92_STU01583,TORONTO_TRE92_0043
TORONTO_TRE92_STU01583,TORONTO_TRE92_0069
TORONTO_TRE92_STU01583,TORONTO_TRE92_0158
TORONTO_TRE92_STU01583,TORONTO_TRE92_0159
TORONTO_TRE92_STU01583,TORONTO_TRE92_0160
TORONTO_TRE92_STU01584,TORONTO_TRE92_0107
TORONTO_TRE92_STU01584,TORONTO_TRE92_0161
TORONTO_TRE92_STU01584,TORONTO_TRE92_0163
TORONTO_TRE92_STU01584,TORONTO_TRE92_0165
TORONTO_TRE92_STU01584,TORONTO_TRE92_0220
TORONTO_TRE92_STU01585,TORONTO_TRE92_0119
TORONTO_TRE92_STU01586,TORONTO_TRE92_0145
TORONTO_TRE92_STU01586,TORONTO_TRE92_0182
TORONTO_TRE92_STU01586,TORONTO_TRE92_0183
TORONTO_TRE92_STU01587,TORONTO_TRE92_0013
TORONTO_TRE92_STU01587,TORONTO_TRE92_0046
TORONTO_TRE92_STU01588,TORONTO_TRE92_0156
TORONTO_TRE92_STU01588,TORONTO_TRE92_0160
TORONTO_TRE92_STU01588,TORONTO_TRE92_0164
TORONTO_TRE92_STU01589,TORONTO_TRE92_0031
TORONTO_TRE92_STU01589,TORONTO_TRE92_0039
TORONTO_TRE92_STU01589,TORONTO_TRE92_0059
TORONTO_TRE92_STU01589,TORONTO_TRE92_0063
TORONTO_TRE92_STU01590,TORONTO_TRE92_0225
TORONTO_TRE92_STU01590,TORONTO_TRE92_0227
TORONTO_TRE92_STU01591,TORONTO_TRE92_0097
TORONTO_TRE92_STU01591,TORONTO_TRE92_0100
TORONTO_TRE92_STU01591,TORONTO_TRE92_0101
TORONTO_TRE92_STU01592,TORONTO_TRE92_0039
TORONTO_TRE92_STU01592,TORONTO_TRE92_0041
TORONTO_TRE92_STU01593,TORONTO_TRE92_0025
TORONTO_TRE92_STU01593,TORONTO_TRE92_0256
TORONTO_TRE92_STU01594,TORONTO_TRE92_0247
TORONTO_TRE92_STU01594,TORONTO_TRE92_0250
TORONTO_TRE92_STU01595,TORONTO_TRE92_0109
TORONTO_TRE92_STU01595,TORONTO_TRE92_0248
TORONTO_TRE92_STU01595,TORONTO_TRE92_0252
TORONTO_TRE92_STU01596,TORONTO_TRE92_0160
TORONTO_TRE92_STU01596,TORONTO_TRE92_0204
TORONTO_TRE92_STU01596,TORONTO_TRE92_0206
TORONTO_TRE92_STU01596,TORONTO_TRE92_0208
TORONTO_TRE92_STU01596,TORONTO_TRE92_0212
TORONTO_TRE92_STU01597,TORONTO_TRE92_0007
TORONTO_TRE92_STU01597,TORONTO_TRE92_0092
TORONTO_TRE92_STU01597,TORONTO_TRE92_0196
TORONTO_TRE92_STU01597,TORONTO_TRE92_0206
TORONTO_TRE92_STU01598,TORONTO_TRE92_0191
TORONTO_TRE92_STU01598,TORONTO_TRE92_0205
TORONTO_TRE92_STU01599,TORONTO_TRE92_0004
TORONTO_TRE92_STU01599,TORONTO_TRE92_0006
TORONTO_TRE92_STU01599,TORONTO_TRE92_0224
TORONTO_TRE92_STU01599,TORONTO_TRE92_0226
TORONTO_TRE92_STU01599,TORONTO_TRE92_0227
TORONTO_TRE92_STU01600,TORONTO_TRE92_0223
TORONTO_TRE92_STU01600,TORONTO_TRE92_0225
TORONTO_TRE92_STU01600,TORONTO_TRE92_0230
TORONTO_TRE92_STU01600,TORONTO_TRE92_0231
TORONTO_TRE92_STU01601,TORONTO_TRE92_0220
TORONTO_TRE92_STU01601,TORONTO_TRE92_0221
TORONTO_TRE92_STU01601,TORONTO_TRE92_0226
TORONTO_TRE92_STU01602,TORONTO_TRE92_0105
TORONTO_TRE92_STU01602,TORONTO_TRE92_0107
TORONTO_TRE92_STU01602,TORONTO_TRE92_0151
TORONTO_TRE92_STU01602,TORONTO_TRE92_0230
TORONTO_TRE92_STU01603,TORONTO_TRE92_0098
TORONTO_TRE92_STU01603,TORONTO_TRE92_0101
TORONTO_TRE92_STU01603,TORONTO_TRE92_0214
TORONTO_TRE92_STU01604,TORONTO_TRE92_0226
TORONTO_TRE92_STU01604,TORONTO_TRE92_0229
TORONTO_TRE92_STU01604,TORONTO_TRE92_0231
TORONTO_TRE92_STU01605,TORONTO_TRE92_0038
TORONTO_TRE92_STU01605,TORONTO_TRE92_0111
TORONTO_TRE92_STU01605,TORONTO_TRE92_0141
TORONTO_TRE92_STU01605,TORONTO_TRE92_0142
TORONTO_TRE92_STU01606,TORONTO_TRE92_0015
TORONTO_TRE92_STU01606,TORONTO_TRE92_0028
TORONTO_TRE92_STU01606,TORONTO_TRE92_0115
TORONTO_TRE92_STU01606,TORONTO_TRE92_0223
TORONTO_TRE92_STU01606,TORONTO_TRE92_0224
TORONTO_TRE92_STU01607,TORONTO_TRE92_0031
TORONTO_TRE92_STU01607,TORONTO_TRE92_0040
TORONTO_TRE92_STU01607,TORONTO_TRE92_0112
TORONTO_TRE92_STU01608,TORONTO_TRE92_0035
TORONTO_TRE92_STU01608,TORONTO_TRE92_0036
TORONTO_TRE92_STU01608,TORONTO_TRE92_0064
TORONTO_TRE92_STU01608,TORONTO_TRE92_0256
TORONTO_TRE92_STU01609,TORONTO_TRE92_0038
TORONTO_TRE92_STU01609,TORONTO_TRE92_0042
TORONTO_TRE92_STU01609,TORONTO_TRE92_0046
TORONTO_TRE92_STU01610,TORONTO_TRE92_0031
TORONTO_TRE92_STU01610,TORONTO_TRE92_0040
TORONTO_TRE92_STU01610,TORONTO_TRE92_0114
TORONTO_TRE92_STU01611,TORONTO_TRE92_0163
TORONTO_TRE92_STU01611,TORONTO_TRE92_0169
TORONTO_TRE92_STU01611,TORONTO_TRE92_0206
TORONTO_TRE92_STU01611,TORONTO_TRE92_0207
TORONTO_TRE92_STU01612,TORONTO_TRE92_0126
TORONTO_TRE92_STU01612,TORONTO_TRE92_0204
TORONTO_TRE92_STU01612,TORONTO_TRE92_0206
TORONTO_TRE92_STU01612,TORONTO_TRE92_0209
TORONTO_TRE92_STU01613,TORONTO_TRE92_0012
TORONTO_TRE92_STU01613,TORONTO_TRE92_0019
TORONTO_TRE92_STU01613,TORONTO_TRE92_0051
TORONTO_TRE92_STU01614,TORONTO_TRE92_0002
TORONTO_TRE92_STU01614,TORONTO_TRE92_0006
TORONTO_TRE92_STU01614,TORONTO_TRE92_0084
TORONTO_TRE92_STU01614,TORONTO_TRE92_0093
TORONTO_TRE92_STU01614,TORONTO_TRE92_0123
TORONTO_TRE92_STU01615,TORONTO_TRE92_0005
TORONTO_TRE92_STU01615,TORONTO_TRE92_0008
TORONTO_TRE92_STU01615,TORONTO_TRE92_0086
TORONTO_TRE92_STU01616,TORONTO_TRE92_0056
TORONTO_TRE92_STU01616,TORONTO_TRE92_0182
TORONTO_TRE92_STU01616,TORONTO_TRE92_0238
TORONTO_TRE92_STU01616,TORONTO_TRE92_0239
TORONTO_TRE92_STU01616,TORONTO_TRE92_0244
TORONTO_TRE92_STU01617,TORONTO_TRE92_0175
TORONTO_TRE92_STU01617,TORONTO_TRE92_0182
TORONTO_TRE92_STU01617,TORONTO_TRE92_0238
TORONTO_TRE92_STU01617,TORONTO_TRE92_0239
TORONTO_TRE92_STU01618,TORONTO_TRE92_0101
TORONTO_TRE92_STU01618,TORONTO_TRE92_0222
TORONTO_TRE92_STU01618,TORONTO_TRE92_0224
TORONTO_TRE92_STU01618,TORONTO_TRE92_0230
TORONTO_TRE92_STU01619,TORONTO_TRE92_0007
TORONTO_TRE92_STU01619,TORONTO_TRE92_0075
TORONTO_TRE92_STU01619,TORONTO_TRE92_0076
TORONTO_TRE92_STU01619,TORONTO_TRE92_0078
TORONTO_TRE92_STU01619,TORONTO_TRE92_0223
TORONTO_TRE92_STU01620,TORONTO_TRE92_0254
TORONTO_TRE92_STU01620,TORONTO_TRE92_0261
TORONTO_TRE92_STU01621,TORONTO_TRE92_0015
TORONTO_TRE92_STU01621,TORONTO_TRE92_0019
TORONTO_TRE92_STU01622,TORONTO_TRE92_0085
TORONTO_TRE92_STU01622,TORONTO_TRE92_0086
TORONTO_TRE92_STU01622,TORONTO_TRE92_0087
TORONTO_TRE92_STU01622,TORONTO_TRE92_0088
TORONTO_TRE92_STU01622,TORONTO_TRE92_0092
TORONTO_TRE92_STU01623,TORONTO_TRE92_0031
TORONTO_TRE92_STU01623,TORONTO_TRE92_0111
TORONTO_TRE92_STU01623,TORONTO_TRE92_0115
TORONTO_TRE92_STU01624,TORONTO_TRE92_0012
TORONTO_TRE92_STU01624,TORONTO_TRE92_0218
TORONTO_TRE92_STU01624,TORONTO_TRE92_0249
TORONTO_TRE92_STU01624,TORONTO_TRE92_0250
TORONTO_TRE92_STU01624,TORONTO_TRE92_0252
TORONTO_TRE92_STU01625,TORONTO_TRE92_0016
TORONTO_TRE92_STU01625,TORONTO_TRE92_0019
TORONTO_TRE92_STU01625,TORONTO_TRE92_0097
TORONTO_TRE92_STU01625,TORONTO_TRE92_0109
TORONTO_TRE92_STU01626,TORONTO_TRE92_0047
TORONTO_TRE92_STU01626,TORONTO_TRE92_0049
TORONTO_TRE92_STU01626,TORONTO_TRE92_0104
TORONTO_TRE92_STU01627,TORONTO_TRE92_0031
TORONTO_TRE92_STU01628,TORONTO_TRE92_0044
TORONTO_TRE92_STU01629,TORONTO_TRE92_0019
TORONTO_TRE92_STU01629,TORONTO_TRE92_0224
TORONTO_TRE92_STU01629,TORONTO_TRE92_0226
TORONTO_TRE92_STU01629,TORONTO_TRE92_0227
TORONTO_TRE92_STU01630,TORONTO_TRE92_0037
TORONTO_TRE92_STU01630,TORONTO_TRE92_0039
TORONTO_TRE92_STU01631,TORONTO_TRE92_0161
TORONTO_TRE92_STU01631,TORONTO_TRE92_0165
TORONTO_TRE92_STU01631,TORONTO_TRE92_0170
TORONTO_TRE92_STU01631,TORONTO_TRE92_0226
TORONTO_TRE92_STU01632,TORONTO_TRE92_0078
TORONTO_TRE92_STU01632,TORONTO_TRE92_0181
TORONTO_TRE92_STU01632,TORONTO_TRE92_0182
TORONTO_TRE92_STU01633,TORONTO_TRE92_0112
TORONTO_TRE92_STU01633,TORONTO_TRE92_0151
TORONTO_TRE92_STU01634,TORONTO_TRE92_0035
TORONTO_TRE92_STU01634,TORONTO_TRE92_0041
TORONTO_TRE92_STU01634,TORONTO_TRE92_0229
TORONTO_TRE92_STU01634,TORONTO_TRE92_0230
TORONTO_TRE92_STU01635,TORONTO_TRE92_0004
TORONTO_TRE92_STU01635,TORONTO_TRE92_0073
TORONTO_TRE92_STU01635,TORONTO_TRE92_0093
TORONTO_TRE92_STU01636,TORONTO_TRE92_0006
TORONTO_TRE92_STU01636,TORONTO_TRE92_0088
TORONTO_TRE92_STU01636,TORONTO_TRE92_0089
TORONTO_TRE92_STU01636,TORONTO_TRE92_0093
TORONTO_TRE92_STU01636,TORONTO_TRE92_0120
TORONTO_TRE92_STU01637,TORONTO_TRE92_0108
TORONTO_TRE92_STU01637,TORONTO_TRE92_0109
TORONTO_TRE92_STU01637,TORONTO_TRE92_0159
TORONTO_TRE92_STU01637,TORONTO_TRE92_0161
TORONTO_TRE92_STU01638,TORONTO_TRE92_0221
TORONTO_TRE92_STU01638,TORONTO_TRE92_0226
TORONTO_TRE92_STU01639,TORONTO_TRE92_0093
TORONTO_TRE92_STU01639,TORONTO_TRE92_0247
TORONTO_TRE92_STU01639,TORONTO_TRE92_0249
TORONTO_TRE92_STU01640,TORONTO_TRE92_0035
TORONTO_TRE92_STU01640,TORONTO_TRE92_0057
TORONTO_TRE92_STU01640,TORONTO_TRE92_0059
TORONTO_TRE92_STU01640,TORONTO_TRE92_0064
TORONTO_TRE92_STU01640,TORONTO_TRE92_0258
TORONTO_TRE92_STU01641,TORONTO_TRE92_0070
TORONTO_TRE92_STU01641,TORONTO_TRE92_0105
TORONTO_TRE92_STU01641,TORONTO_TRE92_0107
TORONTO_TRE92_STU01642,TORONTO_TRE92_0110
TORONTO_TRE92_STU01642,TORONTO_TRE92_0114
TORONTO_TRE92_STU01642,TORONTO_TRE92_0204
TORONTO_TRE92_STU01642,TORONTO_TRE92_0206
TORONTO_TRE92_STU01643,TORONTO_TRE92_0015
TORONTO_TRE92_STU01643,TORONTO_TRE92_0056
TORONTO_TRE92_STU01643,TORONTO_TRE92_0057
TORONTO_TRE92_STU01643,TORONTO_TRE92_0064
TORONTO_TRE92_STU01643,TORONTO_TRE92_0234
TORONTO_TRE92_STU01644,TORONTO_TRE92_0056
TORONTO_TRE92_STU01644,TORONTO_TRE92_0058
TORONTO_TRE92_STU01644,TORONTO_TRE92_0117
TORONTO_TRE92_STU01644,TORONTO_TRE92_0234
TORONTO_TRE92_STU01645,TORONTO_TRE92_0078
TORONTO_TRE92_STU01645,TORONTO_TRE92_0182
TORONTO_TRE92_STU01645,TORONTO_TRE92_0256
TORONTO_TRE92_STU01646,TORONTO_TRE92_0032
TORONTO_TRE92_STU01646,TORONTO_TRE92_0060
TORONTO_TRE92_STU01646,TORONTO_TRE92_0083
TORONTO_TRE92_STU01646,TORONTO_TRE92_0093
TORONTO_TRE92_STU01647,TORONTO_TRE92_0077
TORONTO_TRE92_STU01647,TORONTO_TRE92_0078
TORONTO_TRE92_STU01647,TORONTO_TRE92_0089
TORONTO_TRE92_STU01648,TORONTO_TRE92_0085
TORONTO_TRE92_STU01648,TORONTO_TRE92_0086
TORONTO_TRE92_STU01648,TORONTO_TRE92_0089
TORONTO_TRE92_STU01648,TORONTO_TRE92_0093
TORONTO_TRE92_STU01648,TORONTO_TRE92_0255
TORONTO_TRE92_STU01649,TORONTO_TRE92_0232
TORONTO_TRE92_STU01650,TORONTO_TRE92_0140
TORONTO_TRE92_STU01650,TORONTO_TRE92_0141
TORONTO_TRE92_STU01650,TORONTO_TRE92_0142
TORONTO_TRE92_STU01650,TORONTO_TRE92_0159
TORONTO_TRE92_STU01650,TORONTO_TRE92_0165
TORONTO_TRE92_STU01651,TORONTO_TRE92_0087
TORONTO_TRE92_STU01651,TORONTO_TRE92_0088
TORONTO_TRE92_STU01651,TORONTO_TRE92_0089
TORONTO_TRE92_STU01652,TORONTO_TRE92_0034
TORONTO_TRE92_STU01652,TORONTO_TRE92_0053
TORONTO_TRE92_STU01653,TORONTO_TRE92_0046
TORONTO_TRE92_STU01654,TORONTO_TRE92_0101
TORONTO_TRE92_STU01654,TORONTO_TRE92_0221
TORONTO_TRE92_STU01655,TORONTO_TRE92_0081
TORONTO_TRE92_STU01656,TORONTO_TRE92_0147
TORONTO_TRE92_STU01656,TORONTO_TRE92_0151
TORONTO_TRE92_STU01656,TORONTO_TRE92_0230
TORONTO_TRE92_STU01657,TORONTO_TRE92_0249
TORONTO_TRE92_STU01658,TORONTO_TRE92_0171
TORONTO_TRE92_STU01658,TORONTO_TRE92_0253
TORONTO_TRE92_STU01659,TORONTO_TRE92_0012
TORONTO_TRE92_STU01659,TORONTO_TRE92_0260
TORONTO_TRE92_STU01660,TORONTO_TRE92_0077
TORONTO_TRE92_STU01660,TORONTO_TRE92_0228
TORONTO_TRE92_STU01661,TORONTO_TRE92_0217
TORONTO_TRE92_STU01661,TORONTO_TRE92_0224
TORONTO_TRE92_STU01661,TORONTO_TRE92_0227
TORONTO_TRE92_STU01661,TORONTO_TRE92_0230
TORONTO_TRE92_STU01662,TORONTO_TRE92_0073
TORONTO_TRE92_STU01662,TORONTO_TRE92_0076
TORONTO_TRE92_STU01662,TORONTO_TRE92_0078
TORONTO_TRE92_STU01662,TORONTO_TRE92_0180
TORONTO_TRE92_STU01663,TORONTO_TRE92_0096
TORONTO_TRE92_STU01663,TORONTO_TRE92_0176
TORONTO_TRE92_STU01663,TORONTO_TRE92_0216
TORONTO_TRE92_STU01663,TORONTO_TRE92_0220
TORONTO_TRE92_STU01664,TORONTO_TRE92_0260
TORONTO_TRE92_STU01665,TORONTO_TRE92_0155
TORONTO_TRE92_STU01665,TORONTO_TRE92_0167
TORONTO_TRE92_STU01666,TORONTO_TRE92_0001
TORONTO_TRE92_STU01666,TORONTO_TRE92_0003
TORONTO_TRE92_STU01666,TORONTO_TRE92_0210
TORONTO_TRE92_STU01667,TORONTO_TRE92_0015
TORONTO_TRE92_STU01667,TORONTO_TRE92_0016
TORONTO_TRE92_STU01667,TORONTO_TRE92_0021
TORONTO_TRE92_STU01667,TORONTO_TRE92_0023
TORONTO_TRE92_STU01667,TORONTO_TRE92_0234
TORONTO_TRE92_STU01667,TORONTO_TRE92_0256
TORONTO_TRE92_STU01668,TORONTO_TRE92_0078
TORONTO_TRE92_STU01668,TORONTO_TRE92_0083
TORONTO_TRE92_STU01669,TORONTO_TRE92_0018
TORONTO_TRE92_STU01669,TORONTO_TRE92_0163
TORONTO_TRE92_STU01670,TORONTO_TRE92_0245
TORONTO_TRE92_STU01671,TORONTO_TRE92_0123
TORONTO_TRE92_STU01672,TORONTO_TRE92_0214
TORONTO_TRE92_STU01673,TORONTO_TRE92_0014
TORONTO_TRE92_STU01673,TORONTO_TRE92_0251
TORONTO_TRE92_STU01673,TORONTO_TRE92_0253
TORONTO_TRE92_STU01674,TORONTO_TRE92_0072
TORONTO_TRE92_STU01674,TORONTO_TRE92_0082
TORONTO_TRE92_STU01674,TORONTO_TRE92_0115
TORONTO_TRE92_STU01674,TORONTO_TRE92_0216
TORONTO_TRE92_STU01675,TORONTO_TRE92_0222
TORONTO_TRE92_STU01675,TORONTO_TRE92_0224
TORONTO_TRE92_STU01675,TORONTO_TRE92_0229
TORONTO_TRE92_STU01676,TORONTO_TRE92_0014
TORONTO_TRE92_STU01676,TORONTO_TRE92_0191
TORONTO_TRE92_STU01677,TORONTO_TRE92_0107
TORONTO_TRE92_STU01678,TORONTO_TRE92_0249
TORONTO_TRE92_STU01679,TORONTO_TRE92_0001
TORONTO_TRE92_STU01680,TORONTO_TRE92_0142
TORONTO_TRE92_STU01680,TORONTO_TRE92_0146
TORONTO_TRE92_STU01681,TORONTO_TRE92_0115
TORONTO_TRE92_STU01682,TORONTO_TRE92_0100
TORONTO_TRE92_STU01682,TORONTO_TRE92_0103
TORONTO_TRE92_STU01682,TORONTO_TRE92_0108
TORONTO_TRE92_STU01682,TORONTO_TRE92_0190
TORONTO_TRE92_STU01683,TORONTO_TRE92_0103
TORONTO_TRE92_STU01684,TORONTO_TRE92_0013
TORONTO_TRE92_STU01685,TORONTO_TRE92_0215
TORONTO_TRE92_STU01686,TORONTO_TRE92_0094
TORONTO_TRE92_STU01687,TORONTO_TRE92_0190
TORONTO_TRE92_STU01688,TORONTO_TRE92_0188
TORONTO_TRE92_STU01688,TORONTO_TRE92_0251
TORONTO_TRE92_STU01689,TORONTO_TRE92_0245
TORONTO_TRE92_STU01690,TORONTO_TRE92_0230
TORONTO_TRE92_STU01690,TORONTO_TRE92_0253
TORONTO_TRE92_STU01691,TORONTO_TRE92_0214
TORONTO_TRE92_STU01692,TORONTO_TRE92_0031
TORONTO_TRE92_STU01692,TORONTO_TRE92_0092
TORONTO_TRE92_STU01693,TORONTO_TRE92_0004
TORONTO_TRE92_STU01693,TORONTO_TRE92_0005
TORONTO_TRE92_STU01693,TORONTO_TRE92_0086
TORONTO_TRE92_STU01694,TORONTO_TRE92_0214
TORONTO_TRE92_STU01695,TORONTO_TRE92_0029
TORONTO_TRE92_STU01695,TORONTO_TRE92_0143
TORONTO_TRE92_STU01695,TORONTO_TRE92_0147
TORONTO_TRE92_STU01695,TORONTO_TRE92_0151
TORONTO_TRE92_STU01696,TORONTO_TRE92_0007
TORONTO_TRE92_STU01696,TORONTO_TRE92_0008
TORONTO_TRE92_STU01697,TORONTO_TRE92_0015
TORONTO_TRE92_STU01697,TORONTO_TRE92_0019
TORONTO_TRE92_STU01697,TORONTO_TRE92_0197
TORONTO_TRE92_STU01698,TORONTO_TRE92_0099
TORONTO_TRE92_STU01699,TORONTO_TRE92_0107
TORONTO_TRE92_STU01700,TORONTO_TRE92_0193
TORONTO_TRE92_STU01701,TORONTO_TRE92_0044
TORONTO_TRE92_STU01702,TORONTO_TRE92_0068
TORONTO_TRE92_STU01702,TORONTO_TRE92_0099
TORONTO_TRE92_STU01703,TORONTO_TRE92_0239
TORONTO_TRE92_STU01704,TORONTO_TRE92_0155
TORONTO_TRE92_STU01704,TORONTO_TRE92_0156
TORONTO_TRE92_STU01704,TORONTO_TRE92_0196
TORONTO_TRE92_STU01704,TORONTO_TRE92_0203
TORONTO_TRE92_STU01704,TORONTO_TRE92_0204
TORONTO_TRE92_STU01705,TORONTO_TRE92_0123
TORONTO_TRE92_STU01706,TORONTO_TRE92_0259
TORONTO_TRE92_STU01707,TORONTO_TRE92_0073
TORONTO_TRE92_STU01708,TORONTO_TRE92_0218
TORONTO_TRE92_STU01709,TORONTO_TRE92_0023
TORONTO_TRE92_STU01710,TORONTO_TRE92_0011
TORONTO_TRE92_STU01710,TORONTO_TRE92_0027
TORONTO_TRE92_STU01711,TORONTO_TRE92_0211
TORONTO_TRE92_STU01711,TORONTO_TRE92_0247
TORONTO_TRE92_STU01712,TORONTO_TRE92_0077
TORONTO_TRE92_STU01713,TORONTO_TRE92_0216
TORONTO_TRE92_STU01713,TORONTO_TRE92_0220
TORONTO_TRE92_STU01714,TORONTO_TRE92_0227
TORONTO_TRE92_STU01714,TORONTO_TRE92_0230
TORONTO_TRE92_STU01714,TORONTO_TRE92_0231
TORONTO_TRE92_STU01714,TORONTO_TRE92_0253
TORONTO_TRE92_STU01715,TORONTO_TRE92_0002
TORONTO_TRE92_STU01715,TORONTO_TRE92_0003
TORONTO_TRE92_STU01715,TORONTO_TRE92_0083
TORONTO_TRE92_STU01715,TORONTO_TRE92_0130
TORONTO_TRE92_STU01715,TORONTO_TRE92_0203
TORONTO_TRE92_STU01716,TORONTO_TRE92_0222
TORONTO_TRE92_STU01716,TORONTO_TRE92_0224
TORONTO_TRE92_STU01716,TORONTO_TRE92_0225
TORONTO_TRE92_STU01717,TORONTO_TRE92_0077
TORONTO_TRE92_STU01717,TORONTO_TRE92_0139
TORONTO_TRE92_STU01717,TORONTO_TRE92_0140
TORONTO_TRE92_STU01718,TORONTO_TRE92_0246
TORONTO_TRE92_STU01718,TORONTO_TRE92_0247
TORONTO_TRE92_STU01718,TORONTO_TRE92_0248
TORONTO_TRE92_STU01718,TORONTO_TRE92_0250
TORONTO_TRE92_STU01719,TORONTO_TRE92_0203
TORONTO_TRE92_STU01720,TORONTO_TRE92_0025
TORONTO_TRE92_STU01721,TORONTO_TRE92_0215
TORONTO_TRE92_STU01721,TORONTO_TRE92_0252
TORONTO_TRE92_STU01721,TORONTO_TRE92_0260
TORONTO_TRE92_STU01722,TORONTO_TRE92_0019
TORONTO_TRE92_STU01723,TORONTO_TRE92_0216
TORONTO_TRE92_STU01723,TORONTO_TRE92_0220
TORONTO_TRE92_STU01723,TORONTO_TRE92_0249
TORONTO_TRE92_STU01723,TORONTO_TRE92_0252
TORONTO_TRE92_STU01724,TORONTO_TRE92_0003
TORONTO_TRE92_STU01724,TORONTO_TRE92_0004
TORONTO_TRE92_STU01724,TORONTO_TRE92_0248
TORONTO_TRE92_STU01725,TORONTO_TRE92_0252
TORONTO_TRE92_STU01726,TORONTO_TRE92_0011
TORONTO_TRE92_STU01726,TORONTO_TRE92_0094
TORONTO_TRE92_STU01726,TORONTO_TRE92_0188
TORONTO_TRE92_STU01726,TORONTO_TRE92_0192
TORONTO_TRE92_STU01726,TORONTO_TRE92_0220
TORONTO_TRE92_STU01727,TORONTO_TRE92_0099
TORONTO_TRE92_STU01727,TORONTO_TRE92_0103
TORONTO_TRE92_STU01728,TORONTO_TRE92_0094
TORONTO_TRE92_STU01728,TORONTO_TRE92_0174
TORONTO_TRE92_STU01728,TORONTO_TRE92_0175
TORONTO_TRE92_STU01728,TORONTO_TRE92_0187
TORONTO_TRE92_STU01728,TORONTO_TRE92_0215
TORONTO_TRE92_STU01729,TORONTO_TRE92_0068
TORONTO_TRE92_STU01730,TORONTO_TRE92_0081
TORONTO_TRE92_STU01731,TORONTO_TRE92_0011
TORONTO_TRE92_STU01731,TORONTO_TRE92_0214
TORONTO_TRE92_STU01732,TORONTO_TRE92_0218
TORONTO_TRE92_STU01732,TORONTO_TRE92_0251
TORONTO_TRE92_STU01732,TORONTO_TRE92_0253
TORONTO_TRE92_STU01733,TORONTO_TRE92_0099
TORONTO_TRE92_STU01733,TORONTO_TRE92_0216
TORONTO_TRE92_STU01733,TORONTO_TRE92_0220
TORONTO_TRE92_STU01733,TORONTO_TRE92_0248
TORONTO_TRE92_STU01734,TORONTO_TRE92_0098
TORONTO_TRE92_STU01734,TORONTO_TRE92_0102
TORONTO_TRE92_STU01735,TORONTO_TRE92_0001
TORONTO_TRE92_STU01735,TORONTO_TRE92_0080
TORONTO_TRE92_STU01735,TORONTO_TRE92_0154
TORONTO_TRE92_STU01735,TORONTO_TRE92_0173
TORONTO_TRE92_STU01736,TORONTO_TRE92_0140
TORONTO_TRE92_STU01736,TORONTO_TRE92_0147
TORONTO_TRE92_STU01736,TORONTO_TRE92_0151
TORONTO_TRE92_STU01736,TORONTO_TRE92_0184
TORONTO_TRE92_STU01737,TORONTO_TRE92_0046
TORONTO_TRE92_STU01737,TORONTO_TRE92_0159
TORONTO_TRE92_STU01737,TORONTO_TRE92_0168
TORONTO_TRE92_STU01737,TORONTO_TRE92_0169
TORONTO_TRE92_STU01737,TORONTO_TRE92_0220
TORONTO_TRE92_STU01738,TORONTO_TRE92_0007
TORONTO_TRE92_STU01739,TORONTO_TRE92_0113
TORONTO_TRE92_STU01740,TORONTO_TRE92_0074
TORONTO_TRE92_STU01740,TORONTO_TRE92_0078
TORONTO_TRE92_STU01740,TORONTO_TRE92_0086
TORONTO_TRE92_STU01740,TORONTO_TRE92_0093
TORONTO_TRE92_STU01740,TORONTO_TRE92_0173
TORONTO_TRE92_STU01741,TORONTO_TRE92_0099
TORONTO_TRE92_STU01741,TORONTO_TRE92_0109
TORONTO_TRE92_STU01741,TORONTO_TRE92_0155
TORONTO_TRE92_STU01741,TORONTO_TRE92_0157
TORONTO_TRE92_STU01742,TORONTO_TRE92_0082
TORONTO_TRE92_STU01742,TORONTO_TRE92_0083
TORONTO_TRE92_STU01742,TORONTO_TRE92_0084
TORONTO_TRE92_STU01742,TORONTO_TRE92_0110
TORONTO_TRE92_STU01743,TORONTO_TRE92_0022
TORONTO_TRE92_STU01743,TORONTO_TRE92_0051
TORONTO_TRE92_STU01743,TORONTO_TRE92_0260
TORONTO_TRE92_STU01744,TORONTO_TRE92_0012
TORONTO_TRE92_STU01744,TORONTO_TRE92_0013
TORONTO_TRE92_STU01744,TORONTO_TRE92_0014
TORONTO_TRE92_STU01744,TORONTO_TRE92_0019
TORONTO_TRE92_STU01745,TORONTO_TRE92_0068
TORONTO_TRE92_STU01745,TORONTO_TRE92_0099
TORONTO_TRE92_STU01745,TORONTO_TRE92_0103
TORONTO_TRE92_STU01746,TORONTO_TRE92_0103
TORONTO_TRE92_STU01747,TORONTO_TRE92_0030
TORONTO_TRE92_STU01747,TORONTO_TRE92_0038
TORONTO_TRE92_STU01747,TORONTO_TRE92_0116
TORONTO_TRE92_STU01747,TORONTO_TRE92_0117
TORONTO_TRE92_STU01747,TORONTO_TRE92_0215
TORONTO_TRE92_STU01748,TORONTO_TRE92_0101
TORONTO_TRE92_STU01748,TORONTO_TRE92_0107
TORONTO_TRE92_STU01748,TORONTO_TRE92_0109
TORONTO_TRE92_STU01748,TORONTO_TRE92_0121
TORONTO_TRE92_STU01749,TORONTO_TRE92_0012
TORONTO_TRE92_STU01749,TORONTO_TRE92_0014
TORONTO_TRE92_STU01749,TORONTO_TRE92_0022
TORONTO_TRE92_STU01749,TORONTO_TRE92_0051
TORONTO_TRE92_STU01750,TORONTO_TRE92_0047
TORONTO_TRE92_STU01750,TORONTO_TRE92_0103
TORONTO_TRE92_STU01750,TORONTO_TRE92_0109
TORONTO_TRE92_STU01750,TORONTO_TRE92_0248
TORONTO_TRE92_STU01750,TORONTO_TRE92_0260
TORONTO_TRE92_STU01751,TORONTO_TRE92_0014
TORONTO_TRE92_STU01751,TORONTO_TRE92_0047
TORONTO_TRE92_STU01751,TORONTO_TRE92_0247
TORONTO_TRE92_STU01751,TORONTO_TRE92_0260
TORONTO_TRE92_STU01752,TORONTO_TRE92_0013
TORONTO_TRE92_STU01752,TORONTO_TRE92_0043
TORONTO_TRE92_STU01752,TORONTO_TRE92_0247
TORONTO_TRE92_STU01752,TORONTO_TRE92_0248
TORONTO_TRE92_STU01753,TORONTO_TRE92_0176
TORONTO_TRE92_STU01753,TORONTO_TRE92_0215
TORONTO_TRE92_STU01753,TORONTO_TRE92_0236
TORONTO_TRE92_STU01753,TORONTO_TRE92_0237
TORONTO_TRE92_STU01754,TORONTO_TRE92_0109
TORONTO_TRE92_STU01754,TORONTO_TRE92_0216
TORONTO_TRE92_STU01754,TORONTO_TRE92_0220
TORONTO_TRE92_STU01755,TORONTO_TRE92_0216
TORONTO_TRE92_STU01755,TORONTO_TRE92_0217
TORONTO_TRE92_STU01755,TORONTO_TRE92_0218
TORONTO_TRE92_STU01755,TORONTO_TRE92_0219
TORONTO_TRE92_STU01756,TORONTO_TRE92_0156
TORONTO_TRE92_STU01756,TORONTO_TRE92_0248
TORONTO_TRE92_STU01757,TORONTO_TRE92_0140
TORONTO_TRE92_STU01757,TORONTO_TRE92_0141
TORONTO_TRE92_STU01757,TORONTO_TRE92_0168
TORONTO_TRE92_STU01757,TORONTO_TRE92_0203
TORONTO_TRE92_STU01758,TORONTO_TRE92_0123
TORONTO_TRE92_STU01758,TORONTO_TRE92_0124
TORONTO_TRE92_STU01758,TORONTO_TRE92_0127
TORONTO_TRE92_STU01758,TORONTO_TRE92_0180
TORONTO_TRE92_STU01758,TORONTO_TRE92_0260
TORONTO_TRE92_STU01759,TORONTO_TRE92_0025
TORONTO_TRE92_STU01759,TORONTO_TRE92_0109
TORONTO_TRE92_STU01759,TORONTO_TRE92_0155
TORONTO_TRE92_STU01759,TORONTO_TRE92_0168
TORONTO_TRE92_STU01759,TORONTO_TRE92_0220
TORONTO_TRE92_STU01760,TORONTO_TRE92_0074
TORONTO_TRE92_STU01760,TORONTO_TRE92_0216
TORONTO_TRE92_STU01760,TORONTO_TRE92_0218
TORONTO_TRE92_STU01760,TORONTO_TRE92_0220
TORONTO_TRE92_STU01761,TORONTO_TRE92_0072
TORONTO_TRE92_STU01761,TORONTO_TRE92_0216
TORONTO_TRE92_STU01761,TORONTO_TRE92_0219
TORONTO_TRE92_STU01761,TORONTO_TRE92_0220
TORONTO_TRE92_STU01761,TORONTO_TRE92_0248
TORONTO_TRE92_STU01762,TORONTO_TRE92_0002
TORONTO_TRE92_STU01762,TORONTO_TRE92_0003
TORONTO_TRE92_STU01762,TORONTO_TRE92_0083
TORONTO_TRE92_STU01762,TORONTO_TRE92_0084
TORONTO_TRE92_STU01762,TORONTO_TRE92_0255
TORONTO_TRE92_STU01763,TORONTO_TRE92_0011
TORONTO_TRE92_STU01763,TORONTO_TRE92_0215
TORONTO_TRE92_STU01764,TORONTO_TRE92_0101
TORONTO_TRE92_STU01764,TORONTO_TRE92_0103
TORONTO_TRE92_STU01764,TORONTO_TRE92_0109
TORONTO_TRE92_STU01764,TORONTO_TRE92_0156
TORONTO_TRE92_STU01764,TORONTO_TRE92_0168
TORONTO_TRE92_STU01765,TORONTO_TRE92_0109
TORONTO_TRE92_STU01765,TORONTO_TRE92_0203
TORONTO_TRE92_STU01765,TORONTO_TRE92_0204
TORONTO_TRE92_STU01765,TORONTO_TRE92_0210
TORONTO_TRE92_STU01766,TORONTO_TRE92_0028
TORONTO_TRE92_STU01766,TORONTO_TRE92_0054
TORONTO_TRE92_STU01766,TORONTO_TRE92_0055
TORONTO_TRE92_STU01766,TORONTO_TRE92_0059
TORONTO_TRE92_STU01766,TORONTO_TRE92_0063
TORONTO_TRE92_STU01767,TORONTO_TRE92_0071
TORONTO_TRE92_STU01767,TORONTO_TRE92_0097
TORONTO_TRE92_STU01767,TORONTO_TRE92_0099
TORONTO_TRE92_STU01767,TORONTO_TRE92_0103
TORONTO_TRE92_STU01768,TORONTO_TRE92_0157
TORONTO_TRE92_STU01769,TORONTO_TRE92_0103
TORONTO_TRE92_STU01769,TORONTO_TRE92_0216
TORONTO_TRE92_STU01769,TORONTO_TRE92_0219
TORONTO_TRE92_STU01769,TORONTO_TRE92_0220
TORONTO_TRE92_STU01770,TORONTO_TRE92_0216
TORONTO_TRE92_STU01770,TORONTO_TRE92_0219
TORONTO_TRE92_STU01770,TORONTO_TRE92_0220
TORONTO_TRE92_STU01771,TORONTO_TRE92_0071
TORONTO_TRE92_STU01771,TORONTO_TRE92_0101
TORONTO_TRE92_STU01771,TORONTO_TRE92_0103
TORONTO_TRE92_STU01771,TORONTO_TRE92_0168
TORONTO_TRE92_STU01772,TORONTO_TRE92_0082
TORONTO_TRE92_STU01772,TORONTO_TRE92_0083
TORONTO_TRE92_STU01772,TORONTO_TRE92_0156
TORONTO_TRE92_STU01772,TORONTO_TRE92_0167
TORONTO_TRE92_STU01772,TORONTO_TRE92_0215
TORONTO_TRE92_STU01773,TORONTO_TRE92_0038
TORONTO_TRE92_STU01773,TORONTO_TRE92_0116
TORONTO_TRE92_STU01774,TORONTO_TRE92_0156
TORONTO_TRE92_STU01774,TORONTO_TRE92_0167
TORONTO_TRE92_STU01774,TORONTO_TRE92_0201
TORONTO_TRE92_STU01774,TORONTO_TRE92_0203
TORONTO_TRE92_STU01774,TORONTO_TRE92_0204
TORONTO_TRE92_STU01775,TORONTO_TRE92_0103
TORONTO_TRE92_STU01775,TORONTO_TRE92_0109
TORONTO_TRE92_STU01775,TORONTO_TRE92_0215
TORONTO_TRE92_STU01776,TORONTO_TRE92_0071
TORONTO_TRE92_STU01776,TORONTO_TRE92_0098
TORONTO_TRE92_STU01776,TORONTO_TRE92_0106
TORONTO_TRE92_STU01776,TORONTO_TRE92_0109
TORONTO_TRE92_STU01777,TORONTO_TRE92_0013
TORONTO_TRE92_STU01777,TORONTO_TRE92_0015
TORONTO_TRE92_STU01777,TORONTO_TRE92_0033
TORONTO_TRE92_STU01777,TORONTO_TRE92_0034
TORONTO_TRE92_STU01778,TORONTO_TRE92_0015
TORONTO_TRE92_STU01778,TORONTO_TRE92_0030
TORONTO_TRE92_STU01778,TORONTO_TRE92_0038
TORONTO_TRE92_STU01778,TORONTO_TRE92_0116
TORONTO_TRE92_STU01778,TORONTO_TRE92_0117
TORONTO_TRE92_STU01779,TORONTO_TRE92_0012
TORONTO_TRE92_STU01779,TORONTO_TRE92_0155
TORONTO_TRE92_STU01779,TORONTO_TRE92_0156
TORONTO_TRE92_STU01779,TORONTO_TRE92_0260
TORONTO_TRE92_STU01780,TORONTO_TRE92_0051
TORONTO_TRE92_STU01780,TORONTO_TRE92_0201
TORONTO_TRE92_STU01780,TORONTO_TRE92_0203
TORONTO_TRE92_STU01780,TORONTO_TRE92_0204
TORONTO_TRE92_STU01781,TORONTO_TRE92_0109
TORONTO_TRE92_STU01781,TORONTO_TRE92_0139
TORONTO_TRE92_STU01781,TORONTO_TRE92_0155
TORONTO_TRE92_STU01781,TORONTO_TRE92_0167
TORONTO_TRE92_STU01781,TORONTO_TRE92_0220
TORONTO_TRE92_STU01782,TORONTO_TRE92_0032
TORONTO_TRE92_STU01782,TORONTO_TRE92_0053
TORONTO_TRE92_STU01782,TORONTO_TRE92_0140
TORONTO_TRE92_STU01782,TORONTO_TRE92_0184
TORONTO_TRE92_STU01783,TORONTO_TRE92_0099
TORONTO_TRE92_STU01783,TORONTO_TRE92_0103
TORONTO_TRE92_STU01783,TORONTO_TRE92_0154
TORONTO_TRE92_STU01784,TORONTO_TRE92_0123
TORONTO_TRE92_STU01784,TORONTO_TRE92_0124
TORONTO_TRE92_STU01785,TORONTO_TRE92_0012
TORONTO_TRE92_STU01785,TORONTO_TRE92_0013
TORONTO_TRE92_STU01785,TORONTO_TRE92_0015
TORONTO_TRE92_STU01785,TORONTO_TRE92_0109
TORONTO_TRE92_STU01786,TORONTO_TRE92_0002
TORONTO_TRE92_STU01786,TORONTO_TRE92_0003
TORONTO_TRE92_STU01786,TORONTO_TRE92_0082
TORONTO_TRE92_STU01786,TORONTO_TRE92_0083
TORONTO_TRE92_STU01786,TORONTO_TRE92_0084
TORONTO_TRE92_STU01787,TORONTO_TRE92_0071
TORONTO_TRE92_STU01787,TORONTO_TRE92_0216
TORONTO_TRE92_STU01787,TORONTO_TRE92_0219
TORONTO_TRE92_STU01787,TORONTO_TRE92_0220
TORONTO_TRE92_STU01787,TORONTO_TRE92_0248
TORONTO_TRE92_STU01788,TORONTO_TRE92_0103
TORONTO_TRE92_STU01788,TORONTO_TRE92_0107
TORONTO_TRE92_STU01788,TORONTO_TRE92_0133
TORONTO_TRE92_STU01788,TORONTO_TRE92_0134
TORONTO_TRE92_STU01789,TORONTO_TRE92_0176
TORONTO_TRE92_STU01789,TORONTO_TRE92_0216
TORONTO_TRE92_STU01789,TORONTO_TRE92_0220
TORONTO_TRE92_STU01790,TORONTO_TRE92_0099
TORONTO_TRE92_STU01790,TORONTO_TRE92_0220
TORONTO_TRE92_STU01791,TORONTO_TRE92_0002
TORONTO_TRE92_STU01791,TORONTO_TRE92_0003
TORONTO_TRE92_STU01791,TORONTO_TRE92_0006
TORONTO_TRE92_STU01791,TORONTO_TRE92_0084
TORONTO_TRE92_STU01792,TORONTO_TRE92_0073
TORONTO_TRE92_STU01792,TORONTO_TRE92_0076
TORONTO_TRE92_STU01793,TORONTO_TRE92_0003
TORONTO_TRE92_STU01793,TORONTO_TRE92_0082
TORONTO_TRE92_STU01793,TORONTO_TRE92_0083
TORONTO_TRE92_STU01793,TORONTO_TRE92_0210
TORONTO_TRE92_STU01794,TORONTO_TRE92_0068
TORONTO_TRE92_STU01794,TORONTO_TRE92_0155
TORONTO_TRE92_STU01794,TORONTO_TRE92_0156
TORONTO_TRE92_STU01794,TORONTO_TRE92_0203
TORONTO_TRE92_STU01794,TORONTO_TRE92_0210
TORONTO_TRE92_STU01795,TORONTO_TRE92_0049
TORONTO_TRE92_STU01795,TORONTO_TRE92_0099
TORONTO_TRE92_STU01795,TORONTO_TRE92_0103
TORONTO_TRE92_STU01795,TORONTO_TRE92_0109
TORONTO_TRE92_STU01795,TORONTO_TRE92_0220
TORONTO_TRE92_STU01796,TORONTO_TRE92_0038
TORONTO_TRE92_STU01796,TORONTO_TRE92_0116
TORONTO_TRE92_STU01796,TORONTO_TRE92_0117
TORONTO_TRE92_STU01796,TORONTO_TRE92_0140
TORONTO_TRE92_STU01797,TORONTO_TRE92_0099
TORONTO_TRE92_STU01797,TORONTO_TRE92_0188
TORONTO_TRE92_STU01798,TORONTO_TRE92_0109
TORONTO_TRE92_STU01798,TORONTO_TRE92_0157
TORONTO_TRE92_STU01798,TORONTO_TRE92_0168
TORONTO_TRE92_STU01799,TORONTO_TRE92_0216
TORONTO_TRE92_STU01799,TORONTO_TRE92_0220
TORONTO_TRE92_STU01800,TORONTO_TRE92_0012
TORONTO_TRE92_STU01800,TORONTO_TRE92_0013
TORONTO_TRE92_STU01800,TORONTO_TRE92_0168
TORONTO_TRE92_STU01800,TORONTO_TRE92_0214
TORONTO_TRE92_STU01801,TORONTO_TRE92_0002
TORONTO_TRE92_STU01801,TORONTO_TRE92_0003
TORONTO_TRE92_STU01801,TORONTO_TRE92_0072
TORONTO_TRE92_STU01801,TORONTO_TRE92_0082
TORONTO_TRE92_STU01801,TORONTO_TRE92_0084
TORONTO_TRE92_STU01802,TORONTO_TRE92_0140
TORONTO_TRE92_STU01802,TORONTO_TRE92_0141
TORONTO_TRE92_STU01802,TORONTO_TRE92_0176
TORONTO_TRE92_STU01802,TORONTO_TRE92_0180
TORONTO_TRE92_STU01802,TORONTO_TRE92_0215
TORONTO_TRE92_STU01803,TORONTO_TRE92_0029
TORONTO_TRE92_STU01803,TORONTO_TRE92_0030
TORONTO_TRE92_STU01803,TORONTO_TRE92_0055
TORONTO_TRE92_STU01803,TORONTO_TRE92_0063
TORONTO_TRE92_STU01803,TORONTO_TRE92_0215
TORONTO_TRE92_STU01804,TORONTO_TRE92_0014
TORONTO_TRE92_STU01804,TORONTO_TRE92_0101
TORONTO_TRE92_STU01804,TORONTO_TRE92_0103
TORONTO_TRE92_STU01804,TORONTO_TRE92_0139
TORONTO_TRE92_STU01805,TORONTO_TRE92_0038
TORONTO_TRE92_STU01805,TORONTO_TRE92_0052
TORONTO_TRE92_STU01805,TORONTO_TRE92_0063
TORONTO_TRE92_STU01805,TORONTO_TRE92_0072
TORONTO_TRE92_STU01805,TORONTO_TRE92_0117
TORONTO_TRE92_STU01806,TORONTO_TRE92_0042
TORONTO_TRE92_STU01806,TORONTO_TRE92_0044
TORONTO_TRE92_STU01806,TORONTO_TRE92_0123
TORONTO_TRE92_STU01806,TORONTO_TRE92_0127
TORONTO_TRE92_STU01806,TORONTO_TRE92_0260
TORONTO_TRE92_STU01807,TORONTO_TRE92_0002
TORONTO_TRE92_STU01807,TORONTO_TRE92_0003
TORONTO_TRE92_STU01807,TORONTO_TRE92_0084
TORONTO_TRE92_STU01807,TORONTO_TRE92_0260
TORONTO_TRE92_STU01808,TORONTO_TRE92_0054
TORONTO_TRE92_STU01808,TORONTO_TRE92_0055
TORONTO_TRE92_STU01808,TORONTO_TRE92_0063
TORONTO_TRE92_STU01808,TORONTO_TRE92_0175
TORONTO_TRE92_STU01808,TORONTO_TRE92_0215
TORONTO_TRE92_STU01809,TORONTO_TRE92_0101
TORONTO_TRE92_STU01809,TORONTO_TRE92_0109
TORONTO_TRE92_STU01809,TORONTO_TRE92_0156
TORONTO_TRE92_STU01809,TORONTO_TRE92_0196
TORONTO_TRE92_STU01810,TORONTO_TRE92_0155
TORONTO_TRE92_STU01810,TORONTO_TRE92_0157
TORONTO_TRE92_STU01811,TORONTO_TRE92_0038
TORONTO_TRE92_STU01811,TORONTO_TRE92_0111
TORONTO_TRE92_STU01811,TORONTO_TRE92_0116
TORONTO_TRE92_STU01811,TORONTO_TRE92_0117
TORONTO_TRE92_STU01812,TORONTO_TRE92_0099
TORONTO_TRE92_STU01812,TORONTO_TRE92_0154
TORONTO_TRE92_STU01812,TORONTO_TRE92_0220
TORONTO_TRE92_STU01813,TORONTO_TRE92_0031
TORONTO_TRE92_STU01813,TORONTO_TRE92_0038
TORONTO_TRE92_STU01813,TORONTO_TRE92_0116
TORONTO_TRE92_STU01813,TORONTO_TRE92_0117
TORONTO_TRE92_STU01814,TORONTO_TRE92_0011
TORONTO_TRE92_STU01814,TORONTO_TRE92_0027
TORONTO_TRE92_STU01814,TORONTO_TRE92_0068
TORONTO_TRE92_STU01814,TORONTO_TRE92_0216
TORONTO_TRE92_STU01814,TORONTO_TRE92_0220
TORONTO_TRE92_STU01815,TORONTO_TRE92_0030
TORONTO_TRE92_STU01815,TORONTO_TRE92_0038
TORONTO_TRE92_STU01815,TORONTO_TRE92_0041
TORONTO_TRE92_STU01815,TORONTO_TRE92_0214
TORONTO_TRE92_STU01816,TORONTO_TRE92_0123
TORONTO_TRE92_STU01816,TORONTO_TRE92_0124
TORONTO_TRE92_STU01816,TORONTO_TRE92_0127
TORONTO_TRE92_STU01816,TORONTO_TRE92_0216
TORONTO_TRE92_STU01816,TORONTO_TRE92_0217
TORONTO_TRE92_STU01817,TORONTO_TRE92_0194
TORONTO_TRE92_STU01817,TORONTO_TRE92_0195
TORONTO_TRE92_STU01817,TORONTO_TRE92_0204
TORONTO_TRE92_STU01817,TORONTO_TRE92_0210
TORONTO_TRE92_STU01817,TORONTO_TRE92_0256
TORONTO_TRE92_STU01818,TORONTO_TRE92_0038
TORONTO_TRE92_STU01818,TORONTO_TRE92_0063
TORONTO_TRE92_STU01818,TORONTO_TRE92_0099
TORONTO_TRE92_STU01818,TORONTO_TRE92_0116
TORONTO_TRE92_STU01818,TORONTO_TRE92_0117
TORONTO_TRE92_STU01819,TORONTO_TRE92_0038
TORONTO_TRE92_STU01819,TORONTO_TRE92_0110
TORONTO_TRE92_STU01819,TORONTO_TRE92_0116
TORONTO_TRE92_STU01819,TORONTO_TRE92_0117
TORONTO_TRE92_STU01820,TORONTO_TRE92_0216
TORONTO_TRE92_STU01820,TORONTO_TRE92_0219
TORONTO_TRE92_STU01820,TORONTO_TRE92_0247
TORONTO_TRE92_STU01821,TORONTO_TRE92_0047
TORONTO_TRE92_STU01821,TORONTO_TRE92_0249
TORONTO_TRE92_STU01821,TORONTO_TRE92_0260
TORONTO_TRE92_STU01822,TORONTO_TRE92_0019
TORONTO_TRE92_STU01822,TORONTO_TRE92_0099
TORONTO_TRE92_STU01822,TORONTO_TRE92_0103
TORONTO_TRE92_STU01823,TORONTO_TRE92_0014
TORONTO_TRE92_STU01823,TORONTO_TRE92_0097
TORONTO_TRE92_STU01823,TORONTO_TRE92_0216
TORONTO_TRE92_STU01823,TORONTO_TRE92_0220
TORONTO_TRE92_STU01824,TORONTO_TRE92_0047
TORONTO_TRE92_STU01824,TORONTO_TRE92_0100
TORONTO_TRE92_STU01824,TORONTO_TRE92_0103
TORONTO_TRE92_STU01825,TORONTO_TRE92_0002
TORONTO_TRE92_STU01825,TORONTO_TRE92_0003
TORONTO_TRE92_STU01825,TORONTO_TRE92_0072
TORONTO_TRE92_STU01825,TORONTO_TRE92_0082
TORONTO_TRE92_STU01825,TORONTO_TRE92_0084
TORONTO_TRE92_STU01826,TORONTO_TRE92_0038
TORONTO_TRE92_STU01826,TORONTO_TRE92_0111
TORONTO_TRE92_STU01826,TORONTO_TRE92_0116
TORONTO_TRE92_STU01826,TORONTO_TRE92_0214
TORONTO_TRE92_STU01827,TORONTO_TRE92_0002
TORONTO_TRE92_STU01827,TORONTO_TRE92_0003
TORONTO_TRE92_STU01827,TORONTO_TRE92_0072
TORONTO_TRE92_STU01827,TORONTO_TRE92_0082
TORONTO_TRE92_STU01827,TORONTO_TRE92_0084
TORONTO_TRE92_STU01828,TORONTO_TRE92_0068
TORONTO_TRE92_STU01828,TORONTO_TRE92_0155
TORONTO_TRE92_STU01828,TORONTO_TRE92_0157
TORONTO_TRE92_STU01828,TORONTO_TRE92_0189
TORONTO_TRE92_STU01829,TORONTO_TRE92_0103
TORONTO_TRE92_STU01829,TORONTO_TRE92_0109
TORONTO_TRE92_STU01829,TORONTO_TRE92_0193
TORONTO_TRE92_STU01829,TORONTO_TRE92_0216
TORONTO_TRE92_STU01829,TORONTO_TRE92_0220
TORONTO_TRE92_STU01830,TORONTO_TRE92_0127
TORONTO_TRE92_STU01830,TORONTO_TRE92_0180
TORONTO_TRE92_STU01830,TORONTO_TRE92_0182
TORONTO_TRE92_STU01830,TORONTO_TRE92_0214
TORONTO_TRE92_STU01831,TORONTO_TRE92_0030
TORONTO_TRE92_STU01831,TORONTO_TRE92_0038
TORONTO_TRE92_STU01831,TORONTO_TRE92_0216
TORONTO_TRE92_STU01831,TORONTO_TRE92_0217
TORONTO_TRE92_STU01831,TORONTO_TRE92_0220
TORONTO_TRE92_STU01832,TORONTO_TRE92_0157
TORONTO_TRE92_STU01832,TORONTO_TRE92_0194
TORONTO_TRE92_STU01832,TORONTO_TRE92_0199
TORONTO_TRE92_STU01833,TORONTO_TRE92_0097
TORONTO_TRE92_STU01833,TORONTO_TRE92_0103
TORONTO_TRE92_STU01833,TORONTO_TRE92_0109
TORONTO_TRE92_STU01834,TORONTO_TRE92_0099
TORONTO_TRE92_STU01834,TORONTO_TRE92_0103
TORONTO_TRE92_STU01834,TORONTO_TRE92_0157
TORONTO_TRE92_STU01834,TORONTO_TRE92_0219
TORONTO_TRE92_STU01835,TORONTO_TRE92_0052
TORONTO_TRE92_STU01835,TORONTO_TRE92_0176
TORONTO_TRE92_STU01835,TORONTO_TRE92_0236
TORONTO_TRE92_STU01835,TORONTO_TRE92_0237
TORONTO_TRE92_STU01836,TORONTO_TRE92_0099
TORONTO_TRE92_STU01836,TORONTO_TRE92_0155
TORONTO_TRE92_STU01836,TORONTO_TRE92_0168
TORONTO_TRE92_STU01836,TORONTO_TRE92_0216
TORONTO_TRE92_STU01836,TORONTO_TRE92_0220
TORONTO_TRE92_STU01837,TORONTO_TRE92_0038
TORONTO_TRE92_STU01837,TORONTO_TRE92_0110
TORONTO_TRE92_STU01837,TORONTO_TRE92_0116
TORONTO_TRE92_STU01837,TORONTO_TRE92_0117
TORONTO_TRE92_STU01838,TORONTO_TRE92_0042
TORONTO_TRE92_STU01838,TORONTO_TRE92_0044
TORONTO_TRE92_STU01838,TORONTO_TRE92_0110
TORONTO_TRE92_STU01838,TORONTO_TRE92_0115
TORONTO_TRE92_STU01838,TORONTO_TRE92_0167
TORONTO_TRE92_STU01839,TORONTO_TRE92_0028
TORONTO_TRE92_STU01839,TORONTO_TRE92_0055
TORONTO_TRE92_STU01839,TORONTO_TRE92_0072
TORONTO_TRE92_STU01840,TORONTO_TRE92_0116
TORONTO_TRE92_STU01840,TORONTO_TRE92_0117
TORONTO_TRE92_STU01840,TORONTO_TRE92_0140
TORONTO_TRE92_STU01840,TORONTO_TRE92_0142
TORONTO_TRE92_STU01840,TORONTO_TRE92_0184
TORONTO_TRE92_STU01841,TORONTO_TRE92_0106
TORONTO_TRE92_STU01841,TORONTO_TRE92_0107
TORONTO_TRE92_STU01842,TORONTO_TRE92_0099
TORONTO_TRE92_STU01842,TORONTO_TRE92_0109
TORONTO_TRE92_STU01843,TORONTO_TRE92_0029
TORONTO_TRE92_STU01843,TORONTO_TRE92_0030
TORONTO_TRE92_STU01843,TORONTO_TRE92_0038
TORONTO_TRE92_STU01843,TORONTO_TRE92_0044
TORONTO_TRE92_STU01844,TORONTO_TRE92_0030
TORONTO_TRE92_STU01844,TORONTO_TRE92_0038
TORONTO_TRE92_STU01844,TORONTO_TRE92_0144
TORONTO_TRE92_STU01844,TORONTO_TRE92_0220
TORONTO_TRE92_STU01845,TORONTO_TRE92_0002
TORONTO_TRE92_STU01845,TORONTO_TRE92_0003
TORONTO_TRE92_STU01845,TORONTO_TRE92_0082
TORONTO_TRE92_STU01845,TORONTO_TRE92_0083
TORONTO_TRE92_STU01845,TORONTO_TRE92_0084
TORONTO_TRE92_STU01846,TORONTO_TRE92_0073
TORONTO_TRE92_STU01846,TORONTO_TRE92_0074
TORONTO_TRE92_STU01846,TORONTO_TRE92_0140
TORONTO_TRE92_STU01846,TORONTO_TRE92_0141
TORONTO_TRE92_STU01846,TORONTO_TRE92_0147
TORONTO_TRE92_STU01847,TORONTO_TRE92_0103
TORONTO_TRE92_STU01847,TORONTO_TRE92_0136
TORONTO_TRE92_STU01848,TORONTO_TRE92_0124
TORONTO_TRE92_STU01848,TORONTO_TRE92_0125
TORONTO_TRE92_STU01848,TORONTO_TRE92_0220
TORONTO_TRE92_STU01848,TORONTO_TRE92_0249
TORONTO_TRE92_STU01849,TORONTO_TRE92_0030
TORONTO_TRE92_STU01849,TORONTO_TRE92_0033
TORONTO_TRE92_STU01849,TORONTO_TRE92_0038
TORONTO_TRE92_STU01849,TORONTO_TRE92_0110
TORONTO_TRE92_STU01850,TORONTO_TRE92_0216
TORONTO_TRE92_STU01850,TORONTO_TRE92_0218
TORONTO_TRE92_STU01850,TORONTO_TRE92_0220
TORONTO_TRE92_STU01850,TORONTO_TRE92_0253
TORONTO_TRE92_STU01851,TORONTO_TRE92_0099
TORONTO_TRE92_STU01851,TORONTO_TRE92_0103
TORONTO_TRE92_STU01851,TORONTO_TRE92_0109
TORONTO_TRE92_STU01851,TORONTO_TRE92_0216
TORONTO_TRE92_STU01851,TORONTO_TRE92_0220
TORONTO_TRE92_STU01852,TORONTO_TRE92_0082
TORONTO_TRE92_STU01852,TORONTO_TRE92_0083
TORONTO_TRE92_STU01852,TORONTO_TRE92_0084
TORONTO_TRE92_STU01852,TORONTO_TRE92_0127
TORONTO_TRE92_STU01852,TORONTO_TRE92_0168
TORONTO_TRE92_STU01853,TORONTO_TRE92_0101
TORONTO_TRE92_STU01853,TORONTO_TRE92_0103
TORONTO_TRE92_STU01854,TORONTO_TRE92_0042
TORONTO_TRE92_STU01854,TORONTO_TRE92_0043
TORONTO_TRE92_STU01854,TORONTO_TRE92_0044
TORONTO_TRE92_STU01854,TORONTO_TRE92_0047
TORONTO_TRE92_STU01854,TORONTO_TRE92_0260
TORONTO_TRE92_STU01855,TORONTO_TRE92_0030
TORONTO_TRE92_STU01855,TORONTO_TRE92_0038
TORONTO_TRE92_STU01855,TORONTO_TRE92_0184
TORONTO_TRE92_STU01856,TORONTO_TRE92_0220
TORONTO_TRE92_STU01856,TORONTO_TRE92_0247
TORONTO_TRE92_STU01857,TORONTO_TRE92_0189
TORONTO_TRE92_STU01857,TORONTO_TRE92_0190
TORONTO_TRE92_STU01857,TORONTO_TRE92_0196
TORONTO_TRE92_STU01858,TORONTO_TRE92_0029
TORONTO_TRE92_STU01858,TORONTO_TRE92_0030
TORONTO_TRE92_STU01858,TORONTO_TRE92_0038
TORONTO_TRE92_STU01858,TORONTO_TRE92_0041
TORONTO_TRE92_STU01858,TORONTO_TRE92_0184
TORONTO_TRE92_STU01859,TORONTO_TRE92_0103
TORONTO_TRE92_STU01859,TORONTO_TRE92_0109
TORONTO_TRE92_STU01859,TORONTO_TRE92_0157
TORONTO_TRE92_STU01859,TORONTO_TRE92_0168
TORONTO_TRE92_STU01859,TORONTO_TRE92_0220
TORONTO_TRE92_STU01859,TORONTO_TRE92_0245
TORONTO_TRE92_STU01860,TORONTO_TRE92_0038
TORONTO_TRE92_STU01860,TORONTO_TRE92_0082
TORONTO_TRE92_STU01860,TORONTO_TRE92_0083
TORONTO_TRE92_STU01860,TORONTO_TRE92_0084
TORONTO_TRE92_STU01860,TORONTO_TRE92_0110
TORONTO_TRE92_STU01861,TORONTO_TRE92_0012
TORONTO_TRE92_STU01861,TORONTO_TRE92_0014
TORONTO_TRE92_STU01861,TORONTO_TRE92_0015
TORONTO_TRE92_STU01861,TORONTO_TRE92_0019
TORONTO_TRE92_STU01862,TORONTO_TRE92_0216
TORONTO_TRE92_STU01862,TORONTO_TRE92_0220
TORONTO_TRE92_STU01862,TORONTO_TRE92_0260
TORONTO_TRE92_STU01863,TORONTO_TRE92_0011
TORONTO_TRE92_STU01863,TORONTO_TRE92_0103
TORONTO_TRE92_STU01863,TORONTO_TRE92_0106
TORONTO_TRE92_STU01863,TORONTO_TRE92_0192
TORONTO_TRE92_STU01863,TORONTO_TRE92_0220
TORONTO_TRE92_STU01864,TORONTO_TRE92_0156
TORONTO_TRE92_STU01864,TORONTO_TRE92_0168
TORONTO_TRE92_STU01864,TORONTO_TRE92_0216
TORONTO_TRE92_STU01864,TORONTO_TRE92_0219
TORONTO_TRE92_STU01864,TORONTO_TRE92_0220
TORONTO_TRE92_STU01865,TORONTO_TRE92_0078
TORONTO_TRE92_STU01865,TORONTO_TRE92_0195
TORONTO_TRE92_STU01865,TORONTO_TRE92_0200
TORONTO_TRE92_STU01866,TORONTO_TRE92_0022
TORONTO_TRE92_STU01866,TORONTO_TRE92_0051
TORONTO_TRE92_STU01866,TORONTO_TRE92_0134
TORONTO_TRE92_STU01866,TORONTO_TRE92_0136
TORONTO_TRE92_STU01867,TORONTO_TRE92_0098
TORONTO_TRE92_STU01867,TORONTO_TRE92_0201
TORONTO_TRE92_STU01867,TORONTO_TRE92_0203
TORONTO_TRE92_STU01867,TORONTO_TRE92_0204
TORONTO_TRE92_STU01867,TORONTO_TRE92_0210
TORONTO_TRE92_STU01868,TORONTO_TRE92_0038
TORONTO_TRE92_STU01868,TORONTO_TRE92_0044
TORONTO_TRE92_STU01868,TORONTO_TRE92_0110
TORONTO_TRE92_STU01868,TORONTO_TRE92_0111
TORONTO_TRE92_STU01869,TORONTO_TRE92_0038
TORONTO_TRE92_STU01869,TORONTO_TRE92_0116
TORONTO_TRE92_STU01869,TORONTO_TRE92_0189
TORONTO_TRE92_STU01870,TORONTO_TRE92_0071
TORONTO_TRE92_STU01870,TORONTO_TRE92_0099
TORONTO_TRE92_STU01870,TORONTO_TRE92_0155
TORONTO_TRE92_STU01870,TORONTO_TRE92_0157
TORONTO_TRE92_STU01871,TORONTO_TRE92_0044
TORONTO_TRE92_STU01871,TORONTO_TRE92_0110
TORONTO_TRE92_STU01871,TORONTO_TRE92_0196
TORONTO_TRE92_STU01871,TORONTO_TRE92_0246
TORONTO_TRE92_STU01872,TORONTO_TRE92_0094
TORONTO_TRE92_STU01872,TORONTO_TRE92_0101
TORONTO_TRE92_STU01872,TORONTO_TRE92_0192
TORONTO_TRE92_STU01873,TORONTO_TRE92_0049
TORONTO_TRE92_STU01873,TORONTO_TRE92_0092
TORONTO_TRE92_STU01873,TORONTO_TRE92_0156
TORONTO_TRE92_STU01873,TORONTO_TRE92_0167
TORONTO_TRE92_STU01873,TORONTO_TRE92_0214
TORONTO_TRE92_STU01874,TORONTO_TRE92_0054
TORONTO_TRE92_STU01874,TORONTO_TRE92_0055
TORONTO_TRE92_STU01874,TORONTO_TRE92_0073
TORONTO_TRE92_STU01874,TORONTO_TRE92_0074
TORONTO_TRE92_STU01874,TORONTO_TRE92_0176
TORONTO_TRE92_STU01875,TORONTO_TRE92_0022
TORONTO_TRE92_STU01875,TORONTO_TRE92_0051
TORONTO_TRE92_STU01875,TORONTO_TRE92_0081
TORONTO_TRE92_STU01875,TORONTO_TRE92_0128
TORONTO_TRE92_STU01875,TORONTO_TRE92_0258
TORONTO_TRE92_STU01876,TORONTO_TRE92_0101
TORONTO_TRE92_STU01876,TORONTO_TRE92_0157
TORONTO_TRE92_STU01877,TORONTO_TRE92_0144
TORONTO_TRE92_STU01877,TORONTO_TRE92_0151
TORONTO_TRE92_STU01877,TORONTO_TRE92_0156
TORONTO_TRE92_STU01877,TORONTO_TRE92_0168
TORONTO_TRE92_STU01878,TORONTO_TRE92_0029
TORONTO_TRE92_STU01878,TORONTO_TRE92_0030
TORONTO_TRE92_STU01878,TORONTO_TRE92_0038
TORONTO_TRE92_STU01878,TORONTO_TRE92_0054
TORONTO_TRE92_STU01878,TORONTO_TRE92_0063
TORONTO_TRE92_STU01879,TORONTO_TRE92_0068
TORONTO_TRE92_STU01879,TORONTO_TRE92_0156
TORONTO_TRE92_STU01879,TORONTO_TRE92_0260
TORONTO_TRE92_STU01880,TORONTO_TRE92_0025
TORONTO_TRE92_STU01880,TORONTO_TRE92_0042
TORONTO_TRE92_STU01880,TORONTO_TRE92_0155
TORONTO_TRE92_STU01880,TORONTO_TRE92_0156
TORONTO_TRE92_STU01880,TORONTO_TRE92_0167
TORONTO_TRE92_STU01881,TORONTO_TRE92_0156
TORONTO_TRE92_STU01881,TORONTO_TRE92_0168
TORONTO_TRE92_STU01881,TORONTO_TRE92_0220
TORONTO_TRE92_STU01881,TORONTO_TRE92_0247
TORONTO_TRE92_STU01882,TORONTO_TRE92_0099
TORONTO_TRE92_STU01882,TORONTO_TRE92_0103
TORONTO_TRE92_STU01882,TORONTO_TRE92_0220
TORONTO_TRE92_STU01883,TORONTO_TRE92_0013
TORONTO_TRE92_STU01883,TORONTO_TRE92_0216
TORONTO_TRE92_STU01883,TORONTO_TRE92_0220
TORONTO_TRE92_STU01884,TORONTO_TRE92_0025
TORONTO_TRE92_STU01884,TORONTO_TRE92_0216
TORONTO_TRE92_STU01884,TORONTO_TRE92_0220
TORONTO_TRE92_STU01885,TORONTO_TRE92_0176
TORONTO_TRE92_STU01885,TORONTO_TRE92_0215
TORONTO_TRE92_STU01886,TORONTO_TRE92_0068
TORONTO_TRE92_STU01886,TORONTO_TRE92_0156
TORONTO_TRE92_STU01886,TORONTO_TRE92_0168
TORONTO_TRE92_STU01886,TORONTO_TRE92_0190
TORONTO_TRE92_STU01887,TORONTO_TRE92_0081
TORONTO_TRE92_STU01887,TORONTO_TRE92_0115
TORONTO_TRE92_STU01887,TORONTO_TRE92_0216
TORONTO_TRE92_STU01887,TORONTO_TRE92_0217
TORONTO_TRE92_STU01887,TORONTO_TRE92_0218
TORONTO_TRE92_STU01888,TORONTO_TRE92_0082
TORONTO_TRE92_STU01888,TORONTO_TRE92_0084
TORONTO_TRE92_STU01888,TORONTO_TRE92_0247
TORONTO_TRE92_STU01889,TORONTO_TRE92_0050
TORONTO_TRE92_STU01889,TORONTO_TRE92_0095
TORONTO_TRE92_STU01889,TORONTO_TRE92_0203
TORONTO_TRE92_STU01889,TORONTO_TRE92_0204
TORONTO_TRE92_STU01889,TORONTO_TRE92_0205
TORONTO_TRE92_STU01890,TORONTO_TRE92_0080
TORONTO_TRE92_STU01890,TORONTO_TRE92_0082
TORONTO_TRE92_STU01890,TORONTO_TRE92_0083
TORONTO_TRE92_STU01890,TORONTO_TRE92_0084
TORONTO_TRE92_STU01890,TORONTO_TRE92_0255
TORONTO_TRE92_STU01891,TORONTO_TRE92_0029
TORONTO_TRE92_STU01891,TORONTO_TRE92_0030
TORONTO_TRE92_STU01891,TORONTO_TRE92_0038
TORONTO_TRE92_STU01891,TORONTO_TRE92_0063
TORONTO_TRE92_STU01891,TORONTO_TRE92_0245
TORONTO_TRE92_STU01892,TORONTO_TRE92_0157
TORONTO_TRE92_STU01893,TORONTO_TRE92_0215
TORONTO_TRE92_STU01893,TORONTO_TRE92_0246
TORONTO_TRE92_STU01893,TORONTO_TRE92_0260
TORONTO_TRE92_STU01894,TORONTO_TRE92_0030
TORONTO_TRE92_STU01894,TORONTO_TRE92_0033
TORONTO_TRE92_STU01894,TORONTO_TRE92_0038
TORONTO_TRE92_STU01894,TORONTO_TRE92_0110
TORONTO_TRE92_STU01894,TORONTO_TRE92_0117
TORONTO_TRE92_STU01895,TORONTO_TRE92_0109
TORONTO_TRE92_STU01895,TORONTO_TRE92_0189
TORONTO_TRE92_STU01895,TORONTO_TRE92_0190
TORONTO_TRE92_STU01896,TORONTO_TRE92_0051
TORONTO_TRE92_STU01896,TORONTO_TRE92_0203
TORONTO_TRE92_STU01896,TORONTO_TRE92_0205
TORONTO_TRE92_STU01897,TORONTO_TRE92_0012
TORONTO_TRE92_STU01897,TORONTO_TRE92_0013
TORONTO_TRE92_STU01897,TORONTO_TRE92_0157
TORONTO_TRE92_STU01898,TORONTO_TRE92_0216
TORONTO_TRE92_STU01898,TORONTO_TRE92_0220
TORONTO_TRE92_STU01898,TORONTO_TRE92_0247
TORONTO_TRE92_STU01898,TORONTO_TRE92_0248
TORONTO_TRE92_STU01899,TORONTO_TRE92_0099
TORONTO_TRE92_STU01899,TORONTO_TRE92_0101
TORONTO_TRE92_STU01899,TORONTO_TRE92_0103
TORONTO_TRE92_STU01899,TORONTO_TRE92_0157
TORONTO_TRE92_STU01900,TORONTO_TRE92_0216
TORONTO_TRE92_STU01900,TORONTO_TRE92_0219
TORONTO_TRE92_STU01900,TORONTO_TRE92_0220
TORONTO_TRE92_STU01900,TORONTO_TRE92_0248
TORONTO_TRE92_STU01901,TORONTO_TRE92_0103
TORONTO_TRE92_STU01901,TORONTO_TRE92_0109
TORONTO_TRE92_STU01901,TORONTO_TRE92_0216
TORONTO_TRE92_STU01901,TORONTO_TRE92_0220
TORONTO_TRE92_STU01901,TORONTO_TRE92_0260
TORONTO_TRE92_STU01902,TORONTO_TRE92_0100
TORONTO_TRE92_STU01902,TORONTO_TRE92_0103
TORONTO_TRE92_STU01902,TORONTO_TRE92_0105
TORONTO_TRE92_STU01902,TORONTO_TRE92_0167
TORONTO_TRE92_STU01903,TORONTO_TRE92_0002
TORONTO_TRE92_STU01903,TORONTO_TRE92_0003
TORONTO_TRE92_STU01903,TORONTO_TRE92_0073
TORONTO_TRE92_STU01903,TORONTO_TRE92_0075
TORONTO_TRE92_STU01903,TORONTO_TRE92_0083
TORONTO_TRE92_STU01903,TORONTO_TRE92_0084
TORONTO_TRE92_STU01904,TORONTO_TRE92_0140
TORONTO_TRE92_STU01905,TORONTO_TRE92_0012
TORONTO_TRE92_STU01905,TORONTO_TRE92_0013
TORONTO_TRE92_STU01905,TORONTO_TRE92_0015
TORONTO_TRE92_STU01905,TORONTO_TRE92_0019
TORONTO_TRE92_STU01905,TORONTO_TRE92_0068
TORONTO_TRE92_STU01906,TORONTO_TRE92_0073
TORONTO_TRE92_STU01906,TORONTO_TRE92_0095
TORONTO_TRE92_STU01906,TORONTO_TRE92_0175
TORONTO_TRE92_STU01906,TORONTO_TRE92_0176
TORONTO_TRE92_STU01907,TORONTO_TRE92_0165
TORONTO_TRE92_STU01908,TORONTO_TRE92_0154
TORONTO_TRE92_STU01908,TORONTO_TRE92_0192
TORONTO_TRE92_STU01908,TORONTO_TRE92_0215
TORONTO_TRE92_STU01908,TORONTO_TRE92_0246
TORONTO_TRE92_STU01909,TORONTO_TRE92_0082
TORONTO_TRE92_STU01909,TORONTO_TRE92_0083
TORONTO_TRE92_STU01909,TORONTO_TRE92_0084
TORONTO_TRE92_STU01909,TORONTO_TRE92_0092
TORONTO_TRE92_STU01909,TORONTO_TRE92_0255
TORONTO_TRE92_STU01910,TORONTO_TRE92_0189
TORONTO_TRE92_STU01910,TORONTO_TRE92_0191
TORONTO_TRE92_STU01911,TORONTO_TRE92_0038
TORONTO_TRE92_STU01911,TORONTO_TRE92_0044
TORONTO_TRE92_STU01911,TORONTO_TRE92_0116
TORONTO_TRE92_STU01911,TORONTO_TRE92_0140
TORONTO_TRE92_STU01911,TORONTO_TRE92_0144
TORONTO_TRE92_STU01912,TORONTO_TRE92_0012
TORONTO_TRE92_STU01912,TORONTO_TRE92_0013
TORONTO_TRE92_STU01913,TORONTO_TRE92_0068
TORONTO_TRE92_STU01913,TORONTO_TRE92_0150
TORONTO_TRE92_STU01913,TORONTO_TRE92_0156
TORONTO_TRE92_STU01913,TORONTO_TRE92_0258
TORONTO_TRE92_STU01914,TORONTO_TRE92_0216
TORONTO_TRE92_STU01914,TORONTO_TRE92_0219
TORONTO_TRE92_STU01914,TORONTO_TRE92_0220
TORONTO_TRE92_STU01914,TORONTO_TRE92_0260
TORONTO_TRE92_STU01915,TORONTO_TRE92_0123
TORONTO_TRE92_STU01915,TORONTO_TRE92_0124
TORONTO_TRE92_STU01915,TORONTO_TRE92_0126
TORONTO_TRE92_STU01915,TORONTO_TRE92_0167
TORONTO_TRE92_STU01915,TORONTO_TRE92_0168
TORONTO_TRE92_STU01916,TORONTO_TRE92_0109
TORONTO_TRE92_STU01916,TORONTO_TRE92_0216
TORONTO_TRE92_STU01916,TORONTO_TRE92_0220
TORONTO_TRE92_STU01916,TORONTO_TRE92_0246
TORONTO_TRE92_STU01917,TORONTO_TRE92_0013
TORONTO_TRE92_STU01917,TORONTO_TRE92_0018
TORONTO_TRE92_STU01917,TORONTO_TRE92_0156
TORONTO_TRE92_STU01918,TORONTO_TRE92_0044
TORONTO_TRE92_STU01918,TORONTO_TRE92_0110
TORONTO_TRE92_STU01918,TORONTO_TRE92_0203
TORONTO_TRE92_STU01918,TORONTO_TRE92_0204
TORONTO_TRE92_STU01919,TORONTO_TRE92_0068
TORONTO_TRE92_STU01919,TORONTO_TRE92_0155
TORONTO_TRE92_STU01919,TORONTO_TRE92_0157
TORONTO_TRE92_STU01919,TORONTO_TRE92_0247
TORONTO_TRE92_STU01920,TORONTO_TRE92_0044
TORONTO_TRE92_STU01920,TORONTO_TRE92_0110
TORONTO_TRE92_STU01920,TORONTO_TRE92_0193
TORONTO_TRE92_STU01921,TORONTO_TRE92_0103
TORONTO_TRE92_STU01921,TORONTO_TRE92_0105
TORONTO_TRE92_STU01921,TORONTO_TRE92_0192
TORONTO_TRE92_STU01922,TORONTO_TRE92_0012
TORONTO_TRE92_STU01922,TORONTO_TRE92_0014
TORONTO_TRE92_STU01922,TORONTO_TRE92_0051
TORONTO_TRE92_STU01923,TORONTO_TRE92_0029
TORONTO_TRE92_STU01923,TORONTO_TRE92_0030
TORONTO_TRE92_STU01923,TORONTO_TRE92_0032
TORONTO_TRE92_STU01923,TORONTO_TRE92_0216
TORONTO_TRE92_STU01923,TORONTO_TRE92_0220
TORONTO_TRE92_STU01924,TORONTO_TRE92_0046
TORONTO_TRE92_STU01924,TORONTO_TRE92_0130
TORONTO_TRE92_STU01924,TORONTO_TRE92_0133
TORONTO_TRE92_STU01924,TORONTO_TRE92_0165
TORONTO_TRE92_STU01924,TORONTO_TRE92_0171
TORONTO_TRE92_STU01925,TORONTO_TRE92_0140
TORONTO_TRE92_STU01925,TORONTO_TRE92_0141
TORONTO_TRE92_STU01925,TORONTO_TRE92_0142
TORONTO_TRE92_STU01926,TORONTO_TRE92_0012
TORONTO_TRE92_STU01926,TORONTO_TRE92_0013
TORONTO_TRE92_STU01926,TORONTO_TRE92_0248
TORONTO_TRE92_STU01927,TORONTO_TRE92_0027
TORONTO_TRE92_STU01927,TORONTO_TRE92_0101
TORONTO_TRE92_STU01927,TORONTO_TRE92_0103
TORONTO_TRE92_STU01927,TORONTO_TRE92_0109
TORONTO_TRE92_STU01928,TORONTO_TRE92_0106
TORONTO_TRE92_STU01928,TORONTO_TRE92_0189
TORONTO_TRE92_STU01929,TORONTO_TRE92_0030
TORONTO_TRE92_STU01929,TORONTO_TRE92_0038
TORONTO_TRE92_STU01929,TORONTO_TRE92_0121
TORONTO_TRE92_STU01929,TORONTO_TRE92_0127
TORONTO_TRE92_STU01929,TORONTO_TRE92_0220
TORONTO_TRE92_STU01930,TORONTO_TRE92_0069
TORONTO_TRE92_STU01930,TORONTO_TRE92_0155
TORONTO_TRE92_STU01930,TORONTO_TRE92_0220
TORONTO_TRE92_STU01930,TORONTO_TRE92_0247
TORONTO_TRE92_STU01931,TORONTO_TRE92_0025
TORONTO_TRE92_STU01931,TORONTO_TRE92_0096
TORONTO_TRE92_STU01931,TORONTO_TRE92_0109
TORONTO_TRE92_STU01931,TORONTO_TRE92_0216
TORONTO_TRE92_STU01931,TORONTO_TRE92_0220
TORONTO_TRE92_STU01932,TORONTO_TRE92_0073
TORONTO_TRE92_STU01932,TORONTO_TRE92_0077
TORONTO_TRE92_STU01932,TORONTO_TRE92_0078
TORONTO_TRE92_STU01932,TORONTO_TRE92_0127
TORONTO_TRE92_STU01932,TORONTO_TRE92_0180
TORONTO_TRE92_STU01933,TORONTO_TRE92_0100
TORONTO_TRE92_STU01933,TORONTO_TRE92_0103
TORONTO_TRE92_STU01933,TORONTO_TRE92_0124
TORONTO_TRE92_STU01934,TORONTO_TRE92_0014
TORONTO_TRE92_STU01934,TORONTO_TRE92_0216
TORONTO_TRE92_STU01934,TORONTO_TRE92_0218
TORONTO_TRE92_STU01934,TORONTO_TRE92_0220
TORONTO_TRE92_STU01935,TORONTO_TRE92_0012
TORONTO_TRE92_STU01935,TORONTO_TRE92_0013
TORONTO_TRE92_STU01935,TORONTO_TRE92_0015
TORONTO_TRE92_STU01935,TORONTO_TRE92_0248
TORONTO_TRE92_STU01936,TORONTO_TRE92_0014
TORONTO_TRE92_STU01936,TORONTO_TRE92_0068
TORONTO_TRE92_STU01936,TORONTO_TRE92_0132
TORONTO_TRE92_STU01936,TORONTO_TRE92_0155
TORONTO_TRE92_STU01936,TORONTO_TRE92_0168
TORONTO_TRE92_STU01937,TORONTO_TRE92_0038
TORONTO_TRE92_STU01937,TORONTO_TRE92_0055
TORONTO_TRE92_STU01937,TORONTO_TRE92_0110
TORONTO_TRE92_STU01937,TORONTO_TRE92_0116
TORONTO_TRE92_STU01938,TORONTO_TRE92_0038
TORONTO_TRE92_STU01938,TORONTO_TRE92_0140
TORONTO_TRE92_STU01938,TORONTO_TRE92_0144
TORONTO_TRE92_STU01938,TORONTO_TRE92_0184
TORONTO_TRE92_STU01939,TORONTO_TRE92_0235
TORONTO_TRE92_STU01940,TORONTO_TRE92_0156
TORONTO_TRE92_STU01940,TORONTO_TRE92_0168
TORONTO_TRE92_STU01940,TORONTO_TRE92_0220
TORONTO_TRE92_STU01940,TORONTO_TRE92_0247
TORONTO_TRE92_STU01941,TORONTO_TRE92_0047
TORONTO_TRE92_STU01941,TORONTO_TRE92_0155
TORONTO_TRE92_STU01941,TORONTO_TRE92_0156
TORONTO_TRE92_STU01941,TORONTO_TRE92_0216
TORONTO_TRE92_STU01942,TORONTO_TRE92_0083
TORONTO_TRE92_STU01942,TORONTO_TRE92_0115
TORONTO_TRE92_STU01943,TORONTO_TRE92_0155
TORONTO_TRE92_STU01943,TORONTO_TRE92_0167
TORONTO_TRE92_STU01943,TORONTO_TRE92_0191
TORONTO_TRE92_STU01944,TORONTO_TRE92_0002
TORONTO_TRE92_STU01944,TORONTO_TRE92_0030
TORONTO_TRE92_STU01944,TORONTO_TRE92_0038
TORONTO_TRE92_STU01944,TORONTO_TRE92_0116
TORONTO_TRE92_STU01944,TORONTO_TRE92_0117
TORONTO_TRE92_STU01945,TORONTO_TRE92_0014
TORONTO_TRE92_STU01945,TORONTO_TRE92_0123
TORONTO_TRE92_STU01945,TORONTO_TRE92_0124
TORONTO_TRE92_STU01945,TORONTO_TRE92_0127
TORONTO_TRE92_STU01945,TORONTO_TRE92_0220
TORONTO_TRE92_STU01946,TORONTO_TRE92_0156
TORONTO_TRE92_STU01946,TORONTO_TRE92_0168
TORONTO_TRE92_STU01946,TORONTO_TRE92_0203
TORONTO_TRE92_STU01946,TORONTO_TRE92_0204
TORONTO_TRE92_STU01947,TORONTO_TRE92_0014
TORONTO_TRE92_STU01947,TORONTO_TRE92_0156
TORONTO_TRE92_STU01947,TORONTO_TRE92_0167
TORONTO_TRE92_STU01947,TORONTO_TRE92_0220
TORONTO_TRE92_STU01948,TORONTO_TRE92_0189
TORONTO_TRE92_STU01948,TORONTO_TRE92_0191
TORONTO_TRE92_STU01948,TORONTO_TRE92_0216
TORONTO_TRE92_STU01948,TORONTO_TRE92_0219
TORONTO_TRE92_STU01949,TORONTO_TRE92_0123
TORONTO_TRE92_STU01949,TORONTO_TRE92_0216
TORONTO_TRE92_STU01949,TORONTO_TRE92_0218
TORONTO_TRE92_STU01949,TORONTO_TRE92_0220
TORONTO_TRE92_STU01949,TORONTO_TRE92_0246
TORONTO_TRE92_STU01950,TORONTO_TRE92_0189
TORONTO_TRE92_STU01951,TORONTO_TRE92_0260
TORONTO_TRE92_STU01952,TORONTO_TRE92_0047
TORONTO_TRE92_STU01952,TORONTO_TRE92_0109
TORONTO_TRE92_STU01952,TORONTO_TRE92_0260
TORONTO_TRE92_STU01953,TORONTO_TRE92_0012
TORONTO_TRE92_STU01953,TORONTO_TRE92_0013
TORONTO_TRE92_STU01953,TORONTO_TRE92_0015
TORONTO_TRE92_STU01953,TORONTO_TRE92_0109
TORONTO_TRE92_STU01954,TORONTO_TRE92_0081
TORONTO_TRE92_STU01954,TORONTO_TRE92_0176
TORONTO_TRE92_STU01954,TORONTO_TRE92_0220
TORONTO_TRE92_STU01955,TORONTO_TRE92_0189
TORONTO_TRE92_STU01955,TORONTO_TRE92_0190
TORONTO_TRE92_STU01956,TORONTO_TRE92_0038
TORONTO_TRE92_STU01956,TORONTO_TRE92_0044
TORONTO_TRE92_STU01956,TORONTO_TRE92_0094
TORONTO_TRE92_STU01956,TORONTO_TRE92_0110
TORONTO_TRE92_STU01956,TORONTO_TRE92_0115
TORONTO_TRE92_STU01957,TORONTO_TRE92_0038
TORONTO_TRE92_STU01957,TORONTO_TRE92_0116
TORONTO_TRE92_STU01957,TORONTO_TRE92_0117
TORONTO_TRE92_STU01957,TORONTO_TRE92_0184
TORONTO_TRE92_STU01958,TORONTO_TRE92_0012
TORONTO_TRE92_STU01958,TORONTO_TRE92_0015
TORONTO_TRE92_STU01958,TORONTO_TRE92_0099
TORONTO_TRE92_STU01958,TORONTO_TRE92_0103
TORONTO_TRE92_STU01958,TORONTO_TRE92_0106
TORONTO_TRE92_STU01959,TORONTO_TRE92_0029
TORONTO_TRE92_STU01959,TORONTO_TRE92_0030
TORONTO_TRE92_STU01959,TORONTO_TRE92_0038
TORONTO_TRE92_STU01959,TORONTO_TRE92_0044
TORONTO_TRE92_STU01959,TORONTO_TRE92_0116
TORONTO_TRE92_STU01960,TORONTO_TRE92_0068
TORONTO_TRE92_STU01960,TORONTO_TRE92_0094
TORONTO_TRE92_STU01960,TORONTO_TRE92_0101
TORONTO_TRE92_STU01960,TORONTO_TRE92_0106
TORONTO_TRE92_STU01960,TORONTO_TRE92_0147
TORONTO_TRE92_STU01961,TORONTO_TRE92_0030
TORONTO_TRE92_STU01961,TORONTO_TRE92_0096
TORONTO_TRE92_STU01961,TORONTO_TRE92_0155
TORONTO_TRE92_STU01961,TORONTO_TRE92_0156
TORONTO_TRE92_STU01961,TORONTO_TRE92_0184
TORONTO_TRE92_STU01962,TORONTO_TRE92_0099
TORONTO_TRE92_STU01962,TORONTO_TRE92_0124
TORONTO_TRE92_STU01962,TORONTO_TRE92_0126
TORONTO_TRE92_STU01963,TORONTO_TRE92_0099
TORONTO_TRE92_STU01963,TORONTO_TRE92_0103
TORONTO_TRE92_STU01963,TORONTO_TRE92_0220
TORONTO_TRE92_STU01964,TORONTO_TRE92_0140
TORONTO_TRE92_STU01964,TORONTO_TRE92_0150
TORONTO_TRE92_STU01964,TORONTO_TRE92_0167
TORONTO_TRE92_STU01964,TORONTO_TRE92_0176
TORONTO_TRE92_STU01965,TORONTO_TRE92_0028
TORONTO_TRE92_STU01965,TORONTO_TRE92_0053
TORONTO_TRE92_STU01965,TORONTO_TRE92_0216
TORONTO_TRE92_STU01965,TORONTO_TRE92_0217
TORONTO_TRE92_STU01966,TORONTO_TRE92_0030
TORONTO_TRE92_STU01966,TORONTO_TRE92_0038
TORONTO_TRE92_STU01966,TORONTO_TRE92_0052
TORONTO_TRE92_STU01966,TORONTO_TRE92_0063
TORONTO_TRE92_STU01966,TORONTO_TRE92_0108
TORONTO_TRE92_STU01967,TORONTO_TRE92_0103
TORONTO_TRE92_STU01967,TORONTO_TRE92_0155
TORONTO_TRE92_STU01967,TORONTO_TRE92_0157
TORONTO_TRE92_STU01967,TORONTO_TRE92_0216
TORONTO_TRE92_STU01967,TORONTO_TRE92_0219
TORONTO_TRE92_STU01968,TORONTO_TRE92_0045
TORONTO_TRE92_STU01968,TORONTO_TRE92_0072
TORONTO_TRE92_STU01968,TORONTO_TRE92_0109
TORONTO_TRE92_STU01968,TORONTO_TRE92_0167
TORONTO_TRE92_STU01968,TORONTO_TRE92_0234
TORONTO_TRE92_STU01969,TORONTO_TRE92_0011
TORONTO_TRE92_STU01969,TORONTO_TRE92_0072
TORONTO_TRE92_STU01969,TORONTO_TRE92_0156
TORONTO_TRE92_STU01969,TORONTO_TRE92_0157
TORONTO_TRE92_STU01970,TORONTO_TRE92_0072
TORONTO_TRE92_STU01970,TORONTO_TRE92_0140
TORONTO_TRE92_STU01970,TORONTO_TRE92_0144
TORONTO_TRE92_STU01970,TORONTO_TRE92_0194
TORONTO_TRE92_STU01970,TORONTO_TRE92_0196
TORONTO_TRE92_STU01971,TORONTO_TRE92_0029
TORONTO_TRE92_STU01971,TORONTO_TRE92_0030
TORONTO_TRE92_STU01971,TORONTO_TRE92_0167
TORONTO_TRE92_STU01971,TORONTO_TRE92_0216
TORONTO_TRE92_STU01971,TORONTO_TRE92_0217
TORONTO_TRE92_STU01972,TORONTO_TRE92_0003
TORONTO_TRE92_STU01972,TORONTO_TRE92_0115
TORONTO_TRE92_STU01972,TORONTO_TRE92_0203
TORONTO_TRE92_STU01972,TORONTO_TRE92_0205
TORONTO_TRE92_STU01973,TORONTO_TRE92_0098
TORONTO_TRE92_STU01973,TORONTO_TRE92_0101
TORONTO_TRE92_STU01973,TORONTO_TRE92_0109
TORONTO_TRE92_STU01973,TORONTO_TRE92_0218
TORONTO_TRE92_STU01974,TORONTO_TRE92_0011
TORONTO_TRE92_STU01974,TORONTO_TRE92_0027
TORONTO_TRE92_STU01974,TORONTO_TRE92_0115
TORONTO_TRE92_STU01974,TORONTO_TRE92_0214
TORONTO_TRE92_STU01974,TORONTO_TRE92_0246
TORONTO_TRE92_STU01975,TORONTO_TRE92_0029
TORONTO_TRE92_STU01975,TORONTO_TRE92_0030
TORONTO_TRE92_STU01975,TORONTO_TRE92_0038
TORONTO_TRE92_STU01975,TORONTO_TRE92_0110
TORONTO_TRE92_STU01975,TORONTO_TRE92_0214
TORONTO_TRE92_STU01976,TORONTO_TRE92_0216
TORONTO_TRE92_STU01976,TORONTO_TRE92_0220
TORONTO_TRE92_STU01976,TORONTO_TRE92_0256
TORONTO_TRE92_STU01977,TORONTO_TRE92_0012
TORONTO_TRE92_STU01977,TORONTO_TRE92_0014
TORONTO_TRE92_STU01977,TORONTO_TRE92_0216
TORONTO_TRE92_STU01977,TORONTO_TRE92_0220
TORONTO_TRE92_STU01978,TORONTO_TRE92_0099
TORONTO_TRE92_STU01978,TORONTO_TRE92_0103
TORONTO_TRE92_STU01978,TORONTO_TRE92_0109
TORONTO_TRE92_STU01978,TORONTO_TRE92_0245
TORONTO_TRE92_STU01979,TORONTO_TRE92_0038
TORONTO_TRE92_STU01979,TORONTO_TRE92_0176
TORONTO_TRE92_STU01979,TORONTO_TRE92_0180
TORONTO_TRE92_STU01979,TORONTO_TRE92_0215
TORONTO_TRE92_STU01980,TORONTO_TRE92_0011
TORONTO_TRE92_STU01980,TORONTO_TRE92_0216
TORONTO_TRE92_STU01980,TORONTO_TRE92_0220
TORONTO_TRE92_STU01981,TORONTO_TRE92_0099
TORONTO_TRE92_STU01981,TORONTO_TRE92_0102
TORONTO_TRE92_STU01981,TORONTO_TRE92_0168
TORONTO_TRE92_STU01982,TORONTO_TRE92_0030
TORONTO_TRE92_STU01982,TORONTO_TRE92_0038
TORONTO_TRE92_STU01982,TORONTO_TRE92_0116
TORONTO_TRE92_STU01982,TORONTO_TRE92_0215
TORONTO_TRE92_STU01983,TORONTO_TRE92_0014
TORONTO_TRE92_STU01983,TORONTO_TRE92_0132
TORONTO_TRE92_STU01983,TORONTO_TRE92_0134
TORONTO_TRE92_STU01983,TORONTO_TRE92_0135
TORONTO_TRE92_STU01983,TORONTO_TRE92_0256
TORONTO_TRE92_STU01984,TORONTO_TRE92_0099
TORONTO_TRE92_STU01984,TORONTO_TRE92_0109
TORONTO_TRE92_STU01984,TORONTO_TRE92_0216
TORONTO_TRE92_STU01984,TORONTO_TRE92_0219
TORONTO_TRE92_STU01984,TORONTO_TRE92_0220
TORONTO_TRE92_STU01985,TORONTO_TRE92_0216
TORONTO_TRE92_STU01985,TORONTO_TRE92_0220
TORONTO_TRE92_STU01985,TORONTO_TRE92_0249
TORONTO_TRE92_STU01986,TORONTO_TRE92_0099
TORONTO_TRE92_STU01986,TORONTO_TRE92_0219
TORONTO_TRE92_STU01986,TORONTO_TRE92_0247
TORONTO_TRE92_STU01986,TORONTO_TRE92_0255
TORONTO_TRE92_STU01987,TORONTO_TRE92_0099
TORONTO_TRE92_STU01987,TORONTO_TRE92_0219
TORONTO_TRE92_STU01987,TORONTO_TRE92_0247
TORONTO_TRE92_STU01987,TORONTO_TRE92_0255
TORONTO_TRE92_STU01988,TORONTO_TRE92_0014
TORONTO_TRE92_STU01988,TORONTO_TRE92_0110
TORONTO_TRE92_STU01988,TORONTO_TRE92_0216
TORONTO_TRE92_STU01988,TORONTO_TRE92_0220
TORONTO_TRE92_STU01989,TORONTO_TRE92_0082
TORONTO_TRE92_STU01989,TORONTO_TRE92_0083
TORONTO_TRE92_STU01989,TORONTO_TRE92_0084
TORONTO_TRE92_STU01989,TORONTO_TRE92_0140
TORONTO_TRE92_STU01990,TORONTO_TRE92_0099
TORONTO_TRE92_STU01990,TORONTO_TRE92_0102
TORONTO_TRE92_STU01990,TORONTO_TRE92_0216
TORONTO_TRE92_STU01990,TORONTO_TRE92_0219
TORONTO_TRE92_STU01990,TORONTO_TRE92_0260
TORONTO_TRE92_STU01991,TORONTO_TRE92_0073
TORONTO_TRE92_STU01991,TORONTO_TRE92_0075
TORONTO_TRE92_STU01991,TORONTO_TRE92_0083
TORONTO_TRE92_STU01991,TORONTO_TRE92_0084
TORONTO_TRE92_STU01991,TORONTO_TRE92_0205
TORONTO_TRE92_STU01992,TORONTO_TRE92_0012
TORONTO_TRE92_STU01992,TORONTO_TRE92_0013
TORONTO_TRE92_STU01992,TORONTO_TRE92_0025
TORONTO_TRE92_STU01992,TORONTO_TRE92_0051
TORONTO_TRE92_STU01992,TORONTO_TRE92_0188
TORONTO_TRE92_STU01993,TORONTO_TRE92_0012
TORONTO_TRE92_STU01993,TORONTO_TRE92_0015
TORONTO_TRE92_STU01993,TORONTO_TRE92_0030
TORONTO_TRE92_STU01993,TORONTO_TRE92_0032
TORONTO_TRE92_STU01994,TORONTO_TRE92_0101
TORONTO_TRE92_STU01994,TORONTO_TRE92_0103
TORONTO_TRE92_STU01994,TORONTO_TRE92_0140
TORONTO_TRE92_STU01994,TORONTO_TRE92_0141
TORONTO_TRE92_STU01994,TORONTO_TRE92_0147
TORONTO_TRE92_STU01995,TORONTO_TRE92_0038
TORONTO_TRE92_STU01995,TORONTO_TRE92_0044
TORONTO_TRE92_STU01995,TORONTO_TRE92_0110
TORONTO_TRE92_STU01996,TORONTO_TRE92_0045
TORONTO_TRE92_STU01996,TORONTO_TRE92_0124
TORONTO_TRE92_STU01996,TORONTO_TRE92_0126
TORONTO_TRE92_STU01996,TORONTO_TRE92_0127
TORONTO_TRE92_STU01996,TORONTO_TRE92_0220
TORONTO_TRE92_STU01997,TORONTO_TRE92_0167
TORONTO_TRE92_STU01997,TORONTO_TRE92_0203
TORONTO_TRE92_STU01997,TORONTO_TRE92_0204
TORONTO_TRE92_STU01998,TORONTO_TRE92_0051
TORONTO_TRE92_STU01998,TORONTO_TRE92_0205
TORONTO_TRE92_STU01998,TORONTO_TRE92_0216
TORONTO_TRE92_STU01998,TORONTO_TRE92_0220
TORONTO_TRE92_STU01998,TORONTO_TRE92_0255
TORONTO_TRE92_STU01999,TORONTO_TRE92_0012
TORONTO_TRE92_STU01999,TORONTO_TRE92_0013
TORONTO_TRE92_STU01999,TORONTO_TRE92_0015
TORONTO_TRE92_STU01999,TORONTO_TRE92_0019
TORONTO_TRE92_STU02000,TORONTO_TRE92_0013
TORONTO_TRE92_STU02000,TORONTO_TRE92_0015
TORONTO_TRE92_STU02000,TORONTO_TRE92_0066
TORONTO_TRE92_STU02000,TORONTO_TRE92_0110
TORONTO_TRE92_STU02000,TORONTO_TRE92_0111
TORONTO_TRE92_STU02001,TORONTO_TRE92_0002
TORONTO_TRE92_STU02001,TORONTO_TRE92_0003
TORONTO_TRE92_STU02001,TORONTO_TRE92_0082
TORONTO_TRE92_STU02001,TORONTO_TRE92_0084
TORONTO_TRE92_STU02001,TORONTO_TRE92_0203
TORONTO_TRE92_STU02002,TORONTO_TRE92_0029
TORONTO_TRE92_STU02002,TORONTO_TRE92_0030
TORONTO_TRE92_STU02002,TORONTO_TRE92_0038
TORONTO_TRE92_STU02002,TORONTO_TRE92_0215
TORONTO_TRE92_STU02002,TORONTO_TRE92_0256
TORONTO_TRE92_STU02003,TORONTO_TRE92_0022
TORONTO_TRE92_STU02003,TORONTO_TRE92_0051
TORONTO_TRE92_STU02003,TORONTO_TRE92_0249
TORONTO_TRE92_STU02003,TORONTO_TRE92_0255
TORONTO_TRE92_STU02004,TORONTO_TRE92_0038
TORONTO_TRE92_STU02004,TORONTO_TRE92_0044
TORONTO_TRE92_STU02004,TORONTO_TRE92_0140
TORONTO_TRE92_STU02004,TORONTO_TRE92_0142
TORONTO_TRE92_STU02004,TORONTO_TRE92_0189
TORONTO_TRE92_STU02005,TORONTO_TRE92_0002
TORONTO_TRE92_STU02005,TORONTO_TRE92_0003
TORONTO_TRE92_STU02005,TORONTO_TRE92_0084
TORONTO_TRE92_STU02006,TORONTO_TRE92_0012
TORONTO_TRE92_STU02006,TORONTO_TRE92_0154
TORONTO_TRE92_STU02007,TORONTO_TRE92_0076
TORONTO_TRE92_STU02007,TORONTO_TRE92_0247
TORONTO_TRE92_STU02007,TORONTO_TRE92_0260
TORONTO_TRE92_STU02008,TORONTO_TRE92_0099
TORONTO_TRE92_STU02008,TORONTO_TRE92_0103
TORONTO_TRE92_STU02008,TORONTO_TRE92_0216
TORONTO_TRE92_STU02008,TORONTO_TRE92_0219
TORONTO_TRE92_STU02008,TORONTO_TRE92_0220
TORONTO_TRE92_STU02009,TORONTO_TRE92_0131
TORONTO_TRE92_STU02009,TORONTO_TRE92_0258
TORONTO_TRE92_STU02010,TORONTO_TRE92_0103
TORONTO_TRE92_STU02010,TORONTO_TRE92_0216
TORONTO_TRE92_STU02010,TORONTO_TRE92_0220
TORONTO_TRE92_STU02011,TORONTO_TRE92_0099
TORONTO_TRE92_STU02011,TORONTO_TRE92_0103
TORONTO_TRE92_STU02011,TORONTO_TRE92_0109
TORONTO_TRE92_STU02011,TORONTO_TRE92_0151
TORONTO_TRE92_STU02011,TORONTO_TRE92_0220
TORONTO_TRE92_STU02012,TORONTO_TRE92_0051
TORONTO_TRE92_STU02012,TORONTO_TRE92_0098
TORONTO_TRE92_STU02012,TORONTO_TRE92_0102
TORONTO_TRE92_STU02012,TORONTO_TRE92_0214
TORONTO_TRE92_STU02013,TORONTO_TRE92_0015
TORONTO_TRE92_STU02013,TORONTO_TRE92_0019
TORONTO_TRE92_STU02013,TORONTO_TRE92_0140
TORONTO_TRE92_STU02013,TORONTO_TRE92_0142
TORONTO_TRE92_STU02013,TORONTO_TRE92_0151
TORONTO_TRE92_STU02014,TORONTO_TRE92_0014
TORONTO_TRE92_STU02014,TORONTO_TRE92_0187
TORONTO_TRE92_STU02014,TORONTO_TRE92_0216
TORONTO_TRE92_STU02014,TORONTO_TRE92_0220
TORONTO_TRE92_STU02015,TORONTO_TRE92_0013
TORONTO_TRE92_STU02015,TORONTO_TRE92_0110
TORONTO_TRE92_STU02015,TORONTO_TRE92_0140
TORONTO_TRE92_STU02015,TORONTO_TRE92_0142
TORONTO_TRE92_STU02016,TORONTO_TRE92_0044
TORONTO_TRE92_STU02016,TORONTO_TRE92_0073
TORONTO_TRE92_STU02016,TORONTO_TRE92_0074
TORONTO_TRE92_STU02016,TORONTO_TRE92_0101
TORONTO_TRE92_STU02016,TORONTO_TRE92_0109
TORONTO_TRE92_STU02017,TORONTO_TRE92_0123
TORONTO_TRE92_STU02017,TORONTO_TRE92_0127
TORONTO_TRE92_STU02017,TORONTO_TRE92_0155
TORONTO_TRE92_STU02017,TORONTO_TRE92_0157
TORONTO_TRE92_STU02017,TORONTO_TRE92_0187
TORONTO_TRE92_STU02018,TORONTO_TRE92_0155
TORONTO_TRE92_STU02018,TORONTO_TRE92_0156
TORONTO_TRE92_STU02018,TORONTO_TRE92_0246
TORONTO_TRE92_STU02018,TORONTO_TRE92_0248
TORONTO_TRE92_STU02019,TORONTO_TRE92_0103
TORONTO_TRE92_STU02019,TORONTO_TRE92_0109
TORONTO_TRE92_STU02020,TORONTO_TRE92_0012
TORONTO_TRE92_STU02020,TORONTO_TRE92_0156
TORONTO_TRE92_STU02020,TORONTO_TRE92_0157
TORONTO_TRE92_STU02021,TORONTO_TRE92_0109
TORONTO_TRE92_STU02021,TORONTO_TRE92_0216
TORONTO_TRE92_STU02021,TORONTO_TRE92_0220
TORONTO_TRE92_STU02021,TORONTO_TRE92_0260
TORONTO_TRE92_STU02022,TORONTO_TRE92_0109
TORONTO_TRE92_STU02022,TORONTO_TRE92_0124
TORONTO_TRE92_STU02022,TORONTO_TRE92_0215
TORONTO_TRE92_STU02023,TORONTO_TRE92_0109
TORONTO_TRE92_STU02023,TORONTO_TRE92_0124
TORONTO_TRE92_STU02023,TORONTO_TRE92_0126
TORONTO_TRE92_STU02023,TORONTO_TRE92_0256
TORONTO_TRE92_STU02024,TORONTO_TRE92_0124
TORONTO_TRE92_STU02024,TORONTO_TRE92_0126
TORONTO_TRE92_STU02024,TORONTO_TRE92_0128
TORONTO_TRE92_STU02024,TORONTO_TRE92_0184
TORONTO_TRE92_STU02024,TORONTO_TRE92_0256
TORONTO_TRE92_STU02025,TORONTO_TRE92_0012
TORONTO_TRE92_STU02025,TORONTO_TRE92_0013
TORONTO_TRE92_STU02025,TORONTO_TRE92_0147
TORONTO_TRE92_STU02025,TORONTO_TRE92_0220
TORONTO_TRE92_STU02026,TORONTO_TRE92_0103
TORONTO_TRE92_STU02026,TORONTO_TRE92_0123
TORONTO_TRE92_STU02026,TORONTO_TRE92_0127
TORONTO_TRE92_STU02026,TORONTO_TRE92_0157
TORONTO_TRE92_STU02027,TORONTO_TRE92_0045
TORONTO_TRE92_STU02027,TORONTO_TRE92_0047
TORONTO_TRE92_STU02027,TORONTO_TRE92_0099
TORONTO_TRE92_STU02027,TORONTO_TRE92_0155
TORONTO_TRE92_STU02027,TORONTO_TRE92_0218
TORONTO_TRE92_STU02028,TORONTO_TRE92_0099
TORONTO_TRE92_STU02028,TORONTO_TRE92_0106
TORONTO_TRE92_STU02028,TORONTO_TRE92_0247
TORONTO_TRE92_STU02029,TORONTO_TRE92_0002
TORONTO_TRE92_STU02029,TORONTO_TRE92_0003
TORONTO_TRE92_STU02029,TORONTO_TRE92_0082
TORONTO_TRE92_STU02029,TORONTO_TRE92_0083
TORONTO_TRE92_STU02029,TORONTO_TRE92_0084
TORONTO_TRE92_STU02030,TORONTO_TRE92_0203
TORONTO_TRE92_STU02030,TORONTO_TRE92_0204
TORONTO_TRE92_STU02030,TORONTO_TRE92_0210
TORONTO_TRE92_STU02030,TORONTO_TRE92_0219
TORONTO_TRE92_STU02031,TORONTO_TRE92_0029
TORONTO_TRE92_STU02031,TORONTO_TRE92_0030
TORONTO_TRE92_STU02031,TORONTO_TRE92_0053
TORONTO_TRE92_STU02031,TORONTO_TRE92_0216
TORONTO_TRE92_STU02031,TORONTO_TRE92_0217
TORONTO_TRE92_STU02032,TORONTO_TRE92_0103
TORONTO_TRE92_STU02032,TORONTO_TRE92_0156
TORONTO_TRE92_STU02032,TORONTO_TRE92_0210
TORONTO_TRE92_STU02033,TORONTO_TRE92_0155
TORONTO_TRE92_STU02033,TORONTO_TRE92_0156
TORONTO_TRE92_STU02033,TORONTO_TRE92_0167
TORONTO_TRE92_STU02033,TORONTO_TRE92_0216
TORONTO_TRE92_STU02033,TORONTO_TRE92_0220
TORONTO_TRE92_STU02034,TORONTO_TRE92_0094
TORONTO_TRE92_STU02034,TORONTO_TRE92_0156
TORONTO_TRE92_STU02034,TORONTO_TRE92_0204
TORONTO_TRE92_STU02034,TORONTO_TRE92_0210
TORONTO_TRE92_STU02035,TORONTO_TRE92_0011
TORONTO_TRE92_STU02036,TORONTO_TRE92_0140
TORONTO_TRE92_STU02036,TORONTO_TRE92_0141
TORONTO_TRE92_STU02036,TORONTO_TRE92_0147
TORONTO_TRE92_STU02036,TORONTO_TRE92_0188
TORONTO_TRE92_STU02036,TORONTO_TRE92_0201
TORONTO_TRE92_STU02037,TORONTO_TRE92_0073
TORONTO_TRE92_STU02037,TORONTO_TRE92_0176
TORONTO_TRE92_STU02037,TORONTO_TRE92_0180
TORONTO_TRE92_STU02037,TORONTO_TRE92_0220
TORONTO_TRE92_STU02038,TORONTO_TRE92_0068
TORONTO_TRE92_STU02038,TORONTO_TRE92_0155
TORONTO_TRE92_STU02038,TORONTO_TRE92_0168
TORONTO_TRE92_STU02038,TORONTO_TRE92_0180
TORONTO_TRE92_STU02038,TORONTO_TRE92_0214
TORONTO_TRE92_STU02039,TORONTO_TRE92_0003
TORONTO_TRE92_STU02039,TORONTO_TRE92_0203
TORONTO_TRE92_STU02039,TORONTO_TRE92_0210
TORONTO_TRE92_STU02039,TORONTO_TRE92_0251
TORONTO_TRE92_STU02040,TORONTO_TRE92_0012
TORONTO_TRE92_STU02040,TORONTO_TRE92_0099
TORONTO_TRE92_STU02040,TORONTO_TRE92_0216
TORONTO_TRE92_STU02040,TORONTO_TRE92_0219
TORONTO_TRE92_STU02040,TORONTO_TRE92_0220
TORONTO_TRE92_STU02041,TORONTO_TRE92_0099
TORONTO_TRE92_STU02041,TORONTO_TRE92_0103
TORONTO_TRE92_STU02041,TORONTO_TRE92_0107
TORONTO_TRE92_STU02041,TORONTO_TRE92_0154
TORONTO_TRE92_STU02041,TORONTO_TRE92_0167
TORONTO_TRE92_STU02042,TORONTO_TRE92_0216
TORONTO_TRE92_STU02042,TORONTO_TRE92_0220
TORONTO_TRE92_STU02042,TORONTO_TRE92_0260
TORONTO_TRE92_STU02043,TORONTO_TRE92_0100
TORONTO_TRE92_STU02043,TORONTO_TRE92_0102
TORONTO_TRE92_STU02043,TORONTO_TRE92_0109
TORONTO_TRE92_STU02043,TORONTO_TRE92_0260
TORONTO_TRE92_STU02044,TORONTO_TRE92_0214
TORONTO_TRE92_STU02045,TORONTO_TRE92_0103
TORONTO_TRE92_STU02045,TORONTO_TRE92_0167
TORONTO_TRE92_STU02045,TORONTO_TRE92_0190
TORONTO_TRE92_STU02046,TORONTO_TRE92_0096
TORONTO_TRE92_STU02046,TORONTO_TRE92_0097
TORONTO_TRE92_STU02046,TORONTO_TRE92_0192
TORONTO_TRE92_STU02046,TORONTO_TRE92_0194
TORONTO_TRE92_STU02047,TORONTO_TRE92_0012
TORONTO_TRE92_STU02047,TORONTO_TRE92_0013
TORONTO_TRE92_STU02047,TORONTO_TRE92_0014
TORONTO_TRE92_STU02047,TORONTO_TRE92_0025
TORONTO_TRE92_STU02047,TORONTO_TRE92_0109
TORONTO_TRE92_STU02048,TORONTO_TRE92_0038
TORONTO_TRE92_STU02048,TORONTO_TRE92_0110
TORONTO_TRE92_STU02048,TORONTO_TRE92_0140
TORONTO_TRE92_STU02048,TORONTO_TRE92_0142
TORONTO_TRE92_STU02049,TORONTO_TRE92_0142
TORONTO_TRE92_STU02049,TORONTO_TRE92_0144
TORONTO_TRE92_STU02049,TORONTO_TRE92_0176
TORONTO_TRE92_STU02049,TORONTO_TRE92_0215
TORONTO_TRE92_STU02050,TORONTO_TRE92_0011
TORONTO_TRE92_STU02050,TORONTO_TRE92_0044
TORONTO_TRE92_STU02050,TORONTO_TRE92_0068
TORONTO_TRE92_STU02051,TORONTO_TRE92_0015
TORONTO_TRE92_STU02051,TORONTO_TRE92_0030
TORONTO_TRE92_STU02051,TORONTO_TRE92_0038
TORONTO_TRE92_STU02051,TORONTO_TRE92_0140
TORONTO_TRE92_STU02051,TORONTO_TRE92_0142
TORONTO_TRE92_STU02052,TORONTO_TRE92_0111
TORONTO_TRE92_STU02052,TORONTO_TRE92_0117
TORONTO_TRE92_STU02052,TORONTO_TRE92_0140
TORONTO_TRE92_STU02052,TORONTO_TRE92_0150
TORONTO_TRE92_STU02053,TORONTO_TRE92_0029
TORONTO_TRE92_STU02053,TORONTO_TRE92_0030
TORONTO_TRE92_STU02053,TORONTO_TRE92_0033
TORONTO_TRE92_STU02053,TORONTO_TRE92_0038
TORONTO_TRE92_STU02054,TORONTO_TRE92_0072
TORONTO_TRE92_STU02054,TORONTO_TRE92_0167
TORONTO_TRE92_STU02054,TORONTO_TRE92_0216
TORONTO_TRE92_STU02054,TORONTO_TRE92_0220
TORONTO_TRE92_STU02054,TORONTO_TRE92_0252
TORONTO_TRE92_STU02055,TORONTO_TRE92_0013
TORONTO_TRE92_STU02055,TORONTO_TRE92_0014
TORONTO_TRE92_STU02055,TORONTO_TRE92_0168
TORONTO_TRE92_STU02056,TORONTO_TRE92_0047
TORONTO_TRE92_STU02056,TORONTO_TRE92_0247
TORONTO_TRE92_STU02056,TORONTO_TRE92_0260
TORONTO_TRE92_STU02057,TORONTO_TRE92_0109
TORONTO_TRE92_STU02057,TORONTO_TRE92_0216
TORONTO_TRE92_STU02057,TORONTO_TRE92_0217
TORONTO_TRE92_STU02057,TORONTO_TRE92_0220
TORONTO_TRE92_STU02057,TORONTO_TRE92_0245
TORONTO_TRE92_STU02058,TORONTO_TRE92_0156
TORONTO_TRE92_STU02058,TORONTO_TRE92_0168
TORONTO_TRE92_STU02058,TORONTO_TRE92_0247
TORONTO_TRE92_STU02058,TORONTO_TRE92_0253
TORONTO_TRE92_STU02059,TORONTO_TRE92_0068
TORONTO_TRE92_STU02059,TORONTO_TRE92_0101
TORONTO_TRE92_STU02059,TORONTO_TRE92_0189
TORONTO_TRE92_STU02060,TORONTO_TRE92_0044
TORONTO_TRE92_STU02060,TORONTO_TRE92_0045
TORONTO_TRE92_STU02060,TORONTO_TRE92_0133
TORONTO_TRE92_STU02060,TORONTO_TRE92_0144
TORONTO_TRE92_STU02060,TORONTO_TRE92_0168
TORONTO_TRE92_STU02061,TORONTO_TRE92_0029
TORONTO_TRE92_STU02061,TORONTO_TRE92_0030
TORONTO_TRE92_STU02061,TORONTO_TRE92_0033
TORONTO_TRE92_STU02061,TORONTO_TRE92_0038
TORONTO_TRE92_STU02061,TORONTO_TRE92_0063
TORONTO_TRE92_STU02062,TORONTO_TRE92_0097
TORONTO_TRE92_STU02062,TORONTO_TRE92_0109
TORONTO_TRE92_STU02062,TORONTO_TRE92_0168
TORONTO_TRE92_STU02063,TORONTO_TRE92_0038
TORONTO_TRE92_STU02063,TORONTO_TRE92_0117
TORONTO_TRE92_STU02063,TORONTO_TRE92_0184
TORONTO_TRE92_STU02064,TORONTO_TRE92_0038
TORONTO_TRE92_STU02064,TORONTO_TRE92_0116
TORONTO_TRE92_STU02064,TORONTO_TRE92_0117
TORONTO_TRE92_STU02064,TORONTO_TRE92_0140
TORONTO_TRE92_STU02065,TORONTO_TRE92_0042
TORONTO_TRE92_STU02065,TORONTO_TRE92_0044
TORONTO_TRE92_STU02065,TORONTO_TRE92_0167
TORONTO_TRE92_STU02066,TORONTO_TRE92_0156
TORONTO_TRE92_STU02066,TORONTO_TRE92_0216
TORONTO_TRE92_STU02066,TORONTO_TRE92_0219
TORONTO_TRE92_STU02066,TORONTO_TRE92_0247
TORONTO_TRE92_STU02067,TORONTO_TRE92_0072
TORONTO_TRE92_STU02067,TORONTO_TRE92_0110
TORONTO_TRE92_STU02067,TORONTO_TRE92_0111
TORONTO_TRE92_STU02067,TORONTO_TRE92_0113
TORONTO_TRE92_STU02067,TORONTO_TRE92_0144
TORONTO_TRE92_STU02068,TORONTO_TRE92_0044
TORONTO_TRE92_STU02068,TORONTO_TRE92_0103
TORONTO_TRE92_STU02068,TORONTO_TRE92_0109
TORONTO_TRE92_STU02068,TORONTO_TRE92_0110
TORONTO_TRE92_STU02068,TORONTO_TRE92_0201
TORONTO_TRE92_STU02069,TORONTO_TRE92_0053
TORONTO_TRE92_STU02069,TORONTO_TRE92_0110
TORONTO_TRE92_STU02069,TORONTO_TRE92_0111
TORONTO_TRE92_STU02069,TORONTO_TRE92_0116
TORONTO_TRE92_STU02069,TORONTO_TRE92_0255
TORONTO_TRE92_STU02070,TORONTO_TRE92_0012
TORONTO_TRE92_STU02070,TORONTO_TRE92_0013
TORONTO_TRE92_STU02070,TORONTO_TRE92_0014
TORONTO_TRE92_STU02070,TORONTO_TRE92_0015
TORONTO_TRE92_STU02071,TORONTO_TRE92_0099
TORONTO_TRE92_STU02071,TORONTO_TRE92_0101
TORONTO_TRE92_STU02071,TORONTO_TRE92_0140
TORONTO_TRE92_STU02071,TORONTO_TRE92_0141
TORONTO_TRE92_STU02071,TORONTO_TRE92_0220
TORONTO_TRE92_STU02072,TORONTO_TRE92_0099
TORONTO_TRE92_STU02072,TORONTO_TRE92_0109
TORONTO_TRE92_STU02073,TORONTO_TRE92_0025
TORONTO_TRE92_STU02073,TORONTO_TRE92_0045
TORONTO_TRE92_STU02073,TORONTO_TRE92_0139
TORONTO_TRE92_STU02073,TORONTO_TRE92_0168
TORONTO_TRE92_STU02074,TORONTO_TRE92_0002
TORONTO_TRE92_STU02074,TORONTO_TRE92_0082
TORONTO_TRE92_STU02074,TORONTO_TRE92_0083
TORONTO_TRE92_STU02074,TORONTO_TRE92_0216
TORONTO_TRE92_STU02074,TORONTO_TRE92_0218
TORONTO_TRE92_STU02075,TORONTO_TRE92_0029
TORONTO_TRE92_STU02075,TORONTO_TRE92_0030
TORONTO_TRE92_STU02075,TORONTO_TRE92_0216
TORONTO_TRE92_STU02075,TORONTO_TRE92_0217
TORONTO_TRE92_STU02075,TORONTO_TRE92_0220
TORONTO_TRE92_STU02076,TORONTO_TRE92_0012
TORONTO_TRE92_STU02076,TORONTO_TRE92_0103
TORONTO_TRE92_STU02076,TORONTO_TRE92_0109
TORONTO_TRE92_STU02076,TORONTO_TRE92_0167
TORONTO_TRE92_STU02077,TORONTO_TRE92_0156
TORONTO_TRE92_STU02077,TORONTO_TRE92_0204
TORONTO_TRE92_STU02077,TORONTO_TRE92_0205
TORONTO_TRE92_STU02078,TORONTO_TRE92_0030
TORONTO_TRE92_STU02078,TORONTO_TRE92_0038
TORONTO_TRE92_STU02078,TORONTO_TRE92_0054
TORONTO_TRE92_STU02078,TORONTO_TRE92_0063
TORONTO_TRE92_STU02079,TORONTO_TRE92_0014
TORONTO_TRE92_STU02079,TORONTO_TRE92_0045
TORONTO_TRE92_STU02079,TORONTO_TRE92_0167
TORONTO_TRE92_STU02079,TORONTO_TRE92_0190
TORONTO_TRE92_STU02080,TORONTO_TRE92_0011
TORONTO_TRE92_STU02080,TORONTO_TRE92_0216
TORONTO_TRE92_STU02080,TORONTO_TRE92_0218
TORONTO_TRE92_STU02080,TORONTO_TRE92_0220
TORONTO_TRE92_STU02080,TORONTO_TRE92_0246
TORONTO_TRE92_STU02081,TORONTO_TRE92_0103
TORONTO_TRE92_STU02081,TORONTO_TRE92_0109
TORONTO_TRE92_STU02081,TORONTO_TRE92_0157
TORONTO_TRE92_STU02081,TORONTO_TRE92_0167
TORONTO_TRE92_STU02081,TORONTO_TRE92_0168
TORONTO_TRE92_STU02082,TORONTO_TRE92_0084
TORONTO_TRE92_STU02082,TORONTO_TRE92_0156
TORONTO_TRE92_STU02082,TORONTO_TRE92_0168
TORONTO_TRE92_STU02083,TORONTO_TRE92_0216
TORONTO_TRE92_STU02083,TORONTO_TRE92_0218
TORONTO_TRE92_STU02083,TORONTO_TRE92_0220
TORONTO_TRE92_STU02084,TORONTO_TRE92_0140
TORONTO_TRE92_STU02084,TORONTO_TRE92_0142
TORONTO_TRE92_STU02084,TORONTO_TRE92_0151
TORONTO_TRE92_STU02084,TORONTO_TRE92_0153
TORONTO_TRE92_STU02084,TORONTO_TRE92_0220
TORONTO_TRE92_STU02085,TORONTO_TRE92_0045
TORONTO_TRE92_STU02085,TORONTO_TRE92_0094
TORONTO_TRE92_STU02085,TORONTO_TRE92_0168
TORONTO_TRE92_STU02085,TORONTO_TRE92_0216
TORONTO_TRE92_STU02085,TORONTO_TRE92_0220
TORONTO_TRE92_STU02086,TORONTO_TRE92_0247
TORONTO_TRE92_STU02086,TORONTO_TRE92_0248
TORONTO_TRE92_STU02087,TORONTO_TRE92_0054
TORONTO_TRE92_STU02087,TORONTO_TRE92_0055
TORONTO_TRE92_STU02087,TORONTO_TRE92_0063
TORONTO_TRE92_STU02087,TORONTO_TRE92_0176
TORONTO_TRE92_STU02087,TORONTO_TRE92_0214
TORONTO_TRE92_STU02088,TORONTO_TRE92_0154
TORONTO_TRE92_STU02088,TORONTO_TRE92_0168
TORONTO_TRE92_STU02088,TORONTO_TRE92_0216
TORONTO_TRE92_STU02088,TORONTO_TRE92_0220
TORONTO_TRE92_STU02089,TORONTO_TRE92_0044
TORONTO_TRE92_STU02089,TORONTO_TRE92_0111
TORONTO_TRE92_STU02089,TORONTO_TRE92_0123
TORONTO_TRE92_STU02089,TORONTO_TRE92_0246
TORONTO_TRE92_STU02090,TORONTO_TRE92_0047
TORONTO_TRE92_STU02090,TORONTO_TRE92_0103
TORONTO_TRE92_STU02090,TORONTO_TRE92_0104
TORONTO_TRE92_STU02090,TORONTO_TRE92_0109
TORONTO_TRE92_STU02091,TORONTO_TRE92_0049
TORONTO_TRE92_STU02091,TORONTO_TRE92_0216
TORONTO_TRE92_STU02091,TORONTO_TRE92_0219
TORONTO_TRE92_STU02091,TORONTO_TRE92_0220
TORONTO_TRE92_STU02091,TORONTO_TRE92_0248
TORONTO_TRE92_STU02092,TORONTO_TRE92_0025
TORONTO_TRE92_STU02092,TORONTO_TRE92_0094
TORONTO_TRE92_STU02092,TORONTO_TRE92_0216
TORONTO_TRE92_STU02092,TORONTO_TRE92_0219
TORONTO_TRE92_STU02092,TORONTO_TRE92_0220
TORONTO_TRE92_STU02093,TORONTO_TRE92_0072
TORONTO_TRE92_STU02093,TORONTO_TRE92_0216
TORONTO_TRE92_STU02093,TORONTO_TRE92_0219
TORONTO_TRE92_STU02093,TORONTO_TRE92_0220
TORONTO_TRE92_STU02093,TORONTO_TRE92_0260
TORONTO_TRE92_STU02094,TORONTO_TRE92_0220
TORONTO_TRE92_STU02095,TORONTO_TRE92_0002
TORONTO_TRE92_STU02095,TORONTO_TRE92_0003
TORONTO_TRE92_STU02095,TORONTO_TRE92_0083
TORONTO_TRE92_STU02095,TORONTO_TRE92_0084
TORONTO_TRE92_STU02096,TORONTO_TRE92_0012
TORONTO_TRE92_STU02096,TORONTO_TRE92_0014
TORONTO_TRE92_STU02096,TORONTO_TRE92_0015
TORONTO_TRE92_STU02097,TORONTO_TRE92_0030
TORONTO_TRE92_STU02097,TORONTO_TRE92_0038
TORONTO_TRE92_STU02097,TORONTO_TRE92_0116
TORONTO_TRE92_STU02097,TORONTO_TRE92_0117
TORONTO_TRE92_STU02097,TORONTO_TRE92_0139
TORONTO_TRE92_STU02098,TORONTO_TRE92_0038
TORONTO_TRE92_STU02098,TORONTO_TRE92_0116
TORONTO_TRE92_STU02098,TORONTO_TRE92_0117
TORONTO_TRE92_STU02098,TORONTO_TRE92_0234
TORONTO_TRE92_STU02099,TORONTO_TRE92_0002
TORONTO_TRE92_STU02099,TORONTO_TRE92_0003
TORONTO_TRE92_STU02099,TORONTO_TRE92_0083
TORONTO_TRE92_STU02099,TORONTO_TRE92_0084
TORONTO_TRE92_STU02100,TORONTO_TRE92_0025
TORONTO_TRE92_STU02100,TORONTO_TRE92_0096
TORONTO_TRE92_STU02100,TORONTO_TRE92_0216
TORONTO_TRE92_STU02100,TORONTO_TRE92_0219
TORONTO_TRE92_STU02100,TORONTO_TRE92_0220
TORONTO_TRE92_STU02101,TORONTO_TRE92_0044
TORONTO_TRE92_STU02101,TORONTO_TRE92_0046
TORONTO_TRE92_STU02101,TORONTO_TRE92_0203
TORONTO_TRE92_STU02101,TORONTO_TRE92_0204
TORONTO_TRE92_STU02102,TORONTO_TRE92_0030
TORONTO_TRE92_STU02102,TORONTO_TRE92_0038
TORONTO_TRE92_STU02102,TORONTO_TRE92_0063
TORONTO_TRE92_STU02102,TORONTO_TRE92_0116
TORONTO_TRE92_STU02102,TORONTO_TRE92_0117
TORONTO_TRE92_STU02103,TORONTO_TRE92_0072
TORONTO_TRE92_STU02103,TORONTO_TRE92_0216
TORONTO_TRE92_STU02103,TORONTO_TRE92_0219
TORONTO_TRE92_STU02103,TORONTO_TRE92_0220
TORONTO_TRE92_STU02104,TORONTO_TRE92_0015
TORONTO_TRE92_STU02104,TORONTO_TRE92_0188
TORONTO_TRE92_STU02105,TORONTO_TRE92_0044
TORONTO_TRE92_STU02105,TORONTO_TRE92_0110
TORONTO_TRE92_STU02105,TORONTO_TRE92_0111
TORONTO_TRE92_STU02105,TORONTO_TRE92_0141
TORONTO_TRE92_STU02106,TORONTO_TRE92_0099
TORONTO_TRE92_STU02106,TORONTO_TRE92_0101
TORONTO_TRE92_STU02106,TORONTO_TRE92_0153
TORONTO_TRE92_STU02106,TORONTO_TRE92_0260
TORONTO_TRE92_STU02107,TORONTO_TRE92_0071
TORONTO_TRE92_STU02107,TORONTO_TRE92_0099
TORONTO_TRE92_STU02107,TORONTO_TRE92_0102
TORONTO_TRE92_STU02107,TORONTO_TRE92_0124
TORONTO_TRE92_STU02108,TORONTO_TRE92_0156
TORONTO_TRE92_STU02108,TORONTO_TRE92_0203
TORONTO_TRE92_STU02108,TORONTO_TRE92_0260
TORONTO_TRE92_STU02109,TORONTO_TRE92_0103
TORONTO_TRE92_STU02109,TORONTO_TRE92_0214
TORONTO_TRE92_STU02110,TORONTO_TRE92_0002
TORONTO_TRE92_STU02110,TORONTO_TRE92_0003
TORONTO_TRE92_STU02110,TORONTO_TRE92_0082
TORONTO_TRE92_STU02110,TORONTO_TRE92_0083
TORONTO_TRE92_STU02110,TORONTO_TRE92_0084
TORONTO_TRE92_STU02111,TORONTO_TRE92_0068
TORONTO_TRE92_STU02111,TORONTO_TRE92_0103
TORONTO_TRE92_STU02111,TORONTO_TRE92_0157
TORONTO_TRE92_STU02111,TORONTO_TRE92_0247
TORONTO_TRE92_STU02112,TORONTO_TRE92_0099
TORONTO_TRE92_STU02112,TORONTO_TRE92_0101
TORONTO_TRE92_STU02112,TORONTO_TRE92_0156
TORONTO_TRE92_STU02112,TORONTO_TRE92_0167
TORONTO_TRE92_STU02112,TORONTO_TRE92_0214
TORONTO_TRE92_STU02113,TORONTO_TRE92_0012
TORONTO_TRE92_STU02113,TORONTO_TRE92_0014
TORONTO_TRE92_STU02113,TORONTO_TRE92_0015
TORONTO_TRE92_STU02113,TORONTO_TRE92_0068
TORONTO_TRE92_STU02113,TORONTO_TRE92_0168
TORONTO_TRE92_STU02114,TORONTO_TRE92_0012
TORONTO_TRE92_STU02114,TORONTO_TRE92_0025
TORONTO_TRE92_STU02114,TORONTO_TRE92_0109
TORONTO_TRE92_STU02114,TORONTO_TRE92_0167
TORONTO_TRE92_STU02115,TORONTO_TRE92_0082
TORONTO_TRE92_STU02115,TORONTO_TRE92_0086
TORONTO_TRE92_STU02115,TORONTO_TRE92_0092
TORONTO_TRE92_STU02115,TORONTO_TRE92_0260
TORONTO_TRE92_STU02116,TORONTO_TRE92_0042
TORONTO_TRE92_STU02116,TORONTO_TRE92_0044
TORONTO_TRE92_STU02116,TORONTO_TRE92_0109
TORONTO_TRE92_STU02116,TORONTO_TRE92_0167
TORONTO_TRE92_STU02117,TORONTO_TRE92_0214
TORONTO_TRE92_STU02117,TORONTO_TRE92_0247
TORONTO_TRE92_STU02117,TORONTO_TRE92_0260
TORONTO_TRE92_STU02118,TORONTO_TRE92_0103
TORONTO_TRE92_STU02119,TORONTO_TRE92_0029
TORONTO_TRE92_STU02119,TORONTO_TRE92_0030
TORONTO_TRE92_STU02119,TORONTO_TRE92_0054
TORONTO_TRE92_STU02119,TORONTO_TRE92_0055
TORONTO_TRE92_STU02119,TORONTO_TRE92_0063
TORONTO_TRE92_STU02120,TORONTO_TRE92_0038
TORONTO_TRE92_STU02120,TORONTO_TRE92_0111
TORONTO_TRE92_STU02120,TORONTO_TRE92_0116
TORONTO_TRE92_STU02120,TORONTO_TRE92_0214
TORONTO_TRE92_STU02121,TORONTO_TRE92_0002
TORONTO_TRE92_STU02121,TORONTO_TRE92_0003
TORONTO_TRE92_STU02121,TORONTO_TRE92_0082
TORONTO_TRE92_STU02121,TORONTO_TRE92_0084
TORONTO_TRE92_STU02121,TORONTO_TRE92_0092
TORONTO_TRE92_STU02122,TORONTO_TRE92_0103
TORONTO_TRE92_STU02122,TORONTO_TRE92_0157
TORONTO_TRE92_STU02123,TORONTO_TRE92_0156
TORONTO_TRE92_STU02123,TORONTO_TRE92_0194
TORONTO_TRE92_STU02124,TORONTO_TRE92_0214
TORONTO_TRE92_STU02125,TORONTO_TRE92_0168
TORONTO_TRE92_STU02125,TORONTO_TRE92_0215
TORONTO_TRE92_STU02125,TORONTO_TRE92_0246
TORONTO_TRE92_STU02126,TORONTO_TRE92_0154
TORONTO_TRE92_STU02126,TORONTO_TRE92_0214
TORONTO_TRE92_STU02126,TORONTO_TRE92_0248
TORONTO_TRE92_STU02127,TORONTO_TRE92_0123
TORONTO_TRE92_STU02127,TORONTO_TRE92_0127
TORONTO_TRE92_STU02127,TORONTO_TRE92_0168
TORONTO_TRE92_STU02127,TORONTO_TRE92_0220
TORONTO_TRE92_STU02127,TORONTO_TRE92_0257
TORONTO_TRE92_STU02128,TORONTO_TRE92_0038
TORONTO_TRE92_STU02128,TORONTO_TRE92_0111
TORONTO_TRE92_STU02128,TORONTO_TRE92_0117
TORONTO_TRE92_STU02128,TORONTO_TRE92_0140
TORONTO_TRE92_STU02128,TORONTO_TRE92_0141
TORONTO_TRE92_STU02129,TORONTO_TRE92_0013
TORONTO_TRE92_STU02129,TORONTO_TRE92_0103
TORONTO_TRE92_STU02129,TORONTO_TRE92_0156
TORONTO_TRE92_STU02129,TORONTO_TRE92_0157
TORONTO_TRE92_STU02129,TORONTO_TRE92_0220
TORONTO_TRE92_STU02130,TORONTO_TRE92_0103
TORONTO_TRE92_STU02130,TORONTO_TRE92_0107
TORONTO_TRE92_STU02130,TORONTO_TRE92_0155
TORONTO_TRE92_STU02130,TORONTO_TRE92_0157
TORONTO_TRE92_STU02131,TORONTO_TRE92_0099
TORONTO_TRE92_STU02131,TORONTO_TRE92_0103
TORONTO_TRE92_STU02131,TORONTO_TRE92_0123
TORONTO_TRE92_STU02131,TORONTO_TRE92_0124
TORONTO_TRE92_STU02131,TORONTO_TRE92_0258
TORONTO_TRE92_STU02132,TORONTO_TRE92_0038
TORONTO_TRE92_STU02132,TORONTO_TRE92_0053
TORONTO_TRE92_STU02132,TORONTO_TRE92_0110
TORONTO_TRE92_STU02132,TORONTO_TRE92_0111
TORONTO_TRE92_STU02132,TORONTO_TRE92_0116
TORONTO_TRE92_STU02133,TORONTO_TRE92_0071
TORONTO_TRE92_STU02133,TORONTO_TRE92_0098
TORONTO_TRE92_STU02133,TORONTO_TRE92_0103
TORONTO_TRE92_STU02133,TORONTO_TRE92_0168
TORONTO_TRE92_STU02134,TORONTO_TRE92_0103
TORONTO_TRE92_STU02134,TORONTO_TRE92_0109
TORONTO_TRE92_STU02134,TORONTO_TRE92_0127
TORONTO_TRE92_STU02135,TORONTO_TRE92_0012
TORONTO_TRE92_STU02135,TORONTO_TRE92_0025
TORONTO_TRE92_STU02135,TORONTO_TRE92_0216
TORONTO_TRE92_STU02135,TORONTO_TRE92_0218
TORONTO_TRE92_STU02135,TORONTO_TRE92_0220
TORONTO_TRE92_STU02136,TORONTO_TRE92_0103
TORONTO_TRE92_STU02136,TORONTO_TRE92_0109
TORONTO_TRE92_STU02136,TORONTO_TRE92_0218
TORONTO_TRE92_STU02136,TORONTO_TRE92_0220
TORONTO_TRE92_STU02137,TORONTO_TRE92_0082
TORONTO_TRE92_STU02137,TORONTO_TRE92_0083
TORONTO_TRE92_STU02137,TORONTO_TRE92_0084
TORONTO_TRE92_STU02137,TORONTO_TRE92_0092
TORONTO_TRE92_STU02138,TORONTO_TRE92_0015
TORONTO_TRE92_STU02138,TORONTO_TRE92_0168
TORONTO_TRE92_STU02138,TORONTO_TRE92_0247
TORONTO_TRE92_STU02139,TORONTO_TRE92_0099
TORONTO_TRE92_STU02139,TORONTO_TRE92_0103
TORONTO_TRE92_STU02139,TORONTO_TRE92_0109
TORONTO_TRE92_STU02139,TORONTO_TRE92_0195
TORONTO_TRE92_STU02140,TORONTO_TRE92_0083
TORONTO_TRE92_STU02140,TORONTO_TRE92_0084
TORONTO_TRE92_STU02140,TORONTO_TRE92_0202
TORONTO_TRE92_STU02140,TORONTO_TRE92_0205
TORONTO_TRE92_STU02140,TORONTO_TRE92_0245
TORONTO_TRE92_STU02141,TORONTO_TRE92_0103
TORONTO_TRE92_STU02141,TORONTO_TRE92_0109
TORONTO_TRE92_STU02141,TORONTO_TRE92_0157
TORONTO_TRE92_STU02141,TORONTO_TRE92_0168
TORONTO_TRE92_STU02142,TORONTO_TRE92_0072
TORONTO_TRE92_STU02142,TORONTO_TRE92_0220
TORONTO_TRE92_STU02142,TORONTO_TRE92_0247
TORONTO_TRE92_STU02142,TORONTO_TRE92_0248
TORONTO_TRE92_STU02143,TORONTO_TRE92_0014
TORONTO_TRE92_STU02143,TORONTO_TRE92_0103
TORONTO_TRE92_STU02143,TORONTO_TRE92_0108
TORONTO_TRE92_STU02144,TORONTO_TRE92_0079
TORONTO_TRE92_STU02145,TORONTO_TRE92_0260
TORONTO_TRE92_STU02146,TORONTO_TRE92_0038
TORONTO_TRE92_STU02146,TORONTO_TRE92_0111
TORONTO_TRE92_STU02146,TORONTO_TRE92_0116
TORONTO_TRE92_STU02146,TORONTO_TRE92_0215
TORONTO_TRE92_STU02147,TORONTO_TRE92_0073
TORONTO_TRE92_STU02147,TORONTO_TRE92_0175
TORONTO_TRE92_STU02147,TORONTO_TRE92_0180
TORONTO_TRE92_STU02147,TORONTO_TRE92_0220
TORONTO_TRE92_STU02148,TORONTO_TRE92_0030
TORONTO_TRE92_STU02148,TORONTO_TRE92_0038
TORONTO_TRE92_STU02148,TORONTO_TRE92_0041
TORONTO_TRE92_STU02148,TORONTO_TRE92_0052
TORONTO_TRE92_STU02148,TORONTO_TRE92_0063
TORONTO_TRE92_STU02149,TORONTO_TRE92_0155
TORONTO_TRE92_STU02149,TORONTO_TRE92_0247
TORONTO_TRE92_STU02149,TORONTO_TRE92_0248
TORONTO_TRE92_STU02150,TORONTO_TRE92_0073
TORONTO_TRE92_STU02150,TORONTO_TRE92_0175
TORONTO_TRE92_STU02150,TORONTO_TRE92_0176
TORONTO_TRE92_STU02150,TORONTO_TRE92_0216
TORONTO_TRE92_STU02150,TORONTO_TRE92_0220
TORONTO_TRE92_STU02151,TORONTO_TRE92_0012
TORONTO_TRE92_STU02151,TORONTO_TRE92_0014
TORONTO_TRE92_STU02151,TORONTO_TRE92_0015
TORONTO_TRE92_STU02152,TORONTO_TRE92_0068
TORONTO_TRE92_STU02152,TORONTO_TRE92_0099
TORONTO_TRE92_STU02152,TORONTO_TRE92_0101
TORONTO_TRE92_STU02152,TORONTO_TRE92_0155
TORONTO_TRE92_STU02152,TORONTO_TRE92_0156
TORONTO_TRE92_STU02153,TORONTO_TRE92_0083
TORONTO_TRE92_STU02153,TORONTO_TRE92_0140
TORONTO_TRE92_STU02153,TORONTO_TRE92_0147
TORONTO_TRE92_STU02153,TORONTO_TRE92_0151
TORONTO_TRE92_STU02154,TORONTO_TRE92_0001
TORONTO_TRE92_STU02154,TORONTO_TRE92_0002
TORONTO_TRE92_STU02154,TORONTO_TRE92_0003
TORONTO_TRE92_STU02154,TORONTO_TRE92_0083
TORONTO_TRE92_STU02154,TORONTO_TRE92_0084
TORONTO_TRE92_STU02155,TORONTO_TRE92_0025
TORONTO_TRE92_STU02155,TORONTO_TRE92_0103
TORONTO_TRE92_STU02155,TORONTO_TRE92_0109
TORONTO_TRE92_STU02155,TORONTO_TRE92_0157
TORONTO_TRE92_STU02156,TORONTO_TRE92_0022
TORONTO_TRE92_STU02156,TORONTO_TRE92_0051
TORONTO_TRE92_STU02156,TORONTO_TRE92_0255
TORONTO_TRE92_STU02156,TORONTO_TRE92_0260
TORONTO_TRE92_STU02157,TORONTO_TRE92_0101
TORONTO_TRE92_STU02157,TORONTO_TRE92_0247
TORONTO_TRE92_STU02157,TORONTO_TRE92_0255
TORONTO_TRE92_STU02158,TORONTO_TRE92_0099
TORONTO_TRE92_STU02158,TORONTO_TRE92_0110
TORONTO_TRE92_STU02158,TORONTO_TRE92_0111
TORONTO_TRE92_STU02158,TORONTO_TRE92_0133
TORONTO_TRE92_STU02158,TORONTO_TRE92_0192
TORONTO_TRE92_STU02159,TORONTO_TRE92_0216
TORONTO_TRE92_STU02159,TORONTO_TRE92_0219
TORONTO_TRE92_STU02160,TORONTO_TRE92_0068
TORONTO_TRE92_STU02160,TORONTO_TRE92_0154
TORONTO_TRE92_STU02160,TORONTO_TRE92_0216
TORONTO_TRE92_STU02160,TORONTO_TRE92_0219
TORONTO_TRE92_STU02160,TORONTO_TRE92_0220
TORONTO_TRE92_STU02161,TORONTO_TRE92_0012
TORONTO_TRE92_STU02161,TORONTO_TRE92_0013
TORONTO_TRE92_STU02161,TORONTO_TRE92_0205
TORONTO_TRE92_STU02161,TORONTO_TRE92_0210
TORONTO_TRE92_STU02162,TORONTO_TRE92_0072
TORONTO_TRE92_STU02162,TORONTO_TRE92_0167
TORONTO_TRE92_STU02162,TORONTO_TRE92_0187
TORONTO_TRE92_STU02162,TORONTO_TRE92_0216
TORONTO_TRE92_STU02162,TORONTO_TRE92_0220
TORONTO_TRE92_STU02163,TORONTO_TRE92_0072
TORONTO_TRE92_STU02163,TORONTO_TRE92_0215
TORONTO_TRE92_STU02163,TORONTO_TRE92_0247
TORONTO_TRE92_STU02163,TORONTO_TRE92_0260
TORONTO_TRE92_STU02164,TORONTO_TRE92_0014
TORONTO_TRE92_STU02164,TORONTO_TRE92_0216
TORONTO_TRE92_STU02164,TORONTO_TRE92_0218
TORONTO_TRE92_STU02164,TORONTO_TRE92_0220
TORONTO_TRE92_STU02164,TORONTO_TRE92_0260
TORONTO_TRE92_STU02165,TORONTO_TRE92_0101
TORONTO_TRE92_STU02165,TORONTO_TRE92_0109
TORONTO_TRE92_STU02165,TORONTO_TRE92_0155
TORONTO_TRE92_STU02165,TORONTO_TRE92_0196
TORONTO_TRE92_STU02166,TORONTO_TRE92_0042
TORONTO_TRE92_STU02166,TORONTO_TRE92_0043
TORONTO_TRE92_STU02166,TORONTO_TRE92_0044
TORONTO_TRE92_STU02166,TORONTO_TRE92_0203
TORONTO_TRE92_STU02166,TORONTO_TRE92_0210
TORONTO_TRE92_STU02167,TORONTO_TRE92_0072
TORONTO_TRE92_STU02167,TORONTO_TRE92_0155
TORONTO_TRE92_STU02167,TORONTO_TRE92_0167
TORONTO_TRE92_STU02167,TORONTO_TRE92_0203
TORONTO_TRE92_STU02167,TORONTO_TRE92_0220
TORONTO_TRE92_STU02168,TORONTO_TRE92_0053
TORONTO_TRE92_STU02168,TORONTO_TRE92_0054
TORONTO_TRE92_STU02168,TORONTO_TRE92_0176
TORONTO_TRE92_STU02168,TORONTO_TRE92_0214
TORONTO_TRE92_STU02169,TORONTO_TRE92_0073
TORONTO_TRE92_STU02169,TORONTO_TRE92_0075
TORONTO_TRE92_STU02169,TORONTO_TRE92_0140
TORONTO_TRE92_STU02169,TORONTO_TRE92_0180
TORONTO_TRE92_STU02170,TORONTO_TRE92_0029
TORONTO_TRE92_STU02170,TORONTO_TRE92_0030
TORONTO_TRE92_STU02170,TORONTO_TRE92_0038
TORONTO_TRE92_STU02170,TORONTO_TRE92_0184
TORONTO_TRE92_STU02171,TORONTO_TRE92_0123
TORONTO_TRE92_STU02171,TORONTO_TRE92_0124
TORONTO_TRE92_STU02171,TORONTO_TRE92_0127
TORONTO_TRE92_STU02171,TORONTO_TRE92_0260
TORONTO_TRE92_STU02172,TORONTO_TRE92_0029
TORONTO_TRE92_STU02172,TORONTO_TRE92_0030
TORONTO_TRE92_STU02172,TORONTO_TRE92_0038
TORONTO_TRE92_STU02172,TORONTO_TRE92_0063
TORONTO_TRE92_STU02172,TORONTO_TRE92_0072
TORONTO_TRE92_STU02173,TORONTO_TRE92_0043
TORONTO_TRE92_STU02173,TORONTO_TRE92_0097
TORONTO_TRE92_STU02173,TORONTO_TRE92_0109
TORONTO_TRE92_STU02173,TORONTO_TRE92_0157
TORONTO_TRE92_STU02174,TORONTO_TRE92_0029
TORONTO_TRE92_STU02174,TORONTO_TRE92_0032
TORONTO_TRE92_STU02174,TORONTO_TRE92_0072
TORONTO_TRE92_STU02175,TORONTO_TRE92_0030
TORONTO_TRE92_STU02175,TORONTO_TRE92_0038
TORONTO_TRE92_STU02175,TORONTO_TRE92_0055
TORONTO_TRE92_STU02175,TORONTO_TRE92_0116
TORONTO_TRE92_STU02175,TORONTO_TRE92_0117
TORONTO_TRE92_STU02176,TORONTO_TRE92_0052
TORONTO_TRE92_STU02176,TORONTO_TRE92_0055
TORONTO_TRE92_STU02176,TORONTO_TRE92_0176
TORONTO_TRE92_STU02176,TORONTO_TRE92_0183
TORONTO_TRE92_STU02176,TORONTO_TRE92_0220
TORONTO_TRE92_STU02177,TORONTO_TRE92_0103
TORONTO_TRE92_STU02177,TORONTO_TRE92_0161
TORONTO_TRE92_STU02178,TORONTO_TRE92_0099
TORONTO_TRE92_STU02178,TORONTO_TRE92_0106
TORONTO_TRE92_STU02178,TORONTO_TRE92_0123
TORONTO_TRE92_STU02178,TORONTO_TRE92_0156
TORONTO_TRE92_STU02178,TORONTO_TRE92_0167
TORONTO_TRE92_STU02179,TORONTO_TRE92_0127
TORONTO_TRE92_STU02179,TORONTO_TRE92_0201
TORONTO_TRE92_STU02179,TORONTO_TRE92_0204
TORONTO_TRE92_STU02179,TORONTO_TRE92_0209
TORONTO_TRE92_STU02180,TORONTO_TRE92_0001
TORONTO_TRE92_STU02180,TORONTO_TRE92_0038
TORONTO_TRE92_STU02180,TORONTO_TRE92_0044
TORONTO_TRE92_STU02180,TORONTO_TRE92_0140
TORONTO_TRE92_STU02181,TORONTO_TRE92_0194
TORONTO_TRE92_STU02181,TORONTO_TRE92_0196
TORONTO_TRE92_STU02181,TORONTO_TRE92_0204
TORONTO_TRE92_STU02182,TORONTO_TRE92_0073
TORONTO_TRE92_STU02182,TORONTO_TRE92_0075
TORONTO_TRE92_STU02182,TORONTO_TRE92_0176
TORONTO_TRE92_STU02182,TORONTO_TRE92_0180
TORONTO_TRE92_STU02183,TORONTO_TRE92_0029
TORONTO_TRE92_STU02183,TORONTO_TRE92_0030
TORONTO_TRE92_STU02183,TORONTO_TRE92_0063
TORONTO_TRE92_STU02183,TORONTO_TRE92_0234
TORONTO_TRE92_STU02184,TORONTO_TRE92_0098
TORONTO_TRE92_STU02184,TORONTO_TRE92_0099
TORONTO_TRE92_STU02184,TORONTO_TRE92_0109
TORONTO_TRE92_STU02184,TORONTO_TRE92_0124
TORONTO_TRE92_STU02184,TORONTO_TRE92_0256
TORONTO_TRE92_STU02185,TORONTO_TRE92_0103
TORONTO_TRE92_STU02185,TORONTO_TRE92_0109
TORONTO_TRE92_STU02185,TORONTO_TRE92_0155
TORONTO_TRE92_STU02185,TORONTO_TRE92_0156
TORONTO_TRE92_STU02185,TORONTO_TRE92_0220
TORONTO_TRE92_STU02186,TORONTO_TRE92_0042
TORONTO_TRE92_STU02186,TORONTO_TRE92_0044
TORONTO_TRE92_STU02186,TORONTO_TRE92_0049
TORONTO_TRE92_STU02186,TORONTO_TRE92_0156
TORONTO_TRE92_STU02186,TORONTO_TRE92_0168
TORONTO_TRE92_STU02187,TORONTO_TRE92_0081
TORONTO_TRE92_STU02187,TORONTO_TRE92_0173
TORONTO_TRE92_STU02187,TORONTO_TRE92_0216
TORONTO_TRE92_STU02187,TORONTO_TRE92_0219
TORONTO_TRE92_STU02187,TORONTO_TRE92_0220
TORONTO_TRE92_STU02188,TORONTO_TRE92_0110
TORONTO_TRE92_STU02188,TORONTO_TRE92_0111
TORONTO_TRE92_STU02188,TORONTO_TRE92_0156
TORONTO_TRE92_STU02188,TORONTO_TRE92_0190
TORONTO_TRE92_STU02188,TORONTO_TRE92_0220
TORONTO_TRE92_STU02189,TORONTO_TRE92_0012
TORONTO_TRE92_STU02189,TORONTO_TRE92_0013
TORONTO_TRE92_STU02189,TORONTO_TRE92_0015
TORONTO_TRE92_STU02189,TORONTO_TRE92_0030
TORONTO_TRE92_STU02189,TORONTO_TRE92_0033
TORONTO_TRE92_STU02190,TORONTO_TRE92_0068
TORONTO_TRE92_STU02190,TORONTO_TRE92_0153
TORONTO_TRE92_STU02190,TORONTO_TRE92_0168
TORONTO_TRE92_STU02190,TORONTO_TRE92_0220
TORONTO_TRE92_STU02191,TORONTO_TRE92_0219
TORONTO_TRE92_STU02192,TORONTO_TRE92_0110
TORONTO_TRE92_STU02192,TORONTO_TRE92_0111
TORONTO_TRE92_STU02192,TORONTO_TRE92_0140
TORONTO_TRE92_STU02192,TORONTO_TRE92_0144
TORONTO_TRE92_STU02193,TORONTO_TRE92_0229
TORONTO_TRE92_STU02193,TORONTO_TRE92_0247
TORONTO_TRE92_STU02193,TORONTO_TRE92_0248
TORONTO_TRE92_STU02193,TORONTO_TRE92_0251
TORONTO_TRE92_STU02194,TORONTO_TRE92_0099
TORONTO_TRE92_STU02194,TORONTO_TRE92_0103
TORONTO_TRE92_STU02194,TORONTO_TRE92_0124
TORONTO_TRE92_STU02194,TORONTO_TRE92_0126
TORONTO_TRE92_STU02194,TORONTO_TRE92_0257
TORONTO_TRE92_STU02195,TORONTO_TRE92_0044
TORONTO_TRE92_STU02195,TORONTO_TRE92_0083
TORONTO_TRE92_STU02195,TORONTO_TRE92_0092
TORONTO_TRE92_STU02195,TORONTO_TRE92_0110
TORONTO_TRE92_STU02195,TORONTO_TRE92_0112
TORONTO_TRE92_STU02196,TORONTO_TRE92_0072
TORONTO_TRE92_STU02196,TORONTO_TRE92_0174
TORONTO_TRE92_STU02196,TORONTO_TRE92_0176
TORONTO_TRE92_STU02196,TORONTO_TRE92_0180
TORONTO_TRE92_STU02196,TORONTO_TRE92_0220
TORONTO_TRE92_STU02197,TORONTO_TRE92_0140
TORONTO_TRE92_STU02197,TORONTO_TRE92_0144
TORONTO_TRE92_STU02197,TORONTO_TRE92_0216
TORONTO_TRE92_STU02197,TORONTO_TRE92_0249
TORONTO_TRE92_STU02198,TORONTO_TRE92_0013
TORONTO_TRE92_STU02198,TORONTO_TRE92_0045
TORONTO_TRE92_STU02198,TORONTO_TRE92_0109
TORONTO_TRE92_STU02198,TORONTO_TRE92_0157
TORONTO_TRE92_STU02198,TORONTO_TRE92_0167
TORONTO_TRE92_STU02199,TORONTO_TRE92_0045
TORONTO_TRE92_STU02199,TORONTO_TRE92_0094
TORONTO_TRE92_STU02199,TORONTO_TRE92_0168
TORONTO_TRE92_STU02200,TORONTO_TRE92_0012
TORONTO_TRE92_STU02200,TORONTO_TRE92_0013
TORONTO_TRE92_STU02200,TORONTO_TRE92_0015
TORONTO_TRE92_STU02200,TORONTO_TRE92_0220
TORONTO_TRE92_STU02201,TORONTO_TRE92_0110
TORONTO_TRE92_STU02201,TORONTO_TRE92_0114
TORONTO_TRE92_STU02201,TORONTO_TRE92_0144
TORONTO_TRE92_STU02201,TORONTO_TRE92_0216
TORONTO_TRE92_STU02201,TORONTO_TRE92_0220
TORONTO_TRE92_STU02202,TORONTO_TRE92_0156
TORONTO_TRE92_STU02202,TORONTO_TRE92_0203
TORONTO_TRE92_STU02202,TORONTO_TRE92_0204
TORONTO_TRE92_STU02203,TORONTO_TRE92_0015
TORONTO_TRE92_STU02203,TORONTO_TRE92_0030
TORONTO_TRE92_STU02203,TORONTO_TRE92_0038
TORONTO_TRE92_STU02203,TORONTO_TRE92_0116
TORONTO_TRE92_STU02204,TORONTO_TRE92_0099
TORONTO_TRE92_STU02204,TORONTO_TRE92_0103
TORONTO_TRE92_STU02204,TORONTO_TRE92_0109
TORONTO_TRE92_STU02205,TORONTO_TRE92_0082
TORONTO_TRE92_STU02205,TORONTO_TRE92_0083
TORONTO_TRE92_STU02205,TORONTO_TRE92_0110
TORONTO_TRE92_STU02205,TORONTO_TRE92_0115
TORONTO_TRE92_STU02206,TORONTO_TRE92_0012
TORONTO_TRE92_STU02206,TORONTO_TRE92_0013
TORONTO_TRE92_STU02206,TORONTO_TRE92_0015
TORONTO_TRE92_STU02206,TORONTO_TRE92_0068
TORONTO_TRE92_STU02207,TORONTO_TRE92_0042
TORONTO_TRE92_STU02207,TORONTO_TRE92_0045
TORONTO_TRE92_STU02207,TORONTO_TRE92_0092
TORONTO_TRE92_STU02207,TORONTO_TRE92_0109
TORONTO_TRE92_STU02208,TORONTO_TRE92_0029
TORONTO_TRE92_STU02208,TORONTO_TRE92_0038
TORONTO_TRE92_STU02208,TORONTO_TRE92_0155
TORONTO_TRE92_STU02208,TORONTO_TRE92_0156
TORONTO_TRE92_STU02208,TORONTO_TRE92_0215
TORONTO_TRE92_STU02209,TORONTO_TRE92_0109
TORONTO_TRE92_STU02209,TORONTO_TRE92_0156
TORONTO_TRE92_STU02209,TORONTO_TRE92_0167
TORONTO_TRE92_STU02210,TORONTO_TRE92_0156
TORONTO_TRE92_STU02210,TORONTO_TRE92_0204
TORONTO_TRE92_STU02210,TORONTO_TRE92_0205
TORONTO_TRE92_STU02210,TORONTO_TRE92_0260
TORONTO_TRE92_STU02211,TORONTO_TRE92_0015
TORONTO_TRE92_STU02211,TORONTO_TRE92_0030
TORONTO_TRE92_STU02211,TORONTO_TRE92_0038
TORONTO_TRE92_STU02211,TORONTO_TRE92_0115
TORONTO_TRE92_STU02211,TORONTO_TRE92_0116
TORONTO_TRE92_STU02212,TORONTO_TRE92_0216
TORONTO_TRE92_STU02212,TORONTO_TRE92_0219
TORONTO_TRE92_STU02212,TORONTO_TRE92_0260
TORONTO_TRE92_STU02213,TORONTO_TRE92_0099
TORONTO_TRE92_STU02213,TORONTO_TRE92_0103
TORONTO_TRE92_STU02213,TORONTO_TRE92_0108
TORONTO_TRE92_STU02213,TORONTO_TRE92_0157
TORONTO_TRE92_STU02214,TORONTO_TRE92_0019
TORONTO_TRE92_STU02214,TORONTO_TRE92_0043
TORONTO_TRE92_STU02214,TORONTO_TRE92_0068
TORONTO_TRE92_STU02214,TORONTO_TRE92_0157
TORONTO_TRE92_STU02214,TORONTO_TRE92_0202
TORONTO_TRE92_STU02215,TORONTO_TRE92_0099
TORONTO_TRE92_STU02215,TORONTO_TRE92_0103
TORONTO_TRE92_STU02215,TORONTO_TRE92_0184
TORONTO_TRE92_STU02215,TORONTO_TRE92_0220
TORONTO_TRE92_STU02216,TORONTO_TRE92_0103
TORONTO_TRE92_STU02216,TORONTO_TRE92_0156
TORONTO_TRE92_STU02216,TORONTO_TRE92_0167
TORONTO_TRE92_STU02216,TORONTO_TRE92_0201
TORONTO_TRE92_STU02217,TORONTO_TRE92_0108
TORONTO_TRE92_STU02217,TORONTO_TRE92_0157
TORONTO_TRE92_STU02218,TORONTO_TRE92_0156
TORONTO_TRE92_STU02218,TORONTO_TRE92_0195
TORONTO_TRE92_STU02218,TORONTO_TRE92_0205
TORONTO_TRE92_STU02218,TORONTO_TRE92_0210
TORONTO_TRE92_STU02219,TORONTO_TRE92_0180
TORONTO_TRE92_STU02220,TORONTO_TRE92_0103
TORONTO_TRE92_STU02220,TORONTO_TRE92_0108
TORONTO_TRE92_STU02220,TORONTO_TRE92_0109
TORONTO_TRE92_STU02220,TORONTO_TRE92_0216
TORONTO_TRE92_STU02220,TORONTO_TRE92_0220
TORONTO_TRE92_STU02221,TORONTO_TRE92_0022
TORONTO_TRE92_STU02221,TORONTO_TRE92_0051
TORONTO_TRE92_STU02221,TORONTO_TRE92_0093
TORONTO_TRE92_STU02221,TORONTO_TRE92_0205
TORONTO_TRE92_STU02222,TORONTO_TRE92_0049
TORONTO_TRE92_STU02222,TORONTO_TRE92_0079
TORONTO_TRE92_STU02222,TORONTO_TRE92_0092
TORONTO_TRE92_STU02223,TORONTO_TRE92_0099
TORONTO_TRE92_STU02223,TORONTO_TRE92_0109
TORONTO_TRE92_STU02223,TORONTO_TRE92_0218
TORONTO_TRE92_STU02223,TORONTO_TRE92_0220
TORONTO_TRE92_STU02224,TORONTO_TRE92_0054
TORONTO_TRE92_STU02224,TORONTO_TRE92_0059
TORONTO_TRE92_STU02224,TORONTO_TRE92_0176
TORONTO_TRE92_STU02225,TORONTO_TRE92_0219
TORONTO_TRE92_STU02225,TORONTO_TRE92_0220
TORONTO_TRE92_STU02225,TORONTO_TRE92_0247
TORONTO_TRE92_STU02225,TORONTO_TRE92_0251
TORONTO_TRE92_STU02226,TORONTO_TRE92_0097
TORONTO_TRE92_STU02226,TORONTO_TRE92_0109
TORONTO_TRE92_STU02226,TORONTO_TRE92_0129
TORONTO_TRE92_STU02226,TORONTO_TRE92_0194
TORONTO_TRE92_STU02227,TORONTO_TRE92_0099
TORONTO_TRE92_STU02227,TORONTO_TRE92_0103
TORONTO_TRE92_STU02227,TORONTO_TRE92_0216
TORONTO_TRE92_STU02227,TORONTO_TRE92_0220
TORONTO_TRE92_STU02227,TORONTO_TRE92_0260
TORONTO_TRE92_STU02228,TORONTO_TRE92_0108
TORONTO_TRE92_STU02228,TORONTO_TRE92_0109
TORONTO_TRE92_STU02228,TORONTO_TRE92_0123
TORONTO_TRE92_STU02228,TORONTO_TRE92_0124
TORONTO_TRE92_STU02228,TORONTO_TRE92_0127
TORONTO_TRE92_STU02229,TORONTO_TRE92_0016
TORONTO_TRE92_STU02229,TORONTO_TRE92_0018
TORONTO_TRE92_STU02230,TORONTO_TRE92_0109
TORONTO_TRE92_STU02230,TORONTO_TRE92_0124
TORONTO_TRE92_STU02230,TORONTO_TRE92_0127
TORONTO_TRE92_STU02230,TORONTO_TRE92_0128
TORONTO_TRE92_STU02230,TORONTO_TRE92_0220
TORONTO_TRE92_STU02231,TORONTO_TRE92_0012
TORONTO_TRE92_STU02231,TORONTO_TRE92_0013
TORONTO_TRE92_STU02231,TORONTO_TRE92_0019
TORONTO_TRE92_STU02231,TORONTO_TRE92_0065
TORONTO_TRE92_STU02231,TORONTO_TRE92_0072
TORONTO_TRE92_STU02232,TORONTO_TRE92_0071
TORONTO_TRE92_STU02232,TORONTO_TRE92_0103
TORONTO_TRE92_STU02232,TORONTO_TRE92_0216
TORONTO_TRE92_STU02232,TORONTO_TRE92_0217
TORONTO_TRE92_STU02232,TORONTO_TRE92_0220
TORONTO_TRE92_STU02233,TORONTO_TRE92_0044
TORONTO_TRE92_STU02233,TORONTO_TRE92_0082
TORONTO_TRE92_STU02233,TORONTO_TRE92_0110
TORONTO_TRE92_STU02233,TORONTO_TRE92_0203
TORONTO_TRE92_STU02233,TORONTO_TRE92_0204
TORONTO_TRE92_STU02234,TORONTO_TRE92_0126
TORONTO_TRE92_STU02234,TORONTO_TRE92_0127
TORONTO_TRE92_STU02234,TORONTO_TRE92_0188
TORONTO_TRE92_STU02234,TORONTO_TRE92_0220
TORONTO_TRE92_STU02235,TORONTO_TRE92_0012
TORONTO_TRE92_STU02235,TORONTO_TRE92_0013
TORONTO_TRE92_STU02235,TORONTO_TRE92_0014
TORONTO_TRE92_STU02235,TORONTO_TRE92_0018
TORONTO_TRE92_STU02235,TORONTO_TRE92_0100
TORONTO_TRE92_STU02235,TORONTO_TRE92_0187
TORONTO_TRE92_STU02236,TORONTO_TRE92_0042
TORONTO_TRE92_STU02236,TORONTO_TRE92_0044
TORONTO_TRE92_STU02236,TORONTO_TRE92_0098
TORONTO_TRE92_STU02236,TORONTO_TRE92_0103
TORONTO_TRE92_STU02237,TORONTO_TRE92_0203
TORONTO_TRE92_STU02237,TORONTO_TRE92_0205
TORONTO_TRE92_STU02237,TORONTO_TRE92_0210
TORONTO_TRE92_STU02238,TORONTO_TRE92_0013
TORONTO_TRE92_STU02238,TORONTO_TRE92_0015
TORONTO_TRE92_STU02238,TORONTO_TRE92_0155
TORONTO_TRE92_STU02238,TORONTO_TRE92_0157
TORONTO_TRE92_STU02239,TORONTO_TRE92_0103
TORONTO_TRE92_STU02239,TORONTO_TRE92_0155
TORONTO_TRE92_STU02239,TORONTO_TRE92_0167
TORONTO_TRE92_STU02239,TORONTO_TRE92_0219
TORONTO_TRE92_STU02240,TORONTO_TRE92_0047
TORONTO_TRE92_STU02240,TORONTO_TRE92_0051
TORONTO_TRE92_STU02240,TORONTO_TRE92_0245
TORONTO_TRE92_STU02240,TORONTO_TRE92_0260
TORONTO_TRE92_STU02241,TORONTO_TRE92_0172
TORONTO_TRE92_STU02241,TORONTO_TRE92_0194
TORONTO_TRE92_STU02242,TORONTO_TRE92_0124
TORONTO_TRE92_STU02242,TORONTO_TRE92_0127
TORONTO_TRE92_STU02242,TORONTO_TRE92_0156
TORONTO_TRE92_STU02242,TORONTO_TRE92_0168
TORONTO_TRE92_STU02242,TORONTO_TRE92_0215
TORONTO_TRE92_STU02243,TORONTO_TRE92_0012
TORONTO_TRE92_STU02243,TORONTO_TRE92_0014
TORONTO_TRE92_STU02243,TORONTO_TRE92_0245
TORONTO_TRE92_STU02244,TORONTO_TRE92_0216
TORONTO_TRE92_STU02244,TORONTO_TRE92_0219
TORONTO_TRE92_STU02244,TORONTO_TRE92_0220
TORONTO_TRE92_STU02244,TORONTO_TRE92_0247
TORONTO_TRE92_STU02245,TORONTO_TRE92_0022
TORONTO_TRE92_STU02245,TORONTO_TRE92_0051
TORONTO_TRE92_STU02245,TORONTO_TRE92_0167
TORONTO_TRE92_STU02245,TORONTO_TRE92_0256
TORONTO_TRE92_STU02246,TORONTO_TRE92_0030
TORONTO_TRE92_STU02246,TORONTO_TRE92_0038
TORONTO_TRE92_STU02246,TORONTO_TRE92_0063
TORONTO_TRE92_STU02246,TORONTO_TRE92_0116
TORONTO_TRE92_STU02246,TORONTO_TRE92_0117
TORONTO_TRE92_STU02247,TORONTO_TRE92_0038
TORONTO_TRE92_STU02247,TORONTO_TRE92_0110
TORONTO_TRE92_STU02247,TORONTO_TRE92_0111
TORONTO_TRE92_STU02247,TORONTO_TRE92_0117
TORONTO_TRE92_STU02247,TORONTO_TRE92_0184
TORONTO_TRE92_STU02248,TORONTO_TRE92_0038
TORONTO_TRE92_STU02248,TORONTO_TRE92_0044
TORONTO_TRE92_STU02248,TORONTO_TRE92_0072
TORONTO_TRE92_STU02248,TORONTO_TRE92_0110
TORONTO_TRE92_STU02249,TORONTO_TRE92_0029
TORONTO_TRE92_STU02249,TORONTO_TRE92_0030
TORONTO_TRE92_STU02249,TORONTO_TRE92_0038
TORONTO_TRE92_STU02249,TORONTO_TRE92_0063
TORONTO_TRE92_STU02249,TORONTO_TRE92_0116
TORONTO_TRE92_STU02250,TORONTO_TRE92_0055
TORONTO_TRE92_STU02250,TORONTO_TRE92_0063
TORONTO_TRE92_STU02250,TORONTO_TRE92_0116
TORONTO_TRE92_STU02250,TORONTO_TRE92_0117
TORONTO_TRE92_STU02250,TORONTO_TRE92_0174
TORONTO_TRE92_STU02251,TORONTO_TRE92_0097
TORONTO_TRE92_STU02251,TORONTO_TRE92_0100
TORONTO_TRE92_STU02251,TORONTO_TRE92_0194
TORONTO_TRE92_STU02252,TORONTO_TRE92_0022
TORONTO_TRE92_STU02252,TORONTO_TRE92_0044
TORONTO_TRE92_STU02252,TORONTO_TRE92_0050
TORONTO_TRE92_STU02252,TORONTO_TRE92_0051
TORONTO_TRE92_STU02252,TORONTO_TRE92_0110
TORONTO_TRE92_STU02253,TORONTO_TRE92_0216
TORONTO_TRE92_STU02253,TORONTO_TRE92_0219
TORONTO_TRE92_STU02254,TORONTO_TRE92_0094
TORONTO_TRE92_STU02254,TORONTO_TRE92_0216
TORONTO_TRE92_STU02254,TORONTO_TRE92_0219
TORONTO_TRE92_STU02254,TORONTO_TRE92_0220
TORONTO_TRE92_STU02255,TORONTO_TRE92_0051
TORONTO_TRE92_STU02255,TORONTO_TRE92_0189
TORONTO_TRE92_STU02255,TORONTO_TRE92_0191
TORONTO_TRE92_STU02256,TORONTO_TRE92_0015
TORONTO_TRE92_STU02256,TORONTO_TRE92_0072
TORONTO_TRE92_STU02256,TORONTO_TRE92_0082
TORONTO_TRE92_STU02256,TORONTO_TRE92_0083
TORONTO_TRE92_STU02256,TORONTO_TRE92_0084
TORONTO_TRE92_STU02257,TORONTO_TRE92_0022
TORONTO_TRE92_STU02257,TORONTO_TRE92_0094
TORONTO_TRE92_STU02257,TORONTO_TRE92_0216
TORONTO_TRE92_STU02257,TORONTO_TRE92_0218
TORONTO_TRE92_STU02257,TORONTO_TRE92_0220
TORONTO_TRE92_STU02258,TORONTO_TRE92_0053
TORONTO_TRE92_STU02258,TORONTO_TRE92_0176
TORONTO_TRE92_STU02258,TORONTO_TRE92_0236
TORONTO_TRE92_STU02258,TORONTO_TRE92_0237
TORONTO_TRE92_STU02259,TORONTO_TRE92_0094
TORONTO_TRE92_STU02259,TORONTO_TRE92_0109
TORONTO_TRE92_STU02259,TORONTO_TRE92_0216
TORONTO_TRE92_STU02259,TORONTO_TRE92_0219
TORONTO_TRE92_STU02259,TORONTO_TRE92_0220
TORONTO_TRE92_STU02260,TORONTO_TRE92_0002
TORONTO_TRE92_STU02260,TORONTO_TRE92_0003
TORONTO_TRE92_STU02260,TORONTO_TRE92_0084
TORONTO_TRE92_STU02260,TORONTO_TRE92_0167
TORONTO_TRE92_STU02261,TORONTO_TRE92_0110
TORONTO_TRE92_STU02261,TORONTO_TRE92_0216
TORONTO_TRE92_STU02261,TORONTO_TRE92_0219
TORONTO_TRE92_STU02261,TORONTO_TRE92_0220
TORONTO_TRE92_STU02262,TORONTO_TRE92_0022
TORONTO_TRE92_STU02262,TORONTO_TRE92_0051
TORONTO_TRE92_STU02262,TORONTO_TRE92_0168
TORONTO_TRE92_STU02263,TORONTO_TRE92_0110
TORONTO_TRE92_STU02263,TORONTO_TRE92_0216
TORONTO_TRE92_STU02263,TORONTO_TRE92_0217
TORONTO_TRE92_STU02263,TORONTO_TRE92_0219
TORONTO_TRE92_STU02264,TORONTO_TRE92_0099
TORONTO_TRE92_STU02264,TORONTO_TRE92_0109
TORONTO_TRE92_STU02264,TORONTO_TRE92_0155
TORONTO_TRE92_STU02264,TORONTO_TRE92_0168
TORONTO_TRE92_STU02264,TORONTO_TRE92_0248
TORONTO_TRE92_STU02265,TORONTO_TRE92_0027
TORONTO_TRE92_STU02265,TORONTO_TRE92_0109
TORONTO_TRE92_STU02265,TORONTO_TRE92_0216
TORONTO_TRE92_STU02265,TORONTO_TRE92_0218
TORONTO_TRE92_STU02265,TORONTO_TRE92_0220
TORONTO_TRE92_STU02266,TORONTO_TRE92_0038
TORONTO_TRE92_STU02266,TORONTO_TRE92_0110
TORONTO_TRE92_STU02266,TORONTO_TRE92_0111
TORONTO_TRE92_STU02266,TORONTO_TRE92_0184
TORONTO_TRE92_STU02267,TORONTO_TRE92_0196
TORONTO_TRE92_STU02267,TORONTO_TRE92_0216
TORONTO_TRE92_STU02267,TORONTO_TRE92_0220
TORONTO_TRE92_STU02267,TORONTO_TRE92_0248
TORONTO_TRE92_STU02268,TORONTO_TRE92_0051
TORONTO_TRE92_STU02268,TORONTO_TRE92_0247
TORONTO_TRE92_STU02268,TORONTO_TRE92_0255
TORONTO_TRE92_STU02268,TORONTO_TRE92_0260
TORONTO_TRE92_STU02269,TORONTO_TRE92_0194
TORONTO_TRE92_STU02269,TORONTO_TRE92_0195
TORONTO_TRE92_STU02269,TORONTO_TRE92_0196
TORONTO_TRE92_STU02270,TORONTO_TRE92_0012
TORONTO_TRE92_STU02270,TORONTO_TRE92_0030
TORONTO_TRE92_STU02270,TORONTO_TRE92_0038
TORONTO_TRE92_STU02270,TORONTO_TRE92_0174
TORONTO_TRE92_STU02271,TORONTO_TRE92_0247
TORONTO_TRE92_STU02271,TORONTO_TRE92_0248
TORONTO_TRE92_STU02271,TORONTO_TRE92_0255
TORONTO_TRE92_STU02272,TORONTO_TRE92_0051
TORONTO_TRE92_STU02272,TORONTO_TRE92_0110
TORONTO_TRE92_STU02272,TORONTO_TRE92_0220
TORONTO_TRE92_STU02273,TORONTO_TRE92_0203
TORONTO_TRE92_STU02273,TORONTO_TRE92_0234
TORONTO_TRE92_STU02274,TORONTO_TRE92_0002
TORONTO_TRE92_STU02274,TORONTO_TRE92_0101
TORONTO_TRE92_STU02274,TORONTO_TRE92_0247
TORONTO_TRE92_STU02274,TORONTO_TRE92_0248
TORONTO_TRE92_STU02274,TORONTO_TRE92_0260
TORONTO_TRE92_STU02275,TORONTO_TRE92_0012
TORONTO_TRE92_STU02275,TORONTO_TRE92_0072
TORONTO_TRE92_STU02275,TORONTO_TRE92_0216
TORONTO_TRE92_STU02275,TORONTO_TRE92_0220
TORONTO_TRE92_STU02276,TORONTO_TRE92_0002
TORONTO_TRE92_STU02276,TORONTO_TRE92_0003
TORONTO_TRE92_STU02276,TORONTO_TRE92_0203
TORONTO_TRE92_STU02277,TORONTO_TRE92_0063
TORONTO_TRE92_STU02277,TORONTO_TRE92_0082
TORONTO_TRE92_STU02277,TORONTO_TRE92_0084
TORONTO_TRE92_STU02277,TORONTO_TRE92_0129
TORONTO_TRE92_STU02277,TORONTO_TRE92_0151
TORONTO_TRE92_STU02278,TORONTO_TRE92_0043
TORONTO_TRE92_STU02278,TORONTO_TRE92_0140
TORONTO_TRE92_STU02278,TORONTO_TRE92_0150
TORONTO_TRE92_STU02278,TORONTO_TRE92_0203
TORONTO_TRE92_STU02279,TORONTO_TRE92_0082
TORONTO_TRE92_STU02279,TORONTO_TRE92_0083
TORONTO_TRE92_STU02279,TORONTO_TRE92_0084
TORONTO_TRE92_STU02279,TORONTO_TRE92_0176
TORONTO_TRE92_STU02280,TORONTO_TRE92_0030
TORONTO_TRE92_STU02280,TORONTO_TRE92_0038
TORONTO_TRE92_STU02280,TORONTO_TRE92_0117
TORONTO_TRE92_STU02280,TORONTO_TRE92_0234
TORONTO_TRE92_STU02281,TORONTO_TRE92_0096
TORONTO_TRE92_STU02281,TORONTO_TRE92_0099
TORONTO_TRE92_STU02281,TORONTO_TRE92_0110
TORONTO_TRE92_STU02281,TORONTO_TRE92_0115
TORONTO_TRE92_STU02281,TORONTO_TRE92_0215
TORONTO_TRE92_STU02282,TORONTO_TRE92_0068
TORONTO_TRE92_STU02282,TORONTO_TRE92_0156
TORONTO_TRE92_STU02282,TORONTO_TRE92_0168
TORONTO_TRE92_STU02282,TORONTO_TRE92_0255
TORONTO_TRE92_STU02283,TORONTO_TRE92_0002
TORONTO_TRE92_STU02283,TORONTO_TRE92_0003
TORONTO_TRE92_STU02283,TORONTO_TRE92_0084
TORONTO_TRE92_STU02283,TORONTO_TRE92_0203
TORONTO_TRE92_STU02283,TORONTO_TRE92_0257
TORONTO_TRE92_STU02284,TORONTO_TRE92_0011
TORONTO_TRE92_STU02284,TORONTO_TRE92_0220
TORONTO_TRE92_STU02284,TORONTO_TRE92_0247
TORONTO_TRE92_STU02284,TORONTO_TRE92_0260
TORONTO_TRE92_STU02285,TORONTO_TRE92_0002
TORONTO_TRE92_STU02285,TORONTO_TRE92_0003
TORONTO_TRE92_STU02285,TORONTO_TRE92_0084
TORONTO_TRE92_STU02285,TORONTO_TRE92_0115
TORONTO_TRE92_STU02285,TORONTO_TRE92_0203
TORONTO_TRE92_STU02286,TORONTO_TRE92_0189
TORONTO_TRE92_STU02286,TORONTO_TRE92_0191
TORONTO_TRE92_STU02286,TORONTO_TRE92_0203
TORONTO_TRE92_STU02287,TORONTO_TRE92_0001
TORONTO_TRE92_STU02287,TORONTO_TRE92_0003
TORONTO_TRE92_STU02287,TORONTO_TRE92_0084
TORONTO_TRE92_STU02287,TORONTO_TRE92_0092
TORONTO_TRE92_STU02287,TORONTO_TRE92_0203
TORONTO_TRE92_STU02288,TORONTO_TRE92_0218
TORONTO_TRE92_STU02288,TORONTO_TRE92_0220
TORONTO_TRE92_STU02288,TORONTO_TRE92_0246
TORONTO_TRE92_STU02288,TORONTO_TRE92_0260
TORONTO_TRE92_STU02289,TORONTO_TRE92_0050
TORONTO_TRE92_STU02289,TORONTO_TRE92_0099
TORONTO_TRE92_STU02289,TORONTO_TRE92_0109
TORONTO_TRE92_STU02289,TORONTO_TRE92_0188
TORONTO_TRE92_STU02290,TORONTO_TRE92_0155
TORONTO_TRE92_STU02290,TORONTO_TRE92_0157
TORONTO_TRE92_STU02290,TORONTO_TRE92_0215
TORONTO_TRE92_STU02290,TORONTO_TRE92_0247
TORONTO_TRE92_STU02291,TORONTO_TRE92_0216
TORONTO_TRE92_STU02291,TORONTO_TRE92_0220
TORONTO_TRE92_STU02291,TORONTO_TRE92_0247
TORONTO_TRE92_STU02292,TORONTO_TRE92_0002
TORONTO_TRE92_STU02292,TORONTO_TRE92_0003
TORONTO_TRE92_STU02292,TORONTO_TRE92_0082
TORONTO_TRE92_STU02292,TORONTO_TRE92_0083
TORONTO_TRE92_STU02292,TORONTO_TRE92_0084
TORONTO_TRE92_STU02293,TORONTO_TRE92_0157
TORONTO_TRE92_STU02293,TORONTO_TRE92_0201
TORONTO_TRE92_STU02294,TORONTO_TRE92_0002
TORONTO_TRE92_STU02294,TORONTO_TRE92_0003
TORONTO_TRE92_STU02294,TORONTO_TRE92_0072
TORONTO_TRE92_STU02294,TORONTO_TRE92_0203
TORONTO_TRE92_STU02295,TORONTO_TRE92_0029
TORONTO_TRE92_STU02295,TORONTO_TRE92_0030
TORONTO_TRE92_STU02295,TORONTO_TRE92_0110
TORONTO_TRE92_STU02295,TORONTO_TRE92_0220
TORONTO_TRE92_STU02296,TORONTO_TRE92_0002
TORONTO_TRE92_STU02296,TORONTO_TRE92_0003
TORONTO_TRE92_STU02296,TORONTO_TRE92_0072
TORONTO_TRE92_STU02296,TORONTO_TRE92_0083
TORONTO_TRE92_STU02296,TORONTO_TRE92_0084
TORONTO_TRE92_STU02296,TORONTO_TRE92_0092
TORONTO_TRE92_STU02297,TORONTO_TRE92_0013
TORONTO_TRE92_STU02297,TORONTO_TRE92_0019
TORONTO_TRE92_STU02298,TORONTO_TRE92_0099
TORONTO_TRE92_STU02298,TORONTO_TRE92_0108
TORONTO_TRE92_STU02298,TORONTO_TRE92_0194
TORONTO_TRE92_STU02298,TORONTO_TRE92_0199
TORONTO_TRE92_STU02299,TORONTO_TRE92_0012
TORONTO_TRE92_STU02299,TORONTO_TRE92_0013
TORONTO_TRE92_STU02299,TORONTO_TRE92_0015
TORONTO_TRE92_STU02299,TORONTO_TRE92_0022
TORONTO_TRE92_STU02300,TORONTO_TRE92_0097
TORONTO_TRE92_STU02300,TORONTO_TRE92_0102
TORONTO_TRE92_STU02301,TORONTO_TRE92_0100
TORONTO_TRE92_STU02301,TORONTO_TRE92_0101
TORONTO_TRE92_STU02301,TORONTO_TRE92_0103
TORONTO_TRE92_STU02302,TORONTO_TRE92_0002
TORONTO_TRE92_STU02302,TORONTO_TRE92_0103
TORONTO_TRE92_STU02302,TORONTO_TRE92_0203
TORONTO_TRE92_STU02302,TORONTO_TRE92_0205
TORONTO_TRE92_STU02303,TORONTO_TRE92_0012
TORONTO_TRE92_STU02303,TORONTO_TRE92_0014
TORONTO_TRE92_STU02303,TORONTO_TRE92_0015
TORONTO_TRE92_STU02303,TORONTO_TRE92_0260
TORONTO_TRE92_STU02304,TORONTO_TRE92_0130
TORONTO_TRE92_STU02304,TORONTO_TRE92_0189
TORONTO_TRE92_STU02304,TORONTO_TRE92_0190
TORONTO_TRE92_STU02305,TORONTO_TRE92_0101
TORONTO_TRE92_STU02305,TORONTO_TRE92_0103
TORONTO_TRE92_STU02305,TORONTO_TRE92_0156
TORONTO_TRE92_STU02305,TORONTO_TRE92_0168
TORONTO_TRE92_STU02306,TORONTO_TRE92_0216
TORONTO_TRE92_STU02306,TORONTO_TRE92_0219
TORONTO_TRE92_STU02306,TORONTO_TRE92_0220
TORONTO_TRE92_STU02307,TORONTO_TRE92_0216
TORONTO_TRE92_STU02307,TORONTO_TRE92_0218
TORONTO_TRE92_STU02307,TORONTO_TRE92_0220
TORONTO_TRE92_STU02308,TORONTO_TRE92_0103
TORONTO_TRE92_STU02308,TORONTO_TRE92_0122
TORONTO_TRE92_STU02308,TORONTO_TRE92_0123
TORONTO_TRE92_STU02308,TORONTO_TRE92_0130
TORONTO_TRE92_STU02308,TORONTO_TRE92_0132
TORONTO_TRE92_STU02309,TORONTO_TRE92_0096
TORONTO_TRE92_STU02309,TORONTO_TRE92_0099
TORONTO_TRE92_STU02310,TORONTO_TRE92_0083
TORONTO_TRE92_STU02310,TORONTO_TRE92_0147
TORONTO_TRE92_STU02310,TORONTO_TRE92_0203
TORONTO_TRE92_STU02310,TORONTO_TRE92_0204
TORONTO_TRE92_STU02311,TORONTO_TRE92_0216
TORONTO_TRE92_STU02311,TORONTO_TRE92_0218
TORONTO_TRE92_STU02311,TORONTO_TRE92_0220
TORONTO_TRE92_STU02311,TORONTO_TRE92_0248
TORONTO_TRE92_STU02311,TORONTO_TRE92_0258
TORONTO_TRE92_STU02312,TORONTO_TRE92_0012
TORONTO_TRE92_STU02312,TORONTO_TRE92_0014
TORONTO_TRE92_STU02312,TORONTO_TRE92_0019
TORONTO_TRE92_STU02312,TORONTO_TRE92_0196
TORONTO_TRE92_STU02312,TORONTO_TRE92_0258
TORONTO_TRE92_STU02313,TORONTO_TRE92_0051
TORONTO_TRE92_STU02313,TORONTO_TRE92_0093
TORONTO_TRE92_STU02313,TORONTO_TRE92_0203
TORONTO_TRE92_STU02313,TORONTO_TRE92_0256
TORONTO_TRE92_STU02314,TORONTO_TRE92_0022
TORONTO_TRE92_STU02314,TORONTO_TRE92_0023
TORONTO_TRE92_STU02314,TORONTO_TRE92_0051
TORONTO_TRE92_STU02314,TORONTO_TRE92_0258
TORONTO_TRE92_STU02315,TORONTO_TRE92_0012
TORONTO_TRE92_STU02315,TORONTO_TRE92_0014
TORONTO_TRE92_STU02315,TORONTO_TRE92_0019
TORONTO_TRE92_STU02315,TORONTO_TRE92_0220
TORONTO_TRE92_STU02315,TORONTO_TRE92_0258
TORONTO_TRE92_STU02316,TORONTO_TRE92_0013
TORONTO_TRE92_STU02316,TORONTO_TRE92_0215
TORONTO_TRE92_STU02316,TORONTO_TRE92_0246
TORONTO_TRE92_STU02316,TORONTO_TRE92_0248
TORONTO_TRE92_STU02317,TORONTO_TRE92_0047
TORONTO_TRE92_STU02317,TORONTO_TRE92_0218
TORONTO_TRE92_STU02317,TORONTO_TRE92_0219
TORONTO_TRE92_STU02317,TORONTO_TRE92_0260
TORONTO_TRE92_STU02318,TORONTO_TRE92_0068
TORONTO_TRE92_STU02318,TORONTO_TRE92_0109
TORONTO_TRE92_STU02318,TORONTO_TRE92_0153
TORONTO_TRE92_STU02318,TORONTO_TRE92_0220
TORONTO_TRE92_STU02319,TORONTO_TRE92_0099
TORONTO_TRE92_STU02319,TORONTO_TRE92_0109
TORONTO_TRE92_STU02319,TORONTO_TRE92_0123
TORONTO_TRE92_STU02319,TORONTO_TRE92_0124
TORONTO_TRE92_STU02320,TORONTO_TRE92_0109
TORONTO_TRE92_STU02320,TORONTO_TRE92_0216
TORONTO_TRE92_STU02320,TORONTO_TRE92_0219
TORONTO_TRE92_STU02320,TORONTO_TRE92_0220
TORONTO_TRE92_STU02320,TORONTO_TRE92_0248
TORONTO_TRE92_STU02321,TORONTO_TRE92_0038
TORONTO_TRE92_STU02321,TORONTO_TRE92_0116
TORONTO_TRE92_STU02321,TORONTO_TRE92_0184
TORONTO_TRE92_STU02322,TORONTO_TRE92_0022
TORONTO_TRE92_STU02322,TORONTO_TRE92_0029
TORONTO_TRE92_STU02322,TORONTO_TRE92_0030
TORONTO_TRE92_STU02322,TORONTO_TRE92_0038
TORONTO_TRE92_STU02322,TORONTO_TRE92_0063
TORONTO_TRE92_STU02323,TORONTO_TRE92_0199
TORONTO_TRE92_STU02323,TORONTO_TRE92_0260
TORONTO_TRE92_STU02324,TORONTO_TRE92_0097
TORONTO_TRE92_STU02324,TORONTO_TRE92_0109
TORONTO_TRE92_STU02325,TORONTO_TRE92_0029
TORONTO_TRE92_STU02325,TORONTO_TRE92_0030
TORONTO_TRE92_STU02325,TORONTO_TRE92_0038
TORONTO_TRE92_STU02325,TORONTO_TRE92_0184
TORONTO_TRE92_STU02325,TORONTO_TRE92_0220
TORONTO_TRE92_STU02326,TORONTO_TRE92_0123
TORONTO_TRE92_STU02326,TORONTO_TRE92_0156
TORONTO_TRE92_STU02326,TORONTO_TRE92_0167
TORONTO_TRE92_STU02326,TORONTO_TRE92_0220
TORONTO_TRE92_STU02326,TORONTO_TRE92_0260
TORONTO_TRE92_STU02327,TORONTO_TRE92_0156
TORONTO_TRE92_STU02327,TORONTO_TRE92_0167
TORONTO_TRE92_STU02327,TORONTO_TRE92_0203
TORONTO_TRE92_STU02327,TORONTO_TRE92_0204
TORONTO_TRE92_STU02327,TORONTO_TRE92_0260
TORONTO_TRE92_STU02328,TORONTO_TRE92_0196
TORONTO_TRE92_STU02328,TORONTO_TRE92_0220
TORONTO_TRE92_STU02329,TORONTO_TRE92_0002
TORONTO_TRE92_STU02329,TORONTO_TRE92_0110
TORONTO_TRE92_STU02329,TORONTO_TRE92_0111
TORONTO_TRE92_STU02329,TORONTO_TRE92_0113
TORONTO_TRE92_STU02329,TORONTO_TRE92_0114
TORONTO_TRE92_STU02330,TORONTO_TRE92_0051
TORONTO_TRE92_STU02330,TORONTO_TRE92_0156
TORONTO_TRE92_STU02330,TORONTO_TRE92_0203
TORONTO_TRE92_STU02330,TORONTO_TRE92_0204
TORONTO_TRE92_STU02331,TORONTO_TRE92_0109
TORONTO_TRE92_STU02331,TORONTO_TRE92_0168
TORONTO_TRE92_STU02331,TORONTO_TRE92_0170
TORONTO_TRE92_STU02331,TORONTO_TRE92_0251
TORONTO_TRE92_STU02332,TORONTO_TRE92_0030
TORONTO_TRE92_STU02332,TORONTO_TRE92_0038
TORONTO_TRE92_STU02332,TORONTO_TRE92_0053
TORONTO_TRE92_STU02332,TORONTO_TRE92_0116
TORONTO_TRE92_STU02332,TORONTO_TRE92_0220
TORONTO_TRE92_STU02333,TORONTO_TRE92_0074
TORONTO_TRE92_STU02333,TORONTO_TRE92_0156
TORONTO_TRE92_STU02333,TORONTO_TRE92_0218
TORONTO_TRE92_STU02334,TORONTO_TRE92_0144
TORONTO_TRE92_STU02334,TORONTO_TRE92_0151
TORONTO_TRE92_STU02334,TORONTO_TRE92_0156
TORONTO_TRE92_STU02334,TORONTO_TRE92_0168
TORONTO_TRE92_STU02334,TORONTO_TRE92_0220
TORONTO_TRE92_STU02335,TORONTO_TRE92_0044
TORONTO_TRE92_STU02335,TORONTO_TRE92_0110
TORONTO_TRE92_STU02335,TORONTO_TRE92_0191
TORONTO_TRE92_STU02336,TORONTO_TRE92_0105
TORONTO_TRE92_STU02336,TORONTO_TRE92_0108
TORONTO_TRE92_STU02336,TORONTO_TRE92_0220
TORONTO_TRE92_STU02337,TORONTO_TRE92_0047
TORONTO_TRE92_STU02337,TORONTO_TRE92_0051
TORONTO_TRE92_STU02337,TORONTO_TRE92_0258
TORONTO_TRE92_STU02337,TORONTO_TRE92_0260
TORONTO_TRE92_STU02338,TORONTO_TRE92_0099
TORONTO_TRE92_STU02338,TORONTO_TRE92_0103
TORONTO_TRE92_STU02338,TORONTO_TRE92_0106
TORONTO_TRE92_STU02338,TORONTO_TRE92_0156
TORONTO_TRE92_STU02339,TORONTO_TRE92_0109
TORONTO_TRE92_STU02339,TORONTO_TRE92_0176
TORONTO_TRE92_STU02339,TORONTO_TRE92_0235
TORONTO_TRE92_STU02339,TORONTO_TRE92_0236
TORONTO_TRE92_STU02339,TORONTO_TRE92_0237
TORONTO_TRE92_STU02340,TORONTO_TRE92_0027
TORONTO_TRE92_STU02340,TORONTO_TRE92_0053
TORONTO_TRE92_STU02340,TORONTO_TRE92_0132
TORONTO_TRE92_STU02340,TORONTO_TRE92_0173
TORONTO_TRE92_STU02341,TORONTO_TRE92_0103
TORONTO_TRE92_STU02341,TORONTO_TRE92_0109
TORONTO_TRE92_STU02341,TORONTO_TRE92_0122
TORONTO_TRE92_STU02341,TORONTO_TRE92_0187
TORONTO_TRE92_STU02341,TORONTO_TRE92_0214
TORONTO_TRE92_STU02341,TORONTO_TRE92_0258
TORONTO_TRE92_STU02342,TORONTO_TRE92_0099
TORONTO_TRE92_STU02342,TORONTO_TRE92_0194
TORONTO_TRE92_STU02342,TORONTO_TRE92_0195
TORONTO_TRE92_STU02342,TORONTO_TRE92_0196
TORONTO_TRE92_STU02343,TORONTO_TRE92_0099
TORONTO_TRE92_STU02343,TORONTO_TRE92_0157
TORONTO_TRE92_STU02343,TORONTO_TRE92_0162
TORONTO_TRE92_STU02344,TORONTO_TRE92_0012
TORONTO_TRE92_STU02344,TORONTO_TRE92_0014
TORONTO_TRE92_STU02344,TORONTO_TRE92_0015
TORONTO_TRE92_STU02345,TORONTO_TRE92_0029
TORONTO_TRE92_STU02345,TORONTO_TRE92_0054
TORONTO_TRE92_STU02345,TORONTO_TRE92_0055
TORONTO_TRE92_STU02345,TORONTO_TRE92_0063
TORONTO_TRE92_STU02345,TORONTO_TRE92_0256
TORONTO_TRE92_STU02346,TORONTO_TRE92_0030
TORONTO_TRE92_STU02346,TORONTO_TRE92_0117
TORONTO_TRE92_STU02346,TORONTO_TRE92_0260
TORONTO_TRE92_STU02347,TORONTO_TRE92_0099
TORONTO_TRE92_STU02347,TORONTO_TRE92_0101
TORONTO_TRE92_STU02348,TORONTO_TRE92_0098
TORONTO_TRE92_STU02348,TORONTO_TRE92_0099
TORONTO_TRE92_STU02348,TORONTO_TRE92_0219
TORONTO_TRE92_STU02348,TORONTO_TRE92_0247
TORONTO_TRE92_STU02349,TORONTO_TRE92_0011
TORONTO_TRE92_STU02349,TORONTO_TRE92_0082
TORONTO_TRE92_STU02349,TORONTO_TRE92_0083
TORONTO_TRE92_STU02349,TORONTO_TRE92_0084
TORONTO_TRE92_STU02349,TORONTO_TRE92_0092
TORONTO_TRE92_STU02350,TORONTO_TRE92_0097
TORONTO_TRE92_STU02350,TORONTO_TRE92_0109
TORONTO_TRE92_STU02350,TORONTO_TRE92_0123
TORONTO_TRE92_STU02350,TORONTO_TRE92_0124
TORONTO_TRE92_STU02350,TORONTO_TRE92_0130
TORONTO_TRE92_STU02351,TORONTO_TRE92_0099
TORONTO_TRE92_STU02351,TORONTO_TRE92_0101
TORONTO_TRE92_STU02351,TORONTO_TRE92_0214
TORONTO_TRE92_STU02352,TORONTO_TRE92_0002
TORONTO_TRE92_STU02352,TORONTO_TRE92_0003
TORONTO_TRE92_STU02352,TORONTO_TRE92_0083
TORONTO_TRE92_STU02352,TORONTO_TRE92_0084
TORONTO_TRE92_STU02353,TORONTO_TRE92_0012
TORONTO_TRE92_STU02353,TORONTO_TRE92_0015
TORONTO_TRE92_STU02353,TORONTO_TRE92_0038
TORONTO_TRE92_STU02353,TORONTO_TRE92_0044
TORONTO_TRE92_STU02354,TORONTO_TRE92_0044
TORONTO_TRE92_STU02354,TORONTO_TRE92_0081
TORONTO_TRE92_STU02354,TORONTO_TRE92_0110
TORONTO_TRE92_STU02354,TORONTO_TRE92_0139
TORONTO_TRE92_STU02354,TORONTO_TRE92_0204
TORONTO_TRE92_STU02355,TORONTO_TRE92_0011
TORONTO_TRE92_STU02355,TORONTO_TRE92_0072
TORONTO_TRE92_STU02355,TORONTO_TRE92_0192
TORONTO_TRE92_STU02355,TORONTO_TRE92_0214
TORONTO_TRE92_STU02356,TORONTO_TRE92_0204
TORONTO_TRE92_STU02356,TORONTO_TRE92_0207
TORONTO_TRE92_STU02356,TORONTO_TRE92_0216
TORONTO_TRE92_STU02356,TORONTO_TRE92_0218
TORONTO_TRE92_STU02356,TORONTO_TRE92_0219
TORONTO_TRE92_STU02357,TORONTO_TRE92_0099
TORONTO_TRE92_STU02357,TORONTO_TRE92_0216
TORONTO_TRE92_STU02357,TORONTO_TRE92_0218
TORONTO_TRE92_STU02357,TORONTO_TRE92_0220
TORONTO_TRE92_STU02357,TORONTO_TRE92_0260
TORONTO_TRE92_STU02358,TORONTO_TRE92_0044
TORONTO_TRE92_STU02358,TORONTO_TRE92_0168
TORONTO_TRE92_STU02358,TORONTO_TRE92_0189
TORONTO_TRE92_STU02359,TORONTO_TRE92_0051
TORONTO_TRE92_STU02359,TORONTO_TRE92_0111
TORONTO_TRE92_STU02359,TORONTO_TRE92_0113
TORONTO_TRE92_STU02359,TORONTO_TRE92_0260
TORONTO_TRE92_STU02360,TORONTO_TRE92_0038
TORONTO_TRE92_STU02360,TORONTO_TRE92_0110
TORONTO_TRE92_STU02360,TORONTO_TRE92_0116
TORONTO_TRE92_STU02360,TORONTO_TRE92_0140
TORONTO_TRE92_STU02360,TORONTO_TRE92_0142
TORONTO_TRE92_STU02361,TORONTO_TRE92_0068
TORONTO_TRE92_STU02361,TORONTO_TRE92_0167
TORONTO_TRE92_STU02361,TORONTO_TRE92_0188
TORONTO_TRE92_STU02361,TORONTO_TRE92_0201
TORONTO_TRE92_STU02362,TORONTO_TRE92_0071
TORONTO_TRE92_STU02362,TORONTO_TRE92_0216
TORONTO_TRE92_STU02362,TORONTO_TRE92_0220
TORONTO_TRE92_STU02363,TORONTO_TRE92_0002
TORONTO_TRE92_STU02363,TORONTO_TRE92_0003
TORONTO_TRE92_STU02363,TORONTO_TRE92_0084
TORONTO_TRE92_STU02363,TORONTO_TRE92_0203
TORONTO_TRE92_STU02363,TORONTO_TRE92_0210
TORONTO_TRE92_STU02364,TORONTO_TRE92_0043
TORONTO_TRE92_STU02364,TORONTO_TRE92_0068
TORONTO_TRE92_STU02364,TORONTO_TRE92_0167
TORONTO_TRE92_STU02364,TORONTO_TRE92_0247
TORONTO_TRE92_STU02364,TORONTO_TRE92_0248
TORONTO_TRE92_STU02365,TORONTO_TRE92_0220
TORONTO_TRE92_STU02365,TORONTO_TRE92_0247
TORONTO_TRE92_STU02365,TORONTO_TRE92_0251
TORONTO_TRE92_STU02366,TORONTO_TRE92_0103
TORONTO_TRE92_STU02366,TORONTO_TRE92_0105
TORONTO_TRE92_STU02367,TORONTO_TRE92_0038
TORONTO_TRE92_STU02367,TORONTO_TRE92_0110
TORONTO_TRE92_STU02367,TORONTO_TRE92_0140
TORONTO_TRE92_STU02367,TORONTO_TRE92_0203
TORONTO_TRE92_STU02368,TORONTO_TRE92_0124
TORONTO_TRE92_STU02368,TORONTO_TRE92_0127
TORONTO_TRE92_STU02368,TORONTO_TRE92_0155
TORONTO_TRE92_STU02368,TORONTO_TRE92_0167
TORONTO_TRE92_STU02369,TORONTO_TRE92_0220
TORONTO_TRE92_STU02369,TORONTO_TRE92_0247
TORONTO_TRE92_STU02369,TORONTO_TRE92_0252
TORONTO_TRE92_STU02369,TORONTO_TRE92_0253
TORONTO_TRE92_STU02369,TORONTO_TRE92_0260
TORONTO_TRE92_STU02370,TORONTO_TRE92_0155
TORONTO_TRE92_STU02370,TORONTO_TRE92_0156
TORONTO_TRE92_STU02370,TORONTO_TRE92_0220
TORONTO_TRE92_STU02371,TORONTO_TRE92_0081
TORONTO_TRE92_STU02371,TORONTO_TRE92_0176
TORONTO_TRE92_STU02371,TORONTO_TRE92_0219
TORONTO_TRE92_STU02371,TORONTO_TRE92_0220
TORONTO_TRE92_STU02372,TORONTO_TRE92_0044
TORONTO_TRE92_STU02372,TORONTO_TRE92_0051
TORONTO_TRE92_STU02372,TORONTO_TRE92_0189
TORONTO_TRE92_STU02372,TORONTO_TRE92_0190
TORONTO_TRE92_STU02373,TORONTO_TRE92_0073
TORONTO_TRE92_STU02373,TORONTO_TRE92_0074
TORONTO_TRE92_STU02373,TORONTO_TRE92_0075
TORONTO_TRE92_STU02373,TORONTO_TRE92_0203
TORONTO_TRE92_STU02373,TORONTO_TRE92_0205
TORONTO_TRE92_STU02374,TORONTO_TRE92_0140
TORONTO_TRE92_STU02374,TORONTO_TRE92_0147
TORONTO_TRE92_STU02374,TORONTO_TRE92_0156
TORONTO_TRE92_STU02374,TORONTO_TRE92_0168
TORONTO_TRE92_STU02375,TORONTO_TRE92_0074
TORONTO_TRE92_STU02375,TORONTO_TRE92_0176
TORONTO_TRE92_STU02375,TORONTO_TRE92_0180
TORONTO_TRE92_STU02375,TORONTO_TRE92_0214
TORONTO_TRE92_STU02376,TORONTO_TRE92_0115
TORONTO_TRE92_STU02376,TORONTO_TRE92_0139
TORONTO_TRE92_STU02376,TORONTO_TRE92_0144
TORONTO_TRE92_STU02377,TORONTO_TRE92_0075
TORONTO_TRE92_STU02377,TORONTO_TRE92_0176
TORONTO_TRE92_STU02377,TORONTO_TRE92_0180
TORONTO_TRE92_STU02377,TORONTO_TRE92_0215
TORONTO_TRE92_STU02378,TORONTO_TRE92_0196
TORONTO_TRE92_STU02378,TORONTO_TRE92_0216
TORONTO_TRE92_STU02378,TORONTO_TRE92_0218
TORONTO_TRE92_STU02378,TORONTO_TRE92_0220
TORONTO_TRE92_STU02379,TORONTO_TRE92_0002
TORONTO_TRE92_STU02379,TORONTO_TRE92_0133
TORONTO_TRE92_STU02379,TORONTO_TRE92_0156
TORONTO_TRE92_STU02379,TORONTO_TRE92_0167
TORONTO_TRE92_STU02379,TORONTO_TRE92_0248
TORONTO_TRE92_STU02380,TORONTO_TRE92_0220
TORONTO_TRE92_STU02380,TORONTO_TRE92_0247
TORONTO_TRE92_STU02380,TORONTO_TRE92_0248
TORONTO_TRE92_STU02380,TORONTO_TRE92_0249
TORONTO_TRE92_STU02381,TORONTO_TRE92_0030
TORONTO_TRE92_STU02381,TORONTO_TRE92_0038
TORONTO_TRE92_STU02381,TORONTO_TRE92_0063
TORONTO_TRE92_STU02381,TORONTO_TRE92_0220
TORONTO_TRE92_STU02382,TORONTO_TRE92_0099
TORONTO_TRE92_STU02382,TORONTO_TRE92_0140
TORONTO_TRE92_STU02382,TORONTO_TRE92_0154
TORONTO_TRE92_STU02382,TORONTO_TRE92_0215
TORONTO_TRE92_STU02383,TORONTO_TRE92_0216
TORONTO_TRE92_STU02383,TORONTO_TRE92_0219
TORONTO_TRE92_STU02383,TORONTO_TRE92_0220
TORONTO_TRE92_STU02384,TORONTO_TRE92_0097
TORONTO_TRE92_STU02384,TORONTO_TRE92_0099
TORONTO_TRE92_STU02384,TORONTO_TRE92_0168
TORONTO_TRE92_STU02385,TORONTO_TRE92_0003
TORONTO_TRE92_STU02385,TORONTO_TRE92_0123
TORONTO_TRE92_STU02385,TORONTO_TRE92_0204
TORONTO_TRE92_STU02385,TORONTO_TRE92_0210
TORONTO_TRE92_STU02386,TORONTO_TRE92_0082
TORONTO_TRE92_STU02386,TORONTO_TRE92_0083
TORONTO_TRE92_STU02386,TORONTO_TRE92_0085
TORONTO_TRE92_STU02386,TORONTO_TRE92_0140
TORONTO_TRE92_STU02386,TORONTO_TRE92_0141
TORONTO_TRE92_STU02387,TORONTO_TRE92_0011
TORONTO_TRE92_STU02387,TORONTO_TRE92_0216
TORONTO_TRE92_STU02387,TORONTO_TRE92_0218
TORONTO_TRE92_STU02387,TORONTO_TRE92_0220
TORONTO_TRE92_STU02387,TORONTO_TRE92_0246
TORONTO_TRE92_STU02388,TORONTO_TRE92_0103
TORONTO_TRE92_STU02388,TORONTO_TRE92_0109
TORONTO_TRE92_STU02388,TORONTO_TRE92_0153
TORONTO_TRE92_STU02389,TORONTO_TRE92_0030
TORONTO_TRE92_STU02389,TORONTO_TRE92_0034
TORONTO_TRE92_STU02389,TORONTO_TRE92_0038
TORONTO_TRE92_STU02390,TORONTO_TRE92_0073
TORONTO_TRE92_STU02390,TORONTO_TRE92_0075
TORONTO_TRE92_STU02390,TORONTO_TRE92_0216
TORONTO_TRE92_STU02390,TORONTO_TRE92_0217
TORONTO_TRE92_STU02390,TORONTO_TRE92_0220
TORONTO_TRE92_STU02391,TORONTO_TRE92_0099
TORONTO_TRE92_STU02391,TORONTO_TRE92_0103
TORONTO_TRE92_STU02391,TORONTO_TRE92_0167
TORONTO_TRE92_STU02391,TORONTO_TRE92_0187
TORONTO_TRE92_STU02392,TORONTO_TRE92_0044
TORONTO_TRE92_STU02392,TORONTO_TRE92_0110
TORONTO_TRE92_STU02392,TORONTO_TRE92_0156
TORONTO_TRE92_STU02392,TORONTO_TRE92_0167
TORONTO_TRE92_STU02392,TORONTO_TRE92_0201
TORONTO_TRE92_STU02393,TORONTO_TRE92_0014
TORONTO_TRE92_STU02393,TORONTO_TRE92_0127
TORONTO_TRE92_STU02393,TORONTO_TRE92_0128
TORONTO_TRE92_STU02393,TORONTO_TRE92_0220
TORONTO_TRE92_STU02394,TORONTO_TRE92_0124
TORONTO_TRE92_STU02394,TORONTO_TRE92_0127
TORONTO_TRE92_STU02394,TORONTO_TRE92_0189
TORONTO_TRE92_STU02394,TORONTO_TRE92_0191
TORONTO_TRE92_STU02395,TORONTO_TRE92_0012
TORONTO_TRE92_STU02395,TORONTO_TRE92_0014
TORONTO_TRE92_STU02395,TORONTO_TRE92_0123
TORONTO_TRE92_STU02395,TORONTO_TRE92_0127
TORONTO_TRE92_STU02396,TORONTO_TRE92_0051
TORONTO_TRE92_STU02396,TORONTO_TRE92_0093
TORONTO_TRE92_STU02396,TORONTO_TRE92_0170
TORONTO_TRE92_STU02396,TORONTO_TRE92_0203
TORONTO_TRE92_STU02397,TORONTO_TRE92_0108
TORONTO_TRE92_STU02397,TORONTO_TRE92_0109
TORONTO_TRE92_STU02397,TORONTO_TRE92_0216
TORONTO_TRE92_STU02397,TORONTO_TRE92_0220
TORONTO_TRE92_STU02398,TORONTO_TRE92_0038
TORONTO_TRE92_STU02398,TORONTO_TRE92_0176
TORONTO_TRE92_STU02399,TORONTO_TRE92_0003
TORONTO_TRE92_STU02399,TORONTO_TRE92_0203
TORONTO_TRE92_STU02399,TORONTO_TRE92_0205
TORONTO_TRE92_STU02399,TORONTO_TRE92_0210
TORONTO_TRE92_STU02399,TORONTO_TRE92_0260
TORONTO_TRE92_STU02400,TORONTO_TRE92_0002
TORONTO_TRE92_STU02400,TORONTO_TRE92_0003
TORONTO_TRE92_STU02400,TORONTO_TRE92_0082
TORONTO_TRE92_STU02400,TORONTO_TRE92_0083
TORONTO_TRE92_STU02400,TORONTO_TRE92_0084
TORONTO_TRE92_STU02401,TORONTO_TRE92_0099
TORONTO_TRE92_STU02401,TORONTO_TRE92_0156
TORONTO_TRE92_STU02401,TORONTO_TRE92_0167
TORONTO_TRE92_STU02401,TORONTO_TRE92_0220
TORONTO_TRE92_STU02402,TORONTO_TRE92_0047
TORONTO_TRE92_STU02402,TORONTO_TRE92_0216
TORONTO_TRE92_STU02402,TORONTO_TRE92_0219
TORONTO_TRE92_STU02402,TORONTO_TRE92_0220
TORONTO_TRE92_STU02402,TORONTO_TRE92_0260
TORONTO_TRE92_STU02403,TORONTO_TRE92_0156
TORONTO_TRE92_STU02403,TORONTO_TRE92_0157
TORONTO_TRE92_STU02403,TORONTO_TRE92_0196
TORONTO_TRE92_STU02403,TORONTO_TRE92_0202
TORONTO_TRE92_STU02403,TORONTO_TRE92_0210
TORONTO_TRE92_STU02404,TORONTO_TRE92_0105
TORONTO_TRE92_STU02404,TORONTO_TRE92_0109
TORONTO_TRE92_STU02404,TORONTO_TRE92_0216
TORONTO_TRE92_STU02404,TORONTO_TRE92_0220
TORONTO_TRE92_STU02405,TORONTO_TRE92_0140
TORONTO_TRE92_STU02405,TORONTO_TRE92_0141
TORONTO_TRE92_STU02405,TORONTO_TRE92_0142
TORONTO_TRE92_STU02405,TORONTO_TRE92_0260
TORONTO_TRE92_STU02406,TORONTO_TRE92_0097
TORONTO_TRE92_STU02406,TORONTO_TRE92_0099
TORONTO_TRE92_STU02406,TORONTO_TRE92_0156
TORONTO_TRE92_STU02406,TORONTO_TRE92_0157
TORONTO_TRE92_STU02407,TORONTO_TRE92_0099
TORONTO_TRE92_STU02407,TORONTO_TRE92_0103
TORONTO_TRE92_STU02407,TORONTO_TRE92_0156
TORONTO_TRE92_STU02407,TORONTO_TRE92_0165
TORONTO_TRE92_STU02408,TORONTO_TRE92_0038
TORONTO_TRE92_STU02408,TORONTO_TRE92_0116
TORONTO_TRE92_STU02408,TORONTO_TRE92_0233
TORONTO_TRE92_STU02409,TORONTO_TRE92_0051
TORONTO_TRE92_STU02409,TORONTO_TRE92_0205
TORONTO_TRE92_STU02409,TORONTO_TRE92_0247
TORONTO_TRE92_STU02409,TORONTO_TRE92_0255
TORONTO_TRE92_STU02410,TORONTO_TRE92_0052
TORONTO_TRE92_STU02410,TORONTO_TRE92_0055
TORONTO_TRE92_STU02410,TORONTO_TRE92_0117
TORONTO_TRE92_STU02410,TORONTO_TRE92_0131
TORONTO_TRE92_STU02410,TORONTO_TRE92_0140
TORONTO_TRE92_STU02410,TORONTO_TRE92_0142
TORONTO_TRE92_STU02411,TORONTO_TRE92_0099
TORONTO_TRE92_STU02411,TORONTO_TRE92_0103
TORONTO_TRE92_STU02411,TORONTO_TRE92_0109
TORONTO_TRE92_STU02412,TORONTO_TRE92_0176
TORONTO_TRE92_STU02412,TORONTO_TRE92_0180
TORONTO_TRE92_STU02413,TORONTO_TRE92_0073
TORONTO_TRE92_STU02413,TORONTO_TRE92_0176
TORONTO_TRE92_STU02413,TORONTO_TRE92_0180
TORONTO_TRE92_STU02413,TORONTO_TRE92_0215
TORONTO_TRE92_STU02414,TORONTO_TRE92_0030
TORONTO_TRE92_STU02414,TORONTO_TRE92_0038
TORONTO_TRE92_STU02414,TORONTO_TRE92_0216
TORONTO_TRE92_STU02414,TORONTO_TRE92_0220
TORONTO_TRE92_STU02415,TORONTO_TRE92_0012
TORONTO_TRE92_STU02415,TORONTO_TRE92_0068
TORONTO_TRE92_STU02415,TORONTO_TRE92_0157
TORONTO_TRE92_STU02415,TORONTO_TRE92_0168
TORONTO_TRE92_STU02415,TORONTO_TRE92_0190
TORONTO_TRE92_STU02416,TORONTO_TRE92_0140
TORONTO_TRE92_STU02416,TORONTO_TRE92_0142
TORONTO_TRE92_STU02416,TORONTO_TRE92_0157
TORONTO_TRE92_STU02416,TORONTO_TRE92_0168
TORONTO_TRE92_STU02417,TORONTO_TRE92_0073
TORONTO_TRE92_STU02417,TORONTO_TRE92_0075
TORONTO_TRE92_STU02417,TORONTO_TRE92_0175
TORONTO_TRE92_STU02417,TORONTO_TRE92_0176
TORONTO_TRE92_STU02417,TORONTO_TRE92_0180
TORONTO_TRE92_STU02418,TORONTO_TRE92_0096
TORONTO_TRE92_STU02418,TORONTO_TRE92_0103
TORONTO_TRE92_STU02418,TORONTO_TRE92_0106
TORONTO_TRE92_STU02418,TORONTO_TRE92_0216
TORONTO_TRE92_STU02418,TORONTO_TRE92_0220
TORONTO_TRE92_STU02419,TORONTO_TRE92_0071
TORONTO_TRE92_STU02419,TORONTO_TRE92_0099
TORONTO_TRE92_STU02419,TORONTO_TRE92_0106
TORONTO_TRE92_STU02419,TORONTO_TRE92_0155
TORONTO_TRE92_STU02419,TORONTO_TRE92_0167
TORONTO_TRE92_STU02420,TORONTO_TRE92_0196
TORONTO_TRE92_STU02420,TORONTO_TRE92_0216
TORONTO_TRE92_STU02420,TORONTO_TRE92_0219
TORONTO_TRE92_STU02420,TORONTO_TRE92_0246
TORONTO_TRE92_STU02421,TORONTO_TRE92_0003
TORONTO_TRE92_STU02421,TORONTO_TRE92_0203
TORONTO_TRE92_STU02421,TORONTO_TRE92_0219
TORONTO_TRE92_STU02421,TORONTO_TRE92_0246
TORONTO_TRE92_STU02422,TORONTO_TRE92_0047
TORONTO_TRE92_STU02422,TORONTO_TRE92_0155
TORONTO_TRE92_STU02422,TORONTO_TRE92_0156
TORONTO_TRE92_STU02422,TORONTO_TRE92_0215
TORONTO_TRE92_STU02422,TORONTO_TRE92_0260
TORONTO_TRE92_STU02423,TORONTO_TRE92_0045
TORONTO_TRE92_STU02423,TORONTO_TRE92_0157
TORONTO_TRE92_STU02423,TORONTO_TRE92_0167
TORONTO_TRE92_STU02423,TORONTO_TRE92_0194
TORONTO_TRE92_STU02423,TORONTO_TRE92_0196
TORONTO_TRE92_STU02424,TORONTO_TRE92_0099
TORONTO_TRE92_STU02424,TORONTO_TRE92_0102
TORONTO_TRE92_STU02424,TORONTO_TRE92_0109
TORONTO_TRE92_STU02424,TORONTO_TRE92_0218
TORONTO_TRE92_STU02424,TORONTO_TRE92_0260
TORONTO_TRE92_STU02425,TORONTO_TRE92_0193
TORONTO_TRE92_STU02425,TORONTO_TRE92_0216
TORONTO_TRE92_STU02425,TORONTO_TRE92_0219
TORONTO_TRE92_STU02425,TORONTO_TRE92_0220
TORONTO_TRE92_STU02425,TORONTO_TRE92_0249
TORONTO_TRE92_STU02426,TORONTO_TRE92_0112
TORONTO_TRE92_STU02426,TORONTO_TRE92_0115
TORONTO_TRE92_STU02426,TORONTO_TRE92_0140
TORONTO_TRE92_STU02426,TORONTO_TRE92_0142
TORONTO_TRE92_STU02426,TORONTO_TRE92_0193
TORONTO_TRE92_STU02427,TORONTO_TRE92_0030
TORONTO_TRE92_STU02427,TORONTO_TRE92_0034
TORONTO_TRE92_STU02427,TORONTO_TRE92_0038
TORONTO_TRE92_STU02427,TORONTO_TRE92_0044
TORONTO_TRE92_STU02427,TORONTO_TRE92_0110
TORONTO_TRE92_STU02428,TORONTO_TRE92_0030
TORONTO_TRE92_STU02428,TORONTO_TRE92_0038
TORONTO_TRE92_STU02428,TORONTO_TRE92_0108
TORONTO_TRE92_STU02428,TORONTO_TRE92_0140
TORONTO_TRE92_STU02428,TORONTO_TRE92_0142
TORONTO_TRE92_STU02429,TORONTO_TRE92_0073
TORONTO_TRE92_STU02429,TORONTO_TRE92_0075
TORONTO_TRE92_STU02429,TORONTO_TRE92_0110
TORONTO_TRE92_STU02429,TORONTO_TRE92_0111
TORONTO_TRE92_STU02429,TORONTO_TRE92_0115
TORONTO_TRE92_STU02430,TORONTO_TRE92_0247
TORONTO_TRE92_STU02430,TORONTO_TRE92_0248
TORONTO_TRE92_STU02430,TORONTO_TRE92_0251
TORONTO_TRE92_STU02431,TORONTO_TRE92_0022
TORONTO_TRE92_STU02431,TORONTO_TRE92_0051
TORONTO_TRE92_STU02431,TORONTO_TRE92_0124
TORONTO_TRE92_STU02431,TORONTO_TRE92_0258
TORONTO_TRE92_STU02432,TORONTO_TRE92_0002
TORONTO_TRE92_STU02432,TORONTO_TRE92_0003
TORONTO_TRE92_STU02432,TORONTO_TRE92_0083
TORONTO_TRE92_STU02432,TORONTO_TRE92_0084
TORONTO_TRE92_STU02432,TORONTO_TRE92_0255
TORONTO_TRE92_STU02433,TORONTO_TRE92_0012
TORONTO_TRE92_STU02433,TORONTO_TRE92_0015
TORONTO_TRE92_STU02433,TORONTO_TRE92_0100
TORONTO_TRE92_STU02434,TORONTO_TRE92_0117
TORONTO_TRE92_STU02434,TORONTO_TRE92_0176
TORONTO_TRE92_STU02434,TORONTO_TRE92_0236
TORONTO_TRE92_STU02434,TORONTO_TRE92_0237
TORONTO_TRE92_STU02435,TORONTO_TRE92_0184
TORONTO_TRE92_STU02435,TORONTO_TRE92_0194
TORONTO_TRE92_STU02435,TORONTO_TRE92_0196
TORONTO_TRE92_STU02435,TORONTO_TRE92_0248
TORONTO_TRE92_STU02436,TORONTO_TRE92_0029
TORONTO_TRE92_STU02436,TORONTO_TRE92_0030
TORONTO_TRE92_STU02436,TORONTO_TRE92_0038
TORONTO_TRE92_STU02436,TORONTO_TRE92_0109
TORONTO_TRE92_STU02436,TORONTO_TRE92_0220
TORONTO_TRE92_STU02437,TORONTO_TRE92_0081
TORONTO_TRE92_STU02437,TORONTO_TRE92_0109
TORONTO_TRE92_STU02437,TORONTO_TRE92_0176
TORONTO_TRE92_STU02437,TORONTO_TRE92_0214
TORONTO_TRE92_STU02438,TORONTO_TRE92_0099
TORONTO_TRE92_STU02438,TORONTO_TRE92_0168
TORONTO_TRE92_STU02438,TORONTO_TRE92_0216
TORONTO_TRE92_STU02438,TORONTO_TRE92_0220
TORONTO_TRE92_STU02439,TORONTO_TRE92_0012
TORONTO_TRE92_STU02439,TORONTO_TRE92_0025
TORONTO_TRE92_STU02439,TORONTO_TRE92_0188
TORONTO_TRE92_STU02439,TORONTO_TRE92_0189
TORONTO_TRE92_STU02440,TORONTO_TRE92_0014
TORONTO_TRE92_STU02440,TORONTO_TRE92_0015
TORONTO_TRE92_STU02440,TORONTO_TRE92_0030
TORONTO_TRE92_STU02440,TORONTO_TRE92_0038
TORONTO_TRE92_STU02440,TORONTO_TRE92_0220
TORONTO_TRE92_STU02441,TORONTO_TRE92_0083
TORONTO_TRE92_STU02442,TORONTO_TRE92_0029
TORONTO_TRE92_STU02442,TORONTO_TRE92_0030
TORONTO_TRE92_STU02442,TORONTO_TRE92_0038
TORONTO_TRE92_STU02442,TORONTO_TRE92_0063
TORONTO_TRE92_STU02442,TORONTO_TRE92_0220
TORONTO_TRE92_STU02443,TORONTO_TRE92_0030
TORONTO_TRE92_STU02443,TORONTO_TRE92_0038
TORONTO_TRE92_STU02443,TORONTO_TRE92_0176
TORONTO_TRE92_STU02443,TORONTO_TRE92_0218
TORONTO_TRE92_STU02443,TORONTO_TRE92_0220
TORONTO_TRE92_STU02444,TORONTO_TRE92_0123
TORONTO_TRE92_STU02444,TORONTO_TRE92_0127
TORONTO_TRE92_STU02444,TORONTO_TRE92_0220
TORONTO_TRE92_STU02444,TORONTO_TRE92_0258
TORONTO_TRE92_STU02445,TORONTO_TRE92_0074
TORONTO_TRE92_STU02445,TORONTO_TRE92_0083
TORONTO_TRE92_STU02445,TORONTO_TRE92_0116
TORONTO_TRE92_STU02446,TORONTO_TRE92_0072
TORONTO_TRE92_STU02446,TORONTO_TRE92_0081
TORONTO_TRE92_STU02446,TORONTO_TRE92_0215
TORONTO_TRE92_STU02447,TORONTO_TRE92_0102
TORONTO_TRE92_STU02447,TORONTO_TRE92_0155
TORONTO_TRE92_STU02447,TORONTO_TRE92_0156
TORONTO_TRE92_STU02447,TORONTO_TRE92_0214
TORONTO_TRE92_STU02448,TORONTO_TRE92_0071
TORONTO_TRE92_STU02448,TORONTO_TRE92_0099
TORONTO_TRE92_STU02448,TORONTO_TRE92_0103
TORONTO_TRE92_STU02448,TORONTO_TRE92_0109
TORONTO_TRE92_STU02448,TORONTO_TRE92_0155
TORONTO_TRE92_STU02449,TORONTO_TRE92_0099
TORONTO_TRE92_STU02449,TORONTO_TRE92_0101
TORONTO_TRE92_STU02449,TORONTO_TRE92_0109
TORONTO_TRE92_STU02449,TORONTO_TRE92_0155
TORONTO_TRE92_STU02449,TORONTO_TRE92_0156
TORONTO_TRE92_STU02450,TORONTO_TRE92_0082
TORONTO_TRE92_STU02450,TORONTO_TRE92_0083
TORONTO_TRE92_STU02450,TORONTO_TRE92_0176
TORONTO_TRE92_STU02451,TORONTO_TRE92_0028
TORONTO_TRE92_STU02451,TORONTO_TRE92_0073
TORONTO_TRE92_STU02451,TORONTO_TRE92_0074
TORONTO_TRE92_STU02451,TORONTO_TRE92_0116
TORONTO_TRE92_STU02451,TORONTO_TRE92_0180
TORONTO_TRE92_STU02452,TORONTO_TRE92_0029
TORONTO_TRE92_STU02452,TORONTO_TRE92_0030
TORONTO_TRE92_STU02452,TORONTO_TRE92_0038
TORONTO_TRE92_STU02452,TORONTO_TRE92_0123
TORONTO_TRE92_STU02452,TORONTO_TRE92_0127
TORONTO_TRE92_STU02453,TORONTO_TRE92_0082
TORONTO_TRE92_STU02453,TORONTO_TRE92_0083
TORONTO_TRE92_STU02453,TORONTO_TRE92_0216
TORONTO_TRE92_STU02453,TORONTO_TRE92_0218
TORONTO_TRE92_STU02453,TORONTO_TRE92_0220
TORONTO_TRE92_STU02454,TORONTO_TRE92_0068
TORONTO_TRE92_STU02454,TORONTO_TRE92_0154
TORONTO_TRE92_STU02454,TORONTO_TRE92_0247
TORONTO_TRE92_STU02454,TORONTO_TRE92_0249
TORONTO_TRE92_STU02455,TORONTO_TRE92_0154
TORONTO_TRE92_STU02455,TORONTO_TRE92_0215
TORONTO_TRE92_STU02456,TORONTO_TRE92_0013
TORONTO_TRE92_STU02456,TORONTO_TRE92_0155
TORONTO_TRE92_STU02456,TORONTO_TRE92_0157
TORONTO_TRE92_STU02457,TORONTO_TRE92_0012
TORONTO_TRE92_STU02457,TORONTO_TRE92_0014
TORONTO_TRE92_STU02457,TORONTO_TRE92_0015
TORONTO_TRE92_STU02457,TORONTO_TRE92_0220
TORONTO_TRE92_STU02458,TORONTO_TRE92_0071
TORONTO_TRE92_STU02458,TORONTO_TRE92_0098
TORONTO_TRE92_STU02458,TORONTO_TRE92_0102
TORONTO_TRE92_STU02458,TORONTO_TRE92_0202
TORONTO_TRE92_STU02458,TORONTO_TRE92_0203
TORONTO_TRE92_STU02459,TORONTO_TRE92_0155
TORONTO_TRE92_STU02459,TORONTO_TRE92_0157
TORONTO_TRE92_STU02459,TORONTO_TRE92_0210
TORONTO_TRE92_STU02459,TORONTO_TRE92_0214
TORONTO_TRE92_STU02460,TORONTO_TRE92_0109
TORONTO_TRE92_STU02460,TORONTO_TRE92_0155
TORONTO_TRE92_STU02460,TORONTO_TRE92_0156
TORONTO_TRE92_STU02460,TORONTO_TRE92_0204
TORONTO_TRE92_STU02460,TORONTO_TRE92_0210
TORONTO_TRE92_STU02461,TORONTO_TRE92_0103
TORONTO_TRE92_STU02461,TORONTO_TRE92_0216
TORONTO_TRE92_STU02461,TORONTO_TRE92_0220
TORONTO_TRE92_STU02462,TORONTO_TRE92_0011
TORONTO_TRE92_STU02462,TORONTO_TRE92_0013
TORONTO_TRE92_STU02462,TORONTO_TRE92_0216
TORONTO_TRE92_STU02462,TORONTO_TRE92_0220
TORONTO_TRE92_STU02463,TORONTO_TRE92_0038
TORONTO_TRE92_STU02463,TORONTO_TRE92_0072
TORONTO_TRE92_STU02463,TORONTO_TRE92_0115
TORONTO_TRE92_STU02463,TORONTO_TRE92_0116
TORONTO_TRE92_STU02463,TORONTO_TRE92_0214
TORONTO_TRE92_STU02464,TORONTO_TRE92_0030
TORONTO_TRE92_STU02464,TORONTO_TRE92_0038
TORONTO_TRE92_STU02464,TORONTO_TRE92_0081
TORONTO_TRE92_STU02464,TORONTO_TRE92_0116
TORONTO_TRE92_STU02464,TORONTO_TRE92_0117
TORONTO_TRE92_STU02465,TORONTO_TRE92_0216
TORONTO_TRE92_STU02465,TORONTO_TRE92_0219
TORONTO_TRE92_STU02465,TORONTO_TRE92_0220
TORONTO_TRE92_STU02465,TORONTO_TRE92_0247
TORONTO_TRE92_STU02466,TORONTO_TRE92_0038
TORONTO_TRE92_STU02466,TORONTO_TRE92_0082
TORONTO_TRE92_STU02466,TORONTO_TRE92_0083
TORONTO_TRE92_STU02466,TORONTO_TRE92_0084
TORONTO_TRE92_STU02466,TORONTO_TRE92_0111
TORONTO_TRE92_STU02467,TORONTO_TRE92_0095
TORONTO_TRE92_STU02467,TORONTO_TRE92_0099
TORONTO_TRE92_STU02467,TORONTO_TRE92_0216
TORONTO_TRE92_STU02467,TORONTO_TRE92_0218
TORONTO_TRE92_STU02467,TORONTO_TRE92_0220
TORONTO_TRE92_STU02468,TORONTO_TRE92_0216
TORONTO_TRE92_STU02468,TORONTO_TRE92_0219
TORONTO_TRE92_STU02468,TORONTO_TRE92_0220
TORONTO_TRE92_STU02468,TORONTO_TRE92_0245
TORONTO_TRE92_STU02469,TORONTO_TRE92_0068
TORONTO_TRE92_STU02469,TORONTO_TRE92_0103
TORONTO_TRE92_STU02469,TORONTO_TRE92_0109
TORONTO_TRE92_STU02469,TORONTO_TRE92_0155
TORONTO_TRE92_STU02470,TORONTO_TRE92_0072
TORONTO_TRE92_STU02470,TORONTO_TRE92_0156
TORONTO_TRE92_STU02470,TORONTO_TRE92_0157
TORONTO_TRE92_STU02470,TORONTO_TRE92_0216
TORONTO_TRE92_STU02470,TORONTO_TRE92_0220
TORONTO_TRE92_STU02471,TORONTO_TRE92_0096
TORONTO_TRE92_STU02471,TORONTO_TRE92_0103
TORONTO_TRE92_STU02471,TORONTO_TRE92_0110
TORONTO_TRE92_STU02471,TORONTO_TRE92_0216
TORONTO_TRE92_STU02471,TORONTO_TRE92_0220
TORONTO_TRE92_STU02472,TORONTO_TRE92_0012
TORONTO_TRE92_STU02472,TORONTO_TRE92_0018
TORONTO_TRE92_STU02472,TORONTO_TRE92_0022
TORONTO_TRE92_STU02472,TORONTO_TRE92_0051
TORONTO_TRE92_STU02472,TORONTO_TRE92_0258
TORONTO_TRE92_STU02473,TORONTO_TRE92_0082
TORONTO_TRE92_STU02473,TORONTO_TRE92_0083
TORONTO_TRE92_STU02473,TORONTO_TRE92_0084
TORONTO_TRE92_STU02473,TORONTO_TRE92_0204
TORONTO_TRE92_STU02473,TORONTO_TRE92_0205
TORONTO_TRE92_STU02474,TORONTO_TRE92_0012
TORONTO_TRE92_STU02474,TORONTO_TRE92_0216
TORONTO_TRE92_STU02474,TORONTO_TRE92_0219
TORONTO_TRE92_STU02474,TORONTO_TRE92_0220
TORONTO_TRE92_STU02474,TORONTO_TRE92_0249
TORONTO_TRE92_STU02475,TORONTO_TRE92_0002
TORONTO_TRE92_STU02475,TORONTO_TRE92_0003
TORONTO_TRE92_STU02475,TORONTO_TRE92_0167
TORONTO_TRE92_STU02475,TORONTO_TRE92_0214
TORONTO_TRE92_STU02476,TORONTO_TRE92_0044
TORONTO_TRE92_STU02476,TORONTO_TRE92_0082
TORONTO_TRE92_STU02476,TORONTO_TRE92_0083
TORONTO_TRE92_STU02476,TORONTO_TRE92_0092
TORONTO_TRE92_STU02476,TORONTO_TRE92_0173
TORONTO_TRE92_STU02477,TORONTO_TRE92_0114
TORONTO_TRE92_STU02477,TORONTO_TRE92_0155
TORONTO_TRE92_STU02477,TORONTO_TRE92_0167
TORONTO_TRE92_STU02477,TORONTO_TRE92_0216
TORONTO_TRE92_STU02477,TORONTO_TRE92_0220
TORONTO_TRE92_STU02478,TORONTO_TRE92_0081
TORONTO_TRE92_STU02478,TORONTO_TRE92_0167
TORONTO_TRE92_STU02478,TORONTO_TRE92_0202
TORONTO_TRE92_STU02478,TORONTO_TRE92_0203
TORONTO_TRE92_STU02478,TORONTO_TRE92_0205
TORONTO_TRE92_STU02479,TORONTO_TRE92_0074
TORONTO_TRE92_STU02479,TORONTO_TRE92_0140
TORONTO_TRE92_STU02479,TORONTO_TRE92_0144
TORONTO_TRE92_STU02479,TORONTO_TRE92_0151
TORONTO_TRE92_STU02479,TORONTO_TRE92_0220
TORONTO_TRE92_STU02480,TORONTO_TRE92_0065
TORONTO_TRE92_STU02480,TORONTO_TRE92_0155
TORONTO_TRE92_STU02480,TORONTO_TRE92_0167
TORONTO_TRE92_STU02481,TORONTO_TRE92_0029
TORONTO_TRE92_STU02481,TORONTO_TRE92_0030
TORONTO_TRE92_STU02481,TORONTO_TRE92_0038
TORONTO_TRE92_STU02481,TORONTO_TRE92_0063
TORONTO_TRE92_STU02481,TORONTO_TRE92_0116
TORONTO_TRE92_STU02482,TORONTO_TRE92_0099
TORONTO_TRE92_STU02482,TORONTO_TRE92_0108
TORONTO_TRE92_STU02482,TORONTO_TRE92_0109
TORONTO_TRE92_STU02482,TORONTO_TRE92_0216
TORONTO_TRE92_STU02482,TORONTO_TRE92_0220
TORONTO_TRE92_STU02483,TORONTO_TRE92_0174
TORONTO_TRE92_STU02483,TORONTO_TRE92_0176
TORONTO_TRE92_STU02483,TORONTO_TRE92_0196
TORONTO_TRE92_STU02483,TORONTO_TRE92_0214
TORONTO_TRE92_STU02484,TORONTO_TRE92_0013
TORONTO_TRE92_STU02484,TORONTO_TRE92_0044
TORONTO_TRE92_STU02484,TORONTO_TRE92_0110
TORONTO_TRE92_STU02484,TORONTO_TRE92_0214
TORONTO_TRE92_STU02485,TORONTO_TRE92_0106
TORONTO_TRE92_STU02485,TORONTO_TRE92_0108
TORONTO_TRE92_STU02486,TORONTO_TRE92_0002
TORONTO_TRE92_STU02486,TORONTO_TRE92_0003
TORONTO_TRE92_STU02486,TORONTO_TRE92_0082
TORONTO_TRE92_STU02486,TORONTO_TRE92_0083
TORONTO_TRE92_STU02486,TORONTO_TRE92_0084
TORONTO_TRE92_STU02487,TORONTO_TRE92_0168
TORONTO_TRE92_STU02487,TORONTO_TRE92_0216
TORONTO_TRE92_STU02487,TORONTO_TRE92_0220
TORONTO_TRE92_STU02487,TORONTO_TRE92_0253
TORONTO_TRE92_STU02488,TORONTO_TRE92_0012
TORONTO_TRE92_STU02488,TORONTO_TRE92_0013
TORONTO_TRE92_STU02488,TORONTO_TRE92_0120
TORONTO_TRE92_STU02488,TORONTO_TRE92_0157
TORONTO_TRE92_STU02489,TORONTO_TRE92_0072
TORONTO_TRE92_STU02489,TORONTO_TRE92_0176
TORONTO_TRE92_STU02489,TORONTO_TRE92_0180
TORONTO_TRE92_STU02490,TORONTO_TRE92_0109
TORONTO_TRE92_STU02490,TORONTO_TRE92_0124
TORONTO_TRE92_STU02490,TORONTO_TRE92_0127
TORONTO_TRE92_STU02491,TORONTO_TRE92_0001
TORONTO_TRE92_STU02491,TORONTO_TRE92_0044
TORONTO_TRE92_STU02491,TORONTO_TRE92_0110
TORONTO_TRE92_STU02491,TORONTO_TRE92_0139
TORONTO_TRE92_STU02491,TORONTO_TRE92_0203
TORONTO_TRE92_STU02492,TORONTO_TRE92_0068
TORONTO_TRE92_STU02492,TORONTO_TRE92_0109
TORONTO_TRE92_STU02492,TORONTO_TRE92_0210
TORONTO_TRE92_STU02493,TORONTO_TRE92_0204
TORONTO_TRE92_STU02494,TORONTO_TRE92_0103
TORONTO_TRE92_STU02494,TORONTO_TRE92_0107
TORONTO_TRE92_STU02494,TORONTO_TRE92_0132
TORONTO_TRE92_STU02494,TORONTO_TRE92_0134
TORONTO_TRE92_STU02494,TORONTO_TRE92_0173
TORONTO_TRE92_STU02495,TORONTO_TRE92_0029
TORONTO_TRE92_STU02495,TORONTO_TRE92_0052
TORONTO_TRE92_STU02495,TORONTO_TRE92_0055
TORONTO_TRE92_STU02495,TORONTO_TRE92_0059
TORONTO_TRE92_STU02495,TORONTO_TRE92_0072
TORONTO_TRE92_STU02496,TORONTO_TRE92_0015
TORONTO_TRE92_STU02496,TORONTO_TRE92_0234
TORONTO_TRE92_STU02496,TORONTO_TRE92_0250
TORONTO_TRE92_STU02496,TORONTO_TRE92_0251
TORONTO_TRE92_STU02497,TORONTO_TRE92_0157
TORONTO_TRE92_STU02497,TORONTO_TRE92_0168
TORONTO_TRE92_STU02497,TORONTO_TRE92_0196
TORONTO_TRE92_STU02497,TORONTO_TRE92_0204
TORONTO_TRE92_STU02498,TORONTO_TRE92_0012
TORONTO_TRE92_STU02498,TORONTO_TRE92_0014
TORONTO_TRE92_STU02499,TORONTO_TRE92_0068
TORONTO_TRE92_STU02499,TORONTO_TRE92_0109
TORONTO_TRE92_STU02499,TORONTO_TRE92_0203
TORONTO_TRE92_STU02499,TORONTO_TRE92_0210
TORONTO_TRE92_STU02500,TORONTO_TRE92_0216
TORONTO_TRE92_STU02500,TORONTO_TRE92_0218
TORONTO_TRE92_STU02500,TORONTO_TRE92_0220
TORONTO_TRE92_STU02501,TORONTO_TRE92_0126
TORONTO_TRE92_STU02501,TORONTO_TRE92_0182
TORONTO_TRE92_STU02501,TORONTO_TRE92_0185
TORONTO_TRE92_STU02501,TORONTO_TRE92_0215
TORONTO_TRE92_STU02502,TORONTO_TRE92_0044
TORONTO_TRE92_STU02502,TORONTO_TRE92_0051
TORONTO_TRE92_STU02502,TORONTO_TRE92_0093
TORONTO_TRE92_STU02502,TORONTO_TRE92_0110
TORONTO_TRE92_STU02502,TORONTO_TRE92_0111
TORONTO_TRE92_STU02503,TORONTO_TRE92_0110
TORONTO_TRE92_STU02503,TORONTO_TRE92_0113
TORONTO_TRE92_STU02503,TORONTO_TRE92_0203
TORONTO_TRE92_STU02503,TORONTO_TRE92_0204
TORONTO_TRE92_STU02504,TORONTO_TRE92_0123
TORONTO_TRE92_STU02504,TORONTO_TRE92_0126
TORONTO_TRE92_STU02504,TORONTO_TRE92_0187
TORONTO_TRE92_STU02504,TORONTO_TRE92_0258
TORONTO_TRE92_STU02505,TORONTO_TRE92_0076
TORONTO_TRE92_STU02505,TORONTO_TRE92_0176
TORONTO_TRE92_STU02505,TORONTO_TRE92_0180
TORONTO_TRE92_STU02505,TORONTO_TRE92_0248
TORONTO_TRE92_STU02506,TORONTO_TRE92_0014
TORONTO_TRE92_STU02506,TORONTO_TRE92_0216
TORONTO_TRE92_STU02506,TORONTO_TRE92_0220
TORONTO_TRE92_STU02507,TORONTO_TRE92_0176
TORONTO_TRE92_STU02507,TORONTO_TRE92_0200
TORONTO_TRE92_STU02507,TORONTO_TRE92_0236
TORONTO_TRE92_STU02507,TORONTO_TRE92_0237
TORONTO_TRE92_STU02508,TORONTO_TRE92_0097
TORONTO_TRE92_STU02508,TORONTO_TRE92_0099
TORONTO_TRE92_STU02508,TORONTO_TRE92_0108
TORONTO_TRE92_STU02509,TORONTO_TRE92_0195
TORONTO_TRE92_STU02510,TORONTO_TRE92_0171
TORONTO_TRE92_STU02510,TORONTO_TRE92_0247
TORONTO_TRE92_STU02510,TORONTO_TRE92_0252
TORONTO_TRE92_STU02510,TORONTO_TRE92_0253
TORONTO_TRE92_STU02511,TORONTO_TRE92_0012
TORONTO_TRE92_STU02511,TORONTO_TRE92_0013
TORONTO_TRE92_STU02511,TORONTO_TRE92_0140
TORONTO_TRE92_STU02511,TORONTO_TRE92_0147
TORONTO_TRE92_STU02512,TORONTO_TRE92_0029
TORONTO_TRE92_STU02512,TORONTO_TRE92_0030
TORONTO_TRE92_STU02512,TORONTO_TRE92_0072
TORONTO_TRE92_STU02512,TORONTO_TRE92_0103
TORONTO_TRE92_STU02512,TORONTO_TRE92_0184
TORONTO_TRE92_STU02513,TORONTO_TRE92_0099
TORONTO_TRE92_STU02513,TORONTO_TRE92_0102
TORONTO_TRE92_STU02513,TORONTO_TRE92_0125
TORONTO_TRE92_STU02514,TORONTO_TRE92_0051
TORONTO_TRE92_STU02514,TORONTO_TRE92_0204
TORONTO_TRE92_STU02514,TORONTO_TRE92_0206
TORONTO_TRE92_STU02514,TORONTO_TRE92_0255
TORONTO_TRE92_STU02515,TORONTO_TRE92_0040
TORONTO_TRE92_STU02515,TORONTO_TRE92_0053
TORONTO_TRE92_STU02515,TORONTO_TRE92_0113
TORONTO_TRE92_STU02515,TORONTO_TRE92_0130
TORONTO_TRE92_STU02516,TORONTO_TRE92_0168
TORONTO_TRE92_STU02516,TORONTO_TRE92_0188
TORONTO_TRE92_STU02517,TORONTO_TRE92_0071
TORONTO_TRE92_STU02517,TORONTO_TRE92_0099
TORONTO_TRE92_STU02517,TORONTO_TRE92_0103
TORONTO_TRE92_STU02518,TORONTO_TRE92_0042
TORONTO_TRE92_STU02518,TORONTO_TRE92_0046
TORONTO_TRE92_STU02518,TORONTO_TRE92_0168
TORONTO_TRE92_STU02518,TORONTO_TRE92_0190
TORONTO_TRE92_STU02519,TORONTO_TRE92_0012
TORONTO_TRE92_STU02519,TORONTO_TRE92_0025
TORONTO_TRE92_STU02519,TORONTO_TRE92_0027
TORONTO_TRE92_STU02519,TORONTO_TRE92_0110
TORONTO_TRE92_STU02519,TORONTO_TRE92_0117
TORONTO_TRE92_STU02520,TORONTO_TRE92_0029
TORONTO_TRE92_STU02520,TORONTO_TRE92_0030
TORONTO_TRE92_STU02520,TORONTO_TRE92_0053
TORONTO_TRE92_STU02520,TORONTO_TRE92_0173
TORONTO_TRE92_STU02521,TORONTO_TRE92_0051
TORONTO_TRE92_STU02521,TORONTO_TRE92_0140
TORONTO_TRE92_STU02521,TORONTO_TRE92_0141
TORONTO_TRE92_STU02522,TORONTO_TRE92_0099
TORONTO_TRE92_STU02522,TORONTO_TRE92_0106
TORONTO_TRE92_STU02522,TORONTO_TRE92_0107
TORONTO_TRE92_STU02523,TORONTO_TRE92_0191
TORONTO_TRE92_STU02524,TORONTO_TRE92_0071
TORONTO_TRE92_STU02524,TORONTO_TRE92_0101
TORONTO_TRE92_STU02524,TORONTO_TRE92_0218
TORONTO_TRE92_STU02524,TORONTO_TRE92_0230
TORONTO_TRE92_STU02524,TORONTO_TRE92_0231
TORONTO_TRE92_STU02525,TORONTO_TRE92_0019
TORONTO_TRE92_STU02525,TORONTO_TRE92_0020
TORONTO_TRE92_STU02525,TORONTO_TRE92_0024
TORONTO_TRE92_STU02526,TORONTO_TRE92_0260
TORONTO_TRE92_STU02527,TORONTO_TRE92_0101
TORONTO_TRE92_STU02527,TORONTO_TRE92_0222
TORONTO_TRE92_STU02527,TORONTO_TRE92_0224
TORONTO_TRE92_STU02527,TORONTO_TRE92_0226
TORONTO_TRE92_STU02528,TORONTO_TRE92_0099
TORONTO_TRE92_STU02529,TORONTO_TRE92_0002
TORONTO_TRE92_STU02529,TORONTO_TRE92_0003
TORONTO_TRE92_STU02529,TORONTO_TRE92_0083
TORONTO_TRE92_STU02529,TORONTO_TRE92_0084
TORONTO_TRE92_STU02529,TORONTO_TRE92_0086
TORONTO_TRE92_STU02530,TORONTO_TRE92_0001
TORONTO_TRE92_STU02530,TORONTO_TRE92_0002
TORONTO_TRE92_STU02530,TORONTO_TRE92_0003
TORONTO_TRE92_STU02530,TORONTO_TRE92_0084
TORONTO_TRE92_STU02530,TORONTO_TRE92_0203
TORONTO_TRE92_STU02531,TORONTO_TRE92_0167
TORONTO_TRE92_STU02531,TORONTO_TRE92_0203
TORONTO_TRE92_STU02531,TORONTO_TRE92_0205
TORONTO_TRE92_STU02532,TORONTO_TRE92_0072
TORONTO_TRE92_STU02532,TORONTO_TRE92_0082
TORONTO_TRE92_STU02532,TORONTO_TRE92_0083
TORONTO_TRE92_STU02532,TORONTO_TRE92_0216
TORONTO_TRE92_STU02532,TORONTO_TRE92_0220
TORONTO_TRE92_STU02533,TORONTO_TRE92_0160
TORONTO_TRE92_STU02533,TORONTO_TRE92_0207
TORONTO_TRE92_STU02533,TORONTO_TRE92_0209
TORONTO_TRE92_STU02534,TORONTO_TRE92_0031
TORONTO_TRE92_STU02534,TORONTO_TRE92_0033
TORONTO_TRE92_STU02534,TORONTO_TRE92_0038
TORONTO_TRE92_STU02534,TORONTO_TRE92_0039
TORONTO_TRE92_STU02534,TORONTO_TRE92_0116
TORONTO_TRE92_STU02535,TORONTO_TRE92_0203
TORONTO_TRE92_STU02535,TORONTO_TRE92_0214
TORONTO_TRE92_STU02535,TORONTO_TRE92_0247
TORONTO_TRE92_STU02535,TORONTO_TRE92_0248
TORONTO_TRE92_STU02535,TORONTO_TRE92_0250
TORONTO_TRE92_STU02536,TORONTO_TRE92_0103
TORONTO_TRE92_STU02536,TORONTO_TRE92_0108
TORONTO_TRE92_STU02536,TORONTO_TRE92_0222
TORONTO_TRE92_STU02536,TORONTO_TRE92_0224
TORONTO_TRE92_STU02536,TORONTO_TRE92_0226
TORONTO_TRE92_STU02537,TORONTO_TRE92_0002
TORONTO_TRE92_STU02537,TORONTO_TRE92_0003
TORONTO_TRE92_STU02537,TORONTO_TRE92_0005
TORONTO_TRE92_STU02537,TORONTO_TRE92_0129
TORONTO_TRE92_STU02537,TORONTO_TRE92_0210
TORONTO_TRE92_STU02538,TORONTO_TRE92_0038
TORONTO_TRE92_STU02538,TORONTO_TRE92_0111
TORONTO_TRE92_STU02538,TORONTO_TRE92_0116
TORONTO_TRE92_STU02538,TORONTO_TRE92_0140
TORONTO_TRE92_STU02538,TORONTO_TRE92_0141
TORONTO_TRE92_STU02539,TORONTO_TRE92_0082
TORONTO_TRE92_STU02539,TORONTO_TRE92_0083
TORONTO_TRE92_STU02539,TORONTO_TRE92_0116
TORONTO_TRE92_STU02539,TORONTO_TRE92_0117
TORONTO_TRE92_STU02539,TORONTO_TRE92_0184
TORONTO_TRE92_STU02540,TORONTO_TRE92_0012
TORONTO_TRE92_STU02540,TORONTO_TRE92_0216
TORONTO_TRE92_STU02540,TORONTO_TRE92_0219
TORONTO_TRE92_STU02540,TORONTO_TRE92_0247
TORONTO_TRE92_STU02541,TORONTO_TRE92_0101
TORONTO_TRE92_STU02541,TORONTO_TRE92_0103
TORONTO_TRE92_STU02541,TORONTO_TRE92_0109
TORONTO_TRE92_STU02541,TORONTO_TRE92_0156
TORONTO_TRE92_STU02541,TORONTO_TRE92_0202
TORONTO_TRE92_STU02542,TORONTO_TRE92_0082
TORONTO_TRE92_STU02542,TORONTO_TRE92_0083
TORONTO_TRE92_STU02542,TORONTO_TRE92_0084
TORONTO_TRE92_STU02542,TORONTO_TRE92_0094
TORONTO_TRE92_STU02542,TORONTO_TRE92_0163
TORONTO_TRE92_STU02543,TORONTO_TRE92_0073
TORONTO_TRE92_STU02543,TORONTO_TRE92_0076
TORONTO_TRE92_STU02543,TORONTO_TRE92_0110
TORONTO_TRE92_STU02543,TORONTO_TRE92_0111
TORONTO_TRE92_STU02543,TORONTO_TRE92_0184
TORONTO_TRE92_STU02544,TORONTO_TRE92_0081
TORONTO_TRE92_STU02544,TORONTO_TRE92_0115
TORONTO_TRE92_STU02545,TORONTO_TRE92_0022
TORONTO_TRE92_STU02545,TORONTO_TRE92_0051
TORONTO_TRE92_STU02546,TORONTO_TRE92_0013
TORONTO_TRE92_STU02546,TORONTO_TRE92_0044
TORONTO_TRE92_STU02546,TORONTO_TRE92_0110
TORONTO_TRE92_STU02546,TORONTO_TRE92_0189
TORONTO_TRE92_STU02546,TORONTO_TRE92_0245
TORONTO_TRE92_STU02547,TORONTO_TRE92_0073
TORONTO_TRE92_STU02547,TORONTO_TRE92_0074
TORONTO_TRE92_STU02547,TORONTO_TRE92_0075
TORONTO_TRE92_STU02547,TORONTO_TRE92_0082
TORONTO_TRE92_STU02547,TORONTO_TRE92_0092
TORONTO_TRE92_STU02548,TORONTO_TRE92_0022
TORONTO_TRE92_STU02548,TORONTO_TRE92_0051
TORONTO_TRE92_STU02549,TORONTO_TRE92_0027
TORONTO_TRE92_STU02549,TORONTO_TRE92_0116
TORONTO_TRE92_STU02549,TORONTO_TRE92_0139
TORONTO_TRE92_STU02549,TORONTO_TRE92_0140
TORONTO_TRE92_STU02550,TORONTO_TRE92_0121
TORONTO_TRE92_STU02550,TORONTO_TRE92_0123
TORONTO_TRE92_STU02550,TORONTO_TRE92_0220
TORONTO_TRE92_STU02550,TORONTO_TRE92_0258
TORONTO_TRE92_STU02551,TORONTO_TRE92_0123
TORONTO_TRE92_STU02551,TORONTO_TRE92_0195
TORONTO_TRE92_STU02552,TORONTO_TRE92_0027
TORONTO_TRE92_STU02552,TORONTO_TRE92_0216
TORONTO_TRE92_STU02552,TORONTO_TRE92_0220
TORONTO_TRE92_STU02553,TORONTO_TRE92_0003
TORONTO_TRE92_STU02553,TORONTO_TRE92_0073
TORONTO_TRE92_STU02553,TORONTO_TRE92_0075
TORONTO_TRE92_STU02553,TORONTO_TRE92_0193
TORONTO_TRE92_STU02553,TORONTO_TRE92_0246
TORONTO_TRE92_STU02554,TORONTO_TRE92_0015
TORONTO_TRE92_STU02554,TORONTO_TRE92_0025
TORONTO_TRE92_STU02554,TORONTO_TRE92_0110
TORONTO_TRE92_STU02554,TORONTO_TRE92_0132
TORONTO_TRE92_STU02554,TORONTO_TRE92_0133
TORONTO_TRE92_STU02555,TORONTO_TRE92_0022
TORONTO_TRE92_STU02555,TORONTO_TRE92_0051
TORONTO_TRE92_STU02556,TORONTO_TRE92_0099
TORONTO_TRE92_STU02556,TORONTO_TRE92_0101
TORONTO_TRE92_STU02556,TORONTO_TRE92_0175
TORONTO_TRE92_STU02556,TORONTO_TRE92_0176
TORONTO_TRE92_STU02556,TORONTO_TRE92_0180
TORONTO_TRE92_STU02557,TORONTO_TRE92_0073
TORONTO_TRE92_STU02557,TORONTO_TRE92_0074
TORONTO_TRE92_STU02557,TORONTO_TRE92_0216
TORONTO_TRE92_STU02557,TORONTO_TRE92_0218
TORONTO_TRE92_STU02557,TORONTO_TRE92_0219
TORONTO_TRE92_STU02558,TORONTO_TRE92_0099
TORONTO_TRE92_STU02558,TORONTO_TRE92_0109
TORONTO_TRE92_STU02558,TORONTO_TRE92_0155
TORONTO_TRE92_STU02558,TORONTO_TRE92_0167
TORONTO_TRE92_STU02558,TORONTO_TRE92_0220
TORONTO_TRE92_STU02559,TORONTO_TRE92_0204
TORONTO_TRE92_STU02559,TORONTO_TRE92_0247
TORONTO_TRE92_STU02560,TORONTO_TRE92_0051
TORONTO_TRE92_STU02560,TORONTO_TRE92_0157
TORONTO_TRE92_STU02560,TORONTO_TRE92_0167
TORONTO_TRE92_STU02560,TORONTO_TRE92_0188
TORONTO_TRE92_STU02560,TORONTO_TRE92_0203
TORONTO_TRE92_STU02561,TORONTO_TRE92_0014
TORONTO_TRE92_STU02561,TORONTO_TRE92_0029
TORONTO_TRE92_STU02561,TORONTO_TRE92_0030
TORONTO_TRE92_STU02561,TORONTO_TRE92_0055
TORONTO_TRE92_STU02561,TORONTO_TRE92_0217
TORONTO_TRE92_STU02562,TORONTO_TRE92_0051
TORONTO_TRE92_STU02562,TORONTO_TRE92_0247
TORONTO_TRE92_STU02563,TORONTO_TRE92_0003
TORONTO_TRE92_STU02563,TORONTO_TRE92_0084
TORONTO_TRE92_STU02563,TORONTO_TRE92_0167
TORONTO_TRE92_STU02564,TORONTO_TRE92_0040
TORONTO_TRE92_STU02564,TORONTO_TRE92_0117
TORONTO_TRE92_STU02564,TORONTO_TRE92_0188
TORONTO_TRE92_STU02565,TORONTO_TRE92_0012
TORONTO_TRE92_STU02565,TORONTO_TRE92_0216
TORONTO_TRE92_STU02565,TORONTO_TRE92_0218
TORONTO_TRE92_STU02565,TORONTO_TRE92_0220
TORONTO_TRE92_STU02566,TORONTO_TRE92_0174
TORONTO_TRE92_STU02566,TORONTO_TRE92_0233
TORONTO_TRE92_STU02567,TORONTO_TRE92_0013
TORONTO_TRE92_STU02567,TORONTO_TRE92_0074
TORONTO_TRE92_STU02567,TORONTO_TRE92_0140
TORONTO_TRE92_STU02567,TORONTO_TRE92_0144
TORONTO_TRE92_STU02567,TORONTO_TRE92_0151
TORONTO_TRE92_STU02568,TORONTO_TRE92_0016
TORONTO_TRE92_STU02568,TORONTO_TRE92_0019
TORONTO_TRE92_STU02568,TORONTO_TRE92_0194
TORONTO_TRE92_STU02569,TORONTO_TRE92_0030
TORONTO_TRE92_STU02569,TORONTO_TRE92_0038
TORONTO_TRE92_STU02569,TORONTO_TRE92_0116
TORONTO_TRE92_STU02569,TORONTO_TRE92_0117
TORONTO_TRE92_STU02569,TORONTO_TRE92_0234
TORONTO_TRE92_STU02570,TORONTO_TRE92_0046
TORONTO_TRE92_STU02570,TORONTO_TRE92_0191
TORONTO_TRE92_STU02571,TORONTO_TRE92_0051
TORONTO_TRE92_STU02571,TORONTO_TRE92_0111
TORONTO_TRE92_STU02571,TORONTO_TRE92_0260
TORONTO_TRE92_STU02572,TORONTO_TRE92_0216
TORONTO_TRE92_STU02572,TORONTO_TRE92_0226
TORONTO_TRE92_STU02573,TORONTO_TRE92_0101
TORONTO_TRE92_STU02573,TORONTO_TRE92_0103
TORONTO_TRE92_STU02573,TORONTO_TRE92_0182
TORONTO_TRE92_STU02574,TORONTO_TRE92_0220
TORONTO_TRE92_STU02574,TORONTO_TRE92_0251
TORONTO_TRE92_STU02574,TORONTO_TRE92_0252
TORONTO_TRE92_STU02574,TORONTO_TRE92_0255
TORONTO_TRE92_STU02575,TORONTO_TRE92_0002
TORONTO_TRE92_STU02575,TORONTO_TRE92_0084
TORONTO_TRE92_STU02576,TORONTO_TRE92_0158
TORONTO_TRE92_STU02576,TORONTO_TRE92_0159
TORONTO_TRE92_STU02576,TORONTO_TRE92_0205
TORONTO_TRE92_STU02577,TORONTO_TRE92_0044
TORONTO_TRE92_STU02577,TORONTO_TRE92_0051
TORONTO_TRE92_STU02577,TORONTO_TRE92_0170
TORONTO_TRE92_STU02578,TORONTO_TRE92_0189
TORONTO_TRE92_STU02578,TORONTO_TRE92_0246
TORONTO_TRE92_STU02579,TORONTO_TRE92_0045
TORONTO_TRE92_STU02579,TORONTO_TRE92_0099
TORONTO_TRE92_STU02579,TORONTO_TRE92_0157
TORONTO_TRE92_STU02579,TORONTO_TRE92_0210
TORONTO_TRE92_STU02580,TORONTO_TRE92_0190
TORONTO_TRE92_STU02581,TORONTO_TRE92_0031
TORONTO_TRE92_STU02581,TORONTO_TRE92_0034
TORONTO_TRE92_STU02581,TORONTO_TRE92_0116
TORONTO_TRE92_STU02582,TORONTO_TRE92_0124
TORONTO_TRE92_STU02582,TORONTO_TRE92_0125
TORONTO_TRE92_STU02582,TORONTO_TRE92_0127
TORONTO_TRE92_STU02583,TORONTO_TRE92_0216
TORONTO_TRE92_STU02583,TORONTO_TRE92_0218
TORONTO_TRE92_STU02583,TORONTO_TRE92_0220
TORONTO_TRE92_STU02584,TORONTO_TRE92_0051
TORONTO_TRE92_STU02584,TORONTO_TRE92_0189
TORONTO_TRE92_STU02585,TORONTO_TRE92_0044
TORONTO_TRE92_STU02585,TORONTO_TRE92_0068
TORONTO_TRE92_STU02585,TORONTO_TRE92_0139
TORONTO_TRE92_STU02585,TORONTO_TRE92_0140
TORONTO_TRE92_STU02585,TORONTO_TRE92_0141
TORONTO_TRE92_STU02586,TORONTO_TRE92_0189
TORONTO_TRE92_STU02587,TORONTO_TRE92_0019
TORONTO_TRE92_STU02587,TORONTO_TRE92_0161
TORONTO_TRE92_STU02587,TORONTO_TRE92_0169
TORONTO_TRE92_STU02587,TORONTO_TRE92_0170
TORONTO_TRE92_STU02588,TORONTO_TRE92_0156
TORONTO_TRE92_STU02588,TORONTO_TRE92_0161
TORONTO_TRE92_STU02588,TORONTO_TRE92_0216
TORONTO_TRE92_STU02588,TORONTO_TRE92_0217
TORONTO_TRE92_STU02588,TORONTO_TRE92_0220
TORONTO_TRE92_STU02589,TORONTO_TRE92_0038
TORONTO_TRE92_STU02590,TORONTO_TRE92_0141
TORONTO_TRE92_STU02590,TORONTO_TRE92_0143
TORONTO_TRE92_STU02590,TORONTO_TRE92_0150
TORONTO_TRE92_STU02591,TORONTO_TRE92_0012
TORONTO_TRE92_STU02591,TORONTO_TRE92_0044
TORONTO_TRE92_STU02591,TORONTO_TRE92_0101
TORONTO_TRE92_STU02591,TORONTO_TRE92_0110
TORONTO_TRE92_STU02591,TORONTO_TRE92_0111
TORONTO_TRE92_STU02592,TORONTO_TRE92_0031
TORONTO_TRE92_STU02592,TORONTO_TRE92_0038
TORONTO_TRE92_STU02592,TORONTO_TRE92_0039
TORONTO_TRE92_STU02592,TORONTO_TRE92_0116
TORONTO_TRE92_STU02592,TORONTO_TRE92_0214
TORONTO_TRE92_STU02593,TORONTO_TRE92_0038
TORONTO_TRE92_STU02593,TORONTO_TRE92_0110
TORONTO_TRE92_STU02593,TORONTO_TRE92_0113
TORONTO_TRE92_STU02593,TORONTO_TRE92_0210
TORONTO_TRE92_STU02594,TORONTO_TRE92_0012
TORONTO_TRE92_STU02594,TORONTO_TRE92_0216
TORONTO_TRE92_STU02594,TORONTO_TRE92_0219
TORONTO_TRE92_STU02594,TORONTO_TRE92_0220
TORONTO_TRE92_STU02594,TORONTO_TRE92_0248
TORONTO_TRE92_STU02595,TORONTO_TRE92_0156
TORONTO_TRE92_STU02595,TORONTO_TRE92_0167
TORONTO_TRE92_STU02595,TORONTO_TRE92_0248
TORONTO_TRE92_STU02596,TORONTO_TRE92_0082
TORONTO_TRE92_STU02596,TORONTO_TRE92_0083
TORONTO_TRE92_STU02596,TORONTO_TRE92_0139
TORONTO_TRE92_STU02597,TORONTO_TRE92_0082
TORONTO_TRE92_STU02597,TORONTO_TRE92_0083
TORONTO_TRE92_STU02597,TORONTO_TRE92_0084
TORONTO_TRE92_STU02597,TORONTO_TRE92_0175
TORONTO_TRE92_STU02597,TORONTO_TRE92_0176
TORONTO_TRE92_STU02598,TORONTO_TRE92_0012
TORONTO_TRE92_STU02598,TORONTO_TRE92_0015
TORONTO_TRE92_STU02598,TORONTO_TRE92_0030
TORONTO_TRE92_STU02598,TORONTO_TRE92_0038
TORONTO_TRE92_STU02599,TORONTO_TRE92_0098
TORONTO_TRE92_STU02599,TORONTO_TRE92_0108
TORONTO_TRE92_STU02599,TORONTO_TRE92_0109
TORONTO_TRE92_STU02599,TORONTO_TRE92_0129
TORONTO_TRE92_STU02600,TORONTO_TRE92_0253
TORONTO_TRE92_STU02601,TORONTO_TRE92_0198
TORONTO_TRE92_STU02601,TORONTO_TRE92_0216
TORONTO_TRE92_STU02601,TORONTO_TRE92_0220
TORONTO_TRE92_STU02602,TORONTO_TRE92_0216
TORONTO_TRE92_STU02602,TORONTO_TRE92_0219
TORONTO_TRE92_STU02602,TORONTO_TRE92_0220
TORONTO_TRE92_STU02602,TORONTO_TRE92_0248
TORONTO_TRE92_STU02603,TORONTO_TRE92_0157
TORONTO_TRE92_STU02603,TORONTO_TRE92_0168
TORONTO_TRE92_STU02603,TORONTO_TRE92_0188
TORONTO_TRE92_STU02603,TORONTO_TRE92_0204
TORONTO_TRE92_STU02603,TORONTO_TRE92_0210
TORONTO_TRE92_STU02604,TORONTO_TRE92_0103
TORONTO_TRE92_STU02604,TORONTO_TRE92_0189
TORONTO_TRE92_STU02605,TORONTO_TRE92_0006
TORONTO_TRE92_STU02605,TORONTO_TRE92_0156
TORONTO_TRE92_STU02606,TORONTO_TRE92_0022
TORONTO_TRE92_STU02606,TORONTO_TRE92_0051
TORONTO_TRE92_STU02606,TORONTO_TRE92_0110
TORONTO_TRE92_STU02606,TORONTO_TRE92_0115
TORONTO_TRE92_STU02606,TORONTO_TRE92_0255
TORONTO_TRE92_STU02607,TORONTO_TRE92_0099
TORONTO_TRE92_STU02607,TORONTO_TRE92_0102
TORONTO_TRE92_STU02607,TORONTO_TRE92_0123
TORONTO_TRE92_STU02608,TORONTO_TRE92_0190
TORONTO_TRE92_STU02609,TORONTO_TRE92_0044
TORONTO_TRE92_STU02609,TORONTO_TRE92_0047
TORONTO_TRE92_STU02609,TORONTO_TRE92_0260
TORONTO_TRE92_STU02610,TORONTO_TRE92_0042
TORONTO_TRE92_STU02610,TORONTO_TRE92_0044
TORONTO_TRE92_STU02610,TORONTO_TRE92_0110
TORONTO_TRE92_STU02610,TORONTO_TRE92_0113
TORONTO_TRE92_STU02611,TORONTO_TRE92_0052
TORONTO_TRE92_STU02611,TORONTO_TRE92_0055
TORONTO_TRE92_STU02611,TORONTO_TRE92_0063
TORONTO_TRE92_STU02611,TORONTO_TRE92_0117
TORONTO_TRE92_STU02611,TORONTO_TRE92_0174
TORONTO_TRE92_STU02612,TORONTO_TRE92_0182
TORONTO_TRE92_STU02612,TORONTO_TRE92_0238
TORONTO_TRE92_STU02612,TORONTO_TRE92_0239
TORONTO_TRE92_STU02613,TORONTO_TRE92_0030
TORONTO_TRE92_STU02613,TORONTO_TRE92_0038
TORONTO_TRE92_STU02613,TORONTO_TRE92_0044
TORONTO_TRE92_STU02613,TORONTO_TRE92_0055
TORONTO_TRE92_STU02613,TORONTO_TRE92_0116
TORONTO_TRE92_STU02614,TORONTO_TRE92_0002
TORONTO_TRE92_STU02614,TORONTO_TRE92_0003
TORONTO_TRE92_STU02614,TORONTO_TRE92_0083
TORONTO_TRE92_STU02614,TORONTO_TRE92_0084
TORONTO_TRE92_STU02615,TORONTO_TRE92_0031
TORONTO_TRE92_STU02615,TORONTO_TRE92_0038
TORONTO_TRE92_STU02615,TORONTO_TRE92_0116
TORONTO_TRE92_STU02615,TORONTO_TRE92_0117
TORONTO_TRE92_STU02616,TORONTO_TRE92_0224
TORONTO_TRE92_STU02616,TORONTO_TRE92_0226
TORONTO_TRE92_STU02616,TORONTO_TRE92_0227
TORONTO_TRE92_STU02616,TORONTO_TRE92_0230
TORONTO_TRE92_STU02616,TORONTO_TRE92_0231
TORONTO_TRE92_STU02617,TORONTO_TRE92_0025
TORONTO_TRE92_STU02617,TORONTO_TRE92_0072
TORONTO_TRE92_STU02617,TORONTO_TRE92_0140
TORONTO_TRE92_STU02617,TORONTO_TRE92_0144
TORONTO_TRE92_STU02617,TORONTO_TRE92_0147
TORONTO_TRE92_STU02618,TORONTO_TRE92_0221
TORONTO_TRE92_STU02618,TORONTO_TRE92_0229
TORONTO_TRE92_STU02619,TORONTO_TRE92_0038
TORONTO_TRE92_STU02619,TORONTO_TRE92_0111
TORONTO_TRE92_STU02619,TORONTO_TRE92_0116
TORONTO_TRE92_STU02619,TORONTO_TRE92_0184
TORONTO_TRE92_STU02619,TORONTO_TRE92_0256
TORONTO_TRE92_STU02620,TORONTO_TRE92_0123
TORONTO_TRE92_STU02620,TORONTO_TRE92_0216
TORONTO_TRE92_STU02620,TORONTO_TRE92_0220
TORONTO_TRE92_STU02620,TORONTO_TRE92_0247
TORONTO_TRE92_STU02621,TORONTO_TRE92_0118
TORONTO_TRE92_STU02621,TORONTO_TRE92_0176
TORONTO_TRE92_STU02621,TORONTO_TRE92_0236
TORONTO_TRE92_STU02621,TORONTO_TRE92_0237
TORONTO_TRE92_STU02621,TORONTO_TRE92_0239
TORONTO_TRE92_STU02622,TORONTO_TRE92_0103
TORONTO_TRE92_STU02622,TORONTO_TRE92_0247
TORONTO_TRE92_STU02622,TORONTO_TRE92_0248
TORONTO_TRE92_STU02623,TORONTO_TRE92_0044
TORONTO_TRE92_STU02623,TORONTO_TRE92_0051
TORONTO_TRE92_STU02623,TORONTO_TRE92_0189
TORONTO_TRE92_STU02623,TORONTO_TRE92_0191
TORONTO_TRE92_STU02624,TORONTO_TRE92_0095
TORONTO_TRE92_STU02624,TORONTO_TRE92_0122
TORONTO_TRE92_STU02624,TORONTO_TRE92_0123
TORONTO_TRE92_STU02624,TORONTO_TRE92_0220
TORONTO_TRE92_STU02624,TORONTO_TRE92_0260
TORONTO_TRE92_STU02625,TORONTO_TRE92_0099
TORONTO_TRE92_STU02625,TORONTO_TRE92_0103
TORONTO_TRE92_STU02625,TORONTO_TRE92_0108
TORONTO_TRE92_STU02625,TORONTO_TRE92_0216
TORONTO_TRE92_STU02625,TORONTO_TRE92_0219
TORONTO_TRE92_STU02626,TORONTO_TRE92_0154
TORONTO_TRE92_STU02626,TORONTO_TRE92_0216
TORONTO_TRE92_STU02626,TORONTO_TRE92_0220
TORONTO_TRE92_STU02627,TORONTO_TRE92_0050
TORONTO_TRE92_STU02627,TORONTO_TRE92_0105
TORONTO_TRE92_STU02627,TORONTO_TRE92_0109
TORONTO_TRE92_STU02627,TORONTO_TRE92_0155
TORONTO_TRE92_STU02627,TORONTO_TRE92_0156
TORONTO_TRE92_STU02628,TORONTO_TRE92_0022
TORONTO_TRE92_STU02628,TORONTO_TRE92_0029
TORONTO_TRE92_STU02628,TORONTO_TRE92_0030
TORONTO_TRE92_STU02628,TORONTO_TRE92_0038
TORONTO_TRE92_STU02628,TORONTO_TRE92_0116
TORONTO_TRE92_STU02629,TORONTO_TRE92_0012
TORONTO_TRE92_STU02629,TORONTO_TRE92_0013
TORONTO_TRE92_STU02629,TORONTO_TRE92_0014
TORONTO_TRE92_STU02629,TORONTO_TRE92_0214
TORONTO_TRE92_STU02629,TORONTO_TRE92_0258
TORONTO_TRE92_STU02630,TORONTO_TRE92_0030
TORONTO_TRE92_STU02630,TORONTO_TRE92_0038
TORONTO_TRE92_STU02630,TORONTO_TRE92_0044
TORONTO_TRE92_STU02630,TORONTO_TRE92_0116
TORONTO_TRE92_STU02631,TORONTO_TRE92_0011
TORONTO_TRE92_STU02631,TORONTO_TRE92_0154
TORONTO_TRE92_STU02632,TORONTO_TRE92_0053
TORONTO_TRE92_STU02632,TORONTO_TRE92_0116
TORONTO_TRE92_STU02633,TORONTO_TRE92_0105
TORONTO_TRE92_STU02633,TORONTO_TRE92_0109
TORONTO_TRE92_STU02633,TORONTO_TRE92_0216
TORONTO_TRE92_STU02633,TORONTO_TRE92_0220
TORONTO_TRE92_STU02634,TORONTO_TRE92_0216
TORONTO_TRE92_STU02634,TORONTO_TRE92_0217
TORONTO_TRE92_STU02634,TORONTO_TRE92_0218
TORONTO_TRE92_STU02634,TORONTO_TRE92_0220
TORONTO_TRE92_STU02634,TORONTO_TRE92_0252
TORONTO_TRE92_STU02635,TORONTO_TRE92_0051
TORONTO_TRE92_STU02635,TORONTO_TRE92_0093
TORONTO_TRE92_STU02635,TORONTO_TRE92_0110
TORONTO_TRE92_STU02635,TORONTO_TRE92_0114
TORONTO_TRE92_STU02636,TORONTO_TRE92_0101
TORONTO_TRE92_STU02636,TORONTO_TRE92_0103
TORONTO_TRE92_STU02636,TORONTO_TRE92_0156
TORONTO_TRE92_STU02636,TORONTO_TRE92_0158
TORONTO_TRE92_STU02637,TORONTO_TRE92_0072
TORONTO_TRE92_STU02637,TORONTO_TRE92_0216
TORONTO_TRE92_STU02637,TORONTO_TRE92_0219
TORONTO_TRE92_STU02637,TORONTO_TRE92_0220
TORONTO_TRE92_STU02638,TORONTO_TRE92_0079
TORONTO_TRE92_STU02638,TORONTO_TRE92_0201
TORONTO_TRE92_STU02638,TORONTO_TRE92_0204
TORONTO_TRE92_STU02639,TORONTO_TRE92_0014
TORONTO_TRE92_STU02639,TORONTO_TRE92_0220
TORONTO_TRE92_STU02640,TORONTO_TRE92_0203
TORONTO_TRE92_STU02640,TORONTO_TRE92_0204
TORONTO_TRE92_STU02640,TORONTO_TRE92_0205
TORONTO_TRE92_STU02640,TORONTO_TRE92_0208
TORONTO_TRE92_STU02640,TORONTO_TRE92_0212
TORONTO_TRE92_STU02641,TORONTO_TRE92_0111
TORONTO_TRE92_STU02641,TORONTO_TRE92_0113
TORONTO_TRE92_STU02641,TORONTO_TRE92_0114
TORONTO_TRE92_STU02641,TORONTO_TRE92_0189
TORONTO_TRE92_STU02642,TORONTO_TRE92_0054
TORONTO_TRE92_STU02642,TORONTO_TRE92_0055
TORONTO_TRE92_STU02642,TORONTO_TRE92_0072
TORONTO_TRE92_STU02643,TORONTO_TRE92_0096
TORONTO_TRE92_STU02643,TORONTO_TRE92_0103
TORONTO_TRE92_STU02643,TORONTO_TRE92_0204
TORONTO_TRE92_STU02643,TORONTO_TRE92_0205
TORONTO_TRE92_STU02643,TORONTO_TRE92_0209
TORONTO_TRE92_STU02643,TORONTO_TRE92_0211
TORONTO_TRE92_STU02644,TORONTO_TRE92_0073
TORONTO_TRE92_STU02644,TORONTO_TRE92_0078
TORONTO_TRE92_STU02644,TORONTO_TRE92_0174
TORONTO_TRE92_STU02644,TORONTO_TRE92_0175
TORONTO_TRE92_STU02644,TORONTO_TRE92_0180
TORONTO_TRE92_STU02645,TORONTO_TRE92_0103
TORONTO_TRE92_STU02645,TORONTO_TRE92_0249
TORONTO_TRE92_STU02646,TORONTO_TRE92_0031
TORONTO_TRE92_STU02646,TORONTO_TRE92_0039
TORONTO_TRE92_STU02646,TORONTO_TRE92_0112
TORONTO_TRE92_STU02647,TORONTO_TRE92_0247
TORONTO_TRE92_STU02647,TORONTO_TRE92_0254
TORONTO_TRE92_STU02647,TORONTO_TRE92_0255
TORONTO_TRE92_STU02648,TORONTO_TRE92_0251
TORONTO_TRE92_STU02648,TORONTO_TRE92_0252
TORONTO_TRE92_STU02649,TORONTO_TRE92_0073
TORONTO_TRE92_STU02649,TORONTO_TRE92_0116
TORONTO_TRE92_STU02649,TORONTO_TRE92_0117
TORONTO_TRE92_STU02649,TORONTO_TRE92_0176
TORONTO_TRE92_STU02650,TORONTO_TRE92_0073
TORONTO_TRE92_STU02650,TORONTO_TRE92_0077
TORONTO_TRE92_STU02650,TORONTO_TRE92_0176
TORONTO_TRE92_STU02650,TORONTO_TRE92_0180
TORONTO_TRE92_STU02651,TORONTO_TRE92_0073
TORONTO_TRE92_STU02651,TORONTO_TRE92_0123
TORONTO_TRE92_STU02651,TORONTO_TRE92_0180
TORONTO_TRE92_STU02651,TORONTO_TRE92_0233
TORONTO_TRE92_STU02652,TORONTO_TRE92_0051
TORONTO_TRE92_STU02652,TORONTO_TRE92_0247
TORONTO_TRE92_STU02652,TORONTO_TRE92_0248
TORONTO_TRE92_STU02652,TORONTO_TRE92_0251
TORONTO_TRE92_STU02653,TORONTO_TRE92_0035
TORONTO_TRE92_STU02653,TORONTO_TRE92_0036
TORONTO_TRE92_STU02653,TORONTO_TRE92_0055
TORONTO_TRE92_STU02653,TORONTO_TRE92_0063
TORONTO_TRE92_STU02654,TORONTO_TRE92_0072
TORONTO_TRE92_STU02654,TORONTO_TRE92_0177
TORONTO_TRE92_STU02654,TORONTO_TRE92_0236
TORONTO_TRE92_STU02654,TORONTO_TRE92_0237
TORONTO_TRE92_STU02655,TORONTO_TRE92_0123
TORONTO_TRE92_STU02655,TORONTO_TRE92_0175
TORONTO_TRE92_STU02655,TORONTO_TRE92_0176
TORONTO_TRE92_STU02655,TORONTO_TRE92_0236
TORONTO_TRE92_STU02655,TORONTO_TRE92_0237
TORONTO_TRE92_STU02656,TORONTO_TRE92_0072
TORONTO_TRE92_STU02656,TORONTO_TRE92_0082
TORONTO_TRE92_STU02656,TORONTO_TRE92_0173
TORONTO_TRE92_STU02657,TORONTO_TRE92_0044
TORONTO_TRE92_STU02657,TORONTO_TRE92_0046
TORONTO_TRE92_STU02658,TORONTO_TRE92_0011
TORONTO_TRE92_STU02658,TORONTO_TRE92_0154
TORONTO_TRE92_STU02659,TORONTO_TRE92_0194
TORONTO_TRE92_STU02659,TORONTO_TRE92_0195
TORONTO_TRE92_STU02659,TORONTO_TRE92_0216
TORONTO_TRE92_STU02659,TORONTO_TRE92_0218
TORONTO_TRE92_STU02660,TORONTO_TRE92_0030
TORONTO_TRE92_STU02660,TORONTO_TRE92_0031
TORONTO_TRE92_STU02660,TORONTO_TRE92_0041
TORONTO_TRE92_STU02661,TORONTO_TRE92_0011
TORONTO_TRE92_STU02661,TORONTO_TRE92_0051
TORONTO_TRE92_STU02661,TORONTO_TRE92_0256
TORONTO_TRE92_STU02662,TORONTO_TRE92_0012
TORONTO_TRE92_STU02662,TORONTO_TRE92_0014
TORONTO_TRE92_STU02662,TORONTO_TRE92_0015
TORONTO_TRE92_STU02662,TORONTO_TRE92_0115
TORONTO_TRE92_STU02663,TORONTO_TRE92_0044
TORONTO_TRE92_STU02663,TORONTO_TRE92_0116
TORONTO_TRE92_STU02663,TORONTO_TRE92_0139
TORONTO_TRE92_STU02663,TORONTO_TRE92_0140
TORONTO_TRE92_STU02664,TORONTO_TRE92_0204
TORONTO_TRE92_STU02664,TORONTO_TRE92_0210
TORONTO_TRE92_STU02664,TORONTO_TRE92_0220
TORONTO_TRE92_STU02664,TORONTO_TRE92_0253
TORONTO_TRE92_STU02665,TORONTO_TRE92_0022
TORONTO_TRE92_STU02665,TORONTO_TRE92_0030
TORONTO_TRE92_STU02665,TORONTO_TRE92_0038
TORONTO_TRE92_STU02665,TORONTO_TRE92_0110
TORONTO_TRE92_STU02666,TORONTO_TRE92_0170
TORONTO_TRE92_STU02667,TORONTO_TRE92_0156
TORONTO_TRE92_STU02667,TORONTO_TRE92_0168
TORONTO_TRE92_STU02668,TORONTO_TRE92_0031
TORONTO_TRE92_STU02668,TORONTO_TRE92_0114
TORONTO_TRE92_STU02668,TORONTO_TRE92_0119
TORONTO_TRE92_STU02669,TORONTO_TRE92_0004
TORONTO_TRE92_STU02669,TORONTO_TRE92_0084
TORONTO_TRE92_STU02669,TORONTO_TRE92_0211
TORONTO_TRE92_STU02670,TORONTO_TRE92_0044
TORONTO_TRE92_STU02671,TORONTO_TRE92_0029
TORONTO_TRE92_STU02671,TORONTO_TRE92_0173
TORONTO_TRE92_STU02671,TORONTO_TRE92_0216
TORONTO_TRE92_STU02671,TORONTO_TRE92_0217
TORONTO_TRE92_STU02671,TORONTO_TRE92_0220
TORONTO_TRE92_STU02672,TORONTO_TRE92_0029
TORONTO_TRE92_STU02672,TORONTO_TRE92_0030
TORONTO_TRE92_STU02672,TORONTO_TRE92_0038
TORONTO_TRE92_STU02672,TORONTO_TRE92_0175
TORONTO_TRE92_STU02672,TORONTO_TRE92_0176
TORONTO_TRE92_STU02673,TORONTO_TRE92_0189
TORONTO_TRE92_STU02673,TORONTO_TRE92_0246
TORONTO_TRE92_STU02674,TORONTO_TRE92_0189
TORONTO_TRE92_STU02675,TORONTO_TRE92_0159
TORONTO_TRE92_STU02675,TORONTO_TRE92_0161
TORONTO_TRE92_STU02675,TORONTO_TRE92_0210
TORONTO_TRE92_STU02675,TORONTO_TRE92_0211
TORONTO_TRE92_STU02676,TORONTO_TRE92_0031
TORONTO_TRE92_STU02676,TORONTO_TRE92_0033
TORONTO_TRE92_STU02676,TORONTO_TRE92_0038
TORONTO_TRE92_STU02676,TORONTO_TRE92_0041
TORONTO_TRE92_STU02677,TORONTO_TRE92_0144
TORONTO_TRE92_STU02677,TORONTO_TRE92_0147
TORONTO_TRE92_STU02677,TORONTO_TRE92_0216
TORONTO_TRE92_STU02677,TORONTO_TRE92_0220
TORONTO_TRE92_STU02678,TORONTO_TRE92_0187
TORONTO_TRE92_STU02678,TORONTO_TRE92_0216
TORONTO_TRE92_STU02678,TORONTO_TRE92_0220
TORONTO_TRE92_STU02678,TORONTO_TRE92_0258
TORONTO_TRE92_STU02679,TORONTO_TRE92_0046
TORONTO_TRE92_STU02679,TORONTO_TRE92_0171
TORONTO_TRE92_STU02679,TORONTO_TRE92_0189
TORONTO_TRE92_STU02679,TORONTO_TRE92_0191
TORONTO_TRE92_STU02680,TORONTO_TRE92_0189
TORONTO_TRE92_STU02680,TORONTO_TRE92_0191
TORONTO_TRE92_STU02681,TORONTO_TRE92_0011
TORONTO_TRE92_STU02681,TORONTO_TRE92_0193
TORONTO_TRE92_STU02681,TORONTO_TRE92_0216
TORONTO_TRE92_STU02681,TORONTO_TRE92_0219
TORONTO_TRE92_STU02682,TORONTO_TRE92_0031
TORONTO_TRE92_STU02682,TORONTO_TRE92_0034
TORONTO_TRE92_STU02682,TORONTO_TRE92_0111
TORONTO_TRE92_STU02683,TORONTO_TRE92_0124
TORONTO_TRE92_STU02683,TORONTO_TRE92_0127
TORONTO_TRE92_STU02683,TORONTO_TRE92_0220
TORONTO_TRE92_STU02683,TORONTO_TRE92_0256
TORONTO_TRE92_STU02684,TORONTO_TRE92_0025
TORONTO_TRE92_STU02684,TORONTO_TRE92_0156
TORONTO_TRE92_STU02684,TORONTO_TRE92_0167
TORONTO_TRE92_STU02684,TORONTO_TRE92_0201
TORONTO_TRE92_STU02684,TORONTO_TRE92_0214
TORONTO_TRE92_STU02685,TORONTO_TRE92_0079
TORONTO_TRE92_STU02685,TORONTO_TRE92_0097
TORONTO_TRE92_STU02685,TORONTO_TRE92_0107
TORONTO_TRE92_STU02685,TORONTO_TRE92_0108
TORONTO_TRE92_STU02686,TORONTO_TRE92_0027
TORONTO_TRE92_STU02686,TORONTO_TRE92_0050
TORONTO_TRE92_STU02686,TORONTO_TRE92_0110
TORONTO_TRE92_STU02686,TORONTO_TRE92_0111
TORONTO_TRE92_STU02687,TORONTO_TRE92_0216
TORONTO_TRE92_STU02687,TORONTO_TRE92_0218
TORONTO_TRE92_STU02687,TORONTO_TRE92_0220
TORONTO_TRE92_STU02687,TORONTO_TRE92_0248
TORONTO_TRE92_STU02688,TORONTO_TRE92_0099
TORONTO_TRE92_STU02688,TORONTO_TRE92_0187
TORONTO_TRE92_STU02689,TORONTO_TRE92_0101
TORONTO_TRE92_STU02689,TORONTO_TRE92_0216
TORONTO_TRE92_STU02689,TORONTO_TRE92_0218
TORONTO_TRE92_STU02689,TORONTO_TRE92_0248
TORONTO_TRE92_STU02690,TORONTO_TRE92_0116
TORONTO_TRE92_STU02690,TORONTO_TRE92_0176
TORONTO_TRE92_STU02690,TORONTO_TRE92_0180
TORONTO_TRE92_STU02691,TORONTO_TRE92_0075
TORONTO_TRE92_STU02691,TORONTO_TRE92_0110
TORONTO_TRE92_STU02691,TORONTO_TRE92_0117
TORONTO_TRE92_STU02691,TORONTO_TRE92_0139
TORONTO_TRE92_STU02692,TORONTO_TRE92_0112
TORONTO_TRE92_STU02692,TORONTO_TRE92_0113
TORONTO_TRE92_STU02692,TORONTO_TRE92_0114
TORONTO_TRE92_STU02693,TORONTO_TRE92_0002
TORONTO_TRE92_STU02693,TORONTO_TRE92_0004
TORONTO_TRE92_STU02693,TORONTO_TRE92_0084
TORONTO_TRE92_STU02694,TORONTO_TRE92_0101
TORONTO_TRE92_STU02695,TORONTO_TRE92_0168
TORONTO_TRE92_STU02695,TORONTO_TRE92_0245
TORONTO_TRE92_STU02695,TORONTO_TRE92_0258
TORONTO_TRE92_STU02696,TORONTO_TRE92_0216
TORONTO_TRE92_STU02696,TORONTO_TRE92_0220
TORONTO_TRE92_STU02696,TORONTO_TRE92_0226
TORONTO_TRE92_STU02697,TORONTO_TRE92_0161
TORONTO_TRE92_STU02697,TORONTO_TRE92_0164
TORONTO_TRE92_STU02697,TORONTO_TRE92_0222
TORONTO_TRE92_STU02697,TORONTO_TRE92_0226
TORONTO_TRE92_STU02698,TORONTO_TRE92_0012
TORONTO_TRE92_STU02698,TORONTO_TRE92_0247
TORONTO_TRE92_STU02698,TORONTO_TRE92_0248
TORONTO_TRE92_STU02698,TORONTO_TRE92_0254
TORONTO_TRE92_STU02699,TORONTO_TRE92_0051
TORONTO_TRE92_STU02699,TORONTO_TRE92_0168
TORONTO_TRE92_STU02699,TORONTO_TRE92_0196
TORONTO_TRE92_STU02700,TORONTO_TRE92_0012
TORONTO_TRE92_STU02700,TORONTO_TRE92_0013
TORONTO_TRE92_STU02700,TORONTO_TRE92_0014
TORONTO_TRE92_STU02700,TORONTO_TRE92_0109
TORONTO_TRE92_STU02701,TORONTO_TRE92_0066
TORONTO_TRE92_STU02701,TORONTO_TRE92_0068
TORONTO_TRE92_STU02701,TORONTO_TRE92_0170
TORONTO_TRE92_STU02701,TORONTO_TRE92_0203
TORONTO_TRE92_STU02702,TORONTO_TRE92_0046
TORONTO_TRE92_STU02702,TORONTO_TRE92_0155
TORONTO_TRE92_STU02702,TORONTO_TRE92_0168
TORONTO_TRE92_STU02703,TORONTO_TRE92_0175
TORONTO_TRE92_STU02703,TORONTO_TRE92_0196
TORONTO_TRE92_STU02703,TORONTO_TRE92_0215
TORONTO_TRE92_STU02704,TORONTO_TRE92_0157
TORONTO_TRE92_STU02704,TORONTO_TRE92_0199
TORONTO_TRE92_STU02705,TORONTO_TRE92_0108
TORONTO_TRE92_STU02705,TORONTO_TRE92_0164
TORONTO_TRE92_STU02706,TORONTO_TRE92_0094
TORONTO_TRE92_STU02706,TORONTO_TRE92_0216
TORONTO_TRE92_STU02707,TORONTO_TRE92_0002
TORONTO_TRE92_STU02707,TORONTO_TRE92_0003
TORONTO_TRE92_STU02707,TORONTO_TRE92_0082
TORONTO_TRE92_STU02707,TORONTO_TRE92_0084
TORONTO_TRE92_STU02708,TORONTO_TRE92_0093
TORONTO_TRE92_STU02708,TORONTO_TRE92_0252
TORONTO_TRE92_STU02709,TORONTO_TRE92_0051
TORONTO_TRE92_STU02709,TORONTO_TRE92_0093
TORONTO_TRE92_STU02709,TORONTO_TRE92_0205
TORONTO_TRE92_STU02710,TORONTO_TRE92_0031
TORONTO_TRE92_STU02710,TORONTO_TRE92_0040
TORONTO_TRE92_STU02710,TORONTO_TRE92_0114
TORONTO_TRE92_STU02710,TORONTO_TRE92_0119
TORONTO_TRE92_STU02711,TORONTO_TRE92_0012
TORONTO_TRE92_STU02711,TORONTO_TRE92_0190
TORONTO_TRE92_STU02711,TORONTO_TRE92_0216
TORONTO_TRE92_STU02711,TORONTO_TRE92_0219
TORONTO_TRE92_STU02711,TORONTO_TRE92_0220
TORONTO_TRE92_STU02712,TORONTO_TRE92_0044
TORONTO_TRE92_STU02712,TORONTO_TRE92_0103
TORONTO_TRE92_STU02712,TORONTO_TRE92_0106
TORONTO_TRE92_STU02713,TORONTO_TRE92_0117
TORONTO_TRE92_STU02713,TORONTO_TRE92_0176
TORONTO_TRE92_STU02713,TORONTO_TRE92_0237
TORONTO_TRE92_STU02714,TORONTO_TRE92_0025
TORONTO_TRE92_STU02714,TORONTO_TRE92_0140
TORONTO_TRE92_STU02714,TORONTO_TRE92_0189
TORONTO_TRE92_STU02715,TORONTO_TRE92_0011
TORONTO_TRE92_STU02715,TORONTO_TRE92_0012
TORONTO_TRE92_STU02715,TORONTO_TRE92_0015
TORONTO_TRE92_STU02715,TORONTO_TRE92_0030
TORONTO_TRE92_STU02715,TORONTO_TRE92_0260
TORONTO_TRE92_STU02716,TORONTO_TRE92_0073
TORONTO_TRE92_STU02716,TORONTO_TRE92_0083
TORONTO_TRE92_STU02717,TORONTO_TRE92_0216
TORONTO_TRE92_STU02717,TORONTO_TRE92_0220
TORONTO_TRE92_STU02717,TORONTO_TRE92_0249
TORONTO_TRE92_STU02717,TORONTO_TRE92_0260
TORONTO_TRE92_STU02718,TORONTO_TRE92_0019
TORONTO_TRE92_STU02718,TORONTO_TRE92_0216
TORONTO_TRE92_STU02718,TORONTO_TRE92_0228
TORONTO_TRE92_STU02719,TORONTO_TRE92_0117
TORONTO_TRE92_STU02719,TORONTO_TRE92_0176
TORONTO_TRE92_STU02719,TORONTO_TRE92_0236
TORONTO_TRE92_STU02719,TORONTO_TRE92_0237
TORONTO_TRE92_STU02720,TORONTO_TRE92_0130
TORONTO_TRE92_STU02720,TORONTO_TRE92_0216
TORONTO_TRE92_STU02720,TORONTO_TRE92_0217
TORONTO_TRE92_STU02720,TORONTO_TRE92_0220
TORONTO_TRE92_STU02721,TORONTO_TRE92_0105
TORONTO_TRE92_STU02721,TORONTO_TRE92_0109
TORONTO_TRE92_STU02721,TORONTO_TRE92_0168
TORONTO_TRE92_STU02721,TORONTO_TRE92_0220
TORONTO_TRE92_STU02721,TORONTO_TRE92_0253
TORONTO_TRE92_STU02722,TORONTO_TRE92_0030
TORONTO_TRE92_STU02722,TORONTO_TRE92_0041
TORONTO_TRE92_STU02723,TORONTO_TRE92_0033
TORONTO_TRE92_STU02723,TORONTO_TRE92_0225
TORONTO_TRE92_STU02723,TORONTO_TRE92_0226
TORONTO_TRE92_STU02724,TORONTO_TRE92_0068
TORONTO_TRE92_STU02724,TORONTO_TRE92_0190
TORONTO_TRE92_STU02724,TORONTO_TRE92_0210
TORONTO_TRE92_STU02725,TORONTO_TRE92_0038
TORONTO_TRE92_STU02725,TORONTO_TRE92_0044
TORONTO_TRE92_STU02726,TORONTO_TRE92_0002
TORONTO_TRE92_STU02726,TORONTO_TRE92_0004
TORONTO_TRE92_STU02726,TORONTO_TRE92_0006
TORONTO_TRE92_STU02726,TORONTO_TRE92_0084
TORONTO_TRE92_STU02727,TORONTO_TRE92_0189
TORONTO_TRE92_STU02727,TORONTO_TRE92_0190
TORONTO_TRE92_STU02727,TORONTO_TRE92_0191
TORONTO_TRE92_STU02727,TORONTO_TRE92_0203
TORONTO_TRE92_STU02728,TORONTO_TRE92_0013
TORONTO_TRE92_STU02728,TORONTO_TRE92_0014
TORONTO_TRE92_STU02728,TORONTO_TRE92_0018
TORONTO_TRE92_STU02728,TORONTO_TRE92_0168
TORONTO_TRE92_STU02729,TORONTO_TRE92_0038
TORONTO_TRE92_STU02729,TORONTO_TRE92_0110
TORONTO_TRE92_STU02729,TORONTO_TRE92_0117
TORONTO_TRE92_STU02729,TORONTO_TRE92_0142
TORONTO_TRE92_STU02730,TORONTO_TRE92_0047
TORONTO_TRE92_STU02730,TORONTO_TRE92_0191
TORONTO_TRE92_STU02730,TORONTO_TRE92_0260
TORONTO_TRE92_STU02731,TORONTO_TRE92_0012
TORONTO_TRE92_STU02731,TORONTO_TRE92_0013
TORONTO_TRE92_STU02731,TORONTO_TRE92_0014
TORONTO_TRE92_STU02731,TORONTO_TRE92_0050
TORONTO_TRE92_STU02732,TORONTO_TRE92_0101
TORONTO_TRE92_STU02732,TORONTO_TRE92_0144
TORONTO_TRE92_STU02732,TORONTO_TRE92_0156
TORONTO_TRE92_STU02732,TORONTO_TRE92_0157
TORONTO_TRE92_STU02733,TORONTO_TRE92_0015
TORONTO_TRE92_STU02733,TORONTO_TRE92_0030
TORONTO_TRE92_STU02733,TORONTO_TRE92_0038
TORONTO_TRE92_STU02733,TORONTO_TRE92_0044
TORONTO_TRE92_STU02733,TORONTO_TRE92_0116
TORONTO_TRE92_STU02734,TORONTO_TRE92_0101
TORONTO_TRE92_STU02734,TORONTO_TRE92_0103
TORONTO_TRE92_STU02734,TORONTO_TRE92_0247
TORONTO_TRE92_STU02734,TORONTO_TRE92_0251
TORONTO_TRE92_STU02735,TORONTO_TRE92_0076
TORONTO_TRE92_STU02735,TORONTO_TRE92_0193
TORONTO_TRE92_STU02735,TORONTO_TRE92_0247
TORONTO_TRE92_STU02736,TORONTO_TRE92_0042
TORONTO_TRE92_STU02736,TORONTO_TRE92_0044
TORONTO_TRE92_STU02736,TORONTO_TRE92_0046
TORONTO_TRE92_STU02736,TORONTO_TRE92_0109
TORONTO_TRE92_STU02736,TORONTO_TRE92_0254
TORONTO_TRE92_STU02737,TORONTO_TRE92_0002
TORONTO_TRE92_STU02737,TORONTO_TRE92_0003
TORONTO_TRE92_STU02737,TORONTO_TRE92_0082
TORONTO_TRE92_STU02737,TORONTO_TRE92_0084
TORONTO_TRE92_STU02737,TORONTO_TRE92_0092
TORONTO_TRE92_STU02738,TORONTO_TRE92_0065
TORONTO_TRE92_STU02738,TORONTO_TRE92_0073
TORONTO_TRE92_STU02738,TORONTO_TRE92_0074
TORONTO_TRE92_STU02738,TORONTO_TRE92_0216
TORONTO_TRE92_STU02738,TORONTO_TRE92_0220
TORONTO_TRE92_STU02739,TORONTO_TRE92_0025
TORONTO_TRE92_STU02739,TORONTO_TRE92_0044
TORONTO_TRE92_STU02739,TORONTO_TRE92_0047
TORONTO_TRE92_STU02740,TORONTO_TRE92_0013
TORONTO_TRE92_STU02740,TORONTO_TRE92_0019
TORONTO_TRE92_STU02740,TORONTO_TRE92_0079
TORONTO_TRE92_STU02740,TORONTO_TRE92_0100
TORONTO_TRE92_STU02740,TORONTO_TRE92_0103
TORONTO_TRE92_STU02741,TORONTO_TRE92_0261
TORONTO_TRE92_STU02742,TORONTO_TRE92_0006
TORONTO_TRE92_STU02743,TORONTO_TRE92_0038
TORONTO_TRE92_STU02743,TORONTO_TRE92_0082
TORONTO_TRE92_STU02743,TORONTO_TRE92_0084
TORONTO_TRE92_STU02743,TORONTO_TRE92_0117
TORONTO_TRE92_STU02744,TORONTO_TRE92_0160
TORONTO_TRE92_STU02744,TORONTO_TRE92_0261
TORONTO_TRE92_STU02745,TORONTO_TRE92_0154
TORONTO_TRE92_STU02745,TORONTO_TRE92_0260
TORONTO_TRE92_STU02745,TORONTO_TRE92_0261
TORONTO_TRE92_STU02746,TORONTO_TRE92_0015
TORONTO_TRE92_STU02746,TORONTO_TRE92_0028
TORONTO_TRE92_STU02746,TORONTO_TRE92_0030
TORONTO_TRE92_STU02746,TORONTO_TRE92_0217
TORONTO_TRE92_STU02747,TORONTO_TRE92_0027
TORONTO_TRE92_STU02747,TORONTO_TRE92_0038
TORONTO_TRE92_STU02747,TORONTO_TRE92_0116
TORONTO_TRE92_STU02747,TORONTO_TRE92_0184
TORONTO_TRE92_STU02748,TORONTO_TRE92_0046
TORONTO_TRE92_STU02748,TORONTO_TRE92_0068
TORONTO_TRE92_STU02748,TORONTO_TRE92_0069
TORONTO_TRE92_STU02748,TORONTO_TRE92_0167
TORONTO_TRE92_STU02748,TORONTO_TRE92_0169
TORONTO_TRE92_STU02749,TORONTO_TRE92_0073
TORONTO_TRE92_STU02749,TORONTO_TRE92_0176
TORONTO_TRE92_STU02749,TORONTO_TRE92_0180
TORONTO_TRE92_STU02750,TORONTO_TRE92_0014
TORONTO_TRE92_STU02750,TORONTO_TRE92_0015
TORONTO_TRE92_STU02750,TORONTO_TRE92_0020
TORONTO_TRE92_STU02750,TORONTO_TRE92_0109
TORONTO_TRE92_STU02750,TORONTO_TRE92_0132
TORONTO_TRE92_STU02751,TORONTO_TRE92_0076
TORONTO_TRE92_STU02751,TORONTO_TRE92_0078
TORONTO_TRE92_STU02751,TORONTO_TRE92_0231
TORONTO_TRE92_STU02752,TORONTO_TRE92_0012
TORONTO_TRE92_STU02752,TORONTO_TRE92_0013
TORONTO_TRE92_STU02752,TORONTO_TRE92_0204
TORONTO_TRE92_STU02752,TORONTO_TRE92_0205
TORONTO_TRE92_STU02753,TORONTO_TRE92_0044
TORONTO_TRE92_STU02753,TORONTO_TRE92_0190
TORONTO_TRE92_STU02754,TORONTO_TRE92_0082
TORONTO_TRE92_STU02754,TORONTO_TRE92_0083
TORONTO_TRE92_STU02754,TORONTO_TRE92_0216
TORONTO_TRE92_STU02754,TORONTO_TRE92_0220
TORONTO_TRE92_STU02754,TORONTO_TRE92_0260
TORONTO_TRE92_STU02755,TORONTO_TRE92_0093
TORONTO_TRE92_STU02755,TORONTO_TRE92_0130
TORONTO_TRE92_STU02755,TORONTO_TRE92_0131
TORONTO_TRE92_STU02755,TORONTO_TRE92_0133
TORONTO_TRE92_STU02755,TORONTO_TRE92_0228
TORONTO_TRE92_STU02755,TORONTO_TRE92_0231
TORONTO_TRE92_STU02756,TORONTO_TRE92_0029
TORONTO_TRE92_STU02756,TORONTO_TRE92_0035
TORONTO_TRE92_STU02756,TORONTO_TRE92_0054
TORONTO_TRE92_STU02756,TORONTO_TRE92_0055
TORONTO_TRE92_STU02756,TORONTO_TRE92_0233
TORONTO_TRE92_STU02757,TORONTO_TRE92_0002
TORONTO_TRE92_STU02757,TORONTO_TRE92_0003
TORONTO_TRE92_STU02757,TORONTO_TRE92_0083
TORONTO_TRE92_STU02757,TORONTO_TRE92_0092
TORONTO_TRE92_STU02758,TORONTO_TRE92_0081
TORONTO_TRE92_STU02758,TORONTO_TRE92_0084
TORONTO_TRE92_STU02758,TORONTO_TRE92_0175
TORONTO_TRE92_STU02758,TORONTO_TRE92_0180
TORONTO_TRE92_STU02759,TORONTO_TRE92_0191
TORONTO_TRE92_STU02760,TORONTO_TRE92_0044
TORONTO_TRE92_STU02760,TORONTO_TRE92_0051
TORONTO_TRE92_STU02760,TORONTO_TRE92_0093
TORONTO_TRE92_STU02760,TORONTO_TRE92_0114
TORONTO_TRE92_STU02760,TORONTO_TRE92_0139
TORONTO_TRE92_STU02760,TORONTO_TRE92_0213
TORONTO_TRE92_STU02761,TORONTO_TRE92_0166
TORONTO_TRE92_STU02761,TORONTO_TRE92_0189
TORONTO_TRE92_STU02761,TORONTO_TRE92_0204
TORONTO_TRE92_STU02761,TORONTO_TRE92_0205
TORONTO_TRE92_STU02762,TORONTO_TRE92_0011
TORONTO_TRE92_STU02762,TORONTO_TRE92_0168
TORONTO_TRE92_STU02762,TORONTO_TRE92_0202
TORONTO_TRE92_STU02762,TORONTO_TRE92_0203
TORONTO_TRE92_STU02763,TORONTO_TRE92_0216
TORONTO_TRE92_STU02763,TORONTO_TRE92_0220
TORONTO_TRE92_STU02763,TORONTO_TRE92_0247
TORONTO_TRE92_STU02764,TORONTO_TRE92_0012
TORONTO_TRE92_STU02764,TORONTO_TRE92_0013
TORONTO_TRE92_STU02764,TORONTO_TRE92_0015
TORONTO_TRE92_STU02765,TORONTO_TRE92_0054
TORONTO_TRE92_STU02765,TORONTO_TRE92_0055
TORONTO_TRE92_STU02765,TORONTO_TRE92_0072
TORONTO_TRE92_STU02765,TORONTO_TRE92_0175
TORONTO_TRE92_STU02765,TORONTO_TRE92_0176
TORONTO_TRE92_STU02766,TORONTO_TRE92_0168
TORONTO_TRE92_STU02767,TORONTO_TRE92_0028
TORONTO_TRE92_STU02767,TORONTO_TRE92_0038
TORONTO_TRE92_STU02767,TORONTO_TRE92_0063
TORONTO_TRE92_STU02767,TORONTO_TRE92_0072
TORONTO_TRE92_STU02768,TORONTO_TRE92_0042
TORONTO_TRE92_STU02768,TORONTO_TRE92_0044
TORONTO_TRE92_STU02768,TORONTO_TRE92_0168
TORONTO_TRE92_STU02768,TORONTO_TRE92_0204
TORONTO_TRE92_STU02768,TORONTO_TRE92_0210
TORONTO_TRE92_STU02769,TORONTO_TRE92_0081
TORONTO_TRE92_STU02769,TORONTO_TRE92_0143
TORONTO_TRE92_STU02769,TORONTO_TRE92_0151
TORONTO_TRE92_STU02769,TORONTO_TRE92_0168
TORONTO_TRE92_STU02769,TORONTO_TRE92_0212
TORONTO_TRE92_STU02770,TORONTO_TRE92_0071
TORONTO_TRE92_STU02770,TORONTO_TRE92_0101
TORONTO_TRE92_STU02770,TORONTO_TRE92_0103
TORONTO_TRE92_STU02770,TORONTO_TRE92_0108
TORONTO_TRE92_STU02771,TORONTO_TRE92_0044
TORONTO_TRE92_STU02771,TORONTO_TRE92_0210
TORONTO_TRE92_STU02772,TORONTO_TRE92_0103
TORONTO_TRE92_STU02772,TORONTO_TRE92_0247
TORONTO_TRE92_STU02773,TORONTO_TRE92_0195
TORONTO_TRE92_STU02774,TORONTO_TRE92_0099
TORONTO_TRE92_STU02774,TORONTO_TRE92_0103
TORONTO_TRE92_STU02774,TORONTO_TRE92_0247
TORONTO_TRE92_STU02774,TORONTO_TRE92_0248
TORONTO_TRE92_STU02775,TORONTO_TRE92_0099
TORONTO_TRE92_STU02775,TORONTO_TRE92_0103
TORONTO_TRE92_STU02775,TORONTO_TRE92_0109
TORONTO_TRE92_STU02775,TORONTO_TRE92_0156
TORONTO_TRE92_STU02776,TORONTO_TRE92_0082
TORONTO_TRE92_STU02776,TORONTO_TRE92_0083
TORONTO_TRE92_STU02776,TORONTO_TRE92_0085
TORONTO_TRE92_STU02776,TORONTO_TRE92_0140
TORONTO_TRE92_STU02776,TORONTO_TRE92_0141
TORONTO_TRE92_STU02777,TORONTO_TRE92_0109
TORONTO_TRE92_STU02777,TORONTO_TRE92_0196
TORONTO_TRE92_STU02777,TORONTO_TRE92_0251
TORONTO_TRE92_STU02777,TORONTO_TRE92_0253
TORONTO_TRE92_STU02778,TORONTO_TRE92_0051
TORONTO_TRE92_STU02778,TORONTO_TRE92_0093
TORONTO_TRE92_STU02778,TORONTO_TRE92_0114
TORONTO_TRE92_STU02778,TORONTO_TRE92_0149
TORONTO_TRE92_STU02779,TORONTO_TRE92_0101
TORONTO_TRE92_STU02779,TORONTO_TRE92_0109
TORONTO_TRE92_STU02779,TORONTO_TRE92_0206
TORONTO_TRE92_STU02779,TORONTO_TRE92_0208
TORONTO_TRE92_STU02780,TORONTO_TRE92_0068
TORONTO_TRE92_STU02780,TORONTO_TRE92_0167
TORONTO_TRE92_STU02780,TORONTO_TRE92_0203
TORONTO_TRE92_STU02780,TORONTO_TRE92_0204
TORONTO_TRE92_STU02780,TORONTO_TRE92_0214
TORONTO_TRE92_STU02781,TORONTO_TRE92_0103
TORONTO_TRE92_STU02781,TORONTO_TRE92_0189
TORONTO_TRE92_STU02781,TORONTO_TRE92_0191
TORONTO_TRE92_STU02782,TORONTO_TRE92_0192
TORONTO_TRE92_STU02782,TORONTO_TRE92_0214
TORONTO_TRE92_STU02783,TORONTO_TRE92_0051
TORONTO_TRE92_STU02783,TORONTO_TRE92_0111
TORONTO_TRE92_STU02783,TORONTO_TRE92_0113
TORONTO_TRE92_STU02783,TORONTO_TRE92_0114
TORONTO_TRE92_STU02784,TORONTO_TRE92_0033
TORONTO_TRE92_STU02784,TORONTO_TRE92_0035
TORONTO_TRE92_STU02784,TORONTO_TRE92_0036
TORONTO_TRE92_STU02784,TORONTO_TRE92_0037
TORONTO_TRE92_STU02784,TORONTO_TRE92_0064
TORONTO_TRE92_STU02785,TORONTO_TRE92_0167
TORONTO_TRE92_STU02785,TORONTO_TRE92_0202
TORONTO_TRE92_STU02786,TORONTO_TRE92_0052
TORONTO_TRE92_STU02786,TORONTO_TRE92_0055
TORONTO_TRE92_STU02786,TORONTO_TRE92_0063
TORONTO_TRE92_STU02786,TORONTO_TRE92_0173
TORONTO_TRE92_STU02787,TORONTO_TRE92_0050
TORONTO_TRE92_STU02787,TORONTO_TRE92_0167
TORONTO_TRE92_STU02787,TORONTO_TRE92_0189
TORONTO_TRE92_STU02787,TORONTO_TRE92_0190
TORONTO_TRE92_STU02788,TORONTO_TRE92_0109
TORONTO_TRE92_STU02788,TORONTO_TRE92_0156
TORONTO_TRE92_STU02788,TORONTO_TRE92_0167
TORONTO_TRE92_STU02788,TORONTO_TRE92_0246
TORONTO_TRE92_STU02789,TORONTO_TRE92_0216
TORONTO_TRE92_STU02789,TORONTO_TRE92_0220
TORONTO_TRE92_STU02790,TORONTO_TRE92_0038
TORONTO_TRE92_STU02790,TORONTO_TRE92_0097
TORONTO_TRE92_STU02790,TORONTO_TRE92_0101
TORONTO_TRE92_STU02790,TORONTO_TRE92_0109
TORONTO_TRE92_STU02791,TORONTO_TRE92_0194
TORONTO_TRE92_STU02791,TORONTO_TRE92_0199
TORONTO_TRE92_STU02792,TORONTO_TRE92_0122
TORONTO_TRE92_STU02792,TORONTO_TRE92_0187
TORONTO_TRE92_STU02792,TORONTO_TRE92_0258
TORONTO_TRE92_STU02793,TORONTO_TRE92_0099
TORONTO_TRE92_STU02793,TORONTO_TRE92_0100
TORONTO_TRE92_STU02793,TORONTO_TRE92_0132
TORONTO_TRE92_STU02793,TORONTO_TRE92_0157
TORONTO_TRE92_STU02794,TORONTO_TRE92_0182
TORONTO_TRE92_STU02794,TORONTO_TRE92_0238
TORONTO_TRE92_STU02794,TORONTO_TRE92_0244
TORONTO_TRE92_STU02795,TORONTO_TRE92_0053
TORONTO_TRE92_STU02795,TORONTO_TRE92_0054
TORONTO_TRE92_STU02795,TORONTO_TRE92_0055
TORONTO_TRE92_STU02795,TORONTO_TRE92_0117
TORONTO_TRE92_STU02795,TORONTO_TRE92_0174
TORONTO_TRE92_STU02796,TORONTO_TRE92_0054
TORONTO_TRE92_STU02796,TORONTO_TRE92_0055
TORONTO_TRE92_STU02796,TORONTO_TRE92_0059
TORONTO_TRE92_STU02796,TORONTO_TRE92_0064
TORONTO_TRE92_STU02797,TORONTO_TRE92_0050
TORONTO_TRE92_STU02797,TORONTO_TRE92_0051
TORONTO_TRE92_STU02797,TORONTO_TRE92_0201
TORONTO_TRE92_STU02797,TORONTO_TRE92_0203
TORONTO_TRE92_STU02797,TORONTO_TRE92_0204
TORONTO_TRE92_STU02798,TORONTO_TRE92_0103
TORONTO_TRE92_STU02798,TORONTO_TRE92_0155
TORONTO_TRE92_STU02798,TORONTO_TRE92_0156
TORONTO_TRE92_STU02798,TORONTO_TRE92_0202
TORONTO_TRE92_STU02798,TORONTO_TRE92_0204
TORONTO_TRE92_STU02799,TORONTO_TRE92_0012
TORONTO_TRE92_STU02799,TORONTO_TRE92_0023
TORONTO_TRE92_STU02799,TORONTO_TRE92_0038
TORONTO_TRE92_STU02799,TORONTO_TRE92_0116
TORONTO_TRE92_STU02800,TORONTO_TRE92_0194
TORONTO_TRE92_STU02800,TORONTO_TRE92_0195
TORONTO_TRE92_STU02800,TORONTO_TRE92_0200
TORONTO_TRE92_STU02801,TORONTO_TRE92_0022
TORONTO_TRE92_STU02801,TORONTO_TRE92_0081
TORONTO_TRE92_STU02801,TORONTO_TRE92_0157
TORONTO_TRE92_STU02801,TORONTO_TRE92_0167
TORONTO_TRE92_STU02801,TORONTO_TRE92_0170
TORONTO_TRE92_STU02802,TORONTO_TRE92_0056
TORONTO_TRE92_STU02802,TORONTO_TRE92_0057
TORONTO_TRE92_STU02802,TORONTO_TRE92_0058
TORONTO_TRE92_STU02802,TORONTO_TRE92_0059
TORONTO_TRE92_STU02802,TORONTO_TRE92_0063
TORONTO_TRE92_STU02802,TORONTO_TRE92_0117
TORONTO_TRE92_STU02803,TORONTO_TRE92_0082
TORONTO_TRE92_STU02803,TORONTO_TRE92_0120
TORONTO_TRE92_STU02803,TORONTO_TRE92_0203
TORONTO_TRE92_STU02803,TORONTO_TRE92_0204
TORONTO_TRE92_STU02804,TORONTO_TRE92_0074
TORONTO_TRE92_STU02804,TORONTO_TRE92_0156
TORONTO_TRE92_STU02804,TORONTO_TRE92_0157
TORONTO_TRE92_STU02804,TORONTO_TRE92_0173
TORONTO_TRE92_STU02805,TORONTO_TRE92_0073
TORONTO_TRE92_STU02805,TORONTO_TRE92_0075
TORONTO_TRE92_STU02805,TORONTO_TRE92_0176
TORONTO_TRE92_STU02805,TORONTO_TRE92_0180
TORONTO_TRE92_STU02806,TORONTO_TRE92_0068
TORONTO_TRE92_STU02806,TORONTO_TRE92_0103
TORONTO_TRE92_STU02807,TORONTO_TRE92_0047
TORONTO_TRE92_STU02808,TORONTO_TRE92_0073
TORONTO_TRE92_STU02808,TORONTO_TRE92_0176
TORONTO_TRE92_STU02808,TORONTO_TRE92_0180
TORONTO_TRE92_STU02808,TORONTO_TRE92_0215
TORONTO_TRE92_STU02809,TORONTO_TRE92_0006
TORONTO_TRE92_STU02809,TORONTO_TRE92_0191
TORONTO_TRE92_STU02810,TORONTO_TRE92_0216
TORONTO_TRE92_STU02810,TORONTO_TRE92_0220
TORONTO_TRE92_STU02810,TORONTO_TRE92_0246
TORONTO_TRE92_STU02811,TORONTO_TRE92_0083
TORONTO_TRE92_STU02812,TORONTO_TRE92_0072
TORONTO_TRE92_STU02812,TORONTO_TRE92_0176
TORONTO_TRE92_STU02812,TORONTO_TRE92_0183
TORONTO_TRE92_STU02813,TORONTO_TRE92_0122
TORONTO_TRE92_STU02813,TORONTO_TRE92_0247
TORONTO_TRE92_STU02814,TORONTO_TRE92_0218
TORONTO_TRE92_STU02815,TORONTO_TRE92_0027
TORONTO_TRE92_STU02816,TORONTO_TRE92_0204
TORONTO_TRE92_STU02817,TORONTO_TRE92_0124
TORONTO_TRE92_STU02817,TORONTO_TRE92_0126
TORONTO_TRE92_STU02817,TORONTO_TRE92_0183
TORONTO_TRE92_STU02817,TORONTO_TRE92_0220
TORONTO_TRE92_STU02818,TORONTO_TRE92_0216
TORONTO_TRE92_STU02818,TORONTO_TRE92_0221
TORONTO_TRE92_STU02818,TORONTO_TRE92_0231
TORONTO_TRE92_STU02819,TORONTO_TRE92_0011
TORONTO_TRE92_STU02820,TORONTO_TRE92_0011
TORONTO_TRE92_STU02820,TORONTO_TRE92_0065
TORONTO_TRE92_STU02820,TORONTO_TRE92_0103
TORONTO_TRE92_STU02820,TORONTO_TRE92_0154
TORONTO_TRE92_STU02820,TORONTO_TRE92_0193
TORONTO_TRE92_STU02821,TORONTO_TRE92_0101
TORONTO_TRE92_STU02821,TORONTO_TRE92_0156
TORONTO_TRE92_STU02821,TORONTO_TRE92_0158
TORONTO_TRE92_STU02821,TORONTO_TRE92_0159
TORONTO_TRE92_STU02821,TORONTO_TRE92_0169
TORONTO_TRE92_STU02822,TORONTO_TRE92_0019
TORONTO_TRE92_STU02823,TORONTO_TRE92_0123
TORONTO_TRE92_STU02823,TORONTO_TRE92_0126
TORONTO_TRE92_STU02823,TORONTO_TRE92_0127
TORONTO_TRE92_STU02823,TORONTO_TRE92_0256
TORONTO_TRE92_STU02824,TORONTO_TRE92_0115
TORONTO_TRE92_STU02824,TORONTO_TRE92_0116
TORONTO_TRE92_STU02824,TORONTO_TRE92_0180
TORONTO_TRE92_STU02825,TORONTO_TRE92_0073
TORONTO_TRE92_STU02826,TORONTO_TRE92_0072
TORONTO_TRE92_STU02827,TORONTO_TRE92_0173
TORONTO_TRE92_STU02827,TORONTO_TRE92_0204
TORONTO_TRE92_STU02828,TORONTO_TRE92_0154
TORONTO_TRE92_STU02828,TORONTO_TRE92_0215
TORONTO_TRE92_STU02829,TORONTO_TRE92_0025
TORONTO_TRE92_STU02830,TORONTO_TRE92_0092
TORONTO_TRE92_STU02831,TORONTO_TRE92_0248
TORONTO_TRE92_STU02832,TORONTO_TRE92_0094
TORONTO_TRE92_STU02832,TORONTO_TRE92_0193
TORONTO_TRE92_STU02832,TORONTO_TRE92_0216
TORONTO_TRE92_STU02833,TORONTO_TRE92_0002
TORONTO_TRE92_STU02833,TORONTO_TRE92_0245
TORONTO_TRE92_STU02834,TORONTO_TRE92_0110
TORONTO_TRE92_STU02834,TORONTO_TRE92_0139
TORONTO_TRE92_STU02834,TORONTO_TRE92_0184
TORONTO_TRE92_STU02835,TORONTO_TRE92_0120
TORONTO_TRE92_STU02836,TORONTO_TRE92_0050
TORONTO_TRE92_STU02836,TORONTO_TRE92_0246
TORONTO_TRE92_STU02837,TORONTO_TRE92_0033
TORONTO_TRE92_STU02838,TORONTO_TRE92_0120
TORONTO_TRE92_STU02838,TORONTO_TRE92_0168
TORONTO_TRE92_STU02838,TORONTO_TRE92_0246
TORONTO_TRE92_STU02839,TORONTO_TRE92_0156
TORONTO_TRE92_STU02839,TORONTO_TRE92_0221
TORONTO_TRE92_STU02839,TORONTO_TRE92_0247
TORONTO_TRE92_STU02839,TORONTO_TRE92_0249
TORONTO_TRE92_STU02840,TORONTO_TRE92_0155
TORONTO_TRE92_STU02840,TORONTO_TRE92_0260
TORONTO_TRE92_STU02841,TORONTO_TRE92_0073
TORONTO_TRE92_STU02841,TORONTO_TRE92_0176
TORONTO_TRE92_STU02841,TORONTO_TRE92_0183
TORONTO_TRE92_STU02841,TORONTO_TRE92_0185
TORONTO_TRE92_STU02842,TORONTO_TRE92_0028
TORONTO_TRE92_STU02842,TORONTO_TRE92_0174
TORONTO_TRE92_STU02843,TORONTO_TRE92_0245
TORONTO_TRE92_STU02844,TORONTO_TRE92_0110
TORONTO_TRE92_STU02844,TORONTO_TRE92_0111
TORONTO_TRE92_STU02845,TORONTO_TRE92_0001
TORONTO_TRE92_STU02845,TORONTO_TRE92_0081
TORONTO_TRE92_STU02845,TORONTO_TRE92_0173
TORONTO_TRE92_STU02846,TORONTO_TRE92_0082
TORONTO_TRE92_STU02846,TORONTO_TRE92_0084
TORONTO_TRE92_STU02847,TORONTO_TRE92_0108
TORONTO_TRE92_STU02848,TORONTO_TRE92_0216
TORONTO_TRE92_STU02848,TORONTO_TRE92_0220
TORONTO_TRE92_STU02848,TORONTO_TRE92_0248
TORONTO_TRE92_STU02849,TORONTO_TRE92_0218
TORONTO_TRE92_STU02849,TORONTO_TRE92_0220
TORONTO_TRE92_STU02850,TORONTO_TRE92_0011
TORONTO_TRE92_STU02850,TORONTO_TRE92_0168
TORONTO_TRE92_STU02851,TORONTO_TRE92_0013
TORONTO_TRE92_STU02851,TORONTO_TRE92_0083
TORONTO_TRE92_STU02851,TORONTO_TRE92_0084
TORONTO_TRE92_STU02851,TORONTO_TRE92_0144
TORONTO_TRE92_STU02851,TORONTO_TRE92_0257
TORONTO_TRE92_STU02852,TORONTO_TRE92_0068
TORONTO_TRE92_STU02852,TORONTO_TRE92_0071
TORONTO_TRE92_STU02852,TORONTO_TRE92_0099
TORONTO_TRE92_STU02852,TORONTO_TRE92_0103
TORONTO_TRE92_STU02852,TORONTO_TRE92_0253
TORONTO_TRE92_STU02853,TORONTO_TRE92_0084
TORONTO_TRE92_STU02854,TORONTO_TRE92_0028
TORONTO_TRE92_STU02854,TORONTO_TRE92_0044
TORONTO_TRE92_STU02854,TORONTO_TRE92_0110
TORONTO_TRE92_STU02854,TORONTO_TRE92_0196
TORONTO_TRE92_STU02855,TORONTO_TRE92_0003
TORONTO_TRE92_STU02855,TORONTO_TRE92_0044
TORONTO_TRE92_STU02855,TORONTO_TRE92_0110
TORONTO_TRE92_STU02855,TORONTO_TRE92_0123
TORONTO_TRE92_STU02855,TORONTO_TRE92_0210
TORONTO_TRE92_STU02856,TORONTO_TRE92_0245
TORONTO_TRE92_STU02857,TORONTO_TRE92_0001
TORONTO_TRE92_STU02857,TORONTO_TRE92_0080
TORONTO_TRE92_STU02857,TORONTO_TRE92_0173
TORONTO_TRE92_STU02857,TORONTO_TRE92_0201
TORONTO_TRE92_STU02858,TORONTO_TRE92_0001
TORONTO_TRE92_STU02858,TORONTO_TRE92_0080
TORONTO_TRE92_STU02858,TORONTO_TRE92_0081
TORONTO_TRE92_STU02858,TORONTO_TRE92_0201
TORONTO_TRE92_STU02858,TORONTO_TRE92_0246
TORONTO_TRE92_STU02859,TORONTO_TRE92_0012
TORONTO_TRE92_STU02860,TORONTO_TRE92_0007
TORONTO_TRE92_STU02860,TORONTO_TRE92_0075
TORONTO_TRE92_STU02860,TORONTO_TRE92_0216
TORONTO_TRE92_STU02860,TORONTO_TRE92_0218
TORONTO_TRE92_STU02861,TORONTO_TRE92_0100
TORONTO_TRE92_STU02862,TORONTO_TRE92_0192
TORONTO_TRE92_STU02862,TORONTO_TRE92_0215
TORONTO_TRE92_STU02863,TORONTO_TRE92_0080
TORONTO_TRE92_STU02863,TORONTO_TRE92_0129
TORONTO_TRE92_STU02863,TORONTO_TRE92_0132
TORONTO_TRE92_STU02863,TORONTO_TRE92_0220
TORONTO_TRE92_STU02864,TORONTO_TRE92_0191
TORONTO_TRE92_STU02864,TORONTO_TRE92_0216
TORONTO_TRE92_STU02864,TORONTO_TRE92_0218
TORONTO_TRE92_STU02864,TORONTO_TRE92_0220
TORONTO_TRE92_STU02865,TORONTO_TRE92_0123
TORONTO_TRE92_STU02865,TORONTO_TRE92_0129
TORONTO_TRE92_STU02866,TORONTO_TRE92_0107
TORONTO_TRE92_STU02867,TORONTO_TRE92_0002
TORONTO_TRE92_STU02867,TORONTO_TRE92_0080
TORONTO_TRE92_STU02867,TORONTO_TRE92_0081
TORONTO_TRE92_STU02867,TORONTO_TRE92_0201
TORONTO_TRE92_STU02867,TORONTO_TRE92_0210
TORONTO_TRE92_STU02868,TORONTO_TRE92_0155
TORONTO_TRE92_STU02869,TORONTO_TRE92_0115
TORONTO_TRE92_STU02870,TORONTO_TRE92_0214
TORONTO_TRE92_STU02871,TORONTO_TRE92_0072
TORONTO_TRE92_STU02871,TORONTO_TRE92_0111
TORONTO_TRE92_STU02871,TORONTO_TRE92_0116
TORONTO_TRE92_STU02871,TORONTO_TRE92_0234
TORONTO_TRE92_STU02872,TORONTO_TRE92_0099
TORONTO_TRE92_STU02873,TORONTO_TRE92_0084
TORONTO_TRE92_STU02874,TORONTO_TRE92_0083
TORONTO_TRE92_STU02874,TORONTO_TRE92_0084
TORONTO_TRE92_STU02874,TORONTO_TRE92_0250
TORONTO_TRE92_STU02874,TORONTO_TRE92_0255
TORONTO_TRE92_STU02875,TORONTO_TRE92_0045
TORONTO_TRE92_STU02875,TORONTO_TRE92_0168
TORONTO_TRE92_STU02875,TORONTO_TRE92_0214
TORONTO_TRE92_STU02876,TORONTO_TRE92_0044
TORONTO_TRE92_STU02877,TORONTO_TRE92_0249
TORONTO_TRE92_STU02878,TORONTO_TRE92_0004
TORONTO_TRE92_STU02879,TORONTO_TRE92_0012
TORONTO_TRE92_STU02879,TORONTO_TRE92_0013
TORONTO_TRE92_STU02879,TORONTO_TRE92_0014
TORONTO_TRE92_STU02879,TORONTO_TRE92_0015
TORONTO_TRE92_STU02879,TORONTO_TRE92_0018
TORONTO_TRE92_STU02880,TORONTO_TRE92_0245
TORONTO_TRE92_STU02881,TORONTO_TRE92_0249
TORONTO_TRE92_STU02882,TORONTO_TRE92_0095
TORONTO_TRE92_STU02882,TORONTO_TRE92_0109
TORONTO_TRE92_STU02882,TORONTO_TRE92_0218
TORONTO_TRE92_STU02882,TORONTO_TRE92_0220
TORONTO_TRE92_STU02883,TORONTO_TRE92_0001
TORONTO_TRE92_STU02883,TORONTO_TRE92_0081
TORONTO_TRE92_STU02883,TORONTO_TRE92_0084
TORONTO_TRE92_STU02883,TORONTO_TRE92_0201
TORONTO_TRE92_STU02884,TORONTO_TRE92_0245
TORONTO_TRE92_STU02885,TORONTO_TRE92_0068
TORONTO_TRE92_STU02886,TORONTO_TRE92_0210
TORONTO_TRE92_STU02887,TORONTO_TRE92_0218
TORONTO_TRE92_STU02888,TORONTO_TRE92_0082
TORONTO_TRE92_STU02888,TORONTO_TRE92_0083
TORONTO_TRE92_STU02888,TORONTO_TRE92_0174
TORONTO_TRE92_STU02889,TORONTO_TRE92_0094
TORONTO_TRE92_STU02889,TORONTO_TRE92_0156
TORONTO_TRE92_STU02889,TORONTO_TRE92_0157
TORONTO_TRE92_STU02890,TORONTO_TRE92_0112
TORONTO_TRE92_STU02890,TORONTO_TRE92_0117
TORONTO_TRE92_STU02891,TORONTO_TRE92_0220
TORONTO_TRE92_STU02892,TORONTO_TRE92_0080
TORONTO_TRE92_STU02892,TORONTO_TRE92_0099
TORONTO_TRE92_STU02892,TORONTO_TRE92_0216
TORONTO_TRE92_STU02892,TORONTO_TRE92_0246
TORONTO_TRE92_STU02893,TORONTO_TRE92_0095
TORONTO_TRE92_STU02893,TORONTO_TRE92_0193
TORONTO_TRE92_STU02893,TORONTO_TRE92_0215
TORONTO_TRE92_STU02894,TORONTO_TRE92_0011
TORONTO_TRE92_STU02894,TORONTO_TRE92_0168
TORONTO_TRE92_STU02894,TORONTO_TRE92_0246
TORONTO_TRE92_STU02895,TORONTO_TRE92_0103
TORONTO_TRE92_STU02895,TORONTO_TRE92_0104
TORONTO_TRE92_STU02896,TORONTO_TRE92_0028
TORONTO_TRE92_STU02896,TORONTO_TRE92_0115
TORONTO_TRE92_STU02896,TORONTO_TRE92_0116
TORONTO_TRE92_STU02896,TORONTO_TRE92_0139
TORONTO_TRE92_STU02896,TORONTO_TRE92_0140
TORONTO_TRE92_STU02897,TORONTO_TRE92_0258
TORONTO_TRE92_STU02898,TORONTO_TRE92_0124
TORONTO_TRE92_STU02898,TORONTO_TRE92_0125
TORONTO_TRE92_STU02898,TORONTO_TRE92_0127
TORONTO_TRE92_STU02899,TORONTO_TRE92_0121
TORONTO_TRE92_STU02900,TORONTO_TRE92_0188
TORONTO_TRE92_STU02901,TORONTO_TRE92_0025
TORONTO_TRE92_STU02902,TORONTO_TRE92_0025
TORONTO_TRE92_STU02903,TORONTO_TRE92_0028
TORONTO_TRE92_STU02903,TORONTO_TRE92_0184
TORONTO_TRE92_STU02904,TORONTO_TRE92_0001
TORONTO_TRE92_STU02904,TORONTO_TRE92_0003
TORONTO_TRE92_STU02904,TORONTO_TRE92_0080
TORONTO_TRE92_STU02904,TORONTO_TRE92_0193
TORONTO_TRE92_STU02905,TORONTO_TRE92_0081
TORONTO_TRE92_STU02906,TORONTO_TRE92_0120
TORONTO_TRE92_STU02907,TORONTO_TRE92_0115
TORONTO_TRE92_STU02907,TORONTO_TRE92_0215
TORONTO_TRE92_STU02908,TORONTO_TRE92_0188
TORONTO_TRE92_STU02908,TORONTO_TRE92_0215
TORONTO_TRE92_STU02908,TORONTO_TRE92_0247
TORONTO_TRE92_STU02908,TORONTO_TRE92_0249
TORONTO_TRE92_STU02909,TORONTO_TRE92_0115
TORONTO_TRE92_STU02909,TORONTO_TRE92_0139
TORONTO_TRE92_STU02909,TORONTO_TRE92_0252
TORONTO_TRE92_STU02910,TORONTO_TRE92_0192
TORONTO_TRE92_STU02910,TORONTO_TRE92_0215
TORONTO_TRE92_STU02911,TORONTO_TRE92_0095
TORONTO_TRE92_STU02911,TORONTO_TRE92_0193
TORONTO_TRE92_STU02911,TORONTO_TRE92_0214
TORONTO_TRE92_STU02911,TORONTO_TRE92_0247
TORONTO_TRE92_STU02912,TORONTO_TRE92_0101
TORONTO_TRE92_STU02912,TORONTO_TRE92_0154
TORONTO_TRE92_STU02912,TORONTO_TRE92_0201
TORONTO_TRE92_STU02912,TORONTO_TRE92_0214
TORONTO_TRE92_STU02913,TORONTO_TRE92_0028
TORONTO_TRE92_STU02913,TORONTO_TRE92_0052
TORONTO_TRE92_STU02913,TORONTO_TRE92_0053
TORONTO_TRE92_STU02913,TORONTO_TRE92_0139
TORONTO_TRE92_STU02913,TORONTO_TRE92_0174
TORONTO_TRE92_STU02914,TORONTO_TRE92_0012
TORONTO_TRE92_STU02914,TORONTO_TRE92_0153
TORONTO_TRE92_STU02914,TORONTO_TRE92_0193
TORONTO_TRE92_STU02914,TORONTO_TRE92_0201
TORONTO_TRE92_STU02914,TORONTO_TRE92_0256
TORONTO_TRE92_STU02915,TORONTO_TRE92_0050
TORONTO_TRE92_STU02915,TORONTO_TRE92_0081
TORONTO_TRE92_STU02915,TORONTO_TRE92_0115
TORONTO_TRE92_STU02916,TORONTO_TRE92_0115
TORONTO_TRE92_STU02916,TORONTO_TRE92_0188
TORONTO_TRE92_STU02916,TORONTO_TRE92_0216
TORONTO_TRE92_STU02916,TORONTO_TRE92_0220
TORONTO_TRE92_STU02917,TORONTO_TRE92_0013
TORONTO_TRE92_STU02917,TORONTO_TRE92_0154
TORONTO_TRE92_STU02917,TORONTO_TRE92_0201
TORONTO_TRE92_STU02918,TORONTO_TRE92_0129
TORONTO_TRE92_STU02918,TORONTO_TRE92_0153
TORONTO_TRE92_STU02918,TORONTO_TRE92_0188
TORONTO_TRE92_STU02918,TORONTO_TRE92_0201
TORONTO_TRE92_STU02919,TORONTO_TRE92_0214
TORONTO_TRE92_STU02920,TORONTO_TRE92_0115
TORONTO_TRE92_STU02920,TORONTO_TRE92_0139
TORONTO_TRE92_STU02920,TORONTO_TRE92_0184
TORONTO_TRE92_STU02921,TORONTO_TRE92_0234
TORONTO_TRE92_STU02922,TORONTO_TRE92_0011
TORONTO_TRE92_STU02922,TORONTO_TRE92_0115
TORONTO_TRE92_STU02922,TORONTO_TRE92_0188
TORONTO_TRE92_STU02923,TORONTO_TRE92_0027
TORONTO_TRE92_STU02923,TORONTO_TRE92_0050
TORONTO_TRE92_STU02923,TORONTO_TRE92_0215
TORONTO_TRE92_STU02923,TORONTO_TRE92_0234
TORONTO_TRE92_STU02924,TORONTO_TRE92_0115
TORONTO_TRE92_STU02924,TORONTO_TRE92_0129
TORONTO_TRE92_STU02925,TORONTO_TRE92_0050
TORONTO_TRE92_STU02925,TORONTO_TRE92_0192
TORONTO_TRE92_STU02926,TORONTO_TRE92_0082
TORONTO_TRE92_STU02926,TORONTO_TRE92_0083
TORONTO_TRE92_STU02926,TORONTO_TRE92_0084
TORONTO_TRE92_STU02926,TORONTO_TRE92_0088
TORONTO_TRE92_STU02927,TORONTO_TRE92_0154
TORONTO_TRE92_STU02928,TORONTO_TRE92_0001
TORONTO_TRE92_STU02928,TORONTO_TRE92_0072
TORONTO_TRE92_STU02928,TORONTO_TRE92_0216
TORONTO_TRE92_STU02928,TORONTO_TRE92_0230
TORONTO_TRE92_STU02928,TORONTO_TRE92_0255
TORONTO_TRE92_STU02929,TORONTO_TRE92_0203
TORONTO_TRE92_STU02929,TORONTO_TRE92_0204
TORONTO_TRE92_STU02929,TORONTO_TRE92_0219
TORONTO_TRE92_STU02929,TORONTO_TRE92_0246
TORONTO_TRE92_STU02930,TORONTO_TRE92_0095
TORONTO_TRE92_STU02930,TORONTO_TRE92_0216
TORONTO_TRE92_STU02930,TORONTO_TRE92_0221
TORONTO_TRE92_STU02931,TORONTO_TRE92_0050
TORONTO_TRE92_STU02931,TORONTO_TRE92_0115
TORONTO_TRE92_STU02931,TORONTO_TRE92_0193
TORONTO_TRE92_STU02931,TORONTO_TRE92_0201
TORONTO_TRE92_STU02932,TORONTO_TRE92_0095
TORONTO_TRE92_STU02932,TORONTO_TRE92_0192
TORONTO_TRE92_STU02932,TORONTO_TRE92_0214
TORONTO_TRE92_STU02933,TORONTO_TRE92_0011
TORONTO_TRE92_STU02933,TORONTO_TRE92_0095
TORONTO_TRE92_STU02933,TORONTO_TRE92_0154
TORONTO_TRE92_STU02933,TORONTO_TRE92_0188
TORONTO_TRE92_STU02934,TORONTO_TRE92_0011
TORONTO_TRE92_STU02934,TORONTO_TRE92_0154
TORONTO_TRE92_STU02934,TORONTO_TRE92_0192
TORONTO_TRE92_STU02934,TORONTO_TRE92_0215
TORONTO_TRE92_STU02935,TORONTO_TRE92_0080
TORONTO_TRE92_STU02935,TORONTO_TRE92_0174
TORONTO_TRE92_STU02935,TORONTO_TRE92_0175
TORONTO_TRE92_STU02935,TORONTO_TRE92_0246
TORONTO_TRE92_STU02936,TORONTO_TRE92_0139
TORONTO_TRE92_STU02936,TORONTO_TRE92_0187
TORONTO_TRE92_STU02936,TORONTO_TRE92_0188
TORONTO_TRE92_STU02936,TORONTO_TRE92_0256
TORONTO_TRE92_STU02937,TORONTO_TRE92_0050
TORONTO_TRE92_STU02937,TORONTO_TRE92_0096
TORONTO_TRE92_STU02937,TORONTO_TRE92_0193
TORONTO_TRE92_STU02937,TORONTO_TRE92_0214
TORONTO_TRE92_STU02937,TORONTO_TRE92_0246
TORONTO_TRE92_STU02938,TORONTO_TRE92_0011
TORONTO_TRE92_STU02938,TORONTO_TRE92_0050
TORONTO_TRE92_STU02938,TORONTO_TRE92_0188
TORONTO_TRE92_STU02938,TORONTO_TRE92_0215
TORONTO_TRE92_STU02938,TORONTO_TRE92_0246
TORONTO_TRE92_STU02939,TORONTO_TRE92_0028
TORONTO_TRE92_STU02939,TORONTO_TRE92_0053
TORONTO_TRE92_STU02939,TORONTO_TRE92_0115
TORONTO_TRE92_STU02939,TORONTO_TRE92_0139
TORONTO_TRE92_STU02939,TORONTO_TRE92_0184
TORONTO_TRE92_STU02940,TORONTO_TRE92_0070
TORONTO_TRE92_STU02940,TORONTO_TRE92_0095
TORONTO_TRE92_STU02940,TORONTO_TRE92_0187
TORONTO_TRE92_STU02940,TORONTO_TRE92_0214
TORONTO_TRE92_STU02941,TORONTO_TRE92_0028
TORONTO_TRE92_STU02941,TORONTO_TRE92_0052
TORONTO_TRE92_STU02941,TORONTO_TRE92_0053
TORONTO_TRE92_STU02941,TORONTO_TRE92_0174
TORONTO_TRE92_STU02941,TORONTO_TRE92_0256
TORONTO_TRE92_STU02942,TORONTO_TRE92_0011
TORONTO_TRE92_STU02942,TORONTO_TRE92_0094
TORONTO_TRE92_STU02942,TORONTO_TRE92_0256
TORONTO_TRE92_STU02943,TORONTO_TRE92_0011
TORONTO_TRE92_STU02943,TORONTO_TRE92_0153
TORONTO_TRE92_STU02943,TORONTO_TRE92_0215
TORONTO_TRE92_STU02943,TORONTO_TRE92_0234
TORONTO_TRE92_STU02943,TORONTO_TRE92_0246
TORONTO_TRE92_STU02944,TORONTO_TRE92_0096
TORONTO_TRE92_STU02944,TORONTO_TRE92_0153
TORONTO_TRE92_STU02944,TORONTO_TRE92_0174
TORONTO_TRE92_STU02944,TORONTO_TRE92_0193
TORONTO_TRE92_STU02944,TORONTO_TRE92_0215
TORONTO_TRE92_STU02945,TORONTO_TRE92_0011
TORONTO_TRE92_STU02945,TORONTO_TRE92_0096
TORONTO_TRE92_STU02945,TORONTO_TRE92_0188
TORONTO_TRE92_STU02945,TORONTO_TRE92_0214
TORONTO_TRE92_STU02945,TORONTO_TRE92_0245
TORONTO_TRE92_STU02946,TORONTO_TRE92_0094
TORONTO_TRE92_STU02946,TORONTO_TRE92_0154
TORONTO_TRE92_STU02946,TORONTO_TRE92_0192
TORONTO_TRE92_STU02946,TORONTO_TRE92_0214
TORONTO_TRE92_STU02947,TORONTO_TRE92_0028
TORONTO_TRE92_STU02947,TORONTO_TRE92_0053
TORONTO_TRE92_STU02947,TORONTO_TRE92_0139
TORONTO_TRE92_STU02947,TORONTO_TRE92_0174
TORONTO_TRE92_STU02947,TORONTO_TRE92_0233
TORONTO_TRE92_STU02948,TORONTO_TRE92_0072
TORONTO_TRE92_STU02948,TORONTO_TRE92_0096
TORONTO_TRE92_STU02948,TORONTO_TRE92_0154
TORONTO_TRE92_STU02948,TORONTO_TRE92_0215
TORONTO_TRE92_STU02948,TORONTO_TRE92_0246
TORONTO_TRE92_STU02949,TORONTO_TRE92_0011
TORONTO_TRE92_STU02949,TORONTO_TRE92_0188
TORONTO_TRE92_STU02949,TORONTO_TRE92_0234
TORONTO_TRE92_STU02949,TORONTO_TRE92_0256
TORONTO_TRE92_STU02950,TORONTO_TRE92_0095
TORONTO_TRE92_STU02950,TORONTO_TRE92_0154
TORONTO_TRE92_STU02950,TORONTO_TRE92_0215
TORONTO_TRE92_STU02950,TORONTO_TRE92_0246
TORONTO_TRE92_STU02951,TORONTO_TRE92_0050
TORONTO_TRE92_STU02951,TORONTO_TRE92_0081
TORONTO_TRE92_STU02951,TORONTO_TRE92_0115
TORONTO_TRE92_STU02951,TORONTO_TRE92_0139
TORONTO_TRE92_STU02951,TORONTO_TRE92_0193
TORONTO_TRE92_STU02952,TORONTO_TRE92_0001
TORONTO_TRE92_STU02952,TORONTO_TRE92_0011
TORONTO_TRE92_STU02952,TORONTO_TRE92_0080
TORONTO_TRE92_STU02952,TORONTO_TRE92_0192
TORONTO_TRE92_STU02952,TORONTO_TRE92_0246
TORONTO_TRE92_STU02953,TORONTO_TRE92_0072
TORONTO_TRE92_STU02953,TORONTO_TRE92_0174
TORONTO_TRE92_STU02953,TORONTO_TRE92_0175
TORONTO_TRE92_STU02953,TORONTO_TRE92_0214
TORONTO_TRE92_STU02953,TORONTO_TRE92_0246
TORONTO_TRE92_STU02954,TORONTO_TRE92_0001
TORONTO_TRE92_STU02954,TORONTO_TRE92_0080
TORONTO_TRE92_STU02954,TORONTO_TRE92_0174
TORONTO_TRE92_STU02954,TORONTO_TRE92_0192
TORONTO_TRE92_STU02954,TORONTO_TRE92_0246
TORONTO_TRE92_STU02955,TORONTO_TRE92_0011
TORONTO_TRE92_STU02955,TORONTO_TRE92_0094
TORONTO_TRE92_STU02955,TORONTO_TRE92_0188
TORONTO_TRE92_STU02955,TORONTO_TRE92_0256
TORONTO_TRE92_STU02956,TORONTO_TRE92_0011
TORONTO_TRE92_STU02956,TORONTO_TRE92_0096
TORONTO_TRE92_STU02956,TORONTO_TRE92_0129
TORONTO_TRE92_STU02956,TORONTO_TRE92_0153
TORONTO_TRE92_STU02957,TORONTO_TRE92_0072
TORONTO_TRE92_STU02957,TORONTO_TRE92_0096
TORONTO_TRE92_STU02957,TORONTO_TRE92_0120
TORONTO_TRE92_STU02957,TORONTO_TRE92_0215
TORONTO_TRE92_STU02957,TORONTO_TRE92_0246
TORONTO_TRE92_STU02958,TORONTO_TRE92_0050
TORONTO_TRE92_STU02958,TORONTO_TRE92_0153
TORONTO_TRE92_STU02958,TORONTO_TRE92_0201
TORONTO_TRE92_STU02958,TORONTO_TRE92_0245
TORONTO_TRE92_STU02959,TORONTO_TRE92_0095
TORONTO_TRE92_STU02959,TORONTO_TRE92_0188
TORONTO_TRE92_STU02959,TORONTO_TRE92_0193
TORONTO_TRE92_STU02960,TORONTO_TRE92_0120
TORONTO_TRE92_STU02960,TORONTO_TRE92_0188
TORONTO_TRE92_STU02960,TORONTO_TRE92_0192
TORONTO_TRE92_STU02960,TORONTO_TRE92_0215
TORONTO_TRE92_STU02960,TORONTO_TRE92_0246
TORONTO_TRE92_STU02961,TORONTO_TRE92_0050
TORONTO_TRE92_STU02961,TORONTO_TRE92_0081
TORONTO_TRE92_STU02961,TORONTO_TRE92_0115
TORONTO_TRE92_STU02961,TORONTO_TRE92_0256
TORONTO_TRE92_STU02962,TORONTO_TRE92_0095
TORONTO_TRE92_STU02962,TORONTO_TRE92_0193
TORONTO_TRE92_STU02962,TORONTO_TRE92_0215
TORONTO_TRE92_STU02962,TORONTO_TRE92_0246
TORONTO_TRE92_STU02963,TORONTO_TRE92_0001
TORONTO_TRE92_STU02963,TORONTO_TRE92_0081
TORONTO_TRE92_STU02963,TORONTO_TRE92_0153
TORONTO_TRE92_STU02963,TORONTO_TRE92_0193
TORONTO_TRE92_STU02963,TORONTO_TRE92_0245
TORONTO_TRE92_STU02964,TORONTO_TRE92_0120
TORONTO_TRE92_STU02964,TORONTO_TRE92_0188
TORONTO_TRE92_STU02964,TORONTO_TRE92_0192
TORONTO_TRE92_STU02964,TORONTO_TRE92_0214
TORONTO_TRE92_STU02964,TORONTO_TRE92_0246
TORONTO_TRE92_STU02965,TORONTO_TRE92_0011
TORONTO_TRE92_STU02965,TORONTO_TRE92_0028
TORONTO_TRE92_STU02965,TORONTO_TRE92_0096
TORONTO_TRE92_STU02965,TORONTO_TRE92_0154
TORONTO_TRE92_STU02965,TORONTO_TRE92_0214
TORONTO_TRE92_STU02966,TORONTO_TRE92_0011
TORONTO_TRE92_STU02966,TORONTO_TRE92_0154
TORONTO_TRE92_STU02966,TORONTO_TRE92_0188
TORONTO_TRE92_STU02966,TORONTO_TRE92_0215
TORONTO_TRE92_STU02966,TORONTO_TRE92_0245
TORONTO_TRE92_STU02967,TORONTO_TRE92_0081
TORONTO_TRE92_STU02967,TORONTO_TRE92_0154
TORONTO_TRE92_STU02967,TORONTO_TRE92_0193
TORONTO_TRE92_STU02967,TORONTO_TRE92_0201
TORONTO_TRE92_STU02968,TORONTO_TRE92_0001
TORONTO_TRE92_STU02968,TORONTO_TRE92_0050
TORONTO_TRE92_STU02968,TORONTO_TRE92_0080
TORONTO_TRE92_STU02968,TORONTO_TRE92_0081
TORONTO_TRE92_STU02968,TORONTO_TRE92_0201
TORONTO_TRE92_STU02968,TORONTO_TRE92_0215
TORONTO_TRE92_STU02969,TORONTO_TRE92_0011
TORONTO_TRE92_STU02969,TORONTO_TRE92_0050
TORONTO_TRE92_STU02969,TORONTO_TRE92_0115
TORONTO_TRE92_STU02969,TORONTO_TRE92_0201
TORONTO_TRE92_STU02970,TORONTO_TRE92_0011
TORONTO_TRE92_STU02970,TORONTO_TRE92_0028
TORONTO_TRE92_STU02970,TORONTO_TRE92_0115
TORONTO_TRE92_STU02970,TORONTO_TRE92_0184
TORONTO_TRE92_STU02971,TORONTO_TRE92_0172
TORONTO_TRE92_STU02971,TORONTO_TRE92_0214
TORONTO_TRE92_STU02972,TORONTO_TRE92_0028
TORONTO_TRE92_STU02972,TORONTO_TRE92_0115
TORONTO_TRE92_STU02972,TORONTO_TRE92_0139
TORONTO_TRE92_STU02972,TORONTO_TRE92_0192
TORONTO_TRE92_STU02973,TORONTO_TRE92_0011
TORONTO_TRE92_STU02973,TORONTO_TRE92_0121
TORONTO_TRE92_STU02973,TORONTO_TRE92_0129
TORONTO_TRE92_STU02973,TORONTO_TRE92_0154
TORONTO_TRE92_STU02973,TORONTO_TRE92_0214
TORONTO_TRE92_STU02974,TORONTO_TRE92_0011
TORONTO_TRE92_STU02974,TORONTO_TRE92_0095
TORONTO_TRE92_STU02974,TORONTO_TRE92_0154
TORONTO_TRE92_STU02974,TORONTO_TRE92_0192
TORONTO_TRE92_STU02974,TORONTO_TRE92_0214
TORONTO_TRE92_STU02975,TORONTO_TRE92_0094
TORONTO_TRE92_STU02975,TORONTO_TRE92_0154
TORONTO_TRE92_STU02975,TORONTO_TRE92_0192
TORONTO_TRE92_STU02975,TORONTO_TRE92_0215
TORONTO_TRE92_STU02975,TORONTO_TRE92_0246
TORONTO_TRE92_STU02976,TORONTO_TRE92_0011
TORONTO_TRE92_STU02976,TORONTO_TRE92_0096
TORONTO_TRE92_STU02976,TORONTO_TRE92_0154
TORONTO_TRE92_STU02976,TORONTO_TRE92_0214
TORONTO_TRE92_STU02976,TORONTO_TRE92_0246
TORONTO_TRE92_STU02977,TORONTO_TRE92_0115
TORONTO_TRE92_STU02977,TORONTO_TRE92_0139
TORONTO_TRE92_STU02977,TORONTO_TRE92_0154
TORONTO_TRE92_STU02977,TORONTO_TRE92_0188
TORONTO_TRE92_STU02977,TORONTO_TRE92_0215
TORONTO_TRE92_STU02978,TORONTO_TRE92_0052
TORONTO_TRE92_STU02978,TORONTO_TRE92_0053
TORONTO_TRE92_STU02978,TORONTO_TRE92_0174
TORONTO_TRE92_STU02978,TORONTO_TRE92_0214
TORONTO_TRE92_STU02979,TORONTO_TRE92_0095
TORONTO_TRE92_STU02979,TORONTO_TRE92_0121
TORONTO_TRE92_STU02979,TORONTO_TRE92_0192
TORONTO_TRE92_STU02979,TORONTO_TRE92_0215
TORONTO_TRE92_STU02980,TORONTO_TRE92_0011
TORONTO_TRE92_STU02980,TORONTO_TRE92_0094
TORONTO_TRE92_STU02980,TORONTO_TRE92_0154
TORONTO_TRE92_STU02980,TORONTO_TRE92_0192
TORONTO_TRE92_STU02980,TORONTO_TRE92_0201
TORONTO_TRE92_STU02981,TORONTO_TRE92_0052
TORONTO_TRE92_STU02981,TORONTO_TRE92_0053
TORONTO_TRE92_STU02981,TORONTO_TRE92_0214
TORONTO_TRE92_STU02981,TORONTO_TRE92_0233
TORONTO_TRE92_STU02982,TORONTO_TRE92_0120
TORONTO_TRE92_STU02982,TORONTO_TRE92_0154
TORONTO_TRE92_STU02982,TORONTO_TRE92_0187
TORONTO_TRE92_STU02983,TORONTO_TRE92_0011
TORONTO_TRE92_STU02983,TORONTO_TRE92_0096
TORONTO_TRE92_STU02983,TORONTO_TRE92_0154
TORONTO_TRE92_STU02983,TORONTO_TRE92_0214
TORONTO_TRE92_STU02983,TORONTO_TRE92_0246
TORONTO_TRE92_STU02984,TORONTO_TRE92_0011
TORONTO_TRE92_STU02984,TORONTO_TRE92_0080
TORONTO_TRE92_STU02984,TORONTO_TRE92_0094
TORONTO_TRE92_STU02984,TORONTO_TRE92_0154
TORONTO_TRE92_STU02984,TORONTO_TRE92_0201
TORONTO_TRE92_STU02985,TORONTO_TRE92_0094
TORONTO_TRE92_STU02985,TORONTO_TRE92_0129
TORONTO_TRE92_STU02985,TORONTO_TRE92_0154
TORONTO_TRE92_STU02985,TORONTO_TRE92_0214
TORONTO_TRE92_STU02986,TORONTO_TRE92_0028
TORONTO_TRE92_STU02986,TORONTO_TRE92_0072
TORONTO_TRE92_STU02986,TORONTO_TRE92_0096
TORONTO_TRE92_STU02986,TORONTO_TRE92_0153
TORONTO_TRE92_STU02986,TORONTO_TRE92_0214
TORONTO_TRE92_STU02987,TORONTO_TRE92_0028
TORONTO_TRE92_STU02987,TORONTO_TRE92_0053
TORONTO_TRE92_STU02987,TORONTO_TRE92_0215
TORONTO_TRE92_STU02988,TORONTO_TRE92_0028
TORONTO_TRE92_STU02988,TORONTO_TRE92_0096
TORONTO_TRE92_STU02988,TORONTO_TRE92_0115
TORONTO_TRE92_STU02988,TORONTO_TRE92_0139
TORONTO_TRE92_STU02988,TORONTO_TRE92_0184
TORONTO_TRE92_STU02989,TORONTO_TRE92_0001
TORONTO_TRE92_STU02989,TORONTO_TRE92_0050
TORONTO_TRE92_STU02989,TORONTO_TRE92_0081
TORONTO_TRE92_STU02989,TORONTO_TRE92_0193
TORONTO_TRE92_STU02989,TORONTO_TRE92_0201
TORONTO_TRE92_STU02990,TORONTO_TRE92_0011
TORONTO_TRE92_STU02990,TORONTO_TRE92_0013
TORONTO_TRE92_STU02990,TORONTO_TRE92_0050
TORONTO_TRE92_STU02990,TORONTO_TRE92_0153
TORONTO_TRE92_STU02990,TORONTO_TRE92_0188
TORONTO_TRE92_STU02991,TORONTO_TRE92_0001
TORONTO_TRE92_STU02991,TORONTO_TRE92_0072
TORONTO_TRE92_STU02991,TORONTO_TRE92_0081
TORONTO_TRE92_STU02991,TORONTO_TRE92_0193
TORONTO_TRE92_STU02991,TORONTO_TRE92_0246
TORONTO_TRE92_STU02992,TORONTO_TRE92_0050
TORONTO_TRE92_STU02992,TORONTO_TRE92_0081
TORONTO_TRE92_STU02992,TORONTO_TRE92_0153
TORONTO_TRE92_STU02992,TORONTO_TRE92_0201
TORONTO_TRE92_STU02992,TORONTO_TRE92_0214
TORONTO_TRE92_STU02993,TORONTO_TRE92_0139
TORONTO_TRE92_STU02993,TORONTO_TRE92_0153
TORONTO_TRE92_STU02993,TORONTO_TRE92_0214
TORONTO_TRE92_STU02993,TORONTO_TRE92_0246
TORONTO_TRE92_STU02994,TORONTO_TRE92_0050
TORONTO_TRE92_STU02994,TORONTO_TRE92_0095
TORONTO_TRE92_STU02994,TORONTO_TRE92_0153
TORONTO_TRE92_STU02994,TORONTO_TRE92_0188
TORONTO_TRE92_STU02994,TORONTO_TRE92_0246
TORONTO_TRE92_STU02995,TORONTO_TRE92_0094
TORONTO_TRE92_STU02995,TORONTO_TRE92_0120
TORONTO_TRE92_STU02995,TORONTO_TRE92_0214
TORONTO_TRE92_STU02995,TORONTO_TRE92_0246
TORONTO_TRE92_STU02996,TORONTO_TRE92_0011
TORONTO_TRE92_STU02996,TORONTO_TRE92_0153
TORONTO_TRE92_STU02996,TORONTO_TRE92_0188
TORONTO_TRE92_STU02996,TORONTO_TRE92_0192
TORONTO_TRE92_STU02996,TORONTO_TRE92_0256
TORONTO_TRE92_STU02997,TORONTO_TRE92_0050
TORONTO_TRE92_STU02997,TORONTO_TRE92_0072
TORONTO_TRE92_STU02997,TORONTO_TRE92_0174
TORONTO_TRE92_STU02997,TORONTO_TRE92_0175
TORONTO_TRE92_STU02997,TORONTO_TRE92_0214
TORONTO_TRE92_STU02998,TORONTO_TRE92_0011
TORONTO_TRE92_STU02998,TORONTO_TRE92_0028
TORONTO_TRE92_STU02998,TORONTO_TRE92_0081
TORONTO_TRE92_STU02998,TORONTO_TRE92_0154
TORONTO_TRE92_STU02998,TORONTO_TRE92_0215
TORONTO_TRE92_STU02999,TORONTO_TRE92_0011
TORONTO_TRE92_STU02999,TORONTO_TRE92_0095
TORONTO_TRE92_STU02999,TORONTO_TRE92_0154
TORONTO_TRE92_STU02999,TORONTO_TRE92_0187
TORONTO_TRE92_STU02999,TORONTO_TRE92_0215
TORONTO_TRE92_STU03000,TORONTO_TRE92_0028
TORONTO_TRE92_STU03000,TORONTO_TRE92_0053
TORONTO_TRE92_STU03000,TORONTO_TRE92_0115
TORONTO_TRE92_STU03000,TORONTO_TRE92_0130
TORONTO_TRE92_STU03000,TORONTO_TRE92_0154
TORONTO_TRE92_STU03001,TORONTO_TRE92_0011
TORONTO_TRE92_STU03001,TORONTO_TRE92_0050
TORONTO_TRE92_STU03001,TORONTO_TRE92_0215
TORONTO_TRE92_STU03001,TORONTO_TRE92_0245
TORONTO_TRE92_STU03002,TORONTO_TRE92_0001
TORONTO_TRE92_STU03002,TORONTO_TRE92_0081
TORONTO_TRE92_STU03002,TORONTO_TRE92_0193
TORONTO_TRE92_STU03002,TORONTO_TRE92_0246
TORONTO_TRE92_STU03003,TORONTO_TRE92_0011
TORONTO_TRE92_STU03003,TORONTO_TRE92_0028
TORONTO_TRE92_STU03003,TORONTO_TRE92_0072
TORONTO_TRE92_STU03003,TORONTO_TRE92_0184
TORONTO_TRE92_STU03004,TORONTO_TRE92_0052
TORONTO_TRE92_STU03004,TORONTO_TRE92_0053
TORONTO_TRE92_STU03004,TORONTO_TRE92_0115
TORONTO_TRE92_STU03004,TORONTO_TRE92_0174
TORONTO_TRE92_STU03005,TORONTO_TRE92_0188
TORONTO_TRE92_STU03006,TORONTO_TRE92_0050
TORONTO_TRE92_STU03006,TORONTO_TRE92_0094
TORONTO_TRE92_STU03006,TORONTO_TRE92_0201
TORONTO_TRE92_STU03006,TORONTO_TRE92_0215
TORONTO_TRE92_STU03006,TORONTO_TRE92_0246
TORONTO_TRE92_STU03007,TORONTO_TRE92_0001
TORONTO_TRE92_STU03007,TORONTO_TRE92_0081
TORONTO_TRE92_STU03007,TORONTO_TRE92_0154
TORONTO_TRE92_STU03008,TORONTO_TRE92_0038
TORONTO_TRE92_STU03008,TORONTO_TRE92_0044
TORONTO_TRE92_STU03008,TORONTO_TRE92_0072
TORONTO_TRE92_STU03008,TORONTO_TRE92_0115
TORONTO_TRE92_STU03008,TORONTO_TRE92_0184
TORONTO_TRE92_STU03009,TORONTO_TRE92_0011
TORONTO_TRE92_STU03009,TORONTO_TRE92_0028
TORONTO_TRE92_STU03009,TORONTO_TRE92_0115
TORONTO_TRE92_STU03009,TORONTO_TRE92_0188
TORONTO_TRE92_STU03009,TORONTO_TRE92_0214
TORONTO_TRE92_STU03010,TORONTO_TRE92_0011
TORONTO_TRE92_STU03010,TORONTO_TRE92_0154
TORONTO_TRE92_STU03010,TORONTO_TRE92_0215
TORONTO_TRE92_STU03010,TORONTO_TRE92_0245
TORONTO_TRE92_STU03011,TORONTO_TRE92_0121
TORONTO_TRE92_STU03011,TORONTO_TRE92_0174
TORONTO_TRE92_STU03011,TORONTO_TRE92_0175
TORONTO_TRE92_STU03011,TORONTO_TRE92_0187
TORONTO_TRE92_STU03011,TORONTO_TRE92_0215
TORONTO_TRE92_STU03012,TORONTO_TRE92_0028
TORONTO_TRE92_STU03012,TORONTO_TRE92_0053
TORONTO_TRE92_STU03012,TORONTO_TRE92_0072
TORONTO_TRE92_STU03012,TORONTO_TRE92_0173
TORONTO_TRE92_STU03012,TORONTO_TRE92_0234
TORONTO_TRE92_STU03013,TORONTO_TRE92_0094
TORONTO_TRE92_STU03013,TORONTO_TRE92_0154
TORONTO_TRE92_STU03013,TORONTO_TRE92_0246
TORONTO_TRE92_STU03014,TORONTO_TRE92_0028
TORONTO_TRE92_STU03014,TORONTO_TRE92_0053
TORONTO_TRE92_STU03014,TORONTO_TRE92_0072
TORONTO_TRE92_STU03014,TORONTO_TRE92_0115
TORONTO_TRE92_STU03014,TORONTO_TRE92_0139
TORONTO_TRE92_STU03015,TORONTO_TRE92_0115
TORONTO_TRE92_STU03015,TORONTO_TRE92_0139
TORONTO_TRE92_STU03015,TORONTO_TRE92_0153
TORONTO_TRE92_STU03015,TORONTO_TRE92_0154
TORONTO_TRE92_STU03015,TORONTO_TRE92_0215
TORONTO_TRE92_STU03016,TORONTO_TRE92_0174
TORONTO_TRE92_STU03016,TORONTO_TRE92_0175
TORONTO_TRE92_STU03016,TORONTO_TRE92_0215
TORONTO_TRE92_STU03016,TORONTO_TRE92_0245
TORONTO_TRE92_STU03017,TORONTO_TRE92_0028
TORONTO_TRE92_STU03017,TORONTO_TRE92_0053
TORONTO_TRE92_STU03017,TORONTO_TRE92_0115
TORONTO_TRE92_STU03017,TORONTO_TRE92_0139
TORONTO_TRE92_STU03017,TORONTO_TRE92_0192
TORONTO_TRE92_STU03018,TORONTO_TRE92_0011
TORONTO_TRE92_STU03018,TORONTO_TRE92_0122
TORONTO_TRE92_STU03018,TORONTO_TRE92_0154
TORONTO_TRE92_STU03018,TORONTO_TRE92_0215
TORONTO_TRE92_STU03018,TORONTO_TRE92_0246
TORONTO_TRE92_STU03019,TORONTO_TRE92_0050
TORONTO_TRE92_STU03019,TORONTO_TRE92_0154
TORONTO_TRE92_STU03019,TORONTO_TRE92_0188
TORONTO_TRE92_STU03019,TORONTO_TRE92_0201
TORONTO_TRE92_STU03019,TORONTO_TRE92_0246
TORONTO_TRE92_STU03020,TORONTO_TRE92_0001
TORONTO_TRE92_STU03020,TORONTO_TRE92_0081
TORONTO_TRE92_STU03020,TORONTO_TRE92_0173
TORONTO_TRE92_STU03020,TORONTO_TRE92_0192
TORONTO_TRE92_STU03020,TORONTO_TRE92_0246
TORONTO_TRE92_STU03021,TORONTO_TRE92_0053
TORONTO_TRE92_STU03021,TORONTO_TRE92_0072
TORONTO_TRE92_STU03021,TORONTO_TRE92_0214
TORONTO_TRE92_STU03021,TORONTO_TRE92_0246
TORONTO_TRE92_STU03022,TORONTO_TRE92_0028
TORONTO_TRE92_STU03022,TORONTO_TRE92_0053
TORONTO_TRE92_STU03022,TORONTO_TRE92_0072
TORONTO_TRE92_STU03022,TORONTO_TRE92_0174
TORONTO_TRE92_STU03022,TORONTO_TRE92_0214
TORONTO_TRE92_STU03023,TORONTO_TRE92_0072
TORONTO_TRE92_STU03023,TORONTO_TRE92_0174
TORONTO_TRE92_STU03023,TORONTO_TRE92_0175
TORONTO_TRE92_STU03023,TORONTO_TRE92_0256
TORONTO_TRE92_STU03024,TORONTO_TRE92_0052
TORONTO_TRE92_STU03024,TORONTO_TRE92_0096
TORONTO_TRE92_STU03024,TORONTO_TRE92_0174
TORONTO_TRE92_STU03024,TORONTO_TRE92_0192
TORONTO_TRE92_STU03024,TORONTO_TRE92_0233
TORONTO_TRE92_STU03025,TORONTO_TRE92_0095
TORONTO_TRE92_STU03025,TORONTO_TRE92_0121
TORONTO_TRE92_STU03025,TORONTO_TRE92_0192
TORONTO_TRE92_STU03025,TORONTO_TRE92_0215
TORONTO_TRE92_STU03026,TORONTO_TRE92_0011
TORONTO_TRE92_STU03026,TORONTO_TRE92_0050
TORONTO_TRE92_STU03026,TORONTO_TRE92_0192
TORONTO_TRE92_STU03026,TORONTO_TRE92_0246
TORONTO_TRE92_STU03027,TORONTO_TRE92_0028
TORONTO_TRE92_STU03027,TORONTO_TRE92_0115
TORONTO_TRE92_STU03027,TORONTO_TRE92_0139
TORONTO_TRE92_STU03027,TORONTO_TRE92_0214
TORONTO_TRE92_STU03028,TORONTO_TRE92_0094
TORONTO_TRE92_STU03028,TORONTO_TRE92_0122
TORONTO_TRE92_STU03028,TORONTO_TRE92_0153
TORONTO_TRE92_STU03028,TORONTO_TRE92_0172
TORONTO_TRE92_STU03028,TORONTO_TRE92_0214
TORONTO_TRE92_STU03029,TORONTO_TRE92_0050
TORONTO_TRE92_STU03029,TORONTO_TRE92_0094
TORONTO_TRE92_STU03029,TORONTO_TRE92_0130
TORONTO_TRE92_STU03029,TORONTO_TRE92_0192
TORONTO_TRE92_STU03029,TORONTO_TRE92_0214
TORONTO_TRE92_STU03030,TORONTO_TRE92_0011
TORONTO_TRE92_STU03030,TORONTO_TRE92_0050
TORONTO_TRE92_STU03030,TORONTO_TRE92_0246
TORONTO_TRE92_STU03031,TORONTO_TRE92_0028
TORONTO_TRE92_STU03031,TORONTO_TRE92_0053
TORONTO_TRE92_STU03031,TORONTO_TRE92_0115
TORONTO_TRE92_STU03031,TORONTO_TRE92_0174
TORONTO_TRE92_STU03032,TORONTO_TRE92_0028
TORONTO_TRE92_STU03032,TORONTO_TRE92_0053
TORONTO_TRE92_STU03032,TORONTO_TRE92_0072
TORONTO_TRE92_STU03032,TORONTO_TRE92_0115
TORONTO_TRE92_STU03032,TORONTO_TRE92_0184
TORONTO_TRE92_STU03033,TORONTO_TRE92_0050
TORONTO_TRE92_STU03033,TORONTO_TRE92_0188
TORONTO_TRE92_STU03033,TORONTO_TRE92_0215
TORONTO_TRE92_STU03033,TORONTO_TRE92_0246
TORONTO_TRE92_STU03034,TORONTO_TRE92_0011
TORONTO_TRE92_STU03034,TORONTO_TRE92_0094
TORONTO_TRE92_STU03034,TORONTO_TRE92_0115
TORONTO_TRE92_STU03034,TORONTO_TRE92_0192
TORONTO_TRE92_STU03035,TORONTO_TRE92_0072
TORONTO_TRE92_STU03035,TORONTO_TRE92_0139
TORONTO_TRE92_STU03035,TORONTO_TRE92_0153
TORONTO_TRE92_STU03035,TORONTO_TRE92_0188
TORONTO_TRE92_STU03036,TORONTO_TRE92_0174
TORONTO_TRE92_STU03036,TORONTO_TRE92_0175
TORONTO_TRE92_STU03036,TORONTO_TRE92_0214
TORONTO_TRE92_STU03036,TORONTO_TRE92_0235
TORONTO_TRE92_STU03037,TORONTO_TRE92_0011
TORONTO_TRE92_STU03037,TORONTO_TRE92_0115
TORONTO_TRE92_STU03037,TORONTO_TRE92_0139
TORONTO_TRE92_STU03037,TORONTO_TRE92_0153
TORONTO_TRE92_STU03037,TORONTO_TRE92_0184
TORONTO_TRE92_STU03038,TORONTO_TRE92_0001
TORONTO_TRE92_STU03038,TORONTO_TRE92_0072
TORONTO_TRE92_STU03038,TORONTO_TRE92_0080
TORONTO_TRE92_STU03038,TORONTO_TRE92_0192
TORONTO_TRE92_STU03038,TORONTO_TRE92_0201
TORONTO_TRE92_STU03039,TORONTO_TRE92_0115
TORONTO_TRE92_STU03039,TORONTO_TRE92_0139
TORONTO_TRE92_STU03039,TORONTO_TRE92_0214
TORONTO_TRE92_STU03039,TORONTO_TRE92_0246
TORONTO_TRE92_STU03040,TORONTO_TRE92_0154
TORONTO_TRE92_STU03040,TORONTO_TRE92_0193
TORONTO_TRE92_STU03040,TORONTO_TRE92_0201
TORONTO_TRE92_STU03040,TORONTO_TRE92_0215
TORONTO_TRE92_STU03041,TORONTO_TRE92_0001
TORONTO_TRE92_STU03041,TORONTO_TRE92_0080
TORONTO_TRE92_STU03041,TORONTO_TRE92_0120
TORONTO_TRE92_STU03041,TORONTO_TRE92_0154
TORONTO_TRE92_STU03041,TORONTO_TRE92_0201
TORONTO_TRE92_STU03042,TORONTO_TRE92_0094
TORONTO_TRE92_STU03042,TORONTO_TRE92_0120
TORONTO_TRE92_STU03042,TORONTO_TRE92_0174
TORONTO_TRE92_STU03042,TORONTO_TRE92_0175
TORONTO_TRE92_STU03042,TORONTO_TRE92_0215
TORONTO_TRE92_STU03043,TORONTO_TRE92_0011
TORONTO_TRE92_STU03043,TORONTO_TRE92_0215
TORONTO_TRE92_STU03044,TORONTO_TRE92_0028
TORONTO_TRE92_STU03044,TORONTO_TRE92_0053
TORONTO_TRE92_STU03044,TORONTO_TRE92_0094
TORONTO_TRE92_STU03045,TORONTO_TRE92_0070
TORONTO_TRE92_STU03045,TORONTO_TRE92_0121
TORONTO_TRE92_STU03045,TORONTO_TRE92_0187
TORONTO_TRE92_STU03045,TORONTO_TRE92_0192
TORONTO_TRE92_STU03046,TORONTO_TRE92_0001
TORONTO_TRE92_STU03046,TORONTO_TRE92_0072
TORONTO_TRE92_STU03046,TORONTO_TRE92_0080
TORONTO_TRE92_STU03046,TORONTO_TRE92_0173
TORONTO_TRE92_STU03046,TORONTO_TRE92_0201
TORONTO_TRE92_STU03047,TORONTO_TRE92_0028
TORONTO_TRE92_STU03047,TORONTO_TRE92_0053
TORONTO_TRE92_STU03047,TORONTO_TRE92_0072
TORONTO_TRE92_STU03047,TORONTO_TRE92_0096
TORONTO_TRE92_STU03047,TORONTO_TRE92_0115
TORONTO_TRE92_STU03048,TORONTO_TRE92_0011
TORONTO_TRE92_STU03048,TORONTO_TRE92_0115
TORONTO_TRE92_STU03048,TORONTO_TRE92_0139
TORONTO_TRE92_STU03048,TORONTO_TRE92_0142
TORONTO_TRE92_STU03048,TORONTO_TRE92_0234
TORONTO_TRE92_STU03049,TORONTO_TRE92_0053
TORONTO_TRE92_STU03049,TORONTO_TRE92_0115
TORONTO_TRE92_STU03049,TORONTO_TRE92_0139
TORONTO_TRE92_STU03049,TORONTO_TRE92_0193
TORONTO_TRE92_STU03049,TORONTO_TRE92_0215
TORONTO_TRE92_STU03050,TORONTO_TRE92_0072
TORONTO_TRE92_STU03050,TORONTO_TRE92_0153
TORONTO_TRE92_STU03050,TORONTO_TRE92_0174
TORONTO_TRE92_STU03050,TORONTO_TRE92_0175
TORONTO_TRE92_STU03050,TORONTO_TRE92_0235
TORONTO_TRE92_STU03051,TORONTO_TRE92_0095
TORONTO_TRE92_STU03051,TORONTO_TRE92_0153
TORONTO_TRE92_STU03051,TORONTO_TRE92_0214
TORONTO_TRE92_STU03051,TORONTO_TRE92_0234
TORONTO_TRE92_STU03052,TORONTO_TRE92_0011
TORONTO_TRE92_STU03052,TORONTO_TRE92_0050
TORONTO_TRE92_STU03052,TORONTO_TRE92_0115
TORONTO_TRE92_STU03052,TORONTO_TRE92_0139
TORONTO_TRE92_STU03052,TORONTO_TRE92_0154
TORONTO_TRE92_STU03053,TORONTO_TRE92_0011
TORONTO_TRE92_STU03053,TORONTO_TRE92_0115
TORONTO_TRE92_STU03053,TORONTO_TRE92_0139
TORONTO_TRE92_STU03053,TORONTO_TRE92_0192
TORONTO_TRE92_STU03053,TORONTO_TRE92_0214
TORONTO_TRE92_STU03054,TORONTO_TRE92_0072
TORONTO_TRE92_STU03054,TORONTO_TRE92_0096
TORONTO_TRE92_STU03054,TORONTO_TRE92_0154
TORONTO_TRE92_STU03054,TORONTO_TRE92_0214
TORONTO_TRE92_STU03055,TORONTO_TRE92_0011
TORONTO_TRE92_STU03055,TORONTO_TRE92_0094
TORONTO_TRE92_STU03055,TORONTO_TRE92_0192
TORONTO_TRE92_STU03055,TORONTO_TRE92_0214
TORONTO_TRE92_STU03055,TORONTO_TRE92_0246
TORONTO_TRE92_STU03056,TORONTO_TRE92_0011
TORONTO_TRE92_STU03056,TORONTO_TRE92_0028
TORONTO_TRE92_STU03056,TORONTO_TRE92_0115
TORONTO_TRE92_STU03056,TORONTO_TRE92_0139
TORONTO_TRE92_STU03057,TORONTO_TRE92_0053
TORONTO_TRE92_STU03057,TORONTO_TRE92_0081
TORONTO_TRE92_STU03057,TORONTO_TRE92_0115
TORONTO_TRE92_STU03057,TORONTO_TRE92_0139
TORONTO_TRE92_STU03057,TORONTO_TRE92_0234
TORONTO_TRE92_STU03058,TORONTO_TRE92_0028
TORONTO_TRE92_STU03058,TORONTO_TRE92_0053
TORONTO_TRE92_STU03058,TORONTO_TRE92_0115
TORONTO_TRE92_STU03058,TORONTO_TRE92_0139
TORONTO_TRE92_STU03058,TORONTO_TRE92_0188
TORONTO_TRE92_STU03059,TORONTO_TRE92_0072
TORONTO_TRE92_STU03059,TORONTO_TRE92_0115
TORONTO_TRE92_STU03059,TORONTO_TRE92_0139
TORONTO_TRE92_STU03059,TORONTO_TRE92_0172
TORONTO_TRE92_STU03059,TORONTO_TRE92_0215
TORONTO_TRE92_STU03060,TORONTO_TRE92_0011
TORONTO_TRE92_STU03060,TORONTO_TRE92_0154
TORONTO_TRE92_STU03060,TORONTO_TRE92_0201
TORONTO_TRE92_STU03060,TORONTO_TRE92_0215
TORONTO_TRE92_STU03060,TORONTO_TRE92_0246
TORONTO_TRE92_STU03061,TORONTO_TRE92_0095
TORONTO_TRE92_STU03061,TORONTO_TRE92_0115
TORONTO_TRE92_STU03061,TORONTO_TRE92_0153
TORONTO_TRE92_STU03061,TORONTO_TRE92_0214
TORONTO_TRE92_STU03062,TORONTO_TRE92_0072
TORONTO_TRE92_STU03062,TORONTO_TRE92_0115
TORONTO_TRE92_STU03062,TORONTO_TRE92_0154
TORONTO_TRE92_STU03062,TORONTO_TRE92_0246
TORONTO_TRE92_STU03063,TORONTO_TRE92_0011
TORONTO_TRE92_STU03063,TORONTO_TRE92_0188
TORONTO_TRE92_STU03063,TORONTO_TRE92_0193
TORONTO_TRE92_STU03063,TORONTO_TRE92_0256
TORONTO_TRE92_STU03064,TORONTO_TRE92_0028
TORONTO_TRE92_STU03064,TORONTO_TRE92_0053
TORONTO_TRE92_STU03064,TORONTO_TRE92_0072
TORONTO_TRE92_STU03064,TORONTO_TRE92_0174
TORONTO_TRE92_STU03064,TORONTO_TRE92_0214
TORONTO_TRE92_STU03065,TORONTO_TRE92_0072
TORONTO_TRE92_STU03065,TORONTO_TRE92_0080
TORONTO_TRE92_STU03065,TORONTO_TRE92_0095
TORONTO_TRE92_STU03065,TORONTO_TRE92_0193
TORONTO_TRE92_STU03065,TORONTO_TRE92_0214
TORONTO_TRE92_STU03066,TORONTO_TRE92_0011
TORONTO_TRE92_STU03066,TORONTO_TRE92_0096
TORONTO_TRE92_STU03066,TORONTO_TRE92_0154
TORONTO_TRE92_STU03066,TORONTO_TRE92_0192
TORONTO_TRE92_STU03066,TORONTO_TRE92_0214
TORONTO_TRE92_STU03067,TORONTO_TRE92_0096
TORONTO_TRE92_STU03067,TORONTO_TRE92_0154
TORONTO_TRE92_STU03067,TORONTO_TRE92_0214
TORONTO_TRE92_STU03067,TORONTO_TRE92_0246
TORONTO_TRE92_STU03068,TORONTO_TRE92_0011
TORONTO_TRE92_STU03068,TORONTO_TRE92_0050
TORONTO_TRE92_STU03068,TORONTO_TRE92_0193
TORONTO_TRE92_STU03068,TORONTO_TRE92_0214
TORONTO_TRE92_STU03068,TORONTO_TRE92_0246
TORONTO_TRE92_STU03069,TORONTO_TRE92_0115
TORONTO_TRE92_STU03069,TORONTO_TRE92_0120
TORONTO_TRE92_STU03069,TORONTO_TRE92_0139
TORONTO_TRE92_STU03069,TORONTO_TRE92_0154
TORONTO_TRE92_STU03069,TORONTO_TRE92_0193
TORONTO_TRE92_STU03070,TORONTO_TRE92_0028
TORONTO_TRE92_STU03070,TORONTO_TRE92_0052
TORONTO_TRE92_STU03070,TORONTO_TRE92_0115
TORONTO_TRE92_STU03070,TORONTO_TRE92_0139
TORONTO_TRE92_STU03070,TORONTO_TRE92_0193
TORONTO_TRE92_STU03071,TORONTO_TRE92_0096
TORONTO_TRE92_STU03071,TORONTO_TRE92_0193
TORONTO_TRE92_STU03071,TORONTO_TRE92_0214
TORONTO_TRE92_STU03071,TORONTO_TRE92_0246
TORONTO_TRE92_STU03071,TORONTO_TRE92_0256
TORONTO_TRE92_STU03072,TORONTO_TRE92_0028
TORONTO_TRE92_STU03072,TORONTO_TRE92_0052
TORONTO_TRE92_STU03072,TORONTO_TRE92_0053
TORONTO_TRE92_STU03072,TORONTO_TRE92_0174
TORONTO_TRE92_STU03072,TORONTO_TRE92_0215
TORONTO_TRE92_STU03073,TORONTO_TRE92_0011
TORONTO_TRE92_STU03073,TORONTO_TRE92_0121
TORONTO_TRE92_STU03073,TORONTO_TRE92_0174
TORONTO_TRE92_STU03073,TORONTO_TRE92_0215
TORONTO_TRE92_STU03074,TORONTO_TRE92_0011
TORONTO_TRE92_STU03074,TORONTO_TRE92_0050
TORONTO_TRE92_STU03074,TORONTO_TRE92_0094
TORONTO_TRE92_STU03074,TORONTO_TRE92_0256
TORONTO_TRE92_STU03075,TORONTO_TRE92_0028
TORONTO_TRE92_STU03075,TORONTO_TRE92_0053
TORONTO_TRE92_STU03075,TORONTO_TRE92_0072
TORONTO_TRE92_STU03075,TORONTO_TRE92_0115
TORONTO_TRE92_STU03075,TORONTO_TRE92_0214
TORONTO_TRE92_STU03076,TORONTO_TRE92_0011
TORONTO_TRE92_STU03076,TORONTO_TRE92_0094
TORONTO_TRE92_STU03076,TORONTO_TRE92_0154
TORONTO_TRE92_STU03076,TORONTO_TRE92_0188
TORONTO_TRE92_STU03076,TORONTO_TRE92_0256
TORONTO_TRE92_STU03077,TORONTO_TRE92_0094
TORONTO_TRE92_STU03077,TORONTO_TRE92_0153
TORONTO_TRE92_STU03077,TORONTO_TRE92_0188
TORONTO_TRE92_STU03077,TORONTO_TRE92_0192
TORONTO_TRE92_STU03077,TORONTO_TRE92_0214
TORONTO_TRE92_STU03078,TORONTO_TRE92_0050
TORONTO_TRE92_STU03078,TORONTO_TRE92_0094
TORONTO_TRE92_STU03078,TORONTO_TRE92_0192
TORONTO_TRE92_STU03078,TORONTO_TRE92_0214
TORONTO_TRE92_STU03078,TORONTO_TRE92_0246
TORONTO_TRE92_STU03079,TORONTO_TRE92_0028
TORONTO_TRE92_STU03079,TORONTO_TRE92_0053
TORONTO_TRE92_STU03079,TORONTO_TRE92_0094
TORONTO_TRE92_STU03079,TORONTO_TRE92_0188
TORONTO_TRE92_STU03079,TORONTO_TRE92_0214
TORONTO_TRE92_STU03080,TORONTO_TRE92_0011
TORONTO_TRE92_STU03080,TORONTO_TRE92_0050
TORONTO_TRE92_STU03080,TORONTO_TRE92_0094
TORONTO_TRE92_STU03080,TORONTO_TRE92_0154
TORONTO_TRE92_STU03081,TORONTO_TRE92_0188
TORONTO_TRE92_STU03081,TORONTO_TRE92_0246
TORONTO_TRE92_STU03082,TORONTO_TRE92_0001
TORONTO_TRE92_STU03082,TORONTO_TRE92_0072
TORONTO_TRE92_STU03082,TORONTO_TRE92_0081
TORONTO_TRE92_STU03082,TORONTO_TRE92_0173
TORONTO_TRE92_STU03082,TORONTO_TRE92_0246
TORONTO_TRE92_STU03083,TORONTO_TRE92_0072
TORONTO_TRE92_STU03083,TORONTO_TRE92_0154
TORONTO_TRE92_STU03083,TORONTO_TRE92_0192
TORONTO_TRE92_STU03083,TORONTO_TRE92_0215
TORONTO_TRE92_STU03083,TORONTO_TRE92_0246
TORONTO_TRE92_STU03084,TORONTO_TRE92_0072
TORONTO_TRE92_STU03084,TORONTO_TRE92_0154
TORONTO_TRE92_STU03084,TORONTO_TRE92_0215
TORONTO_TRE92_STU03084,TORONTO_TRE92_0246
TORONTO_TRE92_STU03085,TORONTO_TRE92_0096
TORONTO_TRE92_STU03085,TORONTO_TRE92_0173
TORONTO_TRE92_STU03085,TORONTO_TRE92_0193
TORONTO_TRE92_STU03086,TORONTO_TRE92_0011
TORONTO_TRE92_STU03086,TORONTO_TRE92_0072
TORONTO_TRE92_STU03086,TORONTO_TRE92_0174
TORONTO_TRE92_STU03086,TORONTO_TRE92_0214
TORONTO_TRE92_STU03087,TORONTO_TRE92_0028
TORONTO_TRE92_STU03087,TORONTO_TRE92_0053
TORONTO_TRE92_STU03087,TORONTO_TRE92_0139
TORONTO_TRE92_STU03087,TORONTO_TRE92_0174
TORONTO_TRE92_STU03087,TORONTO_TRE92_0233
TORONTO_TRE92_STU03088,TORONTO_TRE92_0028
TORONTO_TRE92_STU03088,TORONTO_TRE92_0053
TORONTO_TRE92_STU03088,TORONTO_TRE92_0115
TORONTO_TRE92_STU03088,TORONTO_TRE92_0188
TORONTO_TRE92_STU03089,TORONTO_TRE92_0011
TORONTO_TRE92_STU03089,TORONTO_TRE92_0154
TORONTO_TRE92_STU03089,TORONTO_TRE92_0188
TORONTO_TRE92_STU03089,TORONTO_TRE92_0192
TORONTO_TRE92_STU03090,TORONTO_TRE92_0011
TORONTO_TRE92_STU03090,TORONTO_TRE92_0050
TORONTO_TRE92_STU03090,TORONTO_TRE92_0139
TORONTO_TRE92_STU03090,TORONTO_TRE92_0154
TORONTO_TRE92_STU03090,TORONTO_TRE92_0201
TORONTO_TRE92_STU03091,TORONTO_TRE92_0011
TORONTO_TRE92_STU03091,TORONTO_TRE92_0028
TORONTO_TRE92_STU03091,TORONTO_TRE92_0053
TORONTO_TRE92_STU03091,TORONTO_TRE92_0173
TORONTO_TRE92_STU03091,TORONTO_TRE92_0215
TORONTO_TRE92_STU03092,TORONTO_TRE92_0028
TORONTO_TRE92_STU03092,TORONTO_TRE92_0115
TORONTO_TRE92_STU03092,TORONTO_TRE92_0139
TORONTO_TRE92_STU03092,TORONTO_TRE92_0188
TORONTO_TRE92_STU03093,TORONTO_TRE92_0011
TORONTO_TRE92_STU03093,TORONTO_TRE92_0153
TORONTO_TRE92_STU03093,TORONTO_TRE92_0188
TORONTO_TRE92_STU03093,TORONTO_TRE92_0214
TORONTO_TRE92_STU03093,TORONTO_TRE92_0246
TORONTO_TRE92_STU03094,TORONTO_TRE92_0011
TORONTO_TRE92_STU03094,TORONTO_TRE92_0050
TORONTO_TRE92_STU03094,TORONTO_TRE92_0192
TORONTO_TRE92_STU03094,TORONTO_TRE92_0256
TORONTO_TRE92_STU03095,TORONTO_TRE92_0050
TORONTO_TRE92_STU03095,TORONTO_TRE92_0072
TORONTO_TRE92_STU03095,TORONTO_TRE92_0096
TORONTO_TRE92_STU03095,TORONTO_TRE92_0192
TORONTO_TRE92_STU03095,TORONTO_TRE92_0214
TORONTO_TRE92_STU03096,TORONTO_TRE92_0028
TORONTO_TRE92_STU03096,TORONTO_TRE92_0115
TORONTO_TRE92_STU03096,TORONTO_TRE92_0139
TORONTO_TRE92_STU03096,TORONTO_TRE92_0215
TORONTO_TRE92_STU03097,TORONTO_TRE92_0070
TORONTO_TRE92_STU03097,TORONTO_TRE92_0096
TORONTO_TRE92_STU03097,TORONTO_TRE92_0154
TORONTO_TRE92_STU03097,TORONTO_TRE92_0188
TORONTO_TRE92_STU03097,TORONTO_TRE92_0192
TORONTO_TRE92_STU03098,TORONTO_TRE92_0053
TORONTO_TRE92_STU03098,TORONTO_TRE92_0072
TORONTO_TRE92_STU03098,TORONTO_TRE92_0184
TORONTO_TRE92_STU03098,TORONTO_TRE92_0215
TORONTO_TRE92_STU03099,TORONTO_TRE92_0028
TORONTO_TRE92_STU03099,TORONTO_TRE92_0053
TORONTO_TRE92_STU03099,TORONTO_TRE92_0095
TORONTO_TRE92_STU03099,TORONTO_TRE92_0214
TORONTO_TRE92_STU03099,TORONTO_TRE92_0234
TORONTO_TRE92_STU03100,TORONTO_TRE92_0094
TORONTO_TRE92_STU03100,TORONTO_TRE92_0154
TORONTO_TRE92_STU03100,TORONTO_TRE92_0193
TORONTO_TRE92_STU03100,TORONTO_TRE92_0201
TORONTO_TRE92_STU03101,TORONTO_TRE92_0129
TORONTO_TRE92_STU03101,TORONTO_TRE92_0188
TORONTO_TRE92_STU03101,TORONTO_TRE92_0192
TORONTO_TRE92_STU03101,TORONTO_TRE92_0215
TORONTO_TRE92_STU03101,TORONTO_TRE92_0246
TORONTO_TRE92_STU03102,TORONTO_TRE92_0050
TORONTO_TRE92_STU03102,TORONTO_TRE92_0094
TORONTO_TRE92_STU03102,TORONTO_TRE92_0115
TORONTO_TRE92_STU03102,TORONTO_TRE92_0153
TORONTO_TRE92_STU03102,TORONTO_TRE92_0214
TORONTO_TRE92_STU03103,TORONTO_TRE92_0072
TORONTO_TRE92_STU03103,TORONTO_TRE92_0188
TORONTO_TRE92_STU03103,TORONTO_TRE92_0192
TORONTO_TRE92_STU03103,TORONTO_TRE92_0256
TORONTO_TRE92_STU03104,TORONTO_TRE92_0027
TORONTO_TRE92_STU03104,TORONTO_TRE92_0115
TORONTO_TRE92_STU03104,TORONTO_TRE92_0139
TORONTO_TRE92_STU03104,TORONTO_TRE92_0215
TORONTO_TRE92_STU03104,TORONTO_TRE92_0246
TORONTO_TRE92_STU03105,TORONTO_TRE92_0154
TORONTO_TRE92_STU03105,TORONTO_TRE92_0201
TORONTO_TRE92_STU03106,TORONTO_TRE92_0028
TORONTO_TRE92_STU03106,TORONTO_TRE92_0052
TORONTO_TRE92_STU03106,TORONTO_TRE92_0053
TORONTO_TRE92_STU03106,TORONTO_TRE92_0174
TORONTO_TRE92_STU03106,TORONTO_TRE92_0214
TORONTO_TRE92_STU03107,TORONTO_TRE92_0028
TORONTO_TRE92_STU03107,TORONTO_TRE92_0053
TORONTO_TRE92_STU03107,TORONTO_TRE92_0094
TORONTO_TRE92_STU03107,TORONTO_TRE92_0139
TORONTO_TRE92_STU03107,TORONTO_TRE92_0215
TORONTO_TRE92_STU03108,TORONTO_TRE92_0028
TORONTO_TRE92_STU03108,TORONTO_TRE92_0053
TORONTO_TRE92_STU03108,TORONTO_TRE92_0072
TORONTO_TRE92_STU03108,TORONTO_TRE92_0173
TORONTO_TRE92_STU03109,TORONTO_TRE92_0028
TORONTO_TRE92_STU03109,TORONTO_TRE92_0096
TORONTO_TRE92_STU03109,TORONTO_TRE92_0154
TORONTO_TRE92_STU03109,TORONTO_TRE92_0214
TORONTO_TRE92_STU03109,TORONTO_TRE92_0246
TORONTO_TRE92_STU03110,TORONTO_TRE92_0011
TORONTO_TRE92_STU03110,TORONTO_TRE92_0096
TORONTO_TRE92_STU03110,TORONTO_TRE92_0153
TORONTO_TRE92_STU03110,TORONTO_TRE92_0215
TORONTO_TRE92_STU03110,TORONTO_TRE92_0246
TORONTO_TRE92_STU03111,TORONTO_TRE92_0027
TORONTO_TRE92_STU03111,TORONTO_TRE92_0050
TORONTO_TRE92_STU03111,TORONTO_TRE92_0115
TORONTO_TRE92_STU03111,TORONTO_TRE92_0188
TORONTO_TRE92_STU03111,TORONTO_TRE92_0246
TORONTO_TRE92_STU03112,TORONTO_TRE92_0011
TORONTO_TRE92_STU03112,TORONTO_TRE92_0188
TORONTO_TRE92_STU03112,TORONTO_TRE92_0192
TORONTO_TRE92_STU03112,TORONTO_TRE92_0246
TORONTO_TRE92_STU03113,TORONTO_TRE92_0096
TORONTO_TRE92_STU03113,TORONTO_TRE92_0192
TORONTO_TRE92_STU03113,TORONTO_TRE92_0214
TORONTO_TRE92_STU03113,TORONTO_TRE92_0246
TORONTO_TRE92_STU03113,TORONTO_TRE92_0256
TORONTO_TRE92_STU03114,TORONTO_TRE92_0011
TORONTO_TRE92_STU03114,TORONTO_TRE92_0027
TORONTO_TRE92_STU03114,TORONTO_TRE92_0096
TORONTO_TRE92_STU03114,TORONTO_TRE92_0115
TORONTO_TRE92_STU03114,TORONTO_TRE92_0139
TORONTO_TRE92_STU03115,TORONTO_TRE92_0011
TORONTO_TRE92_STU03115,TORONTO_TRE92_0115
TORONTO_TRE92_STU03115,TORONTO_TRE92_0188
TORONTO_TRE92_STU03115,TORONTO_TRE92_0214
TORONTO_TRE92_STU03115,TORONTO_TRE92_0246
TORONTO_TRE92_STU03116,TORONTO_TRE92_0011
TORONTO_TRE92_STU03116,TORONTO_TRE92_0050
TORONTO_TRE92_STU03116,TORONTO_TRE92_0115
TORONTO_TRE92_STU03116,TORONTO_TRE92_0139
TORONTO_TRE92_STU03116,TORONTO_TRE92_0246
TORONTO_TRE92_STU03117,TORONTO_TRE92_0072
TORONTO_TRE92_STU03117,TORONTO_TRE92_0174
TORONTO_TRE92_STU03117,TORONTO_TRE92_0175
TORONTO_TRE92_STU03117,TORONTO_TRE92_0215
TORONTO_TRE92_STU03117,TORONTO_TRE92_0246
TORONTO_TRE92_STU03118,TORONTO_TRE92_0095
TORONTO_TRE92_STU03118,TORONTO_TRE92_0188
TORONTO_TRE92_STU03118,TORONTO_TRE92_0192
TORONTO_TRE92_STU03118,TORONTO_TRE92_0214
TORONTO_TRE92_STU03119,TORONTO_TRE92_0120
TORONTO_TRE92_STU03119,TORONTO_TRE92_0139
TORONTO_TRE92_STU03119,TORONTO_TRE92_0215
TORONTO_TRE92_STU03120,TORONTO_TRE92_0028
TORONTO_TRE92_STU03120,TORONTO_TRE92_0174
TORONTO_TRE92_STU03120,TORONTO_TRE92_0175
TORONTO_TRE92_STU03120,TORONTO_TRE92_0215
TORONTO_TRE92_STU03120,TORONTO_TRE92_0234
TORONTO_TRE92_STU03121,TORONTO_TRE92_0028
TORONTO_TRE92_STU03121,TORONTO_TRE92_0081
TORONTO_TRE92_STU03121,TORONTO_TRE92_0139
TORONTO_TRE92_STU03121,TORONTO_TRE92_0215
TORONTO_TRE92_STU03121,TORONTO_TRE92_0246
TORONTO_TRE92_STU03122,TORONTO_TRE92_0096
TORONTO_TRE92_STU03122,TORONTO_TRE92_0115
TORONTO_TRE92_STU03122,TORONTO_TRE92_0139
TORONTO_TRE92_STU03122,TORONTO_TRE92_0153
TORONTO_TRE92_STU03122,TORONTO_TRE92_0215
TORONTO_TRE92_STU03123,TORONTO_TRE92_0028
TORONTO_TRE92_STU03123,TORONTO_TRE92_0053
TORONTO_TRE92_STU03123,TORONTO_TRE92_0115
TORONTO_TRE92_STU03123,TORONTO_TRE92_0184
TORONTO_TRE92_STU03124,TORONTO_TRE92_0072
TORONTO_TRE92_STU03124,TORONTO_TRE92_0081
TORONTO_TRE92_STU03124,TORONTO_TRE92_0174
TORONTO_TRE92_STU03124,TORONTO_TRE92_0175
TORONTO_TRE92_STU03124,TORONTO_TRE92_0215
TORONTO_TRE92_STU03125,TORONTO_TRE92_0028
TORONTO_TRE92_STU03125,TORONTO_TRE92_0174
TORONTO_TRE92_STU03125,TORONTO_TRE92_0215
TORONTO_TRE92_STU03125,TORONTO_TRE92_0233
TORONTO_TRE92_STU03125,TORONTO_TRE92_0235
TORONTO_TRE92_STU03126,TORONTO_TRE92_0028
TORONTO_TRE92_STU03126,TORONTO_TRE92_0072
TORONTO_TRE92_STU03126,TORONTO_TRE92_0096
TORONTO_TRE92_STU03126,TORONTO_TRE92_0215
TORONTO_TRE92_STU03126,TORONTO_TRE92_0245
TORONTO_TRE92_STU03127,TORONTO_TRE92_0011
TORONTO_TRE92_STU03127,TORONTO_TRE92_0072
TORONTO_TRE92_STU03127,TORONTO_TRE92_0121
TORONTO_TRE92_STU03127,TORONTO_TRE92_0188
TORONTO_TRE92_STU03127,TORONTO_TRE92_0215
TORONTO_TRE92_STU03128,TORONTO_TRE92_0096
TORONTO_TRE92_STU03128,TORONTO_TRE92_0192
TORONTO_TRE92_STU03128,TORONTO_TRE92_0215
TORONTO_TRE92_STU03128,TORONTO_TRE92_0246
TORONTO_TRE92_STU03129,TORONTO_TRE92_0174
TORONTO_TRE92_STU03129,TORONTO_TRE92_0175
TORONTO_TRE92_STU03129,TORONTO_TRE92_0215
TORONTO_TRE92_STU03129,TORONTO_TRE92_0245
TORONTO_TRE92_STU03130,TORONTO_TRE92_0094
TORONTO_TRE92_STU03130,TORONTO_TRE92_0139
TORONTO_TRE92_STU03130,TORONTO_TRE92_0187
TORONTO_TRE92_STU03130,TORONTO_TRE92_0214
TORONTO_TRE92_STU03130,TORONTO_TRE92_0256
TORONTO_TRE92_STU03131,TORONTO_TRE92_0096
TORONTO_TRE92_STU03131,TORONTO_TRE92_0154
TORONTO_TRE92_STU03131,TORONTO_TRE92_0201
TORONTO_TRE92_STU03131,TORONTO_TRE92_0215
TORONTO_TRE92_STU03132,TORONTO_TRE92_0001
TORONTO_TRE92_STU03132,TORONTO_TRE92_0080
TORONTO_TRE92_STU03132,TORONTO_TRE92_0153
TORONTO_TRE92_STU03132,TORONTO_TRE92_0173
TORONTO_TRE92_STU03132,TORONTO_TRE92_0246
TORONTO_TRE92_STU03133,TORONTO_TRE92_0001
TORONTO_TRE92_STU03133,TORONTO_TRE92_0080
TORONTO_TRE92_STU03133,TORONTO_TRE92_0153
TORONTO_TRE92_STU03133,TORONTO_TRE92_0173
TORONTO_TRE92_STU03133,TORONTO_TRE92_0245
TORONTO_TRE92_STU03134,TORONTO_TRE92_0121
TORONTO_TRE92_STU03134,TORONTO_TRE92_0174
TORONTO_TRE92_STU03134,TORONTO_TRE92_0175
TORONTO_TRE92_STU03134,TORONTO_TRE92_0215
TORONTO_TRE92_STU03134,TORONTO_TRE92_0235
TORONTO_TRE92_STU03135,TORONTO_TRE92_0050
TORONTO_TRE92_STU03135,TORONTO_TRE92_0115
TORONTO_TRE92_STU03135,TORONTO_TRE92_0154
TORONTO_TRE92_STU03135,TORONTO_TRE92_0215
TORONTO_TRE92_STU03135,TORONTO_TRE92_0246
TORONTO_TRE92_STU03136,TORONTO_TRE92_0011
TORONTO_TRE92_STU03136,TORONTO_TRE92_0094
TORONTO_TRE92_STU03136,TORONTO_TRE92_0214
TORONTO_TRE92_STU03137,TORONTO_TRE92_0096
TORONTO_TRE92_STU03137,TORONTO_TRE92_0120
TORONTO_TRE92_STU03137,TORONTO_TRE92_0154
TORONTO_TRE92_STU03137,TORONTO_TRE92_0214
TORONTO_TRE92_STU03138,TORONTO_TRE92_0096
TORONTO_TRE92_STU03138,TORONTO_TRE92_0115
TORONTO_TRE92_STU03138,TORONTO_TRE92_0122
TORONTO_TRE92_STU03138,TORONTO_TRE92_0193
TORONTO_TRE92_STU03138,TORONTO_TRE92_0214
TORONTO_TRE92_STU03139,TORONTO_TRE92_0001
TORONTO_TRE92_STU03139,TORONTO_TRE92_0081
TORONTO_TRE92_STU03139,TORONTO_TRE92_0173
TORONTO_TRE92_STU03139,TORONTO_TRE92_0215
TORONTO_TRE92_STU03139,TORONTO_TRE92_0246
TORONTO_TRE92_STU03140,TORONTO_TRE92_0011
TORONTO_TRE92_STU03140,TORONTO_TRE92_0115
TORONTO_TRE92_STU03140,TORONTO_TRE92_0139
TORONTO_TRE92_STU03141,TORONTO_TRE92_0094
TORONTO_TRE92_STU03141,TORONTO_TRE92_0122
TORONTO_TRE92_STU03141,TORONTO_TRE92_0129
TORONTO_TRE92_STU03141,TORONTO_TRE92_0154
TORONTO_TRE92_STU03141,TORONTO_TRE92_0214
TORONTO_TRE92_STU03142,TORONTO_TRE92_0001
TORONTO_TRE92_STU03142,TORONTO_TRE92_0080
TORONTO_TRE92_STU03142,TORONTO_TRE92_0120
TORONTO_TRE92_STU03142,TORONTO_TRE92_0192
TORONTO_TRE92_STU03142,TORONTO_TRE92_0201
TORONTO_TRE92_STU03143,TORONTO_TRE92_0096
TORONTO_TRE92_STU03143,TORONTO_TRE92_0154
TORONTO_TRE92_STU03143,TORONTO_TRE92_0192
TORONTO_TRE92_STU03143,TORONTO_TRE92_0214
TORONTO_TRE92_STU03144,TORONTO_TRE92_0011
TORONTO_TRE92_STU03144,TORONTO_TRE92_0094
TORONTO_TRE92_STU03144,TORONTO_TRE92_0121
TORONTO_TRE92_STU03144,TORONTO_TRE92_0214
TORONTO_TRE92_STU03144,TORONTO_TRE92_0246
TORONTO_TRE92_STU03145,TORONTO_TRE92_0070
TORONTO_TRE92_STU03145,TORONTO_TRE92_0095
TORONTO_TRE92_STU03145,TORONTO_TRE92_0192
TORONTO_TRE92_STU03145,TORONTO_TRE92_0214
TORONTO_TRE92_STU03145,TORONTO_TRE92_0246
TORONTO_TRE92_STU03146,TORONTO_TRE92_0050
TORONTO_TRE92_STU03146,TORONTO_TRE92_0053
TORONTO_TRE92_STU03146,TORONTO_TRE92_0115
TORONTO_TRE92_STU03146,TORONTO_TRE92_0139
TORONTO_TRE92_STU03146,TORONTO_TRE92_0256
TORONTO_TRE92_STU03147,TORONTO_TRE92_0011
TORONTO_TRE92_STU03147,TORONTO_TRE92_0072
TORONTO_TRE92_STU03147,TORONTO_TRE92_0120
TORONTO_TRE92_STU03147,TORONTO_TRE92_0215
TORONTO_TRE92_STU03147,TORONTO_TRE92_0245
TORONTO_TRE92_STU03148,TORONTO_TRE92_0011
TORONTO_TRE92_STU03148,TORONTO_TRE92_0094
TORONTO_TRE92_STU03148,TORONTO_TRE92_0153
TORONTO_TRE92_STU03148,TORONTO_TRE92_0215
TORONTO_TRE92_STU03149,TORONTO_TRE92_0070
TORONTO_TRE92_STU03149,TORONTO_TRE92_0094
TORONTO_TRE92_STU03149,TORONTO_TRE92_0121
TORONTO_TRE92_STU03149,TORONTO_TRE92_0215
TORONTO_TRE92_STU03150,TORONTO_TRE92_0011
TORONTO_TRE92_STU03150,TORONTO_TRE92_0050
TORONTO_TRE92_STU03150,TORONTO_TRE92_0081
TORONTO_TRE92_STU03150,TORONTO_TRE92_0154
TORONTO_TRE92_STU03151,TORONTO_TRE92_0094
TORONTO_TRE92_STU03151,TORONTO_TRE92_0193
TORONTO_TRE92_STU03151,TORONTO_TRE92_0214
TORONTO_TRE92_STU03151,TORONTO_TRE92_0246
TORONTO_TRE92_STU03152,TORONTO_TRE92_0001
TORONTO_TRE92_STU03152,TORONTO_TRE92_0072
TORONTO_TRE92_STU03152,TORONTO_TRE92_0081
TORONTO_TRE92_STU03152,TORONTO_TRE92_0193
TORONTO_TRE92_STU03152,TORONTO_TRE92_0246
TORONTO_TRE92_STU03153,TORONTO_TRE92_0011
TORONTO_TRE92_STU03153,TORONTO_TRE92_0050
TORONTO_TRE92_STU03153,TORONTO_TRE92_0053
TORONTO_TRE92_STU03153,TORONTO_TRE92_0115
TORONTO_TRE92_STU03153,TORONTO_TRE92_0214
TORONTO_TRE92_STU03154,TORONTO_TRE92_0052
TORONTO_TRE92_STU03154,TORONTO_TRE92_0053
TORONTO_TRE92_STU03154,TORONTO_TRE92_0174
TORONTO_TRE92_STU03154,TORONTO_TRE92_0215
TORONTO_TRE92_STU03155,TORONTO_TRE92_0095
TORONTO_TRE92_STU03155,TORONTO_TRE92_0121
TORONTO_TRE92_STU03155,TORONTO_TRE92_0129
TORONTO_TRE92_STU03155,TORONTO_TRE92_0187
TORONTO_TRE92_STU03155,TORONTO_TRE92_0193
TORONTO_TRE92_STU03156,TORONTO_TRE92_0174
TORONTO_TRE92_STU03156,TORONTO_TRE92_0175
TORONTO_TRE92_STU03156,TORONTO_TRE92_0215
TORONTO_TRE92_STU03156,TORONTO_TRE92_0246
TORONTO_TRE92_STU03156,TORONTO_TRE92_0256
TORONTO_TRE92_STU03157,TORONTO_TRE92_0154
TORONTO_TRE92_STU03157,TORONTO_TRE92_0172
TORONTO_TRE92_STU03157,TORONTO_TRE92_0246
TORONTO_TRE92_STU03158,TORONTO_TRE92_0011
TORONTO_TRE92_STU03158,TORONTO_TRE92_0028
TORONTO_TRE92_STU03158,TORONTO_TRE92_0139
TORONTO_TRE92_STU03158,TORONTO_TRE92_0184
TORONTO_TRE92_STU03158,TORONTO_TRE92_0215
TORONTO_TRE92_STU03159,TORONTO_TRE92_0011
TORONTO_TRE92_STU03159,TORONTO_TRE92_0028
TORONTO_TRE92_STU03159,TORONTO_TRE92_0115
TORONTO_TRE92_STU03159,TORONTO_TRE92_0215
TORONTO_TRE92_STU03159,TORONTO_TRE92_0246
TORONTO_TRE92_STU03160,TORONTO_TRE92_0065
TORONTO_TRE92_STU03160,TORONTO_TRE92_0070
TORONTO_TRE92_STU03160,TORONTO_TRE92_0096
TORONTO_TRE92_STU03160,TORONTO_TRE92_0154
TORONTO_TRE92_STU03160,TORONTO_TRE92_0201
TORONTO_TRE92_STU03161,TORONTO_TRE92_0028
TORONTO_TRE92_STU03161,TORONTO_TRE92_0053
TORONTO_TRE92_STU03161,TORONTO_TRE92_0081
TORONTO_TRE92_STU03161,TORONTO_TRE92_0115
TORONTO_TRE92_STU03161,TORONTO_TRE92_0214
TORONTO_TRE92_STU03162,TORONTO_TRE92_0011
TORONTO_TRE92_STU03162,TORONTO_TRE92_0094
TORONTO_TRE92_STU03162,TORONTO_TRE92_0154
TORONTO_TRE92_STU03162,TORONTO_TRE92_0215
TORONTO_TRE92_STU03163,TORONTO_TRE92_0094
TORONTO_TRE92_STU03163,TORONTO_TRE92_0120
TORONTO_TRE92_STU03163,TORONTO_TRE92_0154
TORONTO_TRE92_STU03163,TORONTO_TRE92_0192
TORONTO_TRE92_STU03164,TORONTO_TRE92_0027
TORONTO_TRE92_STU03164,TORONTO_TRE92_0095
TORONTO_TRE92_STU03164,TORONTO_TRE92_0120
TORONTO_TRE92_STU03164,TORONTO_TRE92_0153
TORONTO_TRE92_STU03164,TORONTO_TRE92_0215
TORONTO_TRE92_STU03165,TORONTO_TRE92_0012
TORONTO_TRE92_STU03165,TORONTO_TRE92_0101
TORONTO_TRE92_STU03165,TORONTO_TRE92_0188
TORONTO_TRE92_STU03165,TORONTO_TRE92_0260
TORONTO_TRE92_STU03166,TORONTO_TRE92_0011
TORONTO_TRE92_STU03166,TORONTO_TRE92_0094
TORONTO_TRE92_STU03166,TORONTO_TRE92_0193
TORONTO_TRE92_STU03166,TORONTO_TRE92_0214
TORONTO_TRE92_STU03167,TORONTO_TRE92_0154
TORONTO_TRE92_STU03167,TORONTO_TRE92_0192
TORONTO_TRE92_STU03167,TORONTO_TRE92_0201
TORONTO_TRE92_STU03167,TORONTO_TRE92_0214
TORONTO_TRE92_STU03168,TORONTO_TRE92_0139
TORONTO_TRE92_STU03168,TORONTO_TRE92_0153
TORONTO_TRE92_STU03168,TORONTO_TRE92_0184
TORONTO_TRE92_STU03168,TORONTO_TRE92_0192
TORONTO_TRE92_STU03168,TORONTO_TRE92_0214
TORONTO_TRE92_STU03169,TORONTO_TRE92_0011
TORONTO_TRE92_STU03169,TORONTO_TRE92_0115
TORONTO_TRE92_STU03169,TORONTO_TRE92_0139
TORONTO_TRE92_STU03169,TORONTO_TRE92_0192
TORONTO_TRE92_STU03169,TORONTO_TRE92_0215
TORONTO_TRE92_STU03170,TORONTO_TRE92_0028
TORONTO_TRE92_STU03170,TORONTO_TRE92_0050
TORONTO_TRE92_STU03170,TORONTO_TRE92_0053
TORONTO_TRE92_STU03170,TORONTO_TRE92_0215
TORONTO_TRE92_STU03170,TORONTO_TRE92_0256
TORONTO_TRE92_STU03171,TORONTO_TRE92_0050
TORONTO_TRE92_STU03171,TORONTO_TRE92_0094
TORONTO_TRE92_STU03171,TORONTO_TRE92_0174
TORONTO_TRE92_STU03171,TORONTO_TRE92_0194
TORONTO_TRE92_STU03171,TORONTO_TRE92_0233
TORONTO_TRE92_STU03172,TORONTO_TRE92_0028
TORONTO_TRE92_STU03172,TORONTO_TRE92_0053
TORONTO_TRE92_STU03172,TORONTO_TRE92_0115
TORONTO_TRE92_STU03172,TORONTO_TRE92_0139
TORONTO_TRE92_STU03172,TORONTO_TRE92_0184
TORONTO_TRE92_STU03173,TORONTO_TRE92_0070
TORONTO_TRE92_STU03173,TORONTO_TRE92_0094
TORONTO_TRE92_STU03173,TORONTO_TRE92_0154
TORONTO_TRE92_STU03173,TORONTO_TRE92_0193
TORONTO_TRE92_STU03173,TORONTO_TRE92_0246
TORONTO_TRE92_STU03174,TORONTO_TRE92_0028
TORONTO_TRE92_STU03174,TORONTO_TRE92_0053
TORONTO_TRE92_STU03174,TORONTO_TRE92_0184
TORONTO_TRE92_STU03174,TORONTO_TRE92_0193
TORONTO_TRE92_STU03174,TORONTO_TRE92_0234
TORONTO_TRE92_STU03175,TORONTO_TRE92_0001
TORONTO_TRE92_STU03175,TORONTO_TRE92_0080
TORONTO_TRE92_STU03175,TORONTO_TRE92_0139
TORONTO_TRE92_STU03175,TORONTO_TRE92_0173
TORONTO_TRE92_STU03175,TORONTO_TRE92_0201
TORONTO_TRE92_STU03176,TORONTO_TRE92_0001
TORONTO_TRE92_STU03176,TORONTO_TRE92_0072
TORONTO_TRE92_STU03176,TORONTO_TRE92_0080
TORONTO_TRE92_STU03176,TORONTO_TRE92_0154
TORONTO_TRE92_STU03176,TORONTO_TRE92_0201
TORONTO_TRE92_STU03177,TORONTO_TRE92_0001
TORONTO_TRE92_STU03177,TORONTO_TRE92_0011
TORONTO_TRE92_STU03177,TORONTO_TRE92_0081
TORONTO_TRE92_STU03177,TORONTO_TRE92_0173
TORONTO_TRE92_STU03177,TORONTO_TRE92_0201
TORONTO_TRE92_STU03178,TORONTO_TRE92_0011
TORONTO_TRE92_STU03178,TORONTO_TRE92_0080
TORONTO_TRE92_STU03178,TORONTO_TRE92_0115
TORONTO_TRE92_STU03178,TORONTO_TRE92_0129
TORONTO_TRE92_STU03179,TORONTO_TRE92_0011
TORONTO_TRE92_STU03179,TORONTO_TRE92_0094
TORONTO_TRE92_STU03179,TORONTO_TRE92_0129
TORONTO_TRE92_STU03179,TORONTO_TRE92_0215
TORONTO_TRE92_STU03179,TORONTO_TRE92_0246
TORONTO_TRE92_STU03180,TORONTO_TRE92_0011
TORONTO_TRE92_STU03180,TORONTO_TRE92_0094
TORONTO_TRE92_STU03180,TORONTO_TRE92_0187
TORONTO_TRE92_STU03180,TORONTO_TRE92_0215
TORONTO_TRE92_STU03180,TORONTO_TRE92_0246
TORONTO_TRE92_STU03181,TORONTO_TRE92_0080
TORONTO_TRE92_STU03181,TORONTO_TRE92_0115
TORONTO_TRE92_STU03181,TORONTO_TRE92_0154
TORONTO_TRE92_STU03181,TORONTO_TRE92_0234
TORONTO_TRE92_STU03181,TORONTO_TRE92_0246
TORONTO_TRE92_STU03182,TORONTO_TRE92_0050
TORONTO_TRE92_STU03182,TORONTO_TRE92_0115
TORONTO_TRE92_STU03182,TORONTO_TRE92_0139
TORONTO_TRE92_STU03182,TORONTO_TRE92_0234
TORONTO_TRE92_STU03183,TORONTO_TRE92_0011
TORONTO_TRE92_STU03183,TORONTO_TRE92_0121
TORONTO_TRE92_STU03183,TORONTO_TRE92_0187
TORONTO_TRE92_STU03183,TORONTO_TRE92_0215
TORONTO_TRE92_STU03183,TORONTO_TRE92_0256
TORONTO_TRE92_STU03184,TORONTO_TRE92_0001
TORONTO_TRE92_STU03184,TORONTO_TRE92_0081
TORONTO_TRE92_STU03184,TORONTO_TRE92_0115
TORONTO_TRE92_STU03184,TORONTO_TRE92_0139
TORONTO_TRE92_STU03184,TORONTO_TRE92_0245
TORONTO_TRE92_STU03185,TORONTO_TRE92_0001
TORONTO_TRE92_STU03185,TORONTO_TRE92_0080
TORONTO_TRE92_STU03185,TORONTO_TRE92_0153
TORONTO_TRE92_STU03185,TORONTO_TRE92_0246
TORONTO_TRE92_STU03186,TORONTO_TRE92_0011
TORONTO_TRE92_STU03186,TORONTO_TRE92_0050
TORONTO_TRE92_STU03186,TORONTO_TRE92_0094
TORONTO_TRE92_STU03186,TORONTO_TRE92_0154
TORONTO_TRE92_STU03187,TORONTO_TRE92_0028
TORONTO_TRE92_STU03187,TORONTO_TRE92_0072
TORONTO_TRE92_STU03187,TORONTO_TRE92_0115
TORONTO_TRE92_STU03188,TORONTO_TRE92_0072
TORONTO_TRE92_STU03188,TORONTO_TRE92_0121
TORONTO_TRE92_STU03188,TORONTO_TRE92_0153
TORONTO_TRE92_STU03188,TORONTO_TRE92_0187
TORONTO_TRE92_STU03188,TORONTO_TRE92_0214
TORONTO_TRE92_STU03189,TORONTO_TRE92_0011
TORONTO_TRE92_STU03189,TORONTO_TRE92_0122
TORONTO_TRE92_STU03189,TORONTO_TRE92_0129
TORONTO_TRE92_STU03189,TORONTO_TRE92_0153
TORONTO_TRE92_STU03189,TORONTO_TRE92_0246
TORONTO_TRE92_STU03190,TORONTO_TRE92_0027
TORONTO_TRE92_STU03190,TORONTO_TRE92_0121
TORONTO_TRE92_STU03190,TORONTO_TRE92_0174
TORONTO_TRE92_STU03190,TORONTO_TRE92_0175
TORONTO_TRE92_STU03190,TORONTO_TRE92_0214
TORONTO_TRE92_STU03191,TORONTO_TRE92_0072
TORONTO_TRE92_STU03191,TORONTO_TRE92_0174
TORONTO_TRE92_STU03191,TORONTO_TRE92_0193
TORONTO_TRE92_STU03191,TORONTO_TRE92_0215
TORONTO_TRE92_STU03191,TORONTO_TRE92_0233
TORONTO_TRE92_STU03192,TORONTO_TRE92_0050
TORONTO_TRE92_STU03192,TORONTO_TRE92_0188
TORONTO_TRE92_STU03192,TORONTO_TRE92_0214
TORONTO_TRE92_STU03192,TORONTO_TRE92_0246
TORONTO_TRE92_STU03192,TORONTO_TRE92_0256
TORONTO_TRE92_STU03193,TORONTO_TRE92_0001
TORONTO_TRE92_STU03193,TORONTO_TRE92_0081
TORONTO_TRE92_STU03193,TORONTO_TRE92_0139
TORONTO_TRE92_STU03193,TORONTO_TRE92_0173
TORONTO_TRE92_STU03193,TORONTO_TRE92_0201
TORONTO_TRE92_STU03194,TORONTO_TRE92_0011
TORONTO_TRE92_STU03194,TORONTO_TRE92_0053
TORONTO_TRE92_STU03194,TORONTO_TRE92_0115
TORONTO_TRE92_STU03194,TORONTO_TRE92_0139
TORONTO_TRE92_STU03194,TORONTO_TRE92_0215
TORONTO_TRE92_STU03195,TORONTO_TRE92_0094
TORONTO_TRE92_STU03195,TORONTO_TRE92_0120
TORONTO_TRE92_STU03195,TORONTO_TRE92_0154
TORONTO_TRE92_STU03195,TORONTO_TRE92_0188
TORONTO_TRE92_STU03195,TORONTO_TRE92_0215
TORONTO_TRE92_STU03196,TORONTO_TRE92_0081
TORONTO_TRE92_STU03196,TORONTO_TRE92_0174
TORONTO_TRE92_STU03196,TORONTO_TRE92_0215
TORONTO_TRE92_STU03196,TORONTO_TRE92_0246
TORONTO_TRE92_STU03197,TORONTO_TRE92_0050
TORONTO_TRE92_STU03197,TORONTO_TRE92_0096
TORONTO_TRE92_STU03197,TORONTO_TRE92_0154
TORONTO_TRE92_STU03197,TORONTO_TRE92_0192
TORONTO_TRE92_STU03197,TORONTO_TRE92_0215
TORONTO_TRE92_STU03198,TORONTO_TRE92_0070
TORONTO_TRE92_STU03198,TORONTO_TRE92_0095
TORONTO_TRE92_STU03198,TORONTO_TRE92_0120
TORONTO_TRE92_STU03199,TORONTO_TRE92_0028
TORONTO_TRE92_STU03199,TORONTO_TRE92_0053
TORONTO_TRE92_STU03199,TORONTO_TRE92_0072
TORONTO_TRE92_STU03199,TORONTO_TRE92_0115
TORONTO_TRE92_STU03200,TORONTO_TRE92_0011
TORONTO_TRE92_STU03200,TORONTO_TRE92_0081
TORONTO_TRE92_STU03200,TORONTO_TRE92_0115
TORONTO_TRE92_STU03200,TORONTO_TRE92_0188
TORONTO_TRE92_STU03200,TORONTO_TRE92_0245
TORONTO_TRE92_STU03201,TORONTO_TRE92_0070
TORONTO_TRE92_STU03201,TORONTO_TRE92_0096
TORONTO_TRE92_STU03201,TORONTO_TRE92_0192
TORONTO_TRE92_STU03201,TORONTO_TRE92_0214
TORONTO_TRE92_STU03202,TORONTO_TRE92_0011
TORONTO_TRE92_STU03202,TORONTO_TRE92_0028
TORONTO_TRE92_STU03202,TORONTO_TRE92_0115
TORONTO_TRE92_STU03202,TORONTO_TRE92_0234
TORONTO_TRE92_STU03203,TORONTO_TRE92_0011
TORONTO_TRE92_STU03203,TORONTO_TRE92_0188
TORONTO_TRE92_STU03203,TORONTO_TRE92_0192
TORONTO_TRE92_STU03203,TORONTO_TRE92_0214
TORONTO_TRE92_STU03204,TORONTO_TRE92_0188
TORONTO_TRE92_STU03205,TORONTO_TRE92_0095
TORONTO_TRE92_STU03205,TORONTO_TRE92_0174
TORONTO_TRE92_STU03205,TORONTO_TRE92_0192
TORONTO_TRE92_STU03205,TORONTO_TRE92_0214
TORONTO_TRE92_STU03206,TORONTO_TRE92_0011
TORONTO_TRE92_STU03206,TORONTO_TRE92_0096
TORONTO_TRE92_STU03206,TORONTO_TRE92_0121
TORONTO_TRE92_STU03206,TORONTO_TRE92_0214
TORONTO_TRE92_STU03206,TORONTO_TRE92_0246
TORONTO_TRE92_STU03207,TORONTO_TRE92_0027
TORONTO_TRE92_STU03207,TORONTO_TRE92_0050
TORONTO_TRE92_STU03207,TORONTO_TRE92_0115
TORONTO_TRE92_STU03207,TORONTO_TRE92_0139
TORONTO_TRE92_STU03207,TORONTO_TRE92_0234
TORONTO_TRE92_STU03208,TORONTO_TRE92_0028
TORONTO_TRE92_STU03208,TORONTO_TRE92_0053
TORONTO_TRE92_STU03208,TORONTO_TRE92_0096
TORONTO_TRE92_STU03208,TORONTO_TRE92_0174
TORONTO_TRE92_STU03208,TORONTO_TRE92_0233
TORONTO_TRE92_STU03209,TORONTO_TRE92_0011
TORONTO_TRE92_STU03209,TORONTO_TRE92_0028
TORONTO_TRE92_STU03209,TORONTO_TRE92_0094
TORONTO_TRE92_STU03209,TORONTO_TRE92_0215
TORONTO_TRE92_STU03210,TORONTO_TRE92_0001
TORONTO_TRE92_STU03210,TORONTO_TRE92_0081
TORONTO_TRE92_STU03210,TORONTO_TRE92_0153
TORONTO_TRE92_STU03210,TORONTO_TRE92_0193
TORONTO_TRE92_STU03210,TORONTO_TRE92_0246
TORONTO_TRE92_STU03211,TORONTO_TRE92_0001
TORONTO_TRE92_STU03211,TORONTO_TRE92_0081
TORONTO_TRE92_STU03211,TORONTO_TRE92_0173
TORONTO_TRE92_STU03211,TORONTO_TRE92_0193
TORONTO_TRE92_STU03211,TORONTO_TRE92_0201
TORONTO_TRE92_STU03212,TORONTO_TRE92_0115
TORONTO_TRE92_STU03212,TORONTO_TRE92_0154
TORONTO_TRE92_STU03212,TORONTO_TRE92_0246
TORONTO_TRE92_STU03213,TORONTO_TRE92_0028
TORONTO_TRE92_STU03213,TORONTO_TRE92_0120
TORONTO_TRE92_STU03213,TORONTO_TRE92_0154
TORONTO_TRE92_STU03213,TORONTO_TRE92_0174
TORONTO_TRE92_STU03213,TORONTO_TRE92_0175
TORONTO_TRE92_STU03214,TORONTO_TRE92_0072
TORONTO_TRE92_STU03214,TORONTO_TRE92_0174
TORONTO_TRE92_STU03214,TORONTO_TRE92_0175
TORONTO_TRE92_STU03214,TORONTO_TRE92_0193
TORONTO_TRE92_STU03214,TORONTO_TRE92_0214
TORONTO_TRE92_STU03215,TORONTO_TRE92_0096
TORONTO_TRE92_STU03215,TORONTO_TRE92_0154
TORONTO_TRE92_STU03215,TORONTO_TRE92_0193
TORONTO_TRE92_STU03215,TORONTO_TRE92_0214
TORONTO_TRE92_STU03215,TORONTO_TRE92_0245
TORONTO_TRE92_STU03216,TORONTO_TRE92_0050
TORONTO_TRE92_STU03216,TORONTO_TRE92_0096
TORONTO_TRE92_STU03216,TORONTO_TRE92_0153
TORONTO_TRE92_STU03216,TORONTO_TRE92_0246
TORONTO_TRE92_STU03217,TORONTO_TRE92_0122
TORONTO_TRE92_STU03217,TORONTO_TRE92_0139
TORONTO_TRE92_STU03217,TORONTO_TRE92_0172
TORONTO_TRE92_STU03217,TORONTO_TRE92_0193
TORONTO_TRE92_STU03217,TORONTO_TRE92_0215
TORONTO_TRE92_STU03218,TORONTO_TRE92_0096
TORONTO_TRE92_STU03218,TORONTO_TRE92_0154
TORONTO_TRE92_STU03218,TORONTO_TRE92_0193
TORONTO_TRE92_STU03218,TORONTO_TRE92_0215
TORONTO_TRE92_STU03218,TORONTO_TRE92_0245
TORONTO_TRE92_STU03219,TORONTO_TRE92_0050
TORONTO_TRE92_STU03219,TORONTO_TRE92_0094
TORONTO_TRE92_STU03219,TORONTO_TRE92_0153
TORONTO_TRE92_STU03219,TORONTO_TRE92_0215
TORONTO_TRE92_STU03219,TORONTO_TRE92_0245
TORONTO_TRE92_STU03220,TORONTO_TRE92_0070
TORONTO_TRE92_STU03220,TORONTO_TRE92_0094
TORONTO_TRE92_STU03220,TORONTO_TRE92_0121
TORONTO_TRE92_STU03220,TORONTO_TRE92_0214
TORONTO_TRE92_STU03221,TORONTO_TRE92_0028
TORONTO_TRE92_STU03221,TORONTO_TRE92_0070
TORONTO_TRE92_STU03221,TORONTO_TRE92_0080
TORONTO_TRE92_STU03221,TORONTO_TRE92_0215
TORONTO_TRE92_STU03222,TORONTO_TRE92_0050
TORONTO_TRE92_STU03222,TORONTO_TRE92_0080
TORONTO_TRE92_STU03222,TORONTO_TRE92_0094
TORONTO_TRE92_STU03222,TORONTO_TRE92_0215
TORONTO_TRE92_STU03222,TORONTO_TRE92_0246
TORONTO_TRE92_STU03223,TORONTO_TRE92_0094
TORONTO_TRE92_STU03223,TORONTO_TRE92_0201
TORONTO_TRE92_STU03223,TORONTO_TRE92_0215
TORONTO_TRE92_STU03223,TORONTO_TRE92_0245
TORONTO_TRE92_STU03224,TORONTO_TRE92_0011
TORONTO_TRE92_STU03224,TORONTO_TRE92_0129
TORONTO_TRE92_STU03224,TORONTO_TRE92_0193
TORONTO_TRE92_STU03224,TORONTO_TRE92_0214
TORONTO_TRE92_STU03225,TORONTO_TRE92_0001
TORONTO_TRE92_STU03225,TORONTO_TRE92_0081
TORONTO_TRE92_STU03225,TORONTO_TRE92_0139
TORONTO_TRE92_STU03225,TORONTO_TRE92_0154
TORONTO_TRE92_STU03225,TORONTO_TRE92_0246
TORONTO_TRE92_STU03226,TORONTO_TRE92_0028
TORONTO_TRE92_STU03226,TORONTO_TRE92_0053
TORONTO_TRE92_STU03226,TORONTO_TRE92_0115
TORONTO_TRE92_STU03226,TORONTO_TRE92_0139
TORONTO_TRE92_STU03226,TORONTO_TRE92_0215
TORONTO_TRE92_STU03227,TORONTO_TRE92_0011
TORONTO_TRE92_STU03227,TORONTO_TRE92_0120
TORONTO_TRE92_STU03227,TORONTO_TRE92_0154
TORONTO_TRE92_STU03227,TORONTO_TRE92_0214
TORONTO_TRE92_STU03227,TORONTO_TRE92_0246
TORONTO_TRE92_STU03228,TORONTO_TRE92_0028
TORONTO_TRE92_STU03228,TORONTO_TRE92_0053
TORONTO_TRE92_STU03228,TORONTO_TRE92_0115
TORONTO_TRE92_STU03228,TORONTO_TRE92_0174
TORONTO_TRE92_STU03228,TORONTO_TRE92_0256
TORONTO_TRE92_STU03229,TORONTO_TRE92_0050
TORONTO_TRE92_STU03229,TORONTO_TRE92_0201
TORONTO_TRE92_STU03229,TORONTO_TRE92_0256
TORONTO_TRE92_STU03230,TORONTO_TRE92_0122
TORONTO_TRE92_STU03230,TORONTO_TRE92_0154
TORONTO_TRE92_STU03230,TORONTO_TRE92_0215
TORONTO_TRE92_STU03230,TORONTO_TRE92_0246
TORONTO_TRE92_STU03230,TORONTO_TRE92_0256
TORONTO_TRE92_STU03231,TORONTO_TRE92_0050
TORONTO_TRE92_STU03231,TORONTO_TRE92_0121
TORONTO_TRE92_STU03231,TORONTO_TRE92_0139
TORONTO_TRE92_STU03231,TORONTO_TRE92_0215
TORONTO_TRE92_STU03231,TORONTO_TRE92_0246
TORONTO_TRE92_STU03232,TORONTO_TRE92_0094
TORONTO_TRE92_STU03232,TORONTO_TRE92_0122
TORONTO_TRE92_STU03232,TORONTO_TRE92_0192
TORONTO_TRE92_STU03232,TORONTO_TRE92_0214
TORONTO_TRE92_STU03232,TORONTO_TRE92_0246
TORONTO_TRE92_STU03233,TORONTO_TRE92_0153
TORONTO_TRE92_STU03233,TORONTO_TRE92_0192
TORONTO_TRE92_STU03233,TORONTO_TRE92_0201
TORONTO_TRE92_STU03233,TORONTO_TRE92_0214
TORONTO_TRE92_STU03233,TORONTO_TRE92_0256
TORONTO_TRE92_STU03234,TORONTO_TRE92_0028
TORONTO_TRE92_STU03234,TORONTO_TRE92_0094
TORONTO_TRE92_STU03234,TORONTO_TRE92_0192
TORONTO_TRE92_STU03234,TORONTO_TRE92_0215
TORONTO_TRE92_STU03234,TORONTO_TRE92_0246
TORONTO_TRE92_STU03235,TORONTO_TRE92_0050
TORONTO_TRE92_STU03235,TORONTO_TRE92_0081
TORONTO_TRE92_STU03235,TORONTO_TRE92_0115
TORONTO_TRE92_STU03235,TORONTO_TRE92_0139
TORONTO_TRE92_STU03236,TORONTO_TRE92_0153
TORONTO_TRE92_STU03236,TORONTO_TRE92_0188
TORONTO_TRE92_STU03236,TORONTO_TRE92_0201
TORONTO_TRE92_STU03237,TORONTO_TRE92_0011
TORONTO_TRE92_STU03237,TORONTO_TRE92_0214
TORONTO_TRE92_STU03237,TORONTO_TRE92_0246
TORONTO_TRE92_STU03238,TORONTO_TRE92_0070
TORONTO_TRE92_STU03238,TORONTO_TRE92_0094
TORONTO_TRE92_STU03238,TORONTO_TRE92_0154
TORONTO_TRE92_STU03238,TORONTO_TRE92_0193
TORONTO_TRE92_STU03239,TORONTO_TRE92_0001
TORONTO_TRE92_STU03239,TORONTO_TRE92_0072
TORONTO_TRE92_STU03239,TORONTO_TRE92_0115
TORONTO_TRE92_STU03239,TORONTO_TRE92_0139
TORONTO_TRE92_STU03239,TORONTO_TRE92_0192
TORONTO_TRE92_STU03240,TORONTO_TRE92_0072
TORONTO_TRE92_STU03240,TORONTO_TRE92_0129
TORONTO_TRE92_STU03240,TORONTO_TRE92_0193
TORONTO_TRE92_STU03240,TORONTO_TRE92_0214
TORONTO_TRE92_STU03240,TORONTO_TRE92_0246
TORONTO_TRE92_STU03241,TORONTO_TRE92_0011
TORONTO_TRE92_STU03241,TORONTO_TRE92_0188
TORONTO_TRE92_STU03241,TORONTO_TRE92_0192
TORONTO_TRE92_STU03241,TORONTO_TRE92_0215
TORONTO_TRE92_STU03242,TORONTO_TRE92_0072
TORONTO_TRE92_STU03242,TORONTO_TRE92_0139
TORONTO_TRE92_STU03242,TORONTO_TRE92_0153
TORONTO_TRE92_STU03242,TORONTO_TRE92_0187
TORONTO_TRE92_STU03242,TORONTO_TRE92_0215
TORONTO_TRE92_STU03243,TORONTO_TRE92_0072
TORONTO_TRE92_STU03243,TORONTO_TRE92_0095
TORONTO_TRE92_STU03243,TORONTO_TRE92_0120
TORONTO_TRE92_STU03243,TORONTO_TRE92_0193
TORONTO_TRE92_STU03243,TORONTO_TRE92_0215
TORONTO_TRE92_STU03244,TORONTO_TRE92_0011
TORONTO_TRE92_STU03244,TORONTO_TRE92_0095
TORONTO_TRE92_STU03244,TORONTO_TRE92_0139
TORONTO_TRE92_STU03244,TORONTO_TRE92_0154
TORONTO_TRE92_STU03244,TORONTO_TRE92_0215
TORONTO_TRE92_STU03245,TORONTO_TRE92_0011
TORONTO_TRE92_STU03245,TORONTO_TRE92_0096
TORONTO_TRE92_STU03245,TORONTO_TRE92_0115
TORONTO_TRE92_STU03245,TORONTO_TRE92_0214
TORONTO_TRE92_STU03245,TORONTO_TRE92_0246
TORONTO_TRE92_STU03246,TORONTO_TRE92_0096
TORONTO_TRE92_STU03246,TORONTO_TRE92_0154
TORONTO_TRE92_STU03246,TORONTO_TRE92_0192
TORONTO_TRE92_STU03246,TORONTO_TRE92_0201
TORONTO_TRE92_STU03246,TORONTO_TRE92_0215
TORONTO_TRE92_STU03247,TORONTO_TRE92_0074
TORONTO_TRE92_STU03247,TORONTO_TRE92_0174
TORONTO_TRE92_STU03247,TORONTO_TRE92_0215
TORONTO_TRE92_STU03247,TORONTO_TRE92_0246
TORONTO_TRE92_STU03248,TORONTO_TRE92_0011
TORONTO_TRE92_STU03248,TORONTO_TRE92_0095
TORONTO_TRE92_STU03248,TORONTO_TRE92_0154
TORONTO_TRE92_STU03248,TORONTO_TRE92_0192
TORONTO_TRE92_STU03249,TORONTO_TRE92_0011
TORONTO_TRE92_STU03249,TORONTO_TRE92_0096
TORONTO_TRE92_STU03249,TORONTO_TRE92_0154
TORONTO_TRE92_STU03249,TORONTO_TRE92_0192
TORONTO_TRE92_STU03249,TORONTO_TRE92_0215
TORONTO_TRE92_STU03250,TORONTO_TRE92_0011
TORONTO_TRE92_STU03250,TORONTO_TRE92_0028
TORONTO_TRE92_STU03250,TORONTO_TRE92_0053
TORONTO_TRE92_STU03250,TORONTO_TRE92_0115
TORONTO_TRE92_STU03250,TORONTO_TRE92_0154
TORONTO_TRE92_STU03251,TORONTO_TRE92_0096
TORONTO_TRE92_STU03251,TORONTO_TRE92_0115
TORONTO_TRE92_STU03251,TORONTO_TRE92_0153
TORONTO_TRE92_STU03251,TORONTO_TRE92_0246
TORONTO_TRE92_STU03252,TORONTO_TRE92_0001
TORONTO_TRE92_STU03252,TORONTO_TRE92_0080
TORONTO_TRE92_STU03252,TORONTO_TRE92_0192
TORONTO_TRE92_STU03252,TORONTO_TRE92_0201
TORONTO_TRE92_STU03253,TORONTO_TRE92_0011
TORONTO_TRE92_STU03253,TORONTO_TRE92_0096
TORONTO_TRE92_STU03253,TORONTO_TRE92_0193
TORONTO_TRE92_STU03253,TORONTO_TRE92_0214
TORONTO_TRE92_STU03253,TORONTO_TRE92_0246
TORONTO_TRE92_STU03254,TORONTO_TRE92_0095
TORONTO_TRE92_STU03254,TORONTO_TRE92_0121
TORONTO_TRE92_STU03254,TORONTO_TRE92_0130
TORONTO_TRE92_STU03254,TORONTO_TRE92_0256
TORONTO_TRE92_STU03255,TORONTO_TRE92_0139
TORONTO_TRE92_STU03255,TORONTO_TRE92_0192
TORONTO_TRE92_STU03255,TORONTO_TRE92_0214
TORONTO_TRE92_STU03256,TORONTO_TRE92_0011
TORONTO_TRE92_STU03256,TORONTO_TRE92_0050
TORONTO_TRE92_STU03256,TORONTO_TRE92_0154
TORONTO_TRE92_STU03256,TORONTO_TRE92_0246
TORONTO_TRE92_STU03257,TORONTO_TRE92_0070
TORONTO_TRE92_STU03257,TORONTO_TRE92_0094
TORONTO_TRE92_STU03257,TORONTO_TRE92_0188
TORONTO_TRE92_STU03257,TORONTO_TRE92_0193
TORONTO_TRE92_STU03257,TORONTO_TRE92_0246
TORONTO_TRE92_STU03258,TORONTO_TRE92_0011
TORONTO_TRE92_STU03258,TORONTO_TRE92_0012
TORONTO_TRE92_STU03258,TORONTO_TRE92_0050
TORONTO_TRE92_STU03258,TORONTO_TRE92_0188
TORONTO_TRE92_STU03258,TORONTO_TRE92_0258
TORONTO_TRE92_STU03259,TORONTO_TRE92_0011
TORONTO_TRE92_STU03259,TORONTO_TRE92_0050
TORONTO_TRE92_STU03259,TORONTO_TRE92_0154
TORONTO_TRE92_STU03259,TORONTO_TRE92_0245
TORONTO_TRE92_STU03260,TORONTO_TRE92_0096
TORONTO_TRE92_STU03260,TORONTO_TRE92_0153
TORONTO_TRE92_STU03260,TORONTO_TRE92_0192
TORONTO_TRE92_STU03260,TORONTO_TRE92_0215
TORONTO_TRE92_STU03260,TORONTO_TRE92_0246
TORONTO_TRE92_STU03261,TORONTO_TRE92_0027
TORONTO_TRE92_STU03261,TORONTO_TRE92_0052
TORONTO_TRE92_STU03261,TORONTO_TRE92_0053
TORONTO_TRE92_STU03261,TORONTO_TRE92_0174
TORONTO_TRE92_STU03261,TORONTO_TRE92_0233
TORONTO_TRE92_STU03262,TORONTO_TRE92_0081
TORONTO_TRE92_STU03262,TORONTO_TRE92_0115
TORONTO_TRE92_STU03262,TORONTO_TRE92_0188
TORONTO_TRE92_STU03263,TORONTO_TRE92_0011
TORONTO_TRE92_STU03263,TORONTO_TRE92_0072
TORONTO_TRE92_STU03263,TORONTO_TRE92_0115
TORONTO_TRE92_STU03263,TORONTO_TRE92_0139
TORONTO_TRE92_STU03263,TORONTO_TRE92_0214
TORONTO_TRE92_STU03264,TORONTO_TRE92_0095
TORONTO_TRE92_STU03264,TORONTO_TRE92_0214
TORONTO_TRE92_STU03264,TORONTO_TRE92_0246
TORONTO_TRE92_STU03265,TORONTO_TRE92_0094
TORONTO_TRE92_STU03265,TORONTO_TRE92_0153
TORONTO_TRE92_STU03265,TORONTO_TRE92_0214
TORONTO_TRE92_STU03265,TORONTO_TRE92_0246
TORONTO_TRE92_STU03266,TORONTO_TRE92_0011
TORONTO_TRE92_STU03266,TORONTO_TRE92_0154
TORONTO_TRE92_STU03266,TORONTO_TRE92_0215
TORONTO_TRE92_STU03266,TORONTO_TRE92_0245
TORONTO_TRE92_STU03267,TORONTO_TRE92_0028
TORONTO_TRE92_STU03267,TORONTO_TRE92_0053
TORONTO_TRE92_STU03267,TORONTO_TRE92_0174
TORONTO_TRE92_STU03267,TORONTO_TRE92_0214
TORONTO_TRE92_STU03267,TORONTO_TRE92_0235
TORONTO_TRE92_STU03268,TORONTO_TRE92_0001
TORONTO_TRE92_STU03268,TORONTO_TRE92_0081
TORONTO_TRE92_STU03268,TORONTO_TRE92_0173
TORONTO_TRE92_STU03268,TORONTO_TRE92_0192
TORONTO_TRE92_STU03268,TORONTO_TRE92_0201
TORONTO_TRE92_STU03269,TORONTO_TRE92_0011
TORONTO_TRE92_STU03269,TORONTO_TRE92_0065
TORONTO_TRE92_STU03269,TORONTO_TRE92_0094
TORONTO_TRE92_STU03269,TORONTO_TRE92_0154
TORONTO_TRE92_STU03269,TORONTO_TRE92_0201
TORONTO_TRE92_STU03270,TORONTO_TRE92_0081
TORONTO_TRE92_STU03270,TORONTO_TRE92_0094
TORONTO_TRE92_STU03270,TORONTO_TRE92_0214
TORONTO_TRE92_STU03270,TORONTO_TRE92_0246
TORONTO_TRE92_STU03271,TORONTO_TRE92_0070
TORONTO_TRE92_STU03271,TORONTO_TRE92_0096
TORONTO_TRE92_STU03271,TORONTO_TRE92_0120
TORONTO_TRE92_STU03271,TORONTO_TRE92_0193
TORONTO_TRE92_STU03271,TORONTO_TRE92_0245
TORONTO_TRE92_STU03272,TORONTO_TRE92_0080
TORONTO_TRE92_STU03272,TORONTO_TRE92_0094
TORONTO_TRE92_STU03272,TORONTO_TRE92_0139
TORONTO_TRE92_STU03272,TORONTO_TRE92_0153
TORONTO_TRE92_STU03272,TORONTO_TRE92_0215
TORONTO_TRE92_STU03273,TORONTO_TRE92_0080
TORONTO_TRE92_STU03273,TORONTO_TRE92_0121
TORONTO_TRE92_STU03273,TORONTO_TRE92_0174
TORONTO_TRE92_STU03273,TORONTO_TRE92_0215
TORONTO_TRE92_STU03273,TORONTO_TRE92_0256
TORONTO_TRE92_STU03274,TORONTO_TRE92_0011
TORONTO_TRE92_STU03274,TORONTO_TRE92_0050
TORONTO_TRE92_STU03274,TORONTO_TRE92_0192
TORONTO_TRE92_STU03274,TORONTO_TRE92_0214
TORONTO_TRE92_STU03274,TORONTO_TRE92_0246
TORONTO_TRE92_STU03275,TORONTO_TRE92_0094
TORONTO_TRE92_STU03275,TORONTO_TRE92_0188
TORONTO_TRE92_STU03275,TORONTO_TRE92_0215
TORONTO_TRE92_STU03275,TORONTO_TRE92_0246
TORONTO_TRE92_STU03276,TORONTO_TRE92_0050
TORONTO_TRE92_STU03276,TORONTO_TRE92_0094
TORONTO_TRE92_STU03276,TORONTO_TRE92_0154
TORONTO_TRE92_STU03276,TORONTO_TRE92_0192
TORONTO_TRE92_STU03276,TORONTO_TRE92_0201
TORONTO_TRE92_STU03277,TORONTO_TRE92_0011
TORONTO_TRE92_STU03277,TORONTO_TRE92_0050
TORONTO_TRE92_STU03277,TORONTO_TRE92_0129
TORONTO_TRE92_STU03277,TORONTO_TRE92_0201
TORONTO_TRE92_STU03277,TORONTO_TRE92_0256
TORONTO_TRE92_STU03278,TORONTO_TRE92_0120
TORONTO_TRE92_STU03278,TORONTO_TRE92_0154
TORONTO_TRE92_STU03278,TORONTO_TRE92_0214
TORONTO_TRE92_STU03278,TORONTO_TRE92_0246
TORONTO_TRE92_STU03279,TORONTO_TRE92_0072
TORONTO_TRE92_STU03279,TORONTO_TRE92_0174
TORONTO_TRE92_STU03279,TORONTO_TRE92_0175
TORONTO_TRE92_STU03279,TORONTO_TRE92_0233
TORONTO_TRE92_STU03279,TORONTO_TRE92_0235
TORONTO_TRE92_STU03280,TORONTO_TRE92_0028
TORONTO_TRE92_STU03280,TORONTO_TRE92_0115
TORONTO_TRE92_STU03280,TORONTO_TRE92_0139
TORONTO_TRE92_STU03280,TORONTO_TRE92_0184
TORONTO_TRE92_STU03281,TORONTO_TRE92_0050
TORONTO_TRE92_STU03281,TORONTO_TRE92_0115
TORONTO_TRE92_STU03281,TORONTO_TRE92_0188
TORONTO_TRE92_STU03281,TORONTO_TRE92_0201
TORONTO_TRE92_STU03282,TORONTO_TRE92_0011
TORONTO_TRE92_STU03282,TORONTO_TRE92_0122
TORONTO_TRE92_STU03282,TORONTO_TRE92_0154
TORONTO_TRE92_STU03282,TORONTO_TRE92_0214
TORONTO_TRE92_STU03283,TORONTO_TRE92_0011
TORONTO_TRE92_STU03283,TORONTO_TRE92_0050
TORONTO_TRE92_STU03283,TORONTO_TRE92_0154
TORONTO_TRE92_STU03283,TORONTO_TRE92_0215
TORONTO_TRE92_STU03283,TORONTO_TRE92_0246
TORONTO_TRE92_STU03284,TORONTO_TRE92_0050
TORONTO_TRE92_STU03284,TORONTO_TRE92_0153
TORONTO_TRE92_STU03284,TORONTO_TRE92_0188
TORONTO_TRE92_STU03284,TORONTO_TRE92_0214
TORONTO_TRE92_STU03284,TORONTO_TRE92_0246
TORONTO_TRE92_STU03285,TORONTO_TRE92_0094
TORONTO_TRE92_STU03285,TORONTO_TRE92_0139
TORONTO_TRE92_STU03285,TORONTO_TRE92_0154
TORONTO_TRE92_STU03285,TORONTO_TRE92_0214
TORONTO_TRE92_STU03286,TORONTO_TRE92_0072
TORONTO_TRE92_STU03286,TORONTO_TRE92_0080
TORONTO_TRE92_STU03286,TORONTO_TRE92_0174
TORONTO_TRE92_STU03286,TORONTO_TRE92_0175
TORONTO_TRE92_STU03286,TORONTO_TRE92_0215
TORONTO_TRE92_STU03287,TORONTO_TRE92_0011
TORONTO_TRE92_STU03287,TORONTO_TRE92_0154
TORONTO_TRE92_STU03287,TORONTO_TRE92_0214
TORONTO_TRE92_STU03287,TORONTO_TRE92_0246
TORONTO_TRE92_STU03288,TORONTO_TRE92_0096
TORONTO_TRE92_STU03288,TORONTO_TRE92_0115
TORONTO_TRE92_STU03288,TORONTO_TRE92_0139
TORONTO_TRE92_STU03288,TORONTO_TRE92_0154
TORONTO_TRE92_STU03288,TORONTO_TRE92_0214
TORONTO_TRE92_STU03289,TORONTO_TRE92_0115
TORONTO_TRE92_STU03289,TORONTO_TRE92_0139
TORONTO_TRE92_STU03289,TORONTO_TRE92_0154
TORONTO_TRE92_STU03289,TORONTO_TRE92_0193
TORONTO_TRE92_STU03289,TORONTO_TRE92_0201
TORONTO_TRE92_STU03290,TORONTO_TRE92_0011
TORONTO_TRE92_STU03290,TORONTO_TRE92_0050
TORONTO_TRE92_STU03290,TORONTO_TRE92_0096
TORONTO_TRE92_STU03290,TORONTO_TRE92_0154
TORONTO_TRE92_STU03290,TORONTO_TRE92_0201
TORONTO_TRE92_STU03291,TORONTO_TRE92_0154
TORONTO_TRE92_STU03291,TORONTO_TRE92_0188
TORONTO_TRE92_STU03291,TORONTO_TRE92_0215
TORONTO_TRE92_STU03291,TORONTO_TRE92_0246
TORONTO_TRE92_STU03292,TORONTO_TRE92_0028
TORONTO_TRE92_STU03292,TORONTO_TRE92_0053
TORONTO_TRE92_STU03292,TORONTO_TRE92_0115
TORONTO_TRE92_STU03292,TORONTO_TRE92_0174
TORONTO_TRE92_STU03292,TORONTO_TRE92_0233
TORONTO_TRE92_STU03293,TORONTO_TRE92_0011
TORONTO_TRE92_STU03293,TORONTO_TRE92_0028
TORONTO_TRE92_STU03293,TORONTO_TRE92_0052
TORONTO_TRE92_STU03293,TORONTO_TRE92_0115
TORONTO_TRE92_STU03293,TORONTO_TRE92_0184
TORONTO_TRE92_STU03294,TORONTO_TRE92_0028
TORONTO_TRE92_STU03294,TORONTO_TRE92_0053
TORONTO_TRE92_STU03294,TORONTO_TRE92_0115
TORONTO_TRE92_STU03294,TORONTO_TRE92_0139
TORONTO_TRE92_STU03294,TORONTO_TRE92_0234
TORONTO_TRE92_STU03295,TORONTO_TRE92_0028
TORONTO_TRE92_STU03295,TORONTO_TRE92_0050
TORONTO_TRE92_STU03295,TORONTO_TRE92_0053
TORONTO_TRE92_STU03295,TORONTO_TRE92_0115
TORONTO_TRE92_STU03296,TORONTO_TRE92_0070
TORONTO_TRE92_STU03296,TORONTO_TRE92_0094
TORONTO_TRE92_STU03296,TORONTO_TRE92_0154
TORONTO_TRE92_STU03296,TORONTO_TRE92_0192
TORONTO_TRE92_STU03297,TORONTO_TRE92_0028
TORONTO_TRE92_STU03297,TORONTO_TRE92_0096
TORONTO_TRE92_STU03297,TORONTO_TRE92_0154
TORONTO_TRE92_STU03297,TORONTO_TRE92_0214
TORONTO_TRE92_STU03297,TORONTO_TRE92_0245
TORONTO_TRE92_STU03298,TORONTO_TRE92_0139
TORONTO_TRE92_STU03298,TORONTO_TRE92_0153
TORONTO_TRE92_STU03298,TORONTO_TRE92_0193
TORONTO_TRE92_STU03298,TORONTO_TRE92_0234
TORONTO_TRE92_STU03299,TORONTO_TRE92_0095
TORONTO_TRE92_STU03299,TORONTO_TRE92_0174
TORONTO_TRE92_STU03299,TORONTO_TRE92_0193
TORONTO_TRE92_STU03299,TORONTO_TRE92_0214
TORONTO_TRE92_STU03300,TORONTO_TRE92_0050
TORONTO_TRE92_STU03300,TORONTO_TRE92_0139
TORONTO_TRE92_STU03300,TORONTO_TRE92_0153
TORONTO_TRE92_STU03300,TORONTO_TRE92_0215
TORONTO_TRE92_STU03300,TORONTO_TRE92_0246
TORONTO_TRE92_STU03301,TORONTO_TRE92_0070
TORONTO_TRE92_STU03301,TORONTO_TRE92_0096
TORONTO_TRE92_STU03301,TORONTO_TRE92_0154
TORONTO_TRE92_STU03301,TORONTO_TRE92_0192
TORONTO_TRE92_STU03301,TORONTO_TRE92_0201
TORONTO_TRE92_STU03302,TORONTO_TRE92_0011
TORONTO_TRE92_STU03302,TORONTO_TRE92_0192
TORONTO_TRE92_STU03302,TORONTO_TRE92_0214
TORONTO_TRE92_STU03302,TORONTO_TRE92_0246
TORONTO_TRE92_STU03303,TORONTO_TRE92_0011
TORONTO_TRE92_STU03303,TORONTO_TRE92_0096
TORONTO_TRE92_STU03303,TORONTO_TRE92_0154
TORONTO_TRE92_STU03303,TORONTO_TRE92_0234
TORONTO_TRE92_STU03303,TORONTO_TRE92_0256
TORONTO_TRE92_STU03304,TORONTO_TRE92_0011
TORONTO_TRE92_STU03304,TORONTO_TRE92_0095
TORONTO_TRE92_STU03304,TORONTO_TRE92_0192
TORONTO_TRE92_STU03304,TORONTO_TRE92_0215
TORONTO_TRE92_STU03305,TORONTO_TRE92_0011
TORONTO_TRE92_STU03305,TORONTO_TRE92_0095
TORONTO_TRE92_STU03305,TORONTO_TRE92_0192
TORONTO_TRE92_STU03305,TORONTO_TRE92_0215
TORONTO_TRE92_STU03306,TORONTO_TRE92_0011
TORONTO_TRE92_STU03306,TORONTO_TRE92_0095
TORONTO_TRE92_STU03306,TORONTO_TRE92_0192
TORONTO_TRE92_STU03306,TORONTO_TRE92_0215
TORONTO_TRE92_STU03307,TORONTO_TRE92_0028
TORONTO_TRE92_STU03307,TORONTO_TRE92_0053
TORONTO_TRE92_STU03307,TORONTO_TRE92_0115
TORONTO_TRE92_STU03307,TORONTO_TRE92_0174
TORONTO_TRE92_STU03308,TORONTO_TRE92_0094
TORONTO_TRE92_STU03308,TORONTO_TRE92_0215
TORONTO_TRE92_STU03308,TORONTO_TRE92_0246
TORONTO_TRE92_STU03309,TORONTO_TRE92_0001
TORONTO_TRE92_STU03309,TORONTO_TRE92_0081
TORONTO_TRE92_STU03309,TORONTO_TRE92_0120
TORONTO_TRE92_STU03309,TORONTO_TRE92_0193
TORONTO_TRE92_STU03309,TORONTO_TRE92_0246
TORONTO_TRE92_STU03310,TORONTO_TRE92_0050
TORONTO_TRE92_STU03310,TORONTO_TRE92_0094
TORONTO_TRE92_STU03310,TORONTO_TRE92_0188
TORONTO_TRE92_STU03310,TORONTO_TRE92_0192
TORONTO_TRE92_STU03310,TORONTO_TRE92_0215
TORONTO_TRE92_STU03311,TORONTO_TRE92_0050
TORONTO_TRE92_STU03311,TORONTO_TRE92_0094
TORONTO_TRE92_STU03311,TORONTO_TRE92_0188
TORONTO_TRE92_STU03311,TORONTO_TRE92_0192
TORONTO_TRE92_STU03311,TORONTO_TRE92_0215
TORONTO_TRE92_STU03312,TORONTO_TRE92_0028
TORONTO_TRE92_STU03312,TORONTO_TRE92_0053
TORONTO_TRE92_STU03312,TORONTO_TRE92_0072
TORONTO_TRE92_STU03312,TORONTO_TRE92_0115
TORONTO_TRE92_STU03312,TORONTO_TRE92_0184
TORONTO_TRE92_STU03313,TORONTO_TRE92_0011
TORONTO_TRE92_STU03313,TORONTO_TRE92_0050
TORONTO_TRE92_STU03313,TORONTO_TRE92_0094
TORONTO_TRE92_STU03313,TORONTO_TRE92_0154
TORONTO_TRE92_STU03314,TORONTO_TRE92_0011
TORONTO_TRE92_STU03314,TORONTO_TRE92_0094
TORONTO_TRE92_STU03314,TORONTO_TRE92_0129
TORONTO_TRE92_STU03314,TORONTO_TRE92_0188
TORONTO_TRE92_STU03315,TORONTO_TRE92_0011
TORONTO_TRE92_STU03315,TORONTO_TRE92_0094
TORONTO_TRE92_STU03315,TORONTO_TRE92_0154
TORONTO_TRE92_STU03315,TORONTO_TRE92_0214
TORONTO_TRE92_STU03316,TORONTO_TRE92_0011
TORONTO_TRE92_STU03316,TORONTO_TRE92_0028
TORONTO_TRE92_STU03316,TORONTO_TRE92_0052
TORONTO_TRE92_STU03316,TORONTO_TRE92_0053
TORONTO_TRE92_STU03316,TORONTO_TRE92_0174
TORONTO_TRE92_STU03317,TORONTO_TRE92_0011
TORONTO_TRE92_STU03317,TORONTO_TRE92_0050
TORONTO_TRE92_STU03317,TORONTO_TRE92_0188
TORONTO_TRE92_STU03317,TORONTO_TRE92_0256
TORONTO_TRE92_STU03318,TORONTO_TRE92_0011
TORONTO_TRE92_STU03318,TORONTO_TRE92_0096
TORONTO_TRE92_STU03318,TORONTO_TRE92_0153
TORONTO_TRE92_STU03318,TORONTO_TRE92_0214
TORONTO_TRE92_STU03318,TORONTO_TRE92_0246
TORONTO_TRE92_STU03319,TORONTO_TRE92_0028
TORONTO_TRE92_STU03319,TORONTO_TRE92_0053
TORONTO_TRE92_STU03319,TORONTO_TRE92_0115
TORONTO_TRE92_STU03319,TORONTO_TRE92_0184
TORONTO_TRE92_STU03319,TORONTO_TRE92_0245
TORONTO_TRE92_STU03320,TORONTO_TRE92_0081
TORONTO_TRE92_STU03320,TORONTO_TRE92_0139
TORONTO_TRE92_STU03320,TORONTO_TRE92_0201
TORONTO_TRE92_STU03320,TORONTO_TRE92_0214
TORONTO_TRE92_STU03321,TORONTO_TRE92_0072
TORONTO_TRE92_STU03321,TORONTO_TRE92_0154
TORONTO_TRE92_STU03321,TORONTO_TRE92_0174
TORONTO_TRE92_STU03321,TORONTO_TRE92_0175
TORONTO_TRE92_STU03321,TORONTO_TRE92_0193
TORONTO_TRE92_STU03322,TORONTO_TRE92_0094
TORONTO_TRE92_STU03322,TORONTO_TRE92_0121
TORONTO_TRE92_STU03322,TORONTO_TRE92_0193
TORONTO_TRE92_STU03322,TORONTO_TRE92_0214
TORONTO_TRE92_STU03322,TORONTO_TRE92_0245
TORONTO_TRE92_STU03323,TORONTO_TRE92_0080
TORONTO_TRE92_STU03323,TORONTO_TRE92_0094
TORONTO_TRE92_STU03323,TORONTO_TRE92_0192
TORONTO_TRE92_STU03323,TORONTO_TRE92_0214
TORONTO_TRE92_STU03323,TORONTO_TRE92_0246
TORONTO_TRE92_STU03324,TORONTO_TRE92_0011
TORONTO_TRE92_STU03324,TORONTO_TRE92_0096
TORONTO_TRE92_STU03324,TORONTO_TRE92_0153
TORONTO_TRE92_STU03324,TORONTO_TRE92_0201
TORONTO_TRE92_STU03324,TORONTO_TRE92_0214
TORONTO_TRE92_STU03325,TORONTO_TRE92_0028
TORONTO_TRE92_STU03325,TORONTO_TRE92_0053
TORONTO_TRE92_STU03325,TORONTO_TRE92_0081
TORONTO_TRE92_STU03325,TORONTO_TRE92_0115
TORONTO_TRE92_STU03325,TORONTO_TRE92_0173
TORONTO_TRE92_STU03326,TORONTO_TRE92_0081
TORONTO_TRE92_STU03326,TORONTO_TRE92_0115
TORONTO_TRE92_STU03326,TORONTO_TRE92_0139
TORONTO_TRE92_STU03326,TORONTO_TRE92_0173
TORONTO_TRE92_STU03326,TORONTO_TRE92_0188
TORONTO_TRE92_STU03327,TORONTO_TRE92_0096
TORONTO_TRE92_STU03327,TORONTO_TRE92_0188
TORONTO_TRE92_STU03327,TORONTO_TRE92_0192
TORONTO_TRE92_STU03327,TORONTO_TRE92_0214
TORONTO_TRE92_STU03327,TORONTO_TRE92_0246
TORONTO_TRE92_STU03328,TORONTO_TRE92_0028
TORONTO_TRE92_STU03328,TORONTO_TRE92_0072
TORONTO_TRE92_STU03328,TORONTO_TRE92_0121
TORONTO_TRE92_STU03328,TORONTO_TRE92_0214
TORONTO_TRE92_STU03328,TORONTO_TRE92_0256
TORONTO_TRE92_STU03329,TORONTO_TRE92_0094
TORONTO_TRE92_STU03329,TORONTO_TRE92_0174
TORONTO_TRE92_STU03329,TORONTO_TRE92_0175
TORONTO_TRE92_STU03329,TORONTO_TRE92_0214
TORONTO_TRE92_STU03329,TORONTO_TRE92_0233
TORONTO_TRE92_STU03330,TORONTO_TRE92_0081
TORONTO_TRE92_STU03330,TORONTO_TRE92_0115
TORONTO_TRE92_STU03330,TORONTO_TRE92_0139
TORONTO_TRE92_STU03330,TORONTO_TRE92_0201
TORONTO_TRE92_STU03330,TORONTO_TRE92_0246
TORONTO_TRE92_STU03331,TORONTO_TRE92_0001
TORONTO_TRE92_STU03331,TORONTO_TRE92_0096
TORONTO_TRE92_STU03331,TORONTO_TRE92_0154
TORONTO_TRE92_STU03331,TORONTO_TRE92_0215
TORONTO_TRE92_STU03332,TORONTO_TRE92_0011
TORONTO_TRE92_STU03332,TORONTO_TRE92_0094
TORONTO_TRE92_STU03332,TORONTO_TRE92_0154
TORONTO_TRE92_STU03332,TORONTO_TRE92_0188
TORONTO_TRE92_STU03333,TORONTO_TRE92_0028
TORONTO_TRE92_STU03333,TORONTO_TRE92_0053
TORONTO_TRE92_STU03333,TORONTO_TRE92_0115
TORONTO_TRE92_STU03333,TORONTO_TRE92_0184
TORONTO_TRE92_STU03333,TORONTO_TRE92_0215
TORONTO_TRE92_STU03334,TORONTO_TRE92_0094
TORONTO_TRE92_STU03334,TORONTO_TRE92_0154
TORONTO_TRE92_STU03334,TORONTO_TRE92_0172
TORONTO_TRE92_STU03334,TORONTO_TRE92_0215
TORONTO_TRE92_STU03334,TORONTO_TRE92_0246
TORONTO_TRE92_STU03335,TORONTO_TRE92_0011
TORONTO_TRE92_STU03335,TORONTO_TRE92_0094
TORONTO_TRE92_STU03335,TORONTO_TRE92_0154
TORONTO_TRE92_STU03335,TORONTO_TRE92_0192
TORONTO_TRE92_STU03336,TORONTO_TRE92_0011
TORONTO_TRE92_STU03336,TORONTO_TRE92_0050
TORONTO_TRE92_STU03336,TORONTO_TRE92_0115
TORONTO_TRE92_STU03336,TORONTO_TRE92_0139
TORONTO_TRE92_STU03336,TORONTO_TRE92_0188
TORONTO_TRE92_STU03337,TORONTO_TRE92_0080
TORONTO_TRE92_STU03337,TORONTO_TRE92_0096
TORONTO_TRE92_STU03337,TORONTO_TRE92_0115
TORONTO_TRE92_STU03337,TORONTO_TRE92_0139
TORONTO_TRE92_STU03337,TORONTO_TRE92_0192
TORONTO_TRE92_STU03338,TORONTO_TRE92_0096
TORONTO_TRE92_STU03338,TORONTO_TRE92_0153
TORONTO_TRE92_STU03338,TORONTO_TRE92_0188
TORONTO_TRE92_STU03338,TORONTO_TRE92_0214
TORONTO_TRE92_STU03338,TORONTO_TRE92_0245
TORONTO_TRE92_STU03339,TORONTO_TRE92_0096
TORONTO_TRE92_STU03339,TORONTO_TRE92_0153
TORONTO_TRE92_STU03339,TORONTO_TRE92_0188
TORONTO_TRE92_STU03339,TORONTO_TRE92_0214
TORONTO_TRE92_STU03339,TORONTO_TRE92_0245
TORONTO_TRE92_STU03340,TORONTO_TRE92_0011
TORONTO_TRE92_STU03340,TORONTO_TRE92_0028
TORONTO_TRE92_STU03340,TORONTO_TRE92_0115
TORONTO_TRE92_STU03340,TORONTO_TRE92_0184
TORONTO_TRE92_STU03341,TORONTO_TRE92_0080
TORONTO_TRE92_STU03341,TORONTO_TRE92_0115
TORONTO_TRE92_STU03341,TORONTO_TRE92_0173
TORONTO_TRE92_STU03341,TORONTO_TRE92_0192
TORONTO_TRE92_STU03341,TORONTO_TRE92_0246
TORONTO_TRE92_STU03342,TORONTO_TRE92_0072
TORONTO_TRE92_STU03342,TORONTO_TRE92_0115
TORONTO_TRE92_STU03342,TORONTO_TRE92_0139
TORONTO_TRE92_STU03342,TORONTO_TRE92_0153
TORONTO_TRE92_STU03343,TORONTO_TRE92_0072
TORONTO_TRE92_STU03343,TORONTO_TRE92_0188
TORONTO_TRE92_STU03343,TORONTO_TRE92_0215
TORONTO_TRE92_STU03343,TORONTO_TRE92_0246
TORONTO_TRE92_STU03344,TORONTO_TRE92_0094
TORONTO_TRE92_STU03344,TORONTO_TRE92_0154
TORONTO_TRE92_STU03344,TORONTO_TRE92_0215
TORONTO_TRE92_STU03345,TORONTO_TRE92_0050
TORONTO_TRE92_STU03345,TORONTO_TRE92_0139
TORONTO_TRE92_STU03345,TORONTO_TRE92_0215
TORONTO_TRE92_STU03345,TORONTO_TRE92_0246
TORONTO_TRE92_STU03345,TORONTO_TRE92_0256
TORONTO_TRE92_STU03346,TORONTO_TRE92_0072
TORONTO_TRE92_STU03346,TORONTO_TRE92_0081
TORONTO_TRE92_STU03346,TORONTO_TRE92_0095
TORONTO_TRE92_STU03346,TORONTO_TRE92_0153
TORONTO_TRE92_STU03346,TORONTO_TRE92_0214
TORONTO_TRE92_STU03347,TORONTO_TRE92_0028
TORONTO_TRE92_STU03347,TORONTO_TRE92_0053
TORONTO_TRE92_STU03347,TORONTO_TRE92_0072
TORONTO_TRE92_STU03347,TORONTO_TRE92_0115
TORONTO_TRE92_STU03348,TORONTO_TRE92_0070
TORONTO_TRE92_STU03348,TORONTO_TRE92_0096
TORONTO_TRE92_STU03348,TORONTO_TRE92_0192
TORONTO_TRE92_STU03348,TORONTO_TRE92_0246
TORONTO_TRE92_STU03349,TORONTO_TRE92_0011
TORONTO_TRE92_STU03349,TORONTO_TRE92_0095
TORONTO_TRE92_STU03349,TORONTO_TRE92_0115
TORONTO_TRE92_STU03349,TORONTO_TRE92_0139
TORONTO_TRE92_STU03350,TORONTO_TRE92_0028
TORONTO_TRE92_STU03350,TORONTO_TRE92_0053
TORONTO_TRE92_STU03350,TORONTO_TRE92_0072
TORONTO_TRE92_STU03350,TORONTO_TRE92_0174
TORONTO_TRE92_STU03350,TORONTO_TRE92_0234
TORONTO_TRE92_STU03351,TORONTO_TRE92_0095
TORONTO_TRE92_STU03351,TORONTO_TRE92_0192
TORONTO_TRE92_STU03351,TORONTO_TRE92_0196
TORONTO_TRE92_STU03352,TORONTO_TRE92_0011
TORONTO_TRE92_STU03352,TORONTO_TRE92_0121
TORONTO_TRE92_STU03352,TORONTO_TRE92_0130
TORONTO_TRE92_STU03352,TORONTO_TRE92_0187
TORONTO_TRE92_STU03352,TORONTO_TRE92_0188
TORONTO_TRE92_STU03353,TORONTO_TRE92_0028
TORONTO_TRE92_STU03353,TORONTO_TRE92_0053
TORONTO_TRE92_STU03353,TORONTO_TRE92_0174
TORONTO_TRE92_STU03353,TORONTO_TRE92_0192
TORONTO_TRE92_STU03353,TORONTO_TRE92_0233
TORONTO_TRE92_STU03354,TORONTO_TRE92_0001
TORONTO_TRE92_STU03354,TORONTO_TRE92_0011
TORONTO_TRE92_STU03354,TORONTO_TRE92_0173
TORONTO_TRE92_STU03354,TORONTO_TRE92_0246
TORONTO_TRE92_STU03355,TORONTO_TRE92_0011
TORONTO_TRE92_STU03355,TORONTO_TRE92_0154
TORONTO_TRE92_STU03355,TORONTO_TRE92_0173
TORONTO_TRE92_STU03355,TORONTO_TRE92_0214
TORONTO_TRE92_STU03355,TORONTO_TRE92_0246
TORONTO_TRE92_STU03356,TORONTO_TRE92_0028
TORONTO_TRE92_STU03356,TORONTO_TRE92_0120
TORONTO_TRE92_STU03356,TORONTO_TRE92_0174
TORONTO_TRE92_STU03356,TORONTO_TRE92_0175
TORONTO_TRE92_STU03356,TORONTO_TRE92_0214
TORONTO_TRE92_STU03357,TORONTO_TRE92_0050
TORONTO_TRE92_STU03357,TORONTO_TRE92_0072
TORONTO_TRE92_STU03357,TORONTO_TRE92_0214
TORONTO_TRE92_STU03357,TORONTO_TRE92_0246
TORONTO_TRE92_STU03357,TORONTO_TRE92_0256
TORONTO_TRE92_STU03358,TORONTO_TRE92_0011
TORONTO_TRE92_STU03358,TORONTO_TRE92_0121
TORONTO_TRE92_STU03358,TORONTO_TRE92_0139
TORONTO_TRE92_STU03358,TORONTO_TRE92_0188
TORONTO_TRE92_STU03358,TORONTO_TRE92_0214
TORONTO_TRE92_STU03359,TORONTO_TRE92_0096
TORONTO_TRE92_STU03359,TORONTO_TRE92_0153
TORONTO_TRE92_STU03359,TORONTO_TRE92_0188
TORONTO_TRE92_STU03359,TORONTO_TRE92_0215
TORONTO_TRE92_STU03360,TORONTO_TRE92_0028
TORONTO_TRE92_STU03360,TORONTO_TRE92_0095
TORONTO_TRE92_STU03360,TORONTO_TRE92_0188
TORONTO_TRE92_STU03360,TORONTO_TRE92_0215
TORONTO_TRE92_STU03360,TORONTO_TRE92_0246
TORONTO_TRE92_STU03361,TORONTO_TRE92_0001
TORONTO_TRE92_STU03361,TORONTO_TRE92_0081
TORONTO_TRE92_STU03361,TORONTO_TRE92_0215
TORONTO_TRE92_STU03361,TORONTO_TRE92_0246
TORONTO_TRE92_STU03362,TORONTO_TRE92_0001
TORONTO_TRE92_STU03362,TORONTO_TRE92_0081
TORONTO_TRE92_STU03362,TORONTO_TRE92_0173
TORONTO_TRE92_STU03362,TORONTO_TRE92_0201
TORONTO_TRE92_STU03363,TORONTO_TRE92_0095
TORONTO_TRE92_STU03363,TORONTO_TRE92_0115
TORONTO_TRE92_STU03363,TORONTO_TRE92_0188
TORONTO_TRE92_STU03363,TORONTO_TRE92_0193
TORONTO_TRE92_STU03363,TORONTO_TRE92_0201
TORONTO_TRE92_STU03364,TORONTO_TRE92_0050
TORONTO_TRE92_STU03364,TORONTO_TRE92_0121
TORONTO_TRE92_STU03364,TORONTO_TRE92_0215
TORONTO_TRE92_STU03364,TORONTO_TRE92_0245
TORONTO_TRE92_STU03364,TORONTO_TRE92_0256
TORONTO_TRE92_STU03365,TORONTO_TRE92_0011
TORONTO_TRE92_STU03365,TORONTO_TRE92_0013
TORONTO_TRE92_STU03365,TORONTO_TRE92_0153
TORONTO_TRE92_STU03365,TORONTO_TRE92_0192
TORONTO_TRE92_STU03365,TORONTO_TRE92_0201
TORONTO_TRE92_STU03366,TORONTO_TRE92_0070
TORONTO_TRE92_STU03366,TORONTO_TRE92_0095
TORONTO_TRE92_STU03366,TORONTO_TRE92_0214
TORONTO_TRE92_STU03366,TORONTO_TRE92_0246
TORONTO_TRE92_STU03367,TORONTO_TRE92_0011
TORONTO_TRE92_STU03367,TORONTO_TRE92_0065
TORONTO_TRE92_STU03367,TORONTO_TRE92_0153
TORONTO_TRE92_STU03367,TORONTO_TRE92_0192
TORONTO_TRE92_STU03367,TORONTO_TRE92_0201
TORONTO_TRE92_STU03368,TORONTO_TRE92_0011
TORONTO_TRE92_STU03368,TORONTO_TRE92_0095
TORONTO_TRE92_STU03368,TORONTO_TRE92_0139
TORONTO_TRE92_STU03368,TORONTO_TRE92_0215
TORONTO_TRE92_STU03368,TORONTO_TRE92_0256
TORONTO_TRE92_STU03369,TORONTO_TRE92_0001
TORONTO_TRE92_STU03369,TORONTO_TRE92_0072
TORONTO_TRE92_STU03369,TORONTO_TRE92_0080
TORONTO_TRE92_STU03369,TORONTO_TRE92_0201
TORONTO_TRE92_STU03370,TORONTO_TRE92_0050
TORONTO_TRE92_STU03370,TORONTO_TRE92_0096
TORONTO_TRE92_STU03370,TORONTO_TRE92_0154
TORONTO_TRE92_STU03370,TORONTO_TRE92_0188
TORONTO_TRE92_STU03370,TORONTO_TRE92_0246
TORONTO_TRE92_STU03371,TORONTO_TRE92_0192
TORONTO_TRE92_STU03371,TORONTO_TRE92_0215
TORONTO_TRE92_STU03371,TORONTO_TRE92_0234
TORONTO_TRE92_STU03371,TORONTO_TRE92_0256
TORONTO_TRE92_STU03372,TORONTO_TRE92_0095
TORONTO_TRE92_STU03372,TORONTO_TRE92_0153
TORONTO_TRE92_STU03372,TORONTO_TRE92_0192
TORONTO_TRE92_STU03372,TORONTO_TRE92_0246
TORONTO_TRE92_STU03373,TORONTO_TRE92_0011
TORONTO_TRE92_STU03373,TORONTO_TRE92_0115
TORONTO_TRE92_STU03373,TORONTO_TRE92_0139
TORONTO_TRE92_STU03373,TORONTO_TRE92_0215
TORONTO_TRE92_STU03374,TORONTO_TRE92_0001
TORONTO_TRE92_STU03374,TORONTO_TRE92_0081
TORONTO_TRE92_STU03374,TORONTO_TRE92_0193
TORONTO_TRE92_STU03374,TORONTO_TRE92_0201
TORONTO_TRE92_STU03375,TORONTO_TRE92_0011
TORONTO_TRE92_STU03375,TORONTO_TRE92_0188
TORONTO_TRE92_STU03375,TORONTO_TRE92_0192
TORONTO_TRE92_STU03375,TORONTO_TRE92_0214
TORONTO_TRE92_STU03375,TORONTO_TRE92_0246
TORONTO_TRE92_STU03376,TORONTO_TRE92_0120
TORONTO_TRE92_STU03376,TORONTO_TRE92_0154
TORONTO_TRE92_STU03376,TORONTO_TRE92_0174
TORONTO_TRE92_STU03376,TORONTO_TRE92_0175
TORONTO_TRE92_STU03376,TORONTO_TRE92_0214
TORONTO_TRE92_STU03377,TORONTO_TRE92_0028
TORONTO_TRE92_STU03377,TORONTO_TRE92_0053
TORONTO_TRE92_STU03377,TORONTO_TRE92_0115
TORONTO_TRE92_STU03377,TORONTO_TRE92_0174
TORONTO_TRE92_STU03377,TORONTO_TRE92_0214
TORONTO_TRE92_STU03378,TORONTO_TRE92_0011
TORONTO_TRE92_STU03378,TORONTO_TRE92_0028
TORONTO_TRE92_STU03378,TORONTO_TRE92_0139
TORONTO_TRE92_STU03378,TORONTO_TRE92_0234
TORONTO_TRE92_STU03378,TORONTO_TRE92_0256
TORONTO_TRE92_STU03379,TORONTO_TRE92_0011
TORONTO_TRE92_STU03379,TORONTO_TRE92_0096
TORONTO_TRE92_STU03379,TORONTO_TRE92_0154
TORONTO_TRE92_STU03379,TORONTO_TRE92_0192
TORONTO_TRE92_STU03379,TORONTO_TRE92_0214
TORONTO_TRE92_STU03380,TORONTO_TRE92_0011
TORONTO_TRE92_STU03380,TORONTO_TRE92_0115
TORONTO_TRE92_STU03380,TORONTO_TRE92_0139
TORONTO_TRE92_STU03380,TORONTO_TRE92_0184
TORONTO_TRE92_STU03380,TORONTO_TRE92_0188
TORONTO_TRE92_STU03381,TORONTO_TRE92_0096
TORONTO_TRE92_STU03381,TORONTO_TRE92_0175
TORONTO_TRE92_STU03381,TORONTO_TRE92_0215
TORONTO_TRE92_STU03381,TORONTO_TRE92_0234
TORONTO_TRE92_STU03381,TORONTO_TRE92_0245
TORONTO_TRE92_STU03382,TORONTO_TRE92_0050
TORONTO_TRE92_STU03382,TORONTO_TRE92_0096
TORONTO_TRE92_STU03382,TORONTO_TRE92_0154
TORONTO_TRE92_STU03382,TORONTO_TRE92_0188
TORONTO_TRE92_STU03383,TORONTO_TRE92_0011
TORONTO_TRE92_STU03383,TORONTO_TRE92_0115
TORONTO_TRE92_STU03383,TORONTO_TRE92_0139
TORONTO_TRE92_STU03383,TORONTO_TRE92_0184
TORONTO_TRE92_STU03383,TORONTO_TRE92_0188
TORONTO_TRE92_STU03384,TORONTO_TRE92_0095
TORONTO_TRE92_STU03384,TORONTO_TRE92_0115
TORONTO_TRE92_STU03384,TORONTO_TRE92_0154
TORONTO_TRE92_STU03384,TORONTO_TRE92_0193
TORONTO_TRE92_STU03385,TORONTO_TRE92_0153
TORONTO_TRE92_STU03385,TORONTO_TRE92_0188
TORONTO_TRE92_STU03385,TORONTO_TRE92_0201
TORONTO_TRE92_STU03385,TORONTO_TRE92_0215
TORONTO_TRE92_STU03385,TORONTO_TRE92_0245
TORONTO_TRE92_STU03386,TORONTO_TRE92_0001
TORONTO_TRE92_STU03386,TORONTO_TRE92_0072
TORONTO_TRE92_STU03386,TORONTO_TRE92_0080
TORONTO_TRE92_STU03386,TORONTO_TRE92_0174
TORONTO_TRE92_STU03386,TORONTO_TRE92_0246
TORONTO_TRE92_STU03387,TORONTO_TRE92_0011
TORONTO_TRE92_STU03387,TORONTO_TRE92_0094
TORONTO_TRE92_STU03387,TORONTO_TRE92_0154
TORONTO_TRE92_STU03387,TORONTO_TRE92_0201
TORONTO_TRE92_STU03388,TORONTO_TRE92_0050
TORONTO_TRE92_STU03388,TORONTO_TRE92_0154
TORONTO_TRE92_STU03388,TORONTO_TRE92_0245
TORONTO_TRE92_STU03389,TORONTO_TRE92_0028
TORONTO_TRE92_STU03389,TORONTO_TRE92_0115
TORONTO_TRE92_STU03389,TORONTO_TRE92_0139
TORONTO_TRE92_STU03389,TORONTO_TRE92_0184
TORONTO_TRE92_STU03389,TORONTO_TRE92_0214
TORONTO_TRE92_STU03390,TORONTO_TRE92_0050
TORONTO_TRE92_STU03390,TORONTO_TRE92_0193
TORONTO_TRE92_STU03390,TORONTO_TRE92_0214
TORONTO_TRE92_STU03390,TORONTO_TRE92_0246
TORONTO_TRE92_STU03391,TORONTO_TRE92_0081
TORONTO_TRE92_STU03391,TORONTO_TRE92_0094
TORONTO_TRE92_STU03391,TORONTO_TRE92_0127
TORONTO_TRE92_STU03391,TORONTO_TRE92_0154
TORONTO_TRE92_STU03391,TORONTO_TRE92_0214
TORONTO_TRE92_STU03392,TORONTO_TRE92_0011
TORONTO_TRE92_STU03392,TORONTO_TRE92_0154
TORONTO_TRE92_STU03392,TORONTO_TRE92_0192
TORONTO_TRE92_STU03392,TORONTO_TRE92_0214
TORONTO_TRE92_STU03392,TORONTO_TRE92_0246
TORONTO_TRE92_STU03393,TORONTO_TRE92_0011
TORONTO_TRE92_STU03393,TORONTO_TRE92_0094
TORONTO_TRE92_STU03393,TORONTO_TRE92_0154
TORONTO_TRE92_STU03393,TORONTO_TRE92_0192
TORONTO_TRE92_STU03394,TORONTO_TRE92_0121
TORONTO_TRE92_STU03394,TORONTO_TRE92_0154
TORONTO_TRE92_STU03394,TORONTO_TRE92_0187
TORONTO_TRE92_STU03394,TORONTO_TRE92_0188
TORONTO_TRE92_STU03394,TORONTO_TRE92_0214
TORONTO_TRE92_STU03395,TORONTO_TRE92_0096
TORONTO_TRE92_STU03395,TORONTO_TRE92_0188
TORONTO_TRE92_STU03395,TORONTO_TRE92_0192
TORONTO_TRE92_STU03395,TORONTO_TRE92_0215
TORONTO_TRE92_STU03395,TORONTO_TRE92_0246
TORONTO_TRE92_STU03396,TORONTO_TRE92_0094
TORONTO_TRE92_STU03396,TORONTO_TRE92_0139
TORONTO_TRE92_STU03396,TORONTO_TRE92_0154
TORONTO_TRE92_STU03396,TORONTO_TRE92_0192
TORONTO_TRE92_STU03396,TORONTO_TRE92_0214
TORONTO_TRE92_STU03397,TORONTO_TRE92_0095
TORONTO_TRE92_STU03397,TORONTO_TRE92_0153
TORONTO_TRE92_STU03397,TORONTO_TRE92_0187
TORONTO_TRE92_STU03397,TORONTO_TRE92_0188
TORONTO_TRE92_STU03397,TORONTO_TRE92_0214
TORONTO_TRE92_STU03398,TORONTO_TRE92_0094
TORONTO_TRE92_STU03398,TORONTO_TRE92_0174
TORONTO_TRE92_STU03398,TORONTO_TRE92_0192
TORONTO_TRE92_STU03398,TORONTO_TRE92_0214
TORONTO_TRE92_STU03399,TORONTO_TRE92_0011
TORONTO_TRE92_STU03399,TORONTO_TRE92_0096
TORONTO_TRE92_STU03399,TORONTO_TRE92_0154
TORONTO_TRE92_STU03399,TORONTO_TRE92_0192
TORONTO_TRE92_STU03399,TORONTO_TRE92_0214
TORONTO_TRE92_STU03400,TORONTO_TRE92_0027
TORONTO_TRE92_STU03400,TORONTO_TRE92_0053
TORONTO_TRE92_STU03400,TORONTO_TRE92_0115
TORONTO_TRE92_STU03400,TORONTO_TRE92_0184
TORONTO_TRE92_STU03400,TORONTO_TRE92_0192
TORONTO_TRE92_STU03401,TORONTO_TRE92_0001
TORONTO_TRE92_STU03401,TORONTO_TRE92_0050
TORONTO_TRE92_STU03401,TORONTO_TRE92_0081
TORONTO_TRE92_STU03401,TORONTO_TRE92_0201
TORONTO_TRE92_STU03401,TORONTO_TRE92_0215
TORONTO_TRE92_STU03402,TORONTO_TRE92_0011
TORONTO_TRE92_STU03402,TORONTO_TRE92_0028
TORONTO_TRE92_STU03402,TORONTO_TRE92_0115
TORONTO_TRE92_STU03402,TORONTO_TRE92_0139
TORONTO_TRE92_STU03403,TORONTO_TRE92_0050
TORONTO_TRE92_STU03403,TORONTO_TRE92_0096
TORONTO_TRE92_STU03403,TORONTO_TRE92_0174
TORONTO_TRE92_STU03403,TORONTO_TRE92_0175
TORONTO_TRE92_STU03403,TORONTO_TRE92_0214
TORONTO_TRE92_STU03404,TORONTO_TRE92_0011
TORONTO_TRE92_STU03404,TORONTO_TRE92_0129
TORONTO_TRE92_STU03404,TORONTO_TRE92_0153
TORONTO_TRE92_STU03404,TORONTO_TRE92_0214
TORONTO_TRE92_STU03404,TORONTO_TRE92_0246
TORONTO_TRE92_STU03405,TORONTO_TRE92_0011
TORONTO_TRE92_STU03405,TORONTO_TRE92_0132
TORONTO_TRE92_STU03405,TORONTO_TRE92_0192
TORONTO_TRE92_STU03405,TORONTO_TRE92_0215
TORONTO_TRE92_STU03406,TORONTO_TRE92_0001
TORONTO_TRE92_STU03406,TORONTO_TRE92_0081
TORONTO_TRE92_STU03406,TORONTO_TRE92_0153
TORONTO_TRE92_STU03406,TORONTO_TRE92_0188
TORONTO_TRE92_STU03406,TORONTO_TRE92_0201
TORONTO_TRE92_STU03407,TORONTO_TRE92_0070
TORONTO_TRE92_STU03407,TORONTO_TRE92_0095
TORONTO_TRE92_STU03407,TORONTO_TRE92_0192
TORONTO_TRE92_STU03408,TORONTO_TRE92_0011
TORONTO_TRE92_STU03408,TORONTO_TRE92_0094
TORONTO_TRE92_STU03408,TORONTO_TRE92_0154
TORONTO_TRE92_STU03408,TORONTO_TRE92_0214
TORONTO_TRE92_STU03408,TORONTO_TRE92_0246
TORONTO_TRE92_STU03409,TORONTO_TRE92_0070
TORONTO_TRE92_STU03409,TORONTO_TRE92_0094
TORONTO_TRE92_STU03409,TORONTO_TRE92_0121
TORONTO_TRE92_STU03409,TORONTO_TRE92_0246
TORONTO_TRE92_STU03410,TORONTO_TRE92_0050
TORONTO_TRE92_STU03410,TORONTO_TRE92_0121
TORONTO_TRE92_STU03410,TORONTO_TRE92_0139
TORONTO_TRE92_STU03410,TORONTO_TRE92_0214
TORONTO_TRE92_STU03410,TORONTO_TRE92_0245
TORONTO_TRE92_STU03411,TORONTO_TRE92_0070
TORONTO_TRE92_STU03411,TORONTO_TRE92_0095
TORONTO_TRE92_STU03411,TORONTO_TRE92_0154
TORONTO_TRE92_STU03411,TORONTO_TRE92_0193
TORONTO_TRE92_STU03412,TORONTO_TRE92_0011
TORONTO_TRE92_STU03412,TORONTO_TRE92_0096
TORONTO_TRE92_STU03412,TORONTO_TRE92_0188
TORONTO_TRE92_STU03412,TORONTO_TRE92_0192
TORONTO_TRE92_STU03412,TORONTO_TRE92_0214
TORONTO_TRE92_STU03413,TORONTO_TRE92_0094
TORONTO_TRE92_STU03413,TORONTO_TRE92_0192
TORONTO_TRE92_STU03413,TORONTO_TRE92_0215
TORONTO_TRE92_STU03414,TORONTO_TRE92_0011
TORONTO_TRE92_STU03414,TORONTO_TRE92_0028
TORONTO_TRE92_STU03414,TORONTO_TRE92_0115
TORONTO_TRE92_STU03414,TORONTO_TRE92_0214
TORONTO_TRE92_STU03415,TORONTO_TRE92_0052
TORONTO_TRE92_STU03415,TORONTO_TRE92_0053
TORONTO_TRE92_STU03415,TORONTO_TRE92_0115
TORONTO_TRE92_STU03415,TORONTO_TRE92_0174
TORONTO_TRE92_STU03415,TORONTO_TRE92_0234
TORONTO_TRE92_STU03416,TORONTO_TRE92_0011
TORONTO_TRE92_STU03416,TORONTO_TRE92_0096
TORONTO_TRE92_STU03416,TORONTO_TRE92_0154
TORONTO_TRE92_STU03416,TORONTO_TRE92_0192
TORONTO_TRE92_STU03417,TORONTO_TRE92_0094
TORONTO_TRE92_STU03417,TORONTO_TRE92_0154
TORONTO_TRE92_STU03417,TORONTO_TRE92_0188
TORONTO_TRE92_STU03417,TORONTO_TRE92_0192
TORONTO_TRE92_STU03417,TORONTO_TRE92_0215
TORONTO_TRE92_STU03418,TORONTO_TRE92_0027
TORONTO_TRE92_STU03418,TORONTO_TRE92_0115
TORONTO_TRE92_STU03418,TORONTO_TRE92_0139
TORONTO_TRE92_STU03418,TORONTO_TRE92_0153
TORONTO_TRE92_STU03418,TORONTO_TRE92_0184
TORONTO_TRE92_STU03419,TORONTO_TRE92_0070
TORONTO_TRE92_STU03419,TORONTO_TRE92_0094
TORONTO_TRE92_STU03419,TORONTO_TRE92_0192
TORONTO_TRE92_STU03419,TORONTO_TRE92_0201
TORONTO_TRE92_STU03420,TORONTO_TRE92_0027
TORONTO_TRE92_STU03420,TORONTO_TRE92_0053
TORONTO_TRE92_STU03420,TORONTO_TRE92_0115
TORONTO_TRE92_STU03420,TORONTO_TRE92_0192
TORONTO_TRE92_STU03420,TORONTO_TRE92_0215
TORONTO_TRE92_STU03421,TORONTO_TRE92_0094
TORONTO_TRE92_STU03421,TORONTO_TRE92_0115
TORONTO_TRE92_STU03421,TORONTO_TRE92_0192
TORONTO_TRE92_STU03421,TORONTO_TRE92_0215
TORONTO_TRE92_STU03422,TORONTO_TRE92_0072
TORONTO_TRE92_STU03422,TORONTO_TRE92_0154
TORONTO_TRE92_STU03422,TORONTO_TRE92_0174
TORONTO_TRE92_STU03422,TORONTO_TRE92_0175
TORONTO_TRE92_STU03422,TORONTO_TRE92_0215
TORONTO_TRE92_STU03423,TORONTO_TRE92_0050
TORONTO_TRE92_STU03423,TORONTO_TRE92_0153
TORONTO_TRE92_STU03423,TORONTO_TRE92_0188
TORONTO_TRE92_STU03423,TORONTO_TRE92_0214
TORONTO_TRE92_STU03423,TORONTO_TRE92_0246
TORONTO_TRE92_STU03424,TORONTO_TRE92_0115
TORONTO_TRE92_STU03424,TORONTO_TRE92_0188
TORONTO_TRE92_STU03424,TORONTO_TRE92_0214
TORONTO_TRE92_STU03424,TORONTO_TRE92_0246
TORONTO_TRE92_STU03424,TORONTO_TRE92_0256
TORONTO_TRE92_STU03425,TORONTO_TRE92_0096
TORONTO_TRE92_STU03425,TORONTO_TRE92_0192
TORONTO_TRE92_STU03425,TORONTO_TRE92_0214
TORONTO_TRE92_STU03425,TORONTO_TRE92_0246
TORONTO_TRE92_STU03426,TORONTO_TRE92_0001
TORONTO_TRE92_STU03426,TORONTO_TRE92_0072
TORONTO_TRE92_STU03426,TORONTO_TRE92_0081
TORONTO_TRE92_STU03426,TORONTO_TRE92_0153
TORONTO_TRE92_STU03426,TORONTO_TRE92_0201
TORONTO_TRE92_STU03427,TORONTO_TRE92_0011
TORONTO_TRE92_STU03427,TORONTO_TRE92_0028
TORONTO_TRE92_STU03427,TORONTO_TRE92_0115
TORONTO_TRE92_STU03427,TORONTO_TRE92_0215
TORONTO_TRE92_STU03427,TORONTO_TRE92_0246
TORONTO_TRE92_STU03428,TORONTO_TRE92_0011
TORONTO_TRE92_STU03428,TORONTO_TRE92_0065
TORONTO_TRE92_STU03428,TORONTO_TRE92_0154
TORONTO_TRE92_STU03428,TORONTO_TRE92_0188
TORONTO_TRE92_STU03428,TORONTO_TRE92_0192
TORONTO_TRE92_STU03429,TORONTO_TRE92_0001
TORONTO_TRE92_STU03429,TORONTO_TRE92_0080
TORONTO_TRE92_STU03429,TORONTO_TRE92_0173
TORONTO_TRE92_STU03429,TORONTO_TRE92_0192
TORONTO_TRE92_STU03429,TORONTO_TRE92_0246
TORONTO_TRE92_STU03430,TORONTO_TRE92_0011
TORONTO_TRE92_STU03430,TORONTO_TRE92_0096
TORONTO_TRE92_STU03430,TORONTO_TRE92_0120
TORONTO_TRE92_STU03430,TORONTO_TRE92_0215
TORONTO_TRE92_STU03430,TORONTO_TRE92_0245
TORONTO_TRE92_STU03431,TORONTO_TRE92_0011
TORONTO_TRE92_STU03431,TORONTO_TRE92_0050
TORONTO_TRE92_STU03431,TORONTO_TRE92_0120
TORONTO_TRE92_STU03431,TORONTO_TRE92_0215
TORONTO_TRE92_STU03431,TORONTO_TRE92_0245
TORONTO_TRE92_STU03432,TORONTO_TRE92_0115
TORONTO_TRE92_STU03432,TORONTO_TRE92_0188
TORONTO_TRE92_STU03432,TORONTO_TRE92_0215
TORONTO_TRE92_STU03432,TORONTO_TRE92_0246
TORONTO_TRE92_STU03432,TORONTO_TRE92_0256
TORONTO_TRE92_STU03433,TORONTO_TRE92_0011
TORONTO_TRE92_STU03433,TORONTO_TRE92_0192
TORONTO_TRE92_STU03433,TORONTO_TRE92_0201
TORONTO_TRE92_STU03433,TORONTO_TRE92_0215
TORONTO_TRE92_STU03434,TORONTO_TRE92_0011
TORONTO_TRE92_STU03434,TORONTO_TRE92_0028
TORONTO_TRE92_STU03434,TORONTO_TRE92_0072
TORONTO_TRE92_STU03434,TORONTO_TRE92_0115
TORONTO_TRE92_STU03434,TORONTO_TRE92_0139
TORONTO_TRE92_STU03435,TORONTO_TRE92_0070
TORONTO_TRE92_STU03435,TORONTO_TRE92_0094
TORONTO_TRE92_STU03435,TORONTO_TRE92_0184
TORONTO_TRE92_STU03435,TORONTO_TRE92_0193
TORONTO_TRE92_STU03435,TORONTO_TRE92_0214
TORONTO_TRE92_STU03436,TORONTO_TRE92_0094
TORONTO_TRE92_STU03436,TORONTO_TRE92_0174
TORONTO_TRE92_STU03436,TORONTO_TRE92_0193
TORONTO_TRE92_STU03436,TORONTO_TRE92_0246
TORONTO_TRE92_STU03437,TORONTO_TRE92_0095
TORONTO_TRE92_STU03437,TORONTO_TRE92_0154
TORONTO_TRE92_STU03437,TORONTO_TRE92_0193
TORONTO_TRE92_STU03438,TORONTO_TRE92_0053
TORONTO_TRE92_STU03438,TORONTO_TRE92_0115
TORONTO_TRE92_STU03438,TORONTO_TRE92_0215
TORONTO_TRE92_STU03438,TORONTO_TRE92_0234
TORONTO_TRE92_STU03438,TORONTO_TRE92_0245
TORONTO_TRE92_STU03439,TORONTO_TRE92_0095
TORONTO_TRE92_STU03439,TORONTO_TRE92_0153
TORONTO_TRE92_STU03439,TORONTO_TRE92_0192
TORONTO_TRE92_STU03440,TORONTO_TRE92_0011
TORONTO_TRE92_STU03440,TORONTO_TRE92_0154
TORONTO_TRE92_STU03440,TORONTO_TRE92_0192
TORONTO_TRE92_STU03440,TORONTO_TRE92_0201
TORONTO_TRE92_STU03440,TORONTO_TRE92_0246
TORONTO_TRE92_STU03441,TORONTO_TRE92_0214
TORONTO_TRE92_STU03442,TORONTO_TRE92_0081
TORONTO_TRE92_STU03442,TORONTO_TRE92_0129
TORONTO_TRE92_STU03442,TORONTO_TRE92_0154
TORONTO_TRE92_STU03442,TORONTO_TRE92_0187
TORONTO_TRE92_STU03442,TORONTO_TRE92_0192
TORONTO_TRE92_STU03443,TORONTO_TRE92_0011
TORONTO_TRE92_STU03443,TORONTO_TRE92_0050
TORONTO_TRE92_STU03443,TORONTO_TRE92_0115
TORONTO_TRE92_STU03443,TORONTO_TRE92_0139
TORONTO_TRE92_STU03443,TORONTO_TRE92_0214
TORONTO_TRE92_STU03444,TORONTO_TRE92_0050
TORONTO_TRE92_STU03444,TORONTO_TRE92_0094
TORONTO_TRE92_STU03444,TORONTO_TRE92_0139
TORONTO_TRE92_STU03444,TORONTO_TRE92_0154
TORONTO_TRE92_STU03444,TORONTO_TRE92_0215
TORONTO_TRE92_STU03445,TORONTO_TRE92_0011
TORONTO_TRE92_STU03445,TORONTO_TRE92_0096
TORONTO_TRE92_STU03445,TORONTO_TRE92_0188
TORONTO_TRE92_STU03445,TORONTO_TRE92_0215
TORONTO_TRE92_STU03446,TORONTO_TRE92_0096
TORONTO_TRE92_STU03446,TORONTO_TRE92_0153
TORONTO_TRE92_STU03446,TORONTO_TRE92_0173
TORONTO_TRE92_STU03446,TORONTO_TRE92_0214
TORONTO_TRE92_STU03446,TORONTO_TRE92_0246
TORONTO_TRE92_STU03447,TORONTO_TRE92_0011
TORONTO_TRE92_STU03447,TORONTO_TRE92_0096
TORONTO_TRE92_STU03447,TORONTO_TRE92_0154
TORONTO_TRE92_STU03447,TORONTO_TRE92_0215
TORONTO_TRE92_STU03447,TORONTO_TRE92_0246
TORONTO_TRE92_STU03448,TORONTO_TRE92_0050
TORONTO_TRE92_STU03448,TORONTO_TRE92_0115
TORONTO_TRE92_STU03448,TORONTO_TRE92_0154
TORONTO_TRE92_STU03448,TORONTO_TRE92_0188
TORONTO_TRE92_STU03448,TORONTO_TRE92_0193
TORONTO_TRE92_STU03449,TORONTO_TRE92_0001
TORONTO_TRE92_STU03449,TORONTO_TRE92_0081
TORONTO_TRE92_STU03449,TORONTO_TRE92_0154
TORONTO_TRE92_STU03449,TORONTO_TRE92_0246
TORONTO_TRE92_STU03449,TORONTO_TRE92_0256
TORONTO_TRE92_STU03450,TORONTO_TRE92_0028
TORONTO_TRE92_STU03450,TORONTO_TRE92_0096
TORONTO_TRE92_STU03450,TORONTO_TRE92_0192
TORONTO_TRE92_STU03450,TORONTO_TRE92_0214
TORONTO_TRE92_STU03450,TORONTO_TRE92_0246
TORONTO_TRE92_STU03451,TORONTO_TRE92_0095
TORONTO_TRE92_STU03451,TORONTO_TRE92_0154
TORONTO_TRE92_STU03451,TORONTO_TRE92_0187
TORONTO_TRE92_STU03451,TORONTO_TRE92_0256
TORONTO_TRE92_STU03452,TORONTO_TRE92_0028
TORONTO_TRE92_STU03452,TORONTO_TRE92_0094
TORONTO_TRE92_STU03452,TORONTO_TRE92_0121
TORONTO_TRE92_STU03452,TORONTO_TRE92_0215
TORONTO_TRE92_STU03452,TORONTO_TRE92_0246
TORONTO_TRE92_STU03453,TORONTO_TRE92_0011
TORONTO_TRE92_STU03453,TORONTO_TRE92_0129
TORONTO_TRE92_STU03453,TORONTO_TRE92_0193
TORONTO_TRE92_STU03453,TORONTO_TRE92_0215
TORONTO_TRE92_STU03454,TORONTO_TRE92_0011
TORONTO_TRE92_STU03454,TORONTO_TRE92_0027
TORONTO_TRE92_STU03454,TORONTO_TRE92_0115
TORONTO_TRE92_STU03454,TORONTO_TRE92_0192
TORONTO_TRE92_STU03454,TORONTO_TRE92_0233
TORONTO_TRE92_STU03455,TORONTO_TRE92_0011
TORONTO_TRE92_STU03455,TORONTO_TRE92_0027
TORONTO_TRE92_STU03455,TORONTO_TRE92_0115
TORONTO_TRE92_STU03455,TORONTO_TRE92_0153
TORONTO_TRE92_STU03455,TORONTO_TRE92_0188
TORONTO_TRE92_STU03456,TORONTO_TRE92_0011
TORONTO_TRE92_STU03456,TORONTO_TRE92_0094
TORONTO_TRE92_STU03456,TORONTO_TRE92_0154
TORONTO_TRE92_STU03456,TORONTO_TRE92_0188
TORONTO_TRE92_STU03456,TORONTO_TRE92_0192
TORONTO_TRE92_STU03457,TORONTO_TRE92_0188
TORONTO_TRE92_STU03457,TORONTO_TRE92_0192
TORONTO_TRE92_STU03457,TORONTO_TRE92_0214
TORONTO_TRE92_STU03457,TORONTO_TRE92_0246
TORONTO_TRE92_STU03458,TORONTO_TRE92_0070
TORONTO_TRE92_STU03458,TORONTO_TRE92_0094
TORONTO_TRE92_STU03458,TORONTO_TRE92_0122
TORONTO_TRE92_STU03458,TORONTO_TRE92_0256
TORONTO_TRE92_STU03459,TORONTO_TRE92_0011
TORONTO_TRE92_STU03459,TORONTO_TRE92_0095
TORONTO_TRE92_STU03459,TORONTO_TRE92_0193
TORONTO_TRE92_STU03460,TORONTO_TRE92_0001
TORONTO_TRE92_STU03460,TORONTO_TRE92_0072
TORONTO_TRE92_STU03460,TORONTO_TRE92_0201
TORONTO_TRE92_STU03460,TORONTO_TRE92_0234
TORONTO_TRE92_STU03461,TORONTO_TRE92_0001
TORONTO_TRE92_STU03461,TORONTO_TRE92_0081
TORONTO_TRE92_STU03461,TORONTO_TRE92_0153
TORONTO_TRE92_STU03461,TORONTO_TRE92_0173
TORONTO_TRE92_STU03461,TORONTO_TRE92_0201
TORONTO_TRE92_STU03462,TORONTO_TRE92_0050
TORONTO_TRE92_STU03462,TORONTO_TRE92_0115
TORONTO_TRE92_STU03462,TORONTO_TRE92_0120
TORONTO_TRE92_STU03462,TORONTO_TRE92_0193
TORONTO_TRE92_STU03462,TORONTO_TRE92_0215
TORONTO_TRE92_STU03463,TORONTO_TRE92_0027
TORONTO_TRE92_STU03463,TORONTO_TRE92_0052
TORONTO_TRE92_STU03463,TORONTO_TRE92_0081
TORONTO_TRE92_STU03463,TORONTO_TRE92_0184
TORONTO_TRE92_STU03463,TORONTO_TRE92_0233
TORONTO_TRE92_STU03464,TORONTO_TRE92_0001
TORONTO_TRE92_STU03464,TORONTO_TRE92_0081
TORONTO_TRE92_STU03464,TORONTO_TRE92_0173
TORONTO_TRE92_STU03464,TORONTO_TRE92_0193
TORONTO_TRE92_STU03464,TORONTO_TRE92_0201
TORONTO_TRE92_STU03465,TORONTO_TRE92_0080
TORONTO_TRE92_STU03465,TORONTO_TRE92_0081
TORONTO_TRE92_STU03466,TORONTO_TRE92_0115
TORONTO_TRE92_STU03466,TORONTO_TRE92_0139
TORONTO_TRE92_STU03466,TORONTO_TRE92_0174
TORONTO_TRE92_STU03466,TORONTO_TRE92_0215
TORONTO_TRE92_STU03467,TORONTO_TRE92_0070
TORONTO_TRE92_STU03467,TORONTO_TRE92_0096
TORONTO_TRE92_STU03467,TORONTO_TRE92_0154
TORONTO_TRE92_STU03467,TORONTO_TRE92_0192
TORONTO_TRE92_STU03467,TORONTO_TRE92_0214
TORONTO_TRE92_STU03468,TORONTO_TRE92_0193
TORONTO_TRE92_STU03468,TORONTO_TRE92_0201
TORONTO_TRE92_STU03468,TORONTO_TRE92_0214
TORONTO_TRE92_STU03468,TORONTO_TRE92_0246
TORONTO_TRE92_STU03468,TORONTO_TRE92_0256
TORONTO_TRE92_STU03469,TORONTO_TRE92_0011
TORONTO_TRE92_STU03469,TORONTO_TRE92_0139
TORONTO_TRE92_STU03469,TORONTO_TRE92_0214
TORONTO_TRE92_STU03469,TORONTO_TRE92_0246
TORONTO_TRE92_STU03470,TORONTO_TRE92_0011
TORONTO_TRE92_STU03470,TORONTO_TRE92_0028
TORONTO_TRE92_STU03470,TORONTO_TRE92_0115
TORONTO_TRE92_STU03470,TORONTO_TRE92_0139
TORONTO_TRE92_STU03471,TORONTO_TRE92_0011
TORONTO_TRE92_STU03471,TORONTO_TRE92_0095
TORONTO_TRE92_STU03471,TORONTO_TRE92_0154
TORONTO_TRE92_STU03471,TORONTO_TRE92_0215
TORONTO_TRE92_STU03472,TORONTO_TRE92_0011
TORONTO_TRE92_STU03472,TORONTO_TRE92_0070
TORONTO_TRE92_STU03472,TORONTO_TRE92_0095
TORONTO_TRE92_STU03472,TORONTO_TRE92_0215
TORONTO_TRE92_STU03473,TORONTO_TRE92_0001
TORONTO_TRE92_STU03473,TORONTO_TRE92_0072
TORONTO_TRE92_STU03473,TORONTO_TRE92_0081
TORONTO_TRE92_STU03473,TORONTO_TRE92_0201
TORONTO_TRE92_STU03473,TORONTO_TRE92_0234
TORONTO_TRE92_STU03474,TORONTO_TRE92_0001
TORONTO_TRE92_STU03474,TORONTO_TRE92_0081
TORONTO_TRE92_STU03474,TORONTO_TRE92_0154
TORONTO_TRE92_STU03474,TORONTO_TRE92_0173
TORONTO_TRE92_STU03474,TORONTO_TRE92_0201
TORONTO_TRE92_STU03475,TORONTO_TRE92_0115
TORONTO_TRE92_STU03475,TORONTO_TRE92_0131
TORONTO_TRE92_STU03475,TORONTO_TRE92_0139
TORONTO_TRE92_STU03475,TORONTO_TRE92_0214
TORONTO_TRE92_STU03475,TORONTO_TRE92_0246
TORONTO_TRE92_STU03476,TORONTO_TRE92_0011
TORONTO_TRE92_STU03476,TORONTO_TRE92_0121
TORONTO_TRE92_STU03476,TORONTO_TRE92_0154
TORONTO_TRE92_STU03476,TORONTO_TRE92_0188
TORONTO_TRE92_STU03476,TORONTO_TRE92_0215
TORONTO_TRE92_STU03477,TORONTO_TRE92_0095
TORONTO_TRE92_STU03477,TORONTO_TRE92_0120
TORONTO_TRE92_STU03477,TORONTO_TRE92_0192
TORONTO_TRE92_STU03477,TORONTO_TRE92_0215
TORONTO_TRE92_STU03477,TORONTO_TRE92_0246
TORONTO_TRE92_STU03478,TORONTO_TRE92_0095
TORONTO_TRE92_STU03478,TORONTO_TRE92_0188
TORONTO_TRE92_STU03478,TORONTO_TRE92_0214
TORONTO_TRE92_STU03478,TORONTO_TRE92_0246
TORONTO_TRE92_STU03479,TORONTO_TRE92_0052
TORONTO_TRE92_STU03479,TORONTO_TRE92_0053
TORONTO_TRE92_STU03479,TORONTO_TRE92_0115
TORONTO_TRE92_STU03479,TORONTO_TRE92_0174
TORONTO_TRE92_STU03479,TORONTO_TRE92_0233
TORONTO_TRE92_STU03480,TORONTO_TRE92_0096
TORONTO_TRE92_STU03480,TORONTO_TRE92_0139
TORONTO_TRE92_STU03480,TORONTO_TRE92_0154
TORONTO_TRE92_STU03480,TORONTO_TRE92_0192
TORONTO_TRE92_STU03480,TORONTO_TRE92_0233
TORONTO_TRE92_STU03481,TORONTO_TRE92_0153
TORONTO_TRE92_STU03481,TORONTO_TRE92_0188
TORONTO_TRE92_STU03481,TORONTO_TRE92_0192
TORONTO_TRE92_STU03481,TORONTO_TRE92_0201
TORONTO_TRE92_STU03481,TORONTO_TRE92_0214
TORONTO_TRE92_STU03482,TORONTO_TRE92_0094
TORONTO_TRE92_STU03482,TORONTO_TRE92_0215
TORONTO_TRE92_STU03482,TORONTO_TRE92_0246
TORONTO_TRE92_STU03483,TORONTO_TRE92_0028
TORONTO_TRE92_STU03483,TORONTO_TRE92_0053
TORONTO_TRE92_STU03483,TORONTO_TRE92_0139
TORONTO_TRE92_STU03483,TORONTO_TRE92_0184
TORONTO_TRE92_STU03483,TORONTO_TRE92_0215
TORONTO_TRE92_STU03484,TORONTO_TRE92_0065
TORONTO_TRE92_STU03484,TORONTO_TRE92_0070
TORONTO_TRE92_STU03484,TORONTO_TRE92_0172
TORONTO_TRE92_STU03484,TORONTO_TRE92_0188
TORONTO_TRE92_STU03484,TORONTO_TRE92_0215
TORONTO_TRE92_STU03485,TORONTO_TRE92_0011
TORONTO_TRE92_STU03485,TORONTO_TRE92_0120
TORONTO_TRE92_STU03485,TORONTO_TRE92_0154
TORONTO_TRE92_STU03485,TORONTO_TRE92_0214
TORONTO_TRE92_STU03485,TORONTO_TRE92_0246
TORONTO_TRE92_STU03486,TORONTO_TRE92_0096
TORONTO_TRE92_STU03486,TORONTO_TRE92_0153
TORONTO_TRE92_STU03486,TORONTO_TRE92_0192
TORONTO_TRE92_STU03486,TORONTO_TRE92_0215
TORONTO_TRE92_STU03486,TORONTO_TRE92_0246
TORONTO_TRE92_STU03487,TORONTO_TRE92_0095
TORONTO_TRE92_STU03487,TORONTO_TRE92_0154
TORONTO_TRE92_STU03487,TORONTO_TRE92_0193
TORONTO_TRE92_STU03487,TORONTO_TRE92_0215
TORONTO_TRE92_STU03488,TORONTO_TRE92_0154
TORONTO_TRE92_STU03488,TORONTO_TRE92_0188
TORONTO_TRE92_STU03489,TORONTO_TRE92_0011
TORONTO_TRE92_STU03489,TORONTO_TRE92_0096
TORONTO_TRE92_STU03489,TORONTO_TRE92_0154
TORONTO_TRE92_STU03489,TORONTO_TRE92_0188
TORONTO_TRE92_STU03489,TORONTO_TRE92_0192
TORONTO_TRE92_STU03490,TORONTO_TRE92_0050
TORONTO_TRE92_STU03490,TORONTO_TRE92_0096
TORONTO_TRE92_STU03490,TORONTO_TRE92_0192
TORONTO_TRE92_STU03490,TORONTO_TRE92_0214
TORONTO_TRE92_STU03490,TORONTO_TRE92_0246
TORONTO_TRE92_STU03491,TORONTO_TRE92_0028
TORONTO_TRE92_STU03491,TORONTO_TRE92_0053
TORONTO_TRE92_STU03491,TORONTO_TRE92_0081
TORONTO_TRE92_STU03491,TORONTO_TRE92_0115
TORONTO_TRE92_STU03491,TORONTO_TRE92_0214
TORONTO_TRE92_STU03492,TORONTO_TRE92_0011
TORONTO_TRE92_STU03492,TORONTO_TRE92_0094
TORONTO_TRE92_STU03492,TORONTO_TRE92_0139
TORONTO_TRE92_STU03492,TORONTO_TRE92_0153
TORONTO_TRE92_STU03492,TORONTO_TRE92_0201
TORONTO_TRE92_STU03493,TORONTO_TRE92_0095
TORONTO_TRE92_STU03493,TORONTO_TRE92_0154
TORONTO_TRE92_STU03493,TORONTO_TRE92_0246
TORONTO_TRE92_STU03494,TORONTO_TRE92_0070
TORONTO_TRE92_STU03494,TORONTO_TRE92_0096
TORONTO_TRE92_STU03494,TORONTO_TRE92_0154
TORONTO_TRE92_STU03494,TORONTO_TRE92_0192
TORONTO_TRE92_STU03494,TORONTO_TRE92_0215
TORONTO_TRE92_STU03495,TORONTO_TRE92_0096
TORONTO_TRE92_STU03495,TORONTO_TRE92_0154
TORONTO_TRE92_STU03495,TORONTO_TRE92_0188
TORONTO_TRE92_STU03495,TORONTO_TRE92_0192
TORONTO_TRE92_STU03495,TORONTO_TRE92_0215
TORONTO_TRE92_STU03496,TORONTO_TRE92_0072
TORONTO_TRE92_STU03496,TORONTO_TRE92_0154
TORONTO_TRE92_STU03496,TORONTO_TRE92_0172
TORONTO_TRE92_STU03496,TORONTO_TRE92_0215
TORONTO_TRE92_STU03496,TORONTO_TRE92_0246
TORONTO_TRE92_STU03497,TORONTO_TRE92_0027
TORONTO_TRE92_STU03497,TORONTO_TRE92_0052
TORONTO_TRE92_STU03497,TORONTO_TRE92_0115
TORONTO_TRE92_STU03497,TORONTO_TRE92_0139
TORONTO_TRE92_STU03497,TORONTO_TRE92_0184
TORONTO_TRE92_STU03498,TORONTO_TRE92_0096
TORONTO_TRE92_STU03498,TORONTO_TRE92_0154
TORONTO_TRE92_STU03498,TORONTO_TRE92_0192
TORONTO_TRE92_STU03498,TORONTO_TRE92_0201
TORONTO_TRE92_STU03498,TORONTO_TRE92_0215
TORONTO_TRE92_STU03499,TORONTO_TRE92_0070
TORONTO_TRE92_STU03499,TORONTO_TRE92_0094
TORONTO_TRE92_STU03499,TORONTO_TRE92_0120
TORONTO_TRE92_STU03499,TORONTO_TRE92_0154
TORONTO_TRE92_STU03499,TORONTO_TRE92_0192
TORONTO_TRE92_STU03500,TORONTO_TRE92_0154
TORONTO_TRE92_STU03500,TORONTO_TRE92_0192
TORONTO_TRE92_STU03500,TORONTO_TRE92_0201
TORONTO_TRE92_STU03501,TORONTO_TRE92_0072
TORONTO_TRE92_STU03501,TORONTO_TRE92_0174
TORONTO_TRE92_STU03501,TORONTO_TRE92_0175
TORONTO_TRE92_STU03501,TORONTO_TRE92_0215
TORONTO_TRE92_STU03502,TORONTO_TRE92_0011
TORONTO_TRE92_STU03502,TORONTO_TRE92_0028
TORONTO_TRE92_STU03502,TORONTO_TRE92_0053
TORONTO_TRE92_STU03502,TORONTO_TRE92_0115
TORONTO_TRE92_STU03503,TORONTO_TRE92_0001
TORONTO_TRE92_STU03503,TORONTO_TRE92_0081
TORONTO_TRE92_STU03503,TORONTO_TRE92_0153
TORONTO_TRE92_STU03503,TORONTO_TRE92_0173
TORONTO_TRE92_STU03504,TORONTO_TRE92_0001
TORONTO_TRE92_STU03504,TORONTO_TRE92_0081
TORONTO_TRE92_STU03504,TORONTO_TRE92_0153
TORONTO_TRE92_STU03504,TORONTO_TRE92_0201
TORONTO_TRE92_STU03504,TORONTO_TRE92_0246
TORONTO_TRE92_STU03505,TORONTO_TRE92_0028
TORONTO_TRE92_STU03505,TORONTO_TRE92_0053
TORONTO_TRE92_STU03505,TORONTO_TRE92_0096
TORONTO_TRE92_STU03505,TORONTO_TRE92_0115
TORONTO_TRE92_STU03505,TORONTO_TRE92_0154
TORONTO_TRE92_STU03506,TORONTO_TRE92_0028
TORONTO_TRE92_STU03506,TORONTO_TRE92_0053
TORONTO_TRE92_STU03506,TORONTO_TRE92_0095
TORONTO_TRE92_STU03506,TORONTO_TRE92_0154
TORONTO_TRE92_STU03506,TORONTO_TRE92_0214
TORONTO_TRE92_STU03507,TORONTO_TRE92_0001
TORONTO_TRE92_STU03507,TORONTO_TRE92_0081
TORONTO_TRE92_STU03507,TORONTO_TRE92_0154
TORONTO_TRE92_STU03507,TORONTO_TRE92_0201
TORONTO_TRE92_STU03507,TORONTO_TRE92_0214
TORONTO_TRE92_STU03508,TORONTO_TRE92_0072
TORONTO_TRE92_STU03508,TORONTO_TRE92_0095
TORONTO_TRE92_STU03508,TORONTO_TRE92_0153
TORONTO_TRE92_STU03508,TORONTO_TRE92_0192
TORONTO_TRE92_STU03508,TORONTO_TRE92_0214
TORONTO_TRE92_STU03509,TORONTO_TRE92_0001
TORONTO_TRE92_STU03509,TORONTO_TRE92_0080
TORONTO_TRE92_STU03509,TORONTO_TRE92_0120
TORONTO_TRE92_STU03509,TORONTO_TRE92_0175
TORONTO_TRE92_STU03509,TORONTO_TRE92_0246
TORONTO_TRE92_STU03510,TORONTO_TRE92_0096
TORONTO_TRE92_STU03510,TORONTO_TRE92_0154
TORONTO_TRE92_STU03510,TORONTO_TRE92_0192
TORONTO_TRE92_STU03510,TORONTO_TRE92_0201
TORONTO_TRE92_STU03510,TORONTO_TRE92_0215
TORONTO_TRE92_STU03511,TORONTO_TRE92_0027
TORONTO_TRE92_STU03511,TORONTO_TRE92_0174
TORONTO_TRE92_STU03511,TORONTO_TRE92_0175
TORONTO_TRE92_STU03512,TORONTO_TRE92_0052
TORONTO_TRE92_STU03512,TORONTO_TRE92_0139
TORONTO_TRE92_STU03512,TORONTO_TRE92_0174
TORONTO_TRE92_STU03512,TORONTO_TRE92_0233
TORONTO_TRE92_STU03513,TORONTO_TRE92_0028
TORONTO_TRE92_STU03513,TORONTO_TRE92_0053
TORONTO_TRE92_STU03513,TORONTO_TRE92_0174
TORONTO_TRE92_STU03513,TORONTO_TRE92_0215
TORONTO_TRE92_STU03513,TORONTO_TRE92_0256
TORONTO_TRE92_STU03514,TORONTO_TRE92_0050
TORONTO_TRE92_STU03514,TORONTO_TRE92_0139
TORONTO_TRE92_STU03514,TORONTO_TRE92_0153
TORONTO_TRE92_STU03514,TORONTO_TRE92_0215
TORONTO_TRE92_STU03514,TORONTO_TRE92_0246
TORONTO_TRE92_STU03515,TORONTO_TRE92_0011
TORONTO_TRE92_STU03515,TORONTO_TRE92_0028
TORONTO_TRE92_STU03515,TORONTO_TRE92_0053
TORONTO_TRE92_STU03515,TORONTO_TRE92_0072
TORONTO_TRE92_STU03515,TORONTO_TRE92_0115
TORONTO_TRE92_STU03516,TORONTO_TRE92_0011
TORONTO_TRE92_STU03516,TORONTO_TRE92_0094
TORONTO_TRE92_STU03516,TORONTO_TRE92_0154
TORONTO_TRE92_STU03516,TORONTO_TRE92_0215
TORONTO_TRE92_STU03517,TORONTO_TRE92_0072
TORONTO_TRE92_STU03517,TORONTO_TRE92_0081
TORONTO_TRE92_STU03517,TORONTO_TRE92_0174
TORONTO_TRE92_STU03517,TORONTO_TRE92_0175
TORONTO_TRE92_STU03517,TORONTO_TRE92_0233
TORONTO_TRE92_STU03518,TORONTO_TRE92_0001
TORONTO_TRE92_STU03518,TORONTO_TRE92_0011
TORONTO_TRE92_STU03518,TORONTO_TRE92_0080
TORONTO_TRE92_STU03518,TORONTO_TRE92_0193
TORONTO_TRE92_STU03519,TORONTO_TRE92_0139
TORONTO_TRE92_STU03519,TORONTO_TRE92_0154
TORONTO_TRE92_STU03520,TORONTO_TRE92_0011
TORONTO_TRE92_STU03520,TORONTO_TRE92_0188
TORONTO_TRE92_STU03520,TORONTO_TRE92_0256
TORONTO_TRE92_STU03521,TORONTO_TRE92_0096
TORONTO_TRE92_STU03521,TORONTO_TRE92_0121
TORONTO_TRE92_STU03521,TORONTO_TRE92_0154
TORONTO_TRE92_STU03521,TORONTO_TRE92_0215
TORONTO_TRE92_STU03521,TORONTO_TRE92_0256
TORONTO_TRE92_STU03522,TORONTO_TRE92_0001
TORONTO_TRE92_STU03522,TORONTO_TRE92_0080
TORONTO_TRE92_STU03522,TORONTO_TRE92_0215
TORONTO_TRE92_STU03522,TORONTO_TRE92_0246
TORONTO_TRE92_STU03523,TORONTO_TRE92_0028
TORONTO_TRE92_STU03523,TORONTO_TRE92_0053
TORONTO_TRE92_STU03523,TORONTO_TRE92_0096
TORONTO_TRE92_STU03523,TORONTO_TRE92_0184
TORONTO_TRE92_STU03523,TORONTO_TRE92_0215
TORONTO_TRE92_STU03524,TORONTO_TRE92_0072
TORONTO_TRE92_STU03524,TORONTO_TRE92_0121
TORONTO_TRE92_STU03524,TORONTO_TRE92_0214
TORONTO_TRE92_STU03524,TORONTO_TRE92_0245
TORONTO_TRE92_STU03524,TORONTO_TRE92_0256
TORONTO_TRE92_STU03525,TORONTO_TRE92_0011
TORONTO_TRE92_STU03525,TORONTO_TRE92_0094
TORONTO_TRE92_STU03525,TORONTO_TRE92_0154
TORONTO_TRE92_STU03525,TORONTO_TRE92_0214
TORONTO_TRE92_STU03526,TORONTO_TRE92_0011
TORONTO_TRE92_STU03526,TORONTO_TRE92_0096
TORONTO_TRE92_STU03526,TORONTO_TRE92_0154
TORONTO_TRE92_STU03527,TORONTO_TRE92_0011
TORONTO_TRE92_STU03527,TORONTO_TRE92_0072
TORONTO_TRE92_STU03527,TORONTO_TRE92_0139
TORONTO_TRE92_STU03527,TORONTO_TRE92_0154
TORONTO_TRE92_STU03527,TORONTO_TRE92_0214
TORONTO_TRE92_STU03528,TORONTO_TRE92_0028
TORONTO_TRE92_STU03528,TORONTO_TRE92_0053
TORONTO_TRE92_STU03528,TORONTO_TRE92_0115
TORONTO_TRE92_STU03528,TORONTO_TRE92_0139
TORONTO_TRE92_STU03528,TORONTO_TRE92_0184
TORONTO_TRE92_STU03529,TORONTO_TRE92_0094
TORONTO_TRE92_STU03529,TORONTO_TRE92_0153
TORONTO_TRE92_STU03529,TORONTO_TRE92_0188
TORONTO_TRE92_STU03529,TORONTO_TRE92_0192
TORONTO_TRE92_STU03530,TORONTO_TRE92_0028
TORONTO_TRE92_STU03530,TORONTO_TRE92_0095
TORONTO_TRE92_STU03530,TORONTO_TRE92_0115
TORONTO_TRE92_STU03530,TORONTO_TRE92_0139
TORONTO_TRE92_STU03530,TORONTO_TRE92_0215
TORONTO_TRE92_STU03531,TORONTO_TRE92_0094
TORONTO_TRE92_STU03531,TORONTO_TRE92_0154
TORONTO_TRE92_STU03531,TORONTO_TRE92_0214
TORONTO_TRE92_STU03531,TORONTO_TRE92_0245
TORONTO_TRE92_STU03532,TORONTO_TRE92_0011
TORONTO_TRE92_STU03532,TORONTO_TRE92_0096
TORONTO_TRE92_STU03532,TORONTO_TRE92_0153
TORONTO_TRE92_STU03532,TORONTO_TRE92_0214
TORONTO_TRE92_STU03532,TORONTO_TRE92_0245
TORONTO_TRE92_STU03533,TORONTO_TRE92_0028
TORONTO_TRE92_STU03533,TORONTO_TRE92_0053
TORONTO_TRE92_STU03533,TORONTO_TRE92_0139
TORONTO_TRE92_STU03533,TORONTO_TRE92_0174
TORONTO_TRE92_STU03533,TORONTO_TRE92_0175
TORONTO_TRE92_STU03534,TORONTO_TRE92_0154
TORONTO_TRE92_STU03534,TORONTO_TRE92_0192
TORONTO_TRE92_STU03534,TORONTO_TRE92_0215
TORONTO_TRE92_STU03534,TORONTO_TRE92_0246
TORONTO_TRE92_STU03535,TORONTO_TRE92_0001
TORONTO_TRE92_STU03535,TORONTO_TRE92_0081
TORONTO_TRE92_STU03535,TORONTO_TRE92_0173
TORONTO_TRE92_STU03535,TORONTO_TRE92_0201
TORONTO_TRE92_STU03536,TORONTO_TRE92_0188
TORONTO_TRE92_STU03537,TORONTO_TRE92_0028
TORONTO_TRE92_STU03537,TORONTO_TRE92_0053
TORONTO_TRE92_STU03537,TORONTO_TRE92_0095
TORONTO_TRE92_STU03537,TORONTO_TRE92_0215
TORONTO_TRE92_STU03537,TORONTO_TRE92_0233
TORONTO_TRE92_STU03538,TORONTO_TRE92_0027
TORONTO_TRE92_STU03538,TORONTO_TRE92_0028
TORONTO_TRE92_STU03538,TORONTO_TRE92_0053
TORONTO_TRE92_STU03538,TORONTO_TRE92_0115
TORONTO_TRE92_STU03538,TORONTO_TRE92_0184
TORONTO_TRE92_STU03539,TORONTO_TRE92_0011
TORONTO_TRE92_STU03539,TORONTO_TRE92_0192
TORONTO_TRE92_STU03539,TORONTO_TRE92_0214
TORONTO_TRE92_STU03539,TORONTO_TRE92_0234
TORONTO_TRE92_STU03539,TORONTO_TRE92_0246
TORONTO_TRE92_STU03540,TORONTO_TRE92_0096
TORONTO_TRE92_STU03540,TORONTO_TRE92_0154
TORONTO_TRE92_STU03540,TORONTO_TRE92_0193
TORONTO_TRE92_STU03540,TORONTO_TRE92_0201
TORONTO_TRE92_STU03541,TORONTO_TRE92_0011
TORONTO_TRE92_STU03541,TORONTO_TRE92_0154
TORONTO_TRE92_STU03541,TORONTO_TRE92_0188
TORONTO_TRE92_STU03541,TORONTO_TRE92_0192
TORONTO_TRE92_STU03541,TORONTO_TRE92_0201
TORONTO_TRE92_STU03542,TORONTO_TRE92_0052
TORONTO_TRE92_STU03542,TORONTO_TRE92_0053
TORONTO_TRE92_STU03542,TORONTO_TRE92_0072
TORONTO_TRE92_STU03542,TORONTO_TRE92_0174
TORONTO_TRE92_STU03542,TORONTO_TRE92_0175
TORONTO_TRE92_STU03543,TORONTO_TRE92_0050
TORONTO_TRE92_STU03543,TORONTO_TRE92_0072
TORONTO_TRE92_STU03543,TORONTO_TRE92_0153
TORONTO_TRE92_STU03543,TORONTO_TRE92_0214
TORONTO_TRE92_STU03544,TORONTO_TRE92_0050
TORONTO_TRE92_STU03544,TORONTO_TRE92_0188
TORONTO_TRE92_STU03544,TORONTO_TRE92_0192
TORONTO_TRE92_STU03544,TORONTO_TRE92_0215
TORONTO_TRE92_STU03545,TORONTO_TRE92_0094
TORONTO_TRE92_STU03545,TORONTO_TRE92_0139
TORONTO_TRE92_STU03545,TORONTO_TRE92_0192
TORONTO_TRE92_STU03545,TORONTO_TRE92_0215
TORONTO_TRE92_STU03546,TORONTO_TRE92_0011
TORONTO_TRE92_STU03546,TORONTO_TRE92_0153
TORONTO_TRE92_STU03546,TORONTO_TRE92_0188
TORONTO_TRE92_STU03546,TORONTO_TRE92_0215
TORONTO_TRE92_STU03546,TORONTO_TRE92_0245
TORONTO_TRE92_STU03547,TORONTO_TRE92_0120
TORONTO_TRE92_STU03547,TORONTO_TRE92_0139
TORONTO_TRE92_STU03547,TORONTO_TRE92_0188
TORONTO_TRE92_STU03547,TORONTO_TRE92_0215
TORONTO_TRE92_STU03547,TORONTO_TRE92_0246
TORONTO_TRE92_STU03548,TORONTO_TRE92_0053
TORONTO_TRE92_STU03548,TORONTO_TRE92_0072
TORONTO_TRE92_STU03548,TORONTO_TRE92_0174
TORONTO_TRE92_STU03548,TORONTO_TRE92_0215
TORONTO_TRE92_STU03548,TORONTO_TRE92_0233
TORONTO_TRE92_STU03549,TORONTO_TRE92_0011
TORONTO_TRE92_STU03549,TORONTO_TRE92_0153
TORONTO_TRE92_STU03549,TORONTO_TRE92_0188
TORONTO_TRE92_STU03549,TORONTO_TRE92_0201
TORONTO_TRE92_STU03549,TORONTO_TRE92_0215
TORONTO_TRE92_STU03550,TORONTO_TRE92_0011
TORONTO_TRE92_STU03550,TORONTO_TRE92_0192
TORONTO_TRE92_STU03550,TORONTO_TRE92_0215
TORONTO_TRE92_STU03550,TORONTO_TRE92_0234
TORONTO_TRE92_STU03550,TORONTO_TRE92_0246
TORONTO_TRE92_STU03551,TORONTO_TRE92_0154
TORONTO_TRE92_STU03551,TORONTO_TRE92_0192
TORONTO_TRE92_STU03551,TORONTO_TRE92_0215
TORONTO_TRE92_STU03551,TORONTO_TRE92_0246
TORONTO_TRE92_STU03551,TORONTO_TRE92_0256
TORONTO_TRE92_STU03552,TORONTO_TRE92_0154
TORONTO_TRE92_STU03552,TORONTO_TRE92_0192
TORONTO_TRE92_STU03552,TORONTO_TRE92_0215
TORONTO_TRE92_STU03552,TORONTO_TRE92_0246
TORONTO_TRE92_STU03552,TORONTO_TRE92_0256
TORONTO_TRE92_STU03553,TORONTO_TRE92_0028
TORONTO_TRE92_STU03553,TORONTO_TRE92_0053
TORONTO_TRE92_STU03553,TORONTO_TRE92_0115
TORONTO_TRE92_STU03553,TORONTO_TRE92_0139
TORONTO_TRE92_STU03553,TORONTO_TRE92_0184
TORONTO_TRE92_STU03554,TORONTO_TRE92_0081
TORONTO_TRE92_STU03554,TORONTO_TRE92_0139
TORONTO_TRE92_STU03554,TORONTO_TRE92_0154
TORONTO_TRE92_STU03554,TORONTO_TRE92_0192
TORONTO_TRE92_STU03554,TORONTO_TRE92_0215
TORONTO_TRE92_STU03555,TORONTO_TRE92_0011
TORONTO_TRE92_STU03555,TORONTO_TRE92_0081
TORONTO_TRE92_STU03555,TORONTO_TRE92_0139
TORONTO_TRE92_STU03555,TORONTO_TRE92_0215
TORONTO_TRE92_STU03556,TORONTO_TRE92_0050
TORONTO_TRE92_STU03556,TORONTO_TRE92_0070
TORONTO_TRE92_STU03556,TORONTO_TRE92_0096
TORONTO_TRE92_STU03556,TORONTO_TRE92_0121
TORONTO_TRE92_STU03556,TORONTO_TRE92_0215
TORONTO_TRE92_STU03557,TORONTO_TRE92_0011
TORONTO_TRE92_STU03557,TORONTO_TRE92_0121
TORONTO_TRE92_STU03557,TORONTO_TRE92_0188
TORONTO_TRE92_STU03557,TORONTO_TRE92_0215
TORONTO_TRE92_STU03557,TORONTO_TRE92_0245
TORONTO_TRE92_STU03558,TORONTO_TRE92_0070
TORONTO_TRE92_STU03558,TORONTO_TRE92_0096
TORONTO_TRE92_STU03558,TORONTO_TRE92_0214
TORONTO_TRE92_STU03558,TORONTO_TRE92_0246
TORONTO_TRE92_STU03558,TORONTO_TRE92_0256
TORONTO_TRE92_STU03559,TORONTO_TRE92_0096
TORONTO_TRE92_STU03559,TORONTO_TRE92_0154
TORONTO_TRE92_STU03559,TORONTO_TRE92_0193
TORONTO_TRE92_STU03559,TORONTO_TRE92_0201
TORONTO_TRE92_STU03559,TORONTO_TRE92_0235
TORONTO_TRE92_STU03560,TORONTO_TRE92_0081
TORONTO_TRE92_STU03560,TORONTO_TRE92_0094
TORONTO_TRE92_STU03560,TORONTO_TRE92_0154
TORONTO_TRE92_STU03560,TORONTO_TRE92_0215
TORONTO_TRE92_STU03560,TORONTO_TRE92_0246
TORONTO_TRE92_STU03561,TORONTO_TRE92_0081
TORONTO_TRE92_STU03561,TORONTO_TRE92_0096
TORONTO_TRE92_STU03561,TORONTO_TRE92_0154
TORONTO_TRE92_STU03561,TORONTO_TRE92_0201
TORONTO_TRE92_STU03561,TORONTO_TRE92_0215
TORONTO_TRE92_STU03562,TORONTO_TRE92_0011
TORONTO_TRE92_STU03562,TORONTO_TRE92_0050
TORONTO_TRE92_STU03562,TORONTO_TRE92_0115
TORONTO_TRE92_STU03562,TORONTO_TRE92_0139
TORONTO_TRE92_STU03562,TORONTO_TRE92_0256
TORONTO_TRE92_STU03563,TORONTO_TRE92_0072
TORONTO_TRE92_STU03563,TORONTO_TRE92_0188
TORONTO_TRE92_STU03563,TORONTO_TRE92_0192
TORONTO_TRE92_STU03563,TORONTO_TRE92_0215
TORONTO_TRE92_STU03564,TORONTO_TRE92_0095
TORONTO_TRE92_STU03564,TORONTO_TRE92_0188
TORONTO_TRE92_STU03564,TORONTO_TRE92_0193
TORONTO_TRE92_STU03565,TORONTO_TRE92_0095
TORONTO_TRE92_STU03565,TORONTO_TRE92_0120
TORONTO_TRE92_STU03565,TORONTO_TRE92_0187
TORONTO_TRE92_STU03565,TORONTO_TRE92_0215
TORONTO_TRE92_STU03565,TORONTO_TRE92_0234
TORONTO_TRE92_STU03566,TORONTO_TRE92_0070
TORONTO_TRE92_STU03566,TORONTO_TRE92_0094
TORONTO_TRE92_STU03566,TORONTO_TRE92_0120
TORONTO_TRE92_STU03566,TORONTO_TRE92_0154
TORONTO_TRE92_STU03566,TORONTO_TRE92_0215
TORONTO_TRE92_STU03567,TORONTO_TRE92_0094
TORONTO_TRE92_STU03567,TORONTO_TRE92_0192
TORONTO_TRE92_STU03567,TORONTO_TRE92_0215
TORONTO_TRE92_STU03568,TORONTO_TRE92_0028
TORONTO_TRE92_STU03568,TORONTO_TRE92_0053
TORONTO_TRE92_STU03568,TORONTO_TRE92_0184
TORONTO_TRE92_STU03568,TORONTO_TRE92_0215
TORONTO_TRE92_STU03568,TORONTO_TRE92_0246
TORONTO_TRE92_STU03569,TORONTO_TRE92_0028
TORONTO_TRE92_STU03569,TORONTO_TRE92_0053
TORONTO_TRE92_STU03569,TORONTO_TRE92_0115
TORONTO_TRE92_STU03569,TORONTO_TRE92_0184
TORONTO_TRE92_STU03569,TORONTO_TRE92_0234
TORONTO_TRE92_STU03570,TORONTO_TRE92_0011
TORONTO_TRE92_STU03570,TORONTO_TRE92_0188
TORONTO_TRE92_STU03570,TORONTO_TRE92_0215
TORONTO_TRE92_STU03570,TORONTO_TRE92_0246
TORONTO_TRE92_STU03570,TORONTO_TRE92_0256
TORONTO_TRE92_STU03571,TORONTO_TRE92_0072
TORONTO_TRE92_STU03571,TORONTO_TRE92_0174
TORONTO_TRE92_STU03571,TORONTO_TRE92_0175
TORONTO_TRE92_STU03571,TORONTO_TRE92_0214
TORONTO_TRE92_STU03571,TORONTO_TRE92_0233
TORONTO_TRE92_STU03572,TORONTO_TRE92_0122
TORONTO_TRE92_STU03572,TORONTO_TRE92_0153
TORONTO_TRE92_STU03572,TORONTO_TRE92_0201
TORONTO_TRE92_STU03572,TORONTO_TRE92_0245
TORONTO_TRE92_STU03573,TORONTO_TRE92_0011
TORONTO_TRE92_STU03573,TORONTO_TRE92_0013
TORONTO_TRE92_STU03573,TORONTO_TRE92_0072
TORONTO_TRE92_STU03573,TORONTO_TRE92_0096
TORONTO_TRE92_STU03573,TORONTO_TRE92_0234
TORONTO_TRE92_STU03574,TORONTO_TRE92_0028
TORONTO_TRE92_STU03574,TORONTO_TRE92_0053
TORONTO_TRE92_STU03574,TORONTO_TRE92_0072
TORONTO_TRE92_STU03574,TORONTO_TRE92_0115
TORONTO_TRE92_STU03574,TORONTO_TRE92_0184
TORONTO_TRE92_STU03575,TORONTO_TRE92_0072
TORONTO_TRE92_STU03575,TORONTO_TRE92_0174
TORONTO_TRE92_STU03575,TORONTO_TRE92_0175
TORONTO_TRE92_STU03575,TORONTO_TRE92_0215
TORONTO_TRE92_STU03576,TORONTO_TRE92_0050
TORONTO_TRE92_STU03576,TORONTO_TRE92_0095
TORONTO_TRE92_STU03576,TORONTO_TRE92_0188
TORONTO_TRE92_STU03576,TORONTO_TRE92_0192
TORONTO_TRE92_STU03576,TORONTO_TRE92_0214
TORONTO_TRE92_STU03577,TORONTO_TRE92_0011
TORONTO_TRE92_STU03577,TORONTO_TRE92_0050
TORONTO_TRE92_STU03577,TORONTO_TRE92_0188
TORONTO_TRE92_STU03577,TORONTO_TRE92_0256
TORONTO_TRE92_STU03578,TORONTO_TRE92_0094
TORONTO_TRE92_STU03578,TORONTO_TRE92_0129
TORONTO_TRE92_STU03578,TORONTO_TRE92_0192
TORONTO_TRE92_STU03579,TORONTO_TRE92_0070
TORONTO_TRE92_STU03579,TORONTO_TRE92_0094
TORONTO_TRE92_STU03579,TORONTO_TRE92_0129
TORONTO_TRE92_STU03579,TORONTO_TRE92_0214
TORONTO_TRE92_STU03580,TORONTO_TRE92_0011
TORONTO_TRE92_STU03580,TORONTO_TRE92_0094
TORONTO_TRE92_STU03580,TORONTO_TRE92_0122
TORONTO_TRE92_STU03580,TORONTO_TRE92_0256
TORONTO_TRE92_STU03581,TORONTO_TRE92_0096
TORONTO_TRE92_STU03581,TORONTO_TRE92_0120
TORONTO_TRE92_STU03581,TORONTO_TRE92_0154
TORONTO_TRE92_STU03581,TORONTO_TRE92_0188
TORONTO_TRE92_STU03581,TORONTO_TRE92_0215
TORONTO_TRE92_STU03582,TORONTO_TRE92_0011
TORONTO_TRE92_STU03582,TORONTO_TRE92_0094
TORONTO_TRE92_STU03582,TORONTO_TRE92_0120
TORONTO_TRE92_STU03582,TORONTO_TRE92_0154
TORONTO_TRE92_STU03583,TORONTO_TRE92_0050
TORONTO_TRE92_STU03583,TORONTO_TRE92_0072
TORONTO_TRE92_STU03583,TORONTO_TRE92_0094
TORONTO_TRE92_STU03583,TORONTO_TRE92_0192
TORONTO_TRE92_STU03583,TORONTO_TRE92_0215
TORONTO_TRE92_STU03584,TORONTO_TRE92_0011
TORONTO_TRE92_STU03584,TORONTO_TRE92_0050
TORONTO_TRE92_STU03584,TORONTO_TRE92_0188
TORONTO_TRE92_STU03584,TORONTO_TRE92_0256
TORONTO_TRE92_STU03585,TORONTO_TRE92_0001
TORONTO_TRE92_STU03585,TORONTO_TRE92_0072
TORONTO_TRE92_STU03585,TORONTO_TRE92_0080
TORONTO_TRE92_STU03585,TORONTO_TRE92_0201
TORONTO_TRE92_STU03585,TORONTO_TRE92_0246
TORONTO_TRE92_STU03586,TORONTO_TRE92_0050
TORONTO_TRE92_STU03586,TORONTO_TRE92_0115
TORONTO_TRE92_STU03586,TORONTO_TRE92_0139
TORONTO_TRE92_STU03586,TORONTO_TRE92_0192
TORONTO_TRE92_STU03587,TORONTO_TRE92_0050
TORONTO_TRE92_STU03587,TORONTO_TRE92_0115
TORONTO_TRE92_STU03587,TORONTO_TRE92_0139
TORONTO_TRE92_STU03587,TORONTO_TRE92_0201
TORONTO_TRE92_STU03588,TORONTO_TRE92_0011
TORONTO_TRE92_STU03588,TORONTO_TRE92_0050
TORONTO_TRE92_STU03588,TORONTO_TRE92_0115
TORONTO_TRE92_STU03588,TORONTO_TRE92_0139
TORONTO_TRE92_STU03588,TORONTO_TRE92_0154
TORONTO_TRE92_STU03589,TORONTO_TRE92_0094
TORONTO_TRE92_STU03589,TORONTO_TRE92_0154
TORONTO_TRE92_STU03589,TORONTO_TRE92_0215
TORONTO_TRE92_STU03589,TORONTO_TRE92_0245
TORONTO_TRE92_STU03590,TORONTO_TRE92_0050
TORONTO_TRE92_STU03590,TORONTO_TRE92_0096
TORONTO_TRE92_STU03590,TORONTO_TRE92_0154
TORONTO_TRE92_STU03590,TORONTO_TRE92_0214
TORONTO_TRE92_STU03590,TORONTO_TRE92_0234
TORONTO_TRE92_STU03591,TORONTO_TRE92_0011
TORONTO_TRE92_STU03591,TORONTO_TRE92_0115
TORONTO_TRE92_STU03591,TORONTO_TRE92_0130
TORONTO_TRE92_STU03591,TORONTO_TRE92_0139
TORONTO_TRE92_STU03591,TORONTO_TRE92_0246
TORONTO_TRE92_STU03592,TORONTO_TRE92_0154
TORONTO_TRE92_STU03592,TORONTO_TRE92_0188
TORONTO_TRE92_STU03592,TORONTO_TRE92_0214
TORONTO_TRE92_STU03592,TORONTO_TRE92_0246
TORONTO_TRE92_STU03593,TORONTO_TRE92_0081
TORONTO_TRE92_STU03593,TORONTO_TRE92_0115
TORONTO_TRE92_STU03593,TORONTO_TRE92_0188
TORONTO_TRE92_STU03593,TORONTO_TRE92_0193
TORONTO_TRE92_STU03593,TORONTO_TRE92_0246
TORONTO_TRE92_STU03594,TORONTO_TRE92_0094
TORONTO_TRE92_STU03594,TORONTO_TRE92_0121
TORONTO_TRE92_STU03594,TORONTO_TRE92_0215
TORONTO_TRE92_STU03594,TORONTO_TRE92_0246
TORONTO_TRE92_STU03595,TORONTO_TRE92_0070
TORONTO_TRE92_STU03595,TORONTO_TRE92_0096
TORONTO_TRE92_STU03595,TORONTO_TRE92_0153
TORONTO_TRE92_STU03595,TORONTO_TRE92_0214
TORONTO_TRE92_STU03595,TORONTO_TRE92_0246
TORONTO_TRE92_STU03596,TORONTO_TRE92_0050
TORONTO_TRE92_STU03596,TORONTO_TRE92_0154
TORONTO_TRE92_STU03596,TORONTO_TRE92_0214
TORONTO_TRE92_STU03596,TORONTO_TRE92_0256
TORONTO_TRE92_STU03597,TORONTO_TRE92_0121
TORONTO_TRE92_STU03597,TORONTO_TRE92_0174
TORONTO_TRE92_STU03597,TORONTO_TRE92_0215
TORONTO_TRE92_STU03598,TORONTO_TRE92_0028
TORONTO_TRE92_STU03598,TORONTO_TRE92_0053
TORONTO_TRE92_STU03598,TORONTO_TRE92_0115
TORONTO_TRE92_STU03598,TORONTO_TRE92_0184
TORONTO_TRE92_STU03598,TORONTO_TRE92_0234
TORONTO_TRE92_STU03599,TORONTO_TRE92_0028
TORONTO_TRE92_STU03599,TORONTO_TRE92_0096
TORONTO_TRE92_STU03599,TORONTO_TRE92_0115
TORONTO_TRE92_STU03599,TORONTO_TRE92_0139
TORONTO_TRE92_STU03599,TORONTO_TRE92_0214
TORONTO_TRE92_STU03600,TORONTO_TRE92_0011
TORONTO_TRE92_STU03600,TORONTO_TRE92_0072
TORONTO_TRE92_STU03600,TORONTO_TRE92_0192
TORONTO_TRE92_STU03600,TORONTO_TRE92_0215
TORONTO_TRE92_STU03600,TORONTO_TRE92_0246
TORONTO_TRE92_STU03601,TORONTO_TRE92_0011
TORONTO_TRE92_STU03601,TORONTO_TRE92_0154
TORONTO_TRE92_STU03601,TORONTO_TRE92_0188
TORONTO_TRE92_STU03601,TORONTO_TRE92_0245
TORONTO_TRE92_STU03602,TORONTO_TRE92_0094
TORONTO_TRE92_STU03602,TORONTO_TRE92_0154
TORONTO_TRE92_STU03602,TORONTO_TRE92_0192
TORONTO_TRE92_STU03602,TORONTO_TRE92_0214
TORONTO_TRE92_STU03602,TORONTO_TRE92_0246
TORONTO_TRE92_STU03603,TORONTO_TRE92_0050
TORONTO_TRE92_STU03603,TORONTO_TRE92_0096
TORONTO_TRE92_STU03603,TORONTO_TRE92_0192
TORONTO_TRE92_STU03603,TORONTO_TRE92_0214
TORONTO_TRE92_STU03604,TORONTO_TRE92_0011
TORONTO_TRE92_STU03604,TORONTO_TRE92_0080
TORONTO_TRE92_STU03604,TORONTO_TRE92_0081
TORONTO_TRE92_STU03604,TORONTO_TRE92_0214
TORONTO_TRE92_STU03605,TORONTO_TRE92_0011
TORONTO_TRE92_STU03605,TORONTO_TRE92_0095
TORONTO_TRE92_STU03605,TORONTO_TRE92_0153
TORONTO_TRE92_STU03606,TORONTO_TRE92_0011
TORONTO_TRE92_STU03606,TORONTO_TRE92_0139
TORONTO_TRE92_STU03606,TORONTO_TRE92_0192
TORONTO_TRE92_STU03606,TORONTO_TRE92_0246
TORONTO_TRE92_STU03607,TORONTO_TRE92_0011
TORONTO_TRE92_STU03607,TORONTO_TRE92_0072
TORONTO_TRE92_STU03607,TORONTO_TRE92_0121
TORONTO_TRE92_STU03607,TORONTO_TRE92_0187
TORONTO_TRE92_STU03607,TORONTO_TRE92_0215
TORONTO_TRE92_STU03608,TORONTO_TRE92_0011
TORONTO_TRE92_STU03608,TORONTO_TRE92_0050
TORONTO_TRE92_STU03608,TORONTO_TRE92_0188
TORONTO_TRE92_STU03608,TORONTO_TRE92_0215
TORONTO_TRE92_STU03609,TORONTO_TRE92_0028
TORONTO_TRE92_STU03609,TORONTO_TRE92_0053
TORONTO_TRE92_STU03609,TORONTO_TRE92_0115
TORONTO_TRE92_STU03609,TORONTO_TRE92_0184
TORONTO_TRE92_STU03609,TORONTO_TRE92_0188
TORONTO_TRE92_STU03610,TORONTO_TRE92_0011
TORONTO_TRE92_STU03610,TORONTO_TRE92_0028
TORONTO_TRE92_STU03610,TORONTO_TRE92_0115
TORONTO_TRE92_STU03610,TORONTO_TRE92_0173
TORONTO_TRE92_STU03611,TORONTO_TRE92_0095
TORONTO_TRE92_STU03611,TORONTO_TRE92_0154
TORONTO_TRE92_STU03611,TORONTO_TRE92_0188
TORONTO_TRE92_STU03611,TORONTO_TRE92_0214
TORONTO_TRE92_STU03612,TORONTO_TRE92_0028
TORONTO_TRE92_STU03612,TORONTO_TRE92_0050
TORONTO_TRE92_STU03612,TORONTO_TRE92_0052
TORONTO_TRE92_STU03612,TORONTO_TRE92_0115
TORONTO_TRE92_STU03613,TORONTO_TRE92_0011
TORONTO_TRE92_STU03613,TORONTO_TRE92_0094
TORONTO_TRE92_STU03613,TORONTO_TRE92_0154
TORONTO_TRE92_STU03613,TORONTO_TRE92_0188
TORONTO_TRE92_STU03613,TORONTO_TRE92_0192
TORONTO_TRE92_STU03614,TORONTO_TRE92_0095
TORONTO_TRE92_STU03614,TORONTO_TRE92_0130
TORONTO_TRE92_STU03614,TORONTO_TRE92_0192
TORONTO_TRE92_STU03615,TORONTO_TRE92_0011
TORONTO_TRE92_STU03615,TORONTO_TRE92_0028
TORONTO_TRE92_STU03615,TORONTO_TRE92_0053
TORONTO_TRE92_STU03615,TORONTO_TRE92_0188
TORONTO_TRE92_STU03616,TORONTO_TRE92_0050
TORONTO_TRE92_STU03616,TORONTO_TRE92_0080
TORONTO_TRE92_STU03616,TORONTO_TRE92_0154
TORONTO_TRE92_STU03616,TORONTO_TRE92_0201
TORONTO_TRE92_STU03616,TORONTO_TRE92_0245
TORONTO_TRE92_STU03617,TORONTO_TRE92_0080
TORONTO_TRE92_STU03617,TORONTO_TRE92_0094
TORONTO_TRE92_STU03617,TORONTO_TRE92_0154
TORONTO_TRE92_STU03617,TORONTO_TRE92_0214
TORONTO_TRE92_STU03617,TORONTO_TRE92_0246
TORONTO_TRE92_STU03618,TORONTO_TRE92_0011
TORONTO_TRE92_STU03618,TORONTO_TRE92_0050
TORONTO_TRE92_STU03618,TORONTO_TRE92_0096
TORONTO_TRE92_STU03618,TORONTO_TRE92_0154
TORONTO_TRE92_STU03618,TORONTO_TRE92_0201
TORONTO_TRE92_STU03619,TORONTO_TRE92_0001
TORONTO_TRE92_STU03619,TORONTO_TRE92_0080
TORONTO_TRE92_STU03619,TORONTO_TRE92_0192
TORONTO_TRE92_STU03619,TORONTO_TRE92_0201
TORONTO_TRE92_STU03619,TORONTO_TRE92_0246
TORONTO_TRE92_STU03620,TORONTO_TRE92_0095
TORONTO_TRE92_STU03620,TORONTO_TRE92_0154
TORONTO_TRE92_STU03620,TORONTO_TRE92_0215
TORONTO_TRE92_STU03621,TORONTO_TRE92_0011
TORONTO_TRE92_STU03621,TORONTO_TRE92_0096
TORONTO_TRE92_STU03621,TORONTO_TRE92_0192
TORONTO_TRE92_STU03621,TORONTO_TRE92_0215
TORONTO_TRE92_STU03621,TORONTO_TRE92_0246
TORONTO_TRE92_STU03622,TORONTO_TRE92_0096
TORONTO_TRE92_STU03622,TORONTO_TRE92_0215
TORONTO_TRE92_STU03622,TORONTO_TRE92_0246
TORONTO_TRE92_STU03623,TORONTO_TRE92_0080
TORONTO_TRE92_STU03623,TORONTO_TRE92_0096
TORONTO_TRE92_STU03623,TORONTO_TRE92_0215
TORONTO_TRE92_STU03623,TORONTO_TRE92_0246
TORONTO_TRE92_STU03624,TORONTO_TRE92_0011
TORONTO_TRE92_STU03624,TORONTO_TRE92_0050
TORONTO_TRE92_STU03624,TORONTO_TRE92_0139
TORONTO_TRE92_STU03624,TORONTO_TRE92_0188
TORONTO_TRE92_STU03625,TORONTO_TRE92_0011
TORONTO_TRE92_STU03625,TORONTO_TRE92_0115
TORONTO_TRE92_STU03625,TORONTO_TRE92_0188
TORONTO_TRE92_STU03625,TORONTO_TRE92_0201
TORONTO_TRE92_STU03626,TORONTO_TRE92_0050
TORONTO_TRE92_STU03626,TORONTO_TRE92_0154
TORONTO_TRE92_STU03626,TORONTO_TRE92_0188
TORONTO_TRE92_STU03626,TORONTO_TRE92_0201
TORONTO_TRE92_STU03626,TORONTO_TRE92_0214
TORONTO_TRE92_STU03627,TORONTO_TRE92_0028
TORONTO_TRE92_STU03627,TORONTO_TRE92_0096
TORONTO_TRE92_STU03627,TORONTO_TRE92_0115
TORONTO_TRE92_STU03627,TORONTO_TRE92_0184
TORONTO_TRE92_STU03627,TORONTO_TRE92_0215
TORONTO_TRE92_STU03628,TORONTO_TRE92_0050
TORONTO_TRE92_STU03628,TORONTO_TRE92_0115
TORONTO_TRE92_STU03628,TORONTO_TRE92_0139
TORONTO_TRE92_STU03628,TORONTO_TRE92_0153
TORONTO_TRE92_STU03628,TORONTO_TRE92_0154
TORONTO_TRE92_STU03629,TORONTO_TRE92_0072
TORONTO_TRE92_STU03629,TORONTO_TRE92_0115
TORONTO_TRE92_STU03629,TORONTO_TRE92_0120
TORONTO_TRE92_STU03629,TORONTO_TRE92_0214
TORONTO_TRE92_STU03629,TORONTO_TRE92_0234
TORONTO_TRE92_STU03630,TORONTO_TRE92_0028
TORONTO_TRE92_STU03630,TORONTO_TRE92_0053
TORONTO_TRE92_STU03630,TORONTO_TRE92_0120
TORONTO_TRE92_STU03630,TORONTO_TRE92_0184
TORONTO_TRE92_STU03630,TORONTO_TRE92_0215
TORONTO_TRE92_STU03631,TORONTO_TRE92_0028
TORONTO_TRE92_STU03631,TORONTO_TRE92_0053
TORONTO_TRE92_STU03631,TORONTO_TRE92_0115
TORONTO_TRE92_STU03631,TORONTO_TRE92_0139
TORONTO_TRE92_STU03631,TORONTO_TRE92_0184
TORONTO_TRE92_STU03632,TORONTO_TRE92_0001
TORONTO_TRE92_STU03632,TORONTO_TRE92_0081
TORONTO_TRE92_STU03632,TORONTO_TRE92_0096
TORONTO_TRE92_STU03632,TORONTO_TRE92_0201
TORONTO_TRE92_STU03632,TORONTO_TRE92_0245
TORONTO_TRE92_STU03633,TORONTO_TRE92_0011
TORONTO_TRE92_STU03633,TORONTO_TRE92_0120
TORONTO_TRE92_STU03633,TORONTO_TRE92_0193
TORONTO_TRE92_STU03633,TORONTO_TRE92_0215
TORONTO_TRE92_STU03633,TORONTO_TRE92_0246
TORONTO_TRE92_STU03634,TORONTO_TRE92_0096
TORONTO_TRE92_STU03634,TORONTO_TRE92_0188
TORONTO_TRE92_STU03634,TORONTO_TRE92_0193
TORONTO_TRE92_STU03634,TORONTO_TRE92_0215
TORONTO_TRE92_STU03634,TORONTO_TRE92_0246
TORONTO_TRE92_STU03635,TORONTO_TRE92_0011
TORONTO_TRE92_STU03635,TORONTO_TRE92_0188
TORONTO_TRE92_STU03635,TORONTO_TRE92_0193
TORONTO_TRE92_STU03635,TORONTO_TRE92_0215
TORONTO_TRE92_STU03635,TORONTO_TRE92_0246
TORONTO_TRE92_STU03636,TORONTO_TRE92_0070
TORONTO_TRE92_STU03636,TORONTO_TRE92_0072
TORONTO_TRE92_STU03636,TORONTO_TRE92_0096
TORONTO_TRE92_STU03636,TORONTO_TRE92_0215
TORONTO_TRE92_STU03636,TORONTO_TRE92_0246
TORONTO_TRE92_STU03637,TORONTO_TRE92_0028
TORONTO_TRE92_STU03637,TORONTO_TRE92_0053
TORONTO_TRE92_STU03637,TORONTO_TRE92_0072
TORONTO_TRE92_STU03637,TORONTO_TRE92_0115
TORONTO_TRE92_STU03637,TORONTO_TRE92_0184
TORONTO_TRE92_STU03638,TORONTO_TRE92_0028
TORONTO_TRE92_STU03638,TORONTO_TRE92_0053
TORONTO_TRE92_STU03638,TORONTO_TRE92_0115
TORONTO_TRE92_STU03638,TORONTO_TRE92_0184
TORONTO_TRE92_STU03638,TORONTO_TRE92_0246
TORONTO_TRE92_STU03639,TORONTO_TRE92_0072
TORONTO_TRE92_STU03639,TORONTO_TRE92_0081
TORONTO_TRE92_STU03639,TORONTO_TRE92_0153
TORONTO_TRE92_STU03639,TORONTO_TRE92_0173
TORONTO_TRE92_STU03639,TORONTO_TRE92_0246
TORONTO_TRE92_STU03640,TORONTO_TRE92_0011
TORONTO_TRE92_STU03640,TORONTO_TRE92_0154
TORONTO_TRE92_STU03640,TORONTO_TRE92_0192
TORONTO_TRE92_STU03640,TORONTO_TRE92_0214
TORONTO_TRE92_STU03641,TORONTO_TRE92_0011
TORONTO_TRE92_STU03641,TORONTO_TRE92_0028
TORONTO_TRE92_STU03641,TORONTO_TRE92_0115
TORONTO_TRE92_STU03641,TORONTO_TRE92_0192
TORONTO_TRE92_STU03642,TORONTO_TRE92_0028
TORONTO_TRE92_STU03642,TORONTO_TRE92_0070
TORONTO_TRE92_STU03642,TORONTO_TRE92_0120
TORONTO_TRE92_STU03642,TORONTO_TRE92_0187
TORONTO_TRE92_STU03642,TORONTO_TRE92_0192
TORONTO_TRE92_STU03643,TORONTO_TRE92_0154
TORONTO_TRE92_STU03643,TORONTO_TRE92_0193
TORONTO_TRE92_STU03643,TORONTO_TRE92_0214
TORONTO_TRE92_STU03643,TORONTO_TRE92_0246
TORONTO_TRE92_STU03643,TORONTO_TRE92_0256
TORONTO_TRE92_STU03644,TORONTO_TRE92_0072
TORONTO_TRE92_STU03644,TORONTO_TRE92_0154
TORONTO_TRE92_STU03644,TORONTO_TRE92_0193
TORONTO_TRE92_STU03644,TORONTO_TRE92_0215
TORONTO_TRE92_STU03644,TORONTO_TRE92_0246
TORONTO_TRE92_STU03645,TORONTO_TRE92_0153
TORONTO_TRE92_STU03645,TORONTO_TRE92_0188
TORONTO_TRE92_STU03645,TORONTO_TRE92_0214
TORONTO_TRE92_STU03645,TORONTO_TRE92_0245
TORONTO_TRE92_STU03645,TORONTO_TRE92_0256
TORONTO_TRE92_STU03646,TORONTO_TRE92_0001
TORONTO_TRE92_STU03646,TORONTO_TRE92_0081
TORONTO_TRE92_STU03646,TORONTO_TRE92_0154
TORONTO_TRE92_STU03646,TORONTO_TRE92_0201
TORONTO_TRE92_STU03646,TORONTO_TRE92_0234
TORONTO_TRE92_STU03647,TORONTO_TRE92_0011
TORONTO_TRE92_STU03647,TORONTO_TRE92_0115
TORONTO_TRE92_STU03647,TORONTO_TRE92_0139
TORONTO_TRE92_STU03647,TORONTO_TRE92_0188
TORONTO_TRE92_STU03647,TORONTO_TRE92_0234
TORONTO_TRE92_STU03648,TORONTO_TRE92_0011
TORONTO_TRE92_STU03648,TORONTO_TRE92_0095
TORONTO_TRE92_STU03648,TORONTO_TRE92_0139
TORONTO_TRE92_STU03648,TORONTO_TRE92_0188
TORONTO_TRE92_STU03648,TORONTO_TRE92_0214
TORONTO_TRE92_STU03649,TORONTO_TRE92_0050
TORONTO_TRE92_STU03649,TORONTO_TRE92_0081
TORONTO_TRE92_STU03649,TORONTO_TRE92_0094
TORONTO_TRE92_STU03649,TORONTO_TRE92_0246
TORONTO_TRE92_STU03650,TORONTO_TRE92_0094
TORONTO_TRE92_STU03650,TORONTO_TRE92_0192
TORONTO_TRE92_STU03650,TORONTO_TRE92_0246
TORONTO_TRE92_STU03651,TORONTO_TRE92_0028
TORONTO_TRE92_STU03651,TORONTO_TRE92_0053
TORONTO_TRE92_STU03651,TORONTO_TRE92_0115
TORONTO_TRE92_STU03651,TORONTO_TRE92_0139
TORONTO_TRE92_STU03651,TORONTO_TRE92_0184
TORONTO_TRE92_STU03652,TORONTO_TRE92_0011
TORONTO_TRE92_STU03652,TORONTO_TRE92_0094
TORONTO_TRE92_STU03652,TORONTO_TRE92_0192
TORONTO_TRE92_STU03652,TORONTO_TRE92_0215
TORONTO_TRE92_STU03652,TORONTO_TRE92_0245
TORONTO_TRE92_STU03653,TORONTO_TRE92_0011
TORONTO_TRE92_STU03653,TORONTO_TRE92_0028
TORONTO_TRE92_STU03653,TORONTO_TRE92_0053
TORONTO_TRE92_STU03653,TORONTO_TRE92_0115
TORONTO_TRE92_STU03653,TORONTO_TRE92_0173
TORONTO_TRE92_STU03654,TORONTO_TRE92_0011
TORONTO_TRE92_STU03654,TORONTO_TRE92_0050
TORONTO_TRE92_STU03654,TORONTO_TRE92_0188
TORONTO_TRE92_STU03655,TORONTO_TRE92_0153
TORONTO_TRE92_STU03655,TORONTO_TRE92_0172
TORONTO_TRE92_STU03655,TORONTO_TRE92_0188
TORONTO_TRE92_STU03655,TORONTO_TRE92_0215
TORONTO_TRE92_STU03655,TORONTO_TRE92_0245
TORONTO_TRE92_STU03656,TORONTO_TRE92_0011
TORONTO_TRE92_STU03656,TORONTO_TRE92_0115
TORONTO_TRE92_STU03656,TORONTO_TRE92_0188
TORONTO_TRE92_STU03656,TORONTO_TRE92_0234
TORONTO_TRE92_STU03657,TORONTO_TRE92_0070
TORONTO_TRE92_STU03657,TORONTO_TRE92_0096
TORONTO_TRE92_STU03657,TORONTO_TRE92_0154
TORONTO_TRE92_STU03657,TORONTO_TRE92_0188
TORONTO_TRE92_STU03657,TORONTO_TRE92_0192
TORONTO_TRE92_STU03658,TORONTO_TRE92_0095
TORONTO_TRE92_STU03658,TORONTO_TRE92_0154
TORONTO_TRE92_STU03658,TORONTO_TRE92_0187
TORONTO_TRE92_STU03658,TORONTO_TRE92_0214
TORONTO_TRE92_STU03658,TORONTO_TRE92_0235
TORONTO_TRE92_STU03659,TORONTO_TRE92_0050
TORONTO_TRE92_STU03659,TORONTO_TRE92_0115
TORONTO_TRE92_STU03659,TORONTO_TRE92_0139
TORONTO_TRE92_STU03659,TORONTO_TRE92_0154
TORONTO_TRE92_STU03659,TORONTO_TRE92_0192
TORONTO_TRE92_STU03660,TORONTO_TRE92_0070
TORONTO_TRE92_STU03660,TORONTO_TRE92_0094
TORONTO_TRE92_STU03660,TORONTO_TRE92_0154
TORONTO_TRE92_STU03660,TORONTO_TRE92_0192
TORONTO_TRE92_STU03661,TORONTO_TRE92_0028
TORONTO_TRE92_STU03661,TORONTO_TRE92_0053
TORONTO_TRE92_STU03661,TORONTO_TRE92_0072
TORONTO_TRE92_STU03661,TORONTO_TRE92_0115
TORONTO_TRE92_STU03661,TORONTO_TRE92_0139
TORONTO_TRE92_STU03662,TORONTO_TRE92_0153
TORONTO_TRE92_STU03662,TORONTO_TRE92_0188
TORONTO_TRE92_STU03662,TORONTO_TRE92_0192
TORONTO_TRE92_STU03663,TORONTO_TRE92_0094
TORONTO_TRE92_STU03663,TORONTO_TRE92_0174
TORONTO_TRE92_STU03663,TORONTO_TRE92_0175
TORONTO_TRE92_STU03663,TORONTO_TRE92_0193
TORONTO_TRE92_STU03663,TORONTO_TRE92_0215
TORONTO_TRE92_STU03664,TORONTO_TRE92_0072
TORONTO_TRE92_STU03664,TORONTO_TRE92_0154
TORONTO_TRE92_STU03664,TORONTO_TRE92_0188
TORONTO_TRE92_STU03664,TORONTO_TRE92_0246
TORONTO_TRE92_STU03665,TORONTO_TRE92_0094
TORONTO_TRE92_STU03665,TORONTO_TRE92_0154
TORONTO_TRE92_STU03665,TORONTO_TRE92_0192
TORONTO_TRE92_STU03665,TORONTO_TRE92_0215
TORONTO_TRE92_STU03666,TORONTO_TRE92_0096
TORONTO_TRE92_STU03666,TORONTO_TRE92_0154
TORONTO_TRE92_STU03666,TORONTO_TRE92_0192
TORONTO_TRE92_STU03666,TORONTO_TRE92_0201
TORONTO_TRE92_STU03666,TORONTO_TRE92_0215
TORONTO_TRE92_STU03667,TORONTO_TRE92_0139
TORONTO_TRE92_STU03667,TORONTO_TRE92_0154
TORONTO_TRE92_STU03667,TORONTO_TRE92_0192
TORONTO_TRE92_STU03667,TORONTO_TRE92_0201
TORONTO_TRE92_STU03668,TORONTO_TRE92_0050
TORONTO_TRE92_STU03668,TORONTO_TRE92_0095
TORONTO_TRE92_STU03668,TORONTO_TRE92_0139
TORONTO_TRE92_STU03668,TORONTO_TRE92_0214
TORONTO_TRE92_STU03668,TORONTO_TRE92_0246
TORONTO_TRE92_STU03669,TORONTO_TRE92_0050
TORONTO_TRE92_STU03669,TORONTO_TRE92_0124
TORONTO_TRE92_STU03669,TORONTO_TRE92_0128
TORONTO_TRE92_STU03670,TORONTO_TRE92_0095
TORONTO_TRE92_STU03670,TORONTO_TRE92_0153
TORONTO_TRE92_STU03670,TORONTO_TRE92_0192
TORONTO_TRE92_STU03670,TORONTO_TRE92_0215
TORONTO_TRE92_STU03671,TORONTO_TRE92_0028
TORONTO_TRE92_STU03671,TORONTO_TRE92_0053
TORONTO_TRE92_STU03671,TORONTO_TRE92_0115
TORONTO_TRE92_STU03671,TORONTO_TRE92_0139
TORONTO_TRE92_STU03671,TORONTO_TRE92_0184
TORONTO_TRE92_STU03672,TORONTO_TRE92_0050
TORONTO_TRE92_STU03672,TORONTO_TRE92_0115
TORONTO_TRE92_STU03672,TORONTO_TRE92_0139
TORONTO_TRE92_STU03672,TORONTO_TRE92_0214
TORONTO_TRE92_STU03672,TORONTO_TRE92_0246
TORONTO_TRE92_STU03673,TORONTO_TRE92_0001
TORONTO_TRE92_STU03673,TORONTO_TRE92_0081
TORONTO_TRE92_STU03673,TORONTO_TRE92_0193
TORONTO_TRE92_STU03673,TORONTO_TRE92_0215
TORONTO_TRE92_STU03673,TORONTO_TRE92_0245
TORONTO_TRE92_STU03674,TORONTO_TRE92_0011
TORONTO_TRE92_STU03674,TORONTO_TRE92_0096
TORONTO_TRE92_STU03674,TORONTO_TRE92_0154
TORONTO_TRE92_STU03674,TORONTO_TRE92_0215
TORONTO_TRE92_STU03674,TORONTO_TRE92_0246
TORONTO_TRE92_STU03675,TORONTO_TRE92_0011
TORONTO_TRE92_STU03675,TORONTO_TRE92_0096
TORONTO_TRE92_STU03675,TORONTO_TRE92_0215
TORONTO_TRE92_STU03675,TORONTO_TRE92_0245
TORONTO_TRE92_STU03676,TORONTO_TRE92_0096
TORONTO_TRE92_STU03676,TORONTO_TRE92_0139
TORONTO_TRE92_STU03676,TORONTO_TRE92_0154
TORONTO_TRE92_STU03676,TORONTO_TRE92_0193
TORONTO_TRE92_STU03677,TORONTO_TRE92_0028
TORONTO_TRE92_STU03677,TORONTO_TRE92_0053
TORONTO_TRE92_STU03677,TORONTO_TRE92_0115
TORONTO_TRE92_STU03677,TORONTO_TRE92_0184
TORONTO_TRE92_STU03678,TORONTO_TRE92_0188
TORONTO_TRE92_STU03679,TORONTO_TRE92_0011
TORONTO_TRE92_STU03679,TORONTO_TRE92_0050
TORONTO_TRE92_STU03679,TORONTO_TRE92_0139
TORONTO_TRE92_STU03679,TORONTO_TRE92_0154
TORONTO_TRE92_STU03679,TORONTO_TRE92_0188
TORONTO_TRE92_STU03680,TORONTO_TRE92_0072
TORONTO_TRE92_STU03680,TORONTO_TRE92_0215
TORONTO_TRE92_STU03680,TORONTO_TRE92_0246
TORONTO_TRE92_STU03681,TORONTO_TRE92_0028
TORONTO_TRE92_STU03681,TORONTO_TRE92_0052
TORONTO_TRE92_STU03681,TORONTO_TRE92_0053
TORONTO_TRE92_STU03681,TORONTO_TRE92_0072
TORONTO_TRE92_STU03681,TORONTO_TRE92_0174
TORONTO_TRE92_STU03682,TORONTO_TRE92_0154
TORONTO_TRE92_STU03682,TORONTO_TRE92_0188
TORONTO_TRE92_STU03682,TORONTO_TRE92_0192
TORONTO_TRE92_STU03683,TORONTO_TRE92_0094
TORONTO_TRE92_STU03683,TORONTO_TRE92_0139
TORONTO_TRE92_STU03683,TORONTO_TRE92_0214
TORONTO_TRE92_STU03683,TORONTO_TRE92_0246
TORONTO_TRE92_STU03684,TORONTO_TRE92_0001
TORONTO_TRE92_STU03684,TORONTO_TRE92_0072
TORONTO_TRE92_STU03684,TORONTO_TRE92_0081
TORONTO_TRE92_STU03684,TORONTO_TRE92_0193
TORONTO_TRE92_STU03684,TORONTO_TRE92_0246
TORONTO_TRE92_STU03685,TORONTO_TRE92_0096
TORONTO_TRE92_STU03685,TORONTO_TRE92_0115
TORONTO_TRE92_STU03685,TORONTO_TRE92_0139
TORONTO_TRE92_STU03685,TORONTO_TRE92_0214
TORONTO_TRE92_STU03685,TORONTO_TRE92_0245
TORONTO_TRE92_STU03686,TORONTO_TRE92_0050
TORONTO_TRE92_STU03686,TORONTO_TRE92_0115
TORONTO_TRE92_STU03686,TORONTO_TRE92_0139
TORONTO_TRE92_STU03686,TORONTO_TRE92_0188
TORONTO_TRE92_STU03686,TORONTO_TRE92_0201
TORONTO_TRE92_STU03687,TORONTO_TRE92_0094
TORONTO_TRE92_STU03687,TORONTO_TRE92_0153
TORONTO_TRE92_STU03687,TORONTO_TRE92_0188
TORONTO_TRE92_STU03687,TORONTO_TRE92_0193
TORONTO_TRE92_STU03687,TORONTO_TRE92_0201
TORONTO_TRE92_STU03688,TORONTO_TRE92_0050
TORONTO_TRE92_STU03688,TORONTO_TRE92_0115
TORONTO_TRE92_STU03688,TORONTO_TRE92_0153
TORONTO_TRE92_STU03688,TORONTO_TRE92_0188
TORONTO_TRE92_STU03688,TORONTO_TRE92_0246
TORONTO_TRE92_STU03689,TORONTO_TRE92_0122
TORONTO_TRE92_STU03689,TORONTO_TRE92_0129
TORONTO_TRE92_STU03689,TORONTO_TRE92_0187
TORONTO_TRE92_STU03689,TORONTO_TRE92_0246
TORONTO_TRE92_STU03689,TORONTO_TRE92_0256
TORONTO_TRE92_STU03690,TORONTO_TRE92_0094
TORONTO_TRE92_STU03690,TORONTO_TRE92_0154
TORONTO_TRE92_STU03690,TORONTO_TRE92_0215
TORONTO_TRE92_STU03690,TORONTO_TRE92_0245
TORONTO_TRE92_STU03691,TORONTO_TRE92_0050
TORONTO_TRE92_STU03691,TORONTO_TRE92_0153
TORONTO_TRE92_STU03691,TORONTO_TRE92_0188
TORONTO_TRE92_STU03691,TORONTO_TRE92_0201
TORONTO_TRE92_STU03691,TORONTO_TRE92_0246
TORONTO_TRE92_STU03692,TORONTO_TRE92_0129
TORONTO_TRE92_STU03692,TORONTO_TRE92_0174
TORONTO_TRE92_STU03692,TORONTO_TRE92_0175
TORONTO_TRE92_STU03692,TORONTO_TRE92_0233
TORONTO_TRE92_STU03692,TORONTO_TRE92_0235
TORONTO_TRE92_STU03693,TORONTO_TRE92_0011
TORONTO_TRE92_STU03693,TORONTO_TRE92_0094
TORONTO_TRE92_STU03693,TORONTO_TRE92_0154
TORONTO_TRE92_STU03693,TORONTO_TRE92_0187
TORONTO_TRE92_STU03693,TORONTO_TRE92_0214
TORONTO_TRE92_STU03694,TORONTO_TRE92_0011
TORONTO_TRE92_STU03694,TORONTO_TRE92_0188
TORONTO_TRE92_STU03694,TORONTO_TRE92_0192
TORONTO_TRE92_STU03694,TORONTO_TRE92_0215
TORONTO_TRE92_STU03694,TORONTO_TRE92_0246
TORONTO_TRE92_STU03695,TORONTO_TRE92_0028
TORONTO_TRE92_STU03695,TORONTO_TRE92_0053
TORONTO_TRE92_STU03695,TORONTO_TRE92_0072
TORONTO_TRE92_STU03695,TORONTO_TRE92_0115
TORONTO_TRE92_STU03695,TORONTO_TRE92_0215
TORONTO_TRE92_STU03696,TORONTO_TRE92_0011
TORONTO_TRE92_STU03696,TORONTO_TRE92_0050
TORONTO_TRE92_STU03696,TORONTO_TRE92_0214
TORONTO_TRE92_STU03697,TORONTO_TRE92_0028
TORONTO_TRE92_STU03697,TORONTO_TRE92_0053
TORONTO_TRE92_STU03697,TORONTO_TRE92_0115
TORONTO_TRE92_STU03697,TORONTO_TRE92_0214
TORONTO_TRE92_STU03698,TORONTO_TRE92_0095
TORONTO_TRE92_STU03698,TORONTO_TRE92_0188
TORONTO_TRE92_STU03698,TORONTO_TRE92_0192
TORONTO_TRE92_STU03698,TORONTO_TRE92_0214
TORONTO_TRE92_STU03699,TORONTO_TRE92_0001
TORONTO_TRE92_STU03699,TORONTO_TRE92_0154
TORONTO_TRE92_STU03699,TORONTO_TRE92_0192
TORONTO_TRE92_STU03699,TORONTO_TRE92_0246
TORONTO_TRE92_STU03700,TORONTO_TRE92_0028
TORONTO_TRE92_STU03700,TORONTO_TRE92_0053
TORONTO_TRE92_STU03700,TORONTO_TRE92_0174
TORONTO_TRE92_STU03700,TORONTO_TRE92_0215
TORONTO_TRE92_STU03700,TORONTO_TRE92_0246
TORONTO_TRE92_STU03701,TORONTO_TRE92_0094
TORONTO_TRE92_STU03701,TORONTO_TRE92_0192
TORONTO_TRE92_STU03701,TORONTO_TRE92_0214
TORONTO_TRE92_STU03702,TORONTO_TRE92_0154
TORONTO_TRE92_STU03702,TORONTO_TRE92_0192
TORONTO_TRE92_STU03702,TORONTO_TRE92_0215
TORONTO_TRE92_STU03702,TORONTO_TRE92_0245
TORONTO_TRE92_STU03703,TORONTO_TRE92_0070
TORONTO_TRE92_STU03703,TORONTO_TRE92_0094
TORONTO_TRE92_STU03703,TORONTO_TRE92_0154
TORONTO_TRE92_STU03703,TORONTO_TRE92_0215
TORONTO_TRE92_STU03703,TORONTO_TRE92_0246
TORONTO_TRE92_STU03704,TORONTO_TRE92_0011
TORONTO_TRE92_STU03704,TORONTO_TRE92_0028
TORONTO_TRE92_STU03704,TORONTO_TRE92_0053
TORONTO_TRE92_STU03704,TORONTO_TRE92_0115
TORONTO_TRE92_STU03704,TORONTO_TRE92_0215
TORONTO_TRE92_STU03705,TORONTO_TRE92_0011
TORONTO_TRE92_STU03705,TORONTO_TRE92_0094
TORONTO_TRE92_STU03705,TORONTO_TRE92_0139
TORONTO_TRE92_STU03705,TORONTO_TRE92_0154
TORONTO_TRE92_STU03705,TORONTO_TRE92_0188
TORONTO_TRE92_STU03706,TORONTO_TRE92_0011
TORONTO_TRE92_STU03706,TORONTO_TRE92_0070
TORONTO_TRE92_STU03706,TORONTO_TRE92_0096
TORONTO_TRE92_STU03706,TORONTO_TRE92_0121
TORONTO_TRE92_STU03706,TORONTO_TRE92_0214
TORONTO_TRE92_STU03707,TORONTO_TRE92_0028
TORONTO_TRE92_STU03707,TORONTO_TRE92_0053
TORONTO_TRE92_STU03707,TORONTO_TRE92_0072
TORONTO_TRE92_STU03707,TORONTO_TRE92_0184
TORONTO_TRE92_STU03708,TORONTO_TRE92_0011
TORONTO_TRE92_STU03708,TORONTO_TRE92_0094
TORONTO_TRE92_STU03708,TORONTO_TRE92_0154
TORONTO_TRE92_STU03708,TORONTO_TRE92_0172
TORONTO_TRE92_STU03708,TORONTO_TRE92_0193
TORONTO_TRE92_STU03709,TORONTO_TRE92_0001
TORONTO_TRE92_STU03709,TORONTO_TRE92_0080
TORONTO_TRE92_STU03709,TORONTO_TRE92_0193
TORONTO_TRE92_STU03709,TORONTO_TRE92_0201
TORONTO_TRE92_STU03709,TORONTO_TRE92_0215
TORONTO_TRE92_STU03710,TORONTO_TRE92_0027
TORONTO_TRE92_STU03710,TORONTO_TRE92_0053
TORONTO_TRE92_STU03710,TORONTO_TRE92_0115
TORONTO_TRE92_STU03710,TORONTO_TRE92_0184
TORONTO_TRE92_STU03710,TORONTO_TRE92_0234
TORONTO_TRE92_STU03711,TORONTO_TRE92_0001
TORONTO_TRE92_STU03711,TORONTO_TRE92_0080
TORONTO_TRE92_STU03711,TORONTO_TRE92_0153
TORONTO_TRE92_STU03711,TORONTO_TRE92_0173
TORONTO_TRE92_STU03711,TORONTO_TRE92_0246
TORONTO_TRE92_STU03712,TORONTO_TRE92_0028
TORONTO_TRE92_STU03712,TORONTO_TRE92_0053
TORONTO_TRE92_STU03712,TORONTO_TRE92_0115
TORONTO_TRE92_STU03712,TORONTO_TRE92_0184
TORONTO_TRE92_STU03712,TORONTO_TRE92_0234
TORONTO_TRE92_STU03713,TORONTO_TRE92_0001
TORONTO_TRE92_STU03713,TORONTO_TRE92_0080
TORONTO_TRE92_STU03713,TORONTO_TRE92_0173
TORONTO_TRE92_STU03713,TORONTO_TRE92_0193
TORONTO_TRE92_STU03714,TORONTO_TRE92_0094
TORONTO_TRE92_STU03714,TORONTO_TRE92_0153
TORONTO_TRE92_STU03714,TORONTO_TRE92_0192
TORONTO_TRE92_STU03714,TORONTO_TRE92_0201
TORONTO_TRE92_STU03714,TORONTO_TRE92_0246
TORONTO_TRE92_STU03715,TORONTO_TRE92_0028
TORONTO_TRE92_STU03715,TORONTO_TRE92_0029
TORONTO_TRE92_STU03715,TORONTO_TRE92_0053
TORONTO_TRE92_STU03715,TORONTO_TRE92_0233
TORONTO_TRE92_STU03716,TORONTO_TRE92_0070
TORONTO_TRE92_STU03716,TORONTO_TRE92_0096
TORONTO_TRE92_STU03716,TORONTO_TRE92_0139
TORONTO_TRE92_STU03716,TORONTO_TRE92_0214
TORONTO_TRE92_STU03717,TORONTO_TRE92_0050
TORONTO_TRE92_STU03717,TORONTO_TRE92_0192
TORONTO_TRE92_STU03717,TORONTO_TRE92_0214
TORONTO_TRE92_STU03717,TORONTO_TRE92_0246
TORONTO_TRE92_STU03718,TORONTO_TRE92_0028
TORONTO_TRE92_STU03718,TORONTO_TRE92_0115
TORONTO_TRE92_STU03718,TORONTO_TRE92_0139
TORONTO_TRE92_STU03718,TORONTO_TRE92_0234
TORONTO_TRE92_STU03719,TORONTO_TRE92_0001
TORONTO_TRE92_STU03719,TORONTO_TRE92_0094
TORONTO_TRE92_STU03719,TORONTO_TRE92_0187
TORONTO_TRE92_STU03719,TORONTO_TRE92_0215
TORONTO_TRE92_STU03719,TORONTO_TRE92_0246
TORONTO_TRE92_STU03720,TORONTO_TRE92_0096
TORONTO_TRE92_STU03720,TORONTO_TRE92_0115
TORONTO_TRE92_STU03720,TORONTO_TRE92_0153
TORONTO_TRE92_STU03720,TORONTO_TRE92_0214
TORONTO_TRE92_STU03721,TORONTO_TRE92_0115
TORONTO_TRE92_STU03721,TORONTO_TRE92_0139
TORONTO_TRE92_STU03721,TORONTO_TRE92_0174
TORONTO_TRE92_STU03721,TORONTO_TRE92_0188
TORONTO_TRE92_STU03721,TORONTO_TRE92_0214
TORONTO_TRE92_STU03722,TORONTO_TRE92_0011
TORONTO_TRE92_STU03722,TORONTO_TRE92_0192
TORONTO_TRE92_STU03722,TORONTO_TRE92_0215
TORONTO_TRE92_STU03722,TORONTO_TRE92_0246
TORONTO_TRE92_STU03723,TORONTO_TRE92_0001
TORONTO_TRE92_STU03723,TORONTO_TRE92_0072
TORONTO_TRE92_STU03723,TORONTO_TRE92_0080
TORONTO_TRE92_STU03723,TORONTO_TRE92_0173
TORONTO_TRE92_STU03723,TORONTO_TRE92_0246
TORONTO_TRE92_STU03724,TORONTO_TRE92_0011
TORONTO_TRE92_STU03724,TORONTO_TRE92_0065
TORONTO_TRE92_STU03724,TORONTO_TRE92_0096
TORONTO_TRE92_STU03724,TORONTO_TRE92_0154
TORONTO_TRE92_STU03724,TORONTO_TRE92_0192
TORONTO_TRE92_STU03725,TORONTO_TRE92_0115
TORONTO_TRE92_STU03725,TORONTO_TRE92_0215
TORONTO_TRE92_STU03726,TORONTO_TRE92_0011
TORONTO_TRE92_STU03726,TORONTO_TRE92_0094
TORONTO_TRE92_STU03726,TORONTO_TRE92_0154
TORONTO_TRE92_STU03726,TORONTO_TRE92_0192
TORONTO_TRE92_STU03727,TORONTO_TRE92_0011
TORONTO_TRE92_STU03727,TORONTO_TRE92_0096
TORONTO_TRE92_STU03727,TORONTO_TRE92_0154
TORONTO_TRE92_STU03727,TORONTO_TRE92_0214
TORONTO_TRE92_STU03727,TORONTO_TRE92_0246
TORONTO_TRE92_STU03728,TORONTO_TRE92_0011
TORONTO_TRE92_STU03728,TORONTO_TRE92_0153
TORONTO_TRE92_STU03728,TORONTO_TRE92_0201
TORONTO_TRE92_STU03728,TORONTO_TRE92_0246
TORONTO_TRE92_STU03729,TORONTO_TRE92_0153
TORONTO_TRE92_STU03729,TORONTO_TRE92_0192
TORONTO_TRE92_STU03729,TORONTO_TRE92_0214
TORONTO_TRE92_STU03730,TORONTO_TRE92_0027
TORONTO_TRE92_STU03730,TORONTO_TRE92_0115
TORONTO_TRE92_STU03730,TORONTO_TRE92_0139
TORONTO_TRE92_STU03730,TORONTO_TRE92_0246
TORONTO_TRE92_STU03731,TORONTO_TRE92_0011
TORONTO_TRE92_STU03731,TORONTO_TRE92_0153
TORONTO_TRE92_STU03731,TORONTO_TRE92_0214
TORONTO_TRE92_STU03731,TORONTO_TRE92_0246
TORONTO_TRE92_STU03732,TORONTO_TRE92_0095
TORONTO_TRE92_STU03732,TORONTO_TRE92_0154
TORONTO_TRE92_STU03732,TORONTO_TRE92_0192
TORONTO_TRE92_STU03732,TORONTO_TRE92_0214
TORONTO_TRE92_STU03733,TORONTO_TRE92_0115
TORONTO_TRE92_STU03733,TORONTO_TRE92_0120
TORONTO_TRE92_STU03733,TORONTO_TRE92_0139
TORONTO_TRE92_STU03733,TORONTO_TRE92_0188
TORONTO_TRE92_STU03733,TORONTO_TRE92_0192
TORONTO_TRE92_STU03734,TORONTO_TRE92_0027
TORONTO_TRE92_STU03734,TORONTO_TRE92_0115
TORONTO_TRE92_STU03734,TORONTO_TRE92_0139
TORONTO_TRE92_STU03734,TORONTO_TRE92_0192
TORONTO_TRE92_STU03734,TORONTO_TRE92_0246
TORONTO_TRE92_STU03735,TORONTO_TRE92_0011
TORONTO_TRE92_STU03735,TORONTO_TRE92_0094
TORONTO_TRE92_STU03735,TORONTO_TRE92_0154
TORONTO_TRE92_STU03735,TORONTO_TRE92_0188
TORONTO_TRE92_STU03735,TORONTO_TRE92_0215
TORONTO_TRE92_STU03736,TORONTO_TRE92_0053
TORONTO_TRE92_STU03736,TORONTO_TRE92_0115
TORONTO_TRE92_STU03736,TORONTO_TRE92_0139
TORONTO_TRE92_STU03736,TORONTO_TRE92_0184
TORONTO_TRE92_STU03737,TORONTO_TRE92_0001
TORONTO_TRE92_STU03737,TORONTO_TRE92_0081
TORONTO_TRE92_STU03737,TORONTO_TRE92_0154
TORONTO_TRE92_STU03737,TORONTO_TRE92_0173
TORONTO_TRE92_STU03737,TORONTO_TRE92_0246
TORONTO_TRE92_STU03738,TORONTO_TRE92_0095
TORONTO_TRE92_STU03738,TORONTO_TRE92_0120
TORONTO_TRE92_STU03738,TORONTO_TRE92_0129
TORONTO_TRE92_STU03738,TORONTO_TRE92_0214
TORONTO_TRE92_STU03738,TORONTO_TRE92_0257
TORONTO_TRE92_STU03739,TORONTO_TRE92_0095
TORONTO_TRE92_STU03739,TORONTO_TRE92_0120
TORONTO_TRE92_STU03739,TORONTO_TRE92_0129
TORONTO_TRE92_STU03739,TORONTO_TRE92_0214
TORONTO_TRE92_STU03739,TORONTO_TRE92_0257
TORONTO_TRE92_STU03740,TORONTO_TRE92_0095
TORONTO_TRE92_STU03740,TORONTO_TRE92_0120
TORONTO_TRE92_STU03740,TORONTO_TRE92_0153
TORONTO_TRE92_STU03740,TORONTO_TRE92_0214
TORONTO_TRE92_STU03741,TORONTO_TRE92_0011
TORONTO_TRE92_STU03741,TORONTO_TRE92_0050
TORONTO_TRE92_STU03741,TORONTO_TRE92_0201
TORONTO_TRE92_STU03741,TORONTO_TRE92_0256
TORONTO_TRE92_STU03742,TORONTO_TRE92_0011
TORONTO_TRE92_STU03742,TORONTO_TRE92_0028
TORONTO_TRE92_STU03742,TORONTO_TRE92_0094
TORONTO_TRE92_STU03742,TORONTO_TRE92_0154
TORONTO_TRE92_STU03742,TORONTO_TRE92_0214
TORONTO_TRE92_STU03743,TORONTO_TRE92_0094
TORONTO_TRE92_STU03743,TORONTO_TRE92_0153
TORONTO_TRE92_STU03743,TORONTO_TRE92_0193
TORONTO_TRE92_STU03743,TORONTO_TRE92_0201
TORONTO_TRE92_STU03743,TORONTO_TRE92_0214
TORONTO_TRE92_STU03744,TORONTO_TRE92_0011
TORONTO_TRE92_STU03744,TORONTO_TRE92_0094
TORONTO_TRE92_STU03744,TORONTO_TRE92_0188
TORONTO_TRE92_STU03744,TORONTO_TRE92_0215
TORONTO_TRE92_STU03744,TORONTO_TRE92_0246
TORONTO_TRE92_STU03745,TORONTO_TRE92_0028
TORONTO_TRE92_STU03745,TORONTO_TRE92_0052
TORONTO_TRE92_STU03745,TORONTO_TRE92_0053
TORONTO_TRE92_STU03745,TORONTO_TRE92_0115
TORONTO_TRE92_STU03745,TORONTO_TRE92_0174
TORONTO_TRE92_STU03746,TORONTO_TRE92_0070
TORONTO_TRE92_STU03746,TORONTO_TRE92_0094
TORONTO_TRE92_STU03746,TORONTO_TRE92_0188
TORONTO_TRE92_STU03746,TORONTO_TRE92_0192
TORONTO_TRE92_STU03746,TORONTO_TRE92_0215
TORONTO_TRE92_STU03747,TORONTO_TRE92_0011
TORONTO_TRE92_STU03747,TORONTO_TRE92_0028
TORONTO_TRE92_STU03747,TORONTO_TRE92_0065
TORONTO_TRE92_STU03747,TORONTO_TRE92_0115
TORONTO_TRE92_STU03747,TORONTO_TRE92_0154
TORONTO_TRE92_STU03748,TORONTO_TRE92_0011
TORONTO_TRE92_STU03748,TORONTO_TRE92_0050
TORONTO_TRE92_STU03748,TORONTO_TRE92_0115
TORONTO_TRE92_STU03748,TORONTO_TRE92_0215
TORONTO_TRE92_STU03748,TORONTO_TRE92_0256
TORONTO_TRE92_STU03749,TORONTO_TRE92_0028
TORONTO_TRE92_STU03749,TORONTO_TRE92_0053
TORONTO_TRE92_STU03749,TORONTO_TRE92_0115
TORONTO_TRE92_STU03749,TORONTO_TRE92_0184
TORONTO_TRE92_STU03749,TORONTO_TRE92_0215
TORONTO_TRE92_STU03750,TORONTO_TRE92_0001
TORONTO_TRE92_STU03750,TORONTO_TRE92_0072
TORONTO_TRE92_STU03750,TORONTO_TRE92_0080
TORONTO_TRE92_STU03750,TORONTO_TRE92_0192
TORONTO_TRE92_STU03750,TORONTO_TRE92_0246
TORONTO_TRE92_STU03751,TORONTO_TRE92_0050
TORONTO_TRE92_STU03751,TORONTO_TRE92_0096
TORONTO_TRE92_STU03751,TORONTO_TRE92_0153
TORONTO_TRE92_STU03751,TORONTO_TRE92_0214
TORONTO_TRE92_STU03751,TORONTO_TRE92_0246
TORONTO_TRE92_STU03752,TORONTO_TRE92_0011
TORONTO_TRE92_STU03752,TORONTO_TRE92_0028
TORONTO_TRE92_STU03752,TORONTO_TRE92_0053
TORONTO_TRE92_STU03752,TORONTO_TRE92_0115
TORONTO_TRE92_STU03752,TORONTO_TRE92_0215
TORONTO_TRE92_STU03753,TORONTO_TRE92_0052
TORONTO_TRE92_STU03753,TORONTO_TRE92_0053
TORONTO_TRE92_STU03753,TORONTO_TRE92_0072
TORONTO_TRE92_STU03753,TORONTO_TRE92_0174
TORONTO_TRE92_STU03753,TORONTO_TRE92_0233
TORONTO_TRE92_STU03754,TORONTO_TRE92_0011
TORONTO_TRE92_STU03754,TORONTO_TRE92_0050
TORONTO_TRE92_STU03754,TORONTO_TRE92_0154
TORONTO_TRE92_STU03754,TORONTO_TRE92_0192
TORONTO_TRE92_STU03755,TORONTO_TRE92_0070
TORONTO_TRE92_STU03755,TORONTO_TRE92_0096
TORONTO_TRE92_STU03755,TORONTO_TRE92_0215
TORONTO_TRE92_STU03755,TORONTO_TRE92_0246
TORONTO_TRE92_STU03756,TORONTO_TRE92_0011
TORONTO_TRE92_STU03756,TORONTO_TRE92_0094
TORONTO_TRE92_STU03756,TORONTO_TRE92_0192
TORONTO_TRE92_STU03756,TORONTO_TRE92_0214
TORONTO_TRE92_STU03757,TORONTO_TRE92_0095
TORONTO_TRE92_STU03757,TORONTO_TRE92_0154
TORONTO_TRE92_STU03757,TORONTO_TRE92_0214
TORONTO_TRE92_STU03757,TORONTO_TRE92_0246
TORONTO_TRE92_STU03758,TORONTO_TRE92_0011
TORONTO_TRE92_STU03758,TORONTO_TRE92_0154
TORONTO_TRE92_STU03758,TORONTO_TRE92_0187
TORONTO_TRE92_STU03758,TORONTO_TRE92_0215
TORONTO_TRE92_STU03759,TORONTO_TRE92_0096
TORONTO_TRE92_STU03759,TORONTO_TRE92_0115
TORONTO_TRE92_STU03759,TORONTO_TRE92_0154
TORONTO_TRE92_STU03759,TORONTO_TRE92_0215
TORONTO_TRE92_STU03759,TORONTO_TRE92_0246
TORONTO_TRE92_STU03760,TORONTO_TRE92_0096
TORONTO_TRE92_STU03760,TORONTO_TRE92_0153
TORONTO_TRE92_STU03760,TORONTO_TRE92_0193
TORONTO_TRE92_STU03760,TORONTO_TRE92_0246
TORONTO_TRE92_STU03761,TORONTO_TRE92_0050
TORONTO_TRE92_STU03761,TORONTO_TRE92_0122
TORONTO_TRE92_STU03761,TORONTO_TRE92_0188
TORONTO_TRE92_STU03761,TORONTO_TRE92_0192
TORONTO_TRE92_STU03761,TORONTO_TRE92_0215
TORONTO_TRE92_STU03762,TORONTO_TRE92_0001
TORONTO_TRE92_STU03762,TORONTO_TRE92_0081
TORONTO_TRE92_STU03762,TORONTO_TRE92_0153
TORONTO_TRE92_STU03762,TORONTO_TRE92_0188
TORONTO_TRE92_STU03762,TORONTO_TRE92_0201
TORONTO_TRE92_STU03763,TORONTO_TRE92_0011
TORONTO_TRE92_STU03763,TORONTO_TRE92_0139
TORONTO_TRE92_STU03763,TORONTO_TRE92_0154
TORONTO_TRE92_STU03763,TORONTO_TRE92_0256
TORONTO_TRE92_STU03764,TORONTO_TRE92_0011
TORONTO_TRE92_STU03764,TORONTO_TRE92_0094
TORONTO_TRE92_STU03764,TORONTO_TRE92_0121
TORONTO_TRE92_STU03764,TORONTO_TRE92_0154
TORONTO_TRE92_STU03764,TORONTO_TRE92_0215
TORONTO_TRE92_STU03765,TORONTO_TRE92_0050
TORONTO_TRE92_STU03765,TORONTO_TRE92_0115
TORONTO_TRE92_STU03765,TORONTO_TRE92_0256
TORONTO_TRE92_STU03765,TORONTO_TRE92_0260
TORONTO_TRE92_STU03766,TORONTO_TRE92_0011
TORONTO_TRE92_STU03766,TORONTO_TRE92_0050
TORONTO_TRE92_STU03766,TORONTO_TRE92_0154
TORONTO_TRE92_STU03766,TORONTO_TRE92_0201
TORONTO_TRE92_STU03766,TORONTO_TRE92_0246
TORONTO_TRE92_STU03767,TORONTO_TRE92_0050
TORONTO_TRE92_STU03767,TORONTO_TRE92_0139
TORONTO_TRE92_STU03767,TORONTO_TRE92_0153
TORONTO_TRE92_STU03767,TORONTO_TRE92_0215
TORONTO_TRE92_STU03767,TORONTO_TRE92_0246
TORONTO_TRE92_STU03768,TORONTO_TRE92_0094
TORONTO_TRE92_STU03768,TORONTO_TRE92_0153
TORONTO_TRE92_STU03768,TORONTO_TRE92_0192
TORONTO_TRE92_STU03768,TORONTO_TRE92_0215
TORONTO_TRE92_STU03768,TORONTO_TRE92_0245
TORONTO_TRE92_STU03769,TORONTO_TRE92_0122
TORONTO_TRE92_STU03769,TORONTO_TRE92_0153
TORONTO_TRE92_STU03769,TORONTO_TRE92_0192
TORONTO_TRE92_STU03769,TORONTO_TRE92_0214
TORONTO_TRE92_STU03769,TORONTO_TRE92_0246
TORONTO_TRE92_STU03770,TORONTO_TRE92_0027
TORONTO_TRE92_STU03770,TORONTO_TRE92_0050
TORONTO_TRE92_STU03770,TORONTO_TRE92_0115
TORONTO_TRE92_STU03770,TORONTO_TRE92_0139
TORONTO_TRE92_STU03771,TORONTO_TRE92_0011
TORONTO_TRE92_STU03771,TORONTO_TRE92_0028
TORONTO_TRE92_STU03771,TORONTO_TRE92_0153
TORONTO_TRE92_STU03771,TORONTO_TRE92_0184
TORONTO_TRE92_STU03771,TORONTO_TRE92_0214
TORONTO_TRE92_STU03772,TORONTO_TRE92_0095
TORONTO_TRE92_STU03772,TORONTO_TRE92_0188
TORONTO_TRE92_STU03773,TORONTO_TRE92_0011
TORONTO_TRE92_STU03773,TORONTO_TRE92_0065
TORONTO_TRE92_STU03773,TORONTO_TRE92_0094
TORONTO_TRE92_STU03773,TORONTO_TRE92_0129
TORONTO_TRE92_STU03773,TORONTO_TRE92_0153
TORONTO_TRE92_STU03774,TORONTO_TRE92_0011
TORONTO_TRE92_STU03774,TORONTO_TRE92_0028
TORONTO_TRE92_STU03774,TORONTO_TRE92_0053
TORONTO_TRE92_STU03774,TORONTO_TRE92_0184
TORONTO_TRE92_STU03774,TORONTO_TRE92_0233
TORONTO_TRE92_STU03775,TORONTO_TRE92_0094
TORONTO_TRE92_STU03775,TORONTO_TRE92_0192
TORONTO_TRE92_STU03775,TORONTO_TRE92_0256
TORONTO_TRE92_STU03776,TORONTO_TRE92_0094
TORONTO_TRE92_STU03776,TORONTO_TRE92_0173
TORONTO_TRE92_STU03776,TORONTO_TRE92_0192
TORONTO_TRE92_STU03776,TORONTO_TRE92_0214
TORONTO_TRE92_STU03777,TORONTO_TRE92_0011
TORONTO_TRE92_STU03777,TORONTO_TRE92_0028
TORONTO_TRE92_STU03777,TORONTO_TRE92_0154
TORONTO_TRE92_STU03777,TORONTO_TRE92_0214
TORONTO_TRE92_STU03778,TORONTO_TRE92_0072
TORONTO_TRE92_STU03778,TORONTO_TRE92_0154
TORONTO_TRE92_STU03778,TORONTO_TRE92_0193
TORONTO_TRE92_STU03778,TORONTO_TRE92_0214
TORONTO_TRE92_STU03778,TORONTO_TRE92_0246
TORONTO_TRE92_STU03779,TORONTO_TRE92_0154
TORONTO_TRE92_STU03779,TORONTO_TRE92_0188
TORONTO_TRE92_STU03779,TORONTO_TRE92_0201
TORONTO_TRE92_STU03779,TORONTO_TRE92_0246
TORONTO_TRE92_STU03780,TORONTO_TRE92_0001
TORONTO_TRE92_STU03780,TORONTO_TRE92_0080
TORONTO_TRE92_STU03780,TORONTO_TRE92_0173
TORONTO_TRE92_STU03780,TORONTO_TRE92_0246
TORONTO_TRE92_STU03781,TORONTO_TRE92_0011
TORONTO_TRE92_STU03781,TORONTO_TRE92_0065
TORONTO_TRE92_STU03781,TORONTO_TRE92_0096
TORONTO_TRE92_STU03781,TORONTO_TRE92_0201
TORONTO_TRE92_STU03782,TORONTO_TRE92_0011
TORONTO_TRE92_STU03782,TORONTO_TRE92_0080
TORONTO_TRE92_STU03782,TORONTO_TRE92_0192
TORONTO_TRE92_STU03782,TORONTO_TRE92_0201
TORONTO_TRE92_STU03782,TORONTO_TRE92_0215
TORONTO_TRE92_STU03783,TORONTO_TRE92_0050
TORONTO_TRE92_STU03783,TORONTO_TRE92_0081
TORONTO_TRE92_STU03783,TORONTO_TRE92_0154
TORONTO_TRE92_STU03783,TORONTO_TRE92_0201
TORONTO_TRE92_STU03783,TORONTO_TRE92_0256
TORONTO_TRE92_STU03784,TORONTO_TRE92_0011
TORONTO_TRE92_STU03784,TORONTO_TRE92_0028
TORONTO_TRE92_STU03784,TORONTO_TRE92_0115
TORONTO_TRE92_STU03784,TORONTO_TRE92_0139
TORONTO_TRE92_STU03784,TORONTO_TRE92_0192
TORONTO_TRE92_STU03785,TORONTO_TRE92_0050
TORONTO_TRE92_STU03785,TORONTO_TRE92_0120
TORONTO_TRE92_STU03785,TORONTO_TRE92_0139
TORONTO_TRE92_STU03785,TORONTO_TRE92_0153
TORONTO_TRE92_STU03785,TORONTO_TRE92_0215
TORONTO_TRE92_STU03786,TORONTO_TRE92_0153
TORONTO_TRE92_STU03786,TORONTO_TRE92_0154
TORONTO_TRE92_STU03786,TORONTO_TRE92_0201
TORONTO_TRE92_STU03786,TORONTO_TRE92_0214
TORONTO_TRE92_STU03787,TORONTO_TRE92_0001
TORONTO_TRE92_STU03787,TORONTO_TRE92_0081
TORONTO_TRE92_STU03787,TORONTO_TRE92_0173
TORONTO_TRE92_STU03787,TORONTO_TRE92_0188
TORONTO_TRE92_STU03787,TORONTO_TRE92_0201
TORONTO_TRE92_STU03788,TORONTO_TRE92_0121
TORONTO_TRE92_STU03788,TORONTO_TRE92_0127
TORONTO_TRE92_STU03788,TORONTO_TRE92_0215
TORONTO_TRE92_STU03788,TORONTO_TRE92_0245
TORONTO_TRE92_STU03789,TORONTO_TRE92_0011
TORONTO_TRE92_STU03789,TORONTO_TRE92_0122
TORONTO_TRE92_STU03789,TORONTO_TRE92_0215
TORONTO_TRE92_STU03790,TORONTO_TRE92_0011
TORONTO_TRE92_STU03790,TORONTO_TRE92_0115
TORONTO_TRE92_STU03790,TORONTO_TRE92_0193
TORONTO_TRE92_STU03791,TORONTO_TRE92_0011
TORONTO_TRE92_STU03791,TORONTO_TRE92_0139
TORONTO_TRE92_STU03791,TORONTO_TRE92_0154
TORONTO_TRE92_STU03791,TORONTO_TRE92_0214
TORONTO_TRE92_STU03792,TORONTO_TRE92_0050
TORONTO_TRE92_STU03792,TORONTO_TRE92_0072
TORONTO_TRE92_STU03792,TORONTO_TRE92_0096
TORONTO_TRE92_STU03792,TORONTO_TRE92_0154
TORONTO_TRE92_STU03793,TORONTO_TRE92_0096
TORONTO_TRE92_STU03793,TORONTO_TRE92_0154
TORONTO_TRE92_STU03793,TORONTO_TRE92_0188
TORONTO_TRE92_STU03793,TORONTO_TRE92_0246
TORONTO_TRE92_STU03794,TORONTO_TRE92_0095
TORONTO_TRE92_STU03794,TORONTO_TRE92_0120
TORONTO_TRE92_STU03794,TORONTO_TRE92_0154
TORONTO_TRE92_STU03794,TORONTO_TRE92_0214
TORONTO_TRE92_STU03794,TORONTO_TRE92_0245
TORONTO_TRE92_STU03795,TORONTO_TRE92_0011
TORONTO_TRE92_STU03795,TORONTO_TRE92_0094
TORONTO_TRE92_STU03795,TORONTO_TRE92_0188
TORONTO_TRE92_STU03795,TORONTO_TRE92_0192
TORONTO_TRE92_STU03796,TORONTO_TRE92_0050
TORONTO_TRE92_STU03796,TORONTO_TRE92_0095
TORONTO_TRE92_STU03796,TORONTO_TRE92_0115
TORONTO_TRE92_STU03796,TORONTO_TRE92_0130
TORONTO_TRE92_STU03796,TORONTO_TRE92_0187
TORONTO_TRE92_STU03797,TORONTO_TRE92_0001
TORONTO_TRE92_STU03797,TORONTO_TRE92_0081
TORONTO_TRE92_STU03797,TORONTO_TRE92_0120
TORONTO_TRE92_STU03797,TORONTO_TRE92_0153
TORONTO_TRE92_STU03797,TORONTO_TRE92_0246
TORONTO_TRE92_STU03798,TORONTO_TRE92_0050
TORONTO_TRE92_STU03798,TORONTO_TRE92_0096
TORONTO_TRE92_STU03798,TORONTO_TRE92_0154
TORONTO_TRE92_STU03798,TORONTO_TRE92_0215
TORONTO_TRE92_STU03798,TORONTO_TRE92_0246
TORONTO_TRE92_STU03799,TORONTO_TRE92_0095
TORONTO_TRE92_STU03799,TORONTO_TRE92_0122
TORONTO_TRE92_STU03799,TORONTO_TRE92_0192
TORONTO_TRE92_STU03799,TORONTO_TRE92_0214
TORONTO_TRE92_STU03800,TORONTO_TRE92_0153
TORONTO_TRE92_STU03800,TORONTO_TRE92_0188
TORONTO_TRE92_STU03800,TORONTO_TRE92_0201
TORONTO_TRE92_STU03800,TORONTO_TRE92_0214
TORONTO_TRE92_STU03800,TORONTO_TRE92_0246
TORONTO_TRE92_STU03801,TORONTO_TRE92_0011
TORONTO_TRE92_STU03801,TORONTO_TRE92_0050
TORONTO_TRE92_STU03801,TORONTO_TRE92_0188
TORONTO_TRE92_STU03802,TORONTO_TRE92_0025
TORONTO_TRE92_STU03802,TORONTO_TRE92_0127
TORONTO_TRE92_STU03802,TORONTO_TRE92_0188
TORONTO_TRE92_STU03802,TORONTO_TRE92_0189
TORONTO_TRE92_STU03803,TORONTO_TRE92_0094
TORONTO_TRE92_STU03803,TORONTO_TRE92_0154
TORONTO_TRE92_STU03803,TORONTO_TRE92_0192
TORONTO_TRE92_STU03803,TORONTO_TRE92_0201
TORONTO_TRE92_STU03804,TORONTO_TRE92_0080
TORONTO_TRE92_STU03804,TORONTO_TRE92_0154
TORONTO_TRE92_STU03804,TORONTO_TRE92_0192
TORONTO_TRE92_STU03804,TORONTO_TRE92_0215
TORONTO_TRE92_STU03804,TORONTO_TRE92_0246
TORONTO_TRE92_STU03805,TORONTO_TRE92_0011
TORONTO_TRE92_STU03805,TORONTO_TRE92_0139
TORONTO_TRE92_STU03805,TORONTO_TRE92_0193
TORONTO_TRE92_STU03805,TORONTO_TRE92_0246
TORONTO_TRE92_STU03806,TORONTO_TRE92_0101
TORONTO_TRE92_STU03806,TORONTO_TRE92_0109
TORONTO_TRE92_STU03806,TORONTO_TRE92_0156
TORONTO_TRE92_STU03806,TORONTO_TRE92_0168
TORONTO_TRE92_STU03807,TORONTO_TRE92_0011
TORONTO_TRE92_STU03807,TORONTO_TRE92_0120
TORONTO_TRE92_STU03807,TORONTO_TRE92_0192
TORONTO_TRE92_STU03807,TORONTO_TRE92_0214
TORONTO_TRE92_STU03807,TORONTO_TRE92_0246
TORONTO_TRE92_STU03808,TORONTO_TRE92_0011
TORONTO_TRE92_STU03808,TORONTO_TRE92_0044
TORONTO_TRE92_STU03808,TORONTO_TRE92_0072
TORONTO_TRE92_STU03808,TORONTO_TRE92_0188
TORONTO_TRE92_STU03808,TORONTO_TRE92_0256
TORONTO_TRE92_STU03809,TORONTO_TRE92_0027
TORONTO_TRE92_STU03809,TORONTO_TRE92_0050
TORONTO_TRE92_STU03809,TORONTO_TRE92_0115
TORONTO_TRE92_STU03809,TORONTO_TRE92_0256
TORONTO_TRE92_STU03810,TORONTO_TRE92_0011
TORONTO_TRE92_STU03810,TORONTO_TRE92_0154
TORONTO_TRE92_STU03810,TORONTO_TRE92_0215
TORONTO_TRE92_STU03810,TORONTO_TRE92_0246
TORONTO_TRE92_STU03811,TORONTO_TRE92_0050
TORONTO_TRE92_STU03811,TORONTO_TRE92_0215
TORONTO_TRE92_STU03811,TORONTO_TRE92_0246
TORONTO_TRE92_STU03812,TORONTO_TRE92_0051
TORONTO_TRE92_STU03812,TORONTO_TRE92_0081
TORONTO_TRE92_STU03812,TORONTO_TRE92_0203
TORONTO_TRE92_STU03812,TORONTO_TRE92_0204
TORONTO_TRE92_STU03813,TORONTO_TRE92_0053
TORONTO_TRE92_STU03813,TORONTO_TRE92_0055
TORONTO_TRE92_STU03813,TORONTO_TRE92_0063
TORONTO_TRE92_STU03813,TORONTO_TRE92_0073
TORONTO_TRE92_STU03813,TORONTO_TRE92_0174
TORONTO_TRE92_STU03814,TORONTO_TRE92_0115
TORONTO_TRE92_STU03814,TORONTO_TRE92_0139
TORONTO_TRE92_STU03814,TORONTO_TRE92_0140
TORONTO_TRE92_STU03814,TORONTO_TRE92_0141
TORONTO_TRE92_STU03814,TORONTO_TRE92_0188
TORONTO_TRE92_STU03815,TORONTO_TRE92_0095
TORONTO_TRE92_STU03815,TORONTO_TRE92_0246
TORONTO_TRE92_STU03815,TORONTO_TRE92_0260
TORONTO_TRE92_STU03816,TORONTO_TRE92_0051
TORONTO_TRE92_STU03816,TORONTO_TRE92_0117
TORONTO_TRE92_STU03817,TORONTO_TRE92_0011
TORONTO_TRE92_STU03817,TORONTO_TRE92_0096
TORONTO_TRE92_STU03817,TORONTO_TRE92_0139
TORONTO_TRE92_STU03818,TORONTO_TRE92_0011
TORONTO_TRE92_STU03818,TORONTO_TRE92_0050
TORONTO_TRE92_STU03818,TORONTO_TRE92_0094
TORONTO_TRE92_STU03818,TORONTO_TRE92_0188
TORONTO_TRE92_STU03819,TORONTO_TRE92_0001
TORONTO_TRE92_STU03819,TORONTO_TRE92_0081
TORONTO_TRE92_STU03819,TORONTO_TRE92_0193
TORONTO_TRE92_STU03819,TORONTO_TRE92_0214
TORONTO_TRE92_STU03819,TORONTO_TRE92_0246
TORONTO_TRE92_STU03820,TORONTO_TRE92_0011
TORONTO_TRE92_STU03820,TORONTO_TRE92_0072
TORONTO_TRE92_STU03820,TORONTO_TRE92_0188
TORONTO_TRE92_STU03820,TORONTO_TRE92_0214
TORONTO_TRE92_STU03821,TORONTO_TRE92_0129
TORONTO_TRE92_STU03821,TORONTO_TRE92_0188
TORONTO_TRE92_STU03822,TORONTO_TRE92_0097
TORONTO_TRE92_STU03823,TORONTO_TRE92_0050
TORONTO_TRE92_STU03823,TORONTO_TRE92_0188
TORONTO_TRE92_STU03824,TORONTO_TRE92_0011
TORONTO_TRE92_STU03824,TORONTO_TRE92_0192
TORONTO_TRE92_STU03824,TORONTO_TRE92_0215
TORONTO_TRE92_STU03824,TORONTO_TRE92_0246
TORONTO_TRE92_STU03825,TORONTO_TRE92_0080
TORONTO_TRE92_STU03825,TORONTO_TRE92_0156
TORONTO_TRE92_STU03825,TORONTO_TRE92_0201
TORONTO_TRE92_STU03825,TORONTO_TRE92_0256
TORONTO_TRE92_STU03826,TORONTO_TRE92_0154
TORONTO_TRE92_STU03826,TORONTO_TRE92_0175
TORONTO_TRE92_STU03826,TORONTO_TRE92_0182
TORONTO_TRE92_STU03827,TORONTO_TRE92_0011
TORONTO_TRE92_STU03827,TORONTO_TRE92_0094
TORONTO_TRE92_STU03827,TORONTO_TRE92_0188
TORONTO_TRE92_STU03827,TORONTO_TRE92_0214
TORONTO_TRE92_STU03828,TORONTO_TRE92_0043
TORONTO_TRE92_STU03828,TORONTO_TRE92_0068
TORONTO_TRE92_STU03828,TORONTO_TRE92_0158
TORONTO_TRE92_STU03828,TORONTO_TRE92_0256
TORONTO_TRE92_STU03828,TORONTO_TRE92_0260
TORONTO_TRE92_STU03829,TORONTO_TRE92_0011
TORONTO_TRE92_STU03829,TORONTO_TRE92_0050
TORONTO_TRE92_STU03829,TORONTO_TRE92_0201
TORONTO_TRE92_STU03830,TORONTO_TRE92_0011
TORONTO_TRE92_STU03830,TORONTO_TRE92_0215
TORONTO_TRE92_STU03830,TORONTO_TRE92_0246
TORONTO_TRE92_STU03831,TORONTO_TRE92_0050
TORONTO_TRE92_STU03831,TORONTO_TRE92_0094
TORONTO_TRE92_STU03832,TORONTO_TRE92_0027
TORONTO_TRE92_STU03832,TORONTO_TRE92_0115
TORONTO_TRE92_STU03832,TORONTO_TRE92_0139
TORONTO_TRE92_STU03832,TORONTO_TRE92_0184
TORONTO_TRE92_STU03833,TORONTO_TRE92_0072
TORONTO_TRE92_STU03833,TORONTO_TRE92_0096
TORONTO_TRE92_STU03833,TORONTO_TRE92_0153
TORONTO_TRE92_STU03833,TORONTO_TRE92_0215
TORONTO_TRE92_STU03833,TORONTO_TRE92_0246
TORONTO_TRE92_STU03834,TORONTO_TRE92_0080
TORONTO_TRE92_STU03834,TORONTO_TRE92_0095
TORONTO_TRE92_STU03834,TORONTO_TRE92_0215
TORONTO_TRE92_STU03834,TORONTO_TRE92_0246
TORONTO_TRE92_STU03835,TORONTO_TRE92_0115
TORONTO_TRE92_STU03835,TORONTO_TRE92_0154
TORONTO_TRE92_STU03835,TORONTO_TRE92_0173
TORONTO_TRE92_STU03835,TORONTO_TRE92_0192
TORONTO_TRE92_STU03835,TORONTO_TRE92_0233
TORONTO_TRE92_STU03836,TORONTO_TRE92_0139
TORONTO_TRE92_STU03836,TORONTO_TRE92_0153
TORONTO_TRE92_STU03836,TORONTO_TRE92_0192
TORONTO_TRE92_STU03836,TORONTO_TRE92_0201
TORONTO_TRE92_STU03837,TORONTO_TRE92_0094
TORONTO_TRE92_STU03837,TORONTO_TRE92_0132
TORONTO_TRE92_STU03837,TORONTO_TRE92_0154
TORONTO_TRE92_STU03837,TORONTO_TRE92_0192
TORONTO_TRE92_STU03838,TORONTO_TRE92_0050
TORONTO_TRE92_STU03838,TORONTO_TRE92_0094
TORONTO_TRE92_STU03838,TORONTO_TRE92_0187
TORONTO_TRE92_STU03838,TORONTO_TRE92_0188
TORONTO_TRE92_STU03838,TORONTO_TRE92_0193
TORONTO_TRE92_STU03839,TORONTO_TRE92_0081
TORONTO_TRE92_STU03839,TORONTO_TRE92_0094
TORONTO_TRE92_STU03839,TORONTO_TRE92_0188
TORONTO_TRE92_STU03839,TORONTO_TRE92_0201
TORONTO_TRE92_STU03840,TORONTO_TRE92_0044
TORONTO_TRE92_STU03840,TORONTO_TRE92_0046
TORONTO_TRE92_STU03840,TORONTO_TRE92_0047
TORONTO_TRE92_STU03840,TORONTO_TRE92_0127
TORONTO_TRE92_STU03840,TORONTO_TRE92_0188
TORONTO_TRE92_STU03841,TORONTO_TRE92_0027
TORONTO_TRE92_STU03841,TORONTO_TRE92_0044
TORONTO_TRE92_STU03841,TORONTO_TRE92_0051
TORONTO_TRE92_STU03841,TORONTO_TRE92_0188
TORONTO_TRE92_STU03842,TORONTO_TRE92_0028
TORONTO_TRE92_STU03842,TORONTO_TRE92_0052
TORONTO_TRE92_STU03842,TORONTO_TRE92_0053
TORONTO_TRE92_STU03842,TORONTO_TRE92_0122
TORONTO_TRE92_STU03842,TORONTO_TRE92_0214
TORONTO_TRE92_STU03843,TORONTO_TRE92_0001
TORONTO_TRE92_STU03843,TORONTO_TRE92_0072
TORONTO_TRE92_STU03843,TORONTO_TRE92_0080
TORONTO_TRE92_STU03843,TORONTO_TRE92_0201
TORONTO_TRE92_STU03843,TORONTO_TRE92_0215
TORONTO_TRE92_STU03844,TORONTO_TRE92_0195
TORONTO_TRE92_STU03844,TORONTO_TRE92_0201
TORONTO_TRE92_STU03844,TORONTO_TRE92_0215
TORONTO_TRE92_STU03844,TORONTO_TRE92_0256
TORONTO_TRE92_STU03845,TORONTO_TRE92_0201
TORONTO_TRE92_STU03845,TORONTO_TRE92_0214
TORONTO_TRE92_STU03845,TORONTO_TRE92_0245
TORONTO_TRE92_STU03846,TORONTO_TRE92_0072
TORONTO_TRE92_STU03846,TORONTO_TRE92_0175
TORONTO_TRE92_STU03846,TORONTO_TRE92_0176
TORONTO_TRE92_STU03846,TORONTO_TRE92_0233
TORONTO_TRE92_STU03846,TORONTO_TRE92_0235
TORONTO_TRE92_STU03847,TORONTO_TRE92_0012
TORONTO_TRE92_STU03847,TORONTO_TRE92_0014
TORONTO_TRE92_STU03847,TORONTO_TRE92_0260
TORONTO_TRE92_STU03848,TORONTO_TRE92_0038
TORONTO_TRE92_STU03848,TORONTO_TRE92_0050
TORONTO_TRE92_STU03848,TORONTO_TRE92_0110
TORONTO_TRE92_STU03848,TORONTO_TRE92_0115
TORONTO_TRE92_STU03848,TORONTO_TRE92_0188
TORONTO_TRE92_STU03849,TORONTO_TRE92_0153
TORONTO_TRE92_STU03849,TORONTO_TRE92_0188
TORONTO_TRE92_STU03850,TORONTO_TRE92_0188
TORONTO_TRE92_STU03851,TORONTO_TRE92_0188
TORONTO_TRE92_STU03852,TORONTO_TRE92_0044
TORONTO_TRE92_STU03852,TORONTO_TRE92_0051
TORONTO_TRE92_STU03853,TORONTO_TRE92_0051
TORONTO_TRE92_STU03853,TORONTO_TRE92_0201
TORONTO_TRE92_STU03853,TORONTO_TRE92_0209
TORONTO_TRE92_STU03853,TORONTO_TRE92_0213
TORONTO_TRE92_STU03854,TORONTO_TRE92_0011
TORONTO_TRE92_STU03854,TORONTO_TRE92_0214
TORONTO_TRE92_STU03854,TORONTO_TRE92_0246
TORONTO_TRE92_STU03855,TORONTO_TRE92_0174
TORONTO_TRE92_STU03855,TORONTO_TRE92_0175
TORONTO_TRE92_STU03855,TORONTO_TRE92_0233
TORONTO_TRE92_STU03855,TORONTO_TRE92_0235
TORONTO_TRE92_STU03855,TORONTO_TRE92_0256
TORONTO_TRE92_STU03856,TORONTO_TRE92_0027
TORONTO_TRE92_STU03856,TORONTO_TRE92_0115
TORONTO_TRE92_STU03856,TORONTO_TRE92_0139
TORONTO_TRE92_STU03857,TORONTO_TRE92_0095
TORONTO_TRE92_STU03857,TORONTO_TRE92_0153
TORONTO_TRE92_STU03857,TORONTO_TRE92_0214
TORONTO_TRE92_STU03858,TORONTO_TRE92_0080
TORONTO_TRE92_STU03858,TORONTO_TRE92_0110
TORONTO_TRE92_STU03858,TORONTO_TRE92_0115
TORONTO_TRE92_STU03858,TORONTO_TRE92_0139
TORONTO_TRE92_STU03858,TORONTO_TRE92_0184
TORONTO_TRE92_STU03859,TORONTO_TRE92_0110
TORONTO_TRE92_STU03859,TORONTO_TRE92_0115
TORONTO_TRE92_STU03859,TORONTO_TRE92_0139
TORONTO_TRE92_STU03859,TORONTO_TRE92_0247
TORONTO_TRE92_STU03859,TORONTO_TRE92_0251
TORONTO_TRE92_STU03860,TORONTO_TRE92_0014
TORONTO_TRE92_STU03860,TORONTO_TRE92_0015
TORONTO_TRE92_STU03860,TORONTO_TRE92_0016
TORONTO_TRE92_STU03860,TORONTO_TRE92_0021
TORONTO_TRE92_STU03861,TORONTO_TRE92_0215
TORONTO_TRE92_STU03862,TORONTO_TRE92_0011
TORONTO_TRE92_STU03862,TORONTO_TRE92_0130
TORONTO_TRE92_STU03862,TORONTO_TRE92_0133
TORONTO_TRE92_STU03862,TORONTO_TRE92_0154
TORONTO_TRE92_STU03863,TORONTO_TRE92_0094
TORONTO_TRE92_STU03863,TORONTO_TRE92_0123
TORONTO_TRE92_STU03863,TORONTO_TRE92_0124
TORONTO_TRE92_STU03863,TORONTO_TRE92_0187
TORONTO_TRE92_STU03863,TORONTO_TRE92_0215
TORONTO_TRE92_STU03864,TORONTO_TRE92_0011
TORONTO_TRE92_STU03864,TORONTO_TRE92_0188
TORONTO_TRE92_STU03864,TORONTO_TRE92_0192
TORONTO_TRE92_STU03864,TORONTO_TRE92_0215
TORONTO_TRE92_STU03864,TORONTO_TRE92_0246
TORONTO_TRE92_STU03865,TORONTO_TRE92_0050
TORONTO_TRE92_STU03865,TORONTO_TRE92_0080
TORONTO_TRE92_STU03865,TORONTO_TRE92_0154
TORONTO_TRE92_STU03865,TORONTO_TRE92_0201
TORONTO_TRE92_STU03865,TORONTO_TRE92_0256
TORONTO_TRE92_STU03866,TORONTO_TRE92_0011
TORONTO_TRE92_STU03866,TORONTO_TRE92_0153
TORONTO_TRE92_STU03866,TORONTO_TRE92_0188
TORONTO_TRE92_STU03867,TORONTO_TRE92_0109
TORONTO_TRE92_STU03867,TORONTO_TRE92_0216
TORONTO_TRE92_STU03867,TORONTO_TRE92_0219
TORONTO_TRE92_STU03867,TORONTO_TRE92_0220
TORONTO_TRE92_STU03867,TORONTO_TRE92_0228
TORONTO_TRE92_STU03868,TORONTO_TRE92_0011
TORONTO_TRE92_STU03868,TORONTO_TRE92_0096
TORONTO_TRE92_STU03868,TORONTO_TRE92_0188
TORONTO_TRE92_STU03868,TORONTO_TRE92_0201
TORONTO_TRE92_STU03868,TORONTO_TRE92_0245
TORONTO_TRE92_STU03869,TORONTO_TRE92_0027
TORONTO_TRE92_STU03869,TORONTO_TRE92_0110
TORONTO_TRE92_STU03869,TORONTO_TRE92_0114
TORONTO_TRE92_STU03869,TORONTO_TRE92_0115
TORONTO_TRE92_STU03870,TORONTO_TRE92_0072
TORONTO_TRE92_STU03870,TORONTO_TRE92_0096
TORONTO_TRE92_STU03870,TORONTO_TRE92_0192
TORONTO_TRE92_STU03870,TORONTO_TRE92_0215
TORONTO_TRE92_STU03871,TORONTO_TRE92_0028
TORONTO_TRE92_STU03871,TORONTO_TRE92_0053
TORONTO_TRE92_STU03871,TORONTO_TRE92_0072
TORONTO_TRE92_STU03871,TORONTO_TRE92_0173
TORONTO_TRE92_STU03871,TORONTO_TRE92_0215
TORONTO_TRE92_STU03872,TORONTO_TRE92_0011
TORONTO_TRE92_STU03872,TORONTO_TRE92_0115
TORONTO_TRE92_STU03872,TORONTO_TRE92_0188
TORONTO_TRE92_STU03872,TORONTO_TRE92_0192
TORONTO_TRE92_STU03872,TORONTO_TRE92_0214
TORONTO_TRE92_STU03873,TORONTO_TRE92_0038
TORONTO_TRE92_STU03873,TORONTO_TRE92_0051
TORONTO_TRE92_STU03873,TORONTO_TRE92_0170
TORONTO_TRE92_STU03874,TORONTO_TRE92_0030
TORONTO_TRE92_STU03874,TORONTO_TRE92_0053
TORONTO_TRE92_STU03874,TORONTO_TRE92_0054
TORONTO_TRE92_STU03874,TORONTO_TRE92_0055
TORONTO_TRE92_STU03874,TORONTO_TRE92_0063
TORONTO_TRE92_STU03875,TORONTO_TRE92_0038
TORONTO_TRE92_STU03875,TORONTO_TRE92_0052
TORONTO_TRE92_STU03875,TORONTO_TRE92_0072
TORONTO_TRE92_STU03875,TORONTO_TRE92_0115
TORONTO_TRE92_STU03875,TORONTO_TRE92_0139
TORONTO_TRE92_STU03876,TORONTO_TRE92_0188
TORONTO_TRE92_STU03876,TORONTO_TRE92_0214
TORONTO_TRE92_STU03876,TORONTO_TRE92_0220
TORONTO_TRE92_STU03876,TORONTO_TRE92_0246
TORONTO_TRE92_STU03877,TORONTO_TRE92_0043
TORONTO_TRE92_STU03877,TORONTO_TRE92_0203
TORONTO_TRE92_STU03877,TORONTO_TRE92_0204
TORONTO_TRE92_STU03877,TORONTO_TRE92_0205
TORONTO_TRE92_STU03878,TORONTO_TRE92_0038
TORONTO_TRE92_STU03878,TORONTO_TRE92_0110
TORONTO_TRE92_STU03878,TORONTO_TRE92_0139
TORONTO_TRE92_STU03878,TORONTO_TRE92_0248
TORONTO_TRE92_STU03879,TORONTO_TRE92_0214
TORONTO_TRE92_STU03879,TORONTO_TRE92_0247
TORONTO_TRE92_STU03879,TORONTO_TRE92_0248
TORONTO_TRE92_STU03879,TORONTO_TRE92_0256
TORONTO_TRE92_STU03880,TORONTO_TRE92_0081
TORONTO_TRE92_STU03880,TORONTO_TRE92_0120
TORONTO_TRE92_STU03880,TORONTO_TRE92_0153
TORONTO_TRE92_STU03880,TORONTO_TRE92_0193
TORONTO_TRE92_STU03880,TORONTO_TRE92_0201
TORONTO_TRE92_STU03881,TORONTO_TRE92_0038
TORONTO_TRE92_STU03881,TORONTO_TRE92_0044
TORONTO_TRE92_STU03881,TORONTO_TRE92_0072
TORONTO_TRE92_STU03881,TORONTO_TRE92_0110
TORONTO_TRE92_STU03881,TORONTO_TRE92_0144
TORONTO_TRE92_STU03882,TORONTO_TRE92_0050
TORONTO_TRE92_STU03882,TORONTO_TRE92_0153
TORONTO_TRE92_STU03882,TORONTO_TRE92_0188
TORONTO_TRE92_STU03882,TORONTO_TRE92_0214
TORONTO_TRE92_STU03883,TORONTO_TRE92_0204
TORONTO_TRE92_STU03883,TORONTO_TRE92_0207
TORONTO_TRE92_STU03883,TORONTO_TRE92_0257
TORONTO_TRE92_STU03884,TORONTO_TRE92_0011
TORONTO_TRE92_STU03884,TORONTO_TRE92_0154
TORONTO_TRE92_STU03884,TORONTO_TRE92_0188
TORONTO_TRE92_STU03884,TORONTO_TRE92_0192
TORONTO_TRE92_STU03885,TORONTO_TRE92_0053
TORONTO_TRE92_STU03885,TORONTO_TRE92_0055
TORONTO_TRE92_STU03885,TORONTO_TRE92_0110
TORONTO_TRE92_STU03885,TORONTO_TRE92_0115
TORONTO_TRE92_STU03885,TORONTO_TRE92_0174
TORONTO_TRE92_STU03886,TORONTO_TRE92_0028
TORONTO_TRE92_STU03886,TORONTO_TRE92_0053
TORONTO_TRE92_STU03886,TORONTO_TRE92_0115
TORONTO_TRE92_STU03886,TORONTO_TRE92_0139
TORONTO_TRE92_STU03886,TORONTO_TRE92_0184
TORONTO_TRE92_STU03887,TORONTO_TRE92_0011
TORONTO_TRE92_STU03887,TORONTO_TRE92_0050
TORONTO_TRE92_STU03887,TORONTO_TRE92_0188
TORONTO_TRE92_STU03888,TORONTO_TRE92_0028
TORONTO_TRE92_STU03888,TORONTO_TRE92_0110
TORONTO_TRE92_STU03888,TORONTO_TRE92_0115
TORONTO_TRE92_STU03889,TORONTO_TRE92_0099
TORONTO_TRE92_STU03889,TORONTO_TRE92_0102
TORONTO_TRE92_STU03889,TORONTO_TRE92_0104
TORONTO_TRE92_STU03890,TORONTO_TRE92_0027
TORONTO_TRE92_STU03890,TORONTO_TRE92_0052
TORONTO_TRE92_STU03890,TORONTO_TRE92_0053
TORONTO_TRE92_STU03890,TORONTO_TRE92_0174
TORONTO_TRE92_STU03891,TORONTO_TRE92_0011
TORONTO_TRE92_STU03891,TORONTO_TRE92_0050
TORONTO_TRE92_STU03891,TORONTO_TRE92_0094
TORONTO_TRE92_STU03891,TORONTO_TRE92_0115
TORONTO_TRE92_STU03891,TORONTO_TRE92_0188
TORONTO_TRE92_STU03892,TORONTO_TRE92_0094
TORONTO_TRE92_STU03892,TORONTO_TRE92_0174
TORONTO_TRE92_STU03892,TORONTO_TRE92_0192
TORONTO_TRE92_STU03893,TORONTO_TRE92_0001
TORONTO_TRE92_STU03893,TORONTO_TRE92_0081
TORONTO_TRE92_STU03893,TORONTO_TRE92_0192
TORONTO_TRE92_STU03893,TORONTO_TRE92_0215
TORONTO_TRE92_STU03893,TORONTO_TRE92_0246
TORONTO_TRE92_STU03894,TORONTO_TRE92_0072
TORONTO_TRE92_STU03894,TORONTO_TRE92_0096
TORONTO_TRE92_STU03894,TORONTO_TRE92_0154
TORONTO_TRE92_STU03894,TORONTO_TRE92_0215
TORONTO_TRE92_STU03894,TORONTO_TRE92_0234
TORONTO_TRE92_STU03895,TORONTO_TRE92_0038
TORONTO_TRE92_STU03895,TORONTO_TRE92_0110
TORONTO_TRE92_STU03896,TORONTO_TRE92_0028
TORONTO_TRE92_STU03896,TORONTO_TRE92_0053
TORONTO_TRE92_STU03896,TORONTO_TRE92_0115
TORONTO_TRE92_STU03897,TORONTO_TRE92_0188
TORONTO_TRE92_STU03897,TORONTO_TRE92_0193
TORONTO_TRE92_STU03898,TORONTO_TRE92_0072
TORONTO_TRE92_STU03898,TORONTO_TRE92_0215
TORONTO_TRE92_STU03898,TORONTO_TRE92_0245
TORONTO_TRE92_STU03899,TORONTO_TRE92_0139
TORONTO_TRE92_STU03899,TORONTO_TRE92_0144
TORONTO_TRE92_STU03899,TORONTO_TRE92_0214
TORONTO_TRE92_STU03899,TORONTO_TRE92_0246
TORONTO_TRE92_STU03899,TORONTO_TRE92_0247
TORONTO_TRE92_STU03900,TORONTO_TRE92_0046
TORONTO_TRE92_STU03900,TORONTO_TRE92_0210
TORONTO_TRE92_STU03900,TORONTO_TRE92_0211
TORONTO_TRE92_STU03901,TORONTO_TRE92_0011
TORONTO_TRE92_STU03901,TORONTO_TRE92_0050
TORONTO_TRE92_STU03901,TORONTO_TRE92_0188
TORONTO_TRE92_STU03901,TORONTO_TRE92_0192
TORONTO_TRE92_STU03902,TORONTO_TRE92_0094
TORONTO_TRE92_STU03902,TORONTO_TRE92_0188
TORONTO_TRE92_STU03902,TORONTO_TRE92_0192
TORONTO_TRE92_STU03902,TORONTO_TRE92_0246
TORONTO_TRE92_STU03903,TORONTO_TRE92_0074
TORONTO_TRE92_STU03903,TORONTO_TRE92_0247
TORONTO_TRE92_STU03904,TORONTO_TRE92_0154
TORONTO_TRE92_STU03904,TORONTO_TRE92_0192
TORONTO_TRE92_STU03904,TORONTO_TRE92_0201
TORONTO_TRE92_STU03905,TORONTO_TRE92_0115
TORONTO_TRE92_STU03906,TORONTO_TRE92_0028
TORONTO_TRE92_STU03906,TORONTO_TRE92_0052
TORONTO_TRE92_STU03906,TORONTO_TRE92_0053
TORONTO_TRE92_STU03906,TORONTO_TRE92_0072
TORONTO_TRE92_STU03906,TORONTO_TRE92_0174
TORONTO_TRE92_STU03907,TORONTO_TRE92_0206
TORONTO_TRE92_STU03907,TORONTO_TRE92_0208
TORONTO_TRE92_STU03908,TORONTO_TRE92_0081
TORONTO_TRE92_STU03908,TORONTO_TRE92_0096
TORONTO_TRE92_STU03908,TORONTO_TRE92_0154
TORONTO_TRE92_STU03908,TORONTO_TRE92_0192
TORONTO_TRE92_STU03908,TORONTO_TRE92_0201
TORONTO_TRE92_STU03909,TORONTO_TRE92_0095
TORONTO_TRE92_STU03909,TORONTO_TRE92_0120
TORONTO_TRE92_STU03909,TORONTO_TRE92_0188
TORONTO_TRE92_STU03909,TORONTO_TRE92_0215
TORONTO_TRE92_STU03909,TORONTO_TRE92_0256
TORONTO_TRE92_STU03910,TORONTO_TRE92_0099
TORONTO_TRE92_STU03910,TORONTO_TRE92_0101
TORONTO_TRE92_STU03910,TORONTO_TRE92_0103
TORONTO_TRE92_STU03910,TORONTO_TRE92_0155
TORONTO_TRE92_STU03910,TORONTO_TRE92_0215
TORONTO_TRE92_STU03911,TORONTO_TRE92_0011
TORONTO_TRE92_STU03911,TORONTO_TRE92_0094
TORONTO_TRE92_STU03911,TORONTO_TRE92_0121
TORONTO_TRE92_STU03911,TORONTO_TRE92_0154
TORONTO_TRE92_STU03912,TORONTO_TRE92_0103
TORONTO_TRE92_STU03912,TORONTO_TRE92_0105
TORONTO_TRE92_STU03912,TORONTO_TRE92_0177
TORONTO_TRE92_STU03913,TORONTO_TRE92_0050
TORONTO_TRE92_STU03913,TORONTO_TRE92_0245
TORONTO_TRE92_STU03913,TORONTO_TRE92_0255
TORONTO_TRE92_STU03913,TORONTO_TRE92_0256
TORONTO_TRE92_STU03914,TORONTO_TRE92_0011
TORONTO_TRE92_STU03914,TORONTO_TRE92_0050
TORONTO_TRE92_STU03914,TORONTO_TRE92_0245
TORONTO_TRE92_STU03915,TORONTO_TRE92_0095
TORONTO_TRE92_STU03915,TORONTO_TRE92_0187
TORONTO_TRE92_STU03915,TORONTO_TRE92_0192
TORONTO_TRE92_STU03916,TORONTO_TRE92_0075
TORONTO_TRE92_STU03916,TORONTO_TRE92_0095
TORONTO_TRE92_STU03916,TORONTO_TRE92_0129
TORONTO_TRE92_STU03916,TORONTO_TRE92_0214
TORONTO_TRE92_STU03917,TORONTO_TRE92_0011
TORONTO_TRE92_STU03917,TORONTO_TRE92_0096
TORONTO_TRE92_STU03917,TORONTO_TRE92_0153
TORONTO_TRE92_STU03917,TORONTO_TRE92_0188
TORONTO_TRE92_STU03918,TORONTO_TRE92_0115
TORONTO_TRE92_STU03918,TORONTO_TRE92_0214
TORONTO_TRE92_STU03919,TORONTO_TRE92_0246
TORONTO_TRE92_STU03920,TORONTO_TRE92_0050
TORONTO_TRE92_STU03920,TORONTO_TRE92_0115
TORONTO_TRE92_STU03920,TORONTO_TRE92_0205
TORONTO_TRE92_STU03921,TORONTO_TRE92_0193
TORONTO_TRE92_STU03921,TORONTO_TRE92_0201
TORONTO_TRE92_STU03922,TORONTO_TRE92_0193
TORONTO_TRE92_STU03922,TORONTO_TRE92_0215
TORONTO_TRE92_STU03922,TORONTO_TRE92_0246
TORONTO_TRE92_STU03923,TORONTO_TRE92_0028
TORONTO_TRE92_STU03923,TORONTO_TRE92_0029
TORONTO_TRE92_STU03923,TORONTO_TRE92_0052
TORONTO_TRE92_STU03923,TORONTO_TRE92_0053
TORONTO_TRE92_STU03923,TORONTO_TRE92_0173
TORONTO_TRE92_STU03924,TORONTO_TRE92_0125
TORONTO_TRE92_STU03924,TORONTO_TRE92_0161
TORONTO_TRE92_STU03924,TORONTO_TRE92_0162
TORONTO_TRE92_STU03925,TORONTO_TRE92_0044
TORONTO_TRE92_STU03925,TORONTO_TRE92_0046
TORONTO_TRE92_STU03925,TORONTO_TRE92_0047
TORONTO_TRE92_STU03925,TORONTO_TRE92_0069
TORONTO_TRE92_STU03926,TORONTO_TRE92_0001
TORONTO_TRE92_STU03926,TORONTO_TRE92_0080
TORONTO_TRE92_STU03926,TORONTO_TRE92_0193
TORONTO_TRE92_STU03926,TORONTO_TRE92_0215
TORONTO_TRE92_STU03927,TORONTO_TRE92_0046
TORONTO_TRE92_STU03928,TORONTO_TRE92_0011
TORONTO_TRE92_STU03928,TORONTO_TRE92_0094
TORONTO_TRE92_STU03928,TORONTO_TRE92_0215
TORONTO_TRE92_STU03928,TORONTO_TRE92_0245
TORONTO_TRE92_STU03929,TORONTO_TRE92_0106
TORONTO_TRE92_STU03929,TORONTO_TRE92_0188
TORONTO_TRE92_STU03929,TORONTO_TRE92_0189
TORONTO_TRE92_STU03929,TORONTO_TRE92_0201
TORONTO_TRE92_STU03930,TORONTO_TRE92_0011
TORONTO_TRE92_STU03930,TORONTO_TRE92_0099
TORONTO_TRE92_STU03930,TORONTO_TRE92_0132
TORONTO_TRE92_STU03930,TORONTO_TRE92_0214
TORONTO_TRE92_STU03931,TORONTO_TRE92_0072
TORONTO_TRE92_STU03931,TORONTO_TRE92_0139
TORONTO_TRE92_STU03931,TORONTO_TRE92_0193
TORONTO_TRE92_STU03932,TORONTO_TRE92_0028
TORONTO_TRE92_STU03932,TORONTO_TRE92_0110
TORONTO_TRE92_STU03932,TORONTO_TRE92_0139
TORONTO_TRE92_STU03933,TORONTO_TRE92_0068
TORONTO_TRE92_STU03933,TORONTO_TRE92_0113
TORONTO_TRE92_STU03933,TORONTO_TRE92_0209
TORONTO_TRE92_STU03933,TORONTO_TRE92_0213
TORONTO_TRE92_STU03934,TORONTO_TRE92_0188
TORONTO_TRE92_STU03935,TORONTO_TRE92_0011
TORONTO_TRE92_STU03935,TORONTO_TRE92_0050
TORONTO_TRE92_STU03935,TORONTO_TRE92_0188
TORONTO_TRE92_STU03935,TORONTO_TRE92_0189
TORONTO_TRE92_STU03936,TORONTO_TRE92_0012
TORONTO_TRE92_STU03936,TORONTO_TRE92_0014
TORONTO_TRE92_STU03936,TORONTO_TRE92_0018
TORONTO_TRE92_STU03936,TORONTO_TRE92_0021
TORONTO_TRE92_STU03937,TORONTO_TRE92_0188
TORONTO_TRE92_STU03937,TORONTO_TRE92_0199
TORONTO_TRE92_STU03937,TORONTO_TRE92_0214
TORONTO_TRE92_STU03938,TORONTO_TRE92_0044
TORONTO_TRE92_STU03938,TORONTO_TRE92_0210
TORONTO_TRE92_STU03939,TORONTO_TRE92_0115
TORONTO_TRE92_STU03940,TORONTO_TRE92_0072
TORONTO_TRE92_STU03940,TORONTO_TRE92_0095
TORONTO_TRE92_STU03941,TORONTO_TRE92_0011
TORONTO_TRE92_STU03941,TORONTO_TRE92_0050
TORONTO_TRE92_STU03941,TORONTO_TRE92_0245
TORONTO_TRE92_STU03942,TORONTO_TRE92_0096
TORONTO_TRE92_STU03942,TORONTO_TRE92_0121
TORONTO_TRE92_STU03942,TORONTO_TRE92_0215
TORONTO_TRE92_STU03942,TORONTO_TRE92_0246
TORONTO_TRE92_STU03943,TORONTO_TRE92_0080
TORONTO_TRE92_STU03943,TORONTO_TRE92_0081
TORONTO_TRE92_STU03943,TORONTO_TRE92_0092
TORONTO_TRE92_STU03944,TORONTO_TRE92_0027
TORONTO_TRE92_STU03944,TORONTO_TRE92_0115
TORONTO_TRE92_STU03944,TORONTO_TRE92_0184
TORONTO_TRE92_STU03945,TORONTO_TRE92_0001
TORONTO_TRE92_STU03945,TORONTO_TRE92_0188
TORONTO_TRE92_STU03945,TORONTO_TRE92_0256
TORONTO_TRE92_STU03946,TORONTO_TRE92_0022
TORONTO_TRE92_STU03946,TORONTO_TRE92_0050
TORONTO_TRE92_STU03946,TORONTO_TRE92_0051
TORONTO_TRE92_STU03946,TORONTO_TRE92_0093
TORONTO_TRE92_STU03946,TORONTO_TRE92_0256
TORONTO_TRE92_STU03947,TORONTO_TRE92_0129
TORONTO_TRE92_STU03947,TORONTO_TRE92_0182
TORONTO_TRE92_STU03947,TORONTO_TRE92_0183
TORONTO_TRE92_STU03947,TORONTO_TRE92_0237
TORONTO_TRE92_STU03947,TORONTO_TRE92_0238
TORONTO_TRE92_STU03948,TORONTO_TRE92_0027
TORONTO_TRE92_STU03948,TORONTO_TRE92_0095
TORONTO_TRE92_STU03948,TORONTO_TRE92_0192
TORONTO_TRE92_STU03948,TORONTO_TRE92_0214
TORONTO_TRE92_STU03949,TORONTO_TRE92_0011
TORONTO_TRE92_STU03949,TORONTO_TRE92_0234
TORONTO_TRE92_STU03949,TORONTO_TRE92_0245
TORONTO_TRE92_STU03950,TORONTO_TRE92_0230
TORONTO_TRE92_STU03950,TORONTO_TRE92_0248
TORONTO_TRE92_STU03950,TORONTO_TRE92_0251
TORONTO_TRE92_STU03951,TORONTO_TRE92_0011
TORONTO_TRE92_STU03951,TORONTO_TRE92_0028
TORONTO_TRE92_STU03951,TORONTO_TRE92_0053
TORONTO_TRE92_STU03951,TORONTO_TRE92_0154
TORONTO_TRE92_STU03951,TORONTO_TRE92_0214
TORONTO_TRE92_STU03952,TORONTO_TRE92_0011
TORONTO_TRE92_STU03952,TORONTO_TRE92_0028
TORONTO_TRE92_STU03952,TORONTO_TRE92_0095
TORONTO_TRE92_STU03952,TORONTO_TRE92_0215
TORONTO_TRE92_STU03952,TORONTO_TRE92_0246
TORONTO_TRE92_STU03953,TORONTO_TRE92_0027
TORONTO_TRE92_STU03953,TORONTO_TRE92_0053
TORONTO_TRE92_STU03953,TORONTO_TRE92_0115
TORONTO_TRE92_STU03953,TORONTO_TRE92_0139
TORONTO_TRE92_STU03953,TORONTO_TRE92_0184
TORONTO_TRE92_STU03954,TORONTO_TRE92_0188
TORONTO_TRE92_STU03954,TORONTO_TRE92_0246
TORONTO_TRE92_STU03955,TORONTO_TRE92_0072
TORONTO_TRE92_STU03955,TORONTO_TRE92_0173
TORONTO_TRE92_STU03955,TORONTO_TRE92_0175
TORONTO_TRE92_STU03955,TORONTO_TRE92_0234
TORONTO_TRE92_STU03956,TORONTO_TRE92_0081
TORONTO_TRE92_STU03956,TORONTO_TRE92_0115
TORONTO_TRE92_STU03956,TORONTO_TRE92_0245
TORONTO_TRE92_STU03957,TORONTO_TRE92_0021
TORONTO_TRE92_STU03957,TORONTO_TRE92_0256
TORONTO_TRE92_STU03958,TORONTO_TRE92_0245
TORONTO_TRE92_STU03959,TORONTO_TRE92_0168
TORONTO_TRE92_STU03959,TORONTO_TRE92_0184
TORONTO_TRE92_STU03959,TORONTO_TRE92_0188
TORONTO_TRE92_STU03959,TORONTO_TRE92_0215
TORONTO_TRE92_STU03960,TORONTO_TRE92_0011
TORONTO_TRE92_STU03960,TORONTO_TRE92_0133
TORONTO_TRE92_STU03960,TORONTO_TRE92_0154
TORONTO_TRE92_STU03960,TORONTO_TRE92_0214
TORONTO_TRE92_STU03961,TORONTO_TRE92_0044
TORONTO_TRE92_STU03961,TORONTO_TRE92_0050
TORONTO_TRE92_STU03961,TORONTO_TRE92_0051
TORONTO_TRE92_STU03961,TORONTO_TRE92_0110
TORONTO_TRE92_STU03961,TORONTO_TRE92_0115
TORONTO_TRE92_STU03962,TORONTO_TRE92_0153
TORONTO_TRE92_STU03963,TORONTO_TRE92_0011
TORONTO_TRE92_STU03963,TORONTO_TRE92_0013
TORONTO_TRE92_STU03963,TORONTO_TRE92_0050
TORONTO_TRE92_STU03963,TORONTO_TRE92_0188
TORONTO_TRE92_STU03963,TORONTO_TRE92_0256
TORONTO_TRE92_STU03964,TORONTO_TRE92_0073
TORONTO_TRE92_STU03964,TORONTO_TRE92_0078
TORONTO_TRE92_STU03965,TORONTO_TRE92_0188
TORONTO_TRE92_STU03965,TORONTO_TRE92_0215
TORONTO_TRE92_STU03966,TORONTO_TRE92_0072
TORONTO_TRE92_STU03966,TORONTO_TRE92_0139
TORONTO_TRE92_STU03966,TORONTO_TRE92_0246
TORONTO_TRE92_STU03967,TORONTO_TRE92_0027
TORONTO_TRE92_STU03967,TORONTO_TRE92_0096
TORONTO_TRE92_STU03967,TORONTO_TRE92_0188
TORONTO_TRE92_STU03967,TORONTO_TRE92_0215
TORONTO_TRE92_STU03967,TORONTO_TRE92_0246
TORONTO_TRE92_STU03968,TORONTO_TRE92_0011
TORONTO_TRE92_STU03968,TORONTO_TRE92_0154
TORONTO_TRE92_STU03968,TORONTO_TRE92_0216
TORONTO_TRE92_STU03968,TORONTO_TRE92_0218
TORONTO_TRE92_STU03969,TORONTO_TRE92_0011
TORONTO_TRE92_STU03969,TORONTO_TRE92_0096
TORONTO_TRE92_STU03969,TORONTO_TRE92_0192
TORONTO_TRE92_STU03969,TORONTO_TRE92_0214
TORONTO_TRE92_STU03970,TORONTO_TRE92_0101
TORONTO_TRE92_STU03970,TORONTO_TRE92_0103
TORONTO_TRE92_STU03970,TORONTO_TRE92_0156
TORONTO_TRE92_STU03970,TORONTO_TRE92_0219
TORONTO_TRE92_STU03971,TORONTO_TRE92_0216
TORONTO_TRE92_STU03971,TORONTO_TRE92_0219
TORONTO_TRE92_STU03971,TORONTO_TRE92_0220
TORONTO_TRE92_STU03972,TORONTO_TRE92_0082
TORONTO_TRE92_STU03972,TORONTO_TRE92_0173
TORONTO_TRE92_STU03972,TORONTO_TRE92_0201
TORONTO_TRE92_STU03973,TORONTO_TRE92_0028
TORONTO_TRE92_STU03973,TORONTO_TRE92_0053
TORONTO_TRE92_STU03973,TORONTO_TRE92_0184
TORONTO_TRE92_STU03973,TORONTO_TRE92_0214
TORONTO_TRE92_STU03974,TORONTO_TRE92_0094
TORONTO_TRE92_STU03974,TORONTO_TRE92_0153
TORONTO_TRE92_STU03974,TORONTO_TRE92_0188
TORONTO_TRE92_STU03974,TORONTO_TRE92_0192
TORONTO_TRE92_STU03975,TORONTO_TRE92_0081
TORONTO_TRE92_STU03975,TORONTO_TRE92_0192
TORONTO_TRE92_STU03975,TORONTO_TRE92_0201
TORONTO_TRE92_STU03975,TORONTO_TRE92_0245
TORONTO_TRE92_STU03976,TORONTO_TRE92_0260
TORONTO_TRE92_STU03977,TORONTO_TRE92_0094
TORONTO_TRE92_STU03977,TORONTO_TRE92_0153
TORONTO_TRE92_STU03977,TORONTO_TRE92_0192
TORONTO_TRE92_STU03977,TORONTO_TRE92_0215
TORONTO_TRE92_STU03978,TORONTO_TRE92_0094
TORONTO_TRE92_STU03978,TORONTO_TRE92_0192
TORONTO_TRE92_STU03978,TORONTO_TRE92_0215
TORONTO_TRE92_STU03978,TORONTO_TRE92_0246
TORONTO_TRE92_STU03979,TORONTO_TRE92_0001
TORONTO_TRE92_STU03979,TORONTO_TRE92_0081
TORONTO_TRE92_STU03979,TORONTO_TRE92_0192
TORONTO_TRE92_STU03979,TORONTO_TRE92_0201
TORONTO_TRE92_STU03980,TORONTO_TRE92_0215
TORONTO_TRE92_STU03980,TORONTO_TRE92_0235
TORONTO_TRE92_STU03981,TORONTO_TRE92_0016
TORONTO_TRE92_STU03981,TORONTO_TRE92_0066
TORONTO_TRE92_STU03982,TORONTO_TRE92_0014
TORONTO_TRE92_STU03982,TORONTO_TRE92_0205
TORONTO_TRE92_STU03983,TORONTO_TRE92_0011
TORONTO_TRE92_STU03983,TORONTO_TRE92_0050
TORONTO_TRE92_STU03983,TORONTO_TRE92_0153
TORONTO_TRE92_STU03983,TORONTO_TRE92_0245
TORONTO_TRE92_STU03984,TORONTO_TRE92_0096
TORONTO_TRE92_STU03984,TORONTO_TRE92_0215
TORONTO_TRE92_STU03985,TORONTO_TRE92_0011
TORONTO_TRE92_STU03985,TORONTO_TRE92_0095
TORONTO_TRE92_STU03986,TORONTO_TRE92_0096
TORONTO_TRE92_STU03986,TORONTO_TRE92_0184
TORONTO_TRE92_STU03986,TORONTO_TRE92_0214
TORONTO_TRE92_STU03986,TORONTO_TRE92_0246
TORONTO_TRE92_STU03987,TORONTO_TRE92_0014
TORONTO_TRE92_STU03987,TORONTO_TRE92_0028
TORONTO_TRE92_STU03987,TORONTO_TRE92_0053
TORONTO_TRE92_STU03987,TORONTO_TRE92_0184
TORONTO_TRE92_STU03987,TORONTO_TRE92_0214
TORONTO_TRE92_STU03988,TORONTO_TRE92_0094
TORONTO_TRE92_STU03988,TORONTO_TRE92_0153
TORONTO_TRE92_STU03988,TORONTO_TRE92_0215
TORONTO_TRE92_STU03988,TORONTO_TRE92_0246
TORONTO_TRE92_STU03989,TORONTO_TRE92_0095
TORONTO_TRE92_STU03989,TORONTO_TRE92_0154
TORONTO_TRE92_STU03989,TORONTO_TRE92_0192
TORONTO_TRE92_STU03990,TORONTO_TRE92_0115
TORONTO_TRE92_STU03990,TORONTO_TRE92_0139
TORONTO_TRE92_STU03990,TORONTO_TRE92_0154
TORONTO_TRE92_STU03990,TORONTO_TRE92_0201
TORONTO_TRE92_STU03990,TORONTO_TRE92_0215
TORONTO_TRE92_STU03991,TORONTO_TRE92_0072
TORONTO_TRE92_STU03991,TORONTO_TRE92_0081
TORONTO_TRE92_STU03991,TORONTO_TRE92_0096
TORONTO_TRE92_STU03991,TORONTO_TRE92_0246
TORONTO_TRE92_STU03992,TORONTO_TRE92_0044
TORONTO_TRE92_STU03992,TORONTO_TRE92_0120
TORONTO_TRE92_STU03992,TORONTO_TRE92_0168
TORONTO_TRE92_STU03992,TORONTO_TRE92_0214
TORONTO_TRE92_STU03993,TORONTO_TRE92_0153
TORONTO_TRE92_STU03993,TORONTO_TRE92_0193
TORONTO_TRE92_STU03993,TORONTO_TRE92_0201
TORONTO_TRE92_STU03993,TORONTO_TRE92_0215
TORONTO_TRE92_STU03993,TORONTO_TRE92_0246
TORONTO_TRE92_STU03994,TORONTO_TRE92_0081
TORONTO_TRE92_STU03994,TORONTO_TRE92_0094
TORONTO_TRE92_STU03994,TORONTO_TRE92_0115
TORONTO_TRE92_STU03994,TORONTO_TRE92_0215
TORONTO_TRE92_STU03994,TORONTO_TRE92_0246
TORONTO_TRE92_STU03995,TORONTO_TRE92_0011
TORONTO_TRE92_STU03995,TORONTO_TRE92_0214
TORONTO_TRE92_STU03996,TORONTO_TRE92_0041
TORONTO_TRE92_STU03996,TORONTO_TRE92_0140
TORONTO_TRE92_STU03996,TORONTO_TRE92_0145
TORONTO_TRE92_STU03996,TORONTO_TRE92_0214
TORONTO_TRE92_STU03996,TORONTO_TRE92_0245
TORONTO_TRE92_STU03997,TORONTO_TRE92_0050
TORONTO_TRE92_STU03997,TORONTO_TRE92_0094
TORONTO_TRE92_STU03997,TORONTO_TRE92_0115
TORONTO_TRE92_STU03997,TORONTO_TRE92_0201
TORONTO_TRE92_STU03997,TORONTO_TRE92_0256
TORONTO_TRE92_STU03998,TORONTO_TRE92_0011
TORONTO_TRE92_STU03998,TORONTO_TRE92_0079
TORONTO_TRE92_STU03998,TORONTO_TRE92_0100
TORONTO_TRE92_STU03999,TORONTO_TRE92_0044
TORONTO_TRE92_STU03999,TORONTO_TRE92_0139
TORONTO_TRE92_STU03999,TORONTO_TRE92_0140
TORONTO_TRE92_STU03999,TORONTO_TRE92_0144
TORONTO_TRE92_STU03999,TORONTO_TRE92_0184
TORONTO_TRE92_STU04000,TORONTO_TRE92_0188
TORONTO_TRE92_STU04000,TORONTO_TRE92_0260
TORONTO_TRE92_STU04001,TORONTO_TRE92_0011
TORONTO_TRE92_STU04001,TORONTO_TRE92_0095
TORONTO_TRE92_STU04001,TORONTO_TRE92_0214
TORONTO_TRE92_STU04002,TORONTO_TRE92_0096
TORONTO_TRE92_STU04002,TORONTO_TRE92_0129
TORONTO_TRE92_STU04002,TORONTO_TRE92_0153
TORONTO_TRE92_STU04002,TORONTO_TRE92_0193
TORONTO_TRE92_STU04002,TORONTO_TRE92_0215
TORONTO_TRE92_STU04003,TORONTO_TRE92_0001
TORONTO_TRE92_STU04003,TORONTO_TRE92_0081
TORONTO_TRE92_STU04003,TORONTO_TRE92_0201
TORONTO_TRE92_STU04004,TORONTO_TRE92_0095
TORONTO_TRE92_STU04004,TORONTO_TRE92_0153
TORONTO_TRE92_STU04004,TORONTO_TRE92_0193
TORONTO_TRE92_STU04004,TORONTO_TRE92_0214
TORONTO_TRE92_STU04005,TORONTO_TRE92_0028
TORONTO_TRE92_STU04005,TORONTO_TRE92_0115
TORONTO_TRE92_STU04005,TORONTO_TRE92_0139
TORONTO_TRE92_STU04005,TORONTO_TRE92_0215
TORONTO_TRE92_STU04006,TORONTO_TRE92_0011
TORONTO_TRE92_STU04006,TORONTO_TRE92_0072
TORONTO_TRE92_STU04006,TORONTO_TRE92_0096
TORONTO_TRE92_STU04006,TORONTO_TRE92_0154
TORONTO_TRE92_STU04006,TORONTO_TRE92_0215
TORONTO_TRE92_STU04007,TORONTO_TRE92_0050
TORONTO_TRE92_STU04007,TORONTO_TRE92_0072
TORONTO_TRE92_STU04007,TORONTO_TRE92_0129
TORONTO_TRE92_STU04007,TORONTO_TRE92_0139
TORONTO_TRE92_STU04007,TORONTO_TRE92_0188
TORONTO_TRE92_STU04008,TORONTO_TRE92_0011
TORONTO_TRE92_STU04008,TORONTO_TRE92_0044
TORONTO_TRE92_STU04008,TORONTO_TRE92_0096
TORONTO_TRE92_STU04008,TORONTO_TRE92_0154
TORONTO_TRE92_STU04009,TORONTO_TRE92_0072
TORONTO_TRE92_STU04009,TORONTO_TRE92_0174
TORONTO_TRE92_STU04009,TORONTO_TRE92_0175
TORONTO_TRE92_STU04009,TORONTO_TRE92_0234
TORONTO_TRE92_STU04010,TORONTO_TRE92_0094
TORONTO_TRE92_STU04010,TORONTO_TRE92_0188
TORONTO_TRE92_STU04010,TORONTO_TRE92_0215
TORONTO_TRE92_STU04010,TORONTO_TRE92_0247
TORONTO_TRE92_STU04011,TORONTO_TRE92_0012
TORONTO_TRE92_STU04011,TORONTO_TRE92_0013
TORONTO_TRE92_STU04011,TORONTO_TRE92_0015
TORONTO_TRE92_STU04012,TORONTO_TRE92_0095
TORONTO_TRE92_STU04012,TORONTO_TRE92_0174
TORONTO_TRE92_STU04012,TORONTO_TRE92_0175
TORONTO_TRE92_STU04012,TORONTO_TRE92_0215
TORONTO_TRE92_STU04012,TORONTO_TRE92_0233
TORONTO_TRE92_STU04013,TORONTO_TRE92_0248
TORONTO_TRE92_STU04014,TORONTO_TRE92_0028
TORONTO_TRE92_STU04014,TORONTO_TRE92_0052
TORONTO_TRE92_STU04014,TORONTO_TRE92_0053
TORONTO_TRE92_STU04014,TORONTO_TRE92_0115
TORONTO_TRE92_STU04014,TORONTO_TRE92_0214
TORONTO_TRE92_STU04015,TORONTO_TRE92_0044
TORONTO_TRE92_STU04015,TORONTO_TRE92_0140
TORONTO_TRE92_STU04015,TORONTO_TRE92_0142
TORONTO_TRE92_STU04016,TORONTO_TRE92_0072
TORONTO_TRE92_STU04016,TORONTO_TRE92_0082
TORONTO_TRE92_STU04016,TORONTO_TRE92_0083
TORONTO_TRE92_STU04016,TORONTO_TRE92_0084
TORONTO_TRE92_STU04017,TORONTO_TRE92_0176
TORONTO_TRE92_STU04017,TORONTO_TRE92_0216
TORONTO_TRE92_STU04017,TORONTO_TRE92_0217
TORONTO_TRE92_STU04017,TORONTO_TRE92_0220
TORONTO_TRE92_STU04018,TORONTO_TRE92_0038
TORONTO_TRE92_STU04018,TORONTO_TRE92_0110
TORONTO_TRE92_STU04018,TORONTO_TRE92_0111
TORONTO_TRE92_STU04018,TORONTO_TRE92_0114
TORONTO_TRE92_STU04019,TORONTO_TRE92_0043
TORONTO_TRE92_STU04019,TORONTO_TRE92_0044
TORONTO_TRE92_STU04019,TORONTO_TRE92_0099
TORONTO_TRE92_STU04019,TORONTO_TRE92_0103
TORONTO_TRE92_STU04019,TORONTO_TRE92_0108
TORONTO_TRE92_STU04020,TORONTO_TRE92_0044
TORONTO_TRE92_STU04020,TORONTO_TRE92_0117
TORONTO_TRE92_STU04020,TORONTO_TRE92_0141
TORONTO_TRE92_STU04020,TORONTO_TRE92_0142
TORONTO_TRE92_STU04020,TORONTO_TRE92_0143
TORONTO_TRE92_STU04021,TORONTO_TRE92_0001
TORONTO_TRE92_STU04021,TORONTO_TRE92_0006
TORONTO_TRE92_STU04021,TORONTO_TRE92_0188
TORONTO_TRE92_STU04021,TORONTO_TRE92_0260
TORONTO_TRE92_STU04022,TORONTO_TRE92_0044
TORONTO_TRE92_STU04022,TORONTO_TRE92_0154
TORONTO_TRE92_STU04022,TORONTO_TRE92_0203
TORONTO_TRE92_STU04022,TORONTO_TRE92_0210
TORONTO_TRE92_STU04023,TORONTO_TRE92_0014
TORONTO_TRE92_STU04023,TORONTO_TRE92_0121
TORONTO_TRE92_STU04023,TORONTO_TRE92_0130
TORONTO_TRE92_STU04024,TORONTO_TRE92_0106
TORONTO_TRE92_STU04024,TORONTO_TRE92_0129
TORONTO_TRE92_STU04024,TORONTO_TRE92_0155
TORONTO_TRE92_STU04024,TORONTO_TRE92_0156
TORONTO_TRE92_STU04025,TORONTO_TRE92_0001
TORONTO_TRE92_STU04025,TORONTO_TRE92_0050
TORONTO_TRE92_STU04025,TORONTO_TRE92_0081
TORONTO_TRE92_STU04025,TORONTO_TRE92_0201
TORONTO_TRE92_STU04025,TORONTO_TRE92_0246
TORONTO_TRE92_STU04026,TORONTO_TRE92_0052
TORONTO_TRE92_STU04026,TORONTO_TRE92_0053
TORONTO_TRE92_STU04026,TORONTO_TRE92_0072
TORONTO_TRE92_STU04026,TORONTO_TRE92_0130
TORONTO_TRE92_STU04026,TORONTO_TRE92_0176
TORONTO_TRE92_STU04027,TORONTO_TRE92_0050
TORONTO_TRE92_STU04027,TORONTO_TRE92_0193
TORONTO_TRE92_STU04027,TORONTO_TRE92_0246
TORONTO_TRE92_STU04028,TORONTO_TRE92_0011
TORONTO_TRE92_STU04028,TORONTO_TRE92_0095
TORONTO_TRE92_STU04028,TORONTO_TRE92_0123
TORONTO_TRE92_STU04028,TORONTO_TRE92_0154
TORONTO_TRE92_STU04029,TORONTO_TRE92_0011
TORONTO_TRE92_STU04029,TORONTO_TRE92_0050
TORONTO_TRE92_STU04029,TORONTO_TRE92_0094
TORONTO_TRE92_STU04029,TORONTO_TRE92_0192
TORONTO_TRE92_STU04030,TORONTO_TRE92_0001
TORONTO_TRE92_STU04030,TORONTO_TRE92_0072
TORONTO_TRE92_STU04030,TORONTO_TRE92_0081
TORONTO_TRE92_STU04030,TORONTO_TRE92_0173
TORONTO_TRE92_STU04030,TORONTO_TRE92_0246
TORONTO_TRE92_STU04031,TORONTO_TRE92_0121
TORONTO_TRE92_STU04031,TORONTO_TRE92_0123
TORONTO_TRE92_STU04031,TORONTO_TRE92_0129
TORONTO_TRE92_STU04031,TORONTO_TRE92_0187
TORONTO_TRE92_STU04031,TORONTO_TRE92_0215
TORONTO_TRE92_STU04032,TORONTO_TRE92_0050
TORONTO_TRE92_STU04032,TORONTO_TRE92_0094
TORONTO_TRE92_STU04032,TORONTO_TRE92_0130
TORONTO_TRE92_STU04032,TORONTO_TRE92_0139
TORONTO_TRE92_STU04033,TORONTO_TRE92_0044
TORONTO_TRE92_STU04033,TORONTO_TRE92_0081
TORONTO_TRE92_STU04033,TORONTO_TRE92_0201
TORONTO_TRE92_STU04033,TORONTO_TRE92_0203
TORONTO_TRE92_STU04033,TORONTO_TRE92_0204
TORONTO_TRE92_STU04034,TORONTO_TRE92_0030
TORONTO_TRE92_STU04034,TORONTO_TRE92_0124
TORONTO_TRE92_STU04034,TORONTO_TRE92_0126
TORONTO_TRE92_STU04034,TORONTO_TRE92_0128
TORONTO_TRE92_STU04035,TORONTO_TRE92_0050
TORONTO_TRE92_STU04035,TORONTO_TRE92_0201
TORONTO_TRE92_STU04035,TORONTO_TRE92_0210
TORONTO_TRE92_STU04036,TORONTO_TRE92_0188
TORONTO_TRE92_STU04036,TORONTO_TRE92_0193
TORONTO_TRE92_STU04037,TORONTO_TRE92_0188
TORONTO_TRE92_STU04038,TORONTO_TRE92_0001
TORONTO_TRE92_STU04038,TORONTO_TRE92_0188
TORONTO_TRE92_STU04039,TORONTO_TRE92_0188
TORONTO_TRE92_STU04039,TORONTO_TRE92_0201
TORONTO_TRE92_STU04040,TORONTO_TRE92_0188
TORONTO_TRE92_STU04040,TORONTO_TRE92_0193
TORONTO_TRE92_STU04041,TORONTO_TRE92_0011
TORONTO_TRE92_STU04041,TORONTO_TRE92_0013
TORONTO_TRE92_STU04041,TORONTO_TRE92_0188
TORONTO_TRE92_STU04041,TORONTO_TRE92_0192
TORONTO_TRE92_STU04042,TORONTO_TRE92_0027
TORONTO_TRE92_STU04042,TORONTO_TRE92_0188
TORONTO_TRE92_STU04042,TORONTO_TRE92_0215
TORONTO_TRE92_STU04043,TORONTO_TRE92_0011
TORONTO_TRE92_STU04043,TORONTO_TRE92_0050
TORONTO_TRE92_STU04043,TORONTO_TRE92_0188
TORONTO_TRE92_STU04043,TORONTO_TRE92_0246
TORONTO_TRE92_STU04043,TORONTO_TRE92_0256
TORONTO_TRE92_STU04044,TORONTO_TRE92_0050
TORONTO_TRE92_STU04044,TORONTO_TRE92_0096
TORONTO_TRE92_STU04044,TORONTO_TRE92_0154
TORONTO_TRE92_STU04044,TORONTO_TRE92_0188
TORONTO_TRE92_STU04044,TORONTO_TRE92_0215
TORONTO_TRE92_STU04045,TORONTO_TRE92_0011
TORONTO_TRE92_STU04045,TORONTO_TRE92_0094
TORONTO_TRE92_STU04045,TORONTO_TRE92_0154
TORONTO_TRE92_STU04045,TORONTO_TRE92_0192
TORONTO_TRE92_STU04046,TORONTO_TRE92_0092
TORONTO_TRE92_STU04046,TORONTO_TRE92_0135
TORONTO_TRE92_STU04046,TORONTO_TRE92_0138
TORONTO_TRE92_STU04046,TORONTO_TRE92_0156
TORONTO_TRE92_STU04046,TORONTO_TRE92_0256
TORONTO_TRE92_STU04047,TORONTO_TRE92_0044
TORONTO_TRE92_STU04047,TORONTO_TRE92_0068
TORONTO_TRE92_STU04047,TORONTO_TRE92_0109
TORONTO_TRE92_STU04047,TORONTO_TRE92_0135
TORONTO_TRE92_STU04047,TORONTO_TRE92_0190
TORONTO_TRE92_STU04048,TORONTO_TRE92_0044
TORONTO_TRE92_STU04048,TORONTO_TRE92_0185
TORONTO_TRE92_STU04048,TORONTO_TRE92_0200
TORONTO_TRE92_STU04048,TORONTO_TRE92_0240
TORONTO_TRE92_STU04048,TORONTO_TRE92_0242
TORONTO_TRE92_STU04049,TORONTO_TRE92_0140
TORONTO_TRE92_STU04049,TORONTO_TRE92_0149
TORONTO_TRE92_STU04049,TORONTO_TRE92_0190
TORONTO_TRE92_STU04049,TORONTO_TRE92_0209
TORONTO_TRE92_STU04050,TORONTO_TRE92_0044
TORONTO_TRE92_STU04050,TORONTO_TRE92_0050
TORONTO_TRE92_STU04050,TORONTO_TRE92_0240
TORONTO_TRE92_STU04050,TORONTO_TRE92_0243
TORONTO_TRE92_STU04050,TORONTO_TRE92_0256
TORONTO_TRE92_STU04051,TORONTO_TRE92_0031
TORONTO_TRE92_STU04051,TORONTO_TRE92_0041
TORONTO_TRE92_STU04051,TORONTO_TRE92_0068
TORONTO_TRE92_STU04052,TORONTO_TRE92_0044
TORONTO_TRE92_STU04052,TORONTO_TRE92_0115
TORONTO_TRE92_STU04052,TORONTO_TRE92_0185
TORONTO_TRE92_STU04052,TORONTO_TRE92_0243
TORONTO_TRE92_STU04053,TORONTO_TRE92_0044
TORONTO_TRE92_STU04053,TORONTO_TRE92_0072
TORONTO_TRE92_STU04053,TORONTO_TRE92_0145
TORONTO_TRE92_STU04053,TORONTO_TRE92_0146
TORONTO_TRE92_STU04054,TORONTO_TRE92_0044
TORONTO_TRE92_STU04054,TORONTO_TRE92_0047
TORONTO_TRE92_STU04054,TORONTO_TRE92_0109
TORONTO_TRE92_STU04055,TORONTO_TRE92_0032
TORONTO_TRE92_STU04055,TORONTO_TRE92_0039
TORONTO_TRE92_STU04055,TORONTO_TRE92_0044
TORONTO_TRE92_STU04056,TORONTO_TRE92_0034
TORONTO_TRE92_STU04056,TORONTO_TRE92_0039
TORONTO_TRE92_STU04056,TORONTO_TRE92_0044
TORONTO_TRE92_STU04056,TORONTO_TRE92_0110
TORONTO_TRE92_STU04057,TORONTO_TRE92_0044
TORONTO_TRE92_STU04057,TORONTO_TRE92_0086
TORONTO_TRE92_STU04057,TORONTO_TRE92_0088
TORONTO_TRE92_STU04057,TORONTO_TRE92_0093
TORONTO_TRE92_STU04058,TORONTO_TRE92_0072
TORONTO_TRE92_STU04058,TORONTO_TRE92_0095
TORONTO_TRE92_STU04058,TORONTO_TRE92_0173
TORONTO_TRE92_STU04058,TORONTO_TRE92_0192
TORONTO_TRE92_STU04058,TORONTO_TRE92_0256
TORONTO_TRE92_STU04059,TORONTO_TRE92_0086
TORONTO_TRE92_STU04059,TORONTO_TRE92_0088
TORONTO_TRE92_STU04059,TORONTO_TRE92_0093
TORONTO_TRE92_STU04059,TORONTO_TRE92_0114
TORONTO_TRE92_STU04059,TORONTO_TRE92_0120
TORONTO_TRE92_STU04060,TORONTO_TRE92_0012
TORONTO_TRE92_STU04060,TORONTO_TRE92_0202
TORONTO_TRE92_STU04060,TORONTO_TRE92_0203
TORONTO_TRE92_STU04060,TORONTO_TRE92_0205
TORONTO_TRE92_STU04060,TORONTO_TRE92_0210
TORONTO_TRE92_STU04061,TORONTO_TRE92_0094
TORONTO_TRE92_STU04061,TORONTO_TRE92_0154
TORONTO_TRE92_STU04061,TORONTO_TRE92_0201
TORONTO_TRE92_STU04061,TORONTO_TRE92_0214
TORONTO_TRE92_STU04062,TORONTO_TRE92_0011
TORONTO_TRE92_STU04062,TORONTO_TRE92_0094
TORONTO_TRE92_STU04062,TORONTO_TRE92_0188
TORONTO_TRE92_STU04062,TORONTO_TRE92_0214
TORONTO_TRE92_STU04063,TORONTO_TRE92_0011
TORONTO_TRE92_STU04063,TORONTO_TRE92_0013
TORONTO_TRE92_STU04063,TORONTO_TRE92_0174
TORONTO_TRE92_STU04063,TORONTO_TRE92_0234
TORONTO_TRE92_STU04064,TORONTO_TRE92_0028
TORONTO_TRE92_STU04064,TORONTO_TRE92_0053
TORONTO_TRE92_STU04064,TORONTO_TRE92_0072
TORONTO_TRE92_STU04064,TORONTO_TRE92_0115
TORONTO_TRE92_STU04065,TORONTO_TRE92_0115
TORONTO_TRE92_STU04065,TORONTO_TRE92_0192
TORONTO_TRE92_STU04065,TORONTO_TRE92_0201
TORONTO_TRE92_STU04065,TORONTO_TRE92_0214
TORONTO_TRE92_STU04065,TORONTO_TRE92_0246
TORONTO_TRE92_STU04066,TORONTO_TRE92_0096
TORONTO_TRE92_STU04066,TORONTO_TRE92_0115
TORONTO_TRE92_STU04066,TORONTO_TRE92_0120
TORONTO_TRE92_STU04066,TORONTO_TRE92_0201
TORONTO_TRE92_STU04066,TORONTO_TRE92_0215
TORONTO_TRE92_STU04067,TORONTO_TRE92_0011
TORONTO_TRE92_STU04067,TORONTO_TRE92_0028
TORONTO_TRE92_STU04067,TORONTO_TRE92_0094
TORONTO_TRE92_STU04067,TORONTO_TRE92_0115
TORONTO_TRE92_STU04067,TORONTO_TRE92_0139
TORONTO_TRE92_STU04068,TORONTO_TRE92_0070
TORONTO_TRE92_STU04068,TORONTO_TRE92_0094
TORONTO_TRE92_STU04068,TORONTO_TRE92_0154
TORONTO_TRE92_STU04068,TORONTO_TRE92_0193
TORONTO_TRE92_STU04069,TORONTO_TRE92_0122
TORONTO_TRE92_STU04069,TORONTO_TRE92_0129
TORONTO_TRE92_STU04069,TORONTO_TRE92_0187
TORONTO_TRE92_STU04069,TORONTO_TRE92_0256
TORONTO_TRE92_STU04070,TORONTO_TRE92_0050
TORONTO_TRE92_STU04070,TORONTO_TRE92_0153
TORONTO_TRE92_STU04070,TORONTO_TRE92_0188
TORONTO_TRE92_STU04070,TORONTO_TRE92_0214
TORONTO_TRE92_STU04071,TORONTO_TRE92_0011
TORONTO_TRE92_STU04071,TORONTO_TRE92_0122
TORONTO_TRE92_STU04071,TORONTO_TRE92_0187
TORONTO_TRE92_STU04071,TORONTO_TRE92_0215
TORONTO_TRE92_STU04071,TORONTO_TRE92_0256
TORONTO_TRE92_STU04072,TORONTO_TRE92_0095
TORONTO_TRE92_STU04072,TORONTO_TRE92_0153
TORONTO_TRE92_STU04072,TORONTO_TRE92_0214
TORONTO_TRE92_STU04072,TORONTO_TRE92_0246
TORONTO_TRE92_STU04073,TORONTO_TRE92_0070
TORONTO_TRE92_STU04073,TORONTO_TRE92_0094
TORONTO_TRE92_STU04073,TORONTO_TRE92_0121
TORONTO_TRE92_STU04073,TORONTO_TRE92_0256
TORONTO_TRE92_STU04074,TORONTO_TRE92_0028
TORONTO_TRE92_STU04074,TORONTO_TRE92_0115
TORONTO_TRE92_STU04074,TORONTO_TRE92_0116
TORONTO_TRE92_STU04074,TORONTO_TRE92_0184
TORONTO_TRE92_STU04074,TORONTO_TRE92_0192
TORONTO_TRE92_STU04075,TORONTO_TRE92_0050
TORONTO_TRE92_STU04075,TORONTO_TRE92_0080
TORONTO_TRE92_STU04075,TORONTO_TRE92_0153
TORONTO_TRE92_STU04075,TORONTO_TRE92_0201
TORONTO_TRE92_STU04075,TORONTO_TRE92_0256
TORONTO_TRE92_STU04076,TORONTO_TRE92_0011
TORONTO_TRE92_STU04076,TORONTO_TRE92_0050
TORONTO_TRE92_STU04076,TORONTO_TRE92_0096
TORONTO_TRE92_STU04076,TORONTO_TRE92_0214
TORONTO_TRE92_STU04076,TORONTO_TRE92_0246
TORONTO_TRE92_STU04077,TORONTO_TRE92_0095
TORONTO_TRE92_STU04077,TORONTO_TRE92_0154
TORONTO_TRE92_STU04077,TORONTO_TRE92_0192
TORONTO_TRE92_STU04077,TORONTO_TRE92_0214
TORONTO_TRE92_STU04078,TORONTO_TRE92_0028
TORONTO_TRE92_STU04078,TORONTO_TRE92_0132
TORONTO_TRE92_STU04078,TORONTO_TRE92_0188
TORONTO_TRE92_STU04078,TORONTO_TRE92_0215
TORONTO_TRE92_STU04079,TORONTO_TRE92_0094
TORONTO_TRE92_STU04079,TORONTO_TRE92_0215
TORONTO_TRE92_STU04080,TORONTO_TRE92_0258
TORONTO_TRE92_STU04081,TORONTO_TRE92_0011
TORONTO_TRE92_STU04081,TORONTO_TRE92_0094
TORONTO_TRE92_STU04081,TORONTO_TRE92_0154
TORONTO_TRE92_STU04081,TORONTO_TRE92_0192
TORONTO_TRE92_STU04082,TORONTO_TRE92_0001
TORONTO_TRE92_STU04082,TORONTO_TRE92_0081
TORONTO_TRE92_STU04082,TORONTO_TRE92_0173
TORONTO_TRE92_STU04082,TORONTO_TRE92_0201
TORONTO_TRE92_STU04082,TORONTO_TRE92_0215
TORONTO_TRE92_STU04083,TORONTO_TRE92_0094
TORONTO_TRE92_STU04083,TORONTO_TRE92_0154
TORONTO_TRE92_STU04083,TORONTO_TRE92_0188
TORONTO_TRE92_STU04083,TORONTO_TRE92_0214
TORONTO_TRE92_STU04084,TORONTO_TRE92_0038
TORONTO_TRE92_STU04084,TORONTO_TRE92_0110
TORONTO_TRE92_STU04084,TORONTO_TRE92_0142
TORONTO_TRE92_STU04085,TORONTO_TRE92_0011
TORONTO_TRE92_STU04085,TORONTO_TRE92_0050
TORONTO_TRE92_STU04085,TORONTO_TRE92_0080
TORONTO_TRE92_STU04085,TORONTO_TRE92_0115
TORONTO_TRE92_STU04085,TORONTO_TRE92_0256
TORONTO_TRE92_STU04086,TORONTO_TRE92_0015
TORONTO_TRE92_STU04086,TORONTO_TRE92_0016
TORONTO_TRE92_STU04086,TORONTO_TRE92_0018
TORONTO_TRE92_STU04086,TORONTO_TRE92_0021
TORONTO_TRE92_STU04087,TORONTO_TRE92_0115
TORONTO_TRE92_STU04087,TORONTO_TRE92_0139
TORONTO_TRE92_STU04087,TORONTO_TRE92_0188
TORONTO_TRE92_STU04088,TORONTO_TRE92_0014
TORONTO_TRE92_STU04088,TORONTO_TRE92_0072
TORONTO_TRE92_STU04088,TORONTO_TRE92_0214
TORONTO_TRE92_STU04088,TORONTO_TRE92_0246
TORONTO_TRE92_STU04089,TORONTO_TRE92_0095
TORONTO_TRE92_STU04089,TORONTO_TRE92_0187
TORONTO_TRE92_STU04089,TORONTO_TRE92_0192
TORONTO_TRE92_STU04089,TORONTO_TRE92_0214
TORONTO_TRE92_STU04089,TORONTO_TRE92_0246
TORONTO_TRE92_STU04090,TORONTO_TRE92_0215
TORONTO_TRE92_STU04091,TORONTO_TRE92_0108
TORONTO_TRE92_STU04091,TORONTO_TRE92_0109
TORONTO_TRE92_STU04091,TORONTO_TRE92_0124
TORONTO_TRE92_STU04091,TORONTO_TRE92_0125
TORONTO_TRE92_STU04091,TORONTO_TRE92_0127
TORONTO_TRE92_STU04092,TORONTO_TRE92_0012
TORONTO_TRE92_STU04092,TORONTO_TRE92_0014
TORONTO_TRE92_STU04092,TORONTO_TRE92_0189
TORONTO_TRE92_STU04092,TORONTO_TRE92_0256
TORONTO_TRE92_STU04093,TORONTO_TRE92_0044
TORONTO_TRE92_STU04093,TORONTO_TRE92_0115
TORONTO_TRE92_STU04093,TORONTO_TRE92_0139
TORONTO_TRE92_STU04093,TORONTO_TRE92_0188
TORONTO_TRE92_STU04094,TORONTO_TRE92_0115
TORONTO_TRE92_STU04094,TORONTO_TRE92_0188
TORONTO_TRE92_STU04094,TORONTO_TRE92_0215
TORONTO_TRE92_STU04095,TORONTO_TRE92_0011
TORONTO_TRE92_STU04095,TORONTO_TRE92_0050
TORONTO_TRE92_STU04095,TORONTO_TRE92_0154
TORONTO_TRE92_STU04095,TORONTO_TRE92_0188
TORONTO_TRE92_STU04096,TORONTO_TRE92_0050
TORONTO_TRE92_STU04096,TORONTO_TRE92_0188
TORONTO_TRE92_STU04096,TORONTO_TRE92_0201
TORONTO_TRE92_STU04097,TORONTO_TRE92_0070
TORONTO_TRE92_STU04097,TORONTO_TRE92_0095
TORONTO_TRE92_STU04097,TORONTO_TRE92_0193
TORONTO_TRE92_STU04098,TORONTO_TRE92_0038
TORONTO_TRE92_STU04098,TORONTO_TRE92_0115
TORONTO_TRE92_STU04098,TORONTO_TRE92_0116
TORONTO_TRE92_STU04098,TORONTO_TRE92_0144
TORONTO_TRE92_STU04099,TORONTO_TRE92_0011
TORONTO_TRE92_STU04099,TORONTO_TRE92_0120
TORONTO_TRE92_STU04099,TORONTO_TRE92_0129
TORONTO_TRE92_STU04099,TORONTO_TRE92_0214
TORONTO_TRE92_STU04099,TORONTO_TRE92_0246
TORONTO_TRE92_STU04100,TORONTO_TRE92_0053
TORONTO_TRE92_STU04100,TORONTO_TRE92_0115
TORONTO_TRE92_STU04100,TORONTO_TRE92_0130
TORONTO_TRE92_STU04100,TORONTO_TRE92_0173
TORONTO_TRE92_STU04100,TORONTO_TRE92_0233
TORONTO_TRE92_STU04101,TORONTO_TRE92_0011
TORONTO_TRE92_STU04101,TORONTO_TRE92_0050
TORONTO_TRE92_STU04101,TORONTO_TRE92_0109
TORONTO_TRE92_STU04101,TORONTO_TRE92_0188
TORONTO_TRE92_STU04101,TORONTO_TRE92_0203
TORONTO_TRE92_STU04101,TORONTO_TRE92_0256
TORONTO_TRE92_STU04102,TORONTO_TRE92_0052
TORONTO_TRE92_STU04102,TORONTO_TRE92_0053
TORONTO_TRE92_STU04102,TORONTO_TRE92_0115
TORONTO_TRE92_STU04102,TORONTO_TRE92_0173
TORONTO_TRE92_STU04103,TORONTO_TRE92_0011
TORONTO_TRE92_STU04103,TORONTO_TRE92_0096
TORONTO_TRE92_STU04103,TORONTO_TRE92_0188
TORONTO_TRE92_STU04103,TORONTO_TRE92_0214
TORONTO_TRE92_STU04103,TORONTO_TRE92_0246
TORONTO_TRE92_STU04104,TORONTO_TRE92_0011
TORONTO_TRE92_STU04104,TORONTO_TRE92_0115
TORONTO_TRE92_STU04104,TORONTO_TRE92_0214
TORONTO_TRE92_STU04104,TORONTO_TRE92_0246
TORONTO_TRE92_STU04105,TORONTO_TRE92_0050
TORONTO_TRE92_STU04105,TORONTO_TRE92_0080
TORONTO_TRE92_STU04105,TORONTO_TRE92_0096
TORONTO_TRE92_STU04105,TORONTO_TRE92_0154
TORONTO_TRE92_STU04105,TORONTO_TRE92_0259
TORONTO_TRE92_STU04106,TORONTO_TRE92_0029
TORONTO_TRE92_STU04106,TORONTO_TRE92_0030
TORONTO_TRE92_STU04106,TORONTO_TRE92_0053
TORONTO_TRE92_STU04106,TORONTO_TRE92_0115
TORONTO_TRE92_STU04106,TORONTO_TRE92_0139
TORONTO_TRE92_STU04107,TORONTO_TRE92_0193
TORONTO_TRE92_STU04107,TORONTO_TRE92_0246
TORONTO_TRE92_STU04107,TORONTO_TRE92_0249
TORONTO_TRE92_STU04108,TORONTO_TRE92_0030
TORONTO_TRE92_STU04108,TORONTO_TRE92_0038
TORONTO_TRE92_STU04108,TORONTO_TRE92_0095
TORONTO_TRE92_STU04108,TORONTO_TRE92_0115
TORONTO_TRE92_STU04108,TORONTO_TRE92_0139
TORONTO_TRE92_STU04109,TORONTO_TRE92_0011
TORONTO_TRE92_STU04109,TORONTO_TRE92_0050
TORONTO_TRE92_STU04109,TORONTO_TRE92_0115
TORONTO_TRE92_STU04109,TORONTO_TRE92_0129
TORONTO_TRE92_STU04109,TORONTO_TRE92_0204
TORONTO_TRE92_STU04110,TORONTO_TRE92_0192
TORONTO_TRE92_STU04110,TORONTO_TRE92_0214
TORONTO_TRE92_STU04110,TORONTO_TRE92_0257
TORONTO_TRE92_STU04111,TORONTO_TRE92_0011
TORONTO_TRE92_STU04111,TORONTO_TRE92_0065
TORONTO_TRE92_STU04111,TORONTO_TRE92_0193
TORONTO_TRE92_STU04111,TORONTO_TRE92_0214
TORONTO_TRE92_STU04112,TORONTO_TRE92_0050
TORONTO_TRE92_STU04112,TORONTO_TRE92_0188
TORONTO_TRE92_STU04113,TORONTO_TRE92_0011
TORONTO_TRE92_STU04113,TORONTO_TRE92_0192
TORONTO_TRE92_STU04113,TORONTO_TRE92_0215
TORONTO_TRE92_STU04113,TORONTO_TRE92_0245
TORONTO_TRE92_STU04114,TORONTO_TRE92_0115
TORONTO_TRE92_STU04114,TORONTO_TRE92_0192
TORONTO_TRE92_STU04114,TORONTO_TRE92_0245
TORONTO_TRE92_STU04115,TORONTO_TRE92_0096
TORONTO_TRE92_STU04115,TORONTO_TRE92_0154
TORONTO_TRE92_STU04115,TORONTO_TRE92_0216
TORONTO_TRE92_STU04115,TORONTO_TRE92_0220
TORONTO_TRE92_STU04115,TORONTO_TRE92_0248
TORONTO_TRE92_STU04116,TORONTO_TRE92_0079
TORONTO_TRE92_STU04116,TORONTO_TRE92_0127
TORONTO_TRE92_STU04116,TORONTO_TRE92_0199
TORONTO_TRE92_STU04117,TORONTO_TRE92_0174
TORONTO_TRE92_STU04117,TORONTO_TRE92_0233
TORONTO_TRE92_STU04117,TORONTO_TRE92_0234
TORONTO_TRE92_STU04118,TORONTO_TRE92_0081
TORONTO_TRE92_STU04118,TORONTO_TRE92_0115
TORONTO_TRE92_STU04118,TORONTO_TRE92_0139
TORONTO_TRE92_STU04118,TORONTO_TRE92_0234
TORONTO_TRE92_STU04118,TORONTO_TRE92_0257
TORONTO_TRE92_STU04119,TORONTO_TRE92_0051
TORONTO_TRE92_STU04119,TORONTO_TRE92_0203
TORONTO_TRE92_STU04120,TORONTO_TRE92_0028
TORONTO_TRE92_STU04120,TORONTO_TRE92_0115
TORONTO_TRE92_STU04120,TORONTO_TRE92_0139
TORONTO_TRE92_STU04120,TORONTO_TRE92_0188
TORONTO_TRE92_STU04120,TORONTO_TRE92_0193
TORONTO_TRE92_STU04121,TORONTO_TRE92_0027
TORONTO_TRE92_STU04121,TORONTO_TRE92_0038
TORONTO_TRE92_STU04121,TORONTO_TRE92_0052
TORONTO_TRE92_STU04122,TORONTO_TRE92_0028
TORONTO_TRE92_STU04122,TORONTO_TRE92_0029
TORONTO_TRE92_STU04122,TORONTO_TRE92_0038
TORONTO_TRE92_STU04122,TORONTO_TRE92_0116
TORONTO_TRE92_STU04122,TORONTO_TRE92_0140
TORONTO_TRE92_STU04123,TORONTO_TRE92_0050
TORONTO_TRE92_STU04124,TORONTO_TRE92_0070
TORONTO_TRE92_STU04124,TORONTO_TRE92_0096
TORONTO_TRE92_STU04124,TORONTO_TRE92_0154
TORONTO_TRE92_STU04124,TORONTO_TRE92_0192
TORONTO_TRE92_STU04125,TORONTO_TRE92_0188
TORONTO_TRE92_STU04125,TORONTO_TRE92_0193
TORONTO_TRE92_STU04126,TORONTO_TRE92_0096
TORONTO_TRE92_STU04126,TORONTO_TRE92_0188
TORONTO_TRE92_STU04126,TORONTO_TRE92_0192
TORONTO_TRE92_STU04126,TORONTO_TRE92_0215
TORONTO_TRE92_STU04126,TORONTO_TRE92_0246
TORONTO_TRE92_STU04127,TORONTO_TRE92_0027
TORONTO_TRE92_STU04127,TORONTO_TRE92_0115
TORONTO_TRE92_STU04127,TORONTO_TRE92_0139
TORONTO_TRE92_STU04127,TORONTO_TRE92_0214
TORONTO_TRE92_STU04128,TORONTO_TRE92_0011
TORONTO_TRE92_STU04128,TORONTO_TRE92_0096
TORONTO_TRE92_STU04128,TORONTO_TRE92_0154
TORONTO_TRE92_STU04128,TORONTO_TRE92_0246
TORONTO_TRE92_STU04129,TORONTO_TRE92_0095
TORONTO_TRE92_STU04129,TORONTO_TRE92_0188
TORONTO_TRE92_STU04129,TORONTO_TRE92_0235
TORONTO_TRE92_STU04130,TORONTO_TRE92_0072
TORONTO_TRE92_STU04130,TORONTO_TRE92_0187
TORONTO_TRE92_STU04130,TORONTO_TRE92_0215
TORONTO_TRE92_STU04130,TORONTO_TRE92_0246
TORONTO_TRE92_STU04131,TORONTO_TRE92_0050
TORONTO_TRE92_STU04131,TORONTO_TRE92_0051
TORONTO_TRE92_STU04131,TORONTO_TRE92_0247
TORONTO_TRE92_STU04131,TORONTO_TRE92_0248
TORONTO_TRE92_STU04131,TORONTO_TRE92_0255
TORONTO_TRE92_STU04132,TORONTO_TRE92_0028
TORONTO_TRE92_STU04132,TORONTO_TRE92_0053
TORONTO_TRE92_STU04132,TORONTO_TRE92_0072
TORONTO_TRE92_STU04132,TORONTO_TRE92_0174
TORONTO_TRE92_STU04132,TORONTO_TRE92_0233
TORONTO_TRE92_STU04133,TORONTO_TRE92_0011
TORONTO_TRE92_STU04133,TORONTO_TRE92_0027
TORONTO_TRE92_STU04133,TORONTO_TRE92_0115
TORONTO_TRE92_STU04134,TORONTO_TRE92_0154
TORONTO_TRE92_STU04134,TORONTO_TRE92_0192
TORONTO_TRE92_STU04134,TORONTO_TRE92_0201
TORONTO_TRE92_STU04134,TORONTO_TRE92_0234
TORONTO_TRE92_STU04135,TORONTO_TRE92_0011
TORONTO_TRE92_STU04135,TORONTO_TRE92_0139
TORONTO_TRE92_STU04135,TORONTO_TRE92_0215
TORONTO_TRE92_STU04135,TORONTO_TRE92_0247
TORONTO_TRE92_STU04136,TORONTO_TRE92_0028
TORONTO_TRE92_STU04136,TORONTO_TRE92_0053
TORONTO_TRE92_STU04136,TORONTO_TRE92_0115
TORONTO_TRE92_STU04136,TORONTO_TRE92_0215
TORONTO_TRE92_STU04137,TORONTO_TRE92_0011
TORONTO_TRE92_STU04137,TORONTO_TRE92_0153
TORONTO_TRE92_STU04137,TORONTO_TRE92_0188
TORONTO_TRE92_STU04138,TORONTO_TRE92_0175
TORONTO_TRE92_STU04138,TORONTO_TRE92_0177
TORONTO_TRE92_STU04138,TORONTO_TRE92_0236
TORONTO_TRE92_STU04138,TORONTO_TRE92_0237
TORONTO_TRE92_STU04139,TORONTO_TRE92_0050
TORONTO_TRE92_STU04139,TORONTO_TRE92_0115
TORONTO_TRE92_STU04139,TORONTO_TRE92_0188
TORONTO_TRE92_STU04139,TORONTO_TRE92_0193
TORONTO_TRE92_STU04140,TORONTO_TRE92_0011
TORONTO_TRE92_STU04140,TORONTO_TRE92_0095
TORONTO_TRE92_STU04140,TORONTO_TRE92_0193
TORONTO_TRE92_STU04140,TORONTO_TRE92_0215
TORONTO_TRE92_STU04140,TORONTO_TRE92_0246
TORONTO_TRE92_STU04141,TORONTO_TRE92_0095
TORONTO_TRE92_STU04141,TORONTO_TRE92_0193
TORONTO_TRE92_STU04141,TORONTO_TRE92_0215
TORONTO_TRE92_STU04141,TORONTO_TRE92_0246
TORONTO_TRE92_STU04142,TORONTO_TRE92_0013
TORONTO_TRE92_STU04142,TORONTO_TRE92_0014
TORONTO_TRE92_STU04142,TORONTO_TRE92_0121
TORONTO_TRE92_STU04142,TORONTO_TRE92_0216
TORONTO_TRE92_STU04142,TORONTO_TRE92_0220
TORONTO_TRE92_STU04143,TORONTO_TRE92_0028
TORONTO_TRE92_STU04143,TORONTO_TRE92_0053
TORONTO_TRE92_STU04144,TORONTO_TRE92_0011
TORONTO_TRE92_STU04144,TORONTO_TRE92_0050
TORONTO_TRE92_STU04144,TORONTO_TRE92_0188
TORONTO_TRE92_STU04144,TORONTO_TRE92_0214
TORONTO_TRE92_STU04144,TORONTO_TRE92_0256
TORONTO_TRE92_STU04145,TORONTO_TRE92_0011
TORONTO_TRE92_STU04145,TORONTO_TRE92_0095
TORONTO_TRE92_STU04145,TORONTO_TRE92_0130
TORONTO_TRE92_STU04145,TORONTO_TRE92_0192
TORONTO_TRE92_STU04145,TORONTO_TRE92_0256
TORONTO_TRE92_STU04146,TORONTO_TRE92_0070
TORONTO_TRE92_STU04146,TORONTO_TRE92_0096
TORONTO_TRE92_STU04146,TORONTO_TRE92_0153
TORONTO_TRE92_STU04146,TORONTO_TRE92_0192
TORONTO_TRE92_STU04146,TORONTO_TRE92_0215
TORONTO_TRE92_STU04147,TORONTO_TRE92_0096
TORONTO_TRE92_STU04147,TORONTO_TRE92_0108
TORONTO_TRE92_STU04147,TORONTO_TRE92_0109
TORONTO_TRE92_STU04147,TORONTO_TRE92_0214
TORONTO_TRE92_STU04148,TORONTO_TRE92_0011
TORONTO_TRE92_STU04148,TORONTO_TRE92_0013
TORONTO_TRE92_STU04148,TORONTO_TRE92_0015
TORONTO_TRE92_STU04148,TORONTO_TRE92_0129
TORONTO_TRE92_STU04149,TORONTO_TRE92_0001
TORONTO_TRE92_STU04149,TORONTO_TRE92_0081
TORONTO_TRE92_STU04149,TORONTO_TRE92_0173
TORONTO_TRE92_STU04149,TORONTO_TRE92_0193
TORONTO_TRE92_STU04149,TORONTO_TRE92_0201
TORONTO_TRE92_STU04150,TORONTO_TRE92_0080
TORONTO_TRE92_STU04150,TORONTO_TRE92_0121
TORONTO_TRE92_STU04150,TORONTO_TRE92_0129
TORONTO_TRE92_STU04150,TORONTO_TRE92_0133
TORONTO_TRE92_STU04150,TORONTO_TRE92_0256
TORONTO_TRE92_STU04151,TORONTO_TRE92_0011
TORONTO_TRE92_STU04151,TORONTO_TRE92_0050
TORONTO_TRE92_STU04151,TORONTO_TRE92_0094
TORONTO_TRE92_STU04151,TORONTO_TRE92_0193
TORONTO_TRE92_STU04152,TORONTO_TRE92_0050
TORONTO_TRE92_STU04152,TORONTO_TRE92_0110
TORONTO_TRE92_STU04152,TORONTO_TRE92_0114
TORONTO_TRE92_STU04152,TORONTO_TRE92_0115
TORONTO_TRE92_STU04153,TORONTO_TRE92_0072
TORONTO_TRE92_STU04153,TORONTO_TRE92_0129
TORONTO_TRE92_STU04153,TORONTO_TRE92_0201
TORONTO_TRE92_STU04153,TORONTO_TRE92_0214
TORONTO_TRE92_STU04153,TORONTO_TRE92_0246
TORONTO_TRE92_STU04154,TORONTO_TRE92_0050
TORONTO_TRE92_STU04154,TORONTO_TRE92_0051
TORONTO_TRE92_STU04154,TORONTO_TRE92_0188
TORONTO_TRE92_STU04154,TORONTO_TRE92_0256
TORONTO_TRE92_STU04155,TORONTO_TRE92_0052
TORONTO_TRE92_STU04155,TORONTO_TRE92_0053
TORONTO_TRE92_STU04155,TORONTO_TRE92_0072
TORONTO_TRE92_STU04155,TORONTO_TRE92_0174
TORONTO_TRE92_STU04155,TORONTO_TRE92_0233
TORONTO_TRE92_STU04156,TORONTO_TRE92_0050
TORONTO_TRE92_STU04156,TORONTO_TRE92_0192
TORONTO_TRE92_STU04156,TORONTO_TRE92_0246
TORONTO_TRE92_STU04156,TORONTO_TRE92_0256
TORONTO_TRE92_STU04157,TORONTO_TRE92_0050
TORONTO_TRE92_STU04157,TORONTO_TRE92_0121
TORONTO_TRE92_STU04157,TORONTO_TRE92_0215
TORONTO_TRE92_STU04157,TORONTO_TRE92_0256
TORONTO_TRE92_STU04158,TORONTO_TRE92_0022
TORONTO_TRE92_STU04158,TORONTO_TRE92_0050
TORONTO_TRE92_STU04158,TORONTO_TRE92_0051
TORONTO_TRE92_STU04158,TORONTO_TRE92_0257
TORONTO_TRE92_STU04159,TORONTO_TRE92_0096
TORONTO_TRE92_STU04159,TORONTO_TRE92_0120
TORONTO_TRE92_STU04159,TORONTO_TRE92_0153
TORONTO_TRE92_STU04159,TORONTO_TRE92_0214
TORONTO_TRE92_STU04160,TORONTO_TRE92_0094
TORONTO_TRE92_STU04160,TORONTO_TRE92_0154
TORONTO_TRE92_STU04160,TORONTO_TRE92_0192
TORONTO_TRE92_STU04160,TORONTO_TRE92_0215
TORONTO_TRE92_STU04161,TORONTO_TRE92_0098
TORONTO_TRE92_STU04161,TORONTO_TRE92_0153
TORONTO_TRE92_STU04161,TORONTO_TRE92_0188
TORONTO_TRE92_STU04161,TORONTO_TRE92_0214
TORONTO_TRE92_STU04162,TORONTO_TRE92_0030
TORONTO_TRE92_STU04162,TORONTO_TRE92_0033
TORONTO_TRE92_STU04162,TORONTO_TRE92_0063
TORONTO_TRE92_STU04162,TORONTO_TRE92_0072
TORONTO_TRE92_STU04162,TORONTO_TRE92_0176
TORONTO_TRE92_STU04163,TORONTO_TRE92_0050
TORONTO_TRE92_STU04163,TORONTO_TRE92_0096
TORONTO_TRE92_STU04163,TORONTO_TRE92_0188
TORONTO_TRE92_STU04163,TORONTO_TRE92_0215
TORONTO_TRE92_STU04163,TORONTO_TRE92_0256
TORONTO_TRE92_STU04164,TORONTO_TRE92_0051
TORONTO_TRE92_STU04164,TORONTO_TRE92_0203
TORONTO_TRE92_STU04164,TORONTO_TRE92_0255
TORONTO_TRE92_STU04164,TORONTO_TRE92_0260
TORONTO_TRE92_STU04165,TORONTO_TRE92_0028
TORONTO_TRE92_STU04165,TORONTO_TRE92_0072
TORONTO_TRE92_STU04165,TORONTO_TRE92_0173
TORONTO_TRE92_STU04165,TORONTO_TRE92_0214
TORONTO_TRE92_STU04165,TORONTO_TRE92_0233
TORONTO_TRE92_STU04166,TORONTO_TRE92_0100
TORONTO_TRE92_STU04166,TORONTO_TRE92_0103
TORONTO_TRE92_STU04166,TORONTO_TRE92_0104
TORONTO_TRE92_STU04167,TORONTO_TRE92_0145
TORONTO_TRE92_STU04168,TORONTO_TRE92_0187
TORONTO_TRE92_STU04169,TORONTO_TRE92_0073
TORONTO_TRE92_STU04169,TORONTO_TRE92_0077
TORONTO_TRE92_STU04169,TORONTO_TRE92_0078
TORONTO_TRE92_STU04169,TORONTO_TRE92_0176
TORONTO_TRE92_STU04169,TORONTO_TRE92_0180
TORONTO_TRE92_STU04170,TORONTO_TRE92_0249
TORONTO_TRE92_STU04171,TORONTO_TRE92_0011
TORONTO_TRE92_STU04172,TORONTO_TRE92_0025
TORONTO_TRE92_STU04172,TORONTO_TRE92_0256
TORONTO_TRE92_STU04173,TORONTO_TRE92_0081
TORONTO_TRE92_STU04174,TORONTO_TRE92_0115
TORONTO_TRE92_STU04174,TORONTO_TRE92_0188
TORONTO_TRE92_STU04175,TORONTO_TRE92_0234
TORONTO_TRE92_STU04175,TORONTO_TRE92_0245
TORONTO_TRE92_STU04176,TORONTO_TRE92_0196
TORONTO_TRE92_STU04177,TORONTO_TRE92_0072
TORONTO_TRE92_STU04177,TORONTO_TRE92_0214
TORONTO_TRE92_STU04178,TORONTO_TRE92_0156
TORONTO_TRE92_STU04179,TORONTO_TRE92_0153
TORONTO_TRE92_STU04179,TORONTO_TRE92_0189
TORONTO_TRE92_STU04180,TORONTO_TRE92_0186
TORONTO_TRE92_STU04181,TORONTO_TRE92_0011
TORONTO_TRE92_STU04181,TORONTO_TRE92_0220
TORONTO_TRE92_STU04181,TORONTO_TRE92_0246
TORONTO_TRE92_STU04182,TORONTO_TRE92_0190
TORONTO_TRE92_STU04183,TORONTO_TRE92_0027
TORONTO_TRE92_STU04183,TORONTO_TRE92_0215
TORONTO_TRE92_STU04184,TORONTO_TRE92_0134
TORONTO_TRE92_STU04184,TORONTO_TRE92_0215
TORONTO_TRE92_STU04184,TORONTO_TRE92_0246
TORONTO_TRE92_STU04185,TORONTO_TRE92_0124
TORONTO_TRE92_STU04185,TORONTO_TRE92_0127
TORONTO_TRE92_STU04185,TORONTO_TRE92_0249
TORONTO_TRE92_STU04186,TORONTO_TRE92_0154
TORONTO_TRE92_STU04186,TORONTO_TRE92_0216
TORONTO_TRE92_STU04186,TORONTO_TRE92_0218
TORONTO_TRE92_STU04186,TORONTO_TRE92_0220
TORONTO_TRE92_STU04187,TORONTO_TRE92_0098
TORONTO_TRE92_STU04187,TORONTO_TRE92_0154
TORONTO_TRE92_STU04187,TORONTO_TRE92_0214
TORONTO_TRE92_STU04188,TORONTO_TRE92_0074
TORONTO_TRE92_STU04188,TORONTO_TRE92_0075
TORONTO_TRE92_STU04189,TORONTO_TRE92_0011
TORONTO_TRE92_STU04189,TORONTO_TRE92_0095
TORONTO_TRE92_STU04189,TORONTO_TRE92_0154
TORONTO_TRE92_STU04190,TORONTO_TRE92_0072
TORONTO_TRE92_STU04190,TORONTO_TRE92_0192
TORONTO_TRE92_STU04190,TORONTO_TRE92_0246
TORONTO_TRE92_STU04191,TORONTO_TRE92_0013
TORONTO_TRE92_STU04192,TORONTO_TRE92_0109
TORONTO_TRE92_STU04193,TORONTO_TRE92_0011
TORONTO_TRE92_STU04193,TORONTO_TRE92_0234
TORONTO_TRE92_STU04194,TORONTO_TRE92_0216
TORONTO_TRE92_STU04194,TORONTO_TRE92_0224
TORONTO_TRE92_STU04195,TORONTO_TRE92_0215
TORONTO_TRE92_STU04196,TORONTO_TRE92_0260
TORONTO_TRE92_STU04197,TORONTO_TRE92_0073
TORONTO_TRE92_STU04197,TORONTO_TRE92_0173
TORONTO_TRE92_STU04197,TORONTO_TRE92_0215
TORONTO_TRE92_STU04198,TORONTO_TRE92_0094
TORONTO_TRE92_STU04198,TORONTO_TRE92_0214
TORONTO_TRE92_STU04199,TORONTO_TRE92_0094
TORONTO_TRE92_STU04200,TORONTO_TRE92_0094
TORONTO_TRE92_STU04201,TORONTO_TRE92_0011
TORONTO_TRE92_STU04201,TORONTO_TRE92_0072
TORONTO_TRE92_STU04201,TORONTO_TRE92_0192
TORONTO_TRE92_STU04201,TORONTO_TRE92_0214
TORONTO_TRE92_STU04202,TORONTO_TRE92_0120
TORONTO_TRE92_STU04203,TORONTO_TRE92_0188
TORONTO_TRE92_STU04204,TORONTO_TRE92_0001
TORONTO_TRE92_STU04204,TORONTO_TRE92_0153
TORONTO_TRE92_STU04204,TORONTO_TRE92_0214
TORONTO_TRE92_STU04205,TORONTO_TRE92_0068
TORONTO_TRE92_STU04206,TORONTO_TRE92_0120
TORONTO_TRE92_STU04207,TORONTO_TRE92_0065
TORONTO_TRE92_STU04207,TORONTO_TRE92_0094
TORONTO_TRE92_STU04207,TORONTO_TRE92_0154
TORONTO_TRE92_STU04208,TORONTO_TRE92_0072
TORONTO_TRE92_STU04209,TORONTO_TRE92_0072
TORONTO_TRE92_STU04209,TORONTO_TRE92_0214
TORONTO_TRE92_STU04209,TORONTO_TRE92_0245
TORONTO_TRE92_STU04210,TORONTO_TRE92_0094
TORONTO_TRE92_STU04211,TORONTO_TRE92_0072
TORONTO_TRE92_STU04212,TORONTO_TRE92_0218
TORONTO_TRE92_STU04213,TORONTO_TRE92_0245
TORONTO_TRE92_STU04214,TORONTO_TRE92_0096
TORONTO_TRE92_STU04215,TORONTO_TRE92_0245
TORONTO_TRE92_STU04216,TORONTO_TRE92_0168
TORONTO_TRE92_STU04217,TORONTO_TRE92_0053
TORONTO_TRE92_STU04217,TORONTO_TRE92_0055
TORONTO_TRE92_STU04218,TORONTO_TRE92_0192
TORONTO_TRE92_STU04218,TORONTO_TRE92_0215
TORONTO_TRE92_STU04219,TORONTO_TRE92_0245
TORONTO_TRE92_STU04220,TORONTO_TRE92_0215
TORONTO_TRE92_STU04220,TORONTO_TRE92_0245
TORONTO_TRE92_STU04221,TORONTO_TRE92_0218
TORONTO_TRE92_STU04222,TORONTO_TRE92_0072
TORONTO_TRE92_STU04222,TORONTO_TRE92_0174
TORONTO_TRE92_STU04222,TORONTO_TRE92_0175
TORONTO_TRE92_STU04223,TORONTO_TRE92_0094
TORONTO_TRE92_STU04223,TORONTO_TRE92_0154
TORONTO_TRE92_STU04223,TORONTO_TRE92_0256
TORONTO_TRE92_STU04224,TORONTO_TRE92_0214
TORONTO_TRE92_STU04224,TORONTO_TRE92_0218
TORONTO_TRE92_STU04225,TORONTO_TRE92_0256
TORONTO_TRE92_STU04226,TORONTO_TRE92_0129
TORONTO_TRE92_STU04227,TORONTO_TRE92_0214
TORONTO_TRE92_STU04228,TORONTO_TRE92_0115
TORONTO_TRE92_STU04228,TORONTO_TRE92_0140
TORONTO_TRE92_STU04229,TORONTO_TRE92_0245
TORONTO_TRE92_STU04230,TORONTO_TRE92_0245
TORONTO_TRE92_STU04231,TORONTO_TRE92_0081
TORONTO_TRE92_STU04232,TORONTO_TRE92_0011
TORONTO_TRE92_STU04232,TORONTO_TRE92_0121
TORONTO_TRE92_STU04233,TORONTO_TRE92_0218
TORONTO_TRE92_STU04234,TORONTO_TRE92_0011
TORONTO_TRE92_STU04234,TORONTO_TRE92_0154
TORONTO_TRE92_STU04235,TORONTO_TRE92_0188
TORONTO_TRE92_STU04236,TORONTO_TRE92_0072
TORONTO_TRE92_STU04237,TORONTO_TRE92_0214
TORONTO_TRE92_STU04238,TORONTO_TRE92_0245
TORONTO_TRE92_STU04239,TORONTO_TRE92_0072
TORONTO_TRE92_STU04240,TORONTO_TRE92_0115
TORONTO_TRE92_STU04241,TORONTO_TRE92_0189
TORONTO_TRE92_STU04242,TORONTO_TRE92_0115
TORONTO_TRE92_STU04243,TORONTO_TRE92_0192
TORONTO_TRE92_STU04244,TORONTO_TRE92_0194
TORONTO_TRE92_STU04244,TORONTO_TRE92_0195
TORONTO_TRE92_STU04245,TORONTO_TRE92_0068
TORONTO_TRE92_STU04246,TORONTO_TRE92_0260
TORONTO_TRE92_STU04247,TORONTO_TRE92_0115
TORONTO_TRE92_STU04247,TORONTO_TRE92_0246
TORONTO_TRE92_STU04248,TORONTO_TRE92_0028
TORONTO_TRE92_STU04248,TORONTO_TRE92_0044
TORONTO_TRE92_STU04248,TORONTO_TRE92_0115
TORONTO_TRE92_STU04249,TORONTO_TRE92_0245
TORONTO_TRE92_STU04250,TORONTO_TRE92_0094
TORONTO_TRE92_STU04251,TORONTO_TRE92_0094
TORONTO_TRE92_STU04252,TORONTO_TRE92_0120
TORONTO_TRE92_STU04252,TORONTO_TRE92_0201
TORONTO_TRE92_STU04253,TORONTO_TRE92_0049
TORONTO_TRE92_STU04253,TORONTO_TRE92_0246
TORONTO_TRE92_STU04254,TORONTO_TRE92_0260
TORONTO_TRE92_STU04255,TORONTO_TRE92_0080
TORONTO_TRE92_STU04255,TORONTO_TRE92_0092
TORONTO_TRE92_STU04255,TORONTO_TRE92_0173
TORONTO_TRE92_STU04256,TORONTO_TRE92_0092
TORONTO_TRE92_STU04256,TORONTO_TRE92_0094
TORONTO_TRE92_STU04256,TORONTO_TRE92_0095
TORONTO_TRE92_STU04257,TORONTO_TRE92_0215
TORONTO_TRE92_STU04258,TORONTO_TRE92_0201
TORONTO_TRE92_STU04258,TORONTO_TRE92_0246
TORONTO_TRE92_STU04259,TORONTO_TRE92_0215
TORONTO_TRE92_STU04259,TORONTO_TRE92_0246
TORONTO_TRE92_STU04260,TORONTO_TRE92_0096
TORONTO_TRE92_STU04260,TORONTO_TRE92_0115
TORONTO_TRE92_STU04261,TORONTO_TRE92_0053
TORONTO_TRE92_STU04261,TORONTO_TRE92_0096
TORONTO_TRE92_STU04261,TORONTO_TRE92_0233
TORONTO_TRE92_STU04262,TORONTO_TRE92_0245
TORONTO_TRE92_STU04263,TORONTO_TRE92_0029
TORONTO_TRE92_STU04263,TORONTO_TRE92_0030
TORONTO_TRE92_STU04263,TORONTO_TRE92_0072
TORONTO_TRE92_STU04264,TORONTO_TRE92_0001
TORONTO_TRE92_STU04265,TORONTO_TRE92_0214
TORONTO_TRE92_STU04266,TORONTO_TRE92_0081
TORONTO_TRE92_STU04267,TORONTO_TRE92_0115
TORONTO_TRE92_STU04267,TORONTO_TRE92_0184
TORONTO_TRE92_STU04267,TORONTO_TRE92_0215
TORONTO_TRE92_STU04268,TORONTO_TRE92_0214
TORONTO_TRE92_STU04269,TORONTO_TRE92_0013
TORONTO_TRE92_STU04270,TORONTO_TRE92_0133
TORONTO_TRE92_STU04271,TORONTO_TRE92_0215
TORONTO_TRE92_STU04272,TORONTO_TRE92_0140
TORONTO_TRE92_STU04272,TORONTO_TRE92_0150
TORONTO_TRE92_STU04273,TORONTO_TRE92_0249
TORONTO_TRE92_STU04274,TORONTO_TRE92_0115
TORONTO_TRE92_STU04275,TORONTO_TRE92_0192
TORONTO_TRE92_STU04275,TORONTO_TRE92_0214
TORONTO_TRE92_STU04276,TORONTO_TRE92_0188
TORONTO_TRE92_STU04276,TORONTO_TRE92_0192
TORONTO_TRE92_STU04277,TORONTO_TRE92_0072
TORONTO_TRE92_STU04278,TORONTO_TRE92_0095
TORONTO_TRE92_STU04278,TORONTO_TRE92_0154
TORONTO_TRE92_STU04279,TORONTO_TRE92_0001
TORONTO_TRE92_STU04279,TORONTO_TRE92_0153
TORONTO_TRE92_STU04279,TORONTO_TRE92_0246
TORONTO_TRE92_STU04280,TORONTO_TRE92_0001
TORONTO_TRE92_STU04280,TORONTO_TRE92_0081
TORONTO_TRE92_STU04280,TORONTO_TRE92_0120
TORONTO_TRE92_STU04281,TORONTO_TRE92_0072
TORONTO_TRE92_STU04282,TORONTO_TRE92_0254
TORONTO_TRE92_STU04283,TORONTO_TRE92_0115
TORONTO_TRE92_STU04284,TORONTO_TRE92_0025
TORONTO_TRE92_STU04285,TORONTO_TRE92_0011
TORONTO_TRE92_STU04285,TORONTO_TRE92_0065
TORONTO_TRE92_STU04285,TORONTO_TRE92_0154
TORONTO_TRE92_STU04286,TORONTO_TRE92_0097
TORONTO_TRE92_STU04286,TORONTO_TRE92_0101
TORONTO_TRE92_STU04286,TORONTO_TRE92_0102
TORONTO_TRE92_STU04287,TORONTO_TRE92_0245
TORONTO_TRE92_STU04288,TORONTO_TRE92_0035
TORONTO_TRE92_STU04289,TORONTO_TRE92_0002
TORONTO_TRE92_STU04289,TORONTO_TRE92_0081
TORONTO_TRE92_STU04290,TORONTO_TRE92_0027
TORONTO_TRE92_STU04290,TORONTO_TRE92_0153
TORONTO_TRE92_STU04290,TORONTO_TRE92_0214
TORONTO_TRE92_STU04291,TORONTO_TRE92_0162
TORONTO_TRE92_STU04292,TORONTO_TRE92_0095
TORONTO_TRE92_STU04292,TORONTO_TRE92_0176
TORONTO_TRE92_STU04292,TORONTO_TRE92_0183
TORONTO_TRE92_STU04293,TORONTO_TRE92_0107
TORONTO_TRE92_STU04294,TORONTO_TRE92_0214
TORONTO_TRE92_STU04295,TORONTO_TRE92_0068
TORONTO_TRE92_STU04295,TORONTO_TRE92_0234
TORONTO_TRE92_STU04296,TORONTO_TRE92_0215
TORONTO_TRE92_STU04297,TORONTO_TRE92_0192
TORONTO_TRE92_STU04298,TORONTO_TRE92_0102
TORONTO_TRE92_STU04298,TORONTO_TRE92_0106
TORONTO_TRE92_STU04299,TORONTO_TRE92_0107
TORONTO_TRE92_STU04300,TORONTO_TRE92_0006
TORONTO_TRE92_STU04301,TORONTO_TRE92_0072
TORONTO_TRE92_STU04302,TORONTO_TRE92_0245
TORONTO_TRE92_STU04303,TORONTO_TRE92_0044
TORONTO_TRE92_STU04303,TORONTO_TRE92_0188
TORONTO_TRE92_STU04304,TORONTO_TRE92_0050
TORONTO_TRE92_STU04305,TORONTO_TRE92_0044
TORONTO_TRE92_STU04306,TORONTO_TRE92_0245
TORONTO_TRE92_STU04307,TORONTO_TRE92_0013
TORONTO_TRE92_STU04307,TORONTO_TRE92_0025
TORONTO_TRE92_STU04308,TORONTO_TRE92_0081
TORONTO_TRE92_STU04309,TORONTO_TRE92_0072
TORONTO_TRE92_STU04309,TORONTO_TRE92_0080
TORONTO_TRE92_STU04309,TORONTO_TRE92_0096
TORONTO_TRE92_STU04310,TORONTO_TRE92_0245
TORONTO_TRE92_STU04311,TORONTO_TRE92_0215
TORONTO_TRE92_STU04312,TORONTO_TRE92_0122
TORONTO_TRE92_STU04313,TORONTO_TRE92_0040
TORONTO_TRE92_STU04314,TORONTO_TRE92_0025
TORONTO_TRE92_STU04315,TORONTO_TRE92_0188
TORONTO_TRE92_STU04315,TORONTO_TRE92_0215
TORONTO_TRE92_STU04315,TORONTO_TRE92_0246
TORONTO_TRE92_STU04316,TORONTO_TRE92_0256
TORONTO_TRE92_STU04317,TORONTO_TRE92_0078
TORONTO_TRE92_STU04318,TORONTO_TRE92_0188
TORONTO_TRE92_STU04319,TORONTO_TRE92_0189
TORONTO_TRE92_STU04320,TORONTO_TRE92_0066
TORONTO_TRE92_STU04321,TORONTO_TRE92_0011
TORONTO_TRE92_STU04322,TORONTO_TRE92_0081
TORONTO_TRE92_STU04323,TORONTO_TRE92_0011
TORONTO_TRE92_STU04324,TORONTO_TRE92_0011
TORONTO_TRE92_STU04324,TORONTO_TRE92_0154
TORONTO_TRE92_STU04325,TORONTO_TRE92_0214
TORONTO_TRE92_STU04325,TORONTO_TRE92_0232
TORONTO_TRE92_STU04326,TORONTO_TRE92_0006
TORONTO_TRE92_STU04326,TORONTO_TRE92_0032
TORONTO_TRE92_STU04327,TORONTO_TRE92_0215
TORONTO_TRE92_STU04327,TORONTO_TRE92_0250
TORONTO_TRE92_STU04328,TORONTO_TRE92_0215
TORONTO_TRE92_STU04329,TORONTO_TRE92_0214
TORONTO_TRE92_STU04330,TORONTO_TRE92_0215
TORONTO_TRE92_STU04331,TORONTO_TRE92_0081
TORONTO_TRE92_STU04332,TORONTO_TRE92_0081
TORONTO_TRE92_STU04333,TORONTO_TRE92_0081
TORONTO_TRE92_STU04334,TORONTO_TRE92_0011
TORONTO_TRE92_STU04335,TORONTO_TRE92_0011
TORONTO_TRE92_STU04335,TORONTO_TRE92_0215
TORONTO_TRE92_STU04336,TORONTO_TRE92_0154
TORONTO_TRE92_STU04337,TORONTO_TRE92_0011
TORONTO_TRE92_STU04338,TORONTO_TRE92_0215
TORONTO_TRE92_STU04339,TORONTO_TRE92_0154
TORONTO_TRE92_STU04340,TORONTO_TRE92_0154
TORONTO_TRE92_STU04341,TORONTO_TRE92_0011
TORONTO_TRE92_STU04342,TORONTO_TRE92_0011
TORONTO_TRE92_STU04343,TORONTO_TRE92_0011
TORONTO_TRE92_STU04343,TORONTO_TRE92_0214
TORONTO_TRE92_STU04344,TORONTO_TRE92_0215
TORONTO_TRE92_STU04345,TORONTO_TRE92_0154
TORONTO_TRE92_STU04346,TORONTO_TRE92_0011
TORONTO_TRE92_STU04347,TORONTO_TRE92_0011
TORONTO_TRE92_STU04348,TORONTO_TRE92_0215
TORONTO_TRE92_STU04349,TORONTO_TRE92_0214
TORONTO_TRE92_STU04350,TORONTO_TRE92_0011
TORONTO_TRE92_STU04351,TORONTO_TRE92_0011
TORONTO_TRE92_STU04351,TORONTO_TRE92_0154
TORONTO_TRE92_STU04352,TORONTO_TRE92_0011
TORONTO_TRE92_STU04353,TORONTO_TRE92_0215
TORONTO_TRE92_STU04354,TORONTO_TRE92_0215
TORONTO_TRE92_STU04355,TORONTO_TRE92_0215
TORONTO_TRE92_STU04356,TORONTO_TRE92_0154
TORONTO_TRE92_STU04357,TORONTO_TRE92_0208
TORONTO_TRE92_STU04358,TORONTO_TRE92_0043
TORONTO_TRE92_STU04358,TORONTO_TRE92_0049
TORONTO_TRE92_STU04359,TORONTO_TRE92_0013
TORONTO_TRE92_STU04360,TORONTO_TRE92_0013
TORONTO_TRE92_STU04360,TORONTO_TRE92_0018
