student,exam
2025310001,FMAT
2025310001,DSA1
2025310001,DSYS
2025310001,ITE
2025310001,ENG1
2025310001,CTCS
2025310001,OOP
2025310001,LINUX
2025310001,LINALG
2025310001,MANAL1
2025310001,STAT
2025310001,ENG2
2025310001,HOA1
2025310001,CITZ
2025310002,FMAT
2025310002,DSA1
2025310002,DSYS
2025310002,ITE
2025310002,ENG1
2025310002,CTCS
2025310002,OOP
2025310002,LINUX
2025310002,LINALG
2025310002,MANAL1
2025310002,STAT
2025310002,ENG2
2025310002,HOA1
2025310002,CITZ
2025310003,FMAT
2025310003,DSA1
2025310003,DSYS
2025310003,ITE
2025310003,ENG1
2025310003,CTCS
2025310003,OOP
2025310003,LINUX
2025310003,LINALG
2025310003,MANAL1
2025310003,STAT
2025310003,ENG2
2025310003,HOA1
2025310003,CITZ
2025310004,FMAT
2025310004,DSA1
2025310004,DSYS
2025310004,ITE
2025310004,ENG1
2025310004,CTCS
2025310004,OOP
2025310004,LINUX
2025310004,LINALG
2025310004,MANAL1
2025310004,STAT
2025310004,ENG2
2025310004,HOA1
2025310004,CITZ
2025310005,FMAT
2025310005,DSA1
2025310005,DSYS
2025310005,ITE
2025310005,ENG1
2025310005,CTCS
2025310005,OOP
2025310005,LINUX
2025310005,LINALG
2025310005,MANAL1
2025310005,STAT
2025310005,ENG2
2025310005,HOA1
2025310005,CITZ
2025310006,FMAT
2025310006,DSA1
2025310006,DSYS
2025310006,ITE
2025310006,ENG1
2025310006,CTCS
2025310006,OOP
2025310006,LINUX
2025310006,LINALG
2025310006,MANAL1
2025310006,STAT
2025310006,ENG2
2025310006,HOA1
2025310006,CITZ
2025310007,FMAT
2025310007,DSA1
2025310007,DSYS
2025310007,ITE
2025310007,ENG1
2025310007,CTCS
2025310007,OOP
2025310007,LINUX
2025310007,LINALG
2025310007,MANAL1
2025310007,STAT
2025310007,ENG2
2025310007,HOA1
2025310007,CITZ
2025310008,FMAT
2025310008,DSA1
2025310008,DSYS
2025310008,ITE
2025310008,ENG1
2025310008,CTCS
2025310008,OOP
2025310008,LINUX
2025310008,LINALG
2025310008,MANAL1
2025310008,STAT
2025310008,ENG2
2025310008,HOA1
2025310008,CITZ
2025310009,FMAT
2025310009,DSA1
2025310009,DSYS
2025310009,ITE
2025310009,ENG1
2025310009,CTCS
2025310009,OOP
2025310009,LINUX
2025310009,LINALG
2025310009,MANAL1
2025310009,STAT
2025310009,ENG2
2025310009,HOA1
2025310009,CITZ
2025310010,FMAT
2025310010,DSA1
2025310010,DSYS
2025310010,ITE
2025310010,ENG1
2025310010,CTCS
2025310010,OOP
2025310010,LINUX
2025310010,LINALG
2025310010,MANAL1
2025310010,STAT
2025310010,ENG2
2025310010,HOA1
2025310010,CITZ
2025310011,FMAT
2025310011,DSA1
2025310011,DSYS
2025310011,ITE
2025310011,ENG1
2025310011,CTCS
2025310011,OOP
2025310011,LINUX
2025310011,LINALG
2025310011,MANAL1
2025310011,STAT
2025310011,ENG2
2025310011,HOA1
2025310011,CITZ
2025310012,FMAT
2025310012,DSA1
2025310012,DSYS
2025310012,ITE
2025310012,ENG1
2025310012,CTCS
2025310012,OOP
2025310012,LINUX
2025310012,LINALG
2025310012,MANAL1
2025310012,STAT
2025310012,ENG2
2025310012,HOA1
2025310012,CITZ
2025310013,FMAT
2025310013,DSA1
2025310013,DSYS
2025310013,ITE
2025310013,ENG1
2025310013,CTCS
2025310013,OOP
2025310013,LINUX
2025310013,LINALG
2025310013,MANAL1
2025310013,STAT
2025310013,ENG2
2025310013,HOA1
2025310013,CITZ
2025310014,FMAT
2025310014,DSA1
2025310014,DSYS
2025310014,ITE
2025310014,ENG1
2025310014,CTCS
2025310014,OOP
2025310014,LINUX
2025310014,LINALG
2025310014,MANAL1
2025310014,STAT
2025310014,ENG2
2025310014,HOA1
2025310014,CITZ
2025310015,FMAT
2025310015,DSA1
2025310015,DSYS
2025310015,ITE
2025310015,ENG1
2025310015,CTCS
2025310015,OOP
2025310015,LINUX
2025310015,LINALG
2025310015,MANAL1
2025310015,STAT
2025310015,ENG2
2025310015,HOA1
2025310015,CITZ
2025310016,FMAT
2025310016,DSA1
2025310016,DSYS
2025310016,ITE
2025310016,ENG1
2025310016,CTCS
2025310016,OOP
2025310016,LINUX
2025310016,LINALG
2025310016,MANAL1
2025310016,STAT
2025310016,ENG2
2025310016,HOA1
2025310016,CITZ
2025310017,FMAT
2025310017,DSA1
2025310017,DSYS
2025310017,ITE
2025310017,ENG1
2025310017,CTCS
2025310017,OOP
2025310017,LINUX
2025310017,LINALG
2025310017,MANAL1
2025310017,STAT
2025310017,ENG2
2025310017,HOA1
2025310017,CITZ
2025310018,FMAT
2025310018,DSA1
2025310018,DSYS
2025310018,ITE
2025310018,ENG1
2025310018,CTCS
2025310018,OOP
2025310018,LINUX
2025310018,LINALG
2025310018,MANAL1
2025310018,STAT
2025310018,ENG2
2025310018,HOA1
2025310018,CITZ
2025310019,FMAT
2025310019,DSA1
2025310019,DSYS
2025310019,ITE
2025310019,ENG1
2025310019,CTCS
2025310019,OOP
2025310019,LINUX
2025310019,LINALG
2025310019,MANAL1
2025310019,STAT
2025310019,ENG2
2025310019,HOA1
2025310019,CITZ
2025310020,FMAT
2025310020,DSA1
2025310020,DSYS
2025310020,ITE
2025310020,ENG1
2025310020,CTCS
2025310020,OOP
2025310020,LINUX
2025310020,LINALG
2025310020,MANAL1
2025310020,STAT
2025310020,ENG2
2025310020,HOA1
2025310020,CITZ
2025310021,FMAT
2025310021,DSA1
2025310021,DSYS
2025310021,ITE
2025310021,ENG1
2025310021,CTCS
2025310021,OOP
2025310021,LINUX
2025310021,LINALG
2025310021,MANAL1
2025310021,STAT
2025310021,ENG2
2025310021,HOA1
2025310021,CITZ
2025310022,FMAT
2025310022,DSA1
2025310022,DSYS
2025310022,ITE
2025310022,ENG1
2025310022,CTCS
2025310022,OOP
2025310022,LINUX
2025310022,LINALG
2025310022,MANAL1
2025310022,STAT
2025310022,ENG2
2025310022,HOA1
2025310022,CITZ
2025310023,FMAT
2025310023,DSA1
2025310023,DSYS
2025310023,ITE
2025310023,ENG1
2025310023,CTCS
2025310023,OOP
2025310023,LINUX
2025310023,LINALG
2025310023,MANAL1
2025310023,STAT
2025310023,ENG2
2025310023,HOA1
2025310023,CITZ
2025310024,FMAT
2025310024,DSA1
2025310024,DSYS
2025310024,ITE
2025310024,ENG1
2025310024,CTCS
2025310024,OOP
2025310024,LINUX
2025310024,LINALG
2025310024,MANAL1
2025310024,STAT
2025310024,ENG2
2025310024,HOA1
2025310024,CITZ
2025310025,FMAT
2025310025,DSA1
2025310025,DSYS
2025310025,ITE
2025310025,ENG1
2025310025,CTCS
2025310025,OOP
2025310025,LINUX
2025310025,LINALG
2025310025,MANAL1
2025310025,STAT
2025310025,ENG2
2025310025,HOA1
2025310025,CITZ
2025310026,FMAT
2025310026,DSA1
2025310026,DSYS
2025310026,ITE
2025310026,ENG1
2025310026,CTCS
2025310026,OOP
2025310026,LINUX
2025310026,LINALG
2025310026,MANAL1
2025310026,STAT
2025310026,ENG2
2025310026,HOA1
2025310026,CITZ
2025310027,FMAT
2025310027,DSA1
2025310027,DSYS
2025310027,ITE
2025310027,ENG1
2025310027,CTCS
2025310027,OOP
2025310027,LINUX
2025310027,LINALG
2025310027,MANAL1
2025310027,STAT
2025310027,ENG2
2025310027,HOA1
2025310027,CITZ
2025310028,FMAT
2025310028,DSA1
2025310028,DSYS
2025310028,ITE
2025310028,ENG1
2025310028,CTCS
2025310028,OOP
2025310028,LINUX
2025310028,LINALG
2025310028,MANAL1
2025310028,STAT
2025310028,ENG2
2025310028,HOA1
2025310028,CITZ
2025310029,FMAT
2025310029,DSA1
2025310029,DSYS
2025310029,ITE
2025310029,ENG1
2025310029,CTCS
2025310029,OOP
2025310029,LINUX
2025310029,LINALG
2025310029,MANAL1
2025310029,STAT
2025310029,ENG2
2025310029,HOA1
2025310029,CITZ
2025310030,FMAT
2025310030,DSA1
2025310030,DSYS
2025310030,ITE
2025310030,ENG1
2025310030,CTCS
2025310030,OOP
2025310030,LINUX
2025310030,LINALG
2025310030,MANAL1
2025310030,STAT
2025310030,ENG2
2025310030,HOA1
2025310030,CITZ
2025310031,FMAT
2025310031,DSA1
2025310031,DSYS
2025310031,ITE
2025310031,ENG1
2025310031,CTCS
2025310031,OOP
2025310031,LINUX
2025310031,LINALG
2025310031,MANAL1
2025310031,STAT
2025310031,ENG2
2025310031,HOA1
2025310031,CITZ
2025310032,FMAT
2025310032,DSA1
2025310032,DSYS
2025310032,ITE
2025310032,ENG1
2025310032,CTCS
2025310032,OOP
2025310032,LINUX
2025310032,LINALG
2025310032,MANAL1
2025310032,STAT
2025310032,ENG2
2025310032,HOA1
2025310032,CITZ
2025310033,FMAT
2025310033,DSA1
2025310033,DSYS
2025310033,ITE
2025310033,ENG1
2025310033,CTCS
2025310033,OOP
2025310033,LINUX
2025310033,LINALG
2025310033,MANAL1
2025310033,STAT
2025310033,ENG2
2025310033,HOA1
2025310033,CITZ
2025310034,FMAT
2025310034,DSA1
2025310034,DSYS
2025310034,ITE
2025310034,ENG1
2025310034,CTCS
2025310034,OOP
2025310034,LINUX
2025310034,LINALG
2025310034,MANAL1
2025310034,STAT
2025310034,ENG2
2025310034,HOA1
2025310034,CITZ
2025310035,FMAT
2025310035,DSA1
2025310035,DSYS
2025310035,ITE
2025310035,ENG1
2025310035,CTCS
2025310035,OOP
2025310035,LINUX
2025310035,LINALG
2025310035,MANAL1
2025310035,STAT
2025310035,ENG2
2025310035,HOA1
2025310035,CITZ
2025310036,FMAT
2025310036,DSA1
2025310036,DSYS
2025310036,ITE
2025310036,ENG1
2025310036,CTCS
2025310036,OOP
2025310036,LINUX
2025310036,LINALG
2025310036,MANAL1
2025310036,STAT
2025310036,ENG2
2025310036,HOA1
2025310036,CITZ
2025310037,FMAT
2025310037,DSA1
2025310037,DSYS
2025310037,ITE
2025310037,ENG1
2025310037,CTCS
2025310037,OOP
2025310037,LINUX
2025310037,LINALG
2025310037,MANAL1
2025310037,STAT
2025310037,ENG2
2025310037,HOA1
2025310037,CITZ
2025310038,FMAT
2025310038,DSA1
2025310038,DSYS
2025310038,ITE
2025310038,ENG1
2025310038,CTCS
2025310038,OOP
2025310038,LINUX
2025310038,LINALG
2025310038,MANAL1
2025310038,STAT
2025310038,ENG2
2025310038,HOA1
2025310038,CITZ
2025310039,FMAT
2025310039,DSA1
2025310039,DSYS
2025310039,ITE
2025310039,ENG1
2025310039,CTCS
2025310039,OOP
2025310039,LINUX
2025310039,LINALG
2025310039,MANAL1
2025310039,STAT
2025310039,ENG2
2025310039,HOA1
2025310039,CITZ
2025310040,FMAT
2025310040,DSA1
2025310040,DSYS
2025310040,ITE
2025310040,ENG1
2025310040,CTCS
2025310040,OOP
2025310040,LINUX
2025310040,LINALG
2025310040,MANAL1
2025310040,STAT
2025310040,ENG2
2025310040,HOA1
2025310040,CITZ
2025310041,FMAT
2025310041,DSA1
2025310041,DSYS
2025310041,ITE
2025310041,ENG1
2025310041,CTCS
2025310041,OOP
2025310041,LINUX
2025310041,LINALG
2025310041,MANAL1
2025310041,STAT
2025310041,ENG2
2025310041,HOA1
2025310041,CITZ
2025310042,FMAT
2025310042,DSA1
2025310042,DSYS
2025310042,ITE
2025310042,ENG1
2025310042,CTCS
2025310042,OOP
2025310042,LINUX
2025310042,LINALG
2025310042,MANAL1
2025310042,STAT
2025310042,ENG2
2025310042,HOA1
2025310042,CITZ
2025310043,FMAT
2025310043,DSA1
2025310043,DSYS
2025310043,ITE
2025310043,ENG1
2025310043,CTCS
2025310043,OOP
2025310043,LINUX
2025310043,LINALG
2025310043,MANAL1
2025310043,STAT
2025310043,ENG2
2025310043,HOA1
2025310043,CITZ
2025310044,FMAT
2025310044,DSA1
2025310044,DSYS
2025310044,ITE
2025310044,ENG1
2025310044,CTCS
2025310044,OOP
2025310044,LINUX
2025310044,LINALG
2025310044,MANAL1
2025310044,STAT
2025310044,ENG2
2025310044,HOA1
2025310044,CITZ
2025310045,FMAT
2025310045,DSA1
2025310045,DSYS
2025310045,ITE
2025310045,ENG1
2025310045,CTCS
2025310045,OOP
2025310045,LINUX
2025310045,LINALG
2025310045,MANAL1
2025310045,STAT
2025310045,ENG2
2025310045,HOA1
2025310045,CITZ
2025310046,FMAT
2025310046,DSA1
2025310046,DSYS
2025310046,ITE
2025310046,ENG1
2025310046,CTCS
2025310046,OOP
2025310046,LINUX
2025310046,LINALG
2025310046,MANAL1
2025310046,STAT
2025310046,ENG2
2025310046,HOA1
2025310046,CITZ
2025310047,FMAT
2025310047,DSA1
2025310047,DSYS
2025310047,ITE
2025310047,ENG1
2025310047,CTCS
2025310047,OOP
2025310047,LINUX
2025310047,LINALG
2025310047,MANAL1
2025310047,STAT
2025310047,ENG2
2025310047,HOA1
2025310047,CITZ
2025310048,FMAT
2025310048,DSA1
2025310048,DSYS
2025310048,ITE
2025310048,ENG1
2025310048,CTCS
2025310048,OOP
2025310048,LINUX
2025310048,LINALG
2025310048,MANAL1
2025310048,STAT
2025310048,ENG2
2025310048,HOA1
2025310048,CITZ
2025310049,FMAT
2025310049,DSA1
2025310049,DSYS
2025310049,ITE
2025310049,ENG1
2025310049,CTCS
2025310049,OOP
2025310049,LINUX
2025310049,LINALG
2025310049,MANAL1
2025310049,STAT
2025310049,ENG2
2025310049,HOA1
2025310049,CITZ
2025310050,FMAT
2025310050,DSA1
2025310050,DSYS
2025310050,ITE
2025310050,ENG1
2025310050,CTCS
2025310050,OOP
2025310050,LINUX
2025310050,LINALG
2025310050,MANAL1
2025310050,STAT
2025310050,ENG2
2025310050,HOA1
2025310050,CITZ
2025310051,FMAT
2025310051,DSA1
2025310051,DSYS
2025310051,ITE
2025310051,ENG1
2025310051,CTCS
2025310051,OOP
2025310051,LINUX
2025310051,LINALG
2025310051,MANAL1
2025310051,STAT
2025310051,ENG2
2025310051,HOA1
2025310051,CITZ
2025310052,FMAT
2025310052,DSA1
2025310052,DSYS
2025310052,ITE
2025310052,ENG1
2025310052,CTCS
2025310052,OOP
2025310052,LINUX
2025310052,LINALG
2025310052,MANAL1
2025310052,STAT
2025310052,ENG2
2025310052,HOA1
2025310052,CITZ
2025310053,FMAT
2025310053,DSA1
2025310053,DSYS
2025310053,ITE
2025310053,ENG1
2025310053,CTCS
2025310053,OOP
2025310053,LINUX
2025310053,LINALG
2025310053,MANAL1
2025310053,STAT
2025310053,ENG2
2025310053,HOA1
2025310053,CITZ
2025310054,FMAT
2025310054,DSA1
2025310054,DSYS
2025310054,ITE
2025310054,ENG1
2025310054,CTCS
2025310054,OOP
2025310054,LINUX
2025310054,LINALG
2025310054,MANAL1
2025310054,STAT
2025310054,ENG2
2025310054,HOA1
2025310054,CITZ
2025310055,FMAT
2025310055,DSA1
2025310055,DSYS
2025310055,ITE
2025310055,ENG1
2025310055,CTCS
2025310055,OOP
2025310055,LINUX
2025310055,LINALG
2025310055,MANAL1
2025310055,STAT
2025310055,ENG2
2025310055,HOA1
2025310055,CITZ
2025310056,FMAT
2025310056,DSA1
2025310056,DSYS
2025310056,ITE
2025310056,ENG1
2025310056,CTCS
2025310056,OOP
2025310056,LINUX
2025310056,LINALG
2025310056,MANAL1
2025310056,STAT
2025310056,ENG2
2025310056,HOA1
2025310056,CITZ
2025310057,FMAT
2025310057,DSA1
2025310057,DSYS
2025310057,ITE
2025310057,ENG1
2025310057,CTCS
2025310057,OOP
2025310057,LINUX
2025310057,LINALG
2025310057,MANAL1
2025310057,STAT
2025310057,ENG2
2025310057,HOA1
2025310057,CITZ
2025310058,FMAT
2025310058,DSA1
2025310058,DSYS
2025310058,ITE
2025310058,ENG1
2025310058,CTCS
2025310058,OOP
2025310058,LINUX
2025310058,LINALG
2025310058,MANAL1
2025310058,STAT
2025310058,ENG2
2025310058,HOA1
2025310058,CITZ
2025310059,FMAT
2025310059,DSA1
2025310059,DSYS
2025310059,ITE
2025310059,ENG1
2025310059,CTCS
2025310059,OOP
2025310059,LINUX
2025310059,LINALG
2025310059,MANAL1
2025310059,STAT
2025310059,ENG2
2025310059,HOA1
2025310059,CITZ
2025310060,FMAT
2025310060,DSA1
2025310060,DSYS
2025310060,ITE
2025310060,ENG1
2025310060,CTCS
2025310060,OOP
2025310060,LINUX
2025310060,LINALG
2025310060,MANAL1
2025310060,STAT
2025310060,ENG2
2025310060,HOA1
2025310060,CITZ
2025310061,FMAT
2025310061,DSA1
2025310061,DSYS
2025310061,ITE
2025310061,ENG1
2025310061,CTCS
2025310061,OOP
2025310061,LINUX
2025310061,LINALG
2025310061,MANAL1
2025310061,STAT
2025310061,ENG2
2025310061,HOA1
2025310061,CITZ
2025310062,FMAT
2025310062,DSA1
2025310062,DSYS
2025310062,ITE
2025310062,ENG1
2025310062,CTCS
2025310062,OOP
2025310062,LINUX
2025310062,LINALG
2025310062,MANAL1
2025310062,STAT
2025310062,ENG2
2025310062,HOA1
2025310062,CITZ
2025310063,FMAT
2025310063,DSA1
2025310063,DSYS
2025310063,ITE
2025310063,ENG1
2025310063,CTCS
2025310063,OOP
2025310063,LINUX
2025310063,LINALG
2025310063,MANAL1
2025310063,STAT
2025310063,ENG2
2025310063,HOA1
2025310063,CITZ
2025310064,FMAT
2025310064,DSA1
2025310064,DSYS
2025310064,ITE
2025310064,ENG1
2025310064,CTCS
2025310064,OOP
2025310064,LINUX
2025310064,LINALG
2025310064,MANAL1
2025310064,STAT
2025310064,ENG2
2025310064,HOA1
2025310064,CITZ
2025310065,FMAT
2025310065,DSA1
2025310065,DSYS
2025310065,ITE
2025310065,ENG1
2025310065,CTCS
2025310065,OOP
2025310065,LINUX
2025310065,LINALG
2025310065,MANAL1
2025310065,STAT
2025310065,ENG2
2025310065,HOA1
2025310065,CITZ
2025310066,FMAT
2025310066,DSA1
2025310066,DSYS
2025310066,ITE
2025310066,ENG1
2025310066,CTCS
2025310066,OOP
2025310066,LINUX
2025310066,LINALG
2025310066,MANAL1
2025310066,STAT
2025310066,ENG2
2025310066,HOA1
2025310066,CITZ
2025310067,FMAT
2025310067,DSA1
2025310067,DSYS
2025310067,ITE
2025310067,ENG1
2025310067,CTCS
2025310067,OOP
2025310067,LINUX
2025310067,LINALG
2025310067,MANAL1
2025310067,STAT
2025310067,ENG2
2025310067,HOA1
2025310067,CITZ
2025310068,FMAT
2025310068,DSA1
2025310068,DSYS
2025310068,ITE
2025310068,ENG1
2025310068,CTCS
2025310068,OOP
2025310068,LINUX
2025310068,LINALG
2025310068,MANAL1
2025310068,STAT
2025310068,ENG2
2025310068,HOA1
2025310068,CITZ
2025310069,FMAT
2025310069,DSA1
2025310069,DSYS
2025310069,ITE
2025310069,ENG1
2025310069,CTCS
2025310069,OOP
2025310069,LINUX
2025310069,LINALG
2025310069,MANAL1
2025310069,STAT
2025310069,ENG2
2025310069,HOA1
2025310069,CITZ
2025310070,FMAT
2025310070,DSA1
2025310070,DSYS
2025310070,ITE
2025310070,ENG1
2025310070,CTCS
2025310070,OOP
2025310070,LINUX
2025310070,LINALG
2025310070,MANAL1
2025310070,STAT
2025310070,ENG2
2025310070,HOA1
2025310070,CITZ
2025310071,FMAT
2025310071,DSA1
2025310071,DSYS
2025310071,ITE
2025310071,ENG1
2025310071,CTCS
2025310071,OOP
2025310071,LINUX
2025310071,LINALG
2025310071,MANAL1
2025310071,STAT
2025310071,ENG2
2025310071,HOA1
2025310071,CITZ
2025310072,FMAT
2025310072,DSA1
2025310072,DSYS
2025310072,ITE
2025310072,ENG1
2025310072,CTCS
2025310072,OOP
2025310072,LINUX
2025310072,LINALG
2025310072,MANAL1
2025310072,STAT
2025310072,ENG2
2025310072,HOA1
2025310072,CITZ
2025310073,FMAT
2025310073,DSA1
2025310073,DSYS
2025310073,ITE
2025310073,ENG1
2025310073,CTCS
2025310073,OOP
2025310073,LINUX
2025310073,LINALG
2025310073,MANAL1
2025310073,STAT
2025310073,ENG2
2025310073,HOA1
2025310073,CITZ
2025310074,FMAT
2025310074,DSA1
2025310074,DSYS
2025310074,ITE
2025310074,ENG1
2025310074,CTCS
2025310074,OOP
2025310074,LINUX
2025310074,LINALG
2025310074,MANAL1
2025310074,STAT
2025310074,ENG2
2025310074,HOA1
2025310074,CITZ
2025310075,FMAT
2025310075,DSA1
2025310075,DSYS
2025310075,ITE
2025310075,ENG1
2025310075,CTCS
2025310075,OOP
2025310075,LINUX
2025310075,LINALG
2025310075,MANAL1
2025310075,STAT
2025310075,ENG2
2025310075,HOA1
2025310075,CITZ
2025310076,FMAT
2025310076,DSA1
2025310076,DSYS
2025310076,ITE
2025310076,ENG1
2025310076,CTCS
2025310076,OOP
2025310076,LINUX
2025310076,LINALG
2025310076,MANAL1
2025310076,STAT
2025310076,ENG2
2025310076,HOA1
2025310076,CITZ
2025310077,FMAT
2025310077,DSA1
2025310077,DSYS
2025310077,ITE
2025310077,ENG1
2025310077,CTCS
2025310077,OOP
2025310077,LINUX
2025310077,LINALG
2025310077,MANAL1
2025310077,STAT
2025310077,ENG2
2025310077,HOA1
2025310077,CITZ
2025310078,FMAT
2025310078,DSA1
2025310078,DSYS
2025310078,ITE
2025310078,ENG1
2025310078,CTCS
2025310078,OOP
2025310078,LINUX
2025310078,LINALG
2025310078,MANAL1
2025310078,STAT
2025310078,ENG2
2025310078,HOA1
2025310078,CITZ
2025310079,FMAT
2025310079,DSA1
2025310079,DSYS
2025310079,ITE
2025310079,ENG1
2025310079,CTCS
2025310079,OOP
2025310079,LINUX
2025310079,LINALG
2025310079,MANAL1
2025310079,STAT
2025310079,ENG2
2025310079,HOA1
2025310079,CITZ
2025310080,FMAT
2025310080,DSA1
2025310080,DSYS
2025310080,ITE
2025310080,ENG1
2025310080,CTCS
2025310080,OOP
2025310080,LINUX
2025310080,LINALG
2025310080,MANAL1
2025310080,STAT
2025310080,ENG2
2025310080,HOA1
2025310080,CITZ
2025310081,FMAT
2025310081,DSA1
2025310081,DSYS
2025310081,ITE
2025310081,ENG1
2025310081,CTCS
2025310081,OOP
2025310081,LINUX
2025310081,LINALG
2025310081,MANAL1
2025310081,STAT
2025310081,ENG2
2025310081,HOA1
2025310081,CITZ
2025310082,FMAT
2025310082,DSA1
2025310082,DSYS
2025310082,ITE
2025310082,ENG1
2025310082,CTCS
2025310082,OOP
2025310082,LINUX
2025310082,LINALG
2025310082,MANAL1
2025310082,STAT
2025310082,ENG2
2025310082,HOA1
2025310082,CITZ
2025310083,FMAT
2025310083,DSA1
2025310083,DSYS
2025310083,ITE
2025310083,ENG1
2025310083,CTCS
2025310083,OOP
2025310083,LINUX
2025310083,LINALG
2025310083,MANAL1
2025310083,STAT
2025310083,ENG2
2025310083,HOA1
2025310083,CITZ
2025310084,FMAT
2025310084,DSA1
2025310084,DSYS
2025310084,ITE
2025310084,ENG1
2025310084,CTCS
2025310084,OOP
2025310084,LINUX
2025310084,LINALG
2025310084,MANAL1
2025310084,STAT
2025310084,ENG2
2025310084,HOA1
2025310084,CITZ
2025310085,FMAT
2025310085,DSA1
2025310085,DSYS
2025310085,ITE
2025310085,ENG1
2025310085,CTCS
2025310085,OOP
2025310085,LINUX
2025310085,LINALG
2025310085,MANAL1
2025310085,STAT
2025310085,ENG2
2025310085,HOA1
2025310085,CITZ
2025310086,FMAT
2025310086,DSA1
2025310086,DSYS
2025310086,ITE
2025310086,ENG1
2025310086,CTCS
2025310086,OOP
2025310086,LINUX
2025310086,LINALG
2025310086,MANAL1
2025310086,STAT
2025310086,ENG2
2025310086,HOA1
2025310086,CITZ
2025310087,FMAT
2025310087,DSA1
2025310087,DSYS
2025310087,ITE
2025310087,ENG1
2025310087,CTCS
2025310087,OOP
2025310087,LINUX
2025310087,LINALG
2025310087,MANAL1
2025310087,STAT
2025310087,ENG2
2025310087,HOA1
2025310087,CITZ
2025310088,FMAT
2025310088,DSA1
2025310088,DSYS
2025310088,ITE
2025310088,ENG1
2025310088,CTCS
2025310088,OOP
2025310088,LINUX
2025310088,LINALG
2025310088,MANAL1
2025310088,STAT
2025310088,ENG2
2025310088,HOA1
2025310088,CITZ
2025310089,FMAT
2025310089,DSA1
2025310089,DSYS
2025310089,ITE
2025310089,ENG1
2025310089,CTCS
2025310089,OOP
2025310089,LINUX
2025310089,LINALG
2025310089,MANAL1
2025310089,STAT
2025310089,ENG2
2025310089,HOA1
2025310089,CITZ
2025310090,FMAT
2025310090,DSA1
2025310090,DSYS
2025310090,ITE
2025310090,ENG1
2025310090,CTCS
2025310090,OOP
2025310090,LINUX
2025310090,LINALG
2025310090,MANAL1
2025310090,STAT
2025310090,ENG2
2025310090,HOA1
2025310090,CITZ
2025310091,FMAT
2025310091,DSA1
2025310091,DSYS
2025310091,ITE
2025310091,ENG1
2025310091,CTCS
2025310091,OOP
2025310091,LINUX
2025310091,LINALG
2025310091,MANAL1
2025310091,STAT
2025310091,ENG2
2025310091,HOA1
2025310091,CITZ
2025310092,FMAT
2025310092,DSA1
2025310092,DSYS
2025310092,ITE
2025310092,ENG1
2025310092,CTCS
2025310092,OOP
2025310092,LINUX
2025310092,LINALG
2025310092,MANAL1
2025310092,STAT
2025310092,ENG2
2025310092,HOA1
2025310092,CITZ
2025310093,FMAT
2025310093,DSA1
2025310093,DSYS
2025310093,ITE
2025310093,ENG1
2025310093,CTCS
2025310093,OOP
2025310093,LINUX
2025310093,LINALG
2025310093,MANAL1
2025310093,STAT
2025310093,ENG2
2025310093,HOA1
2025310093,CITZ
2025310094,FMAT
2025310094,DSA1
2025310094,DSYS
2025310094,ITE
2025310094,ENG1
2025310094,CTCS
2025310094,OOP
2025310094,LINUX
2025310094,LINALG
2025310094,MANAL1
2025310094,STAT
2025310094,ENG2
2025310094,HOA1
2025310094,CITZ
2025310095,FMAT
2025310095,DSA1
2025310095,DSYS
2025310095,ITE
2025310095,ENG1
2025310095,CTCS
2025310095,OOP
2025310095,LINUX
2025310095,LINALG
2025310095,MANAL1
2025310095,STAT
2025310095,ENG2
2025310095,HOA1
2025310095,CITZ
2025310096,FMAT
2025310096,DSA1
2025310096,DSYS
2025310096,ITE
2025310096,ENG1
2025310096,CTCS
2025310096,OOP
2025310096,LINUX
2025310096,LINALG
2025310096,MANAL1
2025310096,STAT
2025310096,ENG2
2025310096,HOA1
2025310096,CITZ
2025310097,FMAT
2025310097,DSA1
2025310097,DSYS
2025310097,ITE
2025310097,ENG1
2025310097,CTCS
2025310097,OOP
2025310097,LINUX
2025310097,LINALG
2025310097,MANAL1
2025310097,STAT
2025310097,ENG2
2025310097,HOA1
2025310097,CITZ
2025310098,FMAT
2025310098,DSA1
2025310098,DSYS
2025310098,ITE
2025310098,ENG1
2025310098,CTCS
2025310098,OOP
2025310098,LINUX
2025310098,LINALG
2025310098,MANAL1
2025310098,STAT
2025310098,ENG2
2025310098,HOA1
2025310098,CITZ
2025310099,FMAT
2025310099,DSA1
2025310099,DSYS
2025310099,ITE
2025310099,ENG1
2025310099,CTCS
2025310099,OOP
2025310099,LINUX
2025310099,LINALG
2025310099,MANAL1
2025310099,STAT
2025310099,ENG2
2025310099,HOA1
2025310099,CITZ
2025310100,FMAT
2025310100,DSA1
2025310100,DSYS
2025310100,ITE
2025310100,ENG1
2025310100,CTCS
2025310100,OOP
2025310100,LINUX
2025310100,LINALG
2025310100,MANAL1
2025310100,STAT
2025310100,ENG2
2025310100,HOA1
2025310100,CITZ
2025310101,FMAT
2025310101,DSA1
2025310101,DSYS
2025310101,ITE
2025310101,ENG1
2025310101,CTCS
2025310101,OOP
2025310101,LINUX
2025310101,LINALG
2025310101,MANAL1
2025310101,STAT
2025310101,ENG2
2025310101,HOA1
2025310101,CITZ
2025310102,FMAT
2025310102,DSA1
2025310102,DSYS
2025310102,ITE
2025310102,ENG1
2025310102,CTCS
2025310102,OOP
2025310102,LINUX
2025310102,LINALG
2025310102,MANAL1
2025310102,STAT
2025310102,ENG2
2025310102,HOA1
2025310102,CITZ
2025310103,FMAT
2025310103,DSA1
2025310103,DSYS
2025310103,ITE
2025310103,ENG1
2025310103,CTCS
2025310103,OOP
2025310103,LINUX
2025310103,LINALG
2025310103,MANAL1
2025310103,STAT
2025310103,ENG2
2025310103,HOA1
2025310103,CITZ
2025310104,FMAT
2025310104,DSA1
2025310104,DSYS
2025310104,ITE
2025310104,ENG1
2025310104,CTCS
2025310104,OOP
2025310104,LINUX
2025310104,LINALG
2025310104,MANAL1
2025310104,STAT
2025310104,ENG2
2025310104,HOA1
2025310104,CITZ
2025310105,FMAT
2025310105,DSA1
2025310105,DSYS
2025310105,ITE
2025310105,ENG1
2025310105,CTCS
2025310105,OOP
2025310105,LINUX
2025310105,LINALG
2025310105,MANAL1
2025310105,STAT
2025310105,ENG2
2025310105,HOA1
2025310105,CITZ
2025310106,FMAT
2025310106,DSA1
2025310106,DSYS
2025310106,ITE
2025310106,ENG1
2025310106,CTCS
2025310106,OOP
2025310106,LINUX
2025310106,LINALG
2025310106,MANAL1
2025310106,STAT
2025310106,ENG2
2025310106,HOA1
2025310106,CITZ
2025310107,FMAT
2025310107,DSA1
2025310107,DSYS
2025310107,ITE
2025310107,ENG1
2025310107,CTCS
2025310107,OOP
2025310107,LINUX
2025310107,LINALG
2025310107,MANAL1
2025310107,STAT
2025310107,ENG2
2025310107,HOA1
2025310107,CITZ
2025310108,FMAT
2025310108,DSA1
2025310108,DSYS
2025310108,ITE
2025310108,ENG1
2025310108,CTCS
2025310108,OOP
2025310108,LINUX
2025310108,LINALG
2025310108,MANAL1
2025310108,STAT
2025310108,ENG2
2025310108,HOA1
2025310108,CITZ
2025310109,FMAT
2025310109,DSA1
2025310109,DSYS
2025310109,ITE
2025310109,ENG1
2025310109,CTCS
2025310109,OOP
2025310109,LINUX
2025310109,LINALG
2025310109,MANAL1
2025310109,STAT
2025310109,ENG2
2025310109,HOA1
2025310109,CITZ
2025310110,FMAT
2025310110,DSA1
2025310110,DSYS
2025310110,ITE
2025310110,ENG1
2025310110,CTCS
2025310110,OOP
2025310110,LINUX
2025310110,LINALG
2025310110,MANAL1
2025310110,STAT
2025310110,ENG2
2025310110,HOA1
2025310110,CITZ
2025310111,FMAT
2025310111,DSA1
2025310111,DSYS
2025310111,ITE
2025310111,ENG1
2025310111,CTCS
2025310111,OOP
2025310111,LINUX
2025310111,LINALG
2025310111,MANAL1
2025310111,STAT
2025310111,ENG2
2025310111,HOA1
2025310111,CITZ
2025310112,FMAT
2025310112,DSA1
2025310112,DSYS
2025310112,ITE
2025310112,ENG1
2025310112,CTCS
2025310112,OOP
2025310112,LINUX
2025310112,LINALG
2025310112,MANAL1
2025310112,STAT
2025310112,ENG2
2025310112,HOA1
2025310112,CITZ
2025310113,FMAT
2025310113,DSA1
2025310113,DSYS
2025310113,ITE
2025310113,ENG1
2025310113,CTCS
2025310113,OOP
2025310113,LINUX
2025310113,LINALG
2025310113,MANAL1
2025310113,STAT
2025310113,ENG2
2025310113,HOA1
2025310113,CITZ
2025310114,FMAT
2025310114,DSA1
2025310114,DSYS
2025310114,ITE
2025310114,ENG1
2025310114,CTCS
2025310114,OOP
2025310114,LINUX
2025310114,LINALG
2025310114,MANAL1
2025310114,STAT
2025310114,ENG2
2025310114,HOA1
2025310114,CITZ
2025310115,FMAT
2025310115,DSA1
2025310115,DSYS
2025310115,ITE
2025310115,ENG1
2025310115,CTCS
2025310115,OOP
2025310115,LINUX
2025310115,LINALG
2025310115,MANAL1
2025310115,STAT
2025310115,ENG2
2025310115,HOA1
2025310115,CITZ
2025310116,FMAT
2025310116,DSA1
2025310116,DSYS
2025310116,ITE
2025310116,ENG1
2025310116,CTCS
2025310116,OOP
2025310116,LINUX
2025310116,LINALG
2025310116,MANAL1
2025310116,STAT
2025310116,ENG2
2025310116,HOA1
2025310116,CITZ
2025310117,FMAT
2025310117,DSA1
2025310117,DSYS
2025310117,ITE
2025310117,ENG1
2025310117,CTCS
2025310117,OOP
2025310117,LINUX
2025310117,LINALG
2025310117,MANAL1
2025310117,STAT
2025310117,ENG2
2025310117,HOA1
2025310117,CITZ
2025310118,FMAT
2025310118,DSA1
2025310118,DSYS
2025310118,ITE
2025310118,ENG1
2025310118,CTCS
2025310118,OOP
2025310118,LINUX
2025310118,LINALG
2025310118,MANAL1
2025310118,STAT
2025310118,ENG2
2025310118,HOA1
2025310118,CITZ
2025310119,FMAT
2025310119,DSA1
2025310119,DSYS
2025310119,ITE
2025310119,ENG1
2025310119,CTCS
2025310119,OOP
2025310119,LINUX
2025310119,LINALG
2025310119,MANAL1
2025310119,STAT
2025310119,ENG2
2025310119,HOA1
2025310119,CITZ
2025310120,FMAT
2025310120,DSA1
2025310120,DSYS
2025310120,ITE
2025310120,ENG1
2025310120,CTCS
2025310120,OOP
2025310120,LINUX
2025310120,LINALG
2025310120,MANAL1
2025310120,STAT
2025310120,ENG2
2025310120,HOA1
2025310120,CITZ
2025310121,FMAT
2025310121,DSA1
2025310121,DSYS
2025310121,ITE
2025310121,ENG1
2025310121,CTCS
2025310121,OOP
2025310121,LINUX
2025310121,LINALG
2025310121,MANAL1
2025310121,STAT
2025310121,ENG2
2025310121,HOA1
2025310121,CITZ
2025310122,FMAT
2025310122,DSA1
2025310122,DSYS
2025310122,ITE
2025310122,ENG1
2025310122,CTCS
2025310122,OOP
2025310122,LINUX
2025310122,LINALG
2025310122,MANAL1
2025310122,STAT
2025310122,ENG2
2025310122,HOA1
2025310122,CITZ
2025310123,FMAT
2025310123,DSA1
2025310123,DSYS
2025310123,ITE
2025310123,ENG1
2025310123,CTCS
2025310123,OOP
2025310123,LINUX
2025310123,LINALG
2025310123,MANAL1
2025310123,STAT
2025310123,ENG2
2025310123,HOA1
2025310123,CITZ
2025310124,FMAT
2025310124,DSA1
2025310124,DSYS
2025310124,ITE
2025310124,ENG1
2025310124,CTCS
2025310124,OOP
2025310124,LINUX
2025310124,LINALG
2025310124,MANAL1
2025310124,STAT
2025310124,ENG2
2025310124,HOA1
2025310124,CITZ
2025310125,FMAT
2025310125,DSA1
2025310125,DSYS
2025310125,ITE
2025310125,ENG1
2025310125,CTCS
2025310125,OOP
2025310125,LINUX
2025310125,LINALG
2025310125,MANAL1
2025310125,STAT
2025310125,ENG2
2025310125,HOA1
2025310125,CITZ
2025310126,FMAT
2025310126,DSA1
2025310126,DSYS
2025310126,ITE
2025310126,ENG1
2025310126,CTCS
2025310126,OOP
2025310126,LINUX
2025310126,LINALG
2025310126,MANAL1
2025310126,STAT
2025310126,ENG2
2025310126,HOA1
2025310126,CITZ
2025310127,FMAT
2025310127,DSA1
2025310127,DSYS
2025310127,ITE
2025310127,ENG1
2025310127,CTCS
2025310127,OOP
2025310127,LINUX
2025310127,LINALG
2025310127,MANAL1
2025310127,STAT
2025310127,ENG2
2025310127,HOA1
2025310127,CITZ
2025310128,FMAT
2025310128,DSA1
2025310128,DSYS
2025310128,ITE
2025310128,ENG1
2025310128,CTCS
2025310128,OOP
2025310128,LINUX
2025310128,LINALG
2025310128,MANAL1
2025310128,STAT
2025310128,ENG2
2025310128,HOA1
2025310128,CITZ
2025310129,FMAT
2025310129,DSA1
2025310129,DSYS
2025310129,ITE
2025310129,ENG1
2025310129,CTCS
2025310129,OOP
2025310129,LINUX
2025310129,LINALG
2025310129,MANAL1
2025310129,STAT
2025310129,ENG2
2025310129,HOA1
2025310129,CITZ
2025310130,FMAT
2025310130,DSA1
2025310130,DSYS
2025310130,ITE
2025310130,ENG1
2025310130,CTCS
2025310130,OOP
2025310130,LINUX
2025310130,LINALG
2025310130,MANAL1
2025310130,STAT
2025310130,ENG2
2025310130,HOA1
2025310130,CITZ
2025310131,FMAT
2025310131,DSA1
2025310131,DSYS
2025310131,ITE
2025310131,ENG1
2025310131,CTCS
2025310131,OOP
2025310131,LINUX
2025310131,LINALG
2025310131,MANAL1
2025310131,STAT
2025310131,ENG2
2025310131,HOA1
2025310131,CITZ
2025310132,FMAT
2025310132,DSA1
2025310132,DSYS
2025310132,ITE
2025310132,ENG1
2025310132,CTCS
2025310132,OOP
2025310132,LINUX
2025310132,LINALG
2025310132,MANAL1
2025310132,STAT
2025310132,ENG2
2025310132,HOA1
2025310132,CITZ
2025310133,FMAT
2025310133,DSA1
2025310133,DSYS
2025310133,ITE
2025310133,ENG1
2025310133,CTCS
2025310133,OOP
2025310133,LINUX
2025310133,LINALG
2025310133,MANAL1
2025310133,STAT
2025310133,ENG2
2025310133,HOA1
2025310133,CITZ
2025310134,FMAT
2025310134,DSA1
2025310134,DSYS
2025310134,ITE
2025310134,ENG1
2025310134,CTCS
2025310134,OOP
2025310134,LINUX
2025310134,LINALG
2025310134,MANAL1
2025310134,STAT
2025310134,ENG2
2025310134,HOA1
2025310134,CITZ
2025310135,FMAT
2025310135,DSA1
2025310135,DSYS
2025310135,ITE
2025310135,ENG1
2025310135,CTCS
2025310135,OOP
2025310135,LINUX
2025310135,LINALG
2025310135,MANAL1
2025310135,STAT
2025310135,ENG2
2025310135,HOA1
2025310135,CITZ
2025310136,FMAT
2025310136,DSA1
2025310136,DSYS
2025310136,ITE
2025310136,ENG1
2025310136,CTCS
2025310136,OOP
2025310136,LINUX
2025310136,LINALG
2025310136,MANAL1
2025310136,STAT
2025310136,ENG2
2025310136,HOA1
2025310136,CITZ
2025310137,FMAT
2025310137,DSA1
2025310137,DSYS
2025310137,ITE
2025310137,ENG1
2025310137,CTCS
2025310137,OOP
2025310137,LINUX
2025310137,LINALG
2025310137,MANAL1
2025310137,STAT
2025310137,ENG2
2025310137,HOA1
2025310137,CITZ
2025310138,FMAT
2025310138,DSA1
2025310138,DSYS
2025310138,ITE
2025310138,ENG1
2025310138,CTCS
2025310138,OOP
2025310138,LINUX
2025310138,LINALG
2025310138,MANAL1
2025310138,STAT
2025310138,ENG2
2025310138,HOA1
2025310138,CITZ
2025310139,FMAT
2025310139,DSA1
2025310139,DSYS
2025310139,ITE
2025310139,ENG1
2025310139,CTCS
2025310139,OOP
2025310139,LINUX
2025310139,LINALG
2025310139,MANAL1
2025310139,STAT
2025310139,ENG2
2025310139,HOA1
2025310139,CITZ
2025310140,FMAT
2025310140,DSA1
2025310140,DSYS
2025310140,ITE
2025310140,ENG1
2025310140,CTCS
2025310140,OOP
2025310140,LINUX
2025310140,LINALG
2025310140,MANAL1
2025310140,STAT
2025310140,ENG2
2025310140,HOA1
2025310140,CITZ
2025310141,FMAT
2025310141,DSA1
2025310141,DSYS
2025310141,ITE
2025310141,ENG1
2025310141,CTCS
2025310141,OOP
2025310141,LINUX
2025310141,LINALG
2025310141,MANAL1
2025310141,STAT
2025310141,ENG2
2025310141,HOA1
2025310141,CITZ
2025310142,FMAT
2025310142,DSA1
2025310142,DSYS
2025310142,ITE
2025310142,ENG1
2025310142,CTCS
2025310142,OOP
2025310142,LINUX
2025310142,LINALG
2025310142,MANAL1
2025310142,STAT
2025310142,ENG2
2025310142,HOA1
2025310142,CITZ
2025310143,FMAT
2025310143,DSA1
2025310143,DSYS
2025310143,ITE
2025310143,ENG1
2025310143,CTCS
2025310143,OOP
2025310143,LINUX
2025310143,LINALG
2025310143,MANAL1
2025310143,STAT
2025310143,ENG2
2025310143,HOA1
2025310143,CITZ
2025310144,FMAT
2025310144,DSA1
2025310144,DSYS
2025310144,ITE
2025310144,ENG1
2025310144,CTCS
2025310144,OOP
2025310144,LINUX
2025310144,LINALG
2025310144,MANAL1
2025310144,STAT
2025310144,ENG2
2025310144,HOA1
2025310144,CITZ
2025310145,FMAT
2025310145,DSA1
2025310145,DSYS
2025310145,ITE
2025310145,ENG1
2025310145,CTCS
2025310145,OOP
2025310145,LINUX
2025310145,LINALG
2025310145,MANAL1
2025310145,STAT
2025310145,ENG2
2025310145,HOA1
2025310145,CITZ
2025310146,FMAT
2025310146,DSA1
2025310146,DSYS
2025310146,ITE
2025310146,ENG1
2025310146,CTCS
2025310146,OOP
2025310146,LINUX
2025310146,LINALG
2025310146,MANAL1
2025310146,STAT
2025310146,ENG2
2025310146,HOA1
2025310146,CITZ
2025310147,FMAT
2025310147,DSA1
2025310147,DSYS
2025310147,ITE
2025310147,ENG1
2025310147,CTCS
2025310147,OOP
2025310147,LINUX
2025310147,LINALG
2025310147,MANAL1
2025310147,STAT
2025310147,ENG2
2025310147,HOA1
2025310147,CITZ
2025310148,FMAT
2025310148,DSA1
2025310148,DSYS
2025310148,ITE
2025310148,ENG1
2025310148,CTCS
2025310148,OOP
2025310148,LINUX
2025310148,LINALG
2025310148,MANAL1
2025310148,STAT
2025310148,ENG2
2025310148,HOA1
2025310148,CITZ
2025310149,FMAT
2025310149,DSA1
2025310149,DSYS
2025310149,ITE
2025310149,ENG1
2025310149,CTCS
2025310149,OOP
2025310149,LINUX
2025310149,LINALG
2025310149,MANAL1
2025310149,STAT
2025310149,ENG2
2025310149,HOA1
2025310149,CITZ
2025310150,FMAT
2025310150,DSA1
2025310150,DSYS
2025310150,ITE
2025310150,ENG1
2025310150,CTCS
2025310150,OOP
2025310150,LINUX
2025310150,LINALG
2025310150,MANAL1
2025310150,STAT
2025310150,ENG2
2025310150,HOA1
2025310150,CITZ
2025310151,FMAT
2025310151,DSA1
2025310151,DSYS
2025310151,ITE
2025310151,ENG1
2025310151,CTCS
2025310151,OOP
2025310151,LINUX
2025310151,LINALG
2025310151,MANAL1
2025310151,STAT
2025310151,ENG2
2025310151,HOA1
2025310151,CITZ
2025310152,FMAT
2025310152,DSA1
2025310152,DSYS
2025310152,ITE
2025310152,ENG1
2025310152,CTCS
2025310152,OOP
2025310152,LINUX
2025310152,LINALG
2025310152,MANAL1
2025310152,STAT
2025310152,ENG2
2025310152,HOA1
2025310152,CITZ
2025310153,FMAT
2025310153,DSA1
2025310153,DSYS
2025310153,ITE
2025310153,ENG1
2025310153,CTCS
2025310153,OOP
2025310153,LINUX
2025310153,LINALG
2025310153,MANAL1
2025310153,STAT
2025310153,ENG2
2025310153,HOA1
2025310153,CITZ
2025310154,FMAT
2025310154,DSA1
2025310154,DSYS
2025310154,ITE
2025310154,ENG1
2025310154,CTCS
2025310154,OOP
2025310154,LINUX
2025310154,LINALG
2025310154,MANAL1
2025310154,STAT
2025310154,ENG2
2025310154,HOA1
2025310154,CITZ
2025310155,FMAT
2025310155,DSA1
2025310155,DSYS
2025310155,ITE
2025310155,ENG1
2025310155,CTCS
2025310155,OOP
2025310155,LINUX
2025310155,LINALG
2025310155,MANAL1
2025310155,STAT
2025310155,ENG2
2025310155,HOA1
2025310155,CITZ
2025310156,FMAT
2025310156,DSA1
2025310156,DSYS
2025310156,ITE
2025310156,ENG1
2025310156,CTCS
2025310156,OOP
2025310156,LINUX
2025310156,LINALG
2025310156,MANAL1
2025310156,STAT
2025310156,ENG2
2025310156,HOA1
2025310156,CITZ
2025310157,FMAT
2025310157,DSA1
2025310157,DSYS
2025310157,ITE
2025310157,ENG1
2025310157,CTCS
2025310157,OOP
2025310157,LINUX
2025310157,LINALG
2025310157,MANAL1
2025310157,STAT
2025310157,ENG2
2025310157,HOA1
2025310157,CITZ
2025310158,FMAT
2025310158,DSA1
2025310158,DSYS
2025310158,ITE
2025310158,ENG1
2025310158,CTCS
2025310158,OOP
2025310158,LINUX
2025310158,LINALG
2025310158,MANAL1
2025310158,STAT
2025310158,ENG2
2025310158,HOA1
2025310158,CITZ
2025310159,FMAT
2025310159,DSA1
2025310159,DSYS
2025310159,ITE
2025310159,ENG1
2025310159,CTCS
2025310159,OOP
2025310159,LINUX
2025310159,LINALG
2025310159,MANAL1
2025310159,STAT
2025310159,ENG2
2025310159,HOA1
2025310159,CITZ
2025310160,FMAT
2025310160,DSA1
2025310160,DSYS
2025310160,ITE
2025310160,ENG1
2025310160,CTCS
2025310160,OOP
2025310160,LINUX
2025310160,LINALG
2025310160,MANAL1
2025310160,STAT
2025310160,ENG2
2025310160,HOA1
2025310160,CITZ
2025310161,FMAT
2025310161,DSA1
2025310161,DSYS
2025310161,ITE
2025310161,ENG1
2025310161,CTCS
2025310161,OOP
2025310161,LINUX
2025310161,LINALG
2025310161,MANAL1
2025310161,STAT
2025310161,ENG2
2025310161,HOA1
2025310161,CITZ
2025310162,FMAT
2025310162,DSA1
2025310162,DSYS
2025310162,ITE
2025310162,ENG1
2025310162,CTCS
2025310162,OOP
2025310162,LINUX
2025310162,LINALG
2025310162,MANAL1
2025310162,STAT
2025310162,ENG2
2025310162,HOA1
2025310162,CITZ
2025310163,FMAT
2025310163,DSA1
2025310163,DSYS
2025310163,ITE
2025310163,ENG1
2025310163,CTCS
2025310163,OOP
2025310163,LINUX
2025310163,LINALG
2025310163,MANAL1
2025310163,STAT
2025310163,ENG2
2025310163,HOA1
2025310163,CITZ
2025310164,FMAT
2025310164,DSA1
2025310164,DSYS
2025310164,ITE
2025310164,ENG1
2025310164,CTCS
2025310164,OOP
2025310164,LINUX
2025310164,LINALG
2025310164,MANAL1
2025310164,STAT
2025310164,ENG2
2025310164,HOA1
2025310164,CITZ
2025310165,FMAT
2025310165,DSA1
2025310165,DSYS
2025310165,ITE
2025310165,ENG1
2025310165,CTCS
2025310165,OOP
2025310165,LINUX
2025310165,LINALG
2025310165,MANAL1
2025310165,STAT
2025310165,ENG2
2025310165,HOA1
2025310165,CITZ
2025310166,FMAT
2025310166,DSA1
2025310166,DSYS
2025310166,ITE
2025310166,ENG1
2025310166,CTCS
2025310166,OOP
2025310166,LINUX
2025310166,LINALG
2025310166,MANAL1
2025310166,STAT
2025310166,ENG2
2025310166,HOA1
2025310166,CITZ
2025310167,FMAT
2025310167,DSA1
2025310167,DSYS
2025310167,ITE
2025310167,ENG1
2025310167,CTCS
2025310167,OOP
2025310167,LINUX
2025310167,LINALG
2025310167,MANAL1
2025310167,STAT
2025310167,ENG2
2025310167,HOA1
2025310167,CITZ
2025310168,FMAT
2025310168,DSA1
2025310168,DSYS
2025310168,ITE
2025310168,ENG1
2025310168,CTCS
2025310168,OOP
2025310168,LINUX
2025310168,LINALG
2025310168,MANAL1
2025310168,STAT
2025310168,ENG2
2025310168,HOA1
2025310168,CITZ
2025310169,FMAT
2025310169,DSA1
2025310169,DSYS
2025310169,ITE
2025310169,ENG1
2025310169,CTCS
2025310169,OOP
2025310169,LINUX
2025310169,LINALG
2025310169,MANAL1
2025310169,STAT
2025310169,ENG2
2025310169,HOA1
2025310169,CITZ
2025310170,FMAT
2025310170,DSA1
2025310170,DSYS
2025310170,ITE
2025310170,ENG1
2025310170,CTCS
2025310170,OOP
2025310170,LINUX
2025310170,LINALG
2025310170,MANAL1
2025310170,STAT
2025310170,ENG2
2025310170,HOA1
2025310170,CITZ
2025310171,FMAT
2025310171,DSA1
2025310171,DSYS
2025310171,ITE
2025310171,ENG1
2025310171,CTCS
2025310171,OOP
2025310171,LINUX
2025310171,LINALG
2025310171,MANAL1
2025310171,STAT
2025310171,ENG2
2025310171,HOA1
2025310171,CITZ
2025310172,FMAT
2025310172,DSA1
2025310172,DSYS
2025310172,ITE
2025310172,ENG1
2025310172,CTCS
2025310172,OOP
2025310172,LINUX
2025310172,LINALG
2025310172,MANAL1
2025310172,STAT
2025310172,ENG2
2025310172,HOA1
2025310172,CITZ
2025310173,FMAT
2025310173,DSA1
2025310173,DSYS
2025310173,ITE
2025310173,ENG1
2025310173,CTCS
2025310173,OOP
2025310173,LINUX
2025310173,LINALG
2025310173,MANAL1
2025310173,STAT
2025310173,ENG2
2025310173,HOA1
2025310173,CITZ
2025310174,FMAT
2025310174,DSA1
2025310174,DSYS
2025310174,ITE
2025310174,ENG1
2025310174,CTCS
2025310174,OOP
2025310174,LINUX
2025310174,LINALG
2025310174,MANAL1
2025310174,STAT
2025310174,ENG2
2025310174,HOA1
2025310174,CITZ
2025310175,FMAT
2025310175,DSA1
2025310175,DSYS
2025310175,ITE
2025310175,ENG1
2025310175,CTCS
2025310175,OOP
2025310175,LINUX
2025310175,LINALG
2025310175,MANAL1
2025310175,STAT
2025310175,ENG2
2025310175,HOA1
2025310175,CITZ
2025310176,FMAT
2025310176,DSA1
2025310176,DSYS
2025310176,ITE
2025310176,ENG1
2025310176,CTCS
2025310176,OOP
2025310176,LINUX
2025310176,LINALG
2025310176,MANAL1
2025310176,STAT
2025310176,ENG2
2025310176,HOA1
2025310176,CITZ
2025310177,FMAT
2025310177,DSA1
2025310177,DSYS
2025310177,ITE
2025310177,ENG1
2025310177,CTCS
2025310177,OOP
2025310177,LINUX
2025310177,LINALG
2025310177,MANAL1
2025310177,STAT
2025310177,ENG2
2025310177,HOA1
2025310177,CITZ
2025310178,FMAT
2025310178,DSA1
2025310178,DSYS
2025310178,ITE
2025310178,ENG1
2025310178,CTCS
2025310178,OOP
2025310178,LINUX
2025310178,LINALG
2025310178,MANAL1
2025310178,STAT
2025310178,ENG2
2025310178,HOA1
2025310178,CITZ
2025310179,FMAT
2025310179,DSA1
2025310179,DSYS
2025310179,ITE
2025310179,ENG1
2025310179,CTCS
2025310179,OOP
2025310179,LINUX
2025310179,LINALG
2025310179,MANAL1
2025310179,STAT
2025310179,ENG2
2025310179,HOA1
2025310179,CITZ
2025310180,FMAT
2025310180,DSA1
2025310180,DSYS
2025310180,ITE
2025310180,ENG1
2025310180,CTCS
2025310180,OOP
2025310180,LINUX
2025310180,LINALG
2025310180,MANAL1
2025310180,STAT
2025310180,ENG2
2025310180,HOA1
2025310180,CITZ
2025310181,FMAT
2025310181,DSA1
2025310181,DSYS
2025310181,ITE
2025310181,ENG1
2025310181,CTCS
2025310181,OOP
2025310181,LINUX
2025310181,LINALG
2025310181,MANAL1
2025310181,STAT
2025310181,ENG2
2025310181,HOA1
2025310181,CITZ
2025310182,FMAT
2025310182,DSA1
2025310182,DSYS
2025310182,ITE
2025310182,ENG1
2025310182,CTCS
2025310182,OOP
2025310182,LINUX
2025310182,LINALG
2025310182,MANAL1
2025310182,STAT
2025310182,ENG2
2025310182,HOA1
2025310182,CITZ
2025310183,FMAT
2025310183,DSA1
2025310183,DSYS
2025310183,ITE
2025310183,ENG1
2025310183,CTCS
2025310183,OOP
2025310183,LINUX
2025310183,LINALG
2025310183,MANAL1
2025310183,STAT
2025310183,ENG2
2025310183,HOA1
2025310183,CITZ
2025310184,FMAT
2025310184,DSA1
2025310184,DSYS
2025310184,ITE
2025310184,ENG1
2025310184,CTCS
2025310184,OOP
2025310184,LINUX
2025310184,LINALG
2025310184,MANAL1
2025310184,STAT
2025310184,ENG2
2025310184,HOA1
2025310184,CITZ
2025310185,FMAT
2025310185,DSA1
2025310185,DSYS
2025310185,ITE
2025310185,ENG1
2025310185,CTCS
2025310185,OOP
2025310185,LINUX
2025310185,LINALG
2025310185,MANAL1
2025310185,STAT
2025310185,ENG2
2025310185,HOA1
2025310185,CITZ
2025310186,FMAT
2025310186,DSA1
2025310186,DSYS
2025310186,ITE
2025310186,ENG1
2025310186,CTCS
2025310186,OOP
2025310186,LINUX
2025310186,LINALG
2025310186,MANAL1
2025310186,STAT
2025310186,ENG2
2025310186,HOA1
2025310186,CITZ
2025310187,FMAT
2025310187,DSA1
2025310187,DSYS
2025310187,ITE
2025310187,ENG1
2025310187,CTCS
2025310187,OOP
2025310187,LINUX
2025310187,LINALG
2025310187,MANAL1
2025310187,STAT
2025310187,ENG2
2025310187,HOA1
2025310187,CITZ
2025310188,FMAT
2025310188,DSA1
2025310188,DSYS
2025310188,ITE
2025310188,ENG1
2025310188,CTCS
2025310188,OOP
2025310188,LINUX
2025310188,LINALG
2025310188,MANAL1
2025310188,STAT
2025310188,ENG2
2025310188,HOA1
2025310188,CITZ
2025310189,FMAT
2025310189,DSA1
2025310189,DSYS
2025310189,ITE
2025310189,ENG1
2025310189,CTCS
2025310189,OOP
2025310189,LINUX
2025310189,LINALG
2025310189,MANAL1
2025310189,STAT
2025310189,ENG2
2025310189,HOA1
2025310189,CITZ
2025310190,FMAT
2025310190,DSA1
2025310190,DSYS
2025310190,ITE
2025310190,ENG1
2025310190,CTCS
2025310190,OOP
2025310190,LINUX
2025310190,LINALG
2025310190,MANAL1
2025310190,STAT
2025310190,ENG2
2025310190,HOA1
2025310190,CITZ
2025310191,FMAT
2025310191,DSA1
2025310191,DSYS
2025310191,ITE
2025310191,ENG1
2025310191,CTCS
2025310191,OOP
2025310191,LINUX
2025310191,LINALG
2025310191,MANAL1
2025310191,STAT
2025310191,ENG2
2025310191,HOA1
2025310191,CITZ
2025310192,FMAT
2025310192,DSA1
2025310192,DSYS
2025310192,ITE
2025310192,ENG1
2025310192,CTCS
2025310192,OOP
2025310192,LINUX
2025310192,LINALG
2025310192,MANAL1
2025310192,STAT
2025310192,ENG2
2025310192,HOA1
2025310192,CITZ
2025310193,FMAT
2025310193,DSA1
2025310193,DSYS
2025310193,ITE
2025310193,ENG1
2025310193,CTCS
2025310193,OOP
2025310193,LINUX
2025310193,LINALG
2025310193,MANAL1
2025310193,STAT
2025310193,ENG2
2025310193,HOA1
2025310193,CITZ
2025310194,FMAT
2025310194,DSA1
2025310194,DSYS
2025310194,ITE
2025310194,ENG1
2025310194,CTCS
2025310194,OOP
2025310194,LINUX
2025310194,LINALG
2025310194,MANAL1
2025310194,STAT
2025310194,ENG2
2025310194,HOA1
2025310194,CITZ
2025310195,FMAT
2025310195,DSA1
2025310195,DSYS
2025310195,ITE
2025310195,ENG1
2025310195,CTCS
2025310195,OOP
2025310195,LINUX
2025310195,LINALG
2025310195,MANAL1
2025310195,STAT
2025310195,ENG2
2025310195,HOA1
2025310195,CITZ
2025310196,FMAT
2025310196,DSA1
2025310196,DSYS
2025310196,ITE
2025310196,ENG1
2025310196,CTCS
2025310196,OOP
2025310196,LINUX
2025310196,LINALG
2025310196,MANAL1
2025310196,STAT
2025310196,ENG2
2025310196,HOA1
2025310196,CITZ
2025310197,FMAT
2025310197,DSA1
2025310197,DSYS
2025310197,ITE
2025310197,ENG1
2025310197,CTCS
2025310197,OOP
2025310197,LINUX
2025310197,LINALG
2025310197,MANAL1
2025310197,STAT
2025310197,ENG2
2025310197,HOA1
2025310197,CITZ
2025310198,FMAT
2025310198,DSA1
2025310198,DSYS
2025310198,ITE
2025310198,ENG1
2025310198,CTCS
2025310198,OOP
2025310198,LINUX
2025310198,LINALG
2025310198,MANAL1
2025310198,STAT
2025310198,ENG2
2025310198,HOA1
2025310198,CITZ
2025310199,FMAT
2025310199,DSA1
2025310199,DSYS
2025310199,ITE
2025310199,ENG1
2025310199,CTCS
2025310199,OOP
2025310199,LINUX
2025310199,LINALG
2025310199,MANAL1
2025310199,STAT
2025310199,ENG2
2025310199,HOA1
2025310199,CITZ
2025310200,FMAT
2025310200,DSA1
2025310200,DSYS
2025310200,ITE
2025310200,ENG1
2025310200,CTCS
2025310200,OOP
2025310200,LINUX
2025310200,LINALG
2025310200,MANAL1
2025310200,STAT
2025310200,ENG2
2025310200,HOA1
2025310200,CITZ
2025310201,FMAT
2025310201,DSA1
2025310201,DSYS
2025310201,ITE
2025310201,ENG1
2025310201,CTCS
2025310201,OOP
2025310201,LINUX
2025310201,LINALG
2025310201,MANAL1
2025310201,STAT
2025310201,ENG2
2025310201,HOA1
2025310201,CITZ
2025310202,FMAT
2025310202,DSA1
2025310202,DSYS
2025310202,ITE
2025310202,ENG1
2025310202,CTCS
2025310202,OOP
2025310202,LINUX
2025310202,LINALG
2025310202,MANAL1
2025310202,STAT
2025310202,ENG2
2025310202,HOA1
2025310202,CITZ
2025310203,FMAT
2025310203,DSA1
2025310203,DSYS
2025310203,ITE
2025310203,ENG1
2025310203,CTCS
2025310203,OOP
2025310203,LINUX
2025310203,LINALG
2025310203,MANAL1
2025310203,STAT
2025310203,ENG2
2025310203,HOA1
2025310203,CITZ
2025310204,FMAT
2025310204,DSA1
2025310204,DSYS
2025310204,ITE
2025310204,ENG1
2025310204,CTCS
2025310204,OOP
2025310204,LINUX
2025310204,LINALG
2025310204,MANAL1
2025310204,STAT
2025310204,ENG2
2025310204,HOA1
2025310204,CITZ
2025310205,FMAT
2025310205,DSA1
2025310205,DSYS
2025310205,ITE
2025310205,ENG1
2025310205,CTCS
2025310205,OOP
2025310205,LINUX
2025310205,LINALG
2025310205,MANAL1
2025310205,STAT
2025310205,ENG2
2025310205,HOA1
2025310205,CITZ
2025310206,FMAT
2025310206,DSA1
2025310206,DSYS
2025310206,ITE
2025310206,ENG1
2025310206,CTCS
2025310206,OOP
2025310206,LINUX
2025310206,LINALG
2025310206,MANAL1
2025310206,STAT
2025310206,ENG2
2025310206,HOA1
2025310206,CITZ
2025310207,FMAT
2025310207,DSA1
2025310207,DSYS
2025310207,ITE
2025310207,ENG1
2025310207,CTCS
2025310207,OOP
2025310207,LINUX
2025310207,LINALG
2025310207,MANAL1
2025310207,STAT
2025310207,ENG2
2025310207,HOA1
2025310207,CITZ
2025310208,FMAT
2025310208,DSA1
2025310208,DSYS
2025310208,ITE
2025310208,ENG1
2025310208,CTCS
2025310208,OOP
2025310208,LINUX
2025310208,LINALG
2025310208,MANAL1
2025310208,STAT
2025310208,ENG2
2025310208,HOA1
2025310208,CITZ
2025310209,FMAT
2025310209,DSA1
2025310209,DSYS
2025310209,ITE
2025310209,ENG1
2025310209,CTCS
2025310209,OOP
2025310209,LINUX
2025310209,LINALG
2025310209,MANAL1
2025310209,STAT
2025310209,ENG2
2025310209,HOA1
2025310209,CITZ
2025310210,FMAT
2025310210,DSA1
2025310210,DSYS
2025310210,ITE
2025310210,ENG1
2025310210,CTCS
2025310210,OOP
2025310210,LINUX
2025310210,LINALG
2025310210,MANAL1
2025310210,STAT
2025310210,ENG2
2025310210,HOA1
2025310210,CITZ
2025310211,FMAT
2025310211,DSA1
2025310211,DSYS
2025310211,ITE
2025310211,ENG1
2025310211,CTCS
2025310211,OOP
2025310211,LINUX
2025310211,LINALG
2025310211,MANAL1
2025310211,STAT
2025310211,ENG2
2025310211,HOA1
2025310211,CITZ
2025310212,FMAT
2025310212,DSA1
2025310212,DSYS
2025310212,ITE
2025310212,ENG1
2025310212,CTCS
2025310212,OOP
2025310212,LINUX
2025310212,LINALG
2025310212,MANAL1
2025310212,STAT
2025310212,ENG2
2025310212,HOA1
2025310212,CITZ
2025310213,FMAT
2025310213,DSA1
2025310213,DSYS
2025310213,ITE
2025310213,ENG1
2025310213,CTCS
2025310213,OOP
2025310213,LINUX
2025310213,LINALG
2025310213,MANAL1
2025310213,STAT
2025310213,ENG2
2025310213,HOA1
2025310213,CITZ
2025310214,FMAT
2025310214,DSA1
2025310214,DSYS
2025310214,ITE
2025310214,ENG1
2025310214,CTCS
2025310214,OOP
2025310214,LINUX
2025310214,LINALG
2025310214,MANAL1
2025310214,STAT
2025310214,ENG2
2025310214,HOA1
2025310214,CITZ
2025310215,FMAT
2025310215,DSA1
2025310215,DSYS
2025310215,ITE
2025310215,ENG1
2025310215,CTCS
2025310215,OOP
2025310215,LINUX
2025310215,LINALG
2025310215,MANAL1
2025310215,STAT
2025310215,ENG2
2025310215,HOA1
2025310215,CITZ
2025310216,FMAT
2025310216,DSA1
2025310216,DSYS
2025310216,ITE
2025310216,ENG1
2025310216,CTCS
2025310216,OOP
2025310216,LINUX
2025310216,LINALG
2025310216,MANAL1
2025310216,STAT
2025310216,ENG2
2025310216,HOA1
2025310216,CITZ
2025310217,FMAT
2025310217,DSA1
2025310217,DSYS
2025310217,ITE
2025310217,ENG1
2025310217,CTCS
2025310217,OOP
2025310217,LINUX
2025310217,LINALG
2025310217,MANAL1
2025310217,STAT
2025310217,ENG2
2025310217,HOA1
2025310217,CITZ
2025310218,FMAT
2025310218,DSA1
2025310218,DSYS
2025310218,ITE
2025310218,ENG1
2025310218,CTCS
2025310218,OOP
2025310218,LINUX
2025310218,LINALG
2025310218,MANAL1
2025310218,STAT
2025310218,ENG2
2025310218,HOA1
2025310218,CITZ
2025310219,FMAT
2025310219,DSA1
2025310219,DSYS
2025310219,ITE
2025310219,ENG1
2025310219,CTCS
2025310219,OOP
2025310219,LINUX
2025310219,LINALG
2025310219,MANAL1
2025310219,STAT
2025310219,ENG2
2025310219,HOA1
2025310219,CITZ
2025310220,FMAT
2025310220,DSA1
2025310220,DSYS
2025310220,ITE
2025310220,ENG1
2025310220,CTCS
2025310220,OOP
2025310220,LINUX
2025310220,LINALG
2025310220,MANAL1
2025310220,STAT
2025310220,ENG2
2025310220,HOA1
2025310220,CITZ
2025310221,FMAT
2025310221,DSA1
2025310221,DSYS
2025310221,ITE
2025310221,ENG1
2025310221,CTCS
2025310221,OOP
2025310221,LINUX
2025310221,LINALG
2025310221,MANAL1
2025310221,STAT
2025310221,ENG2
2025310221,HOA1
2025310221,CITZ
2025310222,FMAT
2025310222,DSA1
2025310222,DSYS
2025310222,ITE
2025310222,ENG1
2025310222,CTCS
2025310222,OOP
2025310222,LINUX
2025310222,LINALG
2025310222,MANAL1
2025310222,STAT
2025310222,ENG2
2025310222,HOA1
2025310222,CITZ
2025310223,FMAT
2025310223,DSA1
2025310223,DSYS
2025310223,ITE
2025310223,ENG1
2025310223,CTCS
2025310223,OOP
2025310223,LINUX
2025310223,LINALG
2025310223,MANAL1
2025310223,STAT
2025310223,ENG2
2025310223,HOA1
2025310223,CITZ
2025310224,FMAT
2025310224,DSA1
2025310224,DSYS
2025310224,ITE
2025310224,ENG1
2025310224,CTCS
2025310224,OOP
2025310224,LINUX
2025310224,LINALG
2025310224,MANAL1
2025310224,STAT
2025310224,ENG2
2025310224,HOA1
2025310224,CITZ
2025310225,FMAT
2025310225,DSA1
2025310225,DSYS
2025310225,ITE
2025310225,ENG1
2025310225,CTCS
2025310225,OOP
2025310225,LINUX
2025310225,LINALG
2025310225,MANAL1
2025310225,STAT
2025310225,ENG2
2025310225,HOA1
2025310225,CITZ
2025310226,FMAT
2025310226,DSA1
2025310226,DSYS
2025310226,ITE
2025310226,ENG1
2025310226,CTCS
2025310226,OOP
2025310226,LINUX
2025310226,LINALG
2025310226,MANAL1
2025310226,STAT
2025310226,ENG2
2025310226,HOA1
2025310226,CITZ
2025310227,FMAT
2025310227,DSA1
2025310227,DSYS
2025310227,ITE
2025310227,ENG1
2025310227,CTCS
2025310227,OOP
2025310227,LINUX
2025310227,LINALG
2025310227,MANAL1
2025310227,STAT
2025310227,ENG2
2025310227,HOA1
2025310227,CITZ
2025310228,FMAT
2025310228,DSA1
2025310228,DSYS
2025310228,ITE
2025310228,ENG1
2025310228,CTCS
2025310228,OOP
2025310228,LINUX
2025310228,LINALG
2025310228,MANAL1
2025310228,STAT
2025310228,ENG2
2025310228,HOA1
2025310228,CITZ
2025310229,FMAT
2025310229,DSA1
2025310229,DSYS
2025310229,ITE
2025310229,ENG1
2025310229,CTCS
2025310229,OOP
2025310229,LINUX
2025310229,LINALG
2025310229,MANAL1
2025310229,STAT
2025310229,ENG2
2025310229,HOA1
2025310229,CITZ
2025310230,FMAT
2025310230,DSA1
2025310230,DSYS
2025310230,ITE
2025310230,ENG1
2025310230,CTCS
2025310230,OOP
2025310230,LINUX
2025310230,LINALG
2025310230,MANAL1
2025310230,STAT
2025310230,ENG2
2025310230,HOA1
2025310230,CITZ
2025310231,FMAT
2025310231,DSA1
2025310231,DSYS
2025310231,ITE
2025310231,ENG1
2025310231,CTCS
2025310231,OOP
2025310231,LINUX
2025310231,LINALG
2025310231,MANAL1
2025310231,STAT
2025310231,ENG2
2025310231,HOA1
2025310231,CITZ
2025310232,FMAT
2025310232,DSA1
2025310232,DSYS
2025310232,ITE
2025310232,ENG1
2025310232,CTCS
2025310232,OOP
2025310232,LINUX
2025310232,LINALG
2025310232,MANAL1
2025310232,STAT
2025310232,ENG2
2025310232,HOA1
2025310232,CITZ
2025310233,FMAT
2025310233,DSA1
2025310233,DSYS
2025310233,ITE
2025310233,ENG1
2025310233,CTCS
2025310233,OOP
2025310233,LINUX
2025310233,LINALG
2025310233,MANAL1
2025310233,STAT
2025310233,ENG2
2025310233,HOA1
2025310233,CITZ
2025310234,FMAT
2025310234,DSA1
2025310234,DSYS
2025310234,ITE
2025310234,ENG1
2025310234,CTCS
2025310234,OOP
2025310234,LINUX
2025310234,LINALG
2025310234,MANAL1
2025310234,STAT
2025310234,ENG2
2025310234,HOA1
2025310234,CITZ
2025310235,FMAT
2025310235,DSA1
2025310235,DSYS
2025310235,ITE
2025310235,ENG1
2025310235,CTCS
2025310235,OOP
2025310235,LINUX
2025310235,LINALG
2025310235,MANAL1
2025310235,STAT
2025310235,ENG2
2025310235,HOA1
2025310235,CITZ
2025310236,FMAT
2025310236,DSA1
2025310236,DSYS
2025310236,ITE
2025310236,ENG1
2025310236,CTCS
2025310236,OOP
2025310236,LINUX
2025310236,LINALG
2025310236,MANAL1
2025310236,STAT
2025310236,ENG2
2025310236,HOA1
2025310236,CITZ
2025310237,FMAT
2025310237,DSA1
2025310237,DSYS
2025310237,ITE
2025310237,ENG1
2025310237,CTCS
2025310237,OOP
2025310237,LINUX
2025310237,LINALG
2025310237,MANAL1
2025310237,STAT
2025310237,ENG2
2025310237,HOA1
2025310237,CITZ
2025310238,FMAT
2025310238,DSA1
2025310238,DSYS
2025310238,ITE
2025310238,ENG1
2025310238,CTCS
2025310238,OOP
2025310238,LINUX
2025310238,LINALG
2025310238,MANAL1
2025310238,STAT
2025310238,ENG2
2025310238,HOA1
2025310238,CITZ
2025310239,FMAT
2025310239,DSA1
2025310239,DSYS
2025310239,ITE
2025310239,ENG1
2025310239,CTCS
2025310239,OOP
2025310239,LINUX
2025310239,LINALG
2025310239,MANAL1
2025310239,STAT
2025310239,ENG2
2025310239,HOA1
2025310239,CITZ
2025310240,FMAT
2025310240,DSA1
2025310240,DSYS
2025310240,ITE
2025310240,ENG1
2025310240,CTCS
2025310240,OOP
2025310240,LINUX
2025310240,LINALG
2025310240,MANAL1
2025310240,STAT
2025310240,ENG2
2025310240,HOA1
2025310240,CITZ
2025310241,FMAT
2025310241,DSA1
2025310241,DSYS
2025310241,ITE
2025310241,ENG1
2025310241,CTCS
2025310241,OOP
2025310241,LINUX
2025310241,LINALG
2025310241,MANAL1
2025310241,STAT
2025310241,ENG2
2025310241,HOA1
2025310241,CITZ
2025310242,FMAT
2025310242,DSA1
2025310242,DSYS
2025310242,ITE
2025310242,ENG1
2025310242,CTCS
2025310242,OOP
2025310242,LINUX
2025310242,LINALG
2025310242,MANAL1
2025310242,STAT
2025310242,ENG2
2025310242,HOA1
2025310242,CITZ
2025310243,FMAT
2025310243,DSA1
2025310243,DSYS
2025310243,ITE
2025310243,ENG1
2025310243,CTCS
2025310243,OOP
2025310243,LINUX
2025310243,LINALG
2025310243,MANAL1
2025310243,STAT
2025310243,ENG2
2025310243,HOA1
2025310243,CITZ
2025310244,FMAT
2025310244,DSA1
2025310244,DSYS
2025310244,ITE
2025310244,ENG1
2025310244,CTCS
2025310244,OOP
2025310244,LINUX
2025310244,LINALG
2025310244,MANAL1
2025310244,STAT
2025310244,ENG2
2025310244,HOA1
2025310244,CITZ
2025310245,FMAT
2025310245,DSA1
2025310245,DSYS
2025310245,ITE
2025310245,ENG1
2025310245,CTCS
2025310245,OOP
2025310245,LINUX
2025310245,LINALG
2025310245,MANAL1
2025310245,STAT
2025310245,ENG2
2025310245,HOA1
2025310245,CITZ
2025310246,FMAT
2025310246,DSA1
2025310246,DSYS
2025310246,ITE
2025310246,ENG1
2025310246,CTCS
2025310246,OOP
2025310246,LINUX
2025310246,LINALG
2025310246,MANAL1
2025310246,STAT
2025310246,ENG2
2025310246,HOA1
2025310246,CITZ
2025310247,FMAT
2025310247,DSA1
2025310247,DSYS
2025310247,ITE
2025310247,ENG1
2025310247,CTCS
2025310247,OOP
2025310247,LINUX
2025310247,LINALG
2025310247,MANAL1
2025310247,STAT
2025310247,ENG2
2025310247,HOA1
2025310247,CITZ
2025310248,FMAT
2025310248,DSA1
2025310248,DSYS
2025310248,ITE
2025310248,ENG1
2025310248,CTCS
2025310248,OOP
2025310248,LINUX
2025310248,LINALG
2025310248,MANAL1
2025310248,STAT
2025310248,ENG2
2025310248,HOA1
2025310248,CITZ
2025310249,FMAT
2025310249,DSA1
2025310249,DSYS
2025310249,ITE
2025310249,ENG1
2025310249,CTCS
2025310249,OOP
2025310249,LINUX
2025310249,LINALG
2025310249,MANAL1
2025310249,STAT
2025310249,ENG2
2025310249,HOA1
2025310249,CITZ
2025310250,FMAT
2025310250,DSA1
2025310250,DSYS
2025310250,ITE
2025310250,ENG1
2025310250,CTCS
2025310250,OOP
2025310250,LINUX
2025310250,LINALG
2025310250,MANAL1
2025310250,STAT
2025310250,ENG2
2025310250,HOA1
2025310250,CITZ
2024310001,DSA2
2024310001,MLOGIC
2024310001,MANAL2
2024310001,DB
2024310001,PROBA
2024310001,WEB
2024310001,BUS
2024310001,TOC
2024310001,OS
2024310001,ARCH
2024310001,SINF
2024310001,INTAI
2024310001,MANAL3
2024310001,CIRC
2024310002,DSA2
2024310002,MLOGIC
2024310002,MANAL2
2024310002,DB
2024310002,PROBA
2024310002,WEB
2024310002,BUS
2024310002,TOC
2024310002,OS
2024310002,ARCH
2024310002,SINF
2024310002,INTAI
2024310002,MANAL3
2024310002,CIRC
2024310003,DSA2
2024310003,MLOGIC
2024310003,MANAL2
2024310003,DB
2024310003,PROBA
2024310003,WEB
2024310003,BUS
2024310003,TOC
2024310003,OS
2024310003,ARCH
2024310003,SINF
2024310003,INTAI
2024310003,MANAL3
2024310003,CIRC
2024310004,DSA2
2024310004,MLOGIC
2024310004,MANAL2
2024310004,DB
2024310004,PROBA
2024310004,WEB
2024310004,BUS
2024310004,TOC
2024310004,OS
2024310004,ARCH
2024310004,SINF
2024310004,INTAI
2024310004,MANAL3
2024310004,CIRC
2024310005,DSA2
2024310005,MLOGIC
2024310005,MANAL2
2024310005,DB
2024310005,PROBA
2024310005,WEB
2024310005,BUS
2024310005,TOC
2024310005,OS
2024310005,ARCH
2024310005,SINF
2024310005,INTAI
2024310005,MANAL3
2024310005,CIRC
2024310006,DSA2
2024310006,MLOGIC
2024310006,MANAL2
2024310006,DB
2024310006,PROBA
2024310006,WEB
2024310006,BUS
2024310006,TOC
2024310006,OS
2024310006,ARCH
2024310006,SINF
2024310006,INTAI
2024310006,MANAL3
2024310006,CIRC
2024310007,DSA2
2024310007,MLOGIC
2024310007,MANAL2
2024310007,DB
2024310007,PROBA
2024310007,WEB
2024310007,BUS
2024310007,TOC
2024310007,OS
2024310007,ARCH
2024310007,SINF
2024310007,INTAI
2024310007,MANAL3
2024310007,CIRC
2024310008,DSA2
2024310008,MLOGIC
2024310008,MANAL2
2024310008,DB
2024310008,PROBA
2024310008,WEB
2024310008,BUS
2024310008,TOC
2024310008,OS
2024310008,ARCH
2024310008,SINF
2024310008,INTAI
2024310008,MANAL3
2024310008,CIRC
2024310009,DSA2
2024310009,MLOGIC
2024310009,MANAL2
2024310009,DB
2024310009,PROBA
2024310009,WEB
2024310009,BUS
2024310009,TOC
2024310009,OS
2024310009,ARCH
2024310009,SINF
2024310009,INTAI
2024310009,MANAL3
2024310009,CIRC
2024310010,DSA2
2024310010,MLOGIC
2024310010,MANAL2
2024310010,DB
2024310010,PROBA
2024310010,WEB
2024310010,BUS
2024310010,TOC
2024310010,OS
2024310010,ARCH
2024310010,SINF
2024310010,INTAI
2024310010,MANAL3
2024310010,CIRC
2024310011,DSA2
2024310011,MLOGIC
2024310011,MANAL2
2024310011,DB
2024310011,PROBA
2024310011,WEB
2024310011,BUS
2024310011,TOC
2024310011,OS
2024310011,ARCH
2024310011,SINF
2024310011,INTAI
2024310011,MANAL3
2024310011,CIRC
2024310012,DSA2
2024310012,MLOGIC
2024310012,MANAL2
2024310012,DB
2024310012,PROBA
2024310012,WEB
2024310012,BUS
2024310012,TOC
2024310012,OS
2024310012,ARCH
2024310012,SINF
2024310012,INTAI
2024310012,MANAL3
2024310012,CIRC
2024310013,DSA2
2024310013,MLOGIC
2024310013,MANAL2
2024310013,DB
2024310013,PROBA
2024310013,WEB
2024310013,BUS
2024310013,TOC
2024310013,OS
2024310013,ARCH
2024310013,SINF
2024310013,INTAI
2024310013,MANAL3
2024310013,CIRC
2024310014,DSA2
2024310014,MLOGIC
2024310014,MANAL2
2024310014,DB
2024310014,PROBA
2024310014,WEB
2024310014,BUS
2024310014,TOC
2024310014,OS
2024310014,ARCH
2024310014,SINF
2024310014,INTAI
2024310014,MANAL3
2024310014,CIRC
2024310015,DSA2
2024310015,MLOGIC
2024310015,MANAL2
2024310015,DB
2024310015,PROBA
2024310015,WEB
2024310015,BUS
2024310015,TOC
2024310015,OS
2024310015,ARCH
2024310015,SINF
2024310015,INTAI
2024310015,MANAL3
2024310015,CIRC
2024310016,DSA2
2024310016,MLOGIC
2024310016,MANAL2
2024310016,DB
2024310016,PROBA
2024310016,WEB
2024310016,BUS
2024310016,TOC
2024310016,OS
2024310016,ARCH
2024310016,SINF
2024310016,INTAI
2024310016,MANAL3
2024310016,CIRC
2024310017,DSA2
2024310017,MLOGIC
2024310017,MANAL2
2024310017,DB
2024310017,PROBA
2024310017,WEB
2024310017,BUS
2024310017,TOC
2024310017,OS
2024310017,ARCH
2024310017,SINF
2024310017,INTAI
2024310017,MANAL3
2024310017,CIRC
2024310018,DSA2
2024310018,MLOGIC
2024310018,MANAL2
2024310018,DB
2024310018,PROBA
2024310018,WEB
2024310018,BUS
2024310018,TOC
2024310018,OS
2024310018,ARCH
2024310018,SINF
2024310018,INTAI
2024310018,MANAL3
2024310018,CIRC
2024310019,DSA2
2024310019,MLOGIC
2024310019,MANAL2
2024310019,DB
2024310019,PROBA
2024310019,WEB
2024310019,BUS
2024310019,TOC
2024310019,OS
2024310019,ARCH
2024310019,SINF
2024310019,INTAI
2024310019,MANAL3
2024310019,CIRC
2024310020,DSA2
2024310020,MLOGIC
2024310020,MANAL2
2024310020,DB
2024310020,PROBA
2024310020,WEB
2024310020,BUS
2024310020,TOC
2024310020,OS
2024310020,ARCH
2024310020,SINF
2024310020,INTAI
2024310020,MANAL3
2024310020,CIRC
2024310021,DSA2
2024310021,MLOGIC
2024310021,MANAL2
2024310021,DB
2024310021,PROBA
2024310021,WEB
2024310021,BUS
2024310021,TOC
2024310021,OS
2024310021,ARCH
2024310021,SINF
2024310021,INTAI
2024310021,MANAL3
2024310021,CIRC
2024310022,DSA2
2024310022,MLOGIC
2024310022,MANAL2
2024310022,DB
2024310022,PROBA
2024310022,WEB
2024310022,BUS
2024310022,TOC
2024310022,OS
2024310022,ARCH
2024310022,SINF
2024310022,INTAI
2024310022,MANAL3
2024310022,CIRC
2024310023,DSA2
2024310023,MLOGIC
2024310023,MANAL2
2024310023,DB
2024310023,PROBA
2024310023,WEB
2024310023,BUS
2024310023,TOC
2024310023,OS
2024310023,ARCH
2024310023,SINF
2024310023,INTAI
2024310023,MANAL3
2024310023,CIRC
2024310024,DSA2
2024310024,MLOGIC
2024310024,MANAL2
2024310024,DB
2024310024,PROBA
2024310024,WEB
2024310024,BUS
2024310024,TOC
2024310024,OS
2024310024,ARCH
2024310024,SINF
2024310024,INTAI
2024310024,MANAL3
2024310024,CIRC
2024310025,DSA2
2024310025,MLOGIC
2024310025,MANAL2
2024310025,DB
2024310025,PROBA
2024310025,WEB
2024310025,BUS
2024310025,TOC
2024310025,OS
2024310025,ARCH
2024310025,SINF
2024310025,INTAI
2024310025,MANAL3
2024310025,CIRC
2024310026,DSA2
2024310026,MLOGIC
2024310026,MANAL2
2024310026,DB
2024310026,PROBA
2024310026,WEB
2024310026,BUS
2024310026,TOC
2024310026,OS
2024310026,ARCH
2024310026,SINF
2024310026,INTAI
2024310026,MANAL3
2024310026,CIRC
2024310027,DSA2
2024310027,MLOGIC
2024310027,MANAL2
2024310027,DB
2024310027,PROBA
2024310027,WEB
2024310027,BUS
2024310027,TOC
2024310027,OS
2024310027,ARCH
2024310027,SINF
2024310027,INTAI
2024310027,MANAL3
2024310027,CIRC
2024310028,DSA2
2024310028,MLOGIC
2024310028,MANAL2
2024310028,DB
2024310028,PROBA
2024310028,WEB
2024310028,BUS
2024310028,TOC
2024310028,OS
2024310028,ARCH
2024310028,SINF
2024310028,INTAI
2024310028,MANAL3
2024310028,CIRC
2024310029,DSA2
2024310029,MLOGIC
2024310029,MANAL2
2024310029,DB
2024310029,PROBA
2024310029,WEB
2024310029,BUS
2024310029,TOC
2024310029,OS
2024310029,ARCH
2024310029,SINF
2024310029,INTAI
2024310029,MANAL3
2024310029,CIRC
2024310030,DSA2
2024310030,MLOGIC
2024310030,MANAL2
2024310030,DB
2024310030,PROBA
2024310030,WEB
2024310030,BUS
2024310030,TOC
2024310030,OS
2024310030,ARCH
2024310030,SINF
2024310030,INTAI
2024310030,MANAL3
2024310030,CIRC
2024310031,DSA2
2024310031,MLOGIC
2024310031,MANAL2
2024310031,DB
2024310031,PROBA
2024310031,WEB
2024310031,BUS
2024310031,TOC
2024310031,OS
2024310031,ARCH
2024310031,SINF
2024310031,INTAI
2024310031,MANAL3
2024310031,CIRC
2024310032,DSA2
2024310032,MLOGIC
2024310032,MANAL2
2024310032,DB
2024310032,PROBA
2024310032,WEB
2024310032,BUS
2024310032,TOC
2024310032,OS
2024310032,ARCH
2024310032,SINF
2024310032,INTAI
2024310032,MANAL3
2024310032,CIRC
2024310033,DSA2
2024310033,MLOGIC
2024310033,MANAL2
2024310033,DB
2024310033,PROBA
2024310033,WEB
2024310033,BUS
2024310033,TOC
2024310033,OS
2024310033,ARCH
2024310033,SINF
2024310033,INTAI
2024310033,MANAL3
2024310033,CIRC
2024310034,DSA2
2024310034,MLOGIC
2024310034,MANAL2
2024310034,DB
2024310034,PROBA
2024310034,WEB
2024310034,BUS
2024310034,TOC
2024310034,OS
2024310034,ARCH
2024310034,SINF
2024310034,INTAI
2024310034,MANAL3
2024310034,CIRC
2024310035,DSA2
2024310035,MLOGIC
2024310035,MANAL2
2024310035,DB
2024310035,PROBA
2024310035,WEB
2024310035,BUS
2024310035,TOC
2024310035,OS
2024310035,ARCH
2024310035,SINF
2024310035,INTAI
2024310035,MANAL3
2024310035,CIRC
2024310036,DSA2
2024310036,MLOGIC
2024310036,MANAL2
2024310036,DB
2024310036,PROBA
2024310036,WEB
2024310036,BUS
2024310036,TOC
2024310036,OS
2024310036,ARCH
2024310036,SINF
2024310036,INTAI
2024310036,MANAL3
2024310036,CIRC
2024310037,DSA2
2024310037,MLOGIC
2024310037,MANAL2
2024310037,DB
2024310037,PROBA
2024310037,WEB
2024310037,BUS
2024310037,TOC
2024310037,OS
2024310037,ARCH
2024310037,SINF
2024310037,INTAI
2024310037,MANAL3
2024310037,CIRC
2024310038,DSA2
2024310038,MLOGIC
2024310038,MANAL2
2024310038,DB
2024310038,PROBA
2024310038,WEB
2024310038,BUS
2024310038,TOC
2024310038,OS
2024310038,ARCH
2024310038,SINF
2024310038,INTAI
2024310038,MANAL3
2024310038,CIRC
2024310039,DSA2
2024310039,MLOGIC
2024310039,MANAL2
2024310039,DB
2024310039,PROBA
2024310039,WEB
2024310039,BUS
2024310039,TOC
2024310039,OS
2024310039,ARCH
2024310039,SINF
2024310039,INTAI
2024310039,MANAL3
2024310039,CIRC
2024310040,DSA2
2024310040,MLOGIC
2024310040,MANAL2
2024310040,DB
2024310040,PROBA
2024310040,WEB
2024310040,BUS
2024310040,TOC
2024310040,OS
2024310040,ARCH
2024310040,SINF
2024310040,INTAI
2024310040,MANAL3
2024310040,CIRC
2024310041,DSA2
2024310041,MLOGIC
2024310041,MANAL2
2024310041,DB
2024310041,PROBA
2024310041,WEB
2024310041,BUS
2024310041,TOC
2024310041,OS
2024310041,ARCH
2024310041,SINF
2024310041,INTAI
2024310041,MANAL3
2024310041,CIRC
2024310042,DSA2
2024310042,MLOGIC
2024310042,MANAL2
2024310042,DB
2024310042,PROBA
2024310042,WEB
2024310042,BUS
2024310042,TOC
2024310042,OS
2024310042,ARCH
2024310042,SINF
2024310042,INTAI
2024310042,MANAL3
2024310042,CIRC
2024310043,DSA2
2024310043,MLOGIC
2024310043,MANAL2
2024310043,DB
2024310043,PROBA
2024310043,WEB
2024310043,BUS
2024310043,TOC
2024310043,OS
2024310043,ARCH
2024310043,SINF
2024310043,INTAI
2024310043,MANAL3
2024310043,CIRC
2024310044,DSA2
2024310044,MLOGIC
2024310044,MANAL2
2024310044,DB
2024310044,PROBA
2024310044,WEB
2024310044,BUS
2024310044,TOC
2024310044,OS
2024310044,ARCH
2024310044,SINF
2024310044,INTAI
2024310044,MANAL3
2024310044,CIRC
2024310045,DSA2
2024310045,MLOGIC
2024310045,MANAL2
2024310045,DB
2024310045,PROBA
2024310045,WEB
2024310045,BUS
2024310045,TOC
2024310045,OS
2024310045,ARCH
2024310045,SINF
2024310045,INTAI
2024310045,MANAL3
2024310045,CIRC
2024310046,DSA2
2024310046,MLOGIC
2024310046,MANAL2
2024310046,DB
2024310046,PROBA
2024310046,WEB
2024310046,BUS
2024310046,TOC
2024310046,OS
2024310046,ARCH
2024310046,SINF
2024310046,INTAI
2024310046,MANAL3
2024310046,CIRC
2024310047,DSA2
2024310047,MLOGIC
2024310047,MANAL2
2024310047,DB
2024310047,PROBA
2024310047,WEB
2024310047,BUS
2024310047,TOC
2024310047,OS
2024310047,ARCH
2024310047,SINF
2024310047,INTAI
2024310047,MANAL3
2024310047,CIRC
2024310048,DSA2
2024310048,MLOGIC
2024310048,MANAL2
2024310048,DB
2024310048,PROBA
2024310048,WEB
2024310048,BUS
2024310048,TOC
2024310048,OS
2024310048,ARCH
2024310048,SINF
2024310048,INTAI
2024310048,MANAL3
2024310048,CIRC
2024310049,DSA2
2024310049,MLOGIC
2024310049,MANAL2
2024310049,DB
2024310049,PROBA
2024310049,WEB
2024310049,BUS
2024310049,TOC
2024310049,OS
2024310049,ARCH
2024310049,SINF
2024310049,INTAI
2024310049,MANAL3
2024310049,CIRC
2024310050,DSA2
2024310050,MLOGIC
2024310050,MANAL2
2024310050,DB
2024310050,PROBA
2024310050,WEB
2024310050,BUS
2024310050,TOC
2024310050,OS
2024310050,ARCH
2024310050,SINF
2024310050,INTAI
2024310050,MANAL3
2024310050,CIRC
2024310051,DSA2
2024310051,MLOGIC
2024310051,MANAL2
2024310051,DB
2024310051,PROBA
2024310051,WEB
2024310051,BUS
2024310051,TOC
2024310051,OS
2024310051,ARCH
2024310051,SINF
2024310051,INTAI
2024310051,MANAL3
2024310051,CIRC
2024310052,DSA2
2024310052,MLOGIC
2024310052,MANAL2
2024310052,DB
2024310052,PROBA
2024310052,WEB
2024310052,BUS
2024310052,TOC
2024310052,OS
2024310052,ARCH
2024310052,SINF
2024310052,INTAI
2024310052,MANAL3
2024310052,CIRC
2024310053,DSA2
2024310053,MLOGIC
2024310053,MANAL2
2024310053,DB
2024310053,PROBA
2024310053,WEB
2024310053,BUS
2024310053,TOC
2024310053,OS
2024310053,ARCH
2024310053,SINF
2024310053,INTAI
2024310053,MANAL3
2024310053,CIRC
2024310054,DSA2
2024310054,MLOGIC
2024310054,MANAL2
2024310054,DB
2024310054,PROBA
2024310054,WEB
2024310054,BUS
2024310054,TOC
2024310054,OS
2024310054,ARCH
2024310054,SINF
2024310054,INTAI
2024310054,MANAL3
2024310054,CIRC
2024310055,DSA2
2024310055,MLOGIC
2024310055,MANAL2
2024310055,DB
2024310055,PROBA
2024310055,WEB
2024310055,BUS
2024310055,TOC
2024310055,OS
2024310055,ARCH
2024310055,SINF
2024310055,INTAI
2024310055,MANAL3
2024310055,CIRC
2024310056,DSA2
2024310056,MLOGIC
2024310056,MANAL2
2024310056,DB
2024310056,PROBA
2024310056,WEB
2024310056,BUS
2024310056,TOC
2024310056,OS
2024310056,ARCH
2024310056,SINF
2024310056,INTAI
2024310056,MANAL3
2024310056,CIRC
2024310057,DSA2
2024310057,MLOGIC
2024310057,MANAL2
2024310057,DB
2024310057,PROBA
2024310057,WEB
2024310057,BUS
2024310057,TOC
2024310057,OS
2024310057,ARCH
2024310057,SINF
2024310057,INTAI
2024310057,MANAL3
2024310057,CIRC
2024310058,DSA2
2024310058,MLOGIC
2024310058,MANAL2
2024310058,DB
2024310058,PROBA
2024310058,WEB
2024310058,BUS
2024310058,TOC
2024310058,OS
2024310058,ARCH
2024310058,SINF
2024310058,INTAI
2024310058,MANAL3
2024310058,CIRC
2024310059,DSA2
2024310059,MLOGIC
2024310059,MANAL2
2024310059,DB
2024310059,PROBA
2024310059,WEB
2024310059,BUS
2024310059,TOC
2024310059,OS
2024310059,ARCH
2024310059,SINF
2024310059,INTAI
2024310059,MANAL3
2024310059,CIRC
2024310060,DSA2
2024310060,MLOGIC
2024310060,MANAL2
2024310060,DB
2024310060,PROBA
2024310060,WEB
2024310060,BUS
2024310060,TOC
2024310060,OS
2024310060,ARCH
2024310060,SINF
2024310060,INTAI
2024310060,MANAL3
2024310060,CIRC
2024310061,DSA2
2024310061,MLOGIC
2024310061,MANAL2
2024310061,DB
2024310061,PROBA
2024310061,WEB
2024310061,BUS
2024310061,TOC
2024310061,OS
2024310061,ARCH
2024310061,SINF
2024310061,INTAI
2024310061,MANAL3
2024310061,CIRC
2024310062,DSA2
2024310062,MLOGIC
2024310062,MANAL2
2024310062,DB
2024310062,PROBA
2024310062,WEB
2024310062,BUS
2024310062,TOC
2024310062,OS
2024310062,ARCH
2024310062,SINF
2024310062,INTAI
2024310062,MANAL3
2024310062,CIRC
2024310063,DSA2
2024310063,MLOGIC
2024310063,MANAL2
2024310063,DB
2024310063,PROBA
2024310063,WEB
2024310063,BUS
2024310063,TOC
2024310063,OS
2024310063,ARCH
2024310063,SINF
2024310063,INTAI
2024310063,MANAL3
2024310063,CIRC
2024310064,DSA2
2024310064,MLOGIC
2024310064,MANAL2
2024310064,DB
2024310064,PROBA
2024310064,WEB
2024310064,BUS
2024310064,TOC
2024310064,OS
2024310064,ARCH
2024310064,SINF
2024310064,INTAI
2024310064,MANAL3
2024310064,CIRC
2024310065,DSA2
2024310065,MLOGIC
2024310065,MANAL2
2024310065,DB
2024310065,PROBA
2024310065,WEB
2024310065,BUS
2024310065,TOC
2024310065,OS
2024310065,ARCH
2024310065,SINF
2024310065,INTAI
2024310065,MANAL3
2024310065,CIRC
2024310066,DSA2
2024310066,MLOGIC
2024310066,MANAL2
2024310066,DB
2024310066,PROBA
2024310066,WEB
2024310066,BUS
2024310066,TOC
2024310066,OS
2024310066,ARCH
2024310066,SINF
2024310066,INTAI
2024310066,MANAL3
2024310066,CIRC
2024310067,DSA2
2024310067,MLOGIC
2024310067,MANAL2
2024310067,DB
2024310067,PROBA
2024310067,WEB
2024310067,BUS
2024310067,TOC
2024310067,OS
2024310067,ARCH
2024310067,SINF
2024310067,INTAI
2024310067,MANAL3
2024310067,CIRC
2024310068,DSA2
2024310068,MLOGIC
2024310068,MANAL2
2024310068,DB
2024310068,PROBA
2024310068,WEB
2024310068,BUS
2024310068,TOC
2024310068,OS
2024310068,ARCH
2024310068,SINF
2024310068,INTAI
2024310068,MANAL3
2024310068,CIRC
2024310069,DSA2
2024310069,MLOGIC
2024310069,MANAL2
2024310069,DB
2024310069,PROBA
2024310069,WEB
2024310069,BUS
2024310069,TOC
2024310069,OS
2024310069,ARCH
2024310069,SINF
2024310069,INTAI
2024310069,MANAL3
2024310069,CIRC
2024310070,DSA2
2024310070,MLOGIC
2024310070,MANAL2
2024310070,DB
2024310070,PROBA
2024310070,WEB
2024310070,BUS
2024310070,TOC
2024310070,OS
2024310070,ARCH
2024310070,SINF
2024310070,INTAI
2024310070,MANAL3
2024310070,CIRC
2024310071,DSA2
2024310071,MLOGIC
2024310071,MANAL2
2024310071,DB
2024310071,PROBA
2024310071,WEB
2024310071,BUS
2024310071,TOC
2024310071,OS
2024310071,ARCH
2024310071,SINF
2024310071,INTAI
2024310071,MANAL3
2024310071,CIRC
2024310072,DSA2
2024310072,MLOGIC
2024310072,MANAL2
2024310072,DB
2024310072,PROBA
2024310072,WEB
2024310072,BUS
2024310072,TOC
2024310072,OS
2024310072,ARCH
2024310072,SINF
2024310072,INTAI
2024310072,MANAL3
2024310072,CIRC
2024310073,DSA2
2024310073,MLOGIC
2024310073,MANAL2
2024310073,DB
2024310073,PROBA
2024310073,WEB
2024310073,BUS
2024310073,TOC
2024310073,OS
2024310073,ARCH
2024310073,SINF
2024310073,INTAI
2024310073,MANAL3
2024310073,CIRC
2024310074,DSA2
2024310074,MLOGIC
2024310074,MANAL2
2024310074,DB
2024310074,PROBA
2024310074,WEB
2024310074,BUS
2024310074,TOC
2024310074,OS
2024310074,ARCH
2024310074,SINF
2024310074,INTAI
2024310074,MANAL3
2024310074,CIRC
2024310075,DSA2
2024310075,MLOGIC
2024310075,MANAL2
2024310075,DB
2024310075,PROBA
2024310075,WEB
2024310075,BUS
2024310075,TOC
2024310075,OS
2024310075,ARCH
2024310075,SINF
2024310075,INTAI
2024310075,MANAL3
2024310075,CIRC
2024310076,DSA2
2024310076,MLOGIC
2024310076,MANAL2
2024310076,DB
2024310076,PROBA
2024310076,WEB
2024310076,BUS
2024310076,TOC
2024310076,OS
2024310076,ARCH
2024310076,SINF
2024310076,INTAI
2024310076,MANAL3
2024310076,CIRC
2024310077,DSA2
2024310077,MLOGIC
2024310077,MANAL2
2024310077,DB
2024310077,PROBA
2024310077,WEB
2024310077,BUS
2024310077,TOC
2024310077,OS
2024310077,ARCH
2024310077,SINF
2024310077,INTAI
2024310077,MANAL3
2024310077,CIRC
2024310078,DSA2
2024310078,MLOGIC
2024310078,MANAL2
2024310078,DB
2024310078,PROBA
2024310078,WEB
2024310078,BUS
2024310078,TOC
2024310078,OS
2024310078,ARCH
2024310078,SINF
2024310078,INTAI
2024310078,MANAL3
2024310078,CIRC
2024310079,DSA2
2024310079,MLOGIC
2024310079,MANAL2
2024310079,DB
2024310079,PROBA
2024310079,WEB
2024310079,BUS
2024310079,TOC
2024310079,OS
2024310079,ARCH
2024310079,SINF
2024310079,INTAI
2024310079,MANAL3
2024310079,CIRC
2024310080,DSA2
2024310080,MLOGIC
2024310080,MANAL2
2024310080,DB
2024310080,PROBA
2024310080,WEB
2024310080,BUS
2024310080,TOC
2024310080,OS
2024310080,ARCH
2024310080,SINF
2024310080,INTAI
2024310080,MANAL3
2024310080,CIRC
2024310081,DSA2
2024310081,MLOGIC
2024310081,MANAL2
2024310081,DB
2024310081,PROBA
2024310081,WEB
2024310081,BUS
2024310081,TOC
2024310081,OS
2024310081,ARCH
2024310081,SINF
2024310081,INTAI
2024310081,MANAL3
2024310081,CIRC
2024310082,DSA2
2024310082,MLOGIC
2024310082,MANAL2
2024310082,DB
2024310082,PROBA
2024310082,WEB
2024310082,BUS
2024310082,TOC
2024310082,OS
2024310082,ARCH
2024310082,SINF
2024310082,INTAI
2024310082,MANAL3
2024310082,CIRC
2024310083,DSA2
2024310083,MLOGIC
2024310083,MANAL2
2024310083,DB
2024310083,PROBA
2024310083,WEB
2024310083,BUS
2024310083,TOC
2024310083,OS
2024310083,ARCH
2024310083,SINF
2024310083,INTAI
2024310083,MANAL3
2024310083,CIRC
2024310084,DSA2
2024310084,MLOGIC
2024310084,MANAL2
2024310084,DB
2024310084,PROBA
2024310084,WEB
2024310084,BUS
2024310084,TOC
2024310084,OS
2024310084,ARCH
2024310084,SINF
2024310084,INTAI
2024310084,MANAL3
2024310084,CIRC
2024310085,DSA2
2024310085,MLOGIC
2024310085,MANAL2
2024310085,DB
2024310085,PROBA
2024310085,WEB
2024310085,BUS
2024310085,TOC
2024310085,OS
2024310085,ARCH
2024310085,SINF
2024310085,INTAI
2024310085,MANAL3
2024310085,CIRC
2024310086,DSA2
2024310086,MLOGIC
2024310086,MANAL2
2024310086,DB
2024310086,PROBA
2024310086,WEB
2024310086,BUS
2024310086,TOC
2024310086,OS
2024310086,ARCH
2024310086,SINF
2024310086,INTAI
2024310086,MANAL3
2024310086,CIRC
2024310087,DSA2
2024310087,MLOGIC
2024310087,MANAL2
2024310087,DB
2024310087,PROBA
2024310087,WEB
2024310087,BUS
2024310087,TOC
2024310087,OS
2024310087,ARCH
2024310087,SINF
2024310087,INTAI
2024310087,MANAL3
2024310087,CIRC
2024310088,DSA2
2024310088,MLOGIC
2024310088,MANAL2
2024310088,DB
2024310088,PROBA
2024310088,WEB
2024310088,BUS
2024310088,TOC
2024310088,OS
2024310088,ARCH
2024310088,SINF
2024310088,INTAI
2024310088,MANAL3
2024310088,CIRC
2024310089,DSA2
2024310089,MLOGIC
2024310089,MANAL2
2024310089,DB
2024310089,PROBA
2024310089,WEB
2024310089,BUS
2024310089,TOC
2024310089,OS
2024310089,ARCH
2024310089,SINF
2024310089,INTAI
2024310089,MANAL3
2024310089,CIRC
2024310090,DSA2
2024310090,MLOGIC
2024310090,MANAL2
2024310090,DB
2024310090,PROBA
2024310090,WEB
2024310090,BUS
2024310090,TOC
2024310090,OS
2024310090,ARCH
2024310090,SINF
2024310090,INTAI
2024310090,MANAL3
2024310090,CIRC
2024310091,DSA2
2024310091,MLOGIC
2024310091,MANAL2
2024310091,DB
2024310091,PROBA
2024310091,WEB
2024310091,BUS
2024310091,TOC
2024310091,OS
2024310091,ARCH
2024310091,SINF
2024310091,INTAI
2024310091,MANAL3
2024310091,CIRC
2024310092,DSA2
2024310092,MLOGIC
2024310092,MANAL2
2024310092,DB
2024310092,PROBA
2024310092,WEB
2024310092,BUS
2024310092,TOC
2024310092,OS
2024310092,ARCH
2024310092,SINF
2024310092,INTAI
2024310092,MANAL3
2024310092,CIRC
2024310093,DSA2
2024310093,MLOGIC
2024310093,MANAL2
2024310093,DB
2024310093,PROBA
2024310093,WEB
2024310093,BUS
2024310093,TOC
2024310093,OS
2024310093,ARCH
2024310093,SINF
2024310093,INTAI
2024310093,MANAL3
2024310093,CIRC
2024310094,DSA2
2024310094,MLOGIC
2024310094,MANAL2
2024310094,DB
2024310094,PROBA
2024310094,WEB
2024310094,BUS
2024310094,TOC
2024310094,OS
2024310094,ARCH
2024310094,SINF
2024310094,INTAI
2024310094,MANAL3
2024310094,CIRC
2024310095,DSA2
2024310095,MLOGIC
2024310095,MANAL2
2024310095,DB
2024310095,PROBA
2024310095,WEB
2024310095,BUS
2024310095,TOC
2024310095,OS
2024310095,ARCH
2024310095,SINF
2024310095,INTAI
2024310095,MANAL3
2024310095,CIRC
2024310096,DSA2
2024310096,MLOGIC
2024310096,MANAL2
2024310096,DB
2024310096,PROBA
2024310096,WEB
2024310096,BUS
2024310096,TOC
2024310096,OS
2024310096,ARCH
2024310096,SINF
2024310096,INTAI
2024310096,MANAL3
2024310096,CIRC
2024310097,DSA2
2024310097,MLOGIC
2024310097,MANAL2
2024310097,DB
2024310097,PROBA
2024310097,WEB
2024310097,BUS
2024310097,TOC
2024310097,OS
2024310097,ARCH
2024310097,SINF
2024310097,INTAI
2024310097,MANAL3
2024310097,CIRC
2024310098,DSA2
2024310098,MLOGIC
2024310098,MANAL2
2024310098,DB
2024310098,PROBA
2024310098,WEB
2024310098,BUS
2024310098,TOC
2024310098,OS
2024310098,ARCH
2024310098,SINF
2024310098,INTAI
2024310098,MANAL3
2024310098,CIRC
2024310099,DSA2
2024310099,MLOGIC
2024310099,MANAL2
2024310099,DB
2024310099,PROBA
2024310099,WEB
2024310099,BUS
2024310099,TOC
2024310099,OS
2024310099,ARCH
2024310099,SINF
2024310099,INTAI
2024310099,MANAL3
2024310099,CIRC
2024310100,DSA2
2024310100,MLOGIC
2024310100,MANAL2
2024310100,DB
2024310100,PROBA
2024310100,WEB
2024310100,BUS
2024310100,TOC
2024310100,OS
2024310100,ARCH
2024310100,SINF
2024310100,INTAI
2024310100,MANAL3
2024310100,CIRC
2024310101,DSA2
2024310101,MLOGIC
2024310101,MANAL2
2024310101,DB
2024310101,PROBA
2024310101,WEB
2024310101,BUS
2024310101,TOC
2024310101,OS
2024310101,ARCH
2024310101,SINF
2024310101,INTAI
2024310101,MANAL3
2024310101,CIRC
2024310102,DSA2
2024310102,MLOGIC
2024310102,MANAL2
2024310102,DB
2024310102,PROBA
2024310102,WEB
2024310102,BUS
2024310102,TOC
2024310102,OS
2024310102,ARCH
2024310102,SINF
2024310102,INTAI
2024310102,MANAL3
2024310102,CIRC
2024310103,DSA2
2024310103,MLOGIC
2024310103,MANAL2
2024310103,DB
2024310103,PROBA
2024310103,WEB
2024310103,BUS
2024310103,TOC
2024310103,OS
2024310103,ARCH
2024310103,SINF
2024310103,INTAI
2024310103,MANAL3
2024310103,CIRC
2024310104,DSA2
2024310104,MLOGIC
2024310104,MANAL2
2024310104,DB
2024310104,PROBA
2024310104,WEB
2024310104,BUS
2024310104,TOC
2024310104,OS
2024310104,ARCH
2024310104,SINF
2024310104,INTAI
2024310104,MANAL3
2024310104,CIRC
2024310105,DSA2
2024310105,MLOGIC
2024310105,MANAL2
2024310105,DB
2024310105,PROBA
2024310105,WEB
2024310105,BUS
2024310105,TOC
2024310105,OS
2024310105,ARCH
2024310105,SINF
2024310105,INTAI
2024310105,MANAL3
2024310105,CIRC
2024310106,DSA2
2024310106,MLOGIC
2024310106,MANAL2
2024310106,DB
2024310106,PROBA
2024310106,WEB
2024310106,BUS
2024310106,TOC
2024310106,OS
2024310106,ARCH
2024310106,SINF
2024310106,INTAI
2024310106,MANAL3
2024310106,CIRC
2024310107,DSA2
2024310107,MLOGIC
2024310107,MANAL2
2024310107,DB
2024310107,PROBA
2024310107,WEB
2024310107,BUS
2024310107,TOC
2024310107,OS
2024310107,ARCH
2024310107,SINF
2024310107,INTAI
2024310107,MANAL3
2024310107,CIRC
2024310108,DSA2
2024310108,MLOGIC
2024310108,MANAL2
2024310108,DB
2024310108,PROBA
2024310108,WEB
2024310108,BUS
2024310108,TOC
2024310108,OS
2024310108,ARCH
2024310108,SINF
2024310108,INTAI
2024310108,MANAL3
2024310108,CIRC
2024310109,DSA2
2024310109,MLOGIC
2024310109,MANAL2
2024310109,DB
2024310109,PROBA
2024310109,WEB
2024310109,BUS
2024310109,TOC
2024310109,OS
2024310109,ARCH
2024310109,SINF
2024310109,INTAI
2024310109,MANAL3
2024310109,CIRC
2024310110,DSA2
2024310110,MLOGIC
2024310110,MANAL2
2024310110,DB
2024310110,PROBA
2024310110,WEB
2024310110,BUS
2024310110,TOC
2024310110,OS
2024310110,ARCH
2024310110,SINF
2024310110,INTAI
2024310110,MANAL3
2024310110,CIRC
2024310111,DSA2
2024310111,MLOGIC
2024310111,MANAL2
2024310111,DB
2024310111,PROBA
2024310111,WEB
2024310111,BUS
2024310111,TOC
2024310111,OS
2024310111,ARCH
2024310111,SINF
2024310111,INTAI
2024310111,MANAL3
2024310111,CIRC
2024310112,DSA2
2024310112,MLOGIC
2024310112,MANAL2
2024310112,DB
2024310112,PROBA
2024310112,WEB
2024310112,BUS
2024310112,TOC
2024310112,OS
2024310112,ARCH
2024310112,SINF
2024310112,INTAI
2024310112,MANAL3
2024310112,CIRC
2024310113,DSA2
2024310113,MLOGIC
2024310113,MANAL2
2024310113,DB
2024310113,PROBA
2024310113,WEB
2024310113,BUS
2024310113,TOC
2024310113,OS
2024310113,ARCH
2024310113,SINF
2024310113,INTAI
2024310113,MANAL3
2024310113,CIRC
2024310114,DSA2
2024310114,MLOGIC
2024310114,MANAL2
2024310114,DB
2024310114,PROBA
2024310114,WEB
2024310114,BUS
2024310114,TOC
2024310114,OS
2024310114,ARCH
2024310114,SINF
2024310114,INTAI
2024310114,MANAL3
2024310114,CIRC
2024310115,DSA2
2024310115,MLOGIC
2024310115,MANAL2
2024310115,DB
2024310115,PROBA
2024310115,WEB
2024310115,BUS
2024310115,TOC
2024310115,OS
2024310115,ARCH
2024310115,SINF
2024310115,INTAI
2024310115,MANAL3
2024310115,CIRC
2024310116,DSA2
2024310116,MLOGIC
2024310116,MANAL2
2024310116,DB
2024310116,PROBA
2024310116,WEB
2024310116,BUS
2024310116,TOC
2024310116,OS
2024310116,ARCH
2024310116,SINF
2024310116,INTAI
2024310116,MANAL3
2024310116,CIRC
2024310117,DSA2
2024310117,MLOGIC
2024310117,MANAL2
2024310117,DB
2024310117,PROBA
2024310117,WEB
2024310117,BUS
2024310117,TOC
2024310117,OS
2024310117,ARCH
2024310117,SINF
2024310117,INTAI
2024310117,MANAL3
2024310117,CIRC
2024310118,DSA2
2024310118,MLOGIC
2024310118,MANAL2
2024310118,DB
2024310118,PROBA
2024310118,WEB
2024310118,BUS
2024310118,TOC
2024310118,OS
2024310118,ARCH
2024310118,SINF
2024310118,INTAI
2024310118,MANAL3
2024310118,CIRC
2024310119,DSA2
2024310119,MLOGIC
2024310119,MANAL2
2024310119,DB
2024310119,PROBA
2024310119,WEB
2024310119,BUS
2024310119,TOC
2024310119,OS
2024310119,ARCH
2024310119,SINF
2024310119,INTAI
2024310119,MANAL3
2024310119,CIRC
2024310120,DSA2
2024310120,MLOGIC
2024310120,MANAL2
2024310120,DB
2024310120,PROBA
2024310120,WEB
2024310120,BUS
2024310120,TOC
2024310120,OS
2024310120,ARCH
2024310120,SINF
2024310120,INTAI
2024310120,MANAL3
2024310120,CIRC
2024310121,DSA2
2024310121,MLOGIC
2024310121,MANAL2
2024310121,DB
2024310121,PROBA
2024310121,WEB
2024310121,BUS
2024310121,TOC
2024310121,OS
2024310121,ARCH
2024310121,SINF
2024310121,INTAI
2024310121,MANAL3
2024310121,CIRC
2024310122,DSA2
2024310122,MLOGIC
2024310122,MANAL2
2024310122,DB
2024310122,PROBA
2024310122,WEB
2024310122,BUS
2024310122,TOC
2024310122,OS
2024310122,ARCH
2024310122,SINF
2024310122,INTAI
2024310122,MANAL3
2024310122,CIRC
2024310123,DSA2
2024310123,MLOGIC
2024310123,MANAL2
2024310123,DB
2024310123,PROBA
2024310123,WEB
2024310123,BUS
2024310123,TOC
2024310123,OS
2024310123,ARCH
2024310123,SINF
2024310123,INTAI
2024310123,MANAL3
2024310123,CIRC
2024310124,DSA2
2024310124,MLOGIC
2024310124,MANAL2
2024310124,DB
2024310124,PROBA
2024310124,WEB
2024310124,BUS
2024310124,TOC
2024310124,OS
2024310124,ARCH
2024310124,SINF
2024310124,INTAI
2024310124,MANAL3
2024310124,CIRC
2024310125,DSA2
2024310125,MLOGIC
2024310125,MANAL2
2024310125,DB
2024310125,PROBA
2024310125,WEB
2024310125,BUS
2024310125,TOC
2024310125,OS
2024310125,ARCH
2024310125,SINF
2024310125,INTAI
2024310125,MANAL3
2024310125,CIRC
2024310126,DSA2
2024310126,MLOGIC
2024310126,MANAL2
2024310126,DB
2024310126,PROBA
2024310126,WEB
2024310126,BUS
2024310126,TOC
2024310126,OS
2024310126,ARCH
2024310126,SINF
2024310126,INTAI
2024310126,MANAL3
2024310126,CIRC
2024310127,DSA2
2024310127,MLOGIC
2024310127,MANAL2
2024310127,DB
2024310127,PROBA
2024310127,WEB
2024310127,BUS
2024310127,TOC
2024310127,OS
2024310127,ARCH
2024310127,SINF
2024310127,INTAI
2024310127,MANAL3
2024310127,CIRC
2024310128,DSA2
2024310128,MLOGIC
2024310128,MANAL2
2024310128,DB
2024310128,PROBA
2024310128,WEB
2024310128,BUS
2024310128,TOC
2024310128,OS
2024310128,ARCH
2024310128,SINF
2024310128,INTAI
2024310128,MANAL3
2024310128,CIRC
2024310129,DSA2
2024310129,MLOGIC
2024310129,MANAL2
2024310129,DB
2024310129,PROBA
2024310129,WEB
2024310129,BUS
2024310129,TOC
2024310129,OS
2024310129,ARCH
2024310129,SINF
2024310129,INTAI
2024310129,MANAL3
2024310129,CIRC
2024310130,DSA2
2024310130,MLOGIC
2024310130,MANAL2
2024310130,DB
2024310130,PROBA
2024310130,WEB
2024310130,BUS
2024310130,TOC
2024310130,OS
2024310130,ARCH
2024310130,SINF
2024310130,INTAI
2024310130,MANAL3
2024310130,CIRC
2024310131,DSA2
2024310131,MLOGIC
2024310131,MANAL2
2024310131,DB
2024310131,PROBA
2024310131,WEB
2024310131,BUS
2024310131,TOC
2024310131,OS
2024310131,ARCH
2024310131,SINF
2024310131,INTAI
2024310131,MANAL3
2024310131,CIRC
2024310132,DSA2
2024310132,MLOGIC
2024310132,MANAL2
2024310132,DB
2024310132,PROBA
2024310132,WEB
2024310132,BUS
2024310132,TOC
2024310132,OS
2024310132,ARCH
2024310132,SINF
2024310132,INTAI
2024310132,MANAL3
2024310132,CIRC
2024310133,DSA2
2024310133,MLOGIC
2024310133,MANAL2
2024310133,DB
2024310133,PROBA
2024310133,WEB
2024310133,BUS
2024310133,TOC
2024310133,OS
2024310133,ARCH
2024310133,SINF
2024310133,INTAI
2024310133,MANAL3
2024310133,CIRC
2024310134,DSA2
2024310134,MLOGIC
2024310134,MANAL2
2024310134,DB
2024310134,PROBA
2024310134,WEB
2024310134,BUS
2024310134,TOC
2024310134,OS
2024310134,ARCH
2024310134,SINF
2024310134,INTAI
2024310134,MANAL3
2024310134,CIRC
2024310135,DSA2
2024310135,MLOGIC
2024310135,MANAL2
2024310135,DB
2024310135,PROBA
2024310135,WEB
2024310135,BUS
2024310135,TOC
2024310135,OS
2024310135,ARCH
2024310135,SINF
2024310135,INTAI
2024310135,MANAL3
2024310135,CIRC
2024310136,DSA2
2024310136,MLOGIC
2024310136,MANAL2
2024310136,DB
2024310136,PROBA
2024310136,WEB
2024310136,BUS
2024310136,TOC
2024310136,OS
2024310136,ARCH
2024310136,SINF
2024310136,INTAI
2024310136,MANAL3
2024310136,CIRC
2024310137,DSA2
2024310137,MLOGIC
2024310137,MANAL2
2024310137,DB
2024310137,PROBA
2024310137,WEB
2024310137,BUS
2024310137,TOC
2024310137,OS
2024310137,ARCH
2024310137,SINF
2024310137,INTAI
2024310137,MANAL3
2024310137,CIRC
2024310138,DSA2
2024310138,MLOGIC
2024310138,MANAL2
2024310138,DB
2024310138,PROBA
2024310138,WEB
2024310138,BUS
2024310138,TOC
2024310138,OS
2024310138,ARCH
2024310138,SINF
2024310138,INTAI
2024310138,MANAL3
2024310138,CIRC
2024310139,DSA2
2024310139,MLOGIC
2024310139,MANAL2
2024310139,DB
2024310139,PROBA
2024310139,WEB
2024310139,BUS
2024310139,TOC
2024310139,OS
2024310139,ARCH
2024310139,SINF
2024310139,INTAI
2024310139,MANAL3
2024310139,CIRC
2024310140,DSA2
2024310140,MLOGIC
2024310140,MANAL2
2024310140,DB
2024310140,PROBA
2024310140,WEB
2024310140,BUS
2024310140,TOC
2024310140,OS
2024310140,ARCH
2024310140,SINF
2024310140,INTAI
2024310140,MANAL3
2024310140,CIRC
2024310141,DSA2
2024310141,MLOGIC
2024310141,MANAL2
2024310141,DB
2024310141,PROBA
2024310141,WEB
2024310141,BUS
2024310141,TOC
2024310141,OS
2024310141,ARCH
2024310141,SINF
2024310141,INTAI
2024310141,MANAL3
2024310141,CIRC
2024310142,DSA2
2024310142,MLOGIC
2024310142,MANAL2
2024310142,DB
2024310142,PROBA
2024310142,WEB
2024310142,BUS
2024310142,TOC
2024310142,OS
2024310142,ARCH
2024310142,SINF
2024310142,INTAI
2024310142,MANAL3
2024310142,CIRC
2024310143,DSA2
2024310143,MLOGIC
2024310143,MANAL2
2024310143,DB
2024310143,PROBA
2024310143,WEB
2024310143,BUS
2024310143,TOC
2024310143,OS
2024310143,ARCH
2024310143,SINF
2024310143,INTAI
2024310143,MANAL3
2024310143,CIRC
2024310144,DSA2
2024310144,MLOGIC
2024310144,MANAL2
2024310144,DB
2024310144,PROBA
2024310144,WEB
2024310144,BUS
2024310144,TOC
2024310144,OS
2024310144,ARCH
2024310144,SINF
2024310144,INTAI
2024310144,MANAL3
2024310144,CIRC
2024310145,DSA2
2024310145,MLOGIC
2024310145,MANAL2
2024310145,DB
2024310145,PROBA
2024310145,WEB
2024310145,BUS
2024310145,TOC
2024310145,OS
2024310145,ARCH
2024310145,SINF
2024310145,INTAI
2024310145,MANAL3
2024310145,CIRC
2024310146,DSA2
2024310146,MLOGIC
2024310146,MANAL2
2024310146,DB
2024310146,PROBA
2024310146,WEB
2024310146,BUS
2024310146,TOC
2024310146,OS
2024310146,ARCH
2024310146,SINF
2024310146,INTAI
2024310146,MANAL3
2024310146,CIRC
2024310147,DSA2
2024310147,MLOGIC
2024310147,MANAL2
2024310147,DB
2024310147,PROBA
2024310147,WEB
2024310147,BUS
2024310147,TOC
2024310147,OS
2024310147,ARCH
2024310147,SINF
2024310147,INTAI
2024310147,MANAL3
2024310147,CIRC
2024310148,DSA2
2024310148,MLOGIC
2024310148,MANAL2
2024310148,DB
2024310148,PROBA
2024310148,WEB
2024310148,BUS
2024310148,TOC
2024310148,OS
2024310148,ARCH
2024310148,SINF
2024310148,INTAI
2024310148,MANAL3
2024310148,CIRC
2024310149,DSA2
2024310149,MLOGIC
2024310149,MANAL2
2024310149,DB
2024310149,PROBA
2024310149,WEB
2024310149,BUS
2024310149,TOC
2024310149,OS
2024310149,ARCH
2024310149,SINF
2024310149,INTAI
2024310149,MANAL3
2024310149,CIRC
2024310150,DSA2
2024310150,MLOGIC
2024310150,MANAL2
2024310150,DB
2024310150,PROBA
2024310150,WEB
2024310150,BUS
2024310150,TOC
2024310150,OS
2024310150,ARCH
2024310150,SINF
2024310150,INTAI
2024310150,MANAL3
2024310150,CIRC
2024310151,DSA2
2024310151,MLOGIC
2024310151,MANAL2
2024310151,DB
2024310151,PROBA
2024310151,WEB
2024310151,BUS
2024310151,TOC
2024310151,OS
2024310151,ARCH
2024310151,SINF
2024310151,INTAI
2024310151,MANAL3
2024310151,CIRC
2024310152,DSA2
2024310152,MLOGIC
2024310152,MANAL2
2024310152,DB
2024310152,PROBA
2024310152,WEB
2024310152,BUS
2024310152,TOC
2024310152,OS
2024310152,ARCH
2024310152,SINF
2024310152,INTAI
2024310152,MANAL3
2024310152,CIRC
2024310153,DSA2
2024310153,MLOGIC
2024310153,MANAL2
2024310153,DB
2024310153,PROBA
2024310153,WEB
2024310153,BUS
2024310153,TOC
2024310153,OS
2024310153,ARCH
2024310153,SINF
2024310153,INTAI
2024310153,MANAL3
2024310153,CIRC
2024310154,DSA2
2024310154,MLOGIC
2024310154,MANAL2
2024310154,DB
2024310154,PROBA
2024310154,WEB
2024310154,BUS
2024310154,TOC
2024310154,OS
2024310154,ARCH
2024310154,SINF
2024310154,INTAI
2024310154,MANAL3
2024310154,CIRC
2024310155,DSA2
2024310155,MLOGIC
2024310155,MANAL2
2024310155,DB
2024310155,PROBA
2024310155,WEB
2024310155,BUS
2024310155,TOC
2024310155,OS
2024310155,ARCH
2024310155,SINF
2024310155,INTAI
2024310155,MANAL3
2024310155,CIRC
2024310156,DSA2
2024310156,MLOGIC
2024310156,MANAL2
2024310156,DB
2024310156,PROBA
2024310156,WEB
2024310156,BUS
2024310156,TOC
2024310156,OS
2024310156,ARCH
2024310156,SINF
2024310156,INTAI
2024310156,MANAL3
2024310156,CIRC
2024310157,DSA2
2024310157,MLOGIC
2024310157,MANAL2
2024310157,DB
2024310157,PROBA
2024310157,WEB
2024310157,BUS
2024310157,TOC
2024310157,OS
2024310157,ARCH
2024310157,SINF
2024310157,INTAI
2024310157,MANAL3
2024310157,CIRC
2024310158,DSA2
2024310158,MLOGIC
2024310158,MANAL2
2024310158,DB
2024310158,PROBA
2024310158,WEB
2024310158,BUS
2024310158,TOC
2024310158,OS
2024310158,ARCH
2024310158,SINF
2024310158,INTAI
2024310158,MANAL3
2024310158,CIRC
2024310159,DSA2
2024310159,MLOGIC
2024310159,MANAL2
2024310159,DB
2024310159,PROBA
2024310159,WEB
2024310159,BUS
2024310159,TOC
2024310159,OS
2024310159,ARCH
2024310159,SINF
2024310159,INTAI
2024310159,MANAL3
2024310159,CIRC
2024310160,DSA2
2024310160,MLOGIC
2024310160,MANAL2
2024310160,DB
2024310160,PROBA
2024310160,WEB
2024310160,BUS
2024310160,TOC
2024310160,OS
2024310160,ARCH
2024310160,SINF
2024310160,INTAI
2024310160,MANAL3
2024310160,CIRC
2024310161,DSA2
2024310161,MLOGIC
2024310161,MANAL2
2024310161,DB
2024310161,PROBA
2024310161,WEB
2024310161,BUS
2024310161,TOC
2024310161,OS
2024310161,ARCH
2024310161,SINF
2024310161,INTAI
2024310161,MANAL3
2024310161,CIRC
2024310162,DSA2
2024310162,MLOGIC
2024310162,MANAL2
2024310162,DB
2024310162,PROBA
2024310162,WEB
2024310162,BUS
2024310162,TOC
2024310162,OS
2024310162,ARCH
2024310162,SINF
2024310162,INTAI
2024310162,MANAL3
2024310162,CIRC
2024310163,DSA2
2024310163,MLOGIC
2024310163,MANAL2
2024310163,DB
2024310163,PROBA
2024310163,WEB
2024310163,BUS
2024310163,TOC
2024310163,OS
2024310163,ARCH
2024310163,SINF
2024310163,INTAI
2024310163,MANAL3
2024310163,CIRC
2024310164,DSA2
2024310164,MLOGIC
2024310164,MANAL2
2024310164,DB
2024310164,PROBA
2024310164,WEB
2024310164,BUS
2024310164,TOC
2024310164,OS
2024310164,ARCH
2024310164,SINF
2024310164,INTAI
2024310164,MANAL3
2024310164,CIRC
2024310165,DSA2
2024310165,MLOGIC
2024310165,MANAL2
2024310165,DB
2024310165,PROBA
2024310165,WEB
2024310165,BUS
2024310165,TOC
2024310165,OS
2024310165,ARCH
2024310165,SINF
2024310165,INTAI
2024310165,MANAL3
2024310165,CIRC
2024310166,DSA2
2024310166,MLOGIC
2024310166,MANAL2
2024310166,DB
2024310166,PROBA
2024310166,WEB
2024310166,BUS
2024310166,TOC
2024310166,OS
2024310166,ARCH
2024310166,SINF
2024310166,INTAI
2024310166,MANAL3
2024310166,CIRC
2024310167,DSA2
2024310167,MLOGIC
2024310167,MANAL2
2024310167,DB
2024310167,PROBA
2024310167,WEB
2024310167,BUS
2024310167,TOC
2024310167,OS
2024310167,ARCH
2024310167,SINF
2024310167,INTAI
2024310167,MANAL3
2024310167,CIRC
2024310168,DSA2
2024310168,MLOGIC
2024310168,MANAL2
2024310168,DB
2024310168,PROBA
2024310168,WEB
2024310168,BUS
2024310168,TOC
2024310168,OS
2024310168,ARCH
2024310168,SINF
2024310168,INTAI
2024310168,MANAL3
2024310168,CIRC
2024310169,DSA2
2024310169,MLOGIC
2024310169,MANAL2
2024310169,DB
2024310169,PROBA
2024310169,WEB
2024310169,BUS
2024310169,TOC
2024310169,OS
2024310169,ARCH
2024310169,SINF
2024310169,INTAI
2024310169,MANAL3
2024310169,CIRC
2024310170,DSA2
2024310170,MLOGIC
2024310170,MANAL2
2024310170,DB
2024310170,PROBA
2024310170,WEB
2024310170,BUS
2024310170,TOC
2024310170,OS
2024310170,ARCH
2024310170,SINF
2024310170,INTAI
2024310170,MANAL3
2024310170,CIRC
2024310171,DSA2
2024310171,MLOGIC
2024310171,MANAL2
2024310171,DB
2024310171,PROBA
2024310171,WEB
2024310171,BUS
2024310171,TOC
2024310171,OS
2024310171,ARCH
2024310171,SINF
2024310171,INTAI
2024310171,MANAL3
2024310171,CIRC
2024310172,DSA2
2024310172,MLOGIC
2024310172,MANAL2
2024310172,DB
2024310172,PROBA
2024310172,WEB
2024310172,BUS
2024310172,TOC
2024310172,OS
2024310172,ARCH
2024310172,SINF
2024310172,INTAI
2024310172,MANAL3
2024310172,CIRC
2024310173,DSA2
2024310173,MLOGIC
2024310173,MANAL2
2024310173,DB
2024310173,PROBA
2024310173,WEB
2024310173,BUS
2024310173,TOC
2024310173,OS
2024310173,ARCH
2024310173,SINF
2024310173,INTAI
2024310173,MANAL3
2024310173,CIRC
2024310174,DSA2
2024310174,MLOGIC
2024310174,MANAL2
2024310174,DB
2024310174,PROBA
2024310174,WEB
2024310174,BUS
2024310174,TOC
2024310174,OS
2024310174,ARCH
2024310174,SINF
2024310174,INTAI
2024310174,MANAL3
2024310174,CIRC
2024310175,DSA2
2024310175,MLOGIC
2024310175,MANAL2
2024310175,DB
2024310175,PROBA
2024310175,WEB
2024310175,BUS
2024310175,TOC
2024310175,OS
2024310175,ARCH
2024310175,SINF
2024310175,INTAI
2024310175,MANAL3
2024310175,CIRC
2024310176,DSA2
2024310176,MLOGIC
2024310176,MANAL2
2024310176,DB
2024310176,PROBA
2024310176,WEB
2024310176,BUS
2024310176,TOC
2024310176,OS
2024310176,ARCH
2024310176,SINF
2024310176,INTAI
2024310176,MANAL3
2024310176,CIRC
2024310177,DSA2
2024310177,MLOGIC
2024310177,MANAL2
2024310177,DB
2024310177,PROBA
2024310177,WEB
2024310177,BUS
2024310177,TOC
2024310177,OS
2024310177,ARCH
2024310177,SINF
2024310177,INTAI
2024310177,MANAL3
2024310177,CIRC
2024310178,DSA2
2024310178,MLOGIC
2024310178,MANAL2
2024310178,DB
2024310178,PROBA
2024310178,WEB
2024310178,BUS
2024310178,TOC
2024310178,OS
2024310178,ARCH
2024310178,SINF
2024310178,INTAI
2024310178,MANAL3
2024310178,CIRC
2024310179,DSA2
2024310179,MLOGIC
2024310179,MANAL2
2024310179,DB
2024310179,PROBA
2024310179,WEB
2024310179,BUS
2024310179,TOC
2024310179,OS
2024310179,ARCH
2024310179,SINF
2024310179,INTAI
2024310179,MANAL3
2024310179,CIRC
2024310180,DSA2
2024310180,MLOGIC
2024310180,MANAL2
2024310180,DB
2024310180,PROBA
2024310180,WEB
2024310180,BUS
2024310180,TOC
2024310180,OS
2024310180,ARCH
2024310180,SINF
2024310180,INTAI
2024310180,MANAL3
2024310180,CIRC
2024310181,DSA2
2024310181,MLOGIC
2024310181,MANAL2
2024310181,DB
2024310181,PROBA
2024310181,WEB
2024310181,BUS
2024310181,TOC
2024310181,OS
2024310181,ARCH
2024310181,SINF
2024310181,INTAI
2024310181,MANAL3
2024310181,CIRC
2024310182,DSA2
2024310182,MLOGIC
2024310182,MANAL2
2024310182,DB
2024310182,PROBA
2024310182,WEB
2024310182,BUS
2024310182,TOC
2024310182,OS
2024310182,ARCH
2024310182,SINF
2024310182,INTAI
2024310182,MANAL3
2024310182,CIRC
2024310183,DSA2
2024310183,MLOGIC
2024310183,MANAL2
2024310183,DB
2024310183,PROBA
2024310183,WEB
2024310183,BUS
2024310183,TOC
2024310183,OS
2024310183,ARCH
2024310183,SINF
2024310183,INTAI
2024310183,MANAL3
2024310183,CIRC
2024310184,DSA2
2024310184,MLOGIC
2024310184,MANAL2
2024310184,DB
2024310184,PROBA
2024310184,WEB
2024310184,BUS
2024310184,TOC
2024310184,OS
2024310184,ARCH
2024310184,SINF
2024310184,INTAI
2024310184,MANAL3
2024310184,CIRC
2024310185,DSA2
2024310185,MLOGIC
2024310185,MANAL2
2024310185,DB
2024310185,PROBA
2024310185,WEB
2024310185,BUS
2024310185,TOC
2024310185,OS
2024310185,ARCH
2024310185,SINF
2024310185,INTAI
2024310185,MANAL3
2024310185,CIRC
2024310186,DSA2
2024310186,MLOGIC
2024310186,MANAL2
2024310186,DB
2024310186,PROBA
2024310186,WEB
2024310186,BUS
2024310186,TOC
2024310186,OS
2024310186,ARCH
2024310186,SINF
2024310186,INTAI
2024310186,MANAL3
2024310186,CIRC
2024310187,DSA2
2024310187,MLOGIC
2024310187,MANAL2
2024310187,DB
2024310187,PROBA
2024310187,WEB
2024310187,BUS
2024310187,TOC
2024310187,OS
2024310187,ARCH
2024310187,SINF
2024310187,INTAI
2024310187,MANAL3
2024310187,CIRC
2024310188,DSA2
2024310188,MLOGIC
2024310188,MANAL2
2024310188,DB
2024310188,PROBA
2024310188,WEB
2024310188,BUS
2024310188,TOC
2024310188,OS
2024310188,ARCH
2024310188,SINF
2024310188,INTAI
2024310188,MANAL3
2024310188,CIRC
2024310189,DSA2
2024310189,MLOGIC
2024310189,MANAL2
2024310189,DB
2024310189,PROBA
2024310189,WEB
2024310189,BUS
2024310189,TOC
2024310189,OS
2024310189,ARCH
2024310189,SINF
2024310189,INTAI
2024310189,MANAL3
2024310189,CIRC
2024310190,DSA2
2024310190,MLOGIC
2024310190,MANAL2
2024310190,DB
2024310190,PROBA
2024310190,WEB
2024310190,BUS
2024310190,TOC
2024310190,OS
2024310190,ARCH
2024310190,SINF
2024310190,INTAI
2024310190,MANAL3
2024310190,CIRC
2024310191,DSA2
2024310191,MLOGIC
2024310191,MANAL2
2024310191,DB
2024310191,PROBA
2024310191,WEB
2024310191,BUS
2024310191,TOC
2024310191,OS
2024310191,ARCH
2024310191,SINF
2024310191,INTAI
2024310191,MANAL3
2024310191,CIRC
2024310192,DSA2
2024310192,MLOGIC
2024310192,MANAL2
2024310192,DB
2024310192,PROBA
2024310192,WEB
2024310192,BUS
2024310192,TOC
2024310192,OS
2024310192,ARCH
2024310192,SINF
2024310192,INTAI
2024310192,MANAL3
2024310192,CIRC
2024310193,DSA2
2024310193,MLOGIC
2024310193,MANAL2
2024310193,DB
2024310193,PROBA
2024310193,WEB
2024310193,BUS
2024310193,TOC
2024310193,OS
2024310193,ARCH
2024310193,SINF
2024310193,INTAI
2024310193,MANAL3
2024310193,CIRC
2024310194,DSA2
2024310194,MLOGIC
2024310194,MANAL2
2024310194,DB
2024310194,PROBA
2024310194,WEB
2024310194,BUS
2024310194,TOC
2024310194,OS
2024310194,ARCH
2024310194,SINF
2024310194,INTAI
2024310194,MANAL3
2024310194,CIRC
2024310195,DSA2
2024310195,MLOGIC
2024310195,MANAL2
2024310195,DB
2024310195,PROBA
2024310195,WEB
2024310195,BUS
2024310195,TOC
2024310195,OS
2024310195,ARCH
2024310195,SINF
2024310195,INTAI
2024310195,MANAL3
2024310195,CIRC
2024310196,DSA2
2024310196,MLOGIC
2024310196,MANAL2
2024310196,DB
2024310196,PROBA
2024310196,WEB
2024310196,BUS
2024310196,TOC
2024310196,OS
2024310196,ARCH
2024310196,SINF
2024310196,INTAI
2024310196,MANAL3
2024310196,CIRC
2024310197,DSA2
2024310197,MLOGIC
2024310197,MANAL2
2024310197,DB
2024310197,PROBA
2024310197,WEB
2024310197,BUS
2024310197,TOC
2024310197,OS
2024310197,ARCH
2024310197,SINF
2024310197,INTAI
2024310197,MANAL3
2024310197,CIRC
2024310198,DSA2
2024310198,MLOGIC
2024310198,MANAL2
2024310198,DB
2024310198,PROBA
2024310198,WEB
2024310198,BUS
2024310198,TOC
2024310198,OS
2024310198,ARCH
2024310198,SINF
2024310198,INTAI
2024310198,MANAL3
2024310198,CIRC
2024310199,DSA2
2024310199,MLOGIC
2024310199,MANAL2
2024310199,DB
2024310199,PROBA
2024310199,WEB
2024310199,BUS
2024310199,TOC
2024310199,OS
2024310199,ARCH
2024310199,SINF
2024310199,INTAI
2024310199,MANAL3
2024310199,CIRC
2024310200,DSA2
2024310200,MLOGIC
2024310200,MANAL2
2024310200,DB
2024310200,PROBA
2024310200,WEB
2024310200,BUS
2024310200,TOC
2024310200,OS
2024310200,ARCH
2024310200,SINF
2024310200,INTAI
2024310200,MANAL3
2024310200,CIRC
2023310001,DMIN
2023310001,OPRES
2023310001,STOCH
2023310001,SE
2023310001,NET
2023310001,MOBDEV
2023310001,ENTR
2023310001,ML
2023310001,NUMOPT
2023310001,TSAC
2023310001,ADVDB
2023310001,SEC
2023310001,PM
2023310002,DMIN
2023310002,OPRES
2023310002,STOCH
2023310002,SE
2023310002,NET
2023310002,MOBDEV
2023310002,ENTR
2023310002,ML
2023310002,NUMOPT
2023310002,TSAC
2023310002,ADVDB
2023310002,SEC
2023310002,PM
2023310003,DMIN
2023310003,OPRES
2023310003,STOCH
2023310003,SE
2023310003,NET
2023310003,MOBDEV
2023310003,ENTR
2023310003,ML
2023310003,NUMOPT
2023310003,TSAC
2023310003,ADVDB
2023310003,SEC
2023310003,PM
2023310004,DMIN
2023310004,OPRES
2023310004,STOCH
2023310004,SE
2023310004,NET
2023310004,MOBDEV
2023310004,ENTR
2023310004,ML
2023310004,NUMOPT
2023310004,TSAC
2023310004,ADVDB
2023310004,SEC
2023310004,PM
2023310005,DMIN
2023310005,OPRES
2023310005,STOCH
2023310005,SE
2023310005,NET
2023310005,MOBDEV
2023310005,ENTR
2023310005,ML
2023310005,NUMOPT
2023310005,TSAC
2023310005,ADVDB
2023310005,SEC
2023310005,PM
2023310006,DMIN
2023310006,OPRES
2023310006,STOCH
2023310006,SE
2023310006,NET
2023310006,MOBDEV
2023310006,ENTR
2023310006,ML
2023310006,NUMOPT
2023310006,TSAC
2023310006,ADVDB
2023310006,SEC
2023310006,PM
2023310007,DMIN
2023310007,OPRES
2023310007,STOCH
2023310007,SE
2023310007,NET
2023310007,MOBDEV
2023310007,ENTR
2023310007,ML
2023310007,NUMOPT
2023310007,TSAC
2023310007,ADVDB
2023310007,SEC
2023310007,PM
2023310008,DMIN
2023310008,OPRES
2023310008,STOCH
2023310008,SE
2023310008,NET
2023310008,MOBDEV
2023310008,ENTR
2023310008,ML
2023310008,NUMOPT
2023310008,TSAC
2023310008,ADVDB
2023310008,SEC
2023310008,PM
2023310009,DMIN
2023310009,OPRES
2023310009,STOCH
2023310009,SE
2023310009,NET
2023310009,MOBDEV
2023310009,ENTR
2023310009,ML
2023310009,NUMOPT
2023310009,TSAC
2023310009,ADVDB
2023310009,SEC
2023310009,PM
2023310010,DMIN
2023310010,OPRES
2023310010,STOCH
2023310010,SE
2023310010,NET
2023310010,MOBDEV
2023310010,ENTR
2023310010,ML
2023310010,NUMOPT
2023310010,TSAC
2023310010,ADVDB
2023310010,SEC
2023310010,PM
2023310011,DMIN
2023310011,OPRES
2023310011,STOCH
2023310011,SE
2023310011,NET
2023310011,MOBDEV
2023310011,ENTR
2023310011,ML
2023310011,NUMOPT
2023310011,TSAC
2023310011,ADVDB
2023310011,SEC
2023310011,PM
2023310012,DMIN
2023310012,OPRES
2023310012,STOCH
2023310012,SE
2023310012,NET
2023310012,MOBDEV
2023310012,ENTR
2023310012,ML
2023310012,NUMOPT
2023310012,TSAC
2023310012,ADVDB
2023310012,SEC
2023310012,PM
2023310013,DMIN
2023310013,OPRES
2023310013,STOCH
2023310013,SE
2023310013,NET
2023310013,MOBDEV
2023310013,ENTR
2023310013,ML
2023310013,NUMOPT
2023310013,TSAC
2023310013,ADVDB
2023310013,SEC
2023310013,PM
2023310014,DMIN
2023310014,OPRES
2023310014,STOCH
2023310014,SE
2023310014,NET
2023310014,MOBDEV
2023310014,ENTR
2023310014,ML
2023310014,NUMOPT
2023310014,TSAC
2023310014,ADVDB
2023310014,SEC
2023310014,PM
2023310015,DMIN
2023310015,OPRES
2023310015,STOCH
2023310015,SE
2023310015,NET
2023310015,MOBDEV
2023310015,ENTR
2023310015,ML
2023310015,NUMOPT
2023310015,TSAC
2023310015,ADVDB
2023310015,SEC
2023310015,PM
2023310016,DMIN
2023310016,OPRES
2023310016,STOCH
2023310016,SE
2023310016,NET
2023310016,MOBDEV
2023310016,ENTR
2023310016,ML
2023310016,NUMOPT
2023310016,TSAC
2023310016,ADVDB
2023310016,SEC
2023310016,PM
2023310017,DMIN
2023310017,OPRES
2023310017,STOCH
2023310017,SE
2023310017,NET
2023310017,MOBDEV
2023310017,ENTR
2023310017,ML
2023310017,NUMOPT
2023310017,TSAC
2023310017,ADVDB
2023310017,SEC
2023310017,PM
2023310018,DMIN
2023310018,OPRES
2023310018,STOCH
2023310018,SE
2023310018,NET
2023310018,MOBDEV
2023310018,ENTR
2023310018,ML
2023310018,NUMOPT
2023310018,TSAC
2023310018,ADVDB
2023310018,SEC
2023310018,PM
2023310019,DMIN
2023310019,OPRES
2023310019,STOCH
2023310019,SE
2023310019,NET
2023310019,MOBDEV
2023310019,ENTR
2023310019,ML
2023310019,NUMOPT
2023310019,TSAC
2023310019,ADVDB
2023310019,SEC
2023310019,PM
2023310020,DMIN
2023310020,OPRES
2023310020,STOCH
2023310020,SE
2023310020,NET
2023310020,MOBDEV
2023310020,ENTR
2023310020,ML
2023310020,NUMOPT
2023310020,TSAC
2023310020,ADVDB
2023310020,SEC
2023310020,PM
2023310021,DMIN
2023310021,OPRES
2023310021,STOCH
2023310021,SE
2023310021,NET
2023310021,MOBDEV
2023310021,ENTR
2023310021,ML
2023310021,NUMOPT
2023310021,TSAC
2023310021,ADVDB
2023310021,SEC
2023310021,PM
2023310022,DMIN
2023310022,OPRES
2023310022,STOCH
2023310022,SE
2023310022,NET
2023310022,MOBDEV
2023310022,ENTR
2023310022,ML
2023310022,NUMOPT
2023310022,TSAC
2023310022,ADVDB
2023310022,SEC
2023310022,PM
2023310023,DMIN
2023310023,OPRES
2023310023,STOCH
2023310023,SE
2023310023,NET
2023310023,MOBDEV
2023310023,ENTR
2023310023,ML
2023310023,NUMOPT
2023310023,TSAC
2023310023,ADVDB
2023310023,SEC
2023310023,PM
2023310024,DMIN
2023310024,OPRES
2023310024,STOCH
2023310024,SE
2023310024,NET
2023310024,MOBDEV
2023310024,ENTR
2023310024,ML
2023310024,NUMOPT
2023310024,TSAC
2023310024,ADVDB
2023310024,SEC
2023310024,PM
2023310025,DMIN
2023310025,OPRES
2023310025,STOCH
2023310025,SE
2023310025,NET
2023310025,MOBDEV
2023310025,ENTR
2023310025,ML
2023310025,NUMOPT
2023310025,TSAC
2023310025,ADVDB
2023310025,SEC
2023310025,PM
2023310026,DMIN
2023310026,OPRES
2023310026,STOCH
2023310026,SE
2023310026,NET
2023310026,MOBDEV
2023310026,ENTR
2023310026,ML
2023310026,NUMOPT
2023310026,TSAC
2023310026,ADVDB
2023310026,SEC
2023310026,PM
2023310027,DMIN
2023310027,OPRES
2023310027,STOCH
2023310027,SE
2023310027,NET
2023310027,MOBDEV
2023310027,ENTR
2023310027,ML
2023310027,NUMOPT
2023310027,TSAC
2023310027,ADVDB
2023310027,SEC
2023310027,PM
2023310028,DMIN
2023310028,OPRES
2023310028,STOCH
2023310028,SE
2023310028,NET
2023310028,MOBDEV
2023310028,ENTR
2023310028,ML
2023310028,NUMOPT
2023310028,TSAC
2023310028,ADVDB
2023310028,SEC
2023310028,PM
2023310029,DMIN
2023310029,OPRES
2023310029,STOCH
2023310029,SE
2023310029,NET
2023310029,MOBDEV
2023310029,ENTR
2023310029,ML
2023310029,NUMOPT
2023310029,TSAC
2023310029,ADVDB
2023310029,SEC
2023310029,PM
2023310030,DMIN
2023310030,OPRES
2023310030,STOCH
2023310030,SE
2023310030,NET
2023310030,MOBDEV
2023310030,ENTR
2023310030,ML
2023310030,NUMOPT
2023310030,TSAC
2023310030,ADVDB
2023310030,SEC
2023310030,PM
2023310031,DMIN
2023310031,OPRES
2023310031,STOCH
2023310031,SE
2023310031,NET
2023310031,MOBDEV
2023310031,ENTR
2023310031,ML
2023310031,NUMOPT
2023310031,TSAC
2023310031,ADVDB
2023310031,SEC
2023310031,PM
2023310032,DMIN
2023310032,OPRES
2023310032,STOCH
2023310032,SE
2023310032,NET
2023310032,MOBDEV
2023310032,ENTR
2023310032,ML
2023310032,NUMOPT
2023310032,TSAC
2023310032,ADVDB
2023310032,SEC
2023310032,PM
2023310033,DMIN
2023310033,OPRES
2023310033,STOCH
2023310033,SE
2023310033,NET
2023310033,MOBDEV
2023310033,ENTR
2023310033,ML
2023310033,NUMOPT
2023310033,TSAC
2023310033,ADVDB
2023310033,SEC
2023310033,PM
2023310034,DMIN
2023310034,OPRES
2023310034,STOCH
2023310034,SE
2023310034,NET
2023310034,MOBDEV
2023310034,ENTR
2023310034,ML
2023310034,NUMOPT
2023310034,TSAC
2023310034,ADVDB
2023310034,SEC
2023310034,PM
2023310035,DMIN
2023310035,OPRES
2023310035,STOCH
2023310035,SE
2023310035,NET
2023310035,MOBDEV
2023310035,ENTR
2023310035,ML
2023310035,NUMOPT
2023310035,TSAC
2023310035,ADVDB
2023310035,SEC
2023310035,PM
2023310036,DMIN
2023310036,OPRES
2023310036,STOCH
2023310036,SE
2023310036,NET
2023310036,MOBDEV
2023310036,ENTR
2023310036,ML
2023310036,NUMOPT
2023310036,TSAC
2023310036,ADVDB
2023310036,SEC
2023310036,PM
2023310037,DMIN
2023310037,OPRES
2023310037,STOCH
2023310037,SE
2023310037,NET
2023310037,MOBDEV
2023310037,ENTR
2023310037,ML
2023310037,NUMOPT
2023310037,TSAC
2023310037,ADVDB
2023310037,SEC
2023310037,PM
2023310038,DMIN
2023310038,OPRES
2023310038,STOCH
2023310038,SE
2023310038,NET
2023310038,MOBDEV
2023310038,ENTR
2023310038,ML
2023310038,NUMOPT
2023310038,TSAC
2023310038,ADVDB
2023310038,SEC
2023310038,PM
2023310039,DMIN
2023310039,OPRES
2023310039,STOCH
2023310039,SE
2023310039,NET
2023310039,MOBDEV
2023310039,ENTR
2023310039,ML
2023310039,NUMOPT
2023310039,TSAC
2023310039,ADVDB
2023310039,SEC
2023310039,PM
2023310040,DMIN
2023310040,OPRES
2023310040,STOCH
2023310040,SE
2023310040,NET
2023310040,MOBDEV
2023310040,ENTR
2023310040,ML
2023310040,NUMOPT
2023310040,TSAC
2023310040,ADVDB
2023310040,SEC
2023310040,PM
2023310041,DMIN
2023310041,OPRES
2023310041,STOCH
2023310041,SE
2023310041,NET
2023310041,MOBDEV
2023310041,ENTR
2023310041,ML
2023310041,NUMOPT
2023310041,TSAC
2023310041,ADVDB
2023310041,SEC
2023310041,PM
2023310042,DMIN
2023310042,OPRES
2023310042,STOCH
2023310042,SE
2023310042,NET
2023310042,MOBDEV
2023310042,ENTR
2023310042,ML
2023310042,NUMOPT
2023310042,TSAC
2023310042,ADVDB
2023310042,SEC
2023310042,PM
2023310043,DMIN
2023310043,OPRES
2023310043,STOCH
2023310043,SE
2023310043,NET
2023310043,MOBDEV
2023310043,ENTR
2023310043,ML
2023310043,NUMOPT
2023310043,TSAC
2023310043,ADVDB
2023310043,SEC
2023310043,PM
2023310044,DMIN
2023310044,OPRES
2023310044,STOCH
2023310044,SE
2023310044,NET
2023310044,MOBDEV
2023310044,ENTR
2023310044,ML
2023310044,NUMOPT
2023310044,TSAC
2023310044,ADVDB
2023310044,SEC
2023310044,PM
2023310045,DMIN
2023310045,OPRES
2023310045,STOCH
2023310045,SE
2023310045,NET
2023310045,MOBDEV
2023310045,ENTR
2023310045,ML
2023310045,NUMOPT
2023310045,TSAC
2023310045,ADVDB
2023310045,SEC
2023310045,PM
2023310046,DMIN
2023310046,OPRES
2023310046,STOCH
2023310046,SE
2023310046,NET
2023310046,MOBDEV
2023310046,ENTR
2023310046,ML
2023310046,NUMOPT
2023310046,TSAC
2023310046,ADVDB
2023310046,SEC
2023310046,PM
2023310047,DMIN
2023310047,OPRES
2023310047,STOCH
2023310047,SE
2023310047,NET
2023310047,MOBDEV
2023310047,ENTR
2023310047,ML
2023310047,NUMOPT
2023310047,TSAC
2023310047,ADVDB
2023310047,SEC
2023310047,PM
2023310048,DMIN
2023310048,OPRES
2023310048,STOCH
2023310048,SE
2023310048,NET
2023310048,MOBDEV
2023310048,ENTR
2023310048,ML
2023310048,NUMOPT
2023310048,TSAC
2023310048,ADVDB
2023310048,SEC
2023310048,PM
2023310049,DMIN
2023310049,OPRES
2023310049,STOCH
2023310049,SE
2023310049,NET
2023310049,MOBDEV
2023310049,ENTR
2023310049,ML
2023310049,NUMOPT
2023310049,TSAC
2023310049,ADVDB
2023310049,SEC
2023310049,PM
2023310050,DMIN
2023310050,OPRES
2023310050,STOCH
2023310050,SE
2023310050,NET
2023310050,MOBDEV
2023310050,ENTR
2023310050,ML
2023310050,NUMOPT
2023310050,TSAC
2023310050,ADVDB
2023310050,SEC
2023310050,PM
2023310051,DMIN
2023310051,OPRES
2023310051,STOCH
2023310051,SE
2023310051,NET
2023310051,MOBDEV
2023310051,ENTR
2023310051,ML
2023310051,NUMOPT
2023310051,TSAC
2023310051,ADVDB
2023310051,SEC
2023310051,PM
2023310052,DMIN
2023310052,OPRES
2023310052,STOCH
2023310052,SE
2023310052,NET
2023310052,MOBDEV
2023310052,ENTR
2023310052,ML
2023310052,NUMOPT
2023310052,TSAC
2023310052,ADVDB
2023310052,SEC
2023310052,PM
2023310053,DMIN
2023310053,OPRES
2023310053,STOCH
2023310053,SE
2023310053,NET
2023310053,MOBDEV
2023310053,ENTR
2023310053,ML
2023310053,NUMOPT
2023310053,TSAC
2023310053,ADVDB
2023310053,SEC
2023310053,PM
2023310054,DMIN
2023310054,OPRES
2023310054,STOCH
2023310054,SE
2023310054,NET
2023310054,MOBDEV
2023310054,ENTR
2023310054,ML
2023310054,NUMOPT
2023310054,TSAC
2023310054,ADVDB
2023310054,SEC
2023310054,PM
2023310055,DMIN
2023310055,OPRES
2023310055,STOCH
2023310055,SE
2023310055,NET
2023310055,MOBDEV
2023310055,ENTR
2023310055,ML
2023310055,NUMOPT
2023310055,TSAC
2023310055,ADVDB
2023310055,SEC
2023310055,PM
2023310056,DMIN
2023310056,OPRES
2023310056,STOCH
2023310056,SE
2023310056,NET
2023310056,MOBDEV
2023310056,ENTR
2023310056,ML
2023310056,NUMOPT
2023310056,TSAC
2023310056,ADVDB
2023310056,SEC
2023310056,PM
2023310057,DMIN
2023310057,OPRES
2023310057,STOCH
2023310057,SE
2023310057,NET
2023310057,MOBDEV
2023310057,ENTR
2023310057,ML
2023310057,NUMOPT
2023310057,TSAC
2023310057,ADVDB
2023310057,SEC
2023310057,PM
2023310058,DMIN
2023310058,OPRES
2023310058,STOCH
2023310058,SE
2023310058,NET
2023310058,MOBDEV
2023310058,ENTR
2023310058,ML
2023310058,NUMOPT
2023310058,TSAC
2023310058,ADVDB
2023310058,SEC
2023310058,PM
2023310059,DMIN
2023310059,OPRES
2023310059,STOCH
2023310059,SE
2023310059,NET
2023310059,MOBDEV
2023310059,ENTR
2023310059,ML
2023310059,NUMOPT
2023310059,TSAC
2023310059,ADVDB
2023310059,SEC
2023310059,PM
2023310060,DMIN
2023310060,OPRES
2023310060,STOCH
2023310060,SE
2023310060,NET
2023310060,MOBDEV
2023310060,ENTR
2023310060,ML
2023310060,NUMOPT
2023310060,TSAC
2023310060,ADVDB
2023310060,SEC
2023310060,PM
2023310061,DMIN
2023310061,OPRES
2023310061,STOCH
2023310061,SE
2023310061,NET
2023310061,MOBDEV
2023310061,ENTR
2023310061,ML
2023310061,NUMOPT
2023310061,TSAC
2023310061,ADVDB
2023310061,SEC
2023310061,PM
2023310062,DMIN
2023310062,OPRES
2023310062,STOCH
2023310062,SE
2023310062,NET
2023310062,MOBDEV
2023310062,ENTR
2023310062,ML
2023310062,NUMOPT
2023310062,TSAC
2023310062,ADVDB
2023310062,SEC
2023310062,PM
2023310063,DMIN
2023310063,OPRES
2023310063,STOCH
2023310063,SE
2023310063,NET
2023310063,MOBDEV
2023310063,ENTR
2023310063,ML
2023310063,NUMOPT
2023310063,TSAC
2023310063,ADVDB
2023310063,SEC
2023310063,PM
2023310064,DMIN
2023310064,OPRES
2023310064,STOCH
2023310064,SE
2023310064,NET
2023310064,MOBDEV
2023310064,ENTR
2023310064,ML
2023310064,NUMOPT
2023310064,TSAC
2023310064,ADVDB
2023310064,SEC
2023310064,PM
2023310065,DMIN
2023310065,OPRES
2023310065,STOCH
2023310065,SE
2023310065,NET
2023310065,MOBDEV
2023310065,ENTR
2023310065,ML
2023310065,NUMOPT
2023310065,TSAC
2023310065,ADVDB
2023310065,SEC
2023310065,PM
2023310066,DMIN
2023310066,OPRES
2023310066,STOCH
2023310066,SE
2023310066,NET
2023310066,MOBDEV
2023310066,ENTR
2023310066,ML
2023310066,NUMOPT
2023310066,TSAC
2023310066,ADVDB
2023310066,SEC
2023310066,PM
2023310067,DMIN
2023310067,OPRES
2023310067,STOCH
2023310067,SE
2023310067,NET
2023310067,MOBDEV
2023310067,ENTR
2023310067,ML
2023310067,NUMOPT
2023310067,TSAC
2023310067,ADVDB
2023310067,SEC
2023310067,PM
2023310068,DMIN
2023310068,OPRES
2023310068,STOCH
2023310068,SE
2023310068,NET
2023310068,MOBDEV
2023310068,ENTR
2023310068,ML
2023310068,NUMOPT
2023310068,TSAC
2023310068,ADVDB
2023310068,SEC
2023310068,PM
2023310069,DMIN
2023310069,OPRES
2023310069,STOCH
2023310069,SE
2023310069,NET
2023310069,MOBDEV
2023310069,ENTR
2023310069,ML
2023310069,NUMOPT
2023310069,TSAC
2023310069,ADVDB
2023310069,SEC
2023310069,PM
2023310070,DMIN
2023310070,OPRES
2023310070,STOCH
2023310070,SE
2023310070,NET
2023310070,MOBDEV
2023310070,ENTR
2023310070,ML
2023310070,NUMOPT
2023310070,TSAC
2023310070,ADVDB
2023310070,SEC
2023310070,PM
2023310071,DMIN
2023310071,OPRES
2023310071,STOCH
2023310071,SE
2023310071,NET
2023310071,MOBDEV
2023310071,ENTR
2023310071,ML
2023310071,NUMOPT
2023310071,TSAC
2023310071,ADVDB
2023310071,SEC
2023310071,PM
2023310072,DMIN
2023310072,OPRES
2023310072,STOCH
2023310072,SE
2023310072,NET
2023310072,MOBDEV
2023310072,ENTR
2023310072,ML
2023310072,NUMOPT
2023310072,TSAC
2023310072,ADVDB
2023310072,SEC
2023310072,PM
2023310073,DMIN
2023310073,OPRES
2023310073,STOCH
2023310073,SE
2023310073,NET
2023310073,MOBDEV
2023310073,ENTR
2023310073,ML
2023310073,NUMOPT
2023310073,TSAC
2023310073,ADVDB
2023310073,SEC
2023310073,PM
2023310074,DMIN
2023310074,OPRES
2023310074,STOCH
2023310074,SE
2023310074,NET
2023310074,MOBDEV
2023310074,ENTR
2023310074,ML
2023310074,NUMOPT
2023310074,TSAC
2023310074,ADVDB
2023310074,SEC
2023310074,PM
2023310075,DMIN
2023310075,OPRES
2023310075,STOCH
2023310075,SE
2023310075,NET
2023310075,MOBDEV
2023310075,ENTR
2023310075,ML
2023310075,NUMOPT
2023310075,TSAC
2023310075,ADVDB
2023310075,SEC
2023310075,PM
2023310076,DMIN
2023310076,OPRES
2023310076,STOCH
2023310076,SE
2023310076,NET
2023310076,MOBDEV
2023310076,ENTR
2023310076,ML
2023310076,NUMOPT
2023310076,TSAC
2023310076,ADVDB
2023310076,SEC
2023310076,PM
2023310077,DMIN
2023310077,OPRES
2023310077,STOCH
2023310077,SE
2023310077,NET
2023310077,MOBDEV
2023310077,ENTR
2023310077,ML
2023310077,NUMOPT
2023310077,TSAC
2023310077,ADVDB
2023310077,SEC
2023310077,PM
2023310078,DMIN
2023310078,OPRES
2023310078,STOCH
2023310078,SE
2023310078,NET
2023310078,MOBDEV
2023310078,ENTR
2023310078,ML
2023310078,NUMOPT
2023310078,TSAC
2023310078,ADVDB
2023310078,SEC
2023310078,PM
2023310079,DMIN
2023310079,OPRES
2023310079,STOCH
2023310079,SE
2023310079,NET
2023310079,MOBDEV
2023310079,ENTR
2023310079,ML
2023310079,NUMOPT
2023310079,TSAC
2023310079,ADVDB
2023310079,SEC
2023310079,PM
2023310080,DMIN
2023310080,OPRES
2023310080,STOCH
2023310080,SE
2023310080,NET
2023310080,MOBDEV
2023310080,ENTR
2023310080,ML
2023310080,NUMOPT
2023310080,TSAC
2023310080,ADVDB
2023310080,SEC
2023310080,PM
2023310081,DMIN
2023310081,OPRES
2023310081,STOCH
2023310081,SE
2023310081,NET
2023310081,MOBDEV
2023310081,ENTR
2023310081,ML
2023310081,NUMOPT
2023310081,TSAC
2023310081,ADVDB
2023310081,SEC
2023310081,PM
2023310082,DMIN
2023310082,OPRES
2023310082,STOCH
2023310082,SE
2023310082,NET
2023310082,MOBDEV
2023310082,ENTR
2023310082,ML
2023310082,NUMOPT
2023310082,TSAC
2023310082,ADVDB
2023310082,SEC
2023310082,PM
2023310083,DMIN
2023310083,OPRES
2023310083,STOCH
2023310083,SE
2023310083,NET
2023310083,MOBDEV
2023310083,ENTR
2023310083,ML
2023310083,NUMOPT
2023310083,TSAC
2023310083,ADVDB
2023310083,SEC
2023310083,PM
2023310084,DMIN
2023310084,OPRES
2023310084,STOCH
2023310084,SE
2023310084,NET
2023310084,MOBDEV
2023310084,ENTR
2023310084,ML
2023310084,NUMOPT
2023310084,TSAC
2023310084,ADVDB
2023310084,SEC
2023310084,PM
2023310085,DMIN
2023310085,OPRES
2023310085,STOCH
2023310085,SE
2023310085,NET
2023310085,MOBDEV
2023310085,ENTR
2023310085,ML
2023310085,NUMOPT
2023310085,TSAC
2023310085,ADVDB
2023310085,SEC
2023310085,PM
2023310086,DMIN
2023310086,OPRES
2023310086,STOCH
2023310086,SE
2023310086,NET
2023310086,MOBDEV
2023310086,ENTR
2023310086,ML
2023310086,NUMOPT
2023310086,TSAC
2023310086,ADVDB
2023310086,SEC
2023310086,PM
2023310087,DMIN
2023310087,OPRES
2023310087,STOCH
2023310087,SE
2023310087,NET
2023310087,MOBDEV
2023310087,ENTR
2023310087,ML
2023310087,NUMOPT
2023310087,TSAC
2023310087,ADVDB
2023310087,SEC
2023310087,PM
2023310088,DMIN
2023310088,OPRES
2023310088,STOCH
2023310088,SE
2023310088,NET
2023310088,MOBDEV
2023310088,ENTR
2023310088,ML
2023310088,NUMOPT
2023310088,TSAC
2023310088,ADVDB
2023310088,SEC
2023310088,PM
2023310089,DMIN
2023310089,OPRES
2023310089,STOCH
2023310089,SE
2023310089,NET
2023310089,MOBDEV
2023310089,ENTR
2023310089,ML
2023310089,NUMOPT
2023310089,TSAC
2023310089,ADVDB
2023310089,SEC
2023310089,PM
2023310090,DMIN
2023310090,OPRES
2023310090,STOCH
2023310090,SE
2023310090,NET
2023310090,MOBDEV
2023310090,ENTR
2023310090,ML
2023310090,NUMOPT
2023310090,TSAC
2023310090,ADVDB
2023310090,SEC
2023310090,PM
2023310091,DMIN
2023310091,OPRES
2023310091,STOCH
2023310091,SE
2023310091,NET
2023310091,MOBDEV
2023310091,ENTR
2023310091,ML
2023310091,NUMOPT
2023310091,TSAC
2023310091,ADVDB
2023310091,SEC
2023310091,PM
2023310092,DMIN
2023310092,OPRES
2023310092,STOCH
2023310092,SE
2023310092,NET
2023310092,MOBDEV
2023310092,ENTR
2023310092,ML
2023310092,NUMOPT
2023310092,TSAC
2023310092,ADVDB
2023310092,SEC
2023310092,PM
2023310093,DMIN
2023310093,OPRES
2023310093,STOCH
2023310093,SE
2023310093,NET
2023310093,MOBDEV
2023310093,ENTR
2023310093,ML
2023310093,NUMOPT
2023310093,TSAC
2023310093,ADVDB
2023310093,SEC
2023310093,PM
2023310094,DMIN
2023310094,OPRES
2023310094,STOCH
2023310094,SE
2023310094,NET
2023310094,MOBDEV
2023310094,ENTR
2023310094,ML
2023310094,NUMOPT
2023310094,TSAC
2023310094,ADVDB
2023310094,SEC
2023310094,PM
2023310095,DMIN
2023310095,OPRES
2023310095,STOCH
2023310095,SE
2023310095,NET
2023310095,MOBDEV
2023310095,ENTR
2023310095,ML
2023310095,NUMOPT
2023310095,TSAC
2023310095,ADVDB
2023310095,SEC
2023310095,PM
2023310096,DMIN
2023310096,OPRES
2023310096,STOCH
2023310096,SE
2023310096,NET
2023310096,MOBDEV
2023310096,ENTR
2023310096,ML
2023310096,NUMOPT
2023310096,TSAC
2023310096,ADVDB
2023310096,SEC
2023310096,PM
2023310097,DMIN
2023310097,OPRES
2023310097,STOCH
2023310097,SE
2023310097,NET
2023310097,MOBDEV
2023310097,ENTR
2023310097,ML
2023310097,NUMOPT
2023310097,TSAC
2023310097,ADVDB
2023310097,SEC
2023310097,PM
2023310098,DMIN
2023310098,OPRES
2023310098,STOCH
2023310098,SE
2023310098,NET
2023310098,MOBDEV
2023310098,ENTR
2023310098,ML
2023310098,NUMOPT
2023310098,TSAC
2023310098,ADVDB
2023310098,SEC
2023310098,PM
2023310099,DMIN
2023310099,OPRES
2023310099,STOCH
2023310099,SE
2023310099,NET
2023310099,MOBDEV
2023310099,ENTR
2023310099,ML
2023310099,NUMOPT
2023310099,TSAC
2023310099,ADVDB
2023310099,SEC
2023310099,PM
2023310100,DMIN
2023310100,OPRES
2023310100,STOCH
2023310100,SE
2023310100,NET
2023310100,MOBDEV
2023310100,ENTR
2023310100,ML
2023310100,NUMOPT
2023310100,TSAC
2023310100,ADVDB
2023310100,SEC
2023310100,PM
2023310101,DMIN
2023310101,OPRES
2023310101,STOCH
2023310101,SE
2023310101,NET
2023310101,MOBDEV
2023310101,ENTR
2023310101,ML
2023310101,NUMOPT
2023310101,TSAC
2023310101,ADVDB
2023310101,SEC
2023310101,PM
2023310102,DMIN
2023310102,OPRES
2023310102,STOCH
2023310102,SE
2023310102,NET
2023310102,MOBDEV
2023310102,ENTR
2023310102,ML
2023310102,NUMOPT
2023310102,TSAC
2023310102,ADVDB
2023310102,SEC
2023310102,PM
2023310103,DMIN
2023310103,OPRES
2023310103,STOCH
2023310103,SE
2023310103,NET
2023310103,MOBDEV
2023310103,ENTR
2023310103,ML
2023310103,NUMOPT
2023310103,TSAC
2023310103,ADVDB
2023310103,SEC
2023310103,PM
2023310104,DMIN
2023310104,OPRES
2023310104,STOCH
2023310104,SE
2023310104,NET
2023310104,MOBDEV
2023310104,ENTR
2023310104,ML
2023310104,NUMOPT
2023310104,TSAC
2023310104,ADVDB
2023310104,SEC
2023310104,PM
2023310105,DMIN
2023310105,OPRES
2023310105,STOCH
2023310105,SE
2023310105,NET
2023310105,MOBDEV
2023310105,ENTR
2023310105,ML
2023310105,NUMOPT
2023310105,TSAC
2023310105,ADVDB
2023310105,SEC
2023310105,PM
2023310106,DMIN
2023310106,OPRES
2023310106,STOCH
2023310106,SE
2023310106,NET
2023310106,MOBDEV
2023310106,ENTR
2023310106,ML
2023310106,NUMOPT
2023310106,TSAC
2023310106,ADVDB
2023310106,SEC
2023310106,PM
2023310107,DMIN
2023310107,OPRES
2023310107,STOCH
2023310107,SE
2023310107,NET
2023310107,MOBDEV
2023310107,ENTR
2023310107,ML
2023310107,NUMOPT
2023310107,TSAC
2023310107,ADVDB
2023310107,SEC
2023310107,PM
2023310108,DMIN
2023310108,OPRES
2023310108,STOCH
2023310108,SE
2023310108,NET
2023310108,MOBDEV
2023310108,ENTR
2023310108,ML
2023310108,NUMOPT
2023310108,TSAC
2023310108,ADVDB
2023310108,SEC
2023310108,PM
2023310109,DMIN
2023310109,OPRES
2023310109,STOCH
2023310109,SE
2023310109,NET
2023310109,MOBDEV
2023310109,ENTR
2023310109,ML
2023310109,NUMOPT
2023310109,TSAC
2023310109,ADVDB
2023310109,SEC
2023310109,PM
2023310110,DMIN
2023310110,OPRES
2023310110,STOCH
2023310110,SE
2023310110,NET
2023310110,MOBDEV
2023310110,ENTR
2023310110,ML
2023310110,NUMOPT
2023310110,TSAC
2023310110,ADVDB
2023310110,SEC
2023310110,PM
2023310111,DMIN
2023310111,OPRES
2023310111,STOCH
2023310111,SE
2023310111,NET
2023310111,MOBDEV
2023310111,ENTR
2023310111,ML
2023310111,NUMOPT
2023310111,TSAC
2023310111,ADVDB
2023310111,SEC
2023310111,PM
2023310112,DMIN
2023310112,OPRES
2023310112,STOCH
2023310112,SE
2023310112,NET
2023310112,MOBDEV
2023310112,ENTR
2023310112,ML
2023310112,NUMOPT
2023310112,TSAC
2023310112,ADVDB
2023310112,SEC
2023310112,PM
2023310113,DMIN
2023310113,OPRES
2023310113,STOCH
2023310113,SE
2023310113,NET
2023310113,MOBDEV
2023310113,ENTR
2023310113,ML
2023310113,NUMOPT
2023310113,TSAC
2023310113,ADVDB
2023310113,SEC
2023310113,PM
2023310114,DMIN
2023310114,OPRES
2023310114,STOCH
2023310114,SE
2023310114,NET
2023310114,MOBDEV
2023310114,ENTR
2023310114,ML
2023310114,NUMOPT
2023310114,TSAC
2023310114,ADVDB
2023310114,SEC
2023310114,PM
2023310115,DMIN
2023310115,OPRES
2023310115,STOCH
2023310115,SE
2023310115,NET
2023310115,MOBDEV
2023310115,ENTR
2023310115,ML
2023310115,NUMOPT
2023310115,TSAC
2023310115,ADVDB
2023310115,SEC
2023310115,PM
2023310116,DMIN
2023310116,OPRES
2023310116,STOCH
2023310116,SE
2023310116,NET
2023310116,MOBDEV
2023310116,ENTR
2023310116,ML
2023310116,NUMOPT
2023310116,TSAC
2023310116,ADVDB
2023310116,SEC
2023310116,PM
2023310117,DMIN
2023310117,OPRES
2023310117,STOCH
2023310117,SE
2023310117,NET
2023310117,MOBDEV
2023310117,ENTR
2023310117,ML
2023310117,NUMOPT
2023310117,TSAC
2023310117,ADVDB
2023310117,SEC
2023310117,PM
2023310118,DMIN
2023310118,OPRES
2023310118,STOCH
2023310118,SE
2023310118,NET
2023310118,MOBDEV
2023310118,ENTR
2023310118,ML
2023310118,NUMOPT
2023310118,TSAC
2023310118,ADVDB
2023310118,SEC
2023310118,PM
2023310119,DMIN
2023310119,OPRES
2023310119,STOCH
2023310119,SE
2023310119,NET
2023310119,MOBDEV
2023310119,ENTR
2023310119,ML
2023310119,NUMOPT
2023310119,TSAC
2023310119,ADVDB
2023310119,SEC
2023310119,PM
2023310120,DMIN
2023310120,OPRES
2023310120,STOCH
2023310120,SE
2023310120,NET
2023310120,MOBDEV
2023310120,ENTR
2023310120,ML
2023310120,NUMOPT
2023310120,TSAC
2023310120,ADVDB
2023310120,SEC
2023310120,PM
2023310121,DMIN
2023310121,OPRES
2023310121,STOCH
2023310121,SE
2023310121,NET
2023310121,MOBDEV
2023310121,ENTR
2023310121,ML
2023310121,NUMOPT
2023310121,TSAC
2023310121,ADVDB
2023310121,SEC
2023310121,PM
2023310122,DMIN
2023310122,OPRES
2023310122,STOCH
2023310122,SE
2023310122,NET
2023310122,MOBDEV
2023310122,ENTR
2023310122,ML
2023310122,NUMOPT
2023310122,TSAC
2023310122,ADVDB
2023310122,SEC
2023310122,PM
2023310123,DMIN
2023310123,OPRES
2023310123,STOCH
2023310123,SE
2023310123,NET
2023310123,MOBDEV
2023310123,ENTR
2023310123,ML
2023310123,NUMOPT
2023310123,TSAC
2023310123,ADVDB
2023310123,SEC
2023310123,PM
2023310124,DMIN
2023310124,OPRES
2023310124,STOCH
2023310124,SE
2023310124,NET
2023310124,MOBDEV
2023310124,ENTR
2023310124,ML
2023310124,NUMOPT
2023310124,TSAC
2023310124,ADVDB
2023310124,SEC
2023310124,PM
2023310125,DMIN
2023310125,OPRES
2023310125,STOCH
2023310125,SE
2023310125,NET
2023310125,MOBDEV
2023310125,ENTR
2023310125,ML
2023310125,NUMOPT
2023310125,TSAC
2023310125,ADVDB
2023310125,SEC
2023310125,PM
2023310126,DMIN
2023310126,OPRES
2023310126,STOCH
2023310126,SE
2023310126,NET
2023310126,MOBDEV
2023310126,ENTR
2023310126,ML
2023310126,NUMOPT
2023310126,TSAC
2023310126,ADVDB
2023310126,SEC
2023310126,PM
2023310127,DMIN
2023310127,OPRES
2023310127,STOCH
2023310127,SE
2023310127,NET
2023310127,MOBDEV
2023310127,ENTR
2023310127,ML
2023310127,NUMOPT
2023310127,TSAC
2023310127,ADVDB
2023310127,SEC
2023310127,PM
2023310128,DMIN
2023310128,OPRES
2023310128,STOCH
2023310128,SE
2023310128,NET
2023310128,MOBDEV
2023310128,ENTR
2023310128,ML
2023310128,NUMOPT
2023310128,TSAC
2023310128,ADVDB
2023310128,SEC
2023310128,PM
2023310129,DMIN
2023310129,OPRES
2023310129,STOCH
2023310129,SE
2023310129,NET
2023310129,MOBDEV
2023310129,ENTR
2023310129,ML
2023310129,NUMOPT
2023310129,TSAC
2023310129,ADVDB
2023310129,SEC
2023310129,PM
2023310130,DMIN
2023310130,OPRES
2023310130,STOCH
2023310130,SE
2023310130,NET
2023310130,MOBDEV
2023310130,ENTR
2023310130,ML
2023310130,NUMOPT
2023310130,TSAC
2023310130,ADVDB
2023310130,SEC
2023310130,PM
2023310131,DMIN
2023310131,OPRES
2023310131,STOCH
2023310131,SE
2023310131,NET
2023310131,MOBDEV
2023310131,ENTR
2023310131,ML
2023310131,NUMOPT
2023310131,TSAC
2023310131,ADVDB
2023310131,SEC
2023310131,PM
2023310132,DMIN
2023310132,OPRES
2023310132,STOCH
2023310132,SE
2023310132,NET
2023310132,MOBDEV
2023310132,ENTR
2023310132,ML
2023310132,NUMOPT
2023310132,TSAC
2023310132,ADVDB
2023310132,SEC
2023310132,PM
2023310133,DMIN
2023310133,OPRES
2023310133,STOCH
2023310133,SE
2023310133,NET
2023310133,MOBDEV
2023310133,ENTR
2023310133,ML
2023310133,NUMOPT
2023310133,TSAC
2023310133,ADVDB
2023310133,SEC
2023310133,PM
2023310134,DMIN
2023310134,OPRES
2023310134,STOCH
2023310134,SE
2023310134,NET
2023310134,MOBDEV
2023310134,ENTR
2023310134,ML
2023310134,NUMOPT
2023310134,TSAC
2023310134,ADVDB
2023310134,SEC
2023310134,PM
2023310135,DMIN
2023310135,OPRES
2023310135,STOCH
2023310135,SE
2023310135,NET
2023310135,MOBDEV
2023310135,ENTR
2023310135,ML
2023310135,NUMOPT
2023310135,TSAC
2023310135,ADVDB
2023310135,SEC
2023310135,PM
2023310136,DMIN
2023310136,OPRES
2023310136,STOCH
2023310136,SE
2023310136,NET
2023310136,MOBDEV
2023310136,ENTR
2023310136,ML
2023310136,NUMOPT
2023310136,TSAC
2023310136,ADVDB
2023310136,SEC
2023310136,PM
2023310137,DMIN
2023310137,OPRES
2023310137,STOCH
2023310137,SE
2023310137,NET
2023310137,MOBDEV
2023310137,ENTR
2023310137,ML
2023310137,NUMOPT
2023310137,TSAC
2023310137,ADVDB
2023310137,SEC
2023310137,PM
2023310138,DMIN
2023310138,OPRES
2023310138,STOCH
2023310138,SE
2023310138,NET
2023310138,MOBDEV
2023310138,ENTR
2023310138,ML
2023310138,NUMOPT
2023310138,TSAC
2023310138,ADVDB
2023310138,SEC
2023310138,PM
2023310139,DMIN
2023310139,OPRES
2023310139,STOCH
2023310139,SE
2023310139,NET
2023310139,MOBDEV
2023310139,ENTR
2023310139,ML
2023310139,NUMOPT
2023310139,TSAC
2023310139,ADVDB
2023310139,SEC
2023310139,PM
2023310140,DMIN
2023310140,OPRES
2023310140,STOCH
2023310140,SE
2023310140,NET
2023310140,MOBDEV
2023310140,ENTR
2023310140,ML
2023310140,NUMOPT
2023310140,TSAC
2023310140,ADVDB
2023310140,SEC
2023310140,PM
2023310141,DMIN
2023310141,OPRES
2023310141,STOCH
2023310141,SE
2023310141,NET
2023310141,MOBDEV
2023310141,ENTR
2023310141,ML
2023310141,NUMOPT
2023310141,TSAC
2023310141,ADVDB
2023310141,SEC
2023310141,PM
2023310142,DMIN
2023310142,OPRES
2023310142,STOCH
2023310142,SE
2023310142,NET
2023310142,MOBDEV
2023310142,ENTR
2023310142,ML
2023310142,NUMOPT
2023310142,TSAC
2023310142,ADVDB
2023310142,SEC
2023310142,PM
2023310143,DMIN
2023310143,OPRES
2023310143,STOCH
2023310143,SE
2023310143,NET
2023310143,MOBDEV
2023310143,ENTR
2023310143,ML
2023310143,NUMOPT
2023310143,TSAC
2023310143,ADVDB
2023310143,SEC
2023310143,PM
2023310144,DMIN
2023310144,OPRES
2023310144,STOCH
2023310144,SE
2023310144,NET
2023310144,MOBDEV
2023310144,ENTR
2023310144,ML
2023310144,NUMOPT
2023310144,TSAC
2023310144,ADVDB
2023310144,SEC
2023310144,PM
2023310145,DMIN
2023310145,OPRES
2023310145,STOCH
2023310145,SE
2023310145,NET
2023310145,MOBDEV
2023310145,ENTR
2023310145,ML
2023310145,NUMOPT
2023310145,TSAC
2023310145,ADVDB
2023310145,SEC
2023310145,PM
2023310146,DMIN
2023310146,OPRES
2023310146,STOCH
2023310146,SE
2023310146,NET
2023310146,MOBDEV
2023310146,ENTR
2023310146,ML
2023310146,NUMOPT
2023310146,TSAC
2023310146,ADVDB
2023310146,SEC
2023310146,PM
2023310147,DMIN
2023310147,OPRES
2023310147,STOCH
2023310147,SE
2023310147,NET
2023310147,MOBDEV
2023310147,ENTR
2023310147,ML
2023310147,NUMOPT
2023310147,TSAC
2023310147,ADVDB
2023310147,SEC
2023310147,PM
2023310148,DMIN
2023310148,OPRES
2023310148,STOCH
2023310148,SE
2023310148,NET
2023310148,MOBDEV
2023310148,ENTR
2023310148,ML
2023310148,NUMOPT
2023310148,TSAC
2023310148,ADVDB
2023310148,SEC
2023310148,PM
2023310149,DMIN
2023310149,OPRES
2023310149,STOCH
2023310149,SE
2023310149,NET
2023310149,MOBDEV
2023310149,ENTR
2023310149,ML
2023310149,NUMOPT
2023310149,TSAC
2023310149,ADVDB
2023310149,SEC
2023310149,PM
2023310150,DMIN
2023310150,OPRES
2023310150,STOCH
2023310150,SE
2023310150,NET
2023310150,MOBDEV
2023310150,ENTR
2023310150,ML
2023310150,NUMOPT
2023310150,TSAC
2023310150,ADVDB
2023310150,SEC
2023310150,PM
2023310151,DMIN
2023310151,OPRES
2023310151,STOCH
2023310151,SE
2023310151,NET
2023310151,MOBDEV
2023310151,ENTR
2023310151,ML
2023310151,NUMOPT
2023310151,TSAC
2023310151,ADVDB
2023310151,SEC
2023310151,PM
2023310152,DMIN
2023310152,OPRES
2023310152,STOCH
2023310152,SE
2023310152,NET
2023310152,MOBDEV
2023310152,ENTR
2023310152,ML
2023310152,NUMOPT
2023310152,TSAC
2023310152,ADVDB
2023310152,SEC
2023310152,PM
2023310153,DMIN
2023310153,OPRES
2023310153,STOCH
2023310153,SE
2023310153,NET
2023310153,MOBDEV
2023310153,ENTR
2023310153,ML
2023310153,NUMOPT
2023310153,TSAC
2023310153,ADVDB
2023310153,SEC
2023310153,PM
2023310154,DMIN
2023310154,OPRES
2023310154,STOCH
2023310154,SE
2023310154,NET
2023310154,MOBDEV
2023310154,ENTR
2023310154,ML
2023310154,NUMOPT
2023310154,TSAC
2023310154,ADVDB
2023310154,SEC
2023310154,PM
2023310155,DMIN
2023310155,OPRES
2023310155,STOCH
2023310155,SE
2023310155,NET
2023310155,MOBDEV
2023310155,ENTR
2023310155,ML
2023310155,NUMOPT
2023310155,TSAC
2023310155,ADVDB
2023310155,SEC
2023310155,PM
2023310156,DMIN
2023310156,OPRES
2023310156,STOCH
2023310156,SE
2023310156,NET
2023310156,MOBDEV
2023310156,ENTR
2023310156,ML
2023310156,NUMOPT
2023310156,TSAC
2023310156,ADVDB
2023310156,SEC
2023310156,PM
2023310157,DMIN
2023310157,OPRES
2023310157,STOCH
2023310157,SE
2023310157,NET
2023310157,MOBDEV
2023310157,ENTR
2023310157,ML
2023310157,NUMOPT
2023310157,TSAC
2023310157,ADVDB
2023310157,SEC
2023310157,PM
2023310158,DMIN
2023310158,OPRES
2023310158,STOCH
2023310158,SE
2023310158,NET
2023310158,MOBDEV
2023310158,ENTR
2023310158,ML
2023310158,NUMOPT
2023310158,TSAC
2023310158,ADVDB
2023310158,SEC
2023310158,PM
2023310159,DMIN
2023310159,OPRES
2023310159,STOCH
2023310159,SE
2023310159,NET
2023310159,MOBDEV
2023310159,ENTR
2023310159,ML
2023310159,NUMOPT
2023310159,TSAC
2023310159,ADVDB
2023310159,SEC
2023310159,PM
2023310160,DMIN
2023310160,OPRES
2023310160,STOCH
2023310160,SE
2023310160,NET
2023310160,MOBDEV
2023310160,ENTR
2023310160,ML
2023310160,NUMOPT
2023310160,TSAC
2023310160,ADVDB
2023310160,SEC
2023310160,PM
2023310161,DMIN
2023310161,OPRES
2023310161,STOCH
2023310161,SE
2023310161,NET
2023310161,MOBDEV
2023310161,ENTR
2023310161,ML
2023310161,NUMOPT
2023310161,TSAC
2023310161,ADVDB
2023310161,SEC
2023310161,PM
2023310162,DMIN
2023310162,OPRES
2023310162,STOCH
2023310162,SE
2023310162,NET
2023310162,MOBDEV
2023310162,ENTR
2023310162,ML
2023310162,NUMOPT
2023310162,TSAC
2023310162,ADVDB
2023310162,SEC
2023310162,PM
2023310163,DMIN
2023310163,OPRES
2023310163,STOCH
2023310163,SE
2023310163,NET
2023310163,MOBDEV
2023310163,ENTR
2023310163,ML
2023310163,NUMOPT
2023310163,TSAC
2023310163,ADVDB
2023310163,SEC
2023310163,PM
2023310164,DMIN
2023310164,OPRES
2023310164,STOCH
2023310164,SE
2023310164,NET
2023310164,MOBDEV
2023310164,ENTR
2023310164,ML
2023310164,NUMOPT
2023310164,TSAC
2023310164,ADVDB
2023310164,SEC
2023310164,PM
2023310165,DMIN
2023310165,OPRES
2023310165,STOCH
2023310165,SE
2023310165,NET
2023310165,MOBDEV
2023310165,ENTR
2023310165,ML
2023310165,NUMOPT
2023310165,TSAC
2023310165,ADVDB
2023310165,SEC
2023310165,PM
2023310166,DMIN
2023310166,OPRES
2023310166,STOCH
2023310166,SE
2023310166,NET
2023310166,MOBDEV
2023310166,ENTR
2023310166,ML
2023310166,NUMOPT
2023310166,TSAC
2023310166,ADVDB
2023310166,SEC
2023310166,PM
2023310167,DMIN
2023310167,OPRES
2023310167,STOCH
2023310167,SE
2023310167,NET
2023310167,MOBDEV
2023310167,ENTR
2023310167,ML
2023310167,NUMOPT
2023310167,TSAC
2023310167,ADVDB
2023310167,SEC
2023310167,PM
2023310168,DMIN
2023310168,OPRES
2023310168,STOCH
2023310168,SE
2023310168,NET
2023310168,MOBDEV
2023310168,ENTR
2023310168,ML
2023310168,NUMOPT
2023310168,TSAC
2023310168,ADVDB
2023310168,SEC
2023310168,PM
2023310169,DMIN
2023310169,OPRES
2023310169,STOCH
2023310169,SE
2023310169,NET
2023310169,MOBDEV
2023310169,ENTR
2023310169,ML
2023310169,NUMOPT
2023310169,TSAC
2023310169,ADVDB
2023310169,SEC
2023310169,PM
2023310170,DMIN
2023310170,OPRES
2023310170,STOCH
2023310170,SE
2023310170,NET
2023310170,MOBDEV
2023310170,ENTR
2023310170,ML
2023310170,NUMOPT
2023310170,TSAC
2023310170,ADVDB
2023310170,SEC
2023310170,PM
2023310171,DMIN
2023310171,OPRES
2023310171,STOCH
2023310171,SE
2023310171,NET
2023310171,MOBDEV
2023310171,ENTR
2023310171,ML
2023310171,NUMOPT
2023310171,TSAC
2023310171,ADVDB
2023310171,SEC
2023310171,PM
2023310172,DMIN
2023310172,OPRES
2023310172,STOCH
2023310172,SE
2023310172,NET
2023310172,MOBDEV
2023310172,ENTR
2023310172,ML
2023310172,NUMOPT
2023310172,TSAC
2023310172,ADVDB
2023310172,SEC
2023310172,PM
2023310173,DMIN
2023310173,OPRES
2023310173,STOCH
2023310173,SE
2023310173,NET
2023310173,MOBDEV
2023310173,ENTR
2023310173,ML
2023310173,NUMOPT
2023310173,TSAC
2023310173,ADVDB
2023310173,SEC
2023310173,PM
2023310174,DMIN
2023310174,OPRES
2023310174,STOCH
2023310174,SE
2023310174,NET
2023310174,MOBDEV
2023310174,ENTR
2023310174,ML
2023310174,NUMOPT
2023310174,TSAC
2023310174,ADVDB
2023310174,SEC
2023310174,PM
2023310175,DMIN
2023310175,OPRES
2023310175,STOCH
2023310175,SE
2023310175,NET
2023310175,MOBDEV
2023310175,ENTR
2023310175,ML
2023310175,NUMOPT
2023310175,TSAC
2023310175,ADVDB
2023310175,SEC
2023310175,PM
2023310176,DMIN
2023310176,OPRES
2023310176,STOCH
2023310176,SE
2023310176,NET
2023310176,MOBDEV
2023310176,ENTR
2023310176,ML
2023310176,NUMOPT
2023310176,TSAC
2023310176,ADVDB
2023310176,SEC
2023310176,PM
2023310177,DMIN
2023310177,OPRES
2023310177,STOCH
2023310177,SE
2023310177,NET
2023310177,MOBDEV
2023310177,ENTR
2023310177,ML
2023310177,NUMOPT
2023310177,TSAC
2023310177,ADVDB
2023310177,SEC
2023310177,PM
2023310178,DMIN
2023310178,OPRES
2023310178,STOCH
2023310178,SE
2023310178,NET
2023310178,MOBDEV
2023310178,ENTR
2023310178,ML
2023310178,NUMOPT
2023310178,TSAC
2023310178,ADVDB
2023310178,SEC
2023310178,PM
2023310179,DMIN
2023310179,OPRES
2023310179,STOCH
2023310179,SE
2023310179,NET
2023310179,MOBDEV
2023310179,ENTR
2023310179,ML
2023310179,NUMOPT
2023310179,TSAC
2023310179,ADVDB
2023310179,SEC
2023310179,PM
2023310180,DMIN
2023310180,OPRES
2023310180,STOCH
2023310180,SE
2023310180,NET
2023310180,MOBDEV
2023310180,ENTR
2023310180,ML
2023310180,NUMOPT
2023310180,TSAC
2023310180,ADVDB
2023310180,SEC
2023310180,PM
2022310001,NLP
2022310001,DL
2022310001,HCI
2022310001,WNET
2022310001,ROBOT
2022310001,ETHICS
2022310001,TOPICS
2022310001,CV
2022310001,BDAV
2022310001,RL
2022310001,SPEECH
2022310001,HPC
2022310001,ENTCOMP
2022310001,ACR
2022310002,NLP
2022310002,DL
2022310002,HCI
2022310002,WNET
2022310002,ROBOT
2022310002,ETHICS
2022310002,TOPICS
2022310002,CV
2022310002,BDAV
2022310002,RL
2022310002,SPEECH
2022310002,HPC
2022310002,ENTCOMP
2022310002,ACR
2022310003,NLP
2022310003,DL
2022310003,HCI
2022310003,WNET
2022310003,ROBOT
2022310003,ETHICS
2022310003,TOPICS
2022310003,CV
2022310003,BDAV
2022310003,RL
2022310003,SPEECH
2022310003,HPC
2022310003,ENTCOMP
2022310003,ACR
2022310004,NLP
2022310004,DL
2022310004,HCI
2022310004,WNET
2022310004,ROBOT
2022310004,ETHICS
2022310004,TOPICS
2022310004,CV
2022310004,BDAV
2022310004,RL
2022310004,SPEECH
2022310004,HPC
2022310004,ENTCOMP
2022310004,ACR
2022310005,NLP
2022310005,DL
2022310005,HCI
2022310005,WNET
2022310005,ROBOT
2022310005,ETHICS
2022310005,TOPICS
2022310005,CV
2022310005,BDAV
2022310005,RL
2022310005,SPEECH
2022310005,HPC
2022310005,ENTCOMP
2022310005,ACR
2022310006,NLP
2022310006,DL
2022310006,HCI
2022310006,WNET
2022310006,ROBOT
2022310006,ETHICS
2022310006,TOPICS
2022310006,CV
2022310006,BDAV
2022310006,RL
2022310006,SPEECH
2022310006,HPC
2022310006,ENTCOMP
2022310006,ACR
2022310007,NLP
2022310007,DL
2022310007,HCI
2022310007,WNET
2022310007,ROBOT
2022310007,ETHICS
2022310007,TOPICS
2022310007,CV
2022310007,BDAV
2022310007,RL
2022310007,SPEECH
2022310007,HPC
2022310007,ENTCOMP
2022310007,ACR
2022310008,NLP
2022310008,DL
2022310008,HCI
2022310008,WNET
2022310008,ROBOT
2022310008,ETHICS
2022310008,TOPICS
2022310008,CV
2022310008,BDAV
2022310008,RL
2022310008,SPEECH
2022310008,HPC
2022310008,ENTCOMP
2022310008,ACR
2022310009,NLP
2022310009,DL
2022310009,HCI
2022310009,WNET
2022310009,ROBOT
2022310009,ETHICS
2022310009,TOPICS
2022310009,CV
2022310009,BDAV
2022310009,RL
2022310009,SPEECH
2022310009,HPC
2022310009,ENTCOMP
2022310009,ACR
2022310010,NLP
2022310010,DL
2022310010,HCI
2022310010,WNET
2022310010,ROBOT
2022310010,ETHICS
2022310010,TOPICS
2022310010,CV
2022310010,BDAV
2022310010,RL
2022310010,SPEECH
2022310010,HPC
2022310010,ENTCOMP
2022310010,ACR
2022310011,NLP
2022310011,DL
2022310011,HCI
2022310011,WNET
2022310011,ROBOT
2022310011,ETHICS
2022310011,TOPICS
2022310011,CV
2022310011,BDAV
2022310011,RL
2022310011,SPEECH
2022310011,HPC
2022310011,ENTCOMP
2022310011,ACR
2022310012,NLP
2022310012,DL
2022310012,HCI
2022310012,WNET
2022310012,ROBOT
2022310012,ETHICS
2022310012,TOPICS
2022310012,CV
2022310012,BDAV
2022310012,RL
2022310012,SPEECH
2022310012,HPC
2022310012,ENTCOMP
2022310012,ACR
2022310013,NLP
2022310013,DL
2022310013,HCI
2022310013,WNET
2022310013,ROBOT
2022310013,ETHICS
2022310013,TOPICS
2022310013,CV
2022310013,BDAV
2022310013,RL
2022310013,SPEECH
2022310013,HPC
2022310013,ENTCOMP
2022310013,ACR
2022310014,NLP
2022310014,DL
2022310014,HCI
2022310014,WNET
2022310014,ROBOT
2022310014,ETHICS
2022310014,TOPICS
2022310014,CV
2022310014,BDAV
2022310014,RL
2022310014,SPEECH
2022310014,HPC
2022310014,ENTCOMP
2022310014,ACR
2022310015,NLP
2022310015,DL
2022310015,HCI
2022310015,WNET
2022310015,ROBOT
2022310015,ETHICS
2022310015,TOPICS
2022310015,CV
2022310015,BDAV
2022310015,RL
2022310015,SPEECH
2022310015,HPC
2022310015,ENTCOMP
2022310015,ACR
2022310016,NLP
2022310016,DL
2022310016,HCI
2022310016,WNET
2022310016,ROBOT
2022310016,ETHICS
2022310016,TOPICS
2022310016,CV
2022310016,BDAV
2022310016,RL
2022310016,SPEECH
2022310016,HPC
2022310016,ENTCOMP
2022310016,ACR
2022310017,NLP
2022310017,DL
2022310017,HCI
2022310017,WNET
2022310017,ROBOT
2022310017,ETHICS
2022310017,TOPICS
2022310017,CV
2022310017,BDAV
2022310017,RL
2022310017,SPEECH
2022310017,HPC
2022310017,ENTCOMP
2022310017,ACR
2022310018,NLP
2022310018,DL
2022310018,HCI
2022310018,WNET
2022310018,ROBOT
2022310018,ETHICS
2022310018,TOPICS
2022310018,CV
2022310018,BDAV
2022310018,RL
2022310018,SPEECH
2022310018,HPC
2022310018,ENTCOMP
2022310018,ACR
2022310019,NLP
2022310019,DL
2022310019,HCI
2022310019,WNET
2022310019,ROBOT
2022310019,ETHICS
2022310019,TOPICS
2022310019,CV
2022310019,BDAV
2022310019,RL
2022310019,SPEECH
2022310019,HPC
2022310019,ENTCOMP
2022310019,ACR
2022310020,NLP
2022310020,DL
2022310020,HCI
2022310020,WNET
2022310020,ROBOT
2022310020,ETHICS
2022310020,TOPICS
2022310020,CV
2022310020,BDAV
2022310020,RL
2022310020,SPEECH
2022310020,HPC
2022310020,ENTCOMP
2022310020,ACR
2022310021,NLP
2022310021,DL
2022310021,HCI
2022310021,WNET
2022310021,ROBOT
2022310021,ETHICS
2022310021,TOPICS
2022310021,CV
2022310021,BDAV
2022310021,RL
2022310021,SPEECH
2022310021,HPC
2022310021,ENTCOMP
2022310021,ACR
2022310022,NLP
2022310022,DL
2022310022,HCI
2022310022,WNET
2022310022,ROBOT
2022310022,ETHICS
2022310022,TOPICS
2022310022,CV
2022310022,BDAV
2022310022,RL
2022310022,SPEECH
2022310022,HPC
2022310022,ENTCOMP
2022310022,ACR
2022310023,NLP
2022310023,DL
2022310023,HCI
2022310023,WNET
2022310023,ROBOT
2022310023,ETHICS
2022310023,TOPICS
2022310023,CV
2022310023,BDAV
2022310023,RL
2022310023,SPEECH
2022310023,HPC
2022310023,ENTCOMP
2022310023,ACR
2022310024,NLP
2022310024,DL
2022310024,HCI
2022310024,WNET
2022310024,ROBOT
2022310024,ETHICS
2022310024,TOPICS
2022310024,CV
2022310024,BDAV
2022310024,RL
2022310024,SPEECH
2022310024,HPC
2022310024,ENTCOMP
2022310024,ACR
2022310025,NLP
2022310025,DL
2022310025,HCI
2022310025,WNET
2022310025,ROBOT
2022310025,ETHICS
2022310025,TOPICS
2022310025,CV
2022310025,BDAV
2022310025,RL
2022310025,SPEECH
2022310025,HPC
2022310025,ENTCOMP
2022310025,ACR
2022310026,NLP
2022310026,DL
2022310026,HCI
2022310026,WNET
2022310026,ROBOT
2022310026,ETHICS
2022310026,TOPICS
2022310026,CV
2022310026,BDAV
2022310026,RL
2022310026,SPEECH
2022310026,HPC
2022310026,ENTCOMP
2022310026,ACR
2022310027,NLP
2022310027,DL
2022310027,HCI
2022310027,WNET
2022310027,ROBOT
2022310027,ETHICS
2022310027,TOPICS
2022310027,CV
2022310027,BDAV
2022310027,RL
2022310027,SPEECH
2022310027,HPC
2022310027,ENTCOMP
2022310027,ACR
2022310028,NLP
2022310028,DL
2022310028,HCI
2022310028,WNET
2022310028,ROBOT
2022310028,ETHICS
2022310028,TOPICS
2022310028,CV
2022310028,BDAV
2022310028,RL
2022310028,SPEECH
2022310028,HPC
2022310028,ENTCOMP
2022310028,ACR
2022310029,NLP
2022310029,DL
2022310029,HCI
2022310029,WNET
2022310029,ROBOT
2022310029,ETHICS
2022310029,TOPICS
2022310029,CV
2022310029,BDAV
2022310029,RL
2022310029,SPEECH
2022310029,HPC
2022310029,ENTCOMP
2022310029,ACR
2022310030,NLP
2022310030,DL
2022310030,HCI
2022310030,WNET
2022310030,ROBOT
2022310030,ETHICS
2022310030,TOPICS
2022310030,CV
2022310030,BDAV
2022310030,RL
2022310030,SPEECH
2022310030,HPC
2022310030,ENTCOMP
2022310030,ACR
2022310031,NLP
2022310031,DL
2022310031,HCI
2022310031,WNET
2022310031,ROBOT
2022310031,ETHICS
2022310031,TOPICS
2022310031,CV
2022310031,BDAV
2022310031,RL
2022310031,SPEECH
2022310031,HPC
2022310031,ENTCOMP
2022310031,ACR
2022310032,NLP
2022310032,DL
2022310032,HCI
2022310032,WNET
2022310032,ROBOT
2022310032,ETHICS
2022310032,TOPICS
2022310032,CV
2022310032,BDAV
2022310032,RL
2022310032,SPEECH
2022310032,HPC
2022310032,ENTCOMP
2022310032,ACR
2022310033,NLP
2022310033,DL
2022310033,HCI
2022310033,WNET
2022310033,ROBOT
2022310033,ETHICS
2022310033,TOPICS
2022310033,CV
2022310033,BDAV
2022310033,RL
2022310033,SPEECH
2022310033,HPC
2022310033,ENTCOMP
2022310033,ACR
2022310034,NLP
2022310034,DL
2022310034,HCI
2022310034,WNET
2022310034,ROBOT
2022310034,ETHICS
2022310034,TOPICS
2022310034,CV
2022310034,BDAV
2022310034,RL
2022310034,SPEECH
2022310034,HPC
2022310034,ENTCOMP
2022310034,ACR
2022310035,NLP
2022310035,DL
2022310035,HCI
2022310035,WNET
2022310035,ROBOT
2022310035,ETHICS
2022310035,TOPICS
2022310035,CV
2022310035,BDAV
2022310035,RL
2022310035,SPEECH
2022310035,HPC
2022310035,ENTCOMP
2022310035,ACR
2022310036,NLP
2022310036,DL
2022310036,HCI
2022310036,WNET
2022310036,ROBOT
2022310036,ETHICS
2022310036,TOPICS
2022310036,CV
2022310036,BDAV
2022310036,RL
2022310036,SPEECH
2022310036,HPC
2022310036,ENTCOMP
2022310036,ACR
2022310037,NLP
2022310037,DL
2022310037,HCI
2022310037,WNET
2022310037,ROBOT
2022310037,ETHICS
2022310037,TOPICS
2022310037,CV
2022310037,BDAV
2022310037,RL
2022310037,SPEECH
2022310037,HPC
2022310037,ENTCOMP
2022310037,ACR
2022310038,NLP
2022310038,DL
2022310038,HCI
2022310038,WNET
2022310038,ROBOT
2022310038,ETHICS
2022310038,TOPICS
2022310038,CV
2022310038,BDAV
2022310038,RL
2022310038,SPEECH
2022310038,HPC
2022310038,ENTCOMP
2022310038,ACR
2022310039,NLP
2022310039,DL
2022310039,HCI
2022310039,WNET
2022310039,ROBOT
2022310039,ETHICS
2022310039,TOPICS
2022310039,CV
2022310039,BDAV
2022310039,RL
2022310039,SPEECH
2022310039,HPC
2022310039,ENTCOMP
2022310039,ACR
2022310040,NLP
2022310040,DL
2022310040,HCI
2022310040,WNET
2022310040,ROBOT
2022310040,ETHICS
2022310040,TOPICS
2022310040,CV
2022310040,BDAV
2022310040,RL
2022310040,SPEECH
2022310040,HPC
2022310040,ENTCOMP
2022310040,ACR
2022310041,NLP
2022310041,DL
2022310041,HCI
2022310041,WNET
2022310041,ROBOT
2022310041,ETHICS
2022310041,TOPICS
2022310041,CV
2022310041,BDAV
2022310041,RL
2022310041,SPEECH
2022310041,HPC
2022310041,ENTCOMP
2022310041,ACR
2022310042,NLP
2022310042,DL
2022310042,HCI
2022310042,WNET
2022310042,ROBOT
2022310042,ETHICS
2022310042,TOPICS
2022310042,CV
2022310042,BDAV
2022310042,RL
2022310042,SPEECH
2022310042,HPC
2022310042,ENTCOMP
2022310042,ACR
2022310043,NLP
2022310043,DL
2022310043,HCI
2022310043,WNET
2022310043,ROBOT
2022310043,ETHICS
2022310043,TOPICS
2022310043,CV
2022310043,BDAV
2022310043,RL
2022310043,SPEECH
2022310043,HPC
2022310043,ENTCOMP
2022310043,ACR
2022310044,NLP
2022310044,DL
2022310044,HCI
2022310044,WNET
2022310044,ROBOT
2022310044,ETHICS
2022310044,TOPICS
2022310044,CV
2022310044,BDAV
2022310044,RL
2022310044,SPEECH
2022310044,HPC
2022310044,ENTCOMP
2022310044,ACR
2022310045,NLP
2022310045,DL
2022310045,HCI
2022310045,WNET
2022310045,ROBOT
2022310045,ETHICS
2022310045,TOPICS
2022310045,CV
2022310045,BDAV
2022310045,RL
2022310045,SPEECH
2022310045,HPC
2022310045,ENTCOMP
2022310045,ACR
2022310046,NLP
2022310046,DL
2022310046,HCI
2022310046,WNET
2022310046,ROBOT
2022310046,ETHICS
2022310046,TOPICS
2022310046,CV
2022310046,BDAV
2022310046,RL
2022310046,SPEECH
2022310046,HPC
2022310046,ENTCOMP
2022310046,ACR
2022310047,NLP
2022310047,DL
2022310047,HCI
2022310047,WNET
2022310047,ROBOT
2022310047,ETHICS
2022310047,TOPICS
2022310047,CV
2022310047,BDAV
2022310047,RL
2022310047,SPEECH
2022310047,HPC
2022310047,ENTCOMP
2022310047,ACR
2022310048,NLP
2022310048,DL
2022310048,HCI
2022310048,WNET
2022310048,ROBOT
2022310048,ETHICS
2022310048,TOPICS
2022310048,CV
2022310048,BDAV
2022310048,RL
2022310048,SPEECH
2022310048,HPC
2022310048,ENTCOMP
2022310048,ACR
2022310049,NLP
2022310049,DL
2022310049,HCI
2022310049,WNET
2022310049,ROBOT
2022310049,ETHICS
2022310049,TOPICS
2022310049,CV
2022310049,BDAV
2022310049,RL
2022310049,SPEECH
2022310049,HPC
2022310049,ENTCOMP
2022310049,ACR
2022310050,NLP
2022310050,DL
2022310050,HCI
2022310050,WNET
2022310050,ROBOT
2022310050,ETHICS
2022310050,TOPICS
2022310050,CV
2022310050,BDAV
2022310050,RL
2022310050,SPEECH
2022310050,HPC
2022310050,ENTCOMP
2022310050,ACR
2022310051,NLP
2022310051,DL
2022310051,HCI
2022310051,WNET
2022310051,ROBOT
2022310051,ETHICS
2022310051,TOPICS
2022310051,CV
2022310051,BDAV
2022310051,RL
2022310051,SPEECH
2022310051,HPC
2022310051,ENTCOMP
2022310051,ACR
2022310052,NLP
2022310052,DL
2022310052,HCI
2022310052,WNET
2022310052,ROBOT
2022310052,ETHICS
2022310052,TOPICS
2022310052,CV
2022310052,BDAV
2022310052,RL
2022310052,SPEECH
2022310052,HPC
2022310052,ENTCOMP
2022310052,ACR
2022310053,NLP
2022310053,DL
2022310053,HCI
2022310053,WNET
2022310053,ROBOT
2022310053,ETHICS
2022310053,TOPICS
2022310053,CV
2022310053,BDAV
2022310053,RL
2022310053,SPEECH
2022310053,HPC
2022310053,ENTCOMP
2022310053,ACR
2022310054,NLP
2022310054,DL
2022310054,HCI
2022310054,WNET
2022310054,ROBOT
2022310054,ETHICS
2022310054,TOPICS
2022310054,CV
2022310054,BDAV
2022310054,RL
2022310054,SPEECH
2022310054,HPC
2022310054,ENTCOMP
2022310054,ACR
2022310055,NLP
2022310055,DL
2022310055,HCI
2022310055,WNET
2022310055,ROBOT
2022310055,ETHICS
2022310055,TOPICS
2022310055,CV
2022310055,BDAV
2022310055,RL
2022310055,SPEECH
2022310055,HPC
2022310055,ENTCOMP
2022310055,ACR
2022310056,NLP
2022310056,DL
2022310056,HCI
2022310056,WNET
2022310056,ROBOT
2022310056,ETHICS
2022310056,TOPICS
2022310056,CV
2022310056,BDAV
2022310056,RL
2022310056,SPEECH
2022310056,HPC
2022310056,ENTCOMP
2022310056,ACR
2022310057,NLP
2022310057,DL
2022310057,HCI
2022310057,WNET
2022310057,ROBOT
2022310057,ETHICS
2022310057,TOPICS
2022310057,CV
2022310057,BDAV
2022310057,RL
2022310057,SPEECH
2022310057,HPC
2022310057,ENTCOMP
2022310057,ACR
2022310058,NLP
2022310058,DL
2022310058,HCI
2022310058,WNET
2022310058,ROBOT
2022310058,ETHICS
2022310058,TOPICS
2022310058,CV
2022310058,BDAV
2022310058,RL
2022310058,SPEECH
2022310058,HPC
2022310058,ENTCOMP
2022310058,ACR
2022310059,NLP
2022310059,DL
2022310059,HCI
2022310059,WNET
2022310059,ROBOT
2022310059,ETHICS
2022310059,TOPICS
2022310059,CV
2022310059,BDAV
2022310059,RL
2022310059,SPEECH
2022310059,HPC
2022310059,ENTCOMP
2022310059,ACR
2022310060,NLP
2022310060,DL
2022310060,HCI
2022310060,WNET
2022310060,ROBOT
2022310060,ETHICS
2022310060,TOPICS
2022310060,CV
2022310060,BDAV
2022310060,RL
2022310060,SPEECH
2022310060,HPC
2022310060,ENTCOMP
2022310060,ACR
2022310061,NLP
2022310061,DL
2022310061,HCI
2022310061,WNET
2022310061,ROBOT
2022310061,ETHICS
2022310061,TOPICS
2022310061,CV
2022310061,BDAV
2022310061,RL
2022310061,SPEECH
2022310061,HPC
2022310061,ENTCOMP
2022310061,ACR
2022310062,NLP
2022310062,DL
2022310062,HCI
2022310062,WNET
2022310062,ROBOT
2022310062,ETHICS
2022310062,TOPICS
2022310062,CV
2022310062,BDAV
2022310062,RL
2022310062,SPEECH
2022310062,HPC
2022310062,ENTCOMP
2022310062,ACR
2022310063,NLP
2022310063,DL
2022310063,HCI
2022310063,WNET
2022310063,ROBOT
2022310063,ETHICS
2022310063,TOPICS
2022310063,CV
2022310063,BDAV
2022310063,RL
2022310063,SPEECH
2022310063,HPC
2022310063,ENTCOMP
2022310063,ACR
2022310064,NLP
2022310064,DL
2022310064,HCI
2022310064,WNET
2022310064,ROBOT
2022310064,ETHICS
2022310064,TOPICS
2022310064,CV
2022310064,BDAV
2022310064,RL
2022310064,SPEECH
2022310064,HPC
2022310064,ENTCOMP
2022310064,ACR
2022310065,NLP
2022310065,DL
2022310065,HCI
2022310065,WNET
2022310065,ROBOT
2022310065,ETHICS
2022310065,TOPICS
2022310065,CV
2022310065,BDAV
2022310065,RL
2022310065,SPEECH
2022310065,HPC
2022310065,ENTCOMP
2022310065,ACR
2022310066,NLP
2022310066,DL
2022310066,HCI
2022310066,WNET
2022310066,ROBOT
2022310066,ETHICS
2022310066,TOPICS
2022310066,CV
2022310066,BDAV
2022310066,RL
2022310066,SPEECH
2022310066,HPC
2022310066,ENTCOMP
2022310066,ACR
2022310067,NLP
2022310067,DL
2022310067,HCI
2022310067,WNET
2022310067,ROBOT
2022310067,ETHICS
2022310067,TOPICS
2022310067,CV
2022310067,BDAV
2022310067,RL
2022310067,SPEECH
2022310067,HPC
2022310067,ENTCOMP
2022310067,ACR
2022310068,NLP
2022310068,DL
2022310068,HCI
2022310068,WNET
2022310068,ROBOT
2022310068,ETHICS
2022310068,TOPICS
2022310068,CV
2022310068,BDAV
2022310068,RL
2022310068,SPEECH
2022310068,HPC
2022310068,ENTCOMP
2022310068,ACR
2022310069,NLP
2022310069,DL
2022310069,HCI
2022310069,WNET
2022310069,ROBOT
2022310069,ETHICS
2022310069,TOPICS
2022310069,CV
2022310069,BDAV
2022310069,RL
2022310069,SPEECH
2022310069,HPC
2022310069,ENTCOMP
2022310069,ACR
2022310070,NLP
2022310070,DL
2022310070,HCI
2022310070,WNET
2022310070,ROBOT
2022310070,ETHICS
2022310070,TOPICS
2022310070,CV
2022310070,BDAV
2022310070,RL
2022310070,SPEECH
2022310070,HPC
2022310070,ENTCOMP
2022310070,ACR
2022310071,NLP
2022310071,DL
2022310071,HCI
2022310071,WNET
2022310071,ROBOT
2022310071,ETHICS
2022310071,TOPICS
2022310071,CV
2022310071,BDAV
2022310071,RL
2022310071,SPEECH
2022310071,HPC
2022310071,ENTCOMP
2022310071,ACR
2022310072,NLP
2022310072,DL
2022310072,HCI
2022310072,WNET
2022310072,ROBOT
2022310072,ETHICS
2022310072,TOPICS
2022310072,CV
2022310072,BDAV
2022310072,RL
2022310072,SPEECH
2022310072,HPC
2022310072,ENTCOMP
2022310072,ACR
2022310073,NLP
2022310073,DL
2022310073,HCI
2022310073,WNET
2022310073,ROBOT
2022310073,ETHICS
2022310073,TOPICS
2022310073,CV
2022310073,BDAV
2022310073,RL
2022310073,SPEECH
2022310073,HPC
2022310073,ENTCOMP
2022310073,ACR
2022310074,NLP
2022310074,DL
2022310074,HCI
2022310074,WNET
2022310074,ROBOT
2022310074,ETHICS
2022310074,TOPICS
2022310074,CV
2022310074,BDAV
2022310074,RL
2022310074,SPEECH
2022310074,HPC
2022310074,ENTCOMP
2022310074,ACR
2022310075,NLP
2022310075,DL
2022310075,HCI
2022310075,WNET
2022310075,ROBOT
2022310075,ETHICS
2022310075,TOPICS
2022310075,CV
2022310075,BDAV
2022310075,RL
2022310075,SPEECH
2022310075,HPC
2022310075,ENTCOMP
2022310075,ACR
2022310076,NLP
2022310076,DL
2022310076,HCI
2022310076,WNET
2022310076,ROBOT
2022310076,ETHICS
2022310076,TOPICS
2022310076,CV
2022310076,BDAV
2022310076,RL
2022310076,SPEECH
2022310076,HPC
2022310076,ENTCOMP
2022310076,ACR
2022310077,NLP
2022310077,DL
2022310077,HCI
2022310077,WNET
2022310077,ROBOT
2022310077,ETHICS
2022310077,TOPICS
2022310077,CV
2022310077,BDAV
2022310077,RL
2022310077,SPEECH
2022310077,HPC
2022310077,ENTCOMP
2022310077,ACR
2022310078,NLP
2022310078,DL
2022310078,HCI
2022310078,WNET
2022310078,ROBOT
2022310078,ETHICS
2022310078,TOPICS
2022310078,CV
2022310078,BDAV
2022310078,RL
2022310078,SPEECH
2022310078,HPC
2022310078,ENTCOMP
2022310078,ACR
2022310079,NLP
2022310079,DL
2022310079,HCI
2022310079,WNET
2022310079,ROBOT
2022310079,ETHICS
2022310079,TOPICS
2022310079,CV
2022310079,BDAV
2022310079,RL
2022310079,SPEECH
2022310079,HPC
2022310079,ENTCOMP
2022310079,ACR
2022310080,NLP
2022310080,DL
2022310080,HCI
2022310080,WNET
2022310080,ROBOT
2022310080,ETHICS
2022310080,TOPICS
2022310080,CV
2022310080,BDAV
2022310080,RL
2022310080,SPEECH
2022310080,HPC
2022310080,ENTCOMP
2022310080,ACR
2022310081,NLP
2022310081,DL
2022310081,HCI
2022310081,WNET
2022310081,ROBOT
2022310081,ETHICS
2022310081,TOPICS
2022310081,CV
2022310081,BDAV
2022310081,RL
2022310081,SPEECH
2022310081,HPC
2022310081,ENTCOMP
2022310081,ACR
2022310082,NLP
2022310082,DL
2022310082,HCI
2022310082,WNET
2022310082,ROBOT
2022310082,ETHICS
2022310082,TOPICS
2022310082,CV
2022310082,BDAV
2022310082,RL
2022310082,SPEECH
2022310082,HPC
2022310082,ENTCOMP
2022310082,ACR
2022310083,NLP
2022310083,DL
2022310083,HCI
2022310083,WNET
2022310083,ROBOT
2022310083,ETHICS
2022310083,TOPICS
2022310083,CV
2022310083,BDAV
2022310083,RL
2022310083,SPEECH
2022310083,HPC
2022310083,ENTCOMP
2022310083,ACR
2022310084,NLP
2022310084,DL
2022310084,HCI
2022310084,WNET
2022310084,ROBOT
2022310084,ETHICS
2022310084,TOPICS
2022310084,CV
2022310084,BDAV
2022310084,RL
2022310084,SPEECH
2022310084,HPC
2022310084,ENTCOMP
2022310084,ACR
2022310085,NLP
2022310085,DL
2022310085,HCI
2022310085,WNET
2022310085,ROBOT
2022310085,ETHICS
2022310085,TOPICS
2022310085,CV
2022310085,BDAV
2022310085,RL
2022310085,SPEECH
2022310085,HPC
2022310085,ENTCOMP
2022310085,ACR
2022310086,NLP
2022310086,DL
2022310086,HCI
2022310086,WNET
2022310086,ROBOT
2022310086,ETHICS
2022310086,TOPICS
2022310086,CV
2022310086,BDAV
2022310086,RL
2022310086,SPEECH
2022310086,HPC
2022310086,ENTCOMP
2022310086,ACR
2022310087,NLP
2022310087,DL
2022310087,HCI
2022310087,WNET
2022310087,ROBOT
2022310087,ETHICS
2022310087,TOPICS
2022310087,CV
2022310087,BDAV
2022310087,RL
2022310087,SPEECH
2022310087,HPC
2022310087,ENTCOMP
2022310087,ACR
2022310088,NLP
2022310088,DL
2022310088,HCI
2022310088,WNET
2022310088,ROBOT
2022310088,ETHICS
2022310088,TOPICS
2022310088,CV
2022310088,BDAV
2022310088,RL
2022310088,SPEECH
2022310088,HPC
2022310088,ENTCOMP
2022310088,ACR
2022310089,NLP
2022310089,DL
2022310089,HCI
2022310089,WNET
2022310089,ROBOT
2022310089,ETHICS
2022310089,TOPICS
2022310089,CV
2022310089,BDAV
2022310089,RL
2022310089,SPEECH
2022310089,HPC
2022310089,ENTCOMP
2022310089,ACR
2022310090,NLP
2022310090,DL
2022310090,HCI
2022310090,WNET
2022310090,ROBOT
2022310090,ETHICS
2022310090,TOPICS
2022310090,CV
2022310090,BDAV
2022310090,RL
2022310090,SPEECH
2022310090,HPC
2022310090,ENTCOMP
2022310090,ACR
2022310091,NLP
2022310091,DL
2022310091,HCI
2022310091,WNET
2022310091,ROBOT
2022310091,ETHICS
2022310091,TOPICS
2022310091,CV
2022310091,BDAV
2022310091,RL
2022310091,SPEECH
2022310091,HPC
2022310091,ENTCOMP
2022310091,ACR
2022310092,NLP
2022310092,DL
2022310092,HCI
2022310092,WNET
2022310092,ROBOT
2022310092,ETHICS
2022310092,TOPICS
2022310092,CV
2022310092,BDAV
2022310092,RL
2022310092,SPEECH
2022310092,HPC
2022310092,ENTCOMP
2022310092,ACR
2022310093,NLP
2022310093,DL
2022310093,HCI
2022310093,WNET
2022310093,ROBOT
2022310093,ETHICS
2022310093,TOPICS
2022310093,CV
2022310093,BDAV
2022310093,RL
2022310093,SPEECH
2022310093,HPC
2022310093,ENTCOMP
2022310093,ACR
2022310094,NLP
2022310094,DL
2022310094,HCI
2022310094,WNET
2022310094,ROBOT
2022310094,ETHICS
2022310094,TOPICS
2022310094,CV
2022310094,BDAV
2022310094,RL
2022310094,SPEECH
2022310094,HPC
2022310094,ENTCOMP
2022310094,ACR
2022310095,NLP
2022310095,DL
2022310095,HCI
2022310095,WNET
2022310095,ROBOT
2022310095,ETHICS
2022310095,TOPICS
2022310095,CV
2022310095,BDAV
2022310095,RL
2022310095,SPEECH
2022310095,HPC
2022310095,ENTCOMP
2022310095,ACR
2022310096,NLP
2022310096,DL
2022310096,HCI
2022310096,WNET
2022310096,ROBOT
2022310096,ETHICS
2022310096,TOPICS
2022310096,CV
2022310096,BDAV
2022310096,RL
2022310096,SPEECH
2022310096,HPC
2022310096,ENTCOMP
2022310096,ACR
2022310097,NLP
2022310097,DL
2022310097,HCI
2022310097,WNET
2022310097,ROBOT
2022310097,ETHICS
2022310097,TOPICS
2022310097,CV
2022310097,BDAV
2022310097,RL
2022310097,SPEECH
2022310097,HPC
2022310097,ENTCOMP
2022310097,ACR
2022310098,NLP
2022310098,DL
2022310098,HCI
2022310098,WNET
2022310098,ROBOT
2022310098,ETHICS
2022310098,TOPICS
2022310098,CV
2022310098,BDAV
2022310098,RL
2022310098,SPEECH
2022310098,HPC
2022310098,ENTCOMP
2022310098,ACR
2022310099,NLP
2022310099,DL
2022310099,HCI
2022310099,WNET
2022310099,ROBOT
2022310099,ETHICS
2022310099,TOPICS
2022310099,CV
2022310099,BDAV
2022310099,RL
2022310099,SPEECH
2022310099,HPC
2022310099,ENTCOMP
2022310099,ACR
2022310100,NLP
2022310100,DL
2022310100,HCI
2022310100,WNET
2022310100,ROBOT
2022310100,ETHICS
2022310100,TOPICS
2022310100,CV
2022310100,BDAV
2022310100,RL
2022310100,SPEECH
2022310100,HPC
2022310100,ENTCOMP
2022310100,ACR
2022310101,NLP
2022310101,DL
2022310101,HCI
2022310101,WNET
2022310101,ROBOT
2022310101,ETHICS
2022310101,TOPICS
2022310101,CV
2022310101,BDAV
2022310101,RL
2022310101,SPEECH
2022310101,HPC
2022310101,ENTCOMP
2022310101,ACR
2022310102,NLP
2022310102,DL
2022310102,HCI
2022310102,WNET
2022310102,ROBOT
2022310102,ETHICS
2022310102,TOPICS
2022310102,CV
2022310102,BDAV
2022310102,RL
2022310102,SPEECH
2022310102,HPC
2022310102,ENTCOMP
2022310102,ACR
2022310103,NLP
2022310103,DL
2022310103,HCI
2022310103,WNET
2022310103,ROBOT
2022310103,ETHICS
2022310103,TOPICS
2022310103,CV
2022310103,BDAV
2022310103,RL
2022310103,SPEECH
2022310103,HPC
2022310103,ENTCOMP
2022310103,ACR
2022310104,NLP
2022310104,DL
2022310104,HCI
2022310104,WNET
2022310104,ROBOT
2022310104,ETHICS
2022310104,TOPICS
2022310104,CV
2022310104,BDAV
2022310104,RL
2022310104,SPEECH
2022310104,HPC
2022310104,ENTCOMP
2022310104,ACR
2022310105,NLP
2022310105,DL
2022310105,HCI
2022310105,WNET
2022310105,ROBOT
2022310105,ETHICS
2022310105,TOPICS
2022310105,CV
2022310105,BDAV
2022310105,RL
2022310105,SPEECH
2022310105,HPC
2022310105,ENTCOMP
2022310105,ACR
2022310106,NLP
2022310106,DL
2022310106,HCI
2022310106,WNET
2022310106,ROBOT
2022310106,ETHICS
2022310106,TOPICS
2022310106,CV
2022310106,BDAV
2022310106,RL
2022310106,SPEECH
2022310106,HPC
2022310106,ENTCOMP
2022310106,ACR
2022310107,NLP
2022310107,DL
2022310107,HCI
2022310107,WNET
2022310107,ROBOT
2022310107,ETHICS
2022310107,TOPICS
2022310107,CV
2022310107,BDAV
2022310107,RL
2022310107,SPEECH
2022310107,HPC
2022310107,ENTCOMP
2022310107,ACR
2022310108,NLP
2022310108,DL
2022310108,HCI
2022310108,WNET
2022310108,ROBOT
2022310108,ETHICS
2022310108,TOPICS
2022310108,CV
2022310108,BDAV
2022310108,RL
2022310108,SPEECH
2022310108,HPC
2022310108,ENTCOMP
2022310108,ACR
2022310109,NLP
2022310109,DL
2022310109,HCI
2022310109,WNET
2022310109,ROBOT
2022310109,ETHICS
2022310109,TOPICS
2022310109,CV
2022310109,BDAV
2022310109,RL
2022310109,SPEECH
2022310109,HPC
2022310109,ENTCOMP
2022310109,ACR
2022310110,NLP
2022310110,DL
2022310110,HCI
2022310110,WNET
2022310110,ROBOT
2022310110,ETHICS
2022310110,TOPICS
2022310110,CV
2022310110,BDAV
2022310110,RL
2022310110,SPEECH
2022310110,HPC
2022310110,ENTCOMP
2022310110,ACR
2022310111,NLP
2022310111,DL
2022310111,HCI
2022310111,WNET
2022310111,ROBOT
2022310111,ETHICS
2022310111,TOPICS
2022310111,CV
2022310111,BDAV
2022310111,RL
2022310111,SPEECH
2022310111,HPC
2022310111,ENTCOMP
2022310111,ACR
2022310112,NLP
2022310112,DL
2022310112,HCI
2022310112,WNET
2022310112,ROBOT
2022310112,ETHICS
2022310112,TOPICS
2022310112,CV
2022310112,BDAV
2022310112,RL
2022310112,SPEECH
2022310112,HPC
2022310112,ENTCOMP
2022310112,ACR
2022310113,NLP
2022310113,DL
2022310113,HCI
2022310113,WNET
2022310113,ROBOT
2022310113,ETHICS
2022310113,TOPICS
2022310113,CV
2022310113,BDAV
2022310113,RL
2022310113,SPEECH
2022310113,HPC
2022310113,ENTCOMP
2022310113,ACR
2022310114,NLP
2022310114,DL
2022310114,HCI
2022310114,WNET
2022310114,ROBOT
2022310114,ETHICS
2022310114,TOPICS
2022310114,CV
2022310114,BDAV
2022310114,RL
2022310114,SPEECH
2022310114,HPC
2022310114,ENTCOMP
2022310114,ACR
2022310115,NLP
2022310115,DL
2022310115,HCI
2022310115,WNET
2022310115,ROBOT
2022310115,ETHICS
2022310115,TOPICS
2022310115,CV
2022310115,BDAV
2022310115,RL
2022310115,SPEECH
2022310115,HPC
2022310115,ENTCOMP
2022310115,ACR
2022310116,NLP
2022310116,DL
2022310116,HCI
2022310116,WNET
2022310116,ROBOT
2022310116,ETHICS
2022310116,TOPICS
2022310116,CV
2022310116,BDAV
2022310116,RL
2022310116,SPEECH
2022310116,HPC
2022310116,ENTCOMP
2022310116,ACR
2022310117,NLP
2022310117,DL
2022310117,HCI
2022310117,WNET
2022310117,ROBOT
2022310117,ETHICS
2022310117,TOPICS
2022310117,CV
2022310117,BDAV
2022310117,RL
2022310117,SPEECH
2022310117,HPC
2022310117,ENTCOMP
2022310117,ACR
2022310118,NLP
2022310118,DL
2022310118,HCI
2022310118,WNET
2022310118,ROBOT
2022310118,ETHICS
2022310118,TOPICS
2022310118,CV
2022310118,BDAV
2022310118,RL
2022310118,SPEECH
2022310118,HPC
2022310118,ENTCOMP
2022310118,ACR
2022310119,NLP
2022310119,DL
2022310119,HCI
2022310119,WNET
2022310119,ROBOT
2022310119,ETHICS
2022310119,TOPICS
2022310119,CV
2022310119,BDAV
2022310119,RL
2022310119,SPEECH
2022310119,HPC
2022310119,ENTCOMP
2022310119,ACR
2022310120,NLP
2022310120,DL
2022310120,HCI
2022310120,WNET
2022310120,ROBOT
2022310120,ETHICS
2022310120,TOPICS
2022310120,CV
2022310120,BDAV
2022310120,RL
2022310120,SPEECH
2022310120,HPC
2022310120,ENTCOMP
2022310120,ACR
2022310121,NLP
2022310121,DL
2022310121,HCI
2022310121,WNET
2022310121,ROBOT
2022310121,ETHICS
2022310121,TOPICS
2022310121,CV
2022310121,BDAV
2022310121,RL
2022310121,SPEECH
2022310121,HPC
2022310121,ENTCOMP
2022310121,ACR
2022310122,NLP
2022310122,DL
2022310122,HCI
2022310122,WNET
2022310122,ROBOT
2022310122,ETHICS
2022310122,TOPICS
2022310122,CV
2022310122,BDAV
2022310122,RL
2022310122,SPEECH
2022310122,HPC
2022310122,ENTCOMP
2022310122,ACR
2022310123,NLP
2022310123,DL
2022310123,HCI
2022310123,WNET
2022310123,ROBOT
2022310123,ETHICS
2022310123,TOPICS
2022310123,CV
2022310123,BDAV
2022310123,RL
2022310123,SPEECH
2022310123,HPC
2022310123,ENTCOMP
2022310123,ACR
2022310124,NLP
2022310124,DL
2022310124,HCI
2022310124,WNET
2022310124,ROBOT
2022310124,ETHICS
2022310124,TOPICS
2022310124,CV
2022310124,BDAV
2022310124,RL
2022310124,SPEECH
2022310124,HPC
2022310124,ENTCOMP
2022310124,ACR
2022310125,NLP
2022310125,DL
2022310125,HCI
2022310125,WNET
2022310125,ROBOT
2022310125,ETHICS
2022310125,TOPICS
2022310125,CV
2022310125,BDAV
2022310125,RL
2022310125,SPEECH
2022310125,HPC
2022310125,ENTCOMP
2022310125,ACR
2022310126,NLP
2022310126,DL
2022310126,HCI
2022310126,WNET
2022310126,ROBOT
2022310126,ETHICS
2022310126,TOPICS
2022310126,CV
2022310126,BDAV
2022310126,RL
2022310126,SPEECH
2022310126,HPC
2022310126,ENTCOMP
2022310126,ACR
2022310127,NLP
2022310127,DL
2022310127,HCI
2022310127,WNET
2022310127,ROBOT
2022310127,ETHICS
2022310127,TOPICS
2022310127,CV
2022310127,BDAV
2022310127,RL
2022310127,SPEECH
2022310127,HPC
2022310127,ENTCOMP
2022310127,ACR
2022310128,NLP
2022310128,DL
2022310128,HCI
2022310128,WNET
2022310128,ROBOT
2022310128,ETHICS
2022310128,TOPICS
2022310128,CV
2022310128,BDAV
2022310128,RL
2022310128,SPEECH
2022310128,HPC
2022310128,ENTCOMP
2022310128,ACR
2022310129,NLP
2022310129,DL
2022310129,HCI
2022310129,WNET
2022310129,ROBOT
2022310129,ETHICS
2022310129,TOPICS
2022310129,CV
2022310129,BDAV
2022310129,RL
2022310129,SPEECH
2022310129,HPC
2022310129,ENTCOMP
2022310129,ACR
2022310130,NLP
2022310130,DL
2022310130,HCI
2022310130,WNET
2022310130,ROBOT
2022310130,ETHICS
2022310130,TOPICS
2022310130,CV
2022310130,BDAV
2022310130,RL
2022310130,SPEECH
2022310130,HPC
2022310130,ENTCOMP
2022310130,ACR
2022310131,NLP
2022310131,DL
2022310131,HCI
2022310131,WNET
2022310131,ROBOT
2022310131,ETHICS
2022310131,TOPICS
2022310131,CV
2022310131,BDAV
2022310131,RL
2022310131,SPEECH
2022310131,HPC
2022310131,ENTCOMP
2022310131,ACR
2022310132,NLP
2022310132,DL
2022310132,HCI
2022310132,WNET
2022310132,ROBOT
2022310132,ETHICS
2022310132,TOPICS
2022310132,CV
2022310132,BDAV
2022310132,RL
2022310132,SPEECH
2022310132,HPC
2022310132,ENTCOMP
2022310132,ACR
2022310133,NLP
2022310133,DL
2022310133,HCI
2022310133,WNET
2022310133,ROBOT
2022310133,ETHICS
2022310133,TOPICS
2022310133,CV
2022310133,BDAV
2022310133,RL
2022310133,SPEECH
2022310133,HPC
2022310133,ENTCOMP
2022310133,ACR
2022310134,NLP
2022310134,DL
2022310134,HCI
2022310134,WNET
2022310134,ROBOT
2022310134,ETHICS
2022310134,TOPICS
2022310134,CV
2022310134,BDAV
2022310134,RL
2022310134,SPEECH
2022310134,HPC
2022310134,ENTCOMP
2022310134,ACR
2022310135,NLP
2022310135,DL
2022310135,HCI
2022310135,WNET
2022310135,ROBOT
2022310135,ETHICS
2022310135,TOPICS
2022310135,CV
2022310135,BDAV
2022310135,RL
2022310135,SPEECH
2022310135,HPC
2022310135,ENTCOMP
2022310135,ACR
2022310136,NLP
2022310136,DL
2022310136,HCI
2022310136,WNET
2022310136,ROBOT
2022310136,ETHICS
2022310136,TOPICS
2022310136,CV
2022310136,BDAV
2022310136,RL
2022310136,SPEECH
2022310136,HPC
2022310136,ENTCOMP
2022310136,ACR
2022310137,NLP
2022310137,DL
2022310137,HCI
2022310137,WNET
2022310137,ROBOT
2022310137,ETHICS
2022310137,TOPICS
2022310137,CV
2022310137,BDAV
2022310137,RL
2022310137,SPEECH
2022310137,HPC
2022310137,ENTCOMP
2022310137,ACR
2022310138,NLP
2022310138,DL
2022310138,HCI
2022310138,WNET
2022310138,ROBOT
2022310138,ETHICS
2022310138,TOPICS
2022310138,CV
2022310138,BDAV
2022310138,RL
2022310138,SPEECH
2022310138,HPC
2022310138,ENTCOMP
2022310138,ACR
2022310139,NLP
2022310139,DL
2022310139,HCI
2022310139,WNET
2022310139,ROBOT
2022310139,ETHICS
2022310139,TOPICS
2022310139,CV
2022310139,BDAV
2022310139,RL
2022310139,SPEECH
2022310139,HPC
2022310139,ENTCOMP
2022310139,ACR
2022310140,NLP
2022310140,DL
2022310140,HCI
2022310140,WNET
2022310140,ROBOT
2022310140,ETHICS
2022310140,TOPICS
2022310140,CV
2022310140,BDAV
2022310140,RL
2022310140,SPEECH
2022310140,HPC
2022310140,ENTCOMP
2022310140,ACR
2022310141,NLP
2022310141,DL
2022310141,HCI
2022310141,WNET
2022310141,ROBOT
2022310141,ETHICS
2022310141,TOPICS
2022310141,CV
2022310141,BDAV
2022310141,RL
2022310141,SPEECH
2022310141,HPC
2022310141,ENTCOMP
2022310141,ACR
2022310142,NLP
2022310142,DL
2022310142,HCI
2022310142,WNET
2022310142,ROBOT
2022310142,ETHICS
2022310142,TOPICS
2022310142,CV
2022310142,BDAV
2022310142,RL
2022310142,SPEECH
2022310142,HPC
2022310142,ENTCOMP
2022310142,ACR
2022310143,NLP
2022310143,DL
2022310143,HCI
2022310143,WNET
2022310143,ROBOT
2022310143,ETHICS
2022310143,TOPICS
2022310143,CV
2022310143,BDAV
2022310143,RL
2022310143,SPEECH
2022310143,HPC
2022310143,ENTCOMP
2022310143,ACR
2022310144,NLP
2022310144,DL
2022310144,HCI
2022310144,WNET
2022310144,ROBOT
2022310144,ETHICS
2022310144,TOPICS
2022310144,CV
2022310144,BDAV
2022310144,RL
2022310144,SPEECH
2022310144,HPC
2022310144,ENTCOMP
2022310144,ACR
2022310145,NLP
2022310145,DL
2022310145,HCI
2022310145,WNET
2022310145,ROBOT
2022310145,ETHICS
2022310145,TOPICS
2022310145,CV
2022310145,BDAV
2022310145,RL
2022310145,SPEECH
2022310145,HPC
2022310145,ENTCOMP
2022310145,ACR
2022310146,NLP
2022310146,DL
2022310146,HCI
2022310146,WNET
2022310146,ROBOT
2022310146,ETHICS
2022310146,TOPICS
2022310146,CV
2022310146,BDAV
2022310146,RL
2022310146,SPEECH
2022310146,HPC
2022310146,ENTCOMP
2022310146,ACR
2022310147,NLP
2022310147,DL
2022310147,HCI
2022310147,WNET
2022310147,ROBOT
2022310147,ETHICS
2022310147,TOPICS
2022310147,CV
2022310147,BDAV
2022310147,RL
2022310147,SPEECH
2022310147,HPC
2022310147,ENTCOMP
2022310147,ACR
2022310148,NLP
2022310148,DL
2022310148,HCI
2022310148,WNET
2022310148,ROBOT
2022310148,ETHICS
2022310148,TOPICS
2022310148,CV
2022310148,BDAV
2022310148,RL
2022310148,SPEECH
2022310148,HPC
2022310148,ENTCOMP
2022310148,ACR
2022310149,NLP
2022310149,DL
2022310149,HCI
2022310149,WNET
2022310149,ROBOT
2022310149,ETHICS
2022310149,TOPICS
2022310149,CV
2022310149,BDAV
2022310149,RL
2022310149,SPEECH
2022310149,HPC
2022310149,ENTCOMP
2022310149,ACR
2022310150,NLP
2022310150,DL
2022310150,HCI
2022310150,WNET
2022310150,ROBOT
2022310150,ETHICS
2022310150,TOPICS
2022310150,CV
2022310150,BDAV
2022310150,RL
2022310150,SPEECH
2022310150,HPC
2022310150,ENTCOMP
2022310150,ACR
