student code,exam code
TORONTO_STA83_STU00001,TORONTO_STA83_0003
TORONTO_STA83_STU00001,TORONTO_STA83_0013
TORONTO_STA83_STU00001,TORONTO_STA83_0034
TORONTO_STA83_STU00001,TORONTO_STA83_0054
TORONTO_STA83_STU00001,TORONTO_STA83_0071
TORONTO_STA83_STU00001,TORONTO_STA83_0081
TORONTO_STA83_STU00001,TORONTO_STA83_0097
TORONTO_STA83_STU00001,TORONTO_STA83_0105
TORONTO_STA83_STU00001,TORONTO_STA83_0116
TORONTO_STA83_STU00001,TORONTO_STA83_0135
TORONTO_STA83_STU00001,TORONTO_STA83_0138
TORONTO_STA83_STU00002,TORONTO_STA83_0003
TORONTO_STA83_STU00002,TORONTO_STA83_0015
TORONTO_STA83_STU00002,TORONTO_STA83_0036
TORONTO_STA83_STU00002,TORONTO_STA83_0056
TORONTO_STA83_STU00002,TORONTO_STA83_0071
TORONTO_STA83_STU00002,TORONTO_STA83_0083
TORONTO_STA83_STU00002,TORONTO_STA83_0097
TORONTO_STA83_STU00002,TORONTO_STA83_0106
TORONTO_STA83_STU00002,TORONTO_STA83_0118
TORONTO_STA83_STU00002,TORONTO_STA83_0135
TORONTO_STA83_STU00002,TORONTO_STA83_0138
TORONTO_STA83_STU00003,TORONTO_STA83_0003
TORONTO_STA83_STU00003,TORONTO_STA83_0010
TORONTO_STA83_STU00003,TORONTO_STA83_0031
TORONTO_STA83_STU00003,TORONTO_STA83_0051
TORONTO_STA83_STU00003,TORONTO_STA83_0071
TORONTO_STA83_STU00003,TORONTO_STA83_0078
TORONTO_STA83_STU00003,TORONTO_STA83_0097
TORONTO_STA83_STU00003,TORONTO_STA83_0105
TORONTO_STA83_STU00003,TORONTO_STA83_0113
TORONTO_STA83_STU00003,TORONTO_STA83_0135
TORONTO_STA83_STU00003,TORONTO_STA83_0138
TORONTO_STA83_STU00004,TORONTO_STA83_0003
TORONTO_STA83_STU00004,TORONTO_STA83_0011
TORONTO_STA83_STU00004,TORONTO_STA83_0032
TORONTO_STA83_STU00004,TORONTO_STA83_0052
TORONTO_STA83_STU00004,TORONTO_STA83_0071
TORONTO_STA83_STU00004,TORONTO_STA83_0079
TORONTO_STA83_STU00004,TORONTO_STA83_0097
TORONTO_STA83_STU00004,TORONTO_STA83_0106
TORONTO_STA83_STU00004,TORONTO_STA83_0114
TORONTO_STA83_STU00004,TORONTO_STA83_0135
TORONTO_STA83_STU00004,TORONTO_STA83_0138
TORONTO_STA83_STU00005,TORONTO_STA83_0003
TORONTO_STA83_STU00005,TORONTO_STA83_0011
TORONTO_STA83_STU00005,TORONTO_STA83_0032
TORONTO_STA83_STU00005,TORONTO_STA83_0052
TORONTO_STA83_STU00005,TORONTO_STA83_0071
TORONTO_STA83_STU00005,TORONTO_STA83_0079
TORONTO_STA83_STU00005,TORONTO_STA83_0097
TORONTO_STA83_STU00005,TORONTO_STA83_0106
TORONTO_STA83_STU00005,TORONTO_STA83_0114
TORONTO_STA83_STU00005,TORONTO_STA83_0135
TORONTO_STA83_STU00005,TORONTO_STA83_0138
TORONTO_STA83_STU00006,TORONTO_STA83_0003
TORONTO_STA83_STU00006,TORONTO_STA83_0016
TORONTO_STA83_STU00006,TORONTO_STA83_0037
TORONTO_STA83_STU00006,TORONTO_STA83_0057
TORONTO_STA83_STU00006,TORONTO_STA83_0071
TORONTO_STA83_STU00006,TORONTO_STA83_0084
TORONTO_STA83_STU00006,TORONTO_STA83_0097
TORONTO_STA83_STU00006,TORONTO_STA83_0105
TORONTO_STA83_STU00006,TORONTO_STA83_0119
TORONTO_STA83_STU00006,TORONTO_STA83_0135
TORONTO_STA83_STU00006,TORONTO_STA83_0138
TORONTO_STA83_STU00007,TORONTO_STA83_0003
TORONTO_STA83_STU00007,TORONTO_STA83_0009
TORONTO_STA83_STU00007,TORONTO_STA83_0030
TORONTO_STA83_STU00007,TORONTO_STA83_0050
TORONTO_STA83_STU00007,TORONTO_STA83_0071
TORONTO_STA83_STU00007,TORONTO_STA83_0077
TORONTO_STA83_STU00007,TORONTO_STA83_0097
TORONTO_STA83_STU00007,TORONTO_STA83_0105
TORONTO_STA83_STU00007,TORONTO_STA83_0112
TORONTO_STA83_STU00007,TORONTO_STA83_0135
TORONTO_STA83_STU00007,TORONTO_STA83_0138
TORONTO_STA83_STU00008,TORONTO_STA83_0003
TORONTO_STA83_STU00008,TORONTO_STA83_0016
TORONTO_STA83_STU00008,TORONTO_STA83_0037
TORONTO_STA83_STU00008,TORONTO_STA83_0057
TORONTO_STA83_STU00008,TORONTO_STA83_0071
TORONTO_STA83_STU00008,TORONTO_STA83_0084
TORONTO_STA83_STU00008,TORONTO_STA83_0097
TORONTO_STA83_STU00008,TORONTO_STA83_0106
TORONTO_STA83_STU00008,TORONTO_STA83_0119
TORONTO_STA83_STU00008,TORONTO_STA83_0135
TORONTO_STA83_STU00008,TORONTO_STA83_0138
TORONTO_STA83_STU00009,TORONTO_STA83_0003
TORONTO_STA83_STU00009,TORONTO_STA83_0009
TORONTO_STA83_STU00009,TORONTO_STA83_0030
TORONTO_STA83_STU00009,TORONTO_STA83_0050
TORONTO_STA83_STU00009,TORONTO_STA83_0071
TORONTO_STA83_STU00009,TORONTO_STA83_0077
TORONTO_STA83_STU00009,TORONTO_STA83_0097
TORONTO_STA83_STU00009,TORONTO_STA83_0106
TORONTO_STA83_STU00009,TORONTO_STA83_0112
TORONTO_STA83_STU00009,TORONTO_STA83_0135
TORONTO_STA83_STU00009,TORONTO_STA83_0138
TORONTO_STA83_STU00010,TORONTO_STA83_0003
TORONTO_STA83_STU00010,TORONTO_STA83_0010
TORONTO_STA83_STU00010,TORONTO_STA83_0031
TORONTO_STA83_STU00010,TORONTO_STA83_0051
TORONTO_STA83_STU00010,TORONTO_STA83_0071
TORONTO_STA83_STU00010,TORONTO_STA83_0078
TORONTO_STA83_STU00010,TORONTO_STA83_0097
TORONTO_STA83_STU00010,TORONTO_STA83_0106
TORONTO_STA83_STU00010,TORONTO_STA83_0113
TORONTO_STA83_STU00010,TORONTO_STA83_0135
TORONTO_STA83_STU00010,TORONTO_STA83_0138
TORONTO_STA83_STU00011,TORONTO_STA83_0003
TORONTO_STA83_STU00011,TORONTO_STA83_0011
TORONTO_STA83_STU00011,TORONTO_STA83_0032
TORONTO_STA83_STU00011,TORONTO_STA83_0052
TORONTO_STA83_STU00011,TORONTO_STA83_0071
TORONTO_STA83_STU00011,TORONTO_STA83_0079
TORONTO_STA83_STU00011,TORONTO_STA83_0097
TORONTO_STA83_STU00011,TORONTO_STA83_0105
TORONTO_STA83_STU00011,TORONTO_STA83_0114
TORONTO_STA83_STU00011,TORONTO_STA83_0135
TORONTO_STA83_STU00011,TORONTO_STA83_0138
TORONTO_STA83_STU00012,TORONTO_STA83_0003
TORONTO_STA83_STU00012,TORONTO_STA83_0016
TORONTO_STA83_STU00012,TORONTO_STA83_0037
TORONTO_STA83_STU00012,TORONTO_STA83_0057
TORONTO_STA83_STU00012,TORONTO_STA83_0071
TORONTO_STA83_STU00012,TORONTO_STA83_0084
TORONTO_STA83_STU00012,TORONTO_STA83_0097
TORONTO_STA83_STU00012,TORONTO_STA83_0106
TORONTO_STA83_STU00012,TORONTO_STA83_0119
TORONTO_STA83_STU00012,TORONTO_STA83_0135
TORONTO_STA83_STU00012,TORONTO_STA83_0138
TORONTO_STA83_STU00013,TORONTO_STA83_0003
TORONTO_STA83_STU00013,TORONTO_STA83_0011
TORONTO_STA83_STU00013,TORONTO_STA83_0032
TORONTO_STA83_STU00013,TORONTO_STA83_0052
TORONTO_STA83_STU00013,TORONTO_STA83_0071
TORONTO_STA83_STU00013,TORONTO_STA83_0079
TORONTO_STA83_STU00013,TORONTO_STA83_0097
TORONTO_STA83_STU00013,TORONTO_STA83_0106
TORONTO_STA83_STU00013,TORONTO_STA83_0114
TORONTO_STA83_STU00013,TORONTO_STA83_0135
TORONTO_STA83_STU00013,TORONTO_STA83_0138
TORONTO_STA83_STU00014,TORONTO_STA83_0003
TORONTO_STA83_STU00014,TORONTO_STA83_0011
TORONTO_STA83_STU00014,TORONTO_STA83_0032
TORONTO_STA83_STU00014,TORONTO_STA83_0052
TORONTO_STA83_STU00014,TORONTO_STA83_0071
TORONTO_STA83_STU00014,TORONTO_STA83_0079
TORONTO_STA83_STU00014,TORONTO_STA83_0097
TORONTO_STA83_STU00014,TORONTO_STA83_0106
TORONTO_STA83_STU00014,TORONTO_STA83_0114
TORONTO_STA83_STU00014,TORONTO_STA83_0135
TORONTO_STA83_STU00014,TORONTO_STA83_0138
TORONTO_STA83_STU00015,TORONTO_STA83_0003
TORONTO_STA83_STU00015,TORONTO_STA83_0016
TORONTO_STA83_STU00015,TORONTO_STA83_0037
TORONTO_STA83_STU00015,TORONTO_STA83_0057
TORONTO_STA83_STU00015,TORONTO_STA83_0071
TORONTO_STA83_STU00015,TORONTO_STA83_0084
TORONTO_STA83_STU00015,TORONTO_STA83_0097
TORONTO_STA83_STU00015,TORONTO_STA83_0106
TORONTO_STA83_STU00015,TORONTO_STA83_0119
TORONTO_STA83_STU00015,TORONTO_STA83_0135
TORONTO_STA83_STU00015,TORONTO_STA83_0138
TORONTO_STA83_STU00016,TORONTO_STA83_0003
TORONTO_STA83_STU00016,TORONTO_STA83_0009
TORONTO_STA83_STU00016,TORONTO_STA83_0030
TORONTO_STA83_STU00016,TORONTO_STA83_0050
TORONTO_STA83_STU00016,TORONTO_STA83_0071
TORONTO_STA83_STU00016,TORONTO_STA83_0077
TORONTO_STA83_STU00016,TORONTO_STA83_0097
TORONTO_STA83_STU00016,TORONTO_STA83_0106
TORONTO_STA83_STU00016,TORONTO_STA83_0112
TORONTO_STA83_STU00016,TORONTO_STA83_0135
TORONTO_STA83_STU00016,TORONTO_STA83_0138
TORONTO_STA83_STU00017,TORONTO_STA83_0003
TORONTO_STA83_STU00017,TORONTO_STA83_0015
TORONTO_STA83_STU00017,TORONTO_STA83_0036
TORONTO_STA83_STU00017,TORONTO_STA83_0056
TORONTO_STA83_STU00017,TORONTO_STA83_0071
TORONTO_STA83_STU00017,TORONTO_STA83_0083
TORONTO_STA83_STU00017,TORONTO_STA83_0097
TORONTO_STA83_STU00017,TORONTO_STA83_0105
TORONTO_STA83_STU00017,TORONTO_STA83_0118
TORONTO_STA83_STU00017,TORONTO_STA83_0135
TORONTO_STA83_STU00017,TORONTO_STA83_0138
TORONTO_STA83_STU00018,TORONTO_STA83_0003
TORONTO_STA83_STU00018,TORONTO_STA83_0015
TORONTO_STA83_STU00018,TORONTO_STA83_0036
TORONTO_STA83_STU00018,TORONTO_STA83_0056
TORONTO_STA83_STU00018,TORONTO_STA83_0071
TORONTO_STA83_STU00018,TORONTO_STA83_0083
TORONTO_STA83_STU00018,TORONTO_STA83_0097
TORONTO_STA83_STU00018,TORONTO_STA83_0106
TORONTO_STA83_STU00018,TORONTO_STA83_0118
TORONTO_STA83_STU00018,TORONTO_STA83_0135
TORONTO_STA83_STU00018,TORONTO_STA83_0138
TORONTO_STA83_STU00019,TORONTO_STA83_0003
TORONTO_STA83_STU00019,TORONTO_STA83_0010
TORONTO_STA83_STU00019,TORONTO_STA83_0031
TORONTO_STA83_STU00019,TORONTO_STA83_0051
TORONTO_STA83_STU00019,TORONTO_STA83_0071
TORONTO_STA83_STU00019,TORONTO_STA83_0078
TORONTO_STA83_STU00019,TORONTO_STA83_0097
TORONTO_STA83_STU00019,TORONTO_STA83_0105
TORONTO_STA83_STU00019,TORONTO_STA83_0113
TORONTO_STA83_STU00019,TORONTO_STA83_0135
TORONTO_STA83_STU00019,TORONTO_STA83_0138
TORONTO_STA83_STU00020,TORONTO_STA83_0003
TORONTO_STA83_STU00020,TORONTO_STA83_0009
TORONTO_STA83_STU00020,TORONTO_STA83_0030
TORONTO_STA83_STU00020,TORONTO_STA83_0050
TORONTO_STA83_STU00020,TORONTO_STA83_0071
TORONTO_STA83_STU00020,TORONTO_STA83_0077
TORONTO_STA83_STU00020,TORONTO_STA83_0097
TORONTO_STA83_STU00020,TORONTO_STA83_0106
TORONTO_STA83_STU00020,TORONTO_STA83_0112
TORONTO_STA83_STU00020,TORONTO_STA83_0135
TORONTO_STA83_STU00020,TORONTO_STA83_0138
TORONTO_STA83_STU00021,TORONTO_STA83_0003
TORONTO_STA83_STU00021,TORONTO_STA83_0010
TORONTO_STA83_STU00021,TORONTO_STA83_0031
TORONTO_STA83_STU00021,TORONTO_STA83_0051
TORONTO_STA83_STU00021,TORONTO_STA83_0071
TORONTO_STA83_STU00021,TORONTO_STA83_0078
TORONTO_STA83_STU00021,TORONTO_STA83_0097
TORONTO_STA83_STU00021,TORONTO_STA83_0106
TORONTO_STA83_STU00021,TORONTO_STA83_0113
TORONTO_STA83_STU00021,TORONTO_STA83_0135
TORONTO_STA83_STU00021,TORONTO_STA83_0138
TORONTO_STA83_STU00022,TORONTO_STA83_0003
TORONTO_STA83_STU00022,TORONTO_STA83_0016
TORONTO_STA83_STU00022,TORONTO_STA83_0037
TORONTO_STA83_STU00022,TORONTO_STA83_0057
TORONTO_STA83_STU00022,TORONTO_STA83_0071
TORONTO_STA83_STU00022,TORONTO_STA83_0084
TORONTO_STA83_STU00022,TORONTO_STA83_0097
TORONTO_STA83_STU00022,TORONTO_STA83_0106
TORONTO_STA83_STU00022,TORONTO_STA83_0119
TORONTO_STA83_STU00022,TORONTO_STA83_0135
TORONTO_STA83_STU00022,TORONTO_STA83_0138
TORONTO_STA83_STU00023,TORONTO_STA83_0003
TORONTO_STA83_STU00023,TORONTO_STA83_0016
TORONTO_STA83_STU00023,TORONTO_STA83_0037
TORONTO_STA83_STU00023,TORONTO_STA83_0057
TORONTO_STA83_STU00023,TORONTO_STA83_0071
TORONTO_STA83_STU00023,TORONTO_STA83_0084
TORONTO_STA83_STU00023,TORONTO_STA83_0097
TORONTO_STA83_STU00023,TORONTO_STA83_0106
TORONTO_STA83_STU00023,TORONTO_STA83_0119
TORONTO_STA83_STU00023,TORONTO_STA83_0135
TORONTO_STA83_STU00023,TORONTO_STA83_0138
TORONTO_STA83_STU00024,TORONTO_STA83_0003
TORONTO_STA83_STU00024,TORONTO_STA83_0010
TORONTO_STA83_STU00024,TORONTO_STA83_0031
TORONTO_STA83_STU00024,TORONTO_STA83_0051
TORONTO_STA83_STU00024,TORONTO_STA83_0071
TORONTO_STA83_STU00024,TORONTO_STA83_0078
TORONTO_STA83_STU00024,TORONTO_STA83_0097
TORONTO_STA83_STU00024,TORONTO_STA83_0106
TORONTO_STA83_STU00024,TORONTO_STA83_0113
TORONTO_STA83_STU00024,TORONTO_STA83_0135
TORONTO_STA83_STU00024,TORONTO_STA83_0138
TORONTO_STA83_STU00025,TORONTO_STA83_0003
TORONTO_STA83_STU00025,TORONTO_STA83_0009
TORONTO_STA83_STU00025,TORONTO_STA83_0030
TORONTO_STA83_STU00025,TORONTO_STA83_0050
TORONTO_STA83_STU00025,TORONTO_STA83_0071
TORONTO_STA83_STU00025,TORONTO_STA83_0077
TORONTO_STA83_STU00025,TORONTO_STA83_0097
TORONTO_STA83_STU00025,TORONTO_STA83_0105
TORONTO_STA83_STU00025,TORONTO_STA83_0112
TORONTO_STA83_STU00025,TORONTO_STA83_0135
TORONTO_STA83_STU00025,TORONTO_STA83_0138
TORONTO_STA83_STU00026,TORONTO_STA83_0003
TORONTO_STA83_STU00026,TORONTO_STA83_0011
TORONTO_STA83_STU00026,TORONTO_STA83_0032
TORONTO_STA83_STU00026,TORONTO_STA83_0052
TORONTO_STA83_STU00026,TORONTO_STA83_0071
TORONTO_STA83_STU00026,TORONTO_STA83_0079
TORONTO_STA83_STU00026,TORONTO_STA83_0097
TORONTO_STA83_STU00026,TORONTO_STA83_0105
TORONTO_STA83_STU00026,TORONTO_STA83_0114
TORONTO_STA83_STU00026,TORONTO_STA83_0135
TORONTO_STA83_STU00026,TORONTO_STA83_0138
TORONTO_STA83_STU00027,TORONTO_STA83_0003
TORONTO_STA83_STU00027,TORONTO_STA83_0011
TORONTO_STA83_STU00027,TORONTO_STA83_0032
TORONTO_STA83_STU00027,TORONTO_STA83_0052
TORONTO_STA83_STU00027,TORONTO_STA83_0071
TORONTO_STA83_STU00027,TORONTO_STA83_0079
TORONTO_STA83_STU00027,TORONTO_STA83_0097
TORONTO_STA83_STU00027,TORONTO_STA83_0105
TORONTO_STA83_STU00027,TORONTO_STA83_0114
TORONTO_STA83_STU00027,TORONTO_STA83_0135
TORONTO_STA83_STU00027,TORONTO_STA83_0138
TORONTO_STA83_STU00028,TORONTO_STA83_0003
TORONTO_STA83_STU00028,TORONTO_STA83_0009
TORONTO_STA83_STU00028,TORONTO_STA83_0030
TORONTO_STA83_STU00028,TORONTO_STA83_0050
TORONTO_STA83_STU00028,TORONTO_STA83_0071
TORONTO_STA83_STU00028,TORONTO_STA83_0077
TORONTO_STA83_STU00028,TORONTO_STA83_0097
TORONTO_STA83_STU00028,TORONTO_STA83_0105
TORONTO_STA83_STU00028,TORONTO_STA83_0112
TORONTO_STA83_STU00028,TORONTO_STA83_0135
TORONTO_STA83_STU00028,TORONTO_STA83_0138
TORONTO_STA83_STU00029,TORONTO_STA83_0003
TORONTO_STA83_STU00029,TORONTO_STA83_0010
TORONTO_STA83_STU00029,TORONTO_STA83_0031
TORONTO_STA83_STU00029,TORONTO_STA83_0051
TORONTO_STA83_STU00029,TORONTO_STA83_0071
TORONTO_STA83_STU00029,TORONTO_STA83_0078
TORONTO_STA83_STU00029,TORONTO_STA83_0097
TORONTO_STA83_STU00029,TORONTO_STA83_0105
TORONTO_STA83_STU00029,TORONTO_STA83_0113
TORONTO_STA83_STU00029,TORONTO_STA83_0135
TORONTO_STA83_STU00029,TORONTO_STA83_0138
TORONTO_STA83_STU00030,TORONTO_STA83_0003
TORONTO_STA83_STU00030,TORONTO_STA83_0009
TORONTO_STA83_STU00030,TORONTO_STA83_0030
TORONTO_STA83_STU00030,TORONTO_STA83_0050
TORONTO_STA83_STU00030,TORONTO_STA83_0071
TORONTO_STA83_STU00030,TORONTO_STA83_0077
TORONTO_STA83_STU00030,TORONTO_STA83_0097
TORONTO_STA83_STU00030,TORONTO_STA83_0106
TORONTO_STA83_STU00030,TORONTO_STA83_0112
TORONTO_STA83_STU00030,TORONTO_STA83_0135
TORONTO_STA83_STU00030,TORONTO_STA83_0138
TORONTO_STA83_STU00031,TORONTO_STA83_0003
TORONTO_STA83_STU00031,TORONTO_STA83_0010
TORONTO_STA83_STU00031,TORONTO_STA83_0031
TORONTO_STA83_STU00031,TORONTO_STA83_0051
TORONTO_STA83_STU00031,TORONTO_STA83_0071
TORONTO_STA83_STU00031,TORONTO_STA83_0078
TORONTO_STA83_STU00031,TORONTO_STA83_0097
TORONTO_STA83_STU00031,TORONTO_STA83_0106
TORONTO_STA83_STU00031,TORONTO_STA83_0113
TORONTO_STA83_STU00031,TORONTO_STA83_0135
TORONTO_STA83_STU00031,TORONTO_STA83_0138
TORONTO_STA83_STU00032,TORONTO_STA83_0003
TORONTO_STA83_STU00032,TORONTO_STA83_0015
TORONTO_STA83_STU00032,TORONTO_STA83_0036
TORONTO_STA83_STU00032,TORONTO_STA83_0056
TORONTO_STA83_STU00032,TORONTO_STA83_0071
TORONTO_STA83_STU00032,TORONTO_STA83_0083
TORONTO_STA83_STU00032,TORONTO_STA83_0097
TORONTO_STA83_STU00032,TORONTO_STA83_0105
TORONTO_STA83_STU00032,TORONTO_STA83_0118
TORONTO_STA83_STU00032,TORONTO_STA83_0135
TORONTO_STA83_STU00032,TORONTO_STA83_0138
TORONTO_STA83_STU00033,TORONTO_STA83_0003
TORONTO_STA83_STU00033,TORONTO_STA83_0015
TORONTO_STA83_STU00033,TORONTO_STA83_0036
TORONTO_STA83_STU00033,TORONTO_STA83_0056
TORONTO_STA83_STU00033,TORONTO_STA83_0071
TORONTO_STA83_STU00033,TORONTO_STA83_0083
TORONTO_STA83_STU00033,TORONTO_STA83_0097
TORONTO_STA83_STU00033,TORONTO_STA83_0106
TORONTO_STA83_STU00033,TORONTO_STA83_0118
TORONTO_STA83_STU00033,TORONTO_STA83_0135
TORONTO_STA83_STU00033,TORONTO_STA83_0138
TORONTO_STA83_STU00034,TORONTO_STA83_0003
TORONTO_STA83_STU00034,TORONTO_STA83_0010
TORONTO_STA83_STU00034,TORONTO_STA83_0031
TORONTO_STA83_STU00034,TORONTO_STA83_0051
TORONTO_STA83_STU00034,TORONTO_STA83_0071
TORONTO_STA83_STU00034,TORONTO_STA83_0078
TORONTO_STA83_STU00034,TORONTO_STA83_0097
TORONTO_STA83_STU00034,TORONTO_STA83_0106
TORONTO_STA83_STU00034,TORONTO_STA83_0113
TORONTO_STA83_STU00034,TORONTO_STA83_0135
TORONTO_STA83_STU00034,TORONTO_STA83_0138
TORONTO_STA83_STU00035,TORONTO_STA83_0003
TORONTO_STA83_STU00035,TORONTO_STA83_0012
TORONTO_STA83_STU00035,TORONTO_STA83_0033
TORONTO_STA83_STU00035,TORONTO_STA83_0053
TORONTO_STA83_STU00035,TORONTO_STA83_0071
TORONTO_STA83_STU00035,TORONTO_STA83_0080
TORONTO_STA83_STU00035,TORONTO_STA83_0097
TORONTO_STA83_STU00035,TORONTO_STA83_0105
TORONTO_STA83_STU00035,TORONTO_STA83_0115
TORONTO_STA83_STU00035,TORONTO_STA83_0135
TORONTO_STA83_STU00035,TORONTO_STA83_0138
TORONTO_STA83_STU00036,TORONTO_STA83_0003
TORONTO_STA83_STU00036,TORONTO_STA83_0010
TORONTO_STA83_STU00036,TORONTO_STA83_0031
TORONTO_STA83_STU00036,TORONTO_STA83_0051
TORONTO_STA83_STU00036,TORONTO_STA83_0071
TORONTO_STA83_STU00036,TORONTO_STA83_0078
TORONTO_STA83_STU00036,TORONTO_STA83_0097
TORONTO_STA83_STU00036,TORONTO_STA83_0105
TORONTO_STA83_STU00036,TORONTO_STA83_0113
TORONTO_STA83_STU00036,TORONTO_STA83_0135
TORONTO_STA83_STU00036,TORONTO_STA83_0138
TORONTO_STA83_STU00037,TORONTO_STA83_0003
TORONTO_STA83_STU00037,TORONTO_STA83_0016
TORONTO_STA83_STU00037,TORONTO_STA83_0037
TORONTO_STA83_STU00037,TORONTO_STA83_0057
TORONTO_STA83_STU00037,TORONTO_STA83_0071
TORONTO_STA83_STU00037,TORONTO_STA83_0084
TORONTO_STA83_STU00037,TORONTO_STA83_0097
TORONTO_STA83_STU00037,TORONTO_STA83_0106
TORONTO_STA83_STU00037,TORONTO_STA83_0119
TORONTO_STA83_STU00037,TORONTO_STA83_0135
TORONTO_STA83_STU00037,TORONTO_STA83_0138
TORONTO_STA83_STU00038,TORONTO_STA83_0003
TORONTO_STA83_STU00038,TORONTO_STA83_0014
TORONTO_STA83_STU00038,TORONTO_STA83_0035
TORONTO_STA83_STU00038,TORONTO_STA83_0055
TORONTO_STA83_STU00038,TORONTO_STA83_0071
TORONTO_STA83_STU00038,TORONTO_STA83_0082
TORONTO_STA83_STU00038,TORONTO_STA83_0097
TORONTO_STA83_STU00038,TORONTO_STA83_0106
TORONTO_STA83_STU00038,TORONTO_STA83_0117
TORONTO_STA83_STU00038,TORONTO_STA83_0135
TORONTO_STA83_STU00038,TORONTO_STA83_0138
TORONTO_STA83_STU00039,TORONTO_STA83_0003
TORONTO_STA83_STU00039,TORONTO_STA83_0010
TORONTO_STA83_STU00039,TORONTO_STA83_0031
TORONTO_STA83_STU00039,TORONTO_STA83_0051
TORONTO_STA83_STU00039,TORONTO_STA83_0071
TORONTO_STA83_STU00039,TORONTO_STA83_0078
TORONTO_STA83_STU00039,TORONTO_STA83_0097
TORONTO_STA83_STU00039,TORONTO_STA83_0105
TORONTO_STA83_STU00039,TORONTO_STA83_0113
TORONTO_STA83_STU00039,TORONTO_STA83_0135
TORONTO_STA83_STU00039,TORONTO_STA83_0138
TORONTO_STA83_STU00040,TORONTO_STA83_0003
TORONTO_STA83_STU00040,TORONTO_STA83_0009
TORONTO_STA83_STU00040,TORONTO_STA83_0030
TORONTO_STA83_STU00040,TORONTO_STA83_0050
TORONTO_STA83_STU00040,TORONTO_STA83_0071
TORONTO_STA83_STU00040,TORONTO_STA83_0077
TORONTO_STA83_STU00040,TORONTO_STA83_0097
TORONTO_STA83_STU00040,TORONTO_STA83_0105
TORONTO_STA83_STU00040,TORONTO_STA83_0112
TORONTO_STA83_STU00040,TORONTO_STA83_0135
TORONTO_STA83_STU00040,TORONTO_STA83_0138
TORONTO_STA83_STU00041,TORONTO_STA83_0003
TORONTO_STA83_STU00041,TORONTO_STA83_0009
TORONTO_STA83_STU00041,TORONTO_STA83_0030
TORONTO_STA83_STU00041,TORONTO_STA83_0050
TORONTO_STA83_STU00041,TORONTO_STA83_0071
TORONTO_STA83_STU00041,TORONTO_STA83_0077
TORONTO_STA83_STU00041,TORONTO_STA83_0097
TORONTO_STA83_STU00041,TORONTO_STA83_0105
TORONTO_STA83_STU00041,TORONTO_STA83_0112
TORONTO_STA83_STU00041,TORONTO_STA83_0135
TORONTO_STA83_STU00041,TORONTO_STA83_0138
TORONTO_STA83_STU00042,TORONTO_STA83_0003
TORONTO_STA83_STU00042,TORONTO_STA83_0014
TORONTO_STA83_STU00042,TORONTO_STA83_0035
TORONTO_STA83_STU00042,TORONTO_STA83_0055
TORONTO_STA83_STU00042,TORONTO_STA83_0071
TORONTO_STA83_STU00042,TORONTO_STA83_0082
TORONTO_STA83_STU00042,TORONTO_STA83_0097
TORONTO_STA83_STU00042,TORONTO_STA83_0106
TORONTO_STA83_STU00042,TORONTO_STA83_0117
TORONTO_STA83_STU00042,TORONTO_STA83_0135
TORONTO_STA83_STU00042,TORONTO_STA83_0138
TORONTO_STA83_STU00043,TORONTO_STA83_0003
TORONTO_STA83_STU00043,TORONTO_STA83_0011
TORONTO_STA83_STU00043,TORONTO_STA83_0032
TORONTO_STA83_STU00043,TORONTO_STA83_0052
TORONTO_STA83_STU00043,TORONTO_STA83_0071
TORONTO_STA83_STU00043,TORONTO_STA83_0079
TORONTO_STA83_STU00043,TORONTO_STA83_0097
TORONTO_STA83_STU00043,TORONTO_STA83_0105
TORONTO_STA83_STU00043,TORONTO_STA83_0114
TORONTO_STA83_STU00043,TORONTO_STA83_0135
TORONTO_STA83_STU00043,TORONTO_STA83_0138
TORONTO_STA83_STU00044,TORONTO_STA83_0003
TORONTO_STA83_STU00044,TORONTO_STA83_0010
TORONTO_STA83_STU00044,TORONTO_STA83_0031
TORONTO_STA83_STU00044,TORONTO_STA83_0051
TORONTO_STA83_STU00044,TORONTO_STA83_0071
TORONTO_STA83_STU00044,TORONTO_STA83_0078
TORONTO_STA83_STU00044,TORONTO_STA83_0097
TORONTO_STA83_STU00044,TORONTO_STA83_0106
TORONTO_STA83_STU00044,TORONTO_STA83_0113
TORONTO_STA83_STU00044,TORONTO_STA83_0135
TORONTO_STA83_STU00044,TORONTO_STA83_0138
TORONTO_STA83_STU00045,TORONTO_STA83_0003
TORONTO_STA83_STU00045,TORONTO_STA83_0010
TORONTO_STA83_STU00045,TORONTO_STA83_0031
TORONTO_STA83_STU00045,TORONTO_STA83_0051
TORONTO_STA83_STU00045,TORONTO_STA83_0071
TORONTO_STA83_STU00045,TORONTO_STA83_0078
TORONTO_STA83_STU00045,TORONTO_STA83_0097
TORONTO_STA83_STU00045,TORONTO_STA83_0106
TORONTO_STA83_STU00045,TORONTO_STA83_0113
TORONTO_STA83_STU00045,TORONTO_STA83_0135
TORONTO_STA83_STU00045,TORONTO_STA83_0138
TORONTO_STA83_STU00046,TORONTO_STA83_0003
TORONTO_STA83_STU00046,TORONTO_STA83_0014
TORONTO_STA83_STU00046,TORONTO_STA83_0035
TORONTO_STA83_STU00046,TORONTO_STA83_0055
TORONTO_STA83_STU00046,TORONTO_STA83_0071
TORONTO_STA83_STU00046,TORONTO_STA83_0082
TORONTO_STA83_STU00046,TORONTO_STA83_0097
TORONTO_STA83_STU00046,TORONTO_STA83_0105
TORONTO_STA83_STU00046,TORONTO_STA83_0117
TORONTO_STA83_STU00046,TORONTO_STA83_0135
TORONTO_STA83_STU00046,TORONTO_STA83_0138
TORONTO_STA83_STU00047,TORONTO_STA83_0003
TORONTO_STA83_STU00047,TORONTO_STA83_0013
TORONTO_STA83_STU00047,TORONTO_STA83_0034
TORONTO_STA83_STU00047,TORONTO_STA83_0054
TORONTO_STA83_STU00047,TORONTO_STA83_0071
TORONTO_STA83_STU00047,TORONTO_STA83_0081
TORONTO_STA83_STU00047,TORONTO_STA83_0097
TORONTO_STA83_STU00047,TORONTO_STA83_0106
TORONTO_STA83_STU00047,TORONTO_STA83_0116
TORONTO_STA83_STU00047,TORONTO_STA83_0135
TORONTO_STA83_STU00047,TORONTO_STA83_0138
TORONTO_STA83_STU00048,TORONTO_STA83_0003
TORONTO_STA83_STU00048,TORONTO_STA83_0012
TORONTO_STA83_STU00048,TORONTO_STA83_0033
TORONTO_STA83_STU00048,TORONTO_STA83_0053
TORONTO_STA83_STU00048,TORONTO_STA83_0071
TORONTO_STA83_STU00048,TORONTO_STA83_0080
TORONTO_STA83_STU00048,TORONTO_STA83_0097
TORONTO_STA83_STU00048,TORONTO_STA83_0105
TORONTO_STA83_STU00048,TORONTO_STA83_0115
TORONTO_STA83_STU00048,TORONTO_STA83_0135
TORONTO_STA83_STU00048,TORONTO_STA83_0138
TORONTO_STA83_STU00049,TORONTO_STA83_0003
TORONTO_STA83_STU00049,TORONTO_STA83_0015
TORONTO_STA83_STU00049,TORONTO_STA83_0036
TORONTO_STA83_STU00049,TORONTO_STA83_0056
TORONTO_STA83_STU00049,TORONTO_STA83_0071
TORONTO_STA83_STU00049,TORONTO_STA83_0083
TORONTO_STA83_STU00049,TORONTO_STA83_0097
TORONTO_STA83_STU00049,TORONTO_STA83_0105
TORONTO_STA83_STU00049,TORONTO_STA83_0118
TORONTO_STA83_STU00049,TORONTO_STA83_0135
TORONTO_STA83_STU00049,TORONTO_STA83_0138
TORONTO_STA83_STU00050,TORONTO_STA83_0003
TORONTO_STA83_STU00050,TORONTO_STA83_0009
TORONTO_STA83_STU00050,TORONTO_STA83_0030
TORONTO_STA83_STU00050,TORONTO_STA83_0050
TORONTO_STA83_STU00050,TORONTO_STA83_0071
TORONTO_STA83_STU00050,TORONTO_STA83_0077
TORONTO_STA83_STU00050,TORONTO_STA83_0097
TORONTO_STA83_STU00050,TORONTO_STA83_0105
TORONTO_STA83_STU00050,TORONTO_STA83_0112
TORONTO_STA83_STU00050,TORONTO_STA83_0135
TORONTO_STA83_STU00050,TORONTO_STA83_0138
TORONTO_STA83_STU00051,TORONTO_STA83_0003
TORONTO_STA83_STU00051,TORONTO_STA83_0010
TORONTO_STA83_STU00051,TORONTO_STA83_0031
TORONTO_STA83_STU00051,TORONTO_STA83_0051
TORONTO_STA83_STU00051,TORONTO_STA83_0071
TORONTO_STA83_STU00051,TORONTO_STA83_0078
TORONTO_STA83_STU00051,TORONTO_STA83_0097
TORONTO_STA83_STU00051,TORONTO_STA83_0105
TORONTO_STA83_STU00051,TORONTO_STA83_0113
TORONTO_STA83_STU00051,TORONTO_STA83_0135
TORONTO_STA83_STU00051,TORONTO_STA83_0138
TORONTO_STA83_STU00052,TORONTO_STA83_0003
TORONTO_STA83_STU00052,TORONTO_STA83_0011
TORONTO_STA83_STU00052,TORONTO_STA83_0032
TORONTO_STA83_STU00052,TORONTO_STA83_0052
TORONTO_STA83_STU00052,TORONTO_STA83_0071
TORONTO_STA83_STU00052,TORONTO_STA83_0079
TORONTO_STA83_STU00052,TORONTO_STA83_0097
TORONTO_STA83_STU00052,TORONTO_STA83_0106
TORONTO_STA83_STU00052,TORONTO_STA83_0114
TORONTO_STA83_STU00052,TORONTO_STA83_0135
TORONTO_STA83_STU00052,TORONTO_STA83_0138
TORONTO_STA83_STU00053,TORONTO_STA83_0003
TORONTO_STA83_STU00053,TORONTO_STA83_0010
TORONTO_STA83_STU00053,TORONTO_STA83_0031
TORONTO_STA83_STU00053,TORONTO_STA83_0051
TORONTO_STA83_STU00053,TORONTO_STA83_0071
TORONTO_STA83_STU00053,TORONTO_STA83_0078
TORONTO_STA83_STU00053,TORONTO_STA83_0097
TORONTO_STA83_STU00053,TORONTO_STA83_0105
TORONTO_STA83_STU00053,TORONTO_STA83_0113
TORONTO_STA83_STU00053,TORONTO_STA83_0135
TORONTO_STA83_STU00053,TORONTO_STA83_0138
TORONTO_STA83_STU00054,TORONTO_STA83_0003
TORONTO_STA83_STU00054,TORONTO_STA83_0015
TORONTO_STA83_STU00054,TORONTO_STA83_0036
TORONTO_STA83_STU00054,TORONTO_STA83_0056
TORONTO_STA83_STU00054,TORONTO_STA83_0071
TORONTO_STA83_STU00054,TORONTO_STA83_0083
TORONTO_STA83_STU00054,TORONTO_STA83_0097
TORONTO_STA83_STU00054,TORONTO_STA83_0105
TORONTO_STA83_STU00054,TORONTO_STA83_0118
TORONTO_STA83_STU00054,TORONTO_STA83_0135
TORONTO_STA83_STU00054,TORONTO_STA83_0138
TORONTO_STA83_STU00055,TORONTO_STA83_0003
TORONTO_STA83_STU00055,TORONTO_STA83_0016
TORONTO_STA83_STU00055,TORONTO_STA83_0037
TORONTO_STA83_STU00055,TORONTO_STA83_0057
TORONTO_STA83_STU00055,TORONTO_STA83_0071
TORONTO_STA83_STU00055,TORONTO_STA83_0084
TORONTO_STA83_STU00055,TORONTO_STA83_0097
TORONTO_STA83_STU00055,TORONTO_STA83_0105
TORONTO_STA83_STU00055,TORONTO_STA83_0119
TORONTO_STA83_STU00055,TORONTO_STA83_0135
TORONTO_STA83_STU00055,TORONTO_STA83_0138
TORONTO_STA83_STU00056,TORONTO_STA83_0003
TORONTO_STA83_STU00056,TORONTO_STA83_0011
TORONTO_STA83_STU00056,TORONTO_STA83_0032
TORONTO_STA83_STU00056,TORONTO_STA83_0052
TORONTO_STA83_STU00056,TORONTO_STA83_0071
TORONTO_STA83_STU00056,TORONTO_STA83_0079
TORONTO_STA83_STU00056,TORONTO_STA83_0097
TORONTO_STA83_STU00056,TORONTO_STA83_0105
TORONTO_STA83_STU00056,TORONTO_STA83_0114
TORONTO_STA83_STU00056,TORONTO_STA83_0135
TORONTO_STA83_STU00056,TORONTO_STA83_0138
TORONTO_STA83_STU00057,TORONTO_STA83_0003
TORONTO_STA83_STU00057,TORONTO_STA83_0011
TORONTO_STA83_STU00057,TORONTO_STA83_0032
TORONTO_STA83_STU00057,TORONTO_STA83_0052
TORONTO_STA83_STU00057,TORONTO_STA83_0071
TORONTO_STA83_STU00057,TORONTO_STA83_0079
TORONTO_STA83_STU00057,TORONTO_STA83_0097
TORONTO_STA83_STU00057,TORONTO_STA83_0105
TORONTO_STA83_STU00057,TORONTO_STA83_0114
TORONTO_STA83_STU00057,TORONTO_STA83_0135
TORONTO_STA83_STU00057,TORONTO_STA83_0138
TORONTO_STA83_STU00058,TORONTO_STA83_0003
TORONTO_STA83_STU00058,TORONTO_STA83_0009
TORONTO_STA83_STU00058,TORONTO_STA83_0030
TORONTO_STA83_STU00058,TORONTO_STA83_0050
TORONTO_STA83_STU00058,TORONTO_STA83_0071
TORONTO_STA83_STU00058,TORONTO_STA83_0077
TORONTO_STA83_STU00058,TORONTO_STA83_0097
TORONTO_STA83_STU00058,TORONTO_STA83_0106
TORONTO_STA83_STU00058,TORONTO_STA83_0112
TORONTO_STA83_STU00058,TORONTO_STA83_0135
TORONTO_STA83_STU00058,TORONTO_STA83_0138
TORONTO_STA83_STU00059,TORONTO_STA83_0003
TORONTO_STA83_STU00059,TORONTO_STA83_0011
TORONTO_STA83_STU00059,TORONTO_STA83_0032
TORONTO_STA83_STU00059,TORONTO_STA83_0052
TORONTO_STA83_STU00059,TORONTO_STA83_0071
TORONTO_STA83_STU00059,TORONTO_STA83_0079
TORONTO_STA83_STU00059,TORONTO_STA83_0097
TORONTO_STA83_STU00059,TORONTO_STA83_0105
TORONTO_STA83_STU00059,TORONTO_STA83_0114
TORONTO_STA83_STU00059,TORONTO_STA83_0135
TORONTO_STA83_STU00059,TORONTO_STA83_0138
TORONTO_STA83_STU00060,TORONTO_STA83_0003
TORONTO_STA83_STU00060,TORONTO_STA83_0009
TORONTO_STA83_STU00060,TORONTO_STA83_0030
TORONTO_STA83_STU00060,TORONTO_STA83_0050
TORONTO_STA83_STU00060,TORONTO_STA83_0071
TORONTO_STA83_STU00060,TORONTO_STA83_0077
TORONTO_STA83_STU00060,TORONTO_STA83_0097
TORONTO_STA83_STU00060,TORONTO_STA83_0105
TORONTO_STA83_STU00060,TORONTO_STA83_0112
TORONTO_STA83_STU00060,TORONTO_STA83_0135
TORONTO_STA83_STU00060,TORONTO_STA83_0138
TORONTO_STA83_STU00061,TORONTO_STA83_0003
TORONTO_STA83_STU00061,TORONTO_STA83_0016
TORONTO_STA83_STU00061,TORONTO_STA83_0037
TORONTO_STA83_STU00061,TORONTO_STA83_0057
TORONTO_STA83_STU00061,TORONTO_STA83_0071
TORONTO_STA83_STU00061,TORONTO_STA83_0084
TORONTO_STA83_STU00061,TORONTO_STA83_0097
TORONTO_STA83_STU00061,TORONTO_STA83_0105
TORONTO_STA83_STU00061,TORONTO_STA83_0119
TORONTO_STA83_STU00061,TORONTO_STA83_0135
TORONTO_STA83_STU00061,TORONTO_STA83_0138
TORONTO_STA83_STU00062,TORONTO_STA83_0003
TORONTO_STA83_STU00062,TORONTO_STA83_0011
TORONTO_STA83_STU00062,TORONTO_STA83_0032
TORONTO_STA83_STU00062,TORONTO_STA83_0052
TORONTO_STA83_STU00062,TORONTO_STA83_0071
TORONTO_STA83_STU00062,TORONTO_STA83_0079
TORONTO_STA83_STU00062,TORONTO_STA83_0097
TORONTO_STA83_STU00062,TORONTO_STA83_0106
TORONTO_STA83_STU00062,TORONTO_STA83_0114
TORONTO_STA83_STU00062,TORONTO_STA83_0135
TORONTO_STA83_STU00062,TORONTO_STA83_0138
TORONTO_STA83_STU00063,TORONTO_STA83_0003
TORONTO_STA83_STU00063,TORONTO_STA83_0011
TORONTO_STA83_STU00063,TORONTO_STA83_0032
TORONTO_STA83_STU00063,TORONTO_STA83_0052
TORONTO_STA83_STU00063,TORONTO_STA83_0071
TORONTO_STA83_STU00063,TORONTO_STA83_0079
TORONTO_STA83_STU00063,TORONTO_STA83_0097
TORONTO_STA83_STU00063,TORONTO_STA83_0106
TORONTO_STA83_STU00063,TORONTO_STA83_0114
TORONTO_STA83_STU00063,TORONTO_STA83_0135
TORONTO_STA83_STU00063,TORONTO_STA83_0138
TORONTO_STA83_STU00064,TORONTO_STA83_0003
TORONTO_STA83_STU00064,TORONTO_STA83_0016
TORONTO_STA83_STU00064,TORONTO_STA83_0037
TORONTO_STA83_STU00064,TORONTO_STA83_0057
TORONTO_STA83_STU00064,TORONTO_STA83_0071
TORONTO_STA83_STU00064,TORONTO_STA83_0084
TORONTO_STA83_STU00064,TORONTO_STA83_0097
TORONTO_STA83_STU00064,TORONTO_STA83_0105
TORONTO_STA83_STU00064,TORONTO_STA83_0119
TORONTO_STA83_STU00064,TORONTO_STA83_0135
TORONTO_STA83_STU00064,TORONTO_STA83_0138
TORONTO_STA83_STU00065,TORONTO_STA83_0003
TORONTO_STA83_STU00065,TORONTO_STA83_0015
TORONTO_STA83_STU00065,TORONTO_STA83_0036
TORONTO_STA83_STU00065,TORONTO_STA83_0056
TORONTO_STA83_STU00065,TORONTO_STA83_0071
TORONTO_STA83_STU00065,TORONTO_STA83_0083
TORONTO_STA83_STU00065,TORONTO_STA83_0097
TORONTO_STA83_STU00065,TORONTO_STA83_0105
TORONTO_STA83_STU00065,TORONTO_STA83_0118
TORONTO_STA83_STU00065,TORONTO_STA83_0135
TORONTO_STA83_STU00065,TORONTO_STA83_0138
TORONTO_STA83_STU00066,TORONTO_STA83_0003
TORONTO_STA83_STU00066,TORONTO_STA83_0011
TORONTO_STA83_STU00066,TORONTO_STA83_0032
TORONTO_STA83_STU00066,TORONTO_STA83_0052
TORONTO_STA83_STU00066,TORONTO_STA83_0071
TORONTO_STA83_STU00066,TORONTO_STA83_0079
TORONTO_STA83_STU00066,TORONTO_STA83_0097
TORONTO_STA83_STU00066,TORONTO_STA83_0106
TORONTO_STA83_STU00066,TORONTO_STA83_0114
TORONTO_STA83_STU00066,TORONTO_STA83_0135
TORONTO_STA83_STU00066,TORONTO_STA83_0138
TORONTO_STA83_STU00067,TORONTO_STA83_0003
TORONTO_STA83_STU00067,TORONTO_STA83_0011
TORONTO_STA83_STU00067,TORONTO_STA83_0032
TORONTO_STA83_STU00067,TORONTO_STA83_0052
TORONTO_STA83_STU00067,TORONTO_STA83_0071
TORONTO_STA83_STU00067,TORONTO_STA83_0079
TORONTO_STA83_STU00067,TORONTO_STA83_0097
TORONTO_STA83_STU00067,TORONTO_STA83_0105
TORONTO_STA83_STU00067,TORONTO_STA83_0114
TORONTO_STA83_STU00067,TORONTO_STA83_0135
TORONTO_STA83_STU00067,TORONTO_STA83_0138
TORONTO_STA83_STU00068,TORONTO_STA83_0003
TORONTO_STA83_STU00068,TORONTO_STA83_0010
TORONTO_STA83_STU00068,TORONTO_STA83_0031
TORONTO_STA83_STU00068,TORONTO_STA83_0051
TORONTO_STA83_STU00068,TORONTO_STA83_0071
TORONTO_STA83_STU00068,TORONTO_STA83_0078
TORONTO_STA83_STU00068,TORONTO_STA83_0097
TORONTO_STA83_STU00068,TORONTO_STA83_0106
TORONTO_STA83_STU00068,TORONTO_STA83_0113
TORONTO_STA83_STU00068,TORONTO_STA83_0135
TORONTO_STA83_STU00068,TORONTO_STA83_0138
TORONTO_STA83_STU00069,TORONTO_STA83_0003
TORONTO_STA83_STU00069,TORONTO_STA83_0015
TORONTO_STA83_STU00069,TORONTO_STA83_0036
TORONTO_STA83_STU00069,TORONTO_STA83_0056
TORONTO_STA83_STU00069,TORONTO_STA83_0071
TORONTO_STA83_STU00069,TORONTO_STA83_0083
TORONTO_STA83_STU00069,TORONTO_STA83_0097
TORONTO_STA83_STU00069,TORONTO_STA83_0105
TORONTO_STA83_STU00069,TORONTO_STA83_0118
TORONTO_STA83_STU00069,TORONTO_STA83_0135
TORONTO_STA83_STU00069,TORONTO_STA83_0138
TORONTO_STA83_STU00070,TORONTO_STA83_0003
TORONTO_STA83_STU00070,TORONTO_STA83_0010
TORONTO_STA83_STU00070,TORONTO_STA83_0031
TORONTO_STA83_STU00070,TORONTO_STA83_0051
TORONTO_STA83_STU00070,TORONTO_STA83_0071
TORONTO_STA83_STU00070,TORONTO_STA83_0078
TORONTO_STA83_STU00070,TORONTO_STA83_0097
TORONTO_STA83_STU00070,TORONTO_STA83_0106
TORONTO_STA83_STU00070,TORONTO_STA83_0113
TORONTO_STA83_STU00070,TORONTO_STA83_0135
TORONTO_STA83_STU00070,TORONTO_STA83_0138
TORONTO_STA83_STU00071,TORONTO_STA83_0003
TORONTO_STA83_STU00071,TORONTO_STA83_0009
TORONTO_STA83_STU00071,TORONTO_STA83_0030
TORONTO_STA83_STU00071,TORONTO_STA83_0050
TORONTO_STA83_STU00071,TORONTO_STA83_0071
TORONTO_STA83_STU00071,TORONTO_STA83_0077
TORONTO_STA83_STU00071,TORONTO_STA83_0097
TORONTO_STA83_STU00071,TORONTO_STA83_0105
TORONTO_STA83_STU00071,TORONTO_STA83_0112
TORONTO_STA83_STU00071,TORONTO_STA83_0135
TORONTO_STA83_STU00071,TORONTO_STA83_0138
TORONTO_STA83_STU00072,TORONTO_STA83_0003
TORONTO_STA83_STU00072,TORONTO_STA83_0013
TORONTO_STA83_STU00072,TORONTO_STA83_0034
TORONTO_STA83_STU00072,TORONTO_STA83_0054
TORONTO_STA83_STU00072,TORONTO_STA83_0071
TORONTO_STA83_STU00072,TORONTO_STA83_0081
TORONTO_STA83_STU00072,TORONTO_STA83_0097
TORONTO_STA83_STU00072,TORONTO_STA83_0106
TORONTO_STA83_STU00072,TORONTO_STA83_0116
TORONTO_STA83_STU00072,TORONTO_STA83_0135
TORONTO_STA83_STU00072,TORONTO_STA83_0138
TORONTO_STA83_STU00073,TORONTO_STA83_0003
TORONTO_STA83_STU00073,TORONTO_STA83_0015
TORONTO_STA83_STU00073,TORONTO_STA83_0036
TORONTO_STA83_STU00073,TORONTO_STA83_0056
TORONTO_STA83_STU00073,TORONTO_STA83_0071
TORONTO_STA83_STU00073,TORONTO_STA83_0083
TORONTO_STA83_STU00073,TORONTO_STA83_0097
TORONTO_STA83_STU00073,TORONTO_STA83_0106
TORONTO_STA83_STU00073,TORONTO_STA83_0118
TORONTO_STA83_STU00073,TORONTO_STA83_0135
TORONTO_STA83_STU00073,TORONTO_STA83_0138
TORONTO_STA83_STU00074,TORONTO_STA83_0003
TORONTO_STA83_STU00074,TORONTO_STA83_0013
TORONTO_STA83_STU00074,TORONTO_STA83_0034
TORONTO_STA83_STU00074,TORONTO_STA83_0054
TORONTO_STA83_STU00074,TORONTO_STA83_0071
TORONTO_STA83_STU00074,TORONTO_STA83_0081
TORONTO_STA83_STU00074,TORONTO_STA83_0097
TORONTO_STA83_STU00074,TORONTO_STA83_0106
TORONTO_STA83_STU00074,TORONTO_STA83_0116
TORONTO_STA83_STU00074,TORONTO_STA83_0135
TORONTO_STA83_STU00074,TORONTO_STA83_0138
TORONTO_STA83_STU00075,TORONTO_STA83_0003
TORONTO_STA83_STU00075,TORONTO_STA83_0013
TORONTO_STA83_STU00075,TORONTO_STA83_0034
TORONTO_STA83_STU00075,TORONTO_STA83_0054
TORONTO_STA83_STU00075,TORONTO_STA83_0071
TORONTO_STA83_STU00075,TORONTO_STA83_0081
TORONTO_STA83_STU00075,TORONTO_STA83_0097
TORONTO_STA83_STU00075,TORONTO_STA83_0106
TORONTO_STA83_STU00075,TORONTO_STA83_0116
TORONTO_STA83_STU00075,TORONTO_STA83_0135
TORONTO_STA83_STU00075,TORONTO_STA83_0138
TORONTO_STA83_STU00076,TORONTO_STA83_0003
TORONTO_STA83_STU00076,TORONTO_STA83_0012
TORONTO_STA83_STU00076,TORONTO_STA83_0033
TORONTO_STA83_STU00076,TORONTO_STA83_0053
TORONTO_STA83_STU00076,TORONTO_STA83_0071
TORONTO_STA83_STU00076,TORONTO_STA83_0080
TORONTO_STA83_STU00076,TORONTO_STA83_0097
TORONTO_STA83_STU00076,TORONTO_STA83_0106
TORONTO_STA83_STU00076,TORONTO_STA83_0115
TORONTO_STA83_STU00076,TORONTO_STA83_0135
TORONTO_STA83_STU00076,TORONTO_STA83_0138
TORONTO_STA83_STU00077,TORONTO_STA83_0003
TORONTO_STA83_STU00077,TORONTO_STA83_0010
TORONTO_STA83_STU00077,TORONTO_STA83_0031
TORONTO_STA83_STU00077,TORONTO_STA83_0051
TORONTO_STA83_STU00077,TORONTO_STA83_0071
TORONTO_STA83_STU00077,TORONTO_STA83_0078
TORONTO_STA83_STU00077,TORONTO_STA83_0097
TORONTO_STA83_STU00077,TORONTO_STA83_0105
TORONTO_STA83_STU00077,TORONTO_STA83_0113
TORONTO_STA83_STU00077,TORONTO_STA83_0135
TORONTO_STA83_STU00077,TORONTO_STA83_0138
TORONTO_STA83_STU00078,TORONTO_STA83_0003
TORONTO_STA83_STU00078,TORONTO_STA83_0013
TORONTO_STA83_STU00078,TORONTO_STA83_0034
TORONTO_STA83_STU00078,TORONTO_STA83_0054
TORONTO_STA83_STU00078,TORONTO_STA83_0071
TORONTO_STA83_STU00078,TORONTO_STA83_0081
TORONTO_STA83_STU00078,TORONTO_STA83_0097
TORONTO_STA83_STU00078,TORONTO_STA83_0106
TORONTO_STA83_STU00078,TORONTO_STA83_0116
TORONTO_STA83_STU00078,TORONTO_STA83_0135
TORONTO_STA83_STU00078,TORONTO_STA83_0138
TORONTO_STA83_STU00079,TORONTO_STA83_0003
TORONTO_STA83_STU00079,TORONTO_STA83_0014
TORONTO_STA83_STU00079,TORONTO_STA83_0035
TORONTO_STA83_STU00079,TORONTO_STA83_0055
TORONTO_STA83_STU00079,TORONTO_STA83_0071
TORONTO_STA83_STU00079,TORONTO_STA83_0082
TORONTO_STA83_STU00079,TORONTO_STA83_0097
TORONTO_STA83_STU00079,TORONTO_STA83_0105
TORONTO_STA83_STU00079,TORONTO_STA83_0117
TORONTO_STA83_STU00079,TORONTO_STA83_0135
TORONTO_STA83_STU00079,TORONTO_STA83_0138
TORONTO_STA83_STU00080,TORONTO_STA83_0003
TORONTO_STA83_STU00080,TORONTO_STA83_0013
TORONTO_STA83_STU00080,TORONTO_STA83_0034
TORONTO_STA83_STU00080,TORONTO_STA83_0054
TORONTO_STA83_STU00080,TORONTO_STA83_0071
TORONTO_STA83_STU00080,TORONTO_STA83_0081
TORONTO_STA83_STU00080,TORONTO_STA83_0097
TORONTO_STA83_STU00080,TORONTO_STA83_0105
TORONTO_STA83_STU00080,TORONTO_STA83_0116
TORONTO_STA83_STU00080,TORONTO_STA83_0135
TORONTO_STA83_STU00080,TORONTO_STA83_0138
TORONTO_STA83_STU00081,TORONTO_STA83_0003
TORONTO_STA83_STU00081,TORONTO_STA83_0014
TORONTO_STA83_STU00081,TORONTO_STA83_0035
TORONTO_STA83_STU00081,TORONTO_STA83_0055
TORONTO_STA83_STU00081,TORONTO_STA83_0071
TORONTO_STA83_STU00081,TORONTO_STA83_0082
TORONTO_STA83_STU00081,TORONTO_STA83_0097
TORONTO_STA83_STU00081,TORONTO_STA83_0106
TORONTO_STA83_STU00081,TORONTO_STA83_0117
TORONTO_STA83_STU00081,TORONTO_STA83_0135
TORONTO_STA83_STU00081,TORONTO_STA83_0138
TORONTO_STA83_STU00082,TORONTO_STA83_0003
TORONTO_STA83_STU00082,TORONTO_STA83_0014
TORONTO_STA83_STU00082,TORONTO_STA83_0035
TORONTO_STA83_STU00082,TORONTO_STA83_0055
TORONTO_STA83_STU00082,TORONTO_STA83_0071
TORONTO_STA83_STU00082,TORONTO_STA83_0082
TORONTO_STA83_STU00082,TORONTO_STA83_0097
TORONTO_STA83_STU00082,TORONTO_STA83_0106
TORONTO_STA83_STU00082,TORONTO_STA83_0117
TORONTO_STA83_STU00082,TORONTO_STA83_0135
TORONTO_STA83_STU00082,TORONTO_STA83_0138
TORONTO_STA83_STU00083,TORONTO_STA83_0003
TORONTO_STA83_STU00083,TORONTO_STA83_0014
TORONTO_STA83_STU00083,TORONTO_STA83_0035
TORONTO_STA83_STU00083,TORONTO_STA83_0055
TORONTO_STA83_STU00083,TORONTO_STA83_0071
TORONTO_STA83_STU00083,TORONTO_STA83_0082
TORONTO_STA83_STU00083,TORONTO_STA83_0097
TORONTO_STA83_STU00083,TORONTO_STA83_0106
TORONTO_STA83_STU00083,TORONTO_STA83_0117
TORONTO_STA83_STU00083,TORONTO_STA83_0135
TORONTO_STA83_STU00083,TORONTO_STA83_0138
TORONTO_STA83_STU00084,TORONTO_STA83_0003
TORONTO_STA83_STU00084,TORONTO_STA83_0012
TORONTO_STA83_STU00084,TORONTO_STA83_0033
TORONTO_STA83_STU00084,TORONTO_STA83_0053
TORONTO_STA83_STU00084,TORONTO_STA83_0071
TORONTO_STA83_STU00084,TORONTO_STA83_0080
TORONTO_STA83_STU00084,TORONTO_STA83_0097
TORONTO_STA83_STU00084,TORONTO_STA83_0106
TORONTO_STA83_STU00084,TORONTO_STA83_0115
TORONTO_STA83_STU00084,TORONTO_STA83_0135
TORONTO_STA83_STU00084,TORONTO_STA83_0138
TORONTO_STA83_STU00085,TORONTO_STA83_0003
TORONTO_STA83_STU00085,TORONTO_STA83_0014
TORONTO_STA83_STU00085,TORONTO_STA83_0035
TORONTO_STA83_STU00085,TORONTO_STA83_0055
TORONTO_STA83_STU00085,TORONTO_STA83_0071
TORONTO_STA83_STU00085,TORONTO_STA83_0082
TORONTO_STA83_STU00085,TORONTO_STA83_0097
TORONTO_STA83_STU00085,TORONTO_STA83_0105
TORONTO_STA83_STU00085,TORONTO_STA83_0117
TORONTO_STA83_STU00085,TORONTO_STA83_0135
TORONTO_STA83_STU00085,TORONTO_STA83_0138
TORONTO_STA83_STU00086,TORONTO_STA83_0003
TORONTO_STA83_STU00086,TORONTO_STA83_0015
TORONTO_STA83_STU00086,TORONTO_STA83_0036
TORONTO_STA83_STU00086,TORONTO_STA83_0056
TORONTO_STA83_STU00086,TORONTO_STA83_0071
TORONTO_STA83_STU00086,TORONTO_STA83_0083
TORONTO_STA83_STU00086,TORONTO_STA83_0097
TORONTO_STA83_STU00086,TORONTO_STA83_0105
TORONTO_STA83_STU00086,TORONTO_STA83_0118
TORONTO_STA83_STU00086,TORONTO_STA83_0135
TORONTO_STA83_STU00086,TORONTO_STA83_0138
TORONTO_STA83_STU00087,TORONTO_STA83_0003
TORONTO_STA83_STU00087,TORONTO_STA83_0011
TORONTO_STA83_STU00087,TORONTO_STA83_0032
TORONTO_STA83_STU00087,TORONTO_STA83_0052
TORONTO_STA83_STU00087,TORONTO_STA83_0071
TORONTO_STA83_STU00087,TORONTO_STA83_0079
TORONTO_STA83_STU00087,TORONTO_STA83_0097
TORONTO_STA83_STU00087,TORONTO_STA83_0106
TORONTO_STA83_STU00087,TORONTO_STA83_0114
TORONTO_STA83_STU00087,TORONTO_STA83_0135
TORONTO_STA83_STU00087,TORONTO_STA83_0138
TORONTO_STA83_STU00088,TORONTO_STA83_0003
TORONTO_STA83_STU00088,TORONTO_STA83_0011
TORONTO_STA83_STU00088,TORONTO_STA83_0032
TORONTO_STA83_STU00088,TORONTO_STA83_0052
TORONTO_STA83_STU00088,TORONTO_STA83_0071
TORONTO_STA83_STU00088,TORONTO_STA83_0079
TORONTO_STA83_STU00088,TORONTO_STA83_0097
TORONTO_STA83_STU00088,TORONTO_STA83_0106
TORONTO_STA83_STU00088,TORONTO_STA83_0114
TORONTO_STA83_STU00088,TORONTO_STA83_0135
TORONTO_STA83_STU00088,TORONTO_STA83_0138
TORONTO_STA83_STU00089,TORONTO_STA83_0003
TORONTO_STA83_STU00089,TORONTO_STA83_0010
TORONTO_STA83_STU00089,TORONTO_STA83_0031
TORONTO_STA83_STU00089,TORONTO_STA83_0051
TORONTO_STA83_STU00089,TORONTO_STA83_0071
TORONTO_STA83_STU00089,TORONTO_STA83_0078
TORONTO_STA83_STU00089,TORONTO_STA83_0097
TORONTO_STA83_STU00089,TORONTO_STA83_0106
TORONTO_STA83_STU00089,TORONTO_STA83_0113
TORONTO_STA83_STU00089,TORONTO_STA83_0135
TORONTO_STA83_STU00089,TORONTO_STA83_0138
TORONTO_STA83_STU00090,TORONTO_STA83_0003
TORONTO_STA83_STU00090,TORONTO_STA83_0013
TORONTO_STA83_STU00090,TORONTO_STA83_0034
TORONTO_STA83_STU00090,TORONTO_STA83_0054
TORONTO_STA83_STU00090,TORONTO_STA83_0071
TORONTO_STA83_STU00090,TORONTO_STA83_0081
TORONTO_STA83_STU00090,TORONTO_STA83_0097
TORONTO_STA83_STU00090,TORONTO_STA83_0106
TORONTO_STA83_STU00090,TORONTO_STA83_0116
TORONTO_STA83_STU00090,TORONTO_STA83_0135
TORONTO_STA83_STU00090,TORONTO_STA83_0138
TORONTO_STA83_STU00091,TORONTO_STA83_0003
TORONTO_STA83_STU00091,TORONTO_STA83_0013
TORONTO_STA83_STU00091,TORONTO_STA83_0034
TORONTO_STA83_STU00091,TORONTO_STA83_0054
TORONTO_STA83_STU00091,TORONTO_STA83_0071
TORONTO_STA83_STU00091,TORONTO_STA83_0081
TORONTO_STA83_STU00091,TORONTO_STA83_0097
TORONTO_STA83_STU00091,TORONTO_STA83_0106
TORONTO_STA83_STU00091,TORONTO_STA83_0116
TORONTO_STA83_STU00091,TORONTO_STA83_0135
TORONTO_STA83_STU00091,TORONTO_STA83_0138
TORONTO_STA83_STU00092,TORONTO_STA83_0003
TORONTO_STA83_STU00092,TORONTO_STA83_0016
TORONTO_STA83_STU00092,TORONTO_STA83_0037
TORONTO_STA83_STU00092,TORONTO_STA83_0057
TORONTO_STA83_STU00092,TORONTO_STA83_0071
TORONTO_STA83_STU00092,TORONTO_STA83_0084
TORONTO_STA83_STU00092,TORONTO_STA83_0097
TORONTO_STA83_STU00092,TORONTO_STA83_0106
TORONTO_STA83_STU00092,TORONTO_STA83_0119
TORONTO_STA83_STU00092,TORONTO_STA83_0135
TORONTO_STA83_STU00092,TORONTO_STA83_0138
TORONTO_STA83_STU00093,TORONTO_STA83_0003
TORONTO_STA83_STU00093,TORONTO_STA83_0011
TORONTO_STA83_STU00093,TORONTO_STA83_0032
TORONTO_STA83_STU00093,TORONTO_STA83_0052
TORONTO_STA83_STU00093,TORONTO_STA83_0071
TORONTO_STA83_STU00093,TORONTO_STA83_0079
TORONTO_STA83_STU00093,TORONTO_STA83_0097
TORONTO_STA83_STU00093,TORONTO_STA83_0105
TORONTO_STA83_STU00093,TORONTO_STA83_0114
TORONTO_STA83_STU00093,TORONTO_STA83_0135
TORONTO_STA83_STU00093,TORONTO_STA83_0138
TORONTO_STA83_STU00094,TORONTO_STA83_0003
TORONTO_STA83_STU00094,TORONTO_STA83_0016
TORONTO_STA83_STU00094,TORONTO_STA83_0037
TORONTO_STA83_STU00094,TORONTO_STA83_0057
TORONTO_STA83_STU00094,TORONTO_STA83_0071
TORONTO_STA83_STU00094,TORONTO_STA83_0084
TORONTO_STA83_STU00094,TORONTO_STA83_0097
TORONTO_STA83_STU00094,TORONTO_STA83_0106
TORONTO_STA83_STU00094,TORONTO_STA83_0119
TORONTO_STA83_STU00094,TORONTO_STA83_0135
TORONTO_STA83_STU00094,TORONTO_STA83_0138
TORONTO_STA83_STU00095,TORONTO_STA83_0003
TORONTO_STA83_STU00095,TORONTO_STA83_0011
TORONTO_STA83_STU00095,TORONTO_STA83_0032
TORONTO_STA83_STU00095,TORONTO_STA83_0052
TORONTO_STA83_STU00095,TORONTO_STA83_0071
TORONTO_STA83_STU00095,TORONTO_STA83_0079
TORONTO_STA83_STU00095,TORONTO_STA83_0097
TORONTO_STA83_STU00095,TORONTO_STA83_0106
TORONTO_STA83_STU00095,TORONTO_STA83_0114
TORONTO_STA83_STU00095,TORONTO_STA83_0135
TORONTO_STA83_STU00095,TORONTO_STA83_0138
TORONTO_STA83_STU00096,TORONTO_STA83_0003
TORONTO_STA83_STU00096,TORONTO_STA83_0015
TORONTO_STA83_STU00096,TORONTO_STA83_0036
TORONTO_STA83_STU00096,TORONTO_STA83_0056
TORONTO_STA83_STU00096,TORONTO_STA83_0071
TORONTO_STA83_STU00096,TORONTO_STA83_0083
TORONTO_STA83_STU00096,TORONTO_STA83_0097
TORONTO_STA83_STU00096,TORONTO_STA83_0106
TORONTO_STA83_STU00096,TORONTO_STA83_0118
TORONTO_STA83_STU00096,TORONTO_STA83_0135
TORONTO_STA83_STU00096,TORONTO_STA83_0138
TORONTO_STA83_STU00097,TORONTO_STA83_0003
TORONTO_STA83_STU00097,TORONTO_STA83_0015
TORONTO_STA83_STU00097,TORONTO_STA83_0036
TORONTO_STA83_STU00097,TORONTO_STA83_0056
TORONTO_STA83_STU00097,TORONTO_STA83_0071
TORONTO_STA83_STU00097,TORONTO_STA83_0083
TORONTO_STA83_STU00097,TORONTO_STA83_0097
TORONTO_STA83_STU00097,TORONTO_STA83_0106
TORONTO_STA83_STU00097,TORONTO_STA83_0118
TORONTO_STA83_STU00097,TORONTO_STA83_0135
TORONTO_STA83_STU00097,TORONTO_STA83_0138
TORONTO_STA83_STU00098,TORONTO_STA83_0003
TORONTO_STA83_STU00098,TORONTO_STA83_0014
TORONTO_STA83_STU00098,TORONTO_STA83_0035
TORONTO_STA83_STU00098,TORONTO_STA83_0055
TORONTO_STA83_STU00098,TORONTO_STA83_0071
TORONTO_STA83_STU00098,TORONTO_STA83_0082
TORONTO_STA83_STU00098,TORONTO_STA83_0097
TORONTO_STA83_STU00098,TORONTO_STA83_0106
TORONTO_STA83_STU00098,TORONTO_STA83_0117
TORONTO_STA83_STU00098,TORONTO_STA83_0135
TORONTO_STA83_STU00098,TORONTO_STA83_0138
TORONTO_STA83_STU00099,TORONTO_STA83_0003
TORONTO_STA83_STU00099,TORONTO_STA83_0009
TORONTO_STA83_STU00099,TORONTO_STA83_0030
TORONTO_STA83_STU00099,TORONTO_STA83_0050
TORONTO_STA83_STU00099,TORONTO_STA83_0071
TORONTO_STA83_STU00099,TORONTO_STA83_0077
TORONTO_STA83_STU00099,TORONTO_STA83_0097
TORONTO_STA83_STU00099,TORONTO_STA83_0106
TORONTO_STA83_STU00099,TORONTO_STA83_0112
TORONTO_STA83_STU00099,TORONTO_STA83_0135
TORONTO_STA83_STU00099,TORONTO_STA83_0138
TORONTO_STA83_STU00100,TORONTO_STA83_0003
TORONTO_STA83_STU00100,TORONTO_STA83_0009
TORONTO_STA83_STU00100,TORONTO_STA83_0030
TORONTO_STA83_STU00100,TORONTO_STA83_0050
TORONTO_STA83_STU00100,TORONTO_STA83_0071
TORONTO_STA83_STU00100,TORONTO_STA83_0077
TORONTO_STA83_STU00100,TORONTO_STA83_0097
TORONTO_STA83_STU00100,TORONTO_STA83_0105
TORONTO_STA83_STU00100,TORONTO_STA83_0112
TORONTO_STA83_STU00100,TORONTO_STA83_0135
TORONTO_STA83_STU00100,TORONTO_STA83_0138
TORONTO_STA83_STU00101,TORONTO_STA83_0003
TORONTO_STA83_STU00101,TORONTO_STA83_0016
TORONTO_STA83_STU00101,TORONTO_STA83_0037
TORONTO_STA83_STU00101,TORONTO_STA83_0057
TORONTO_STA83_STU00101,TORONTO_STA83_0071
TORONTO_STA83_STU00101,TORONTO_STA83_0084
TORONTO_STA83_STU00101,TORONTO_STA83_0097
TORONTO_STA83_STU00101,TORONTO_STA83_0105
TORONTO_STA83_STU00101,TORONTO_STA83_0119
TORONTO_STA83_STU00101,TORONTO_STA83_0135
TORONTO_STA83_STU00101,TORONTO_STA83_0138
TORONTO_STA83_STU00102,TORONTO_STA83_0003
TORONTO_STA83_STU00102,TORONTO_STA83_0012
TORONTO_STA83_STU00102,TORONTO_STA83_0033
TORONTO_STA83_STU00102,TORONTO_STA83_0053
TORONTO_STA83_STU00102,TORONTO_STA83_0071
TORONTO_STA83_STU00102,TORONTO_STA83_0080
TORONTO_STA83_STU00102,TORONTO_STA83_0097
TORONTO_STA83_STU00102,TORONTO_STA83_0106
TORONTO_STA83_STU00102,TORONTO_STA83_0115
TORONTO_STA83_STU00102,TORONTO_STA83_0135
TORONTO_STA83_STU00102,TORONTO_STA83_0138
TORONTO_STA83_STU00103,TORONTO_STA83_0003
TORONTO_STA83_STU00103,TORONTO_STA83_0015
TORONTO_STA83_STU00103,TORONTO_STA83_0036
TORONTO_STA83_STU00103,TORONTO_STA83_0056
TORONTO_STA83_STU00103,TORONTO_STA83_0071
TORONTO_STA83_STU00103,TORONTO_STA83_0083
TORONTO_STA83_STU00103,TORONTO_STA83_0097
TORONTO_STA83_STU00103,TORONTO_STA83_0105
TORONTO_STA83_STU00103,TORONTO_STA83_0118
TORONTO_STA83_STU00103,TORONTO_STA83_0135
TORONTO_STA83_STU00103,TORONTO_STA83_0138
TORONTO_STA83_STU00104,TORONTO_STA83_0003
TORONTO_STA83_STU00104,TORONTO_STA83_0010
TORONTO_STA83_STU00104,TORONTO_STA83_0031
TORONTO_STA83_STU00104,TORONTO_STA83_0051
TORONTO_STA83_STU00104,TORONTO_STA83_0071
TORONTO_STA83_STU00104,TORONTO_STA83_0078
TORONTO_STA83_STU00104,TORONTO_STA83_0097
TORONTO_STA83_STU00104,TORONTO_STA83_0106
TORONTO_STA83_STU00104,TORONTO_STA83_0113
TORONTO_STA83_STU00104,TORONTO_STA83_0135
TORONTO_STA83_STU00104,TORONTO_STA83_0138
TORONTO_STA83_STU00105,TORONTO_STA83_0003
TORONTO_STA83_STU00105,TORONTO_STA83_0014
TORONTO_STA83_STU00105,TORONTO_STA83_0035
TORONTO_STA83_STU00105,TORONTO_STA83_0055
TORONTO_STA83_STU00105,TORONTO_STA83_0071
TORONTO_STA83_STU00105,TORONTO_STA83_0082
TORONTO_STA83_STU00105,TORONTO_STA83_0097
TORONTO_STA83_STU00105,TORONTO_STA83_0106
TORONTO_STA83_STU00105,TORONTO_STA83_0117
TORONTO_STA83_STU00105,TORONTO_STA83_0135
TORONTO_STA83_STU00105,TORONTO_STA83_0138
TORONTO_STA83_STU00106,TORONTO_STA83_0003
TORONTO_STA83_STU00106,TORONTO_STA83_0016
TORONTO_STA83_STU00106,TORONTO_STA83_0037
TORONTO_STA83_STU00106,TORONTO_STA83_0057
TORONTO_STA83_STU00106,TORONTO_STA83_0071
TORONTO_STA83_STU00106,TORONTO_STA83_0084
TORONTO_STA83_STU00106,TORONTO_STA83_0097
TORONTO_STA83_STU00106,TORONTO_STA83_0106
TORONTO_STA83_STU00106,TORONTO_STA83_0119
TORONTO_STA83_STU00106,TORONTO_STA83_0135
TORONTO_STA83_STU00106,TORONTO_STA83_0138
TORONTO_STA83_STU00107,TORONTO_STA83_0003
TORONTO_STA83_STU00107,TORONTO_STA83_0009
TORONTO_STA83_STU00107,TORONTO_STA83_0030
TORONTO_STA83_STU00107,TORONTO_STA83_0050
TORONTO_STA83_STU00107,TORONTO_STA83_0071
TORONTO_STA83_STU00107,TORONTO_STA83_0077
TORONTO_STA83_STU00107,TORONTO_STA83_0097
TORONTO_STA83_STU00107,TORONTO_STA83_0106
TORONTO_STA83_STU00107,TORONTO_STA83_0112
TORONTO_STA83_STU00107,TORONTO_STA83_0135
TORONTO_STA83_STU00107,TORONTO_STA83_0138
TORONTO_STA83_STU00108,TORONTO_STA83_0003
TORONTO_STA83_STU00108,TORONTO_STA83_0011
TORONTO_STA83_STU00108,TORONTO_STA83_0032
TORONTO_STA83_STU00108,TORONTO_STA83_0052
TORONTO_STA83_STU00108,TORONTO_STA83_0071
TORONTO_STA83_STU00108,TORONTO_STA83_0079
TORONTO_STA83_STU00108,TORONTO_STA83_0097
TORONTO_STA83_STU00108,TORONTO_STA83_0105
TORONTO_STA83_STU00108,TORONTO_STA83_0114
TORONTO_STA83_STU00108,TORONTO_STA83_0135
TORONTO_STA83_STU00108,TORONTO_STA83_0138
TORONTO_STA83_STU00109,TORONTO_STA83_0003
TORONTO_STA83_STU00109,TORONTO_STA83_0013
TORONTO_STA83_STU00109,TORONTO_STA83_0034
TORONTO_STA83_STU00109,TORONTO_STA83_0054
TORONTO_STA83_STU00109,TORONTO_STA83_0071
TORONTO_STA83_STU00109,TORONTO_STA83_0081
TORONTO_STA83_STU00109,TORONTO_STA83_0097
TORONTO_STA83_STU00109,TORONTO_STA83_0106
TORONTO_STA83_STU00109,TORONTO_STA83_0116
TORONTO_STA83_STU00109,TORONTO_STA83_0135
TORONTO_STA83_STU00109,TORONTO_STA83_0138
TORONTO_STA83_STU00110,TORONTO_STA83_0003
TORONTO_STA83_STU00110,TORONTO_STA83_0015
TORONTO_STA83_STU00110,TORONTO_STA83_0036
TORONTO_STA83_STU00110,TORONTO_STA83_0056
TORONTO_STA83_STU00110,TORONTO_STA83_0071
TORONTO_STA83_STU00110,TORONTO_STA83_0083
TORONTO_STA83_STU00110,TORONTO_STA83_0097
TORONTO_STA83_STU00110,TORONTO_STA83_0106
TORONTO_STA83_STU00110,TORONTO_STA83_0118
TORONTO_STA83_STU00110,TORONTO_STA83_0135
TORONTO_STA83_STU00110,TORONTO_STA83_0138
TORONTO_STA83_STU00111,TORONTO_STA83_0003
TORONTO_STA83_STU00111,TORONTO_STA83_0012
TORONTO_STA83_STU00111,TORONTO_STA83_0033
TORONTO_STA83_STU00111,TORONTO_STA83_0053
TORONTO_STA83_STU00111,TORONTO_STA83_0071
TORONTO_STA83_STU00111,TORONTO_STA83_0080
TORONTO_STA83_STU00111,TORONTO_STA83_0097
TORONTO_STA83_STU00111,TORONTO_STA83_0105
TORONTO_STA83_STU00111,TORONTO_STA83_0115
TORONTO_STA83_STU00111,TORONTO_STA83_0135
TORONTO_STA83_STU00111,TORONTO_STA83_0138
TORONTO_STA83_STU00112,TORONTO_STA83_0003
TORONTO_STA83_STU00112,TORONTO_STA83_0009
TORONTO_STA83_STU00112,TORONTO_STA83_0030
TORONTO_STA83_STU00112,TORONTO_STA83_0050
TORONTO_STA83_STU00112,TORONTO_STA83_0071
TORONTO_STA83_STU00112,TORONTO_STA83_0077
TORONTO_STA83_STU00112,TORONTO_STA83_0097
TORONTO_STA83_STU00112,TORONTO_STA83_0106
TORONTO_STA83_STU00112,TORONTO_STA83_0112
TORONTO_STA83_STU00112,TORONTO_STA83_0135
TORONTO_STA83_STU00112,TORONTO_STA83_0138
TORONTO_STA83_STU00113,TORONTO_STA83_0003
TORONTO_STA83_STU00113,TORONTO_STA83_0015
TORONTO_STA83_STU00113,TORONTO_STA83_0036
TORONTO_STA83_STU00113,TORONTO_STA83_0056
TORONTO_STA83_STU00113,TORONTO_STA83_0071
TORONTO_STA83_STU00113,TORONTO_STA83_0083
TORONTO_STA83_STU00113,TORONTO_STA83_0097
TORONTO_STA83_STU00113,TORONTO_STA83_0106
TORONTO_STA83_STU00113,TORONTO_STA83_0118
TORONTO_STA83_STU00113,TORONTO_STA83_0135
TORONTO_STA83_STU00113,TORONTO_STA83_0138
TORONTO_STA83_STU00114,TORONTO_STA83_0003
TORONTO_STA83_STU00114,TORONTO_STA83_0015
TORONTO_STA83_STU00114,TORONTO_STA83_0036
TORONTO_STA83_STU00114,TORONTO_STA83_0056
TORONTO_STA83_STU00114,TORONTO_STA83_0071
TORONTO_STA83_STU00114,TORONTO_STA83_0083
TORONTO_STA83_STU00114,TORONTO_STA83_0097
TORONTO_STA83_STU00114,TORONTO_STA83_0106
TORONTO_STA83_STU00114,TORONTO_STA83_0118
TORONTO_STA83_STU00114,TORONTO_STA83_0135
TORONTO_STA83_STU00114,TORONTO_STA83_0138
TORONTO_STA83_STU00115,TORONTO_STA83_0003
TORONTO_STA83_STU00115,TORONTO_STA83_0009
TORONTO_STA83_STU00115,TORONTO_STA83_0030
TORONTO_STA83_STU00115,TORONTO_STA83_0050
TORONTO_STA83_STU00115,TORONTO_STA83_0071
TORONTO_STA83_STU00115,TORONTO_STA83_0077
TORONTO_STA83_STU00115,TORONTO_STA83_0097
TORONTO_STA83_STU00115,TORONTO_STA83_0105
TORONTO_STA83_STU00115,TORONTO_STA83_0112
TORONTO_STA83_STU00115,TORONTO_STA83_0135
TORONTO_STA83_STU00115,TORONTO_STA83_0138
TORONTO_STA83_STU00116,TORONTO_STA83_0003
TORONTO_STA83_STU00116,TORONTO_STA83_0011
TORONTO_STA83_STU00116,TORONTO_STA83_0032
TORONTO_STA83_STU00116,TORONTO_STA83_0052
TORONTO_STA83_STU00116,TORONTO_STA83_0071
TORONTO_STA83_STU00116,TORONTO_STA83_0079
TORONTO_STA83_STU00116,TORONTO_STA83_0097
TORONTO_STA83_STU00116,TORONTO_STA83_0106
TORONTO_STA83_STU00116,TORONTO_STA83_0114
TORONTO_STA83_STU00116,TORONTO_STA83_0135
TORONTO_STA83_STU00116,TORONTO_STA83_0138
TORONTO_STA83_STU00117,TORONTO_STA83_0003
TORONTO_STA83_STU00117,TORONTO_STA83_0009
TORONTO_STA83_STU00117,TORONTO_STA83_0030
TORONTO_STA83_STU00117,TORONTO_STA83_0050
TORONTO_STA83_STU00117,TORONTO_STA83_0071
TORONTO_STA83_STU00117,TORONTO_STA83_0077
TORONTO_STA83_STU00117,TORONTO_STA83_0097
TORONTO_STA83_STU00117,TORONTO_STA83_0106
TORONTO_STA83_STU00117,TORONTO_STA83_0112
TORONTO_STA83_STU00117,TORONTO_STA83_0135
TORONTO_STA83_STU00117,TORONTO_STA83_0138
TORONTO_STA83_STU00118,TORONTO_STA83_0003
TORONTO_STA83_STU00118,TORONTO_STA83_0011
TORONTO_STA83_STU00118,TORONTO_STA83_0032
TORONTO_STA83_STU00118,TORONTO_STA83_0052
TORONTO_STA83_STU00118,TORONTO_STA83_0071
TORONTO_STA83_STU00118,TORONTO_STA83_0079
TORONTO_STA83_STU00118,TORONTO_STA83_0097
TORONTO_STA83_STU00118,TORONTO_STA83_0106
TORONTO_STA83_STU00118,TORONTO_STA83_0114
TORONTO_STA83_STU00118,TORONTO_STA83_0135
TORONTO_STA83_STU00118,TORONTO_STA83_0138
TORONTO_STA83_STU00119,TORONTO_STA83_0003
TORONTO_STA83_STU00119,TORONTO_STA83_0010
TORONTO_STA83_STU00119,TORONTO_STA83_0031
TORONTO_STA83_STU00119,TORONTO_STA83_0051
TORONTO_STA83_STU00119,TORONTO_STA83_0071
TORONTO_STA83_STU00119,TORONTO_STA83_0078
TORONTO_STA83_STU00119,TORONTO_STA83_0097
TORONTO_STA83_STU00119,TORONTO_STA83_0106
TORONTO_STA83_STU00119,TORONTO_STA83_0113
TORONTO_STA83_STU00119,TORONTO_STA83_0135
TORONTO_STA83_STU00119,TORONTO_STA83_0138
TORONTO_STA83_STU00120,TORONTO_STA83_0003
TORONTO_STA83_STU00120,TORONTO_STA83_0009
TORONTO_STA83_STU00120,TORONTO_STA83_0030
TORONTO_STA83_STU00120,TORONTO_STA83_0050
TORONTO_STA83_STU00120,TORONTO_STA83_0071
TORONTO_STA83_STU00120,TORONTO_STA83_0077
TORONTO_STA83_STU00120,TORONTO_STA83_0097
TORONTO_STA83_STU00120,TORONTO_STA83_0106
TORONTO_STA83_STU00120,TORONTO_STA83_0112
TORONTO_STA83_STU00120,TORONTO_STA83_0135
TORONTO_STA83_STU00120,TORONTO_STA83_0138
TORONTO_STA83_STU00121,TORONTO_STA83_0003
TORONTO_STA83_STU00121,TORONTO_STA83_0009
TORONTO_STA83_STU00121,TORONTO_STA83_0030
TORONTO_STA83_STU00121,TORONTO_STA83_0050
TORONTO_STA83_STU00121,TORONTO_STA83_0071
TORONTO_STA83_STU00121,TORONTO_STA83_0077
TORONTO_STA83_STU00121,TORONTO_STA83_0097
TORONTO_STA83_STU00121,TORONTO_STA83_0106
TORONTO_STA83_STU00121,TORONTO_STA83_0112
TORONTO_STA83_STU00121,TORONTO_STA83_0135
TORONTO_STA83_STU00121,TORONTO_STA83_0138
TORONTO_STA83_STU00122,TORONTO_STA83_0003
TORONTO_STA83_STU00122,TORONTO_STA83_0009
TORONTO_STA83_STU00122,TORONTO_STA83_0030
TORONTO_STA83_STU00122,TORONTO_STA83_0050
TORONTO_STA83_STU00122,TORONTO_STA83_0071
TORONTO_STA83_STU00122,TORONTO_STA83_0077
TORONTO_STA83_STU00122,TORONTO_STA83_0097
TORONTO_STA83_STU00122,TORONTO_STA83_0106
TORONTO_STA83_STU00122,TORONTO_STA83_0112
TORONTO_STA83_STU00122,TORONTO_STA83_0135
TORONTO_STA83_STU00122,TORONTO_STA83_0138
TORONTO_STA83_STU00123,TORONTO_STA83_0003
TORONTO_STA83_STU00123,TORONTO_STA83_0011
TORONTO_STA83_STU00123,TORONTO_STA83_0032
TORONTO_STA83_STU00123,TORONTO_STA83_0052
TORONTO_STA83_STU00123,TORONTO_STA83_0071
TORONTO_STA83_STU00123,TORONTO_STA83_0079
TORONTO_STA83_STU00123,TORONTO_STA83_0097
TORONTO_STA83_STU00123,TORONTO_STA83_0106
TORONTO_STA83_STU00123,TORONTO_STA83_0114
TORONTO_STA83_STU00123,TORONTO_STA83_0135
TORONTO_STA83_STU00123,TORONTO_STA83_0138
TORONTO_STA83_STU00124,TORONTO_STA83_0003
TORONTO_STA83_STU00124,TORONTO_STA83_0010
TORONTO_STA83_STU00124,TORONTO_STA83_0031
TORONTO_STA83_STU00124,TORONTO_STA83_0051
TORONTO_STA83_STU00124,TORONTO_STA83_0071
TORONTO_STA83_STU00124,TORONTO_STA83_0078
TORONTO_STA83_STU00124,TORONTO_STA83_0097
TORONTO_STA83_STU00124,TORONTO_STA83_0106
TORONTO_STA83_STU00124,TORONTO_STA83_0113
TORONTO_STA83_STU00124,TORONTO_STA83_0135
TORONTO_STA83_STU00124,TORONTO_STA83_0138
TORONTO_STA83_STU00125,TORONTO_STA83_0003
TORONTO_STA83_STU00125,TORONTO_STA83_0012
TORONTO_STA83_STU00125,TORONTO_STA83_0033
TORONTO_STA83_STU00125,TORONTO_STA83_0053
TORONTO_STA83_STU00125,TORONTO_STA83_0071
TORONTO_STA83_STU00125,TORONTO_STA83_0080
TORONTO_STA83_STU00125,TORONTO_STA83_0097
TORONTO_STA83_STU00125,TORONTO_STA83_0106
TORONTO_STA83_STU00125,TORONTO_STA83_0115
TORONTO_STA83_STU00125,TORONTO_STA83_0135
TORONTO_STA83_STU00125,TORONTO_STA83_0138
TORONTO_STA83_STU00126,TORONTO_STA83_0003
TORONTO_STA83_STU00126,TORONTO_STA83_0013
TORONTO_STA83_STU00126,TORONTO_STA83_0034
TORONTO_STA83_STU00126,TORONTO_STA83_0054
TORONTO_STA83_STU00126,TORONTO_STA83_0071
TORONTO_STA83_STU00126,TORONTO_STA83_0081
TORONTO_STA83_STU00126,TORONTO_STA83_0097
TORONTO_STA83_STU00126,TORONTO_STA83_0106
TORONTO_STA83_STU00126,TORONTO_STA83_0116
TORONTO_STA83_STU00126,TORONTO_STA83_0135
TORONTO_STA83_STU00126,TORONTO_STA83_0138
TORONTO_STA83_STU00127,TORONTO_STA83_0003
TORONTO_STA83_STU00127,TORONTO_STA83_0016
TORONTO_STA83_STU00127,TORONTO_STA83_0037
TORONTO_STA83_STU00127,TORONTO_STA83_0057
TORONTO_STA83_STU00127,TORONTO_STA83_0071
TORONTO_STA83_STU00127,TORONTO_STA83_0084
TORONTO_STA83_STU00127,TORONTO_STA83_0097
TORONTO_STA83_STU00127,TORONTO_STA83_0105
TORONTO_STA83_STU00127,TORONTO_STA83_0119
TORONTO_STA83_STU00127,TORONTO_STA83_0135
TORONTO_STA83_STU00127,TORONTO_STA83_0138
TORONTO_STA83_STU00128,TORONTO_STA83_0003
TORONTO_STA83_STU00128,TORONTO_STA83_0014
TORONTO_STA83_STU00128,TORONTO_STA83_0035
TORONTO_STA83_STU00128,TORONTO_STA83_0055
TORONTO_STA83_STU00128,TORONTO_STA83_0071
TORONTO_STA83_STU00128,TORONTO_STA83_0082
TORONTO_STA83_STU00128,TORONTO_STA83_0097
TORONTO_STA83_STU00128,TORONTO_STA83_0105
TORONTO_STA83_STU00128,TORONTO_STA83_0117
TORONTO_STA83_STU00128,TORONTO_STA83_0135
TORONTO_STA83_STU00128,TORONTO_STA83_0138
TORONTO_STA83_STU00129,TORONTO_STA83_0003
TORONTO_STA83_STU00129,TORONTO_STA83_0014
TORONTO_STA83_STU00129,TORONTO_STA83_0035
TORONTO_STA83_STU00129,TORONTO_STA83_0055
TORONTO_STA83_STU00129,TORONTO_STA83_0071
TORONTO_STA83_STU00129,TORONTO_STA83_0082
TORONTO_STA83_STU00129,TORONTO_STA83_0097
TORONTO_STA83_STU00129,TORONTO_STA83_0106
TORONTO_STA83_STU00129,TORONTO_STA83_0117
TORONTO_STA83_STU00129,TORONTO_STA83_0135
TORONTO_STA83_STU00129,TORONTO_STA83_0138
TORONTO_STA83_STU00130,TORONTO_STA83_0003
TORONTO_STA83_STU00130,TORONTO_STA83_0014
TORONTO_STA83_STU00130,TORONTO_STA83_0035
TORONTO_STA83_STU00130,TORONTO_STA83_0055
TORONTO_STA83_STU00130,TORONTO_STA83_0071
TORONTO_STA83_STU00130,TORONTO_STA83_0082
TORONTO_STA83_STU00130,TORONTO_STA83_0097
TORONTO_STA83_STU00130,TORONTO_STA83_0106
TORONTO_STA83_STU00130,TORONTO_STA83_0117
TORONTO_STA83_STU00130,TORONTO_STA83_0135
TORONTO_STA83_STU00130,TORONTO_STA83_0138
TORONTO_STA83_STU00131,TORONTO_STA83_0003
TORONTO_STA83_STU00131,TORONTO_STA83_0010
TORONTO_STA83_STU00131,TORONTO_STA83_0031
TORONTO_STA83_STU00131,TORONTO_STA83_0051
TORONTO_STA83_STU00131,TORONTO_STA83_0071
TORONTO_STA83_STU00131,TORONTO_STA83_0078
TORONTO_STA83_STU00131,TORONTO_STA83_0097
TORONTO_STA83_STU00131,TORONTO_STA83_0105
TORONTO_STA83_STU00131,TORONTO_STA83_0113
TORONTO_STA83_STU00131,TORONTO_STA83_0135
TORONTO_STA83_STU00131,TORONTO_STA83_0138
TORONTO_STA83_STU00132,TORONTO_STA83_0003
TORONTO_STA83_STU00132,TORONTO_STA83_0014
TORONTO_STA83_STU00132,TORONTO_STA83_0035
TORONTO_STA83_STU00132,TORONTO_STA83_0055
TORONTO_STA83_STU00132,TORONTO_STA83_0071
TORONTO_STA83_STU00132,TORONTO_STA83_0082
TORONTO_STA83_STU00132,TORONTO_STA83_0097
TORONTO_STA83_STU00132,TORONTO_STA83_0105
TORONTO_STA83_STU00132,TORONTO_STA83_0117
TORONTO_STA83_STU00132,TORONTO_STA83_0135
TORONTO_STA83_STU00132,TORONTO_STA83_0138
TORONTO_STA83_STU00133,TORONTO_STA83_0003
TORONTO_STA83_STU00133,TORONTO_STA83_0013
TORONTO_STA83_STU00133,TORONTO_STA83_0034
TORONTO_STA83_STU00133,TORONTO_STA83_0054
TORONTO_STA83_STU00133,TORONTO_STA83_0071
TORONTO_STA83_STU00133,TORONTO_STA83_0081
TORONTO_STA83_STU00133,TORONTO_STA83_0097
TORONTO_STA83_STU00133,TORONTO_STA83_0105
TORONTO_STA83_STU00133,TORONTO_STA83_0116
TORONTO_STA83_STU00133,TORONTO_STA83_0135
TORONTO_STA83_STU00133,TORONTO_STA83_0138
TORONTO_STA83_STU00134,TORONTO_STA83_0003
TORONTO_STA83_STU00134,TORONTO_STA83_0015
TORONTO_STA83_STU00134,TORONTO_STA83_0036
TORONTO_STA83_STU00134,TORONTO_STA83_0056
TORONTO_STA83_STU00134,TORONTO_STA83_0071
TORONTO_STA83_STU00134,TORONTO_STA83_0083
TORONTO_STA83_STU00134,TORONTO_STA83_0097
TORONTO_STA83_STU00134,TORONTO_STA83_0106
TORONTO_STA83_STU00134,TORONTO_STA83_0118
TORONTO_STA83_STU00134,TORONTO_STA83_0135
TORONTO_STA83_STU00134,TORONTO_STA83_0138
TORONTO_STA83_STU00135,TORONTO_STA83_0003
TORONTO_STA83_STU00135,TORONTO_STA83_0012
TORONTO_STA83_STU00135,TORONTO_STA83_0033
TORONTO_STA83_STU00135,TORONTO_STA83_0053
TORONTO_STA83_STU00135,TORONTO_STA83_0071
TORONTO_STA83_STU00135,TORONTO_STA83_0080
TORONTO_STA83_STU00135,TORONTO_STA83_0097
TORONTO_STA83_STU00135,TORONTO_STA83_0106
TORONTO_STA83_STU00135,TORONTO_STA83_0115
TORONTO_STA83_STU00135,TORONTO_STA83_0135
TORONTO_STA83_STU00135,TORONTO_STA83_0138
TORONTO_STA83_STU00136,TORONTO_STA83_0003
TORONTO_STA83_STU00136,TORONTO_STA83_0016
TORONTO_STA83_STU00136,TORONTO_STA83_0037
TORONTO_STA83_STU00136,TORONTO_STA83_0057
TORONTO_STA83_STU00136,TORONTO_STA83_0071
TORONTO_STA83_STU00136,TORONTO_STA83_0084
TORONTO_STA83_STU00136,TORONTO_STA83_0097
TORONTO_STA83_STU00136,TORONTO_STA83_0105
TORONTO_STA83_STU00136,TORONTO_STA83_0119
TORONTO_STA83_STU00136,TORONTO_STA83_0135
TORONTO_STA83_STU00136,TORONTO_STA83_0138
TORONTO_STA83_STU00137,TORONTO_STA83_0003
TORONTO_STA83_STU00137,TORONTO_STA83_0013
TORONTO_STA83_STU00137,TORONTO_STA83_0034
TORONTO_STA83_STU00137,TORONTO_STA83_0054
TORONTO_STA83_STU00137,TORONTO_STA83_0071
TORONTO_STA83_STU00137,TORONTO_STA83_0081
TORONTO_STA83_STU00137,TORONTO_STA83_0097
TORONTO_STA83_STU00137,TORONTO_STA83_0105
TORONTO_STA83_STU00137,TORONTO_STA83_0116
TORONTO_STA83_STU00137,TORONTO_STA83_0135
TORONTO_STA83_STU00137,TORONTO_STA83_0138
TORONTO_STA83_STU00138,TORONTO_STA83_0003
TORONTO_STA83_STU00138,TORONTO_STA83_0011
TORONTO_STA83_STU00138,TORONTO_STA83_0032
TORONTO_STA83_STU00138,TORONTO_STA83_0052
TORONTO_STA83_STU00138,TORONTO_STA83_0071
TORONTO_STA83_STU00138,TORONTO_STA83_0079
TORONTO_STA83_STU00138,TORONTO_STA83_0097
TORONTO_STA83_STU00138,TORONTO_STA83_0105
TORONTO_STA83_STU00138,TORONTO_STA83_0114
TORONTO_STA83_STU00138,TORONTO_STA83_0135
TORONTO_STA83_STU00138,TORONTO_STA83_0138
TORONTO_STA83_STU00139,TORONTO_STA83_0003
TORONTO_STA83_STU00139,TORONTO_STA83_0011
TORONTO_STA83_STU00139,TORONTO_STA83_0032
TORONTO_STA83_STU00139,TORONTO_STA83_0052
TORONTO_STA83_STU00139,TORONTO_STA83_0071
TORONTO_STA83_STU00139,TORONTO_STA83_0079
TORONTO_STA83_STU00139,TORONTO_STA83_0097
TORONTO_STA83_STU00139,TORONTO_STA83_0106
TORONTO_STA83_STU00139,TORONTO_STA83_0114
TORONTO_STA83_STU00139,TORONTO_STA83_0135
TORONTO_STA83_STU00139,TORONTO_STA83_0138
TORONTO_STA83_STU00140,TORONTO_STA83_0003
TORONTO_STA83_STU00140,TORONTO_STA83_0016
TORONTO_STA83_STU00140,TORONTO_STA83_0037
TORONTO_STA83_STU00140,TORONTO_STA83_0057
TORONTO_STA83_STU00140,TORONTO_STA83_0071
TORONTO_STA83_STU00140,TORONTO_STA83_0084
TORONTO_STA83_STU00140,TORONTO_STA83_0097
TORONTO_STA83_STU00140,TORONTO_STA83_0106
TORONTO_STA83_STU00140,TORONTO_STA83_0119
TORONTO_STA83_STU00140,TORONTO_STA83_0135
TORONTO_STA83_STU00140,TORONTO_STA83_0138
TORONTO_STA83_STU00141,TORONTO_STA83_0003
TORONTO_STA83_STU00141,TORONTO_STA83_0009
TORONTO_STA83_STU00141,TORONTO_STA83_0030
TORONTO_STA83_STU00141,TORONTO_STA83_0050
TORONTO_STA83_STU00141,TORONTO_STA83_0071
TORONTO_STA83_STU00141,TORONTO_STA83_0077
TORONTO_STA83_STU00141,TORONTO_STA83_0097
TORONTO_STA83_STU00141,TORONTO_STA83_0105
TORONTO_STA83_STU00141,TORONTO_STA83_0112
TORONTO_STA83_STU00141,TORONTO_STA83_0135
TORONTO_STA83_STU00141,TORONTO_STA83_0138
TORONTO_STA83_STU00142,TORONTO_STA83_0003
TORONTO_STA83_STU00142,TORONTO_STA83_0011
TORONTO_STA83_STU00142,TORONTO_STA83_0032
TORONTO_STA83_STU00142,TORONTO_STA83_0052
TORONTO_STA83_STU00142,TORONTO_STA83_0071
TORONTO_STA83_STU00142,TORONTO_STA83_0079
TORONTO_STA83_STU00142,TORONTO_STA83_0097
TORONTO_STA83_STU00142,TORONTO_STA83_0106
TORONTO_STA83_STU00142,TORONTO_STA83_0114
TORONTO_STA83_STU00142,TORONTO_STA83_0135
TORONTO_STA83_STU00142,TORONTO_STA83_0138
TORONTO_STA83_STU00143,TORONTO_STA83_0003
TORONTO_STA83_STU00143,TORONTO_STA83_0015
TORONTO_STA83_STU00143,TORONTO_STA83_0036
TORONTO_STA83_STU00143,TORONTO_STA83_0056
TORONTO_STA83_STU00143,TORONTO_STA83_0071
TORONTO_STA83_STU00143,TORONTO_STA83_0083
TORONTO_STA83_STU00143,TORONTO_STA83_0097
TORONTO_STA83_STU00143,TORONTO_STA83_0106
TORONTO_STA83_STU00143,TORONTO_STA83_0118
TORONTO_STA83_STU00143,TORONTO_STA83_0135
TORONTO_STA83_STU00143,TORONTO_STA83_0138
TORONTO_STA83_STU00144,TORONTO_STA83_0003
TORONTO_STA83_STU00144,TORONTO_STA83_0010
TORONTO_STA83_STU00144,TORONTO_STA83_0031
TORONTO_STA83_STU00144,TORONTO_STA83_0051
TORONTO_STA83_STU00144,TORONTO_STA83_0071
TORONTO_STA83_STU00144,TORONTO_STA83_0078
TORONTO_STA83_STU00144,TORONTO_STA83_0097
TORONTO_STA83_STU00144,TORONTO_STA83_0105
TORONTO_STA83_STU00144,TORONTO_STA83_0113
TORONTO_STA83_STU00144,TORONTO_STA83_0135
TORONTO_STA83_STU00144,TORONTO_STA83_0138
TORONTO_STA83_STU00145,TORONTO_STA83_0003
TORONTO_STA83_STU00145,TORONTO_STA83_0016
TORONTO_STA83_STU00145,TORONTO_STA83_0037
TORONTO_STA83_STU00145,TORONTO_STA83_0057
TORONTO_STA83_STU00145,TORONTO_STA83_0071
TORONTO_STA83_STU00145,TORONTO_STA83_0084
TORONTO_STA83_STU00145,TORONTO_STA83_0097
TORONTO_STA83_STU00145,TORONTO_STA83_0105
TORONTO_STA83_STU00145,TORONTO_STA83_0119
TORONTO_STA83_STU00145,TORONTO_STA83_0135
TORONTO_STA83_STU00145,TORONTO_STA83_0138
TORONTO_STA83_STU00146,TORONTO_STA83_0003
TORONTO_STA83_STU00146,TORONTO_STA83_0012
TORONTO_STA83_STU00146,TORONTO_STA83_0033
TORONTO_STA83_STU00146,TORONTO_STA83_0053
TORONTO_STA83_STU00146,TORONTO_STA83_0071
TORONTO_STA83_STU00146,TORONTO_STA83_0080
TORONTO_STA83_STU00146,TORONTO_STA83_0097
TORONTO_STA83_STU00146,TORONTO_STA83_0105
TORONTO_STA83_STU00146,TORONTO_STA83_0115
TORONTO_STA83_STU00146,TORONTO_STA83_0135
TORONTO_STA83_STU00146,TORONTO_STA83_0138
TORONTO_STA83_STU00147,TORONTO_STA83_0003
TORONTO_STA83_STU00147,TORONTO_STA83_0009
TORONTO_STA83_STU00147,TORONTO_STA83_0030
TORONTO_STA83_STU00147,TORONTO_STA83_0050
TORONTO_STA83_STU00147,TORONTO_STA83_0071
TORONTO_STA83_STU00147,TORONTO_STA83_0077
TORONTO_STA83_STU00147,TORONTO_STA83_0097
TORONTO_STA83_STU00147,TORONTO_STA83_0105
TORONTO_STA83_STU00147,TORONTO_STA83_0112
TORONTO_STA83_STU00147,TORONTO_STA83_0135
TORONTO_STA83_STU00147,TORONTO_STA83_0138
TORONTO_STA83_STU00148,TORONTO_STA83_0003
TORONTO_STA83_STU00148,TORONTO_STA83_0010
TORONTO_STA83_STU00148,TORONTO_STA83_0031
TORONTO_STA83_STU00148,TORONTO_STA83_0051
TORONTO_STA83_STU00148,TORONTO_STA83_0071
TORONTO_STA83_STU00148,TORONTO_STA83_0078
TORONTO_STA83_STU00148,TORONTO_STA83_0097
TORONTO_STA83_STU00148,TORONTO_STA83_0106
TORONTO_STA83_STU00148,TORONTO_STA83_0113
TORONTO_STA83_STU00148,TORONTO_STA83_0135
TORONTO_STA83_STU00148,TORONTO_STA83_0138
TORONTO_STA83_STU00149,TORONTO_STA83_0003
TORONTO_STA83_STU00149,TORONTO_STA83_0009
TORONTO_STA83_STU00149,TORONTO_STA83_0030
TORONTO_STA83_STU00149,TORONTO_STA83_0050
TORONTO_STA83_STU00149,TORONTO_STA83_0071
TORONTO_STA83_STU00149,TORONTO_STA83_0077
TORONTO_STA83_STU00149,TORONTO_STA83_0097
TORONTO_STA83_STU00149,TORONTO_STA83_0106
TORONTO_STA83_STU00149,TORONTO_STA83_0112
TORONTO_STA83_STU00149,TORONTO_STA83_0135
TORONTO_STA83_STU00149,TORONTO_STA83_0138
TORONTO_STA83_STU00150,TORONTO_STA83_0003
TORONTO_STA83_STU00150,TORONTO_STA83_0016
TORONTO_STA83_STU00150,TORONTO_STA83_0037
TORONTO_STA83_STU00150,TORONTO_STA83_0057
TORONTO_STA83_STU00150,TORONTO_STA83_0071
TORONTO_STA83_STU00150,TORONTO_STA83_0084
TORONTO_STA83_STU00150,TORONTO_STA83_0097
TORONTO_STA83_STU00150,TORONTO_STA83_0105
TORONTO_STA83_STU00150,TORONTO_STA83_0119
TORONTO_STA83_STU00150,TORONTO_STA83_0135
TORONTO_STA83_STU00150,TORONTO_STA83_0138
TORONTO_STA83_STU00151,TORONTO_STA83_0003
TORONTO_STA83_STU00151,TORONTO_STA83_0016
TORONTO_STA83_STU00151,TORONTO_STA83_0037
TORONTO_STA83_STU00151,TORONTO_STA83_0057
TORONTO_STA83_STU00151,TORONTO_STA83_0071
TORONTO_STA83_STU00151,TORONTO_STA83_0084
TORONTO_STA83_STU00151,TORONTO_STA83_0097
TORONTO_STA83_STU00151,TORONTO_STA83_0106
TORONTO_STA83_STU00151,TORONTO_STA83_0119
TORONTO_STA83_STU00151,TORONTO_STA83_0135
TORONTO_STA83_STU00151,TORONTO_STA83_0138
TORONTO_STA83_STU00152,TORONTO_STA83_0003
TORONTO_STA83_STU00152,TORONTO_STA83_0009
TORONTO_STA83_STU00152,TORONTO_STA83_0030
TORONTO_STA83_STU00152,TORONTO_STA83_0050
TORONTO_STA83_STU00152,TORONTO_STA83_0071
TORONTO_STA83_STU00152,TORONTO_STA83_0077
TORONTO_STA83_STU00152,TORONTO_STA83_0097
TORONTO_STA83_STU00152,TORONTO_STA83_0105
TORONTO_STA83_STU00152,TORONTO_STA83_0112
TORONTO_STA83_STU00152,TORONTO_STA83_0135
TORONTO_STA83_STU00152,TORONTO_STA83_0138
TORONTO_STA83_STU00153,TORONTO_STA83_0003
TORONTO_STA83_STU00153,TORONTO_STA83_0015
TORONTO_STA83_STU00153,TORONTO_STA83_0036
TORONTO_STA83_STU00153,TORONTO_STA83_0056
TORONTO_STA83_STU00153,TORONTO_STA83_0071
TORONTO_STA83_STU00153,TORONTO_STA83_0083
TORONTO_STA83_STU00153,TORONTO_STA83_0097
TORONTO_STA83_STU00153,TORONTO_STA83_0106
TORONTO_STA83_STU00153,TORONTO_STA83_0118
TORONTO_STA83_STU00153,TORONTO_STA83_0135
TORONTO_STA83_STU00153,TORONTO_STA83_0138
TORONTO_STA83_STU00154,TORONTO_STA83_0003
TORONTO_STA83_STU00154,TORONTO_STA83_0011
TORONTO_STA83_STU00154,TORONTO_STA83_0032
TORONTO_STA83_STU00154,TORONTO_STA83_0052
TORONTO_STA83_STU00154,TORONTO_STA83_0071
TORONTO_STA83_STU00154,TORONTO_STA83_0079
TORONTO_STA83_STU00154,TORONTO_STA83_0097
TORONTO_STA83_STU00154,TORONTO_STA83_0105
TORONTO_STA83_STU00154,TORONTO_STA83_0114
TORONTO_STA83_STU00154,TORONTO_STA83_0135
TORONTO_STA83_STU00154,TORONTO_STA83_0138
TORONTO_STA83_STU00155,TORONTO_STA83_0003
TORONTO_STA83_STU00155,TORONTO_STA83_0009
TORONTO_STA83_STU00155,TORONTO_STA83_0030
TORONTO_STA83_STU00155,TORONTO_STA83_0050
TORONTO_STA83_STU00155,TORONTO_STA83_0071
TORONTO_STA83_STU00155,TORONTO_STA83_0077
TORONTO_STA83_STU00155,TORONTO_STA83_0097
TORONTO_STA83_STU00155,TORONTO_STA83_0106
TORONTO_STA83_STU00155,TORONTO_STA83_0112
TORONTO_STA83_STU00155,TORONTO_STA83_0135
TORONTO_STA83_STU00155,TORONTO_STA83_0138
TORONTO_STA83_STU00156,TORONTO_STA83_0003
TORONTO_STA83_STU00156,TORONTO_STA83_0015
TORONTO_STA83_STU00156,TORONTO_STA83_0036
TORONTO_STA83_STU00156,TORONTO_STA83_0056
TORONTO_STA83_STU00156,TORONTO_STA83_0071
TORONTO_STA83_STU00156,TORONTO_STA83_0083
TORONTO_STA83_STU00156,TORONTO_STA83_0097
TORONTO_STA83_STU00156,TORONTO_STA83_0105
TORONTO_STA83_STU00156,TORONTO_STA83_0118
TORONTO_STA83_STU00156,TORONTO_STA83_0135
TORONTO_STA83_STU00156,TORONTO_STA83_0138
TORONTO_STA83_STU00157,TORONTO_STA83_0003
TORONTO_STA83_STU00157,TORONTO_STA83_0013
TORONTO_STA83_STU00157,TORONTO_STA83_0034
TORONTO_STA83_STU00157,TORONTO_STA83_0054
TORONTO_STA83_STU00157,TORONTO_STA83_0071
TORONTO_STA83_STU00157,TORONTO_STA83_0081
TORONTO_STA83_STU00157,TORONTO_STA83_0097
TORONTO_STA83_STU00157,TORONTO_STA83_0105
TORONTO_STA83_STU00157,TORONTO_STA83_0116
TORONTO_STA83_STU00157,TORONTO_STA83_0135
TORONTO_STA83_STU00157,TORONTO_STA83_0138
TORONTO_STA83_STU00158,TORONTO_STA83_0003
TORONTO_STA83_STU00158,TORONTO_STA83_0015
TORONTO_STA83_STU00158,TORONTO_STA83_0036
TORONTO_STA83_STU00158,TORONTO_STA83_0056
TORONTO_STA83_STU00158,TORONTO_STA83_0071
TORONTO_STA83_STU00158,TORONTO_STA83_0083
TORONTO_STA83_STU00158,TORONTO_STA83_0097
TORONTO_STA83_STU00158,TORONTO_STA83_0105
TORONTO_STA83_STU00158,TORONTO_STA83_0118
TORONTO_STA83_STU00158,TORONTO_STA83_0135
TORONTO_STA83_STU00158,TORONTO_STA83_0138
TORONTO_STA83_STU00159,TORONTO_STA83_0003
TORONTO_STA83_STU00159,TORONTO_STA83_0013
TORONTO_STA83_STU00159,TORONTO_STA83_0034
TORONTO_STA83_STU00159,TORONTO_STA83_0054
TORONTO_STA83_STU00159,TORONTO_STA83_0071
TORONTO_STA83_STU00159,TORONTO_STA83_0081
TORONTO_STA83_STU00159,TORONTO_STA83_0097
TORONTO_STA83_STU00159,TORONTO_STA83_0105
TORONTO_STA83_STU00159,TORONTO_STA83_0116
TORONTO_STA83_STU00159,TORONTO_STA83_0135
TORONTO_STA83_STU00159,TORONTO_STA83_0138
TORONTO_STA83_STU00160,TORONTO_STA83_0003
TORONTO_STA83_STU00160,TORONTO_STA83_0016
TORONTO_STA83_STU00160,TORONTO_STA83_0037
TORONTO_STA83_STU00160,TORONTO_STA83_0057
TORONTO_STA83_STU00160,TORONTO_STA83_0071
TORONTO_STA83_STU00160,TORONTO_STA83_0084
TORONTO_STA83_STU00160,TORONTO_STA83_0097
TORONTO_STA83_STU00160,TORONTO_STA83_0105
TORONTO_STA83_STU00160,TORONTO_STA83_0119
TORONTO_STA83_STU00160,TORONTO_STA83_0135
TORONTO_STA83_STU00160,TORONTO_STA83_0138
TORONTO_STA83_STU00161,TORONTO_STA83_0003
TORONTO_STA83_STU00161,TORONTO_STA83_0015
TORONTO_STA83_STU00161,TORONTO_STA83_0036
TORONTO_STA83_STU00161,TORONTO_STA83_0056
TORONTO_STA83_STU00161,TORONTO_STA83_0071
TORONTO_STA83_STU00161,TORONTO_STA83_0083
TORONTO_STA83_STU00161,TORONTO_STA83_0097
TORONTO_STA83_STU00161,TORONTO_STA83_0106
TORONTO_STA83_STU00161,TORONTO_STA83_0118
TORONTO_STA83_STU00161,TORONTO_STA83_0135
TORONTO_STA83_STU00161,TORONTO_STA83_0138
TORONTO_STA83_STU00162,TORONTO_STA83_0003
TORONTO_STA83_STU00162,TORONTO_STA83_0015
TORONTO_STA83_STU00162,TORONTO_STA83_0036
TORONTO_STA83_STU00162,TORONTO_STA83_0056
TORONTO_STA83_STU00162,TORONTO_STA83_0071
TORONTO_STA83_STU00162,TORONTO_STA83_0083
TORONTO_STA83_STU00162,TORONTO_STA83_0097
TORONTO_STA83_STU00162,TORONTO_STA83_0105
TORONTO_STA83_STU00162,TORONTO_STA83_0118
TORONTO_STA83_STU00162,TORONTO_STA83_0135
TORONTO_STA83_STU00162,TORONTO_STA83_0138
TORONTO_STA83_STU00163,TORONTO_STA83_0003
TORONTO_STA83_STU00163,TORONTO_STA83_0010
TORONTO_STA83_STU00163,TORONTO_STA83_0031
TORONTO_STA83_STU00163,TORONTO_STA83_0051
TORONTO_STA83_STU00163,TORONTO_STA83_0071
TORONTO_STA83_STU00163,TORONTO_STA83_0078
TORONTO_STA83_STU00163,TORONTO_STA83_0097
TORONTO_STA83_STU00163,TORONTO_STA83_0105
TORONTO_STA83_STU00163,TORONTO_STA83_0113
TORONTO_STA83_STU00163,TORONTO_STA83_0135
TORONTO_STA83_STU00163,TORONTO_STA83_0138
TORONTO_STA83_STU00164,TORONTO_STA83_0003
TORONTO_STA83_STU00164,TORONTO_STA83_0013
TORONTO_STA83_STU00164,TORONTO_STA83_0034
TORONTO_STA83_STU00164,TORONTO_STA83_0054
TORONTO_STA83_STU00164,TORONTO_STA83_0071
TORONTO_STA83_STU00164,TORONTO_STA83_0081
TORONTO_STA83_STU00164,TORONTO_STA83_0097
TORONTO_STA83_STU00164,TORONTO_STA83_0106
TORONTO_STA83_STU00164,TORONTO_STA83_0116
TORONTO_STA83_STU00164,TORONTO_STA83_0135
TORONTO_STA83_STU00164,TORONTO_STA83_0138
TORONTO_STA83_STU00165,TORONTO_STA83_0003
TORONTO_STA83_STU00165,TORONTO_STA83_0013
TORONTO_STA83_STU00165,TORONTO_STA83_0034
TORONTO_STA83_STU00165,TORONTO_STA83_0054
TORONTO_STA83_STU00165,TORONTO_STA83_0071
TORONTO_STA83_STU00165,TORONTO_STA83_0081
TORONTO_STA83_STU00165,TORONTO_STA83_0097
TORONTO_STA83_STU00165,TORONTO_STA83_0106
TORONTO_STA83_STU00165,TORONTO_STA83_0116
TORONTO_STA83_STU00165,TORONTO_STA83_0135
TORONTO_STA83_STU00165,TORONTO_STA83_0138
TORONTO_STA83_STU00166,TORONTO_STA83_0003
TORONTO_STA83_STU00166,TORONTO_STA83_0010
TORONTO_STA83_STU00166,TORONTO_STA83_0031
TORONTO_STA83_STU00166,TORONTO_STA83_0051
TORONTO_STA83_STU00166,TORONTO_STA83_0071
TORONTO_STA83_STU00166,TORONTO_STA83_0078
TORONTO_STA83_STU00166,TORONTO_STA83_0097
TORONTO_STA83_STU00166,TORONTO_STA83_0105
TORONTO_STA83_STU00166,TORONTO_STA83_0113
TORONTO_STA83_STU00166,TORONTO_STA83_0135
TORONTO_STA83_STU00166,TORONTO_STA83_0138
TORONTO_STA83_STU00167,TORONTO_STA83_0003
TORONTO_STA83_STU00167,TORONTO_STA83_0016
TORONTO_STA83_STU00167,TORONTO_STA83_0037
TORONTO_STA83_STU00167,TORONTO_STA83_0057
TORONTO_STA83_STU00167,TORONTO_STA83_0071
TORONTO_STA83_STU00167,TORONTO_STA83_0084
TORONTO_STA83_STU00167,TORONTO_STA83_0097
TORONTO_STA83_STU00167,TORONTO_STA83_0106
TORONTO_STA83_STU00167,TORONTO_STA83_0119
TORONTO_STA83_STU00167,TORONTO_STA83_0135
TORONTO_STA83_STU00167,TORONTO_STA83_0138
TORONTO_STA83_STU00168,TORONTO_STA83_0003
TORONTO_STA83_STU00168,TORONTO_STA83_0013
TORONTO_STA83_STU00168,TORONTO_STA83_0034
TORONTO_STA83_STU00168,TORONTO_STA83_0054
TORONTO_STA83_STU00168,TORONTO_STA83_0071
TORONTO_STA83_STU00168,TORONTO_STA83_0081
TORONTO_STA83_STU00168,TORONTO_STA83_0097
TORONTO_STA83_STU00168,TORONTO_STA83_0106
TORONTO_STA83_STU00168,TORONTO_STA83_0116
TORONTO_STA83_STU00168,TORONTO_STA83_0135
TORONTO_STA83_STU00168,TORONTO_STA83_0138
TORONTO_STA83_STU00169,TORONTO_STA83_0003
TORONTO_STA83_STU00169,TORONTO_STA83_0016
TORONTO_STA83_STU00169,TORONTO_STA83_0037
TORONTO_STA83_STU00169,TORONTO_STA83_0057
TORONTO_STA83_STU00169,TORONTO_STA83_0071
TORONTO_STA83_STU00169,TORONTO_STA83_0084
TORONTO_STA83_STU00169,TORONTO_STA83_0097
TORONTO_STA83_STU00169,TORONTO_STA83_0105
TORONTO_STA83_STU00169,TORONTO_STA83_0119
TORONTO_STA83_STU00169,TORONTO_STA83_0135
TORONTO_STA83_STU00169,TORONTO_STA83_0138
TORONTO_STA83_STU00170,TORONTO_STA83_0003
TORONTO_STA83_STU00170,TORONTO_STA83_0015
TORONTO_STA83_STU00170,TORONTO_STA83_0036
TORONTO_STA83_STU00170,TORONTO_STA83_0056
TORONTO_STA83_STU00170,TORONTO_STA83_0071
TORONTO_STA83_STU00170,TORONTO_STA83_0083
TORONTO_STA83_STU00170,TORONTO_STA83_0097
TORONTO_STA83_STU00170,TORONTO_STA83_0105
TORONTO_STA83_STU00170,TORONTO_STA83_0118
TORONTO_STA83_STU00170,TORONTO_STA83_0135
TORONTO_STA83_STU00170,TORONTO_STA83_0138
TORONTO_STA83_STU00171,TORONTO_STA83_0003
TORONTO_STA83_STU00171,TORONTO_STA83_0014
TORONTO_STA83_STU00171,TORONTO_STA83_0035
TORONTO_STA83_STU00171,TORONTO_STA83_0055
TORONTO_STA83_STU00171,TORONTO_STA83_0071
TORONTO_STA83_STU00171,TORONTO_STA83_0082
TORONTO_STA83_STU00171,TORONTO_STA83_0097
TORONTO_STA83_STU00171,TORONTO_STA83_0106
TORONTO_STA83_STU00171,TORONTO_STA83_0117
TORONTO_STA83_STU00171,TORONTO_STA83_0135
TORONTO_STA83_STU00171,TORONTO_STA83_0138
TORONTO_STA83_STU00172,TORONTO_STA83_0003
TORONTO_STA83_STU00172,TORONTO_STA83_0015
TORONTO_STA83_STU00172,TORONTO_STA83_0036
TORONTO_STA83_STU00172,TORONTO_STA83_0056
TORONTO_STA83_STU00172,TORONTO_STA83_0071
TORONTO_STA83_STU00172,TORONTO_STA83_0083
TORONTO_STA83_STU00172,TORONTO_STA83_0097
TORONTO_STA83_STU00172,TORONTO_STA83_0106
TORONTO_STA83_STU00172,TORONTO_STA83_0118
TORONTO_STA83_STU00172,TORONTO_STA83_0135
TORONTO_STA83_STU00172,TORONTO_STA83_0138
TORONTO_STA83_STU00173,TORONTO_STA83_0003
TORONTO_STA83_STU00173,TORONTO_STA83_0015
TORONTO_STA83_STU00173,TORONTO_STA83_0036
TORONTO_STA83_STU00173,TORONTO_STA83_0056
TORONTO_STA83_STU00173,TORONTO_STA83_0071
TORONTO_STA83_STU00173,TORONTO_STA83_0083
TORONTO_STA83_STU00173,TORONTO_STA83_0097
TORONTO_STA83_STU00173,TORONTO_STA83_0105
TORONTO_STA83_STU00173,TORONTO_STA83_0118
TORONTO_STA83_STU00173,TORONTO_STA83_0135
TORONTO_STA83_STU00173,TORONTO_STA83_0138
TORONTO_STA83_STU00174,TORONTO_STA83_0003
TORONTO_STA83_STU00174,TORONTO_STA83_0011
TORONTO_STA83_STU00174,TORONTO_STA83_0032
TORONTO_STA83_STU00174,TORONTO_STA83_0052
TORONTO_STA83_STU00174,TORONTO_STA83_0071
TORONTO_STA83_STU00174,TORONTO_STA83_0079
TORONTO_STA83_STU00174,TORONTO_STA83_0097
TORONTO_STA83_STU00174,TORONTO_STA83_0105
TORONTO_STA83_STU00174,TORONTO_STA83_0114
TORONTO_STA83_STU00174,TORONTO_STA83_0135
TORONTO_STA83_STU00174,TORONTO_STA83_0138
TORONTO_STA83_STU00175,TORONTO_STA83_0003
TORONTO_STA83_STU00175,TORONTO_STA83_0011
TORONTO_STA83_STU00175,TORONTO_STA83_0032
TORONTO_STA83_STU00175,TORONTO_STA83_0052
TORONTO_STA83_STU00175,TORONTO_STA83_0071
TORONTO_STA83_STU00175,TORONTO_STA83_0079
TORONTO_STA83_STU00175,TORONTO_STA83_0097
TORONTO_STA83_STU00175,TORONTO_STA83_0105
TORONTO_STA83_STU00175,TORONTO_STA83_0114
TORONTO_STA83_STU00175,TORONTO_STA83_0135
TORONTO_STA83_STU00175,TORONTO_STA83_0138
TORONTO_STA83_STU00176,TORONTO_STA83_0003
TORONTO_STA83_STU00176,TORONTO_STA83_0013
TORONTO_STA83_STU00176,TORONTO_STA83_0034
TORONTO_STA83_STU00176,TORONTO_STA83_0054
TORONTO_STA83_STU00176,TORONTO_STA83_0071
TORONTO_STA83_STU00176,TORONTO_STA83_0081
TORONTO_STA83_STU00176,TORONTO_STA83_0097
TORONTO_STA83_STU00176,TORONTO_STA83_0106
TORONTO_STA83_STU00176,TORONTO_STA83_0116
TORONTO_STA83_STU00176,TORONTO_STA83_0135
TORONTO_STA83_STU00176,TORONTO_STA83_0138
TORONTO_STA83_STU00177,TORONTO_STA83_0003
TORONTO_STA83_STU00177,TORONTO_STA83_0016
TORONTO_STA83_STU00177,TORONTO_STA83_0037
TORONTO_STA83_STU00177,TORONTO_STA83_0057
TORONTO_STA83_STU00177,TORONTO_STA83_0071
TORONTO_STA83_STU00177,TORONTO_STA83_0084
TORONTO_STA83_STU00177,TORONTO_STA83_0097
TORONTO_STA83_STU00177,TORONTO_STA83_0106
TORONTO_STA83_STU00177,TORONTO_STA83_0119
TORONTO_STA83_STU00177,TORONTO_STA83_0135
TORONTO_STA83_STU00177,TORONTO_STA83_0138
TORONTO_STA83_STU00178,TORONTO_STA83_0003
TORONTO_STA83_STU00178,TORONTO_STA83_0016
TORONTO_STA83_STU00178,TORONTO_STA83_0037
TORONTO_STA83_STU00178,TORONTO_STA83_0057
TORONTO_STA83_STU00178,TORONTO_STA83_0071
TORONTO_STA83_STU00178,TORONTO_STA83_0084
TORONTO_STA83_STU00178,TORONTO_STA83_0097
TORONTO_STA83_STU00178,TORONTO_STA83_0106
TORONTO_STA83_STU00178,TORONTO_STA83_0119
TORONTO_STA83_STU00178,TORONTO_STA83_0135
TORONTO_STA83_STU00178,TORONTO_STA83_0138
TORONTO_STA83_STU00179,TORONTO_STA83_0003
TORONTO_STA83_STU00179,TORONTO_STA83_0016
TORONTO_STA83_STU00179,TORONTO_STA83_0037
TORONTO_STA83_STU00179,TORONTO_STA83_0057
TORONTO_STA83_STU00179,TORONTO_STA83_0071
TORONTO_STA83_STU00179,TORONTO_STA83_0084
TORONTO_STA83_STU00179,TORONTO_STA83_0097
TORONTO_STA83_STU00179,TORONTO_STA83_0105
TORONTO_STA83_STU00179,TORONTO_STA83_0119
TORONTO_STA83_STU00179,TORONTO_STA83_0135
TORONTO_STA83_STU00179,TORONTO_STA83_0138
TORONTO_STA83_STU00180,TORONTO_STA83_0003
TORONTO_STA83_STU00180,TORONTO_STA83_0016
TORONTO_STA83_STU00180,TORONTO_STA83_0037
TORONTO_STA83_STU00180,TORONTO_STA83_0057
TORONTO_STA83_STU00180,TORONTO_STA83_0071
TORONTO_STA83_STU00180,TORONTO_STA83_0084
TORONTO_STA83_STU00180,TORONTO_STA83_0097
TORONTO_STA83_STU00180,TORONTO_STA83_0106
TORONTO_STA83_STU00180,TORONTO_STA83_0119
TORONTO_STA83_STU00180,TORONTO_STA83_0135
TORONTO_STA83_STU00180,TORONTO_STA83_0138
TORONTO_STA83_STU00181,TORONTO_STA83_0003
TORONTO_STA83_STU00181,TORONTO_STA83_0015
TORONTO_STA83_STU00181,TORONTO_STA83_0036
TORONTO_STA83_STU00181,TORONTO_STA83_0056
TORONTO_STA83_STU00181,TORONTO_STA83_0071
TORONTO_STA83_STU00181,TORONTO_STA83_0083
TORONTO_STA83_STU00181,TORONTO_STA83_0097
TORONTO_STA83_STU00181,TORONTO_STA83_0106
TORONTO_STA83_STU00181,TORONTO_STA83_0118
TORONTO_STA83_STU00181,TORONTO_STA83_0135
TORONTO_STA83_STU00181,TORONTO_STA83_0138
TORONTO_STA83_STU00182,TORONTO_STA83_0003
TORONTO_STA83_STU00182,TORONTO_STA83_0015
TORONTO_STA83_STU00182,TORONTO_STA83_0036
TORONTO_STA83_STU00182,TORONTO_STA83_0056
TORONTO_STA83_STU00182,TORONTO_STA83_0071
TORONTO_STA83_STU00182,TORONTO_STA83_0083
TORONTO_STA83_STU00182,TORONTO_STA83_0097
TORONTO_STA83_STU00182,TORONTO_STA83_0106
TORONTO_STA83_STU00182,TORONTO_STA83_0118
TORONTO_STA83_STU00182,TORONTO_STA83_0135
TORONTO_STA83_STU00182,TORONTO_STA83_0138
TORONTO_STA83_STU00183,TORONTO_STA83_0003
TORONTO_STA83_STU00183,TORONTO_STA83_0016
TORONTO_STA83_STU00183,TORONTO_STA83_0037
TORONTO_STA83_STU00183,TORONTO_STA83_0057
TORONTO_STA83_STU00183,TORONTO_STA83_0071
TORONTO_STA83_STU00183,TORONTO_STA83_0084
TORONTO_STA83_STU00183,TORONTO_STA83_0097
TORONTO_STA83_STU00183,TORONTO_STA83_0105
TORONTO_STA83_STU00183,TORONTO_STA83_0119
TORONTO_STA83_STU00183,TORONTO_STA83_0135
TORONTO_STA83_STU00183,TORONTO_STA83_0138
TORONTO_STA83_STU00184,TORONTO_STA83_0003
TORONTO_STA83_STU00184,TORONTO_STA83_0009
TORONTO_STA83_STU00184,TORONTO_STA83_0030
TORONTO_STA83_STU00184,TORONTO_STA83_0050
TORONTO_STA83_STU00184,TORONTO_STA83_0071
TORONTO_STA83_STU00184,TORONTO_STA83_0077
TORONTO_STA83_STU00184,TORONTO_STA83_0097
TORONTO_STA83_STU00184,TORONTO_STA83_0106
TORONTO_STA83_STU00184,TORONTO_STA83_0112
TORONTO_STA83_STU00184,TORONTO_STA83_0135
TORONTO_STA83_STU00184,TORONTO_STA83_0138
TORONTO_STA83_STU00185,TORONTO_STA83_0003
TORONTO_STA83_STU00185,TORONTO_STA83_0009
TORONTO_STA83_STU00185,TORONTO_STA83_0030
TORONTO_STA83_STU00185,TORONTO_STA83_0050
TORONTO_STA83_STU00185,TORONTO_STA83_0071
TORONTO_STA83_STU00185,TORONTO_STA83_0077
TORONTO_STA83_STU00185,TORONTO_STA83_0097
TORONTO_STA83_STU00185,TORONTO_STA83_0106
TORONTO_STA83_STU00185,TORONTO_STA83_0112
TORONTO_STA83_STU00185,TORONTO_STA83_0135
TORONTO_STA83_STU00185,TORONTO_STA83_0138
TORONTO_STA83_STU00186,TORONTO_STA83_0003
TORONTO_STA83_STU00186,TORONTO_STA83_0016
TORONTO_STA83_STU00186,TORONTO_STA83_0037
TORONTO_STA83_STU00186,TORONTO_STA83_0057
TORONTO_STA83_STU00186,TORONTO_STA83_0071
TORONTO_STA83_STU00186,TORONTO_STA83_0084
TORONTO_STA83_STU00186,TORONTO_STA83_0097
TORONTO_STA83_STU00186,TORONTO_STA83_0106
TORONTO_STA83_STU00186,TORONTO_STA83_0119
TORONTO_STA83_STU00186,TORONTO_STA83_0135
TORONTO_STA83_STU00186,TORONTO_STA83_0138
TORONTO_STA83_STU00187,TORONTO_STA83_0003
TORONTO_STA83_STU00187,TORONTO_STA83_0009
TORONTO_STA83_STU00187,TORONTO_STA83_0030
TORONTO_STA83_STU00187,TORONTO_STA83_0050
TORONTO_STA83_STU00187,TORONTO_STA83_0071
TORONTO_STA83_STU00187,TORONTO_STA83_0077
TORONTO_STA83_STU00187,TORONTO_STA83_0097
TORONTO_STA83_STU00187,TORONTO_STA83_0106
TORONTO_STA83_STU00187,TORONTO_STA83_0112
TORONTO_STA83_STU00187,TORONTO_STA83_0135
TORONTO_STA83_STU00187,TORONTO_STA83_0138
TORONTO_STA83_STU00188,TORONTO_STA83_0003
TORONTO_STA83_STU00188,TORONTO_STA83_0009
TORONTO_STA83_STU00188,TORONTO_STA83_0030
TORONTO_STA83_STU00188,TORONTO_STA83_0050
TORONTO_STA83_STU00188,TORONTO_STA83_0071
TORONTO_STA83_STU00188,TORONTO_STA83_0077
TORONTO_STA83_STU00188,TORONTO_STA83_0097
TORONTO_STA83_STU00188,TORONTO_STA83_0106
TORONTO_STA83_STU00188,TORONTO_STA83_0112
TORONTO_STA83_STU00188,TORONTO_STA83_0135
TORONTO_STA83_STU00188,TORONTO_STA83_0138
TORONTO_STA83_STU00189,TORONTO_STA83_0006
TORONTO_STA83_STU00189,TORONTO_STA83_0029
TORONTO_STA83_STU00189,TORONTO_STA83_0069
TORONTO_STA83_STU00189,TORONTO_STA83_0074
TORONTO_STA83_STU00189,TORONTO_STA83_0104
TORONTO_STA83_STU00189,TORONTO_STA83_0110
TORONTO_STA83_STU00189,TORONTO_STA83_0130
TORONTO_STA83_STU00189,TORONTO_STA83_0137
TORONTO_STA83_STU00190,TORONTO_STA83_0004
TORONTO_STA83_STU00190,TORONTO_STA83_0018
TORONTO_STA83_STU00190,TORONTO_STA83_0027
TORONTO_STA83_STU00190,TORONTO_STA83_0039
TORONTO_STA83_STU00190,TORONTO_STA83_0059
TORONTO_STA83_STU00190,TORONTO_STA83_0072
TORONTO_STA83_STU00190,TORONTO_STA83_0086
TORONTO_STA83_STU00190,TORONTO_STA83_0107
TORONTO_STA83_STU00190,TORONTO_STA83_0121
TORONTO_STA83_STU00191,TORONTO_STA83_0004
TORONTO_STA83_STU00191,TORONTO_STA83_0026
TORONTO_STA83_STU00191,TORONTO_STA83_0047
TORONTO_STA83_STU00191,TORONTO_STA83_0067
TORONTO_STA83_STU00191,TORONTO_STA83_0072
TORONTO_STA83_STU00191,TORONTO_STA83_0094
TORONTO_STA83_STU00191,TORONTO_STA83_0099
TORONTO_STA83_STU00191,TORONTO_STA83_0108
TORONTO_STA83_STU00191,TORONTO_STA83_0129
TORONTO_STA83_STU00192,TORONTO_STA83_0003
TORONTO_STA83_STU00192,TORONTO_STA83_0013
TORONTO_STA83_STU00192,TORONTO_STA83_0034
TORONTO_STA83_STU00192,TORONTO_STA83_0054
TORONTO_STA83_STU00192,TORONTO_STA83_0071
TORONTO_STA83_STU00192,TORONTO_STA83_0081
TORONTO_STA83_STU00192,TORONTO_STA83_0097
TORONTO_STA83_STU00192,TORONTO_STA83_0105
TORONTO_STA83_STU00192,TORONTO_STA83_0116
TORONTO_STA83_STU00192,TORONTO_STA83_0135
TORONTO_STA83_STU00192,TORONTO_STA83_0138
TORONTO_STA83_STU00193,TORONTO_STA83_0003
TORONTO_STA83_STU00193,TORONTO_STA83_0013
TORONTO_STA83_STU00193,TORONTO_STA83_0034
TORONTO_STA83_STU00193,TORONTO_STA83_0054
TORONTO_STA83_STU00193,TORONTO_STA83_0071
TORONTO_STA83_STU00193,TORONTO_STA83_0081
TORONTO_STA83_STU00193,TORONTO_STA83_0097
TORONTO_STA83_STU00193,TORONTO_STA83_0106
TORONTO_STA83_STU00193,TORONTO_STA83_0116
TORONTO_STA83_STU00193,TORONTO_STA83_0135
TORONTO_STA83_STU00193,TORONTO_STA83_0138
TORONTO_STA83_STU00194,TORONTO_STA83_0003
TORONTO_STA83_STU00194,TORONTO_STA83_0013
TORONTO_STA83_STU00194,TORONTO_STA83_0034
TORONTO_STA83_STU00194,TORONTO_STA83_0054
TORONTO_STA83_STU00194,TORONTO_STA83_0071
TORONTO_STA83_STU00194,TORONTO_STA83_0081
TORONTO_STA83_STU00194,TORONTO_STA83_0097
TORONTO_STA83_STU00194,TORONTO_STA83_0106
TORONTO_STA83_STU00194,TORONTO_STA83_0116
TORONTO_STA83_STU00194,TORONTO_STA83_0135
TORONTO_STA83_STU00194,TORONTO_STA83_0138
TORONTO_STA83_STU00195,TORONTO_STA83_0003
TORONTO_STA83_STU00195,TORONTO_STA83_0013
TORONTO_STA83_STU00195,TORONTO_STA83_0034
TORONTO_STA83_STU00195,TORONTO_STA83_0054
TORONTO_STA83_STU00195,TORONTO_STA83_0071
TORONTO_STA83_STU00195,TORONTO_STA83_0081
TORONTO_STA83_STU00195,TORONTO_STA83_0097
TORONTO_STA83_STU00195,TORONTO_STA83_0105
TORONTO_STA83_STU00195,TORONTO_STA83_0116
TORONTO_STA83_STU00195,TORONTO_STA83_0135
TORONTO_STA83_STU00195,TORONTO_STA83_0138
TORONTO_STA83_STU00196,TORONTO_STA83_0003
TORONTO_STA83_STU00196,TORONTO_STA83_0013
TORONTO_STA83_STU00196,TORONTO_STA83_0034
TORONTO_STA83_STU00196,TORONTO_STA83_0054
TORONTO_STA83_STU00196,TORONTO_STA83_0071
TORONTO_STA83_STU00196,TORONTO_STA83_0081
TORONTO_STA83_STU00196,TORONTO_STA83_0097
TORONTO_STA83_STU00196,TORONTO_STA83_0106
TORONTO_STA83_STU00196,TORONTO_STA83_0116
TORONTO_STA83_STU00196,TORONTO_STA83_0135
TORONTO_STA83_STU00196,TORONTO_STA83_0138
TORONTO_STA83_STU00197,TORONTO_STA83_0003
TORONTO_STA83_STU00197,TORONTO_STA83_0013
TORONTO_STA83_STU00197,TORONTO_STA83_0034
TORONTO_STA83_STU00197,TORONTO_STA83_0054
TORONTO_STA83_STU00197,TORONTO_STA83_0071
TORONTO_STA83_STU00197,TORONTO_STA83_0081
TORONTO_STA83_STU00197,TORONTO_STA83_0097
TORONTO_STA83_STU00197,TORONTO_STA83_0105
TORONTO_STA83_STU00197,TORONTO_STA83_0116
TORONTO_STA83_STU00197,TORONTO_STA83_0135
TORONTO_STA83_STU00197,TORONTO_STA83_0138
TORONTO_STA83_STU00198,TORONTO_STA83_0003
TORONTO_STA83_STU00198,TORONTO_STA83_0013
TORONTO_STA83_STU00198,TORONTO_STA83_0034
TORONTO_STA83_STU00198,TORONTO_STA83_0054
TORONTO_STA83_STU00198,TORONTO_STA83_0071
TORONTO_STA83_STU00198,TORONTO_STA83_0081
TORONTO_STA83_STU00198,TORONTO_STA83_0097
TORONTO_STA83_STU00198,TORONTO_STA83_0105
TORONTO_STA83_STU00198,TORONTO_STA83_0116
TORONTO_STA83_STU00198,TORONTO_STA83_0135
TORONTO_STA83_STU00198,TORONTO_STA83_0138
TORONTO_STA83_STU00199,TORONTO_STA83_0003
TORONTO_STA83_STU00199,TORONTO_STA83_0013
TORONTO_STA83_STU00199,TORONTO_STA83_0034
TORONTO_STA83_STU00199,TORONTO_STA83_0054
TORONTO_STA83_STU00199,TORONTO_STA83_0071
TORONTO_STA83_STU00199,TORONTO_STA83_0081
TORONTO_STA83_STU00199,TORONTO_STA83_0097
TORONTO_STA83_STU00199,TORONTO_STA83_0105
TORONTO_STA83_STU00199,TORONTO_STA83_0116
TORONTO_STA83_STU00199,TORONTO_STA83_0135
TORONTO_STA83_STU00199,TORONTO_STA83_0138
TORONTO_STA83_STU00200,TORONTO_STA83_0003
TORONTO_STA83_STU00200,TORONTO_STA83_0013
TORONTO_STA83_STU00200,TORONTO_STA83_0034
TORONTO_STA83_STU00200,TORONTO_STA83_0054
TORONTO_STA83_STU00200,TORONTO_STA83_0071
TORONTO_STA83_STU00200,TORONTO_STA83_0081
TORONTO_STA83_STU00200,TORONTO_STA83_0097
TORONTO_STA83_STU00200,TORONTO_STA83_0106
TORONTO_STA83_STU00200,TORONTO_STA83_0116
TORONTO_STA83_STU00200,TORONTO_STA83_0135
TORONTO_STA83_STU00200,TORONTO_STA83_0138
TORONTO_STA83_STU00201,TORONTO_STA83_0003
TORONTO_STA83_STU00201,TORONTO_STA83_0013
TORONTO_STA83_STU00201,TORONTO_STA83_0034
TORONTO_STA83_STU00201,TORONTO_STA83_0054
TORONTO_STA83_STU00201,TORONTO_STA83_0071
TORONTO_STA83_STU00201,TORONTO_STA83_0081
TORONTO_STA83_STU00201,TORONTO_STA83_0097
TORONTO_STA83_STU00201,TORONTO_STA83_0106
TORONTO_STA83_STU00201,TORONTO_STA83_0116
TORONTO_STA83_STU00201,TORONTO_STA83_0135
TORONTO_STA83_STU00201,TORONTO_STA83_0138
TORONTO_STA83_STU00202,TORONTO_STA83_0012
TORONTO_STA83_STU00202,TORONTO_STA83_0033
TORONTO_STA83_STU00202,TORONTO_STA83_0053
TORONTO_STA83_STU00202,TORONTO_STA83_0080
TORONTO_STA83_STU00202,TORONTO_STA83_0115
TORONTO_STA83_STU00203,TORONTO_STA83_0004
TORONTO_STA83_STU00203,TORONTO_STA83_0019
TORONTO_STA83_STU00203,TORONTO_STA83_0040
TORONTO_STA83_STU00203,TORONTO_STA83_0060
TORONTO_STA83_STU00203,TORONTO_STA83_0072
TORONTO_STA83_STU00203,TORONTO_STA83_0087
TORONTO_STA83_STU00203,TORONTO_STA83_0108
TORONTO_STA83_STU00203,TORONTO_STA83_0122
TORONTO_STA83_STU00203,TORONTO_STA83_0133
TORONTO_STA83_STU00204,TORONTO_STA83_0003
TORONTO_STA83_STU00204,TORONTO_STA83_0014
TORONTO_STA83_STU00204,TORONTO_STA83_0035
TORONTO_STA83_STU00204,TORONTO_STA83_0055
TORONTO_STA83_STU00204,TORONTO_STA83_0071
TORONTO_STA83_STU00204,TORONTO_STA83_0082
TORONTO_STA83_STU00204,TORONTO_STA83_0097
TORONTO_STA83_STU00204,TORONTO_STA83_0105
TORONTO_STA83_STU00204,TORONTO_STA83_0117
TORONTO_STA83_STU00204,TORONTO_STA83_0135
TORONTO_STA83_STU00204,TORONTO_STA83_0138
TORONTO_STA83_STU00205,TORONTO_STA83_0003
TORONTO_STA83_STU00205,TORONTO_STA83_0014
TORONTO_STA83_STU00205,TORONTO_STA83_0035
TORONTO_STA83_STU00205,TORONTO_STA83_0055
TORONTO_STA83_STU00205,TORONTO_STA83_0071
TORONTO_STA83_STU00205,TORONTO_STA83_0082
TORONTO_STA83_STU00205,TORONTO_STA83_0097
TORONTO_STA83_STU00205,TORONTO_STA83_0106
TORONTO_STA83_STU00205,TORONTO_STA83_0117
TORONTO_STA83_STU00205,TORONTO_STA83_0135
TORONTO_STA83_STU00205,TORONTO_STA83_0138
TORONTO_STA83_STU00206,TORONTO_STA83_0003
TORONTO_STA83_STU00206,TORONTO_STA83_0014
TORONTO_STA83_STU00206,TORONTO_STA83_0035
TORONTO_STA83_STU00206,TORONTO_STA83_0055
TORONTO_STA83_STU00206,TORONTO_STA83_0071
TORONTO_STA83_STU00206,TORONTO_STA83_0082
TORONTO_STA83_STU00206,TORONTO_STA83_0097
TORONTO_STA83_STU00206,TORONTO_STA83_0106
TORONTO_STA83_STU00206,TORONTO_STA83_0117
TORONTO_STA83_STU00206,TORONTO_STA83_0135
TORONTO_STA83_STU00206,TORONTO_STA83_0138
TORONTO_STA83_STU00207,TORONTO_STA83_0003
TORONTO_STA83_STU00207,TORONTO_STA83_0014
TORONTO_STA83_STU00207,TORONTO_STA83_0035
TORONTO_STA83_STU00207,TORONTO_STA83_0055
TORONTO_STA83_STU00207,TORONTO_STA83_0071
TORONTO_STA83_STU00207,TORONTO_STA83_0082
TORONTO_STA83_STU00207,TORONTO_STA83_0097
TORONTO_STA83_STU00207,TORONTO_STA83_0105
TORONTO_STA83_STU00207,TORONTO_STA83_0117
TORONTO_STA83_STU00207,TORONTO_STA83_0135
TORONTO_STA83_STU00207,TORONTO_STA83_0138
TORONTO_STA83_STU00208,TORONTO_STA83_0003
TORONTO_STA83_STU00208,TORONTO_STA83_0014
TORONTO_STA83_STU00208,TORONTO_STA83_0035
TORONTO_STA83_STU00208,TORONTO_STA83_0055
TORONTO_STA83_STU00208,TORONTO_STA83_0071
TORONTO_STA83_STU00208,TORONTO_STA83_0082
TORONTO_STA83_STU00208,TORONTO_STA83_0097
TORONTO_STA83_STU00208,TORONTO_STA83_0106
TORONTO_STA83_STU00208,TORONTO_STA83_0117
TORONTO_STA83_STU00208,TORONTO_STA83_0135
TORONTO_STA83_STU00208,TORONTO_STA83_0138
TORONTO_STA83_STU00209,TORONTO_STA83_0003
TORONTO_STA83_STU00209,TORONTO_STA83_0014
TORONTO_STA83_STU00209,TORONTO_STA83_0035
TORONTO_STA83_STU00209,TORONTO_STA83_0055
TORONTO_STA83_STU00209,TORONTO_STA83_0071
TORONTO_STA83_STU00209,TORONTO_STA83_0082
TORONTO_STA83_STU00209,TORONTO_STA83_0097
TORONTO_STA83_STU00209,TORONTO_STA83_0105
TORONTO_STA83_STU00209,TORONTO_STA83_0117
TORONTO_STA83_STU00209,TORONTO_STA83_0135
TORONTO_STA83_STU00209,TORONTO_STA83_0138
TORONTO_STA83_STU00210,TORONTO_STA83_0003
TORONTO_STA83_STU00210,TORONTO_STA83_0014
TORONTO_STA83_STU00210,TORONTO_STA83_0035
TORONTO_STA83_STU00210,TORONTO_STA83_0055
TORONTO_STA83_STU00210,TORONTO_STA83_0071
TORONTO_STA83_STU00210,TORONTO_STA83_0082
TORONTO_STA83_STU00210,TORONTO_STA83_0097
TORONTO_STA83_STU00210,TORONTO_STA83_0105
TORONTO_STA83_STU00210,TORONTO_STA83_0117
TORONTO_STA83_STU00210,TORONTO_STA83_0135
TORONTO_STA83_STU00210,TORONTO_STA83_0138
TORONTO_STA83_STU00211,TORONTO_STA83_0003
TORONTO_STA83_STU00211,TORONTO_STA83_0014
TORONTO_STA83_STU00211,TORONTO_STA83_0035
TORONTO_STA83_STU00211,TORONTO_STA83_0055
TORONTO_STA83_STU00211,TORONTO_STA83_0071
TORONTO_STA83_STU00211,TORONTO_STA83_0082
TORONTO_STA83_STU00211,TORONTO_STA83_0097
TORONTO_STA83_STU00211,TORONTO_STA83_0105
TORONTO_STA83_STU00211,TORONTO_STA83_0117
TORONTO_STA83_STU00211,TORONTO_STA83_0135
TORONTO_STA83_STU00211,TORONTO_STA83_0138
TORONTO_STA83_STU00212,TORONTO_STA83_0003
TORONTO_STA83_STU00212,TORONTO_STA83_0014
TORONTO_STA83_STU00212,TORONTO_STA83_0035
TORONTO_STA83_STU00212,TORONTO_STA83_0055
TORONTO_STA83_STU00212,TORONTO_STA83_0071
TORONTO_STA83_STU00212,TORONTO_STA83_0082
TORONTO_STA83_STU00212,TORONTO_STA83_0097
TORONTO_STA83_STU00212,TORONTO_STA83_0106
TORONTO_STA83_STU00212,TORONTO_STA83_0117
TORONTO_STA83_STU00212,TORONTO_STA83_0135
TORONTO_STA83_STU00212,TORONTO_STA83_0138
TORONTO_STA83_STU00213,TORONTO_STA83_0003
TORONTO_STA83_STU00213,TORONTO_STA83_0014
TORONTO_STA83_STU00213,TORONTO_STA83_0035
TORONTO_STA83_STU00213,TORONTO_STA83_0055
TORONTO_STA83_STU00213,TORONTO_STA83_0071
TORONTO_STA83_STU00213,TORONTO_STA83_0082
TORONTO_STA83_STU00213,TORONTO_STA83_0097
TORONTO_STA83_STU00213,TORONTO_STA83_0106
TORONTO_STA83_STU00213,TORONTO_STA83_0117
TORONTO_STA83_STU00213,TORONTO_STA83_0135
TORONTO_STA83_STU00213,TORONTO_STA83_0138
TORONTO_STA83_STU00214,TORONTO_STA83_0004
TORONTO_STA83_STU00214,TORONTO_STA83_0018
TORONTO_STA83_STU00214,TORONTO_STA83_0039
TORONTO_STA83_STU00214,TORONTO_STA83_0059
TORONTO_STA83_STU00214,TORONTO_STA83_0072
TORONTO_STA83_STU00214,TORONTO_STA83_0086
TORONTO_STA83_STU00214,TORONTO_STA83_0107
TORONTO_STA83_STU00214,TORONTO_STA83_0121
TORONTO_STA83_STU00214,TORONTO_STA83_0139
TORONTO_STA83_STU00215,TORONTO_STA83_0001
TORONTO_STA83_STU00215,TORONTO_STA83_0006
TORONTO_STA83_STU00215,TORONTO_STA83_0049
TORONTO_STA83_STU00215,TORONTO_STA83_0069
TORONTO_STA83_STU00215,TORONTO_STA83_0074
TORONTO_STA83_STU00215,TORONTO_STA83_0104
TORONTO_STA83_STU00215,TORONTO_STA83_0110
TORONTO_STA83_STU00215,TORONTO_STA83_0134
TORONTO_STA83_STU00216,TORONTO_STA83_0004
TORONTO_STA83_STU00216,TORONTO_STA83_0019
TORONTO_STA83_STU00216,TORONTO_STA83_0040
TORONTO_STA83_STU00216,TORONTO_STA83_0060
TORONTO_STA83_STU00216,TORONTO_STA83_0072
TORONTO_STA83_STU00216,TORONTO_STA83_0087
TORONTO_STA83_STU00216,TORONTO_STA83_0108
TORONTO_STA83_STU00216,TORONTO_STA83_0122
TORONTO_STA83_STU00216,TORONTO_STA83_0139
TORONTO_STA83_STU00217,TORONTO_STA83_0004
TORONTO_STA83_STU00217,TORONTO_STA83_0018
TORONTO_STA83_STU00217,TORONTO_STA83_0039
TORONTO_STA83_STU00217,TORONTO_STA83_0059
TORONTO_STA83_STU00217,TORONTO_STA83_0072
TORONTO_STA83_STU00217,TORONTO_STA83_0086
TORONTO_STA83_STU00217,TORONTO_STA83_0108
TORONTO_STA83_STU00217,TORONTO_STA83_0121
TORONTO_STA83_STU00217,TORONTO_STA83_0133
TORONTO_STA83_STU00218,TORONTO_STA83_0004
TORONTO_STA83_STU00218,TORONTO_STA83_0018
TORONTO_STA83_STU00218,TORONTO_STA83_0039
TORONTO_STA83_STU00218,TORONTO_STA83_0059
TORONTO_STA83_STU00218,TORONTO_STA83_0072
TORONTO_STA83_STU00218,TORONTO_STA83_0086
TORONTO_STA83_STU00218,TORONTO_STA83_0108
TORONTO_STA83_STU00218,TORONTO_STA83_0121
TORONTO_STA83_STU00218,TORONTO_STA83_0139
TORONTO_STA83_STU00219,TORONTO_STA83_0019
TORONTO_STA83_STU00219,TORONTO_STA83_0040
TORONTO_STA83_STU00219,TORONTO_STA83_0060
TORONTO_STA83_STU00219,TORONTO_STA83_0072
TORONTO_STA83_STU00219,TORONTO_STA83_0087
TORONTO_STA83_STU00219,TORONTO_STA83_0099
TORONTO_STA83_STU00219,TORONTO_STA83_0107
TORONTO_STA83_STU00219,TORONTO_STA83_0122
TORONTO_STA83_STU00219,TORONTO_STA83_0133
TORONTO_STA83_STU00220,TORONTO_STA83_0004
TORONTO_STA83_STU00220,TORONTO_STA83_0019
TORONTO_STA83_STU00220,TORONTO_STA83_0040
TORONTO_STA83_STU00220,TORONTO_STA83_0060
TORONTO_STA83_STU00220,TORONTO_STA83_0072
TORONTO_STA83_STU00220,TORONTO_STA83_0087
TORONTO_STA83_STU00220,TORONTO_STA83_0107
TORONTO_STA83_STU00220,TORONTO_STA83_0122
TORONTO_STA83_STU00220,TORONTO_STA83_0133
TORONTO_STA83_STU00221,TORONTO_STA83_0019
TORONTO_STA83_STU00221,TORONTO_STA83_0040
TORONTO_STA83_STU00221,TORONTO_STA83_0060
TORONTO_STA83_STU00221,TORONTO_STA83_0072
TORONTO_STA83_STU00221,TORONTO_STA83_0087
TORONTO_STA83_STU00221,TORONTO_STA83_0102
TORONTO_STA83_STU00221,TORONTO_STA83_0107
TORONTO_STA83_STU00221,TORONTO_STA83_0122
TORONTO_STA83_STU00221,TORONTO_STA83_0139
TORONTO_STA83_STU00222,TORONTO_STA83_0004
TORONTO_STA83_STU00222,TORONTO_STA83_0019
TORONTO_STA83_STU00222,TORONTO_STA83_0040
TORONTO_STA83_STU00222,TORONTO_STA83_0060
TORONTO_STA83_STU00222,TORONTO_STA83_0072
TORONTO_STA83_STU00222,TORONTO_STA83_0087
TORONTO_STA83_STU00222,TORONTO_STA83_0108
TORONTO_STA83_STU00222,TORONTO_STA83_0122
TORONTO_STA83_STU00222,TORONTO_STA83_0133
TORONTO_STA83_STU00223,TORONTO_STA83_0019
TORONTO_STA83_STU00223,TORONTO_STA83_0040
TORONTO_STA83_STU00223,TORONTO_STA83_0060
TORONTO_STA83_STU00223,TORONTO_STA83_0072
TORONTO_STA83_STU00223,TORONTO_STA83_0087
TORONTO_STA83_STU00223,TORONTO_STA83_0099
TORONTO_STA83_STU00223,TORONTO_STA83_0108
TORONTO_STA83_STU00223,TORONTO_STA83_0122
TORONTO_STA83_STU00223,TORONTO_STA83_0139
TORONTO_STA83_STU00224,TORONTO_STA83_0004
TORONTO_STA83_STU00224,TORONTO_STA83_0019
TORONTO_STA83_STU00224,TORONTO_STA83_0040
TORONTO_STA83_STU00224,TORONTO_STA83_0060
TORONTO_STA83_STU00224,TORONTO_STA83_0072
TORONTO_STA83_STU00224,TORONTO_STA83_0087
TORONTO_STA83_STU00224,TORONTO_STA83_0102
TORONTO_STA83_STU00224,TORONTO_STA83_0108
TORONTO_STA83_STU00224,TORONTO_STA83_0122
TORONTO_STA83_STU00225,TORONTO_STA83_0019
TORONTO_STA83_STU00225,TORONTO_STA83_0040
TORONTO_STA83_STU00225,TORONTO_STA83_0060
TORONTO_STA83_STU00225,TORONTO_STA83_0072
TORONTO_STA83_STU00225,TORONTO_STA83_0087
TORONTO_STA83_STU00225,TORONTO_STA83_0107
TORONTO_STA83_STU00225,TORONTO_STA83_0122
TORONTO_STA83_STU00225,TORONTO_STA83_0133
TORONTO_STA83_STU00225,TORONTO_STA83_0139
TORONTO_STA83_STU00226,TORONTO_STA83_0019
TORONTO_STA83_STU00226,TORONTO_STA83_0027
TORONTO_STA83_STU00226,TORONTO_STA83_0040
TORONTO_STA83_STU00226,TORONTO_STA83_0060
TORONTO_STA83_STU00226,TORONTO_STA83_0072
TORONTO_STA83_STU00226,TORONTO_STA83_0087
TORONTO_STA83_STU00226,TORONTO_STA83_0108
TORONTO_STA83_STU00226,TORONTO_STA83_0122
TORONTO_STA83_STU00226,TORONTO_STA83_0133
TORONTO_STA83_STU00227,TORONTO_STA83_0004
TORONTO_STA83_STU00227,TORONTO_STA83_0019
TORONTO_STA83_STU00227,TORONTO_STA83_0040
TORONTO_STA83_STU00227,TORONTO_STA83_0060
TORONTO_STA83_STU00227,TORONTO_STA83_0072
TORONTO_STA83_STU00227,TORONTO_STA83_0087
TORONTO_STA83_STU00227,TORONTO_STA83_0107
TORONTO_STA83_STU00227,TORONTO_STA83_0122
TORONTO_STA83_STU00227,TORONTO_STA83_0139
TORONTO_STA83_STU00228,TORONTO_STA83_0019
TORONTO_STA83_STU00228,TORONTO_STA83_0040
TORONTO_STA83_STU00228,TORONTO_STA83_0060
TORONTO_STA83_STU00228,TORONTO_STA83_0072
TORONTO_STA83_STU00228,TORONTO_STA83_0087
TORONTO_STA83_STU00228,TORONTO_STA83_0098
TORONTO_STA83_STU00228,TORONTO_STA83_0108
TORONTO_STA83_STU00228,TORONTO_STA83_0122
TORONTO_STA83_STU00228,TORONTO_STA83_0133
TORONTO_STA83_STU00229,TORONTO_STA83_0017
TORONTO_STA83_STU00229,TORONTO_STA83_0038
TORONTO_STA83_STU00229,TORONTO_STA83_0058
TORONTO_STA83_STU00229,TORONTO_STA83_0072
TORONTO_STA83_STU00229,TORONTO_STA83_0085
TORONTO_STA83_STU00229,TORONTO_STA83_0108
TORONTO_STA83_STU00229,TORONTO_STA83_0120
TORONTO_STA83_STU00229,TORONTO_STA83_0133
TORONTO_STA83_STU00229,TORONTO_STA83_0136
TORONTO_STA83_STU00230,TORONTO_STA83_0024
TORONTO_STA83_STU00230,TORONTO_STA83_0045
TORONTO_STA83_STU00230,TORONTO_STA83_0065
TORONTO_STA83_STU00230,TORONTO_STA83_0072
TORONTO_STA83_STU00230,TORONTO_STA83_0092
TORONTO_STA83_STU00230,TORONTO_STA83_0108
TORONTO_STA83_STU00230,TORONTO_STA83_0127
TORONTO_STA83_STU00230,TORONTO_STA83_0136
TORONTO_STA83_STU00230,TORONTO_STA83_0139
TORONTO_STA83_STU00231,TORONTO_STA83_0019
TORONTO_STA83_STU00231,TORONTO_STA83_0040
TORONTO_STA83_STU00231,TORONTO_STA83_0060
TORONTO_STA83_STU00231,TORONTO_STA83_0072
TORONTO_STA83_STU00231,TORONTO_STA83_0087
TORONTO_STA83_STU00231,TORONTO_STA83_0101
TORONTO_STA83_STU00231,TORONTO_STA83_0107
TORONTO_STA83_STU00231,TORONTO_STA83_0122
TORONTO_STA83_STU00231,TORONTO_STA83_0139
TORONTO_STA83_STU00232,TORONTO_STA83_0019
TORONTO_STA83_STU00232,TORONTO_STA83_0027
TORONTO_STA83_STU00232,TORONTO_STA83_0040
TORONTO_STA83_STU00232,TORONTO_STA83_0060
TORONTO_STA83_STU00232,TORONTO_STA83_0072
TORONTO_STA83_STU00232,TORONTO_STA83_0087
TORONTO_STA83_STU00232,TORONTO_STA83_0107
TORONTO_STA83_STU00232,TORONTO_STA83_0122
TORONTO_STA83_STU00232,TORONTO_STA83_0133
TORONTO_STA83_STU00233,TORONTO_STA83_0019
TORONTO_STA83_STU00233,TORONTO_STA83_0040
TORONTO_STA83_STU00233,TORONTO_STA83_0060
TORONTO_STA83_STU00233,TORONTO_STA83_0072
TORONTO_STA83_STU00233,TORONTO_STA83_0087
TORONTO_STA83_STU00233,TORONTO_STA83_0108
TORONTO_STA83_STU00233,TORONTO_STA83_0122
TORONTO_STA83_STU00233,TORONTO_STA83_0133
TORONTO_STA83_STU00233,TORONTO_STA83_0139
TORONTO_STA83_STU00234,TORONTO_STA83_0004
TORONTO_STA83_STU00234,TORONTO_STA83_0019
TORONTO_STA83_STU00234,TORONTO_STA83_0027
TORONTO_STA83_STU00234,TORONTO_STA83_0040
TORONTO_STA83_STU00234,TORONTO_STA83_0060
TORONTO_STA83_STU00234,TORONTO_STA83_0072
TORONTO_STA83_STU00234,TORONTO_STA83_0087
TORONTO_STA83_STU00234,TORONTO_STA83_0107
TORONTO_STA83_STU00234,TORONTO_STA83_0122
TORONTO_STA83_STU00235,TORONTO_STA83_0004
TORONTO_STA83_STU00235,TORONTO_STA83_0026
TORONTO_STA83_STU00235,TORONTO_STA83_0047
TORONTO_STA83_STU00235,TORONTO_STA83_0067
TORONTO_STA83_STU00235,TORONTO_STA83_0072
TORONTO_STA83_STU00235,TORONTO_STA83_0094
TORONTO_STA83_STU00235,TORONTO_STA83_0107
TORONTO_STA83_STU00235,TORONTO_STA83_0129
TORONTO_STA83_STU00235,TORONTO_STA83_0133
TORONTO_STA83_STU00236,TORONTO_STA83_0004
TORONTO_STA83_STU00236,TORONTO_STA83_0019
TORONTO_STA83_STU00236,TORONTO_STA83_0027
TORONTO_STA83_STU00236,TORONTO_STA83_0040
TORONTO_STA83_STU00236,TORONTO_STA83_0060
TORONTO_STA83_STU00236,TORONTO_STA83_0072
TORONTO_STA83_STU00236,TORONTO_STA83_0087
TORONTO_STA83_STU00236,TORONTO_STA83_0107
TORONTO_STA83_STU00236,TORONTO_STA83_0122
TORONTO_STA83_STU00237,TORONTO_STA83_0019
TORONTO_STA83_STU00237,TORONTO_STA83_0040
TORONTO_STA83_STU00237,TORONTO_STA83_0060
TORONTO_STA83_STU00237,TORONTO_STA83_0072
TORONTO_STA83_STU00237,TORONTO_STA83_0087
TORONTO_STA83_STU00237,TORONTO_STA83_0108
TORONTO_STA83_STU00237,TORONTO_STA83_0122
TORONTO_STA83_STU00237,TORONTO_STA83_0133
TORONTO_STA83_STU00237,TORONTO_STA83_0136
TORONTO_STA83_STU00238,TORONTO_STA83_0004
TORONTO_STA83_STU00238,TORONTO_STA83_0020
TORONTO_STA83_STU00238,TORONTO_STA83_0041
TORONTO_STA83_STU00238,TORONTO_STA83_0061
TORONTO_STA83_STU00238,TORONTO_STA83_0072
TORONTO_STA83_STU00238,TORONTO_STA83_0088
TORONTO_STA83_STU00238,TORONTO_STA83_0108
TORONTO_STA83_STU00238,TORONTO_STA83_0123
TORONTO_STA83_STU00238,TORONTO_STA83_0139
TORONTO_STA83_STU00239,TORONTO_STA83_0018
TORONTO_STA83_STU00239,TORONTO_STA83_0039
TORONTO_STA83_STU00239,TORONTO_STA83_0059
TORONTO_STA83_STU00239,TORONTO_STA83_0072
TORONTO_STA83_STU00239,TORONTO_STA83_0086
TORONTO_STA83_STU00239,TORONTO_STA83_0108
TORONTO_STA83_STU00239,TORONTO_STA83_0121
TORONTO_STA83_STU00239,TORONTO_STA83_0133
TORONTO_STA83_STU00239,TORONTO_STA83_0136
TORONTO_STA83_STU00240,TORONTO_STA83_0020
TORONTO_STA83_STU00240,TORONTO_STA83_0027
TORONTO_STA83_STU00240,TORONTO_STA83_0041
TORONTO_STA83_STU00240,TORONTO_STA83_0061
TORONTO_STA83_STU00240,TORONTO_STA83_0072
TORONTO_STA83_STU00240,TORONTO_STA83_0088
TORONTO_STA83_STU00240,TORONTO_STA83_0107
TORONTO_STA83_STU00240,TORONTO_STA83_0123
TORONTO_STA83_STU00240,TORONTO_STA83_0133
TORONTO_STA83_STU00241,TORONTO_STA83_0004
TORONTO_STA83_STU00241,TORONTO_STA83_0024
TORONTO_STA83_STU00241,TORONTO_STA83_0045
TORONTO_STA83_STU00241,TORONTO_STA83_0065
TORONTO_STA83_STU00241,TORONTO_STA83_0072
TORONTO_STA83_STU00241,TORONTO_STA83_0092
TORONTO_STA83_STU00241,TORONTO_STA83_0098
TORONTO_STA83_STU00241,TORONTO_STA83_0107
TORONTO_STA83_STU00241,TORONTO_STA83_0127
TORONTO_STA83_STU00242,TORONTO_STA83_0018
TORONTO_STA83_STU00242,TORONTO_STA83_0027
TORONTO_STA83_STU00242,TORONTO_STA83_0039
TORONTO_STA83_STU00242,TORONTO_STA83_0059
TORONTO_STA83_STU00242,TORONTO_STA83_0072
TORONTO_STA83_STU00242,TORONTO_STA83_0086
TORONTO_STA83_STU00242,TORONTO_STA83_0107
TORONTO_STA83_STU00242,TORONTO_STA83_0121
TORONTO_STA83_STU00242,TORONTO_STA83_0136
TORONTO_STA83_STU00243,TORONTO_STA83_0020
TORONTO_STA83_STU00243,TORONTO_STA83_0041
TORONTO_STA83_STU00243,TORONTO_STA83_0061
TORONTO_STA83_STU00243,TORONTO_STA83_0072
TORONTO_STA83_STU00243,TORONTO_STA83_0088
TORONTO_STA83_STU00243,TORONTO_STA83_0108
TORONTO_STA83_STU00243,TORONTO_STA83_0123
TORONTO_STA83_STU00243,TORONTO_STA83_0136
TORONTO_STA83_STU00243,TORONTO_STA83_0139
TORONTO_STA83_STU00244,TORONTO_STA83_0018
TORONTO_STA83_STU00244,TORONTO_STA83_0039
TORONTO_STA83_STU00244,TORONTO_STA83_0059
TORONTO_STA83_STU00244,TORONTO_STA83_0072
TORONTO_STA83_STU00244,TORONTO_STA83_0086
TORONTO_STA83_STU00244,TORONTO_STA83_0099
TORONTO_STA83_STU00244,TORONTO_STA83_0108
TORONTO_STA83_STU00244,TORONTO_STA83_0121
TORONTO_STA83_STU00244,TORONTO_STA83_0136
TORONTO_STA83_STU00245,TORONTO_STA83_0004
TORONTO_STA83_STU00245,TORONTO_STA83_0018
TORONTO_STA83_STU00245,TORONTO_STA83_0039
TORONTO_STA83_STU00245,TORONTO_STA83_0059
TORONTO_STA83_STU00245,TORONTO_STA83_0072
TORONTO_STA83_STU00245,TORONTO_STA83_0086
TORONTO_STA83_STU00245,TORONTO_STA83_0107
TORONTO_STA83_STU00245,TORONTO_STA83_0121
TORONTO_STA83_STU00245,TORONTO_STA83_0133
TORONTO_STA83_STU00246,TORONTO_STA83_0020
TORONTO_STA83_STU00246,TORONTO_STA83_0041
TORONTO_STA83_STU00246,TORONTO_STA83_0061
TORONTO_STA83_STU00246,TORONTO_STA83_0072
TORONTO_STA83_STU00246,TORONTO_STA83_0088
TORONTO_STA83_STU00246,TORONTO_STA83_0108
TORONTO_STA83_STU00246,TORONTO_STA83_0123
TORONTO_STA83_STU00246,TORONTO_STA83_0136
TORONTO_STA83_STU00246,TORONTO_STA83_0139
TORONTO_STA83_STU00247,TORONTO_STA83_0019
TORONTO_STA83_STU00247,TORONTO_STA83_0040
TORONTO_STA83_STU00247,TORONTO_STA83_0060
TORONTO_STA83_STU00247,TORONTO_STA83_0072
TORONTO_STA83_STU00247,TORONTO_STA83_0087
TORONTO_STA83_STU00247,TORONTO_STA83_0101
TORONTO_STA83_STU00247,TORONTO_STA83_0108
TORONTO_STA83_STU00247,TORONTO_STA83_0122
TORONTO_STA83_STU00247,TORONTO_STA83_0133
TORONTO_STA83_STU00248,TORONTO_STA83_0018
TORONTO_STA83_STU00248,TORONTO_STA83_0039
TORONTO_STA83_STU00248,TORONTO_STA83_0059
TORONTO_STA83_STU00248,TORONTO_STA83_0072
TORONTO_STA83_STU00248,TORONTO_STA83_0086
TORONTO_STA83_STU00248,TORONTO_STA83_0099
TORONTO_STA83_STU00248,TORONTO_STA83_0107
TORONTO_STA83_STU00248,TORONTO_STA83_0121
TORONTO_STA83_STU00248,TORONTO_STA83_0136
TORONTO_STA83_STU00249,TORONTO_STA83_0018
TORONTO_STA83_STU00249,TORONTO_STA83_0039
TORONTO_STA83_STU00249,TORONTO_STA83_0059
TORONTO_STA83_STU00249,TORONTO_STA83_0072
TORONTO_STA83_STU00249,TORONTO_STA83_0086
TORONTO_STA83_STU00249,TORONTO_STA83_0101
TORONTO_STA83_STU00249,TORONTO_STA83_0107
TORONTO_STA83_STU00249,TORONTO_STA83_0121
TORONTO_STA83_STU00249,TORONTO_STA83_0133
TORONTO_STA83_STU00250,TORONTO_STA83_0019
TORONTO_STA83_STU00250,TORONTO_STA83_0040
TORONTO_STA83_STU00250,TORONTO_STA83_0060
TORONTO_STA83_STU00250,TORONTO_STA83_0072
TORONTO_STA83_STU00250,TORONTO_STA83_0087
TORONTO_STA83_STU00250,TORONTO_STA83_0108
TORONTO_STA83_STU00250,TORONTO_STA83_0122
TORONTO_STA83_STU00250,TORONTO_STA83_0133
TORONTO_STA83_STU00250,TORONTO_STA83_0136
TORONTO_STA83_STU00251,TORONTO_STA83_0018
TORONTO_STA83_STU00251,TORONTO_STA83_0039
TORONTO_STA83_STU00251,TORONTO_STA83_0059
TORONTO_STA83_STU00251,TORONTO_STA83_0072
TORONTO_STA83_STU00251,TORONTO_STA83_0086
TORONTO_STA83_STU00251,TORONTO_STA83_0108
TORONTO_STA83_STU00251,TORONTO_STA83_0121
TORONTO_STA83_STU00251,TORONTO_STA83_0136
TORONTO_STA83_STU00251,TORONTO_STA83_0139
TORONTO_STA83_STU00252,TORONTO_STA83_0004
TORONTO_STA83_STU00252,TORONTO_STA83_0018
TORONTO_STA83_STU00252,TORONTO_STA83_0039
TORONTO_STA83_STU00252,TORONTO_STA83_0059
TORONTO_STA83_STU00252,TORONTO_STA83_0072
TORONTO_STA83_STU00252,TORONTO_STA83_0086
TORONTO_STA83_STU00252,TORONTO_STA83_0098
TORONTO_STA83_STU00252,TORONTO_STA83_0107
TORONTO_STA83_STU00252,TORONTO_STA83_0121
TORONTO_STA83_STU00253,TORONTO_STA83_0018
TORONTO_STA83_STU00253,TORONTO_STA83_0039
TORONTO_STA83_STU00253,TORONTO_STA83_0059
TORONTO_STA83_STU00253,TORONTO_STA83_0072
TORONTO_STA83_STU00253,TORONTO_STA83_0086
TORONTO_STA83_STU00253,TORONTO_STA83_0108
TORONTO_STA83_STU00253,TORONTO_STA83_0121
TORONTO_STA83_STU00253,TORONTO_STA83_0136
TORONTO_STA83_STU00253,TORONTO_STA83_0139
TORONTO_STA83_STU00254,TORONTO_STA83_0004
TORONTO_STA83_STU00254,TORONTO_STA83_0018
TORONTO_STA83_STU00254,TORONTO_STA83_0039
TORONTO_STA83_STU00254,TORONTO_STA83_0059
TORONTO_STA83_STU00254,TORONTO_STA83_0072
TORONTO_STA83_STU00254,TORONTO_STA83_0086
TORONTO_STA83_STU00254,TORONTO_STA83_0108
TORONTO_STA83_STU00254,TORONTO_STA83_0121
TORONTO_STA83_STU00254,TORONTO_STA83_0139
TORONTO_STA83_STU00255,TORONTO_STA83_0020
TORONTO_STA83_STU00255,TORONTO_STA83_0041
TORONTO_STA83_STU00255,TORONTO_STA83_0061
TORONTO_STA83_STU00255,TORONTO_STA83_0072
TORONTO_STA83_STU00255,TORONTO_STA83_0088
TORONTO_STA83_STU00255,TORONTO_STA83_0098
TORONTO_STA83_STU00255,TORONTO_STA83_0108
TORONTO_STA83_STU00255,TORONTO_STA83_0123
TORONTO_STA83_STU00255,TORONTO_STA83_0139
TORONTO_STA83_STU00256,TORONTO_STA83_0018
TORONTO_STA83_STU00256,TORONTO_STA83_0039
TORONTO_STA83_STU00256,TORONTO_STA83_0059
TORONTO_STA83_STU00256,TORONTO_STA83_0072
TORONTO_STA83_STU00256,TORONTO_STA83_0086
TORONTO_STA83_STU00256,TORONTO_STA83_0099
TORONTO_STA83_STU00256,TORONTO_STA83_0108
TORONTO_STA83_STU00256,TORONTO_STA83_0121
TORONTO_STA83_STU00256,TORONTO_STA83_0136
TORONTO_STA83_STU00257,TORONTO_STA83_0004
TORONTO_STA83_STU00257,TORONTO_STA83_0020
TORONTO_STA83_STU00257,TORONTO_STA83_0041
TORONTO_STA83_STU00257,TORONTO_STA83_0061
TORONTO_STA83_STU00257,TORONTO_STA83_0072
TORONTO_STA83_STU00257,TORONTO_STA83_0088
TORONTO_STA83_STU00257,TORONTO_STA83_0108
TORONTO_STA83_STU00257,TORONTO_STA83_0123
TORONTO_STA83_STU00257,TORONTO_STA83_0136
TORONTO_STA83_STU00258,TORONTO_STA83_0018
TORONTO_STA83_STU00258,TORONTO_STA83_0039
TORONTO_STA83_STU00258,TORONTO_STA83_0059
TORONTO_STA83_STU00258,TORONTO_STA83_0072
TORONTO_STA83_STU00258,TORONTO_STA83_0086
TORONTO_STA83_STU00258,TORONTO_STA83_0101
TORONTO_STA83_STU00258,TORONTO_STA83_0107
TORONTO_STA83_STU00258,TORONTO_STA83_0121
TORONTO_STA83_STU00258,TORONTO_STA83_0139
TORONTO_STA83_STU00259,TORONTO_STA83_0020
TORONTO_STA83_STU00259,TORONTO_STA83_0041
TORONTO_STA83_STU00259,TORONTO_STA83_0061
TORONTO_STA83_STU00259,TORONTO_STA83_0072
TORONTO_STA83_STU00259,TORONTO_STA83_0088
TORONTO_STA83_STU00259,TORONTO_STA83_0107
TORONTO_STA83_STU00259,TORONTO_STA83_0123
TORONTO_STA83_STU00259,TORONTO_STA83_0136
TORONTO_STA83_STU00259,TORONTO_STA83_0139
TORONTO_STA83_STU00260,TORONTO_STA83_0024
TORONTO_STA83_STU00260,TORONTO_STA83_0027
TORONTO_STA83_STU00260,TORONTO_STA83_0045
TORONTO_STA83_STU00260,TORONTO_STA83_0065
TORONTO_STA83_STU00260,TORONTO_STA83_0072
TORONTO_STA83_STU00260,TORONTO_STA83_0092
TORONTO_STA83_STU00260,TORONTO_STA83_0107
TORONTO_STA83_STU00260,TORONTO_STA83_0127
TORONTO_STA83_STU00260,TORONTO_STA83_0139
TORONTO_STA83_STU00261,TORONTO_STA83_0024
TORONTO_STA83_STU00261,TORONTO_STA83_0045
TORONTO_STA83_STU00261,TORONTO_STA83_0065
TORONTO_STA83_STU00261,TORONTO_STA83_0072
TORONTO_STA83_STU00261,TORONTO_STA83_0092
TORONTO_STA83_STU00261,TORONTO_STA83_0101
TORONTO_STA83_STU00261,TORONTO_STA83_0108
TORONTO_STA83_STU00261,TORONTO_STA83_0127
TORONTO_STA83_STU00261,TORONTO_STA83_0136
TORONTO_STA83_STU00262,TORONTO_STA83_0018
TORONTO_STA83_STU00262,TORONTO_STA83_0039
TORONTO_STA83_STU00262,TORONTO_STA83_0059
TORONTO_STA83_STU00262,TORONTO_STA83_0072
TORONTO_STA83_STU00262,TORONTO_STA83_0086
TORONTO_STA83_STU00262,TORONTO_STA83_0107
TORONTO_STA83_STU00262,TORONTO_STA83_0121
TORONTO_STA83_STU00262,TORONTO_STA83_0133
TORONTO_STA83_STU00262,TORONTO_STA83_0139
TORONTO_STA83_STU00263,TORONTO_STA83_0024
TORONTO_STA83_STU00263,TORONTO_STA83_0045
TORONTO_STA83_STU00263,TORONTO_STA83_0065
TORONTO_STA83_STU00263,TORONTO_STA83_0072
TORONTO_STA83_STU00263,TORONTO_STA83_0092
TORONTO_STA83_STU00263,TORONTO_STA83_0107
TORONTO_STA83_STU00263,TORONTO_STA83_0127
TORONTO_STA83_STU00263,TORONTO_STA83_0133
TORONTO_STA83_STU00263,TORONTO_STA83_0139
TORONTO_STA83_STU00264,TORONTO_STA83_0004
TORONTO_STA83_STU00264,TORONTO_STA83_0024
TORONTO_STA83_STU00264,TORONTO_STA83_0045
TORONTO_STA83_STU00264,TORONTO_STA83_0065
TORONTO_STA83_STU00264,TORONTO_STA83_0072
TORONTO_STA83_STU00264,TORONTO_STA83_0092
TORONTO_STA83_STU00264,TORONTO_STA83_0099
TORONTO_STA83_STU00264,TORONTO_STA83_0107
TORONTO_STA83_STU00264,TORONTO_STA83_0127
TORONTO_STA83_STU00265,TORONTO_STA83_0004
TORONTO_STA83_STU00265,TORONTO_STA83_0024
TORONTO_STA83_STU00265,TORONTO_STA83_0027
TORONTO_STA83_STU00265,TORONTO_STA83_0045
TORONTO_STA83_STU00265,TORONTO_STA83_0065
TORONTO_STA83_STU00265,TORONTO_STA83_0072
TORONTO_STA83_STU00265,TORONTO_STA83_0092
TORONTO_STA83_STU00265,TORONTO_STA83_0107
TORONTO_STA83_STU00265,TORONTO_STA83_0127
TORONTO_STA83_STU00266,TORONTO_STA83_0004
TORONTO_STA83_STU00266,TORONTO_STA83_0018
TORONTO_STA83_STU00266,TORONTO_STA83_0027
TORONTO_STA83_STU00266,TORONTO_STA83_0039
TORONTO_STA83_STU00266,TORONTO_STA83_0059
TORONTO_STA83_STU00266,TORONTO_STA83_0072
TORONTO_STA83_STU00266,TORONTO_STA83_0086
TORONTO_STA83_STU00266,TORONTO_STA83_0107
TORONTO_STA83_STU00266,TORONTO_STA83_0121
TORONTO_STA83_STU00267,TORONTO_STA83_0018
TORONTO_STA83_STU00267,TORONTO_STA83_0039
TORONTO_STA83_STU00267,TORONTO_STA83_0059
TORONTO_STA83_STU00267,TORONTO_STA83_0072
TORONTO_STA83_STU00267,TORONTO_STA83_0086
TORONTO_STA83_STU00267,TORONTO_STA83_0108
TORONTO_STA83_STU00267,TORONTO_STA83_0121
TORONTO_STA83_STU00267,TORONTO_STA83_0133
TORONTO_STA83_STU00267,TORONTO_STA83_0139
TORONTO_STA83_STU00268,TORONTO_STA83_0020
TORONTO_STA83_STU00268,TORONTO_STA83_0041
TORONTO_STA83_STU00268,TORONTO_STA83_0061
TORONTO_STA83_STU00268,TORONTO_STA83_0072
TORONTO_STA83_STU00268,TORONTO_STA83_0088
TORONTO_STA83_STU00268,TORONTO_STA83_0099
TORONTO_STA83_STU00268,TORONTO_STA83_0108
TORONTO_STA83_STU00268,TORONTO_STA83_0123
TORONTO_STA83_STU00268,TORONTO_STA83_0136
TORONTO_STA83_STU00269,TORONTO_STA83_0004
TORONTO_STA83_STU00269,TORONTO_STA83_0024
TORONTO_STA83_STU00269,TORONTO_STA83_0045
TORONTO_STA83_STU00269,TORONTO_STA83_0065
TORONTO_STA83_STU00269,TORONTO_STA83_0072
TORONTO_STA83_STU00269,TORONTO_STA83_0092
TORONTO_STA83_STU00269,TORONTO_STA83_0107
TORONTO_STA83_STU00269,TORONTO_STA83_0127
TORONTO_STA83_STU00269,TORONTO_STA83_0133
TORONTO_STA83_STU00270,TORONTO_STA83_0020
TORONTO_STA83_STU00270,TORONTO_STA83_0027
TORONTO_STA83_STU00270,TORONTO_STA83_0041
TORONTO_STA83_STU00270,TORONTO_STA83_0061
TORONTO_STA83_STU00270,TORONTO_STA83_0072
TORONTO_STA83_STU00270,TORONTO_STA83_0088
TORONTO_STA83_STU00270,TORONTO_STA83_0107
TORONTO_STA83_STU00270,TORONTO_STA83_0123
TORONTO_STA83_STU00270,TORONTO_STA83_0133
TORONTO_STA83_STU00271,TORONTO_STA83_0024
TORONTO_STA83_STU00271,TORONTO_STA83_0027
TORONTO_STA83_STU00271,TORONTO_STA83_0045
TORONTO_STA83_STU00271,TORONTO_STA83_0065
TORONTO_STA83_STU00271,TORONTO_STA83_0072
TORONTO_STA83_STU00271,TORONTO_STA83_0092
TORONTO_STA83_STU00271,TORONTO_STA83_0107
TORONTO_STA83_STU00271,TORONTO_STA83_0127
TORONTO_STA83_STU00271,TORONTO_STA83_0133
TORONTO_STA83_STU00272,TORONTO_STA83_0020
TORONTO_STA83_STU00272,TORONTO_STA83_0041
TORONTO_STA83_STU00272,TORONTO_STA83_0061
TORONTO_STA83_STU00272,TORONTO_STA83_0072
TORONTO_STA83_STU00272,TORONTO_STA83_0088
TORONTO_STA83_STU00272,TORONTO_STA83_0099
TORONTO_STA83_STU00272,TORONTO_STA83_0108
TORONTO_STA83_STU00272,TORONTO_STA83_0123
TORONTO_STA83_STU00272,TORONTO_STA83_0136
TORONTO_STA83_STU00273,TORONTO_STA83_0024
TORONTO_STA83_STU00273,TORONTO_STA83_0045
TORONTO_STA83_STU00273,TORONTO_STA83_0065
TORONTO_STA83_STU00273,TORONTO_STA83_0072
TORONTO_STA83_STU00273,TORONTO_STA83_0092
TORONTO_STA83_STU00273,TORONTO_STA83_0102
TORONTO_STA83_STU00273,TORONTO_STA83_0107
TORONTO_STA83_STU00273,TORONTO_STA83_0127
TORONTO_STA83_STU00273,TORONTO_STA83_0139
TORONTO_STA83_STU00274,TORONTO_STA83_0024
TORONTO_STA83_STU00274,TORONTO_STA83_0045
TORONTO_STA83_STU00274,TORONTO_STA83_0065
TORONTO_STA83_STU00274,TORONTO_STA83_0072
TORONTO_STA83_STU00274,TORONTO_STA83_0092
TORONTO_STA83_STU00274,TORONTO_STA83_0098
TORONTO_STA83_STU00274,TORONTO_STA83_0107
TORONTO_STA83_STU00274,TORONTO_STA83_0127
TORONTO_STA83_STU00274,TORONTO_STA83_0133
TORONTO_STA83_STU00275,TORONTO_STA83_0026
TORONTO_STA83_STU00275,TORONTO_STA83_0047
TORONTO_STA83_STU00275,TORONTO_STA83_0067
TORONTO_STA83_STU00275,TORONTO_STA83_0072
TORONTO_STA83_STU00275,TORONTO_STA83_0094
TORONTO_STA83_STU00275,TORONTO_STA83_0108
TORONTO_STA83_STU00275,TORONTO_STA83_0129
TORONTO_STA83_STU00275,TORONTO_STA83_0133
TORONTO_STA83_STU00275,TORONTO_STA83_0139
TORONTO_STA83_STU00276,TORONTO_STA83_0024
TORONTO_STA83_STU00276,TORONTO_STA83_0045
TORONTO_STA83_STU00276,TORONTO_STA83_0065
TORONTO_STA83_STU00276,TORONTO_STA83_0072
TORONTO_STA83_STU00276,TORONTO_STA83_0092
TORONTO_STA83_STU00276,TORONTO_STA83_0098
TORONTO_STA83_STU00276,TORONTO_STA83_0108
TORONTO_STA83_STU00276,TORONTO_STA83_0127
TORONTO_STA83_STU00276,TORONTO_STA83_0136
TORONTO_STA83_STU00277,TORONTO_STA83_0020
TORONTO_STA83_STU00277,TORONTO_STA83_0027
TORONTO_STA83_STU00277,TORONTO_STA83_0041
TORONTO_STA83_STU00277,TORONTO_STA83_0061
TORONTO_STA83_STU00277,TORONTO_STA83_0072
TORONTO_STA83_STU00277,TORONTO_STA83_0088
TORONTO_STA83_STU00277,TORONTO_STA83_0107
TORONTO_STA83_STU00277,TORONTO_STA83_0123
TORONTO_STA83_STU00277,TORONTO_STA83_0133
TORONTO_STA83_STU00278,TORONTO_STA83_0024
TORONTO_STA83_STU00278,TORONTO_STA83_0045
TORONTO_STA83_STU00278,TORONTO_STA83_0065
TORONTO_STA83_STU00278,TORONTO_STA83_0072
TORONTO_STA83_STU00278,TORONTO_STA83_0092
TORONTO_STA83_STU00278,TORONTO_STA83_0102
TORONTO_STA83_STU00278,TORONTO_STA83_0107
TORONTO_STA83_STU00278,TORONTO_STA83_0127
TORONTO_STA83_STU00278,TORONTO_STA83_0133
TORONTO_STA83_STU00279,TORONTO_STA83_0004
TORONTO_STA83_STU00279,TORONTO_STA83_0024
TORONTO_STA83_STU00279,TORONTO_STA83_0045
TORONTO_STA83_STU00279,TORONTO_STA83_0065
TORONTO_STA83_STU00279,TORONTO_STA83_0072
TORONTO_STA83_STU00279,TORONTO_STA83_0092
TORONTO_STA83_STU00279,TORONTO_STA83_0107
TORONTO_STA83_STU00279,TORONTO_STA83_0127
TORONTO_STA83_STU00279,TORONTO_STA83_0133
TORONTO_STA83_STU00280,TORONTO_STA83_0024
TORONTO_STA83_STU00280,TORONTO_STA83_0045
TORONTO_STA83_STU00280,TORONTO_STA83_0065
TORONTO_STA83_STU00280,TORONTO_STA83_0072
TORONTO_STA83_STU00280,TORONTO_STA83_0092
TORONTO_STA83_STU00280,TORONTO_STA83_0102
TORONTO_STA83_STU00280,TORONTO_STA83_0108
TORONTO_STA83_STU00280,TORONTO_STA83_0127
TORONTO_STA83_STU00280,TORONTO_STA83_0136
TORONTO_STA83_STU00281,TORONTO_STA83_0004
TORONTO_STA83_STU00281,TORONTO_STA83_0024
TORONTO_STA83_STU00281,TORONTO_STA83_0027
TORONTO_STA83_STU00281,TORONTO_STA83_0045
TORONTO_STA83_STU00281,TORONTO_STA83_0065
TORONTO_STA83_STU00281,TORONTO_STA83_0072
TORONTO_STA83_STU00281,TORONTO_STA83_0092
TORONTO_STA83_STU00281,TORONTO_STA83_0107
TORONTO_STA83_STU00281,TORONTO_STA83_0127
TORONTO_STA83_STU00282,TORONTO_STA83_0024
TORONTO_STA83_STU00282,TORONTO_STA83_0045
TORONTO_STA83_STU00282,TORONTO_STA83_0065
TORONTO_STA83_STU00282,TORONTO_STA83_0072
TORONTO_STA83_STU00282,TORONTO_STA83_0092
TORONTO_STA83_STU00282,TORONTO_STA83_0108
TORONTO_STA83_STU00282,TORONTO_STA83_0127
TORONTO_STA83_STU00282,TORONTO_STA83_0136
TORONTO_STA83_STU00282,TORONTO_STA83_0139
TORONTO_STA83_STU00283,TORONTO_STA83_0024
TORONTO_STA83_STU00283,TORONTO_STA83_0045
TORONTO_STA83_STU00283,TORONTO_STA83_0065
TORONTO_STA83_STU00283,TORONTO_STA83_0072
TORONTO_STA83_STU00283,TORONTO_STA83_0092
TORONTO_STA83_STU00283,TORONTO_STA83_0099
TORONTO_STA83_STU00283,TORONTO_STA83_0107
TORONTO_STA83_STU00283,TORONTO_STA83_0127
TORONTO_STA83_STU00283,TORONTO_STA83_0133
TORONTO_STA83_STU00284,TORONTO_STA83_0020
TORONTO_STA83_STU00284,TORONTO_STA83_0027
TORONTO_STA83_STU00284,TORONTO_STA83_0041
TORONTO_STA83_STU00284,TORONTO_STA83_0061
TORONTO_STA83_STU00284,TORONTO_STA83_0072
TORONTO_STA83_STU00284,TORONTO_STA83_0088
TORONTO_STA83_STU00284,TORONTO_STA83_0108
TORONTO_STA83_STU00284,TORONTO_STA83_0123
TORONTO_STA83_STU00284,TORONTO_STA83_0136
TORONTO_STA83_STU00285,TORONTO_STA83_0024
TORONTO_STA83_STU00285,TORONTO_STA83_0045
TORONTO_STA83_STU00285,TORONTO_STA83_0065
TORONTO_STA83_STU00285,TORONTO_STA83_0072
TORONTO_STA83_STU00285,TORONTO_STA83_0092
TORONTO_STA83_STU00285,TORONTO_STA83_0098
TORONTO_STA83_STU00285,TORONTO_STA83_0108
TORONTO_STA83_STU00285,TORONTO_STA83_0127
TORONTO_STA83_STU00285,TORONTO_STA83_0136
TORONTO_STA83_STU00286,TORONTO_STA83_0018
TORONTO_STA83_STU00286,TORONTO_STA83_0039
TORONTO_STA83_STU00286,TORONTO_STA83_0059
TORONTO_STA83_STU00286,TORONTO_STA83_0072
TORONTO_STA83_STU00286,TORONTO_STA83_0086
TORONTO_STA83_STU00286,TORONTO_STA83_0107
TORONTO_STA83_STU00286,TORONTO_STA83_0121
TORONTO_STA83_STU00286,TORONTO_STA83_0133
TORONTO_STA83_STU00286,TORONTO_STA83_0139
TORONTO_STA83_STU00287,TORONTO_STA83_0018
TORONTO_STA83_STU00287,TORONTO_STA83_0039
TORONTO_STA83_STU00287,TORONTO_STA83_0059
TORONTO_STA83_STU00287,TORONTO_STA83_0072
TORONTO_STA83_STU00287,TORONTO_STA83_0086
TORONTO_STA83_STU00287,TORONTO_STA83_0101
TORONTO_STA83_STU00287,TORONTO_STA83_0107
TORONTO_STA83_STU00287,TORONTO_STA83_0121
TORONTO_STA83_STU00287,TORONTO_STA83_0133
TORONTO_STA83_STU00288,TORONTO_STA83_0004
TORONTO_STA83_STU00288,TORONTO_STA83_0024
TORONTO_STA83_STU00288,TORONTO_STA83_0045
TORONTO_STA83_STU00288,TORONTO_STA83_0065
TORONTO_STA83_STU00288,TORONTO_STA83_0072
TORONTO_STA83_STU00288,TORONTO_STA83_0092
TORONTO_STA83_STU00288,TORONTO_STA83_0098
TORONTO_STA83_STU00288,TORONTO_STA83_0107
TORONTO_STA83_STU00288,TORONTO_STA83_0127
TORONTO_STA83_STU00289,TORONTO_STA83_0004
TORONTO_STA83_STU00289,TORONTO_STA83_0024
TORONTO_STA83_STU00289,TORONTO_STA83_0045
TORONTO_STA83_STU00289,TORONTO_STA83_0065
TORONTO_STA83_STU00289,TORONTO_STA83_0072
TORONTO_STA83_STU00289,TORONTO_STA83_0092
TORONTO_STA83_STU00289,TORONTO_STA83_0101
TORONTO_STA83_STU00289,TORONTO_STA83_0108
TORONTO_STA83_STU00289,TORONTO_STA83_0127
TORONTO_STA83_STU00290,TORONTO_STA83_0004
TORONTO_STA83_STU00290,TORONTO_STA83_0020
TORONTO_STA83_STU00290,TORONTO_STA83_0041
TORONTO_STA83_STU00290,TORONTO_STA83_0061
TORONTO_STA83_STU00290,TORONTO_STA83_0072
TORONTO_STA83_STU00290,TORONTO_STA83_0088
TORONTO_STA83_STU00290,TORONTO_STA83_0102
TORONTO_STA83_STU00290,TORONTO_STA83_0107
TORONTO_STA83_STU00290,TORONTO_STA83_0123
TORONTO_STA83_STU00291,TORONTO_STA83_0003
TORONTO_STA83_STU00291,TORONTO_STA83_0010
TORONTO_STA83_STU00291,TORONTO_STA83_0031
TORONTO_STA83_STU00291,TORONTO_STA83_0051
TORONTO_STA83_STU00291,TORONTO_STA83_0071
TORONTO_STA83_STU00291,TORONTO_STA83_0078
TORONTO_STA83_STU00291,TORONTO_STA83_0097
TORONTO_STA83_STU00291,TORONTO_STA83_0106
TORONTO_STA83_STU00291,TORONTO_STA83_0113
TORONTO_STA83_STU00291,TORONTO_STA83_0135
TORONTO_STA83_STU00291,TORONTO_STA83_0138
TORONTO_STA83_STU00292,TORONTO_STA83_0024
TORONTO_STA83_STU00292,TORONTO_STA83_0045
TORONTO_STA83_STU00292,TORONTO_STA83_0065
TORONTO_STA83_STU00292,TORONTO_STA83_0072
TORONTO_STA83_STU00292,TORONTO_STA83_0092
TORONTO_STA83_STU00292,TORONTO_STA83_0098
TORONTO_STA83_STU00292,TORONTO_STA83_0108
TORONTO_STA83_STU00292,TORONTO_STA83_0127
TORONTO_STA83_STU00292,TORONTO_STA83_0136
TORONTO_STA83_STU00293,TORONTO_STA83_0021
TORONTO_STA83_STU00293,TORONTO_STA83_0042
TORONTO_STA83_STU00293,TORONTO_STA83_0062
TORONTO_STA83_STU00293,TORONTO_STA83_0072
TORONTO_STA83_STU00293,TORONTO_STA83_0089
TORONTO_STA83_STU00293,TORONTO_STA83_0108
TORONTO_STA83_STU00293,TORONTO_STA83_0124
TORONTO_STA83_STU00293,TORONTO_STA83_0133
TORONTO_STA83_STU00293,TORONTO_STA83_0136
TORONTO_STA83_STU00294,TORONTO_STA83_0018
TORONTO_STA83_STU00294,TORONTO_STA83_0039
TORONTO_STA83_STU00294,TORONTO_STA83_0059
TORONTO_STA83_STU00294,TORONTO_STA83_0072
TORONTO_STA83_STU00294,TORONTO_STA83_0086
TORONTO_STA83_STU00294,TORONTO_STA83_0101
TORONTO_STA83_STU00294,TORONTO_STA83_0107
TORONTO_STA83_STU00294,TORONTO_STA83_0121
TORONTO_STA83_STU00294,TORONTO_STA83_0133
TORONTO_STA83_STU00295,TORONTO_STA83_0004
TORONTO_STA83_STU00295,TORONTO_STA83_0021
TORONTO_STA83_STU00295,TORONTO_STA83_0042
TORONTO_STA83_STU00295,TORONTO_STA83_0062
TORONTO_STA83_STU00295,TORONTO_STA83_0072
TORONTO_STA83_STU00295,TORONTO_STA83_0089
TORONTO_STA83_STU00295,TORONTO_STA83_0108
TORONTO_STA83_STU00295,TORONTO_STA83_0124
TORONTO_STA83_STU00295,TORONTO_STA83_0136
TORONTO_STA83_STU00296,TORONTO_STA83_0021
TORONTO_STA83_STU00296,TORONTO_STA83_0042
TORONTO_STA83_STU00296,TORONTO_STA83_0062
TORONTO_STA83_STU00296,TORONTO_STA83_0072
TORONTO_STA83_STU00296,TORONTO_STA83_0089
TORONTO_STA83_STU00296,TORONTO_STA83_0099
TORONTO_STA83_STU00296,TORONTO_STA83_0107
TORONTO_STA83_STU00296,TORONTO_STA83_0124
TORONTO_STA83_STU00296,TORONTO_STA83_0133
TORONTO_STA83_STU00297,TORONTO_STA83_0021
TORONTO_STA83_STU00297,TORONTO_STA83_0042
TORONTO_STA83_STU00297,TORONTO_STA83_0062
TORONTO_STA83_STU00297,TORONTO_STA83_0072
TORONTO_STA83_STU00297,TORONTO_STA83_0089
TORONTO_STA83_STU00297,TORONTO_STA83_0099
TORONTO_STA83_STU00297,TORONTO_STA83_0108
TORONTO_STA83_STU00297,TORONTO_STA83_0124
TORONTO_STA83_STU00297,TORONTO_STA83_0136
TORONTO_STA83_STU00298,TORONTO_STA83_0021
TORONTO_STA83_STU00298,TORONTO_STA83_0042
TORONTO_STA83_STU00298,TORONTO_STA83_0062
TORONTO_STA83_STU00298,TORONTO_STA83_0072
TORONTO_STA83_STU00298,TORONTO_STA83_0089
TORONTO_STA83_STU00298,TORONTO_STA83_0108
TORONTO_STA83_STU00298,TORONTO_STA83_0124
TORONTO_STA83_STU00298,TORONTO_STA83_0136
TORONTO_STA83_STU00298,TORONTO_STA83_0139
TORONTO_STA83_STU00299,TORONTO_STA83_0004
TORONTO_STA83_STU00299,TORONTO_STA83_0024
TORONTO_STA83_STU00299,TORONTO_STA83_0045
TORONTO_STA83_STU00299,TORONTO_STA83_0065
TORONTO_STA83_STU00299,TORONTO_STA83_0072
TORONTO_STA83_STU00299,TORONTO_STA83_0092
TORONTO_STA83_STU00299,TORONTO_STA83_0102
TORONTO_STA83_STU00299,TORONTO_STA83_0107
TORONTO_STA83_STU00299,TORONTO_STA83_0127
TORONTO_STA83_STU00300,TORONTO_STA83_0018
TORONTO_STA83_STU00300,TORONTO_STA83_0039
TORONTO_STA83_STU00300,TORONTO_STA83_0059
TORONTO_STA83_STU00300,TORONTO_STA83_0072
TORONTO_STA83_STU00300,TORONTO_STA83_0086
TORONTO_STA83_STU00300,TORONTO_STA83_0101
TORONTO_STA83_STU00300,TORONTO_STA83_0108
TORONTO_STA83_STU00300,TORONTO_STA83_0121
TORONTO_STA83_STU00300,TORONTO_STA83_0133
TORONTO_STA83_STU00301,TORONTO_STA83_0018
TORONTO_STA83_STU00301,TORONTO_STA83_0039
TORONTO_STA83_STU00301,TORONTO_STA83_0059
TORONTO_STA83_STU00301,TORONTO_STA83_0072
TORONTO_STA83_STU00301,TORONTO_STA83_0086
TORONTO_STA83_STU00301,TORONTO_STA83_0099
TORONTO_STA83_STU00301,TORONTO_STA83_0108
TORONTO_STA83_STU00301,TORONTO_STA83_0121
TORONTO_STA83_STU00301,TORONTO_STA83_0133
TORONTO_STA83_STU00302,TORONTO_STA83_0021
TORONTO_STA83_STU00302,TORONTO_STA83_0042
TORONTO_STA83_STU00302,TORONTO_STA83_0062
TORONTO_STA83_STU00302,TORONTO_STA83_0072
TORONTO_STA83_STU00302,TORONTO_STA83_0089
TORONTO_STA83_STU00302,TORONTO_STA83_0099
TORONTO_STA83_STU00302,TORONTO_STA83_0108
TORONTO_STA83_STU00302,TORONTO_STA83_0124
TORONTO_STA83_STU00302,TORONTO_STA83_0136
TORONTO_STA83_STU00303,TORONTO_STA83_0004
TORONTO_STA83_STU00303,TORONTO_STA83_0021
TORONTO_STA83_STU00303,TORONTO_STA83_0042
TORONTO_STA83_STU00303,TORONTO_STA83_0062
TORONTO_STA83_STU00303,TORONTO_STA83_0089
TORONTO_STA83_STU00303,TORONTO_STA83_0099
TORONTO_STA83_STU00303,TORONTO_STA83_0108
TORONTO_STA83_STU00303,TORONTO_STA83_0124
TORONTO_STA83_STU00303,TORONTO_STA83_0136
TORONTO_STA83_STU00304,TORONTO_STA83_0004
TORONTO_STA83_STU00304,TORONTO_STA83_0020
TORONTO_STA83_STU00304,TORONTO_STA83_0041
TORONTO_STA83_STU00304,TORONTO_STA83_0061
TORONTO_STA83_STU00304,TORONTO_STA83_0072
TORONTO_STA83_STU00304,TORONTO_STA83_0088
TORONTO_STA83_STU00304,TORONTO_STA83_0108
TORONTO_STA83_STU00304,TORONTO_STA83_0123
TORONTO_STA83_STU00304,TORONTO_STA83_0136
TORONTO_STA83_STU00305,TORONTO_STA83_0021
TORONTO_STA83_STU00305,TORONTO_STA83_0042
TORONTO_STA83_STU00305,TORONTO_STA83_0062
TORONTO_STA83_STU00305,TORONTO_STA83_0072
TORONTO_STA83_STU00305,TORONTO_STA83_0089
TORONTO_STA83_STU00305,TORONTO_STA83_0108
TORONTO_STA83_STU00305,TORONTO_STA83_0124
TORONTO_STA83_STU00305,TORONTO_STA83_0136
TORONTO_STA83_STU00305,TORONTO_STA83_0139
TORONTO_STA83_STU00306,TORONTO_STA83_0021
TORONTO_STA83_STU00306,TORONTO_STA83_0042
TORONTO_STA83_STU00306,TORONTO_STA83_0062
TORONTO_STA83_STU00306,TORONTO_STA83_0072
TORONTO_STA83_STU00306,TORONTO_STA83_0089
TORONTO_STA83_STU00306,TORONTO_STA83_0108
TORONTO_STA83_STU00306,TORONTO_STA83_0124
TORONTO_STA83_STU00306,TORONTO_STA83_0136
TORONTO_STA83_STU00306,TORONTO_STA83_0139
TORONTO_STA83_STU00307,TORONTO_STA83_0021
TORONTO_STA83_STU00307,TORONTO_STA83_0042
TORONTO_STA83_STU00307,TORONTO_STA83_0062
TORONTO_STA83_STU00307,TORONTO_STA83_0072
TORONTO_STA83_STU00307,TORONTO_STA83_0089
TORONTO_STA83_STU00307,TORONTO_STA83_0108
TORONTO_STA83_STU00307,TORONTO_STA83_0124
TORONTO_STA83_STU00307,TORONTO_STA83_0136
TORONTO_STA83_STU00307,TORONTO_STA83_0139
TORONTO_STA83_STU00308,TORONTO_STA83_0004
TORONTO_STA83_STU00308,TORONTO_STA83_0024
TORONTO_STA83_STU00308,TORONTO_STA83_0045
TORONTO_STA83_STU00308,TORONTO_STA83_0065
TORONTO_STA83_STU00308,TORONTO_STA83_0072
TORONTO_STA83_STU00308,TORONTO_STA83_0092
TORONTO_STA83_STU00308,TORONTO_STA83_0101
TORONTO_STA83_STU00308,TORONTO_STA83_0107
TORONTO_STA83_STU00308,TORONTO_STA83_0127
TORONTO_STA83_STU00309,TORONTO_STA83_0004
TORONTO_STA83_STU00309,TORONTO_STA83_0021
TORONTO_STA83_STU00309,TORONTO_STA83_0042
TORONTO_STA83_STU00309,TORONTO_STA83_0062
TORONTO_STA83_STU00309,TORONTO_STA83_0072
TORONTO_STA83_STU00309,TORONTO_STA83_0089
TORONTO_STA83_STU00309,TORONTO_STA83_0107
TORONTO_STA83_STU00309,TORONTO_STA83_0124
TORONTO_STA83_STU00309,TORONTO_STA83_0133
TORONTO_STA83_STU00310,TORONTO_STA83_0020
TORONTO_STA83_STU00310,TORONTO_STA83_0041
TORONTO_STA83_STU00310,TORONTO_STA83_0061
TORONTO_STA83_STU00310,TORONTO_STA83_0072
TORONTO_STA83_STU00310,TORONTO_STA83_0088
TORONTO_STA83_STU00310,TORONTO_STA83_0108
TORONTO_STA83_STU00310,TORONTO_STA83_0123
TORONTO_STA83_STU00310,TORONTO_STA83_0136
TORONTO_STA83_STU00310,TORONTO_STA83_0139
TORONTO_STA83_STU00311,TORONTO_STA83_0024
TORONTO_STA83_STU00311,TORONTO_STA83_0045
TORONTO_STA83_STU00311,TORONTO_STA83_0065
TORONTO_STA83_STU00311,TORONTO_STA83_0072
TORONTO_STA83_STU00311,TORONTO_STA83_0092
TORONTO_STA83_STU00311,TORONTO_STA83_0108
TORONTO_STA83_STU00311,TORONTO_STA83_0127
TORONTO_STA83_STU00311,TORONTO_STA83_0136
TORONTO_STA83_STU00311,TORONTO_STA83_0139
TORONTO_STA83_STU00312,TORONTO_STA83_0019
TORONTO_STA83_STU00312,TORONTO_STA83_0027
TORONTO_STA83_STU00312,TORONTO_STA83_0040
TORONTO_STA83_STU00312,TORONTO_STA83_0060
TORONTO_STA83_STU00312,TORONTO_STA83_0072
TORONTO_STA83_STU00312,TORONTO_STA83_0087
TORONTO_STA83_STU00312,TORONTO_STA83_0102
TORONTO_STA83_STU00312,TORONTO_STA83_0107
TORONTO_STA83_STU00312,TORONTO_STA83_0122
TORONTO_STA83_STU00313,TORONTO_STA83_0019
TORONTO_STA83_STU00313,TORONTO_STA83_0027
TORONTO_STA83_STU00313,TORONTO_STA83_0040
TORONTO_STA83_STU00313,TORONTO_STA83_0060
TORONTO_STA83_STU00313,TORONTO_STA83_0072
TORONTO_STA83_STU00313,TORONTO_STA83_0087
TORONTO_STA83_STU00313,TORONTO_STA83_0099
TORONTO_STA83_STU00313,TORONTO_STA83_0107
TORONTO_STA83_STU00313,TORONTO_STA83_0122
TORONTO_STA83_STU00314,TORONTO_STA83_0024
TORONTO_STA83_STU00314,TORONTO_STA83_0045
TORONTO_STA83_STU00314,TORONTO_STA83_0065
TORONTO_STA83_STU00314,TORONTO_STA83_0072
TORONTO_STA83_STU00314,TORONTO_STA83_0092
TORONTO_STA83_STU00314,TORONTO_STA83_0098
TORONTO_STA83_STU00314,TORONTO_STA83_0108
TORONTO_STA83_STU00314,TORONTO_STA83_0127
TORONTO_STA83_STU00314,TORONTO_STA83_0136
TORONTO_STA83_STU00315,TORONTO_STA83_0004
TORONTO_STA83_STU00315,TORONTO_STA83_0019
TORONTO_STA83_STU00315,TORONTO_STA83_0040
TORONTO_STA83_STU00315,TORONTO_STA83_0060
TORONTO_STA83_STU00315,TORONTO_STA83_0072
TORONTO_STA83_STU00315,TORONTO_STA83_0087
TORONTO_STA83_STU00315,TORONTO_STA83_0107
TORONTO_STA83_STU00315,TORONTO_STA83_0122
TORONTO_STA83_STU00315,TORONTO_STA83_0133
TORONTO_STA83_STU00316,TORONTO_STA83_0020
TORONTO_STA83_STU00316,TORONTO_STA83_0041
TORONTO_STA83_STU00316,TORONTO_STA83_0061
TORONTO_STA83_STU00316,TORONTO_STA83_0072
TORONTO_STA83_STU00316,TORONTO_STA83_0088
TORONTO_STA83_STU00316,TORONTO_STA83_0108
TORONTO_STA83_STU00316,TORONTO_STA83_0123
TORONTO_STA83_STU00316,TORONTO_STA83_0136
TORONTO_STA83_STU00316,TORONTO_STA83_0139
TORONTO_STA83_STU00317,TORONTO_STA83_0024
TORONTO_STA83_STU00317,TORONTO_STA83_0045
TORONTO_STA83_STU00317,TORONTO_STA83_0065
TORONTO_STA83_STU00317,TORONTO_STA83_0072
TORONTO_STA83_STU00317,TORONTO_STA83_0092
TORONTO_STA83_STU00317,TORONTO_STA83_0099
TORONTO_STA83_STU00317,TORONTO_STA83_0108
TORONTO_STA83_STU00317,TORONTO_STA83_0127
TORONTO_STA83_STU00317,TORONTO_STA83_0136
TORONTO_STA83_STU00318,TORONTO_STA83_0019
TORONTO_STA83_STU00318,TORONTO_STA83_0040
TORONTO_STA83_STU00318,TORONTO_STA83_0060
TORONTO_STA83_STU00318,TORONTO_STA83_0072
TORONTO_STA83_STU00318,TORONTO_STA83_0087
TORONTO_STA83_STU00318,TORONTO_STA83_0102
TORONTO_STA83_STU00318,TORONTO_STA83_0107
TORONTO_STA83_STU00318,TORONTO_STA83_0122
TORONTO_STA83_STU00318,TORONTO_STA83_0133
TORONTO_STA83_STU00319,TORONTO_STA83_0019
TORONTO_STA83_STU00319,TORONTO_STA83_0040
TORONTO_STA83_STU00319,TORONTO_STA83_0060
TORONTO_STA83_STU00319,TORONTO_STA83_0072
TORONTO_STA83_STU00319,TORONTO_STA83_0087
TORONTO_STA83_STU00319,TORONTO_STA83_0101
TORONTO_STA83_STU00319,TORONTO_STA83_0107
TORONTO_STA83_STU00319,TORONTO_STA83_0122
TORONTO_STA83_STU00319,TORONTO_STA83_0139
TORONTO_STA83_STU00320,TORONTO_STA83_0024
TORONTO_STA83_STU00320,TORONTO_STA83_0045
TORONTO_STA83_STU00320,TORONTO_STA83_0065
TORONTO_STA83_STU00320,TORONTO_STA83_0072
TORONTO_STA83_STU00320,TORONTO_STA83_0092
TORONTO_STA83_STU00320,TORONTO_STA83_0108
TORONTO_STA83_STU00320,TORONTO_STA83_0127
TORONTO_STA83_STU00320,TORONTO_STA83_0136
TORONTO_STA83_STU00320,TORONTO_STA83_0139
TORONTO_STA83_STU00321,TORONTO_STA83_0019
TORONTO_STA83_STU00321,TORONTO_STA83_0040
TORONTO_STA83_STU00321,TORONTO_STA83_0060
TORONTO_STA83_STU00321,TORONTO_STA83_0072
TORONTO_STA83_STU00321,TORONTO_STA83_0087
TORONTO_STA83_STU00321,TORONTO_STA83_0098
TORONTO_STA83_STU00321,TORONTO_STA83_0108
TORONTO_STA83_STU00321,TORONTO_STA83_0122
TORONTO_STA83_STU00321,TORONTO_STA83_0133
TORONTO_STA83_STU00322,TORONTO_STA83_0024
TORONTO_STA83_STU00322,TORONTO_STA83_0045
TORONTO_STA83_STU00322,TORONTO_STA83_0065
TORONTO_STA83_STU00322,TORONTO_STA83_0072
TORONTO_STA83_STU00322,TORONTO_STA83_0092
TORONTO_STA83_STU00322,TORONTO_STA83_0108
TORONTO_STA83_STU00322,TORONTO_STA83_0127
TORONTO_STA83_STU00322,TORONTO_STA83_0136
TORONTO_STA83_STU00322,TORONTO_STA83_0139
TORONTO_STA83_STU00323,TORONTO_STA83_0024
TORONTO_STA83_STU00323,TORONTO_STA83_0027
TORONTO_STA83_STU00323,TORONTO_STA83_0045
TORONTO_STA83_STU00323,TORONTO_STA83_0065
TORONTO_STA83_STU00323,TORONTO_STA83_0072
TORONTO_STA83_STU00323,TORONTO_STA83_0092
TORONTO_STA83_STU00323,TORONTO_STA83_0102
TORONTO_STA83_STU00323,TORONTO_STA83_0107
TORONTO_STA83_STU00323,TORONTO_STA83_0127
TORONTO_STA83_STU00324,TORONTO_STA83_0026
TORONTO_STA83_STU00324,TORONTO_STA83_0027
TORONTO_STA83_STU00324,TORONTO_STA83_0047
TORONTO_STA83_STU00324,TORONTO_STA83_0067
TORONTO_STA83_STU00324,TORONTO_STA83_0072
TORONTO_STA83_STU00324,TORONTO_STA83_0094
TORONTO_STA83_STU00324,TORONTO_STA83_0101
TORONTO_STA83_STU00324,TORONTO_STA83_0107
TORONTO_STA83_STU00324,TORONTO_STA83_0129
TORONTO_STA83_STU00325,TORONTO_STA83_0004
TORONTO_STA83_STU00325,TORONTO_STA83_0024
TORONTO_STA83_STU00325,TORONTO_STA83_0045
TORONTO_STA83_STU00325,TORONTO_STA83_0065
TORONTO_STA83_STU00325,TORONTO_STA83_0072
TORONTO_STA83_STU00325,TORONTO_STA83_0092
TORONTO_STA83_STU00325,TORONTO_STA83_0101
TORONTO_STA83_STU00325,TORONTO_STA83_0107
TORONTO_STA83_STU00325,TORONTO_STA83_0127
TORONTO_STA83_STU00326,TORONTO_STA83_0019
TORONTO_STA83_STU00326,TORONTO_STA83_0027
TORONTO_STA83_STU00326,TORONTO_STA83_0040
TORONTO_STA83_STU00326,TORONTO_STA83_0060
TORONTO_STA83_STU00326,TORONTO_STA83_0072
TORONTO_STA83_STU00326,TORONTO_STA83_0087
TORONTO_STA83_STU00326,TORONTO_STA83_0101
TORONTO_STA83_STU00326,TORONTO_STA83_0107
TORONTO_STA83_STU00326,TORONTO_STA83_0122
TORONTO_STA83_STU00327,TORONTO_STA83_0026
TORONTO_STA83_STU00327,TORONTO_STA83_0047
TORONTO_STA83_STU00327,TORONTO_STA83_0067
TORONTO_STA83_STU00327,TORONTO_STA83_0072
TORONTO_STA83_STU00327,TORONTO_STA83_0094
TORONTO_STA83_STU00327,TORONTO_STA83_0099
TORONTO_STA83_STU00327,TORONTO_STA83_0108
TORONTO_STA83_STU00327,TORONTO_STA83_0129
TORONTO_STA83_STU00327,TORONTO_STA83_0136
TORONTO_STA83_STU00328,TORONTO_STA83_0018
TORONTO_STA83_STU00328,TORONTO_STA83_0039
TORONTO_STA83_STU00328,TORONTO_STA83_0059
TORONTO_STA83_STU00328,TORONTO_STA83_0072
TORONTO_STA83_STU00328,TORONTO_STA83_0086
TORONTO_STA83_STU00328,TORONTO_STA83_0102
TORONTO_STA83_STU00328,TORONTO_STA83_0108
TORONTO_STA83_STU00328,TORONTO_STA83_0121
TORONTO_STA83_STU00328,TORONTO_STA83_0133
TORONTO_STA83_STU00329,TORONTO_STA83_0026
TORONTO_STA83_STU00329,TORONTO_STA83_0047
TORONTO_STA83_STU00329,TORONTO_STA83_0067
TORONTO_STA83_STU00329,TORONTO_STA83_0072
TORONTO_STA83_STU00329,TORONTO_STA83_0094
TORONTO_STA83_STU00329,TORONTO_STA83_0108
TORONTO_STA83_STU00329,TORONTO_STA83_0129
TORONTO_STA83_STU00329,TORONTO_STA83_0133
TORONTO_STA83_STU00329,TORONTO_STA83_0136
TORONTO_STA83_STU00330,TORONTO_STA83_0004
TORONTO_STA83_STU00330,TORONTO_STA83_0025
TORONTO_STA83_STU00330,TORONTO_STA83_0046
TORONTO_STA83_STU00330,TORONTO_STA83_0066
TORONTO_STA83_STU00330,TORONTO_STA83_0072
TORONTO_STA83_STU00330,TORONTO_STA83_0093
TORONTO_STA83_STU00330,TORONTO_STA83_0102
TORONTO_STA83_STU00330,TORONTO_STA83_0107
TORONTO_STA83_STU00330,TORONTO_STA83_0128
TORONTO_STA83_STU00331,TORONTO_STA83_0026
TORONTO_STA83_STU00331,TORONTO_STA83_0047
TORONTO_STA83_STU00331,TORONTO_STA83_0067
TORONTO_STA83_STU00331,TORONTO_STA83_0072
TORONTO_STA83_STU00331,TORONTO_STA83_0094
TORONTO_STA83_STU00331,TORONTO_STA83_0101
TORONTO_STA83_STU00331,TORONTO_STA83_0107
TORONTO_STA83_STU00331,TORONTO_STA83_0129
TORONTO_STA83_STU00331,TORONTO_STA83_0133
TORONTO_STA83_STU00332,TORONTO_STA83_0004
TORONTO_STA83_STU00332,TORONTO_STA83_0026
TORONTO_STA83_STU00332,TORONTO_STA83_0047
TORONTO_STA83_STU00332,TORONTO_STA83_0067
TORONTO_STA83_STU00332,TORONTO_STA83_0072
TORONTO_STA83_STU00332,TORONTO_STA83_0094
TORONTO_STA83_STU00332,TORONTO_STA83_0098
TORONTO_STA83_STU00332,TORONTO_STA83_0108
TORONTO_STA83_STU00332,TORONTO_STA83_0129
TORONTO_STA83_STU00333,TORONTO_STA83_0026
TORONTO_STA83_STU00333,TORONTO_STA83_0047
TORONTO_STA83_STU00333,TORONTO_STA83_0067
TORONTO_STA83_STU00333,TORONTO_STA83_0072
TORONTO_STA83_STU00333,TORONTO_STA83_0094
TORONTO_STA83_STU00333,TORONTO_STA83_0101
TORONTO_STA83_STU00333,TORONTO_STA83_0107
TORONTO_STA83_STU00333,TORONTO_STA83_0129
TORONTO_STA83_STU00333,TORONTO_STA83_0139
TORONTO_STA83_STU00334,TORONTO_STA83_0026
TORONTO_STA83_STU00334,TORONTO_STA83_0047
TORONTO_STA83_STU00334,TORONTO_STA83_0067
TORONTO_STA83_STU00334,TORONTO_STA83_0072
TORONTO_STA83_STU00334,TORONTO_STA83_0094
TORONTO_STA83_STU00334,TORONTO_STA83_0108
TORONTO_STA83_STU00334,TORONTO_STA83_0129
TORONTO_STA83_STU00334,TORONTO_STA83_0133
TORONTO_STA83_STU00334,TORONTO_STA83_0136
TORONTO_STA83_STU00335,TORONTO_STA83_0026
TORONTO_STA83_STU00335,TORONTO_STA83_0047
TORONTO_STA83_STU00335,TORONTO_STA83_0067
TORONTO_STA83_STU00335,TORONTO_STA83_0072
TORONTO_STA83_STU00335,TORONTO_STA83_0094
TORONTO_STA83_STU00335,TORONTO_STA83_0099
TORONTO_STA83_STU00335,TORONTO_STA83_0107
TORONTO_STA83_STU00335,TORONTO_STA83_0129
TORONTO_STA83_STU00335,TORONTO_STA83_0133
TORONTO_STA83_STU00336,TORONTO_STA83_0025
TORONTO_STA83_STU00336,TORONTO_STA83_0046
TORONTO_STA83_STU00336,TORONTO_STA83_0066
TORONTO_STA83_STU00336,TORONTO_STA83_0072
TORONTO_STA83_STU00336,TORONTO_STA83_0093
TORONTO_STA83_STU00336,TORONTO_STA83_0102
TORONTO_STA83_STU00336,TORONTO_STA83_0108
TORONTO_STA83_STU00336,TORONTO_STA83_0128
TORONTO_STA83_STU00336,TORONTO_STA83_0133
TORONTO_STA83_STU00337,TORONTO_STA83_0004
TORONTO_STA83_STU00337,TORONTO_STA83_0026
TORONTO_STA83_STU00337,TORONTO_STA83_0047
TORONTO_STA83_STU00337,TORONTO_STA83_0067
TORONTO_STA83_STU00337,TORONTO_STA83_0072
TORONTO_STA83_STU00337,TORONTO_STA83_0094
TORONTO_STA83_STU00337,TORONTO_STA83_0098
TORONTO_STA83_STU00337,TORONTO_STA83_0107
TORONTO_STA83_STU00337,TORONTO_STA83_0129
TORONTO_STA83_STU00338,TORONTO_STA83_0026
TORONTO_STA83_STU00338,TORONTO_STA83_0047
TORONTO_STA83_STU00338,TORONTO_STA83_0067
TORONTO_STA83_STU00338,TORONTO_STA83_0072
TORONTO_STA83_STU00338,TORONTO_STA83_0094
TORONTO_STA83_STU00338,TORONTO_STA83_0102
TORONTO_STA83_STU00338,TORONTO_STA83_0108
TORONTO_STA83_STU00338,TORONTO_STA83_0129
TORONTO_STA83_STU00338,TORONTO_STA83_0136
TORONTO_STA83_STU00339,TORONTO_STA83_0004
TORONTO_STA83_STU00339,TORONTO_STA83_0026
TORONTO_STA83_STU00339,TORONTO_STA83_0047
TORONTO_STA83_STU00339,TORONTO_STA83_0067
TORONTO_STA83_STU00339,TORONTO_STA83_0072
TORONTO_STA83_STU00339,TORONTO_STA83_0094
TORONTO_STA83_STU00339,TORONTO_STA83_0107
TORONTO_STA83_STU00339,TORONTO_STA83_0129
TORONTO_STA83_STU00339,TORONTO_STA83_0133
TORONTO_STA83_STU00340,TORONTO_STA83_0026
TORONTO_STA83_STU00340,TORONTO_STA83_0047
TORONTO_STA83_STU00340,TORONTO_STA83_0067
TORONTO_STA83_STU00340,TORONTO_STA83_0072
TORONTO_STA83_STU00340,TORONTO_STA83_0094
TORONTO_STA83_STU00340,TORONTO_STA83_0099
TORONTO_STA83_STU00340,TORONTO_STA83_0108
TORONTO_STA83_STU00340,TORONTO_STA83_0129
TORONTO_STA83_STU00340,TORONTO_STA83_0136
TORONTO_STA83_STU00341,TORONTO_STA83_0004
TORONTO_STA83_STU00341,TORONTO_STA83_0026
TORONTO_STA83_STU00341,TORONTO_STA83_0047
TORONTO_STA83_STU00341,TORONTO_STA83_0067
TORONTO_STA83_STU00341,TORONTO_STA83_0072
TORONTO_STA83_STU00341,TORONTO_STA83_0094
TORONTO_STA83_STU00341,TORONTO_STA83_0098
TORONTO_STA83_STU00341,TORONTO_STA83_0107
TORONTO_STA83_STU00341,TORONTO_STA83_0129
TORONTO_STA83_STU00342,TORONTO_STA83_0004
TORONTO_STA83_STU00342,TORONTO_STA83_0025
TORONTO_STA83_STU00342,TORONTO_STA83_0046
TORONTO_STA83_STU00342,TORONTO_STA83_0066
TORONTO_STA83_STU00342,TORONTO_STA83_0072
TORONTO_STA83_STU00342,TORONTO_STA83_0093
TORONTO_STA83_STU00342,TORONTO_STA83_0108
TORONTO_STA83_STU00342,TORONTO_STA83_0128
TORONTO_STA83_STU00342,TORONTO_STA83_0139
TORONTO_STA83_STU00343,TORONTO_STA83_0004
TORONTO_STA83_STU00343,TORONTO_STA83_0026
TORONTO_STA83_STU00343,TORONTO_STA83_0047
TORONTO_STA83_STU00343,TORONTO_STA83_0067
TORONTO_STA83_STU00343,TORONTO_STA83_0072
TORONTO_STA83_STU00343,TORONTO_STA83_0094
TORONTO_STA83_STU00343,TORONTO_STA83_0099
TORONTO_STA83_STU00343,TORONTO_STA83_0107
TORONTO_STA83_STU00343,TORONTO_STA83_0129
TORONTO_STA83_STU00344,TORONTO_STA83_0026
TORONTO_STA83_STU00344,TORONTO_STA83_0047
TORONTO_STA83_STU00344,TORONTO_STA83_0067
TORONTO_STA83_STU00344,TORONTO_STA83_0072
TORONTO_STA83_STU00344,TORONTO_STA83_0094
TORONTO_STA83_STU00344,TORONTO_STA83_0107
TORONTO_STA83_STU00344,TORONTO_STA83_0129
TORONTO_STA83_STU00344,TORONTO_STA83_0133
TORONTO_STA83_STU00344,TORONTO_STA83_0139
TORONTO_STA83_STU00345,TORONTO_STA83_0020
TORONTO_STA83_STU00345,TORONTO_STA83_0041
TORONTO_STA83_STU00345,TORONTO_STA83_0061
TORONTO_STA83_STU00345,TORONTO_STA83_0072
TORONTO_STA83_STU00345,TORONTO_STA83_0088
TORONTO_STA83_STU00345,TORONTO_STA83_0102
TORONTO_STA83_STU00345,TORONTO_STA83_0107
TORONTO_STA83_STU00345,TORONTO_STA83_0123
TORONTO_STA83_STU00345,TORONTO_STA83_0133
TORONTO_STA83_STU00346,TORONTO_STA83_0025
TORONTO_STA83_STU00346,TORONTO_STA83_0046
TORONTO_STA83_STU00346,TORONTO_STA83_0066
TORONTO_STA83_STU00346,TORONTO_STA83_0072
TORONTO_STA83_STU00346,TORONTO_STA83_0093
TORONTO_STA83_STU00346,TORONTO_STA83_0099
TORONTO_STA83_STU00346,TORONTO_STA83_0108
TORONTO_STA83_STU00346,TORONTO_STA83_0128
TORONTO_STA83_STU00346,TORONTO_STA83_0139
TORONTO_STA83_STU00347,TORONTO_STA83_0004
TORONTO_STA83_STU00347,TORONTO_STA83_0020
TORONTO_STA83_STU00347,TORONTO_STA83_0041
TORONTO_STA83_STU00347,TORONTO_STA83_0061
TORONTO_STA83_STU00347,TORONTO_STA83_0072
TORONTO_STA83_STU00347,TORONTO_STA83_0088
TORONTO_STA83_STU00347,TORONTO_STA83_0102
TORONTO_STA83_STU00347,TORONTO_STA83_0107
TORONTO_STA83_STU00347,TORONTO_STA83_0123
TORONTO_STA83_STU00348,TORONTO_STA83_0025
TORONTO_STA83_STU00348,TORONTO_STA83_0027
TORONTO_STA83_STU00348,TORONTO_STA83_0046
TORONTO_STA83_STU00348,TORONTO_STA83_0066
TORONTO_STA83_STU00348,TORONTO_STA83_0072
TORONTO_STA83_STU00348,TORONTO_STA83_0093
TORONTO_STA83_STU00348,TORONTO_STA83_0101
TORONTO_STA83_STU00348,TORONTO_STA83_0107
TORONTO_STA83_STU00348,TORONTO_STA83_0128
TORONTO_STA83_STU00349,TORONTO_STA83_0004
TORONTO_STA83_STU00349,TORONTO_STA83_0025
TORONTO_STA83_STU00349,TORONTO_STA83_0046
TORONTO_STA83_STU00349,TORONTO_STA83_0066
TORONTO_STA83_STU00349,TORONTO_STA83_0072
TORONTO_STA83_STU00349,TORONTO_STA83_0093
TORONTO_STA83_STU00349,TORONTO_STA83_0107
TORONTO_STA83_STU00349,TORONTO_STA83_0128
TORONTO_STA83_STU00349,TORONTO_STA83_0133
TORONTO_STA83_STU00350,TORONTO_STA83_0018
TORONTO_STA83_STU00350,TORONTO_STA83_0027
TORONTO_STA83_STU00350,TORONTO_STA83_0039
TORONTO_STA83_STU00350,TORONTO_STA83_0059
TORONTO_STA83_STU00350,TORONTO_STA83_0072
TORONTO_STA83_STU00350,TORONTO_STA83_0086
TORONTO_STA83_STU00350,TORONTO_STA83_0102
TORONTO_STA83_STU00350,TORONTO_STA83_0107
TORONTO_STA83_STU00350,TORONTO_STA83_0121
TORONTO_STA83_STU00351,TORONTO_STA83_0025
TORONTO_STA83_STU00351,TORONTO_STA83_0046
TORONTO_STA83_STU00351,TORONTO_STA83_0066
TORONTO_STA83_STU00351,TORONTO_STA83_0072
TORONTO_STA83_STU00351,TORONTO_STA83_0093
TORONTO_STA83_STU00351,TORONTO_STA83_0099
TORONTO_STA83_STU00351,TORONTO_STA83_0108
TORONTO_STA83_STU00351,TORONTO_STA83_0128
TORONTO_STA83_STU00351,TORONTO_STA83_0133
TORONTO_STA83_STU00352,TORONTO_STA83_0004
TORONTO_STA83_STU00352,TORONTO_STA83_0026
TORONTO_STA83_STU00352,TORONTO_STA83_0027
TORONTO_STA83_STU00352,TORONTO_STA83_0047
TORONTO_STA83_STU00352,TORONTO_STA83_0067
TORONTO_STA83_STU00352,TORONTO_STA83_0072
TORONTO_STA83_STU00352,TORONTO_STA83_0094
TORONTO_STA83_STU00352,TORONTO_STA83_0107
TORONTO_STA83_STU00352,TORONTO_STA83_0129
TORONTO_STA83_STU00353,TORONTO_STA83_0004
TORONTO_STA83_STU00353,TORONTO_STA83_0025
TORONTO_STA83_STU00353,TORONTO_STA83_0046
TORONTO_STA83_STU00353,TORONTO_STA83_0066
TORONTO_STA83_STU00353,TORONTO_STA83_0072
TORONTO_STA83_STU00353,TORONTO_STA83_0093
TORONTO_STA83_STU00353,TORONTO_STA83_0108
TORONTO_STA83_STU00353,TORONTO_STA83_0128
TORONTO_STA83_STU00353,TORONTO_STA83_0136
TORONTO_STA83_STU00354,TORONTO_STA83_0004
TORONTO_STA83_STU00354,TORONTO_STA83_0018
TORONTO_STA83_STU00354,TORONTO_STA83_0027
TORONTO_STA83_STU00354,TORONTO_STA83_0039
TORONTO_STA83_STU00354,TORONTO_STA83_0059
TORONTO_STA83_STU00354,TORONTO_STA83_0072
TORONTO_STA83_STU00354,TORONTO_STA83_0086
TORONTO_STA83_STU00354,TORONTO_STA83_0107
TORONTO_STA83_STU00354,TORONTO_STA83_0121
TORONTO_STA83_STU00355,TORONTO_STA83_0004
TORONTO_STA83_STU00355,TORONTO_STA83_0025
TORONTO_STA83_STU00355,TORONTO_STA83_0046
TORONTO_STA83_STU00355,TORONTO_STA83_0066
TORONTO_STA83_STU00355,TORONTO_STA83_0072
TORONTO_STA83_STU00355,TORONTO_STA83_0093
TORONTO_STA83_STU00355,TORONTO_STA83_0107
TORONTO_STA83_STU00355,TORONTO_STA83_0128
TORONTO_STA83_STU00355,TORONTO_STA83_0133
TORONTO_STA83_STU00356,TORONTO_STA83_0026
TORONTO_STA83_STU00356,TORONTO_STA83_0047
TORONTO_STA83_STU00356,TORONTO_STA83_0067
TORONTO_STA83_STU00356,TORONTO_STA83_0072
TORONTO_STA83_STU00356,TORONTO_STA83_0094
TORONTO_STA83_STU00356,TORONTO_STA83_0098
TORONTO_STA83_STU00356,TORONTO_STA83_0108
TORONTO_STA83_STU00356,TORONTO_STA83_0129
TORONTO_STA83_STU00356,TORONTO_STA83_0136
TORONTO_STA83_STU00357,TORONTO_STA83_0020
TORONTO_STA83_STU00357,TORONTO_STA83_0041
TORONTO_STA83_STU00357,TORONTO_STA83_0061
TORONTO_STA83_STU00357,TORONTO_STA83_0072
TORONTO_STA83_STU00357,TORONTO_STA83_0088
TORONTO_STA83_STU00357,TORONTO_STA83_0108
TORONTO_STA83_STU00357,TORONTO_STA83_0123
TORONTO_STA83_STU00357,TORONTO_STA83_0133
TORONTO_STA83_STU00357,TORONTO_STA83_0136
TORONTO_STA83_STU00358,TORONTO_STA83_0025
TORONTO_STA83_STU00358,TORONTO_STA83_0046
TORONTO_STA83_STU00358,TORONTO_STA83_0066
TORONTO_STA83_STU00358,TORONTO_STA83_0072
TORONTO_STA83_STU00358,TORONTO_STA83_0093
TORONTO_STA83_STU00358,TORONTO_STA83_0108
TORONTO_STA83_STU00358,TORONTO_STA83_0128
TORONTO_STA83_STU00358,TORONTO_STA83_0133
TORONTO_STA83_STU00358,TORONTO_STA83_0136
TORONTO_STA83_STU00359,TORONTO_STA83_0025
TORONTO_STA83_STU00359,TORONTO_STA83_0046
TORONTO_STA83_STU00359,TORONTO_STA83_0066
TORONTO_STA83_STU00359,TORONTO_STA83_0072
TORONTO_STA83_STU00359,TORONTO_STA83_0093
TORONTO_STA83_STU00359,TORONTO_STA83_0108
TORONTO_STA83_STU00359,TORONTO_STA83_0128
TORONTO_STA83_STU00359,TORONTO_STA83_0133
TORONTO_STA83_STU00359,TORONTO_STA83_0136
TORONTO_STA83_STU00360,TORONTO_STA83_0024
TORONTO_STA83_STU00360,TORONTO_STA83_0045
TORONTO_STA83_STU00360,TORONTO_STA83_0065
TORONTO_STA83_STU00360,TORONTO_STA83_0072
TORONTO_STA83_STU00360,TORONTO_STA83_0092
TORONTO_STA83_STU00360,TORONTO_STA83_0098
TORONTO_STA83_STU00360,TORONTO_STA83_0108
TORONTO_STA83_STU00360,TORONTO_STA83_0127
TORONTO_STA83_STU00360,TORONTO_STA83_0136
TORONTO_STA83_STU00361,TORONTO_STA83_0019
TORONTO_STA83_STU00361,TORONTO_STA83_0040
TORONTO_STA83_STU00361,TORONTO_STA83_0060
TORONTO_STA83_STU00361,TORONTO_STA83_0072
TORONTO_STA83_STU00361,TORONTO_STA83_0087
TORONTO_STA83_STU00361,TORONTO_STA83_0098
TORONTO_STA83_STU00361,TORONTO_STA83_0108
TORONTO_STA83_STU00361,TORONTO_STA83_0122
TORONTO_STA83_STU00361,TORONTO_STA83_0136
TORONTO_STA83_STU00362,TORONTO_STA83_0024
TORONTO_STA83_STU00362,TORONTO_STA83_0045
TORONTO_STA83_STU00362,TORONTO_STA83_0065
TORONTO_STA83_STU00362,TORONTO_STA83_0072
TORONTO_STA83_STU00362,TORONTO_STA83_0092
TORONTO_STA83_STU00362,TORONTO_STA83_0101
TORONTO_STA83_STU00362,TORONTO_STA83_0108
TORONTO_STA83_STU00362,TORONTO_STA83_0127
TORONTO_STA83_STU00362,TORONTO_STA83_0136
TORONTO_STA83_STU00363,TORONTO_STA83_0025
TORONTO_STA83_STU00363,TORONTO_STA83_0046
TORONTO_STA83_STU00363,TORONTO_STA83_0066
TORONTO_STA83_STU00363,TORONTO_STA83_0072
TORONTO_STA83_STU00363,TORONTO_STA83_0093
TORONTO_STA83_STU00363,TORONTO_STA83_0108
TORONTO_STA83_STU00363,TORONTO_STA83_0128
TORONTO_STA83_STU00363,TORONTO_STA83_0136
TORONTO_STA83_STU00363,TORONTO_STA83_0139
TORONTO_STA83_STU00364,TORONTO_STA83_0019
TORONTO_STA83_STU00364,TORONTO_STA83_0040
TORONTO_STA83_STU00364,TORONTO_STA83_0060
TORONTO_STA83_STU00364,TORONTO_STA83_0072
TORONTO_STA83_STU00364,TORONTO_STA83_0087
TORONTO_STA83_STU00364,TORONTO_STA83_0108
TORONTO_STA83_STU00364,TORONTO_STA83_0122
TORONTO_STA83_STU00364,TORONTO_STA83_0136
TORONTO_STA83_STU00364,TORONTO_STA83_0139
TORONTO_STA83_STU00365,TORONTO_STA83_0026
TORONTO_STA83_STU00365,TORONTO_STA83_0047
TORONTO_STA83_STU00365,TORONTO_STA83_0067
TORONTO_STA83_STU00365,TORONTO_STA83_0072
TORONTO_STA83_STU00365,TORONTO_STA83_0094
TORONTO_STA83_STU00365,TORONTO_STA83_0108
TORONTO_STA83_STU00365,TORONTO_STA83_0129
TORONTO_STA83_STU00365,TORONTO_STA83_0136
TORONTO_STA83_STU00365,TORONTO_STA83_0139
TORONTO_STA83_STU00366,TORONTO_STA83_0004
TORONTO_STA83_STU00366,TORONTO_STA83_0026
TORONTO_STA83_STU00366,TORONTO_STA83_0047
TORONTO_STA83_STU00366,TORONTO_STA83_0067
TORONTO_STA83_STU00366,TORONTO_STA83_0072
TORONTO_STA83_STU00366,TORONTO_STA83_0094
TORONTO_STA83_STU00366,TORONTO_STA83_0108
TORONTO_STA83_STU00366,TORONTO_STA83_0129
TORONTO_STA83_STU00366,TORONTO_STA83_0136
TORONTO_STA83_STU00367,TORONTO_STA83_0004
TORONTO_STA83_STU00367,TORONTO_STA83_0025
TORONTO_STA83_STU00367,TORONTO_STA83_0046
TORONTO_STA83_STU00367,TORONTO_STA83_0066
TORONTO_STA83_STU00367,TORONTO_STA83_0072
TORONTO_STA83_STU00367,TORONTO_STA83_0093
TORONTO_STA83_STU00367,TORONTO_STA83_0108
TORONTO_STA83_STU00367,TORONTO_STA83_0128
TORONTO_STA83_STU00367,TORONTO_STA83_0136
TORONTO_STA83_STU00368,TORONTO_STA83_0004
TORONTO_STA83_STU00368,TORONTO_STA83_0019
TORONTO_STA83_STU00368,TORONTO_STA83_0040
TORONTO_STA83_STU00368,TORONTO_STA83_0060
TORONTO_STA83_STU00368,TORONTO_STA83_0072
TORONTO_STA83_STU00368,TORONTO_STA83_0087
TORONTO_STA83_STU00368,TORONTO_STA83_0107
TORONTO_STA83_STU00368,TORONTO_STA83_0122
TORONTO_STA83_STU00368,TORONTO_STA83_0133
TORONTO_STA83_STU00369,TORONTO_STA83_0026
TORONTO_STA83_STU00369,TORONTO_STA83_0027
TORONTO_STA83_STU00369,TORONTO_STA83_0047
TORONTO_STA83_STU00369,TORONTO_STA83_0067
TORONTO_STA83_STU00369,TORONTO_STA83_0072
TORONTO_STA83_STU00369,TORONTO_STA83_0094
TORONTO_STA83_STU00369,TORONTO_STA83_0107
TORONTO_STA83_STU00369,TORONTO_STA83_0129
TORONTO_STA83_STU00369,TORONTO_STA83_0133
TORONTO_STA83_STU00370,TORONTO_STA83_0004
TORONTO_STA83_STU00370,TORONTO_STA83_0019
TORONTO_STA83_STU00370,TORONTO_STA83_0040
TORONTO_STA83_STU00370,TORONTO_STA83_0060
TORONTO_STA83_STU00370,TORONTO_STA83_0072
TORONTO_STA83_STU00370,TORONTO_STA83_0087
TORONTO_STA83_STU00370,TORONTO_STA83_0098
TORONTO_STA83_STU00370,TORONTO_STA83_0107
TORONTO_STA83_STU00370,TORONTO_STA83_0122
TORONTO_STA83_STU00371,TORONTO_STA83_0004
TORONTO_STA83_STU00371,TORONTO_STA83_0026
TORONTO_STA83_STU00371,TORONTO_STA83_0047
TORONTO_STA83_STU00371,TORONTO_STA83_0067
TORONTO_STA83_STU00371,TORONTO_STA83_0072
TORONTO_STA83_STU00371,TORONTO_STA83_0094
TORONTO_STA83_STU00371,TORONTO_STA83_0098
TORONTO_STA83_STU00371,TORONTO_STA83_0107
TORONTO_STA83_STU00371,TORONTO_STA83_0129
TORONTO_STA83_STU00372,TORONTO_STA83_0025
TORONTO_STA83_STU00372,TORONTO_STA83_0046
TORONTO_STA83_STU00372,TORONTO_STA83_0066
TORONTO_STA83_STU00372,TORONTO_STA83_0072
TORONTO_STA83_STU00372,TORONTO_STA83_0093
TORONTO_STA83_STU00372,TORONTO_STA83_0102
TORONTO_STA83_STU00372,TORONTO_STA83_0107
TORONTO_STA83_STU00372,TORONTO_STA83_0128
TORONTO_STA83_STU00372,TORONTO_STA83_0133
TORONTO_STA83_STU00373,TORONTO_STA83_0025
TORONTO_STA83_STU00373,TORONTO_STA83_0046
TORONTO_STA83_STU00373,TORONTO_STA83_0066
TORONTO_STA83_STU00373,TORONTO_STA83_0072
TORONTO_STA83_STU00373,TORONTO_STA83_0093
TORONTO_STA83_STU00373,TORONTO_STA83_0101
TORONTO_STA83_STU00373,TORONTO_STA83_0108
TORONTO_STA83_STU00373,TORONTO_STA83_0128
TORONTO_STA83_STU00373,TORONTO_STA83_0136
TORONTO_STA83_STU00374,TORONTO_STA83_0026
TORONTO_STA83_STU00374,TORONTO_STA83_0047
TORONTO_STA83_STU00374,TORONTO_STA83_0067
TORONTO_STA83_STU00374,TORONTO_STA83_0072
TORONTO_STA83_STU00374,TORONTO_STA83_0094
TORONTO_STA83_STU00374,TORONTO_STA83_0108
TORONTO_STA83_STU00374,TORONTO_STA83_0129
TORONTO_STA83_STU00374,TORONTO_STA83_0133
TORONTO_STA83_STU00374,TORONTO_STA83_0136
TORONTO_STA83_STU00375,TORONTO_STA83_0004
TORONTO_STA83_STU00375,TORONTO_STA83_0025
TORONTO_STA83_STU00375,TORONTO_STA83_0027
TORONTO_STA83_STU00375,TORONTO_STA83_0046
TORONTO_STA83_STU00375,TORONTO_STA83_0066
TORONTO_STA83_STU00375,TORONTO_STA83_0072
TORONTO_STA83_STU00375,TORONTO_STA83_0093
TORONTO_STA83_STU00375,TORONTO_STA83_0107
TORONTO_STA83_STU00375,TORONTO_STA83_0128
TORONTO_STA83_STU00376,TORONTO_STA83_0004
TORONTO_STA83_STU00376,TORONTO_STA83_0025
TORONTO_STA83_STU00376,TORONTO_STA83_0046
TORONTO_STA83_STU00376,TORONTO_STA83_0066
TORONTO_STA83_STU00376,TORONTO_STA83_0072
TORONTO_STA83_STU00376,TORONTO_STA83_0093
TORONTO_STA83_STU00376,TORONTO_STA83_0107
TORONTO_STA83_STU00376,TORONTO_STA83_0128
TORONTO_STA83_STU00376,TORONTO_STA83_0133
TORONTO_STA83_STU00377,TORONTO_STA83_0004
TORONTO_STA83_STU00377,TORONTO_STA83_0025
TORONTO_STA83_STU00377,TORONTO_STA83_0046
TORONTO_STA83_STU00377,TORONTO_STA83_0066
TORONTO_STA83_STU00377,TORONTO_STA83_0072
TORONTO_STA83_STU00377,TORONTO_STA83_0093
TORONTO_STA83_STU00377,TORONTO_STA83_0107
TORONTO_STA83_STU00377,TORONTO_STA83_0128
TORONTO_STA83_STU00377,TORONTO_STA83_0133
TORONTO_STA83_STU00378,TORONTO_STA83_0020
TORONTO_STA83_STU00378,TORONTO_STA83_0041
TORONTO_STA83_STU00378,TORONTO_STA83_0061
TORONTO_STA83_STU00378,TORONTO_STA83_0072
TORONTO_STA83_STU00378,TORONTO_STA83_0088
TORONTO_STA83_STU00378,TORONTO_STA83_0108
TORONTO_STA83_STU00378,TORONTO_STA83_0123
TORONTO_STA83_STU00378,TORONTO_STA83_0133
TORONTO_STA83_STU00378,TORONTO_STA83_0136
TORONTO_STA83_STU00379,TORONTO_STA83_0004
TORONTO_STA83_STU00379,TORONTO_STA83_0020
TORONTO_STA83_STU00379,TORONTO_STA83_0041
TORONTO_STA83_STU00379,TORONTO_STA83_0061
TORONTO_STA83_STU00379,TORONTO_STA83_0072
TORONTO_STA83_STU00379,TORONTO_STA83_0088
TORONTO_STA83_STU00379,TORONTO_STA83_0107
TORONTO_STA83_STU00379,TORONTO_STA83_0123
TORONTO_STA83_STU00379,TORONTO_STA83_0133
TORONTO_STA83_STU00380,TORONTO_STA83_0026
TORONTO_STA83_STU00380,TORONTO_STA83_0047
TORONTO_STA83_STU00380,TORONTO_STA83_0067
TORONTO_STA83_STU00380,TORONTO_STA83_0072
TORONTO_STA83_STU00380,TORONTO_STA83_0094
TORONTO_STA83_STU00380,TORONTO_STA83_0098
TORONTO_STA83_STU00380,TORONTO_STA83_0108
TORONTO_STA83_STU00380,TORONTO_STA83_0129
TORONTO_STA83_STU00380,TORONTO_STA83_0133
TORONTO_STA83_STU00381,TORONTO_STA83_0025
TORONTO_STA83_STU00381,TORONTO_STA83_0027
TORONTO_STA83_STU00381,TORONTO_STA83_0046
TORONTO_STA83_STU00381,TORONTO_STA83_0066
TORONTO_STA83_STU00381,TORONTO_STA83_0072
TORONTO_STA83_STU00381,TORONTO_STA83_0093
TORONTO_STA83_STU00381,TORONTO_STA83_0099
TORONTO_STA83_STU00381,TORONTO_STA83_0107
TORONTO_STA83_STU00381,TORONTO_STA83_0128
TORONTO_STA83_STU00382,TORONTO_STA83_0025
TORONTO_STA83_STU00382,TORONTO_STA83_0046
TORONTO_STA83_STU00382,TORONTO_STA83_0066
TORONTO_STA83_STU00382,TORONTO_STA83_0072
TORONTO_STA83_STU00382,TORONTO_STA83_0093
TORONTO_STA83_STU00382,TORONTO_STA83_0101
TORONTO_STA83_STU00382,TORONTO_STA83_0108
TORONTO_STA83_STU00382,TORONTO_STA83_0128
TORONTO_STA83_STU00382,TORONTO_STA83_0139
TORONTO_STA83_STU00383,TORONTO_STA83_0025
TORONTO_STA83_STU00383,TORONTO_STA83_0046
TORONTO_STA83_STU00383,TORONTO_STA83_0066
TORONTO_STA83_STU00383,TORONTO_STA83_0072
TORONTO_STA83_STU00383,TORONTO_STA83_0093
TORONTO_STA83_STU00383,TORONTO_STA83_0108
TORONTO_STA83_STU00383,TORONTO_STA83_0128
TORONTO_STA83_STU00383,TORONTO_STA83_0136
TORONTO_STA83_STU00383,TORONTO_STA83_0139
TORONTO_STA83_STU00384,TORONTO_STA83_0004
TORONTO_STA83_STU00384,TORONTO_STA83_0026
TORONTO_STA83_STU00384,TORONTO_STA83_0047
TORONTO_STA83_STU00384,TORONTO_STA83_0067
TORONTO_STA83_STU00384,TORONTO_STA83_0072
TORONTO_STA83_STU00384,TORONTO_STA83_0094
TORONTO_STA83_STU00384,TORONTO_STA83_0107
TORONTO_STA83_STU00384,TORONTO_STA83_0129
TORONTO_STA83_STU00384,TORONTO_STA83_0133
TORONTO_STA83_STU00385,TORONTO_STA83_0004
TORONTO_STA83_STU00385,TORONTO_STA83_0025
TORONTO_STA83_STU00385,TORONTO_STA83_0046
TORONTO_STA83_STU00385,TORONTO_STA83_0066
TORONTO_STA83_STU00385,TORONTO_STA83_0072
TORONTO_STA83_STU00385,TORONTO_STA83_0093
TORONTO_STA83_STU00385,TORONTO_STA83_0099
TORONTO_STA83_STU00385,TORONTO_STA83_0107
TORONTO_STA83_STU00385,TORONTO_STA83_0128
TORONTO_STA83_STU00386,TORONTO_STA83_0025
TORONTO_STA83_STU00386,TORONTO_STA83_0046
TORONTO_STA83_STU00386,TORONTO_STA83_0066
TORONTO_STA83_STU00386,TORONTO_STA83_0072
TORONTO_STA83_STU00386,TORONTO_STA83_0093
TORONTO_STA83_STU00386,TORONTO_STA83_0108
TORONTO_STA83_STU00386,TORONTO_STA83_0128
TORONTO_STA83_STU00386,TORONTO_STA83_0136
TORONTO_STA83_STU00386,TORONTO_STA83_0139
TORONTO_STA83_STU00387,TORONTO_STA83_0025
TORONTO_STA83_STU00387,TORONTO_STA83_0027
TORONTO_STA83_STU00387,TORONTO_STA83_0046
TORONTO_STA83_STU00387,TORONTO_STA83_0066
TORONTO_STA83_STU00387,TORONTO_STA83_0072
TORONTO_STA83_STU00387,TORONTO_STA83_0093
TORONTO_STA83_STU00387,TORONTO_STA83_0098
TORONTO_STA83_STU00387,TORONTO_STA83_0107
TORONTO_STA83_STU00387,TORONTO_STA83_0128
TORONTO_STA83_STU00388,TORONTO_STA83_0026
TORONTO_STA83_STU00388,TORONTO_STA83_0047
TORONTO_STA83_STU00388,TORONTO_STA83_0067
TORONTO_STA83_STU00388,TORONTO_STA83_0072
TORONTO_STA83_STU00388,TORONTO_STA83_0094
TORONTO_STA83_STU00388,TORONTO_STA83_0101
TORONTO_STA83_STU00388,TORONTO_STA83_0108
TORONTO_STA83_STU00388,TORONTO_STA83_0129
TORONTO_STA83_STU00388,TORONTO_STA83_0139
TORONTO_STA83_STU00389,TORONTO_STA83_0026
TORONTO_STA83_STU00389,TORONTO_STA83_0047
TORONTO_STA83_STU00389,TORONTO_STA83_0067
TORONTO_STA83_STU00389,TORONTO_STA83_0072
TORONTO_STA83_STU00389,TORONTO_STA83_0094
TORONTO_STA83_STU00389,TORONTO_STA83_0101
TORONTO_STA83_STU00389,TORONTO_STA83_0108
TORONTO_STA83_STU00389,TORONTO_STA83_0129
TORONTO_STA83_STU00389,TORONTO_STA83_0133
TORONTO_STA83_STU00390,TORONTO_STA83_0004
TORONTO_STA83_STU00390,TORONTO_STA83_0026
TORONTO_STA83_STU00390,TORONTO_STA83_0047
TORONTO_STA83_STU00390,TORONTO_STA83_0067
TORONTO_STA83_STU00390,TORONTO_STA83_0072
TORONTO_STA83_STU00390,TORONTO_STA83_0094
TORONTO_STA83_STU00390,TORONTO_STA83_0107
TORONTO_STA83_STU00390,TORONTO_STA83_0129
TORONTO_STA83_STU00390,TORONTO_STA83_0133
TORONTO_STA83_STU00391,TORONTO_STA83_0004
TORONTO_STA83_STU00391,TORONTO_STA83_0026
TORONTO_STA83_STU00391,TORONTO_STA83_0047
TORONTO_STA83_STU00391,TORONTO_STA83_0067
TORONTO_STA83_STU00391,TORONTO_STA83_0072
TORONTO_STA83_STU00391,TORONTO_STA83_0094
TORONTO_STA83_STU00391,TORONTO_STA83_0098
TORONTO_STA83_STU00391,TORONTO_STA83_0108
TORONTO_STA83_STU00391,TORONTO_STA83_0129
TORONTO_STA83_STU00392,TORONTO_STA83_0025
TORONTO_STA83_STU00392,TORONTO_STA83_0046
TORONTO_STA83_STU00392,TORONTO_STA83_0066
TORONTO_STA83_STU00392,TORONTO_STA83_0072
TORONTO_STA83_STU00392,TORONTO_STA83_0093
TORONTO_STA83_STU00392,TORONTO_STA83_0108
TORONTO_STA83_STU00392,TORONTO_STA83_0128
TORONTO_STA83_STU00392,TORONTO_STA83_0133
TORONTO_STA83_STU00392,TORONTO_STA83_0136
TORONTO_STA83_STU00393,TORONTO_STA83_0004
TORONTO_STA83_STU00393,TORONTO_STA83_0018
TORONTO_STA83_STU00393,TORONTO_STA83_0039
TORONTO_STA83_STU00393,TORONTO_STA83_0059
TORONTO_STA83_STU00393,TORONTO_STA83_0086
TORONTO_STA83_STU00393,TORONTO_STA83_0108
TORONTO_STA83_STU00393,TORONTO_STA83_0121
TORONTO_STA83_STU00393,TORONTO_STA83_0136
TORONTO_STA83_STU00393,TORONTO_STA83_0139
TORONTO_STA83_STU00394,TORONTO_STA83_0026
TORONTO_STA83_STU00394,TORONTO_STA83_0027
TORONTO_STA83_STU00394,TORONTO_STA83_0047
TORONTO_STA83_STU00394,TORONTO_STA83_0067
TORONTO_STA83_STU00394,TORONTO_STA83_0072
TORONTO_STA83_STU00394,TORONTO_STA83_0094
TORONTO_STA83_STU00394,TORONTO_STA83_0107
TORONTO_STA83_STU00394,TORONTO_STA83_0129
TORONTO_STA83_STU00394,TORONTO_STA83_0133
TORONTO_STA83_STU00395,TORONTO_STA83_0025
TORONTO_STA83_STU00395,TORONTO_STA83_0046
TORONTO_STA83_STU00395,TORONTO_STA83_0066
TORONTO_STA83_STU00395,TORONTO_STA83_0072
TORONTO_STA83_STU00395,TORONTO_STA83_0093
TORONTO_STA83_STU00395,TORONTO_STA83_0099
TORONTO_STA83_STU00395,TORONTO_STA83_0108
TORONTO_STA83_STU00395,TORONTO_STA83_0128
TORONTO_STA83_STU00395,TORONTO_STA83_0139
TORONTO_STA83_STU00396,TORONTO_STA83_0025
TORONTO_STA83_STU00396,TORONTO_STA83_0046
TORONTO_STA83_STU00396,TORONTO_STA83_0066
TORONTO_STA83_STU00396,TORONTO_STA83_0072
TORONTO_STA83_STU00396,TORONTO_STA83_0093
TORONTO_STA83_STU00396,TORONTO_STA83_0108
TORONTO_STA83_STU00396,TORONTO_STA83_0128
TORONTO_STA83_STU00396,TORONTO_STA83_0133
TORONTO_STA83_STU00396,TORONTO_STA83_0139
TORONTO_STA83_STU00397,TORONTO_STA83_0004
TORONTO_STA83_STU00397,TORONTO_STA83_0025
TORONTO_STA83_STU00397,TORONTO_STA83_0046
TORONTO_STA83_STU00397,TORONTO_STA83_0066
TORONTO_STA83_STU00397,TORONTO_STA83_0072
TORONTO_STA83_STU00397,TORONTO_STA83_0093
TORONTO_STA83_STU00397,TORONTO_STA83_0102
TORONTO_STA83_STU00397,TORONTO_STA83_0107
TORONTO_STA83_STU00397,TORONTO_STA83_0128
TORONTO_STA83_STU00398,TORONTO_STA83_0025
TORONTO_STA83_STU00398,TORONTO_STA83_0027
TORONTO_STA83_STU00398,TORONTO_STA83_0046
TORONTO_STA83_STU00398,TORONTO_STA83_0066
TORONTO_STA83_STU00398,TORONTO_STA83_0072
TORONTO_STA83_STU00398,TORONTO_STA83_0093
TORONTO_STA83_STU00398,TORONTO_STA83_0102
TORONTO_STA83_STU00398,TORONTO_STA83_0107
TORONTO_STA83_STU00398,TORONTO_STA83_0128
TORONTO_STA83_STU00399,TORONTO_STA83_0026
TORONTO_STA83_STU00399,TORONTO_STA83_0047
TORONTO_STA83_STU00399,TORONTO_STA83_0067
TORONTO_STA83_STU00399,TORONTO_STA83_0072
TORONTO_STA83_STU00399,TORONTO_STA83_0094
TORONTO_STA83_STU00399,TORONTO_STA83_0108
TORONTO_STA83_STU00399,TORONTO_STA83_0129
TORONTO_STA83_STU00399,TORONTO_STA83_0133
TORONTO_STA83_STU00399,TORONTO_STA83_0139
TORONTO_STA83_STU00400,TORONTO_STA83_0026
TORONTO_STA83_STU00400,TORONTO_STA83_0047
TORONTO_STA83_STU00400,TORONTO_STA83_0067
TORONTO_STA83_STU00400,TORONTO_STA83_0072
TORONTO_STA83_STU00400,TORONTO_STA83_0094
TORONTO_STA83_STU00400,TORONTO_STA83_0101
TORONTO_STA83_STU00400,TORONTO_STA83_0107
TORONTO_STA83_STU00400,TORONTO_STA83_0129
TORONTO_STA83_STU00400,TORONTO_STA83_0133
TORONTO_STA83_STU00401,TORONTO_STA83_0004
TORONTO_STA83_STU00401,TORONTO_STA83_0025
TORONTO_STA83_STU00401,TORONTO_STA83_0046
TORONTO_STA83_STU00401,TORONTO_STA83_0066
TORONTO_STA83_STU00401,TORONTO_STA83_0072
TORONTO_STA83_STU00401,TORONTO_STA83_0093
TORONTO_STA83_STU00401,TORONTO_STA83_0108
TORONTO_STA83_STU00401,TORONTO_STA83_0128
TORONTO_STA83_STU00401,TORONTO_STA83_0133
TORONTO_STA83_STU00402,TORONTO_STA83_0025
TORONTO_STA83_STU00402,TORONTO_STA83_0046
TORONTO_STA83_STU00402,TORONTO_STA83_0066
TORONTO_STA83_STU00402,TORONTO_STA83_0072
TORONTO_STA83_STU00402,TORONTO_STA83_0093
TORONTO_STA83_STU00402,TORONTO_STA83_0108
TORONTO_STA83_STU00402,TORONTO_STA83_0128
TORONTO_STA83_STU00402,TORONTO_STA83_0136
TORONTO_STA83_STU00402,TORONTO_STA83_0139
TORONTO_STA83_STU00403,TORONTO_STA83_0018
TORONTO_STA83_STU00403,TORONTO_STA83_0039
TORONTO_STA83_STU00403,TORONTO_STA83_0059
TORONTO_STA83_STU00403,TORONTO_STA83_0072
TORONTO_STA83_STU00403,TORONTO_STA83_0086
TORONTO_STA83_STU00403,TORONTO_STA83_0099
TORONTO_STA83_STU00403,TORONTO_STA83_0108
TORONTO_STA83_STU00403,TORONTO_STA83_0121
TORONTO_STA83_STU00403,TORONTO_STA83_0139
TORONTO_STA83_STU00404,TORONTO_STA83_0004
TORONTO_STA83_STU00404,TORONTO_STA83_0025
TORONTO_STA83_STU00404,TORONTO_STA83_0046
TORONTO_STA83_STU00404,TORONTO_STA83_0066
TORONTO_STA83_STU00404,TORONTO_STA83_0072
TORONTO_STA83_STU00404,TORONTO_STA83_0093
TORONTO_STA83_STU00404,TORONTO_STA83_0102
TORONTO_STA83_STU00404,TORONTO_STA83_0107
TORONTO_STA83_STU00404,TORONTO_STA83_0128
TORONTO_STA83_STU00405,TORONTO_STA83_0004
TORONTO_STA83_STU00405,TORONTO_STA83_0026
TORONTO_STA83_STU00405,TORONTO_STA83_0047
TORONTO_STA83_STU00405,TORONTO_STA83_0067
TORONTO_STA83_STU00405,TORONTO_STA83_0072
TORONTO_STA83_STU00405,TORONTO_STA83_0094
TORONTO_STA83_STU00405,TORONTO_STA83_0099
TORONTO_STA83_STU00405,TORONTO_STA83_0108
TORONTO_STA83_STU00405,TORONTO_STA83_0129
TORONTO_STA83_STU00406,TORONTO_STA83_0025
TORONTO_STA83_STU00406,TORONTO_STA83_0046
TORONTO_STA83_STU00406,TORONTO_STA83_0066
TORONTO_STA83_STU00406,TORONTO_STA83_0072
TORONTO_STA83_STU00406,TORONTO_STA83_0093
TORONTO_STA83_STU00406,TORONTO_STA83_0101
TORONTO_STA83_STU00406,TORONTO_STA83_0108
TORONTO_STA83_STU00406,TORONTO_STA83_0128
TORONTO_STA83_STU00406,TORONTO_STA83_0136
TORONTO_STA83_STU00407,TORONTO_STA83_0004
TORONTO_STA83_STU00407,TORONTO_STA83_0025
TORONTO_STA83_STU00407,TORONTO_STA83_0027
TORONTO_STA83_STU00407,TORONTO_STA83_0046
TORONTO_STA83_STU00407,TORONTO_STA83_0066
TORONTO_STA83_STU00407,TORONTO_STA83_0072
TORONTO_STA83_STU00407,TORONTO_STA83_0093
TORONTO_STA83_STU00407,TORONTO_STA83_0107
TORONTO_STA83_STU00407,TORONTO_STA83_0128
TORONTO_STA83_STU00408,TORONTO_STA83_0004
TORONTO_STA83_STU00408,TORONTO_STA83_0025
TORONTO_STA83_STU00408,TORONTO_STA83_0046
TORONTO_STA83_STU00408,TORONTO_STA83_0066
TORONTO_STA83_STU00408,TORONTO_STA83_0072
TORONTO_STA83_STU00408,TORONTO_STA83_0093
TORONTO_STA83_STU00408,TORONTO_STA83_0107
TORONTO_STA83_STU00408,TORONTO_STA83_0128
TORONTO_STA83_STU00408,TORONTO_STA83_0136
TORONTO_STA83_STU00409,TORONTO_STA83_0023
TORONTO_STA83_STU00409,TORONTO_STA83_0044
TORONTO_STA83_STU00409,TORONTO_STA83_0064
TORONTO_STA83_STU00409,TORONTO_STA83_0072
TORONTO_STA83_STU00409,TORONTO_STA83_0091
TORONTO_STA83_STU00409,TORONTO_STA83_0108
TORONTO_STA83_STU00409,TORONTO_STA83_0126
TORONTO_STA83_STU00409,TORONTO_STA83_0136
TORONTO_STA83_STU00409,TORONTO_STA83_0139
TORONTO_STA83_STU00410,TORONTO_STA83_0022
TORONTO_STA83_STU00410,TORONTO_STA83_0043
TORONTO_STA83_STU00410,TORONTO_STA83_0063
TORONTO_STA83_STU00410,TORONTO_STA83_0072
TORONTO_STA83_STU00410,TORONTO_STA83_0090
TORONTO_STA83_STU00410,TORONTO_STA83_0098
TORONTO_STA83_STU00410,TORONTO_STA83_0108
TORONTO_STA83_STU00410,TORONTO_STA83_0125
TORONTO_STA83_STU00410,TORONTO_STA83_0136
TORONTO_STA83_STU00411,TORONTO_STA83_0022
TORONTO_STA83_STU00411,TORONTO_STA83_0043
TORONTO_STA83_STU00411,TORONTO_STA83_0063
TORONTO_STA83_STU00411,TORONTO_STA83_0072
TORONTO_STA83_STU00411,TORONTO_STA83_0090
TORONTO_STA83_STU00411,TORONTO_STA83_0099
TORONTO_STA83_STU00411,TORONTO_STA83_0108
TORONTO_STA83_STU00411,TORONTO_STA83_0125
TORONTO_STA83_STU00411,TORONTO_STA83_0136
TORONTO_STA83_STU00412,TORONTO_STA83_0004
TORONTO_STA83_STU00412,TORONTO_STA83_0023
TORONTO_STA83_STU00412,TORONTO_STA83_0027
TORONTO_STA83_STU00412,TORONTO_STA83_0044
TORONTO_STA83_STU00412,TORONTO_STA83_0064
TORONTO_STA83_STU00412,TORONTO_STA83_0072
TORONTO_STA83_STU00412,TORONTO_STA83_0091
TORONTO_STA83_STU00412,TORONTO_STA83_0107
TORONTO_STA83_STU00412,TORONTO_STA83_0126
TORONTO_STA83_STU00413,TORONTO_STA83_0004
TORONTO_STA83_STU00413,TORONTO_STA83_0022
TORONTO_STA83_STU00413,TORONTO_STA83_0043
TORONTO_STA83_STU00413,TORONTO_STA83_0063
TORONTO_STA83_STU00413,TORONTO_STA83_0072
TORONTO_STA83_STU00413,TORONTO_STA83_0090
TORONTO_STA83_STU00413,TORONTO_STA83_0101
TORONTO_STA83_STU00413,TORONTO_STA83_0107
TORONTO_STA83_STU00413,TORONTO_STA83_0125
TORONTO_STA83_STU00414,TORONTO_STA83_0023
TORONTO_STA83_STU00414,TORONTO_STA83_0044
TORONTO_STA83_STU00414,TORONTO_STA83_0064
TORONTO_STA83_STU00414,TORONTO_STA83_0072
TORONTO_STA83_STU00414,TORONTO_STA83_0091
TORONTO_STA83_STU00414,TORONTO_STA83_0098
TORONTO_STA83_STU00414,TORONTO_STA83_0108
TORONTO_STA83_STU00414,TORONTO_STA83_0126
TORONTO_STA83_STU00414,TORONTO_STA83_0133
TORONTO_STA83_STU00415,TORONTO_STA83_0023
TORONTO_STA83_STU00415,TORONTO_STA83_0044
TORONTO_STA83_STU00415,TORONTO_STA83_0064
TORONTO_STA83_STU00415,TORONTO_STA83_0072
TORONTO_STA83_STU00415,TORONTO_STA83_0091
TORONTO_STA83_STU00415,TORONTO_STA83_0108
TORONTO_STA83_STU00415,TORONTO_STA83_0126
TORONTO_STA83_STU00415,TORONTO_STA83_0136
TORONTO_STA83_STU00415,TORONTO_STA83_0139
TORONTO_STA83_STU00416,TORONTO_STA83_0022
TORONTO_STA83_STU00416,TORONTO_STA83_0043
TORONTO_STA83_STU00416,TORONTO_STA83_0063
TORONTO_STA83_STU00416,TORONTO_STA83_0072
TORONTO_STA83_STU00416,TORONTO_STA83_0090
TORONTO_STA83_STU00416,TORONTO_STA83_0098
TORONTO_STA83_STU00416,TORONTO_STA83_0108
TORONTO_STA83_STU00416,TORONTO_STA83_0125
TORONTO_STA83_STU00416,TORONTO_STA83_0133
TORONTO_STA83_STU00417,TORONTO_STA83_0023
TORONTO_STA83_STU00417,TORONTO_STA83_0044
TORONTO_STA83_STU00417,TORONTO_STA83_0064
TORONTO_STA83_STU00417,TORONTO_STA83_0072
TORONTO_STA83_STU00417,TORONTO_STA83_0091
TORONTO_STA83_STU00417,TORONTO_STA83_0108
TORONTO_STA83_STU00417,TORONTO_STA83_0126
TORONTO_STA83_STU00417,TORONTO_STA83_0133
TORONTO_STA83_STU00417,TORONTO_STA83_0136
TORONTO_STA83_STU00418,TORONTO_STA83_0004
TORONTO_STA83_STU00418,TORONTO_STA83_0023
TORONTO_STA83_STU00418,TORONTO_STA83_0044
TORONTO_STA83_STU00418,TORONTO_STA83_0064
TORONTO_STA83_STU00418,TORONTO_STA83_0072
TORONTO_STA83_STU00418,TORONTO_STA83_0091
TORONTO_STA83_STU00418,TORONTO_STA83_0108
TORONTO_STA83_STU00418,TORONTO_STA83_0126
TORONTO_STA83_STU00418,TORONTO_STA83_0136
TORONTO_STA83_STU00419,TORONTO_STA83_0022
TORONTO_STA83_STU00419,TORONTO_STA83_0043
TORONTO_STA83_STU00419,TORONTO_STA83_0063
TORONTO_STA83_STU00419,TORONTO_STA83_0072
TORONTO_STA83_STU00419,TORONTO_STA83_0090
TORONTO_STA83_STU00419,TORONTO_STA83_0107
TORONTO_STA83_STU00419,TORONTO_STA83_0125
TORONTO_STA83_STU00419,TORONTO_STA83_0133
TORONTO_STA83_STU00419,TORONTO_STA83_0139
TORONTO_STA83_STU00420,TORONTO_STA83_0004
TORONTO_STA83_STU00420,TORONTO_STA83_0022
TORONTO_STA83_STU00420,TORONTO_STA83_0043
TORONTO_STA83_STU00420,TORONTO_STA83_0063
TORONTO_STA83_STU00420,TORONTO_STA83_0072
TORONTO_STA83_STU00420,TORONTO_STA83_0090
TORONTO_STA83_STU00420,TORONTO_STA83_0102
TORONTO_STA83_STU00420,TORONTO_STA83_0107
TORONTO_STA83_STU00420,TORONTO_STA83_0125
TORONTO_STA83_STU00421,TORONTO_STA83_0023
TORONTO_STA83_STU00421,TORONTO_STA83_0044
TORONTO_STA83_STU00421,TORONTO_STA83_0064
TORONTO_STA83_STU00421,TORONTO_STA83_0072
TORONTO_STA83_STU00421,TORONTO_STA83_0091
TORONTO_STA83_STU00421,TORONTO_STA83_0107
TORONTO_STA83_STU00421,TORONTO_STA83_0126
TORONTO_STA83_STU00421,TORONTO_STA83_0133
TORONTO_STA83_STU00421,TORONTO_STA83_0139
TORONTO_STA83_STU00422,TORONTO_STA83_0004
TORONTO_STA83_STU00422,TORONTO_STA83_0023
TORONTO_STA83_STU00422,TORONTO_STA83_0044
TORONTO_STA83_STU00422,TORONTO_STA83_0064
TORONTO_STA83_STU00422,TORONTO_STA83_0072
TORONTO_STA83_STU00422,TORONTO_STA83_0091
TORONTO_STA83_STU00422,TORONTO_STA83_0098
TORONTO_STA83_STU00422,TORONTO_STA83_0107
TORONTO_STA83_STU00422,TORONTO_STA83_0126
TORONTO_STA83_STU00423,TORONTO_STA83_0022
TORONTO_STA83_STU00423,TORONTO_STA83_0043
TORONTO_STA83_STU00423,TORONTO_STA83_0063
TORONTO_STA83_STU00423,TORONTO_STA83_0072
TORONTO_STA83_STU00423,TORONTO_STA83_0090
TORONTO_STA83_STU00423,TORONTO_STA83_0099
TORONTO_STA83_STU00423,TORONTO_STA83_0108
TORONTO_STA83_STU00423,TORONTO_STA83_0125
TORONTO_STA83_STU00423,TORONTO_STA83_0139
TORONTO_STA83_STU00424,TORONTO_STA83_0004
TORONTO_STA83_STU00424,TORONTO_STA83_0023
TORONTO_STA83_STU00424,TORONTO_STA83_0044
TORONTO_STA83_STU00424,TORONTO_STA83_0064
TORONTO_STA83_STU00424,TORONTO_STA83_0072
TORONTO_STA83_STU00424,TORONTO_STA83_0091
TORONTO_STA83_STU00424,TORONTO_STA83_0102
TORONTO_STA83_STU00424,TORONTO_STA83_0107
TORONTO_STA83_STU00424,TORONTO_STA83_0126
TORONTO_STA83_STU00425,TORONTO_STA83_0004
TORONTO_STA83_STU00425,TORONTO_STA83_0023
TORONTO_STA83_STU00425,TORONTO_STA83_0044
TORONTO_STA83_STU00425,TORONTO_STA83_0064
TORONTO_STA83_STU00425,TORONTO_STA83_0072
TORONTO_STA83_STU00425,TORONTO_STA83_0091
TORONTO_STA83_STU00425,TORONTO_STA83_0102
TORONTO_STA83_STU00425,TORONTO_STA83_0107
TORONTO_STA83_STU00425,TORONTO_STA83_0126
TORONTO_STA83_STU00426,TORONTO_STA83_0022
TORONTO_STA83_STU00426,TORONTO_STA83_0043
TORONTO_STA83_STU00426,TORONTO_STA83_0063
TORONTO_STA83_STU00426,TORONTO_STA83_0072
TORONTO_STA83_STU00426,TORONTO_STA83_0090
TORONTO_STA83_STU00426,TORONTO_STA83_0102
TORONTO_STA83_STU00426,TORONTO_STA83_0107
TORONTO_STA83_STU00426,TORONTO_STA83_0125
TORONTO_STA83_STU00426,TORONTO_STA83_0133
TORONTO_STA83_STU00427,TORONTO_STA83_0023
TORONTO_STA83_STU00427,TORONTO_STA83_0027
TORONTO_STA83_STU00427,TORONTO_STA83_0044
TORONTO_STA83_STU00427,TORONTO_STA83_0064
TORONTO_STA83_STU00427,TORONTO_STA83_0072
TORONTO_STA83_STU00427,TORONTO_STA83_0091
TORONTO_STA83_STU00427,TORONTO_STA83_0108
TORONTO_STA83_STU00427,TORONTO_STA83_0126
TORONTO_STA83_STU00427,TORONTO_STA83_0133
TORONTO_STA83_STU00428,TORONTO_STA83_0022
TORONTO_STA83_STU00428,TORONTO_STA83_0043
TORONTO_STA83_STU00428,TORONTO_STA83_0063
TORONTO_STA83_STU00428,TORONTO_STA83_0072
TORONTO_STA83_STU00428,TORONTO_STA83_0090
TORONTO_STA83_STU00428,TORONTO_STA83_0099
TORONTO_STA83_STU00428,TORONTO_STA83_0108
TORONTO_STA83_STU00428,TORONTO_STA83_0125
TORONTO_STA83_STU00428,TORONTO_STA83_0133
TORONTO_STA83_STU00429,TORONTO_STA83_0023
TORONTO_STA83_STU00429,TORONTO_STA83_0027
TORONTO_STA83_STU00429,TORONTO_STA83_0044
TORONTO_STA83_STU00429,TORONTO_STA83_0064
TORONTO_STA83_STU00429,TORONTO_STA83_0072
TORONTO_STA83_STU00429,TORONTO_STA83_0091
TORONTO_STA83_STU00429,TORONTO_STA83_0098
TORONTO_STA83_STU00429,TORONTO_STA83_0107
TORONTO_STA83_STU00429,TORONTO_STA83_0126
TORONTO_STA83_STU00430,TORONTO_STA83_0022
TORONTO_STA83_STU00430,TORONTO_STA83_0043
TORONTO_STA83_STU00430,TORONTO_STA83_0063
TORONTO_STA83_STU00430,TORONTO_STA83_0072
TORONTO_STA83_STU00430,TORONTO_STA83_0090
TORONTO_STA83_STU00430,TORONTO_STA83_0098
TORONTO_STA83_STU00430,TORONTO_STA83_0108
TORONTO_STA83_STU00430,TORONTO_STA83_0125
TORONTO_STA83_STU00430,TORONTO_STA83_0136
TORONTO_STA83_STU00431,TORONTO_STA83_0004
TORONTO_STA83_STU00431,TORONTO_STA83_0023
TORONTO_STA83_STU00431,TORONTO_STA83_0044
TORONTO_STA83_STU00431,TORONTO_STA83_0064
TORONTO_STA83_STU00431,TORONTO_STA83_0072
TORONTO_STA83_STU00431,TORONTO_STA83_0091
TORONTO_STA83_STU00431,TORONTO_STA83_0101
TORONTO_STA83_STU00431,TORONTO_STA83_0108
TORONTO_STA83_STU00431,TORONTO_STA83_0126
TORONTO_STA83_STU00432,TORONTO_STA83_0022
TORONTO_STA83_STU00432,TORONTO_STA83_0043
TORONTO_STA83_STU00432,TORONTO_STA83_0063
TORONTO_STA83_STU00432,TORONTO_STA83_0072
TORONTO_STA83_STU00432,TORONTO_STA83_0090
TORONTO_STA83_STU00432,TORONTO_STA83_0102
TORONTO_STA83_STU00432,TORONTO_STA83_0108
TORONTO_STA83_STU00432,TORONTO_STA83_0125
TORONTO_STA83_STU00432,TORONTO_STA83_0133
TORONTO_STA83_STU00433,TORONTO_STA83_0023
TORONTO_STA83_STU00433,TORONTO_STA83_0027
TORONTO_STA83_STU00433,TORONTO_STA83_0044
TORONTO_STA83_STU00433,TORONTO_STA83_0064
TORONTO_STA83_STU00433,TORONTO_STA83_0072
TORONTO_STA83_STU00433,TORONTO_STA83_0091
TORONTO_STA83_STU00433,TORONTO_STA83_0101
TORONTO_STA83_STU00433,TORONTO_STA83_0107
TORONTO_STA83_STU00433,TORONTO_STA83_0126
TORONTO_STA83_STU00434,TORONTO_STA83_0004
TORONTO_STA83_STU00434,TORONTO_STA83_0022
TORONTO_STA83_STU00434,TORONTO_STA83_0043
TORONTO_STA83_STU00434,TORONTO_STA83_0063
TORONTO_STA83_STU00434,TORONTO_STA83_0072
TORONTO_STA83_STU00434,TORONTO_STA83_0090
TORONTO_STA83_STU00434,TORONTO_STA83_0102
TORONTO_STA83_STU00434,TORONTO_STA83_0108
TORONTO_STA83_STU00434,TORONTO_STA83_0125
TORONTO_STA83_STU00435,TORONTO_STA83_0022
TORONTO_STA83_STU00435,TORONTO_STA83_0027
TORONTO_STA83_STU00435,TORONTO_STA83_0043
TORONTO_STA83_STU00435,TORONTO_STA83_0063
TORONTO_STA83_STU00435,TORONTO_STA83_0072
TORONTO_STA83_STU00435,TORONTO_STA83_0090
TORONTO_STA83_STU00435,TORONTO_STA83_0108
TORONTO_STA83_STU00435,TORONTO_STA83_0125
TORONTO_STA83_STU00435,TORONTO_STA83_0133
TORONTO_STA83_STU00436,TORONTO_STA83_0022
TORONTO_STA83_STU00436,TORONTO_STA83_0043
TORONTO_STA83_STU00436,TORONTO_STA83_0063
TORONTO_STA83_STU00436,TORONTO_STA83_0072
TORONTO_STA83_STU00436,TORONTO_STA83_0090
TORONTO_STA83_STU00436,TORONTO_STA83_0098
TORONTO_STA83_STU00436,TORONTO_STA83_0108
TORONTO_STA83_STU00436,TORONTO_STA83_0125
TORONTO_STA83_STU00436,TORONTO_STA83_0133
TORONTO_STA83_STU00437,TORONTO_STA83_0022
TORONTO_STA83_STU00437,TORONTO_STA83_0043
TORONTO_STA83_STU00437,TORONTO_STA83_0063
TORONTO_STA83_STU00437,TORONTO_STA83_0072
TORONTO_STA83_STU00437,TORONTO_STA83_0090
TORONTO_STA83_STU00437,TORONTO_STA83_0098
TORONTO_STA83_STU00437,TORONTO_STA83_0108
TORONTO_STA83_STU00437,TORONTO_STA83_0125
TORONTO_STA83_STU00437,TORONTO_STA83_0133
TORONTO_STA83_STU00438,TORONTO_STA83_0004
TORONTO_STA83_STU00438,TORONTO_STA83_0023
TORONTO_STA83_STU00438,TORONTO_STA83_0044
TORONTO_STA83_STU00438,TORONTO_STA83_0064
TORONTO_STA83_STU00438,TORONTO_STA83_0072
TORONTO_STA83_STU00438,TORONTO_STA83_0091
TORONTO_STA83_STU00438,TORONTO_STA83_0108
TORONTO_STA83_STU00438,TORONTO_STA83_0126
TORONTO_STA83_STU00438,TORONTO_STA83_0136
TORONTO_STA83_STU00439,TORONTO_STA83_0004
TORONTO_STA83_STU00439,TORONTO_STA83_0023
TORONTO_STA83_STU00439,TORONTO_STA83_0027
TORONTO_STA83_STU00439,TORONTO_STA83_0044
TORONTO_STA83_STU00439,TORONTO_STA83_0064
TORONTO_STA83_STU00439,TORONTO_STA83_0072
TORONTO_STA83_STU00439,TORONTO_STA83_0091
TORONTO_STA83_STU00439,TORONTO_STA83_0108
TORONTO_STA83_STU00439,TORONTO_STA83_0126
TORONTO_STA83_STU00440,TORONTO_STA83_0022
TORONTO_STA83_STU00440,TORONTO_STA83_0043
TORONTO_STA83_STU00440,TORONTO_STA83_0063
TORONTO_STA83_STU00440,TORONTO_STA83_0072
TORONTO_STA83_STU00440,TORONTO_STA83_0090
TORONTO_STA83_STU00440,TORONTO_STA83_0098
TORONTO_STA83_STU00440,TORONTO_STA83_0107
TORONTO_STA83_STU00440,TORONTO_STA83_0125
TORONTO_STA83_STU00440,TORONTO_STA83_0133
TORONTO_STA83_STU00441,TORONTO_STA83_0004
TORONTO_STA83_STU00441,TORONTO_STA83_0022
TORONTO_STA83_STU00441,TORONTO_STA83_0043
TORONTO_STA83_STU00441,TORONTO_STA83_0063
TORONTO_STA83_STU00441,TORONTO_STA83_0072
TORONTO_STA83_STU00441,TORONTO_STA83_0090
TORONTO_STA83_STU00441,TORONTO_STA83_0101
TORONTO_STA83_STU00441,TORONTO_STA83_0107
TORONTO_STA83_STU00441,TORONTO_STA83_0125
TORONTO_STA83_STU00442,TORONTO_STA83_0023
TORONTO_STA83_STU00442,TORONTO_STA83_0027
TORONTO_STA83_STU00442,TORONTO_STA83_0044
TORONTO_STA83_STU00442,TORONTO_STA83_0064
TORONTO_STA83_STU00442,TORONTO_STA83_0072
TORONTO_STA83_STU00442,TORONTO_STA83_0091
TORONTO_STA83_STU00442,TORONTO_STA83_0101
TORONTO_STA83_STU00442,TORONTO_STA83_0107
TORONTO_STA83_STU00442,TORONTO_STA83_0126
TORONTO_STA83_STU00443,TORONTO_STA83_0022
TORONTO_STA83_STU00443,TORONTO_STA83_0043
TORONTO_STA83_STU00443,TORONTO_STA83_0063
TORONTO_STA83_STU00443,TORONTO_STA83_0072
TORONTO_STA83_STU00443,TORONTO_STA83_0090
TORONTO_STA83_STU00443,TORONTO_STA83_0098
TORONTO_STA83_STU00443,TORONTO_STA83_0108
TORONTO_STA83_STU00443,TORONTO_STA83_0125
TORONTO_STA83_STU00443,TORONTO_STA83_0136
TORONTO_STA83_STU00444,TORONTO_STA83_0004
TORONTO_STA83_STU00444,TORONTO_STA83_0023
TORONTO_STA83_STU00444,TORONTO_STA83_0044
TORONTO_STA83_STU00444,TORONTO_STA83_0064
TORONTO_STA83_STU00444,TORONTO_STA83_0072
TORONTO_STA83_STU00444,TORONTO_STA83_0091
TORONTO_STA83_STU00444,TORONTO_STA83_0098
TORONTO_STA83_STU00444,TORONTO_STA83_0108
TORONTO_STA83_STU00444,TORONTO_STA83_0126
TORONTO_STA83_STU00445,TORONTO_STA83_0023
TORONTO_STA83_STU00445,TORONTO_STA83_0044
TORONTO_STA83_STU00445,TORONTO_STA83_0064
TORONTO_STA83_STU00445,TORONTO_STA83_0072
TORONTO_STA83_STU00445,TORONTO_STA83_0091
TORONTO_STA83_STU00445,TORONTO_STA83_0098
TORONTO_STA83_STU00445,TORONTO_STA83_0108
TORONTO_STA83_STU00445,TORONTO_STA83_0126
TORONTO_STA83_STU00445,TORONTO_STA83_0139
TORONTO_STA83_STU00446,TORONTO_STA83_0022
TORONTO_STA83_STU00446,TORONTO_STA83_0043
TORONTO_STA83_STU00446,TORONTO_STA83_0063
TORONTO_STA83_STU00446,TORONTO_STA83_0072
TORONTO_STA83_STU00446,TORONTO_STA83_0090
TORONTO_STA83_STU00446,TORONTO_STA83_0098
TORONTO_STA83_STU00446,TORONTO_STA83_0108
TORONTO_STA83_STU00446,TORONTO_STA83_0125
TORONTO_STA83_STU00446,TORONTO_STA83_0139
TORONTO_STA83_STU00447,TORONTO_STA83_0004
TORONTO_STA83_STU00447,TORONTO_STA83_0022
TORONTO_STA83_STU00447,TORONTO_STA83_0027
TORONTO_STA83_STU00447,TORONTO_STA83_0043
TORONTO_STA83_STU00447,TORONTO_STA83_0063
TORONTO_STA83_STU00447,TORONTO_STA83_0072
TORONTO_STA83_STU00447,TORONTO_STA83_0090
TORONTO_STA83_STU00447,TORONTO_STA83_0107
TORONTO_STA83_STU00447,TORONTO_STA83_0125
TORONTO_STA83_STU00448,TORONTO_STA83_0023
TORONTO_STA83_STU00448,TORONTO_STA83_0027
TORONTO_STA83_STU00448,TORONTO_STA83_0044
TORONTO_STA83_STU00448,TORONTO_STA83_0064
TORONTO_STA83_STU00448,TORONTO_STA83_0072
TORONTO_STA83_STU00448,TORONTO_STA83_0091
TORONTO_STA83_STU00448,TORONTO_STA83_0098
TORONTO_STA83_STU00448,TORONTO_STA83_0108
TORONTO_STA83_STU00448,TORONTO_STA83_0126
TORONTO_STA83_STU00449,TORONTO_STA83_0006
TORONTO_STA83_STU00449,TORONTO_STA83_0049
TORONTO_STA83_STU00449,TORONTO_STA83_0069
TORONTO_STA83_STU00449,TORONTO_STA83_0074
TORONTO_STA83_STU00449,TORONTO_STA83_0100
TORONTO_STA83_STU00449,TORONTO_STA83_0104
TORONTO_STA83_STU00449,TORONTO_STA83_0110
TORONTO_STA83_STU00449,TORONTO_STA83_0134
TORONTO_STA83_STU00450,TORONTO_STA83_0006
TORONTO_STA83_STU00450,TORONTO_STA83_0029
TORONTO_STA83_STU00450,TORONTO_STA83_0069
TORONTO_STA83_STU00450,TORONTO_STA83_0074
TORONTO_STA83_STU00450,TORONTO_STA83_0096
TORONTO_STA83_STU00450,TORONTO_STA83_0104
TORONTO_STA83_STU00450,TORONTO_STA83_0110
TORONTO_STA83_STU00450,TORONTO_STA83_0134
TORONTO_STA83_STU00451,TORONTO_STA83_0006
TORONTO_STA83_STU00451,TORONTO_STA83_0029
TORONTO_STA83_STU00451,TORONTO_STA83_0068
TORONTO_STA83_STU00451,TORONTO_STA83_0074
TORONTO_STA83_STU00451,TORONTO_STA83_0096
TORONTO_STA83_STU00451,TORONTO_STA83_0103
TORONTO_STA83_STU00451,TORONTO_STA83_0110
TORONTO_STA83_STU00451,TORONTO_STA83_0134
TORONTO_STA83_STU00452,TORONTO_STA83_0006
TORONTO_STA83_STU00452,TORONTO_STA83_0049
TORONTO_STA83_STU00452,TORONTO_STA83_0070
TORONTO_STA83_STU00452,TORONTO_STA83_0074
TORONTO_STA83_STU00452,TORONTO_STA83_0096
TORONTO_STA83_STU00452,TORONTO_STA83_0103
TORONTO_STA83_STU00452,TORONTO_STA83_0110
TORONTO_STA83_STU00452,TORONTO_STA83_0132
TORONTO_STA83_STU00453,TORONTO_STA83_0008
TORONTO_STA83_STU00453,TORONTO_STA83_0029
TORONTO_STA83_STU00453,TORONTO_STA83_0076
TORONTO_STA83_STU00453,TORONTO_STA83_0104
TORONTO_STA83_STU00453,TORONTO_STA83_0109
TORONTO_STA83_STU00453,TORONTO_STA83_0132
TORONTO_STA83_STU00453,TORONTO_STA83_0134
TORONTO_STA83_STU00453,TORONTO_STA83_0137
TORONTO_STA83_STU00454,TORONTO_STA83_0006
TORONTO_STA83_STU00454,TORONTO_STA83_0049
TORONTO_STA83_STU00454,TORONTO_STA83_0069
TORONTO_STA83_STU00454,TORONTO_STA83_0074
TORONTO_STA83_STU00454,TORONTO_STA83_0104
TORONTO_STA83_STU00454,TORONTO_STA83_0110
TORONTO_STA83_STU00454,TORONTO_STA83_0132
TORONTO_STA83_STU00454,TORONTO_STA83_0134
TORONTO_STA83_STU00455,TORONTO_STA83_0006
TORONTO_STA83_STU00455,TORONTO_STA83_0049
TORONTO_STA83_STU00455,TORONTO_STA83_0069
TORONTO_STA83_STU00455,TORONTO_STA83_0074
TORONTO_STA83_STU00455,TORONTO_STA83_0100
TORONTO_STA83_STU00455,TORONTO_STA83_0104
TORONTO_STA83_STU00455,TORONTO_STA83_0110
TORONTO_STA83_STU00455,TORONTO_STA83_0134
TORONTO_STA83_STU00456,TORONTO_STA83_0007
TORONTO_STA83_STU00456,TORONTO_STA83_0049
TORONTO_STA83_STU00456,TORONTO_STA83_0069
TORONTO_STA83_STU00456,TORONTO_STA83_0074
TORONTO_STA83_STU00456,TORONTO_STA83_0100
TORONTO_STA83_STU00456,TORONTO_STA83_0104
TORONTO_STA83_STU00456,TORONTO_STA83_0110
TORONTO_STA83_STU00456,TORONTO_STA83_0134
TORONTO_STA83_STU00457,TORONTO_STA83_0006
TORONTO_STA83_STU00457,TORONTO_STA83_0049
TORONTO_STA83_STU00457,TORONTO_STA83_0070
TORONTO_STA83_STU00457,TORONTO_STA83_0074
TORONTO_STA83_STU00457,TORONTO_STA83_0100
TORONTO_STA83_STU00457,TORONTO_STA83_0103
TORONTO_STA83_STU00457,TORONTO_STA83_0110
TORONTO_STA83_STU00457,TORONTO_STA83_0137
TORONTO_STA83_STU00458,TORONTO_STA83_0006
TORONTO_STA83_STU00458,TORONTO_STA83_0029
TORONTO_STA83_STU00458,TORONTO_STA83_0069
TORONTO_STA83_STU00458,TORONTO_STA83_0074
TORONTO_STA83_STU00458,TORONTO_STA83_0104
TORONTO_STA83_STU00458,TORONTO_STA83_0110
TORONTO_STA83_STU00458,TORONTO_STA83_0130
TORONTO_STA83_STU00458,TORONTO_STA83_0134
TORONTO_STA83_STU00459,TORONTO_STA83_0006
TORONTO_STA83_STU00459,TORONTO_STA83_0029
TORONTO_STA83_STU00459,TORONTO_STA83_0069
TORONTO_STA83_STU00459,TORONTO_STA83_0074
TORONTO_STA83_STU00459,TORONTO_STA83_0095
TORONTO_STA83_STU00459,TORONTO_STA83_0103
TORONTO_STA83_STU00459,TORONTO_STA83_0110
TORONTO_STA83_STU00459,TORONTO_STA83_0134
TORONTO_STA83_STU00460,TORONTO_STA83_0006
TORONTO_STA83_STU00460,TORONTO_STA83_0049
TORONTO_STA83_STU00460,TORONTO_STA83_0069
TORONTO_STA83_STU00460,TORONTO_STA83_0074
TORONTO_STA83_STU00460,TORONTO_STA83_0103
TORONTO_STA83_STU00460,TORONTO_STA83_0109
TORONTO_STA83_STU00460,TORONTO_STA83_0134
TORONTO_STA83_STU00460,TORONTO_STA83_0137
TORONTO_STA83_STU00461,TORONTO_STA83_0006
TORONTO_STA83_STU00461,TORONTO_STA83_0029
TORONTO_STA83_STU00461,TORONTO_STA83_0069
TORONTO_STA83_STU00461,TORONTO_STA83_0074
TORONTO_STA83_STU00461,TORONTO_STA83_0095
TORONTO_STA83_STU00461,TORONTO_STA83_0104
TORONTO_STA83_STU00461,TORONTO_STA83_0110
TORONTO_STA83_STU00461,TORONTO_STA83_0130
TORONTO_STA83_STU00462,TORONTO_STA83_0006
TORONTO_STA83_STU00462,TORONTO_STA83_0029
TORONTO_STA83_STU00462,TORONTO_STA83_0068
TORONTO_STA83_STU00462,TORONTO_STA83_0074
TORONTO_STA83_STU00462,TORONTO_STA83_0103
TORONTO_STA83_STU00462,TORONTO_STA83_0110
TORONTO_STA83_STU00462,TORONTO_STA83_0132
TORONTO_STA83_STU00462,TORONTO_STA83_0137
TORONTO_STA83_STU00463,TORONTO_STA83_0006
TORONTO_STA83_STU00463,TORONTO_STA83_0049
TORONTO_STA83_STU00463,TORONTO_STA83_0069
TORONTO_STA83_STU00463,TORONTO_STA83_0074
TORONTO_STA83_STU00463,TORONTO_STA83_0104
TORONTO_STA83_STU00463,TORONTO_STA83_0110
TORONTO_STA83_STU00463,TORONTO_STA83_0130
TORONTO_STA83_STU00463,TORONTO_STA83_0134
TORONTO_STA83_STU00464,TORONTO_STA83_0019
TORONTO_STA83_STU00464,TORONTO_STA83_0040
TORONTO_STA83_STU00464,TORONTO_STA83_0060
TORONTO_STA83_STU00464,TORONTO_STA83_0072
TORONTO_STA83_STU00464,TORONTO_STA83_0087
TORONTO_STA83_STU00464,TORONTO_STA83_0107
TORONTO_STA83_STU00464,TORONTO_STA83_0122
TORONTO_STA83_STU00464,TORONTO_STA83_0133
TORONTO_STA83_STU00464,TORONTO_STA83_0139
TORONTO_STA83_STU00465,TORONTO_STA83_0004
TORONTO_STA83_STU00465,TORONTO_STA83_0019
TORONTO_STA83_STU00465,TORONTO_STA83_0040
TORONTO_STA83_STU00465,TORONTO_STA83_0060
TORONTO_STA83_STU00465,TORONTO_STA83_0072
TORONTO_STA83_STU00465,TORONTO_STA83_0087
TORONTO_STA83_STU00465,TORONTO_STA83_0101
TORONTO_STA83_STU00465,TORONTO_STA83_0107
TORONTO_STA83_STU00465,TORONTO_STA83_0122
TORONTO_STA83_STU00466,TORONTO_STA83_0006
TORONTO_STA83_STU00466,TORONTO_STA83_0049
TORONTO_STA83_STU00466,TORONTO_STA83_0069
TORONTO_STA83_STU00466,TORONTO_STA83_0074
TORONTO_STA83_STU00466,TORONTO_STA83_0095
TORONTO_STA83_STU00466,TORONTO_STA83_0104
TORONTO_STA83_STU00466,TORONTO_STA83_0110
TORONTO_STA83_STU00466,TORONTO_STA83_0134
TORONTO_STA83_STU00467,TORONTO_STA83_0006
TORONTO_STA83_STU00467,TORONTO_STA83_0029
TORONTO_STA83_STU00467,TORONTO_STA83_0069
TORONTO_STA83_STU00467,TORONTO_STA83_0074
TORONTO_STA83_STU00467,TORONTO_STA83_0096
TORONTO_STA83_STU00467,TORONTO_STA83_0104
TORONTO_STA83_STU00467,TORONTO_STA83_0110
TORONTO_STA83_STU00467,TORONTO_STA83_0132
TORONTO_STA83_STU00468,TORONTO_STA83_0006
TORONTO_STA83_STU00468,TORONTO_STA83_0049
TORONTO_STA83_STU00468,TORONTO_STA83_0069
TORONTO_STA83_STU00468,TORONTO_STA83_0074
TORONTO_STA83_STU00468,TORONTO_STA83_0104
TORONTO_STA83_STU00468,TORONTO_STA83_0110
TORONTO_STA83_STU00468,TORONTO_STA83_0134
TORONTO_STA83_STU00468,TORONTO_STA83_0137
TORONTO_STA83_STU00469,TORONTO_STA83_0006
TORONTO_STA83_STU00469,TORONTO_STA83_0029
TORONTO_STA83_STU00469,TORONTO_STA83_0069
TORONTO_STA83_STU00469,TORONTO_STA83_0074
TORONTO_STA83_STU00469,TORONTO_STA83_0104
TORONTO_STA83_STU00469,TORONTO_STA83_0110
TORONTO_STA83_STU00469,TORONTO_STA83_0130
TORONTO_STA83_STU00469,TORONTO_STA83_0134
TORONTO_STA83_STU00470,TORONTO_STA83_0006
TORONTO_STA83_STU00470,TORONTO_STA83_0049
TORONTO_STA83_STU00470,TORONTO_STA83_0069
TORONTO_STA83_STU00470,TORONTO_STA83_0074
TORONTO_STA83_STU00470,TORONTO_STA83_0096
TORONTO_STA83_STU00470,TORONTO_STA83_0104
TORONTO_STA83_STU00470,TORONTO_STA83_0110
TORONTO_STA83_STU00470,TORONTO_STA83_0134
TORONTO_STA83_STU00471,TORONTO_STA83_0006
TORONTO_STA83_STU00471,TORONTO_STA83_0049
TORONTO_STA83_STU00471,TORONTO_STA83_0069
TORONTO_STA83_STU00471,TORONTO_STA83_0074
TORONTO_STA83_STU00471,TORONTO_STA83_0104
TORONTO_STA83_STU00471,TORONTO_STA83_0110
TORONTO_STA83_STU00471,TORONTO_STA83_0130
TORONTO_STA83_STU00471,TORONTO_STA83_0134
TORONTO_STA83_STU00472,TORONTO_STA83_0006
TORONTO_STA83_STU00472,TORONTO_STA83_0029
TORONTO_STA83_STU00472,TORONTO_STA83_0069
TORONTO_STA83_STU00472,TORONTO_STA83_0074
TORONTO_STA83_STU00472,TORONTO_STA83_0103
TORONTO_STA83_STU00472,TORONTO_STA83_0110
TORONTO_STA83_STU00472,TORONTO_STA83_0132
TORONTO_STA83_STU00472,TORONTO_STA83_0134
TORONTO_STA83_STU00473,TORONTO_STA83_0002
TORONTO_STA83_STU00473,TORONTO_STA83_0006
TORONTO_STA83_STU00473,TORONTO_STA83_0049
TORONTO_STA83_STU00473,TORONTO_STA83_0069
TORONTO_STA83_STU00473,TORONTO_STA83_0074
TORONTO_STA83_STU00473,TORONTO_STA83_0100
TORONTO_STA83_STU00473,TORONTO_STA83_0103
TORONTO_STA83_STU00473,TORONTO_STA83_0110
TORONTO_STA83_STU00474,TORONTO_STA83_0006
TORONTO_STA83_STU00474,TORONTO_STA83_0049
TORONTO_STA83_STU00474,TORONTO_STA83_0069
TORONTO_STA83_STU00474,TORONTO_STA83_0074
TORONTO_STA83_STU00474,TORONTO_STA83_0100
TORONTO_STA83_STU00474,TORONTO_STA83_0103
TORONTO_STA83_STU00474,TORONTO_STA83_0110
TORONTO_STA83_STU00474,TORONTO_STA83_0130
TORONTO_STA83_STU00475,TORONTO_STA83_0002
TORONTO_STA83_STU00475,TORONTO_STA83_0006
TORONTO_STA83_STU00475,TORONTO_STA83_0049
TORONTO_STA83_STU00475,TORONTO_STA83_0069
TORONTO_STA83_STU00475,TORONTO_STA83_0074
TORONTO_STA83_STU00475,TORONTO_STA83_0103
TORONTO_STA83_STU00475,TORONTO_STA83_0110
TORONTO_STA83_STU00475,TORONTO_STA83_0132
TORONTO_STA83_STU00476,TORONTO_STA83_0006
TORONTO_STA83_STU00476,TORONTO_STA83_0049
TORONTO_STA83_STU00476,TORONTO_STA83_0069
TORONTO_STA83_STU00476,TORONTO_STA83_0074
TORONTO_STA83_STU00476,TORONTO_STA83_0100
TORONTO_STA83_STU00476,TORONTO_STA83_0103
TORONTO_STA83_STU00476,TORONTO_STA83_0110
TORONTO_STA83_STU00476,TORONTO_STA83_0132
TORONTO_STA83_STU00477,TORONTO_STA83_0006
TORONTO_STA83_STU00477,TORONTO_STA83_0049
TORONTO_STA83_STU00477,TORONTO_STA83_0069
TORONTO_STA83_STU00477,TORONTO_STA83_0074
TORONTO_STA83_STU00477,TORONTO_STA83_0096
TORONTO_STA83_STU00477,TORONTO_STA83_0103
TORONTO_STA83_STU00477,TORONTO_STA83_0110
TORONTO_STA83_STU00477,TORONTO_STA83_0134
TORONTO_STA83_STU00478,TORONTO_STA83_0006
TORONTO_STA83_STU00478,TORONTO_STA83_0049
TORONTO_STA83_STU00478,TORONTO_STA83_0069
TORONTO_STA83_STU00478,TORONTO_STA83_0074
TORONTO_STA83_STU00478,TORONTO_STA83_0104
TORONTO_STA83_STU00478,TORONTO_STA83_0110
TORONTO_STA83_STU00478,TORONTO_STA83_0134
TORONTO_STA83_STU00478,TORONTO_STA83_0137
TORONTO_STA83_STU00479,TORONTO_STA83_0006
TORONTO_STA83_STU00479,TORONTO_STA83_0029
TORONTO_STA83_STU00479,TORONTO_STA83_0069
TORONTO_STA83_STU00479,TORONTO_STA83_0074
TORONTO_STA83_STU00479,TORONTO_STA83_0103
TORONTO_STA83_STU00479,TORONTO_STA83_0110
TORONTO_STA83_STU00479,TORONTO_STA83_0130
TORONTO_STA83_STU00479,TORONTO_STA83_0137
TORONTO_STA83_STU00480,TORONTO_STA83_0002
TORONTO_STA83_STU00480,TORONTO_STA83_0006
TORONTO_STA83_STU00480,TORONTO_STA83_0029
TORONTO_STA83_STU00480,TORONTO_STA83_0069
TORONTO_STA83_STU00480,TORONTO_STA83_0074
TORONTO_STA83_STU00480,TORONTO_STA83_0103
TORONTO_STA83_STU00480,TORONTO_STA83_0110
TORONTO_STA83_STU00480,TORONTO_STA83_0132
TORONTO_STA83_STU00481,TORONTO_STA83_0006
TORONTO_STA83_STU00481,TORONTO_STA83_0029
TORONTO_STA83_STU00481,TORONTO_STA83_0069
TORONTO_STA83_STU00481,TORONTO_STA83_0074
TORONTO_STA83_STU00481,TORONTO_STA83_0104
TORONTO_STA83_STU00481,TORONTO_STA83_0110
TORONTO_STA83_STU00481,TORONTO_STA83_0132
TORONTO_STA83_STU00481,TORONTO_STA83_0134
TORONTO_STA83_STU00482,TORONTO_STA83_0018
TORONTO_STA83_STU00482,TORONTO_STA83_0039
TORONTO_STA83_STU00482,TORONTO_STA83_0059
TORONTO_STA83_STU00482,TORONTO_STA83_0072
TORONTO_STA83_STU00482,TORONTO_STA83_0086
TORONTO_STA83_STU00482,TORONTO_STA83_0102
TORONTO_STA83_STU00482,TORONTO_STA83_0107
TORONTO_STA83_STU00482,TORONTO_STA83_0121
TORONTO_STA83_STU00482,TORONTO_STA83_0133
TORONTO_STA83_STU00483,TORONTO_STA83_0008
TORONTO_STA83_STU00483,TORONTO_STA83_0049
TORONTO_STA83_STU00483,TORONTO_STA83_0069
TORONTO_STA83_STU00483,TORONTO_STA83_0074
TORONTO_STA83_STU00483,TORONTO_STA83_0104
TORONTO_STA83_STU00483,TORONTO_STA83_0110
TORONTO_STA83_STU00483,TORONTO_STA83_0130
TORONTO_STA83_STU00483,TORONTO_STA83_0132
TORONTO_STA83_STU00484,TORONTO_STA83_0006
TORONTO_STA83_STU00484,TORONTO_STA83_0049
TORONTO_STA83_STU00484,TORONTO_STA83_0069
TORONTO_STA83_STU00484,TORONTO_STA83_0074
TORONTO_STA83_STU00484,TORONTO_STA83_0104
TORONTO_STA83_STU00484,TORONTO_STA83_0110
TORONTO_STA83_STU00484,TORONTO_STA83_0132
TORONTO_STA83_STU00484,TORONTO_STA83_0134
TORONTO_STA83_STU00485,TORONTO_STA83_0006
TORONTO_STA83_STU00485,TORONTO_STA83_0029
TORONTO_STA83_STU00485,TORONTO_STA83_0069
TORONTO_STA83_STU00485,TORONTO_STA83_0074
TORONTO_STA83_STU00485,TORONTO_STA83_0100
TORONTO_STA83_STU00485,TORONTO_STA83_0104
TORONTO_STA83_STU00485,TORONTO_STA83_0110
TORONTO_STA83_STU00485,TORONTO_STA83_0130
TORONTO_STA83_STU00486,TORONTO_STA83_0006
TORONTO_STA83_STU00486,TORONTO_STA83_0029
TORONTO_STA83_STU00486,TORONTO_STA83_0069
TORONTO_STA83_STU00486,TORONTO_STA83_0074
TORONTO_STA83_STU00486,TORONTO_STA83_0104
TORONTO_STA83_STU00486,TORONTO_STA83_0110
TORONTO_STA83_STU00486,TORONTO_STA83_0130
TORONTO_STA83_STU00486,TORONTO_STA83_0132
TORONTO_STA83_STU00487,TORONTO_STA83_0006
TORONTO_STA83_STU00487,TORONTO_STA83_0029
TORONTO_STA83_STU00487,TORONTO_STA83_0069
TORONTO_STA83_STU00487,TORONTO_STA83_0074
TORONTO_STA83_STU00487,TORONTO_STA83_0100
TORONTO_STA83_STU00487,TORONTO_STA83_0104
TORONTO_STA83_STU00487,TORONTO_STA83_0110
TORONTO_STA83_STU00487,TORONTO_STA83_0130
TORONTO_STA83_STU00488,TORONTO_STA83_0006
TORONTO_STA83_STU00488,TORONTO_STA83_0049
TORONTO_STA83_STU00488,TORONTO_STA83_0069
TORONTO_STA83_STU00488,TORONTO_STA83_0074
TORONTO_STA83_STU00488,TORONTO_STA83_0103
TORONTO_STA83_STU00488,TORONTO_STA83_0110
TORONTO_STA83_STU00488,TORONTO_STA83_0130
TORONTO_STA83_STU00488,TORONTO_STA83_0132
TORONTO_STA83_STU00489,TORONTO_STA83_0008
TORONTO_STA83_STU00489,TORONTO_STA83_0029
TORONTO_STA83_STU00489,TORONTO_STA83_0069
TORONTO_STA83_STU00489,TORONTO_STA83_0076
TORONTO_STA83_STU00489,TORONTO_STA83_0100
TORONTO_STA83_STU00489,TORONTO_STA83_0103
TORONTO_STA83_STU00489,TORONTO_STA83_0110
TORONTO_STA83_STU00489,TORONTO_STA83_0132
TORONTO_STA83_STU00490,TORONTO_STA83_0005
TORONTO_STA83_STU00490,TORONTO_STA83_0028
TORONTO_STA83_STU00490,TORONTO_STA83_0073
TORONTO_STA83_STU00490,TORONTO_STA83_0104
TORONTO_STA83_STU00490,TORONTO_STA83_0109
TORONTO_STA83_STU00490,TORONTO_STA83_0132
TORONTO_STA83_STU00490,TORONTO_STA83_0134
TORONTO_STA83_STU00490,TORONTO_STA83_0137
TORONTO_STA83_STU00491,TORONTO_STA83_0002
TORONTO_STA83_STU00491,TORONTO_STA83_0006
TORONTO_STA83_STU00491,TORONTO_STA83_0029
TORONTO_STA83_STU00491,TORONTO_STA83_0069
TORONTO_STA83_STU00491,TORONTO_STA83_0074
TORONTO_STA83_STU00491,TORONTO_STA83_0103
TORONTO_STA83_STU00491,TORONTO_STA83_0110
TORONTO_STA83_STU00491,TORONTO_STA83_0132
TORONTO_STA83_STU00492,TORONTO_STA83_0006
TORONTO_STA83_STU00492,TORONTO_STA83_0029
TORONTO_STA83_STU00492,TORONTO_STA83_0069
TORONTO_STA83_STU00492,TORONTO_STA83_0074
TORONTO_STA83_STU00492,TORONTO_STA83_0096
TORONTO_STA83_STU00492,TORONTO_STA83_0104
TORONTO_STA83_STU00492,TORONTO_STA83_0110
TORONTO_STA83_STU00492,TORONTO_STA83_0137
TORONTO_STA83_STU00493,TORONTO_STA83_0006
TORONTO_STA83_STU00493,TORONTO_STA83_0049
TORONTO_STA83_STU00493,TORONTO_STA83_0069
TORONTO_STA83_STU00493,TORONTO_STA83_0074
TORONTO_STA83_STU00493,TORONTO_STA83_0095
TORONTO_STA83_STU00493,TORONTO_STA83_0104
TORONTO_STA83_STU00493,TORONTO_STA83_0110
TORONTO_STA83_STU00493,TORONTO_STA83_0134
TORONTO_STA83_STU00494,TORONTO_STA83_0006
TORONTO_STA83_STU00494,TORONTO_STA83_0049
TORONTO_STA83_STU00494,TORONTO_STA83_0069
TORONTO_STA83_STU00494,TORONTO_STA83_0074
TORONTO_STA83_STU00494,TORONTO_STA83_0103
TORONTO_STA83_STU00494,TORONTO_STA83_0110
TORONTO_STA83_STU00494,TORONTO_STA83_0132
TORONTO_STA83_STU00494,TORONTO_STA83_0137
TORONTO_STA83_STU00495,TORONTO_STA83_0006
TORONTO_STA83_STU00495,TORONTO_STA83_0029
TORONTO_STA83_STU00495,TORONTO_STA83_0069
TORONTO_STA83_STU00495,TORONTO_STA83_0073
TORONTO_STA83_STU00495,TORONTO_STA83_0103
TORONTO_STA83_STU00495,TORONTO_STA83_0109
TORONTO_STA83_STU00495,TORONTO_STA83_0130
TORONTO_STA83_STU00495,TORONTO_STA83_0132
TORONTO_STA83_STU00496,TORONTO_STA83_0001
TORONTO_STA83_STU00496,TORONTO_STA83_0008
TORONTO_STA83_STU00496,TORONTO_STA83_0029
TORONTO_STA83_STU00496,TORONTO_STA83_0068
TORONTO_STA83_STU00496,TORONTO_STA83_0076
TORONTO_STA83_STU00496,TORONTO_STA83_0095
TORONTO_STA83_STU00496,TORONTO_STA83_0103
TORONTO_STA83_STU00496,TORONTO_STA83_0109
TORONTO_STA83_STU00497,TORONTO_STA83_0006
TORONTO_STA83_STU00497,TORONTO_STA83_0049
TORONTO_STA83_STU00497,TORONTO_STA83_0068
TORONTO_STA83_STU00497,TORONTO_STA83_0074
TORONTO_STA83_STU00497,TORONTO_STA83_0096
TORONTO_STA83_STU00497,TORONTO_STA83_0104
TORONTO_STA83_STU00497,TORONTO_STA83_0110
TORONTO_STA83_STU00497,TORONTO_STA83_0134
TORONTO_STA83_STU00498,TORONTO_STA83_0006
TORONTO_STA83_STU00498,TORONTO_STA83_0029
TORONTO_STA83_STU00498,TORONTO_STA83_0069
TORONTO_STA83_STU00498,TORONTO_STA83_0074
TORONTO_STA83_STU00498,TORONTO_STA83_0104
TORONTO_STA83_STU00498,TORONTO_STA83_0110
TORONTO_STA83_STU00498,TORONTO_STA83_0132
TORONTO_STA83_STU00498,TORONTO_STA83_0134
TORONTO_STA83_STU00499,TORONTO_STA83_0002
TORONTO_STA83_STU00499,TORONTO_STA83_0006
TORONTO_STA83_STU00499,TORONTO_STA83_0049
TORONTO_STA83_STU00499,TORONTO_STA83_0069
TORONTO_STA83_STU00499,TORONTO_STA83_0075
TORONTO_STA83_STU00499,TORONTO_STA83_0095
TORONTO_STA83_STU00499,TORONTO_STA83_0103
TORONTO_STA83_STU00499,TORONTO_STA83_0110
TORONTO_STA83_STU00500,TORONTO_STA83_0007
TORONTO_STA83_STU00500,TORONTO_STA83_0049
TORONTO_STA83_STU00500,TORONTO_STA83_0070
TORONTO_STA83_STU00500,TORONTO_STA83_0074
TORONTO_STA83_STU00500,TORONTO_STA83_0100
TORONTO_STA83_STU00500,TORONTO_STA83_0103
TORONTO_STA83_STU00500,TORONTO_STA83_0111
TORONTO_STA83_STU00500,TORONTO_STA83_0132
TORONTO_STA83_STU00501,TORONTO_STA83_0006
TORONTO_STA83_STU00501,TORONTO_STA83_0029
TORONTO_STA83_STU00501,TORONTO_STA83_0068
TORONTO_STA83_STU00501,TORONTO_STA83_0074
TORONTO_STA83_STU00501,TORONTO_STA83_0104
TORONTO_STA83_STU00501,TORONTO_STA83_0110
TORONTO_STA83_STU00501,TORONTO_STA83_0134
TORONTO_STA83_STU00501,TORONTO_STA83_0137
TORONTO_STA83_STU00502,TORONTO_STA83_0001
TORONTO_STA83_STU00502,TORONTO_STA83_0006
TORONTO_STA83_STU00502,TORONTO_STA83_0029
TORONTO_STA83_STU00502,TORONTO_STA83_0070
TORONTO_STA83_STU00502,TORONTO_STA83_0074
TORONTO_STA83_STU00502,TORONTO_STA83_0103
TORONTO_STA83_STU00502,TORONTO_STA83_0110
TORONTO_STA83_STU00502,TORONTO_STA83_0132
TORONTO_STA83_STU00503,TORONTO_STA83_0006
TORONTO_STA83_STU00503,TORONTO_STA83_0049
TORONTO_STA83_STU00503,TORONTO_STA83_0070
TORONTO_STA83_STU00503,TORONTO_STA83_0074
TORONTO_STA83_STU00503,TORONTO_STA83_0095
TORONTO_STA83_STU00503,TORONTO_STA83_0103
TORONTO_STA83_STU00503,TORONTO_STA83_0110
TORONTO_STA83_STU00503,TORONTO_STA83_0130
TORONTO_STA83_STU00504,TORONTO_STA83_0006
TORONTO_STA83_STU00504,TORONTO_STA83_0029
TORONTO_STA83_STU00504,TORONTO_STA83_0069
TORONTO_STA83_STU00504,TORONTO_STA83_0074
TORONTO_STA83_STU00504,TORONTO_STA83_0104
TORONTO_STA83_STU00504,TORONTO_STA83_0110
TORONTO_STA83_STU00504,TORONTO_STA83_0132
TORONTO_STA83_STU00504,TORONTO_STA83_0134
TORONTO_STA83_STU00505,TORONTO_STA83_0006
TORONTO_STA83_STU00505,TORONTO_STA83_0049
TORONTO_STA83_STU00505,TORONTO_STA83_0069
TORONTO_STA83_STU00505,TORONTO_STA83_0074
TORONTO_STA83_STU00505,TORONTO_STA83_0104
TORONTO_STA83_STU00505,TORONTO_STA83_0110
TORONTO_STA83_STU00505,TORONTO_STA83_0132
TORONTO_STA83_STU00505,TORONTO_STA83_0134
TORONTO_STA83_STU00506,TORONTO_STA83_0005
TORONTO_STA83_STU00506,TORONTO_STA83_0048
TORONTO_STA83_STU00506,TORONTO_STA83_0073
TORONTO_STA83_STU00506,TORONTO_STA83_0095
TORONTO_STA83_STU00506,TORONTO_STA83_0103
TORONTO_STA83_STU00506,TORONTO_STA83_0109
TORONTO_STA83_STU00506,TORONTO_STA83_0131
TORONTO_STA83_STU00506,TORONTO_STA83_0134
TORONTO_STA83_STU00507,TORONTO_STA83_0002
TORONTO_STA83_STU00507,TORONTO_STA83_0006
TORONTO_STA83_STU00507,TORONTO_STA83_0029
TORONTO_STA83_STU00507,TORONTO_STA83_0069
TORONTO_STA83_STU00507,TORONTO_STA83_0074
TORONTO_STA83_STU00507,TORONTO_STA83_0104
TORONTO_STA83_STU00507,TORONTO_STA83_0109
TORONTO_STA83_STU00507,TORONTO_STA83_0134
TORONTO_STA83_STU00508,TORONTO_STA83_0006
TORONTO_STA83_STU00508,TORONTO_STA83_0029
TORONTO_STA83_STU00508,TORONTO_STA83_0069
TORONTO_STA83_STU00508,TORONTO_STA83_0074
TORONTO_STA83_STU00508,TORONTO_STA83_0104
TORONTO_STA83_STU00508,TORONTO_STA83_0110
TORONTO_STA83_STU00508,TORONTO_STA83_0134
TORONTO_STA83_STU00508,TORONTO_STA83_0137
TORONTO_STA83_STU00509,TORONTO_STA83_0006
TORONTO_STA83_STU00509,TORONTO_STA83_0029
TORONTO_STA83_STU00509,TORONTO_STA83_0069
TORONTO_STA83_STU00509,TORONTO_STA83_0074
TORONTO_STA83_STU00509,TORONTO_STA83_0100
TORONTO_STA83_STU00509,TORONTO_STA83_0104
TORONTO_STA83_STU00509,TORONTO_STA83_0110
TORONTO_STA83_STU00509,TORONTO_STA83_0130
TORONTO_STA83_STU00510,TORONTO_STA83_0008
TORONTO_STA83_STU00510,TORONTO_STA83_0049
TORONTO_STA83_STU00510,TORONTO_STA83_0069
TORONTO_STA83_STU00510,TORONTO_STA83_0076
TORONTO_STA83_STU00510,TORONTO_STA83_0095
TORONTO_STA83_STU00510,TORONTO_STA83_0103
TORONTO_STA83_STU00510,TORONTO_STA83_0110
TORONTO_STA83_STU00510,TORONTO_STA83_0134
TORONTO_STA83_STU00511,TORONTO_STA83_0006
TORONTO_STA83_STU00511,TORONTO_STA83_0029
TORONTO_STA83_STU00511,TORONTO_STA83_0069
TORONTO_STA83_STU00511,TORONTO_STA83_0074
TORONTO_STA83_STU00511,TORONTO_STA83_0095
TORONTO_STA83_STU00511,TORONTO_STA83_0104
TORONTO_STA83_STU00511,TORONTO_STA83_0110
TORONTO_STA83_STU00511,TORONTO_STA83_0132
TORONTO_STA83_STU00512,TORONTO_STA83_0001
TORONTO_STA83_STU00512,TORONTO_STA83_0005
TORONTO_STA83_STU00512,TORONTO_STA83_0048
TORONTO_STA83_STU00512,TORONTO_STA83_0073
TORONTO_STA83_STU00512,TORONTO_STA83_0104
TORONTO_STA83_STU00512,TORONTO_STA83_0109
TORONTO_STA83_STU00512,TORONTO_STA83_0134
TORONTO_STA83_STU00512,TORONTO_STA83_0137
TORONTO_STA83_STU00513,TORONTO_STA83_0008
TORONTO_STA83_STU00513,TORONTO_STA83_0029
TORONTO_STA83_STU00513,TORONTO_STA83_0076
TORONTO_STA83_STU00513,TORONTO_STA83_0096
TORONTO_STA83_STU00513,TORONTO_STA83_0104
TORONTO_STA83_STU00513,TORONTO_STA83_0109
TORONTO_STA83_STU00513,TORONTO_STA83_0132
TORONTO_STA83_STU00513,TORONTO_STA83_0134
TORONTO_STA83_STU00514,TORONTO_STA83_0002
TORONTO_STA83_STU00514,TORONTO_STA83_0006
TORONTO_STA83_STU00514,TORONTO_STA83_0049
TORONTO_STA83_STU00514,TORONTO_STA83_0069
TORONTO_STA83_STU00514,TORONTO_STA83_0074
TORONTO_STA83_STU00514,TORONTO_STA83_0104
TORONTO_STA83_STU00514,TORONTO_STA83_0110
TORONTO_STA83_STU00514,TORONTO_STA83_0134
TORONTO_STA83_STU00515,TORONTO_STA83_0006
TORONTO_STA83_STU00515,TORONTO_STA83_0029
TORONTO_STA83_STU00515,TORONTO_STA83_0068
TORONTO_STA83_STU00515,TORONTO_STA83_0074
TORONTO_STA83_STU00515,TORONTO_STA83_0096
TORONTO_STA83_STU00515,TORONTO_STA83_0104
TORONTO_STA83_STU00515,TORONTO_STA83_0110
TORONTO_STA83_STU00515,TORONTO_STA83_0132
TORONTO_STA83_STU00516,TORONTO_STA83_0001
TORONTO_STA83_STU00516,TORONTO_STA83_0006
TORONTO_STA83_STU00516,TORONTO_STA83_0029
TORONTO_STA83_STU00516,TORONTO_STA83_0074
TORONTO_STA83_STU00516,TORONTO_STA83_0104
TORONTO_STA83_STU00516,TORONTO_STA83_0110
TORONTO_STA83_STU00516,TORONTO_STA83_0132
TORONTO_STA83_STU00516,TORONTO_STA83_0134
TORONTO_STA83_STU00517,TORONTO_STA83_0007
TORONTO_STA83_STU00517,TORONTO_STA83_0029
TORONTO_STA83_STU00517,TORONTO_STA83_0069
TORONTO_STA83_STU00517,TORONTO_STA83_0074
TORONTO_STA83_STU00517,TORONTO_STA83_0095
TORONTO_STA83_STU00517,TORONTO_STA83_0104
TORONTO_STA83_STU00517,TORONTO_STA83_0111
TORONTO_STA83_STU00517,TORONTO_STA83_0130
TORONTO_STA83_STU00518,TORONTO_STA83_0008
TORONTO_STA83_STU00518,TORONTO_STA83_0029
TORONTO_STA83_STU00518,TORONTO_STA83_0068
TORONTO_STA83_STU00518,TORONTO_STA83_0076
TORONTO_STA83_STU00518,TORONTO_STA83_0104
TORONTO_STA83_STU00518,TORONTO_STA83_0110
TORONTO_STA83_STU00518,TORONTO_STA83_0134
TORONTO_STA83_STU00518,TORONTO_STA83_0137
TORONTO_STA83_STU00519,TORONTO_STA83_0006
TORONTO_STA83_STU00519,TORONTO_STA83_0029
TORONTO_STA83_STU00519,TORONTO_STA83_0069
TORONTO_STA83_STU00519,TORONTO_STA83_0074
TORONTO_STA83_STU00519,TORONTO_STA83_0104
TORONTO_STA83_STU00519,TORONTO_STA83_0110
TORONTO_STA83_STU00519,TORONTO_STA83_0130
TORONTO_STA83_STU00519,TORONTO_STA83_0134
TORONTO_STA83_STU00520,TORONTO_STA83_0006
TORONTO_STA83_STU00520,TORONTO_STA83_0049
TORONTO_STA83_STU00520,TORONTO_STA83_0069
TORONTO_STA83_STU00520,TORONTO_STA83_0074
TORONTO_STA83_STU00520,TORONTO_STA83_0100
TORONTO_STA83_STU00520,TORONTO_STA83_0103
TORONTO_STA83_STU00520,TORONTO_STA83_0110
TORONTO_STA83_STU00520,TORONTO_STA83_0137
TORONTO_STA83_STU00521,TORONTO_STA83_0002
TORONTO_STA83_STU00521,TORONTO_STA83_0006
TORONTO_STA83_STU00521,TORONTO_STA83_0049
TORONTO_STA83_STU00521,TORONTO_STA83_0069
TORONTO_STA83_STU00521,TORONTO_STA83_0074
TORONTO_STA83_STU00521,TORONTO_STA83_0103
TORONTO_STA83_STU00521,TORONTO_STA83_0109
TORONTO_STA83_STU00521,TORONTO_STA83_0134
TORONTO_STA83_STU00522,TORONTO_STA83_0008
TORONTO_STA83_STU00522,TORONTO_STA83_0029
TORONTO_STA83_STU00522,TORONTO_STA83_0076
TORONTO_STA83_STU00522,TORONTO_STA83_0096
TORONTO_STA83_STU00522,TORONTO_STA83_0103
TORONTO_STA83_STU00522,TORONTO_STA83_0109
TORONTO_STA83_STU00522,TORONTO_STA83_0132
TORONTO_STA83_STU00522,TORONTO_STA83_0137
TORONTO_STA83_STU00523,TORONTO_STA83_0001
TORONTO_STA83_STU00523,TORONTO_STA83_0006
TORONTO_STA83_STU00523,TORONTO_STA83_0029
TORONTO_STA83_STU00523,TORONTO_STA83_0068
TORONTO_STA83_STU00523,TORONTO_STA83_0073
TORONTO_STA83_STU00523,TORONTO_STA83_0103
TORONTO_STA83_STU00523,TORONTO_STA83_0110
TORONTO_STA83_STU00523,TORONTO_STA83_0132
TORONTO_STA83_STU00524,TORONTO_STA83_0001
TORONTO_STA83_STU00524,TORONTO_STA83_0006
TORONTO_STA83_STU00524,TORONTO_STA83_0049
TORONTO_STA83_STU00524,TORONTO_STA83_0069
TORONTO_STA83_STU00524,TORONTO_STA83_0074
TORONTO_STA83_STU00524,TORONTO_STA83_0104
TORONTO_STA83_STU00524,TORONTO_STA83_0109
TORONTO_STA83_STU00524,TORONTO_STA83_0132
TORONTO_STA83_STU00525,TORONTO_STA83_0006
TORONTO_STA83_STU00525,TORONTO_STA83_0049
TORONTO_STA83_STU00525,TORONTO_STA83_0070
TORONTO_STA83_STU00525,TORONTO_STA83_0074
TORONTO_STA83_STU00525,TORONTO_STA83_0100
TORONTO_STA83_STU00525,TORONTO_STA83_0103
TORONTO_STA83_STU00525,TORONTO_STA83_0110
TORONTO_STA83_STU00525,TORONTO_STA83_0137
TORONTO_STA83_STU00526,TORONTO_STA83_0006
TORONTO_STA83_STU00526,TORONTO_STA83_0029
TORONTO_STA83_STU00526,TORONTO_STA83_0069
TORONTO_STA83_STU00526,TORONTO_STA83_0074
TORONTO_STA83_STU00526,TORONTO_STA83_0104
TORONTO_STA83_STU00526,TORONTO_STA83_0110
TORONTO_STA83_STU00526,TORONTO_STA83_0130
TORONTO_STA83_STU00526,TORONTO_STA83_0134
TORONTO_STA83_STU00527,TORONTO_STA83_0006
TORONTO_STA83_STU00527,TORONTO_STA83_0049
TORONTO_STA83_STU00527,TORONTO_STA83_0070
TORONTO_STA83_STU00527,TORONTO_STA83_0074
TORONTO_STA83_STU00527,TORONTO_STA83_0095
TORONTO_STA83_STU00527,TORONTO_STA83_0103
TORONTO_STA83_STU00527,TORONTO_STA83_0110
TORONTO_STA83_STU00527,TORONTO_STA83_0132
TORONTO_STA83_STU00528,TORONTO_STA83_0006
TORONTO_STA83_STU00528,TORONTO_STA83_0029
TORONTO_STA83_STU00528,TORONTO_STA83_0074
TORONTO_STA83_STU00528,TORONTO_STA83_0095
TORONTO_STA83_STU00528,TORONTO_STA83_0104
TORONTO_STA83_STU00528,TORONTO_STA83_0110
TORONTO_STA83_STU00528,TORONTO_STA83_0132
TORONTO_STA83_STU00528,TORONTO_STA83_0134
TORONTO_STA83_STU00529,TORONTO_STA83_0006
TORONTO_STA83_STU00529,TORONTO_STA83_0049
TORONTO_STA83_STU00529,TORONTO_STA83_0070
TORONTO_STA83_STU00529,TORONTO_STA83_0074
TORONTO_STA83_STU00529,TORONTO_STA83_0104
TORONTO_STA83_STU00529,TORONTO_STA83_0110
TORONTO_STA83_STU00529,TORONTO_STA83_0130
TORONTO_STA83_STU00529,TORONTO_STA83_0132
TORONTO_STA83_STU00530,TORONTO_STA83_0007
TORONTO_STA83_STU00530,TORONTO_STA83_0029
TORONTO_STA83_STU00530,TORONTO_STA83_0070
TORONTO_STA83_STU00530,TORONTO_STA83_0075
TORONTO_STA83_STU00530,TORONTO_STA83_0095
TORONTO_STA83_STU00530,TORONTO_STA83_0104
TORONTO_STA83_STU00530,TORONTO_STA83_0111
TORONTO_STA83_STU00530,TORONTO_STA83_0134
TORONTO_STA83_STU00531,TORONTO_STA83_0001
TORONTO_STA83_STU00531,TORONTO_STA83_0008
TORONTO_STA83_STU00531,TORONTO_STA83_0029
TORONTO_STA83_STU00531,TORONTO_STA83_0076
TORONTO_STA83_STU00531,TORONTO_STA83_0096
TORONTO_STA83_STU00531,TORONTO_STA83_0104
TORONTO_STA83_STU00531,TORONTO_STA83_0109
TORONTO_STA83_STU00531,TORONTO_STA83_0134
TORONTO_STA83_STU00532,TORONTO_STA83_0006
TORONTO_STA83_STU00532,TORONTO_STA83_0049
TORONTO_STA83_STU00532,TORONTO_STA83_0070
TORONTO_STA83_STU00532,TORONTO_STA83_0074
TORONTO_STA83_STU00532,TORONTO_STA83_0100
TORONTO_STA83_STU00532,TORONTO_STA83_0103
TORONTO_STA83_STU00532,TORONTO_STA83_0111
TORONTO_STA83_STU00532,TORONTO_STA83_0137
TORONTO_STA83_STU00533,TORONTO_STA83_0002
TORONTO_STA83_STU00533,TORONTO_STA83_0006
TORONTO_STA83_STU00533,TORONTO_STA83_0029
TORONTO_STA83_STU00533,TORONTO_STA83_0069
TORONTO_STA83_STU00533,TORONTO_STA83_0074
TORONTO_STA83_STU00533,TORONTO_STA83_0103
TORONTO_STA83_STU00533,TORONTO_STA83_0110
TORONTO_STA83_STU00533,TORONTO_STA83_0132
TORONTO_STA83_STU00534,TORONTO_STA83_0006
TORONTO_STA83_STU00534,TORONTO_STA83_0029
TORONTO_STA83_STU00534,TORONTO_STA83_0069
TORONTO_STA83_STU00534,TORONTO_STA83_0074
TORONTO_STA83_STU00534,TORONTO_STA83_0104
TORONTO_STA83_STU00534,TORONTO_STA83_0110
TORONTO_STA83_STU00534,TORONTO_STA83_0130
TORONTO_STA83_STU00534,TORONTO_STA83_0134
TORONTO_STA83_STU00535,TORONTO_STA83_0006
TORONTO_STA83_STU00535,TORONTO_STA83_0029
TORONTO_STA83_STU00535,TORONTO_STA83_0070
TORONTO_STA83_STU00535,TORONTO_STA83_0075
TORONTO_STA83_STU00535,TORONTO_STA83_0100
TORONTO_STA83_STU00535,TORONTO_STA83_0103
TORONTO_STA83_STU00535,TORONTO_STA83_0110
TORONTO_STA83_STU00535,TORONTO_STA83_0132
TORONTO_STA83_STU00536,TORONTO_STA83_0006
TORONTO_STA83_STU00536,TORONTO_STA83_0029
TORONTO_STA83_STU00536,TORONTO_STA83_0069
TORONTO_STA83_STU00536,TORONTO_STA83_0074
TORONTO_STA83_STU00536,TORONTO_STA83_0100
TORONTO_STA83_STU00536,TORONTO_STA83_0103
TORONTO_STA83_STU00536,TORONTO_STA83_0110
TORONTO_STA83_STU00536,TORONTO_STA83_0130
TORONTO_STA83_STU00537,TORONTO_STA83_0006
TORONTO_STA83_STU00537,TORONTO_STA83_0049
TORONTO_STA83_STU00537,TORONTO_STA83_0070
TORONTO_STA83_STU00537,TORONTO_STA83_0074
TORONTO_STA83_STU00537,TORONTO_STA83_0095
TORONTO_STA83_STU00537,TORONTO_STA83_0103
TORONTO_STA83_STU00537,TORONTO_STA83_0110
TORONTO_STA83_STU00537,TORONTO_STA83_0132
TORONTO_STA83_STU00538,TORONTO_STA83_0006
TORONTO_STA83_STU00538,TORONTO_STA83_0029
TORONTO_STA83_STU00538,TORONTO_STA83_0069
TORONTO_STA83_STU00538,TORONTO_STA83_0074
TORONTO_STA83_STU00538,TORONTO_STA83_0096
TORONTO_STA83_STU00538,TORONTO_STA83_0103
TORONTO_STA83_STU00538,TORONTO_STA83_0110
TORONTO_STA83_STU00538,TORONTO_STA83_0132
TORONTO_STA83_STU00539,TORONTO_STA83_0006
TORONTO_STA83_STU00539,TORONTO_STA83_0029
TORONTO_STA83_STU00539,TORONTO_STA83_0069
TORONTO_STA83_STU00539,TORONTO_STA83_0073
TORONTO_STA83_STU00539,TORONTO_STA83_0095
TORONTO_STA83_STU00539,TORONTO_STA83_0104
TORONTO_STA83_STU00539,TORONTO_STA83_0109
TORONTO_STA83_STU00539,TORONTO_STA83_0134
TORONTO_STA83_STU00540,TORONTO_STA83_0002
TORONTO_STA83_STU00540,TORONTO_STA83_0007
TORONTO_STA83_STU00540,TORONTO_STA83_0049
TORONTO_STA83_STU00540,TORONTO_STA83_0069
TORONTO_STA83_STU00540,TORONTO_STA83_0075
TORONTO_STA83_STU00540,TORONTO_STA83_0100
TORONTO_STA83_STU00540,TORONTO_STA83_0103
TORONTO_STA83_STU00540,TORONTO_STA83_0111
TORONTO_STA83_STU00541,TORONTO_STA83_0006
TORONTO_STA83_STU00541,TORONTO_STA83_0049
TORONTO_STA83_STU00541,TORONTO_STA83_0069
TORONTO_STA83_STU00541,TORONTO_STA83_0074
TORONTO_STA83_STU00541,TORONTO_STA83_0096
TORONTO_STA83_STU00541,TORONTO_STA83_0104
TORONTO_STA83_STU00541,TORONTO_STA83_0110
TORONTO_STA83_STU00541,TORONTO_STA83_0134
TORONTO_STA83_STU00542,TORONTO_STA83_0001
TORONTO_STA83_STU00542,TORONTO_STA83_0006
TORONTO_STA83_STU00542,TORONTO_STA83_0049
TORONTO_STA83_STU00542,TORONTO_STA83_0069
TORONTO_STA83_STU00542,TORONTO_STA83_0074
TORONTO_STA83_STU00542,TORONTO_STA83_0103
TORONTO_STA83_STU00542,TORONTO_STA83_0111
TORONTO_STA83_STU00542,TORONTO_STA83_0137
TORONTO_STA83_STU00543,TORONTO_STA83_0007
TORONTO_STA83_STU00543,TORONTO_STA83_0029
TORONTO_STA83_STU00543,TORONTO_STA83_0070
TORONTO_STA83_STU00543,TORONTO_STA83_0075
TORONTO_STA83_STU00543,TORONTO_STA83_0100
TORONTO_STA83_STU00543,TORONTO_STA83_0103
TORONTO_STA83_STU00543,TORONTO_STA83_0111
TORONTO_STA83_STU00543,TORONTO_STA83_0137
TORONTO_STA83_STU00544,TORONTO_STA83_0006
TORONTO_STA83_STU00544,TORONTO_STA83_0029
TORONTO_STA83_STU00544,TORONTO_STA83_0070
TORONTO_STA83_STU00544,TORONTO_STA83_0075
TORONTO_STA83_STU00544,TORONTO_STA83_0100
TORONTO_STA83_STU00544,TORONTO_STA83_0104
TORONTO_STA83_STU00544,TORONTO_STA83_0110
TORONTO_STA83_STU00544,TORONTO_STA83_0132
TORONTO_STA83_STU00545,TORONTO_STA83_0007
TORONTO_STA83_STU00545,TORONTO_STA83_0029
TORONTO_STA83_STU00545,TORONTO_STA83_0069
TORONTO_STA83_STU00545,TORONTO_STA83_0075
TORONTO_STA83_STU00545,TORONTO_STA83_0100
TORONTO_STA83_STU00545,TORONTO_STA83_0104
TORONTO_STA83_STU00545,TORONTO_STA83_0111
TORONTO_STA83_STU00545,TORONTO_STA83_0130
TORONTO_STA83_STU00546,TORONTO_STA83_0001
TORONTO_STA83_STU00546,TORONTO_STA83_0006
TORONTO_STA83_STU00546,TORONTO_STA83_0029
TORONTO_STA83_STU00546,TORONTO_STA83_0074
TORONTO_STA83_STU00546,TORONTO_STA83_0104
TORONTO_STA83_STU00546,TORONTO_STA83_0110
TORONTO_STA83_STU00546,TORONTO_STA83_0130
TORONTO_STA83_STU00546,TORONTO_STA83_0134
TORONTO_STA83_STU00547,TORONTO_STA83_0002
TORONTO_STA83_STU00547,TORONTO_STA83_0006
TORONTO_STA83_STU00547,TORONTO_STA83_0049
TORONTO_STA83_STU00547,TORONTO_STA83_0069
TORONTO_STA83_STU00547,TORONTO_STA83_0074
TORONTO_STA83_STU00547,TORONTO_STA83_0104
TORONTO_STA83_STU00547,TORONTO_STA83_0110
TORONTO_STA83_STU00547,TORONTO_STA83_0134
TORONTO_STA83_STU00548,TORONTO_STA83_0007
TORONTO_STA83_STU00548,TORONTO_STA83_0029
TORONTO_STA83_STU00548,TORONTO_STA83_0070
TORONTO_STA83_STU00548,TORONTO_STA83_0075
TORONTO_STA83_STU00548,TORONTO_STA83_0096
TORONTO_STA83_STU00548,TORONTO_STA83_0103
TORONTO_STA83_STU00548,TORONTO_STA83_0111
TORONTO_STA83_STU00548,TORONTO_STA83_0130
TORONTO_STA83_STU00549,TORONTO_STA83_0006
TORONTO_STA83_STU00549,TORONTO_STA83_0029
TORONTO_STA83_STU00549,TORONTO_STA83_0068
TORONTO_STA83_STU00549,TORONTO_STA83_0073
TORONTO_STA83_STU00549,TORONTO_STA83_0103
TORONTO_STA83_STU00549,TORONTO_STA83_0110
TORONTO_STA83_STU00549,TORONTO_STA83_0132
TORONTO_STA83_STU00549,TORONTO_STA83_0137
TORONTO_STA83_STU00550,TORONTO_STA83_0006
TORONTO_STA83_STU00550,TORONTO_STA83_0049
TORONTO_STA83_STU00550,TORONTO_STA83_0068
TORONTO_STA83_STU00550,TORONTO_STA83_0073
TORONTO_STA83_STU00550,TORONTO_STA83_0104
TORONTO_STA83_STU00550,TORONTO_STA83_0110
TORONTO_STA83_STU00550,TORONTO_STA83_0132
TORONTO_STA83_STU00550,TORONTO_STA83_0134
TORONTO_STA83_STU00551,TORONTO_STA83_0001
TORONTO_STA83_STU00551,TORONTO_STA83_0007
TORONTO_STA83_STU00551,TORONTO_STA83_0049
TORONTO_STA83_STU00551,TORONTO_STA83_0070
TORONTO_STA83_STU00551,TORONTO_STA83_0075
TORONTO_STA83_STU00551,TORONTO_STA83_0095
TORONTO_STA83_STU00551,TORONTO_STA83_0103
TORONTO_STA83_STU00551,TORONTO_STA83_0111
TORONTO_STA83_STU00552,TORONTO_STA83_0002
TORONTO_STA83_STU00552,TORONTO_STA83_0006
TORONTO_STA83_STU00552,TORONTO_STA83_0049
TORONTO_STA83_STU00552,TORONTO_STA83_0069
TORONTO_STA83_STU00552,TORONTO_STA83_0074
TORONTO_STA83_STU00552,TORONTO_STA83_0104
TORONTO_STA83_STU00552,TORONTO_STA83_0110
TORONTO_STA83_STU00552,TORONTO_STA83_0134
TORONTO_STA83_STU00553,TORONTO_STA83_0007
TORONTO_STA83_STU00553,TORONTO_STA83_0029
TORONTO_STA83_STU00553,TORONTO_STA83_0070
TORONTO_STA83_STU00553,TORONTO_STA83_0075
TORONTO_STA83_STU00553,TORONTO_STA83_0095
TORONTO_STA83_STU00553,TORONTO_STA83_0103
TORONTO_STA83_STU00553,TORONTO_STA83_0111
TORONTO_STA83_STU00553,TORONTO_STA83_0132
TORONTO_STA83_STU00554,TORONTO_STA83_0007
TORONTO_STA83_STU00554,TORONTO_STA83_0029
TORONTO_STA83_STU00554,TORONTO_STA83_0070
TORONTO_STA83_STU00554,TORONTO_STA83_0075
TORONTO_STA83_STU00554,TORONTO_STA83_0095
TORONTO_STA83_STU00554,TORONTO_STA83_0103
TORONTO_STA83_STU00554,TORONTO_STA83_0111
TORONTO_STA83_STU00554,TORONTO_STA83_0137
TORONTO_STA83_STU00555,TORONTO_STA83_0007
TORONTO_STA83_STU00555,TORONTO_STA83_0049
TORONTO_STA83_STU00555,TORONTO_STA83_0070
TORONTO_STA83_STU00555,TORONTO_STA83_0075
TORONTO_STA83_STU00555,TORONTO_STA83_0095
TORONTO_STA83_STU00555,TORONTO_STA83_0103
TORONTO_STA83_STU00555,TORONTO_STA83_0111
TORONTO_STA83_STU00555,TORONTO_STA83_0132
TORONTO_STA83_STU00556,TORONTO_STA83_0006
TORONTO_STA83_STU00556,TORONTO_STA83_0029
TORONTO_STA83_STU00556,TORONTO_STA83_0069
TORONTO_STA83_STU00556,TORONTO_STA83_0074
TORONTO_STA83_STU00556,TORONTO_STA83_0096
TORONTO_STA83_STU00556,TORONTO_STA83_0104
TORONTO_STA83_STU00556,TORONTO_STA83_0110
TORONTO_STA83_STU00556,TORONTO_STA83_0132
TORONTO_STA83_STU00557,TORONTO_STA83_0006
TORONTO_STA83_STU00557,TORONTO_STA83_0029
TORONTO_STA83_STU00557,TORONTO_STA83_0074
TORONTO_STA83_STU00557,TORONTO_STA83_0104
TORONTO_STA83_STU00557,TORONTO_STA83_0110
TORONTO_STA83_STU00557,TORONTO_STA83_0130
TORONTO_STA83_STU00557,TORONTO_STA83_0132
TORONTO_STA83_STU00557,TORONTO_STA83_0134
TORONTO_STA83_STU00558,TORONTO_STA83_0007
TORONTO_STA83_STU00558,TORONTO_STA83_0049
TORONTO_STA83_STU00558,TORONTO_STA83_0070
TORONTO_STA83_STU00558,TORONTO_STA83_0075
TORONTO_STA83_STU00558,TORONTO_STA83_0103
TORONTO_STA83_STU00558,TORONTO_STA83_0111
TORONTO_STA83_STU00558,TORONTO_STA83_0132
TORONTO_STA83_STU00558,TORONTO_STA83_0137
TORONTO_STA83_STU00559,TORONTO_STA83_0007
TORONTO_STA83_STU00559,TORONTO_STA83_0029
TORONTO_STA83_STU00559,TORONTO_STA83_0069
TORONTO_STA83_STU00559,TORONTO_STA83_0075
TORONTO_STA83_STU00559,TORONTO_STA83_0100
TORONTO_STA83_STU00559,TORONTO_STA83_0103
TORONTO_STA83_STU00559,TORONTO_STA83_0111
TORONTO_STA83_STU00559,TORONTO_STA83_0134
TORONTO_STA83_STU00560,TORONTO_STA83_0002
TORONTO_STA83_STU00560,TORONTO_STA83_0007
TORONTO_STA83_STU00560,TORONTO_STA83_0049
TORONTO_STA83_STU00560,TORONTO_STA83_0069
TORONTO_STA83_STU00560,TORONTO_STA83_0075
TORONTO_STA83_STU00560,TORONTO_STA83_0100
TORONTO_STA83_STU00560,TORONTO_STA83_0103
TORONTO_STA83_STU00560,TORONTO_STA83_0111
TORONTO_STA83_STU00561,TORONTO_STA83_0007
TORONTO_STA83_STU00561,TORONTO_STA83_0029
TORONTO_STA83_STU00561,TORONTO_STA83_0069
TORONTO_STA83_STU00561,TORONTO_STA83_0075
TORONTO_STA83_STU00561,TORONTO_STA83_0095
TORONTO_STA83_STU00561,TORONTO_STA83_0104
TORONTO_STA83_STU00561,TORONTO_STA83_0111
TORONTO_STA83_STU00561,TORONTO_STA83_0134
TORONTO_STA83_STU00562,TORONTO_STA83_0001
TORONTO_STA83_STU00562,TORONTO_STA83_0006
TORONTO_STA83_STU00562,TORONTO_STA83_0049
TORONTO_STA83_STU00562,TORONTO_STA83_0069
TORONTO_STA83_STU00562,TORONTO_STA83_0074
TORONTO_STA83_STU00562,TORONTO_STA83_0103
TORONTO_STA83_STU00562,TORONTO_STA83_0110
TORONTO_STA83_STU00562,TORONTO_STA83_0134
TORONTO_STA83_STU00563,TORONTO_STA83_0006
TORONTO_STA83_STU00563,TORONTO_STA83_0029
TORONTO_STA83_STU00563,TORONTO_STA83_0068
TORONTO_STA83_STU00563,TORONTO_STA83_0074
TORONTO_STA83_STU00563,TORONTO_STA83_0104
TORONTO_STA83_STU00563,TORONTO_STA83_0110
TORONTO_STA83_STU00563,TORONTO_STA83_0130
TORONTO_STA83_STU00563,TORONTO_STA83_0134
TORONTO_STA83_STU00564,TORONTO_STA83_0006
TORONTO_STA83_STU00564,TORONTO_STA83_0049
TORONTO_STA83_STU00564,TORONTO_STA83_0070
TORONTO_STA83_STU00564,TORONTO_STA83_0074
TORONTO_STA83_STU00564,TORONTO_STA83_0100
TORONTO_STA83_STU00564,TORONTO_STA83_0103
TORONTO_STA83_STU00564,TORONTO_STA83_0110
TORONTO_STA83_STU00564,TORONTO_STA83_0134
TORONTO_STA83_STU00565,TORONTO_STA83_0007
TORONTO_STA83_STU00565,TORONTO_STA83_0049
TORONTO_STA83_STU00565,TORONTO_STA83_0070
TORONTO_STA83_STU00565,TORONTO_STA83_0075
TORONTO_STA83_STU00565,TORONTO_STA83_0100
TORONTO_STA83_STU00565,TORONTO_STA83_0103
TORONTO_STA83_STU00565,TORONTO_STA83_0111
TORONTO_STA83_STU00565,TORONTO_STA83_0130
TORONTO_STA83_STU00566,TORONTO_STA83_0006
TORONTO_STA83_STU00566,TORONTO_STA83_0049
TORONTO_STA83_STU00566,TORONTO_STA83_0069
TORONTO_STA83_STU00566,TORONTO_STA83_0074
TORONTO_STA83_STU00566,TORONTO_STA83_0095
TORONTO_STA83_STU00566,TORONTO_STA83_0103
TORONTO_STA83_STU00566,TORONTO_STA83_0110
TORONTO_STA83_STU00566,TORONTO_STA83_0130
TORONTO_STA83_STU00567,TORONTO_STA83_0006
TORONTO_STA83_STU00567,TORONTO_STA83_0049
TORONTO_STA83_STU00567,TORONTO_STA83_0069
TORONTO_STA83_STU00567,TORONTO_STA83_0074
TORONTO_STA83_STU00567,TORONTO_STA83_0104
TORONTO_STA83_STU00567,TORONTO_STA83_0110
TORONTO_STA83_STU00567,TORONTO_STA83_0132
TORONTO_STA83_STU00567,TORONTO_STA83_0134
TORONTO_STA83_STU00568,TORONTO_STA83_0006
TORONTO_STA83_STU00568,TORONTO_STA83_0049
TORONTO_STA83_STU00568,TORONTO_STA83_0069
TORONTO_STA83_STU00568,TORONTO_STA83_0074
TORONTO_STA83_STU00568,TORONTO_STA83_0096
TORONTO_STA83_STU00568,TORONTO_STA83_0104
TORONTO_STA83_STU00568,TORONTO_STA83_0110
TORONTO_STA83_STU00568,TORONTO_STA83_0134
TORONTO_STA83_STU00569,TORONTO_STA83_0006
TORONTO_STA83_STU00569,TORONTO_STA83_0029
TORONTO_STA83_STU00569,TORONTO_STA83_0070
TORONTO_STA83_STU00569,TORONTO_STA83_0074
TORONTO_STA83_STU00569,TORONTO_STA83_0095
TORONTO_STA83_STU00569,TORONTO_STA83_0104
TORONTO_STA83_STU00569,TORONTO_STA83_0110
TORONTO_STA83_STU00569,TORONTO_STA83_0132
TORONTO_STA83_STU00570,TORONTO_STA83_0006
TORONTO_STA83_STU00570,TORONTO_STA83_0029
TORONTO_STA83_STU00570,TORONTO_STA83_0069
TORONTO_STA83_STU00570,TORONTO_STA83_0074
TORONTO_STA83_STU00570,TORONTO_STA83_0096
TORONTO_STA83_STU00570,TORONTO_STA83_0104
TORONTO_STA83_STU00570,TORONTO_STA83_0110
TORONTO_STA83_STU00570,TORONTO_STA83_0134
TORONTO_STA83_STU00571,TORONTO_STA83_0006
TORONTO_STA83_STU00571,TORONTO_STA83_0049
TORONTO_STA83_STU00571,TORONTO_STA83_0070
TORONTO_STA83_STU00571,TORONTO_STA83_0074
TORONTO_STA83_STU00571,TORONTO_STA83_0100
TORONTO_STA83_STU00571,TORONTO_STA83_0103
TORONTO_STA83_STU00571,TORONTO_STA83_0110
TORONTO_STA83_STU00571,TORONTO_STA83_0132
TORONTO_STA83_STU00572,TORONTO_STA83_0006
TORONTO_STA83_STU00572,TORONTO_STA83_0029
TORONTO_STA83_STU00572,TORONTO_STA83_0069
TORONTO_STA83_STU00572,TORONTO_STA83_0074
TORONTO_STA83_STU00572,TORONTO_STA83_0104
TORONTO_STA83_STU00572,TORONTO_STA83_0110
TORONTO_STA83_STU00572,TORONTO_STA83_0132
TORONTO_STA83_STU00572,TORONTO_STA83_0134
TORONTO_STA83_STU00573,TORONTO_STA83_0006
TORONTO_STA83_STU00573,TORONTO_STA83_0049
TORONTO_STA83_STU00573,TORONTO_STA83_0069
TORONTO_STA83_STU00573,TORONTO_STA83_0074
TORONTO_STA83_STU00573,TORONTO_STA83_0100
TORONTO_STA83_STU00573,TORONTO_STA83_0103
TORONTO_STA83_STU00573,TORONTO_STA83_0110
TORONTO_STA83_STU00573,TORONTO_STA83_0132
TORONTO_STA83_STU00574,TORONTO_STA83_0002
TORONTO_STA83_STU00574,TORONTO_STA83_0006
TORONTO_STA83_STU00574,TORONTO_STA83_0049
TORONTO_STA83_STU00574,TORONTO_STA83_0069
TORONTO_STA83_STU00574,TORONTO_STA83_0074
TORONTO_STA83_STU00574,TORONTO_STA83_0100
TORONTO_STA83_STU00574,TORONTO_STA83_0103
TORONTO_STA83_STU00574,TORONTO_STA83_0110
TORONTO_STA83_STU00575,TORONTO_STA83_0007
TORONTO_STA83_STU00575,TORONTO_STA83_0049
TORONTO_STA83_STU00575,TORONTO_STA83_0069
TORONTO_STA83_STU00575,TORONTO_STA83_0074
TORONTO_STA83_STU00575,TORONTO_STA83_0096
TORONTO_STA83_STU00575,TORONTO_STA83_0104
TORONTO_STA83_STU00575,TORONTO_STA83_0110
TORONTO_STA83_STU00575,TORONTO_STA83_0132
TORONTO_STA83_STU00576,TORONTO_STA83_0007
TORONTO_STA83_STU00576,TORONTO_STA83_0029
TORONTO_STA83_STU00576,TORONTO_STA83_0069
TORONTO_STA83_STU00576,TORONTO_STA83_0075
TORONTO_STA83_STU00576,TORONTO_STA83_0095
TORONTO_STA83_STU00576,TORONTO_STA83_0104
TORONTO_STA83_STU00576,TORONTO_STA83_0111
TORONTO_STA83_STU00576,TORONTO_STA83_0134
TORONTO_STA83_STU00577,TORONTO_STA83_0006
TORONTO_STA83_STU00577,TORONTO_STA83_0029
TORONTO_STA83_STU00577,TORONTO_STA83_0070
TORONTO_STA83_STU00577,TORONTO_STA83_0074
TORONTO_STA83_STU00577,TORONTO_STA83_0096
TORONTO_STA83_STU00577,TORONTO_STA83_0103
TORONTO_STA83_STU00577,TORONTO_STA83_0110
TORONTO_STA83_STU00577,TORONTO_STA83_0132
TORONTO_STA83_STU00578,TORONTO_STA83_0007
TORONTO_STA83_STU00578,TORONTO_STA83_0029
TORONTO_STA83_STU00578,TORONTO_STA83_0069
TORONTO_STA83_STU00578,TORONTO_STA83_0075
TORONTO_STA83_STU00578,TORONTO_STA83_0096
TORONTO_STA83_STU00578,TORONTO_STA83_0104
TORONTO_STA83_STU00578,TORONTO_STA83_0111
TORONTO_STA83_STU00578,TORONTO_STA83_0132
TORONTO_STA83_STU00579,TORONTO_STA83_0007
TORONTO_STA83_STU00579,TORONTO_STA83_0029
TORONTO_STA83_STU00579,TORONTO_STA83_0070
TORONTO_STA83_STU00579,TORONTO_STA83_0075
TORONTO_STA83_STU00579,TORONTO_STA83_0095
TORONTO_STA83_STU00579,TORONTO_STA83_0103
TORONTO_STA83_STU00579,TORONTO_STA83_0111
TORONTO_STA83_STU00579,TORONTO_STA83_0132
TORONTO_STA83_STU00580,TORONTO_STA83_0006
TORONTO_STA83_STU00580,TORONTO_STA83_0029
TORONTO_STA83_STU00580,TORONTO_STA83_0069
TORONTO_STA83_STU00580,TORONTO_STA83_0074
TORONTO_STA83_STU00580,TORONTO_STA83_0104
TORONTO_STA83_STU00580,TORONTO_STA83_0110
TORONTO_STA83_STU00580,TORONTO_STA83_0132
TORONTO_STA83_STU00580,TORONTO_STA83_0134
TORONTO_STA83_STU00581,TORONTO_STA83_0006
TORONTO_STA83_STU00581,TORONTO_STA83_0029
TORONTO_STA83_STU00581,TORONTO_STA83_0070
TORONTO_STA83_STU00581,TORONTO_STA83_0074
TORONTO_STA83_STU00581,TORONTO_STA83_0095
TORONTO_STA83_STU00581,TORONTO_STA83_0103
TORONTO_STA83_STU00581,TORONTO_STA83_0110
TORONTO_STA83_STU00581,TORONTO_STA83_0132
TORONTO_STA83_STU00582,TORONTO_STA83_0007
TORONTO_STA83_STU00582,TORONTO_STA83_0029
TORONTO_STA83_STU00582,TORONTO_STA83_0070
TORONTO_STA83_STU00582,TORONTO_STA83_0075
TORONTO_STA83_STU00582,TORONTO_STA83_0104
TORONTO_STA83_STU00582,TORONTO_STA83_0111
TORONTO_STA83_STU00582,TORONTO_STA83_0132
TORONTO_STA83_STU00582,TORONTO_STA83_0134
TORONTO_STA83_STU00583,TORONTO_STA83_0006
TORONTO_STA83_STU00583,TORONTO_STA83_0029
TORONTO_STA83_STU00583,TORONTO_STA83_0069
TORONTO_STA83_STU00583,TORONTO_STA83_0074
TORONTO_STA83_STU00583,TORONTO_STA83_0100
TORONTO_STA83_STU00583,TORONTO_STA83_0104
TORONTO_STA83_STU00583,TORONTO_STA83_0110
TORONTO_STA83_STU00583,TORONTO_STA83_0137
TORONTO_STA83_STU00584,TORONTO_STA83_0007
TORONTO_STA83_STU00584,TORONTO_STA83_0049
TORONTO_STA83_STU00584,TORONTO_STA83_0069
TORONTO_STA83_STU00584,TORONTO_STA83_0075
TORONTO_STA83_STU00584,TORONTO_STA83_0095
TORONTO_STA83_STU00584,TORONTO_STA83_0104
TORONTO_STA83_STU00584,TORONTO_STA83_0111
TORONTO_STA83_STU00584,TORONTO_STA83_0132
TORONTO_STA83_STU00585,TORONTO_STA83_0006
TORONTO_STA83_STU00585,TORONTO_STA83_0029
TORONTO_STA83_STU00585,TORONTO_STA83_0069
TORONTO_STA83_STU00585,TORONTO_STA83_0074
TORONTO_STA83_STU00585,TORONTO_STA83_0095
TORONTO_STA83_STU00585,TORONTO_STA83_0104
TORONTO_STA83_STU00585,TORONTO_STA83_0110
TORONTO_STA83_STU00585,TORONTO_STA83_0134
TORONTO_STA83_STU00586,TORONTO_STA83_0006
TORONTO_STA83_STU00586,TORONTO_STA83_0029
TORONTO_STA83_STU00586,TORONTO_STA83_0069
TORONTO_STA83_STU00586,TORONTO_STA83_0074
TORONTO_STA83_STU00586,TORONTO_STA83_0104
TORONTO_STA83_STU00586,TORONTO_STA83_0110
TORONTO_STA83_STU00586,TORONTO_STA83_0132
TORONTO_STA83_STU00586,TORONTO_STA83_0134
TORONTO_STA83_STU00587,TORONTO_STA83_0006
TORONTO_STA83_STU00587,TORONTO_STA83_0029
TORONTO_STA83_STU00587,TORONTO_STA83_0069
TORONTO_STA83_STU00587,TORONTO_STA83_0074
TORONTO_STA83_STU00587,TORONTO_STA83_0104
TORONTO_STA83_STU00587,TORONTO_STA83_0110
TORONTO_STA83_STU00587,TORONTO_STA83_0130
TORONTO_STA83_STU00587,TORONTO_STA83_0132
TORONTO_STA83_STU00588,TORONTO_STA83_0002
TORONTO_STA83_STU00588,TORONTO_STA83_0006
TORONTO_STA83_STU00588,TORONTO_STA83_0029
TORONTO_STA83_STU00588,TORONTO_STA83_0069
TORONTO_STA83_STU00588,TORONTO_STA83_0074
TORONTO_STA83_STU00588,TORONTO_STA83_0103
TORONTO_STA83_STU00588,TORONTO_STA83_0110
TORONTO_STA83_STU00588,TORONTO_STA83_0130
TORONTO_STA83_STU00589,TORONTO_STA83_0006
TORONTO_STA83_STU00589,TORONTO_STA83_0029
TORONTO_STA83_STU00589,TORONTO_STA83_0069
TORONTO_STA83_STU00589,TORONTO_STA83_0074
TORONTO_STA83_STU00589,TORONTO_STA83_0095
TORONTO_STA83_STU00589,TORONTO_STA83_0104
TORONTO_STA83_STU00589,TORONTO_STA83_0110
TORONTO_STA83_STU00589,TORONTO_STA83_0132
TORONTO_STA83_STU00590,TORONTO_STA83_0007
TORONTO_STA83_STU00590,TORONTO_STA83_0049
TORONTO_STA83_STU00590,TORONTO_STA83_0070
TORONTO_STA83_STU00590,TORONTO_STA83_0075
TORONTO_STA83_STU00590,TORONTO_STA83_0095
TORONTO_STA83_STU00590,TORONTO_STA83_0103
TORONTO_STA83_STU00590,TORONTO_STA83_0111
TORONTO_STA83_STU00590,TORONTO_STA83_0137
TORONTO_STA83_STU00591,TORONTO_STA83_0007
TORONTO_STA83_STU00591,TORONTO_STA83_0029
TORONTO_STA83_STU00591,TORONTO_STA83_0069
TORONTO_STA83_STU00591,TORONTO_STA83_0075
TORONTO_STA83_STU00591,TORONTO_STA83_0104
TORONTO_STA83_STU00591,TORONTO_STA83_0111
TORONTO_STA83_STU00591,TORONTO_STA83_0134
TORONTO_STA83_STU00591,TORONTO_STA83_0137
TORONTO_STA83_STU00592,TORONTO_STA83_0002
TORONTO_STA83_STU00592,TORONTO_STA83_0006
TORONTO_STA83_STU00592,TORONTO_STA83_0029
TORONTO_STA83_STU00592,TORONTO_STA83_0069
TORONTO_STA83_STU00592,TORONTO_STA83_0074
TORONTO_STA83_STU00592,TORONTO_STA83_0103
TORONTO_STA83_STU00592,TORONTO_STA83_0110
TORONTO_STA83_STU00592,TORONTO_STA83_0132
TORONTO_STA83_STU00593,TORONTO_STA83_0006
TORONTO_STA83_STU00593,TORONTO_STA83_0029
TORONTO_STA83_STU00593,TORONTO_STA83_0069
TORONTO_STA83_STU00593,TORONTO_STA83_0074
TORONTO_STA83_STU00593,TORONTO_STA83_0103
TORONTO_STA83_STU00593,TORONTO_STA83_0110
TORONTO_STA83_STU00593,TORONTO_STA83_0130
TORONTO_STA83_STU00593,TORONTO_STA83_0134
TORONTO_STA83_STU00594,TORONTO_STA83_0002
TORONTO_STA83_STU00594,TORONTO_STA83_0006
TORONTO_STA83_STU00594,TORONTO_STA83_0029
TORONTO_STA83_STU00594,TORONTO_STA83_0069
TORONTO_STA83_STU00594,TORONTO_STA83_0074
TORONTO_STA83_STU00594,TORONTO_STA83_0103
TORONTO_STA83_STU00594,TORONTO_STA83_0110
TORONTO_STA83_STU00594,TORONTO_STA83_0132
TORONTO_STA83_STU00595,TORONTO_STA83_0002
TORONTO_STA83_STU00595,TORONTO_STA83_0006
TORONTO_STA83_STU00595,TORONTO_STA83_0029
TORONTO_STA83_STU00595,TORONTO_STA83_0070
TORONTO_STA83_STU00595,TORONTO_STA83_0074
TORONTO_STA83_STU00595,TORONTO_STA83_0103
TORONTO_STA83_STU00595,TORONTO_STA83_0110
TORONTO_STA83_STU00595,TORONTO_STA83_0132
TORONTO_STA83_STU00596,TORONTO_STA83_0002
TORONTO_STA83_STU00596,TORONTO_STA83_0007
TORONTO_STA83_STU00596,TORONTO_STA83_0029
TORONTO_STA83_STU00596,TORONTO_STA83_0069
TORONTO_STA83_STU00596,TORONTO_STA83_0075
TORONTO_STA83_STU00596,TORONTO_STA83_0104
TORONTO_STA83_STU00596,TORONTO_STA83_0111
TORONTO_STA83_STU00596,TORONTO_STA83_0134
TORONTO_STA83_STU00597,TORONTO_STA83_0002
TORONTO_STA83_STU00597,TORONTO_STA83_0006
TORONTO_STA83_STU00597,TORONTO_STA83_0049
TORONTO_STA83_STU00597,TORONTO_STA83_0069
TORONTO_STA83_STU00597,TORONTO_STA83_0074
TORONTO_STA83_STU00597,TORONTO_STA83_0103
TORONTO_STA83_STU00597,TORONTO_STA83_0110
TORONTO_STA83_STU00597,TORONTO_STA83_0137
TORONTO_STA83_STU00598,TORONTO_STA83_0006
TORONTO_STA83_STU00598,TORONTO_STA83_0029
TORONTO_STA83_STU00598,TORONTO_STA83_0069
TORONTO_STA83_STU00598,TORONTO_STA83_0074
TORONTO_STA83_STU00598,TORONTO_STA83_0104
TORONTO_STA83_STU00598,TORONTO_STA83_0110
TORONTO_STA83_STU00598,TORONTO_STA83_0132
TORONTO_STA83_STU00598,TORONTO_STA83_0134
TORONTO_STA83_STU00599,TORONTO_STA83_0006
TORONTO_STA83_STU00599,TORONTO_STA83_0049
TORONTO_STA83_STU00599,TORONTO_STA83_0070
TORONTO_STA83_STU00599,TORONTO_STA83_0074
TORONTO_STA83_STU00599,TORONTO_STA83_0100
TORONTO_STA83_STU00599,TORONTO_STA83_0103
TORONTO_STA83_STU00599,TORONTO_STA83_0110
TORONTO_STA83_STU00599,TORONTO_STA83_0132
TORONTO_STA83_STU00600,TORONTO_STA83_0006
TORONTO_STA83_STU00600,TORONTO_STA83_0049
TORONTO_STA83_STU00600,TORONTO_STA83_0074
TORONTO_STA83_STU00600,TORONTO_STA83_0104
TORONTO_STA83_STU00600,TORONTO_STA83_0110
TORONTO_STA83_STU00600,TORONTO_STA83_0130
TORONTO_STA83_STU00600,TORONTO_STA83_0134
TORONTO_STA83_STU00600,TORONTO_STA83_0137
TORONTO_STA83_STU00601,TORONTO_STA83_0007
TORONTO_STA83_STU00601,TORONTO_STA83_0029
TORONTO_STA83_STU00601,TORONTO_STA83_0068
TORONTO_STA83_STU00601,TORONTO_STA83_0075
TORONTO_STA83_STU00601,TORONTO_STA83_0104
TORONTO_STA83_STU00601,TORONTO_STA83_0111
TORONTO_STA83_STU00601,TORONTO_STA83_0130
TORONTO_STA83_STU00601,TORONTO_STA83_0134
TORONTO_STA83_STU00602,TORONTO_STA83_0006
TORONTO_STA83_STU00602,TORONTO_STA83_0049
TORONTO_STA83_STU00602,TORONTO_STA83_0069
TORONTO_STA83_STU00602,TORONTO_STA83_0074
TORONTO_STA83_STU00602,TORONTO_STA83_0104
TORONTO_STA83_STU00602,TORONTO_STA83_0110
TORONTO_STA83_STU00602,TORONTO_STA83_0130
TORONTO_STA83_STU00602,TORONTO_STA83_0134
TORONTO_STA83_STU00603,TORONTO_STA83_0001
TORONTO_STA83_STU00603,TORONTO_STA83_0006
TORONTO_STA83_STU00603,TORONTO_STA83_0029
TORONTO_STA83_STU00603,TORONTO_STA83_0068
TORONTO_STA83_STU00603,TORONTO_STA83_0074
TORONTO_STA83_STU00603,TORONTO_STA83_0104
TORONTO_STA83_STU00603,TORONTO_STA83_0110
TORONTO_STA83_STU00603,TORONTO_STA83_0134
TORONTO_STA83_STU00604,TORONTO_STA83_0006
TORONTO_STA83_STU00604,TORONTO_STA83_0049
TORONTO_STA83_STU00604,TORONTO_STA83_0069
TORONTO_STA83_STU00604,TORONTO_STA83_0074
TORONTO_STA83_STU00604,TORONTO_STA83_0104
TORONTO_STA83_STU00604,TORONTO_STA83_0110
TORONTO_STA83_STU00604,TORONTO_STA83_0132
TORONTO_STA83_STU00604,TORONTO_STA83_0134
TORONTO_STA83_STU00605,TORONTO_STA83_0002
TORONTO_STA83_STU00605,TORONTO_STA83_0006
TORONTO_STA83_STU00605,TORONTO_STA83_0029
TORONTO_STA83_STU00605,TORONTO_STA83_0074
TORONTO_STA83_STU00605,TORONTO_STA83_0103
TORONTO_STA83_STU00605,TORONTO_STA83_0110
TORONTO_STA83_STU00605,TORONTO_STA83_0130
TORONTO_STA83_STU00605,TORONTO_STA83_0132
TORONTO_STA83_STU00606,TORONTO_STA83_0002
TORONTO_STA83_STU00606,TORONTO_STA83_0006
TORONTO_STA83_STU00606,TORONTO_STA83_0029
TORONTO_STA83_STU00606,TORONTO_STA83_0069
TORONTO_STA83_STU00606,TORONTO_STA83_0074
TORONTO_STA83_STU00606,TORONTO_STA83_0096
TORONTO_STA83_STU00606,TORONTO_STA83_0103
TORONTO_STA83_STU00606,TORONTO_STA83_0110
TORONTO_STA83_STU00607,TORONTO_STA83_0002
TORONTO_STA83_STU00607,TORONTO_STA83_0006
TORONTO_STA83_STU00607,TORONTO_STA83_0029
TORONTO_STA83_STU00607,TORONTO_STA83_0070
TORONTO_STA83_STU00607,TORONTO_STA83_0075
TORONTO_STA83_STU00607,TORONTO_STA83_0095
TORONTO_STA83_STU00607,TORONTO_STA83_0103
TORONTO_STA83_STU00607,TORONTO_STA83_0110
TORONTO_STA83_STU00608,TORONTO_STA83_0006
TORONTO_STA83_STU00608,TORONTO_STA83_0049
TORONTO_STA83_STU00608,TORONTO_STA83_0069
TORONTO_STA83_STU00608,TORONTO_STA83_0074
TORONTO_STA83_STU00608,TORONTO_STA83_0095
TORONTO_STA83_STU00608,TORONTO_STA83_0103
TORONTO_STA83_STU00608,TORONTO_STA83_0110
TORONTO_STA83_STU00608,TORONTO_STA83_0132
TORONTO_STA83_STU00609,TORONTO_STA83_0006
TORONTO_STA83_STU00609,TORONTO_STA83_0049
TORONTO_STA83_STU00609,TORONTO_STA83_0070
TORONTO_STA83_STU00609,TORONTO_STA83_0074
TORONTO_STA83_STU00609,TORONTO_STA83_0100
TORONTO_STA83_STU00609,TORONTO_STA83_0103
TORONTO_STA83_STU00609,TORONTO_STA83_0110
TORONTO_STA83_STU00609,TORONTO_STA83_0132
TORONTO_STA83_STU00610,TORONTO_STA83_0006
TORONTO_STA83_STU00610,TORONTO_STA83_0029
TORONTO_STA83_STU00610,TORONTO_STA83_0069
TORONTO_STA83_STU00610,TORONTO_STA83_0074
TORONTO_STA83_STU00610,TORONTO_STA83_0095
TORONTO_STA83_STU00610,TORONTO_STA83_0103
TORONTO_STA83_STU00610,TORONTO_STA83_0110
TORONTO_STA83_STU00610,TORONTO_STA83_0132
TORONTO_STA83_STU00611,TORONTO_STA83_0002
TORONTO_STA83_STU00611,TORONTO_STA83_0007
TORONTO_STA83_STU00611,TORONTO_STA83_0029
TORONTO_STA83_STU00611,TORONTO_STA83_0070
TORONTO_STA83_STU00611,TORONTO_STA83_0075
TORONTO_STA83_STU00611,TORONTO_STA83_0100
TORONTO_STA83_STU00611,TORONTO_STA83_0104
TORONTO_STA83_STU00611,TORONTO_STA83_0111
