student code,exam code
TORONTO_LSE91_STU00001,TORONTO_LSE91_0240
TORONTO_LSE91_STU00002,TORONTO_LSE91_0248
TORONTO_LSE91_STU00003,TORONTO_LSE91_0011
TORONTO_LSE91_STU00004,TORONTO_LSE91_0076
TORONTO_LSE91_STU00004,TORONTO_LSE91_0373
TORONTO_LSE91_STU00005,TORONTO_LSE91_0076
TORONTO_LSE91_STU00005,TORONTO_LSE91_0373
TORONTO_LSE91_STU00006,TORONTO_LSE91_0001
TORONTO_LSE91_STU00006,TORONTO_LSE91_0032
TORONTO_LSE91_STU00007,TORONTO_LSE91_0001
TORONTO_LSE91_STU00007,TORONTO_LSE91_0346
TORONTO_LSE91_STU00007,TORONTO_LSE91_0351
TORONTO_LSE91_STU00008,TORONTO_LSE91_0001
TORONTO_LSE91_STU00008,TORONTO_LSE91_0351
TORONTO_LSE91_STU00009,TORONTO_LSE91_0001
TORONTO_LSE91_STU00010,TORONTO_LSE91_0001
TORONTO_LSE91_STU00010,TORONTO_LSE91_0351
TORONTO_LSE91_STU00011,TORONTO_LSE91_0001
TORONTO_LSE91_STU00012,TORONTO_LSE91_0001
TORONTO_LSE91_STU00013,TORONTO_LSE91_0001
TORONTO_LSE91_STU00014,TORONTO_LSE91_0001
TORONTO_LSE91_STU00015,TORONTO_LSE91_0366
TORONTO_LSE91_STU00016,TORONTO_LSE91_0002
TORONTO_LSE91_STU00017,TORONTO_LSE91_0001
TORONTO_LSE91_STU00018,TORONTO_LSE91_0001
TORONTO_LSE91_STU00019,TORONTO_LSE91_0001
TORONTO_LSE91_STU00020,TORONTO_LSE91_0001
TORONTO_LSE91_STU00021,TORONTO_LSE91_0001
TORONTO_LSE91_STU00022,TORONTO_LSE91_0001
TORONTO_LSE91_STU00023,TORONTO_LSE91_0001
TORONTO_LSE91_STU00024,TORONTO_LSE91_0001
TORONTO_LSE91_STU00025,TORONTO_LSE91_0001
TORONTO_LSE91_STU00026,TORONTO_LSE91_0001
TORONTO_LSE91_STU00027,TORONTO_LSE91_0001
TORONTO_LSE91_STU00028,TORONTO_LSE91_0001
TORONTO_LSE91_STU00029,TORONTO_LSE91_0001
TORONTO_LSE91_STU00030,TORONTO_LSE91_0001
TORONTO_LSE91_STU00031,TORONTO_LSE91_0008
TORONTO_LSE91_STU00032,TORONTO_LSE91_0002
TORONTO_LSE91_STU00033,TORONTO_LSE91_0366
TORONTO_LSE91_STU00034,TORONTO_LSE91_0200
TORONTO_LSE91_STU00034,TORONTO_LSE91_0203
TORONTO_LSE91_STU00035,TORONTO_LSE91_0126
TORONTO_LSE91_STU00036,TORONTO_LSE91_0365
TORONTO_LSE91_STU00037,TORONTO_LSE91_0002
TORONTO_LSE91_STU00038,TORONTO_LSE91_0346
TORONTO_LSE91_STU00039,TORONTO_LSE91_0242
TORONTO_LSE91_STU00040,TORONTO_LSE91_0366
TORONTO_LSE91_STU00041,TORONTO_LSE91_0089
TORONTO_LSE91_STU00042,TORONTO_LSE91_0089
TORONTO_LSE91_STU00043,TORONTO_LSE91_0089
TORONTO_LSE91_STU00044,TORONTO_LSE91_0293
TORONTO_LSE91_STU00045,TORONTO_LSE91_0013
TORONTO_LSE91_STU00046,TORONTO_LSE91_0249
TORONTO_LSE91_STU00047,TORONTO_LSE91_0251
TORONTO_LSE91_STU00047,TORONTO_LSE91_0252
TORONTO_LSE91_STU00048,TORONTO_LSE91_0366
TORONTO_LSE91_STU00049,TORONTO_LSE91_0063
TORONTO_LSE91_STU00050,TORONTO_LSE91_0089
TORONTO_LSE91_STU00051,TORONTO_LSE91_0126
TORONTO_LSE91_STU00052,TORONTO_LSE91_0252
TORONTO_LSE91_STU00053,TORONTO_LSE91_0060
TORONTO_LSE91_STU00054,TORONTO_LSE91_0077
TORONTO_LSE91_STU00054,TORONTO_LSE91_0086
TORONTO_LSE91_STU00055,TORONTO_LSE91_0346
TORONTO_LSE91_STU00056,TORONTO_LSE91_0282
TORONTO_LSE91_STU00057,TORONTO_LSE91_0063
TORONTO_LSE91_STU00058,TORONTO_LSE91_0001
TORONTO_LSE91_STU00059,TORONTO_LSE91_0249
TORONTO_LSE91_STU00060,TORONTO_LSE91_0236
TORONTO_LSE91_STU00061,TORONTO_LSE91_0249
TORONTO_LSE91_STU00062,TORONTO_LSE91_0234
TORONTO_LSE91_STU00063,TORONTO_LSE91_0282
TORONTO_LSE91_STU00064,TORONTO_LSE91_0366
TORONTO_LSE91_STU00065,TORONTO_LSE91_0244
TORONTO_LSE91_STU00066,TORONTO_LSE91_0366
TORONTO_LSE91_STU00067,TORONTO_LSE91_0084
TORONTO_LSE91_STU00068,TORONTO_LSE91_0285
TORONTO_LSE91_STU00069,TORONTO_LSE91_0293
TORONTO_LSE91_STU00070,TORONTO_LSE91_0023
TORONTO_LSE91_STU00070,TORONTO_LSE91_0089
TORONTO_LSE91_STU00071,TORONTO_LSE91_0234
TORONTO_LSE91_STU00072,TORONTO_LSE91_0234
TORONTO_LSE91_STU00073,TORONTO_LSE91_0011
TORONTO_LSE91_STU00074,TORONTO_LSE91_0089
TORONTO_LSE91_STU00075,TORONTO_LSE91_0301
TORONTO_LSE91_STU00076,TORONTO_LSE91_0370
TORONTO_LSE91_STU00077,TORONTO_LSE91_0370
TORONTO_LSE91_STU00078,TORONTO_LSE91_0370
TORONTO_LSE91_STU00079,TORONTO_LSE91_0370
TORONTO_LSE91_STU00080,TORONTO_LSE91_0352
TORONTO_LSE91_STU00081,TORONTO_LSE91_0346
TORONTO_LSE91_STU00082,TORONTO_LSE91_0318
TORONTO_LSE91_STU00083,TORONTO_LSE91_0008
TORONTO_LSE91_STU00084,TORONTO_LSE91_0235
TORONTO_LSE91_STU00085,TORONTO_LSE91_0366
TORONTO_LSE91_STU00086,TORONTO_LSE91_0242
TORONTO_LSE91_STU00087,TORONTO_LSE91_0019
TORONTO_LSE91_STU00088,TORONTO_LSE91_0001
TORONTO_LSE91_STU00089,TORONTO_LSE91_0002
TORONTO_LSE91_STU00090,TORONTO_LSE91_0063
TORONTO_LSE91_STU00091,TORONTO_LSE91_0087
TORONTO_LSE91_STU00092,TORONTO_LSE91_0001
TORONTO_LSE91_STU00093,TORONTO_LSE91_0333
TORONTO_LSE91_STU00094,TORONTO_LSE91_0028
TORONTO_LSE91_STU00094,TORONTO_LSE91_0030
TORONTO_LSE91_STU00094,TORONTO_LSE91_0036
TORONTO_LSE91_STU00094,TORONTO_LSE91_0040
TORONTO_LSE91_STU00094,TORONTO_LSE91_0044
TORONTO_LSE91_STU00094,TORONTO_LSE91_0335
TORONTO_LSE91_STU00094,TORONTO_LSE91_0347
TORONTO_LSE91_STU00095,TORONTO_LSE91_0072
TORONTO_LSE91_STU00095,TORONTO_LSE91_0076
TORONTO_LSE91_STU00095,TORONTO_LSE91_0081
TORONTO_LSE91_STU00095,TORONTO_LSE91_0090
TORONTO_LSE91_STU00095,TORONTO_LSE91_0091
TORONTO_LSE91_STU00095,TORONTO_LSE91_0102
TORONTO_LSE91_STU00096,TORONTO_LSE91_0001
TORONTO_LSE91_STU00096,TORONTO_LSE91_0023
TORONTO_LSE91_STU00096,TORONTO_LSE91_0070
TORONTO_LSE91_STU00096,TORONTO_LSE91_0335
TORONTO_LSE91_STU00097,TORONTO_LSE91_0072
TORONTO_LSE91_STU00097,TORONTO_LSE91_0075
TORONTO_LSE91_STU00097,TORONTO_LSE91_0077
TORONTO_LSE91_STU00097,TORONTO_LSE91_0080
TORONTO_LSE91_STU00097,TORONTO_LSE91_0085
TORONTO_LSE91_STU00097,TORONTO_LSE91_0087
TORONTO_LSE91_STU00097,TORONTO_LSE91_0103
TORONTO_LSE91_STU00098,TORONTO_LSE91_0225
TORONTO_LSE91_STU00098,TORONTO_LSE91_0226
TORONTO_LSE91_STU00098,TORONTO_LSE91_0239
TORONTO_LSE91_STU00098,TORONTO_LSE91_0244
TORONTO_LSE91_STU00099,TORONTO_LSE91_0029
TORONTO_LSE91_STU00099,TORONTO_LSE91_0032
TORONTO_LSE91_STU00099,TORONTO_LSE91_0038
TORONTO_LSE91_STU00099,TORONTO_LSE91_0046
TORONTO_LSE91_STU00099,TORONTO_LSE91_0049
TORONTO_LSE91_STU00100,TORONTO_LSE91_0001
TORONTO_LSE91_STU00100,TORONTO_LSE91_0028
TORONTO_LSE91_STU00100,TORONTO_LSE91_0340
TORONTO_LSE91_STU00100,TORONTO_LSE91_0362
TORONTO_LSE91_STU00101,TORONTO_LSE91_0028
TORONTO_LSE91_STU00101,TORONTO_LSE91_0030
TORONTO_LSE91_STU00101,TORONTO_LSE91_0032
TORONTO_LSE91_STU00101,TORONTO_LSE91_0036
TORONTO_LSE91_STU00101,TORONTO_LSE91_0037
TORONTO_LSE91_STU00101,TORONTO_LSE91_0038
TORONTO_LSE91_STU00101,TORONTO_LSE91_0268
TORONTO_LSE91_STU00102,TORONTO_LSE91_0021
TORONTO_LSE91_STU00102,TORONTO_LSE91_0142
TORONTO_LSE91_STU00102,TORONTO_LSE91_0241
TORONTO_LSE91_STU00102,TORONTO_LSE91_0373
TORONTO_LSE91_STU00103,TORONTO_LSE91_0028
TORONTO_LSE91_STU00103,TORONTO_LSE91_0030
TORONTO_LSE91_STU00103,TORONTO_LSE91_0036
TORONTO_LSE91_STU00103,TORONTO_LSE91_0039
TORONTO_LSE91_STU00103,TORONTO_LSE91_0040
TORONTO_LSE91_STU00103,TORONTO_LSE91_0042
TORONTO_LSE91_STU00103,TORONTO_LSE91_0229
TORONTO_LSE91_STU00104,TORONTO_LSE91_0001
TORONTO_LSE91_STU00104,TORONTO_LSE91_0231
TORONTO_LSE91_STU00104,TORONTO_LSE91_0233
TORONTO_LSE91_STU00104,TORONTO_LSE91_0238
TORONTO_LSE91_STU00105,TORONTO_LSE91_0025
TORONTO_LSE91_STU00105,TORONTO_LSE91_0028
TORONTO_LSE91_STU00105,TORONTO_LSE91_0030
TORONTO_LSE91_STU00105,TORONTO_LSE91_0059
TORONTO_LSE91_STU00106,TORONTO_LSE91_0001
TORONTO_LSE91_STU00106,TORONTO_LSE91_0340
TORONTO_LSE91_STU00106,TORONTO_LSE91_0362
TORONTO_LSE91_STU00107,TORONTO_LSE91_0001
TORONTO_LSE91_STU00107,TORONTO_LSE91_0142
TORONTO_LSE91_STU00107,TORONTO_LSE91_0155
TORONTO_LSE91_STU00107,TORONTO_LSE91_0199
TORONTO_LSE91_STU00107,TORONTO_LSE91_0200
TORONTO_LSE91_STU00107,TORONTO_LSE91_0201
TORONTO_LSE91_STU00107,TORONTO_LSE91_0202
TORONTO_LSE91_STU00108,TORONTO_LSE91_0030
TORONTO_LSE91_STU00108,TORONTO_LSE91_0031
TORONTO_LSE91_STU00108,TORONTO_LSE91_0036
TORONTO_LSE91_STU00108,TORONTO_LSE91_0044
TORONTO_LSE91_STU00108,TORONTO_LSE91_0268
TORONTO_LSE91_STU00109,TORONTO_LSE91_0001
TORONTO_LSE91_STU00109,TORONTO_LSE91_0021
TORONTO_LSE91_STU00109,TORONTO_LSE91_0142
TORONTO_LSE91_STU00109,TORONTO_LSE91_0199
TORONTO_LSE91_STU00109,TORONTO_LSE91_0201
TORONTO_LSE91_STU00109,TORONTO_LSE91_0202
TORONTO_LSE91_STU00110,TORONTO_LSE91_0231
TORONTO_LSE91_STU00110,TORONTO_LSE91_0232
TORONTO_LSE91_STU00110,TORONTO_LSE91_0244
TORONTO_LSE91_STU00110,TORONTO_LSE91_0249
TORONTO_LSE91_STU00111,TORONTO_LSE91_0078
TORONTO_LSE91_STU00112,TORONTO_LSE91_0313
TORONTO_LSE91_STU00112,TORONTO_LSE91_0314
TORONTO_LSE91_STU00112,TORONTO_LSE91_0315
TORONTO_LSE91_STU00112,TORONTO_LSE91_0317
TORONTO_LSE91_STU00113,TORONTO_LSE91_0225
TORONTO_LSE91_STU00113,TORONTO_LSE91_0226
TORONTO_LSE91_STU00113,TORONTO_LSE91_0245
TORONTO_LSE91_STU00113,TORONTO_LSE91_0247
TORONTO_LSE91_STU00114,TORONTO_LSE91_0231
TORONTO_LSE91_STU00114,TORONTO_LSE91_0234
TORONTO_LSE91_STU00114,TORONTO_LSE91_0236
TORONTO_LSE91_STU00114,TORONTO_LSE91_0241
TORONTO_LSE91_STU00115,TORONTO_LSE91_0001
TORONTO_LSE91_STU00115,TORONTO_LSE91_0046
TORONTO_LSE91_STU00115,TORONTO_LSE91_0047
TORONTO_LSE91_STU00115,TORONTO_LSE91_0339
TORONTO_LSE91_STU00115,TORONTO_LSE91_0351
TORONTO_LSE91_STU00115,TORONTO_LSE91_0354
TORONTO_LSE91_STU00116,TORONTO_LSE91_0001
TORONTO_LSE91_STU00116,TORONTO_LSE91_0004
TORONTO_LSE91_STU00116,TORONTO_LSE91_0021
TORONTO_LSE91_STU00116,TORONTO_LSE91_0229
TORONTO_LSE91_STU00116,TORONTO_LSE91_0335
TORONTO_LSE91_STU00117,TORONTO_LSE91_0169
TORONTO_LSE91_STU00117,TORONTO_LSE91_0170
TORONTO_LSE91_STU00117,TORONTO_LSE91_0287
TORONTO_LSE91_STU00117,TORONTO_LSE91_0288
TORONTO_LSE91_STU00118,TORONTO_LSE91_0036
TORONTO_LSE91_STU00118,TORONTO_LSE91_0042
TORONTO_LSE91_STU00118,TORONTO_LSE91_0059
TORONTO_LSE91_STU00118,TORONTO_LSE91_0361
TORONTO_LSE91_STU00119,TORONTO_LSE91_0028
TORONTO_LSE91_STU00119,TORONTO_LSE91_0030
TORONTO_LSE91_STU00119,TORONTO_LSE91_0031
TORONTO_LSE91_STU00119,TORONTO_LSE91_0041
TORONTO_LSE91_STU00119,TORONTO_LSE91_0361
TORONTO_LSE91_STU00120,TORONTO_LSE91_0013
TORONTO_LSE91_STU00120,TORONTO_LSE91_0014
TORONTO_LSE91_STU00120,TORONTO_LSE91_0017
TORONTO_LSE91_STU00120,TORONTO_LSE91_0020
TORONTO_LSE91_STU00121,TORONTO_LSE91_0141
TORONTO_LSE91_STU00121,TORONTO_LSE91_0143
TORONTO_LSE91_STU00121,TORONTO_LSE91_0145
TORONTO_LSE91_STU00121,TORONTO_LSE91_0150
TORONTO_LSE91_STU00121,TORONTO_LSE91_0373
TORONTO_LSE91_STU00122,TORONTO_LSE91_0111
TORONTO_LSE91_STU00122,TORONTO_LSE91_0376
TORONTO_LSE91_STU00123,TORONTO_LSE91_0003
TORONTO_LSE91_STU00123,TORONTO_LSE91_0004
TORONTO_LSE91_STU00123,TORONTO_LSE91_0229
TORONTO_LSE91_STU00123,TORONTO_LSE91_0352
TORONTO_LSE91_STU00124,TORONTO_LSE91_0030
TORONTO_LSE91_STU00124,TORONTO_LSE91_0036
TORONTO_LSE91_STU00124,TORONTO_LSE91_0038
TORONTO_LSE91_STU00124,TORONTO_LSE91_0042
TORONTO_LSE91_STU00124,TORONTO_LSE91_0044
TORONTO_LSE91_STU00124,TORONTO_LSE91_0320
TORONTO_LSE91_STU00125,TORONTO_LSE91_0086
TORONTO_LSE91_STU00125,TORONTO_LSE91_0142
TORONTO_LSE91_STU00125,TORONTO_LSE91_0373
TORONTO_LSE91_STU00126,TORONTO_LSE91_0030
TORONTO_LSE91_STU00126,TORONTO_LSE91_0036
TORONTO_LSE91_STU00126,TORONTO_LSE91_0041
TORONTO_LSE91_STU00126,TORONTO_LSE91_0042
TORONTO_LSE91_STU00126,TORONTO_LSE91_0059
TORONTO_LSE91_STU00127,TORONTO_LSE91_0240
TORONTO_LSE91_STU00127,TORONTO_LSE91_0282
TORONTO_LSE91_STU00127,TORONTO_LSE91_0296
TORONTO_LSE91_STU00127,TORONTO_LSE91_0298
TORONTO_LSE91_STU00127,TORONTO_LSE91_0304
TORONTO_LSE91_STU00128,TORONTO_LSE91_0231
TORONTO_LSE91_STU00128,TORONTO_LSE91_0232
TORONTO_LSE91_STU00128,TORONTO_LSE91_0238
TORONTO_LSE91_STU00128,TORONTO_LSE91_0253
TORONTO_LSE91_STU00128,TORONTO_LSE91_0254
TORONTO_LSE91_STU00129,TORONTO_LSE91_0231
TORONTO_LSE91_STU00129,TORONTO_LSE91_0232
TORONTO_LSE91_STU00129,TORONTO_LSE91_0235
TORONTO_LSE91_STU00129,TORONTO_LSE91_0243
TORONTO_LSE91_STU00130,TORONTO_LSE91_0036
TORONTO_LSE91_STU00130,TORONTO_LSE91_0039
TORONTO_LSE91_STU00130,TORONTO_LSE91_0040
TORONTO_LSE91_STU00130,TORONTO_LSE91_0042
TORONTO_LSE91_STU00131,TORONTO_LSE91_0231
TORONTO_LSE91_STU00131,TORONTO_LSE91_0232
TORONTO_LSE91_STU00131,TORONTO_LSE91_0234
TORONTO_LSE91_STU00131,TORONTO_LSE91_0237
TORONTO_LSE91_STU00132,TORONTO_LSE91_0199
TORONTO_LSE91_STU00132,TORONTO_LSE91_0200
TORONTO_LSE91_STU00132,TORONTO_LSE91_0201
TORONTO_LSE91_STU00132,TORONTO_LSE91_0202
TORONTO_LSE91_STU00132,TORONTO_LSE91_0241
TORONTO_LSE91_STU00132,TORONTO_LSE91_0373
TORONTO_LSE91_STU00133,TORONTO_LSE91_0030
TORONTO_LSE91_STU00133,TORONTO_LSE91_0036
TORONTO_LSE91_STU00133,TORONTO_LSE91_0041
TORONTO_LSE91_STU00133,TORONTO_LSE91_0042
TORONTO_LSE91_STU00133,TORONTO_LSE91_0059
TORONTO_LSE91_STU00133,TORONTO_LSE91_0146
TORONTO_LSE91_STU00134,TORONTO_LSE91_0001
TORONTO_LSE91_STU00134,TORONTO_LSE91_0036
TORONTO_LSE91_STU00134,TORONTO_LSE91_0044
TORONTO_LSE91_STU00134,TORONTO_LSE91_0229
TORONTO_LSE91_STU00135,TORONTO_LSE91_0199
TORONTO_LSE91_STU00135,TORONTO_LSE91_0200
TORONTO_LSE91_STU00135,TORONTO_LSE91_0201
TORONTO_LSE91_STU00135,TORONTO_LSE91_0202
TORONTO_LSE91_STU00135,TORONTO_LSE91_0204
TORONTO_LSE91_STU00135,TORONTO_LSE91_0241
TORONTO_LSE91_STU00136,TORONTO_LSE91_0063
TORONTO_LSE91_STU00136,TORONTO_LSE91_0193
TORONTO_LSE91_STU00136,TORONTO_LSE91_0371
TORONTO_LSE91_STU00136,TORONTO_LSE91_0377
TORONTO_LSE91_STU00137,TORONTO_LSE91_0231
TORONTO_LSE91_STU00137,TORONTO_LSE91_0232
TORONTO_LSE91_STU00137,TORONTO_LSE91_0241
TORONTO_LSE91_STU00137,TORONTO_LSE91_0243
TORONTO_LSE91_STU00138,TORONTO_LSE91_0365
TORONTO_LSE91_STU00138,TORONTO_LSE91_0368
TORONTO_LSE91_STU00138,TORONTO_LSE91_0375
TORONTO_LSE91_STU00139,TORONTO_LSE91_0155
TORONTO_LSE91_STU00139,TORONTO_LSE91_0199
TORONTO_LSE91_STU00139,TORONTO_LSE91_0200
TORONTO_LSE91_STU00139,TORONTO_LSE91_0201
TORONTO_LSE91_STU00139,TORONTO_LSE91_0241
TORONTO_LSE91_STU00139,TORONTO_LSE91_0373
TORONTO_LSE91_STU00140,TORONTO_LSE91_0001
TORONTO_LSE91_STU00140,TORONTO_LSE91_0193
TORONTO_LSE91_STU00140,TORONTO_LSE91_0230
TORONTO_LSE91_STU00140,TORONTO_LSE91_0377
TORONTO_LSE91_STU00141,TORONTO_LSE91_0058
TORONTO_LSE91_STU00141,TORONTO_LSE91_0079
TORONTO_LSE91_STU00141,TORONTO_LSE91_0080
TORONTO_LSE91_STU00141,TORONTO_LSE91_0086
TORONTO_LSE91_STU00141,TORONTO_LSE91_0094
TORONTO_LSE91_STU00141,TORONTO_LSE91_0101
TORONTO_LSE91_STU00141,TORONTO_LSE91_0289
TORONTO_LSE91_STU00142,TORONTO_LSE91_0001
TORONTO_LSE91_STU00142,TORONTO_LSE91_0030
TORONTO_LSE91_STU00142,TORONTO_LSE91_0036
TORONTO_LSE91_STU00142,TORONTO_LSE91_0044
TORONTO_LSE91_STU00142,TORONTO_LSE91_0229
TORONTO_LSE91_STU00142,TORONTO_LSE91_0267
TORONTO_LSE91_STU00143,TORONTO_LSE91_0346
TORONTO_LSE91_STU00144,TORONTO_LSE91_0306
TORONTO_LSE91_STU00144,TORONTO_LSE91_0318
TORONTO_LSE91_STU00144,TORONTO_LSE91_0365
TORONTO_LSE91_STU00144,TORONTO_LSE91_0375
TORONTO_LSE91_STU00145,TORONTO_LSE91_0226
TORONTO_LSE91_STU00146,TORONTO_LSE91_0225
TORONTO_LSE91_STU00146,TORONTO_LSE91_0226
TORONTO_LSE91_STU00146,TORONTO_LSE91_0232
TORONTO_LSE91_STU00146,TORONTO_LSE91_0245
TORONTO_LSE91_STU00147,TORONTO_LSE91_0199
TORONTO_LSE91_STU00147,TORONTO_LSE91_0200
TORONTO_LSE91_STU00147,TORONTO_LSE91_0201
TORONTO_LSE91_STU00147,TORONTO_LSE91_0206
TORONTO_LSE91_STU00147,TORONTO_LSE91_0241
TORONTO_LSE91_STU00148,TORONTO_LSE91_0191
TORONTO_LSE91_STU00148,TORONTO_LSE91_0193
TORONTO_LSE91_STU00148,TORONTO_LSE91_0377
TORONTO_LSE91_STU00149,TORONTO_LSE91_0339
TORONTO_LSE91_STU00149,TORONTO_LSE91_0344
TORONTO_LSE91_STU00149,TORONTO_LSE91_0345
TORONTO_LSE91_STU00149,TORONTO_LSE91_0346
TORONTO_LSE91_STU00150,TORONTO_LSE91_0002
TORONTO_LSE91_STU00150,TORONTO_LSE91_0030
TORONTO_LSE91_STU00150,TORONTO_LSE91_0032
TORONTO_LSE91_STU00150,TORONTO_LSE91_0035
TORONTO_LSE91_STU00150,TORONTO_LSE91_0036
TORONTO_LSE91_STU00150,TORONTO_LSE91_0044
TORONTO_LSE91_STU00150,TORONTO_LSE91_0224
TORONTO_LSE91_STU00151,TORONTO_LSE91_0076
TORONTO_LSE91_STU00151,TORONTO_LSE91_0089
TORONTO_LSE91_STU00151,TORONTO_LSE91_0094
TORONTO_LSE91_STU00151,TORONTO_LSE91_0098
TORONTO_LSE91_STU00151,TORONTO_LSE91_0267
TORONTO_LSE91_STU00151,TORONTO_LSE91_0275
TORONTO_LSE91_STU00152,TORONTO_LSE91_0231
TORONTO_LSE91_STU00152,TORONTO_LSE91_0232
TORONTO_LSE91_STU00152,TORONTO_LSE91_0234
TORONTO_LSE91_STU00152,TORONTO_LSE91_0237
TORONTO_LSE91_STU00153,TORONTO_LSE91_0058
TORONTO_LSE91_STU00153,TORONTO_LSE91_0191
TORONTO_LSE91_STU00153,TORONTO_LSE91_0193
TORONTO_LSE91_STU00153,TORONTO_LSE91_0230
TORONTO_LSE91_STU00153,TORONTO_LSE91_0377
TORONTO_LSE91_STU00154,TORONTO_LSE91_0109
TORONTO_LSE91_STU00154,TORONTO_LSE91_0116
TORONTO_LSE91_STU00154,TORONTO_LSE91_0118
TORONTO_LSE91_STU00154,TORONTO_LSE91_0119
TORONTO_LSE91_STU00154,TORONTO_LSE91_0285
TORONTO_LSE91_STU00155,TORONTO_LSE91_0078
TORONTO_LSE91_STU00155,TORONTO_LSE91_0313
TORONTO_LSE91_STU00155,TORONTO_LSE91_0335
TORONTO_LSE91_STU00155,TORONTO_LSE91_0366
TORONTO_LSE91_STU00156,TORONTO_LSE91_0080
TORONTO_LSE91_STU00156,TORONTO_LSE91_0090
TORONTO_LSE91_STU00156,TORONTO_LSE91_0092
TORONTO_LSE91_STU00156,TORONTO_LSE91_0095
TORONTO_LSE91_STU00156,TORONTO_LSE91_0097
TORONTO_LSE91_STU00157,TORONTO_LSE91_0310
TORONTO_LSE91_STU00157,TORONTO_LSE91_0313
TORONTO_LSE91_STU00157,TORONTO_LSE91_0314
TORONTO_LSE91_STU00157,TORONTO_LSE91_0315
TORONTO_LSE91_STU00158,TORONTO_LSE91_0225
TORONTO_LSE91_STU00158,TORONTO_LSE91_0226
TORONTO_LSE91_STU00158,TORONTO_LSE91_0232
TORONTO_LSE91_STU00158,TORONTO_LSE91_0241
TORONTO_LSE91_STU00159,TORONTO_LSE91_0003
TORONTO_LSE91_STU00159,TORONTO_LSE91_0004
TORONTO_LSE91_STU00159,TORONTO_LSE91_0031
TORONTO_LSE91_STU00159,TORONTO_LSE91_0229
TORONTO_LSE91_STU00159,TORONTO_LSE91_0361
TORONTO_LSE91_STU00160,TORONTO_LSE91_0118
TORONTO_LSE91_STU00160,TORONTO_LSE91_0121
TORONTO_LSE91_STU00160,TORONTO_LSE91_0125
TORONTO_LSE91_STU00161,TORONTO_LSE91_0231
TORONTO_LSE91_STU00161,TORONTO_LSE91_0234
TORONTO_LSE91_STU00161,TORONTO_LSE91_0237
TORONTO_LSE91_STU00161,TORONTO_LSE91_0243
TORONTO_LSE91_STU00162,TORONTO_LSE91_0027
TORONTO_LSE91_STU00162,TORONTO_LSE91_0124
TORONTO_LSE91_STU00162,TORONTO_LSE91_0127
TORONTO_LSE91_STU00162,TORONTO_LSE91_0285
TORONTO_LSE91_STU00163,TORONTO_LSE91_0231
TORONTO_LSE91_STU00163,TORONTO_LSE91_0232
TORONTO_LSE91_STU00163,TORONTO_LSE91_0234
TORONTO_LSE91_STU00163,TORONTO_LSE91_0237
TORONTO_LSE91_STU00164,TORONTO_LSE91_0231
TORONTO_LSE91_STU00164,TORONTO_LSE91_0234
TORONTO_LSE91_STU00164,TORONTO_LSE91_0241
TORONTO_LSE91_STU00164,TORONTO_LSE91_0335
TORONTO_LSE91_STU00165,TORONTO_LSE91_0154
TORONTO_LSE91_STU00165,TORONTO_LSE91_0199
TORONTO_LSE91_STU00165,TORONTO_LSE91_0200
TORONTO_LSE91_STU00165,TORONTO_LSE91_0201
TORONTO_LSE91_STU00165,TORONTO_LSE91_0204
TORONTO_LSE91_STU00165,TORONTO_LSE91_0241
TORONTO_LSE91_STU00165,TORONTO_LSE91_0373
TORONTO_LSE91_STU00166,TORONTO_LSE91_0030
TORONTO_LSE91_STU00166,TORONTO_LSE91_0031
TORONTO_LSE91_STU00166,TORONTO_LSE91_0042
TORONTO_LSE91_STU00166,TORONTO_LSE91_0274
TORONTO_LSE91_STU00166,TORONTO_LSE91_0281
TORONTO_LSE91_STU00167,TORONTO_LSE91_0231
TORONTO_LSE91_STU00167,TORONTO_LSE91_0236
TORONTO_LSE91_STU00167,TORONTO_LSE91_0239
TORONTO_LSE91_STU00167,TORONTO_LSE91_0242
TORONTO_LSE91_STU00168,TORONTO_LSE91_0365
TORONTO_LSE91_STU00168,TORONTO_LSE91_0369
TORONTO_LSE91_STU00168,TORONTO_LSE91_0373
TORONTO_LSE91_STU00168,TORONTO_LSE91_0374
TORONTO_LSE91_STU00169,TORONTO_LSE91_0231
TORONTO_LSE91_STU00169,TORONTO_LSE91_0232
TORONTO_LSE91_STU00169,TORONTO_LSE91_0251
TORONTO_LSE91_STU00169,TORONTO_LSE91_0252
TORONTO_LSE91_STU00170,TORONTO_LSE91_0267
TORONTO_LSE91_STU00170,TORONTO_LSE91_0296
TORONTO_LSE91_STU00170,TORONTO_LSE91_0297
TORONTO_LSE91_STU00170,TORONTO_LSE91_0302
TORONTO_LSE91_STU00170,TORONTO_LSE91_0303
TORONTO_LSE91_STU00170,TORONTO_LSE91_0306
TORONTO_LSE91_STU00171,TORONTO_LSE91_0057
TORONTO_LSE91_STU00171,TORONTO_LSE91_0059
TORONTO_LSE91_STU00171,TORONTO_LSE91_0064
TORONTO_LSE91_STU00171,TORONTO_LSE91_0066
TORONTO_LSE91_STU00171,TORONTO_LSE91_0068
TORONTO_LSE91_STU00172,TORONTO_LSE91_0072
TORONTO_LSE91_STU00172,TORONTO_LSE91_0138
TORONTO_LSE91_STU00172,TORONTO_LSE91_0143
TORONTO_LSE91_STU00172,TORONTO_LSE91_0155
TORONTO_LSE91_STU00172,TORONTO_LSE91_0204
TORONTO_LSE91_STU00173,TORONTO_LSE91_0310
TORONTO_LSE91_STU00173,TORONTO_LSE91_0313
TORONTO_LSE91_STU00173,TORONTO_LSE91_0314
TORONTO_LSE91_STU00173,TORONTO_LSE91_0318
TORONTO_LSE91_STU00174,TORONTO_LSE91_0114
TORONTO_LSE91_STU00174,TORONTO_LSE91_0124
TORONTO_LSE91_STU00174,TORONTO_LSE91_0127
TORONTO_LSE91_STU00174,TORONTO_LSE91_0129
TORONTO_LSE91_STU00174,TORONTO_LSE91_0282
TORONTO_LSE91_STU00175,TORONTO_LSE91_0031
TORONTO_LSE91_STU00175,TORONTO_LSE91_0036
TORONTO_LSE91_STU00175,TORONTO_LSE91_0044
TORONTO_LSE91_STU00175,TORONTO_LSE91_0229
TORONTO_LSE91_STU00176,TORONTO_LSE91_0028
TORONTO_LSE91_STU00176,TORONTO_LSE91_0030
TORONTO_LSE91_STU00176,TORONTO_LSE91_0031
TORONTO_LSE91_STU00176,TORONTO_LSE91_0143
TORONTO_LSE91_STU00177,TORONTO_LSE91_0003
TORONTO_LSE91_STU00177,TORONTO_LSE91_0004
TORONTO_LSE91_STU00177,TORONTO_LSE91_0229
TORONTO_LSE91_STU00177,TORONTO_LSE91_0323
TORONTO_LSE91_STU00177,TORONTO_LSE91_0361
TORONTO_LSE91_STU00178,TORONTO_LSE91_0369
TORONTO_LSE91_STU00178,TORONTO_LSE91_0374
TORONTO_LSE91_STU00178,TORONTO_LSE91_0378
TORONTO_LSE91_STU00179,TORONTO_LSE91_0008
TORONTO_LSE91_STU00179,TORONTO_LSE91_0077
TORONTO_LSE91_STU00179,TORONTO_LSE91_0080
TORONTO_LSE91_STU00179,TORONTO_LSE91_0089
TORONTO_LSE91_STU00179,TORONTO_LSE91_0102
TORONTO_LSE91_STU00179,TORONTO_LSE91_0267
TORONTO_LSE91_STU00180,TORONTO_LSE91_0072
TORONTO_LSE91_STU00180,TORONTO_LSE91_0083
TORONTO_LSE91_STU00180,TORONTO_LSE91_0086
TORONTO_LSE91_STU00180,TORONTO_LSE91_0099
TORONTO_LSE91_STU00180,TORONTO_LSE91_0204
TORONTO_LSE91_STU00181,TORONTO_LSE91_0021
TORONTO_LSE91_STU00181,TORONTO_LSE91_0365
TORONTO_LSE91_STU00181,TORONTO_LSE91_0368
TORONTO_LSE91_STU00181,TORONTO_LSE91_0374
TORONTO_LSE91_STU00182,TORONTO_LSE91_0295
TORONTO_LSE91_STU00182,TORONTO_LSE91_0296
TORONTO_LSE91_STU00182,TORONTO_LSE91_0300
TORONTO_LSE91_STU00182,TORONTO_LSE91_0303
TORONTO_LSE91_STU00183,TORONTO_LSE91_0220
TORONTO_LSE91_STU00183,TORONTO_LSE91_0221
TORONTO_LSE91_STU00183,TORONTO_LSE91_0222
TORONTO_LSE91_STU00183,TORONTO_LSE91_0223
TORONTO_LSE91_STU00184,TORONTO_LSE91_0001
TORONTO_LSE91_STU00184,TORONTO_LSE91_0028
TORONTO_LSE91_STU00184,TORONTO_LSE91_0036
TORONTO_LSE91_STU00184,TORONTO_LSE91_0044
TORONTO_LSE91_STU00184,TORONTO_LSE91_0341
TORONTO_LSE91_STU00184,TORONTO_LSE91_0350
TORONTO_LSE91_STU00184,TORONTO_LSE91_0351
TORONTO_LSE91_STU00185,TORONTO_LSE91_0030
TORONTO_LSE91_STU00185,TORONTO_LSE91_0036
TORONTO_LSE91_STU00185,TORONTO_LSE91_0041
TORONTO_LSE91_STU00185,TORONTO_LSE91_0042
TORONTO_LSE91_STU00186,TORONTO_LSE91_0004
TORONTO_LSE91_STU00186,TORONTO_LSE91_0041
TORONTO_LSE91_STU00186,TORONTO_LSE91_0289
TORONTO_LSE91_STU00186,TORONTO_LSE91_0340
TORONTO_LSE91_STU00186,TORONTO_LSE91_0341
TORONTO_LSE91_STU00186,TORONTO_LSE91_0362
TORONTO_LSE91_STU00187,TORONTO_LSE91_0021
TORONTO_LSE91_STU00187,TORONTO_LSE91_0199
TORONTO_LSE91_STU00187,TORONTO_LSE91_0200
TORONTO_LSE91_STU00187,TORONTO_LSE91_0201
TORONTO_LSE91_STU00187,TORONTO_LSE91_0202
TORONTO_LSE91_STU00188,TORONTO_LSE91_0199
TORONTO_LSE91_STU00188,TORONTO_LSE91_0200
TORONTO_LSE91_STU00188,TORONTO_LSE91_0201
TORONTO_LSE91_STU00188,TORONTO_LSE91_0202
TORONTO_LSE91_STU00188,TORONTO_LSE91_0206
TORONTO_LSE91_STU00189,TORONTO_LSE91_0041
TORONTO_LSE91_STU00189,TORONTO_LSE91_0042
TORONTO_LSE91_STU00189,TORONTO_LSE91_0048
TORONTO_LSE91_STU00189,TORONTO_LSE91_0049
TORONTO_LSE91_STU00190,TORONTO_LSE91_0036
TORONTO_LSE91_STU00190,TORONTO_LSE91_0039
TORONTO_LSE91_STU00190,TORONTO_LSE91_0040
TORONTO_LSE91_STU00190,TORONTO_LSE91_0041
TORONTO_LSE91_STU00191,TORONTO_LSE91_0231
TORONTO_LSE91_STU00191,TORONTO_LSE91_0232
TORONTO_LSE91_STU00191,TORONTO_LSE91_0239
TORONTO_LSE91_STU00191,TORONTO_LSE91_0253
TORONTO_LSE91_STU00191,TORONTO_LSE91_0254
TORONTO_LSE91_STU00192,TORONTO_LSE91_0026
TORONTO_LSE91_STU00192,TORONTO_LSE91_0030
TORONTO_LSE91_STU00192,TORONTO_LSE91_0031
TORONTO_LSE91_STU00192,TORONTO_LSE91_0036
TORONTO_LSE91_STU00192,TORONTO_LSE91_0044
TORONTO_LSE91_STU00193,TORONTO_LSE91_0013
TORONTO_LSE91_STU00193,TORONTO_LSE91_0014
TORONTO_LSE91_STU00193,TORONTO_LSE91_0018
TORONTO_LSE91_STU00193,TORONTO_LSE91_0020
TORONTO_LSE91_STU00194,TORONTO_LSE91_0013
TORONTO_LSE91_STU00194,TORONTO_LSE91_0014
TORONTO_LSE91_STU00194,TORONTO_LSE91_0017
TORONTO_LSE91_STU00194,TORONTO_LSE91_0018
TORONTO_LSE91_STU00194,TORONTO_LSE91_0019
TORONTO_LSE91_STU00194,TORONTO_LSE91_0020
TORONTO_LSE91_STU00195,TORONTO_LSE91_0231
TORONTO_LSE91_STU00195,TORONTO_LSE91_0234
TORONTO_LSE91_STU00195,TORONTO_LSE91_0236
TORONTO_LSE91_STU00195,TORONTO_LSE91_0237
TORONTO_LSE91_STU00196,TORONTO_LSE91_0076
TORONTO_LSE91_STU00196,TORONTO_LSE91_0313
TORONTO_LSE91_STU00197,TORONTO_LSE91_0003
TORONTO_LSE91_STU00197,TORONTO_LSE91_0004
TORONTO_LSE91_STU00197,TORONTO_LSE91_0229
TORONTO_LSE91_STU00197,TORONTO_LSE91_0341
TORONTO_LSE91_STU00198,TORONTO_LSE91_0031
TORONTO_LSE91_STU00198,TORONTO_LSE91_0036
TORONTO_LSE91_STU00198,TORONTO_LSE91_0041
TORONTO_LSE91_STU00198,TORONTO_LSE91_0060
TORONTO_LSE91_STU00199,TORONTO_LSE91_0001
TORONTO_LSE91_STU00199,TORONTO_LSE91_0231
TORONTO_LSE91_STU00199,TORONTO_LSE91_0234
TORONTO_LSE91_STU00199,TORONTO_LSE91_0250
TORONTO_LSE91_STU00200,TORONTO_LSE91_0036
TORONTO_LSE91_STU00200,TORONTO_LSE91_0041
TORONTO_LSE91_STU00200,TORONTO_LSE91_0042
TORONTO_LSE91_STU00200,TORONTO_LSE91_0283
TORONTO_LSE91_STU00201,TORONTO_LSE91_0155
TORONTO_LSE91_STU00201,TORONTO_LSE91_0199
TORONTO_LSE91_STU00201,TORONTO_LSE91_0200
TORONTO_LSE91_STU00201,TORONTO_LSE91_0201
TORONTO_LSE91_STU00201,TORONTO_LSE91_0204
TORONTO_LSE91_STU00202,TORONTO_LSE91_0060
TORONTO_LSE91_STU00202,TORONTO_LSE91_0199
TORONTO_LSE91_STU00202,TORONTO_LSE91_0200
TORONTO_LSE91_STU00202,TORONTO_LSE91_0201
TORONTO_LSE91_STU00202,TORONTO_LSE91_0203
TORONTO_LSE91_STU00203,TORONTO_LSE91_0231
TORONTO_LSE91_STU00203,TORONTO_LSE91_0238
TORONTO_LSE91_STU00203,TORONTO_LSE91_0239
TORONTO_LSE91_STU00203,TORONTO_LSE91_0241
TORONTO_LSE91_STU00204,TORONTO_LSE91_0030
TORONTO_LSE91_STU00204,TORONTO_LSE91_0031
TORONTO_LSE91_STU00204,TORONTO_LSE91_0036
TORONTO_LSE91_STU00204,TORONTO_LSE91_0059
TORONTO_LSE91_STU00204,TORONTO_LSE91_0083
TORONTO_LSE91_STU00205,TORONTO_LSE91_0036
TORONTO_LSE91_STU00205,TORONTO_LSE91_0037
TORONTO_LSE91_STU00205,TORONTO_LSE91_0038
TORONTO_LSE91_STU00205,TORONTO_LSE91_0268
TORONTO_LSE91_STU00206,TORONTO_LSE91_0135
TORONTO_LSE91_STU00206,TORONTO_LSE91_0138
TORONTO_LSE91_STU00206,TORONTO_LSE91_0140
TORONTO_LSE91_STU00206,TORONTO_LSE91_0141
TORONTO_LSE91_STU00206,TORONTO_LSE91_0151
TORONTO_LSE91_STU00206,TORONTO_LSE91_0152
TORONTO_LSE91_STU00207,TORONTO_LSE91_0033
TORONTO_LSE91_STU00207,TORONTO_LSE91_0036
TORONTO_LSE91_STU00207,TORONTO_LSE91_0037
TORONTO_LSE91_STU00207,TORONTO_LSE91_0038
TORONTO_LSE91_STU00208,TORONTO_LSE91_0031
TORONTO_LSE91_STU00208,TORONTO_LSE91_0043
TORONTO_LSE91_STU00208,TORONTO_LSE91_0273
TORONTO_LSE91_STU00208,TORONTO_LSE91_0278
TORONTO_LSE91_STU00208,TORONTO_LSE91_0281
TORONTO_LSE91_STU00209,TORONTO_LSE91_0043
TORONTO_LSE91_STU00209,TORONTO_LSE91_0272
TORONTO_LSE91_STU00209,TORONTO_LSE91_0273
TORONTO_LSE91_STU00209,TORONTO_LSE91_0281
TORONTO_LSE91_STU00210,TORONTO_LSE91_0142
TORONTO_LSE91_STU00210,TORONTO_LSE91_0199
TORONTO_LSE91_STU00210,TORONTO_LSE91_0200
TORONTO_LSE91_STU00210,TORONTO_LSE91_0201
TORONTO_LSE91_STU00210,TORONTO_LSE91_0206
TORONTO_LSE91_STU00211,TORONTO_LSE91_0231
TORONTO_LSE91_STU00211,TORONTO_LSE91_0232
TORONTO_LSE91_STU00211,TORONTO_LSE91_0243
TORONTO_LSE91_STU00211,TORONTO_LSE91_0249
TORONTO_LSE91_STU00212,TORONTO_LSE91_0276
TORONTO_LSE91_STU00212,TORONTO_LSE91_0277
TORONTO_LSE91_STU00212,TORONTO_LSE91_0279
TORONTO_LSE91_STU00212,TORONTO_LSE91_0280
TORONTO_LSE91_STU00213,TORONTO_LSE91_0282
TORONTO_LSE91_STU00213,TORONTO_LSE91_0344
TORONTO_LSE91_STU00213,TORONTO_LSE91_0345
TORONTO_LSE91_STU00213,TORONTO_LSE91_0346
TORONTO_LSE91_STU00213,TORONTO_LSE91_0350
TORONTO_LSE91_STU00213,TORONTO_LSE91_0351
TORONTO_LSE91_STU00214,TORONTO_LSE91_0031
TORONTO_LSE91_STU00214,TORONTO_LSE91_0036
TORONTO_LSE91_STU00214,TORONTO_LSE91_0044
TORONTO_LSE91_STU00214,TORONTO_LSE91_0361
TORONTO_LSE91_STU00215,TORONTO_LSE91_0030
TORONTO_LSE91_STU00215,TORONTO_LSE91_0036
TORONTO_LSE91_STU00215,TORONTO_LSE91_0042
TORONTO_LSE91_STU00215,TORONTO_LSE91_0271
TORONTO_LSE91_STU00215,TORONTO_LSE91_0281
TORONTO_LSE91_STU00216,TORONTO_LSE91_0025
TORONTO_LSE91_STU00216,TORONTO_LSE91_0172
TORONTO_LSE91_STU00216,TORONTO_LSE91_0231
TORONTO_LSE91_STU00216,TORONTO_LSE91_0234
TORONTO_LSE91_STU00217,TORONTO_LSE91_0072
TORONTO_LSE91_STU00217,TORONTO_LSE91_0076
TORONTO_LSE91_STU00217,TORONTO_LSE91_0080
TORONTO_LSE91_STU00217,TORONTO_LSE91_0089
TORONTO_LSE91_STU00217,TORONTO_LSE91_0366
TORONTO_LSE91_STU00218,TORONTO_LSE91_0225
TORONTO_LSE91_STU00218,TORONTO_LSE91_0226
TORONTO_LSE91_STU00218,TORONTO_LSE91_0232
TORONTO_LSE91_STU00218,TORONTO_LSE91_0239
TORONTO_LSE91_STU00219,TORONTO_LSE91_0075
TORONTO_LSE91_STU00219,TORONTO_LSE91_0080
TORONTO_LSE91_STU00219,TORONTO_LSE91_0086
TORONTO_LSE91_STU00219,TORONTO_LSE91_0101
TORONTO_LSE91_STU00219,TORONTO_LSE91_0204
TORONTO_LSE91_STU00220,TORONTO_LSE91_0186
TORONTO_LSE91_STU00220,TORONTO_LSE91_0199
TORONTO_LSE91_STU00220,TORONTO_LSE91_0200
TORONTO_LSE91_STU00220,TORONTO_LSE91_0201
TORONTO_LSE91_STU00220,TORONTO_LSE91_0202
TORONTO_LSE91_STU00221,TORONTO_LSE91_0231
TORONTO_LSE91_STU00221,TORONTO_LSE91_0232
TORONTO_LSE91_STU00221,TORONTO_LSE91_0238
TORONTO_LSE91_STU00221,TORONTO_LSE91_0243
TORONTO_LSE91_STU00222,TORONTO_LSE91_0088
TORONTO_LSE91_STU00222,TORONTO_LSE91_0199
TORONTO_LSE91_STU00222,TORONTO_LSE91_0200
TORONTO_LSE91_STU00222,TORONTO_LSE91_0201
TORONTO_LSE91_STU00222,TORONTO_LSE91_0257
TORONTO_LSE91_STU00223,TORONTO_LSE91_0080
TORONTO_LSE91_STU00223,TORONTO_LSE91_0373
TORONTO_LSE91_STU00224,TORONTO_LSE91_0079
TORONTO_LSE91_STU00224,TORONTO_LSE91_0087
TORONTO_LSE91_STU00224,TORONTO_LSE91_0090
TORONTO_LSE91_STU00224,TORONTO_LSE91_0313
TORONTO_LSE91_STU00225,TORONTO_LSE91_0199
TORONTO_LSE91_STU00225,TORONTO_LSE91_0200
TORONTO_LSE91_STU00225,TORONTO_LSE91_0201
TORONTO_LSE91_STU00225,TORONTO_LSE91_0202
TORONTO_LSE91_STU00225,TORONTO_LSE91_0373
TORONTO_LSE91_STU00226,TORONTO_LSE91_0199
TORONTO_LSE91_STU00226,TORONTO_LSE91_0200
TORONTO_LSE91_STU00226,TORONTO_LSE91_0201
TORONTO_LSE91_STU00226,TORONTO_LSE91_0202
TORONTO_LSE91_STU00226,TORONTO_LSE91_0241
TORONTO_LSE91_STU00226,TORONTO_LSE91_0263
TORONTO_LSE91_STU00227,TORONTO_LSE91_0060
TORONTO_LSE91_STU00227,TORONTO_LSE91_0066
TORONTO_LSE91_STU00227,TORONTO_LSE91_0068
TORONTO_LSE91_STU00227,TORONTO_LSE91_0089
TORONTO_LSE91_STU00228,TORONTO_LSE91_0047
TORONTO_LSE91_STU00228,TORONTO_LSE91_0049
TORONTO_LSE91_STU00228,TORONTO_LSE91_0348
TORONTO_LSE91_STU00228,TORONTO_LSE91_0351
TORONTO_LSE91_STU00229,TORONTO_LSE91_0085
TORONTO_LSE91_STU00229,TORONTO_LSE91_0135
TORONTO_LSE91_STU00229,TORONTO_LSE91_0154
TORONTO_LSE91_STU00229,TORONTO_LSE91_0257
TORONTO_LSE91_STU00230,TORONTO_LSE91_0003
TORONTO_LSE91_STU00230,TORONTO_LSE91_0004
TORONTO_LSE91_STU00230,TORONTO_LSE91_0229
TORONTO_LSE91_STU00230,TORONTO_LSE91_0268
TORONTO_LSE91_STU00231,TORONTO_LSE91_0199
TORONTO_LSE91_STU00231,TORONTO_LSE91_0200
TORONTO_LSE91_STU00231,TORONTO_LSE91_0201
TORONTO_LSE91_STU00231,TORONTO_LSE91_0203
TORONTO_LSE91_STU00232,TORONTO_LSE91_0199
TORONTO_LSE91_STU00232,TORONTO_LSE91_0200
TORONTO_LSE91_STU00232,TORONTO_LSE91_0201
TORONTO_LSE91_STU00232,TORONTO_LSE91_0204
TORONTO_LSE91_STU00233,TORONTO_LSE91_0078
TORONTO_LSE91_STU00233,TORONTO_LSE91_0080
TORONTO_LSE91_STU00233,TORONTO_LSE91_0089
TORONTO_LSE91_STU00233,TORONTO_LSE91_0102
TORONTO_LSE91_STU00233,TORONTO_LSE91_0267
TORONTO_LSE91_STU00234,TORONTO_LSE91_0199
TORONTO_LSE91_STU00234,TORONTO_LSE91_0200
TORONTO_LSE91_STU00234,TORONTO_LSE91_0201
TORONTO_LSE91_STU00234,TORONTO_LSE91_0203
TORONTO_LSE91_STU00234,TORONTO_LSE91_0204
TORONTO_LSE91_STU00235,TORONTO_LSE91_0313
TORONTO_LSE91_STU00235,TORONTO_LSE91_0314
TORONTO_LSE91_STU00235,TORONTO_LSE91_0318
TORONTO_LSE91_STU00236,TORONTO_LSE91_0231
TORONTO_LSE91_STU00236,TORONTO_LSE91_0233
TORONTO_LSE91_STU00236,TORONTO_LSE91_0239
TORONTO_LSE91_STU00236,TORONTO_LSE91_0253
TORONTO_LSE91_STU00236,TORONTO_LSE91_0254
TORONTO_LSE91_STU00237,TORONTO_LSE91_0075
TORONTO_LSE91_STU00237,TORONTO_LSE91_0092
TORONTO_LSE91_STU00237,TORONTO_LSE91_0139
TORONTO_LSE91_STU00237,TORONTO_LSE91_0145
TORONTO_LSE91_STU00237,TORONTO_LSE91_0146
TORONTO_LSE91_STU00237,TORONTO_LSE91_0149
TORONTO_LSE91_STU00238,TORONTO_LSE91_0058
TORONTO_LSE91_STU00238,TORONTO_LSE91_0064
TORONTO_LSE91_STU00238,TORONTO_LSE91_0065
TORONTO_LSE91_STU00238,TORONTO_LSE91_0278
TORONTO_LSE91_STU00239,TORONTO_LSE91_0036
TORONTO_LSE91_STU00239,TORONTO_LSE91_0041
TORONTO_LSE91_STU00239,TORONTO_LSE91_0044
TORONTO_LSE91_STU00239,TORONTO_LSE91_0241
TORONTO_LSE91_STU00240,TORONTO_LSE91_0080
TORONTO_LSE91_STU00240,TORONTO_LSE91_0085
TORONTO_LSE91_STU00240,TORONTO_LSE91_0097
TORONTO_LSE91_STU00240,TORONTO_LSE91_0134
TORONTO_LSE91_STU00241,TORONTO_LSE91_0036
TORONTO_LSE91_STU00241,TORONTO_LSE91_0041
TORONTO_LSE91_STU00241,TORONTO_LSE91_0042
TORONTO_LSE91_STU00241,TORONTO_LSE91_0268
TORONTO_LSE91_STU00242,TORONTO_LSE91_0033
TORONTO_LSE91_STU00242,TORONTO_LSE91_0047
TORONTO_LSE91_STU00242,TORONTO_LSE91_0269
TORONTO_LSE91_STU00243,TORONTO_LSE91_0074
TORONTO_LSE91_STU00243,TORONTO_LSE91_0083
TORONTO_LSE91_STU00243,TORONTO_LSE91_0085
TORONTO_LSE91_STU00243,TORONTO_LSE91_0099
TORONTO_LSE91_STU00243,TORONTO_LSE91_0262
TORONTO_LSE91_STU00244,TORONTO_LSE91_0075
TORONTO_LSE91_STU00244,TORONTO_LSE91_0076
TORONTO_LSE91_STU00244,TORONTO_LSE91_0090
TORONTO_LSE91_STU00244,TORONTO_LSE91_0096
TORONTO_LSE91_STU00244,TORONTO_LSE91_0225
TORONTO_LSE91_STU00245,TORONTO_LSE91_0058
TORONTO_LSE91_STU00245,TORONTO_LSE91_0062
TORONTO_LSE91_STU00245,TORONTO_LSE91_0064
TORONTO_LSE91_STU00245,TORONTO_LSE91_0065
TORONTO_LSE91_STU00245,TORONTO_LSE91_0136
TORONTO_LSE91_STU00246,TORONTO_LSE91_0269
TORONTO_LSE91_STU00246,TORONTO_LSE91_0344
TORONTO_LSE91_STU00246,TORONTO_LSE91_0345
TORONTO_LSE91_STU00246,TORONTO_LSE91_0350
TORONTO_LSE91_STU00246,TORONTO_LSE91_0351
TORONTO_LSE91_STU00247,TORONTO_LSE91_0026
TORONTO_LSE91_STU00247,TORONTO_LSE91_0030
TORONTO_LSE91_STU00247,TORONTO_LSE91_0032
TORONTO_LSE91_STU00247,TORONTO_LSE91_0036
TORONTO_LSE91_STU00247,TORONTO_LSE91_0037
TORONTO_LSE91_STU00247,TORONTO_LSE91_0038
TORONTO_LSE91_STU00248,TORONTO_LSE91_0008
TORONTO_LSE91_STU00248,TORONTO_LSE91_0287
TORONTO_LSE91_STU00248,TORONTO_LSE91_0288
TORONTO_LSE91_STU00249,TORONTO_LSE91_0041
TORONTO_LSE91_STU00249,TORONTO_LSE91_0042
TORONTO_LSE91_STU00249,TORONTO_LSE91_0066
TORONTO_LSE91_STU00250,TORONTO_LSE91_0231
TORONTO_LSE91_STU00250,TORONTO_LSE91_0238
TORONTO_LSE91_STU00250,TORONTO_LSE91_0241
TORONTO_LSE91_STU00250,TORONTO_LSE91_0242
TORONTO_LSE91_STU00251,TORONTO_LSE91_0031
TORONTO_LSE91_STU00251,TORONTO_LSE91_0036
TORONTO_LSE91_STU00251,TORONTO_LSE91_0044
TORONTO_LSE91_STU00251,TORONTO_LSE91_0229
TORONTO_LSE91_STU00252,TORONTO_LSE91_0003
TORONTO_LSE91_STU00252,TORONTO_LSE91_0004
TORONTO_LSE91_STU00252,TORONTO_LSE91_0030
TORONTO_LSE91_STU00252,TORONTO_LSE91_0229
TORONTO_LSE91_STU00253,TORONTO_LSE91_0036
TORONTO_LSE91_STU00253,TORONTO_LSE91_0044
TORONTO_LSE91_STU00253,TORONTO_LSE91_0229
TORONTO_LSE91_STU00253,TORONTO_LSE91_0361
TORONTO_LSE91_STU00254,TORONTO_LSE91_0003
TORONTO_LSE91_STU00254,TORONTO_LSE91_0004
TORONTO_LSE91_STU00254,TORONTO_LSE91_0229
TORONTO_LSE91_STU00254,TORONTO_LSE91_0323
TORONTO_LSE91_STU00255,TORONTO_LSE91_0172
TORONTO_LSE91_STU00255,TORONTO_LSE91_0231
TORONTO_LSE91_STU00255,TORONTO_LSE91_0234
TORONTO_LSE91_STU00255,TORONTO_LSE91_0241
TORONTO_LSE91_STU00256,TORONTO_LSE91_0231
TORONTO_LSE91_STU00256,TORONTO_LSE91_0232
TORONTO_LSE91_STU00256,TORONTO_LSE91_0250
TORONTO_LSE91_STU00257,TORONTO_LSE91_0199
TORONTO_LSE91_STU00257,TORONTO_LSE91_0200
TORONTO_LSE91_STU00257,TORONTO_LSE91_0201
TORONTO_LSE91_STU00257,TORONTO_LSE91_0204
TORONTO_LSE91_STU00257,TORONTO_LSE91_0373
TORONTO_LSE91_STU00258,TORONTO_LSE91_0173
TORONTO_LSE91_STU00258,TORONTO_LSE91_0231
TORONTO_LSE91_STU00258,TORONTO_LSE91_0234
TORONTO_LSE91_STU00259,TORONTO_LSE91_0033
TORONTO_LSE91_STU00259,TORONTO_LSE91_0036
TORONTO_LSE91_STU00259,TORONTO_LSE91_0041
TORONTO_LSE91_STU00259,TORONTO_LSE91_0044
TORONTO_LSE91_STU00260,TORONTO_LSE91_0037
TORONTO_LSE91_STU00260,TORONTO_LSE91_0046
TORONTO_LSE91_STU00260,TORONTO_LSE91_0047
TORONTO_LSE91_STU00260,TORONTO_LSE91_0269
TORONTO_LSE91_STU00261,TORONTO_LSE91_0295
TORONTO_LSE91_STU00261,TORONTO_LSE91_0297
TORONTO_LSE91_STU00261,TORONTO_LSE91_0302
TORONTO_LSE91_STU00261,TORONTO_LSE91_0303
TORONTO_LSE91_STU00262,TORONTO_LSE91_0036
TORONTO_LSE91_STU00262,TORONTO_LSE91_0039
TORONTO_LSE91_STU00262,TORONTO_LSE91_0040
TORONTO_LSE91_STU00262,TORONTO_LSE91_0041
TORONTO_LSE91_STU00263,TORONTO_LSE91_0036
TORONTO_LSE91_STU00263,TORONTO_LSE91_0039
TORONTO_LSE91_STU00263,TORONTO_LSE91_0041
TORONTO_LSE91_STU00263,TORONTO_LSE91_0042
TORONTO_LSE91_STU00264,TORONTO_LSE91_0059
TORONTO_LSE91_STU00265,TORONTO_LSE91_0115
TORONTO_LSE91_STU00265,TORONTO_LSE91_0119
TORONTO_LSE91_STU00265,TORONTO_LSE91_0130
TORONTO_LSE91_STU00266,TORONTO_LSE91_0199
TORONTO_LSE91_STU00266,TORONTO_LSE91_0200
TORONTO_LSE91_STU00266,TORONTO_LSE91_0201
TORONTO_LSE91_STU00266,TORONTO_LSE91_0202
TORONTO_LSE91_STU00266,TORONTO_LSE91_0204
TORONTO_LSE91_STU00267,TORONTO_LSE91_0030
TORONTO_LSE91_STU00267,TORONTO_LSE91_0036
TORONTO_LSE91_STU00267,TORONTO_LSE91_0042
TORONTO_LSE91_STU00267,TORONTO_LSE91_0044
TORONTO_LSE91_STU00267,TORONTO_LSE91_0229
TORONTO_LSE91_STU00268,TORONTO_LSE91_0003
TORONTO_LSE91_STU00268,TORONTO_LSE91_0004
TORONTO_LSE91_STU00268,TORONTO_LSE91_0031
TORONTO_LSE91_STU00268,TORONTO_LSE91_0229
TORONTO_LSE91_STU00269,TORONTO_LSE91_0084
TORONTO_LSE91_STU00269,TORONTO_LSE91_0087
TORONTO_LSE91_STU00269,TORONTO_LSE91_0199
TORONTO_LSE91_STU00269,TORONTO_LSE91_0200
TORONTO_LSE91_STU00269,TORONTO_LSE91_0201
TORONTO_LSE91_STU00270,TORONTO_LSE91_0174
TORONTO_LSE91_STU00270,TORONTO_LSE91_0231
TORONTO_LSE91_STU00270,TORONTO_LSE91_0241
TORONTO_LSE91_STU00270,TORONTO_LSE91_0243
TORONTO_LSE91_STU00271,TORONTO_LSE91_0116
TORONTO_LSE91_STU00271,TORONTO_LSE91_0118
TORONTO_LSE91_STU00271,TORONTO_LSE91_0282
TORONTO_LSE91_STU00272,TORONTO_LSE91_0048
TORONTO_LSE91_STU00272,TORONTO_LSE91_0049
TORONTO_LSE91_STU00272,TORONTO_LSE91_0362
TORONTO_LSE91_STU00273,TORONTO_LSE91_0057
TORONTO_LSE91_STU00273,TORONTO_LSE91_0063
TORONTO_LSE91_STU00273,TORONTO_LSE91_0064
TORONTO_LSE91_STU00273,TORONTO_LSE91_0065
TORONTO_LSE91_STU00274,TORONTO_LSE91_0033
TORONTO_LSE91_STU00274,TORONTO_LSE91_0049
TORONTO_LSE91_STU00274,TORONTO_LSE91_0269
TORONTO_LSE91_STU00275,TORONTO_LSE91_0036
TORONTO_LSE91_STU00275,TORONTO_LSE91_0037
TORONTO_LSE91_STU00275,TORONTO_LSE91_0038
TORONTO_LSE91_STU00275,TORONTO_LSE91_0281
TORONTO_LSE91_STU00276,TORONTO_LSE91_0033
TORONTO_LSE91_STU00276,TORONTO_LSE91_0049
TORONTO_LSE91_STU00276,TORONTO_LSE91_0269
TORONTO_LSE91_STU00277,TORONTO_LSE91_0199
TORONTO_LSE91_STU00277,TORONTO_LSE91_0200
TORONTO_LSE91_STU00277,TORONTO_LSE91_0201
TORONTO_LSE91_STU00277,TORONTO_LSE91_0203
TORONTO_LSE91_STU00277,TORONTO_LSE91_0257
TORONTO_LSE91_STU00278,TORONTO_LSE91_0030
TORONTO_LSE91_STU00278,TORONTO_LSE91_0033
TORONTO_LSE91_STU00278,TORONTO_LSE91_0036
TORONTO_LSE91_STU00278,TORONTO_LSE91_0039
TORONTO_LSE91_STU00278,TORONTO_LSE91_0040
TORONTO_LSE91_STU00279,TORONTO_LSE91_0008
TORONTO_LSE91_STU00279,TORONTO_LSE91_0199
TORONTO_LSE91_STU00279,TORONTO_LSE91_0200
TORONTO_LSE91_STU00279,TORONTO_LSE91_0201
TORONTO_LSE91_STU00279,TORONTO_LSE91_0202
TORONTO_LSE91_STU00280,TORONTO_LSE91_0030
TORONTO_LSE91_STU00280,TORONTO_LSE91_0032
TORONTO_LSE91_STU00280,TORONTO_LSE91_0036
TORONTO_LSE91_STU00280,TORONTO_LSE91_0044
TORONTO_LSE91_STU00280,TORONTO_LSE91_0229
TORONTO_LSE91_STU00280,TORONTO_LSE91_0357
TORONTO_LSE91_STU00280,TORONTO_LSE91_0358
TORONTO_LSE91_STU00280,TORONTO_LSE91_0361
TORONTO_LSE91_STU00281,TORONTO_LSE91_0086
TORONTO_LSE91_STU00281,TORONTO_LSE91_0199
TORONTO_LSE91_STU00281,TORONTO_LSE91_0200
TORONTO_LSE91_STU00281,TORONTO_LSE91_0201
TORONTO_LSE91_STU00281,TORONTO_LSE91_0242
TORONTO_LSE91_STU00282,TORONTO_LSE91_0118
TORONTO_LSE91_STU00282,TORONTO_LSE91_0282
TORONTO_LSE91_STU00282,TORONTO_LSE91_0284
TORONTO_LSE91_STU00283,TORONTO_LSE91_0231
TORONTO_LSE91_STU00283,TORONTO_LSE91_0234
TORONTO_LSE91_STU00283,TORONTO_LSE91_0238
TORONTO_LSE91_STU00283,TORONTO_LSE91_0242
TORONTO_LSE91_STU00284,TORONTO_LSE91_0043
TORONTO_LSE91_STU00284,TORONTO_LSE91_0271
TORONTO_LSE91_STU00284,TORONTO_LSE91_0273
TORONTO_LSE91_STU00284,TORONTO_LSE91_0281
TORONTO_LSE91_STU00285,TORONTO_LSE91_0075
TORONTO_LSE91_STU00285,TORONTO_LSE91_0231
TORONTO_LSE91_STU00285,TORONTO_LSE91_0238
TORONTO_LSE91_STU00285,TORONTO_LSE91_0249
TORONTO_LSE91_STU00286,TORONTO_LSE91_0004
TORONTO_LSE91_STU00286,TORONTO_LSE91_0031
TORONTO_LSE91_STU00286,TORONTO_LSE91_0036
TORONTO_LSE91_STU00286,TORONTO_LSE91_0044
TORONTO_LSE91_STU00287,TORONTO_LSE91_0076
TORONTO_LSE91_STU00287,TORONTO_LSE91_0080
TORONTO_LSE91_STU00288,TORONTO_LSE91_0231
TORONTO_LSE91_STU00288,TORONTO_LSE91_0232
TORONTO_LSE91_STU00288,TORONTO_LSE91_0244
TORONTO_LSE91_STU00288,TORONTO_LSE91_0250
TORONTO_LSE91_STU00289,TORONTO_LSE91_0036
TORONTO_LSE91_STU00289,TORONTO_LSE91_0039
TORONTO_LSE91_STU00289,TORONTO_LSE91_0040
TORONTO_LSE91_STU00289,TORONTO_LSE91_0042
TORONTO_LSE91_STU00290,TORONTO_LSE91_0030
TORONTO_LSE91_STU00290,TORONTO_LSE91_0036
TORONTO_LSE91_STU00290,TORONTO_LSE91_0041
TORONTO_LSE91_STU00290,TORONTO_LSE91_0044
TORONTO_LSE91_STU00290,TORONTO_LSE91_0282
TORONTO_LSE91_STU00291,TORONTO_LSE91_0001
TORONTO_LSE91_STU00291,TORONTO_LSE91_0036
TORONTO_LSE91_STU00291,TORONTO_LSE91_0041
TORONTO_LSE91_STU00291,TORONTO_LSE91_0042
TORONTO_LSE91_STU00292,TORONTO_LSE91_0028
TORONTO_LSE91_STU00292,TORONTO_LSE91_0030
TORONTO_LSE91_STU00292,TORONTO_LSE91_0035
TORONTO_LSE91_STU00292,TORONTO_LSE91_0036
TORONTO_LSE91_STU00292,TORONTO_LSE91_0039
TORONTO_LSE91_STU00292,TORONTO_LSE91_0040
TORONTO_LSE91_STU00293,TORONTO_LSE91_0025
TORONTO_LSE91_STU00293,TORONTO_LSE91_0231
TORONTO_LSE91_STU00293,TORONTO_LSE91_0234
TORONTO_LSE91_STU00293,TORONTO_LSE91_0236
TORONTO_LSE91_STU00294,TORONTO_LSE91_0036
TORONTO_LSE91_STU00294,TORONTO_LSE91_0041
TORONTO_LSE91_STU00294,TORONTO_LSE91_0042
TORONTO_LSE91_STU00294,TORONTO_LSE91_0282
TORONTO_LSE91_STU00295,TORONTO_LSE91_0269
TORONTO_LSE91_STU00295,TORONTO_LSE91_0341
TORONTO_LSE91_STU00295,TORONTO_LSE91_0356
TORONTO_LSE91_STU00295,TORONTO_LSE91_0357
TORONTO_LSE91_STU00296,TORONTO_LSE91_0077
TORONTO_LSE91_STU00296,TORONTO_LSE91_0100
TORONTO_LSE91_STU00296,TORONTO_LSE91_0146
TORONTO_LSE91_STU00296,TORONTO_LSE91_0267
TORONTO_LSE91_STU00297,TORONTO_LSE91_0028
TORONTO_LSE91_STU00297,TORONTO_LSE91_0030
TORONTO_LSE91_STU00297,TORONTO_LSE91_0031
TORONTO_LSE91_STU00297,TORONTO_LSE91_0282
TORONTO_LSE91_STU00298,TORONTO_LSE91_0003
TORONTO_LSE91_STU00298,TORONTO_LSE91_0004
TORONTO_LSE91_STU00298,TORONTO_LSE91_0038
TORONTO_LSE91_STU00298,TORONTO_LSE91_0229
TORONTO_LSE91_STU00299,TORONTO_LSE91_0199
TORONTO_LSE91_STU00299,TORONTO_LSE91_0200
TORONTO_LSE91_STU00299,TORONTO_LSE91_0201
TORONTO_LSE91_STU00299,TORONTO_LSE91_0202
TORONTO_LSE91_STU00299,TORONTO_LSE91_0206
TORONTO_LSE91_STU00300,TORONTO_LSE91_0231
TORONTO_LSE91_STU00300,TORONTO_LSE91_0232
TORONTO_LSE91_STU00300,TORONTO_LSE91_0243
TORONTO_LSE91_STU00300,TORONTO_LSE91_0267
TORONTO_LSE91_STU00301,TORONTO_LSE91_0146
TORONTO_LSE91_STU00301,TORONTO_LSE91_0199
TORONTO_LSE91_STU00301,TORONTO_LSE91_0200
TORONTO_LSE91_STU00301,TORONTO_LSE91_0201
TORONTO_LSE91_STU00301,TORONTO_LSE91_0204
TORONTO_LSE91_STU00302,TORONTO_LSE91_0339
TORONTO_LSE91_STU00302,TORONTO_LSE91_0346
TORONTO_LSE91_STU00303,TORONTO_LSE91_0003
TORONTO_LSE91_STU00303,TORONTO_LSE91_0004
TORONTO_LSE91_STU00303,TORONTO_LSE91_0038
TORONTO_LSE91_STU00303,TORONTO_LSE91_0229
TORONTO_LSE91_STU00304,TORONTO_LSE91_0142
TORONTO_LSE91_STU00304,TORONTO_LSE91_0199
TORONTO_LSE91_STU00304,TORONTO_LSE91_0200
TORONTO_LSE91_STU00304,TORONTO_LSE91_0201
TORONTO_LSE91_STU00304,TORONTO_LSE91_0204
TORONTO_LSE91_STU00305,TORONTO_LSE91_0059
TORONTO_LSE91_STU00305,TORONTO_LSE91_0061
TORONTO_LSE91_STU00306,TORONTO_LSE91_0003
TORONTO_LSE91_STU00306,TORONTO_LSE91_0004
TORONTO_LSE91_STU00306,TORONTO_LSE91_0146
TORONTO_LSE91_STU00306,TORONTO_LSE91_0229
TORONTO_LSE91_STU00306,TORONTO_LSE91_0361
TORONTO_LSE91_STU00307,TORONTO_LSE91_0001
TORONTO_LSE91_STU00307,TORONTO_LSE91_0028
TORONTO_LSE91_STU00307,TORONTO_LSE91_0030
TORONTO_LSE91_STU00307,TORONTO_LSE91_0032
TORONTO_LSE91_STU00307,TORONTO_LSE91_0350
TORONTO_LSE91_STU00307,TORONTO_LSE91_0351
TORONTO_LSE91_STU00308,TORONTO_LSE91_0191
TORONTO_LSE91_STU00308,TORONTO_LSE91_0283
TORONTO_LSE91_STU00308,TORONTO_LSE91_0341
TORONTO_LSE91_STU00308,TORONTO_LSE91_0366
TORONTO_LSE91_STU00309,TORONTO_LSE91_0004
TORONTO_LSE91_STU00309,TORONTO_LSE91_0229
TORONTO_LSE91_STU00309,TORONTO_LSE91_0269
TORONTO_LSE91_STU00309,TORONTO_LSE91_0323
TORONTO_LSE91_STU00310,TORONTO_LSE91_0003
TORONTO_LSE91_STU00310,TORONTO_LSE91_0004
TORONTO_LSE91_STU00310,TORONTO_LSE91_0040
TORONTO_LSE91_STU00310,TORONTO_LSE91_0229
TORONTO_LSE91_STU00311,TORONTO_LSE91_0231
TORONTO_LSE91_STU00311,TORONTO_LSE91_0236
TORONTO_LSE91_STU00311,TORONTO_LSE91_0237
TORONTO_LSE91_STU00312,TORONTO_LSE91_0036
TORONTO_LSE91_STU00312,TORONTO_LSE91_0044
TORONTO_LSE91_STU00312,TORONTO_LSE91_0341
TORONTO_LSE91_STU00312,TORONTO_LSE91_0361
TORONTO_LSE91_STU00313,TORONTO_LSE91_0057
TORONTO_LSE91_STU00313,TORONTO_LSE91_0074
TORONTO_LSE91_STU00313,TORONTO_LSE91_0135
TORONTO_LSE91_STU00313,TORONTO_LSE91_0138
TORONTO_LSE91_STU00313,TORONTO_LSE91_0143
TORONTO_LSE91_STU00313,TORONTO_LSE91_0152
TORONTO_LSE91_STU00314,TORONTO_LSE91_0036
TORONTO_LSE91_STU00314,TORONTO_LSE91_0039
TORONTO_LSE91_STU00314,TORONTO_LSE91_0040
TORONTO_LSE91_STU00314,TORONTO_LSE91_0041
TORONTO_LSE91_STU00315,TORONTO_LSE91_0001
TORONTO_LSE91_STU00315,TORONTO_LSE91_0036
TORONTO_LSE91_STU00315,TORONTO_LSE91_0044
TORONTO_LSE91_STU00315,TORONTO_LSE91_0229
TORONTO_LSE91_STU00316,TORONTO_LSE91_0003
TORONTO_LSE91_STU00316,TORONTO_LSE91_0004
TORONTO_LSE91_STU00316,TORONTO_LSE91_0055
TORONTO_LSE91_STU00316,TORONTO_LSE91_0229
TORONTO_LSE91_STU00317,TORONTO_LSE91_0086
TORONTO_LSE91_STU00317,TORONTO_LSE91_0142
TORONTO_LSE91_STU00317,TORONTO_LSE91_0241
TORONTO_LSE91_STU00318,TORONTO_LSE91_0003
TORONTO_LSE91_STU00318,TORONTO_LSE91_0004
TORONTO_LSE91_STU00318,TORONTO_LSE91_0038
TORONTO_LSE91_STU00318,TORONTO_LSE91_0229
TORONTO_LSE91_STU00319,TORONTO_LSE91_0027
TORONTO_LSE91_STU00319,TORONTO_LSE91_0063
TORONTO_LSE91_STU00319,TORONTO_LSE91_0066
TORONTO_LSE91_STU00320,TORONTO_LSE91_0175
TORONTO_LSE91_STU00320,TORONTO_LSE91_0231
TORONTO_LSE91_STU00320,TORONTO_LSE91_0232
TORONTO_LSE91_STU00320,TORONTO_LSE91_0234
TORONTO_LSE91_STU00321,TORONTO_LSE91_0003
TORONTO_LSE91_STU00321,TORONTO_LSE91_0004
TORONTO_LSE91_STU00321,TORONTO_LSE91_0031
TORONTO_LSE91_STU00321,TORONTO_LSE91_0229
TORONTO_LSE91_STU00322,TORONTO_LSE91_0199
TORONTO_LSE91_STU00322,TORONTO_LSE91_0200
TORONTO_LSE91_STU00322,TORONTO_LSE91_0201
TORONTO_LSE91_STU00322,TORONTO_LSE91_0204
TORONTO_LSE91_STU00322,TORONTO_LSE91_0370
TORONTO_LSE91_STU00323,TORONTO_LSE91_0036
TORONTO_LSE91_STU00323,TORONTO_LSE91_0044
TORONTO_LSE91_STU00323,TORONTO_LSE91_0229
TORONTO_LSE91_STU00323,TORONTO_LSE91_0289
TORONTO_LSE91_STU00324,TORONTO_LSE91_0076
TORONTO_LSE91_STU00324,TORONTO_LSE91_0085
TORONTO_LSE91_STU00324,TORONTO_LSE91_0136
TORONTO_LSE91_STU00324,TORONTO_LSE91_0139
TORONTO_LSE91_STU00324,TORONTO_LSE91_0146
TORONTO_LSE91_STU00325,TORONTO_LSE91_0002
TORONTO_LSE91_STU00325,TORONTO_LSE91_0191
TORONTO_LSE91_STU00325,TORONTO_LSE91_0341
TORONTO_LSE91_STU00325,TORONTO_LSE91_0366
TORONTO_LSE91_STU00326,TORONTO_LSE91_0003
TORONTO_LSE91_STU00326,TORONTO_LSE91_0004
TORONTO_LSE91_STU00326,TORONTO_LSE91_0005
TORONTO_LSE91_STU00326,TORONTO_LSE91_0229
TORONTO_LSE91_STU00327,TORONTO_LSE91_0013
TORONTO_LSE91_STU00327,TORONTO_LSE91_0014
TORONTO_LSE91_STU00327,TORONTO_LSE91_0016
TORONTO_LSE91_STU00327,TORONTO_LSE91_0018
TORONTO_LSE91_STU00327,TORONTO_LSE91_0019
TORONTO_LSE91_STU00327,TORONTO_LSE91_0020
TORONTO_LSE91_STU00328,TORONTO_LSE91_0036
TORONTO_LSE91_STU00328,TORONTO_LSE91_0039
TORONTO_LSE91_STU00328,TORONTO_LSE91_0040
TORONTO_LSE91_STU00328,TORONTO_LSE91_0041
TORONTO_LSE91_STU00329,TORONTO_LSE91_0172
TORONTO_LSE91_STU00329,TORONTO_LSE91_0231
TORONTO_LSE91_STU00329,TORONTO_LSE91_0234
TORONTO_LSE91_STU00329,TORONTO_LSE91_0237
TORONTO_LSE91_STU00330,TORONTO_LSE91_0036
TORONTO_LSE91_STU00330,TORONTO_LSE91_0041
TORONTO_LSE91_STU00330,TORONTO_LSE91_0042
TORONTO_LSE91_STU00330,TORONTO_LSE91_0320
TORONTO_LSE91_STU00331,TORONTO_LSE91_0231
TORONTO_LSE91_STU00331,TORONTO_LSE91_0237
TORONTO_LSE91_STU00331,TORONTO_LSE91_0239
TORONTO_LSE91_STU00331,TORONTO_LSE91_0241
TORONTO_LSE91_STU00332,TORONTO_LSE91_0035
TORONTO_LSE91_STU00332,TORONTO_LSE91_0036
TORONTO_LSE91_STU00332,TORONTO_LSE91_0041
TORONTO_LSE91_STU00332,TORONTO_LSE91_0042
TORONTO_LSE91_STU00333,TORONTO_LSE91_0003
TORONTO_LSE91_STU00333,TORONTO_LSE91_0004
TORONTO_LSE91_STU00333,TORONTO_LSE91_0030
TORONTO_LSE91_STU00333,TORONTO_LSE91_0229
TORONTO_LSE91_STU00333,TORONTO_LSE91_0361
TORONTO_LSE91_STU00334,TORONTO_LSE91_0199
TORONTO_LSE91_STU00334,TORONTO_LSE91_0200
TORONTO_LSE91_STU00334,TORONTO_LSE91_0201
TORONTO_LSE91_STU00334,TORONTO_LSE91_0202
TORONTO_LSE91_STU00335,TORONTO_LSE91_0003
TORONTO_LSE91_STU00335,TORONTO_LSE91_0004
TORONTO_LSE91_STU00335,TORONTO_LSE91_0005
TORONTO_LSE91_STU00335,TORONTO_LSE91_0229
TORONTO_LSE91_STU00336,TORONTO_LSE91_0344
TORONTO_LSE91_STU00336,TORONTO_LSE91_0345
TORONTO_LSE91_STU00336,TORONTO_LSE91_0350
TORONTO_LSE91_STU00336,TORONTO_LSE91_0351
TORONTO_LSE91_STU00336,TORONTO_LSE91_0362
TORONTO_LSE91_STU00337,TORONTO_LSE91_0146
TORONTO_LSE91_STU00337,TORONTO_LSE91_0231
TORONTO_LSE91_STU00337,TORONTO_LSE91_0234
TORONTO_LSE91_STU00337,TORONTO_LSE91_0243
TORONTO_LSE91_STU00338,TORONTO_LSE91_0033
TORONTO_LSE91_STU00338,TORONTO_LSE91_0036
TORONTO_LSE91_STU00338,TORONTO_LSE91_0037
TORONTO_LSE91_STU00338,TORONTO_LSE91_0038
TORONTO_LSE91_STU00339,TORONTO_LSE91_0001
TORONTO_LSE91_STU00339,TORONTO_LSE91_0047
TORONTO_LSE91_STU00339,TORONTO_LSE91_0049
TORONTO_LSE91_STU00340,TORONTO_LSE91_0080
TORONTO_LSE91_STU00340,TORONTO_LSE91_0089
TORONTO_LSE91_STU00340,TORONTO_LSE91_0090
TORONTO_LSE91_STU00340,TORONTO_LSE91_0095
TORONTO_LSE91_STU00340,TORONTO_LSE91_0367
TORONTO_LSE91_STU00341,TORONTO_LSE91_0231
TORONTO_LSE91_STU00341,TORONTO_LSE91_0237
TORONTO_LSE91_STU00341,TORONTO_LSE91_0241
TORONTO_LSE91_STU00341,TORONTO_LSE91_0253
TORONTO_LSE91_STU00341,TORONTO_LSE91_0254
TORONTO_LSE91_STU00342,TORONTO_LSE91_0001
TORONTO_LSE91_STU00342,TORONTO_LSE91_0023
TORONTO_LSE91_STU00342,TORONTO_LSE91_0026
TORONTO_LSE91_STU00342,TORONTO_LSE91_0336
TORONTO_LSE91_STU00343,TORONTO_LSE91_0086
TORONTO_LSE91_STU00343,TORONTO_LSE91_0135
TORONTO_LSE91_STU00343,TORONTO_LSE91_0138
TORONTO_LSE91_STU00343,TORONTO_LSE91_0151
TORONTO_LSE91_STU00343,TORONTO_LSE91_0152
TORONTO_LSE91_STU00344,TORONTO_LSE91_0031
TORONTO_LSE91_STU00344,TORONTO_LSE91_0033
TORONTO_LSE91_STU00344,TORONTO_LSE91_0036
TORONTO_LSE91_STU00344,TORONTO_LSE91_0044
TORONTO_LSE91_STU00345,TORONTO_LSE91_0004
TORONTO_LSE91_STU00345,TORONTO_LSE91_0229
TORONTO_LSE91_STU00345,TORONTO_LSE91_0352
TORONTO_LSE91_STU00346,TORONTO_LSE91_0059
TORONTO_LSE91_STU00346,TORONTO_LSE91_0060
TORONTO_LSE91_STU00346,TORONTO_LSE91_0306
TORONTO_LSE91_STU00347,TORONTO_LSE91_0030
TORONTO_LSE91_STU00347,TORONTO_LSE91_0036
TORONTO_LSE91_STU00347,TORONTO_LSE91_0037
TORONTO_LSE91_STU00347,TORONTO_LSE91_0038
TORONTO_LSE91_STU00347,TORONTO_LSE91_0133
TORONTO_LSE91_STU00347,TORONTO_LSE91_0135
TORONTO_LSE91_STU00348,TORONTO_LSE91_0270
TORONTO_LSE91_STU00348,TORONTO_LSE91_0369
TORONTO_LSE91_STU00348,TORONTO_LSE91_0375
TORONTO_LSE91_STU00349,TORONTO_LSE91_0269
TORONTO_LSE91_STU00349,TORONTO_LSE91_0289
TORONTO_LSE91_STU00349,TORONTO_LSE91_0344
TORONTO_LSE91_STU00349,TORONTO_LSE91_0345
TORONTO_LSE91_STU00349,TORONTO_LSE91_0346
TORONTO_LSE91_STU00350,TORONTO_LSE91_0155
TORONTO_LSE91_STU00350,TORONTO_LSE91_0199
TORONTO_LSE91_STU00350,TORONTO_LSE91_0200
TORONTO_LSE91_STU00350,TORONTO_LSE91_0201
TORONTO_LSE91_STU00350,TORONTO_LSE91_0267
TORONTO_LSE91_STU00351,TORONTO_LSE91_0231
TORONTO_LSE91_STU00351,TORONTO_LSE91_0232
TORONTO_LSE91_STU00351,TORONTO_LSE91_0234
TORONTO_LSE91_STU00351,TORONTO_LSE91_0248
TORONTO_LSE91_STU00352,TORONTO_LSE91_0013
TORONTO_LSE91_STU00352,TORONTO_LSE91_0014
TORONTO_LSE91_STU00352,TORONTO_LSE91_0016
TORONTO_LSE91_STU00352,TORONTO_LSE91_0019
TORONTO_LSE91_STU00353,TORONTO_LSE91_0030
TORONTO_LSE91_STU00353,TORONTO_LSE91_0032
TORONTO_LSE91_STU00354,TORONTO_LSE91_0003
TORONTO_LSE91_STU00354,TORONTO_LSE91_0004
TORONTO_LSE91_STU00354,TORONTO_LSE91_0229
TORONTO_LSE91_STU00354,TORONTO_LSE91_0323
TORONTO_LSE91_STU00355,TORONTO_LSE91_0231
TORONTO_LSE91_STU00355,TORONTO_LSE91_0232
TORONTO_LSE91_STU00355,TORONTO_LSE91_0243
TORONTO_LSE91_STU00355,TORONTO_LSE91_0250
TORONTO_LSE91_STU00356,TORONTO_LSE91_0001
TORONTO_LSE91_STU00356,TORONTO_LSE91_0036
TORONTO_LSE91_STU00356,TORONTO_LSE91_0041
TORONTO_LSE91_STU00356,TORONTO_LSE91_0042
TORONTO_LSE91_STU00357,TORONTO_LSE91_0191
TORONTO_LSE91_STU00357,TORONTO_LSE91_0193
TORONTO_LSE91_STU00357,TORONTO_LSE91_0377
TORONTO_LSE91_STU00358,TORONTO_LSE91_0022
TORONTO_LSE91_STU00358,TORONTO_LSE91_0084
TORONTO_LSE91_STU00358,TORONTO_LSE91_0085
TORONTO_LSE91_STU00358,TORONTO_LSE91_0093
TORONTO_LSE91_STU00358,TORONTO_LSE91_0099
TORONTO_LSE91_STU00358,TORONTO_LSE91_0146
TORONTO_LSE91_STU00359,TORONTO_LSE91_0321
TORONTO_LSE91_STU00359,TORONTO_LSE91_0329
TORONTO_LSE91_STU00359,TORONTO_LSE91_0334
TORONTO_LSE91_STU00359,TORONTO_LSE91_0348
TORONTO_LSE91_STU00360,TORONTO_LSE91_0028
TORONTO_LSE91_STU00360,TORONTO_LSE91_0030
TORONTO_LSE91_STU00360,TORONTO_LSE91_0035
TORONTO_LSE91_STU00360,TORONTO_LSE91_0036
TORONTO_LSE91_STU00360,TORONTO_LSE91_0039
TORONTO_LSE91_STU00360,TORONTO_LSE91_0040
TORONTO_LSE91_STU00361,TORONTO_LSE91_0003
TORONTO_LSE91_STU00361,TORONTO_LSE91_0004
TORONTO_LSE91_STU00361,TORONTO_LSE91_0040
TORONTO_LSE91_STU00361,TORONTO_LSE91_0229
TORONTO_LSE91_STU00361,TORONTO_LSE91_0361
TORONTO_LSE91_STU00362,TORONTO_LSE91_0004
TORONTO_LSE91_STU00362,TORONTO_LSE91_0269
TORONTO_LSE91_STU00362,TORONTO_LSE91_0344
TORONTO_LSE91_STU00362,TORONTO_LSE91_0345
TORONTO_LSE91_STU00363,TORONTO_LSE91_0003
TORONTO_LSE91_STU00363,TORONTO_LSE91_0004
TORONTO_LSE91_STU00363,TORONTO_LSE91_0031
TORONTO_LSE91_STU00363,TORONTO_LSE91_0229
TORONTO_LSE91_STU00364,TORONTO_LSE91_0030
TORONTO_LSE91_STU00364,TORONTO_LSE91_0031
TORONTO_LSE91_STU00364,TORONTO_LSE91_0042
TORONTO_LSE91_STU00364,TORONTO_LSE91_0278
TORONTO_LSE91_STU00364,TORONTO_LSE91_0281
TORONTO_LSE91_STU00365,TORONTO_LSE91_0036
TORONTO_LSE91_STU00365,TORONTO_LSE91_0037
TORONTO_LSE91_STU00365,TORONTO_LSE91_0038
TORONTO_LSE91_STU00365,TORONTO_LSE91_0229
TORONTO_LSE91_STU00366,TORONTO_LSE91_0001
TORONTO_LSE91_STU00366,TORONTO_LSE91_0029
TORONTO_LSE91_STU00366,TORONTO_LSE91_0049
TORONTO_LSE91_STU00366,TORONTO_LSE91_0269
TORONTO_LSE91_STU00366,TORONTO_LSE91_0323
TORONTO_LSE91_STU00367,TORONTO_LSE91_0231
TORONTO_LSE91_STU00367,TORONTO_LSE91_0232
TORONTO_LSE91_STU00367,TORONTO_LSE91_0236
TORONTO_LSE91_STU00367,TORONTO_LSE91_0243
TORONTO_LSE91_STU00368,TORONTO_LSE91_0001
TORONTO_LSE91_STU00368,TORONTO_LSE91_0036
TORONTO_LSE91_STU00368,TORONTO_LSE91_0044
TORONTO_LSE91_STU00368,TORONTO_LSE91_0229
TORONTO_LSE91_STU00369,TORONTO_LSE91_0065
TORONTO_LSE91_STU00369,TORONTO_LSE91_0119
TORONTO_LSE91_STU00369,TORONTO_LSE91_0130
TORONTO_LSE91_STU00370,TORONTO_LSE91_0021
TORONTO_LSE91_STU00370,TORONTO_LSE91_0231
TORONTO_LSE91_STU00370,TORONTO_LSE91_0239
TORONTO_LSE91_STU00370,TORONTO_LSE91_0241
TORONTO_LSE91_STU00371,TORONTO_LSE91_0163
TORONTO_LSE91_STU00371,TORONTO_LSE91_0164
TORONTO_LSE91_STU00371,TORONTO_LSE91_0276
TORONTO_LSE91_STU00371,TORONTO_LSE91_0279
TORONTO_LSE91_STU00371,TORONTO_LSE91_0289
TORONTO_LSE91_STU00372,TORONTO_LSE91_0001
TORONTO_LSE91_STU00372,TORONTO_LSE91_0028
TORONTO_LSE91_STU00372,TORONTO_LSE91_0036
TORONTO_LSE91_STU00372,TORONTO_LSE91_0039
TORONTO_LSE91_STU00372,TORONTO_LSE91_0040
TORONTO_LSE91_STU00373,TORONTO_LSE91_0075
TORONTO_LSE91_STU00373,TORONTO_LSE91_0086
TORONTO_LSE91_STU00373,TORONTO_LSE91_0136
TORONTO_LSE91_STU00373,TORONTO_LSE91_0139
TORONTO_LSE91_STU00373,TORONTO_LSE91_0145
TORONTO_LSE91_STU00373,TORONTO_LSE91_0147
TORONTO_LSE91_STU00373,TORONTO_LSE91_0155
TORONTO_LSE91_STU00374,TORONTO_LSE91_0199
TORONTO_LSE91_STU00374,TORONTO_LSE91_0200
TORONTO_LSE91_STU00374,TORONTO_LSE91_0201
TORONTO_LSE91_STU00374,TORONTO_LSE91_0202
TORONTO_LSE91_STU00374,TORONTO_LSE91_0265
TORONTO_LSE91_STU00375,TORONTO_LSE91_0001
TORONTO_LSE91_STU00375,TORONTO_LSE91_0036
TORONTO_LSE91_STU00375,TORONTO_LSE91_0041
TORONTO_LSE91_STU00375,TORONTO_LSE91_0044
TORONTO_LSE91_STU00376,TORONTO_LSE91_0072
TORONTO_LSE91_STU00376,TORONTO_LSE91_0087
TORONTO_LSE91_STU00376,TORONTO_LSE91_0096
TORONTO_LSE91_STU00376,TORONTO_LSE91_0224
TORONTO_LSE91_STU00377,TORONTO_LSE91_0003
TORONTO_LSE91_STU00377,TORONTO_LSE91_0004
TORONTO_LSE91_STU00377,TORONTO_LSE91_0040
TORONTO_LSE91_STU00377,TORONTO_LSE91_0229
TORONTO_LSE91_STU00378,TORONTO_LSE91_0030
TORONTO_LSE91_STU00378,TORONTO_LSE91_0036
TORONTO_LSE91_STU00378,TORONTO_LSE91_0038
TORONTO_LSE91_STU00378,TORONTO_LSE91_0039
TORONTO_LSE91_STU00378,TORONTO_LSE91_0040
TORONTO_LSE91_STU00379,TORONTO_LSE91_0032
TORONTO_LSE91_STU00379,TORONTO_LSE91_0036
TORONTO_LSE91_STU00379,TORONTO_LSE91_0044
TORONTO_LSE91_STU00379,TORONTO_LSE91_0268
TORONTO_LSE91_STU00380,TORONTO_LSE91_0118
TORONTO_LSE91_STU00380,TORONTO_LSE91_0119
TORONTO_LSE91_STU00380,TORONTO_LSE91_0285
TORONTO_LSE91_STU00381,TORONTO_LSE91_0231
TORONTO_LSE91_STU00381,TORONTO_LSE91_0232
TORONTO_LSE91_STU00381,TORONTO_LSE91_0234
TORONTO_LSE91_STU00381,TORONTO_LSE91_0249
TORONTO_LSE91_STU00382,TORONTO_LSE91_0003
TORONTO_LSE91_STU00382,TORONTO_LSE91_0004
TORONTO_LSE91_STU00382,TORONTO_LSE91_0031
TORONTO_LSE91_STU00382,TORONTO_LSE91_0041
TORONTO_LSE91_STU00382,TORONTO_LSE91_0229
TORONTO_LSE91_STU00383,TORONTO_LSE91_0001
TORONTO_LSE91_STU00383,TORONTO_LSE91_0036
TORONTO_LSE91_STU00383,TORONTO_LSE91_0041
TORONTO_LSE91_STU00383,TORONTO_LSE91_0042
TORONTO_LSE91_STU00384,TORONTO_LSE91_0003
TORONTO_LSE91_STU00384,TORONTO_LSE91_0004
TORONTO_LSE91_STU00384,TORONTO_LSE91_0028
TORONTO_LSE91_STU00384,TORONTO_LSE91_0055
TORONTO_LSE91_STU00384,TORONTO_LSE91_0229
TORONTO_LSE91_STU00385,TORONTO_LSE91_0191
TORONTO_LSE91_STU00385,TORONTO_LSE91_0283
TORONTO_LSE91_STU00385,TORONTO_LSE91_0341
TORONTO_LSE91_STU00386,TORONTO_LSE91_0001
TORONTO_LSE91_STU00386,TORONTO_LSE91_0191
TORONTO_LSE91_STU00386,TORONTO_LSE91_0283
TORONTO_LSE91_STU00386,TORONTO_LSE91_0341
TORONTO_LSE91_STU00387,TORONTO_LSE91_0231
TORONTO_LSE91_STU00387,TORONTO_LSE91_0234
TORONTO_LSE91_STU00387,TORONTO_LSE91_0250
TORONTO_LSE91_STU00387,TORONTO_LSE91_0257
TORONTO_LSE91_STU00388,TORONTO_LSE91_0021
TORONTO_LSE91_STU00388,TORONTO_LSE91_0074
TORONTO_LSE91_STU00388,TORONTO_LSE91_0075
TORONTO_LSE91_STU00388,TORONTO_LSE91_0080
TORONTO_LSE91_STU00388,TORONTO_LSE91_0094
TORONTO_LSE91_STU00388,TORONTO_LSE91_0102
TORONTO_LSE91_STU00389,TORONTO_LSE91_0269
TORONTO_LSE91_STU00389,TORONTO_LSE91_0282
TORONTO_LSE91_STU00389,TORONTO_LSE91_0344
TORONTO_LSE91_STU00389,TORONTO_LSE91_0345
TORONTO_LSE91_STU00389,TORONTO_LSE91_0346
TORONTO_LSE91_STU00390,TORONTO_LSE91_0231
TORONTO_LSE91_STU00390,TORONTO_LSE91_0232
TORONTO_LSE91_STU00390,TORONTO_LSE91_0251
TORONTO_LSE91_STU00390,TORONTO_LSE91_0252
TORONTO_LSE91_STU00390,TORONTO_LSE91_0253
TORONTO_LSE91_STU00390,TORONTO_LSE91_0254
TORONTO_LSE91_STU00391,TORONTO_LSE91_0231
TORONTO_LSE91_STU00391,TORONTO_LSE91_0234
TORONTO_LSE91_STU00391,TORONTO_LSE91_0239
TORONTO_LSE91_STU00392,TORONTO_LSE91_0296
TORONTO_LSE91_STU00392,TORONTO_LSE91_0297
TORONTO_LSE91_STU00392,TORONTO_LSE91_0301
TORONTO_LSE91_STU00392,TORONTO_LSE91_0302
TORONTO_LSE91_STU00393,TORONTO_LSE91_0231
TORONTO_LSE91_STU00393,TORONTO_LSE91_0234
TORONTO_LSE91_STU00393,TORONTO_LSE91_0239
TORONTO_LSE91_STU00393,TORONTO_LSE91_0243
TORONTO_LSE91_STU00394,TORONTO_LSE91_0072
TORONTO_LSE91_STU00394,TORONTO_LSE91_0080
TORONTO_LSE91_STU00394,TORONTO_LSE91_0084
TORONTO_LSE91_STU00395,TORONTO_LSE91_0010
TORONTO_LSE91_STU00395,TORONTO_LSE91_0012
TORONTO_LSE91_STU00395,TORONTO_LSE91_0222
TORONTO_LSE91_STU00395,TORONTO_LSE91_0226
TORONTO_LSE91_STU00396,TORONTO_LSE91_0030
TORONTO_LSE91_STU00396,TORONTO_LSE91_0033
TORONTO_LSE91_STU00396,TORONTO_LSE91_0036
TORONTO_LSE91_STU00396,TORONTO_LSE91_0039
TORONTO_LSE91_STU00396,TORONTO_LSE91_0040
TORONTO_LSE91_STU00397,TORONTO_LSE91_0029
TORONTO_LSE91_STU00397,TORONTO_LSE91_0037
TORONTO_LSE91_STU00397,TORONTO_LSE91_0046
TORONTO_LSE91_STU00397,TORONTO_LSE91_0047
TORONTO_LSE91_STU00397,TORONTO_LSE91_0330
TORONTO_LSE91_STU00397,TORONTO_LSE91_0332
TORONTO_LSE91_STU00397,TORONTO_LSE91_0333
TORONTO_LSE91_STU00398,TORONTO_LSE91_0191
TORONTO_LSE91_STU00398,TORONTO_LSE91_0292
TORONTO_LSE91_STU00398,TORONTO_LSE91_0295
TORONTO_LSE91_STU00398,TORONTO_LSE91_0297
TORONTO_LSE91_STU00398,TORONTO_LSE91_0300
TORONTO_LSE91_STU00398,TORONTO_LSE91_0304
TORONTO_LSE91_STU00399,TORONTO_LSE91_0001
TORONTO_LSE91_STU00399,TORONTO_LSE91_0004
TORONTO_LSE91_STU00399,TORONTO_LSE91_0269
TORONTO_LSE91_STU00399,TORONTO_LSE91_0322
TORONTO_LSE91_STU00399,TORONTO_LSE91_0341
TORONTO_LSE91_STU00399,TORONTO_LSE91_0356
TORONTO_LSE91_STU00400,TORONTO_LSE91_0080
TORONTO_LSE91_STU00400,TORONTO_LSE91_0085
TORONTO_LSE91_STU00400,TORONTO_LSE91_0133
TORONTO_LSE91_STU00400,TORONTO_LSE91_0146
TORONTO_LSE91_STU00401,TORONTO_LSE91_0004
TORONTO_LSE91_STU00401,TORONTO_LSE91_0229
TORONTO_LSE91_STU00401,TORONTO_LSE91_0282
TORONTO_LSE91_STU00401,TORONTO_LSE91_0341
TORONTO_LSE91_STU00402,TORONTO_LSE91_0013
TORONTO_LSE91_STU00402,TORONTO_LSE91_0014
TORONTO_LSE91_STU00402,TORONTO_LSE91_0019
TORONTO_LSE91_STU00402,TORONTO_LSE91_0020
TORONTO_LSE91_STU00402,TORONTO_LSE91_0266
TORONTO_LSE91_STU00403,TORONTO_LSE91_0320
TORONTO_LSE91_STU00403,TORONTO_LSE91_0326
TORONTO_LSE91_STU00403,TORONTO_LSE91_0328
TORONTO_LSE91_STU00403,TORONTO_LSE91_0329
TORONTO_LSE91_STU00403,TORONTO_LSE91_0348
TORONTO_LSE91_STU00403,TORONTO_LSE91_0349
TORONTO_LSE91_STU00403,TORONTO_LSE91_0362
TORONTO_LSE91_STU00404,TORONTO_LSE91_0003
TORONTO_LSE91_STU00404,TORONTO_LSE91_0004
TORONTO_LSE91_STU00404,TORONTO_LSE91_0191
TORONTO_LSE91_STU00404,TORONTO_LSE91_0229
TORONTO_LSE91_STU00405,TORONTO_LSE91_0231
TORONTO_LSE91_STU00405,TORONTO_LSE91_0232
TORONTO_LSE91_STU00405,TORONTO_LSE91_0235
TORONTO_LSE91_STU00405,TORONTO_LSE91_0253
TORONTO_LSE91_STU00405,TORONTO_LSE91_0254
TORONTO_LSE91_STU00406,TORONTO_LSE91_0001
TORONTO_LSE91_STU00406,TORONTO_LSE91_0030
TORONTO_LSE91_STU00406,TORONTO_LSE91_0031
TORONTO_LSE91_STU00406,TORONTO_LSE91_0036
TORONTO_LSE91_STU00406,TORONTO_LSE91_0044
TORONTO_LSE91_STU00406,TORONTO_LSE91_0229
TORONTO_LSE91_STU00407,TORONTO_LSE91_0231
TORONTO_LSE91_STU00407,TORONTO_LSE91_0250
TORONTO_LSE91_STU00407,TORONTO_LSE91_0252
TORONTO_LSE91_STU00408,TORONTO_LSE91_0028
TORONTO_LSE91_STU00408,TORONTO_LSE91_0030
TORONTO_LSE91_STU00408,TORONTO_LSE91_0036
TORONTO_LSE91_STU00408,TORONTO_LSE91_0039
TORONTO_LSE91_STU00408,TORONTO_LSE91_0040
TORONTO_LSE91_STU00408,TORONTO_LSE91_0041
TORONTO_LSE91_STU00408,TORONTO_LSE91_0361
TORONTO_LSE91_STU00409,TORONTO_LSE91_0229
TORONTO_LSE91_STU00409,TORONTO_LSE91_0289
TORONTO_LSE91_STU00409,TORONTO_LSE91_0323
TORONTO_LSE91_STU00409,TORONTO_LSE91_0352
TORONTO_LSE91_STU00409,TORONTO_LSE91_0355
TORONTO_LSE91_STU00409,TORONTO_LSE91_0357
TORONTO_LSE91_STU00409,TORONTO_LSE91_0362
TORONTO_LSE91_STU00410,TORONTO_LSE91_0269
TORONTO_LSE91_STU00410,TORONTO_LSE91_0286
TORONTO_LSE91_STU00410,TORONTO_LSE91_0342
TORONTO_LSE91_STU00410,TORONTO_LSE91_0343
TORONTO_LSE91_STU00411,TORONTO_LSE91_0036
TORONTO_LSE91_STU00411,TORONTO_LSE91_0044
TORONTO_LSE91_STU00411,TORONTO_LSE91_0269
TORONTO_LSE91_STU00411,TORONTO_LSE91_0361
TORONTO_LSE91_STU00412,TORONTO_LSE91_0058
TORONTO_LSE91_STU00412,TORONTO_LSE91_0059
TORONTO_LSE91_STU00412,TORONTO_LSE91_0060
TORONTO_LSE91_STU00412,TORONTO_LSE91_0066
TORONTO_LSE91_STU00412,TORONTO_LSE91_0068
TORONTO_LSE91_STU00413,TORONTO_LSE91_0036
TORONTO_LSE91_STU00413,TORONTO_LSE91_0041
TORONTO_LSE91_STU00413,TORONTO_LSE91_0042
TORONTO_LSE91_STU00413,TORONTO_LSE91_0060
TORONTO_LSE91_STU00414,TORONTO_LSE91_0028
TORONTO_LSE91_STU00414,TORONTO_LSE91_0269
TORONTO_LSE91_STU00414,TORONTO_LSE91_0289
TORONTO_LSE91_STU00414,TORONTO_LSE91_0341
TORONTO_LSE91_STU00415,TORONTO_LSE91_0036
TORONTO_LSE91_STU00415,TORONTO_LSE91_0041
TORONTO_LSE91_STU00415,TORONTO_LSE91_0042
TORONTO_LSE91_STU00415,TORONTO_LSE91_0288
TORONTO_LSE91_STU00416,TORONTO_LSE91_0001
TORONTO_LSE91_STU00416,TORONTO_LSE91_0163
TORONTO_LSE91_STU00416,TORONTO_LSE91_0283
TORONTO_LSE91_STU00416,TORONTO_LSE91_0340
TORONTO_LSE91_STU00416,TORONTO_LSE91_0341
TORONTO_LSE91_STU00416,TORONTO_LSE91_0356
TORONTO_LSE91_STU00417,TORONTO_LSE91_0030
TORONTO_LSE91_STU00417,TORONTO_LSE91_0033
TORONTO_LSE91_STU00417,TORONTO_LSE91_0036
TORONTO_LSE91_STU00417,TORONTO_LSE91_0038
TORONTO_LSE91_STU00417,TORONTO_LSE91_0044
TORONTO_LSE91_STU00418,TORONTO_LSE91_0085
TORONTO_LSE91_STU00418,TORONTO_LSE91_0142
TORONTO_LSE91_STU00418,TORONTO_LSE91_0206
TORONTO_LSE91_STU00419,TORONTO_LSE91_0001
TORONTO_LSE91_STU00419,TORONTO_LSE91_0030
TORONTO_LSE91_STU00419,TORONTO_LSE91_0032
TORONTO_LSE91_STU00419,TORONTO_LSE91_0036
TORONTO_LSE91_STU00419,TORONTO_LSE91_0044
TORONTO_LSE91_STU00419,TORONTO_LSE91_0229
TORONTO_LSE91_STU00420,TORONTO_LSE91_0269
TORONTO_LSE91_STU00420,TORONTO_LSE91_0340
TORONTO_LSE91_STU00420,TORONTO_LSE91_0341
TORONTO_LSE91_STU00421,TORONTO_LSE91_0030
TORONTO_LSE91_STU00421,TORONTO_LSE91_0036
TORONTO_LSE91_STU00421,TORONTO_LSE91_0041
TORONTO_LSE91_STU00421,TORONTO_LSE91_0042
TORONTO_LSE91_STU00421,TORONTO_LSE91_0361
TORONTO_LSE91_STU00422,TORONTO_LSE91_0231
TORONTO_LSE91_STU00422,TORONTO_LSE91_0235
TORONTO_LSE91_STU00422,TORONTO_LSE91_0242
TORONTO_LSE91_STU00422,TORONTO_LSE91_0253
TORONTO_LSE91_STU00422,TORONTO_LSE91_0254
TORONTO_LSE91_STU00423,TORONTO_LSE91_0231
TORONTO_LSE91_STU00423,TORONTO_LSE91_0239
TORONTO_LSE91_STU00423,TORONTO_LSE91_0241
TORONTO_LSE91_STU00423,TORONTO_LSE91_0267
TORONTO_LSE91_STU00424,TORONTO_LSE91_0008
TORONTO_LSE91_STU00424,TORONTO_LSE91_0030
TORONTO_LSE91_STU00424,TORONTO_LSE91_0036
TORONTO_LSE91_STU00424,TORONTO_LSE91_0041
TORONTO_LSE91_STU00424,TORONTO_LSE91_0042
TORONTO_LSE91_STU00425,TORONTO_LSE91_0060
TORONTO_LSE91_STU00425,TORONTO_LSE91_0061
TORONTO_LSE91_STU00425,TORONTO_LSE91_0066
TORONTO_LSE91_STU00425,TORONTO_LSE91_0068
TORONTO_LSE91_STU00425,TORONTO_LSE91_0262
TORONTO_LSE91_STU00426,TORONTO_LSE91_0001
TORONTO_LSE91_STU00426,TORONTO_LSE91_0030
TORONTO_LSE91_STU00426,TORONTO_LSE91_0031
TORONTO_LSE91_STU00426,TORONTO_LSE91_0036
TORONTO_LSE91_STU00426,TORONTO_LSE91_0044
TORONTO_LSE91_STU00427,TORONTO_LSE91_0072
TORONTO_LSE91_STU00427,TORONTO_LSE91_0075
TORONTO_LSE91_STU00427,TORONTO_LSE91_0143
TORONTO_LSE91_STU00427,TORONTO_LSE91_0153
TORONTO_LSE91_STU00428,TORONTO_LSE91_0003
TORONTO_LSE91_STU00428,TORONTO_LSE91_0004
TORONTO_LSE91_STU00428,TORONTO_LSE91_0030
TORONTO_LSE91_STU00428,TORONTO_LSE91_0229
TORONTO_LSE91_STU00429,TORONTO_LSE91_0003
TORONTO_LSE91_STU00429,TORONTO_LSE91_0004
TORONTO_LSE91_STU00429,TORONTO_LSE91_0229
TORONTO_LSE91_STU00429,TORONTO_LSE91_0323
TORONTO_LSE91_STU00430,TORONTO_LSE91_0225
TORONTO_LSE91_STU00430,TORONTO_LSE91_0226
TORONTO_LSE91_STU00430,TORONTO_LSE91_0241
TORONTO_LSE91_STU00430,TORONTO_LSE91_0243
TORONTO_LSE91_STU00431,TORONTO_LSE91_0158
TORONTO_LSE91_STU00431,TORONTO_LSE91_0159
TORONTO_LSE91_STU00431,TORONTO_LSE91_0160
TORONTO_LSE91_STU00431,TORONTO_LSE91_0323
TORONTO_LSE91_STU00431,TORONTO_LSE91_0327
TORONTO_LSE91_STU00431,TORONTO_LSE91_0333
TORONTO_LSE91_STU00431,TORONTO_LSE91_0348
TORONTO_LSE91_STU00432,TORONTO_LSE91_0003
TORONTO_LSE91_STU00432,TORONTO_LSE91_0004
TORONTO_LSE91_STU00432,TORONTO_LSE91_0030
TORONTO_LSE91_STU00432,TORONTO_LSE91_0229
TORONTO_LSE91_STU00433,TORONTO_LSE91_0339
TORONTO_LSE91_STU00433,TORONTO_LSE91_0362
TORONTO_LSE91_STU00434,TORONTO_LSE91_0225
TORONTO_LSE91_STU00434,TORONTO_LSE91_0226
TORONTO_LSE91_STU00434,TORONTO_LSE91_0232
TORONTO_LSE91_STU00434,TORONTO_LSE91_0239
TORONTO_LSE91_STU00435,TORONTO_LSE91_0087
TORONTO_LSE91_STU00436,TORONTO_LSE91_0141
TORONTO_LSE91_STU00436,TORONTO_LSE91_0142
TORONTO_LSE91_STU00436,TORONTO_LSE91_0257
TORONTO_LSE91_STU00436,TORONTO_LSE91_0258
TORONTO_LSE91_STU00437,TORONTO_LSE91_0036
TORONTO_LSE91_STU00437,TORONTO_LSE91_0041
TORONTO_LSE91_STU00437,TORONTO_LSE91_0042
TORONTO_LSE91_STU00437,TORONTO_LSE91_0179
TORONTO_LSE91_STU00438,TORONTO_LSE91_0036
TORONTO_LSE91_STU00438,TORONTO_LSE91_0037
TORONTO_LSE91_STU00438,TORONTO_LSE91_0038
TORONTO_LSE91_STU00438,TORONTO_LSE91_0042
TORONTO_LSE91_STU00439,TORONTO_LSE91_0001
TORONTO_LSE91_STU00439,TORONTO_LSE91_0231
TORONTO_LSE91_STU00439,TORONTO_LSE91_0236
TORONTO_LSE91_STU00439,TORONTO_LSE91_0248
TORONTO_LSE91_STU00440,TORONTO_LSE91_0150
TORONTO_LSE91_STU00440,TORONTO_LSE91_0231
TORONTO_LSE91_STU00440,TORONTO_LSE91_0239
TORONTO_LSE91_STU00440,TORONTO_LSE91_0244
TORONTO_LSE91_STU00441,TORONTO_LSE91_0075
TORONTO_LSE91_STU00441,TORONTO_LSE91_0078
TORONTO_LSE91_STU00441,TORONTO_LSE91_0086
TORONTO_LSE91_STU00441,TORONTO_LSE91_0138
TORONTO_LSE91_STU00441,TORONTO_LSE91_0146
TORONTO_LSE91_STU00441,TORONTO_LSE91_0152
TORONTO_LSE91_STU00442,TORONTO_LSE91_0030
TORONTO_LSE91_STU00442,TORONTO_LSE91_0031
TORONTO_LSE91_STU00442,TORONTO_LSE91_0036
TORONTO_LSE91_STU00442,TORONTO_LSE91_0044
TORONTO_LSE91_STU00442,TORONTO_LSE91_0229
TORONTO_LSE91_STU00443,TORONTO_LSE91_0225
TORONTO_LSE91_STU00443,TORONTO_LSE91_0226
TORONTO_LSE91_STU00443,TORONTO_LSE91_0239
TORONTO_LSE91_STU00443,TORONTO_LSE91_0244
TORONTO_LSE91_STU00444,TORONTO_LSE91_0029
TORONTO_LSE91_STU00444,TORONTO_LSE91_0031
TORONTO_LSE91_STU00444,TORONTO_LSE91_0049
TORONTO_LSE91_STU00444,TORONTO_LSE91_0269
TORONTO_LSE91_STU00444,TORONTO_LSE91_0323
TORONTO_LSE91_STU00445,TORONTO_LSE91_0320
TORONTO_LSE91_STU00446,TORONTO_LSE91_0031
TORONTO_LSE91_STU00446,TORONTO_LSE91_0036
TORONTO_LSE91_STU00446,TORONTO_LSE91_0037
TORONTO_LSE91_STU00446,TORONTO_LSE91_0038
TORONTO_LSE91_STU00447,TORONTO_LSE91_0267
TORONTO_LSE91_STU00447,TORONTO_LSE91_0344
TORONTO_LSE91_STU00447,TORONTO_LSE91_0345
TORONTO_LSE91_STU00447,TORONTO_LSE91_0346
TORONTO_LSE91_STU00447,TORONTO_LSE91_0350
TORONTO_LSE91_STU00447,TORONTO_LSE91_0351
TORONTO_LSE91_STU00448,TORONTO_LSE91_0001
TORONTO_LSE91_STU00448,TORONTO_LSE91_0031
TORONTO_LSE91_STU00448,TORONTO_LSE91_0036
TORONTO_LSE91_STU00448,TORONTO_LSE91_0044
TORONTO_LSE91_STU00449,TORONTO_LSE91_0030
TORONTO_LSE91_STU00449,TORONTO_LSE91_0036
TORONTO_LSE91_STU00449,TORONTO_LSE91_0041
TORONTO_LSE91_STU00449,TORONTO_LSE91_0042
TORONTO_LSE91_STU00449,TORONTO_LSE91_0116
TORONTO_LSE91_STU00450,TORONTO_LSE91_0190
TORONTO_LSE91_STU00450,TORONTO_LSE91_0318
TORONTO_LSE91_STU00450,TORONTO_LSE91_0369
TORONTO_LSE91_STU00450,TORONTO_LSE91_0377
TORONTO_LSE91_STU00451,TORONTO_LSE91_0003
TORONTO_LSE91_STU00451,TORONTO_LSE91_0004
TORONTO_LSE91_STU00451,TORONTO_LSE91_0032
TORONTO_LSE91_STU00451,TORONTO_LSE91_0229
TORONTO_LSE91_STU00452,TORONTO_LSE91_0058
TORONTO_LSE91_STU00452,TORONTO_LSE91_0062
TORONTO_LSE91_STU00452,TORONTO_LSE91_0065
TORONTO_LSE91_STU00452,TORONTO_LSE91_0066
TORONTO_LSE91_STU00453,TORONTO_LSE91_0313
TORONTO_LSE91_STU00453,TORONTO_LSE91_0314
TORONTO_LSE91_STU00454,TORONTO_LSE91_0190
TORONTO_LSE91_STU00454,TORONTO_LSE91_0369
TORONTO_LSE91_STU00454,TORONTO_LSE91_0374
TORONTO_LSE91_STU00454,TORONTO_LSE91_0375
TORONTO_LSE91_STU00455,TORONTO_LSE91_0013
TORONTO_LSE91_STU00455,TORONTO_LSE91_0014
TORONTO_LSE91_STU00455,TORONTO_LSE91_0018
TORONTO_LSE91_STU00455,TORONTO_LSE91_0019
TORONTO_LSE91_STU00456,TORONTO_LSE91_0001
TORONTO_LSE91_STU00456,TORONTO_LSE91_0036
TORONTO_LSE91_STU00456,TORONTO_LSE91_0044
TORONTO_LSE91_STU00456,TORONTO_LSE91_0229
TORONTO_LSE91_STU00457,TORONTO_LSE91_0075
TORONTO_LSE91_STU00457,TORONTO_LSE91_0082
TORONTO_LSE91_STU00457,TORONTO_LSE91_0083
TORONTO_LSE91_STU00457,TORONTO_LSE91_0084
TORONTO_LSE91_STU00457,TORONTO_LSE91_0101
TORONTO_LSE91_STU00457,TORONTO_LSE91_0146
TORONTO_LSE91_STU00458,TORONTO_LSE91_0003
TORONTO_LSE91_STU00458,TORONTO_LSE91_0004
TORONTO_LSE91_STU00458,TORONTO_LSE91_0030
TORONTO_LSE91_STU00458,TORONTO_LSE91_0229
TORONTO_LSE91_STU00459,TORONTO_LSE91_0085
TORONTO_LSE91_STU00459,TORONTO_LSE91_0199
TORONTO_LSE91_STU00459,TORONTO_LSE91_0200
TORONTO_LSE91_STU00459,TORONTO_LSE91_0201
TORONTO_LSE91_STU00459,TORONTO_LSE91_0205
TORONTO_LSE91_STU00459,TORONTO_LSE91_0206
TORONTO_LSE91_STU00460,TORONTO_LSE91_0036
TORONTO_LSE91_STU00460,TORONTO_LSE91_0039
TORONTO_LSE91_STU00460,TORONTO_LSE91_0040
TORONTO_LSE91_STU00460,TORONTO_LSE91_0041
TORONTO_LSE91_STU00460,TORONTO_LSE91_0361
TORONTO_LSE91_STU00461,TORONTO_LSE91_0231
TORONTO_LSE91_STU00461,TORONTO_LSE91_0232
TORONTO_LSE91_STU00461,TORONTO_LSE91_0234
TORONTO_LSE91_STU00461,TORONTO_LSE91_0236
TORONTO_LSE91_STU00462,TORONTO_LSE91_0231
TORONTO_LSE91_STU00462,TORONTO_LSE91_0232
TORONTO_LSE91_STU00462,TORONTO_LSE91_0238
TORONTO_LSE91_STU00462,TORONTO_LSE91_0243
TORONTO_LSE91_STU00463,TORONTO_LSE91_0003
TORONTO_LSE91_STU00463,TORONTO_LSE91_0004
TORONTO_LSE91_STU00463,TORONTO_LSE91_0229
TORONTO_LSE91_STU00463,TORONTO_LSE91_0323
TORONTO_LSE91_STU00464,TORONTO_LSE91_0072
TORONTO_LSE91_STU00464,TORONTO_LSE91_0257
TORONTO_LSE91_STU00464,TORONTO_LSE91_0369
TORONTO_LSE91_STU00464,TORONTO_LSE91_0372
TORONTO_LSE91_STU00465,TORONTO_LSE91_0003
TORONTO_LSE91_STU00465,TORONTO_LSE91_0004
TORONTO_LSE91_STU00465,TORONTO_LSE91_0229
TORONTO_LSE91_STU00465,TORONTO_LSE91_0341
TORONTO_LSE91_STU00465,TORONTO_LSE91_0361
TORONTO_LSE91_STU00466,TORONTO_LSE91_0003
TORONTO_LSE91_STU00466,TORONTO_LSE91_0004
TORONTO_LSE91_STU00466,TORONTO_LSE91_0229
TORONTO_LSE91_STU00466,TORONTO_LSE91_0293
TORONTO_LSE91_STU00467,TORONTO_LSE91_0003
TORONTO_LSE91_STU00467,TORONTO_LSE91_0004
TORONTO_LSE91_STU00467,TORONTO_LSE91_0031
TORONTO_LSE91_STU00467,TORONTO_LSE91_0229
TORONTO_LSE91_STU00468,TORONTO_LSE91_0231
TORONTO_LSE91_STU00468,TORONTO_LSE91_0233
TORONTO_LSE91_STU00468,TORONTO_LSE91_0234
TORONTO_LSE91_STU00468,TORONTO_LSE91_0243
TORONTO_LSE91_STU00469,TORONTO_LSE91_0065
TORONTO_LSE91_STU00469,TORONTO_LSE91_0121
TORONTO_LSE91_STU00469,TORONTO_LSE91_0130
TORONTO_LSE91_STU00470,TORONTO_LSE91_0003
TORONTO_LSE91_STU00470,TORONTO_LSE91_0004
TORONTO_LSE91_STU00470,TORONTO_LSE91_0229
TORONTO_LSE91_STU00470,TORONTO_LSE91_0269
TORONTO_LSE91_STU00470,TORONTO_LSE91_0361
TORONTO_LSE91_STU00471,TORONTO_LSE91_0004
TORONTO_LSE91_STU00471,TORONTO_LSE91_0269
TORONTO_LSE91_STU00471,TORONTO_LSE91_0289
TORONTO_LSE91_STU00471,TORONTO_LSE91_0323
TORONTO_LSE91_STU00472,TORONTO_LSE91_0036
TORONTO_LSE91_STU00472,TORONTO_LSE91_0038
TORONTO_LSE91_STU00472,TORONTO_LSE91_0044
TORONTO_LSE91_STU00472,TORONTO_LSE91_0066
TORONTO_LSE91_STU00473,TORONTO_LSE91_0008
TORONTO_LSE91_STU00473,TORONTO_LSE91_0118
TORONTO_LSE91_STU00473,TORONTO_LSE91_0119
TORONTO_LSE91_STU00474,TORONTO_LSE91_0116
TORONTO_LSE91_STU00474,TORONTO_LSE91_0128
TORONTO_LSE91_STU00474,TORONTO_LSE91_0258
TORONTO_LSE91_STU00475,TORONTO_LSE91_0031
TORONTO_LSE91_STU00475,TORONTO_LSE91_0036
TORONTO_LSE91_STU00475,TORONTO_LSE91_0041
TORONTO_LSE91_STU00475,TORONTO_LSE91_0044
TORONTO_LSE91_STU00476,TORONTO_LSE91_0032
TORONTO_LSE91_STU00476,TORONTO_LSE91_0036
TORONTO_LSE91_STU00476,TORONTO_LSE91_0037
TORONTO_LSE91_STU00476,TORONTO_LSE91_0044
TORONTO_LSE91_STU00477,TORONTO_LSE91_0142
TORONTO_LSE91_STU00477,TORONTO_LSE91_0199
TORONTO_LSE91_STU00477,TORONTO_LSE91_0200
TORONTO_LSE91_STU00477,TORONTO_LSE91_0201
TORONTO_LSE91_STU00477,TORONTO_LSE91_0202
TORONTO_LSE91_STU00477,TORONTO_LSE91_0204
TORONTO_LSE91_STU00477,TORONTO_LSE91_0241
TORONTO_LSE91_STU00478,TORONTO_LSE91_0289
TORONTO_LSE91_STU00478,TORONTO_LSE91_0319
TORONTO_LSE91_STU00478,TORONTO_LSE91_0355
TORONTO_LSE91_STU00478,TORONTO_LSE91_0356
TORONTO_LSE91_STU00479,TORONTO_LSE91_0003
TORONTO_LSE91_STU00479,TORONTO_LSE91_0004
TORONTO_LSE91_STU00479,TORONTO_LSE91_0040
TORONTO_LSE91_STU00479,TORONTO_LSE91_0229
TORONTO_LSE91_STU00480,TORONTO_LSE91_0001
TORONTO_LSE91_STU00480,TORONTO_LSE91_0191
TORONTO_LSE91_STU00480,TORONTO_LSE91_0229
TORONTO_LSE91_STU00480,TORONTO_LSE91_0338
TORONTO_LSE91_STU00480,TORONTO_LSE91_0340
TORONTO_LSE91_STU00480,TORONTO_LSE91_0341
TORONTO_LSE91_STU00481,TORONTO_LSE91_0084
TORONTO_LSE91_STU00481,TORONTO_LSE91_0090
TORONTO_LSE91_STU00481,TORONTO_LSE91_0099
TORONTO_LSE91_STU00481,TORONTO_LSE91_0268
TORONTO_LSE91_STU00482,TORONTO_LSE91_0003
TORONTO_LSE91_STU00482,TORONTO_LSE91_0004
TORONTO_LSE91_STU00482,TORONTO_LSE91_0031
TORONTO_LSE91_STU00482,TORONTO_LSE91_0229
TORONTO_LSE91_STU00483,TORONTO_LSE91_0231
TORONTO_LSE91_STU00483,TORONTO_LSE91_0232
TORONTO_LSE91_STU00483,TORONTO_LSE91_0234
TORONTO_LSE91_STU00483,TORONTO_LSE91_0250
TORONTO_LSE91_STU00484,TORONTO_LSE91_0118
TORONTO_LSE91_STU00484,TORONTO_LSE91_0124
TORONTO_LSE91_STU00484,TORONTO_LSE91_0374
TORONTO_LSE91_STU00485,TORONTO_LSE91_0231
TORONTO_LSE91_STU00485,TORONTO_LSE91_0232
TORONTO_LSE91_STU00485,TORONTO_LSE91_0239
TORONTO_LSE91_STU00485,TORONTO_LSE91_0241
TORONTO_LSE91_STU00486,TORONTO_LSE91_0003
TORONTO_LSE91_STU00486,TORONTO_LSE91_0004
TORONTO_LSE91_STU00486,TORONTO_LSE91_0028
TORONTO_LSE91_STU00486,TORONTO_LSE91_0040
TORONTO_LSE91_STU00486,TORONTO_LSE91_0229
TORONTO_LSE91_STU00487,TORONTO_LSE91_0030
TORONTO_LSE91_STU00487,TORONTO_LSE91_0036
TORONTO_LSE91_STU00487,TORONTO_LSE91_0041
TORONTO_LSE91_STU00487,TORONTO_LSE91_0044
TORONTO_LSE91_STU00487,TORONTO_LSE91_0361
TORONTO_LSE91_STU00488,TORONTO_LSE91_0065
TORONTO_LSE91_STU00488,TORONTO_LSE91_0119
TORONTO_LSE91_STU00488,TORONTO_LSE91_0130
TORONTO_LSE91_STU00489,TORONTO_LSE91_0244
TORONTO_LSE91_STU00489,TORONTO_LSE91_0313
TORONTO_LSE91_STU00489,TORONTO_LSE91_0314
TORONTO_LSE91_STU00490,TORONTO_LSE91_0078
TORONTO_LSE91_STU00490,TORONTO_LSE91_0080
TORONTO_LSE91_STU00490,TORONTO_LSE91_0095
TORONTO_LSE91_STU00490,TORONTO_LSE91_0097
TORONTO_LSE91_STU00491,TORONTO_LSE91_0117
TORONTO_LSE91_STU00491,TORONTO_LSE91_0127
TORONTO_LSE91_STU00491,TORONTO_LSE91_0267
TORONTO_LSE91_STU00492,TORONTO_LSE91_0003
TORONTO_LSE91_STU00492,TORONTO_LSE91_0004
TORONTO_LSE91_STU00492,TORONTO_LSE91_0040
TORONTO_LSE91_STU00492,TORONTO_LSE91_0229
TORONTO_LSE91_STU00493,TORONTO_LSE91_0199
TORONTO_LSE91_STU00493,TORONTO_LSE91_0200
TORONTO_LSE91_STU00493,TORONTO_LSE91_0201
TORONTO_LSE91_STU00493,TORONTO_LSE91_0202
TORONTO_LSE91_STU00493,TORONTO_LSE91_0289
TORONTO_LSE91_STU00494,TORONTO_LSE91_0003
TORONTO_LSE91_STU00494,TORONTO_LSE91_0004
TORONTO_LSE91_STU00494,TORONTO_LSE91_0040
TORONTO_LSE91_STU00494,TORONTO_LSE91_0229
TORONTO_LSE91_STU00495,TORONTO_LSE91_0003
TORONTO_LSE91_STU00495,TORONTO_LSE91_0004
TORONTO_LSE91_STU00495,TORONTO_LSE91_0229
TORONTO_LSE91_STU00495,TORONTO_LSE91_0288
TORONTO_LSE91_STU00496,TORONTO_LSE91_0004
TORONTO_LSE91_STU00496,TORONTO_LSE91_0028
TORONTO_LSE91_STU00496,TORONTO_LSE91_0269
TORONTO_LSE91_STU00496,TORONTO_LSE91_0341
TORONTO_LSE91_STU00497,TORONTO_LSE91_0003
TORONTO_LSE91_STU00497,TORONTO_LSE91_0004
TORONTO_LSE91_STU00497,TORONTO_LSE91_0040
TORONTO_LSE91_STU00497,TORONTO_LSE91_0229
TORONTO_LSE91_STU00498,TORONTO_LSE91_0075
TORONTO_LSE91_STU00498,TORONTO_LSE91_0076
TORONTO_LSE91_STU00498,TORONTO_LSE91_0080
TORONTO_LSE91_STU00498,TORONTO_LSE91_0094
TORONTO_LSE91_STU00499,TORONTO_LSE91_0001
TORONTO_LSE91_STU00499,TORONTO_LSE91_0231
TORONTO_LSE91_STU00499,TORONTO_LSE91_0232
TORONTO_LSE91_STU00499,TORONTO_LSE91_0234
TORONTO_LSE91_STU00500,TORONTO_LSE91_0296
TORONTO_LSE91_STU00500,TORONTO_LSE91_0297
TORONTO_LSE91_STU00500,TORONTO_LSE91_0302
TORONTO_LSE91_STU00500,TORONTO_LSE91_0303
TORONTO_LSE91_STU00500,TORONTO_LSE91_0374
TORONTO_LSE91_STU00501,TORONTO_LSE91_0001
TORONTO_LSE91_STU00501,TORONTO_LSE91_0031
TORONTO_LSE91_STU00501,TORONTO_LSE91_0257
TORONTO_LSE91_STU00501,TORONTO_LSE91_0352
TORONTO_LSE91_STU00501,TORONTO_LSE91_0358
TORONTO_LSE91_STU00502,TORONTO_LSE91_0028
TORONTO_LSE91_STU00502,TORONTO_LSE91_0271
TORONTO_LSE91_STU00502,TORONTO_LSE91_0273
TORONTO_LSE91_STU00503,TORONTO_LSE91_0313
TORONTO_LSE91_STU00503,TORONTO_LSE91_0314
TORONTO_LSE91_STU00503,TORONTO_LSE91_0319
TORONTO_LSE91_STU00504,TORONTO_LSE91_0001
TORONTO_LSE91_STU00504,TORONTO_LSE91_0231
TORONTO_LSE91_STU00504,TORONTO_LSE91_0232
TORONTO_LSE91_STU00504,TORONTO_LSE91_0236
TORONTO_LSE91_STU00505,TORONTO_LSE91_0003
TORONTO_LSE91_STU00505,TORONTO_LSE91_0004
TORONTO_LSE91_STU00505,TORONTO_LSE91_0031
TORONTO_LSE91_STU00505,TORONTO_LSE91_0229
TORONTO_LSE91_STU00506,TORONTO_LSE91_0003
TORONTO_LSE91_STU00506,TORONTO_LSE91_0004
TORONTO_LSE91_STU00506,TORONTO_LSE91_0040
TORONTO_LSE91_STU00506,TORONTO_LSE91_0229
TORONTO_LSE91_STU00507,TORONTO_LSE91_0058
TORONTO_LSE91_STU00507,TORONTO_LSE91_0231
TORONTO_LSE91_STU00507,TORONTO_LSE91_0241
TORONTO_LSE91_STU00507,TORONTO_LSE91_0246
TORONTO_LSE91_STU00508,TORONTO_LSE91_0036
TORONTO_LSE91_STU00508,TORONTO_LSE91_0039
TORONTO_LSE91_STU00508,TORONTO_LSE91_0040
TORONTO_LSE91_STU00508,TORONTO_LSE91_0041
TORONTO_LSE91_STU00509,TORONTO_LSE91_0021
TORONTO_LSE91_STU00509,TORONTO_LSE91_0231
TORONTO_LSE91_STU00509,TORONTO_LSE91_0234
TORONTO_LSE91_STU00509,TORONTO_LSE91_0239
TORONTO_LSE91_STU00510,TORONTO_LSE91_0031
TORONTO_LSE91_STU00510,TORONTO_LSE91_0036
TORONTO_LSE91_STU00510,TORONTO_LSE91_0044
TORONTO_LSE91_STU00510,TORONTO_LSE91_0229
TORONTO_LSE91_STU00511,TORONTO_LSE91_0036
TORONTO_LSE91_STU00511,TORONTO_LSE91_0044
TORONTO_LSE91_STU00511,TORONTO_LSE91_0350
TORONTO_LSE91_STU00511,TORONTO_LSE91_0351
TORONTO_LSE91_STU00511,TORONTO_LSE91_0361
TORONTO_LSE91_STU00512,TORONTO_LSE91_0060
TORONTO_LSE91_STU00512,TORONTO_LSE91_0365
TORONTO_LSE91_STU00512,TORONTO_LSE91_0368
TORONTO_LSE91_STU00512,TORONTO_LSE91_0374
TORONTO_LSE91_STU00513,TORONTO_LSE91_0003
TORONTO_LSE91_STU00513,TORONTO_LSE91_0004
TORONTO_LSE91_STU00513,TORONTO_LSE91_0005
TORONTO_LSE91_STU00513,TORONTO_LSE91_0229
TORONTO_LSE91_STU00514,TORONTO_LSE91_0003
TORONTO_LSE91_STU00514,TORONTO_LSE91_0004
TORONTO_LSE91_STU00514,TORONTO_LSE91_0005
TORONTO_LSE91_STU00514,TORONTO_LSE91_0229
TORONTO_LSE91_STU00515,TORONTO_LSE91_0313
TORONTO_LSE91_STU00515,TORONTO_LSE91_0314
TORONTO_LSE91_STU00515,TORONTO_LSE91_0352
TORONTO_LSE91_STU00516,TORONTO_LSE91_0117
TORONTO_LSE91_STU00516,TORONTO_LSE91_0123
TORONTO_LSE91_STU00516,TORONTO_LSE91_0257
TORONTO_LSE91_STU00517,TORONTO_LSE91_0001
TORONTO_LSE91_STU00517,TORONTO_LSE91_0030
TORONTO_LSE91_STU00517,TORONTO_LSE91_0031
TORONTO_LSE91_STU00517,TORONTO_LSE91_0036
TORONTO_LSE91_STU00517,TORONTO_LSE91_0044
TORONTO_LSE91_STU00517,TORONTO_LSE91_0289
TORONTO_LSE91_STU00518,TORONTO_LSE91_0037
TORONTO_LSE91_STU00518,TORONTO_LSE91_0041
TORONTO_LSE91_STU00518,TORONTO_LSE91_0042
TORONTO_LSE91_STU00518,TORONTO_LSE91_0049
TORONTO_LSE91_STU00519,TORONTO_LSE91_0231
TORONTO_LSE91_STU00519,TORONTO_LSE91_0232
TORONTO_LSE91_STU00519,TORONTO_LSE91_0234
TORONTO_LSE91_STU00519,TORONTO_LSE91_0240
TORONTO_LSE91_STU00520,TORONTO_LSE91_0143
TORONTO_LSE91_STU00520,TORONTO_LSE91_0199
TORONTO_LSE91_STU00520,TORONTO_LSE91_0200
TORONTO_LSE91_STU00520,TORONTO_LSE91_0201
TORONTO_LSE91_STU00520,TORONTO_LSE91_0203
TORONTO_LSE91_STU00521,TORONTO_LSE91_0128
TORONTO_LSE91_STU00521,TORONTO_LSE91_0180
TORONTO_LSE91_STU00521,TORONTO_LSE91_0315
TORONTO_LSE91_STU00522,TORONTO_LSE91_0001
TORONTO_LSE91_STU00522,TORONTO_LSE91_0231
TORONTO_LSE91_STU00522,TORONTO_LSE91_0236
TORONTO_LSE91_STU00522,TORONTO_LSE91_0239
TORONTO_LSE91_STU00523,TORONTO_LSE91_0003
TORONTO_LSE91_STU00523,TORONTO_LSE91_0004
TORONTO_LSE91_STU00523,TORONTO_LSE91_0040
TORONTO_LSE91_STU00523,TORONTO_LSE91_0229
TORONTO_LSE91_STU00524,TORONTO_LSE91_0025
TORONTO_LSE91_STU00524,TORONTO_LSE91_0036
TORONTO_LSE91_STU00524,TORONTO_LSE91_0039
TORONTO_LSE91_STU00524,TORONTO_LSE91_0040
TORONTO_LSE91_STU00524,TORONTO_LSE91_0041
TORONTO_LSE91_STU00525,TORONTO_LSE91_0004
TORONTO_LSE91_STU00525,TORONTO_LSE91_0229
TORONTO_LSE91_STU00525,TORONTO_LSE91_0269
TORONTO_LSE91_STU00525,TORONTO_LSE91_0323
TORONTO_LSE91_STU00526,TORONTO_LSE91_0229
TORONTO_LSE91_STU00526,TORONTO_LSE91_0269
TORONTO_LSE91_STU00526,TORONTO_LSE91_0283
TORONTO_LSE91_STU00526,TORONTO_LSE91_0356
TORONTO_LSE91_STU00526,TORONTO_LSE91_0357
TORONTO_LSE91_STU00527,TORONTO_LSE91_0002
TORONTO_LSE91_STU00527,TORONTO_LSE91_0028
TORONTO_LSE91_STU00527,TORONTO_LSE91_0320
TORONTO_LSE91_STU00527,TORONTO_LSE91_0361
TORONTO_LSE91_STU00528,TORONTO_LSE91_0025
TORONTO_LSE91_STU00528,TORONTO_LSE91_0059
TORONTO_LSE91_STU00528,TORONTO_LSE91_0064
TORONTO_LSE91_STU00528,TORONTO_LSE91_0066
TORONTO_LSE91_STU00528,TORONTO_LSE91_0068
TORONTO_LSE91_STU00529,TORONTO_LSE91_0031
TORONTO_LSE91_STU00529,TORONTO_LSE91_0079
TORONTO_LSE91_STU00529,TORONTO_LSE91_0080
TORONTO_LSE91_STU00529,TORONTO_LSE91_0090
TORONTO_LSE91_STU00530,TORONTO_LSE91_0077
TORONTO_LSE91_STU00530,TORONTO_LSE91_0078
TORONTO_LSE91_STU00530,TORONTO_LSE91_0086
TORONTO_LSE91_STU00530,TORONTO_LSE91_0100
TORONTO_LSE91_STU00530,TORONTO_LSE91_0109
TORONTO_LSE91_STU00531,TORONTO_LSE91_0003
TORONTO_LSE91_STU00531,TORONTO_LSE91_0004
TORONTO_LSE91_STU00531,TORONTO_LSE91_0055
TORONTO_LSE91_STU00531,TORONTO_LSE91_0229
TORONTO_LSE91_STU00532,TORONTO_LSE91_0001
TORONTO_LSE91_STU00532,TORONTO_LSE91_0036
TORONTO_LSE91_STU00532,TORONTO_LSE91_0044
TORONTO_LSE91_STU00532,TORONTO_LSE91_0361
TORONTO_LSE91_STU00533,TORONTO_LSE91_0003
TORONTO_LSE91_STU00533,TORONTO_LSE91_0004
TORONTO_LSE91_STU00533,TORONTO_LSE91_0229
TORONTO_LSE91_STU00533,TORONTO_LSE91_0262
TORONTO_LSE91_STU00534,TORONTO_LSE91_0289
TORONTO_LSE91_STU00534,TORONTO_LSE91_0318
TORONTO_LSE91_STU00534,TORONTO_LSE91_0369
TORONTO_LSE91_STU00534,TORONTO_LSE91_0374
TORONTO_LSE91_STU00535,TORONTO_LSE91_0269
TORONTO_LSE91_STU00535,TORONTO_LSE91_0289
TORONTO_LSE91_STU00535,TORONTO_LSE91_0341
TORONTO_LSE91_STU00536,TORONTO_LSE91_0025
TORONTO_LSE91_STU00536,TORONTO_LSE91_0028
TORONTO_LSE91_STU00536,TORONTO_LSE91_0030
TORONTO_LSE91_STU00537,TORONTO_LSE91_0115
TORONTO_LSE91_STU00537,TORONTO_LSE91_0123
TORONTO_LSE91_STU00537,TORONTO_LSE91_0125
TORONTO_LSE91_STU00537,TORONTO_LSE91_0127
TORONTO_LSE91_STU00538,TORONTO_LSE91_0028
TORONTO_LSE91_STU00538,TORONTO_LSE91_0030
TORONTO_LSE91_STU00538,TORONTO_LSE91_0059
TORONTO_LSE91_STU00538,TORONTO_LSE91_0229
TORONTO_LSE91_STU00539,TORONTO_LSE91_0077
TORONTO_LSE91_STU00539,TORONTO_LSE91_0080
TORONTO_LSE91_STU00539,TORONTO_LSE91_0097
TORONTO_LSE91_STU00539,TORONTO_LSE91_0115
TORONTO_LSE91_STU00540,TORONTO_LSE91_0199
TORONTO_LSE91_STU00540,TORONTO_LSE91_0200
TORONTO_LSE91_STU00540,TORONTO_LSE91_0201
TORONTO_LSE91_STU00540,TORONTO_LSE91_0202
TORONTO_LSE91_STU00540,TORONTO_LSE91_0203
TORONTO_LSE91_STU00541,TORONTO_LSE91_0003
TORONTO_LSE91_STU00541,TORONTO_LSE91_0004
TORONTO_LSE91_STU00541,TORONTO_LSE91_0030
TORONTO_LSE91_STU00541,TORONTO_LSE91_0229
TORONTO_LSE91_STU00542,TORONTO_LSE91_0033
TORONTO_LSE91_STU00542,TORONTO_LSE91_0037
TORONTO_LSE91_STU00542,TORONTO_LSE91_0049
TORONTO_LSE91_STU00543,TORONTO_LSE91_0088
TORONTO_LSE91_STU00543,TORONTO_LSE91_0199
TORONTO_LSE91_STU00543,TORONTO_LSE91_0200
TORONTO_LSE91_STU00543,TORONTO_LSE91_0201
TORONTO_LSE91_STU00543,TORONTO_LSE91_0242
TORONTO_LSE91_STU00544,TORONTO_LSE91_0036
TORONTO_LSE91_STU00544,TORONTO_LSE91_0042
TORONTO_LSE91_STU00544,TORONTO_LSE91_0044
TORONTO_LSE91_STU00544,TORONTO_LSE91_0058
TORONTO_LSE91_STU00545,TORONTO_LSE91_0075
TORONTO_LSE91_STU00545,TORONTO_LSE91_0199
TORONTO_LSE91_STU00545,TORONTO_LSE91_0200
TORONTO_LSE91_STU00545,TORONTO_LSE91_0201
TORONTO_LSE91_STU00545,TORONTO_LSE91_0202
TORONTO_LSE91_STU00546,TORONTO_LSE91_0229
TORONTO_LSE91_STU00546,TORONTO_LSE91_0278
TORONTO_LSE91_STU00546,TORONTO_LSE91_0279
TORONTO_LSE91_STU00546,TORONTO_LSE91_0289
TORONTO_LSE91_STU00547,TORONTO_LSE91_0001
TORONTO_LSE91_STU00547,TORONTO_LSE91_0033
TORONTO_LSE91_STU00547,TORONTO_LSE91_0036
TORONTO_LSE91_STU00547,TORONTO_LSE91_0039
TORONTO_LSE91_STU00547,TORONTO_LSE91_0040
TORONTO_LSE91_STU00548,TORONTO_LSE91_0036
TORONTO_LSE91_STU00548,TORONTO_LSE91_0038
TORONTO_LSE91_STU00548,TORONTO_LSE91_0039
TORONTO_LSE91_STU00548,TORONTO_LSE91_0040
TORONTO_LSE91_STU00549,TORONTO_LSE91_0004
TORONTO_LSE91_STU00549,TORONTO_LSE91_0269
TORONTO_LSE91_STU00549,TORONTO_LSE91_0289
TORONTO_LSE91_STU00549,TORONTO_LSE91_0341
TORONTO_LSE91_STU00550,TORONTO_LSE91_0036
TORONTO_LSE91_STU00550,TORONTO_LSE91_0039
TORONTO_LSE91_STU00550,TORONTO_LSE91_0040
TORONTO_LSE91_STU00550,TORONTO_LSE91_0041
TORONTO_LSE91_STU00551,TORONTO_LSE91_0269
TORONTO_LSE91_STU00551,TORONTO_LSE91_0344
TORONTO_LSE91_STU00551,TORONTO_LSE91_0345
TORONTO_LSE91_STU00551,TORONTO_LSE91_0362
TORONTO_LSE91_STU00552,TORONTO_LSE91_0035
TORONTO_LSE91_STU00552,TORONTO_LSE91_0042
TORONTO_LSE91_STU00552,TORONTO_LSE91_0066
TORONTO_LSE91_STU00553,TORONTO_LSE91_0118
TORONTO_LSE91_STU00553,TORONTO_LSE91_0127
TORONTO_LSE91_STU00553,TORONTO_LSE91_0289
TORONTO_LSE91_STU00553,TORONTO_LSE91_0366
TORONTO_LSE91_STU00554,TORONTO_LSE91_0001
TORONTO_LSE91_STU00554,TORONTO_LSE91_0025
TORONTO_LSE91_STU00554,TORONTO_LSE91_0028
TORONTO_LSE91_STU00554,TORONTO_LSE91_0030
TORONTO_LSE91_STU00554,TORONTO_LSE91_0034
TORONTO_LSE91_STU00555,TORONTO_LSE91_0199
TORONTO_LSE91_STU00555,TORONTO_LSE91_0200
TORONTO_LSE91_STU00555,TORONTO_LSE91_0201
TORONTO_LSE91_STU00555,TORONTO_LSE91_0373
TORONTO_LSE91_STU00556,TORONTO_LSE91_0306
TORONTO_LSE91_STU00556,TORONTO_LSE91_0369
TORONTO_LSE91_STU00556,TORONTO_LSE91_0374
TORONTO_LSE91_STU00556,TORONTO_LSE91_0375
TORONTO_LSE91_STU00557,TORONTO_LSE91_0001
TORONTO_LSE91_STU00557,TORONTO_LSE91_0031
TORONTO_LSE91_STU00557,TORONTO_LSE91_0036
TORONTO_LSE91_STU00557,TORONTO_LSE91_0044
TORONTO_LSE91_STU00558,TORONTO_LSE91_0269
TORONTO_LSE91_STU00558,TORONTO_LSE91_0344
TORONTO_LSE91_STU00558,TORONTO_LSE91_0345
TORONTO_LSE91_STU00558,TORONTO_LSE91_0350
TORONTO_LSE91_STU00558,TORONTO_LSE91_0351
TORONTO_LSE91_STU00559,TORONTO_LSE91_0118
TORONTO_LSE91_STU00559,TORONTO_LSE91_0128
TORONTO_LSE91_STU00559,TORONTO_LSE91_0374
TORONTO_LSE91_STU00560,TORONTO_LSE91_0231
TORONTO_LSE91_STU00560,TORONTO_LSE91_0232
TORONTO_LSE91_STU00560,TORONTO_LSE91_0236
TORONTO_LSE91_STU00560,TORONTO_LSE91_0246
TORONTO_LSE91_STU00561,TORONTO_LSE91_0065
TORONTO_LSE91_STU00561,TORONTO_LSE91_0120
TORONTO_LSE91_STU00561,TORONTO_LSE91_0127
TORONTO_LSE91_STU00561,TORONTO_LSE91_0180
TORONTO_LSE91_STU00562,TORONTO_LSE91_0231
TORONTO_LSE91_STU00562,TORONTO_LSE91_0234
TORONTO_LSE91_STU00562,TORONTO_LSE91_0241
TORONTO_LSE91_STU00562,TORONTO_LSE91_0248
TORONTO_LSE91_STU00563,TORONTO_LSE91_0027
TORONTO_LSE91_STU00563,TORONTO_LSE91_0190
TORONTO_LSE91_STU00563,TORONTO_LSE91_0192
TORONTO_LSE91_STU00563,TORONTO_LSE91_0193
TORONTO_LSE91_STU00563,TORONTO_LSE91_0230
TORONTO_LSE91_STU00563,TORONTO_LSE91_0377
TORONTO_LSE91_STU00564,TORONTO_LSE91_0231
TORONTO_LSE91_STU00564,TORONTO_LSE91_0232
TORONTO_LSE91_STU00564,TORONTO_LSE91_0234
TORONTO_LSE91_STU00565,TORONTO_LSE91_0146
TORONTO_LSE91_STU00565,TORONTO_LSE91_0369
TORONTO_LSE91_STU00565,TORONTO_LSE91_0372
TORONTO_LSE91_STU00565,TORONTO_LSE91_0373
TORONTO_LSE91_STU00566,TORONTO_LSE91_0030
TORONTO_LSE91_STU00566,TORONTO_LSE91_0031
TORONTO_LSE91_STU00566,TORONTO_LSE91_0036
TORONTO_LSE91_STU00566,TORONTO_LSE91_0042
TORONTO_LSE91_STU00566,TORONTO_LSE91_0059
TORONTO_LSE91_STU00567,TORONTO_LSE91_0031
TORONTO_LSE91_STU00567,TORONTO_LSE91_0036
TORONTO_LSE91_STU00567,TORONTO_LSE91_0041
TORONTO_LSE91_STU00567,TORONTO_LSE91_0042
TORONTO_LSE91_STU00568,TORONTO_LSE91_0031
TORONTO_LSE91_STU00568,TORONTO_LSE91_0036
TORONTO_LSE91_STU00568,TORONTO_LSE91_0044
TORONTO_LSE91_STU00568,TORONTO_LSE91_0229
TORONTO_LSE91_STU00569,TORONTO_LSE91_0036
TORONTO_LSE91_STU00569,TORONTO_LSE91_0041
TORONTO_LSE91_STU00569,TORONTO_LSE91_0042
TORONTO_LSE91_STU00569,TORONTO_LSE91_0117
TORONTO_LSE91_STU00570,TORONTO_LSE91_0031
TORONTO_LSE91_STU00570,TORONTO_LSE91_0034
TORONTO_LSE91_STU00570,TORONTO_LSE91_0036
TORONTO_LSE91_STU00570,TORONTO_LSE91_0037
TORONTO_LSE91_STU00571,TORONTO_LSE91_0075
TORONTO_LSE91_STU00571,TORONTO_LSE91_0089
TORONTO_LSE91_STU00571,TORONTO_LSE91_0135
TORONTO_LSE91_STU00571,TORONTO_LSE91_0146
TORONTO_LSE91_STU00571,TORONTO_LSE91_0155
TORONTO_LSE91_STU00572,TORONTO_LSE91_0118
TORONTO_LSE91_STU00572,TORONTO_LSE91_0121
TORONTO_LSE91_STU00572,TORONTO_LSE91_0161
TORONTO_LSE91_STU00573,TORONTO_LSE91_0036
TORONTO_LSE91_STU00573,TORONTO_LSE91_0041
TORONTO_LSE91_STU00573,TORONTO_LSE91_0042
TORONTO_LSE91_STU00573,TORONTO_LSE91_0282
TORONTO_LSE91_STU00574,TORONTO_LSE91_0033
TORONTO_LSE91_STU00574,TORONTO_LSE91_0042
TORONTO_LSE91_STU00574,TORONTO_LSE91_0046
TORONTO_LSE91_STU00574,TORONTO_LSE91_0049
TORONTO_LSE91_STU00574,TORONTO_LSE91_0361
TORONTO_LSE91_STU00575,TORONTO_LSE91_0295
TORONTO_LSE91_STU00575,TORONTO_LSE91_0297
TORONTO_LSE91_STU00575,TORONTO_LSE91_0299
TORONTO_LSE91_STU00575,TORONTO_LSE91_0302
TORONTO_LSE91_STU00576,TORONTO_LSE91_0313
TORONTO_LSE91_STU00576,TORONTO_LSE91_0314
TORONTO_LSE91_STU00576,TORONTO_LSE91_0317
TORONTO_LSE91_STU00576,TORONTO_LSE91_0350
TORONTO_LSE91_STU00576,TORONTO_LSE91_0351
TORONTO_LSE91_STU00577,TORONTO_LSE91_0231
TORONTO_LSE91_STU00577,TORONTO_LSE91_0232
TORONTO_LSE91_STU00577,TORONTO_LSE91_0234
TORONTO_LSE91_STU00577,TORONTO_LSE91_0236
TORONTO_LSE91_STU00578,TORONTO_LSE91_0013
TORONTO_LSE91_STU00578,TORONTO_LSE91_0014
TORONTO_LSE91_STU00578,TORONTO_LSE91_0318
TORONTO_LSE91_STU00579,TORONTO_LSE91_0036
TORONTO_LSE91_STU00579,TORONTO_LSE91_0039
TORONTO_LSE91_STU00579,TORONTO_LSE91_0040
TORONTO_LSE91_STU00579,TORONTO_LSE91_0043
TORONTO_LSE91_STU00580,TORONTO_LSE91_0030
TORONTO_LSE91_STU00580,TORONTO_LSE91_0342
TORONTO_LSE91_STU00580,TORONTO_LSE91_0343
TORONTO_LSE91_STU00580,TORONTO_LSE91_0350
TORONTO_LSE91_STU00580,TORONTO_LSE91_0351
TORONTO_LSE91_STU00581,TORONTO_LSE91_0231
TORONTO_LSE91_STU00581,TORONTO_LSE91_0237
TORONTO_LSE91_STU00581,TORONTO_LSE91_0243
TORONTO_LSE91_STU00581,TORONTO_LSE91_0253
TORONTO_LSE91_STU00581,TORONTO_LSE91_0255
TORONTO_LSE91_STU00582,TORONTO_LSE91_0003
TORONTO_LSE91_STU00582,TORONTO_LSE91_0004
TORONTO_LSE91_STU00582,TORONTO_LSE91_0191
TORONTO_LSE91_STU00582,TORONTO_LSE91_0229
TORONTO_LSE91_STU00582,TORONTO_LSE91_0361
TORONTO_LSE91_STU00583,TORONTO_LSE91_0295
TORONTO_LSE91_STU00583,TORONTO_LSE91_0296
TORONTO_LSE91_STU00583,TORONTO_LSE91_0299
TORONTO_LSE91_STU00583,TORONTO_LSE91_0305
TORONTO_LSE91_STU00584,TORONTO_LSE91_0034
TORONTO_LSE91_STU00584,TORONTO_LSE91_0036
TORONTO_LSE91_STU00584,TORONTO_LSE91_0229
TORONTO_LSE91_STU00584,TORONTO_LSE91_0361
TORONTO_LSE91_STU00585,TORONTO_LSE91_0073
TORONTO_LSE91_STU00585,TORONTO_LSE91_0224
TORONTO_LSE91_STU00585,TORONTO_LSE91_0369
TORONTO_LSE91_STU00585,TORONTO_LSE91_0377
TORONTO_LSE91_STU00586,TORONTO_LSE91_0075
TORONTO_LSE91_STU00586,TORONTO_LSE91_0191
TORONTO_LSE91_STU00586,TORONTO_LSE91_0192
TORONTO_LSE91_STU00586,TORONTO_LSE91_0193
TORONTO_LSE91_STU00586,TORONTO_LSE91_0377
TORONTO_LSE91_STU00587,TORONTO_LSE91_0094
TORONTO_LSE91_STU00587,TORONTO_LSE91_0095
TORONTO_LSE91_STU00587,TORONTO_LSE91_0096
TORONTO_LSE91_STU00587,TORONTO_LSE91_0101
TORONTO_LSE91_STU00587,TORONTO_LSE91_0221
TORONTO_LSE91_STU00587,TORONTO_LSE91_0231
TORONTO_LSE91_STU00587,TORONTO_LSE91_0240
TORONTO_LSE91_STU00588,TORONTO_LSE91_0003
TORONTO_LSE91_STU00588,TORONTO_LSE91_0004
TORONTO_LSE91_STU00588,TORONTO_LSE91_0229
TORONTO_LSE91_STU00588,TORONTO_LSE91_0289
TORONTO_LSE91_STU00588,TORONTO_LSE91_0350
TORONTO_LSE91_STU00588,TORONTO_LSE91_0351
TORONTO_LSE91_STU00588,TORONTO_LSE91_0361
TORONTO_LSE91_STU00589,TORONTO_LSE91_0003
TORONTO_LSE91_STU00589,TORONTO_LSE91_0004
TORONTO_LSE91_STU00589,TORONTO_LSE91_0005
TORONTO_LSE91_STU00589,TORONTO_LSE91_0229
TORONTO_LSE91_STU00590,TORONTO_LSE91_0282
TORONTO_LSE91_STU00590,TORONTO_LSE91_0353
TORONTO_LSE91_STU00590,TORONTO_LSE91_0355
TORONTO_LSE91_STU00590,TORONTO_LSE91_0358
TORONTO_LSE91_STU00590,TORONTO_LSE91_0360
TORONTO_LSE91_STU00591,TORONTO_LSE91_0268
TORONTO_LSE91_STU00591,TORONTO_LSE91_0320
TORONTO_LSE91_STU00591,TORONTO_LSE91_0341
TORONTO_LSE91_STU00591,TORONTO_LSE91_0356
TORONTO_LSE91_STU00591,TORONTO_LSE91_0357
TORONTO_LSE91_STU00591,TORONTO_LSE91_0359
TORONTO_LSE91_STU00592,TORONTO_LSE91_0231
TORONTO_LSE91_STU00592,TORONTO_LSE91_0232
TORONTO_LSE91_STU00592,TORONTO_LSE91_0239
TORONTO_LSE91_STU00592,TORONTO_LSE91_0242
TORONTO_LSE91_STU00593,TORONTO_LSE91_0003
TORONTO_LSE91_STU00593,TORONTO_LSE91_0004
TORONTO_LSE91_STU00593,TORONTO_LSE91_0191
TORONTO_LSE91_STU00593,TORONTO_LSE91_0229
TORONTO_LSE91_STU00594,TORONTO_LSE91_0193
TORONTO_LSE91_STU00594,TORONTO_LSE91_0377
TORONTO_LSE91_STU00595,TORONTO_LSE91_0003
TORONTO_LSE91_STU00595,TORONTO_LSE91_0004
TORONTO_LSE91_STU00595,TORONTO_LSE91_0040
TORONTO_LSE91_STU00595,TORONTO_LSE91_0229
TORONTO_LSE91_STU00596,TORONTO_LSE91_0116
TORONTO_LSE91_STU00596,TORONTO_LSE91_0119
TORONTO_LSE91_STU00596,TORONTO_LSE91_0128
TORONTO_LSE91_STU00597,TORONTO_LSE91_0105
TORONTO_LSE91_STU00597,TORONTO_LSE91_0110
TORONTO_LSE91_STU00598,TORONTO_LSE91_0003
TORONTO_LSE91_STU00598,TORONTO_LSE91_0004
TORONTO_LSE91_STU00598,TORONTO_LSE91_0040
TORONTO_LSE91_STU00598,TORONTO_LSE91_0229
TORONTO_LSE91_STU00599,TORONTO_LSE91_0269
TORONTO_LSE91_STU00599,TORONTO_LSE91_0282
TORONTO_LSE91_STU00599,TORONTO_LSE91_0339
TORONTO_LSE91_STU00599,TORONTO_LSE91_0344
TORONTO_LSE91_STU00599,TORONTO_LSE91_0345
TORONTO_LSE91_STU00599,TORONTO_LSE91_0346
TORONTO_LSE91_STU00600,TORONTO_LSE91_0283
TORONTO_LSE91_STU00600,TORONTO_LSE91_0340
TORONTO_LSE91_STU00600,TORONTO_LSE91_0362
TORONTO_LSE91_STU00600,TORONTO_LSE91_0366
TORONTO_LSE91_STU00601,TORONTO_LSE91_0004
TORONTO_LSE91_STU00601,TORONTO_LSE91_0028
TORONTO_LSE91_STU00601,TORONTO_LSE91_0289
TORONTO_LSE91_STU00601,TORONTO_LSE91_0341
TORONTO_LSE91_STU00602,TORONTO_LSE91_0046
TORONTO_LSE91_STU00602,TORONTO_LSE91_0342
TORONTO_LSE91_STU00602,TORONTO_LSE91_0343
TORONTO_LSE91_STU00602,TORONTO_LSE91_0362
TORONTO_LSE91_STU00603,TORONTO_LSE91_0003
TORONTO_LSE91_STU00603,TORONTO_LSE91_0004
TORONTO_LSE91_STU00603,TORONTO_LSE91_0031
TORONTO_LSE91_STU00603,TORONTO_LSE91_0229
TORONTO_LSE91_STU00604,TORONTO_LSE91_0074
TORONTO_LSE91_STU00604,TORONTO_LSE91_0136
TORONTO_LSE91_STU00604,TORONTO_LSE91_0141
TORONTO_LSE91_STU00604,TORONTO_LSE91_0145
TORONTO_LSE91_STU00604,TORONTO_LSE91_0146
TORONTO_LSE91_STU00604,TORONTO_LSE91_0154
TORONTO_LSE91_STU00605,TORONTO_LSE91_0323
TORONTO_LSE91_STU00605,TORONTO_LSE91_0339
TORONTO_LSE91_STU00606,TORONTO_LSE91_0036
TORONTO_LSE91_STU00606,TORONTO_LSE91_0037
TORONTO_LSE91_STU00606,TORONTO_LSE91_0038
TORONTO_LSE91_STU00606,TORONTO_LSE91_0058
TORONTO_LSE91_STU00607,TORONTO_LSE91_0003
TORONTO_LSE91_STU00607,TORONTO_LSE91_0004
TORONTO_LSE91_STU00607,TORONTO_LSE91_0030
TORONTO_LSE91_STU00607,TORONTO_LSE91_0229
TORONTO_LSE91_STU00608,TORONTO_LSE91_0313
TORONTO_LSE91_STU00608,TORONTO_LSE91_0314
TORONTO_LSE91_STU00608,TORONTO_LSE91_0318
TORONTO_LSE91_STU00609,TORONTO_LSE91_0003
TORONTO_LSE91_STU00609,TORONTO_LSE91_0004
TORONTO_LSE91_STU00609,TORONTO_LSE91_0031
TORONTO_LSE91_STU00609,TORONTO_LSE91_0229
TORONTO_LSE91_STU00610,TORONTO_LSE91_0229
TORONTO_LSE91_STU00610,TORONTO_LSE91_0269
TORONTO_LSE91_STU00610,TORONTO_LSE91_0341
TORONTO_LSE91_STU00611,TORONTO_LSE91_0004
TORONTO_LSE91_STU00611,TORONTO_LSE91_0199
TORONTO_LSE91_STU00611,TORONTO_LSE91_0200
TORONTO_LSE91_STU00611,TORONTO_LSE91_0201
TORONTO_LSE91_STU00611,TORONTO_LSE91_0202
TORONTO_LSE91_STU00612,TORONTO_LSE91_0046
TORONTO_LSE91_STU00612,TORONTO_LSE91_0163
TORONTO_LSE91_STU00612,TORONTO_LSE91_0322
TORONTO_LSE91_STU00612,TORONTO_LSE91_0341
TORONTO_LSE91_STU00612,TORONTO_LSE91_0356
TORONTO_LSE91_STU00612,TORONTO_LSE91_0357
TORONTO_LSE91_STU00613,TORONTO_LSE91_0002
TORONTO_LSE91_STU00613,TORONTO_LSE91_0003
TORONTO_LSE91_STU00613,TORONTO_LSE91_0004
TORONTO_LSE91_STU00613,TORONTO_LSE91_0040
TORONTO_LSE91_STU00613,TORONTO_LSE91_0229
TORONTO_LSE91_STU00614,TORONTO_LSE91_0231
TORONTO_LSE91_STU00614,TORONTO_LSE91_0239
TORONTO_LSE91_STU00614,TORONTO_LSE91_0243
TORONTO_LSE91_STU00614,TORONTO_LSE91_0267
TORONTO_LSE91_STU00615,TORONTO_LSE91_0231
TORONTO_LSE91_STU00615,TORONTO_LSE91_0232
TORONTO_LSE91_STU00615,TORONTO_LSE91_0238
TORONTO_LSE91_STU00615,TORONTO_LSE91_0253
TORONTO_LSE91_STU00615,TORONTO_LSE91_0254
TORONTO_LSE91_STU00616,TORONTO_LSE91_0001
TORONTO_LSE91_STU00616,TORONTO_LSE91_0036
TORONTO_LSE91_STU00616,TORONTO_LSE91_0044
TORONTO_LSE91_STU00616,TORONTO_LSE91_0361
TORONTO_LSE91_STU00617,TORONTO_LSE91_0028
TORONTO_LSE91_STU00617,TORONTO_LSE91_0030
TORONTO_LSE91_STU00617,TORONTO_LSE91_0032
TORONTO_LSE91_STU00617,TORONTO_LSE91_0033
TORONTO_LSE91_STU00617,TORONTO_LSE91_0059
TORONTO_LSE91_STU00617,TORONTO_LSE91_0066
TORONTO_LSE91_STU00618,TORONTO_LSE91_0036
TORONTO_LSE91_STU00618,TORONTO_LSE91_0039
TORONTO_LSE91_STU00618,TORONTO_LSE91_0040
TORONTO_LSE91_STU00618,TORONTO_LSE91_0041
TORONTO_LSE91_STU00618,TORONTO_LSE91_0268
TORONTO_LSE91_STU00619,TORONTO_LSE91_0199
TORONTO_LSE91_STU00619,TORONTO_LSE91_0200
TORONTO_LSE91_STU00619,TORONTO_LSE91_0201
TORONTO_LSE91_STU00619,TORONTO_LSE91_0242
TORONTO_LSE91_STU00619,TORONTO_LSE91_0267
TORONTO_LSE91_STU00620,TORONTO_LSE91_0036
TORONTO_LSE91_STU00620,TORONTO_LSE91_0037
TORONTO_LSE91_STU00620,TORONTO_LSE91_0038
TORONTO_LSE91_STU00620,TORONTO_LSE91_0229
TORONTO_LSE91_STU00621,TORONTO_LSE91_0244
TORONTO_LSE91_STU00621,TORONTO_LSE91_0313
TORONTO_LSE91_STU00621,TORONTO_LSE91_0314
TORONTO_LSE91_STU00622,TORONTO_LSE91_0075
TORONTO_LSE91_STU00622,TORONTO_LSE91_0092
TORONTO_LSE91_STU00622,TORONTO_LSE91_0146
TORONTO_LSE91_STU00622,TORONTO_LSE91_0149
TORONTO_LSE91_STU00622,TORONTO_LSE91_0350
TORONTO_LSE91_STU00622,TORONTO_LSE91_0351
TORONTO_LSE91_STU00623,TORONTO_LSE91_0003
TORONTO_LSE91_STU00623,TORONTO_LSE91_0004
TORONTO_LSE91_STU00623,TORONTO_LSE91_0005
TORONTO_LSE91_STU00623,TORONTO_LSE91_0229
TORONTO_LSE91_STU00624,TORONTO_LSE91_0191
TORONTO_LSE91_STU00624,TORONTO_LSE91_0269
TORONTO_LSE91_STU00624,TORONTO_LSE91_0341
TORONTO_LSE91_STU00625,TORONTO_LSE91_0036
TORONTO_LSE91_STU00625,TORONTO_LSE91_0041
TORONTO_LSE91_STU00625,TORONTO_LSE91_0042
TORONTO_LSE91_STU00625,TORONTO_LSE91_0068
TORONTO_LSE91_STU00626,TORONTO_LSE91_0058
TORONTO_LSE91_STU00626,TORONTO_LSE91_0063
TORONTO_LSE91_STU00626,TORONTO_LSE91_0065
TORONTO_LSE91_STU00626,TORONTO_LSE91_0066
TORONTO_LSE91_STU00627,TORONTO_LSE91_0231
TORONTO_LSE91_STU00627,TORONTO_LSE91_0232
TORONTO_LSE91_STU00627,TORONTO_LSE91_0241
TORONTO_LSE91_STU00627,TORONTO_LSE91_0243
TORONTO_LSE91_STU00627,TORONTO_LSE91_0289
TORONTO_LSE91_STU00628,TORONTO_LSE91_0001
TORONTO_LSE91_STU00628,TORONTO_LSE91_0231
TORONTO_LSE91_STU00628,TORONTO_LSE91_0232
TORONTO_LSE91_STU00628,TORONTO_LSE91_0233
TORONTO_LSE91_STU00629,TORONTO_LSE91_0003
TORONTO_LSE91_STU00629,TORONTO_LSE91_0004
TORONTO_LSE91_STU00629,TORONTO_LSE91_0042
TORONTO_LSE91_STU00629,TORONTO_LSE91_0229
TORONTO_LSE91_STU00630,TORONTO_LSE91_0075
TORONTO_LSE91_STU00630,TORONTO_LSE91_0083
TORONTO_LSE91_STU00630,TORONTO_LSE91_0086
TORONTO_LSE91_STU00630,TORONTO_LSE91_0100
TORONTO_LSE91_STU00630,TORONTO_LSE91_0267
TORONTO_LSE91_STU00631,TORONTO_LSE91_0001
TORONTO_LSE91_STU00631,TORONTO_LSE91_0036
TORONTO_LSE91_STU00631,TORONTO_LSE91_0039
TORONTO_LSE91_STU00631,TORONTO_LSE91_0040
TORONTO_LSE91_STU00631,TORONTO_LSE91_0041
TORONTO_LSE91_STU00632,TORONTO_LSE91_0030
TORONTO_LSE91_STU00632,TORONTO_LSE91_0031
TORONTO_LSE91_STU00632,TORONTO_LSE91_0035
TORONTO_LSE91_STU00632,TORONTO_LSE91_0036
TORONTO_LSE91_STU00632,TORONTO_LSE91_0039
TORONTO_LSE91_STU00632,TORONTO_LSE91_0040
TORONTO_LSE91_STU00633,TORONTO_LSE91_0077
TORONTO_LSE91_STU00633,TORONTO_LSE91_0086
TORONTO_LSE91_STU00633,TORONTO_LSE91_0096
TORONTO_LSE91_STU00633,TORONTO_LSE91_0222
TORONTO_LSE91_STU00633,TORONTO_LSE91_0238
TORONTO_LSE91_STU00634,TORONTO_LSE91_0077
TORONTO_LSE91_STU00634,TORONTO_LSE91_0078
TORONTO_LSE91_STU00634,TORONTO_LSE91_0080
TORONTO_LSE91_STU00634,TORONTO_LSE91_0090
TORONTO_LSE91_STU00635,TORONTO_LSE91_0030
TORONTO_LSE91_STU00635,TORONTO_LSE91_0271
TORONTO_LSE91_STU00635,TORONTO_LSE91_0323
TORONTO_LSE91_STU00635,TORONTO_LSE91_0339
TORONTO_LSE91_STU00636,TORONTO_LSE91_0289
TORONTO_LSE91_STU00636,TORONTO_LSE91_0344
TORONTO_LSE91_STU00636,TORONTO_LSE91_0345
TORONTO_LSE91_STU00636,TORONTO_LSE91_0350
TORONTO_LSE91_STU00636,TORONTO_LSE91_0351
TORONTO_LSE91_STU00637,TORONTO_LSE91_0036
TORONTO_LSE91_STU00637,TORONTO_LSE91_0039
TORONTO_LSE91_STU00637,TORONTO_LSE91_0040
TORONTO_LSE91_STU00637,TORONTO_LSE91_0041
TORONTO_LSE91_STU00638,TORONTO_LSE91_0231
TORONTO_LSE91_STU00638,TORONTO_LSE91_0237
TORONTO_LSE91_STU00638,TORONTO_LSE91_0243
TORONTO_LSE91_STU00638,TORONTO_LSE91_0253
TORONTO_LSE91_STU00638,TORONTO_LSE91_0255
TORONTO_LSE91_STU00639,TORONTO_LSE91_0003
TORONTO_LSE91_STU00639,TORONTO_LSE91_0004
TORONTO_LSE91_STU00639,TORONTO_LSE91_0040
TORONTO_LSE91_STU00639,TORONTO_LSE91_0229
TORONTO_LSE91_STU00640,TORONTO_LSE91_0003
TORONTO_LSE91_STU00640,TORONTO_LSE91_0004
TORONTO_LSE91_STU00640,TORONTO_LSE91_0040
TORONTO_LSE91_STU00640,TORONTO_LSE91_0229
TORONTO_LSE91_STU00641,TORONTO_LSE91_0029
TORONTO_LSE91_STU00641,TORONTO_LSE91_0038
TORONTO_LSE91_STU00641,TORONTO_LSE91_0039
TORONTO_LSE91_STU00641,TORONTO_LSE91_0040
TORONTO_LSE91_STU00641,TORONTO_LSE91_0046
TORONTO_LSE91_STU00641,TORONTO_LSE91_0049
TORONTO_LSE91_STU00642,TORONTO_LSE91_0269
TORONTO_LSE91_STU00642,TORONTO_LSE91_0344
TORONTO_LSE91_STU00642,TORONTO_LSE91_0345
TORONTO_LSE91_STU00642,TORONTO_LSE91_0362
TORONTO_LSE91_STU00643,TORONTO_LSE91_0296
TORONTO_LSE91_STU00643,TORONTO_LSE91_0297
TORONTO_LSE91_STU00643,TORONTO_LSE91_0298
TORONTO_LSE91_STU00643,TORONTO_LSE91_0301
TORONTO_LSE91_STU00644,TORONTO_LSE91_0199
TORONTO_LSE91_STU00644,TORONTO_LSE91_0200
TORONTO_LSE91_STU00644,TORONTO_LSE91_0201
TORONTO_LSE91_STU00644,TORONTO_LSE91_0202
TORONTO_LSE91_STU00644,TORONTO_LSE91_0203
TORONTO_LSE91_STU00645,TORONTO_LSE91_0030
TORONTO_LSE91_STU00645,TORONTO_LSE91_0035
TORONTO_LSE91_STU00645,TORONTO_LSE91_0036
TORONTO_LSE91_STU00645,TORONTO_LSE91_0044
TORONTO_LSE91_STU00645,TORONTO_LSE91_0224
TORONTO_LSE91_STU00645,TORONTO_LSE91_0229
TORONTO_LSE91_STU00646,TORONTO_LSE91_0289
TORONTO_LSE91_STU00646,TORONTO_LSE91_0344
TORONTO_LSE91_STU00646,TORONTO_LSE91_0345
TORONTO_LSE91_STU00646,TORONTO_LSE91_0350
TORONTO_LSE91_STU00646,TORONTO_LSE91_0351
TORONTO_LSE91_STU00647,TORONTO_LSE91_0077
TORONTO_LSE91_STU00647,TORONTO_LSE91_0078
TORONTO_LSE91_STU00647,TORONTO_LSE91_0082
TORONTO_LSE91_STU00647,TORONTO_LSE91_0083
TORONTO_LSE91_STU00647,TORONTO_LSE91_0090
TORONTO_LSE91_STU00648,TORONTO_LSE91_0268
TORONTO_LSE91_STU00648,TORONTO_LSE91_0292
TORONTO_LSE91_STU00648,TORONTO_LSE91_0296
TORONTO_LSE91_STU00648,TORONTO_LSE91_0297
TORONTO_LSE91_STU00648,TORONTO_LSE91_0298
TORONTO_LSE91_STU00648,TORONTO_LSE91_0299
TORONTO_LSE91_STU00649,TORONTO_LSE91_0003
TORONTO_LSE91_STU00649,TORONTO_LSE91_0004
TORONTO_LSE91_STU00649,TORONTO_LSE91_0028
TORONTO_LSE91_STU00649,TORONTO_LSE91_0204
TORONTO_LSE91_STU00649,TORONTO_LSE91_0229
TORONTO_LSE91_STU00650,TORONTO_LSE91_0001
TORONTO_LSE91_STU00650,TORONTO_LSE91_0030
TORONTO_LSE91_STU00650,TORONTO_LSE91_0036
TORONTO_LSE91_STU00650,TORONTO_LSE91_0041
TORONTO_LSE91_STU00650,TORONTO_LSE91_0042
TORONTO_LSE91_STU00651,TORONTO_LSE91_0030
TORONTO_LSE91_STU00651,TORONTO_LSE91_0031
TORONTO_LSE91_STU00651,TORONTO_LSE91_0036
TORONTO_LSE91_STU00651,TORONTO_LSE91_0044
TORONTO_LSE91_STU00651,TORONTO_LSE91_0229
TORONTO_LSE91_STU00652,TORONTO_LSE91_0021
TORONTO_LSE91_STU00653,TORONTO_LSE91_0199
TORONTO_LSE91_STU00653,TORONTO_LSE91_0200
TORONTO_LSE91_STU00653,TORONTO_LSE91_0201
TORONTO_LSE91_STU00653,TORONTO_LSE91_0202
TORONTO_LSE91_STU00653,TORONTO_LSE91_0285
TORONTO_LSE91_STU00654,TORONTO_LSE91_0030
TORONTO_LSE91_STU00654,TORONTO_LSE91_0032
TORONTO_LSE91_STU00654,TORONTO_LSE91_0033
TORONTO_LSE91_STU00654,TORONTO_LSE91_0066
TORONTO_LSE91_STU00655,TORONTO_LSE91_0004
TORONTO_LSE91_STU00655,TORONTO_LSE91_0046
TORONTO_LSE91_STU00655,TORONTO_LSE91_0049
TORONTO_LSE91_STU00655,TORONTO_LSE91_0339
TORONTO_LSE91_STU00655,TORONTO_LSE91_0361
TORONTO_LSE91_STU00656,TORONTO_LSE91_0125
TORONTO_LSE91_STU00656,TORONTO_LSE91_0311
TORONTO_LSE91_STU00656,TORONTO_LSE91_0313
TORONTO_LSE91_STU00656,TORONTO_LSE91_0318
TORONTO_LSE91_STU00657,TORONTO_LSE91_0084
TORONTO_LSE91_STU00657,TORONTO_LSE91_0199
TORONTO_LSE91_STU00657,TORONTO_LSE91_0200
TORONTO_LSE91_STU00657,TORONTO_LSE91_0201
TORONTO_LSE91_STU00657,TORONTO_LSE91_0202
TORONTO_LSE91_STU00658,TORONTO_LSE91_0075
TORONTO_LSE91_STU00658,TORONTO_LSE91_0133
TORONTO_LSE91_STU00658,TORONTO_LSE91_0135
TORONTO_LSE91_STU00658,TORONTO_LSE91_0146
TORONTO_LSE91_STU00658,TORONTO_LSE91_0149
TORONTO_LSE91_STU00659,TORONTO_LSE91_0146
TORONTO_LSE91_STU00659,TORONTO_LSE91_0231
TORONTO_LSE91_STU00659,TORONTO_LSE91_0232
TORONTO_LSE91_STU00659,TORONTO_LSE91_0243
TORONTO_LSE91_STU00660,TORONTO_LSE91_0036
TORONTO_LSE91_STU00660,TORONTO_LSE91_0039
TORONTO_LSE91_STU00660,TORONTO_LSE91_0040
TORONTO_LSE91_STU00660,TORONTO_LSE91_0041
TORONTO_LSE91_STU00661,TORONTO_LSE91_0004
TORONTO_LSE91_STU00661,TORONTO_LSE91_0260
TORONTO_LSE91_STU00661,TORONTO_LSE91_0325
TORONTO_LSE91_STU00661,TORONTO_LSE91_0338
TORONTO_LSE91_STU00661,TORONTO_LSE91_0356
TORONTO_LSE91_STU00662,TORONTO_LSE91_0076
TORONTO_LSE91_STU00662,TORONTO_LSE91_0096
TORONTO_LSE91_STU00662,TORONTO_LSE91_0221
TORONTO_LSE91_STU00663,TORONTO_LSE91_0061
TORONTO_LSE91_STU00663,TORONTO_LSE91_0066
TORONTO_LSE91_STU00663,TORONTO_LSE91_0068
TORONTO_LSE91_STU00663,TORONTO_LSE91_0285
TORONTO_LSE91_STU00664,TORONTO_LSE91_0146
TORONTO_LSE91_STU00664,TORONTO_LSE91_0199
TORONTO_LSE91_STU00664,TORONTO_LSE91_0200
TORONTO_LSE91_STU00664,TORONTO_LSE91_0201
TORONTO_LSE91_STU00664,TORONTO_LSE91_0204
TORONTO_LSE91_STU00665,TORONTO_LSE91_0267
TORONTO_LSE91_STU00665,TORONTO_LSE91_0369
TORONTO_LSE91_STU00665,TORONTO_LSE91_0378
TORONTO_LSE91_STU00666,TORONTO_LSE91_0124
TORONTO_LSE91_STU00666,TORONTO_LSE91_0129
TORONTO_LSE91_STU00666,TORONTO_LSE91_0161
TORONTO_LSE91_STU00667,TORONTO_LSE91_0030
TORONTO_LSE91_STU00667,TORONTO_LSE91_0036
TORONTO_LSE91_STU00667,TORONTO_LSE91_0041
TORONTO_LSE91_STU00667,TORONTO_LSE91_0042
TORONTO_LSE91_STU00667,TORONTO_LSE91_0057
TORONTO_LSE91_STU00667,TORONTO_LSE91_0268
TORONTO_LSE91_STU00668,TORONTO_LSE91_0231
TORONTO_LSE91_STU00668,TORONTO_LSE91_0236
TORONTO_LSE91_STU00668,TORONTO_LSE91_0243
TORONTO_LSE91_STU00668,TORONTO_LSE91_0253
TORONTO_LSE91_STU00668,TORONTO_LSE91_0255
TORONTO_LSE91_STU00669,TORONTO_LSE91_0036
TORONTO_LSE91_STU00669,TORONTO_LSE91_0044
TORONTO_LSE91_STU00669,TORONTO_LSE91_0350
TORONTO_LSE91_STU00669,TORONTO_LSE91_0351
TORONTO_LSE91_STU00669,TORONTO_LSE91_0361
TORONTO_LSE91_STU00670,TORONTO_LSE91_0104
TORONTO_LSE91_STU00670,TORONTO_LSE91_0369
TORONTO_LSE91_STU00670,TORONTO_LSE91_0370
TORONTO_LSE91_STU00671,TORONTO_LSE91_0029
TORONTO_LSE91_STU00671,TORONTO_LSE91_0327
TORONTO_LSE91_STU00671,TORONTO_LSE91_0328
TORONTO_LSE91_STU00671,TORONTO_LSE91_0332
TORONTO_LSE91_STU00671,TORONTO_LSE91_0334
TORONTO_LSE91_STU00671,TORONTO_LSE91_0362
TORONTO_LSE91_STU00672,TORONTO_LSE91_0003
TORONTO_LSE91_STU00672,TORONTO_LSE91_0004
TORONTO_LSE91_STU00672,TORONTO_LSE91_0031
TORONTO_LSE91_STU00672,TORONTO_LSE91_0229
TORONTO_LSE91_STU00673,TORONTO_LSE91_0231
TORONTO_LSE91_STU00673,TORONTO_LSE91_0236
TORONTO_LSE91_STU00673,TORONTO_LSE91_0243
TORONTO_LSE91_STU00673,TORONTO_LSE91_0253
TORONTO_LSE91_STU00673,TORONTO_LSE91_0255
TORONTO_LSE91_STU00674,TORONTO_LSE91_0003
TORONTO_LSE91_STU00674,TORONTO_LSE91_0004
TORONTO_LSE91_STU00674,TORONTO_LSE91_0229
TORONTO_LSE91_STU00674,TORONTO_LSE91_0323
TORONTO_LSE91_STU00675,TORONTO_LSE91_0231
TORONTO_LSE91_STU00675,TORONTO_LSE91_0236
TORONTO_LSE91_STU00675,TORONTO_LSE91_0246
TORONTO_LSE91_STU00675,TORONTO_LSE91_0267
TORONTO_LSE91_STU00676,TORONTO_LSE91_0231
TORONTO_LSE91_STU00676,TORONTO_LSE91_0234
TORONTO_LSE91_STU00676,TORONTO_LSE91_0243
TORONTO_LSE91_STU00676,TORONTO_LSE91_0253
TORONTO_LSE91_STU00676,TORONTO_LSE91_0254
TORONTO_LSE91_STU00677,TORONTO_LSE91_0077
TORONTO_LSE91_STU00677,TORONTO_LSE91_0135
TORONTO_LSE91_STU00677,TORONTO_LSE91_0146
TORONTO_LSE91_STU00677,TORONTO_LSE91_0267
TORONTO_LSE91_STU00678,TORONTO_LSE91_0231
TORONTO_LSE91_STU00678,TORONTO_LSE91_0242
TORONTO_LSE91_STU00678,TORONTO_LSE91_0243
TORONTO_LSE91_STU00678,TORONTO_LSE91_0249
TORONTO_LSE91_STU00679,TORONTO_LSE91_0001
TORONTO_LSE91_STU00679,TORONTO_LSE91_0036
TORONTO_LSE91_STU00679,TORONTO_LSE91_0044
TORONTO_LSE91_STU00679,TORONTO_LSE91_0361
TORONTO_LSE91_STU00680,TORONTO_LSE91_0109
TORONTO_LSE91_STU00680,TORONTO_LSE91_0118
TORONTO_LSE91_STU00680,TORONTO_LSE91_0125
TORONTO_LSE91_STU00680,TORONTO_LSE91_0282
TORONTO_LSE91_STU00681,TORONTO_LSE91_0030
TORONTO_LSE91_STU00681,TORONTO_LSE91_0036
TORONTO_LSE91_STU00681,TORONTO_LSE91_0044
TORONTO_LSE91_STU00681,TORONTO_LSE91_0282
TORONTO_LSE91_STU00681,TORONTO_LSE91_0361
TORONTO_LSE91_STU00682,TORONTO_LSE91_0075
TORONTO_LSE91_STU00682,TORONTO_LSE91_0083
TORONTO_LSE91_STU00682,TORONTO_LSE91_0101
TORONTO_LSE91_STU00682,TORONTO_LSE91_0118
TORONTO_LSE91_STU00682,TORONTO_LSE91_0306
TORONTO_LSE91_STU00683,TORONTO_LSE91_0003
TORONTO_LSE91_STU00683,TORONTO_LSE91_0004
TORONTO_LSE91_STU00683,TORONTO_LSE91_0139
TORONTO_LSE91_STU00683,TORONTO_LSE91_0229
TORONTO_LSE91_STU00683,TORONTO_LSE91_0361
TORONTO_LSE91_STU00684,TORONTO_LSE91_0030
TORONTO_LSE91_STU00684,TORONTO_LSE91_0031
TORONTO_LSE91_STU00684,TORONTO_LSE91_0036
TORONTO_LSE91_STU00684,TORONTO_LSE91_0037
TORONTO_LSE91_STU00684,TORONTO_LSE91_0038
TORONTO_LSE91_STU00685,TORONTO_LSE91_0231
TORONTO_LSE91_STU00685,TORONTO_LSE91_0234
TORONTO_LSE91_STU00685,TORONTO_LSE91_0237
TORONTO_LSE91_STU00685,TORONTO_LSE91_0250
TORONTO_LSE91_STU00686,TORONTO_LSE91_0065
TORONTO_LSE91_STU00686,TORONTO_LSE91_0115
TORONTO_LSE91_STU00686,TORONTO_LSE91_0116
TORONTO_LSE91_STU00686,TORONTO_LSE91_0128
TORONTO_LSE91_STU00687,TORONTO_LSE91_0036
TORONTO_LSE91_STU00687,TORONTO_LSE91_0039
TORONTO_LSE91_STU00687,TORONTO_LSE91_0040
TORONTO_LSE91_STU00687,TORONTO_LSE91_0041
TORONTO_LSE91_STU00688,TORONTO_LSE91_0030
TORONTO_LSE91_STU00688,TORONTO_LSE91_0036
TORONTO_LSE91_STU00688,TORONTO_LSE91_0037
TORONTO_LSE91_STU00688,TORONTO_LSE91_0038
TORONTO_LSE91_STU00688,TORONTO_LSE91_0041
TORONTO_LSE91_STU00688,TORONTO_LSE91_0366
TORONTO_LSE91_STU00689,TORONTO_LSE91_0001
TORONTO_LSE91_STU00689,TORONTO_LSE91_0032
TORONTO_LSE91_STU00689,TORONTO_LSE91_0036
TORONTO_LSE91_STU00689,TORONTO_LSE91_0037
TORONTO_LSE91_STU00689,TORONTO_LSE91_0038
TORONTO_LSE91_STU00690,TORONTO_LSE91_0075
TORONTO_LSE91_STU00690,TORONTO_LSE91_0140
TORONTO_LSE91_STU00690,TORONTO_LSE91_0141
TORONTO_LSE91_STU00690,TORONTO_LSE91_0142
TORONTO_LSE91_STU00690,TORONTO_LSE91_0147
TORONTO_LSE91_STU00690,TORONTO_LSE91_0152
TORONTO_LSE91_STU00690,TORONTO_LSE91_0155
TORONTO_LSE91_STU00691,TORONTO_LSE91_0313
TORONTO_LSE91_STU00691,TORONTO_LSE91_0314
TORONTO_LSE91_STU00692,TORONTO_LSE91_0021
TORONTO_LSE91_STU00692,TORONTO_LSE91_0231
TORONTO_LSE91_STU00692,TORONTO_LSE91_0234
TORONTO_LSE91_STU00693,TORONTO_LSE91_0086
TORONTO_LSE91_STU00693,TORONTO_LSE91_0096
TORONTO_LSE91_STU00693,TORONTO_LSE91_0143
TORONTO_LSE91_STU00693,TORONTO_LSE91_0240
TORONTO_LSE91_STU00694,TORONTO_LSE91_0296
TORONTO_LSE91_STU00694,TORONTO_LSE91_0297
TORONTO_LSE91_STU00694,TORONTO_LSE91_0301
TORONTO_LSE91_STU00694,TORONTO_LSE91_0302
TORONTO_LSE91_STU00695,TORONTO_LSE91_0059
TORONTO_LSE91_STU00695,TORONTO_LSE91_0199
TORONTO_LSE91_STU00695,TORONTO_LSE91_0200
TORONTO_LSE91_STU00695,TORONTO_LSE91_0201
TORONTO_LSE91_STU00695,TORONTO_LSE91_0202
TORONTO_LSE91_STU00696,TORONTO_LSE91_0231
TORONTO_LSE91_STU00696,TORONTO_LSE91_0232
TORONTO_LSE91_STU00696,TORONTO_LSE91_0235
TORONTO_LSE91_STU00696,TORONTO_LSE91_0244
TORONTO_LSE91_STU00697,TORONTO_LSE91_0231
TORONTO_LSE91_STU00697,TORONTO_LSE91_0233
TORONTO_LSE91_STU00697,TORONTO_LSE91_0236
TORONTO_LSE91_STU00697,TORONTO_LSE91_0251
TORONTO_LSE91_STU00697,TORONTO_LSE91_0252
TORONTO_LSE91_STU00698,TORONTO_LSE91_0031
TORONTO_LSE91_STU00698,TORONTO_LSE91_0036
TORONTO_LSE91_STU00698,TORONTO_LSE91_0044
TORONTO_LSE91_STU00698,TORONTO_LSE91_0229
TORONTO_LSE91_STU00699,TORONTO_LSE91_0272
TORONTO_LSE91_STU00699,TORONTO_LSE91_0274
TORONTO_LSE91_STU00699,TORONTO_LSE91_0276
TORONTO_LSE91_STU00699,TORONTO_LSE91_0279
TORONTO_LSE91_STU00699,TORONTO_LSE91_0289
TORONTO_LSE91_STU00700,TORONTO_LSE91_0002
TORONTO_LSE91_STU00700,TORONTO_LSE91_0003
TORONTO_LSE91_STU00700,TORONTO_LSE91_0004
TORONTO_LSE91_STU00700,TORONTO_LSE91_0040
TORONTO_LSE91_STU00700,TORONTO_LSE91_0229
TORONTO_LSE91_STU00701,TORONTO_LSE91_0060
TORONTO_LSE91_STU00701,TORONTO_LSE91_0199
TORONTO_LSE91_STU00701,TORONTO_LSE91_0200
TORONTO_LSE91_STU00701,TORONTO_LSE91_0201
TORONTO_LSE91_STU00701,TORONTO_LSE91_0202
TORONTO_LSE91_STU00702,TORONTO_LSE91_0231
TORONTO_LSE91_STU00702,TORONTO_LSE91_0232
TORONTO_LSE91_STU00702,TORONTO_LSE91_0238
TORONTO_LSE91_STU00702,TORONTO_LSE91_0253
TORONTO_LSE91_STU00702,TORONTO_LSE91_0254
TORONTO_LSE91_STU00703,TORONTO_LSE91_0058
TORONTO_LSE91_STU00703,TORONTO_LSE91_0062
TORONTO_LSE91_STU00703,TORONTO_LSE91_0065
TORONTO_LSE91_STU00703,TORONTO_LSE91_0066
TORONTO_LSE91_STU00704,TORONTO_LSE91_0003
TORONTO_LSE91_STU00704,TORONTO_LSE91_0004
TORONTO_LSE91_STU00704,TORONTO_LSE91_0229
TORONTO_LSE91_STU00704,TORONTO_LSE91_0267
TORONTO_LSE91_STU00705,TORONTO_LSE91_0021
TORONTO_LSE91_STU00705,TORONTO_LSE91_0176
TORONTO_LSE91_STU00705,TORONTO_LSE91_0231
TORONTO_LSE91_STU00705,TORONTO_LSE91_0236
TORONTO_LSE91_STU00706,TORONTO_LSE91_0296
TORONTO_LSE91_STU00706,TORONTO_LSE91_0297
TORONTO_LSE91_STU00706,TORONTO_LSE91_0302
TORONTO_LSE91_STU00706,TORONTO_LSE91_0303
TORONTO_LSE91_STU00707,TORONTO_LSE91_0003
TORONTO_LSE91_STU00707,TORONTO_LSE91_0004
TORONTO_LSE91_STU00707,TORONTO_LSE91_0229
TORONTO_LSE91_STU00707,TORONTO_LSE91_0272
TORONTO_LSE91_STU00707,TORONTO_LSE91_0361
TORONTO_LSE91_STU00708,TORONTO_LSE91_0032
TORONTO_LSE91_STU00708,TORONTO_LSE91_0036
TORONTO_LSE91_STU00708,TORONTO_LSE91_0039
TORONTO_LSE91_STU00708,TORONTO_LSE91_0040
TORONTO_LSE91_STU00708,TORONTO_LSE91_0257
TORONTO_LSE91_STU00709,TORONTO_LSE91_0116
TORONTO_LSE91_STU00709,TORONTO_LSE91_0119
TORONTO_LSE91_STU00709,TORONTO_LSE91_0130
TORONTO_LSE91_STU00710,TORONTO_LSE91_0116
TORONTO_LSE91_STU00710,TORONTO_LSE91_0122
TORONTO_LSE91_STU00710,TORONTO_LSE91_0124
TORONTO_LSE91_STU00710,TORONTO_LSE91_0127
TORONTO_LSE91_STU00711,TORONTO_LSE91_0086
TORONTO_LSE91_STU00711,TORONTO_LSE91_0147
TORONTO_LSE91_STU00711,TORONTO_LSE91_0199
TORONTO_LSE91_STU00711,TORONTO_LSE91_0200
TORONTO_LSE91_STU00711,TORONTO_LSE91_0201
TORONTO_LSE91_STU00711,TORONTO_LSE91_0204
TORONTO_LSE91_STU00712,TORONTO_LSE91_0306
TORONTO_LSE91_STU00712,TORONTO_LSE91_0369
TORONTO_LSE91_STU00712,TORONTO_LSE91_0374
TORONTO_LSE91_STU00712,TORONTO_LSE91_0375
TORONTO_LSE91_STU00713,TORONTO_LSE91_0036
TORONTO_LSE91_STU00713,TORONTO_LSE91_0041
TORONTO_LSE91_STU00713,TORONTO_LSE91_0042
TORONTO_LSE91_STU00713,TORONTO_LSE91_0059
TORONTO_LSE91_STU00714,TORONTO_LSE91_0003
TORONTO_LSE91_STU00714,TORONTO_LSE91_0004
TORONTO_LSE91_STU00714,TORONTO_LSE91_0229
TORONTO_LSE91_STU00714,TORONTO_LSE91_0348
TORONTO_LSE91_STU00714,TORONTO_LSE91_0354
TORONTO_LSE91_STU00715,TORONTO_LSE91_0225
TORONTO_LSE91_STU00715,TORONTO_LSE91_0226
TORONTO_LSE91_STU00715,TORONTO_LSE91_0227
TORONTO_LSE91_STU00715,TORONTO_LSE91_0236
TORONTO_LSE91_STU00716,TORONTO_LSE91_0003
TORONTO_LSE91_STU00716,TORONTO_LSE91_0004
TORONTO_LSE91_STU00716,TORONTO_LSE91_0229
TORONTO_LSE91_STU00716,TORONTO_LSE91_0320
TORONTO_LSE91_STU00717,TORONTO_LSE91_0001
TORONTO_LSE91_STU00717,TORONTO_LSE91_0004
TORONTO_LSE91_STU00717,TORONTO_LSE91_0046
TORONTO_LSE91_STU00717,TORONTO_LSE91_0323
TORONTO_LSE91_STU00717,TORONTO_LSE91_0352
TORONTO_LSE91_STU00718,TORONTO_LSE91_0289
TORONTO_LSE91_STU00718,TORONTO_LSE91_0338
TORONTO_LSE91_STU00718,TORONTO_LSE91_0341
TORONTO_LSE91_STU00719,TORONTO_LSE91_0033
TORONTO_LSE91_STU00719,TORONTO_LSE91_0036
TORONTO_LSE91_STU00719,TORONTO_LSE91_0037
TORONTO_LSE91_STU00719,TORONTO_LSE91_0038
TORONTO_LSE91_STU00719,TORONTO_LSE91_0281
TORONTO_LSE91_STU00720,TORONTO_LSE91_0008
TORONTO_LSE91_STU00720,TORONTO_LSE91_0313
TORONTO_LSE91_STU00720,TORONTO_LSE91_0314
TORONTO_LSE91_STU00721,TORONTO_LSE91_0028
TORONTO_LSE91_STU00721,TORONTO_LSE91_0352
TORONTO_LSE91_STU00721,TORONTO_LSE91_0355
TORONTO_LSE91_STU00721,TORONTO_LSE91_0360
TORONTO_LSE91_STU00722,TORONTO_LSE91_0199
TORONTO_LSE91_STU00722,TORONTO_LSE91_0200
TORONTO_LSE91_STU00722,TORONTO_LSE91_0201
TORONTO_LSE91_STU00722,TORONTO_LSE91_0202
TORONTO_LSE91_STU00722,TORONTO_LSE91_0204
TORONTO_LSE91_STU00723,TORONTO_LSE91_0116
TORONTO_LSE91_STU00723,TORONTO_LSE91_0118
TORONTO_LSE91_STU00723,TORONTO_LSE91_0270
TORONTO_LSE91_STU00724,TORONTO_LSE91_0086
TORONTO_LSE91_STU00724,TORONTO_LSE91_0231
TORONTO_LSE91_STU00724,TORONTO_LSE91_0237
TORONTO_LSE91_STU00724,TORONTO_LSE91_0239
TORONTO_LSE91_STU00725,TORONTO_LSE91_0113
TORONTO_LSE91_STU00725,TORONTO_LSE91_0129
TORONTO_LSE91_STU00725,TORONTO_LSE91_0177
TORONTO_LSE91_STU00726,TORONTO_LSE91_0004
TORONTO_LSE91_STU00726,TORONTO_LSE91_0163
TORONTO_LSE91_STU00726,TORONTO_LSE91_0283
TORONTO_LSE91_STU00726,TORONTO_LSE91_0341
TORONTO_LSE91_STU00726,TORONTO_LSE91_0356
TORONTO_LSE91_STU00727,TORONTO_LSE91_0036
TORONTO_LSE91_STU00727,TORONTO_LSE91_0037
TORONTO_LSE91_STU00727,TORONTO_LSE91_0038
TORONTO_LSE91_STU00727,TORONTO_LSE91_0041
TORONTO_LSE91_STU00728,TORONTO_LSE91_0013
TORONTO_LSE91_STU00728,TORONTO_LSE91_0014
TORONTO_LSE91_STU00728,TORONTO_LSE91_0018
TORONTO_LSE91_STU00728,TORONTO_LSE91_0019
TORONTO_LSE91_STU00728,TORONTO_LSE91_0288
TORONTO_LSE91_STU00729,TORONTO_LSE91_0229
TORONTO_LSE91_STU00729,TORONTO_LSE91_0269
TORONTO_LSE91_STU00729,TORONTO_LSE91_0289
TORONTO_LSE91_STU00729,TORONTO_LSE91_0340
TORONTO_LSE91_STU00729,TORONTO_LSE91_0341
TORONTO_LSE91_STU00729,TORONTO_LSE91_0356
TORONTO_LSE91_STU00729,TORONTO_LSE91_0357
TORONTO_LSE91_STU00730,TORONTO_LSE91_0023
TORONTO_LSE91_STU00730,TORONTO_LSE91_0026
TORONTO_LSE91_STU00730,TORONTO_LSE91_0071
TORONTO_LSE91_STU00730,TORONTO_LSE91_0270
TORONTO_LSE91_STU00731,TORONTO_LSE91_0231
TORONTO_LSE91_STU00731,TORONTO_LSE91_0237
TORONTO_LSE91_STU00731,TORONTO_LSE91_0243
TORONTO_LSE91_STU00731,TORONTO_LSE91_0253
TORONTO_LSE91_STU00731,TORONTO_LSE91_0255
TORONTO_LSE91_STU00732,TORONTO_LSE91_0003
TORONTO_LSE91_STU00732,TORONTO_LSE91_0004
TORONTO_LSE91_STU00732,TORONTO_LSE91_0031
TORONTO_LSE91_STU00732,TORONTO_LSE91_0229
TORONTO_LSE91_STU00733,TORONTO_LSE91_0036
TORONTO_LSE91_STU00733,TORONTO_LSE91_0041
TORONTO_LSE91_STU00733,TORONTO_LSE91_0042
TORONTO_LSE91_STU00733,TORONTO_LSE91_0059
TORONTO_LSE91_STU00734,TORONTO_LSE91_0037
TORONTO_LSE91_STU00734,TORONTO_LSE91_0041
TORONTO_LSE91_STU00734,TORONTO_LSE91_0042
TORONTO_LSE91_STU00734,TORONTO_LSE91_0049
TORONTO_LSE91_STU00735,TORONTO_LSE91_0231
TORONTO_LSE91_STU00735,TORONTO_LSE91_0232
TORONTO_LSE91_STU00735,TORONTO_LSE91_0234
TORONTO_LSE91_STU00735,TORONTO_LSE91_0238
TORONTO_LSE91_STU00736,TORONTO_LSE91_0229
TORONTO_LSE91_STU00736,TORONTO_LSE91_0289
TORONTO_LSE91_STU00736,TORONTO_LSE91_0338
TORONTO_LSE91_STU00736,TORONTO_LSE91_0340
TORONTO_LSE91_STU00737,TORONTO_LSE91_0002
TORONTO_LSE91_STU00737,TORONTO_LSE91_0003
TORONTO_LSE91_STU00737,TORONTO_LSE91_0004
TORONTO_LSE91_STU00737,TORONTO_LSE91_0031
TORONTO_LSE91_STU00737,TORONTO_LSE91_0229
TORONTO_LSE91_STU00738,TORONTO_LSE91_0036
TORONTO_LSE91_STU00738,TORONTO_LSE91_0041
TORONTO_LSE91_STU00738,TORONTO_LSE91_0042
TORONTO_LSE91_STU00738,TORONTO_LSE91_0320
TORONTO_LSE91_STU00739,TORONTO_LSE91_0031
TORONTO_LSE91_STU00739,TORONTO_LSE91_0036
TORONTO_LSE91_STU00739,TORONTO_LSE91_0041
TORONTO_LSE91_STU00739,TORONTO_LSE91_0044
TORONTO_LSE91_STU00740,TORONTO_LSE91_0199
TORONTO_LSE91_STU00740,TORONTO_LSE91_0200
TORONTO_LSE91_STU00740,TORONTO_LSE91_0201
TORONTO_LSE91_STU00740,TORONTO_LSE91_0373
TORONTO_LSE91_STU00740,TORONTO_LSE91_0374
TORONTO_LSE91_STU00741,TORONTO_LSE91_0119
TORONTO_LSE91_STU00741,TORONTO_LSE91_0123
TORONTO_LSE91_STU00741,TORONTO_LSE91_0124
TORONTO_LSE91_STU00741,TORONTO_LSE91_0126
TORONTO_LSE91_STU00742,TORONTO_LSE91_0003
TORONTO_LSE91_STU00742,TORONTO_LSE91_0004
TORONTO_LSE91_STU00742,TORONTO_LSE91_0031
TORONTO_LSE91_STU00742,TORONTO_LSE91_0229
TORONTO_LSE91_STU00743,TORONTO_LSE91_0120
TORONTO_LSE91_STU00743,TORONTO_LSE91_0124
TORONTO_LSE91_STU00743,TORONTO_LSE91_0127
TORONTO_LSE91_STU00743,TORONTO_LSE91_0370
TORONTO_LSE91_STU00744,TORONTO_LSE91_0176
TORONTO_LSE91_STU00744,TORONTO_LSE91_0231
TORONTO_LSE91_STU00744,TORONTO_LSE91_0234
TORONTO_LSE91_STU00744,TORONTO_LSE91_0239
TORONTO_LSE91_STU00745,TORONTO_LSE91_0003
TORONTO_LSE91_STU00745,TORONTO_LSE91_0004
TORONTO_LSE91_STU00745,TORONTO_LSE91_0229
TORONTO_LSE91_STU00745,TORONTO_LSE91_0348
TORONTO_LSE91_STU00745,TORONTO_LSE91_0356
TORONTO_LSE91_STU00746,TORONTO_LSE91_0231
TORONTO_LSE91_STU00746,TORONTO_LSE91_0234
TORONTO_LSE91_STU00746,TORONTO_LSE91_0237
TORONTO_LSE91_STU00746,TORONTO_LSE91_0243
TORONTO_LSE91_STU00747,TORONTO_LSE91_0001
TORONTO_LSE91_STU00747,TORONTO_LSE91_0036
TORONTO_LSE91_STU00747,TORONTO_LSE91_0037
TORONTO_LSE91_STU00747,TORONTO_LSE91_0038
TORONTO_LSE91_STU00748,TORONTO_LSE91_0033
TORONTO_LSE91_STU00748,TORONTO_LSE91_0042
TORONTO_LSE91_STU00748,TORONTO_LSE91_0049
TORONTO_LSE91_STU00749,TORONTO_LSE91_0031
TORONTO_LSE91_STU00749,TORONTO_LSE91_0034
TORONTO_LSE91_STU00749,TORONTO_LSE91_0036
TORONTO_LSE91_STU00749,TORONTO_LSE91_0361
TORONTO_LSE91_STU00750,TORONTO_LSE91_0113
TORONTO_LSE91_STU00750,TORONTO_LSE91_0129
TORONTO_LSE91_STU00750,TORONTO_LSE91_0161
TORONTO_LSE91_STU00751,TORONTO_LSE91_0224
TORONTO_LSE91_STU00751,TORONTO_LSE91_0313
TORONTO_LSE91_STU00751,TORONTO_LSE91_0314
TORONTO_LSE91_STU00752,TORONTO_LSE91_0013
TORONTO_LSE91_STU00752,TORONTO_LSE91_0014
TORONTO_LSE91_STU00752,TORONTO_LSE91_0018
TORONTO_LSE91_STU00752,TORONTO_LSE91_0019
TORONTO_LSE91_STU00753,TORONTO_LSE91_0313
TORONTO_LSE91_STU00753,TORONTO_LSE91_0314
TORONTO_LSE91_STU00753,TORONTO_LSE91_0319
TORONTO_LSE91_STU00754,TORONTO_LSE91_0060
TORONTO_LSE91_STU00754,TORONTO_LSE91_0369
TORONTO_LSE91_STU00754,TORONTO_LSE91_0374
TORONTO_LSE91_STU00755,TORONTO_LSE91_0229
TORONTO_LSE91_STU00755,TORONTO_LSE91_0323
TORONTO_LSE91_STU00755,TORONTO_LSE91_0341
TORONTO_LSE91_STU00755,TORONTO_LSE91_0356
TORONTO_LSE91_STU00755,TORONTO_LSE91_0357
TORONTO_LSE91_STU00756,TORONTO_LSE91_0199
TORONTO_LSE91_STU00756,TORONTO_LSE91_0200
TORONTO_LSE91_STU00756,TORONTO_LSE91_0201
TORONTO_LSE91_STU00756,TORONTO_LSE91_0202
TORONTO_LSE91_STU00756,TORONTO_LSE91_0204
TORONTO_LSE91_STU00757,TORONTO_LSE91_0061
TORONTO_LSE91_STU00757,TORONTO_LSE91_0062
TORONTO_LSE91_STU00757,TORONTO_LSE91_0066
TORONTO_LSE91_STU00757,TORONTO_LSE91_0068
TORONTO_LSE91_STU00758,TORONTO_LSE91_0368
TORONTO_LSE91_STU00758,TORONTO_LSE91_0369
TORONTO_LSE91_STU00758,TORONTO_LSE91_0370
TORONTO_LSE91_STU00758,TORONTO_LSE91_0371
TORONTO_LSE91_STU00758,TORONTO_LSE91_0377
TORONTO_LSE91_STU00759,TORONTO_LSE91_0026
TORONTO_LSE91_STU00759,TORONTO_LSE91_0190
TORONTO_LSE91_STU00759,TORONTO_LSE91_0356
TORONTO_LSE91_STU00759,TORONTO_LSE91_0358
TORONTO_LSE91_STU00759,TORONTO_LSE91_0359
TORONTO_LSE91_STU00760,TORONTO_LSE91_0056
TORONTO_LSE91_STU00760,TORONTO_LSE91_0057
TORONTO_LSE91_STU00760,TORONTO_LSE91_0064
TORONTO_LSE91_STU00760,TORONTO_LSE91_0065
TORONTO_LSE91_STU00761,TORONTO_LSE91_0021
TORONTO_LSE91_STU00761,TORONTO_LSE91_0231
TORONTO_LSE91_STU00761,TORONTO_LSE91_0244
TORONTO_LSE91_STU00761,TORONTO_LSE91_0248
TORONTO_LSE91_STU00762,TORONTO_LSE91_0001
TORONTO_LSE91_STU00762,TORONTO_LSE91_0030
TORONTO_LSE91_STU00762,TORONTO_LSE91_0036
TORONTO_LSE91_STU00762,TORONTO_LSE91_0040
TORONTO_LSE91_STU00762,TORONTO_LSE91_0041
TORONTO_LSE91_STU00762,TORONTO_LSE91_0044
TORONTO_LSE91_STU00763,TORONTO_LSE91_0036
TORONTO_LSE91_STU00763,TORONTO_LSE91_0039
TORONTO_LSE91_STU00763,TORONTO_LSE91_0040
TORONTO_LSE91_STU00763,TORONTO_LSE91_0041
TORONTO_LSE91_STU00764,TORONTO_LSE91_0365
TORONTO_LSE91_STU00764,TORONTO_LSE91_0369
TORONTO_LSE91_STU00764,TORONTO_LSE91_0373
TORONTO_LSE91_STU00765,TORONTO_LSE91_0001
TORONTO_LSE91_STU00765,TORONTO_LSE91_0268
TORONTO_LSE91_STU00765,TORONTO_LSE91_0355
TORONTO_LSE91_STU00765,TORONTO_LSE91_0356
TORONTO_LSE91_STU00766,TORONTO_LSE91_0027
TORONTO_LSE91_STU00766,TORONTO_LSE91_0030
TORONTO_LSE91_STU00766,TORONTO_LSE91_0127
TORONTO_LSE91_STU00766,TORONTO_LSE91_0315
TORONTO_LSE91_STU00767,TORONTO_LSE91_0003
TORONTO_LSE91_STU00767,TORONTO_LSE91_0004
TORONTO_LSE91_STU00767,TORONTO_LSE91_0040
TORONTO_LSE91_STU00767,TORONTO_LSE91_0229
TORONTO_LSE91_STU00768,TORONTO_LSE91_0046
TORONTO_LSE91_STU00768,TORONTO_LSE91_0344
TORONTO_LSE91_STU00768,TORONTO_LSE91_0345
TORONTO_LSE91_STU00768,TORONTO_LSE91_0346
TORONTO_LSE91_STU00768,TORONTO_LSE91_0350
TORONTO_LSE91_STU00768,TORONTO_LSE91_0351
TORONTO_LSE91_STU00769,TORONTO_LSE91_0003
TORONTO_LSE91_STU00769,TORONTO_LSE91_0004
TORONTO_LSE91_STU00769,TORONTO_LSE91_0229
TORONTO_LSE91_STU00769,TORONTO_LSE91_0323
TORONTO_LSE91_STU00770,TORONTO_LSE91_0028
TORONTO_LSE91_STU00770,TORONTO_LSE91_0076
TORONTO_LSE91_STU00771,TORONTO_LSE91_0269
TORONTO_LSE91_STU00771,TORONTO_LSE91_0323
TORONTO_LSE91_STU00771,TORONTO_LSE91_0325
TORONTO_LSE91_STU00771,TORONTO_LSE91_0332
TORONTO_LSE91_STU00771,TORONTO_LSE91_0336
TORONTO_LSE91_STU00771,TORONTO_LSE91_0354
TORONTO_LSE91_STU00771,TORONTO_LSE91_0356
TORONTO_LSE91_STU00772,TORONTO_LSE91_0086
TORONTO_LSE91_STU00772,TORONTO_LSE91_0199
TORONTO_LSE91_STU00772,TORONTO_LSE91_0200
TORONTO_LSE91_STU00772,TORONTO_LSE91_0201
TORONTO_LSE91_STU00772,TORONTO_LSE91_0202
TORONTO_LSE91_STU00773,TORONTO_LSE91_0337
TORONTO_LSE91_STU00773,TORONTO_LSE91_0365
TORONTO_LSE91_STU00773,TORONTO_LSE91_0368
TORONTO_LSE91_STU00773,TORONTO_LSE91_0375
TORONTO_LSE91_STU00774,TORONTO_LSE91_0109
TORONTO_LSE91_STU00774,TORONTO_LSE91_0116
TORONTO_LSE91_STU00774,TORONTO_LSE91_0126
TORONTO_LSE91_STU00774,TORONTO_LSE91_0282
TORONTO_LSE91_STU00775,TORONTO_LSE91_0022
TORONTO_LSE91_STU00775,TORONTO_LSE91_0090
TORONTO_LSE91_STU00775,TORONTO_LSE91_0313
TORONTO_LSE91_STU00776,TORONTO_LSE91_0199
TORONTO_LSE91_STU00776,TORONTO_LSE91_0200
TORONTO_LSE91_STU00776,TORONTO_LSE91_0201
TORONTO_LSE91_STU00776,TORONTO_LSE91_0204
TORONTO_LSE91_STU00776,TORONTO_LSE91_0241
TORONTO_LSE91_STU00776,TORONTO_LSE91_0288
TORONTO_LSE91_STU00777,TORONTO_LSE91_0118
TORONTO_LSE91_STU00777,TORONTO_LSE91_0124
TORONTO_LSE91_STU00777,TORONTO_LSE91_0127
TORONTO_LSE91_STU00777,TORONTO_LSE91_0282
TORONTO_LSE91_STU00778,TORONTO_LSE91_0010
TORONTO_LSE91_STU00778,TORONTO_LSE91_0369
TORONTO_LSE91_STU00779,TORONTO_LSE91_0003
TORONTO_LSE91_STU00779,TORONTO_LSE91_0004
TORONTO_LSE91_STU00779,TORONTO_LSE91_0030
TORONTO_LSE91_STU00779,TORONTO_LSE91_0229
TORONTO_LSE91_STU00780,TORONTO_LSE91_0231
TORONTO_LSE91_STU00780,TORONTO_LSE91_0235
TORONTO_LSE91_STU00780,TORONTO_LSE91_0237
TORONTO_LSE91_STU00780,TORONTO_LSE91_0253
TORONTO_LSE91_STU00780,TORONTO_LSE91_0254
TORONTO_LSE91_STU00781,TORONTO_LSE91_0146
TORONTO_LSE91_STU00781,TORONTO_LSE91_0319
TORONTO_LSE91_STU00781,TORONTO_LSE91_0369
TORONTO_LSE91_STU00781,TORONTO_LSE91_0374
TORONTO_LSE91_STU00782,TORONTO_LSE91_0013
TORONTO_LSE91_STU00782,TORONTO_LSE91_0014
TORONTO_LSE91_STU00782,TORONTO_LSE91_0018
TORONTO_LSE91_STU00782,TORONTO_LSE91_0020
TORONTO_LSE91_STU00783,TORONTO_LSE91_0057
TORONTO_LSE91_STU00783,TORONTO_LSE91_0058
TORONTO_LSE91_STU00783,TORONTO_LSE91_0061
TORONTO_LSE91_STU00783,TORONTO_LSE91_0266
TORONTO_LSE91_STU00784,TORONTO_LSE91_0292
TORONTO_LSE91_STU00784,TORONTO_LSE91_0293
TORONTO_LSE91_STU00784,TORONTO_LSE91_0294
TORONTO_LSE91_STU00784,TORONTO_LSE91_0366
TORONTO_LSE91_STU00784,TORONTO_LSE91_0379
TORONTO_LSE91_STU00785,TORONTO_LSE91_0036
TORONTO_LSE91_STU00785,TORONTO_LSE91_0037
TORONTO_LSE91_STU00785,TORONTO_LSE91_0038
TORONTO_LSE91_STU00785,TORONTO_LSE91_0229
TORONTO_LSE91_STU00786,TORONTO_LSE91_0289
TORONTO_LSE91_STU00786,TORONTO_LSE91_0319
TORONTO_LSE91_STU00786,TORONTO_LSE91_0369
TORONTO_LSE91_STU00787,TORONTO_LSE91_0003
TORONTO_LSE91_STU00787,TORONTO_LSE91_0004
TORONTO_LSE91_STU00787,TORONTO_LSE91_0031
TORONTO_LSE91_STU00787,TORONTO_LSE91_0229
TORONTO_LSE91_STU00787,TORONTO_LSE91_0361
TORONTO_LSE91_STU00788,TORONTO_LSE91_0086
TORONTO_LSE91_STU00788,TORONTO_LSE91_0199
TORONTO_LSE91_STU00788,TORONTO_LSE91_0200
TORONTO_LSE91_STU00788,TORONTO_LSE91_0201
TORONTO_LSE91_STU00788,TORONTO_LSE91_0202
TORONTO_LSE91_STU00789,TORONTO_LSE91_0030
TORONTO_LSE91_STU00789,TORONTO_LSE91_0036
TORONTO_LSE91_STU00789,TORONTO_LSE91_0041
TORONTO_LSE91_STU00789,TORONTO_LSE91_0042
TORONTO_LSE91_STU00789,TORONTO_LSE91_0289
TORONTO_LSE91_STU00790,TORONTO_LSE91_0073
TORONTO_LSE91_STU00790,TORONTO_LSE91_0267
TORONTO_LSE91_STU00790,TORONTO_LSE91_0369
TORONTO_LSE91_STU00790,TORONTO_LSE91_0372
TORONTO_LSE91_STU00791,TORONTO_LSE91_0135
TORONTO_LSE91_STU00791,TORONTO_LSE91_0138
TORONTO_LSE91_STU00791,TORONTO_LSE91_0147
TORONTO_LSE91_STU00791,TORONTO_LSE91_0190
TORONTO_LSE91_STU00792,TORONTO_LSE91_0056
TORONTO_LSE91_STU00792,TORONTO_LSE91_0057
TORONTO_LSE91_STU00792,TORONTO_LSE91_0064
TORONTO_LSE91_STU00792,TORONTO_LSE91_0065
TORONTO_LSE91_STU00793,TORONTO_LSE91_0190
TORONTO_LSE91_STU00793,TORONTO_LSE91_0192
TORONTO_LSE91_STU00793,TORONTO_LSE91_0230
TORONTO_LSE91_STU00794,TORONTO_LSE91_0028
TORONTO_LSE91_STU00794,TORONTO_LSE91_0030
TORONTO_LSE91_STU00794,TORONTO_LSE91_0031
TORONTO_LSE91_STU00794,TORONTO_LSE91_0041
TORONTO_LSE91_STU00794,TORONTO_LSE91_0278
TORONTO_LSE91_STU00794,TORONTO_LSE91_0281
TORONTO_LSE91_STU00795,TORONTO_LSE91_0289
TORONTO_LSE91_STU00795,TORONTO_LSE91_0318
TORONTO_LSE91_STU00795,TORONTO_LSE91_0369
TORONTO_LSE91_STU00795,TORONTO_LSE91_0374
TORONTO_LSE91_STU00796,TORONTO_LSE91_0296
TORONTO_LSE91_STU00796,TORONTO_LSE91_0297
TORONTO_LSE91_STU00796,TORONTO_LSE91_0298
TORONTO_LSE91_STU00796,TORONTO_LSE91_0301
TORONTO_LSE91_STU00797,TORONTO_LSE91_0010
TORONTO_LSE91_STU00797,TORONTO_LSE91_0011
TORONTO_LSE91_STU00797,TORONTO_LSE91_0019
TORONTO_LSE91_STU00797,TORONTO_LSE91_0020
TORONTO_LSE91_STU00798,TORONTO_LSE91_0146
TORONTO_LSE91_STU00798,TORONTO_LSE91_0369
TORONTO_LSE91_STU00798,TORONTO_LSE91_0375
TORONTO_LSE91_STU00798,TORONTO_LSE91_0378
TORONTO_LSE91_STU00799,TORONTO_LSE91_0008
TORONTO_LSE91_STU00799,TORONTO_LSE91_0058
TORONTO_LSE91_STU00799,TORONTO_LSE91_0193
TORONTO_LSE91_STU00799,TORONTO_LSE91_0377
TORONTO_LSE91_STU00800,TORONTO_LSE91_0199
TORONTO_LSE91_STU00800,TORONTO_LSE91_0200
TORONTO_LSE91_STU00800,TORONTO_LSE91_0201
TORONTO_LSE91_STU00800,TORONTO_LSE91_0202
TORONTO_LSE91_STU00800,TORONTO_LSE91_0373
TORONTO_LSE91_STU00801,TORONTO_LSE91_0064
TORONTO_LSE91_STU00801,TORONTO_LSE91_0284
TORONTO_LSE91_STU00801,TORONTO_LSE91_0285
TORONTO_LSE91_STU00801,TORONTO_LSE91_0287
TORONTO_LSE91_STU00801,TORONTO_LSE91_0288
TORONTO_LSE91_STU00801,TORONTO_LSE91_0335
TORONTO_LSE91_STU00802,TORONTO_LSE91_0037
TORONTO_LSE91_STU00802,TORONTO_LSE91_0046
TORONTO_LSE91_STU00802,TORONTO_LSE91_0048
TORONTO_LSE91_STU00802,TORONTO_LSE91_0049
TORONTO_LSE91_STU00802,TORONTO_LSE91_0323
TORONTO_LSE91_STU00802,TORONTO_LSE91_0339
TORONTO_LSE91_STU00803,TORONTO_LSE91_0089
TORONTO_LSE91_STU00803,TORONTO_LSE91_0231
TORONTO_LSE91_STU00803,TORONTO_LSE91_0246
TORONTO_LSE91_STU00804,TORONTO_LSE91_0289
TORONTO_LSE91_STU00804,TORONTO_LSE91_0335
TORONTO_LSE91_STU00804,TORONTO_LSE91_0369
TORONTO_LSE91_STU00804,TORONTO_LSE91_0377
TORONTO_LSE91_STU00805,TORONTO_LSE91_0313
TORONTO_LSE91_STU00805,TORONTO_LSE91_0314
TORONTO_LSE91_STU00805,TORONTO_LSE91_0315
TORONTO_LSE91_STU00806,TORONTO_LSE91_0244
TORONTO_LSE91_STU00806,TORONTO_LSE91_0369
TORONTO_LSE91_STU00806,TORONTO_LSE91_0374
TORONTO_LSE91_STU00806,TORONTO_LSE91_0375
TORONTO_LSE91_STU00807,TORONTO_LSE91_0231
TORONTO_LSE91_STU00807,TORONTO_LSE91_0232
TORONTO_LSE91_STU00807,TORONTO_LSE91_0234
TORONTO_LSE91_STU00807,TORONTO_LSE91_0235
TORONTO_LSE91_STU00808,TORONTO_LSE91_0080
TORONTO_LSE91_STU00808,TORONTO_LSE91_0147
TORONTO_LSE91_STU00808,TORONTO_LSE91_0149
TORONTO_LSE91_STU00808,TORONTO_LSE91_0151
TORONTO_LSE91_STU00809,TORONTO_LSE91_0003
TORONTO_LSE91_STU00809,TORONTO_LSE91_0004
TORONTO_LSE91_STU00809,TORONTO_LSE91_0058
TORONTO_LSE91_STU00809,TORONTO_LSE91_0229
TORONTO_LSE91_STU00810,TORONTO_LSE91_0191
TORONTO_LSE91_STU00810,TORONTO_LSE91_0193
TORONTO_LSE91_STU00810,TORONTO_LSE91_0377
TORONTO_LSE91_STU00811,TORONTO_LSE91_0003
TORONTO_LSE91_STU00811,TORONTO_LSE91_0004
TORONTO_LSE91_STU00811,TORONTO_LSE91_0030
TORONTO_LSE91_STU00811,TORONTO_LSE91_0229
TORONTO_LSE91_STU00812,TORONTO_LSE91_0033
TORONTO_LSE91_STU00812,TORONTO_LSE91_0036
TORONTO_LSE91_STU00812,TORONTO_LSE91_0039
TORONTO_LSE91_STU00812,TORONTO_LSE91_0040
TORONTO_LSE91_STU00813,TORONTO_LSE91_0036
TORONTO_LSE91_STU00813,TORONTO_LSE91_0041
TORONTO_LSE91_STU00813,TORONTO_LSE91_0042
TORONTO_LSE91_STU00813,TORONTO_LSE91_0044
TORONTO_LSE91_STU00814,TORONTO_LSE91_0008
TORONTO_LSE91_STU00814,TORONTO_LSE91_0058
TORONTO_LSE91_STU00814,TORONTO_LSE91_0283
TORONTO_LSE91_STU00814,TORONTO_LSE91_0284
TORONTO_LSE91_STU00814,TORONTO_LSE91_0285
TORONTO_LSE91_STU00814,TORONTO_LSE91_0287
TORONTO_LSE91_STU00814,TORONTO_LSE91_0289
TORONTO_LSE91_STU00815,TORONTO_LSE91_0199
TORONTO_LSE91_STU00815,TORONTO_LSE91_0200
TORONTO_LSE91_STU00815,TORONTO_LSE91_0201
TORONTO_LSE91_STU00815,TORONTO_LSE91_0203
TORONTO_LSE91_STU00815,TORONTO_LSE91_0204
TORONTO_LSE91_STU00816,TORONTO_LSE91_0004
TORONTO_LSE91_STU00816,TORONTO_LSE91_0029
TORONTO_LSE91_STU00816,TORONTO_LSE91_0032
TORONTO_LSE91_STU00816,TORONTO_LSE91_0034
TORONTO_LSE91_STU00816,TORONTO_LSE91_0036
TORONTO_LSE91_STU00816,TORONTO_LSE91_0361
TORONTO_LSE91_STU00817,TORONTO_LSE91_0193
TORONTO_LSE91_STU00817,TORONTO_LSE91_0372
TORONTO_LSE91_STU00817,TORONTO_LSE91_0377
TORONTO_LSE91_STU00818,TORONTO_LSE91_0036
TORONTO_LSE91_STU00818,TORONTO_LSE91_0037
TORONTO_LSE91_STU00818,TORONTO_LSE91_0038
TORONTO_LSE91_STU00818,TORONTO_LSE91_0041
TORONTO_LSE91_STU00818,TORONTO_LSE91_0348
TORONTO_LSE91_STU00818,TORONTO_LSE91_0351
TORONTO_LSE91_STU00819,TORONTO_LSE91_0269
TORONTO_LSE91_STU00819,TORONTO_LSE91_0339
TORONTO_LSE91_STU00819,TORONTO_LSE91_0344
TORONTO_LSE91_STU00819,TORONTO_LSE91_0345
TORONTO_LSE91_STU00819,TORONTO_LSE91_0346
TORONTO_LSE91_STU00819,TORONTO_LSE91_0350
TORONTO_LSE91_STU00819,TORONTO_LSE91_0351
TORONTO_LSE91_STU00820,TORONTO_LSE91_0289
TORONTO_LSE91_STU00820,TORONTO_LSE91_0313
TORONTO_LSE91_STU00820,TORONTO_LSE91_0314
TORONTO_LSE91_STU00821,TORONTO_LSE91_0116
TORONTO_LSE91_STU00821,TORONTO_LSE91_0127
TORONTO_LSE91_STU00821,TORONTO_LSE91_0287
TORONTO_LSE91_STU00822,TORONTO_LSE91_0231
TORONTO_LSE91_STU00822,TORONTO_LSE91_0241
TORONTO_LSE91_STU00822,TORONTO_LSE91_0249
TORONTO_LSE91_STU00822,TORONTO_LSE91_0289
TORONTO_LSE91_STU00823,TORONTO_LSE91_0224
TORONTO_LSE91_STU00823,TORONTO_LSE91_0313
TORONTO_LSE91_STU00823,TORONTO_LSE91_0314
TORONTO_LSE91_STU00824,TORONTO_LSE91_0041
TORONTO_LSE91_STU00824,TORONTO_LSE91_0229
TORONTO_LSE91_STU00824,TORONTO_LSE91_0289
TORONTO_LSE91_STU00824,TORONTO_LSE91_0341
TORONTO_LSE91_STU00825,TORONTO_LSE91_0365
TORONTO_LSE91_STU00825,TORONTO_LSE91_0369
TORONTO_LSE91_STU00825,TORONTO_LSE91_0373
TORONTO_LSE91_STU00826,TORONTO_LSE91_0030
TORONTO_LSE91_STU00826,TORONTO_LSE91_0036
TORONTO_LSE91_STU00826,TORONTO_LSE91_0041
TORONTO_LSE91_STU00826,TORONTO_LSE91_0044
TORONTO_LSE91_STU00826,TORONTO_LSE91_0229
TORONTO_LSE91_STU00827,TORONTO_LSE91_0244
TORONTO_LSE91_STU00827,TORONTO_LSE91_0369
TORONTO_LSE91_STU00827,TORONTO_LSE91_0374
TORONTO_LSE91_STU00827,TORONTO_LSE91_0375
TORONTO_LSE91_STU00828,TORONTO_LSE91_0036
TORONTO_LSE91_STU00828,TORONTO_LSE91_0044
TORONTO_LSE91_STU00828,TORONTO_LSE91_0119
TORONTO_LSE91_STU00828,TORONTO_LSE91_0229
TORONTO_LSE91_STU00828,TORONTO_LSE91_0289
TORONTO_LSE91_STU00829,TORONTO_LSE91_0306
TORONTO_LSE91_STU00829,TORONTO_LSE91_0318
TORONTO_LSE91_STU00829,TORONTO_LSE91_0369
TORONTO_LSE91_STU00829,TORONTO_LSE91_0374
TORONTO_LSE91_STU00830,TORONTO_LSE91_0009
TORONTO_LSE91_STU00830,TORONTO_LSE91_0013
TORONTO_LSE91_STU00830,TORONTO_LSE91_0014
TORONTO_LSE91_STU00830,TORONTO_LSE91_0266
TORONTO_LSE91_STU00831,TORONTO_LSE91_0293
TORONTO_LSE91_STU00831,TORONTO_LSE91_0302
TORONTO_LSE91_STU00831,TORONTO_LSE91_0348
TORONTO_LSE91_STU00831,TORONTO_LSE91_0369
TORONTO_LSE91_STU00831,TORONTO_LSE91_0374
TORONTO_LSE91_STU00832,TORONTO_LSE91_0030
TORONTO_LSE91_STU00832,TORONTO_LSE91_0036
TORONTO_LSE91_STU00832,TORONTO_LSE91_0041
TORONTO_LSE91_STU00832,TORONTO_LSE91_0042
TORONTO_LSE91_STU00832,TORONTO_LSE91_0089
TORONTO_LSE91_STU00833,TORONTO_LSE91_0226
TORONTO_LSE91_STU00833,TORONTO_LSE91_0231
TORONTO_LSE91_STU00833,TORONTO_LSE91_0232
TORONTO_LSE91_STU00833,TORONTO_LSE91_0234
TORONTO_LSE91_STU00834,TORONTO_LSE91_0003
TORONTO_LSE91_STU00834,TORONTO_LSE91_0004
TORONTO_LSE91_STU00834,TORONTO_LSE91_0229
TORONTO_LSE91_STU00834,TORONTO_LSE91_0323
TORONTO_LSE91_STU00835,TORONTO_LSE91_0003
TORONTO_LSE91_STU00835,TORONTO_LSE91_0004
TORONTO_LSE91_STU00835,TORONTO_LSE91_0005
TORONTO_LSE91_STU00835,TORONTO_LSE91_0229
TORONTO_LSE91_STU00836,TORONTO_LSE91_0028
TORONTO_LSE91_STU00836,TORONTO_LSE91_0030
TORONTO_LSE91_STU00836,TORONTO_LSE91_0031
TORONTO_LSE91_STU00836,TORONTO_LSE91_0032
TORONTO_LSE91_STU00836,TORONTO_LSE91_0036
TORONTO_LSE91_STU00836,TORONTO_LSE91_0042
TORONTO_LSE91_STU00836,TORONTO_LSE91_0044
TORONTO_LSE91_STU00836,TORONTO_LSE91_0293
TORONTO_LSE91_STU00837,TORONTO_LSE91_0003
TORONTO_LSE91_STU00837,TORONTO_LSE91_0031
TORONTO_LSE91_STU00837,TORONTO_LSE91_0229
TORONTO_LSE91_STU00837,TORONTO_LSE91_0348
TORONTO_LSE91_STU00837,TORONTO_LSE91_0356
TORONTO_LSE91_STU00838,TORONTO_LSE91_0271
TORONTO_LSE91_STU00838,TORONTO_LSE91_0274
TORONTO_LSE91_STU00838,TORONTO_LSE91_0276
TORONTO_LSE91_STU00838,TORONTO_LSE91_0279
TORONTO_LSE91_STU00838,TORONTO_LSE91_0289
TORONTO_LSE91_STU00839,TORONTO_LSE91_0289
TORONTO_LSE91_STU00839,TORONTO_LSE91_0313
TORONTO_LSE91_STU00839,TORONTO_LSE91_0314
TORONTO_LSE91_STU00840,TORONTO_LSE91_0013
TORONTO_LSE91_STU00840,TORONTO_LSE91_0014
TORONTO_LSE91_STU00840,TORONTO_LSE91_0016
TORONTO_LSE91_STU00840,TORONTO_LSE91_0019
TORONTO_LSE91_STU00841,TORONTO_LSE91_0313
TORONTO_LSE91_STU00841,TORONTO_LSE91_0314
TORONTO_LSE91_STU00841,TORONTO_LSE91_0319
TORONTO_LSE91_STU00842,TORONTO_LSE91_0003
TORONTO_LSE91_STU00842,TORONTO_LSE91_0004
TORONTO_LSE91_STU00842,TORONTO_LSE91_0229
TORONTO_LSE91_STU00842,TORONTO_LSE91_0272
TORONTO_LSE91_STU00843,TORONTO_LSE91_0032
TORONTO_LSE91_STU00843,TORONTO_LSE91_0036
TORONTO_LSE91_STU00843,TORONTO_LSE91_0039
TORONTO_LSE91_STU00843,TORONTO_LSE91_0040
TORONTO_LSE91_STU00844,TORONTO_LSE91_0075
TORONTO_LSE91_STU00844,TORONTO_LSE91_0086
TORONTO_LSE91_STU00844,TORONTO_LSE91_0138
TORONTO_LSE91_STU00844,TORONTO_LSE91_0155
TORONTO_LSE91_STU00845,TORONTO_LSE91_0106
TORONTO_LSE91_STU00845,TORONTO_LSE91_0109
TORONTO_LSE91_STU00845,TORONTO_LSE91_0116
TORONTO_LSE91_STU00845,TORONTO_LSE91_0118
TORONTO_LSE91_STU00845,TORONTO_LSE91_0125
TORONTO_LSE91_STU00845,TORONTO_LSE91_0282
TORONTO_LSE91_STU00846,TORONTO_LSE91_0001
TORONTO_LSE91_STU00846,TORONTO_LSE91_0353
TORONTO_LSE91_STU00846,TORONTO_LSE91_0356
TORONTO_LSE91_STU00846,TORONTO_LSE91_0358
TORONTO_LSE91_STU00846,TORONTO_LSE91_0360
TORONTO_LSE91_STU00847,TORONTO_LSE91_0037
TORONTO_LSE91_STU00847,TORONTO_LSE91_0039
TORONTO_LSE91_STU00847,TORONTO_LSE91_0049
TORONTO_LSE91_STU00848,TORONTO_LSE91_0111
TORONTO_LSE91_STU00848,TORONTO_LSE91_0117
TORONTO_LSE91_STU00848,TORONTO_LSE91_0118
TORONTO_LSE91_STU00848,TORONTO_LSE91_0119
TORONTO_LSE91_STU00849,TORONTO_LSE91_0002
TORONTO_LSE91_STU00849,TORONTO_LSE91_0028
TORONTO_LSE91_STU00849,TORONTO_LSE91_0320
TORONTO_LSE91_STU00849,TORONTO_LSE91_0335
TORONTO_LSE91_STU00849,TORONTO_LSE91_0362
TORONTO_LSE91_STU00850,TORONTO_LSE91_0021
TORONTO_LSE91_STU00850,TORONTO_LSE91_0162
TORONTO_LSE91_STU00850,TORONTO_LSE91_0163
TORONTO_LSE91_STU00850,TORONTO_LSE91_0352
TORONTO_LSE91_STU00851,TORONTO_LSE91_0155
TORONTO_LSE91_STU00851,TORONTO_LSE91_0199
TORONTO_LSE91_STU00851,TORONTO_LSE91_0200
TORONTO_LSE91_STU00851,TORONTO_LSE91_0201
TORONTO_LSE91_STU00851,TORONTO_LSE91_0204
TORONTO_LSE91_STU00852,TORONTO_LSE91_0239
TORONTO_LSE91_STU00852,TORONTO_LSE91_0311
TORONTO_LSE91_STU00852,TORONTO_LSE91_0313
TORONTO_LSE91_STU00852,TORONTO_LSE91_0319
TORONTO_LSE91_STU00853,TORONTO_LSE91_0323
TORONTO_LSE91_STU00853,TORONTO_LSE91_0325
TORONTO_LSE91_STU00853,TORONTO_LSE91_0328
TORONTO_LSE91_STU00853,TORONTO_LSE91_0331
TORONTO_LSE91_STU00853,TORONTO_LSE91_0334
TORONTO_LSE91_STU00853,TORONTO_LSE91_0338
TORONTO_LSE91_STU00853,TORONTO_LSE91_0339
TORONTO_LSE91_STU00854,TORONTO_LSE91_0001
TORONTO_LSE91_STU00854,TORONTO_LSE91_0036
TORONTO_LSE91_STU00854,TORONTO_LSE91_0039
TORONTO_LSE91_STU00854,TORONTO_LSE91_0040
TORONTO_LSE91_STU00855,TORONTO_LSE91_0036
TORONTO_LSE91_STU00855,TORONTO_LSE91_0040
TORONTO_LSE91_STU00855,TORONTO_LSE91_0044
TORONTO_LSE91_STU00855,TORONTO_LSE91_0229
TORONTO_LSE91_STU00856,TORONTO_LSE91_0224
TORONTO_LSE91_STU00856,TORONTO_LSE91_0269
TORONTO_LSE91_STU00856,TORONTO_LSE91_0344
TORONTO_LSE91_STU00856,TORONTO_LSE91_0345
TORONTO_LSE91_STU00857,TORONTO_LSE91_0296
TORONTO_LSE91_STU00857,TORONTO_LSE91_0297
TORONTO_LSE91_STU00857,TORONTO_LSE91_0301
TORONTO_LSE91_STU00857,TORONTO_LSE91_0302
TORONTO_LSE91_STU00858,TORONTO_LSE91_0110
TORONTO_LSE91_STU00858,TORONTO_LSE91_0116
TORONTO_LSE91_STU00858,TORONTO_LSE91_0117
TORONTO_LSE91_STU00858,TORONTO_LSE91_0123
TORONTO_LSE91_STU00859,TORONTO_LSE91_0013
TORONTO_LSE91_STU00859,TORONTO_LSE91_0014
TORONTO_LSE91_STU00859,TORONTO_LSE91_0016
TORONTO_LSE91_STU00859,TORONTO_LSE91_0017
TORONTO_LSE91_STU00859,TORONTO_LSE91_0020
TORONTO_LSE91_STU00860,TORONTO_LSE91_0231
TORONTO_LSE91_STU00860,TORONTO_LSE91_0234
TORONTO_LSE91_STU00860,TORONTO_LSE91_0236
TORONTO_LSE91_STU00860,TORONTO_LSE91_0238
TORONTO_LSE91_STU00861,TORONTO_LSE91_0003
TORONTO_LSE91_STU00861,TORONTO_LSE91_0004
TORONTO_LSE91_STU00861,TORONTO_LSE91_0229
TORONTO_LSE91_STU00861,TORONTO_LSE91_0322
TORONTO_LSE91_STU00861,TORONTO_LSE91_0357
TORONTO_LSE91_STU00862,TORONTO_LSE91_0231
TORONTO_LSE91_STU00862,TORONTO_LSE91_0232
TORONTO_LSE91_STU00862,TORONTO_LSE91_0234
TORONTO_LSE91_STU00862,TORONTO_LSE91_0237
TORONTO_LSE91_STU00863,TORONTO_LSE91_0002
TORONTO_LSE91_STU00863,TORONTO_LSE91_0028
TORONTO_LSE91_STU00863,TORONTO_LSE91_0348
TORONTO_LSE91_STU00863,TORONTO_LSE91_0351
TORONTO_LSE91_STU00863,TORONTO_LSE91_0362
TORONTO_LSE91_STU00864,TORONTO_LSE91_0026
TORONTO_LSE91_STU00864,TORONTO_LSE91_0028
TORONTO_LSE91_STU00864,TORONTO_LSE91_0030
TORONTO_LSE91_STU00864,TORONTO_LSE91_0059
TORONTO_LSE91_STU00864,TORONTO_LSE91_0366
TORONTO_LSE91_STU00865,TORONTO_LSE91_0028
TORONTO_LSE91_STU00865,TORONTO_LSE91_0030
TORONTO_LSE91_STU00865,TORONTO_LSE91_0032
TORONTO_LSE91_STU00865,TORONTO_LSE91_0069
TORONTO_LSE91_STU00866,TORONTO_LSE91_0002
TORONTO_LSE91_STU00866,TORONTO_LSE91_0028
TORONTO_LSE91_STU00866,TORONTO_LSE91_0289
TORONTO_LSE91_STU00866,TORONTO_LSE91_0361
TORONTO_LSE91_STU00867,TORONTO_LSE91_0001
TORONTO_LSE91_STU00867,TORONTO_LSE91_0028
TORONTO_LSE91_STU00867,TORONTO_LSE91_0030
TORONTO_LSE91_STU00867,TORONTO_LSE91_0031
TORONTO_LSE91_STU00868,TORONTO_LSE91_0028
TORONTO_LSE91_STU00868,TORONTO_LSE91_0030
TORONTO_LSE91_STU00868,TORONTO_LSE91_0059
TORONTO_LSE91_STU00868,TORONTO_LSE91_0282
TORONTO_LSE91_STU00869,TORONTO_LSE91_0225
TORONTO_LSE91_STU00869,TORONTO_LSE91_0226
TORONTO_LSE91_STU00869,TORONTO_LSE91_0232
TORONTO_LSE91_STU00869,TORONTO_LSE91_0239
TORONTO_LSE91_STU00870,TORONTO_LSE91_0001
TORONTO_LSE91_STU00870,TORONTO_LSE91_0025
TORONTO_LSE91_STU00870,TORONTO_LSE91_0028
TORONTO_LSE91_STU00870,TORONTO_LSE91_0030
TORONTO_LSE91_STU00870,TORONTO_LSE91_0031
TORONTO_LSE91_STU00871,TORONTO_LSE91_0002
TORONTO_LSE91_STU00871,TORONTO_LSE91_0028
TORONTO_LSE91_STU00871,TORONTO_LSE91_0031
TORONTO_LSE91_STU00871,TORONTO_LSE91_0361
TORONTO_LSE91_STU00872,TORONTO_LSE91_0001
TORONTO_LSE91_STU00872,TORONTO_LSE91_0021
TORONTO_LSE91_STU00872,TORONTO_LSE91_0025
TORONTO_LSE91_STU00872,TORONTO_LSE91_0335
TORONTO_LSE91_STU00873,TORONTO_LSE91_0060
TORONTO_LSE91_STU00873,TORONTO_LSE91_0072
TORONTO_LSE91_STU00873,TORONTO_LSE91_0142
TORONTO_LSE91_STU00874,TORONTO_LSE91_0028
TORONTO_LSE91_STU00874,TORONTO_LSE91_0030
TORONTO_LSE91_STU00874,TORONTO_LSE91_0031
TORONTO_LSE91_STU00874,TORONTO_LSE91_0348
TORONTO_LSE91_STU00874,TORONTO_LSE91_0351
TORONTO_LSE91_STU00875,TORONTO_LSE91_0225
TORONTO_LSE91_STU00875,TORONTO_LSE91_0226
TORONTO_LSE91_STU00875,TORONTO_LSE91_0232
TORONTO_LSE91_STU00875,TORONTO_LSE91_0244
TORONTO_LSE91_STU00876,TORONTO_LSE91_0002
TORONTO_LSE91_STU00876,TORONTO_LSE91_0028
TORONTO_LSE91_STU00876,TORONTO_LSE91_0361
TORONTO_LSE91_STU00877,TORONTO_LSE91_0321
TORONTO_LSE91_STU00877,TORONTO_LSE91_0323
TORONTO_LSE91_STU00877,TORONTO_LSE91_0339
TORONTO_LSE91_STU00877,TORONTO_LSE91_0346
TORONTO_LSE91_STU00878,TORONTO_LSE91_0028
TORONTO_LSE91_STU00878,TORONTO_LSE91_0030
TORONTO_LSE91_STU00878,TORONTO_LSE91_0032
TORONTO_LSE91_STU00878,TORONTO_LSE91_0266
TORONTO_LSE91_STU00879,TORONTO_LSE91_0084
TORONTO_LSE91_STU00879,TORONTO_LSE91_0142
TORONTO_LSE91_STU00879,TORONTO_LSE91_0146
TORONTO_LSE91_STU00880,TORONTO_LSE91_0074
TORONTO_LSE91_STU00880,TORONTO_LSE91_0080
TORONTO_LSE91_STU00880,TORONTO_LSE91_0093
TORONTO_LSE91_STU00880,TORONTO_LSE91_0146
TORONTO_LSE91_STU00881,TORONTO_LSE91_0076
TORONTO_LSE91_STU00881,TORONTO_LSE91_0080
TORONTO_LSE91_STU00881,TORONTO_LSE91_0087
TORONTO_LSE91_STU00881,TORONTO_LSE91_0094
TORONTO_LSE91_STU00882,TORONTO_LSE91_0028
TORONTO_LSE91_STU00882,TORONTO_LSE91_0030
TORONTO_LSE91_STU00882,TORONTO_LSE91_0059
TORONTO_LSE91_STU00882,TORONTO_LSE91_0268
TORONTO_LSE91_STU00883,TORONTO_LSE91_0002
TORONTO_LSE91_STU00883,TORONTO_LSE91_0028
TORONTO_LSE91_STU00883,TORONTO_LSE91_0260
TORONTO_LSE91_STU00883,TORONTO_LSE91_0361
TORONTO_LSE91_STU00884,TORONTO_LSE91_0029
TORONTO_LSE91_STU00884,TORONTO_LSE91_0034
TORONTO_LSE91_STU00884,TORONTO_LSE91_0046
TORONTO_LSE91_STU00884,TORONTO_LSE91_0320
TORONTO_LSE91_STU00885,TORONTO_LSE91_0225
TORONTO_LSE91_STU00885,TORONTO_LSE91_0226
TORONTO_LSE91_STU00885,TORONTO_LSE91_0232
TORONTO_LSE91_STU00885,TORONTO_LSE91_0239
TORONTO_LSE91_STU00886,TORONTO_LSE91_0225
TORONTO_LSE91_STU00886,TORONTO_LSE91_0226
TORONTO_LSE91_STU00886,TORONTO_LSE91_0232
TORONTO_LSE91_STU00886,TORONTO_LSE91_0248
TORONTO_LSE91_STU00887,TORONTO_LSE91_0001
TORONTO_LSE91_STU00887,TORONTO_LSE91_0323
TORONTO_LSE91_STU00887,TORONTO_LSE91_0340
TORONTO_LSE91_STU00887,TORONTO_LSE91_0362
TORONTO_LSE91_STU00888,TORONTO_LSE91_0225
TORONTO_LSE91_STU00888,TORONTO_LSE91_0226
TORONTO_LSE91_STU00888,TORONTO_LSE91_0232
TORONTO_LSE91_STU00888,TORONTO_LSE91_0239
TORONTO_LSE91_STU00889,TORONTO_LSE91_0001
TORONTO_LSE91_STU00889,TORONTO_LSE91_0025
TORONTO_LSE91_STU00889,TORONTO_LSE91_0028
TORONTO_LSE91_STU00889,TORONTO_LSE91_0030
TORONTO_LSE91_STU00889,TORONTO_LSE91_0032
TORONTO_LSE91_STU00890,TORONTO_LSE91_0001
TORONTO_LSE91_STU00890,TORONTO_LSE91_0028
TORONTO_LSE91_STU00890,TORONTO_LSE91_0030
TORONTO_LSE91_STU00890,TORONTO_LSE91_0031
TORONTO_LSE91_STU00891,TORONTO_LSE91_0002
TORONTO_LSE91_STU00891,TORONTO_LSE91_0028
TORONTO_LSE91_STU00891,TORONTO_LSE91_0031
TORONTO_LSE91_STU00891,TORONTO_LSE91_0361
TORONTO_LSE91_STU00892,TORONTO_LSE91_0002
TORONTO_LSE91_STU00892,TORONTO_LSE91_0028
TORONTO_LSE91_STU00892,TORONTO_LSE91_0320
TORONTO_LSE91_STU00892,TORONTO_LSE91_0361
TORONTO_LSE91_STU00893,TORONTO_LSE91_0002
TORONTO_LSE91_STU00893,TORONTO_LSE91_0029
TORONTO_LSE91_STU00893,TORONTO_LSE91_0032
TORONTO_LSE91_STU00893,TORONTO_LSE91_0362
TORONTO_LSE91_STU00894,TORONTO_LSE91_0225
TORONTO_LSE91_STU00894,TORONTO_LSE91_0226
TORONTO_LSE91_STU00894,TORONTO_LSE91_0232
TORONTO_LSE91_STU00894,TORONTO_LSE91_0239
TORONTO_LSE91_STU00895,TORONTO_LSE91_0028
TORONTO_LSE91_STU00895,TORONTO_LSE91_0030
TORONTO_LSE91_STU00895,TORONTO_LSE91_0032
TORONTO_LSE91_STU00895,TORONTO_LSE91_0269
TORONTO_LSE91_STU00896,TORONTO_LSE91_0001
TORONTO_LSE91_STU00896,TORONTO_LSE91_0028
TORONTO_LSE91_STU00896,TORONTO_LSE91_0340
TORONTO_LSE91_STU00896,TORONTO_LSE91_0362
TORONTO_LSE91_STU00897,TORONTO_LSE91_0028
TORONTO_LSE91_STU00897,TORONTO_LSE91_0030
TORONTO_LSE91_STU00897,TORONTO_LSE91_0031
TORONTO_LSE91_STU00897,TORONTO_LSE91_0350
TORONTO_LSE91_STU00897,TORONTO_LSE91_0351
TORONTO_LSE91_STU00898,TORONTO_LSE91_0028
TORONTO_LSE91_STU00898,TORONTO_LSE91_0030
TORONTO_LSE91_STU00898,TORONTO_LSE91_0032
TORONTO_LSE91_STU00898,TORONTO_LSE91_0289
TORONTO_LSE91_STU00899,TORONTO_LSE91_0029
TORONTO_LSE91_STU00899,TORONTO_LSE91_0030
TORONTO_LSE91_STU00899,TORONTO_LSE91_0031
TORONTO_LSE91_STU00899,TORONTO_LSE91_0072
TORONTO_LSE91_STU00900,TORONTO_LSE91_0029
TORONTO_LSE91_STU00900,TORONTO_LSE91_0046
TORONTO_LSE91_STU00900,TORONTO_LSE91_0320
TORONTO_LSE91_STU00900,TORONTO_LSE91_0339
TORONTO_LSE91_STU00901,TORONTO_LSE91_0225
TORONTO_LSE91_STU00901,TORONTO_LSE91_0226
TORONTO_LSE91_STU00901,TORONTO_LSE91_0232
TORONTO_LSE91_STU00901,TORONTO_LSE91_0320
TORONTO_LSE91_STU00902,TORONTO_LSE91_0225
TORONTO_LSE91_STU00902,TORONTO_LSE91_0226
TORONTO_LSE91_STU00902,TORONTO_LSE91_0236
TORONTO_LSE91_STU00902,TORONTO_LSE91_0243
TORONTO_LSE91_STU00903,TORONTO_LSE91_0001
TORONTO_LSE91_STU00903,TORONTO_LSE91_0072
TORONTO_LSE91_STU00903,TORONTO_LSE91_0078
TORONTO_LSE91_STU00903,TORONTO_LSE91_0096
TORONTO_LSE91_STU00904,TORONTO_LSE91_0021
TORONTO_LSE91_STU00904,TORONTO_LSE91_0026
TORONTO_LSE91_STU00904,TORONTO_LSE91_0198
TORONTO_LSE91_STU00904,TORONTO_LSE91_0336
TORONTO_LSE91_STU00905,TORONTO_LSE91_0085
TORONTO_LSE91_STU00905,TORONTO_LSE91_0142
TORONTO_LSE91_STU00905,TORONTO_LSE91_0198
TORONTO_LSE91_STU00905,TORONTO_LSE91_0241
TORONTO_LSE91_STU00906,TORONTO_LSE91_0220
TORONTO_LSE91_STU00906,TORONTO_LSE91_0221
TORONTO_LSE91_STU00906,TORONTO_LSE91_0222
TORONTO_LSE91_STU00906,TORONTO_LSE91_0223
TORONTO_LSE91_STU00907,TORONTO_LSE91_0225
TORONTO_LSE91_STU00907,TORONTO_LSE91_0226
TORONTO_LSE91_STU00907,TORONTO_LSE91_0232
TORONTO_LSE91_STU00907,TORONTO_LSE91_0237
TORONTO_LSE91_STU00908,TORONTO_LSE91_0225
TORONTO_LSE91_STU00908,TORONTO_LSE91_0226
TORONTO_LSE91_STU00908,TORONTO_LSE91_0248
TORONTO_LSE91_STU00908,TORONTO_LSE91_0249
TORONTO_LSE91_STU00909,TORONTO_LSE91_0084
TORONTO_LSE91_STU00909,TORONTO_LSE91_0141
TORONTO_LSE91_STU00909,TORONTO_LSE91_0142
TORONTO_LSE91_STU00909,TORONTO_LSE91_0241
TORONTO_LSE91_STU00910,TORONTO_LSE91_0001
TORONTO_LSE91_STU00910,TORONTO_LSE91_0028
TORONTO_LSE91_STU00910,TORONTO_LSE91_0030
TORONTO_LSE91_STU00910,TORONTO_LSE91_0031
TORONTO_LSE91_STU00911,TORONTO_LSE91_0076
TORONTO_LSE91_STU00911,TORONTO_LSE91_0080
TORONTO_LSE91_STU00911,TORONTO_LSE91_0089
TORONTO_LSE91_STU00911,TORONTO_LSE91_0092
TORONTO_LSE91_STU00912,TORONTO_LSE91_0225
TORONTO_LSE91_STU00912,TORONTO_LSE91_0226
TORONTO_LSE91_STU00912,TORONTO_LSE91_0228
TORONTO_LSE91_STU00912,TORONTO_LSE91_0232
TORONTO_LSE91_STU00913,TORONTO_LSE91_0267
TORONTO_LSE91_STU00913,TORONTO_LSE91_0292
TORONTO_LSE91_STU00913,TORONTO_LSE91_0293
TORONTO_LSE91_STU00913,TORONTO_LSE91_0294
TORONTO_LSE91_STU00914,TORONTO_LSE91_0142
TORONTO_LSE91_STU00914,TORONTO_LSE91_0241
TORONTO_LSE91_STU00914,TORONTO_LSE91_0265
TORONTO_LSE91_STU00915,TORONTO_LSE91_0260
TORONTO_LSE91_STU00915,TORONTO_LSE91_0268
TORONTO_LSE91_STU00915,TORONTO_LSE91_0271
TORONTO_LSE91_STU00915,TORONTO_LSE91_0278
TORONTO_LSE91_STU00915,TORONTO_LSE91_0279
TORONTO_LSE91_STU00916,TORONTO_LSE91_0080
TORONTO_LSE91_STU00916,TORONTO_LSE91_0092
TORONTO_LSE91_STU00916,TORONTO_LSE91_0139
TORONTO_LSE91_STU00916,TORONTO_LSE91_0149
TORONTO_LSE91_STU00917,TORONTO_LSE91_0225
TORONTO_LSE91_STU00917,TORONTO_LSE91_0226
TORONTO_LSE91_STU00917,TORONTO_LSE91_0238
TORONTO_LSE91_STU00917,TORONTO_LSE91_0249
TORONTO_LSE91_STU00918,TORONTO_LSE91_0076
TORONTO_LSE91_STU00918,TORONTO_LSE91_0080
TORONTO_LSE91_STU00918,TORONTO_LSE91_0094
TORONTO_LSE91_STU00918,TORONTO_LSE91_0224
TORONTO_LSE91_STU00919,TORONTO_LSE91_0225
TORONTO_LSE91_STU00919,TORONTO_LSE91_0226
TORONTO_LSE91_STU00919,TORONTO_LSE91_0227
TORONTO_LSE91_STU00919,TORONTO_LSE91_0232
TORONTO_LSE91_STU00920,TORONTO_LSE91_0001
TORONTO_LSE91_STU00920,TORONTO_LSE91_0028
TORONTO_LSE91_STU00920,TORONTO_LSE91_0335
TORONTO_LSE91_STU00920,TORONTO_LSE91_0349
TORONTO_LSE91_STU00920,TORONTO_LSE91_0353
TORONTO_LSE91_STU00920,TORONTO_LSE91_0359
TORONTO_LSE91_STU00921,TORONTO_LSE91_0001
TORONTO_LSE91_STU00921,TORONTO_LSE91_0028
TORONTO_LSE91_STU00921,TORONTO_LSE91_0030
TORONTO_LSE91_STU00921,TORONTO_LSE91_0032
TORONTO_LSE91_STU00922,TORONTO_LSE91_0028
TORONTO_LSE91_STU00922,TORONTO_LSE91_0336
TORONTO_LSE91_STU00922,TORONTO_LSE91_0353
TORONTO_LSE91_STU00922,TORONTO_LSE91_0354
TORONTO_LSE91_STU00922,TORONTO_LSE91_0359
TORONTO_LSE91_STU00923,TORONTO_LSE91_0002
TORONTO_LSE91_STU00923,TORONTO_LSE91_0028
TORONTO_LSE91_STU00923,TORONTO_LSE91_0224
TORONTO_LSE91_STU00923,TORONTO_LSE91_0361
TORONTO_LSE91_STU00924,TORONTO_LSE91_0001
TORONTO_LSE91_STU00924,TORONTO_LSE91_0029
TORONTO_LSE91_STU00924,TORONTO_LSE91_0034
TORONTO_LSE91_STU00925,TORONTO_LSE91_0028
TORONTO_LSE91_STU00925,TORONTO_LSE91_0030
TORONTO_LSE91_STU00925,TORONTO_LSE91_0273
TORONTO_LSE91_STU00925,TORONTO_LSE91_0278
TORONTO_LSE91_STU00926,TORONTO_LSE91_0001
TORONTO_LSE91_STU00926,TORONTO_LSE91_0058
TORONTO_LSE91_STU00926,TORONTO_LSE91_0190
TORONTO_LSE91_STU00926,TORONTO_LSE91_0230
TORONTO_LSE91_STU00927,TORONTO_LSE91_0001
TORONTO_LSE91_STU00927,TORONTO_LSE91_0028
TORONTO_LSE91_STU00927,TORONTO_LSE91_0031
TORONTO_LSE91_STU00928,TORONTO_LSE91_0107
TORONTO_LSE91_STU00928,TORONTO_LSE91_0112
TORONTO_LSE91_STU00928,TORONTO_LSE91_0129
TORONTO_LSE91_STU00929,TORONTO_LSE91_0001
TORONTO_LSE91_STU00929,TORONTO_LSE91_0229
TORONTO_LSE91_STU00929,TORONTO_LSE91_0289
TORONTO_LSE91_STU00929,TORONTO_LSE91_0340
TORONTO_LSE91_STU00930,TORONTO_LSE91_0225
TORONTO_LSE91_STU00930,TORONTO_LSE91_0226
TORONTO_LSE91_STU00930,TORONTO_LSE91_0232
TORONTO_LSE91_STU00930,TORONTO_LSE91_0241
TORONTO_LSE91_STU00931,TORONTO_LSE91_0023
TORONTO_LSE91_STU00931,TORONTO_LSE91_0026
TORONTO_LSE91_STU00931,TORONTO_LSE91_0268
TORONTO_LSE91_STU00931,TORONTO_LSE91_0335
TORONTO_LSE91_STU00932,TORONTO_LSE91_0142
TORONTO_LSE91_STU00932,TORONTO_LSE91_0229
TORONTO_LSE91_STU00932,TORONTO_LSE91_0373
TORONTO_LSE91_STU00933,TORONTO_LSE91_0002
TORONTO_LSE91_STU00933,TORONTO_LSE91_0028
TORONTO_LSE91_STU00933,TORONTO_LSE91_0030
TORONTO_LSE91_STU00933,TORONTO_LSE91_0362
TORONTO_LSE91_STU00934,TORONTO_LSE91_0321
TORONTO_LSE91_STU00934,TORONTO_LSE91_0323
TORONTO_LSE91_STU00934,TORONTO_LSE91_0339
TORONTO_LSE91_STU00934,TORONTO_LSE91_0346
TORONTO_LSE91_STU00935,TORONTO_LSE91_0071
TORONTO_LSE91_STU00935,TORONTO_LSE91_0271
TORONTO_LSE91_STU00935,TORONTO_LSE91_0289
TORONTO_LSE91_STU00935,TORONTO_LSE91_0337
TORONTO_LSE91_STU00936,TORONTO_LSE91_0029
TORONTO_LSE91_STU00936,TORONTO_LSE91_0034
TORONTO_LSE91_STU00936,TORONTO_LSE91_0328
TORONTO_LSE91_STU00936,TORONTO_LSE91_0329
TORONTO_LSE91_STU00936,TORONTO_LSE91_0330
TORONTO_LSE91_STU00936,TORONTO_LSE91_0332
TORONTO_LSE91_STU00937,TORONTO_LSE91_0002
TORONTO_LSE91_STU00937,TORONTO_LSE91_0026
TORONTO_LSE91_STU00937,TORONTO_LSE91_0028
TORONTO_LSE91_STU00937,TORONTO_LSE91_0361
TORONTO_LSE91_STU00938,TORONTO_LSE91_0001
TORONTO_LSE91_STU00938,TORONTO_LSE91_0028
TORONTO_LSE91_STU00938,TORONTO_LSE91_0030
TORONTO_LSE91_STU00938,TORONTO_LSE91_0033
TORONTO_LSE91_STU00939,TORONTO_LSE91_0002
TORONTO_LSE91_STU00939,TORONTO_LSE91_0028
TORONTO_LSE91_STU00939,TORONTO_LSE91_0348
TORONTO_LSE91_STU00939,TORONTO_LSE91_0351
TORONTO_LSE91_STU00939,TORONTO_LSE91_0361
TORONTO_LSE91_STU00940,TORONTO_LSE91_0112
TORONTO_LSE91_STU00940,TORONTO_LSE91_0126
TORONTO_LSE91_STU00940,TORONTO_LSE91_0129
TORONTO_LSE91_STU00940,TORONTO_LSE91_0188
TORONTO_LSE91_STU00940,TORONTO_LSE91_0189
TORONTO_LSE91_STU00941,TORONTO_LSE91_0029
TORONTO_LSE91_STU00941,TORONTO_LSE91_0046
TORONTO_LSE91_STU00941,TORONTO_LSE91_0323
TORONTO_LSE91_STU00941,TORONTO_LSE91_0339
TORONTO_LSE91_STU00942,TORONTO_LSE91_0002
TORONTO_LSE91_STU00942,TORONTO_LSE91_0028
TORONTO_LSE91_STU00942,TORONTO_LSE91_0320
TORONTO_LSE91_STU00942,TORONTO_LSE91_0361
TORONTO_LSE91_STU00943,TORONTO_LSE91_0225
TORONTO_LSE91_STU00943,TORONTO_LSE91_0226
TORONTO_LSE91_STU00943,TORONTO_LSE91_0232
TORONTO_LSE91_STU00943,TORONTO_LSE91_0248
TORONTO_LSE91_STU00944,TORONTO_LSE91_0104
TORONTO_LSE91_STU00944,TORONTO_LSE91_0142
TORONTO_LSE91_STU00944,TORONTO_LSE91_0241
TORONTO_LSE91_STU00945,TORONTO_LSE91_0072
TORONTO_LSE91_STU00945,TORONTO_LSE91_0077
TORONTO_LSE91_STU00945,TORONTO_LSE91_0135
TORONTO_LSE91_STU00945,TORONTO_LSE91_0146
TORONTO_LSE91_STU00946,TORONTO_LSE91_0225
TORONTO_LSE91_STU00946,TORONTO_LSE91_0226
TORONTO_LSE91_STU00946,TORONTO_LSE91_0241
TORONTO_LSE91_STU00946,TORONTO_LSE91_0248
TORONTO_LSE91_STU00947,TORONTO_LSE91_0028
TORONTO_LSE91_STU00947,TORONTO_LSE91_0030
TORONTO_LSE91_STU00947,TORONTO_LSE91_0058
TORONTO_LSE91_STU00947,TORONTO_LSE91_0068
TORONTO_LSE91_STU00948,TORONTO_LSE91_0028
TORONTO_LSE91_STU00948,TORONTO_LSE91_0059
TORONTO_LSE91_STU00948,TORONTO_LSE91_0060
TORONTO_LSE91_STU00949,TORONTO_LSE91_0290
TORONTO_LSE91_STU00949,TORONTO_LSE91_0292
TORONTO_LSE91_STU00949,TORONTO_LSE91_0293
TORONTO_LSE91_STU00949,TORONTO_LSE91_0294
TORONTO_LSE91_STU00950,TORONTO_LSE91_0083
TORONTO_LSE91_STU00950,TORONTO_LSE91_0142
TORONTO_LSE91_STU00950,TORONTO_LSE91_0242
TORONTO_LSE91_STU00951,TORONTO_LSE91_0225
TORONTO_LSE91_STU00951,TORONTO_LSE91_0226
TORONTO_LSE91_STU00951,TORONTO_LSE91_0241
TORONTO_LSE91_STU00951,TORONTO_LSE91_0251
TORONTO_LSE91_STU00951,TORONTO_LSE91_0252
TORONTO_LSE91_STU00952,TORONTO_LSE91_0142
TORONTO_LSE91_STU00952,TORONTO_LSE91_0293
TORONTO_LSE91_STU00953,TORONTO_LSE91_0002
TORONTO_LSE91_STU00953,TORONTO_LSE91_0028
TORONTO_LSE91_STU00953,TORONTO_LSE91_0269
TORONTO_LSE91_STU00953,TORONTO_LSE91_0361
TORONTO_LSE91_STU00954,TORONTO_LSE91_0029
TORONTO_LSE91_STU00954,TORONTO_LSE91_0030
TORONTO_LSE91_STU00954,TORONTO_LSE91_0034
TORONTO_LSE91_STU00954,TORONTO_LSE91_0323
TORONTO_LSE91_STU00955,TORONTO_LSE91_0028
TORONTO_LSE91_STU00955,TORONTO_LSE91_0030
TORONTO_LSE91_STU00955,TORONTO_LSE91_0035
TORONTO_LSE91_STU00955,TORONTO_LSE91_0138
TORONTO_LSE91_STU00956,TORONTO_LSE91_0028
TORONTO_LSE91_STU00956,TORONTO_LSE91_0030
TORONTO_LSE91_STU00956,TORONTO_LSE91_0032
TORONTO_LSE91_STU00956,TORONTO_LSE91_0268
TORONTO_LSE91_STU00957,TORONTO_LSE91_0001
TORONTO_LSE91_STU00957,TORONTO_LSE91_0028
TORONTO_LSE91_STU00957,TORONTO_LSE91_0030
TORONTO_LSE91_STU00957,TORONTO_LSE91_0031
TORONTO_LSE91_STU00958,TORONTO_LSE91_0029
TORONTO_LSE91_STU00958,TORONTO_LSE91_0046
TORONTO_LSE91_STU00958,TORONTO_LSE91_0323
TORONTO_LSE91_STU00958,TORONTO_LSE91_0339
TORONTO_LSE91_STU00959,TORONTO_LSE91_0002
TORONTO_LSE91_STU00959,TORONTO_LSE91_0026
TORONTO_LSE91_STU00959,TORONTO_LSE91_0028
TORONTO_LSE91_STU00959,TORONTO_LSE91_0361
TORONTO_LSE91_STU00960,TORONTO_LSE91_0059
TORONTO_LSE91_STU00960,TORONTO_LSE91_0142
TORONTO_LSE91_STU00960,TORONTO_LSE91_0241
TORONTO_LSE91_STU00961,TORONTO_LSE91_0026
TORONTO_LSE91_STU00961,TORONTO_LSE91_0028
TORONTO_LSE91_STU00961,TORONTO_LSE91_0030
TORONTO_LSE91_STU00961,TORONTO_LSE91_0059
TORONTO_LSE91_STU00961,TORONTO_LSE91_0268
TORONTO_LSE91_STU00962,TORONTO_LSE91_0028
TORONTO_LSE91_STU00962,TORONTO_LSE91_0030
TORONTO_LSE91_STU00962,TORONTO_LSE91_0032
TORONTO_LSE91_STU00962,TORONTO_LSE91_0133
TORONTO_LSE91_STU00962,TORONTO_LSE91_0268
TORONTO_LSE91_STU00963,TORONTO_LSE91_0029
TORONTO_LSE91_STU00963,TORONTO_LSE91_0034
TORONTO_LSE91_STU00963,TORONTO_LSE91_0326
TORONTO_LSE91_STU00963,TORONTO_LSE91_0330
TORONTO_LSE91_STU00963,TORONTO_LSE91_0332
TORONTO_LSE91_STU00964,TORONTO_LSE91_0225
TORONTO_LSE91_STU00964,TORONTO_LSE91_0226
TORONTO_LSE91_STU00964,TORONTO_LSE91_0227
TORONTO_LSE91_STU00964,TORONTO_LSE91_0243
TORONTO_LSE91_STU00965,TORONTO_LSE91_0028
TORONTO_LSE91_STU00965,TORONTO_LSE91_0030
TORONTO_LSE91_STU00965,TORONTO_LSE91_0031
TORONTO_LSE91_STU00965,TORONTO_LSE91_0075
TORONTO_LSE91_STU00966,TORONTO_LSE91_0010
TORONTO_LSE91_STU00966,TORONTO_LSE91_0012
TORONTO_LSE91_STU00966,TORONTO_LSE91_0222
TORONTO_LSE91_STU00966,TORONTO_LSE91_0226
TORONTO_LSE91_STU00967,TORONTO_LSE91_0106
TORONTO_LSE91_STU00967,TORONTO_LSE91_0115
TORONTO_LSE91_STU00967,TORONTO_LSE91_0116
TORONTO_LSE91_STU00967,TORONTO_LSE91_0126
TORONTO_LSE91_STU00967,TORONTO_LSE91_0267
TORONTO_LSE91_STU00968,TORONTO_LSE91_0028
TORONTO_LSE91_STU00968,TORONTO_LSE91_0030
TORONTO_LSE91_STU00968,TORONTO_LSE91_0059
TORONTO_LSE91_STU00968,TORONTO_LSE91_0133
TORONTO_LSE91_STU00969,TORONTO_LSE91_0001
TORONTO_LSE91_STU00969,TORONTO_LSE91_0029
TORONTO_LSE91_STU00969,TORONTO_LSE91_0046
TORONTO_LSE91_STU00969,TORONTO_LSE91_0323
TORONTO_LSE91_STU00970,TORONTO_LSE91_0002
TORONTO_LSE91_STU00970,TORONTO_LSE91_0028
TORONTO_LSE91_STU00970,TORONTO_LSE91_0289
TORONTO_LSE91_STU00970,TORONTO_LSE91_0361
TORONTO_LSE91_STU00971,TORONTO_LSE91_0001
TORONTO_LSE91_STU00971,TORONTO_LSE91_0029
TORONTO_LSE91_STU00971,TORONTO_LSE91_0032
TORONTO_LSE91_STU00971,TORONTO_LSE91_0046
TORONTO_LSE91_STU00971,TORONTO_LSE91_0320
TORONTO_LSE91_STU00972,TORONTO_LSE91_0002
TORONTO_LSE91_STU00972,TORONTO_LSE91_0028
TORONTO_LSE91_STU00972,TORONTO_LSE91_0269
TORONTO_LSE91_STU00972,TORONTO_LSE91_0361
TORONTO_LSE91_STU00973,TORONTO_LSE91_0058
TORONTO_LSE91_STU00973,TORONTO_LSE91_0059
TORONTO_LSE91_STU00973,TORONTO_LSE91_0259
TORONTO_LSE91_STU00973,TORONTO_LSE91_0261
TORONTO_LSE91_STU00974,TORONTO_LSE91_0142
TORONTO_LSE91_STU00974,TORONTO_LSE91_0241
TORONTO_LSE91_STU00974,TORONTO_LSE91_0373
TORONTO_LSE91_STU00975,TORONTO_LSE91_0002
TORONTO_LSE91_STU00975,TORONTO_LSE91_0028
TORONTO_LSE91_STU00975,TORONTO_LSE91_0350
TORONTO_LSE91_STU00975,TORONTO_LSE91_0351
TORONTO_LSE91_STU00975,TORONTO_LSE91_0361
TORONTO_LSE91_STU00976,TORONTO_LSE91_0028
TORONTO_LSE91_STU00976,TORONTO_LSE91_0030
TORONTO_LSE91_STU00976,TORONTO_LSE91_0059
TORONTO_LSE91_STU00976,TORONTO_LSE91_0068
TORONTO_LSE91_STU00977,TORONTO_LSE91_0290
TORONTO_LSE91_STU00977,TORONTO_LSE91_0292
TORONTO_LSE91_STU00977,TORONTO_LSE91_0293
TORONTO_LSE91_STU00977,TORONTO_LSE91_0294
TORONTO_LSE91_STU00978,TORONTO_LSE91_0072
TORONTO_LSE91_STU00978,TORONTO_LSE91_0080
TORONTO_LSE91_STU00978,TORONTO_LSE91_0085
TORONTO_LSE91_STU00978,TORONTO_LSE91_0289
TORONTO_LSE91_STU00979,TORONTO_LSE91_0002
TORONTO_LSE91_STU00979,TORONTO_LSE91_0028
TORONTO_LSE91_STU00979,TORONTO_LSE91_0320
TORONTO_LSE91_STU00979,TORONTO_LSE91_0361
TORONTO_LSE91_STU00980,TORONTO_LSE91_0029
TORONTO_LSE91_STU00980,TORONTO_LSE91_0046
TORONTO_LSE91_STU00980,TORONTO_LSE91_0323
TORONTO_LSE91_STU00980,TORONTO_LSE91_0339
TORONTO_LSE91_STU00981,TORONTO_LSE91_0001
TORONTO_LSE91_STU00981,TORONTO_LSE91_0028
TORONTO_LSE91_STU00981,TORONTO_LSE91_0030
TORONTO_LSE91_STU00981,TORONTO_LSE91_0031
TORONTO_LSE91_STU00982,TORONTO_LSE91_0002
TORONTO_LSE91_STU00982,TORONTO_LSE91_0028
TORONTO_LSE91_STU00982,TORONTO_LSE91_0269
TORONTO_LSE91_STU00982,TORONTO_LSE91_0362
TORONTO_LSE91_STU00983,TORONTO_LSE91_0001
TORONTO_LSE91_STU00983,TORONTO_LSE91_0028
TORONTO_LSE91_STU00983,TORONTO_LSE91_0030
TORONTO_LSE91_STU00983,TORONTO_LSE91_0031
TORONTO_LSE91_STU00984,TORONTO_LSE91_0028
TORONTO_LSE91_STU00984,TORONTO_LSE91_0030
TORONTO_LSE91_STU00984,TORONTO_LSE91_0059
TORONTO_LSE91_STU00984,TORONTO_LSE91_0350
TORONTO_LSE91_STU00984,TORONTO_LSE91_0351
TORONTO_LSE91_STU00985,TORONTO_LSE91_0001
TORONTO_LSE91_STU00985,TORONTO_LSE91_0229
TORONTO_LSE91_STU00985,TORONTO_LSE91_0289
TORONTO_LSE91_STU00985,TORONTO_LSE91_0340
TORONTO_LSE91_STU00986,TORONTO_LSE91_0028
TORONTO_LSE91_STU00986,TORONTO_LSE91_0030
TORONTO_LSE91_STU00986,TORONTO_LSE91_0032
TORONTO_LSE91_STU00986,TORONTO_LSE91_0104
TORONTO_LSE91_STU00987,TORONTO_LSE91_0028
TORONTO_LSE91_STU00987,TORONTO_LSE91_0030
TORONTO_LSE91_STU00987,TORONTO_LSE91_0031
TORONTO_LSE91_STU00987,TORONTO_LSE91_0350
TORONTO_LSE91_STU00987,TORONTO_LSE91_0351
TORONTO_LSE91_STU00988,TORONTO_LSE91_0028
TORONTO_LSE91_STU00988,TORONTO_LSE91_0030
TORONTO_LSE91_STU00988,TORONTO_LSE91_0059
TORONTO_LSE91_STU00988,TORONTO_LSE91_0094
TORONTO_LSE91_STU00989,TORONTO_LSE91_0028
TORONTO_LSE91_STU00989,TORONTO_LSE91_0030
TORONTO_LSE91_STU00989,TORONTO_LSE91_0031
TORONTO_LSE91_STU00989,TORONTO_LSE91_0035
TORONTO_LSE91_STU00990,TORONTO_LSE91_0107
TORONTO_LSE91_STU00990,TORONTO_LSE91_0121
TORONTO_LSE91_STU00990,TORONTO_LSE91_0128
TORONTO_LSE91_STU00991,TORONTO_LSE91_0028
TORONTO_LSE91_STU00991,TORONTO_LSE91_0030
TORONTO_LSE91_STU00991,TORONTO_LSE91_0059
TORONTO_LSE91_STU00991,TORONTO_LSE91_0133
TORONTO_LSE91_STU00992,TORONTO_LSE91_0225
TORONTO_LSE91_STU00992,TORONTO_LSE91_0226
TORONTO_LSE91_STU00992,TORONTO_LSE91_0232
TORONTO_LSE91_STU00992,TORONTO_LSE91_0239
TORONTO_LSE91_STU00993,TORONTO_LSE91_0002
TORONTO_LSE91_STU00993,TORONTO_LSE91_0028
TORONTO_LSE91_STU00993,TORONTO_LSE91_0350
TORONTO_LSE91_STU00993,TORONTO_LSE91_0351
TORONTO_LSE91_STU00993,TORONTO_LSE91_0361
TORONTO_LSE91_STU00994,TORONTO_LSE91_0268
TORONTO_LSE91_STU00994,TORONTO_LSE91_0273
TORONTO_LSE91_STU00994,TORONTO_LSE91_0278
TORONTO_LSE91_STU00995,TORONTO_LSE91_0225
TORONTO_LSE91_STU00995,TORONTO_LSE91_0226
TORONTO_LSE91_STU00995,TORONTO_LSE91_0228
TORONTO_LSE91_STU00995,TORONTO_LSE91_0241
TORONTO_LSE91_STU00996,TORONTO_LSE91_0072
TORONTO_LSE91_STU00996,TORONTO_LSE91_0077
TORONTO_LSE91_STU00996,TORONTO_LSE91_0080
TORONTO_LSE91_STU00996,TORONTO_LSE91_0089
TORONTO_LSE91_STU00997,TORONTO_LSE91_0002
TORONTO_LSE91_STU00997,TORONTO_LSE91_0028
TORONTO_LSE91_STU00997,TORONTO_LSE91_0320
TORONTO_LSE91_STU00997,TORONTO_LSE91_0361
TORONTO_LSE91_STU00998,TORONTO_LSE91_0002
TORONTO_LSE91_STU00998,TORONTO_LSE91_0028
TORONTO_LSE91_STU00998,TORONTO_LSE91_0350
TORONTO_LSE91_STU00998,TORONTO_LSE91_0351
TORONTO_LSE91_STU00998,TORONTO_LSE91_0361
TORONTO_LSE91_STU00999,TORONTO_LSE91_0001
TORONTO_LSE91_STU00999,TORONTO_LSE91_0028
TORONTO_LSE91_STU01000,TORONTO_LSE91_0028
TORONTO_LSE91_STU01000,TORONTO_LSE91_0030
TORONTO_LSE91_STU01000,TORONTO_LSE91_0033
TORONTO_LSE91_STU01000,TORONTO_LSE91_0058
TORONTO_LSE91_STU01001,TORONTO_LSE91_0072
TORONTO_LSE91_STU01001,TORONTO_LSE91_0084
TORONTO_LSE91_STU01001,TORONTO_LSE91_0142
TORONTO_LSE91_STU01001,TORONTO_LSE91_0350
TORONTO_LSE91_STU01001,TORONTO_LSE91_0351
TORONTO_LSE91_STU01002,TORONTO_LSE91_0292
TORONTO_LSE91_STU01002,TORONTO_LSE91_0293
TORONTO_LSE91_STU01002,TORONTO_LSE91_0294
TORONTO_LSE91_STU01002,TORONTO_LSE91_0379
TORONTO_LSE91_STU01003,TORONTO_LSE91_0001
TORONTO_LSE91_STU01003,TORONTO_LSE91_0028
TORONTO_LSE91_STU01003,TORONTO_LSE91_0030
TORONTO_LSE91_STU01003,TORONTO_LSE91_0031
TORONTO_LSE91_STU01004,TORONTO_LSE91_0072
TORONTO_LSE91_STU01004,TORONTO_LSE91_0074
TORONTO_LSE91_STU01004,TORONTO_LSE91_0077
TORONTO_LSE91_STU01004,TORONTO_LSE91_0289
TORONTO_LSE91_STU01005,TORONTO_LSE91_0001
TORONTO_LSE91_STU01005,TORONTO_LSE91_0028
TORONTO_LSE91_STU01005,TORONTO_LSE91_0030
TORONTO_LSE91_STU01005,TORONTO_LSE91_0032
TORONTO_LSE91_STU01006,TORONTO_LSE91_0001
TORONTO_LSE91_STU01006,TORONTO_LSE91_0023
TORONTO_LSE91_STU01006,TORONTO_LSE91_0289
TORONTO_LSE91_STU01006,TORONTO_LSE91_0335
TORONTO_LSE91_STU01007,TORONTO_LSE91_0133
TORONTO_LSE91_STU01007,TORONTO_LSE91_0268
TORONTO_LSE91_STU01007,TORONTO_LSE91_0271
TORONTO_LSE91_STU01007,TORONTO_LSE91_0273
TORONTO_LSE91_STU01007,TORONTO_LSE91_0289
TORONTO_LSE91_STU01008,TORONTO_LSE91_0225
TORONTO_LSE91_STU01008,TORONTO_LSE91_0226
TORONTO_LSE91_STU01008,TORONTO_LSE91_0241
TORONTO_LSE91_STU01008,TORONTO_LSE91_0249
TORONTO_LSE91_STU01009,TORONTO_LSE91_0023
TORONTO_LSE91_STU01009,TORONTO_LSE91_0133
TORONTO_LSE91_STU01009,TORONTO_LSE91_0198
TORONTO_LSE91_STU01009,TORONTO_LSE91_0241
TORONTO_LSE91_STU01010,TORONTO_LSE91_0225
TORONTO_LSE91_STU01010,TORONTO_LSE91_0226
TORONTO_LSE91_STU01010,TORONTO_LSE91_0232
TORONTO_LSE91_STU01010,TORONTO_LSE91_0239
TORONTO_LSE91_STU01011,TORONTO_LSE91_0001
TORONTO_LSE91_STU01011,TORONTO_LSE91_0229
TORONTO_LSE91_STU01011,TORONTO_LSE91_0340
TORONTO_LSE91_STU01011,TORONTO_LSE91_0362
TORONTO_LSE91_STU01012,TORONTO_LSE91_0133
TORONTO_LSE91_STU01012,TORONTO_LSE91_0198
TORONTO_LSE91_STU01012,TORONTO_LSE91_0241
TORONTO_LSE91_STU01012,TORONTO_LSE91_0289
TORONTO_LSE91_STU01013,TORONTO_LSE91_0001
TORONTO_LSE91_STU01013,TORONTO_LSE91_0028
TORONTO_LSE91_STU01013,TORONTO_LSE91_0030
TORONTO_LSE91_STU01013,TORONTO_LSE91_0059
TORONTO_LSE91_STU01013,TORONTO_LSE91_0335
TORONTO_LSE91_STU01014,TORONTO_LSE91_0225
TORONTO_LSE91_STU01014,TORONTO_LSE91_0226
TORONTO_LSE91_STU01014,TORONTO_LSE91_0232
TORONTO_LSE91_STU01014,TORONTO_LSE91_0243
TORONTO_LSE91_STU01015,TORONTO_LSE91_0225
TORONTO_LSE91_STU01015,TORONTO_LSE91_0226
TORONTO_LSE91_STU01015,TORONTO_LSE91_0232
TORONTO_LSE91_STU01015,TORONTO_LSE91_0239
TORONTO_LSE91_STU01016,TORONTO_LSE91_0225
TORONTO_LSE91_STU01016,TORONTO_LSE91_0226
TORONTO_LSE91_STU01016,TORONTO_LSE91_0227
TORONTO_LSE91_STU01016,TORONTO_LSE91_0232
TORONTO_LSE91_STU01017,TORONTO_LSE91_0054
TORONTO_LSE91_STU01017,TORONTO_LSE91_0140
TORONTO_LSE91_STU01017,TORONTO_LSE91_0141
TORONTO_LSE91_STU01017,TORONTO_LSE91_0142
TORONTO_LSE91_STU01017,TORONTO_LSE91_0241
TORONTO_LSE91_STU01018,TORONTO_LSE91_0028
TORONTO_LSE91_STU01018,TORONTO_LSE91_0030
TORONTO_LSE91_STU01018,TORONTO_LSE91_0031
TORONTO_LSE91_STU01018,TORONTO_LSE91_0032
TORONTO_LSE91_STU01019,TORONTO_LSE91_0028
TORONTO_LSE91_STU01019,TORONTO_LSE91_0030
TORONTO_LSE91_STU01019,TORONTO_LSE91_0034
TORONTO_LSE91_STU01019,TORONTO_LSE91_0229
TORONTO_LSE91_STU01020,TORONTO_LSE91_0028
TORONTO_LSE91_STU01020,TORONTO_LSE91_0030
TORONTO_LSE91_STU01020,TORONTO_LSE91_0032
TORONTO_LSE91_STU01020,TORONTO_LSE91_0133
TORONTO_LSE91_STU01021,TORONTO_LSE91_0002
TORONTO_LSE91_STU01021,TORONTO_LSE91_0028
TORONTO_LSE91_STU01021,TORONTO_LSE91_0229
TORONTO_LSE91_STU01021,TORONTO_LSE91_0361
TORONTO_LSE91_STU01022,TORONTO_LSE91_0055
TORONTO_LSE91_STU01022,TORONTO_LSE91_0077
TORONTO_LSE91_STU01022,TORONTO_LSE91_0080
TORONTO_LSE91_STU01022,TORONTO_LSE91_0093
TORONTO_LSE91_STU01023,TORONTO_LSE91_0001
TORONTO_LSE91_STU01023,TORONTO_LSE91_0028
TORONTO_LSE91_STU01023,TORONTO_LSE91_0030
TORONTO_LSE91_STU01023,TORONTO_LSE91_0033
TORONTO_LSE91_STU01024,TORONTO_LSE91_0002
TORONTO_LSE91_STU01024,TORONTO_LSE91_0028
TORONTO_LSE91_STU01024,TORONTO_LSE91_0323
TORONTO_LSE91_STU01024,TORONTO_LSE91_0362
TORONTO_LSE91_STU01025,TORONTO_LSE91_0001
TORONTO_LSE91_STU01025,TORONTO_LSE91_0028
TORONTO_LSE91_STU01025,TORONTO_LSE91_0030
TORONTO_LSE91_STU01025,TORONTO_LSE91_0033
TORONTO_LSE91_STU01026,TORONTO_LSE91_0029
TORONTO_LSE91_STU01026,TORONTO_LSE91_0046
TORONTO_LSE91_STU01026,TORONTO_LSE91_0323
TORONTO_LSE91_STU01026,TORONTO_LSE91_0339
TORONTO_LSE91_STU01027,TORONTO_LSE91_0323
TORONTO_LSE91_STU01027,TORONTO_LSE91_0339
TORONTO_LSE91_STU01027,TORONTO_LSE91_0346
TORONTO_LSE91_STU01027,TORONTO_LSE91_0348
TORONTO_LSE91_STU01027,TORONTO_LSE91_0351
TORONTO_LSE91_STU01028,TORONTO_LSE91_0058
TORONTO_LSE91_STU01028,TORONTO_LSE91_0059
TORONTO_LSE91_STU01028,TORONTO_LSE91_0142
TORONTO_LSE91_STU01028,TORONTO_LSE91_0285
TORONTO_LSE91_STU01029,TORONTO_LSE91_0021
TORONTO_LSE91_STU01029,TORONTO_LSE91_0107
TORONTO_LSE91_STU01029,TORONTO_LSE91_0118
TORONTO_LSE91_STU01029,TORONTO_LSE91_0124
TORONTO_LSE91_STU01030,TORONTO_LSE91_0225
TORONTO_LSE91_STU01030,TORONTO_LSE91_0226
TORONTO_LSE91_STU01030,TORONTO_LSE91_0232
TORONTO_LSE91_STU01030,TORONTO_LSE91_0241
TORONTO_LSE91_STU01031,TORONTO_LSE91_0001
TORONTO_LSE91_STU01031,TORONTO_LSE91_0028
TORONTO_LSE91_STU01031,TORONTO_LSE91_0030
TORONTO_LSE91_STU01031,TORONTO_LSE91_0031
TORONTO_LSE91_STU01032,TORONTO_LSE91_0001
TORONTO_LSE91_STU01032,TORONTO_LSE91_0229
TORONTO_LSE91_STU01032,TORONTO_LSE91_0340
TORONTO_LSE91_STU01032,TORONTO_LSE91_0362
TORONTO_LSE91_STU01033,TORONTO_LSE91_0225
TORONTO_LSE91_STU01033,TORONTO_LSE91_0226
TORONTO_LSE91_STU01033,TORONTO_LSE91_0232
TORONTO_LSE91_STU01033,TORONTO_LSE91_0243
TORONTO_LSE91_STU01034,TORONTO_LSE91_0028
TORONTO_LSE91_STU01034,TORONTO_LSE91_0030
TORONTO_LSE91_STU01034,TORONTO_LSE91_0059
TORONTO_LSE91_STU01034,TORONTO_LSE91_0124
TORONTO_LSE91_STU01035,TORONTO_LSE91_0142
TORONTO_LSE91_STU01035,TORONTO_LSE91_0241
TORONTO_LSE91_STU01035,TORONTO_LSE91_0373
TORONTO_LSE91_STU01036,TORONTO_LSE91_0225
TORONTO_LSE91_STU01036,TORONTO_LSE91_0226
TORONTO_LSE91_STU01036,TORONTO_LSE91_0236
TORONTO_LSE91_STU01036,TORONTO_LSE91_0239
TORONTO_LSE91_STU01037,TORONTO_LSE91_0028
TORONTO_LSE91_STU01037,TORONTO_LSE91_0030
TORONTO_LSE91_STU01037,TORONTO_LSE91_0059
TORONTO_LSE91_STU01037,TORONTO_LSE91_0258
TORONTO_LSE91_STU01038,TORONTO_LSE91_0086
TORONTO_LSE91_STU01038,TORONTO_LSE91_0142
TORONTO_LSE91_STU01038,TORONTO_LSE91_0202
TORONTO_LSE91_STU01039,TORONTO_LSE91_0075
TORONTO_LSE91_STU01039,TORONTO_LSE91_0077
TORONTO_LSE91_STU01039,TORONTO_LSE91_0093
TORONTO_LSE91_STU01039,TORONTO_LSE91_0133
TORONTO_LSE91_STU01040,TORONTO_LSE91_0002
TORONTO_LSE91_STU01040,TORONTO_LSE91_0028
TORONTO_LSE91_STU01040,TORONTO_LSE91_0348
TORONTO_LSE91_STU01040,TORONTO_LSE91_0351
TORONTO_LSE91_STU01040,TORONTO_LSE91_0362
TORONTO_LSE91_STU01041,TORONTO_LSE91_0028
TORONTO_LSE91_STU01041,TORONTO_LSE91_0030
TORONTO_LSE91_STU01041,TORONTO_LSE91_0059
TORONTO_LSE91_STU01041,TORONTO_LSE91_0069
TORONTO_LSE91_STU01042,TORONTO_LSE91_0002
TORONTO_LSE91_STU01042,TORONTO_LSE91_0028
TORONTO_LSE91_STU01042,TORONTO_LSE91_0320
TORONTO_LSE91_STU01042,TORONTO_LSE91_0361
TORONTO_LSE91_STU01043,TORONTO_LSE91_0029
TORONTO_LSE91_STU01043,TORONTO_LSE91_0033
TORONTO_LSE91_STU01043,TORONTO_LSE91_0046
TORONTO_LSE91_STU01043,TORONTO_LSE91_0348
TORONTO_LSE91_STU01043,TORONTO_LSE91_0351
TORONTO_LSE91_STU01044,TORONTO_LSE91_0008
TORONTO_LSE91_STU01044,TORONTO_LSE91_0110
TORONTO_LSE91_STU01044,TORONTO_LSE91_0126
TORONTO_LSE91_STU01045,TORONTO_LSE91_0002
TORONTO_LSE91_STU01045,TORONTO_LSE91_0028
TORONTO_LSE91_STU01045,TORONTO_LSE91_0229
TORONTO_LSE91_STU01045,TORONTO_LSE91_0361
TORONTO_LSE91_STU01046,TORONTO_LSE91_0028
TORONTO_LSE91_STU01046,TORONTO_LSE91_0030
TORONTO_LSE91_STU01046,TORONTO_LSE91_0031
TORONTO_LSE91_STU01046,TORONTO_LSE91_0229
TORONTO_LSE91_STU01047,TORONTO_LSE91_0225
TORONTO_LSE91_STU01047,TORONTO_LSE91_0226
TORONTO_LSE91_STU01047,TORONTO_LSE91_0232
TORONTO_LSE91_STU01047,TORONTO_LSE91_0239
TORONTO_LSE91_STU01048,TORONTO_LSE91_0028
TORONTO_LSE91_STU01048,TORONTO_LSE91_0336
TORONTO_LSE91_STU01048,TORONTO_LSE91_0353
TORONTO_LSE91_STU01048,TORONTO_LSE91_0358
TORONTO_LSE91_STU01048,TORONTO_LSE91_0359
TORONTO_LSE91_STU01049,TORONTO_LSE91_0225
TORONTO_LSE91_STU01049,TORONTO_LSE91_0226
TORONTO_LSE91_STU01049,TORONTO_LSE91_0232
TORONTO_LSE91_STU01049,TORONTO_LSE91_0239
TORONTO_LSE91_STU01050,TORONTO_LSE91_0023
TORONTO_LSE91_STU01050,TORONTO_LSE91_0029
TORONTO_LSE91_STU01050,TORONTO_LSE91_0046
TORONTO_LSE91_STU01050,TORONTO_LSE91_0181
TORONTO_LSE91_STU01050,TORONTO_LSE91_0182
TORONTO_LSE91_STU01050,TORONTO_LSE91_0183
TORONTO_LSE91_STU01050,TORONTO_LSE91_0184
TORONTO_LSE91_STU01050,TORONTO_LSE91_0185
TORONTO_LSE91_STU01051,TORONTO_LSE91_0002
TORONTO_LSE91_STU01051,TORONTO_LSE91_0028
TORONTO_LSE91_STU01051,TORONTO_LSE91_0321
TORONTO_LSE91_STU01051,TORONTO_LSE91_0362
TORONTO_LSE91_STU01052,TORONTO_LSE91_0268
TORONTO_LSE91_STU01052,TORONTO_LSE91_0273
TORONTO_LSE91_STU01052,TORONTO_LSE91_0276
TORONTO_LSE91_STU01052,TORONTO_LSE91_0278
TORONTO_LSE91_STU01053,TORONTO_LSE91_0225
TORONTO_LSE91_STU01053,TORONTO_LSE91_0226
TORONTO_LSE91_STU01053,TORONTO_LSE91_0227
TORONTO_LSE91_STU01053,TORONTO_LSE91_0232
TORONTO_LSE91_STU01054,TORONTO_LSE91_0028
TORONTO_LSE91_STU01054,TORONTO_LSE91_0030
TORONTO_LSE91_STU01054,TORONTO_LSE91_0032
TORONTO_LSE91_STU01054,TORONTO_LSE91_0269
TORONTO_LSE91_STU01055,TORONTO_LSE91_0028
TORONTO_LSE91_STU01055,TORONTO_LSE91_0268
TORONTO_LSE91_STU01055,TORONTO_LSE91_0271
TORONTO_LSE91_STU01056,TORONTO_LSE91_0290
TORONTO_LSE91_STU01056,TORONTO_LSE91_0292
TORONTO_LSE91_STU01056,TORONTO_LSE91_0293
TORONTO_LSE91_STU01056,TORONTO_LSE91_0294
TORONTO_LSE91_STU01057,TORONTO_LSE91_0107
TORONTO_LSE91_STU01057,TORONTO_LSE91_0109
TORONTO_LSE91_STU01057,TORONTO_LSE91_0119
TORONTO_LSE91_STU01057,TORONTO_LSE91_0129
TORONTO_LSE91_STU01058,TORONTO_LSE91_0075
TORONTO_LSE91_STU01058,TORONTO_LSE91_0080
TORONTO_LSE91_STU01058,TORONTO_LSE91_0094
TORONTO_LSE91_STU01058,TORONTO_LSE91_0136
TORONTO_LSE91_STU01059,TORONTO_LSE91_0028
TORONTO_LSE91_STU01059,TORONTO_LSE91_0030
TORONTO_LSE91_STU01059,TORONTO_LSE91_0032
TORONTO_LSE91_STU01059,TORONTO_LSE91_0268
TORONTO_LSE91_STU01060,TORONTO_LSE91_0028
TORONTO_LSE91_STU01060,TORONTO_LSE91_0030
TORONTO_LSE91_STU01060,TORONTO_LSE91_0034
TORONTO_LSE91_STU01060,TORONTO_LSE91_0361
TORONTO_LSE91_STU01061,TORONTO_LSE91_0290
TORONTO_LSE91_STU01061,TORONTO_LSE91_0292
TORONTO_LSE91_STU01061,TORONTO_LSE91_0293
TORONTO_LSE91_STU01061,TORONTO_LSE91_0294
TORONTO_LSE91_STU01062,TORONTO_LSE91_0225
TORONTO_LSE91_STU01062,TORONTO_LSE91_0226
TORONTO_LSE91_STU01062,TORONTO_LSE91_0236
TORONTO_LSE91_STU01062,TORONTO_LSE91_0241
TORONTO_LSE91_STU01063,TORONTO_LSE91_0292
TORONTO_LSE91_STU01063,TORONTO_LSE91_0293
TORONTO_LSE91_STU01063,TORONTO_LSE91_0294
TORONTO_LSE91_STU01064,TORONTO_LSE91_0027
TORONTO_LSE91_STU01064,TORONTO_LSE91_0058
TORONTO_LSE91_STU01064,TORONTO_LSE91_0061
TORONTO_LSE91_STU01064,TORONTO_LSE91_0293
TORONTO_LSE91_STU01065,TORONTO_LSE91_0225
TORONTO_LSE91_STU01065,TORONTO_LSE91_0226
TORONTO_LSE91_STU01065,TORONTO_LSE91_0239
TORONTO_LSE91_STU01065,TORONTO_LSE91_0241
TORONTO_LSE91_STU01066,TORONTO_LSE91_0165
TORONTO_LSE91_STU01066,TORONTO_LSE91_0166
TORONTO_LSE91_STU01066,TORONTO_LSE91_0320
TORONTO_LSE91_STU01066,TORONTO_LSE91_0321
TORONTO_LSE91_STU01066,TORONTO_LSE91_0336
TORONTO_LSE91_STU01067,TORONTO_LSE91_0225
TORONTO_LSE91_STU01067,TORONTO_LSE91_0226
TORONTO_LSE91_STU01067,TORONTO_LSE91_0232
TORONTO_LSE91_STU01067,TORONTO_LSE91_0238
TORONTO_LSE91_STU01068,TORONTO_LSE91_0001
TORONTO_LSE91_STU01068,TORONTO_LSE91_0028
TORONTO_LSE91_STU01068,TORONTO_LSE91_0030
TORONTO_LSE91_STU01068,TORONTO_LSE91_0031
TORONTO_LSE91_STU01068,TORONTO_LSE91_0335
TORONTO_LSE91_STU01069,TORONTO_LSE91_0001
TORONTO_LSE91_STU01069,TORONTO_LSE91_0058
TORONTO_LSE91_STU01069,TORONTO_LSE91_0060
TORONTO_LSE91_STU01069,TORONTO_LSE91_0063
TORONTO_LSE91_STU01070,TORONTO_LSE91_0072
TORONTO_LSE91_STU01070,TORONTO_LSE91_0080
TORONTO_LSE91_STU01070,TORONTO_LSE91_0136
TORONTO_LSE91_STU01070,TORONTO_LSE91_0139
TORONTO_LSE91_STU01070,TORONTO_LSE91_0198
TORONTO_LSE91_STU01071,TORONTO_LSE91_0225
TORONTO_LSE91_STU01071,TORONTO_LSE91_0226
TORONTO_LSE91_STU01071,TORONTO_LSE91_0232
TORONTO_LSE91_STU01071,TORONTO_LSE91_0241
TORONTO_LSE91_STU01072,TORONTO_LSE91_0002
TORONTO_LSE91_STU01072,TORONTO_LSE91_0028
TORONTO_LSE91_STU01072,TORONTO_LSE91_0224
TORONTO_LSE91_STU01072,TORONTO_LSE91_0361
TORONTO_LSE91_STU01073,TORONTO_LSE91_0225
TORONTO_LSE91_STU01073,TORONTO_LSE91_0226
TORONTO_LSE91_STU01073,TORONTO_LSE91_0232
TORONTO_LSE91_STU01073,TORONTO_LSE91_0251
TORONTO_LSE91_STU01073,TORONTO_LSE91_0252
TORONTO_LSE91_STU01074,TORONTO_LSE91_0133
TORONTO_LSE91_STU01074,TORONTO_LSE91_0198
TORONTO_LSE91_STU01074,TORONTO_LSE91_0241
TORONTO_LSE91_STU01074,TORONTO_LSE91_0282
TORONTO_LSE91_STU01075,TORONTO_LSE91_0028
TORONTO_LSE91_STU01075,TORONTO_LSE91_0030
TORONTO_LSE91_STU01075,TORONTO_LSE91_0059
TORONTO_LSE91_STU01075,TORONTO_LSE91_0229
TORONTO_LSE91_STU01076,TORONTO_LSE91_0001
TORONTO_LSE91_STU01076,TORONTO_LSE91_0028
TORONTO_LSE91_STU01076,TORONTO_LSE91_0030
TORONTO_LSE91_STU01076,TORONTO_LSE91_0032
TORONTO_LSE91_STU01077,TORONTO_LSE91_0142
TORONTO_LSE91_STU01077,TORONTO_LSE91_0205
TORONTO_LSE91_STU01077,TORONTO_LSE91_0373
TORONTO_LSE91_STU01078,TORONTO_LSE91_0225
TORONTO_LSE91_STU01078,TORONTO_LSE91_0226
TORONTO_LSE91_STU01078,TORONTO_LSE91_0232
TORONTO_LSE91_STU01078,TORONTO_LSE91_0241
TORONTO_LSE91_STU01079,TORONTO_LSE91_0008
TORONTO_LSE91_STU01079,TORONTO_LSE91_0290
TORONTO_LSE91_STU01080,TORONTO_LSE91_0107
TORONTO_LSE91_STU01080,TORONTO_LSE91_0108
TORONTO_LSE91_STU01080,TORONTO_LSE91_0116
TORONTO_LSE91_STU01080,TORONTO_LSE91_0198
TORONTO_LSE91_STU01081,TORONTO_LSE91_0076
TORONTO_LSE91_STU01081,TORONTO_LSE91_0080
TORONTO_LSE91_STU01081,TORONTO_LSE91_0092
TORONTO_LSE91_STU01081,TORONTO_LSE91_0267
TORONTO_LSE91_STU01082,TORONTO_LSE91_0002
TORONTO_LSE91_STU01082,TORONTO_LSE91_0028
TORONTO_LSE91_STU01082,TORONTO_LSE91_0320
TORONTO_LSE91_STU01082,TORONTO_LSE91_0362
TORONTO_LSE91_STU01083,TORONTO_LSE91_0025
TORONTO_LSE91_STU01083,TORONTO_LSE91_0028
TORONTO_LSE91_STU01083,TORONTO_LSE91_0030
TORONTO_LSE91_STU01083,TORONTO_LSE91_0059
TORONTO_LSE91_STU01083,TORONTO_LSE91_0143
TORONTO_LSE91_STU01084,TORONTO_LSE91_0002
TORONTO_LSE91_STU01084,TORONTO_LSE91_0028
TORONTO_LSE91_STU01084,TORONTO_LSE91_0030
TORONTO_LSE91_STU01084,TORONTO_LSE91_0032
TORONTO_LSE91_STU01085,TORONTO_LSE91_0225
TORONTO_LSE91_STU01085,TORONTO_LSE91_0226
TORONTO_LSE91_STU01085,TORONTO_LSE91_0239
TORONTO_LSE91_STU01085,TORONTO_LSE91_0248
TORONTO_LSE91_STU01086,TORONTO_LSE91_0112
TORONTO_LSE91_STU01086,TORONTO_LSE91_0119
TORONTO_LSE91_STU01086,TORONTO_LSE91_0129
TORONTO_LSE91_STU01086,TORONTO_LSE91_0161
TORONTO_LSE91_STU01087,TORONTO_LSE91_0001
TORONTO_LSE91_STU01087,TORONTO_LSE91_0023
TORONTO_LSE91_STU01087,TORONTO_LSE91_0025
TORONTO_LSE91_STU01087,TORONTO_LSE91_0335
TORONTO_LSE91_STU01088,TORONTO_LSE91_0028
TORONTO_LSE91_STU01088,TORONTO_LSE91_0030
TORONTO_LSE91_STU01088,TORONTO_LSE91_0031
TORONTO_LSE91_STU01088,TORONTO_LSE91_0350
TORONTO_LSE91_STU01088,TORONTO_LSE91_0351
TORONTO_LSE91_STU01089,TORONTO_LSE91_0028
TORONTO_LSE91_STU01089,TORONTO_LSE91_0030
TORONTO_LSE91_STU01089,TORONTO_LSE91_0032
TORONTO_LSE91_STU01089,TORONTO_LSE91_0268
TORONTO_LSE91_STU01090,TORONTO_LSE91_0023
TORONTO_LSE91_STU01090,TORONTO_LSE91_0025
TORONTO_LSE91_STU01090,TORONTO_LSE91_0282
TORONTO_LSE91_STU01090,TORONTO_LSE91_0335
TORONTO_LSE91_STU01091,TORONTO_LSE91_0225
TORONTO_LSE91_STU01091,TORONTO_LSE91_0226
TORONTO_LSE91_STU01091,TORONTO_LSE91_0239
TORONTO_LSE91_STU01091,TORONTO_LSE91_0244
TORONTO_LSE91_STU01092,TORONTO_LSE91_0010
TORONTO_LSE91_STU01092,TORONTO_LSE91_0011
TORONTO_LSE91_STU01092,TORONTO_LSE91_0018
TORONTO_LSE91_STU01092,TORONTO_LSE91_0020
TORONTO_LSE91_STU01092,TORONTO_LSE91_0025
TORONTO_LSE91_STU01093,TORONTO_LSE91_0028
TORONTO_LSE91_STU01093,TORONTO_LSE91_0030
TORONTO_LSE91_STU01093,TORONTO_LSE91_0032
TORONTO_LSE91_STU01093,TORONTO_LSE91_0230
TORONTO_LSE91_STU01094,TORONTO_LSE91_0157
TORONTO_LSE91_STU01094,TORONTO_LSE91_0292
TORONTO_LSE91_STU01094,TORONTO_LSE91_0293
TORONTO_LSE91_STU01094,TORONTO_LSE91_0294
TORONTO_LSE91_STU01095,TORONTO_LSE91_0225
TORONTO_LSE91_STU01095,TORONTO_LSE91_0226
TORONTO_LSE91_STU01095,TORONTO_LSE91_0232
TORONTO_LSE91_STU01095,TORONTO_LSE91_0243
TORONTO_LSE91_STU01096,TORONTO_LSE91_0072
TORONTO_LSE91_STU01096,TORONTO_LSE91_0074
TORONTO_LSE91_STU01096,TORONTO_LSE91_0096
TORONTO_LSE91_STU01096,TORONTO_LSE91_0223
TORONTO_LSE91_STU01097,TORONTO_LSE91_0028
TORONTO_LSE91_STU01097,TORONTO_LSE91_0030
TORONTO_LSE91_STU01097,TORONTO_LSE91_0031
TORONTO_LSE91_STU01097,TORONTO_LSE91_0350
TORONTO_LSE91_STU01097,TORONTO_LSE91_0351
TORONTO_LSE91_STU01098,TORONTO_LSE91_0225
TORONTO_LSE91_STU01098,TORONTO_LSE91_0226
TORONTO_LSE91_STU01098,TORONTO_LSE91_0241
TORONTO_LSE91_STU01098,TORONTO_LSE91_0243
TORONTO_LSE91_STU01099,TORONTO_LSE91_0002
TORONTO_LSE91_STU01099,TORONTO_LSE91_0028
TORONTO_LSE91_STU01099,TORONTO_LSE91_0320
TORONTO_LSE91_STU01099,TORONTO_LSE91_0361
TORONTO_LSE91_STU01100,TORONTO_LSE91_0001
TORONTO_LSE91_STU01100,TORONTO_LSE91_0028
TORONTO_LSE91_STU01100,TORONTO_LSE91_0340
TORONTO_LSE91_STU01100,TORONTO_LSE91_0362
TORONTO_LSE91_STU01101,TORONTO_LSE91_0028
TORONTO_LSE91_STU01101,TORONTO_LSE91_0030
TORONTO_LSE91_STU01101,TORONTO_LSE91_0229
TORONTO_LSE91_STU01102,TORONTO_LSE91_0225
TORONTO_LSE91_STU01102,TORONTO_LSE91_0226
TORONTO_LSE91_STU01102,TORONTO_LSE91_0232
TORONTO_LSE91_STU01102,TORONTO_LSE91_0248
TORONTO_LSE91_STU01103,TORONTO_LSE91_0002
TORONTO_LSE91_STU01103,TORONTO_LSE91_0028
TORONTO_LSE91_STU01103,TORONTO_LSE91_0268
TORONTO_LSE91_STU01103,TORONTO_LSE91_0361
TORONTO_LSE91_STU01104,TORONTO_LSE91_0028
TORONTO_LSE91_STU01104,TORONTO_LSE91_0030
TORONTO_LSE91_STU01104,TORONTO_LSE91_0059
TORONTO_LSE91_STU01104,TORONTO_LSE91_0323
TORONTO_LSE91_STU01105,TORONTO_LSE91_0135
TORONTO_LSE91_STU01105,TORONTO_LSE91_0142
TORONTO_LSE91_STU01105,TORONTO_LSE91_0241
TORONTO_LSE91_STU01106,TORONTO_LSE91_0225
TORONTO_LSE91_STU01106,TORONTO_LSE91_0226
TORONTO_LSE91_STU01106,TORONTO_LSE91_0236
TORONTO_LSE91_STU01106,TORONTO_LSE91_0238
TORONTO_LSE91_STU01107,TORONTO_LSE91_0225
TORONTO_LSE91_STU01107,TORONTO_LSE91_0226
TORONTO_LSE91_STU01107,TORONTO_LSE91_0232
TORONTO_LSE91_STU01107,TORONTO_LSE91_0241
TORONTO_LSE91_STU01108,TORONTO_LSE91_0002
TORONTO_LSE91_STU01108,TORONTO_LSE91_0028
TORONTO_LSE91_STU01108,TORONTO_LSE91_0268
TORONTO_LSE91_STU01108,TORONTO_LSE91_0335
TORONTO_LSE91_STU01108,TORONTO_LSE91_0361
TORONTO_LSE91_STU01109,TORONTO_LSE91_0225
TORONTO_LSE91_STU01109,TORONTO_LSE91_0226
TORONTO_LSE91_STU01109,TORONTO_LSE91_0232
TORONTO_LSE91_STU01109,TORONTO_LSE91_0238
TORONTO_LSE91_STU01110,TORONTO_LSE91_0023
TORONTO_LSE91_STU01110,TORONTO_LSE91_0026
TORONTO_LSE91_STU01110,TORONTO_LSE91_0241
TORONTO_LSE91_STU01110,TORONTO_LSE91_0335
TORONTO_LSE91_STU01111,TORONTO_LSE91_0001
TORONTO_LSE91_STU01111,TORONTO_LSE91_0338
TORONTO_LSE91_STU01111,TORONTO_LSE91_0340
TORONTO_LSE91_STU01111,TORONTO_LSE91_0362
TORONTO_LSE91_STU01112,TORONTO_LSE91_0001
TORONTO_LSE91_STU01112,TORONTO_LSE91_0021
TORONTO_LSE91_STU01112,TORONTO_LSE91_0269
TORONTO_LSE91_STU01112,TORONTO_LSE91_0289
TORONTO_LSE91_STU01112,TORONTO_LSE91_0320
TORONTO_LSE91_STU01112,TORONTO_LSE91_0336
TORONTO_LSE91_STU01113,TORONTO_LSE91_0001
TORONTO_LSE91_STU01113,TORONTO_LSE91_0026
TORONTO_LSE91_STU01113,TORONTO_LSE91_0028
TORONTO_LSE91_STU01113,TORONTO_LSE91_0032
TORONTO_LSE91_STU01114,TORONTO_LSE91_0090
TORONTO_LSE91_STU01114,TORONTO_LSE91_0096
TORONTO_LSE91_STU01114,TORONTO_LSE91_0133
TORONTO_LSE91_STU01114,TORONTO_LSE91_0244
TORONTO_LSE91_STU01114,TORONTO_LSE91_0289
TORONTO_LSE91_STU01115,TORONTO_LSE91_0225
TORONTO_LSE91_STU01115,TORONTO_LSE91_0226
TORONTO_LSE91_STU01115,TORONTO_LSE91_0250
TORONTO_LSE91_STU01115,TORONTO_LSE91_0251
TORONTO_LSE91_STU01116,TORONTO_LSE91_0001
TORONTO_LSE91_STU01116,TORONTO_LSE91_0142
TORONTO_LSE91_STU01116,TORONTO_LSE91_0229
TORONTO_LSE91_STU01116,TORONTO_LSE91_0373
TORONTO_LSE91_STU01117,TORONTO_LSE91_0002
TORONTO_LSE91_STU01117,TORONTO_LSE91_0026
TORONTO_LSE91_STU01117,TORONTO_LSE91_0028
TORONTO_LSE91_STU01117,TORONTO_LSE91_0361
TORONTO_LSE91_STU01118,TORONTO_LSE91_0023
TORONTO_LSE91_STU01118,TORONTO_LSE91_0026
TORONTO_LSE91_STU01118,TORONTO_LSE91_0257
TORONTO_LSE91_STU01118,TORONTO_LSE91_0335
TORONTO_LSE91_STU01119,TORONTO_LSE91_0024
TORONTO_LSE91_STU01119,TORONTO_LSE91_0320
TORONTO_LSE91_STU01119,TORONTO_LSE91_0321
TORONTO_LSE91_STU01119,TORONTO_LSE91_0336
TORONTO_LSE91_STU01120,TORONTO_LSE91_0021
TORONTO_LSE91_STU01120,TORONTO_LSE91_0283
TORONTO_LSE91_STU01120,TORONTO_LSE91_0284
TORONTO_LSE91_STU01121,TORONTO_LSE91_0290
TORONTO_LSE91_STU01121,TORONTO_LSE91_0292
TORONTO_LSE91_STU01121,TORONTO_LSE91_0293
TORONTO_LSE91_STU01121,TORONTO_LSE91_0294
TORONTO_LSE91_STU01122,TORONTO_LSE91_0107
TORONTO_LSE91_STU01122,TORONTO_LSE91_0112
TORONTO_LSE91_STU01122,TORONTO_LSE91_0116
TORONTO_LSE91_STU01122,TORONTO_LSE91_0129
TORONTO_LSE91_STU01123,TORONTO_LSE91_0028
TORONTO_LSE91_STU01123,TORONTO_LSE91_0030
TORONTO_LSE91_STU01123,TORONTO_LSE91_0032
TORONTO_LSE91_STU01123,TORONTO_LSE91_0361
TORONTO_LSE91_STU01124,TORONTO_LSE91_0001
TORONTO_LSE91_STU01124,TORONTO_LSE91_0028
TORONTO_LSE91_STU01124,TORONTO_LSE91_0030
TORONTO_LSE91_STU01124,TORONTO_LSE91_0031
TORONTO_LSE91_STU01125,TORONTO_LSE91_0008
TORONTO_LSE91_STU01125,TORONTO_LSE91_0269
TORONTO_LSE91_STU01125,TORONTO_LSE91_0270
TORONTO_LSE91_STU01125,TORONTO_LSE91_0320
TORONTO_LSE91_STU01126,TORONTO_LSE91_0001
TORONTO_LSE91_STU01126,TORONTO_LSE91_0030
TORONTO_LSE91_STU01126,TORONTO_LSE91_0349
TORONTO_LSE91_STU01126,TORONTO_LSE91_0354
TORONTO_LSE91_STU01126,TORONTO_LSE91_0359
TORONTO_LSE91_STU01127,TORONTO_LSE91_0002
TORONTO_LSE91_STU01127,TORONTO_LSE91_0028
TORONTO_LSE91_STU01127,TORONTO_LSE91_0350
TORONTO_LSE91_STU01127,TORONTO_LSE91_0351
TORONTO_LSE91_STU01127,TORONTO_LSE91_0361
TORONTO_LSE91_STU01128,TORONTO_LSE91_0002
TORONTO_LSE91_STU01128,TORONTO_LSE91_0028
TORONTO_LSE91_STU01128,TORONTO_LSE91_0361
TORONTO_LSE91_STU01129,TORONTO_LSE91_0008
TORONTO_LSE91_STU01129,TORONTO_LSE91_0080
TORONTO_LSE91_STU01129,TORONTO_LSE91_0090
TORONTO_LSE91_STU01129,TORONTO_LSE91_0093
TORONTO_LSE91_STU01130,TORONTO_LSE91_0225
TORONTO_LSE91_STU01130,TORONTO_LSE91_0226
TORONTO_LSE91_STU01130,TORONTO_LSE91_0232
TORONTO_LSE91_STU01130,TORONTO_LSE91_0241
TORONTO_LSE91_STU01131,TORONTO_LSE91_0025
TORONTO_LSE91_STU01131,TORONTO_LSE91_0072
TORONTO_LSE91_STU01131,TORONTO_LSE91_0077
TORONTO_LSE91_STU01131,TORONTO_LSE91_0096
TORONTO_LSE91_STU01131,TORONTO_LSE91_0223
TORONTO_LSE91_STU01132,TORONTO_LSE91_0023
TORONTO_LSE91_STU01132,TORONTO_LSE91_0025
TORONTO_LSE91_STU01132,TORONTO_LSE91_0054
TORONTO_LSE91_STU01132,TORONTO_LSE91_0289
TORONTO_LSE91_STU01133,TORONTO_LSE91_0225
TORONTO_LSE91_STU01133,TORONTO_LSE91_0226
TORONTO_LSE91_STU01133,TORONTO_LSE91_0232
TORONTO_LSE91_STU01133,TORONTO_LSE91_0239
TORONTO_LSE91_STU01134,TORONTO_LSE91_0002
TORONTO_LSE91_STU01134,TORONTO_LSE91_0028
TORONTO_LSE91_STU01134,TORONTO_LSE91_0320
TORONTO_LSE91_STU01134,TORONTO_LSE91_0361
TORONTO_LSE91_STU01135,TORONTO_LSE91_0002
TORONTO_LSE91_STU01135,TORONTO_LSE91_0026
TORONTO_LSE91_STU01135,TORONTO_LSE91_0028
TORONTO_LSE91_STU01135,TORONTO_LSE91_0361
TORONTO_LSE91_STU01136,TORONTO_LSE91_0273
TORONTO_LSE91_STU01136,TORONTO_LSE91_0274
TORONTO_LSE91_STU01136,TORONTO_LSE91_0280
TORONTO_LSE91_STU01136,TORONTO_LSE91_0289
TORONTO_LSE91_STU01137,TORONTO_LSE91_0009
TORONTO_LSE91_STU01137,TORONTO_LSE91_0273
TORONTO_LSE91_STU01137,TORONTO_LSE91_0276
TORONTO_LSE91_STU01137,TORONTO_LSE91_0278
TORONTO_LSE91_STU01138,TORONTO_LSE91_0225
TORONTO_LSE91_STU01138,TORONTO_LSE91_0226
TORONTO_LSE91_STU01138,TORONTO_LSE91_0232
TORONTO_LSE91_STU01138,TORONTO_LSE91_0239
TORONTO_LSE91_STU01139,TORONTO_LSE91_0001
TORONTO_LSE91_STU01139,TORONTO_LSE91_0323
TORONTO_LSE91_STU01139,TORONTO_LSE91_0340
TORONTO_LSE91_STU01139,TORONTO_LSE91_0362
TORONTO_LSE91_STU01140,TORONTO_LSE91_0142
TORONTO_LSE91_STU01140,TORONTO_LSE91_0241
TORONTO_LSE91_STU01140,TORONTO_LSE91_0373
TORONTO_LSE91_STU01141,TORONTO_LSE91_0001
TORONTO_LSE91_STU01141,TORONTO_LSE91_0028
TORONTO_LSE91_STU01141,TORONTO_LSE91_0032
TORONTO_LSE91_STU01141,TORONTO_LSE91_0350
TORONTO_LSE91_STU01141,TORONTO_LSE91_0351
TORONTO_LSE91_STU01142,TORONTO_LSE91_0001
TORONTO_LSE91_STU01142,TORONTO_LSE91_0229
TORONTO_LSE91_STU01142,TORONTO_LSE91_0289
TORONTO_LSE91_STU01142,TORONTO_LSE91_0340
TORONTO_LSE91_STU01143,TORONTO_LSE91_0010
TORONTO_LSE91_STU01143,TORONTO_LSE91_0012
TORONTO_LSE91_STU01143,TORONTO_LSE91_0222
TORONTO_LSE91_STU01143,TORONTO_LSE91_0226
TORONTO_LSE91_STU01144,TORONTO_LSE91_0105
TORONTO_LSE91_STU01144,TORONTO_LSE91_0108
TORONTO_LSE91_STU01144,TORONTO_LSE91_0109
TORONTO_LSE91_STU01144,TORONTO_LSE91_0115
TORONTO_LSE91_STU01144,TORONTO_LSE91_0283
TORONTO_LSE91_STU01145,TORONTO_LSE91_0001
TORONTO_LSE91_STU01145,TORONTO_LSE91_0028
TORONTO_LSE91_STU01145,TORONTO_LSE91_0030
TORONTO_LSE91_STU01145,TORONTO_LSE91_0031
TORONTO_LSE91_STU01146,TORONTO_LSE91_0107
TORONTO_LSE91_STU01146,TORONTO_LSE91_0108
TORONTO_LSE91_STU01146,TORONTO_LSE91_0119
TORONTO_LSE91_STU01146,TORONTO_LSE91_0285
TORONTO_LSE91_STU01147,TORONTO_LSE91_0001
TORONTO_LSE91_STU01147,TORONTO_LSE91_0028
TORONTO_LSE91_STU01147,TORONTO_LSE91_0030
TORONTO_LSE91_STU01147,TORONTO_LSE91_0032
TORONTO_LSE91_STU01148,TORONTO_LSE91_0001
TORONTO_LSE91_STU01148,TORONTO_LSE91_0289
TORONTO_LSE91_STU01148,TORONTO_LSE91_0340
TORONTO_LSE91_STU01148,TORONTO_LSE91_0362
TORONTO_LSE91_STU01149,TORONTO_LSE91_0267
TORONTO_LSE91_STU01149,TORONTO_LSE91_0292
TORONTO_LSE91_STU01149,TORONTO_LSE91_0293
TORONTO_LSE91_STU01149,TORONTO_LSE91_0294
TORONTO_LSE91_STU01150,TORONTO_LSE91_0002
TORONTO_LSE91_STU01150,TORONTO_LSE91_0028
TORONTO_LSE91_STU01150,TORONTO_LSE91_0030
TORONTO_LSE91_STU01150,TORONTO_LSE91_0032
TORONTO_LSE91_STU01150,TORONTO_LSE91_0336
TORONTO_LSE91_STU01151,TORONTO_LSE91_0225
TORONTO_LSE91_STU01151,TORONTO_LSE91_0226
TORONTO_LSE91_STU01151,TORONTO_LSE91_0232
TORONTO_LSE91_STU01151,TORONTO_LSE91_0251
TORONTO_LSE91_STU01151,TORONTO_LSE91_0252
TORONTO_LSE91_STU01152,TORONTO_LSE91_0127
TORONTO_LSE91_STU01152,TORONTO_LSE91_0142
TORONTO_LSE91_STU01152,TORONTO_LSE91_0241
TORONTO_LSE91_STU01153,TORONTO_LSE91_0028
TORONTO_LSE91_STU01153,TORONTO_LSE91_0030
TORONTO_LSE91_STU01153,TORONTO_LSE91_0059
TORONTO_LSE91_STU01153,TORONTO_LSE91_0229
TORONTO_LSE91_STU01154,TORONTO_LSE91_0108
TORONTO_LSE91_STU01154,TORONTO_LSE91_0110
TORONTO_LSE91_STU01154,TORONTO_LSE91_0119
TORONTO_LSE91_STU01154,TORONTO_LSE91_0306
TORONTO_LSE91_STU01155,TORONTO_LSE91_0028
TORONTO_LSE91_STU01155,TORONTO_LSE91_0030
TORONTO_LSE91_STU01155,TORONTO_LSE91_0033
TORONTO_LSE91_STU01155,TORONTO_LSE91_0224
TORONTO_LSE91_STU01156,TORONTO_LSE91_0001
TORONTO_LSE91_STU01156,TORONTO_LSE91_0028
TORONTO_LSE91_STU01156,TORONTO_LSE91_0030
TORONTO_LSE91_STU01156,TORONTO_LSE91_0032
TORONTO_LSE91_STU01157,TORONTO_LSE91_0059
TORONTO_LSE91_STU01157,TORONTO_LSE91_0142
TORONTO_LSE91_STU01157,TORONTO_LSE91_0241
TORONTO_LSE91_STU01157,TORONTO_LSE91_0373
TORONTO_LSE91_STU01158,TORONTO_LSE91_0002
TORONTO_LSE91_STU01158,TORONTO_LSE91_0028
TORONTO_LSE91_STU01158,TORONTO_LSE91_0320
TORONTO_LSE91_STU01158,TORONTO_LSE91_0361
TORONTO_LSE91_STU01159,TORONTO_LSE91_0225
TORONTO_LSE91_STU01159,TORONTO_LSE91_0226
TORONTO_LSE91_STU01159,TORONTO_LSE91_0232
TORONTO_LSE91_STU01159,TORONTO_LSE91_0239
TORONTO_LSE91_STU01160,TORONTO_LSE91_0028
TORONTO_LSE91_STU01160,TORONTO_LSE91_0032
TORONTO_LSE91_STU01160,TORONTO_LSE91_0257
TORONTO_LSE91_STU01161,TORONTO_LSE91_0004
TORONTO_LSE91_STU01161,TORONTO_LSE91_0028
TORONTO_LSE91_STU01161,TORONTO_LSE91_0030
TORONTO_LSE91_STU01161,TORONTO_LSE91_0033
TORONTO_LSE91_STU01162,TORONTO_LSE91_0028
TORONTO_LSE91_STU01162,TORONTO_LSE91_0030
TORONTO_LSE91_STU01162,TORONTO_LSE91_0031
TORONTO_LSE91_STU01162,TORONTO_LSE91_0348
TORONTO_LSE91_STU01162,TORONTO_LSE91_0351
TORONTO_LSE91_STU01163,TORONTO_LSE91_0023
TORONTO_LSE91_STU01163,TORONTO_LSE91_0028
TORONTO_LSE91_STU01163,TORONTO_LSE91_0030
TORONTO_LSE91_STU01163,TORONTO_LSE91_0268
TORONTO_LSE91_STU01163,TORONTO_LSE91_0281
TORONTO_LSE91_STU01164,TORONTO_LSE91_0310
TORONTO_LSE91_STU01164,TORONTO_LSE91_0311
TORONTO_LSE91_STU01164,TORONTO_LSE91_0316
TORONTO_LSE91_STU01165,TORONTO_LSE91_0105
TORONTO_LSE91_STU01165,TORONTO_LSE91_0107
TORONTO_LSE91_STU01165,TORONTO_LSE91_0109
TORONTO_LSE91_STU01165,TORONTO_LSE91_0119
TORONTO_LSE91_STU01165,TORONTO_LSE91_0285
TORONTO_LSE91_STU01166,TORONTO_LSE91_0028
TORONTO_LSE91_STU01166,TORONTO_LSE91_0030
TORONTO_LSE91_STU01166,TORONTO_LSE91_0059
TORONTO_LSE91_STU01166,TORONTO_LSE91_0350
TORONTO_LSE91_STU01166,TORONTO_LSE91_0351
TORONTO_LSE91_STU01167,TORONTO_LSE91_0010
TORONTO_LSE91_STU01167,TORONTO_LSE91_0011
TORONTO_LSE91_STU01167,TORONTO_LSE91_0266
TORONTO_LSE91_STU01168,TORONTO_LSE91_0225
TORONTO_LSE91_STU01168,TORONTO_LSE91_0226
TORONTO_LSE91_STU01168,TORONTO_LSE91_0238
TORONTO_LSE91_STU01168,TORONTO_LSE91_0239
TORONTO_LSE91_STU01169,TORONTO_LSE91_0002
TORONTO_LSE91_STU01169,TORONTO_LSE91_0028
TORONTO_LSE91_STU01169,TORONTO_LSE91_0320
TORONTO_LSE91_STU01169,TORONTO_LSE91_0362
TORONTO_LSE91_STU01170,TORONTO_LSE91_0085
TORONTO_LSE91_STU01170,TORONTO_LSE91_0094
TORONTO_LSE91_STU01170,TORONTO_LSE91_0133
TORONTO_LSE91_STU01171,TORONTO_LSE91_0002
TORONTO_LSE91_STU01171,TORONTO_LSE91_0028
TORONTO_LSE91_STU01171,TORONTO_LSE91_0057
TORONTO_LSE91_STU01171,TORONTO_LSE91_0361
TORONTO_LSE91_STU01172,TORONTO_LSE91_0002
TORONTO_LSE91_STU01172,TORONTO_LSE91_0028
TORONTO_LSE91_STU01172,TORONTO_LSE91_0350
TORONTO_LSE91_STU01172,TORONTO_LSE91_0351
TORONTO_LSE91_STU01172,TORONTO_LSE91_0361
TORONTO_LSE91_STU01173,TORONTO_LSE91_0010
TORONTO_LSE91_STU01173,TORONTO_LSE91_0011
TORONTO_LSE91_STU01173,TORONTO_LSE91_0018
TORONTO_LSE91_STU01173,TORONTO_LSE91_0020
TORONTO_LSE91_STU01174,TORONTO_LSE91_0142
TORONTO_LSE91_STU01174,TORONTO_LSE91_0241
TORONTO_LSE91_STU01174,TORONTO_LSE91_0373
TORONTO_LSE91_STU01175,TORONTO_LSE91_0283
TORONTO_LSE91_STU01175,TORONTO_LSE91_0284
TORONTO_LSE91_STU01175,TORONTO_LSE91_0285
TORONTO_LSE91_STU01175,TORONTO_LSE91_0288
TORONTO_LSE91_STU01176,TORONTO_LSE91_0225
TORONTO_LSE91_STU01176,TORONTO_LSE91_0226
TORONTO_LSE91_STU01176,TORONTO_LSE91_0251
TORONTO_LSE91_STU01176,TORONTO_LSE91_0252
TORONTO_LSE91_STU01176,TORONTO_LSE91_0289
TORONTO_LSE91_STU01177,TORONTO_LSE91_0028
TORONTO_LSE91_STU01177,TORONTO_LSE91_0030
TORONTO_LSE91_STU01177,TORONTO_LSE91_0031
TORONTO_LSE91_STU01177,TORONTO_LSE91_0350
TORONTO_LSE91_STU01177,TORONTO_LSE91_0351
TORONTO_LSE91_STU01178,TORONTO_LSE91_0133
TORONTO_LSE91_STU01178,TORONTO_LSE91_0225
TORONTO_LSE91_STU01178,TORONTO_LSE91_0226
TORONTO_LSE91_STU01178,TORONTO_LSE91_0241
TORONTO_LSE91_STU01179,TORONTO_LSE91_0028
TORONTO_LSE91_STU01179,TORONTO_LSE91_0030
TORONTO_LSE91_STU01179,TORONTO_LSE91_0059
TORONTO_LSE91_STU01180,TORONTO_LSE91_0002
TORONTO_LSE91_STU01180,TORONTO_LSE91_0028
TORONTO_LSE91_STU01180,TORONTO_LSE91_0282
TORONTO_LSE91_STU01180,TORONTO_LSE91_0361
TORONTO_LSE91_STU01181,TORONTO_LSE91_0225
TORONTO_LSE91_STU01181,TORONTO_LSE91_0226
TORONTO_LSE91_STU01181,TORONTO_LSE91_0227
TORONTO_LSE91_STU01181,TORONTO_LSE91_0232
TORONTO_LSE91_STU01182,TORONTO_LSE91_0027
TORONTO_LSE91_STU01182,TORONTO_LSE91_0054
TORONTO_LSE91_STU01182,TORONTO_LSE91_0059
TORONTO_LSE91_STU01182,TORONTO_LSE91_0060
TORONTO_LSE91_STU01183,TORONTO_LSE91_0225
TORONTO_LSE91_STU01183,TORONTO_LSE91_0226
TORONTO_LSE91_STU01183,TORONTO_LSE91_0232
TORONTO_LSE91_STU01184,TORONTO_LSE91_0028
TORONTO_LSE91_STU01184,TORONTO_LSE91_0030
TORONTO_LSE91_STU01184,TORONTO_LSE91_0032
TORONTO_LSE91_STU01184,TORONTO_LSE91_0350
TORONTO_LSE91_STU01184,TORONTO_LSE91_0351
TORONTO_LSE91_STU01185,TORONTO_LSE91_0002
TORONTO_LSE91_STU01185,TORONTO_LSE91_0028
TORONTO_LSE91_STU01185,TORONTO_LSE91_0268
TORONTO_LSE91_STU01185,TORONTO_LSE91_0361
TORONTO_LSE91_STU01186,TORONTO_LSE91_0028
TORONTO_LSE91_STU01186,TORONTO_LSE91_0030
TORONTO_LSE91_STU01186,TORONTO_LSE91_0032
TORONTO_LSE91_STU01186,TORONTO_LSE91_0229
TORONTO_LSE91_STU01187,TORONTO_LSE91_0002
TORONTO_LSE91_STU01187,TORONTO_LSE91_0028
TORONTO_LSE91_STU01187,TORONTO_LSE91_0320
TORONTO_LSE91_STU01187,TORONTO_LSE91_0361
TORONTO_LSE91_STU01188,TORONTO_LSE91_0001
TORONTO_LSE91_STU01188,TORONTO_LSE91_0289
TORONTO_LSE91_STU01188,TORONTO_LSE91_0340
TORONTO_LSE91_STU01188,TORONTO_LSE91_0362
TORONTO_LSE91_STU01189,TORONTO_LSE91_0002
TORONTO_LSE91_STU01189,TORONTO_LSE91_0028
TORONTO_LSE91_STU01189,TORONTO_LSE91_0229
TORONTO_LSE91_STU01189,TORONTO_LSE91_0361
TORONTO_LSE91_STU01190,TORONTO_LSE91_0001
TORONTO_LSE91_STU01190,TORONTO_LSE91_0352
TORONTO_LSE91_STU01190,TORONTO_LSE91_0353
TORONTO_LSE91_STU01190,TORONTO_LSE91_0355
TORONTO_LSE91_STU01190,TORONTO_LSE91_0358
TORONTO_LSE91_STU01190,TORONTO_LSE91_0360
TORONTO_LSE91_STU01191,TORONTO_LSE91_0010
TORONTO_LSE91_STU01191,TORONTO_LSE91_0012
TORONTO_LSE91_STU01191,TORONTO_LSE91_0222
TORONTO_LSE91_STU01191,TORONTO_LSE91_0226
TORONTO_LSE91_STU01192,TORONTO_LSE91_0001
TORONTO_LSE91_STU01192,TORONTO_LSE91_0026
TORONTO_LSE91_STU01192,TORONTO_LSE91_0028
TORONTO_LSE91_STU01192,TORONTO_LSE91_0030
TORONTO_LSE91_STU01192,TORONTO_LSE91_0032
TORONTO_LSE91_STU01193,TORONTO_LSE91_0073
TORONTO_LSE91_STU01193,TORONTO_LSE91_0142
TORONTO_LSE91_STU01193,TORONTO_LSE91_0241
TORONTO_LSE91_STU01194,TORONTO_LSE91_0225
TORONTO_LSE91_STU01194,TORONTO_LSE91_0226
TORONTO_LSE91_STU01194,TORONTO_LSE91_0232
TORONTO_LSE91_STU01194,TORONTO_LSE91_0239
TORONTO_LSE91_STU01195,TORONTO_LSE91_0225
TORONTO_LSE91_STU01195,TORONTO_LSE91_0226
TORONTO_LSE91_STU01195,TORONTO_LSE91_0232
TORONTO_LSE91_STU01195,TORONTO_LSE91_0251
TORONTO_LSE91_STU01195,TORONTO_LSE91_0252
TORONTO_LSE91_STU01196,TORONTO_LSE91_0001
TORONTO_LSE91_STU01196,TORONTO_LSE91_0289
TORONTO_LSE91_STU01196,TORONTO_LSE91_0340
TORONTO_LSE91_STU01196,TORONTO_LSE91_0362
TORONTO_LSE91_STU01197,TORONTO_LSE91_0289
TORONTO_LSE91_STU01197,TORONTO_LSE91_0368
TORONTO_LSE91_STU01197,TORONTO_LSE91_0378
TORONTO_LSE91_STU01197,TORONTO_LSE91_0380
TORONTO_LSE91_STU01198,TORONTO_LSE91_0008
TORONTO_LSE91_STU01198,TORONTO_LSE91_0072
TORONTO_LSE91_STU01198,TORONTO_LSE91_0096
TORONTO_LSE91_STU01198,TORONTO_LSE91_0223
TORONTO_LSE91_STU01198,TORONTO_LSE91_0289
TORONTO_LSE91_STU01199,TORONTO_LSE91_0085
TORONTO_LSE91_STU01199,TORONTO_LSE91_0133
TORONTO_LSE91_STU01199,TORONTO_LSE91_0142
TORONTO_LSE91_STU01199,TORONTO_LSE91_0373
TORONTO_LSE91_STU01200,TORONTO_LSE91_0002
TORONTO_LSE91_STU01200,TORONTO_LSE91_0028
TORONTO_LSE91_STU01200,TORONTO_LSE91_0350
TORONTO_LSE91_STU01200,TORONTO_LSE91_0351
TORONTO_LSE91_STU01200,TORONTO_LSE91_0361
TORONTO_LSE91_STU01201,TORONTO_LSE91_0002
TORONTO_LSE91_STU01201,TORONTO_LSE91_0028
TORONTO_LSE91_STU01201,TORONTO_LSE91_0268
TORONTO_LSE91_STU01201,TORONTO_LSE91_0361
TORONTO_LSE91_STU01202,TORONTO_LSE91_0028
TORONTO_LSE91_STU01202,TORONTO_LSE91_0035
TORONTO_LSE91_STU01202,TORONTO_LSE91_0142
TORONTO_LSE91_STU01202,TORONTO_LSE91_0241
TORONTO_LSE91_STU01203,TORONTO_LSE91_0318
TORONTO_LSE91_STU01203,TORONTO_LSE91_0365
TORONTO_LSE91_STU01203,TORONTO_LSE91_0368
TORONTO_LSE91_STU01203,TORONTO_LSE91_0372
TORONTO_LSE91_STU01204,TORONTO_LSE91_0072
TORONTO_LSE91_STU01204,TORONTO_LSE91_0083
TORONTO_LSE91_STU01204,TORONTO_LSE91_0142
TORONTO_LSE91_STU01205,TORONTO_LSE91_0002
TORONTO_LSE91_STU01205,TORONTO_LSE91_0025
TORONTO_LSE91_STU01205,TORONTO_LSE91_0028
TORONTO_LSE91_STU01205,TORONTO_LSE91_0361
TORONTO_LSE91_STU01206,TORONTO_LSE91_0028
TORONTO_LSE91_STU01206,TORONTO_LSE91_0030
TORONTO_LSE91_STU01206,TORONTO_LSE91_0059
TORONTO_LSE91_STU01206,TORONTO_LSE91_0133
TORONTO_LSE91_STU01207,TORONTO_LSE91_0028
TORONTO_LSE91_STU01207,TORONTO_LSE91_0030
TORONTO_LSE91_STU01207,TORONTO_LSE91_0031
TORONTO_LSE91_STU01207,TORONTO_LSE91_0104
TORONTO_LSE91_STU01208,TORONTO_LSE91_0028
TORONTO_LSE91_STU01208,TORONTO_LSE91_0030
TORONTO_LSE91_STU01208,TORONTO_LSE91_0032
TORONTO_LSE91_STU01208,TORONTO_LSE91_0350
TORONTO_LSE91_STU01208,TORONTO_LSE91_0351
TORONTO_LSE91_STU01209,TORONTO_LSE91_0107
TORONTO_LSE91_STU01209,TORONTO_LSE91_0108
TORONTO_LSE91_STU01209,TORONTO_LSE91_0119
TORONTO_LSE91_STU01209,TORONTO_LSE91_0285
TORONTO_LSE91_STU01210,TORONTO_LSE91_0072
TORONTO_LSE91_STU01210,TORONTO_LSE91_0077
TORONTO_LSE91_STU01210,TORONTO_LSE91_0080
TORONTO_LSE91_STU01210,TORONTO_LSE91_0372
TORONTO_LSE91_STU01211,TORONTO_LSE91_0002
TORONTO_LSE91_STU01211,TORONTO_LSE91_0028
TORONTO_LSE91_STU01211,TORONTO_LSE91_0289
TORONTO_LSE91_STU01211,TORONTO_LSE91_0361
TORONTO_LSE91_STU01212,TORONTO_LSE91_0292
TORONTO_LSE91_STU01212,TORONTO_LSE91_0293
TORONTO_LSE91_STU01212,TORONTO_LSE91_0294
TORONTO_LSE91_STU01212,TORONTO_LSE91_0379
TORONTO_LSE91_STU01213,TORONTO_LSE91_0225
TORONTO_LSE91_STU01213,TORONTO_LSE91_0226
TORONTO_LSE91_STU01213,TORONTO_LSE91_0232
TORONTO_LSE91_STU01213,TORONTO_LSE91_0241
TORONTO_LSE91_STU01214,TORONTO_LSE91_0108
TORONTO_LSE91_STU01214,TORONTO_LSE91_0109
TORONTO_LSE91_STU01214,TORONTO_LSE91_0112
TORONTO_LSE91_STU01214,TORONTO_LSE91_0244
TORONTO_LSE91_STU01215,TORONTO_LSE91_0225
TORONTO_LSE91_STU01215,TORONTO_LSE91_0226
TORONTO_LSE91_STU01215,TORONTO_LSE91_0232
TORONTO_LSE91_STU01215,TORONTO_LSE91_0241
TORONTO_LSE91_STU01216,TORONTO_LSE91_0105
TORONTO_LSE91_STU01216,TORONTO_LSE91_0108
TORONTO_LSE91_STU01216,TORONTO_LSE91_0109
TORONTO_LSE91_STU01216,TORONTO_LSE91_0119
TORONTO_LSE91_STU01216,TORONTO_LSE91_0285
TORONTO_LSE91_STU01217,TORONTO_LSE91_0010
TORONTO_LSE91_STU01217,TORONTO_LSE91_0012
TORONTO_LSE91_STU01217,TORONTO_LSE91_0222
TORONTO_LSE91_STU01217,TORONTO_LSE91_0226
TORONTO_LSE91_STU01218,TORONTO_LSE91_0002
TORONTO_LSE91_STU01218,TORONTO_LSE91_0028
TORONTO_LSE91_STU01218,TORONTO_LSE91_0350
TORONTO_LSE91_STU01218,TORONTO_LSE91_0351
TORONTO_LSE91_STU01218,TORONTO_LSE91_0361
TORONTO_LSE91_STU01219,TORONTO_LSE91_0107
TORONTO_LSE91_STU01219,TORONTO_LSE91_0110
TORONTO_LSE91_STU01219,TORONTO_LSE91_0112
TORONTO_LSE91_STU01219,TORONTO_LSE91_0126
TORONTO_LSE91_STU01220,TORONTO_LSE91_0002
TORONTO_LSE91_STU01220,TORONTO_LSE91_0028
TORONTO_LSE91_STU01220,TORONTO_LSE91_0268
TORONTO_LSE91_STU01220,TORONTO_LSE91_0361
TORONTO_LSE91_STU01221,TORONTO_LSE91_0028
TORONTO_LSE91_STU01221,TORONTO_LSE91_0030
TORONTO_LSE91_STU01221,TORONTO_LSE91_0059
TORONTO_LSE91_STU01221,TORONTO_LSE91_0350
TORONTO_LSE91_STU01221,TORONTO_LSE91_0351
TORONTO_LSE91_STU01222,TORONTO_LSE91_0010
TORONTO_LSE91_STU01222,TORONTO_LSE91_0012
TORONTO_LSE91_STU01222,TORONTO_LSE91_0222
TORONTO_LSE91_STU01222,TORONTO_LSE91_0226
TORONTO_LSE91_STU01223,TORONTO_LSE91_0010
TORONTO_LSE91_STU01223,TORONTO_LSE91_0011
TORONTO_LSE91_STU01223,TORONTO_LSE91_0019
TORONTO_LSE91_STU01223,TORONTO_LSE91_0020
TORONTO_LSE91_STU01224,TORONTO_LSE91_0292
TORONTO_LSE91_STU01224,TORONTO_LSE91_0293
TORONTO_LSE91_STU01224,TORONTO_LSE91_0294
TORONTO_LSE91_STU01224,TORONTO_LSE91_0374
TORONTO_LSE91_STU01225,TORONTO_LSE91_0025
TORONTO_LSE91_STU01225,TORONTO_LSE91_0028
TORONTO_LSE91_STU01225,TORONTO_LSE91_0030
TORONTO_LSE91_STU01225,TORONTO_LSE91_0059
TORONTO_LSE91_STU01225,TORONTO_LSE91_0229
TORONTO_LSE91_STU01226,TORONTO_LSE91_0225
TORONTO_LSE91_STU01226,TORONTO_LSE91_0226
TORONTO_LSE91_STU01226,TORONTO_LSE91_0232
TORONTO_LSE91_STU01226,TORONTO_LSE91_0239
TORONTO_LSE91_STU01227,TORONTO_LSE91_0028
TORONTO_LSE91_STU01227,TORONTO_LSE91_0326
TORONTO_LSE91_STU01227,TORONTO_LSE91_0328
TORONTO_LSE91_STU01227,TORONTO_LSE91_0329
TORONTO_LSE91_STU01227,TORONTO_LSE91_0348
TORONTO_LSE91_STU01227,TORONTO_LSE91_0351
TORONTO_LSE91_STU01228,TORONTO_LSE91_0021
TORONTO_LSE91_STU01228,TORONTO_LSE91_0080
TORONTO_LSE91_STU01228,TORONTO_LSE91_0085
TORONTO_LSE91_STU01228,TORONTO_LSE91_0094
TORONTO_LSE91_STU01229,TORONTO_LSE91_0002
TORONTO_LSE91_STU01229,TORONTO_LSE91_0028
TORONTO_LSE91_STU01229,TORONTO_LSE91_0269
TORONTO_LSE91_STU01229,TORONTO_LSE91_0361
TORONTO_LSE91_STU01230,TORONTO_LSE91_0268
TORONTO_LSE91_STU01230,TORONTO_LSE91_0271
TORONTO_LSE91_STU01230,TORONTO_LSE91_0276
TORONTO_LSE91_STU01230,TORONTO_LSE91_0278
TORONTO_LSE91_STU01230,TORONTO_LSE91_0293
TORONTO_LSE91_STU01231,TORONTO_LSE91_0002
TORONTO_LSE91_STU01231,TORONTO_LSE91_0026
TORONTO_LSE91_STU01231,TORONTO_LSE91_0028
TORONTO_LSE91_STU01231,TORONTO_LSE91_0361
TORONTO_LSE91_STU01232,TORONTO_LSE91_0023
TORONTO_LSE91_STU01232,TORONTO_LSE91_0133
TORONTO_LSE91_STU01232,TORONTO_LSE91_0198
TORONTO_LSE91_STU01232,TORONTO_LSE91_0335
TORONTO_LSE91_STU01233,TORONTO_LSE91_0025
TORONTO_LSE91_STU01233,TORONTO_LSE91_0028
TORONTO_LSE91_STU01233,TORONTO_LSE91_0030
TORONTO_LSE91_STU01233,TORONTO_LSE91_0032
TORONTO_LSE91_STU01234,TORONTO_LSE91_0028
TORONTO_LSE91_STU01234,TORONTO_LSE91_0030
TORONTO_LSE91_STU01234,TORONTO_LSE91_0035
TORONTO_LSE91_STU01234,TORONTO_LSE91_0229
TORONTO_LSE91_STU01235,TORONTO_LSE91_0072
TORONTO_LSE91_STU01235,TORONTO_LSE91_0077
TORONTO_LSE91_STU01235,TORONTO_LSE91_0080
TORONTO_LSE91_STU01235,TORONTO_LSE91_0085
TORONTO_LSE91_STU01236,TORONTO_LSE91_0225
TORONTO_LSE91_STU01236,TORONTO_LSE91_0226
TORONTO_LSE91_STU01236,TORONTO_LSE91_0232
TORONTO_LSE91_STU01236,TORONTO_LSE91_0243
TORONTO_LSE91_STU01237,TORONTO_LSE91_0001
TORONTO_LSE91_STU01237,TORONTO_LSE91_0028
TORONTO_LSE91_STU01237,TORONTO_LSE91_0030
TORONTO_LSE91_STU01237,TORONTO_LSE91_0032
TORONTO_LSE91_STU01238,TORONTO_LSE91_0001
TORONTO_LSE91_STU01238,TORONTO_LSE91_0191
TORONTO_LSE91_STU01238,TORONTO_LSE91_0340
TORONTO_LSE91_STU01238,TORONTO_LSE91_0362
TORONTO_LSE91_STU01239,TORONTO_LSE91_0225
TORONTO_LSE91_STU01239,TORONTO_LSE91_0226
TORONTO_LSE91_STU01239,TORONTO_LSE91_0232
TORONTO_LSE91_STU01239,TORONTO_LSE91_0239
TORONTO_LSE91_STU01240,TORONTO_LSE91_0002
TORONTO_LSE91_STU01240,TORONTO_LSE91_0028
TORONTO_LSE91_STU01240,TORONTO_LSE91_0361
TORONTO_LSE91_STU01240,TORONTO_LSE91_0366
TORONTO_LSE91_STU01241,TORONTO_LSE91_0001
TORONTO_LSE91_STU01241,TORONTO_LSE91_0229
TORONTO_LSE91_STU01241,TORONTO_LSE91_0289
TORONTO_LSE91_STU01241,TORONTO_LSE91_0340
TORONTO_LSE91_STU01242,TORONTO_LSE91_0028
TORONTO_LSE91_STU01242,TORONTO_LSE91_0030
TORONTO_LSE91_STU01242,TORONTO_LSE91_0031
TORONTO_LSE91_STU01242,TORONTO_LSE91_0270
TORONTO_LSE91_STU01243,TORONTO_LSE91_0086
TORONTO_LSE91_STU01243,TORONTO_LSE91_0142
TORONTO_LSE91_STU01243,TORONTO_LSE91_0241
TORONTO_LSE91_STU01243,TORONTO_LSE91_0373
TORONTO_LSE91_STU01244,TORONTO_LSE91_0225
TORONTO_LSE91_STU01244,TORONTO_LSE91_0226
TORONTO_LSE91_STU01244,TORONTO_LSE91_0232
TORONTO_LSE91_STU01244,TORONTO_LSE91_0239
TORONTO_LSE91_STU01245,TORONTO_LSE91_0112
TORONTO_LSE91_STU01245,TORONTO_LSE91_0116
TORONTO_LSE91_STU01245,TORONTO_LSE91_0129
TORONTO_LSE91_STU01245,TORONTO_LSE91_0198
TORONTO_LSE91_STU01245,TORONTO_LSE91_0289
TORONTO_LSE91_STU01246,TORONTO_LSE91_0059
TORONTO_LSE91_STU01246,TORONTO_LSE91_0142
TORONTO_LSE91_STU01246,TORONTO_LSE91_0241
TORONTO_LSE91_STU01247,TORONTO_LSE91_0142
TORONTO_LSE91_STU01247,TORONTO_LSE91_0241
TORONTO_LSE91_STU01247,TORONTO_LSE91_0373
TORONTO_LSE91_STU01248,TORONTO_LSE91_0320
TORONTO_LSE91_STU01248,TORONTO_LSE91_0336
TORONTO_LSE91_STU01249,TORONTO_LSE91_0001
TORONTO_LSE91_STU01249,TORONTO_LSE91_0365
TORONTO_LSE91_STU01249,TORONTO_LSE91_0368
TORONTO_LSE91_STU01250,TORONTO_LSE91_0225
TORONTO_LSE91_STU01250,TORONTO_LSE91_0226
TORONTO_LSE91_STU01250,TORONTO_LSE91_0232
TORONTO_LSE91_STU01250,TORONTO_LSE91_0241
TORONTO_LSE91_STU01251,TORONTO_LSE91_0004
TORONTO_LSE91_STU01251,TORONTO_LSE91_0028
TORONTO_LSE91_STU01251,TORONTO_LSE91_0030
TORONTO_LSE91_STU01251,TORONTO_LSE91_0032
TORONTO_LSE91_STU01252,TORONTO_LSE91_0001
TORONTO_LSE91_STU01252,TORONTO_LSE91_0028
TORONTO_LSE91_STU01252,TORONTO_LSE91_0030
TORONTO_LSE91_STU01252,TORONTO_LSE91_0032
TORONTO_LSE91_STU01253,TORONTO_LSE91_0028
TORONTO_LSE91_STU01253,TORONTO_LSE91_0030
TORONTO_LSE91_STU01253,TORONTO_LSE91_0032
TORONTO_LSE91_STU01253,TORONTO_LSE91_0063
TORONTO_LSE91_STU01254,TORONTO_LSE91_0002
TORONTO_LSE91_STU01254,TORONTO_LSE91_0028
TORONTO_LSE91_STU01254,TORONTO_LSE91_0289
TORONTO_LSE91_STU01254,TORONTO_LSE91_0361
TORONTO_LSE91_STU01255,TORONTO_LSE91_0310
TORONTO_LSE91_STU01255,TORONTO_LSE91_0311
TORONTO_LSE91_STU01255,TORONTO_LSE91_0312
TORONTO_LSE91_STU01255,TORONTO_LSE91_0337
TORONTO_LSE91_STU01256,TORONTO_LSE91_0292
TORONTO_LSE91_STU01256,TORONTO_LSE91_0293
TORONTO_LSE91_STU01256,TORONTO_LSE91_0294
TORONTO_LSE91_STU01256,TORONTO_LSE91_0318
TORONTO_LSE91_STU01257,TORONTO_LSE91_0021
TORONTO_LSE91_STU01257,TORONTO_LSE91_0289
TORONTO_LSE91_STU01257,TORONTO_LSE91_0337
TORONTO_LSE91_STU01257,TORONTO_LSE91_0366
TORONTO_LSE91_STU01258,TORONTO_LSE91_0002
TORONTO_LSE91_STU01258,TORONTO_LSE91_0028
TORONTO_LSE91_STU01258,TORONTO_LSE91_0350
TORONTO_LSE91_STU01258,TORONTO_LSE91_0351
TORONTO_LSE91_STU01258,TORONTO_LSE91_0362
TORONTO_LSE91_STU01259,TORONTO_LSE91_0002
TORONTO_LSE91_STU01259,TORONTO_LSE91_0028
TORONTO_LSE91_STU01259,TORONTO_LSE91_0268
TORONTO_LSE91_STU01259,TORONTO_LSE91_0361
TORONTO_LSE91_STU01260,TORONTO_LSE91_0028
TORONTO_LSE91_STU01260,TORONTO_LSE91_0030
TORONTO_LSE91_STU01260,TORONTO_LSE91_0031
TORONTO_LSE91_STU01260,TORONTO_LSE91_0335
TORONTO_LSE91_STU01260,TORONTO_LSE91_0350
TORONTO_LSE91_STU01260,TORONTO_LSE91_0351
TORONTO_LSE91_STU01261,TORONTO_LSE91_0008
TORONTO_LSE91_STU01261,TORONTO_LSE91_0028
TORONTO_LSE91_STU01261,TORONTO_LSE91_0030
TORONTO_LSE91_STU01261,TORONTO_LSE91_0059
TORONTO_LSE91_STU01262,TORONTO_LSE91_0002
TORONTO_LSE91_STU01262,TORONTO_LSE91_0028
TORONTO_LSE91_STU01262,TORONTO_LSE91_0119
TORONTO_LSE91_STU01262,TORONTO_LSE91_0361
TORONTO_LSE91_STU01263,TORONTO_LSE91_0323
TORONTO_LSE91_STU01263,TORONTO_LSE91_0339
TORONTO_LSE91_STU01263,TORONTO_LSE91_0346
TORONTO_LSE91_STU01263,TORONTO_LSE91_0348
TORONTO_LSE91_STU01263,TORONTO_LSE91_0351
TORONTO_LSE91_STU01264,TORONTO_LSE91_0001
TORONTO_LSE91_STU01264,TORONTO_LSE91_0340
TORONTO_LSE91_STU01264,TORONTO_LSE91_0352
TORONTO_LSE91_STU01264,TORONTO_LSE91_0362
TORONTO_LSE91_STU01265,TORONTO_LSE91_0002
TORONTO_LSE91_STU01265,TORONTO_LSE91_0028
TORONTO_LSE91_STU01265,TORONTO_LSE91_0348
TORONTO_LSE91_STU01265,TORONTO_LSE91_0350
TORONTO_LSE91_STU01266,TORONTO_LSE91_0001
TORONTO_LSE91_STU01266,TORONTO_LSE91_0289
TORONTO_LSE91_STU01266,TORONTO_LSE91_0336
TORONTO_LSE91_STU01266,TORONTO_LSE91_0340
TORONTO_LSE91_STU01266,TORONTO_LSE91_0362
TORONTO_LSE91_STU01267,TORONTO_LSE91_0142
TORONTO_LSE91_STU01267,TORONTO_LSE91_0241
TORONTO_LSE91_STU01267,TORONTO_LSE91_0259
TORONTO_LSE91_STU01268,TORONTO_LSE91_0080
TORONTO_LSE91_STU01268,TORONTO_LSE91_0092
TORONTO_LSE91_STU01268,TORONTO_LSE91_0133
TORONTO_LSE91_STU01268,TORONTO_LSE91_0138
TORONTO_LSE91_STU01269,TORONTO_LSE91_0028
TORONTO_LSE91_STU01269,TORONTO_LSE91_0030
TORONTO_LSE91_STU01269,TORONTO_LSE91_0031
TORONTO_LSE91_STU01269,TORONTO_LSE91_0289
TORONTO_LSE91_STU01270,TORONTO_LSE91_0001
TORONTO_LSE91_STU01270,TORONTO_LSE91_0326
TORONTO_LSE91_STU01270,TORONTO_LSE91_0328
TORONTO_LSE91_STU01270,TORONTO_LSE91_0329
TORONTO_LSE91_STU01270,TORONTO_LSE91_0362
TORONTO_LSE91_STU01271,TORONTO_LSE91_0001
TORONTO_LSE91_STU01271,TORONTO_LSE91_0021
TORONTO_LSE91_STU01271,TORONTO_LSE91_0028
TORONTO_LSE91_STU01271,TORONTO_LSE91_0030
TORONTO_LSE91_STU01271,TORONTO_LSE91_0033
TORONTO_LSE91_STU01272,TORONTO_LSE91_0086
TORONTO_LSE91_STU01272,TORONTO_LSE91_0365
TORONTO_LSE91_STU01272,TORONTO_LSE91_0368
TORONTO_LSE91_STU01272,TORONTO_LSE91_0375
TORONTO_LSE91_STU01273,TORONTO_LSE91_0310
TORONTO_LSE91_STU01273,TORONTO_LSE91_0311
TORONTO_LSE91_STU01273,TORONTO_LSE91_0312
TORONTO_LSE91_STU01273,TORONTO_LSE91_0317
TORONTO_LSE91_STU01274,TORONTO_LSE91_0001
TORONTO_LSE91_STU01274,TORONTO_LSE91_0289
TORONTO_LSE91_STU01274,TORONTO_LSE91_0340
TORONTO_LSE91_STU01274,TORONTO_LSE91_0362
TORONTO_LSE91_STU01275,TORONTO_LSE91_0190
TORONTO_LSE91_STU01275,TORONTO_LSE91_0192
TORONTO_LSE91_STU01275,TORONTO_LSE91_0230
TORONTO_LSE91_STU01275,TORONTO_LSE91_0372
TORONTO_LSE91_STU01276,TORONTO_LSE91_0107
TORONTO_LSE91_STU01276,TORONTO_LSE91_0118
TORONTO_LSE91_STU01276,TORONTO_LSE91_0119
TORONTO_LSE91_STU01276,TORONTO_LSE91_0289
TORONTO_LSE91_STU01277,TORONTO_LSE91_0001
TORONTO_LSE91_STU01277,TORONTO_LSE91_0336
TORONTO_LSE91_STU01277,TORONTO_LSE91_0351
TORONTO_LSE91_STU01277,TORONTO_LSE91_0354
TORONTO_LSE91_STU01277,TORONTO_LSE91_0356
TORONTO_LSE91_STU01277,TORONTO_LSE91_0359
TORONTO_LSE91_STU01277,TORONTO_LSE91_0362
TORONTO_LSE91_STU01278,TORONTO_LSE91_0001
TORONTO_LSE91_STU01278,TORONTO_LSE91_0028
TORONTO_LSE91_STU01278,TORONTO_LSE91_0030
TORONTO_LSE91_STU01278,TORONTO_LSE91_0032
TORONTO_LSE91_STU01279,TORONTO_LSE91_0190
TORONTO_LSE91_STU01279,TORONTO_LSE91_0365
TORONTO_LSE91_STU01279,TORONTO_LSE91_0368
TORONTO_LSE91_STU01279,TORONTO_LSE91_0372
TORONTO_LSE91_STU01280,TORONTO_LSE91_0323
TORONTO_LSE91_STU01280,TORONTO_LSE91_0339
TORONTO_LSE91_STU01280,TORONTO_LSE91_0346
TORONTO_LSE91_STU01280,TORONTO_LSE91_0348
TORONTO_LSE91_STU01280,TORONTO_LSE91_0351
TORONTO_LSE91_STU01281,TORONTO_LSE91_0028
TORONTO_LSE91_STU01281,TORONTO_LSE91_0030
TORONTO_LSE91_STU01281,TORONTO_LSE91_0032
TORONTO_LSE91_STU01281,TORONTO_LSE91_0055
TORONTO_LSE91_STU01282,TORONTO_LSE91_0072
TORONTO_LSE91_STU01282,TORONTO_LSE91_0139
TORONTO_LSE91_STU01282,TORONTO_LSE91_0155
TORONTO_LSE91_STU01282,TORONTO_LSE91_0187
TORONTO_LSE91_STU01283,TORONTO_LSE91_0028
TORONTO_LSE91_STU01283,TORONTO_LSE91_0030
TORONTO_LSE91_STU01283,TORONTO_LSE91_0031
TORONTO_LSE91_STU01283,TORONTO_LSE91_0108
TORONTO_LSE91_STU01284,TORONTO_LSE91_0142
TORONTO_LSE91_STU01284,TORONTO_LSE91_0241
TORONTO_LSE91_STU01284,TORONTO_LSE91_0285
TORONTO_LSE91_STU01285,TORONTO_LSE91_0002
TORONTO_LSE91_STU01285,TORONTO_LSE91_0028
TORONTO_LSE91_STU01285,TORONTO_LSE91_0320
TORONTO_LSE91_STU01285,TORONTO_LSE91_0361
TORONTO_LSE91_STU01286,TORONTO_LSE91_0001
TORONTO_LSE91_STU01286,TORONTO_LSE91_0041
TORONTO_LSE91_STU01286,TORONTO_LSE91_0042
TORONTO_LSE91_STU01286,TORONTO_LSE91_0049
TORONTO_LSE91_STU01287,TORONTO_LSE91_0072
TORONTO_LSE91_STU01287,TORONTO_LSE91_0080
TORONTO_LSE91_STU01287,TORONTO_LSE91_0222
TORONTO_LSE91_STU01287,TORONTO_LSE91_0226
TORONTO_LSE91_STU01287,TORONTO_LSE91_0335
TORONTO_LSE91_STU01288,TORONTO_LSE91_0021
TORONTO_LSE91_STU01288,TORONTO_LSE91_0109
TORONTO_LSE91_STU01288,TORONTO_LSE91_0115
TORONTO_LSE91_STU01288,TORONTO_LSE91_0124
TORONTO_LSE91_STU01289,TORONTO_LSE91_0024
TORONTO_LSE91_STU01289,TORONTO_LSE91_0289
TORONTO_LSE91_STU01289,TORONTO_LSE91_0321
TORONTO_LSE91_STU01289,TORONTO_LSE91_0336
TORONTO_LSE91_STU01290,TORONTO_LSE91_0029
TORONTO_LSE91_STU01290,TORONTO_LSE91_0046
TORONTO_LSE91_STU01290,TORONTO_LSE91_0323
TORONTO_LSE91_STU01290,TORONTO_LSE91_0339
TORONTO_LSE91_STU01291,TORONTO_LSE91_0025
TORONTO_LSE91_STU01291,TORONTO_LSE91_0028
TORONTO_LSE91_STU01291,TORONTO_LSE91_0030
TORONTO_LSE91_STU01291,TORONTO_LSE91_0031
TORONTO_LSE91_STU01292,TORONTO_LSE91_0059
TORONTO_LSE91_STU01292,TORONTO_LSE91_0142
TORONTO_LSE91_STU01292,TORONTO_LSE91_0241
TORONTO_LSE91_STU01293,TORONTO_LSE91_0010
TORONTO_LSE91_STU01293,TORONTO_LSE91_0012
TORONTO_LSE91_STU01293,TORONTO_LSE91_0222
TORONTO_LSE91_STU01293,TORONTO_LSE91_0226
TORONTO_LSE91_STU01294,TORONTO_LSE91_0029
TORONTO_LSE91_STU01294,TORONTO_LSE91_0046
TORONTO_LSE91_STU01294,TORONTO_LSE91_0323
TORONTO_LSE91_STU01294,TORONTO_LSE91_0339
TORONTO_LSE91_STU01295,TORONTO_LSE91_0001
TORONTO_LSE91_STU01295,TORONTO_LSE91_0229
TORONTO_LSE91_STU01295,TORONTO_LSE91_0289
TORONTO_LSE91_STU01295,TORONTO_LSE91_0340
TORONTO_LSE91_STU01296,TORONTO_LSE91_0002
TORONTO_LSE91_STU01296,TORONTO_LSE91_0028
TORONTO_LSE91_STU01296,TORONTO_LSE91_0320
TORONTO_LSE91_STU01296,TORONTO_LSE91_0361
TORONTO_LSE91_STU01297,TORONTO_LSE91_0028
TORONTO_LSE91_STU01297,TORONTO_LSE91_0030
TORONTO_LSE91_STU01297,TORONTO_LSE91_0031
TORONTO_LSE91_STU01297,TORONTO_LSE91_0289
TORONTO_LSE91_STU01298,TORONTO_LSE91_0002
TORONTO_LSE91_STU01298,TORONTO_LSE91_0028
TORONTO_LSE91_STU01298,TORONTO_LSE91_0075
TORONTO_LSE91_STU01298,TORONTO_LSE91_0362
TORONTO_LSE91_STU01299,TORONTO_LSE91_0289
TORONTO_LSE91_STU01299,TORONTO_LSE91_0290
TORONTO_LSE91_STU01299,TORONTO_LSE91_0291
TORONTO_LSE91_STU01299,TORONTO_LSE91_0350
TORONTO_LSE91_STU01299,TORONTO_LSE91_0351
TORONTO_LSE91_STU01300,TORONTO_LSE91_0002
TORONTO_LSE91_STU01300,TORONTO_LSE91_0028
TORONTO_LSE91_STU01300,TORONTO_LSE91_0320
TORONTO_LSE91_STU01300,TORONTO_LSE91_0361
TORONTO_LSE91_STU01301,TORONTO_LSE91_0002
TORONTO_LSE91_STU01301,TORONTO_LSE91_0028
TORONTO_LSE91_STU01301,TORONTO_LSE91_0320
TORONTO_LSE91_STU01301,TORONTO_LSE91_0362
TORONTO_LSE91_STU01302,TORONTO_LSE91_0321
TORONTO_LSE91_STU01302,TORONTO_LSE91_0323
TORONTO_LSE91_STU01302,TORONTO_LSE91_0339
TORONTO_LSE91_STU01302,TORONTO_LSE91_0346
TORONTO_LSE91_STU01303,TORONTO_LSE91_0021
TORONTO_LSE91_STU01303,TORONTO_LSE91_0107
TORONTO_LSE91_STU01303,TORONTO_LSE91_0109
TORONTO_LSE91_STU01303,TORONTO_LSE91_0117
TORONTO_LSE91_STU01304,TORONTO_LSE91_0075
TORONTO_LSE91_STU01304,TORONTO_LSE91_0094
TORONTO_LSE91_STU01304,TORONTO_LSE91_0136
TORONTO_LSE91_STU01304,TORONTO_LSE91_0139
TORONTO_LSE91_STU01305,TORONTO_LSE91_0290
TORONTO_LSE91_STU01305,TORONTO_LSE91_0292
TORONTO_LSE91_STU01305,TORONTO_LSE91_0293
TORONTO_LSE91_STU01305,TORONTO_LSE91_0294
TORONTO_LSE91_STU01306,TORONTO_LSE91_0010
TORONTO_LSE91_STU01306,TORONTO_LSE91_0012
TORONTO_LSE91_STU01306,TORONTO_LSE91_0221
TORONTO_LSE91_STU01306,TORONTO_LSE91_0222
TORONTO_LSE91_STU01306,TORONTO_LSE91_0226
TORONTO_LSE91_STU01307,TORONTO_LSE91_0028
TORONTO_LSE91_STU01307,TORONTO_LSE91_0030
TORONTO_LSE91_STU01307,TORONTO_LSE91_0031
TORONTO_LSE91_STU01307,TORONTO_LSE91_0229
TORONTO_LSE91_STU01308,TORONTO_LSE91_0028
TORONTO_LSE91_STU01308,TORONTO_LSE91_0030
TORONTO_LSE91_STU01308,TORONTO_LSE91_0031
TORONTO_LSE91_STU01308,TORONTO_LSE91_0230
TORONTO_LSE91_STU01309,TORONTO_LSE91_0029
TORONTO_LSE91_STU01309,TORONTO_LSE91_0030
TORONTO_LSE91_STU01309,TORONTO_LSE91_0031
TORONTO_LSE91_STU01309,TORONTO_LSE91_0059
TORONTO_LSE91_STU01310,TORONTO_LSE91_0072
TORONTO_LSE91_STU01310,TORONTO_LSE91_0077
TORONTO_LSE91_STU01310,TORONTO_LSE91_0318
TORONTO_LSE91_STU01311,TORONTO_LSE91_0001
TORONTO_LSE91_STU01311,TORONTO_LSE91_0028
TORONTO_LSE91_STU01311,TORONTO_LSE91_0030
TORONTO_LSE91_STU01311,TORONTO_LSE91_0032
TORONTO_LSE91_STU01312,TORONTO_LSE91_0001
TORONTO_LSE91_STU01312,TORONTO_LSE91_0021
TORONTO_LSE91_STU01312,TORONTO_LSE91_0054
TORONTO_LSE91_STU01312,TORONTO_LSE91_0071
TORONTO_LSE91_STU01313,TORONTO_LSE91_0001
TORONTO_LSE91_STU01313,TORONTO_LSE91_0229
TORONTO_LSE91_STU01313,TORONTO_LSE91_0289
TORONTO_LSE91_STU01313,TORONTO_LSE91_0362
TORONTO_LSE91_STU01314,TORONTO_LSE91_0221
TORONTO_LSE91_STU01314,TORONTO_LSE91_0223
TORONTO_LSE91_STU01315,TORONTO_LSE91_0268
TORONTO_LSE91_STU01315,TORONTO_LSE91_0273
TORONTO_LSE91_STU01315,TORONTO_LSE91_0276
TORONTO_LSE91_STU01315,TORONTO_LSE91_0278
TORONTO_LSE91_STU01315,TORONTO_LSE91_0279
TORONTO_LSE91_STU01316,TORONTO_LSE91_0292
TORONTO_LSE91_STU01316,TORONTO_LSE91_0293
TORONTO_LSE91_STU01316,TORONTO_LSE91_0294
TORONTO_LSE91_STU01316,TORONTO_LSE91_0379
TORONTO_LSE91_STU01317,TORONTO_LSE91_0010
TORONTO_LSE91_STU01317,TORONTO_LSE91_0011
TORONTO_LSE91_STU01317,TORONTO_LSE91_0018
TORONTO_LSE91_STU01317,TORONTO_LSE91_0019
TORONTO_LSE91_STU01318,TORONTO_LSE91_0225
TORONTO_LSE91_STU01318,TORONTO_LSE91_0226
TORONTO_LSE91_STU01318,TORONTO_LSE91_0232
TORONTO_LSE91_STU01318,TORONTO_LSE91_0243
TORONTO_LSE91_STU01319,TORONTO_LSE91_0024
TORONTO_LSE91_STU01319,TORONTO_LSE91_0029
TORONTO_LSE91_STU01319,TORONTO_LSE91_0032
TORONTO_LSE91_STU01319,TORONTO_LSE91_0328
TORONTO_LSE91_STU01319,TORONTO_LSE91_0329
TORONTO_LSE91_STU01319,TORONTO_LSE91_0330
TORONTO_LSE91_STU01319,TORONTO_LSE91_0332
TORONTO_LSE91_STU01320,TORONTO_LSE91_0001
TORONTO_LSE91_STU01320,TORONTO_LSE91_0023
TORONTO_LSE91_STU01320,TORONTO_LSE91_0320
TORONTO_LSE91_STU01320,TORONTO_LSE91_0336
TORONTO_LSE91_STU01321,TORONTO_LSE91_0004
TORONTO_LSE91_STU01321,TORONTO_LSE91_0028
TORONTO_LSE91_STU01321,TORONTO_LSE91_0030
TORONTO_LSE91_STU01321,TORONTO_LSE91_0031
TORONTO_LSE91_STU01322,TORONTO_LSE91_0028
TORONTO_LSE91_STU01322,TORONTO_LSE91_0030
TORONTO_LSE91_STU01322,TORONTO_LSE91_0059
TORONTO_LSE91_STU01322,TORONTO_LSE91_0229
TORONTO_LSE91_STU01323,TORONTO_LSE91_0001
TORONTO_LSE91_STU01323,TORONTO_LSE91_0028
TORONTO_LSE91_STU01323,TORONTO_LSE91_0030
TORONTO_LSE91_STU01323,TORONTO_LSE91_0032
TORONTO_LSE91_STU01324,TORONTO_LSE91_0008
TORONTO_LSE91_STU01324,TORONTO_LSE91_0028
TORONTO_LSE91_STU01324,TORONTO_LSE91_0030
TORONTO_LSE91_STU01324,TORONTO_LSE91_0059
TORONTO_LSE91_STU01325,TORONTO_LSE91_0292
TORONTO_LSE91_STU01325,TORONTO_LSE91_0293
TORONTO_LSE91_STU01325,TORONTO_LSE91_0294
TORONTO_LSE91_STU01325,TORONTO_LSE91_0379
TORONTO_LSE91_STU01326,TORONTO_LSE91_0109
TORONTO_LSE91_STU01326,TORONTO_LSE91_0116
TORONTO_LSE91_STU01326,TORONTO_LSE91_0119
TORONTO_LSE91_STU01327,TORONTO_LSE91_0001
TORONTO_LSE91_STU01327,TORONTO_LSE91_0028
TORONTO_LSE91_STU01327,TORONTO_LSE91_0030
TORONTO_LSE91_STU01327,TORONTO_LSE91_0031
TORONTO_LSE91_STU01328,TORONTO_LSE91_0010
TORONTO_LSE91_STU01328,TORONTO_LSE91_0012
TORONTO_LSE91_STU01328,TORONTO_LSE91_0222
TORONTO_LSE91_STU01328,TORONTO_LSE91_0226
TORONTO_LSE91_STU01329,TORONTO_LSE91_0289
TORONTO_LSE91_STU01329,TORONTO_LSE91_0323
TORONTO_LSE91_STU01329,TORONTO_LSE91_0339
TORONTO_LSE91_STU01329,TORONTO_LSE91_0346
TORONTO_LSE91_STU01330,TORONTO_LSE91_0318
TORONTO_LSE91_STU01330,TORONTO_LSE91_0365
TORONTO_LSE91_STU01330,TORONTO_LSE91_0368
TORONTO_LSE91_STU01331,TORONTO_LSE91_0292
TORONTO_LSE91_STU01331,TORONTO_LSE91_0293
TORONTO_LSE91_STU01331,TORONTO_LSE91_0294
TORONTO_LSE91_STU01331,TORONTO_LSE91_0379
TORONTO_LSE91_STU01332,TORONTO_LSE91_0105
TORONTO_LSE91_STU01332,TORONTO_LSE91_0106
TORONTO_LSE91_STU01333,TORONTO_LSE91_0310
TORONTO_LSE91_STU01333,TORONTO_LSE91_0311
TORONTO_LSE91_STU01333,TORONTO_LSE91_0312
TORONTO_LSE91_STU01333,TORONTO_LSE91_0319
TORONTO_LSE91_STU01334,TORONTO_LSE91_0002
TORONTO_LSE91_STU01334,TORONTO_LSE91_0028
TORONTO_LSE91_STU01334,TORONTO_LSE91_0320
TORONTO_LSE91_STU01334,TORONTO_LSE91_0361
TORONTO_LSE91_STU01335,TORONTO_LSE91_0221
TORONTO_LSE91_STU01336,TORONTO_LSE91_0190
TORONTO_LSE91_STU01336,TORONTO_LSE91_0230
TORONTO_LSE91_STU01336,TORONTO_LSE91_0318
TORONTO_LSE91_STU01336,TORONTO_LSE91_0374
TORONTO_LSE91_STU01337,TORONTO_LSE91_0001
TORONTO_LSE91_STU01337,TORONTO_LSE91_0229
TORONTO_LSE91_STU01337,TORONTO_LSE91_0320
TORONTO_LSE91_STU01337,TORONTO_LSE91_0340
TORONTO_LSE91_STU01337,TORONTO_LSE91_0362
TORONTO_LSE91_STU01338,TORONTO_LSE91_0132
TORONTO_LSE91_STU01338,TORONTO_LSE91_0142
TORONTO_LSE91_STU01338,TORONTO_LSE91_0229
TORONTO_LSE91_STU01338,TORONTO_LSE91_0373
TORONTO_LSE91_STU01339,TORONTO_LSE91_0028
TORONTO_LSE91_STU01339,TORONTO_LSE91_0030
TORONTO_LSE91_STU01339,TORONTO_LSE91_0032
TORONTO_LSE91_STU01339,TORONTO_LSE91_0268
TORONTO_LSE91_STU01340,TORONTO_LSE91_0107
TORONTO_LSE91_STU01340,TORONTO_LSE91_0108
TORONTO_LSE91_STU01340,TORONTO_LSE91_0109
TORONTO_LSE91_STU01340,TORONTO_LSE91_0116
TORONTO_LSE91_STU01341,TORONTO_LSE91_0002
TORONTO_LSE91_STU01341,TORONTO_LSE91_0026
TORONTO_LSE91_STU01341,TORONTO_LSE91_0028
TORONTO_LSE91_STU01341,TORONTO_LSE91_0362
TORONTO_LSE91_STU01342,TORONTO_LSE91_0002
TORONTO_LSE91_STU01342,TORONTO_LSE91_0028
TORONTO_LSE91_STU01342,TORONTO_LSE91_0350
TORONTO_LSE91_STU01342,TORONTO_LSE91_0351
TORONTO_LSE91_STU01342,TORONTO_LSE91_0361
TORONTO_LSE91_STU01343,TORONTO_LSE91_0225
TORONTO_LSE91_STU01343,TORONTO_LSE91_0226
TORONTO_LSE91_STU01343,TORONTO_LSE91_0228
TORONTO_LSE91_STU01343,TORONTO_LSE91_0243
TORONTO_LSE91_STU01344,TORONTO_LSE91_0008
TORONTO_LSE91_STU01344,TORONTO_LSE91_0365
TORONTO_LSE91_STU01344,TORONTO_LSE91_0368
TORONTO_LSE91_STU01344,TORONTO_LSE91_0374
TORONTO_LSE91_STU01345,TORONTO_LSE91_0310
TORONTO_LSE91_STU01345,TORONTO_LSE91_0311
TORONTO_LSE91_STU01345,TORONTO_LSE91_0312
TORONTO_LSE91_STU01345,TORONTO_LSE91_0319
TORONTO_LSE91_STU01346,TORONTO_LSE91_0002
TORONTO_LSE91_STU01346,TORONTO_LSE91_0028
TORONTO_LSE91_STU01346,TORONTO_LSE91_0268
TORONTO_LSE91_STU01346,TORONTO_LSE91_0361
TORONTO_LSE91_STU01347,TORONTO_LSE91_0002
TORONTO_LSE91_STU01347,TORONTO_LSE91_0026
TORONTO_LSE91_STU01347,TORONTO_LSE91_0028
TORONTO_LSE91_STU01347,TORONTO_LSE91_0361
TORONTO_LSE91_STU01348,TORONTO_LSE91_0190
TORONTO_LSE91_STU01348,TORONTO_LSE91_0365
TORONTO_LSE91_STU01348,TORONTO_LSE91_0368
TORONTO_LSE91_STU01348,TORONTO_LSE91_0373
TORONTO_LSE91_STU01349,TORONTO_LSE91_0225
TORONTO_LSE91_STU01349,TORONTO_LSE91_0226
TORONTO_LSE91_STU01349,TORONTO_LSE91_0228
TORONTO_LSE91_STU01349,TORONTO_LSE91_0232
TORONTO_LSE91_STU01350,TORONTO_LSE91_0028
TORONTO_LSE91_STU01350,TORONTO_LSE91_0059
TORONTO_LSE91_STU01351,TORONTO_LSE91_0320
TORONTO_LSE91_STU01351,TORONTO_LSE91_0336
TORONTO_LSE91_STU01351,TORONTO_LSE91_0348
TORONTO_LSE91_STU01351,TORONTO_LSE91_0351
TORONTO_LSE91_STU01352,TORONTO_LSE91_0002
TORONTO_LSE91_STU01352,TORONTO_LSE91_0028
TORONTO_LSE91_STU01352,TORONTO_LSE91_0320
TORONTO_LSE91_STU01352,TORONTO_LSE91_0362
TORONTO_LSE91_STU01353,TORONTO_LSE91_0085
TORONTO_LSE91_STU01353,TORONTO_LSE91_0142
TORONTO_LSE91_STU01353,TORONTO_LSE91_0373
TORONTO_LSE91_STU01354,TORONTO_LSE91_0028
TORONTO_LSE91_STU01354,TORONTO_LSE91_0030
TORONTO_LSE91_STU01354,TORONTO_LSE91_0059
TORONTO_LSE91_STU01354,TORONTO_LSE91_0060
TORONTO_LSE91_STU01355,TORONTO_LSE91_0269
TORONTO_LSE91_STU01355,TORONTO_LSE91_0323
TORONTO_LSE91_STU01355,TORONTO_LSE91_0339
TORONTO_LSE91_STU01355,TORONTO_LSE91_0346
TORONTO_LSE91_STU01356,TORONTO_LSE91_0323
TORONTO_LSE91_STU01356,TORONTO_LSE91_0339
TORONTO_LSE91_STU01356,TORONTO_LSE91_0346
TORONTO_LSE91_STU01356,TORONTO_LSE91_0348
TORONTO_LSE91_STU01356,TORONTO_LSE91_0351
TORONTO_LSE91_STU01357,TORONTO_LSE91_0060
TORONTO_LSE91_STU01357,TORONTO_LSE91_0310
TORONTO_LSE91_STU01357,TORONTO_LSE91_0311
TORONTO_LSE91_STU01357,TORONTO_LSE91_0312
TORONTO_LSE91_STU01358,TORONTO_LSE91_0225
TORONTO_LSE91_STU01358,TORONTO_LSE91_0226
TORONTO_LSE91_STU01358,TORONTO_LSE91_0240
TORONTO_LSE91_STU01358,TORONTO_LSE91_0244
TORONTO_LSE91_STU01359,TORONTO_LSE91_0028
TORONTO_LSE91_STU01359,TORONTO_LSE91_0030
TORONTO_LSE91_STU01359,TORONTO_LSE91_0059
TORONTO_LSE91_STU01359,TORONTO_LSE91_0132
TORONTO_LSE91_STU01360,TORONTO_LSE91_0010
TORONTO_LSE91_STU01360,TORONTO_LSE91_0011
TORONTO_LSE91_STU01360,TORONTO_LSE91_0017
TORONTO_LSE91_STU01360,TORONTO_LSE91_0020
TORONTO_LSE91_STU01361,TORONTO_LSE91_0108
TORONTO_LSE91_STU01361,TORONTO_LSE91_0112
TORONTO_LSE91_STU01361,TORONTO_LSE91_0129
TORONTO_LSE91_STU01361,TORONTO_LSE91_0284
TORONTO_LSE91_STU01362,TORONTO_LSE91_0278
TORONTO_LSE91_STU01362,TORONTO_LSE91_0289
TORONTO_LSE91_STU01363,TORONTO_LSE91_0001
TORONTO_LSE91_STU01363,TORONTO_LSE91_0028
TORONTO_LSE91_STU01363,TORONTO_LSE91_0030
TORONTO_LSE91_STU01363,TORONTO_LSE91_0031
TORONTO_LSE91_STU01364,TORONTO_LSE91_0142
TORONTO_LSE91_STU01364,TORONTO_LSE91_0241
TORONTO_LSE91_STU01364,TORONTO_LSE91_0373
TORONTO_LSE91_STU01365,TORONTO_LSE91_0001
TORONTO_LSE91_STU01365,TORONTO_LSE91_0028
TORONTO_LSE91_STU01365,TORONTO_LSE91_0340
TORONTO_LSE91_STU01365,TORONTO_LSE91_0362
TORONTO_LSE91_STU01366,TORONTO_LSE91_0001
TORONTO_LSE91_STU01366,TORONTO_LSE91_0028
TORONTO_LSE91_STU01366,TORONTO_LSE91_0030
TORONTO_LSE91_STU01366,TORONTO_LSE91_0031
TORONTO_LSE91_STU01367,TORONTO_LSE91_0225
TORONTO_LSE91_STU01367,TORONTO_LSE91_0226
TORONTO_LSE91_STU01367,TORONTO_LSE91_0232
TORONTO_LSE91_STU01367,TORONTO_LSE91_0246
TORONTO_LSE91_STU01368,TORONTO_LSE91_0001
TORONTO_LSE91_STU01368,TORONTO_LSE91_0021
TORONTO_LSE91_STU01368,TORONTO_LSE91_0229
TORONTO_LSE91_STU01368,TORONTO_LSE91_0289
TORONTO_LSE91_STU01368,TORONTO_LSE91_0336
TORONTO_LSE91_STU01368,TORONTO_LSE91_0362
TORONTO_LSE91_STU01369,TORONTO_LSE91_0002
TORONTO_LSE91_STU01369,TORONTO_LSE91_0028
TORONTO_LSE91_STU01369,TORONTO_LSE91_0224
TORONTO_LSE91_STU01369,TORONTO_LSE91_0362
TORONTO_LSE91_STU01370,TORONTO_LSE91_0026
TORONTO_LSE91_STU01370,TORONTO_LSE91_0028
TORONTO_LSE91_STU01370,TORONTO_LSE91_0030
TORONTO_LSE91_STU01370,TORONTO_LSE91_0031
TORONTO_LSE91_STU01370,TORONTO_LSE91_0350
TORONTO_LSE91_STU01370,TORONTO_LSE91_0351
TORONTO_LSE91_STU01371,TORONTO_LSE91_0023
TORONTO_LSE91_STU01371,TORONTO_LSE91_0026
TORONTO_LSE91_STU01371,TORONTO_LSE91_0336
TORONTO_LSE91_STU01371,TORONTO_LSE91_0350
TORONTO_LSE91_STU01371,TORONTO_LSE91_0351
TORONTO_LSE91_STU01372,TORONTO_LSE91_0001
TORONTO_LSE91_STU01372,TORONTO_LSE91_0027
TORONTO_LSE91_STU01372,TORONTO_LSE91_0107
TORONTO_LSE91_STU01372,TORONTO_LSE91_0110
TORONTO_LSE91_STU01373,TORONTO_LSE91_0029
TORONTO_LSE91_STU01373,TORONTO_LSE91_0033
TORONTO_LSE91_STU01373,TORONTO_LSE91_0046
TORONTO_LSE91_STU01373,TORONTO_LSE91_0339
TORONTO_LSE91_STU01374,TORONTO_LSE91_0028
TORONTO_LSE91_STU01374,TORONTO_LSE91_0030
TORONTO_LSE91_STU01374,TORONTO_LSE91_0031
TORONTO_LSE91_STU01374,TORONTO_LSE91_0283
TORONTO_LSE91_STU01375,TORONTO_LSE91_0107
TORONTO_LSE91_STU01375,TORONTO_LSE91_0116
TORONTO_LSE91_STU01375,TORONTO_LSE91_0119
TORONTO_LSE91_STU01375,TORONTO_LSE91_0267
TORONTO_LSE91_STU01376,TORONTO_LSE91_0365
TORONTO_LSE91_STU01376,TORONTO_LSE91_0368
TORONTO_LSE91_STU01376,TORONTO_LSE91_0371
TORONTO_LSE91_STU01377,TORONTO_LSE91_0271
TORONTO_LSE91_STU01377,TORONTO_LSE91_0273
TORONTO_LSE91_STU01377,TORONTO_LSE91_0274
TORONTO_LSE91_STU01377,TORONTO_LSE91_0278
TORONTO_LSE91_STU01378,TORONTO_LSE91_0008
TORONTO_LSE91_STU01378,TORONTO_LSE91_0105
TORONTO_LSE91_STU01378,TORONTO_LSE91_0107
TORONTO_LSE91_STU01378,TORONTO_LSE91_0124
TORONTO_LSE91_STU01378,TORONTO_LSE91_0177
TORONTO_LSE91_STU01379,TORONTO_LSE91_0028
TORONTO_LSE91_STU01379,TORONTO_LSE91_0030
TORONTO_LSE91_STU01379,TORONTO_LSE91_0031
TORONTO_LSE91_STU01379,TORONTO_LSE91_0133
TORONTO_LSE91_STU01380,TORONTO_LSE91_0080
TORONTO_LSE91_STU01380,TORONTO_LSE91_0093
TORONTO_LSE91_STU01380,TORONTO_LSE91_0135
TORONTO_LSE91_STU01380,TORONTO_LSE91_0146
TORONTO_LSE91_STU01381,TORONTO_LSE91_0029
TORONTO_LSE91_STU01381,TORONTO_LSE91_0031
TORONTO_LSE91_STU01381,TORONTO_LSE91_0046
TORONTO_LSE91_STU01381,TORONTO_LSE91_0067
TORONTO_LSE91_STU01382,TORONTO_LSE91_0084
TORONTO_LSE91_STU01382,TORONTO_LSE91_0133
TORONTO_LSE91_STU01382,TORONTO_LSE91_0142
TORONTO_LSE91_STU01382,TORONTO_LSE91_0373
TORONTO_LSE91_STU01383,TORONTO_LSE91_0094
TORONTO_LSE91_STU01383,TORONTO_LSE91_0133
TORONTO_LSE91_STU01383,TORONTO_LSE91_0146
TORONTO_LSE91_STU01384,TORONTO_LSE91_0029
TORONTO_LSE91_STU01384,TORONTO_LSE91_0030
TORONTO_LSE91_STU01384,TORONTO_LSE91_0033
TORONTO_LSE91_STU01384,TORONTO_LSE91_0323
TORONTO_LSE91_STU01385,TORONTO_LSE91_0225
TORONTO_LSE91_STU01385,TORONTO_LSE91_0226
TORONTO_LSE91_STU01385,TORONTO_LSE91_0232
TORONTO_LSE91_STU01385,TORONTO_LSE91_0239
TORONTO_LSE91_STU01386,TORONTO_LSE91_0028
TORONTO_LSE91_STU01386,TORONTO_LSE91_0030
TORONTO_LSE91_STU01386,TORONTO_LSE91_0032
TORONTO_LSE91_STU01386,TORONTO_LSE91_0167
TORONTO_LSE91_STU01387,TORONTO_LSE91_0001
TORONTO_LSE91_STU01387,TORONTO_LSE91_0028
TORONTO_LSE91_STU01387,TORONTO_LSE91_0030
TORONTO_LSE91_STU01387,TORONTO_LSE91_0031
TORONTO_LSE91_STU01388,TORONTO_LSE91_0225
TORONTO_LSE91_STU01388,TORONTO_LSE91_0226
TORONTO_LSE91_STU01388,TORONTO_LSE91_0239
TORONTO_LSE91_STU01388,TORONTO_LSE91_0244
TORONTO_LSE91_STU01389,TORONTO_LSE91_0267
TORONTO_LSE91_STU01389,TORONTO_LSE91_0292
TORONTO_LSE91_STU01389,TORONTO_LSE91_0293
TORONTO_LSE91_STU01389,TORONTO_LSE91_0294
TORONTO_LSE91_STU01390,TORONTO_LSE91_0028
TORONTO_LSE91_STU01390,TORONTO_LSE91_0030
TORONTO_LSE91_STU01390,TORONTO_LSE91_0032
TORONTO_LSE91_STU01390,TORONTO_LSE91_0269
TORONTO_LSE91_STU01391,TORONTO_LSE91_0028
TORONTO_LSE91_STU01391,TORONTO_LSE91_0030
TORONTO_LSE91_STU01391,TORONTO_LSE91_0059
TORONTO_LSE91_STU01391,TORONTO_LSE91_0350
TORONTO_LSE91_STU01391,TORONTO_LSE91_0351
TORONTO_LSE91_STU01392,TORONTO_LSE91_0001
TORONTO_LSE91_STU01392,TORONTO_LSE91_0002
TORONTO_LSE91_STU01392,TORONTO_LSE91_0026
TORONTO_LSE91_STU01392,TORONTO_LSE91_0028
TORONTO_LSE91_STU01392,TORONTO_LSE91_0361
TORONTO_LSE91_STU01393,TORONTO_LSE91_0023
TORONTO_LSE91_STU01393,TORONTO_LSE91_0268
TORONTO_LSE91_STU01393,TORONTO_LSE91_0270
TORONTO_LSE91_STU01393,TORONTO_LSE91_0336
TORONTO_LSE91_STU01394,TORONTO_LSE91_0028
TORONTO_LSE91_STU01394,TORONTO_LSE91_0030
TORONTO_LSE91_STU01394,TORONTO_LSE91_0059
TORONTO_LSE91_STU01394,TORONTO_LSE91_0350
TORONTO_LSE91_STU01394,TORONTO_LSE91_0351
TORONTO_LSE91_STU01395,TORONTO_LSE91_0054
TORONTO_LSE91_STU01395,TORONTO_LSE91_0059
TORONTO_LSE91_STU01395,TORONTO_LSE91_0060
TORONTO_LSE91_STU01395,TORONTO_LSE91_0063
TORONTO_LSE91_STU01395,TORONTO_LSE91_0073
TORONTO_LSE91_STU01396,TORONTO_LSE91_0140
TORONTO_LSE91_STU01396,TORONTO_LSE91_0141
TORONTO_LSE91_STU01396,TORONTO_LSE91_0142
TORONTO_LSE91_STU01396,TORONTO_LSE91_0379
TORONTO_LSE91_STU01397,TORONTO_LSE91_0001
TORONTO_LSE91_STU01397,TORONTO_LSE91_0289
TORONTO_LSE91_STU01397,TORONTO_LSE91_0340
TORONTO_LSE91_STU01397,TORONTO_LSE91_0362
TORONTO_LSE91_STU01398,TORONTO_LSE91_0002
TORONTO_LSE91_STU01398,TORONTO_LSE91_0028
TORONTO_LSE91_STU01398,TORONTO_LSE91_0268
TORONTO_LSE91_STU01398,TORONTO_LSE91_0361
TORONTO_LSE91_STU01399,TORONTO_LSE91_0323
TORONTO_LSE91_STU01399,TORONTO_LSE91_0339
TORONTO_LSE91_STU01399,TORONTO_LSE91_0346
TORONTO_LSE91_STU01399,TORONTO_LSE91_0348
TORONTO_LSE91_STU01399,TORONTO_LSE91_0351
TORONTO_LSE91_STU01400,TORONTO_LSE91_0028
TORONTO_LSE91_STU01400,TORONTO_LSE91_0030
TORONTO_LSE91_STU01400,TORONTO_LSE91_0034
TORONTO_LSE91_STU01400,TORONTO_LSE91_0268
TORONTO_LSE91_STU01401,TORONTO_LSE91_0079
TORONTO_LSE91_STU01401,TORONTO_LSE91_0080
TORONTO_LSE91_STU01401,TORONTO_LSE91_0092
TORONTO_LSE91_STU01401,TORONTO_LSE91_0138
TORONTO_LSE91_STU01402,TORONTO_LSE91_0225
TORONTO_LSE91_STU01402,TORONTO_LSE91_0226
TORONTO_LSE91_STU01402,TORONTO_LSE91_0241
TORONTO_LSE91_STU01402,TORONTO_LSE91_0251
TORONTO_LSE91_STU01402,TORONTO_LSE91_0252
TORONTO_LSE91_STU01403,TORONTO_LSE91_0002
TORONTO_LSE91_STU01403,TORONTO_LSE91_0028
TORONTO_LSE91_STU01403,TORONTO_LSE91_0241
TORONTO_LSE91_STU01403,TORONTO_LSE91_0335
TORONTO_LSE91_STU01403,TORONTO_LSE91_0361
TORONTO_LSE91_STU01404,TORONTO_LSE91_0001
TORONTO_LSE91_STU01404,TORONTO_LSE91_0028
TORONTO_LSE91_STU01404,TORONTO_LSE91_0030
TORONTO_LSE91_STU01404,TORONTO_LSE91_0031
TORONTO_LSE91_STU01405,TORONTO_LSE91_0010
TORONTO_LSE91_STU01405,TORONTO_LSE91_0011
TORONTO_LSE91_STU01405,TORONTO_LSE91_0016
TORONTO_LSE91_STU01405,TORONTO_LSE91_0017
TORONTO_LSE91_STU01406,TORONTO_LSE91_0273
TORONTO_LSE91_STU01406,TORONTO_LSE91_0274
TORONTO_LSE91_STU01406,TORONTO_LSE91_0276
TORONTO_LSE91_STU01406,TORONTO_LSE91_0278
TORONTO_LSE91_STU01407,TORONTO_LSE91_0021
TORONTO_LSE91_STU01407,TORONTO_LSE91_0090
TORONTO_LSE91_STU01407,TORONTO_LSE91_0096
TORONTO_LSE91_STU01407,TORONTO_LSE91_0222
TORONTO_LSE91_STU01407,TORONTO_LSE91_0223
TORONTO_LSE91_STU01408,TORONTO_LSE91_0289
TORONTO_LSE91_STU01408,TORONTO_LSE91_0310
TORONTO_LSE91_STU01408,TORONTO_LSE91_0311
TORONTO_LSE91_STU01408,TORONTO_LSE91_0312
TORONTO_LSE91_STU01409,TORONTO_LSE91_0001
TORONTO_LSE91_STU01409,TORONTO_LSE91_0028
TORONTO_LSE91_STU01409,TORONTO_LSE91_0030
TORONTO_LSE91_STU01409,TORONTO_LSE91_0035
TORONTO_LSE91_STU01410,TORONTO_LSE91_0059
TORONTO_LSE91_STU01410,TORONTO_LSE91_0060
TORONTO_LSE91_STU01410,TORONTO_LSE91_0061
TORONTO_LSE91_STU01410,TORONTO_LSE91_0198
TORONTO_LSE91_STU01410,TORONTO_LSE91_0350
TORONTO_LSE91_STU01410,TORONTO_LSE91_0351
TORONTO_LSE91_STU01411,TORONTO_LSE91_0001
TORONTO_LSE91_STU01411,TORONTO_LSE91_0028
TORONTO_LSE91_STU01411,TORONTO_LSE91_0030
TORONTO_LSE91_STU01411,TORONTO_LSE91_0031
TORONTO_LSE91_STU01412,TORONTO_LSE91_0310
TORONTO_LSE91_STU01412,TORONTO_LSE91_0311
TORONTO_LSE91_STU01412,TORONTO_LSE91_0312
TORONTO_LSE91_STU01412,TORONTO_LSE91_0315
TORONTO_LSE91_STU01413,TORONTO_LSE91_0224
TORONTO_LSE91_STU01413,TORONTO_LSE91_0365
TORONTO_LSE91_STU01413,TORONTO_LSE91_0368
TORONTO_LSE91_STU01414,TORONTO_LSE91_0001
TORONTO_LSE91_STU01414,TORONTO_LSE91_0323
TORONTO_LSE91_STU01414,TORONTO_LSE91_0340
TORONTO_LSE91_STU01414,TORONTO_LSE91_0362
TORONTO_LSE91_STU01415,TORONTO_LSE91_0142
TORONTO_LSE91_STU01415,TORONTO_LSE91_0241
TORONTO_LSE91_STU01415,TORONTO_LSE91_0282
TORONTO_LSE91_STU01415,TORONTO_LSE91_0373
TORONTO_LSE91_STU01416,TORONTO_LSE91_0001
TORONTO_LSE91_STU01416,TORONTO_LSE91_0028
TORONTO_LSE91_STU01416,TORONTO_LSE91_0030
TORONTO_LSE91_STU01416,TORONTO_LSE91_0032
TORONTO_LSE91_STU01417,TORONTO_LSE91_0310
TORONTO_LSE91_STU01417,TORONTO_LSE91_0311
TORONTO_LSE91_STU01417,TORONTO_LSE91_0312
TORONTO_LSE91_STU01417,TORONTO_LSE91_0316
TORONTO_LSE91_STU01418,TORONTO_LSE91_0028
TORONTO_LSE91_STU01418,TORONTO_LSE91_0030
TORONTO_LSE91_STU01418,TORONTO_LSE91_0032
TORONTO_LSE91_STU01418,TORONTO_LSE91_0229
TORONTO_LSE91_STU01419,TORONTO_LSE91_0002
TORONTO_LSE91_STU01419,TORONTO_LSE91_0028
TORONTO_LSE91_STU01419,TORONTO_LSE91_0320
TORONTO_LSE91_STU01419,TORONTO_LSE91_0361
TORONTO_LSE91_STU01420,TORONTO_LSE91_0072
TORONTO_LSE91_STU01420,TORONTO_LSE91_0142
TORONTO_LSE91_STU01420,TORONTO_LSE91_0241
TORONTO_LSE91_STU01421,TORONTO_LSE91_0140
TORONTO_LSE91_STU01421,TORONTO_LSE91_0141
TORONTO_LSE91_STU01421,TORONTO_LSE91_0142
TORONTO_LSE91_STU01421,TORONTO_LSE91_0366
TORONTO_LSE91_STU01422,TORONTO_LSE91_0001
TORONTO_LSE91_STU01422,TORONTO_LSE91_0028
TORONTO_LSE91_STU01422,TORONTO_LSE91_0142
TORONTO_LSE91_STU01422,TORONTO_LSE91_0241
TORONTO_LSE91_STU01423,TORONTO_LSE91_0112
TORONTO_LSE91_STU01423,TORONTO_LSE91_0129
TORONTO_LSE91_STU01423,TORONTO_LSE91_0177
TORONTO_LSE91_STU01423,TORONTO_LSE91_0289
TORONTO_LSE91_STU01424,TORONTO_LSE91_0059
TORONTO_LSE91_STU01424,TORONTO_LSE91_0142
TORONTO_LSE91_STU01424,TORONTO_LSE91_0241
TORONTO_LSE91_STU01424,TORONTO_LSE91_0318
TORONTO_LSE91_STU01425,TORONTO_LSE91_0002
TORONTO_LSE91_STU01425,TORONTO_LSE91_0025
TORONTO_LSE91_STU01425,TORONTO_LSE91_0361
TORONTO_LSE91_STU01426,TORONTO_LSE91_0292
TORONTO_LSE91_STU01426,TORONTO_LSE91_0293
TORONTO_LSE91_STU01426,TORONTO_LSE91_0294
TORONTO_LSE91_STU01426,TORONTO_LSE91_0353
TORONTO_LSE91_STU01426,TORONTO_LSE91_0354
TORONTO_LSE91_STU01427,TORONTO_LSE91_0028
TORONTO_LSE91_STU01427,TORONTO_LSE91_0030
TORONTO_LSE91_STU01427,TORONTO_LSE91_0032
TORONTO_LSE91_STU01427,TORONTO_LSE91_0067
TORONTO_LSE91_STU01428,TORONTO_LSE91_0310
TORONTO_LSE91_STU01428,TORONTO_LSE91_0311
TORONTO_LSE91_STU01428,TORONTO_LSE91_0312
TORONTO_LSE91_STU01428,TORONTO_LSE91_0317
TORONTO_LSE91_STU01429,TORONTO_LSE91_0023
TORONTO_LSE91_STU01429,TORONTO_LSE91_0026
TORONTO_LSE91_STU01429,TORONTO_LSE91_0055
TORONTO_LSE91_STU01429,TORONTO_LSE91_0336
TORONTO_LSE91_STU01430,TORONTO_LSE91_0021
TORONTO_LSE91_STU01430,TORONTO_LSE91_0025
TORONTO_LSE91_STU01430,TORONTO_LSE91_0054
TORONTO_LSE91_STU01430,TORONTO_LSE91_0335
TORONTO_LSE91_STU01431,TORONTO_LSE91_0028
TORONTO_LSE91_STU01431,TORONTO_LSE91_0030
TORONTO_LSE91_STU01431,TORONTO_LSE91_0032
TORONTO_LSE91_STU01431,TORONTO_LSE91_0289
TORONTO_LSE91_STU01431,TORONTO_LSE91_0335
TORONTO_LSE91_STU01432,TORONTO_LSE91_0225
TORONTO_LSE91_STU01432,TORONTO_LSE91_0226
TORONTO_LSE91_STU01432,TORONTO_LSE91_0232
TORONTO_LSE91_STU01432,TORONTO_LSE91_0241
TORONTO_LSE91_STU01433,TORONTO_LSE91_0027
TORONTO_LSE91_STU01433,TORONTO_LSE91_0084
TORONTO_LSE91_STU01433,TORONTO_LSE91_0142
TORONTO_LSE91_STU01433,TORONTO_LSE91_0147
TORONTO_LSE91_STU01434,TORONTO_LSE91_0268
TORONTO_LSE91_STU01434,TORONTO_LSE91_0292
TORONTO_LSE91_STU01434,TORONTO_LSE91_0293
TORONTO_LSE91_STU01434,TORONTO_LSE91_0294
TORONTO_LSE91_STU01435,TORONTO_LSE91_0292
TORONTO_LSE91_STU01435,TORONTO_LSE91_0293
TORONTO_LSE91_STU01435,TORONTO_LSE91_0294
TORONTO_LSE91_STU01436,TORONTO_LSE91_0225
TORONTO_LSE91_STU01436,TORONTO_LSE91_0226
TORONTO_LSE91_STU01436,TORONTO_LSE91_0232
TORONTO_LSE91_STU01436,TORONTO_LSE91_0240
TORONTO_LSE91_STU01437,TORONTO_LSE91_0028
TORONTO_LSE91_STU01437,TORONTO_LSE91_0030
TORONTO_LSE91_STU01437,TORONTO_LSE91_0059
TORONTO_LSE91_STU01438,TORONTO_LSE91_0028
TORONTO_LSE91_STU01438,TORONTO_LSE91_0030
TORONTO_LSE91_STU01438,TORONTO_LSE91_0059
TORONTO_LSE91_STU01438,TORONTO_LSE91_0132
TORONTO_LSE91_STU01438,TORONTO_LSE91_0335
TORONTO_LSE91_STU01439,TORONTO_LSE91_0225
TORONTO_LSE91_STU01439,TORONTO_LSE91_0226
TORONTO_LSE91_STU01439,TORONTO_LSE91_0232
TORONTO_LSE91_STU01439,TORONTO_LSE91_0239
TORONTO_LSE91_STU01440,TORONTO_LSE91_0010
TORONTO_LSE91_STU01440,TORONTO_LSE91_0011
TORONTO_LSE91_STU01440,TORONTO_LSE91_0016
TORONTO_LSE91_STU01440,TORONTO_LSE91_0018
TORONTO_LSE91_STU01441,TORONTO_LSE91_0001
TORONTO_LSE91_STU01441,TORONTO_LSE91_0229
TORONTO_LSE91_STU01441,TORONTO_LSE91_0320
TORONTO_LSE91_STU01441,TORONTO_LSE91_0340
TORONTO_LSE91_STU01441,TORONTO_LSE91_0362
TORONTO_LSE91_STU01442,TORONTO_LSE91_0008
TORONTO_LSE91_STU01442,TORONTO_LSE91_0025
TORONTO_LSE91_STU01442,TORONTO_LSE91_0028
TORONTO_LSE91_STU01442,TORONTO_LSE91_0030
TORONTO_LSE91_STU01442,TORONTO_LSE91_0059
TORONTO_LSE91_STU01443,TORONTO_LSE91_0107
TORONTO_LSE91_STU01443,TORONTO_LSE91_0109
TORONTO_LSE91_STU01443,TORONTO_LSE91_0115
TORONTO_LSE91_STU01443,TORONTO_LSE91_0130
TORONTO_LSE91_STU01444,TORONTO_LSE91_0337
TORONTO_LSE91_STU01444,TORONTO_LSE91_0366
TORONTO_LSE91_STU01445,TORONTO_LSE91_0001
TORONTO_LSE91_STU01445,TORONTO_LSE91_0340
TORONTO_LSE91_STU01445,TORONTO_LSE91_0352
TORONTO_LSE91_STU01445,TORONTO_LSE91_0362
TORONTO_LSE91_STU01446,TORONTO_LSE91_0028
TORONTO_LSE91_STU01446,TORONTO_LSE91_0030
TORONTO_LSE91_STU01446,TORONTO_LSE91_0032
TORONTO_LSE91_STU01446,TORONTO_LSE91_0268
TORONTO_LSE91_STU01447,TORONTO_LSE91_0267
TORONTO_LSE91_STU01447,TORONTO_LSE91_0365
TORONTO_LSE91_STU01447,TORONTO_LSE91_0368
TORONTO_LSE91_STU01448,TORONTO_LSE91_0021
TORONTO_LSE91_STU01448,TORONTO_LSE91_0109
TORONTO_LSE91_STU01448,TORONTO_LSE91_0110
TORONTO_LSE91_STU01448,TORONTO_LSE91_0119
TORONTO_LSE91_STU01449,TORONTO_LSE91_0225
TORONTO_LSE91_STU01449,TORONTO_LSE91_0226
TORONTO_LSE91_STU01449,TORONTO_LSE91_0232
TORONTO_LSE91_STU01449,TORONTO_LSE91_0239
TORONTO_LSE91_STU01450,TORONTO_LSE91_0001
TORONTO_LSE91_STU01450,TORONTO_LSE91_0028
TORONTO_LSE91_STU01450,TORONTO_LSE91_0030
TORONTO_LSE91_STU01450,TORONTO_LSE91_0032
TORONTO_LSE91_STU01451,TORONTO_LSE91_0072
TORONTO_LSE91_STU01451,TORONTO_LSE91_0077
TORONTO_LSE91_STU01451,TORONTO_LSE91_0080
TORONTO_LSE91_STU01451,TORONTO_LSE91_0267
TORONTO_LSE91_STU01452,TORONTO_LSE91_0029
TORONTO_LSE91_STU01452,TORONTO_LSE91_0034
TORONTO_LSE91_STU01452,TORONTO_LSE91_0328
TORONTO_LSE91_STU01452,TORONTO_LSE91_0329
TORONTO_LSE91_STU01452,TORONTO_LSE91_0330
TORONTO_LSE91_STU01452,TORONTO_LSE91_0332
TORONTO_LSE91_STU01453,TORONTO_LSE91_0028
TORONTO_LSE91_STU01453,TORONTO_LSE91_0030
TORONTO_LSE91_STU01453,TORONTO_LSE91_0033
TORONTO_LSE91_STU01453,TORONTO_LSE91_0368
TORONTO_LSE91_STU01454,TORONTO_LSE91_0028
TORONTO_LSE91_STU01454,TORONTO_LSE91_0030
TORONTO_LSE91_STU01454,TORONTO_LSE91_0059
TORONTO_LSE91_STU01454,TORONTO_LSE91_0366
TORONTO_LSE91_STU01455,TORONTO_LSE91_0008
TORONTO_LSE91_STU01455,TORONTO_LSE91_0089
TORONTO_LSE91_STU01455,TORONTO_LSE91_0092
TORONTO_LSE91_STU01455,TORONTO_LSE91_0138
TORONTO_LSE91_STU01455,TORONTO_LSE91_0267
TORONTO_LSE91_STU01456,TORONTO_LSE91_0133
TORONTO_LSE91_STU01456,TORONTO_LSE91_0198
TORONTO_LSE91_STU01456,TORONTO_LSE91_0241
TORONTO_LSE91_STU01456,TORONTO_LSE91_0366
TORONTO_LSE91_STU01457,TORONTO_LSE91_0190
TORONTO_LSE91_STU01457,TORONTO_LSE91_0365
TORONTO_LSE91_STU01457,TORONTO_LSE91_0368
TORONTO_LSE91_STU01457,TORONTO_LSE91_0378
TORONTO_LSE91_STU01458,TORONTO_LSE91_0002
TORONTO_LSE91_STU01458,TORONTO_LSE91_0028
TORONTO_LSE91_STU01458,TORONTO_LSE91_0141
TORONTO_LSE91_STU01458,TORONTO_LSE91_0361
TORONTO_LSE91_STU01459,TORONTO_LSE91_0085
TORONTO_LSE91_STU01459,TORONTO_LSE91_0142
TORONTO_LSE91_STU01459,TORONTO_LSE91_0241
TORONTO_LSE91_STU01460,TORONTO_LSE91_0310
TORONTO_LSE91_STU01460,TORONTO_LSE91_0311
TORONTO_LSE91_STU01460,TORONTO_LSE91_0312
TORONTO_LSE91_STU01460,TORONTO_LSE91_0318
TORONTO_LSE91_STU01461,TORONTO_LSE91_0365
TORONTO_LSE91_STU01461,TORONTO_LSE91_0368
TORONTO_LSE91_STU01461,TORONTO_LSE91_0374
TORONTO_LSE91_STU01462,TORONTO_LSE91_0292
TORONTO_LSE91_STU01462,TORONTO_LSE91_0293
TORONTO_LSE91_STU01462,TORONTO_LSE91_0294
TORONTO_LSE91_STU01462,TORONTO_LSE91_0374
TORONTO_LSE91_STU01463,TORONTO_LSE91_0088
TORONTO_LSE91_STU01463,TORONTO_LSE91_0140
TORONTO_LSE91_STU01463,TORONTO_LSE91_0141
TORONTO_LSE91_STU01463,TORONTO_LSE91_0142
TORONTO_LSE91_STU01464,TORONTO_LSE91_0292
TORONTO_LSE91_STU01464,TORONTO_LSE91_0293
TORONTO_LSE91_STU01464,TORONTO_LSE91_0294
TORONTO_LSE91_STU01464,TORONTO_LSE91_0318
TORONTO_LSE91_STU01465,TORONTO_LSE91_0028
TORONTO_LSE91_STU01465,TORONTO_LSE91_0030
TORONTO_LSE91_STU01465,TORONTO_LSE91_0032
TORONTO_LSE91_STU01465,TORONTO_LSE91_0350
TORONTO_LSE91_STU01465,TORONTO_LSE91_0351
TORONTO_LSE91_STU01466,TORONTO_LSE91_0225
TORONTO_LSE91_STU01466,TORONTO_LSE91_0226
TORONTO_LSE91_STU01466,TORONTO_LSE91_0232
TORONTO_LSE91_STU01466,TORONTO_LSE91_0241
TORONTO_LSE91_STU01467,TORONTO_LSE91_0001
TORONTO_LSE91_STU01467,TORONTO_LSE91_0229
TORONTO_LSE91_STU01467,TORONTO_LSE91_0289
TORONTO_LSE91_STU01467,TORONTO_LSE91_0320
TORONTO_LSE91_STU01468,TORONTO_LSE91_0323
TORONTO_LSE91_STU01468,TORONTO_LSE91_0339
TORONTO_LSE91_STU01468,TORONTO_LSE91_0346
TORONTO_LSE91_STU01468,TORONTO_LSE91_0348
TORONTO_LSE91_STU01468,TORONTO_LSE91_0351
TORONTO_LSE91_STU01469,TORONTO_LSE91_0365
TORONTO_LSE91_STU01469,TORONTO_LSE91_0368
TORONTO_LSE91_STU01469,TORONTO_LSE91_0373
TORONTO_LSE91_STU01469,TORONTO_LSE91_0374
TORONTO_LSE91_STU01470,TORONTO_LSE91_0292
TORONTO_LSE91_STU01470,TORONTO_LSE91_0293
TORONTO_LSE91_STU01470,TORONTO_LSE91_0294
TORONTO_LSE91_STU01470,TORONTO_LSE91_0375
TORONTO_LSE91_STU01471,TORONTO_LSE91_0306
TORONTO_LSE91_STU01471,TORONTO_LSE91_0366
TORONTO_LSE91_STU01472,TORONTO_LSE91_0001
TORONTO_LSE91_STU01472,TORONTO_LSE91_0028
TORONTO_LSE91_STU01472,TORONTO_LSE91_0340
TORONTO_LSE91_STU01472,TORONTO_LSE91_0362
TORONTO_LSE91_STU01473,TORONTO_LSE91_0028
TORONTO_LSE91_STU01473,TORONTO_LSE91_0030
TORONTO_LSE91_STU01473,TORONTO_LSE91_0032
TORONTO_LSE91_STU01473,TORONTO_LSE91_0335
TORONTO_LSE91_STU01474,TORONTO_LSE91_0028
TORONTO_LSE91_STU01474,TORONTO_LSE91_0030
TORONTO_LSE91_STU01474,TORONTO_LSE91_0031
TORONTO_LSE91_STU01474,TORONTO_LSE91_0350
TORONTO_LSE91_STU01474,TORONTO_LSE91_0351
TORONTO_LSE91_STU01475,TORONTO_LSE91_0028
TORONTO_LSE91_STU01475,TORONTO_LSE91_0030
TORONTO_LSE91_STU01475,TORONTO_LSE91_0059
TORONTO_LSE91_STU01475,TORONTO_LSE91_0229
TORONTO_LSE91_STU01476,TORONTO_LSE91_0085
TORONTO_LSE91_STU01476,TORONTO_LSE91_0088
TORONTO_LSE91_STU01476,TORONTO_LSE91_0142
TORONTO_LSE91_STU01476,TORONTO_LSE91_0198
TORONTO_LSE91_STU01477,TORONTO_LSE91_0366
TORONTO_LSE91_STU01478,TORONTO_LSE91_0310
TORONTO_LSE91_STU01478,TORONTO_LSE91_0311
TORONTO_LSE91_STU01478,TORONTO_LSE91_0312
TORONTO_LSE91_STU01478,TORONTO_LSE91_0315
TORONTO_LSE91_STU01479,TORONTO_LSE91_0001
TORONTO_LSE91_STU01479,TORONTO_LSE91_0028
TORONTO_LSE91_STU01479,TORONTO_LSE91_0340
TORONTO_LSE91_STU01479,TORONTO_LSE91_0362
TORONTO_LSE91_STU01480,TORONTO_LSE91_0072
TORONTO_LSE91_STU01480,TORONTO_LSE91_0085
TORONTO_LSE91_STU01480,TORONTO_LSE91_0142
TORONTO_LSE91_STU01481,TORONTO_LSE91_0289
TORONTO_LSE91_STU01481,TORONTO_LSE91_0307
TORONTO_LSE91_STU01481,TORONTO_LSE91_0308
TORONTO_LSE91_STU01481,TORONTO_LSE91_0309
TORONTO_LSE91_STU01482,TORONTO_LSE91_0008
TORONTO_LSE91_STU01482,TORONTO_LSE91_0268
TORONTO_LSE91_STU01482,TORONTO_LSE91_0270
TORONTO_LSE91_STU01482,TORONTO_LSE91_0366
TORONTO_LSE91_STU01483,TORONTO_LSE91_0024
TORONTO_LSE91_STU01483,TORONTO_LSE91_0320
TORONTO_LSE91_STU01484,TORONTO_LSE91_0001
TORONTO_LSE91_STU01484,TORONTO_LSE91_0028
TORONTO_LSE91_STU01484,TORONTO_LSE91_0352
TORONTO_LSE91_STU01484,TORONTO_LSE91_0359
TORONTO_LSE91_STU01485,TORONTO_LSE91_0267
TORONTO_LSE91_STU01485,TORONTO_LSE91_0365
TORONTO_LSE91_STU01485,TORONTO_LSE91_0368
TORONTO_LSE91_STU01486,TORONTO_LSE91_0225
TORONTO_LSE91_STU01486,TORONTO_LSE91_0226
TORONTO_LSE91_STU01486,TORONTO_LSE91_0232
TORONTO_LSE91_STU01486,TORONTO_LSE91_0239
TORONTO_LSE91_STU01487,TORONTO_LSE91_0028
TORONTO_LSE91_STU01487,TORONTO_LSE91_0030
TORONTO_LSE91_STU01487,TORONTO_LSE91_0031
TORONTO_LSE91_STU01487,TORONTO_LSE91_0350
TORONTO_LSE91_STU01487,TORONTO_LSE91_0351
TORONTO_LSE91_STU01488,TORONTO_LSE91_0001
TORONTO_LSE91_STU01488,TORONTO_LSE91_0229
TORONTO_LSE91_STU01488,TORONTO_LSE91_0289
TORONTO_LSE91_STU01488,TORONTO_LSE91_0362
TORONTO_LSE91_STU01489,TORONTO_LSE91_0109
TORONTO_LSE91_STU01489,TORONTO_LSE91_0112
TORONTO_LSE91_STU01489,TORONTO_LSE91_0129
TORONTO_LSE91_STU01489,TORONTO_LSE91_0284
TORONTO_LSE91_STU01490,TORONTO_LSE91_0028
TORONTO_LSE91_STU01490,TORONTO_LSE91_0030
TORONTO_LSE91_STU01490,TORONTO_LSE91_0032
TORONTO_LSE91_STU01490,TORONTO_LSE91_0229
TORONTO_LSE91_STU01491,TORONTO_LSE91_0072
TORONTO_LSE91_STU01491,TORONTO_LSE91_0096
TORONTO_LSE91_STU01491,TORONTO_LSE91_0223
TORONTO_LSE91_STU01491,TORONTO_LSE91_0225
TORONTO_LSE91_STU01492,TORONTO_LSE91_0105
TORONTO_LSE91_STU01492,TORONTO_LSE91_0198
TORONTO_LSE91_STU01493,TORONTO_LSE91_0010
TORONTO_LSE91_STU01493,TORONTO_LSE91_0011
TORONTO_LSE91_STU01493,TORONTO_LSE91_0016
TORONTO_LSE91_STU01493,TORONTO_LSE91_0019
TORONTO_LSE91_STU01494,TORONTO_LSE91_0072
TORONTO_LSE91_STU01494,TORONTO_LSE91_0096
TORONTO_LSE91_STU01494,TORONTO_LSE91_0225
TORONTO_LSE91_STU01494,TORONTO_LSE91_0238
TORONTO_LSE91_STU01495,TORONTO_LSE91_0225
TORONTO_LSE91_STU01495,TORONTO_LSE91_0226
TORONTO_LSE91_STU01495,TORONTO_LSE91_0232
TORONTO_LSE91_STU01495,TORONTO_LSE91_0239
TORONTO_LSE91_STU01496,TORONTO_LSE91_0225
TORONTO_LSE91_STU01496,TORONTO_LSE91_0226
TORONTO_LSE91_STU01496,TORONTO_LSE91_0238
TORONTO_LSE91_STU01496,TORONTO_LSE91_0253
TORONTO_LSE91_STU01496,TORONTO_LSE91_0254
TORONTO_LSE91_STU01497,TORONTO_LSE91_0319
TORONTO_LSE91_STU01497,TORONTO_LSE91_0365
TORONTO_LSE91_STU01497,TORONTO_LSE91_0368
TORONTO_LSE91_STU01497,TORONTO_LSE91_0374
TORONTO_LSE91_STU01498,TORONTO_LSE91_0010
TORONTO_LSE91_STU01498,TORONTO_LSE91_0011
TORONTO_LSE91_STU01498,TORONTO_LSE91_0015
TORONTO_LSE91_STU01498,TORONTO_LSE91_0380
TORONTO_LSE91_STU01499,TORONTO_LSE91_0028
TORONTO_LSE91_STU01499,TORONTO_LSE91_0030
TORONTO_LSE91_STU01499,TORONTO_LSE91_0032
TORONTO_LSE91_STU01499,TORONTO_LSE91_0350
TORONTO_LSE91_STU01499,TORONTO_LSE91_0351
TORONTO_LSE91_STU01500,TORONTO_LSE91_0029
TORONTO_LSE91_STU01500,TORONTO_LSE91_0046
TORONTO_LSE91_STU01500,TORONTO_LSE91_0268
TORONTO_LSE91_STU01500,TORONTO_LSE91_0339
TORONTO_LSE91_STU01501,TORONTO_LSE91_0028
TORONTO_LSE91_STU01501,TORONTO_LSE91_0030
TORONTO_LSE91_STU01501,TORONTO_LSE91_0031
TORONTO_LSE91_STU01501,TORONTO_LSE91_0229
TORONTO_LSE91_STU01502,TORONTO_LSE91_0142
TORONTO_LSE91_STU01502,TORONTO_LSE91_0337
TORONTO_LSE91_STU01502,TORONTO_LSE91_0365
TORONTO_LSE91_STU01502,TORONTO_LSE91_0368
TORONTO_LSE91_STU01502,TORONTO_LSE91_0375
TORONTO_LSE91_STU01503,TORONTO_LSE91_0085
TORONTO_LSE91_STU01503,TORONTO_LSE91_0092
TORONTO_LSE91_STU01503,TORONTO_LSE91_0146
TORONTO_LSE91_STU01504,TORONTO_LSE91_0072
TORONTO_LSE91_STU01504,TORONTO_LSE91_0080
TORONTO_LSE91_STU01504,TORONTO_LSE91_0096
TORONTO_LSE91_STU01504,TORONTO_LSE91_0223
TORONTO_LSE91_STU01505,TORONTO_LSE91_0225
TORONTO_LSE91_STU01505,TORONTO_LSE91_0226
TORONTO_LSE91_STU01505,TORONTO_LSE91_0232
TORONTO_LSE91_STU01506,TORONTO_LSE91_0028
TORONTO_LSE91_STU01506,TORONTO_LSE91_0030
TORONTO_LSE91_STU01506,TORONTO_LSE91_0032
TORONTO_LSE91_STU01506,TORONTO_LSE91_0289
TORONTO_LSE91_STU01507,TORONTO_LSE91_0028
TORONTO_LSE91_STU01507,TORONTO_LSE91_0030
TORONTO_LSE91_STU01507,TORONTO_LSE91_0032
TORONTO_LSE91_STU01507,TORONTO_LSE91_0341
TORONTO_LSE91_STU01508,TORONTO_LSE91_0268
TORONTO_LSE91_STU01508,TORONTO_LSE91_0276
TORONTO_LSE91_STU01508,TORONTO_LSE91_0278
TORONTO_LSE91_STU01508,TORONTO_LSE91_0289
TORONTO_LSE91_STU01509,TORONTO_LSE91_0072
TORONTO_LSE91_STU01509,TORONTO_LSE91_0084
TORONTO_LSE91_STU01509,TORONTO_LSE91_0096
TORONTO_LSE91_STU01509,TORONTO_LSE91_0223
TORONTO_LSE91_STU01509,TORONTO_LSE91_0351
TORONTO_LSE91_STU01510,TORONTO_LSE91_0001
TORONTO_LSE91_STU01510,TORONTO_LSE91_0029
TORONTO_LSE91_STU01510,TORONTO_LSE91_0046
TORONTO_LSE91_STU01510,TORONTO_LSE91_0339
TORONTO_LSE91_STU01511,TORONTO_LSE91_0058
TORONTO_LSE91_STU01511,TORONTO_LSE91_0059
TORONTO_LSE91_STU01512,TORONTO_LSE91_0028
TORONTO_LSE91_STU01512,TORONTO_LSE91_0030
TORONTO_LSE91_STU01512,TORONTO_LSE91_0034
TORONTO_LSE91_STU01512,TORONTO_LSE91_0323
TORONTO_LSE91_STU01513,TORONTO_LSE91_0030
TORONTO_LSE91_STU01513,TORONTO_LSE91_0032
TORONTO_LSE91_STU01513,TORONTO_LSE91_0229
TORONTO_LSE91_STU01514,TORONTO_LSE91_0225
TORONTO_LSE91_STU01514,TORONTO_LSE91_0226
TORONTO_LSE91_STU01514,TORONTO_LSE91_0236
TORONTO_LSE91_STU01514,TORONTO_LSE91_0238
TORONTO_LSE91_STU01515,TORONTO_LSE91_0028
TORONTO_LSE91_STU01515,TORONTO_LSE91_0030
TORONTO_LSE91_STU01515,TORONTO_LSE91_0059
TORONTO_LSE91_STU01515,TORONTO_LSE91_0060
TORONTO_LSE91_STU01516,TORONTO_LSE91_0225
TORONTO_LSE91_STU01516,TORONTO_LSE91_0226
TORONTO_LSE91_STU01516,TORONTO_LSE91_0241
TORONTO_LSE91_STU01516,TORONTO_LSE91_0248
TORONTO_LSE91_STU01517,TORONTO_LSE91_0283
TORONTO_LSE91_STU01517,TORONTO_LSE91_0284
TORONTO_LSE91_STU01517,TORONTO_LSE91_0285
TORONTO_LSE91_STU01517,TORONTO_LSE91_0288
TORONTO_LSE91_STU01518,TORONTO_LSE91_0008
TORONTO_LSE91_STU01518,TORONTO_LSE91_0365
TORONTO_LSE91_STU01518,TORONTO_LSE91_0368
TORONTO_LSE91_STU01518,TORONTO_LSE91_0374
TORONTO_LSE91_STU01519,TORONTO_LSE91_0072
TORONTO_LSE91_STU01519,TORONTO_LSE91_0090
TORONTO_LSE91_STU01519,TORONTO_LSE91_0096
TORONTO_LSE91_STU01519,TORONTO_LSE91_0223
TORONTO_LSE91_STU01520,TORONTO_LSE91_0060
TORONTO_LSE91_STU01520,TORONTO_LSE91_0107
TORONTO_LSE91_STU01520,TORONTO_LSE91_0110
TORONTO_LSE91_STU01520,TORONTO_LSE91_0126
TORONTO_LSE91_STU01521,TORONTO_LSE91_0107
TORONTO_LSE91_STU01521,TORONTO_LSE91_0109
TORONTO_LSE91_STU01521,TORONTO_LSE91_0112
TORONTO_LSE91_STU01521,TORONTO_LSE91_0116
TORONTO_LSE91_STU01522,TORONTO_LSE91_0001
TORONTO_LSE91_STU01522,TORONTO_LSE91_0028
TORONTO_LSE91_STU01522,TORONTO_LSE91_0032
TORONTO_LSE91_STU01522,TORONTO_LSE91_0046
TORONTO_LSE91_STU01523,TORONTO_LSE91_0271
TORONTO_LSE91_STU01523,TORONTO_LSE91_0273
TORONTO_LSE91_STU01523,TORONTO_LSE91_0276
TORONTO_LSE91_STU01523,TORONTO_LSE91_0278
TORONTO_LSE91_STU01524,TORONTO_LSE91_0365
TORONTO_LSE91_STU01524,TORONTO_LSE91_0368
TORONTO_LSE91_STU01524,TORONTO_LSE91_0378
TORONTO_LSE91_STU01525,TORONTO_LSE91_0054
TORONTO_LSE91_STU01525,TORONTO_LSE91_0109
TORONTO_LSE91_STU01525,TORONTO_LSE91_0110
TORONTO_LSE91_STU01525,TORONTO_LSE91_0116
TORONTO_LSE91_STU01526,TORONTO_LSE91_0109
TORONTO_LSE91_STU01526,TORONTO_LSE91_0116
TORONTO_LSE91_STU01526,TORONTO_LSE91_0119
TORONTO_LSE91_STU01526,TORONTO_LSE91_0124
TORONTO_LSE91_STU01527,TORONTO_LSE91_0142
TORONTO_LSE91_STU01527,TORONTO_LSE91_0146
TORONTO_LSE91_STU01527,TORONTO_LSE91_0278
TORONTO_LSE91_STU01528,TORONTO_LSE91_0008
TORONTO_LSE91_STU01528,TORONTO_LSE91_0267
TORONTO_LSE91_STU01529,TORONTO_LSE91_0225
TORONTO_LSE91_STU01529,TORONTO_LSE91_0226
TORONTO_LSE91_STU01529,TORONTO_LSE91_0232
TORONTO_LSE91_STU01529,TORONTO_LSE91_0240
TORONTO_LSE91_STU01530,TORONTO_LSE91_0105
TORONTO_LSE91_STU01530,TORONTO_LSE91_0107
TORONTO_LSE91_STU01530,TORONTO_LSE91_0119
TORONTO_LSE91_STU01530,TORONTO_LSE91_0124
TORONTO_LSE91_STU01530,TORONTO_LSE91_0285
TORONTO_LSE91_STU01531,TORONTO_LSE91_0225
TORONTO_LSE91_STU01531,TORONTO_LSE91_0226
TORONTO_LSE91_STU01531,TORONTO_LSE91_0232
TORONTO_LSE91_STU01531,TORONTO_LSE91_0239
TORONTO_LSE91_STU01532,TORONTO_LSE91_0225
TORONTO_LSE91_STU01532,TORONTO_LSE91_0226
TORONTO_LSE91_STU01532,TORONTO_LSE91_0232
TORONTO_LSE91_STU01532,TORONTO_LSE91_0239
TORONTO_LSE91_STU01533,TORONTO_LSE91_0001
TORONTO_LSE91_STU01533,TORONTO_LSE91_0028
TORONTO_LSE91_STU01533,TORONTO_LSE91_0030
TORONTO_LSE91_STU01533,TORONTO_LSE91_0032
TORONTO_LSE91_STU01534,TORONTO_LSE91_0001
TORONTO_LSE91_STU01534,TORONTO_LSE91_0028
TORONTO_LSE91_STU01534,TORONTO_LSE91_0030
TORONTO_LSE91_STU01534,TORONTO_LSE91_0031
TORONTO_LSE91_STU01535,TORONTO_LSE91_0010
TORONTO_LSE91_STU01535,TORONTO_LSE91_0012
TORONTO_LSE91_STU01535,TORONTO_LSE91_0222
TORONTO_LSE91_STU01535,TORONTO_LSE91_0226
TORONTO_LSE91_STU01536,TORONTO_LSE91_0310
TORONTO_LSE91_STU01536,TORONTO_LSE91_0311
TORONTO_LSE91_STU01536,TORONTO_LSE91_0312
TORONTO_LSE91_STU01536,TORONTO_LSE91_0317
TORONTO_LSE91_STU01537,TORONTO_LSE91_0190
TORONTO_LSE91_STU01537,TORONTO_LSE91_0230
TORONTO_LSE91_STU01537,TORONTO_LSE91_0372
TORONTO_LSE91_STU01538,TORONTO_LSE91_0028
TORONTO_LSE91_STU01538,TORONTO_LSE91_0030
TORONTO_LSE91_STU01538,TORONTO_LSE91_0031
TORONTO_LSE91_STU01538,TORONTO_LSE91_0268
TORONTO_LSE91_STU01539,TORONTO_LSE91_0310
TORONTO_LSE91_STU01539,TORONTO_LSE91_0311
TORONTO_LSE91_STU01539,TORONTO_LSE91_0312
TORONTO_LSE91_STU01539,TORONTO_LSE91_0315
TORONTO_LSE91_STU01540,TORONTO_LSE91_0109
TORONTO_LSE91_STU01540,TORONTO_LSE91_0124
TORONTO_LSE91_STU01540,TORONTO_LSE91_0320
TORONTO_LSE91_STU01540,TORONTO_LSE91_0348
TORONTO_LSE91_STU01540,TORONTO_LSE91_0351
TORONTO_LSE91_STU01541,TORONTO_LSE91_0008
TORONTO_LSE91_STU01541,TORONTO_LSE91_0365
TORONTO_LSE91_STU01541,TORONTO_LSE91_0368
TORONTO_LSE91_STU01541,TORONTO_LSE91_0374
TORONTO_LSE91_STU01542,TORONTO_LSE91_0029
TORONTO_LSE91_STU01542,TORONTO_LSE91_0030
TORONTO_LSE91_STU01542,TORONTO_LSE91_0034
TORONTO_LSE91_STU01542,TORONTO_LSE91_0320
TORONTO_LSE91_STU01543,TORONTO_LSE91_0142
TORONTO_LSE91_STU01543,TORONTO_LSE91_0268
TORONTO_LSE91_STU01543,TORONTO_LSE91_0289
TORONTO_LSE91_STU01543,TORONTO_LSE91_0373
TORONTO_LSE91_STU01544,TORONTO_LSE91_0029
TORONTO_LSE91_STU01544,TORONTO_LSE91_0046
TORONTO_LSE91_STU01544,TORONTO_LSE91_0323
TORONTO_LSE91_STU01544,TORONTO_LSE91_0339
TORONTO_LSE91_STU01545,TORONTO_LSE91_0010
TORONTO_LSE91_STU01545,TORONTO_LSE91_0011
TORONTO_LSE91_STU01545,TORONTO_LSE91_0020
TORONTO_LSE91_STU01545,TORONTO_LSE91_0171
TORONTO_LSE91_STU01545,TORONTO_LSE91_0289
TORONTO_LSE91_STU01546,TORONTO_LSE91_0001
TORONTO_LSE91_STU01546,TORONTO_LSE91_0105
TORONTO_LSE91_STU01546,TORONTO_LSE91_0107
TORONTO_LSE91_STU01546,TORONTO_LSE91_0116
TORONTO_LSE91_STU01546,TORONTO_LSE91_0126
TORONTO_LSE91_STU01547,TORONTO_LSE91_0001
TORONTO_LSE91_STU01547,TORONTO_LSE91_0028
TORONTO_LSE91_STU01547,TORONTO_LSE91_0030
TORONTO_LSE91_STU01547,TORONTO_LSE91_0032
TORONTO_LSE91_STU01548,TORONTO_LSE91_0001
TORONTO_LSE91_STU01548,TORONTO_LSE91_0029
TORONTO_LSE91_STU01548,TORONTO_LSE91_0046
TORONTO_LSE91_STU01548,TORONTO_LSE91_0339
TORONTO_LSE91_STU01549,TORONTO_LSE91_0029
TORONTO_LSE91_STU01549,TORONTO_LSE91_0046
TORONTO_LSE91_STU01549,TORONTO_LSE91_0323
TORONTO_LSE91_STU01549,TORONTO_LSE91_0339
TORONTO_LSE91_STU01550,TORONTO_LSE91_0010
TORONTO_LSE91_STU01550,TORONTO_LSE91_0011
TORONTO_LSE91_STU01550,TORONTO_LSE91_0016
TORONTO_LSE91_STU01550,TORONTO_LSE91_0018
TORONTO_LSE91_STU01551,TORONTO_LSE91_0310
TORONTO_LSE91_STU01551,TORONTO_LSE91_0311
TORONTO_LSE91_STU01551,TORONTO_LSE91_0312
TORONTO_LSE91_STU01551,TORONTO_LSE91_0319
TORONTO_LSE91_STU01552,TORONTO_LSE91_0292
TORONTO_LSE91_STU01552,TORONTO_LSE91_0293
TORONTO_LSE91_STU01552,TORONTO_LSE91_0294
TORONTO_LSE91_STU01552,TORONTO_LSE91_0379
TORONTO_LSE91_STU01553,TORONTO_LSE91_0010
TORONTO_LSE91_STU01553,TORONTO_LSE91_0011
TORONTO_LSE91_STU01553,TORONTO_LSE91_0016
TORONTO_LSE91_STU01553,TORONTO_LSE91_0017
TORONTO_LSE91_STU01554,TORONTO_LSE91_0031
TORONTO_LSE91_STU01554,TORONTO_LSE91_0036
TORONTO_LSE91_STU01554,TORONTO_LSE91_0038
TORONTO_LSE91_STU01554,TORONTO_LSE91_0059
TORONTO_LSE91_STU01554,TORONTO_LSE91_0241
TORONTO_LSE91_STU01555,TORONTO_LSE91_0142
TORONTO_LSE91_STU01555,TORONTO_LSE91_0147
TORONTO_LSE91_STU01555,TORONTO_LSE91_0202
TORONTO_LSE91_STU01556,TORONTO_LSE91_0030
TORONTO_LSE91_STU01556,TORONTO_LSE91_0036
TORONTO_LSE91_STU01556,TORONTO_LSE91_0268
TORONTO_LSE91_STU01556,TORONTO_LSE91_0281
TORONTO_LSE91_STU01557,TORONTO_LSE91_0271
TORONTO_LSE91_STU01557,TORONTO_LSE91_0286
TORONTO_LSE91_STU01557,TORONTO_LSE91_0342
TORONTO_LSE91_STU01557,TORONTO_LSE91_0343
TORONTO_LSE91_STU01557,TORONTO_LSE91_0350
TORONTO_LSE91_STU01558,TORONTO_LSE91_0004
TORONTO_LSE91_STU01558,TORONTO_LSE91_0036
TORONTO_LSE91_STU01558,TORONTO_LSE91_0041
TORONTO_LSE91_STU01558,TORONTO_LSE91_0042
TORONTO_LSE91_STU01559,TORONTO_LSE91_0036
TORONTO_LSE91_STU01559,TORONTO_LSE91_0041
TORONTO_LSE91_STU01559,TORONTO_LSE91_0042
TORONTO_LSE91_STU01559,TORONTO_LSE91_0201
TORONTO_LSE91_STU01559,TORONTO_LSE91_0283
TORONTO_LSE91_STU01560,TORONTO_LSE91_0030
TORONTO_LSE91_STU01560,TORONTO_LSE91_0036
TORONTO_LSE91_STU01560,TORONTO_LSE91_0041
TORONTO_LSE91_STU01560,TORONTO_LSE91_0042
TORONTO_LSE91_STU01561,TORONTO_LSE91_0004
TORONTO_LSE91_STU01561,TORONTO_LSE91_0034
TORONTO_LSE91_STU01561,TORONTO_LSE91_0036
TORONTO_LSE91_STU01561,TORONTO_LSE91_0041
TORONTO_LSE91_STU01561,TORONTO_LSE91_0323
TORONTO_LSE91_STU01562,TORONTO_LSE91_0001
TORONTO_LSE91_STU01562,TORONTO_LSE91_0030
TORONTO_LSE91_STU01562,TORONTO_LSE91_0036
TORONTO_LSE91_STU01562,TORONTO_LSE91_0041
TORONTO_LSE91_STU01562,TORONTO_LSE91_0042
TORONTO_LSE91_STU01563,TORONTO_LSE91_0001
TORONTO_LSE91_STU01563,TORONTO_LSE91_0028
TORONTO_LSE91_STU01563,TORONTO_LSE91_0030
TORONTO_LSE91_STU01563,TORONTO_LSE91_0036
TORONTO_LSE91_STU01563,TORONTO_LSE91_0041
TORONTO_LSE91_STU01563,TORONTO_LSE91_0059
TORONTO_LSE91_STU01564,TORONTO_LSE91_0036
TORONTO_LSE91_STU01564,TORONTO_LSE91_0039
TORONTO_LSE91_STU01564,TORONTO_LSE91_0040
TORONTO_LSE91_STU01564,TORONTO_LSE91_0041
TORONTO_LSE91_STU01565,TORONTO_LSE91_0077
TORONTO_LSE91_STU01565,TORONTO_LSE91_0080
TORONTO_LSE91_STU01565,TORONTO_LSE91_0090
TORONTO_LSE91_STU01565,TORONTO_LSE91_0097
TORONTO_LSE91_STU01566,TORONTO_LSE91_0142
TORONTO_LSE91_STU01566,TORONTO_LSE91_0199
TORONTO_LSE91_STU01566,TORONTO_LSE91_0200
TORONTO_LSE91_STU01566,TORONTO_LSE91_0201
TORONTO_LSE91_STU01566,TORONTO_LSE91_0241
TORONTO_LSE91_STU01567,TORONTO_LSE91_0028
TORONTO_LSE91_STU01567,TORONTO_LSE91_0030
TORONTO_LSE91_STU01567,TORONTO_LSE91_0039
TORONTO_LSE91_STU01567,TORONTO_LSE91_0229
TORONTO_LSE91_STU01568,TORONTO_LSE91_0072
TORONTO_LSE91_STU01568,TORONTO_LSE91_0077
TORONTO_LSE91_STU01568,TORONTO_LSE91_0079
TORONTO_LSE91_STU01568,TORONTO_LSE91_0080
TORONTO_LSE91_STU01568,TORONTO_LSE91_0097
TORONTO_LSE91_STU01569,TORONTO_LSE91_0010
TORONTO_LSE91_STU01569,TORONTO_LSE91_0011
TORONTO_LSE91_STU01569,TORONTO_LSE91_0013
TORONTO_LSE91_STU01570,TORONTO_LSE91_0292
TORONTO_LSE91_STU01570,TORONTO_LSE91_0293
TORONTO_LSE91_STU01570,TORONTO_LSE91_0296
TORONTO_LSE91_STU01570,TORONTO_LSE91_0297
TORONTO_LSE91_STU01571,TORONTO_LSE91_0142
TORONTO_LSE91_STU01571,TORONTO_LSE91_0199
TORONTO_LSE91_STU01571,TORONTO_LSE91_0200
TORONTO_LSE91_STU01571,TORONTO_LSE91_0241
TORONTO_LSE91_STU01572,TORONTO_LSE91_0004
TORONTO_LSE91_STU01572,TORONTO_LSE91_0026
TORONTO_LSE91_STU01572,TORONTO_LSE91_0028
TORONTO_LSE91_STU01572,TORONTO_LSE91_0030
TORONTO_LSE91_STU01572,TORONTO_LSE91_0032
TORONTO_LSE91_STU01573,TORONTO_LSE91_0072
TORONTO_LSE91_STU01573,TORONTO_LSE91_0075
TORONTO_LSE91_STU01573,TORONTO_LSE91_0080
TORONTO_LSE91_STU01573,TORONTO_LSE91_0087
TORONTO_LSE91_STU01573,TORONTO_LSE91_0101
TORONTO_LSE91_STU01574,TORONTO_LSE91_0030
TORONTO_LSE91_STU01574,TORONTO_LSE91_0036
TORONTO_LSE91_STU01574,TORONTO_LSE91_0041
TORONTO_LSE91_STU01574,TORONTO_LSE91_0044
TORONTO_LSE91_STU01574,TORONTO_LSE91_0229
TORONTO_LSE91_STU01575,TORONTO_LSE91_0133
TORONTO_LSE91_STU01575,TORONTO_LSE91_0190
TORONTO_LSE91_STU01575,TORONTO_LSE91_0193
TORONTO_LSE91_STU01575,TORONTO_LSE91_0230
TORONTO_LSE91_STU01575,TORONTO_LSE91_0377
TORONTO_LSE91_STU01576,TORONTO_LSE91_0142
TORONTO_LSE91_STU01576,TORONTO_LSE91_0199
TORONTO_LSE91_STU01576,TORONTO_LSE91_0200
TORONTO_LSE91_STU01576,TORONTO_LSE91_0201
TORONTO_LSE91_STU01576,TORONTO_LSE91_0241
TORONTO_LSE91_STU01577,TORONTO_LSE91_0308
TORONTO_LSE91_STU01577,TORONTO_LSE91_0310
TORONTO_LSE91_STU01577,TORONTO_LSE91_0313
TORONTO_LSE91_STU01577,TORONTO_LSE91_0318
TORONTO_LSE91_STU01578,TORONTO_LSE91_0077
TORONTO_LSE91_STU01578,TORONTO_LSE91_0080
TORONTO_LSE91_STU01578,TORONTO_LSE91_0086
TORONTO_LSE91_STU01578,TORONTO_LSE91_0102
TORONTO_LSE91_STU01578,TORONTO_LSE91_0267
TORONTO_LSE91_STU01579,TORONTO_LSE91_0202
TORONTO_LSE91_STU01579,TORONTO_LSE91_0318
TORONTO_LSE91_STU01579,TORONTO_LSE91_0369
TORONTO_LSE91_STU01579,TORONTO_LSE91_0373
TORONTO_LSE91_STU01580,TORONTO_LSE91_0295
TORONTO_LSE91_STU01580,TORONTO_LSE91_0297
TORONTO_LSE91_STU01580,TORONTO_LSE91_0298
TORONTO_LSE91_STU01580,TORONTO_LSE91_0301
TORONTO_LSE91_STU01581,TORONTO_LSE91_0076
TORONTO_LSE91_STU01581,TORONTO_LSE91_0080
TORONTO_LSE91_STU01581,TORONTO_LSE91_0085
TORONTO_LSE91_STU01581,TORONTO_LSE91_0087
TORONTO_LSE91_STU01581,TORONTO_LSE91_0100
TORONTO_LSE91_STU01581,TORONTO_LSE91_0271
TORONTO_LSE91_STU01581,TORONTO_LSE91_0367
TORONTO_LSE91_STU01582,TORONTO_LSE91_0059
TORONTO_LSE91_STU01582,TORONTO_LSE91_0140
TORONTO_LSE91_STU01582,TORONTO_LSE91_0141
TORONTO_LSE91_STU01582,TORONTO_LSE91_0142
TORONTO_LSE91_STU01583,TORONTO_LSE91_0109
TORONTO_LSE91_STU01583,TORONTO_LSE91_0110
TORONTO_LSE91_STU01583,TORONTO_LSE91_0116
TORONTO_LSE91_STU01584,TORONTO_LSE91_0116
TORONTO_LSE91_STU01584,TORONTO_LSE91_0123
TORONTO_LSE91_STU01584,TORONTO_LSE91_0126
TORONTO_LSE91_STU01584,TORONTO_LSE91_0282
TORONTO_LSE91_STU01585,TORONTO_LSE91_0268
TORONTO_LSE91_STU01585,TORONTO_LSE91_0271
TORONTO_LSE91_STU01585,TORONTO_LSE91_0274
TORONTO_LSE91_STU01585,TORONTO_LSE91_0279
TORONTO_LSE91_STU01586,TORONTO_LSE91_0030
TORONTO_LSE91_STU01586,TORONTO_LSE91_0036
TORONTO_LSE91_STU01586,TORONTO_LSE91_0039
TORONTO_LSE91_STU01586,TORONTO_LSE91_0040
TORONTO_LSE91_STU01586,TORONTO_LSE91_0042
TORONTO_LSE91_STU01587,TORONTO_LSE91_0225
TORONTO_LSE91_STU01587,TORONTO_LSE91_0226
TORONTO_LSE91_STU01587,TORONTO_LSE91_0232
TORONTO_LSE91_STU01587,TORONTO_LSE91_0240
TORONTO_LSE91_STU01588,TORONTO_LSE91_0002
TORONTO_LSE91_STU01588,TORONTO_LSE91_0028
TORONTO_LSE91_STU01588,TORONTO_LSE91_0320
TORONTO_LSE91_STU01588,TORONTO_LSE91_0361
TORONTO_LSE91_STU01589,TORONTO_LSE91_0010
TORONTO_LSE91_STU01589,TORONTO_LSE91_0012
TORONTO_LSE91_STU01589,TORONTO_LSE91_0222
TORONTO_LSE91_STU01589,TORONTO_LSE91_0226
TORONTO_LSE91_STU01590,TORONTO_LSE91_0001
TORONTO_LSE91_STU01590,TORONTO_LSE91_0029
TORONTO_LSE91_STU01590,TORONTO_LSE91_0046
TORONTO_LSE91_STU01590,TORONTO_LSE91_0339
TORONTO_LSE91_STU01591,TORONTO_LSE91_0225
TORONTO_LSE91_STU01591,TORONTO_LSE91_0226
TORONTO_LSE91_STU01591,TORONTO_LSE91_0232
TORONTO_LSE91_STU01591,TORONTO_LSE91_0236
TORONTO_LSE91_STU01592,TORONTO_LSE91_0008
TORONTO_LSE91_STU01592,TORONTO_LSE91_0365
TORONTO_LSE91_STU01592,TORONTO_LSE91_0369
TORONTO_LSE91_STU01592,TORONTO_LSE91_0374
TORONTO_LSE91_STU01593,TORONTO_LSE91_0310
TORONTO_LSE91_STU01593,TORONTO_LSE91_0311
TORONTO_LSE91_STU01593,TORONTO_LSE91_0312
TORONTO_LSE91_STU01593,TORONTO_LSE91_0315
TORONTO_LSE91_STU01594,TORONTO_LSE91_0013
TORONTO_LSE91_STU01594,TORONTO_LSE91_0014
TORONTO_LSE91_STU01594,TORONTO_LSE91_0019
TORONTO_LSE91_STU01594,TORONTO_LSE91_0020
TORONTO_LSE91_STU01595,TORONTO_LSE91_0029
TORONTO_LSE91_STU01595,TORONTO_LSE91_0034
TORONTO_LSE91_STU01595,TORONTO_LSE91_0326
TORONTO_LSE91_STU01595,TORONTO_LSE91_0330
TORONTO_LSE91_STU01595,TORONTO_LSE91_0332
TORONTO_LSE91_STU01596,TORONTO_LSE91_0001
TORONTO_LSE91_STU01596,TORONTO_LSE91_0028
TORONTO_LSE91_STU01596,TORONTO_LSE91_0289
TORONTO_LSE91_STU01596,TORONTO_LSE91_0340
TORONTO_LSE91_STU01597,TORONTO_LSE91_0028
TORONTO_LSE91_STU01597,TORONTO_LSE91_0030
TORONTO_LSE91_STU01597,TORONTO_LSE91_0268
TORONTO_LSE91_STU01597,TORONTO_LSE91_0273
TORONTO_LSE91_STU01598,TORONTO_LSE91_0021
TORONTO_LSE91_STU01598,TORONTO_LSE91_0109
TORONTO_LSE91_STU01598,TORONTO_LSE91_0110
TORONTO_LSE91_STU01598,TORONTO_LSE91_0119
TORONTO_LSE91_STU01599,TORONTO_LSE91_0026
TORONTO_LSE91_STU01599,TORONTO_LSE91_0225
TORONTO_LSE91_STU01599,TORONTO_LSE91_0226
TORONTO_LSE91_STU01599,TORONTO_LSE91_0232
TORONTO_LSE91_STU01600,TORONTO_LSE91_0001
TORONTO_LSE91_STU01600,TORONTO_LSE91_0028
TORONTO_LSE91_STU01600,TORONTO_LSE91_0030
TORONTO_LSE91_STU01600,TORONTO_LSE91_0032
TORONTO_LSE91_STU01601,TORONTO_LSE91_0267
TORONTO_LSE91_STU01601,TORONTO_LSE91_0365
TORONTO_LSE91_STU01601,TORONTO_LSE91_0368
TORONTO_LSE91_STU01601,TORONTO_LSE91_0374
TORONTO_LSE91_STU01602,TORONTO_LSE91_0002
TORONTO_LSE91_STU01602,TORONTO_LSE91_0026
TORONTO_LSE91_STU01602,TORONTO_LSE91_0028
TORONTO_LSE91_STU01602,TORONTO_LSE91_0361
TORONTO_LSE91_STU01603,TORONTO_LSE91_0225
TORONTO_LSE91_STU01603,TORONTO_LSE91_0226
TORONTO_LSE91_STU01603,TORONTO_LSE91_0232
TORONTO_LSE91_STU01603,TORONTO_LSE91_0241
TORONTO_LSE91_STU01604,TORONTO_LSE91_0002
TORONTO_LSE91_STU01604,TORONTO_LSE91_0028
TORONTO_LSE91_STU01604,TORONTO_LSE91_0229
TORONTO_LSE91_STU01604,TORONTO_LSE91_0361
TORONTO_LSE91_STU01605,TORONTO_LSE91_0225
TORONTO_LSE91_STU01605,TORONTO_LSE91_0226
TORONTO_LSE91_STU01605,TORONTO_LSE91_0241
TORONTO_LSE91_STU01605,TORONTO_LSE91_0251
TORONTO_LSE91_STU01605,TORONTO_LSE91_0252
TORONTO_LSE91_STU01606,TORONTO_LSE91_0060
TORONTO_LSE91_STU01606,TORONTO_LSE91_0142
TORONTO_LSE91_STU01606,TORONTO_LSE91_0241
TORONTO_LSE91_STU01607,TORONTO_LSE91_0028
TORONTO_LSE91_STU01607,TORONTO_LSE91_0030
TORONTO_LSE91_STU01607,TORONTO_LSE91_0060
TORONTO_LSE91_STU01608,TORONTO_LSE91_0225
TORONTO_LSE91_STU01608,TORONTO_LSE91_0226
TORONTO_LSE91_STU01608,TORONTO_LSE91_0232
TORONTO_LSE91_STU01608,TORONTO_LSE91_0241
TORONTO_LSE91_STU01609,TORONTO_LSE91_0220
TORONTO_LSE91_STU01609,TORONTO_LSE91_0221
TORONTO_LSE91_STU01609,TORONTO_LSE91_0222
TORONTO_LSE91_STU01609,TORONTO_LSE91_0223
TORONTO_LSE91_STU01610,TORONTO_LSE91_0008
TORONTO_LSE91_STU01610,TORONTO_LSE91_0057
TORONTO_LSE91_STU01610,TORONTO_LSE91_0060
TORONTO_LSE91_STU01610,TORONTO_LSE91_0146
TORONTO_LSE91_STU01611,TORONTO_LSE91_0292
TORONTO_LSE91_STU01611,TORONTO_LSE91_0293
TORONTO_LSE91_STU01611,TORONTO_LSE91_0294
TORONTO_LSE91_STU01612,TORONTO_LSE91_0320
TORONTO_LSE91_STU01612,TORONTO_LSE91_0348
TORONTO_LSE91_STU01612,TORONTO_LSE91_0349
TORONTO_LSE91_STU01613,TORONTO_LSE91_0225
TORONTO_LSE91_STU01613,TORONTO_LSE91_0226
TORONTO_LSE91_STU01613,TORONTO_LSE91_0239
TORONTO_LSE91_STU01613,TORONTO_LSE91_0241
TORONTO_LSE91_STU01614,TORONTO_LSE91_0031
TORONTO_LSE91_STU01614,TORONTO_LSE91_0054
TORONTO_LSE91_STU01614,TORONTO_LSE91_0085
TORONTO_LSE91_STU01614,TORONTO_LSE91_0310
TORONTO_LSE91_STU01615,TORONTO_LSE91_0072
TORONTO_LSE91_STU01615,TORONTO_LSE91_0076
TORONTO_LSE91_STU01615,TORONTO_LSE91_0080
TORONTO_LSE91_STU01615,TORONTO_LSE91_0134
TORONTO_LSE91_STU01616,TORONTO_LSE91_0023
TORONTO_LSE91_STU01616,TORONTO_LSE91_0057
TORONTO_LSE91_STU01616,TORONTO_LSE91_0058
TORONTO_LSE91_STU01616,TORONTO_LSE91_0059
TORONTO_LSE91_STU01617,TORONTO_LSE91_0225
TORONTO_LSE91_STU01617,TORONTO_LSE91_0226
TORONTO_LSE91_STU01617,TORONTO_LSE91_0232
TORONTO_LSE91_STU01617,TORONTO_LSE91_0241
TORONTO_LSE91_STU01618,TORONTO_LSE91_0225
TORONTO_LSE91_STU01618,TORONTO_LSE91_0226
TORONTO_LSE91_STU01618,TORONTO_LSE91_0232
TORONTO_LSE91_STU01618,TORONTO_LSE91_0238
TORONTO_LSE91_STU01619,TORONTO_LSE91_0028
TORONTO_LSE91_STU01619,TORONTO_LSE91_0030
TORONTO_LSE91_STU01619,TORONTO_LSE91_0032
TORONTO_LSE91_STU01619,TORONTO_LSE91_0063
TORONTO_LSE91_STU01620,TORONTO_LSE91_0029
TORONTO_LSE91_STU01620,TORONTO_LSE91_0033
TORONTO_LSE91_STU01620,TORONTO_LSE91_0328
TORONTO_LSE91_STU01620,TORONTO_LSE91_0329
TORONTO_LSE91_STU01620,TORONTO_LSE91_0330
TORONTO_LSE91_STU01620,TORONTO_LSE91_0332
TORONTO_LSE91_STU01621,TORONTO_LSE91_0025
TORONTO_LSE91_STU01621,TORONTO_LSE91_0028
TORONTO_LSE91_STU01621,TORONTO_LSE91_0030
TORONTO_LSE91_STU01621,TORONTO_LSE91_0059
TORONTO_LSE91_STU01621,TORONTO_LSE91_0084
TORONTO_LSE91_STU01622,TORONTO_LSE91_0008
TORONTO_LSE91_STU01622,TORONTO_LSE91_0089
TORONTO_LSE91_STU01622,TORONTO_LSE91_0142
TORONTO_LSE91_STU01623,TORONTO_LSE91_0028
TORONTO_LSE91_STU01623,TORONTO_LSE91_0030
TORONTO_LSE91_STU01623,TORONTO_LSE91_0031
TORONTO_LSE91_STU01623,TORONTO_LSE91_0268
TORONTO_LSE91_STU01624,TORONTO_LSE91_0225
TORONTO_LSE91_STU01624,TORONTO_LSE91_0226
TORONTO_LSE91_STU01624,TORONTO_LSE91_0236
TORONTO_LSE91_STU01624,TORONTO_LSE91_0241
TORONTO_LSE91_STU01625,TORONTO_LSE91_0002
TORONTO_LSE91_STU01625,TORONTO_LSE91_0028
TORONTO_LSE91_STU01625,TORONTO_LSE91_0258
TORONTO_LSE91_STU01625,TORONTO_LSE91_0361
TORONTO_LSE91_STU01626,TORONTO_LSE91_0028
TORONTO_LSE91_STU01626,TORONTO_LSE91_0030
TORONTO_LSE91_STU01626,TORONTO_LSE91_0032
TORONTO_LSE91_STU01626,TORONTO_LSE91_0268
TORONTO_LSE91_STU01627,TORONTO_LSE91_0059
TORONTO_LSE91_STU01627,TORONTO_LSE91_0060
TORONTO_LSE91_STU01627,TORONTO_LSE91_0063
TORONTO_LSE91_STU01627,TORONTO_LSE91_0350
TORONTO_LSE91_STU01627,TORONTO_LSE91_0351
TORONTO_LSE91_STU01628,TORONTO_LSE91_0225
TORONTO_LSE91_STU01628,TORONTO_LSE91_0226
TORONTO_LSE91_STU01628,TORONTO_LSE91_0227
TORONTO_LSE91_STU01628,TORONTO_LSE91_0232
TORONTO_LSE91_STU01629,TORONTO_LSE91_0028
TORONTO_LSE91_STU01629,TORONTO_LSE91_0030
TORONTO_LSE91_STU01629,TORONTO_LSE91_0059
TORONTO_LSE91_STU01629,TORONTO_LSE91_0060
TORONTO_LSE91_STU01630,TORONTO_LSE91_0028
TORONTO_LSE91_STU01630,TORONTO_LSE91_0030
TORONTO_LSE91_STU01630,TORONTO_LSE91_0032
TORONTO_LSE91_STU01630,TORONTO_LSE91_0350
TORONTO_LSE91_STU01630,TORONTO_LSE91_0351
TORONTO_LSE91_STU01631,TORONTO_LSE91_0073
TORONTO_LSE91_STU01631,TORONTO_LSE91_0142
TORONTO_LSE91_STU01631,TORONTO_LSE91_0241
TORONTO_LSE91_STU01631,TORONTO_LSE91_0373
TORONTO_LSE91_STU01632,TORONTO_LSE91_0225
TORONTO_LSE91_STU01632,TORONTO_LSE91_0226
TORONTO_LSE91_STU01632,TORONTO_LSE91_0241
TORONTO_LSE91_STU01632,TORONTO_LSE91_0251
TORONTO_LSE91_STU01632,TORONTO_LSE91_0252
TORONTO_LSE91_STU01633,TORONTO_LSE91_0002
TORONTO_LSE91_STU01633,TORONTO_LSE91_0028
TORONTO_LSE91_STU01633,TORONTO_LSE91_0320
TORONTO_LSE91_STU01633,TORONTO_LSE91_0362
TORONTO_LSE91_STU01634,TORONTO_LSE91_0310
TORONTO_LSE91_STU01634,TORONTO_LSE91_0311
TORONTO_LSE91_STU01634,TORONTO_LSE91_0312
TORONTO_LSE91_STU01634,TORONTO_LSE91_0317
TORONTO_LSE91_STU01635,TORONTO_LSE91_0073
TORONTO_LSE91_STU01635,TORONTO_LSE91_0087
TORONTO_LSE91_STU01635,TORONTO_LSE91_0142
TORONTO_LSE91_STU01636,TORONTO_LSE91_0107
TORONTO_LSE91_STU01636,TORONTO_LSE91_0118
TORONTO_LSE91_STU01636,TORONTO_LSE91_0119
TORONTO_LSE91_STU01636,TORONTO_LSE91_0289
TORONTO_LSE91_STU01637,TORONTO_LSE91_0225
TORONTO_LSE91_STU01637,TORONTO_LSE91_0226
TORONTO_LSE91_STU01637,TORONTO_LSE91_0238
TORONTO_LSE91_STU01637,TORONTO_LSE91_0241
TORONTO_LSE91_STU01638,TORONTO_LSE91_0267
TORONTO_LSE91_STU01638,TORONTO_LSE91_0310
TORONTO_LSE91_STU01638,TORONTO_LSE91_0311
TORONTO_LSE91_STU01638,TORONTO_LSE91_0319
TORONTO_LSE91_STU01639,TORONTO_LSE91_0028
TORONTO_LSE91_STU01639,TORONTO_LSE91_0031
TORONTO_LSE91_STU01639,TORONTO_LSE91_0068
TORONTO_LSE91_STU01640,TORONTO_LSE91_0002
TORONTO_LSE91_STU01640,TORONTO_LSE91_0028
TORONTO_LSE91_STU01640,TORONTO_LSE91_0269
TORONTO_LSE91_STU01640,TORONTO_LSE91_0361
TORONTO_LSE91_STU01641,TORONTO_LSE91_0001
TORONTO_LSE91_STU01641,TORONTO_LSE91_0023
TORONTO_LSE91_STU01641,TORONTO_LSE91_0026
TORONTO_LSE91_STU01641,TORONTO_LSE91_0336
TORONTO_LSE91_STU01642,TORONTO_LSE91_0028
TORONTO_LSE91_STU01642,TORONTO_LSE91_0030
TORONTO_LSE91_STU01642,TORONTO_LSE91_0031
TORONTO_LSE91_STU01642,TORONTO_LSE91_0073
TORONTO_LSE91_STU01643,TORONTO_LSE91_0028
TORONTO_LSE91_STU01643,TORONTO_LSE91_0030
TORONTO_LSE91_STU01643,TORONTO_LSE91_0059
TORONTO_LSE91_STU01643,TORONTO_LSE91_0063
TORONTO_LSE91_STU01644,TORONTO_LSE91_0010
TORONTO_LSE91_STU01644,TORONTO_LSE91_0011
TORONTO_LSE91_STU01644,TORONTO_LSE91_0015
TORONTO_LSE91_STU01645,TORONTO_LSE91_0023
TORONTO_LSE91_STU01645,TORONTO_LSE91_0025
TORONTO_LSE91_STU01645,TORONTO_LSE91_0289
TORONTO_LSE91_STU01645,TORONTO_LSE91_0336
TORONTO_LSE91_STU01646,TORONTO_LSE91_0089
TORONTO_LSE91_STU01646,TORONTO_LSE91_0142
TORONTO_LSE91_STU01646,TORONTO_LSE91_0262
TORONTO_LSE91_STU01647,TORONTO_LSE91_0109
TORONTO_LSE91_STU01647,TORONTO_LSE91_0116
TORONTO_LSE91_STU01647,TORONTO_LSE91_0119
TORONTO_LSE91_STU01647,TORONTO_LSE91_0124
TORONTO_LSE91_STU01648,TORONTO_LSE91_0088
TORONTO_LSE91_STU01648,TORONTO_LSE91_0142
TORONTO_LSE91_STU01648,TORONTO_LSE91_0241
TORONTO_LSE91_STU01649,TORONTO_LSE91_0001
TORONTO_LSE91_STU01649,TORONTO_LSE91_0030
TORONTO_LSE91_STU01650,TORONTO_LSE91_0021
TORONTO_LSE91_STU01650,TORONTO_LSE91_0140
TORONTO_LSE91_STU01650,TORONTO_LSE91_0141
TORONTO_LSE91_STU01650,TORONTO_LSE91_0142
TORONTO_LSE91_STU01651,TORONTO_LSE91_0310
TORONTO_LSE91_STU01651,TORONTO_LSE91_0311
TORONTO_LSE91_STU01651,TORONTO_LSE91_0319
TORONTO_LSE91_STU01652,TORONTO_LSE91_0010
TORONTO_LSE91_STU01652,TORONTO_LSE91_0011
TORONTO_LSE91_STU01652,TORONTO_LSE91_0019
TORONTO_LSE91_STU01652,TORONTO_LSE91_0020
TORONTO_LSE91_STU01653,TORONTO_LSE91_0028
TORONTO_LSE91_STU01653,TORONTO_LSE91_0030
TORONTO_LSE91_STU01653,TORONTO_LSE91_0031
TORONTO_LSE91_STU01653,TORONTO_LSE91_0350
TORONTO_LSE91_STU01653,TORONTO_LSE91_0351
TORONTO_LSE91_STU01654,TORONTO_LSE91_0207
TORONTO_LSE91_STU01654,TORONTO_LSE91_0209
TORONTO_LSE91_STU01654,TORONTO_LSE91_0210
TORONTO_LSE91_STU01654,TORONTO_LSE91_0219
TORONTO_LSE91_STU01655,TORONTO_LSE91_0256
TORONTO_LSE91_STU01656,TORONTO_LSE91_0026
TORONTO_LSE91_STU01656,TORONTO_LSE91_0028
TORONTO_LSE91_STU01656,TORONTO_LSE91_0030
TORONTO_LSE91_STU01656,TORONTO_LSE91_0041
TORONTO_LSE91_STU01657,TORONTO_LSE91_0001
TORONTO_LSE91_STU01657,TORONTO_LSE91_0002
TORONTO_LSE91_STU01657,TORONTO_LSE91_0025
TORONTO_LSE91_STU01657,TORONTO_LSE91_0335
TORONTO_LSE91_STU01657,TORONTO_LSE91_0350
TORONTO_LSE91_STU01657,TORONTO_LSE91_0351
TORONTO_LSE91_STU01658,TORONTO_LSE91_0268
TORONTO_LSE91_STU01658,TORONTO_LSE91_0348
TORONTO_LSE91_STU01658,TORONTO_LSE91_0351
TORONTO_LSE91_STU01659,TORONTO_LSE91_0348
TORONTO_LSE91_STU01660,TORONTO_LSE91_0001
TORONTO_LSE91_STU01660,TORONTO_LSE91_0023
TORONTO_LSE91_STU01660,TORONTO_LSE91_0026
TORONTO_LSE91_STU01660,TORONTO_LSE91_0336
TORONTO_LSE91_STU01661,TORONTO_LSE91_0023
TORONTO_LSE91_STU01661,TORONTO_LSE91_0320
TORONTO_LSE91_STU01661,TORONTO_LSE91_0321
TORONTO_LSE91_STU01661,TORONTO_LSE91_0336
TORONTO_LSE91_STU01662,TORONTO_LSE91_0220
TORONTO_LSE91_STU01662,TORONTO_LSE91_0221
TORONTO_LSE91_STU01662,TORONTO_LSE91_0222
TORONTO_LSE91_STU01662,TORONTO_LSE91_0223
TORONTO_LSE91_STU01663,TORONTO_LSE91_0023
TORONTO_LSE91_STU01663,TORONTO_LSE91_0025
TORONTO_LSE91_STU01663,TORONTO_LSE91_0289
TORONTO_LSE91_STU01663,TORONTO_LSE91_0335
TORONTO_LSE91_STU01664,TORONTO_LSE91_0001
TORONTO_LSE91_STU01664,TORONTO_LSE91_0023
TORONTO_LSE91_STU01664,TORONTO_LSE91_0336
TORONTO_LSE91_STU01664,TORONTO_LSE91_0350
TORONTO_LSE91_STU01664,TORONTO_LSE91_0351
TORONTO_LSE91_STU01665,TORONTO_LSE91_0023
TORONTO_LSE91_STU01665,TORONTO_LSE91_0026
TORONTO_LSE91_STU01665,TORONTO_LSE91_0054
TORONTO_LSE91_STU01665,TORONTO_LSE91_0336
TORONTO_LSE91_STU01666,TORONTO_LSE91_0220
TORONTO_LSE91_STU01666,TORONTO_LSE91_0221
TORONTO_LSE91_STU01666,TORONTO_LSE91_0222
TORONTO_LSE91_STU01666,TORONTO_LSE91_0223
TORONTO_LSE91_STU01667,TORONTO_LSE91_0008
TORONTO_LSE91_STU01667,TORONTO_LSE91_0071
TORONTO_LSE91_STU01667,TORONTO_LSE91_0132
TORONTO_LSE91_STU01667,TORONTO_LSE91_0198
TORONTO_LSE91_STU01668,TORONTO_LSE91_0023
TORONTO_LSE91_STU01668,TORONTO_LSE91_0026
TORONTO_LSE91_STU01668,TORONTO_LSE91_0268
TORONTO_LSE91_STU01668,TORONTO_LSE91_0270
TORONTO_LSE91_STU01669,TORONTO_LSE91_0023
TORONTO_LSE91_STU01669,TORONTO_LSE91_0026
TORONTO_LSE91_STU01669,TORONTO_LSE91_0198
TORONTO_LSE91_STU01669,TORONTO_LSE91_0336
TORONTO_LSE91_STU01670,TORONTO_LSE91_0001
TORONTO_LSE91_STU01670,TORONTO_LSE91_0023
TORONTO_LSE91_STU01670,TORONTO_LSE91_0026
TORONTO_LSE91_STU01670,TORONTO_LSE91_0336
TORONTO_LSE91_STU01671,TORONTO_LSE91_0220
TORONTO_LSE91_STU01671,TORONTO_LSE91_0221
TORONTO_LSE91_STU01671,TORONTO_LSE91_0222
TORONTO_LSE91_STU01671,TORONTO_LSE91_0223
TORONTO_LSE91_STU01672,TORONTO_LSE91_0023
TORONTO_LSE91_STU01672,TORONTO_LSE91_0198
TORONTO_LSE91_STU01672,TORONTO_LSE91_0241
TORONTO_LSE91_STU01672,TORONTO_LSE91_0268
TORONTO_LSE91_STU01673,TORONTO_LSE91_0001
TORONTO_LSE91_STU01673,TORONTO_LSE91_0023
TORONTO_LSE91_STU01673,TORONTO_LSE91_0026
TORONTO_LSE91_STU01673,TORONTO_LSE91_0336
TORONTO_LSE91_STU01674,TORONTO_LSE91_0001
TORONTO_LSE91_STU01674,TORONTO_LSE91_0023
TORONTO_LSE91_STU01674,TORONTO_LSE91_0241
TORONTO_LSE91_STU01674,TORONTO_LSE91_0336
TORONTO_LSE91_STU01675,TORONTO_LSE91_0054
TORONTO_LSE91_STU01675,TORONTO_LSE91_0133
TORONTO_LSE91_STU01675,TORONTO_LSE91_0198
TORONTO_LSE91_STU01675,TORONTO_LSE91_0289
TORONTO_LSE91_STU01676,TORONTO_LSE91_0071
TORONTO_LSE91_STU01676,TORONTO_LSE91_0073
TORONTO_LSE91_STU01676,TORONTO_LSE91_0132
TORONTO_LSE91_STU01676,TORONTO_LSE91_0257
TORONTO_LSE91_STU01677,TORONTO_LSE91_0001
TORONTO_LSE91_STU01677,TORONTO_LSE91_0023
TORONTO_LSE91_STU01677,TORONTO_LSE91_0026
TORONTO_LSE91_STU01677,TORONTO_LSE91_0335
TORONTO_LSE91_STU01678,TORONTO_LSE91_0023
TORONTO_LSE91_STU01678,TORONTO_LSE91_0026
TORONTO_LSE91_STU01678,TORONTO_LSE91_0054
TORONTO_LSE91_STU01678,TORONTO_LSE91_0335
TORONTO_LSE91_STU01679,TORONTO_LSE91_0023
TORONTO_LSE91_STU01679,TORONTO_LSE91_0026
TORONTO_LSE91_STU01679,TORONTO_LSE91_0134
TORONTO_LSE91_STU01679,TORONTO_LSE91_0336
TORONTO_LSE91_STU01680,TORONTO_LSE91_0008
TORONTO_LSE91_STU01680,TORONTO_LSE91_0009
TORONTO_LSE91_STU01681,TORONTO_LSE91_0021
TORONTO_LSE91_STU01681,TORONTO_LSE91_0054
TORONTO_LSE91_STU01681,TORONTO_LSE91_0133
TORONTO_LSE91_STU01681,TORONTO_LSE91_0198
TORONTO_LSE91_STU01682,TORONTO_LSE91_0220
TORONTO_LSE91_STU01682,TORONTO_LSE91_0221
TORONTO_LSE91_STU01682,TORONTO_LSE91_0222
TORONTO_LSE91_STU01682,TORONTO_LSE91_0223
TORONTO_LSE91_STU01683,TORONTO_LSE91_0220
TORONTO_LSE91_STU01683,TORONTO_LSE91_0221
TORONTO_LSE91_STU01683,TORONTO_LSE91_0222
TORONTO_LSE91_STU01683,TORONTO_LSE91_0223
TORONTO_LSE91_STU01684,TORONTO_LSE91_0001
TORONTO_LSE91_STU01684,TORONTO_LSE91_0023
TORONTO_LSE91_STU01684,TORONTO_LSE91_0133
TORONTO_LSE91_STU01684,TORONTO_LSE91_0336
TORONTO_LSE91_STU01685,TORONTO_LSE91_0021
TORONTO_LSE91_STU01685,TORONTO_LSE91_0320
TORONTO_LSE91_STU01685,TORONTO_LSE91_0336
TORONTO_LSE91_STU01685,TORONTO_LSE91_0348
TORONTO_LSE91_STU01685,TORONTO_LSE91_0351
TORONTO_LSE91_STU01686,TORONTO_LSE91_0306
TORONTO_LSE91_STU01686,TORONTO_LSE91_0337
TORONTO_LSE91_STU01686,TORONTO_LSE91_0366
TORONTO_LSE91_STU01687,TORONTO_LSE91_0220
TORONTO_LSE91_STU01687,TORONTO_LSE91_0221
TORONTO_LSE91_STU01687,TORONTO_LSE91_0222
TORONTO_LSE91_STU01687,TORONTO_LSE91_0223
TORONTO_LSE91_STU01688,TORONTO_LSE91_0008
TORONTO_LSE91_STU01688,TORONTO_LSE91_0023
TORONTO_LSE91_STU01688,TORONTO_LSE91_0026
TORONTO_LSE91_STU01688,TORONTO_LSE91_0336
TORONTO_LSE91_STU01689,TORONTO_LSE91_0023
TORONTO_LSE91_STU01689,TORONTO_LSE91_0026
TORONTO_LSE91_STU01689,TORONTO_LSE91_0241
TORONTO_LSE91_STU01689,TORONTO_LSE91_0336
TORONTO_LSE91_STU01690,TORONTO_LSE91_0023
TORONTO_LSE91_STU01690,TORONTO_LSE91_0025
TORONTO_LSE91_STU01690,TORONTO_LSE91_0241
TORONTO_LSE91_STU01690,TORONTO_LSE91_0335
TORONTO_LSE91_STU01691,TORONTO_LSE91_0008
TORONTO_LSE91_STU01691,TORONTO_LSE91_0133
TORONTO_LSE91_STU01691,TORONTO_LSE91_0198
TORONTO_LSE91_STU01691,TORONTO_LSE91_0241
TORONTO_LSE91_STU01692,TORONTO_LSE91_0023
TORONTO_LSE91_STU01692,TORONTO_LSE91_0026
TORONTO_LSE91_STU01692,TORONTO_LSE91_0133
TORONTO_LSE91_STU01692,TORONTO_LSE91_0335
TORONTO_LSE91_STU01693,TORONTO_LSE91_0022
TORONTO_LSE91_STU01693,TORONTO_LSE91_0025
TORONTO_LSE91_STU01693,TORONTO_LSE91_0071
TORONTO_LSE91_STU01693,TORONTO_LSE91_0198
TORONTO_LSE91_STU01694,TORONTO_LSE91_0073
TORONTO_LSE91_STU01694,TORONTO_LSE91_0337
TORONTO_LSE91_STU01694,TORONTO_LSE91_0366
TORONTO_LSE91_STU01695,TORONTO_LSE91_0008
TORONTO_LSE91_STU01695,TORONTO_LSE91_0009
TORONTO_LSE91_STU01695,TORONTO_LSE91_0221
TORONTO_LSE91_STU01695,TORONTO_LSE91_0223
TORONTO_LSE91_STU01696,TORONTO_LSE91_0001
TORONTO_LSE91_STU01696,TORONTO_LSE91_0021
TORONTO_LSE91_STU01696,TORONTO_LSE91_0224
TORONTO_LSE91_STU01696,TORONTO_LSE91_0336
TORONTO_LSE91_STU01697,TORONTO_LSE91_0271
TORONTO_LSE91_STU01697,TORONTO_LSE91_0289
TORONTO_LSE91_STU01697,TORONTO_LSE91_0290
TORONTO_LSE91_STU01697,TORONTO_LSE91_0291
TORONTO_LSE91_STU01698,TORONTO_LSE91_0008
TORONTO_LSE91_STU01698,TORONTO_LSE91_0009
TORONTO_LSE91_STU01698,TORONTO_LSE91_0267
TORONTO_LSE91_STU01699,TORONTO_LSE91_0022
TORONTO_LSE91_STU01699,TORONTO_LSE91_0198
TORONTO_LSE91_STU01699,TORONTO_LSE91_0241
TORONTO_LSE91_STU01699,TORONTO_LSE91_0366
TORONTO_LSE91_STU01700,TORONTO_LSE91_0133
TORONTO_LSE91_STU01700,TORONTO_LSE91_0198
TORONTO_LSE91_STU01700,TORONTO_LSE91_0258
TORONTO_LSE91_STU01700,TORONTO_LSE91_0289
TORONTO_LSE91_STU01701,TORONTO_LSE91_0306
TORONTO_LSE91_STU01701,TORONTO_LSE91_0337
TORONTO_LSE91_STU01701,TORONTO_LSE91_0366
TORONTO_LSE91_STU01702,TORONTO_LSE91_0001
TORONTO_LSE91_STU01702,TORONTO_LSE91_0023
TORONTO_LSE91_STU01702,TORONTO_LSE91_0336
TORONTO_LSE91_STU01702,TORONTO_LSE91_0366
TORONTO_LSE91_STU01703,TORONTO_LSE91_0318
TORONTO_LSE91_STU01703,TORONTO_LSE91_0337
TORONTO_LSE91_STU01703,TORONTO_LSE91_0368
TORONTO_LSE91_STU01703,TORONTO_LSE91_0373
TORONTO_LSE91_STU01704,TORONTO_LSE91_0198
TORONTO_LSE91_STU01704,TORONTO_LSE91_0268
TORONTO_LSE91_STU01704,TORONTO_LSE91_0270
TORONTO_LSE91_STU01704,TORONTO_LSE91_0271
TORONTO_LSE91_STU01705,TORONTO_LSE91_0021
TORONTO_LSE91_STU01705,TORONTO_LSE91_0104
TORONTO_LSE91_STU01705,TORONTO_LSE91_0134
TORONTO_LSE91_STU01705,TORONTO_LSE91_0198
TORONTO_LSE91_STU01706,TORONTO_LSE91_0024
TORONTO_LSE91_STU01706,TORONTO_LSE91_0320
TORONTO_LSE91_STU01706,TORONTO_LSE91_0336
TORONTO_LSE91_STU01706,TORONTO_LSE91_0348
TORONTO_LSE91_STU01706,TORONTO_LSE91_0351
TORONTO_LSE91_STU01707,TORONTO_LSE91_0021
TORONTO_LSE91_STU01707,TORONTO_LSE91_0071
TORONTO_LSE91_STU01707,TORONTO_LSE91_0134
TORONTO_LSE91_STU01707,TORONTO_LSE91_0198
TORONTO_LSE91_STU01708,TORONTO_LSE91_0001
TORONTO_LSE91_STU01708,TORONTO_LSE91_0021
TORONTO_LSE91_STU01708,TORONTO_LSE91_0335
TORONTO_LSE91_STU01708,TORONTO_LSE91_0350
TORONTO_LSE91_STU01708,TORONTO_LSE91_0351
TORONTO_LSE91_STU01709,TORONTO_LSE91_0023
TORONTO_LSE91_STU01709,TORONTO_LSE91_0026
TORONTO_LSE91_STU01709,TORONTO_LSE91_0336
TORONTO_LSE91_STU01709,TORONTO_LSE91_0350
TORONTO_LSE91_STU01709,TORONTO_LSE91_0351
TORONTO_LSE91_STU01710,TORONTO_LSE91_0104
TORONTO_LSE91_STU01710,TORONTO_LSE91_0105
TORONTO_LSE91_STU01710,TORONTO_LSE91_0106
TORONTO_LSE91_STU01710,TORONTO_LSE91_0282
TORONTO_LSE91_STU01711,TORONTO_LSE91_0289
TORONTO_LSE91_STU01711,TORONTO_LSE91_0290
TORONTO_LSE91_STU01711,TORONTO_LSE91_0291
TORONTO_LSE91_STU01711,TORONTO_LSE91_0350
TORONTO_LSE91_STU01711,TORONTO_LSE91_0351
TORONTO_LSE91_STU01712,TORONTO_LSE91_0220
TORONTO_LSE91_STU01712,TORONTO_LSE91_0221
TORONTO_LSE91_STU01712,TORONTO_LSE91_0222
TORONTO_LSE91_STU01712,TORONTO_LSE91_0223
TORONTO_LSE91_STU01713,TORONTO_LSE91_0021
TORONTO_LSE91_STU01713,TORONTO_LSE91_0320
TORONTO_LSE91_STU01713,TORONTO_LSE91_0336
TORONTO_LSE91_STU01713,TORONTO_LSE91_0348
TORONTO_LSE91_STU01713,TORONTO_LSE91_0351
TORONTO_LSE91_STU01714,TORONTO_LSE91_0001
TORONTO_LSE91_STU01714,TORONTO_LSE91_0023
TORONTO_LSE91_STU01714,TORONTO_LSE91_0320
TORONTO_LSE91_STU01714,TORONTO_LSE91_0336
TORONTO_LSE91_STU01715,TORONTO_LSE91_0001
TORONTO_LSE91_STU01715,TORONTO_LSE91_0023
TORONTO_LSE91_STU01715,TORONTO_LSE91_0336
TORONTO_LSE91_STU01715,TORONTO_LSE91_0350
TORONTO_LSE91_STU01715,TORONTO_LSE91_0351
TORONTO_LSE91_STU01716,TORONTO_LSE91_0023
TORONTO_LSE91_STU01716,TORONTO_LSE91_0026
TORONTO_LSE91_STU01716,TORONTO_LSE91_0336
TORONTO_LSE91_STU01716,TORONTO_LSE91_0350
TORONTO_LSE91_STU01716,TORONTO_LSE91_0351
TORONTO_LSE91_STU01717,TORONTO_LSE91_0023
TORONTO_LSE91_STU01717,TORONTO_LSE91_0320
TORONTO_LSE91_STU01717,TORONTO_LSE91_0336
TORONTO_LSE91_STU01717,TORONTO_LSE91_0350
TORONTO_LSE91_STU01717,TORONTO_LSE91_0351
TORONTO_LSE91_STU01718,TORONTO_LSE91_0008
TORONTO_LSE91_STU01718,TORONTO_LSE91_0071
TORONTO_LSE91_STU01718,TORONTO_LSE91_0134
TORONTO_LSE91_STU01718,TORONTO_LSE91_0271
TORONTO_LSE91_STU01719,TORONTO_LSE91_0104
TORONTO_LSE91_STU01719,TORONTO_LSE91_0105
TORONTO_LSE91_STU01719,TORONTO_LSE91_0106
TORONTO_LSE91_STU01719,TORONTO_LSE91_0282
TORONTO_LSE91_STU01720,TORONTO_LSE91_0001
TORONTO_LSE91_STU01720,TORONTO_LSE91_0021
TORONTO_LSE91_STU01720,TORONTO_LSE91_0320
TORONTO_LSE91_STU01720,TORONTO_LSE91_0336
TORONTO_LSE91_STU01721,TORONTO_LSE91_0071
TORONTO_LSE91_STU01721,TORONTO_LSE91_0073
TORONTO_LSE91_STU01721,TORONTO_LSE91_0134
TORONTO_LSE91_STU01721,TORONTO_LSE91_0258
TORONTO_LSE91_STU01722,TORONTO_LSE91_0023
TORONTO_LSE91_STU01722,TORONTO_LSE91_0134
TORONTO_LSE91_STU01722,TORONTO_LSE91_0320
TORONTO_LSE91_STU01722,TORONTO_LSE91_0336
TORONTO_LSE91_STU01723,TORONTO_LSE91_0001
TORONTO_LSE91_STU01723,TORONTO_LSE91_0023
TORONTO_LSE91_STU01723,TORONTO_LSE91_0026
TORONTO_LSE91_STU01723,TORONTO_LSE91_0335
TORONTO_LSE91_STU01724,TORONTO_LSE91_0021
TORONTO_LSE91_STU01724,TORONTO_LSE91_0104
TORONTO_LSE91_STU01724,TORONTO_LSE91_0105
TORONTO_LSE91_STU01724,TORONTO_LSE91_0106
TORONTO_LSE91_STU01725,TORONTO_LSE91_0071
TORONTO_LSE91_STU01725,TORONTO_LSE91_0289
TORONTO_LSE91_STU01725,TORONTO_LSE91_0337
TORONTO_LSE91_STU01725,TORONTO_LSE91_0366
TORONTO_LSE91_STU01726,TORONTO_LSE91_0220
TORONTO_LSE91_STU01726,TORONTO_LSE91_0221
TORONTO_LSE91_STU01726,TORONTO_LSE91_0222
TORONTO_LSE91_STU01726,TORONTO_LSE91_0223
TORONTO_LSE91_STU01727,TORONTO_LSE91_0021
TORONTO_LSE91_STU01727,TORONTO_LSE91_0025
TORONTO_LSE91_STU01727,TORONTO_LSE91_0258
TORONTO_LSE91_STU01727,TORONTO_LSE91_0335
TORONTO_LSE91_STU01728,TORONTO_LSE91_0022
TORONTO_LSE91_STU01728,TORONTO_LSE91_0054
TORONTO_LSE91_STU01728,TORONTO_LSE91_0133
TORONTO_LSE91_STU01728,TORONTO_LSE91_0198
TORONTO_LSE91_STU01729,TORONTO_LSE91_0023
TORONTO_LSE91_STU01729,TORONTO_LSE91_0026
TORONTO_LSE91_STU01729,TORONTO_LSE91_0270
TORONTO_LSE91_STU01729,TORONTO_LSE91_0336
TORONTO_LSE91_STU01730,TORONTO_LSE91_0023
TORONTO_LSE91_STU01730,TORONTO_LSE91_0026
TORONTO_LSE91_STU01730,TORONTO_LSE91_0257
TORONTO_LSE91_STU01730,TORONTO_LSE91_0336
TORONTO_LSE91_STU01731,TORONTO_LSE91_0220
TORONTO_LSE91_STU01731,TORONTO_LSE91_0221
TORONTO_LSE91_STU01731,TORONTO_LSE91_0222
TORONTO_LSE91_STU01731,TORONTO_LSE91_0223
TORONTO_LSE91_STU01732,TORONTO_LSE91_0023
TORONTO_LSE91_STU01732,TORONTO_LSE91_0025
TORONTO_LSE91_STU01732,TORONTO_LSE91_0336
TORONTO_LSE91_STU01732,TORONTO_LSE91_0350
TORONTO_LSE91_STU01732,TORONTO_LSE91_0351
TORONTO_LSE91_STU01733,TORONTO_LSE91_0001
TORONTO_LSE91_STU01733,TORONTO_LSE91_0023
TORONTO_LSE91_STU01733,TORONTO_LSE91_0320
TORONTO_LSE91_STU01733,TORONTO_LSE91_0336
TORONTO_LSE91_STU01734,TORONTO_LSE91_0024
TORONTO_LSE91_STU01734,TORONTO_LSE91_0270
TORONTO_LSE91_STU01734,TORONTO_LSE91_0320
TORONTO_LSE91_STU01734,TORONTO_LSE91_0336
TORONTO_LSE91_STU01735,TORONTO_LSE91_0320
TORONTO_LSE91_STU01735,TORONTO_LSE91_0336
TORONTO_LSE91_STU01735,TORONTO_LSE91_0348
TORONTO_LSE91_STU01735,TORONTO_LSE91_0349
TORONTO_LSE91_STU01735,TORONTO_LSE91_0350
TORONTO_LSE91_STU01735,TORONTO_LSE91_0351
TORONTO_LSE91_STU01736,TORONTO_LSE91_0001
TORONTO_LSE91_STU01736,TORONTO_LSE91_0023
TORONTO_LSE91_STU01736,TORONTO_LSE91_0336
TORONTO_LSE91_STU01736,TORONTO_LSE91_0350
TORONTO_LSE91_STU01736,TORONTO_LSE91_0351
TORONTO_LSE91_STU01737,TORONTO_LSE91_0001
TORONTO_LSE91_STU01737,TORONTO_LSE91_0021
TORONTO_LSE91_STU01737,TORONTO_LSE91_0336
TORONTO_LSE91_STU01737,TORONTO_LSE91_0350
TORONTO_LSE91_STU01737,TORONTO_LSE91_0351
TORONTO_LSE91_STU01738,TORONTO_LSE91_0055
TORONTO_LSE91_STU01738,TORONTO_LSE91_0198
TORONTO_LSE91_STU01738,TORONTO_LSE91_0241
TORONTO_LSE91_STU01738,TORONTO_LSE91_0257
TORONTO_LSE91_STU01739,TORONTO_LSE91_0023
TORONTO_LSE91_STU01739,TORONTO_LSE91_0025
TORONTO_LSE91_STU01739,TORONTO_LSE91_0054
TORONTO_LSE91_STU01739,TORONTO_LSE91_0270
TORONTO_LSE91_STU01740,TORONTO_LSE91_0220
TORONTO_LSE91_STU01740,TORONTO_LSE91_0221
TORONTO_LSE91_STU01740,TORONTO_LSE91_0222
TORONTO_LSE91_STU01740,TORONTO_LSE91_0223
TORONTO_LSE91_STU01741,TORONTO_LSE91_0220
TORONTO_LSE91_STU01741,TORONTO_LSE91_0221
TORONTO_LSE91_STU01741,TORONTO_LSE91_0222
TORONTO_LSE91_STU01741,TORONTO_LSE91_0223
TORONTO_LSE91_STU01742,TORONTO_LSE91_0001
TORONTO_LSE91_STU01742,TORONTO_LSE91_0023
TORONTO_LSE91_STU01742,TORONTO_LSE91_0025
TORONTO_LSE91_STU01742,TORONTO_LSE91_0335
TORONTO_LSE91_STU01743,TORONTO_LSE91_0001
TORONTO_LSE91_STU01743,TORONTO_LSE91_0021
TORONTO_LSE91_STU01743,TORONTO_LSE91_0026
TORONTO_LSE91_STU01743,TORONTO_LSE91_0336
TORONTO_LSE91_STU01744,TORONTO_LSE91_0220
TORONTO_LSE91_STU01744,TORONTO_LSE91_0221
TORONTO_LSE91_STU01744,TORONTO_LSE91_0222
TORONTO_LSE91_STU01744,TORONTO_LSE91_0223
TORONTO_LSE91_STU01745,TORONTO_LSE91_0021
TORONTO_LSE91_STU01745,TORONTO_LSE91_0104
TORONTO_LSE91_STU01745,TORONTO_LSE91_0105
TORONTO_LSE91_STU01745,TORONTO_LSE91_0106
TORONTO_LSE91_STU01746,TORONTO_LSE91_0001
TORONTO_LSE91_STU01746,TORONTO_LSE91_0023
TORONTO_LSE91_STU01746,TORONTO_LSE91_0335
TORONTO_LSE91_STU01746,TORONTO_LSE91_0350
TORONTO_LSE91_STU01746,TORONTO_LSE91_0351
TORONTO_LSE91_STU01747,TORONTO_LSE91_0008
TORONTO_LSE91_STU01747,TORONTO_LSE91_0022
TORONTO_LSE91_STU01747,TORONTO_LSE91_0134
TORONTO_LSE91_STU01747,TORONTO_LSE91_0178
TORONTO_LSE91_STU01748,TORONTO_LSE91_0024
TORONTO_LSE91_STU01748,TORONTO_LSE91_0320
TORONTO_LSE91_STU01748,TORONTO_LSE91_0348
TORONTO_LSE91_STU01748,TORONTO_LSE91_0349
TORONTO_LSE91_STU01748,TORONTO_LSE91_0350
TORONTO_LSE91_STU01748,TORONTO_LSE91_0351
TORONTO_LSE91_STU01749,TORONTO_LSE91_0023
TORONTO_LSE91_STU01749,TORONTO_LSE91_0025
TORONTO_LSE91_STU01749,TORONTO_LSE91_0054
TORONTO_LSE91_STU01749,TORONTO_LSE91_0335
TORONTO_LSE91_STU01750,TORONTO_LSE91_0023
TORONTO_LSE91_STU01750,TORONTO_LSE91_0026
TORONTO_LSE91_STU01750,TORONTO_LSE91_0336
TORONTO_LSE91_STU01750,TORONTO_LSE91_0350
TORONTO_LSE91_STU01750,TORONTO_LSE91_0351
TORONTO_LSE91_STU01751,TORONTO_LSE91_0073
TORONTO_LSE91_STU01751,TORONTO_LSE91_0224
TORONTO_LSE91_STU01751,TORONTO_LSE91_0268
TORONTO_LSE91_STU01751,TORONTO_LSE91_0289
TORONTO_LSE91_STU01752,TORONTO_LSE91_0220
TORONTO_LSE91_STU01752,TORONTO_LSE91_0221
TORONTO_LSE91_STU01752,TORONTO_LSE91_0222
TORONTO_LSE91_STU01752,TORONTO_LSE91_0223
TORONTO_LSE91_STU01753,TORONTO_LSE91_0023
TORONTO_LSE91_STU01753,TORONTO_LSE91_0025
TORONTO_LSE91_STU01753,TORONTO_LSE91_0054
TORONTO_LSE91_STU01753,TORONTO_LSE91_0335
TORONTO_LSE91_STU01754,TORONTO_LSE91_0023
TORONTO_LSE91_STU01754,TORONTO_LSE91_0320
TORONTO_LSE91_STU01754,TORONTO_LSE91_0321
TORONTO_LSE91_STU01754,TORONTO_LSE91_0350
TORONTO_LSE91_STU01754,TORONTO_LSE91_0351
TORONTO_LSE91_STU01755,TORONTO_LSE91_0001
TORONTO_LSE91_STU01755,TORONTO_LSE91_0023
TORONTO_LSE91_STU01755,TORONTO_LSE91_0336
TORONTO_LSE91_STU01755,TORONTO_LSE91_0348
TORONTO_LSE91_STU01755,TORONTO_LSE91_0351
TORONTO_LSE91_STU01756,TORONTO_LSE91_0001
TORONTO_LSE91_STU01756,TORONTO_LSE91_0023
TORONTO_LSE91_STU01756,TORONTO_LSE91_0026
TORONTO_LSE91_STU01756,TORONTO_LSE91_0336
TORONTO_LSE91_STU01757,TORONTO_LSE91_0024
TORONTO_LSE91_STU01757,TORONTO_LSE91_0320
TORONTO_LSE91_STU01757,TORONTO_LSE91_0321
TORONTO_LSE91_STU01757,TORONTO_LSE91_0336
TORONTO_LSE91_STU01758,TORONTO_LSE91_0001
TORONTO_LSE91_STU01758,TORONTO_LSE91_0021
TORONTO_LSE91_STU01758,TORONTO_LSE91_0025
TORONTO_LSE91_STU01758,TORONTO_LSE91_0335
TORONTO_LSE91_STU01759,TORONTO_LSE91_0008
TORONTO_LSE91_STU01759,TORONTO_LSE91_0104
TORONTO_LSE91_STU01759,TORONTO_LSE91_0105
TORONTO_LSE91_STU01759,TORONTO_LSE91_0106
TORONTO_LSE91_STU01760,TORONTO_LSE91_0001
TORONTO_LSE91_STU01760,TORONTO_LSE91_0023
TORONTO_LSE91_STU01760,TORONTO_LSE91_0025
TORONTO_LSE91_STU01760,TORONTO_LSE91_0335
TORONTO_LSE91_STU01761,TORONTO_LSE91_0001
TORONTO_LSE91_STU01761,TORONTO_LSE91_0023
TORONTO_LSE91_STU01761,TORONTO_LSE91_0026
TORONTO_LSE91_STU01761,TORONTO_LSE91_0336
TORONTO_LSE91_STU01762,TORONTO_LSE91_0023
TORONTO_LSE91_STU01762,TORONTO_LSE91_0026
TORONTO_LSE91_STU01762,TORONTO_LSE91_0257
TORONTO_LSE91_STU01762,TORONTO_LSE91_0336
TORONTO_LSE91_STU01763,TORONTO_LSE91_0001
TORONTO_LSE91_STU01763,TORONTO_LSE91_0023
TORONTO_LSE91_STU01763,TORONTO_LSE91_0320
TORONTO_LSE91_STU01763,TORONTO_LSE91_0336
TORONTO_LSE91_STU01764,TORONTO_LSE91_0220
TORONTO_LSE91_STU01764,TORONTO_LSE91_0221
TORONTO_LSE91_STU01764,TORONTO_LSE91_0222
TORONTO_LSE91_STU01764,TORONTO_LSE91_0223
TORONTO_LSE91_STU01765,TORONTO_LSE91_0023
TORONTO_LSE91_STU01765,TORONTO_LSE91_0025
TORONTO_LSE91_STU01765,TORONTO_LSE91_0073
TORONTO_LSE91_STU01765,TORONTO_LSE91_0335
TORONTO_LSE91_STU01766,TORONTO_LSE91_0008
TORONTO_LSE91_STU01766,TORONTO_LSE91_0009
TORONTO_LSE91_STU01766,TORONTO_LSE91_0267
TORONTO_LSE91_STU01767,TORONTO_LSE91_0220
TORONTO_LSE91_STU01767,TORONTO_LSE91_0221
TORONTO_LSE91_STU01767,TORONTO_LSE91_0222
TORONTO_LSE91_STU01767,TORONTO_LSE91_0223
TORONTO_LSE91_STU01768,TORONTO_LSE91_0008
TORONTO_LSE91_STU01768,TORONTO_LSE91_0009
TORONTO_LSE91_STU01768,TORONTO_LSE91_0134
TORONTO_LSE91_STU01769,TORONTO_LSE91_0023
TORONTO_LSE91_STU01769,TORONTO_LSE91_0055
TORONTO_LSE91_STU01769,TORONTO_LSE91_0071
TORONTO_LSE91_STU01769,TORONTO_LSE91_0366
TORONTO_LSE91_STU01770,TORONTO_LSE91_0001
TORONTO_LSE91_STU01770,TORONTO_LSE91_0023
TORONTO_LSE91_STU01770,TORONTO_LSE91_0336
TORONTO_LSE91_STU01770,TORONTO_LSE91_0350
TORONTO_LSE91_STU01770,TORONTO_LSE91_0351
TORONTO_LSE91_STU01771,TORONTO_LSE91_0023
TORONTO_LSE91_STU01771,TORONTO_LSE91_0320
TORONTO_LSE91_STU01771,TORONTO_LSE91_0336
TORONTO_LSE91_STU01771,TORONTO_LSE91_0348
TORONTO_LSE91_STU01771,TORONTO_LSE91_0351
TORONTO_LSE91_STU01772,TORONTO_LSE91_0023
TORONTO_LSE91_STU01772,TORONTO_LSE91_0026
TORONTO_LSE91_STU01772,TORONTO_LSE91_0335
TORONTO_LSE91_STU01772,TORONTO_LSE91_0350
TORONTO_LSE91_STU01772,TORONTO_LSE91_0351
TORONTO_LSE91_STU01773,TORONTO_LSE91_0008
TORONTO_LSE91_STU01773,TORONTO_LSE91_0133
TORONTO_LSE91_STU01773,TORONTO_LSE91_0198
TORONTO_LSE91_STU01773,TORONTO_LSE91_0241
TORONTO_LSE91_STU01774,TORONTO_LSE91_0104
TORONTO_LSE91_STU01774,TORONTO_LSE91_0105
TORONTO_LSE91_STU01774,TORONTO_LSE91_0106
TORONTO_LSE91_STU01774,TORONTO_LSE91_0282
TORONTO_LSE91_STU01775,TORONTO_LSE91_0008
TORONTO_LSE91_STU01775,TORONTO_LSE91_0009
TORONTO_LSE91_STU01775,TORONTO_LSE91_0289
TORONTO_LSE91_STU01776,TORONTO_LSE91_0001
TORONTO_LSE91_STU01776,TORONTO_LSE91_0023
TORONTO_LSE91_STU01776,TORONTO_LSE91_0026
TORONTO_LSE91_STU01776,TORONTO_LSE91_0336
TORONTO_LSE91_STU01777,TORONTO_LSE91_0024
TORONTO_LSE91_STU01777,TORONTO_LSE91_0320
TORONTO_LSE91_STU01777,TORONTO_LSE91_0321
TORONTO_LSE91_STU01777,TORONTO_LSE91_0336
TORONTO_LSE91_STU01778,TORONTO_LSE91_0022
TORONTO_LSE91_STU01778,TORONTO_LSE91_0134
TORONTO_LSE91_STU01778,TORONTO_LSE91_0198
TORONTO_LSE91_STU01778,TORONTO_LSE91_0241
TORONTO_LSE91_STU01779,TORONTO_LSE91_0024
TORONTO_LSE91_STU01779,TORONTO_LSE91_0320
TORONTO_LSE91_STU01779,TORONTO_LSE91_0321
TORONTO_LSE91_STU01779,TORONTO_LSE91_0336
TORONTO_LSE91_STU01780,TORONTO_LSE91_0023
TORONTO_LSE91_STU01780,TORONTO_LSE91_0026
TORONTO_LSE91_STU01780,TORONTO_LSE91_0054
TORONTO_LSE91_STU01780,TORONTO_LSE91_0336
TORONTO_LSE91_STU01781,TORONTO_LSE91_0001
TORONTO_LSE91_STU01781,TORONTO_LSE91_0023
TORONTO_LSE91_STU01781,TORONTO_LSE91_0026
TORONTO_LSE91_STU01781,TORONTO_LSE91_0335
TORONTO_LSE91_STU01782,TORONTO_LSE91_0023
TORONTO_LSE91_STU01782,TORONTO_LSE91_0071
TORONTO_LSE91_STU01782,TORONTO_LSE91_0073
TORONTO_LSE91_STU01782,TORONTO_LSE91_0289
TORONTO_LSE91_STU01783,TORONTO_LSE91_0023
TORONTO_LSE91_STU01783,TORONTO_LSE91_0320
TORONTO_LSE91_STU01783,TORONTO_LSE91_0321
TORONTO_LSE91_STU01783,TORONTO_LSE91_0336
TORONTO_LSE91_STU01784,TORONTO_LSE91_0023
TORONTO_LSE91_STU01784,TORONTO_LSE91_0026
TORONTO_LSE91_STU01784,TORONTO_LSE91_0336
TORONTO_LSE91_STU01784,TORONTO_LSE91_0350
TORONTO_LSE91_STU01784,TORONTO_LSE91_0351
TORONTO_LSE91_STU01785,TORONTO_LSE91_0023
TORONTO_LSE91_STU01785,TORONTO_LSE91_0320
TORONTO_LSE91_STU01785,TORONTO_LSE91_0336
TORONTO_LSE91_STU01785,TORONTO_LSE91_0350
TORONTO_LSE91_STU01785,TORONTO_LSE91_0351
TORONTO_LSE91_STU01786,TORONTO_LSE91_0001
TORONTO_LSE91_STU01786,TORONTO_LSE91_0021
TORONTO_LSE91_STU01786,TORONTO_LSE91_0270
TORONTO_LSE91_STU01786,TORONTO_LSE91_0336
TORONTO_LSE91_STU01787,TORONTO_LSE91_0001
TORONTO_LSE91_STU01787,TORONTO_LSE91_0023
TORONTO_LSE91_STU01787,TORONTO_LSE91_0026
TORONTO_LSE91_STU01787,TORONTO_LSE91_0336
TORONTO_LSE91_STU01788,TORONTO_LSE91_0220
TORONTO_LSE91_STU01788,TORONTO_LSE91_0221
TORONTO_LSE91_STU01788,TORONTO_LSE91_0222
TORONTO_LSE91_STU01788,TORONTO_LSE91_0223
TORONTO_LSE91_STU01789,TORONTO_LSE91_0023
TORONTO_LSE91_STU01789,TORONTO_LSE91_0320
TORONTO_LSE91_STU01789,TORONTO_LSE91_0321
TORONTO_LSE91_STU01789,TORONTO_LSE91_0336
TORONTO_LSE91_STU01790,TORONTO_LSE91_0001
TORONTO_LSE91_STU01790,TORONTO_LSE91_0021
TORONTO_LSE91_STU01790,TORONTO_LSE91_0336
TORONTO_LSE91_STU01790,TORONTO_LSE91_0350
TORONTO_LSE91_STU01790,TORONTO_LSE91_0351
TORONTO_LSE91_STU01791,TORONTO_LSE91_0220
TORONTO_LSE91_STU01791,TORONTO_LSE91_0221
TORONTO_LSE91_STU01791,TORONTO_LSE91_0222
TORONTO_LSE91_STU01791,TORONTO_LSE91_0223
TORONTO_LSE91_STU01792,TORONTO_LSE91_0220
TORONTO_LSE91_STU01792,TORONTO_LSE91_0221
TORONTO_LSE91_STU01792,TORONTO_LSE91_0222
TORONTO_LSE91_STU01792,TORONTO_LSE91_0223
TORONTO_LSE91_STU01793,TORONTO_LSE91_0073
TORONTO_LSE91_STU01793,TORONTO_LSE91_0133
TORONTO_LSE91_STU01793,TORONTO_LSE91_0224
TORONTO_LSE91_STU01793,TORONTO_LSE91_0366
TORONTO_LSE91_STU01794,TORONTO_LSE91_0220
TORONTO_LSE91_STU01794,TORONTO_LSE91_0221
TORONTO_LSE91_STU01794,TORONTO_LSE91_0222
TORONTO_LSE91_STU01794,TORONTO_LSE91_0223
TORONTO_LSE91_STU01795,TORONTO_LSE91_0001
TORONTO_LSE91_STU01795,TORONTO_LSE91_0024
TORONTO_LSE91_STU01795,TORONTO_LSE91_0320
TORONTO_LSE91_STU01795,TORONTO_LSE91_0336
TORONTO_LSE91_STU01796,TORONTO_LSE91_0021
TORONTO_LSE91_STU01796,TORONTO_LSE91_0071
TORONTO_LSE91_STU01796,TORONTO_LSE91_0073
TORONTO_LSE91_STU01796,TORONTO_LSE91_0133
TORONTO_LSE91_STU01797,TORONTO_LSE91_0023
TORONTO_LSE91_STU01797,TORONTO_LSE91_0055
TORONTO_LSE91_STU01797,TORONTO_LSE91_0320
TORONTO_LSE91_STU01797,TORONTO_LSE91_0336
TORONTO_LSE91_STU01798,TORONTO_LSE91_0023
TORONTO_LSE91_STU01798,TORONTO_LSE91_0026
TORONTO_LSE91_STU01798,TORONTO_LSE91_0224
TORONTO_LSE91_STU01798,TORONTO_LSE91_0336
TORONTO_LSE91_STU01799,TORONTO_LSE91_0023
TORONTO_LSE91_STU01799,TORONTO_LSE91_0026
TORONTO_LSE91_STU01799,TORONTO_LSE91_0289
TORONTO_LSE91_STU01799,TORONTO_LSE91_0336
TORONTO_LSE91_STU01800,TORONTO_LSE91_0023
TORONTO_LSE91_STU01800,TORONTO_LSE91_0073
TORONTO_LSE91_STU01800,TORONTO_LSE91_0320
TORONTO_LSE91_STU01800,TORONTO_LSE91_0336
TORONTO_LSE91_STU01801,TORONTO_LSE91_0023
TORONTO_LSE91_STU01801,TORONTO_LSE91_0026
TORONTO_LSE91_STU01801,TORONTO_LSE91_0054
TORONTO_LSE91_STU01801,TORONTO_LSE91_0335
TORONTO_LSE91_STU01802,TORONTO_LSE91_0220
TORONTO_LSE91_STU01802,TORONTO_LSE91_0221
TORONTO_LSE91_STU01802,TORONTO_LSE91_0222
TORONTO_LSE91_STU01802,TORONTO_LSE91_0223
TORONTO_LSE91_STU01803,TORONTO_LSE91_0220
TORONTO_LSE91_STU01803,TORONTO_LSE91_0221
TORONTO_LSE91_STU01803,TORONTO_LSE91_0222
TORONTO_LSE91_STU01803,TORONTO_LSE91_0223
TORONTO_LSE91_STU01804,TORONTO_LSE91_0022
TORONTO_LSE91_STU01804,TORONTO_LSE91_0054
TORONTO_LSE91_STU01804,TORONTO_LSE91_0198
TORONTO_LSE91_STU01804,TORONTO_LSE91_0241
TORONTO_LSE91_STU01805,TORONTO_LSE91_0001
TORONTO_LSE91_STU01805,TORONTO_LSE91_0023
TORONTO_LSE91_STU01805,TORONTO_LSE91_0026
TORONTO_LSE91_STU01805,TORONTO_LSE91_0335
TORONTO_LSE91_STU01806,TORONTO_LSE91_0220
TORONTO_LSE91_STU01806,TORONTO_LSE91_0221
TORONTO_LSE91_STU01806,TORONTO_LSE91_0222
TORONTO_LSE91_STU01806,TORONTO_LSE91_0223
TORONTO_LSE91_STU01807,TORONTO_LSE91_0001
TORONTO_LSE91_STU01807,TORONTO_LSE91_0023
TORONTO_LSE91_STU01807,TORONTO_LSE91_0026
TORONTO_LSE91_STU01807,TORONTO_LSE91_0336
TORONTO_LSE91_STU01808,TORONTO_LSE91_0023
TORONTO_LSE91_STU01808,TORONTO_LSE91_0268
TORONTO_LSE91_STU01808,TORONTO_LSE91_0270
TORONTO_LSE91_STU01808,TORONTO_LSE91_0271
TORONTO_LSE91_STU01809,TORONTO_LSE91_0001
TORONTO_LSE91_STU01809,TORONTO_LSE91_0021
TORONTO_LSE91_STU01809,TORONTO_LSE91_0026
TORONTO_LSE91_STU01809,TORONTO_LSE91_0335
TORONTO_LSE91_STU01810,TORONTO_LSE91_0023
TORONTO_LSE91_STU01810,TORONTO_LSE91_0026
TORONTO_LSE91_STU01810,TORONTO_LSE91_0133
TORONTO_LSE91_STU01810,TORONTO_LSE91_0335
TORONTO_LSE91_STU01811,TORONTO_LSE91_0023
TORONTO_LSE91_STU01811,TORONTO_LSE91_0026
TORONTO_LSE91_STU01811,TORONTO_LSE91_0054
TORONTO_LSE91_STU01811,TORONTO_LSE91_0336
TORONTO_LSE91_STU01812,TORONTO_LSE91_0220
TORONTO_LSE91_STU01812,TORONTO_LSE91_0221
TORONTO_LSE91_STU01812,TORONTO_LSE91_0222
TORONTO_LSE91_STU01812,TORONTO_LSE91_0223
TORONTO_LSE91_STU01813,TORONTO_LSE91_0071
TORONTO_LSE91_STU01813,TORONTO_LSE91_0133
TORONTO_LSE91_STU01813,TORONTO_LSE91_0271
TORONTO_LSE91_STU01813,TORONTO_LSE91_0366
TORONTO_LSE91_STU01814,TORONTO_LSE91_0133
TORONTO_LSE91_STU01814,TORONTO_LSE91_0198
TORONTO_LSE91_STU01814,TORONTO_LSE91_0241
TORONTO_LSE91_STU01814,TORONTO_LSE91_0366
TORONTO_LSE91_STU01815,TORONTO_LSE91_0023
TORONTO_LSE91_STU01815,TORONTO_LSE91_0026
TORONTO_LSE91_STU01815,TORONTO_LSE91_0270
TORONTO_LSE91_STU01815,TORONTO_LSE91_0336
TORONTO_LSE91_STU01816,TORONTO_LSE91_0001
TORONTO_LSE91_STU01816,TORONTO_LSE91_0021
TORONTO_LSE91_STU01816,TORONTO_LSE91_0026
TORONTO_LSE91_STU01816,TORONTO_LSE91_0336
TORONTO_LSE91_STU01817,TORONTO_LSE91_0001
TORONTO_LSE91_STU01817,TORONTO_LSE91_0023
TORONTO_LSE91_STU01817,TORONTO_LSE91_0336
TORONTO_LSE91_STU01817,TORONTO_LSE91_0350
TORONTO_LSE91_STU01817,TORONTO_LSE91_0351
TORONTO_LSE91_STU01818,TORONTO_LSE91_0022
TORONTO_LSE91_STU01818,TORONTO_LSE91_0071
TORONTO_LSE91_STU01818,TORONTO_LSE91_0132
TORONTO_LSE91_STU01818,TORONTO_LSE91_0257
TORONTO_LSE91_STU01819,TORONTO_LSE91_0001
TORONTO_LSE91_STU01819,TORONTO_LSE91_0023
TORONTO_LSE91_STU01819,TORONTO_LSE91_0224
TORONTO_LSE91_STU01819,TORONTO_LSE91_0335
TORONTO_LSE91_STU01820,TORONTO_LSE91_0220
TORONTO_LSE91_STU01820,TORONTO_LSE91_0221
TORONTO_LSE91_STU01820,TORONTO_LSE91_0222
TORONTO_LSE91_STU01820,TORONTO_LSE91_0223
TORONTO_LSE91_STU01821,TORONTO_LSE91_0001
TORONTO_LSE91_STU01821,TORONTO_LSE91_0021
TORONTO_LSE91_STU01821,TORONTO_LSE91_0025
TORONTO_LSE91_STU01821,TORONTO_LSE91_0335
TORONTO_LSE91_STU01822,TORONTO_LSE91_0023
TORONTO_LSE91_STU01822,TORONTO_LSE91_0026
TORONTO_LSE91_STU01822,TORONTO_LSE91_0054
TORONTO_LSE91_STU01822,TORONTO_LSE91_0336
TORONTO_LSE91_STU01823,TORONTO_LSE91_0021
TORONTO_LSE91_STU01823,TORONTO_LSE91_0025
TORONTO_LSE91_STU01823,TORONTO_LSE91_0071
TORONTO_LSE91_STU01823,TORONTO_LSE91_0335
TORONTO_LSE91_STU01824,TORONTO_LSE91_0001
TORONTO_LSE91_STU01824,TORONTO_LSE91_0023
TORONTO_LSE91_STU01824,TORONTO_LSE91_0320
TORONTO_LSE91_STU01824,TORONTO_LSE91_0336
TORONTO_LSE91_STU01825,TORONTO_LSE91_0220
TORONTO_LSE91_STU01825,TORONTO_LSE91_0221
TORONTO_LSE91_STU01825,TORONTO_LSE91_0222
TORONTO_LSE91_STU01825,TORONTO_LSE91_0223
TORONTO_LSE91_STU01826,TORONTO_LSE91_0022
TORONTO_LSE91_STU01826,TORONTO_LSE91_0071
TORONTO_LSE91_STU01826,TORONTO_LSE91_0073
TORONTO_LSE91_STU01826,TORONTO_LSE91_0134
TORONTO_LSE91_STU01827,TORONTO_LSE91_0023
TORONTO_LSE91_STU01827,TORONTO_LSE91_0026
TORONTO_LSE91_STU01827,TORONTO_LSE91_0055
TORONTO_LSE91_STU01827,TORONTO_LSE91_0336
TORONTO_LSE91_STU01828,TORONTO_LSE91_0220
TORONTO_LSE91_STU01828,TORONTO_LSE91_0221
TORONTO_LSE91_STU01828,TORONTO_LSE91_0222
TORONTO_LSE91_STU01828,TORONTO_LSE91_0223
TORONTO_LSE91_STU01829,TORONTO_LSE91_0001
TORONTO_LSE91_STU01829,TORONTO_LSE91_0023
TORONTO_LSE91_STU01829,TORONTO_LSE91_0026
TORONTO_LSE91_STU01829,TORONTO_LSE91_0073
TORONTO_LSE91_STU01830,TORONTO_LSE91_0022
TORONTO_LSE91_STU01830,TORONTO_LSE91_0054
TORONTO_LSE91_STU01830,TORONTO_LSE91_0198
TORONTO_LSE91_STU01830,TORONTO_LSE91_0241
TORONTO_LSE91_STU01831,TORONTO_LSE91_0220
TORONTO_LSE91_STU01831,TORONTO_LSE91_0221
TORONTO_LSE91_STU01831,TORONTO_LSE91_0222
TORONTO_LSE91_STU01831,TORONTO_LSE91_0223
TORONTO_LSE91_STU01832,TORONTO_LSE91_0023
TORONTO_LSE91_STU01832,TORONTO_LSE91_0026
TORONTO_LSE91_STU01832,TORONTO_LSE91_0268
TORONTO_LSE91_STU01832,TORONTO_LSE91_0336
TORONTO_LSE91_STU01833,TORONTO_LSE91_0001
TORONTO_LSE91_STU01833,TORONTO_LSE91_0021
TORONTO_LSE91_STU01833,TORONTO_LSE91_0320
TORONTO_LSE91_STU01833,TORONTO_LSE91_0336
TORONTO_LSE91_STU01834,TORONTO_LSE91_0001
TORONTO_LSE91_STU01834,TORONTO_LSE91_0023
TORONTO_LSE91_STU01834,TORONTO_LSE91_0026
TORONTO_LSE91_STU01834,TORONTO_LSE91_0336
TORONTO_LSE91_STU01835,TORONTO_LSE91_0071
TORONTO_LSE91_STU01835,TORONTO_LSE91_0073
TORONTO_LSE91_STU01835,TORONTO_LSE91_0132
TORONTO_LSE91_STU01835,TORONTO_LSE91_0366
TORONTO_LSE91_STU01836,TORONTO_LSE91_0024
TORONTO_LSE91_STU01836,TORONTO_LSE91_0320
TORONTO_LSE91_STU01836,TORONTO_LSE91_0336
TORONTO_LSE91_STU01836,TORONTO_LSE91_0366
TORONTO_LSE91_STU01837,TORONTO_LSE91_0023
TORONTO_LSE91_STU01837,TORONTO_LSE91_0026
TORONTO_LSE91_STU01837,TORONTO_LSE91_0336
TORONTO_LSE91_STU01837,TORONTO_LSE91_0350
TORONTO_LSE91_STU01837,TORONTO_LSE91_0351
TORONTO_LSE91_STU01838,TORONTO_LSE91_0001
TORONTO_LSE91_STU01838,TORONTO_LSE91_0023
TORONTO_LSE91_STU01838,TORONTO_LSE91_0026
TORONTO_LSE91_STU01838,TORONTO_LSE91_0336
TORONTO_LSE91_STU01839,TORONTO_LSE91_0220
TORONTO_LSE91_STU01839,TORONTO_LSE91_0221
TORONTO_LSE91_STU01839,TORONTO_LSE91_0222
TORONTO_LSE91_STU01839,TORONTO_LSE91_0223
TORONTO_LSE91_STU01840,TORONTO_LSE91_0001
TORONTO_LSE91_STU01840,TORONTO_LSE91_0023
TORONTO_LSE91_STU01840,TORONTO_LSE91_0306
TORONTO_LSE91_STU01840,TORONTO_LSE91_0336
TORONTO_LSE91_STU01841,TORONTO_LSE91_0001
TORONTO_LSE91_STU01841,TORONTO_LSE91_0021
TORONTO_LSE91_STU01841,TORONTO_LSE91_0026
TORONTO_LSE91_STU01841,TORONTO_LSE91_0335
TORONTO_LSE91_STU01842,TORONTO_LSE91_0021
TORONTO_LSE91_STU01842,TORONTO_LSE91_0054
TORONTO_LSE91_STU01842,TORONTO_LSE91_0132
TORONTO_LSE91_STU01842,TORONTO_LSE91_0335
TORONTO_LSE91_STU01843,TORONTO_LSE91_0008
TORONTO_LSE91_STU01843,TORONTO_LSE91_0104
TORONTO_LSE91_STU01843,TORONTO_LSE91_0105
TORONTO_LSE91_STU01843,TORONTO_LSE91_0106
TORONTO_LSE91_STU01844,TORONTO_LSE91_0001
TORONTO_LSE91_STU01844,TORONTO_LSE91_0023
TORONTO_LSE91_STU01844,TORONTO_LSE91_0025
TORONTO_LSE91_STU01844,TORONTO_LSE91_0335
TORONTO_LSE91_STU01845,TORONTO_LSE91_0021
TORONTO_LSE91_STU01845,TORONTO_LSE91_0104
TORONTO_LSE91_STU01845,TORONTO_LSE91_0105
TORONTO_LSE91_STU01845,TORONTO_LSE91_0106
TORONTO_LSE91_STU01846,TORONTO_LSE91_0022
TORONTO_LSE91_STU01846,TORONTO_LSE91_0055
TORONTO_LSE91_STU01846,TORONTO_LSE91_0071
TORONTO_LSE91_STU01846,TORONTO_LSE91_0289
TORONTO_LSE91_STU01847,TORONTO_LSE91_0198
TORONTO_LSE91_STU01847,TORONTO_LSE91_0268
TORONTO_LSE91_STU01847,TORONTO_LSE91_0270
TORONTO_LSE91_STU01847,TORONTO_LSE91_0271
TORONTO_LSE91_STU01848,TORONTO_LSE91_0023
TORONTO_LSE91_STU01848,TORONTO_LSE91_0104
TORONTO_LSE91_STU01848,TORONTO_LSE91_0320
TORONTO_LSE91_STU01848,TORONTO_LSE91_0336
TORONTO_LSE91_STU01849,TORONTO_LSE91_0320
TORONTO_LSE91_STU01849,TORONTO_LSE91_0321
TORONTO_LSE91_STU01849,TORONTO_LSE91_0336
TORONTO_LSE91_STU01849,TORONTO_LSE91_0348
TORONTO_LSE91_STU01849,TORONTO_LSE91_0349
TORONTO_LSE91_STU01850,TORONTO_LSE91_0220
TORONTO_LSE91_STU01850,TORONTO_LSE91_0221
TORONTO_LSE91_STU01850,TORONTO_LSE91_0222
TORONTO_LSE91_STU01850,TORONTO_LSE91_0223
TORONTO_LSE91_STU01851,TORONTO_LSE91_0220
TORONTO_LSE91_STU01851,TORONTO_LSE91_0221
TORONTO_LSE91_STU01851,TORONTO_LSE91_0222
TORONTO_LSE91_STU01851,TORONTO_LSE91_0223
TORONTO_LSE91_STU01852,TORONTO_LSE91_0104
TORONTO_LSE91_STU01852,TORONTO_LSE91_0105
TORONTO_LSE91_STU01852,TORONTO_LSE91_0106
TORONTO_LSE91_STU01852,TORONTO_LSE91_0282
TORONTO_LSE91_STU01853,TORONTO_LSE91_0001
TORONTO_LSE91_STU01853,TORONTO_LSE91_0198
TORONTO_LSE91_STU01853,TORONTO_LSE91_0241
TORONTO_LSE91_STU01853,TORONTO_LSE91_0282
TORONTO_LSE91_STU01854,TORONTO_LSE91_0023
TORONTO_LSE91_STU01854,TORONTO_LSE91_0054
TORONTO_LSE91_STU01854,TORONTO_LSE91_0073
TORONTO_LSE91_STU01854,TORONTO_LSE91_0224
TORONTO_LSE91_STU01855,TORONTO_LSE91_0001
TORONTO_LSE91_STU01855,TORONTO_LSE91_0023
TORONTO_LSE91_STU01855,TORONTO_LSE91_0336
TORONTO_LSE91_STU01855,TORONTO_LSE91_0350
TORONTO_LSE91_STU01855,TORONTO_LSE91_0351
TORONTO_LSE91_STU01856,TORONTO_LSE91_0023
TORONTO_LSE91_STU01856,TORONTO_LSE91_0026
TORONTO_LSE91_STU01856,TORONTO_LSE91_0336
TORONTO_LSE91_STU01856,TORONTO_LSE91_0350
TORONTO_LSE91_STU01856,TORONTO_LSE91_0351
TORONTO_LSE91_STU01857,TORONTO_LSE91_0220
TORONTO_LSE91_STU01857,TORONTO_LSE91_0221
TORONTO_LSE91_STU01857,TORONTO_LSE91_0222
TORONTO_LSE91_STU01857,TORONTO_LSE91_0223
TORONTO_LSE91_STU01858,TORONTO_LSE91_0001
TORONTO_LSE91_STU01858,TORONTO_LSE91_0023
TORONTO_LSE91_STU01858,TORONTO_LSE91_0320
TORONTO_LSE91_STU01858,TORONTO_LSE91_0336
TORONTO_LSE91_STU01859,TORONTO_LSE91_0023
TORONTO_LSE91_STU01859,TORONTO_LSE91_0054
TORONTO_LSE91_STU01859,TORONTO_LSE91_0198
TORONTO_LSE91_STU01859,TORONTO_LSE91_0241
TORONTO_LSE91_STU01860,TORONTO_LSE91_0023
TORONTO_LSE91_STU01860,TORONTO_LSE91_0133
TORONTO_LSE91_STU01860,TORONTO_LSE91_0198
TORONTO_LSE91_STU01860,TORONTO_LSE91_0241
TORONTO_LSE91_STU01861,TORONTO_LSE91_0023
TORONTO_LSE91_STU01861,TORONTO_LSE91_0026
TORONTO_LSE91_STU01861,TORONTO_LSE91_0054
TORONTO_LSE91_STU01861,TORONTO_LSE91_0335
TORONTO_LSE91_STU01862,TORONTO_LSE91_0220
TORONTO_LSE91_STU01862,TORONTO_LSE91_0221
TORONTO_LSE91_STU01862,TORONTO_LSE91_0222
TORONTO_LSE91_STU01862,TORONTO_LSE91_0223
TORONTO_LSE91_STU01863,TORONTO_LSE91_0023
TORONTO_LSE91_STU01863,TORONTO_LSE91_0025
TORONTO_LSE91_STU01863,TORONTO_LSE91_0054
TORONTO_LSE91_STU01863,TORONTO_LSE91_0073
TORONTO_LSE91_STU01864,TORONTO_LSE91_0001
TORONTO_LSE91_STU01864,TORONTO_LSE91_0023
TORONTO_LSE91_STU01864,TORONTO_LSE91_0320
TORONTO_LSE91_STU01864,TORONTO_LSE91_0336
TORONTO_LSE91_STU01865,TORONTO_LSE91_0001
TORONTO_LSE91_STU01865,TORONTO_LSE91_0021
TORONTO_LSE91_STU01865,TORONTO_LSE91_0336
TORONTO_LSE91_STU01865,TORONTO_LSE91_0348
TORONTO_LSE91_STU01865,TORONTO_LSE91_0351
TORONTO_LSE91_STU01866,TORONTO_LSE91_0023
TORONTO_LSE91_STU01866,TORONTO_LSE91_0320
TORONTO_LSE91_STU01866,TORONTO_LSE91_0336
TORONTO_LSE91_STU01866,TORONTO_LSE91_0350
TORONTO_LSE91_STU01866,TORONTO_LSE91_0351
TORONTO_LSE91_STU01867,TORONTO_LSE91_0023
TORONTO_LSE91_STU01867,TORONTO_LSE91_0320
TORONTO_LSE91_STU01867,TORONTO_LSE91_0336
TORONTO_LSE91_STU01867,TORONTO_LSE91_0348
TORONTO_LSE91_STU01867,TORONTO_LSE91_0351
TORONTO_LSE91_STU01868,TORONTO_LSE91_0023
TORONTO_LSE91_STU01868,TORONTO_LSE91_0133
TORONTO_LSE91_STU01868,TORONTO_LSE91_0198
TORONTO_LSE91_STU01868,TORONTO_LSE91_0241
TORONTO_LSE91_STU01869,TORONTO_LSE91_0022
TORONTO_LSE91_STU01869,TORONTO_LSE91_0071
TORONTO_LSE91_STU01869,TORONTO_LSE91_0133
TORONTO_LSE91_STU01869,TORONTO_LSE91_0271
TORONTO_LSE91_STU01870,TORONTO_LSE91_0220
TORONTO_LSE91_STU01870,TORONTO_LSE91_0221
TORONTO_LSE91_STU01870,TORONTO_LSE91_0222
TORONTO_LSE91_STU01870,TORONTO_LSE91_0223
TORONTO_LSE91_STU01871,TORONTO_LSE91_0220
TORONTO_LSE91_STU01871,TORONTO_LSE91_0221
TORONTO_LSE91_STU01871,TORONTO_LSE91_0222
TORONTO_LSE91_STU01871,TORONTO_LSE91_0223
TORONTO_LSE91_STU01872,TORONTO_LSE91_0021
TORONTO_LSE91_STU01872,TORONTO_LSE91_0320
TORONTO_LSE91_STU01872,TORONTO_LSE91_0336
TORONTO_LSE91_STU01872,TORONTO_LSE91_0348
TORONTO_LSE91_STU01872,TORONTO_LSE91_0351
TORONTO_LSE91_STU01873,TORONTO_LSE91_0023
TORONTO_LSE91_STU01873,TORONTO_LSE91_0026
TORONTO_LSE91_STU01873,TORONTO_LSE91_0073
TORONTO_LSE91_STU01873,TORONTO_LSE91_0336
TORONTO_LSE91_STU01874,TORONTO_LSE91_0008
TORONTO_LSE91_STU01874,TORONTO_LSE91_0009
TORONTO_LSE91_STU01874,TORONTO_LSE91_0366
TORONTO_LSE91_STU01875,TORONTO_LSE91_0021
TORONTO_LSE91_STU01875,TORONTO_LSE91_0054
TORONTO_LSE91_STU01875,TORONTO_LSE91_0198
TORONTO_LSE91_STU01875,TORONTO_LSE91_0241
TORONTO_LSE91_STU01876,TORONTO_LSE91_0220
TORONTO_LSE91_STU01876,TORONTO_LSE91_0221
TORONTO_LSE91_STU01876,TORONTO_LSE91_0222
TORONTO_LSE91_STU01876,TORONTO_LSE91_0223
TORONTO_LSE91_STU01877,TORONTO_LSE91_0023
TORONTO_LSE91_STU01877,TORONTO_LSE91_0026
TORONTO_LSE91_STU01877,TORONTO_LSE91_0260
TORONTO_LSE91_STU01877,TORONTO_LSE91_0336
TORONTO_LSE91_STU01878,TORONTO_LSE91_0023
TORONTO_LSE91_STU01878,TORONTO_LSE91_0026
TORONTO_LSE91_STU01878,TORONTO_LSE91_0054
TORONTO_LSE91_STU01878,TORONTO_LSE91_0133
TORONTO_LSE91_STU01879,TORONTO_LSE91_0001
TORONTO_LSE91_STU01879,TORONTO_LSE91_0021
TORONTO_LSE91_STU01879,TORONTO_LSE91_0320
TORONTO_LSE91_STU01879,TORONTO_LSE91_0336
TORONTO_LSE91_STU01880,TORONTO_LSE91_0008
TORONTO_LSE91_STU01880,TORONTO_LSE91_0289
TORONTO_LSE91_STU01880,TORONTO_LSE91_0290
TORONTO_LSE91_STU01880,TORONTO_LSE91_0291
TORONTO_LSE91_STU01881,TORONTO_LSE91_0023
TORONTO_LSE91_STU01881,TORONTO_LSE91_0026
TORONTO_LSE91_STU01881,TORONTO_LSE91_0336
TORONTO_LSE91_STU01881,TORONTO_LSE91_0350
TORONTO_LSE91_STU01881,TORONTO_LSE91_0351
TORONTO_LSE91_STU01882,TORONTO_LSE91_0001
TORONTO_LSE91_STU01882,TORONTO_LSE91_0023
TORONTO_LSE91_STU01882,TORONTO_LSE91_0320
TORONTO_LSE91_STU01882,TORONTO_LSE91_0336
TORONTO_LSE91_STU01883,TORONTO_LSE91_0024
TORONTO_LSE91_STU01883,TORONTO_LSE91_0270
TORONTO_LSE91_STU01883,TORONTO_LSE91_0320
TORONTO_LSE91_STU01883,TORONTO_LSE91_0336
TORONTO_LSE91_STU01884,TORONTO_LSE91_0023
TORONTO_LSE91_STU01884,TORONTO_LSE91_0026
TORONTO_LSE91_STU01884,TORONTO_LSE91_0054
TORONTO_LSE91_STU01884,TORONTO_LSE91_0336
TORONTO_LSE91_STU01885,TORONTO_LSE91_0021
TORONTO_LSE91_STU01885,TORONTO_LSE91_0071
TORONTO_LSE91_STU01885,TORONTO_LSE91_0289
TORONTO_LSE91_STU01885,TORONTO_LSE91_0366
TORONTO_LSE91_STU01886,TORONTO_LSE91_0023
TORONTO_LSE91_STU01886,TORONTO_LSE91_0026
TORONTO_LSE91_STU01886,TORONTO_LSE91_0336
TORONTO_LSE91_STU01886,TORONTO_LSE91_0348
TORONTO_LSE91_STU01886,TORONTO_LSE91_0351
TORONTO_LSE91_STU01887,TORONTO_LSE91_0024
TORONTO_LSE91_STU01887,TORONTO_LSE91_0026
TORONTO_LSE91_STU01887,TORONTO_LSE91_0224
TORONTO_LSE91_STU01887,TORONTO_LSE91_0336
TORONTO_LSE91_STU01888,TORONTO_LSE91_0023
TORONTO_LSE91_STU01888,TORONTO_LSE91_0026
TORONTO_LSE91_STU01888,TORONTO_LSE91_0054
TORONTO_LSE91_STU01888,TORONTO_LSE91_0336
TORONTO_LSE91_STU01889,TORONTO_LSE91_0023
TORONTO_LSE91_STU01889,TORONTO_LSE91_0026
TORONTO_LSE91_STU01889,TORONTO_LSE91_0336
TORONTO_LSE91_STU01889,TORONTO_LSE91_0350
TORONTO_LSE91_STU01889,TORONTO_LSE91_0351
TORONTO_LSE91_STU01890,TORONTO_LSE91_0008
TORONTO_LSE91_STU01890,TORONTO_LSE91_0104
TORONTO_LSE91_STU01890,TORONTO_LSE91_0105
TORONTO_LSE91_STU01890,TORONTO_LSE91_0106
TORONTO_LSE91_STU01891,TORONTO_LSE91_0021
TORONTO_LSE91_STU01891,TORONTO_LSE91_0055
TORONTO_LSE91_STU01891,TORONTO_LSE91_0071
TORONTO_LSE91_STU01891,TORONTO_LSE91_0289
TORONTO_LSE91_STU01892,TORONTO_LSE91_0220
TORONTO_LSE91_STU01892,TORONTO_LSE91_0221
TORONTO_LSE91_STU01892,TORONTO_LSE91_0222
TORONTO_LSE91_STU01892,TORONTO_LSE91_0223
TORONTO_LSE91_STU01893,TORONTO_LSE91_0023
TORONTO_LSE91_STU01893,TORONTO_LSE91_0026
TORONTO_LSE91_STU01893,TORONTO_LSE91_0289
TORONTO_LSE91_STU01893,TORONTO_LSE91_0336
TORONTO_LSE91_STU01894,TORONTO_LSE91_0008
TORONTO_LSE91_STU01894,TORONTO_LSE91_0009
TORONTO_LSE91_STU01894,TORONTO_LSE91_0371
TORONTO_LSE91_STU01895,TORONTO_LSE91_0023
TORONTO_LSE91_STU01895,TORONTO_LSE91_0026
TORONTO_LSE91_STU01895,TORONTO_LSE91_0133
TORONTO_LSE91_STU01895,TORONTO_LSE91_0336
TORONTO_LSE91_STU01896,TORONTO_LSE91_0021
TORONTO_LSE91_STU01896,TORONTO_LSE91_0026
TORONTO_LSE91_STU01896,TORONTO_LSE91_0133
TORONTO_LSE91_STU01896,TORONTO_LSE91_0336
TORONTO_LSE91_STU01897,TORONTO_LSE91_0024
TORONTO_LSE91_STU01897,TORONTO_LSE91_0320
TORONTO_LSE91_STU01897,TORONTO_LSE91_0336
TORONTO_LSE91_STU01897,TORONTO_LSE91_0348
TORONTO_LSE91_STU01897,TORONTO_LSE91_0351
TORONTO_LSE91_STU01898,TORONTO_LSE91_0024
TORONTO_LSE91_STU01898,TORONTO_LSE91_0071
TORONTO_LSE91_STU01898,TORONTO_LSE91_0270
TORONTO_LSE91_STU01898,TORONTO_LSE91_0336
TORONTO_LSE91_STU01899,TORONTO_LSE91_0220
TORONTO_LSE91_STU01899,TORONTO_LSE91_0221
TORONTO_LSE91_STU01899,TORONTO_LSE91_0222
TORONTO_LSE91_STU01899,TORONTO_LSE91_0223
TORONTO_LSE91_STU01900,TORONTO_LSE91_0001
TORONTO_LSE91_STU01900,TORONTO_LSE91_0023
TORONTO_LSE91_STU01900,TORONTO_LSE91_0026
TORONTO_LSE91_STU01900,TORONTO_LSE91_0289
TORONTO_LSE91_STU01901,TORONTO_LSE91_0220
TORONTO_LSE91_STU01901,TORONTO_LSE91_0221
TORONTO_LSE91_STU01901,TORONTO_LSE91_0222
TORONTO_LSE91_STU01901,TORONTO_LSE91_0223
TORONTO_LSE91_STU01902,TORONTO_LSE91_0023
TORONTO_LSE91_STU01902,TORONTO_LSE91_0268
TORONTO_LSE91_STU01902,TORONTO_LSE91_0270
TORONTO_LSE91_STU01902,TORONTO_LSE91_0271
TORONTO_LSE91_STU01903,TORONTO_LSE91_0021
TORONTO_LSE91_STU01903,TORONTO_LSE91_0026
TORONTO_LSE91_STU01903,TORONTO_LSE91_0198
TORONTO_LSE91_STU01903,TORONTO_LSE91_0257
TORONTO_LSE91_STU01904,TORONTO_LSE91_0001
TORONTO_LSE91_STU01904,TORONTO_LSE91_0023
TORONTO_LSE91_STU01904,TORONTO_LSE91_0320
TORONTO_LSE91_STU01904,TORONTO_LSE91_0336
TORONTO_LSE91_STU01905,TORONTO_LSE91_0270
TORONTO_LSE91_STU01905,TORONTO_LSE91_0289
TORONTO_LSE91_STU01905,TORONTO_LSE91_0337
TORONTO_LSE91_STU01905,TORONTO_LSE91_0366
TORONTO_LSE91_STU01906,TORONTO_LSE91_0001
TORONTO_LSE91_STU01906,TORONTO_LSE91_0023
TORONTO_LSE91_STU01906,TORONTO_LSE91_0026
TORONTO_LSE91_STU01906,TORONTO_LSE91_0336
TORONTO_LSE91_STU01907,TORONTO_LSE91_0132
TORONTO_LSE91_STU01907,TORONTO_LSE91_0198
TORONTO_LSE91_STU01907,TORONTO_LSE91_0271
TORONTO_LSE91_STU01907,TORONTO_LSE91_0366
TORONTO_LSE91_STU01908,TORONTO_LSE91_0023
TORONTO_LSE91_STU01908,TORONTO_LSE91_0268
TORONTO_LSE91_STU01908,TORONTO_LSE91_0270
TORONTO_LSE91_STU01908,TORONTO_LSE91_0320
TORONTO_LSE91_STU01909,TORONTO_LSE91_0220
TORONTO_LSE91_STU01909,TORONTO_LSE91_0221
TORONTO_LSE91_STU01909,TORONTO_LSE91_0222
TORONTO_LSE91_STU01909,TORONTO_LSE91_0223
TORONTO_LSE91_STU01910,TORONTO_LSE91_0023
TORONTO_LSE91_STU01910,TORONTO_LSE91_0026
TORONTO_LSE91_STU01910,TORONTO_LSE91_0336
TORONTO_LSE91_STU01910,TORONTO_LSE91_0348
TORONTO_LSE91_STU01910,TORONTO_LSE91_0351
TORONTO_LSE91_STU01911,TORONTO_LSE91_0024
TORONTO_LSE91_STU01911,TORONTO_LSE91_0073
TORONTO_LSE91_STU01911,TORONTO_LSE91_0241
TORONTO_LSE91_STU01911,TORONTO_LSE91_0320
TORONTO_LSE91_STU01912,TORONTO_LSE91_0001
TORONTO_LSE91_STU01912,TORONTO_LSE91_0021
TORONTO_LSE91_STU01912,TORONTO_LSE91_0073
TORONTO_LSE91_STU01912,TORONTO_LSE91_0133
TORONTO_LSE91_STU01913,TORONTO_LSE91_0133
TORONTO_LSE91_STU01913,TORONTO_LSE91_0198
TORONTO_LSE91_STU01913,TORONTO_LSE91_0241
TORONTO_LSE91_STU01913,TORONTO_LSE91_0366
TORONTO_LSE91_STU01914,TORONTO_LSE91_0024
TORONTO_LSE91_STU01914,TORONTO_LSE91_0026
TORONTO_LSE91_STU01914,TORONTO_LSE91_0270
TORONTO_LSE91_STU01914,TORONTO_LSE91_0336
TORONTO_LSE91_STU01915,TORONTO_LSE91_0008
TORONTO_LSE91_STU01915,TORONTO_LSE91_0289
TORONTO_LSE91_STU01915,TORONTO_LSE91_0290
TORONTO_LSE91_STU01915,TORONTO_LSE91_0291
TORONTO_LSE91_STU01916,TORONTO_LSE91_0220
TORONTO_LSE91_STU01916,TORONTO_LSE91_0221
TORONTO_LSE91_STU01916,TORONTO_LSE91_0222
TORONTO_LSE91_STU01916,TORONTO_LSE91_0223
TORONTO_LSE91_STU01917,TORONTO_LSE91_0008
TORONTO_LSE91_STU01917,TORONTO_LSE91_0071
TORONTO_LSE91_STU01917,TORONTO_LSE91_0337
TORONTO_LSE91_STU01917,TORONTO_LSE91_0366
TORONTO_LSE91_STU01918,TORONTO_LSE91_0220
TORONTO_LSE91_STU01918,TORONTO_LSE91_0221
TORONTO_LSE91_STU01918,TORONTO_LSE91_0222
TORONTO_LSE91_STU01918,TORONTO_LSE91_0223
TORONTO_LSE91_STU01919,TORONTO_LSE91_0023
TORONTO_LSE91_STU01919,TORONTO_LSE91_0026
TORONTO_LSE91_STU01919,TORONTO_LSE91_0282
TORONTO_LSE91_STU01919,TORONTO_LSE91_0336
TORONTO_LSE91_STU01920,TORONTO_LSE91_0024
TORONTO_LSE91_STU01920,TORONTO_LSE91_0320
TORONTO_LSE91_STU01920,TORONTO_LSE91_0321
TORONTO_LSE91_STU01920,TORONTO_LSE91_0348
TORONTO_LSE91_STU01920,TORONTO_LSE91_0351
TORONTO_LSE91_STU01921,TORONTO_LSE91_0023
TORONTO_LSE91_STU01921,TORONTO_LSE91_0320
TORONTO_LSE91_STU01921,TORONTO_LSE91_0336
TORONTO_LSE91_STU01921,TORONTO_LSE91_0348
TORONTO_LSE91_STU01921,TORONTO_LSE91_0351
TORONTO_LSE91_STU01922,TORONTO_LSE91_0001
TORONTO_LSE91_STU01922,TORONTO_LSE91_0023
TORONTO_LSE91_STU01922,TORONTO_LSE91_0025
TORONTO_LSE91_STU01922,TORONTO_LSE91_0335
TORONTO_LSE91_STU01923,TORONTO_LSE91_0220
TORONTO_LSE91_STU01923,TORONTO_LSE91_0221
TORONTO_LSE91_STU01923,TORONTO_LSE91_0222
TORONTO_LSE91_STU01923,TORONTO_LSE91_0223
TORONTO_LSE91_STU01924,TORONTO_LSE91_0023
TORONTO_LSE91_STU01924,TORONTO_LSE91_0026
TORONTO_LSE91_STU01924,TORONTO_LSE91_0054
TORONTO_LSE91_STU01924,TORONTO_LSE91_0336
TORONTO_LSE91_STU01925,TORONTO_LSE91_0220
TORONTO_LSE91_STU01925,TORONTO_LSE91_0221
TORONTO_LSE91_STU01925,TORONTO_LSE91_0222
TORONTO_LSE91_STU01925,TORONTO_LSE91_0223
TORONTO_LSE91_STU01926,TORONTO_LSE91_0023
TORONTO_LSE91_STU01926,TORONTO_LSE91_0026
TORONTO_LSE91_STU01926,TORONTO_LSE91_0257
TORONTO_LSE91_STU01926,TORONTO_LSE91_0335
TORONTO_LSE91_STU01927,TORONTO_LSE91_0022
TORONTO_LSE91_STU01927,TORONTO_LSE91_0104
TORONTO_LSE91_STU01927,TORONTO_LSE91_0133
TORONTO_LSE91_STU01927,TORONTO_LSE91_0198
TORONTO_LSE91_STU01928,TORONTO_LSE91_0023
TORONTO_LSE91_STU01928,TORONTO_LSE91_0054
TORONTO_LSE91_STU01928,TORONTO_LSE91_0198
TORONTO_LSE91_STU01928,TORONTO_LSE91_0259
TORONTO_LSE91_STU01929,TORONTO_LSE91_0023
TORONTO_LSE91_STU01929,TORONTO_LSE91_0026
TORONTO_LSE91_STU01929,TORONTO_LSE91_0268
TORONTO_LSE91_STU01929,TORONTO_LSE91_0336
TORONTO_LSE91_STU01930,TORONTO_LSE91_0220
TORONTO_LSE91_STU01930,TORONTO_LSE91_0221
TORONTO_LSE91_STU01930,TORONTO_LSE91_0222
TORONTO_LSE91_STU01930,TORONTO_LSE91_0223
TORONTO_LSE91_STU01931,TORONTO_LSE91_0023
TORONTO_LSE91_STU01931,TORONTO_LSE91_0025
TORONTO_LSE91_STU01931,TORONTO_LSE91_0335
TORONTO_LSE91_STU01931,TORONTO_LSE91_0350
TORONTO_LSE91_STU01931,TORONTO_LSE91_0351
TORONTO_LSE91_STU01932,TORONTO_LSE91_0023
TORONTO_LSE91_STU01932,TORONTO_LSE91_0026
TORONTO_LSE91_STU01932,TORONTO_LSE91_0054
TORONTO_LSE91_STU01932,TORONTO_LSE91_0336
TORONTO_LSE91_STU01933,TORONTO_LSE91_0022
TORONTO_LSE91_STU01933,TORONTO_LSE91_0073
TORONTO_LSE91_STU01933,TORONTO_LSE91_0134
TORONTO_LSE91_STU01933,TORONTO_LSE91_0198
TORONTO_LSE91_STU01934,TORONTO_LSE91_0021
TORONTO_LSE91_STU01934,TORONTO_LSE91_0071
TORONTO_LSE91_STU01934,TORONTO_LSE91_0241
TORONTO_LSE91_STU01934,TORONTO_LSE91_0289
TORONTO_LSE91_STU01935,TORONTO_LSE91_0023
TORONTO_LSE91_STU01935,TORONTO_LSE91_0054
TORONTO_LSE91_STU01935,TORONTO_LSE91_0320
TORONTO_LSE91_STU01935,TORONTO_LSE91_0336
TORONTO_LSE91_STU01936,TORONTO_LSE91_0022
TORONTO_LSE91_STU01936,TORONTO_LSE91_0198
TORONTO_LSE91_STU01936,TORONTO_LSE91_0241
TORONTO_LSE91_STU01936,TORONTO_LSE91_0289
TORONTO_LSE91_STU01937,TORONTO_LSE91_0001
TORONTO_LSE91_STU01937,TORONTO_LSE91_0021
TORONTO_LSE91_STU01937,TORONTO_LSE91_0320
TORONTO_LSE91_STU01937,TORONTO_LSE91_0336
TORONTO_LSE91_STU01938,TORONTO_LSE91_0001
TORONTO_LSE91_STU01938,TORONTO_LSE91_0023
TORONTO_LSE91_STU01938,TORONTO_LSE91_0026
TORONTO_LSE91_STU01938,TORONTO_LSE91_0336
TORONTO_LSE91_STU01939,TORONTO_LSE91_0024
TORONTO_LSE91_STU01939,TORONTO_LSE91_0321
TORONTO_LSE91_STU01939,TORONTO_LSE91_0336
TORONTO_LSE91_STU01939,TORONTO_LSE91_0350
TORONTO_LSE91_STU01939,TORONTO_LSE91_0351
TORONTO_LSE91_STU01940,TORONTO_LSE91_0104
TORONTO_LSE91_STU01940,TORONTO_LSE91_0105
TORONTO_LSE91_STU01940,TORONTO_LSE91_0106
TORONTO_LSE91_STU01940,TORONTO_LSE91_0141
TORONTO_LSE91_STU01941,TORONTO_LSE91_0282
TORONTO_LSE91_STU01941,TORONTO_LSE91_0289
TORONTO_LSE91_STU01941,TORONTO_LSE91_0290
TORONTO_LSE91_STU01941,TORONTO_LSE91_0291
TORONTO_LSE91_STU01942,TORONTO_LSE91_0268
TORONTO_LSE91_STU01942,TORONTO_LSE91_0270
TORONTO_LSE91_STU01942,TORONTO_LSE91_0271
TORONTO_LSE91_STU01942,TORONTO_LSE91_0289
TORONTO_LSE91_STU01943,TORONTO_LSE91_0220
TORONTO_LSE91_STU01943,TORONTO_LSE91_0221
TORONTO_LSE91_STU01943,TORONTO_LSE91_0222
TORONTO_LSE91_STU01943,TORONTO_LSE91_0223
TORONTO_LSE91_STU01944,TORONTO_LSE91_0021
TORONTO_LSE91_STU01944,TORONTO_LSE91_0198
TORONTO_LSE91_STU01944,TORONTO_LSE91_0241
TORONTO_LSE91_STU01944,TORONTO_LSE91_0366
TORONTO_LSE91_STU01945,TORONTO_LSE91_0008
TORONTO_LSE91_STU01945,TORONTO_LSE91_0198
TORONTO_LSE91_STU01945,TORONTO_LSE91_0289
TORONTO_LSE91_STU01945,TORONTO_LSE91_0348
TORONTO_LSE91_STU01945,TORONTO_LSE91_0351
TORONTO_LSE91_STU01946,TORONTO_LSE91_0001
TORONTO_LSE91_STU01946,TORONTO_LSE91_0023
TORONTO_LSE91_STU01946,TORONTO_LSE91_0026
TORONTO_LSE91_STU01946,TORONTO_LSE91_0336
TORONTO_LSE91_STU01947,TORONTO_LSE91_0023
TORONTO_LSE91_STU01947,TORONTO_LSE91_0026
TORONTO_LSE91_STU01947,TORONTO_LSE91_0134
TORONTO_LSE91_STU01947,TORONTO_LSE91_0335
TORONTO_LSE91_STU01948,TORONTO_LSE91_0073
TORONTO_LSE91_STU01948,TORONTO_LSE91_0307
TORONTO_LSE91_STU01948,TORONTO_LSE91_0308
TORONTO_LSE91_STU01948,TORONTO_LSE91_0309
TORONTO_LSE91_STU01949,TORONTO_LSE91_0022
TORONTO_LSE91_STU01949,TORONTO_LSE91_0198
TORONTO_LSE91_STU01949,TORONTO_LSE91_0282
TORONTO_LSE91_STU01949,TORONTO_LSE91_0366
TORONTO_LSE91_STU01950,TORONTO_LSE91_0104
TORONTO_LSE91_STU01950,TORONTO_LSE91_0105
TORONTO_LSE91_STU01950,TORONTO_LSE91_0106
TORONTO_LSE91_STU01950,TORONTO_LSE91_0282
TORONTO_LSE91_STU01951,TORONTO_LSE91_0024
TORONTO_LSE91_STU01951,TORONTO_LSE91_0026
TORONTO_LSE91_STU01951,TORONTO_LSE91_0133
TORONTO_LSE91_STU01951,TORONTO_LSE91_0336
TORONTO_LSE91_STU01952,TORONTO_LSE91_0220
TORONTO_LSE91_STU01952,TORONTO_LSE91_0221
TORONTO_LSE91_STU01952,TORONTO_LSE91_0222
TORONTO_LSE91_STU01952,TORONTO_LSE91_0223
TORONTO_LSE91_STU01953,TORONTO_LSE91_0224
TORONTO_LSE91_STU01953,TORONTO_LSE91_0307
TORONTO_LSE91_STU01953,TORONTO_LSE91_0308
TORONTO_LSE91_STU01953,TORONTO_LSE91_0309
TORONTO_LSE91_STU01954,TORONTO_LSE91_0104
TORONTO_LSE91_STU01954,TORONTO_LSE91_0105
TORONTO_LSE91_STU01954,TORONTO_LSE91_0106
TORONTO_LSE91_STU01954,TORONTO_LSE91_0282
TORONTO_LSE91_STU01955,TORONTO_LSE91_0001
TORONTO_LSE91_STU01955,TORONTO_LSE91_0023
TORONTO_LSE91_STU01955,TORONTO_LSE91_0025
TORONTO_LSE91_STU01955,TORONTO_LSE91_0335
TORONTO_LSE91_STU01956,TORONTO_LSE91_0022
TORONTO_LSE91_STU01956,TORONTO_LSE91_0072
TORONTO_LSE91_STU01956,TORONTO_LSE91_0096
TORONTO_LSE91_STU01956,TORONTO_LSE91_0241
TORONTO_LSE91_STU01957,TORONTO_LSE91_0001
TORONTO_LSE91_STU01957,TORONTO_LSE91_0023
TORONTO_LSE91_STU01957,TORONTO_LSE91_0336
TORONTO_LSE91_STU01957,TORONTO_LSE91_0350
TORONTO_LSE91_STU01957,TORONTO_LSE91_0351
TORONTO_LSE91_STU01958,TORONTO_LSE91_0021
TORONTO_LSE91_STU01958,TORONTO_LSE91_0320
TORONTO_LSE91_STU01958,TORONTO_LSE91_0336
TORONTO_LSE91_STU01958,TORONTO_LSE91_0348
TORONTO_LSE91_STU01958,TORONTO_LSE91_0351
TORONTO_LSE91_STU01959,TORONTO_LSE91_0021
TORONTO_LSE91_STU01959,TORONTO_LSE91_0025
TORONTO_LSE91_STU01959,TORONTO_LSE91_0055
TORONTO_LSE91_STU01959,TORONTO_LSE91_0335
TORONTO_LSE91_STU01960,TORONTO_LSE91_0220
TORONTO_LSE91_STU01960,TORONTO_LSE91_0221
TORONTO_LSE91_STU01960,TORONTO_LSE91_0222
TORONTO_LSE91_STU01960,TORONTO_LSE91_0223
TORONTO_LSE91_STU01961,TORONTO_LSE91_0001
TORONTO_LSE91_STU01961,TORONTO_LSE91_0023
TORONTO_LSE91_STU01961,TORONTO_LSE91_0336
TORONTO_LSE91_STU01961,TORONTO_LSE91_0350
TORONTO_LSE91_STU01961,TORONTO_LSE91_0351
TORONTO_LSE91_STU01962,TORONTO_LSE91_0021
TORONTO_LSE91_STU01962,TORONTO_LSE91_0320
TORONTO_LSE91_STU01962,TORONTO_LSE91_0336
TORONTO_LSE91_STU01962,TORONTO_LSE91_0348
TORONTO_LSE91_STU01962,TORONTO_LSE91_0351
TORONTO_LSE91_STU01963,TORONTO_LSE91_0104
TORONTO_LSE91_STU01963,TORONTO_LSE91_0105
TORONTO_LSE91_STU01963,TORONTO_LSE91_0106
TORONTO_LSE91_STU01963,TORONTO_LSE91_0282
TORONTO_LSE91_STU01964,TORONTO_LSE91_0001
TORONTO_LSE91_STU01964,TORONTO_LSE91_0023
TORONTO_LSE91_STU01964,TORONTO_LSE91_0026
TORONTO_LSE91_STU01964,TORONTO_LSE91_0336
TORONTO_LSE91_STU01965,TORONTO_LSE91_0001
TORONTO_LSE91_STU01965,TORONTO_LSE91_0023
TORONTO_LSE91_STU01965,TORONTO_LSE91_0026
TORONTO_LSE91_STU01965,TORONTO_LSE91_0335
TORONTO_LSE91_STU01966,TORONTO_LSE91_0073
TORONTO_LSE91_STU01966,TORONTO_LSE91_0134
TORONTO_LSE91_STU01966,TORONTO_LSE91_0224
TORONTO_LSE91_STU01966,TORONTO_LSE91_0366
TORONTO_LSE91_STU01967,TORONTO_LSE91_0023
TORONTO_LSE91_STU01967,TORONTO_LSE91_0026
TORONTO_LSE91_STU01967,TORONTO_LSE91_0268
TORONTO_LSE91_STU01967,TORONTO_LSE91_0336
TORONTO_LSE91_STU01968,TORONTO_LSE91_0024
TORONTO_LSE91_STU01968,TORONTO_LSE91_0026
TORONTO_LSE91_STU01968,TORONTO_LSE91_0270
TORONTO_LSE91_STU01968,TORONTO_LSE91_0336
TORONTO_LSE91_STU01969,TORONTO_LSE91_0001
TORONTO_LSE91_STU01969,TORONTO_LSE91_0021
TORONTO_LSE91_STU01969,TORONTO_LSE91_0025
TORONTO_LSE91_STU01969,TORONTO_LSE91_0335
TORONTO_LSE91_STU01970,TORONTO_LSE91_0024
TORONTO_LSE91_STU01970,TORONTO_LSE91_0320
TORONTO_LSE91_STU01970,TORONTO_LSE91_0336
TORONTO_LSE91_STU01970,TORONTO_LSE91_0348
TORONTO_LSE91_STU01970,TORONTO_LSE91_0351
TORONTO_LSE91_STU01971,TORONTO_LSE91_0024
TORONTO_LSE91_STU01971,TORONTO_LSE91_0320
TORONTO_LSE91_STU01971,TORONTO_LSE91_0321
TORONTO_LSE91_STU01971,TORONTO_LSE91_0336
TORONTO_LSE91_STU01972,TORONTO_LSE91_0001
TORONTO_LSE91_STU01972,TORONTO_LSE91_0023
TORONTO_LSE91_STU01972,TORONTO_LSE91_0026
TORONTO_LSE91_STU01972,TORONTO_LSE91_0336
TORONTO_LSE91_STU01973,TORONTO_LSE91_0001
TORONTO_LSE91_STU01973,TORONTO_LSE91_0008
TORONTO_LSE91_STU01973,TORONTO_LSE91_0021
TORONTO_LSE91_STU01973,TORONTO_LSE91_0336
TORONTO_LSE91_STU01974,TORONTO_LSE91_0001
TORONTO_LSE91_STU01974,TORONTO_LSE91_0023
TORONTO_LSE91_STU01974,TORONTO_LSE91_0026
TORONTO_LSE91_STU01974,TORONTO_LSE91_0336
TORONTO_LSE91_STU01975,TORONTO_LSE91_0001
TORONTO_LSE91_STU01975,TORONTO_LSE91_0023
TORONTO_LSE91_STU01975,TORONTO_LSE91_0025
TORONTO_LSE91_STU01975,TORONTO_LSE91_0335
TORONTO_LSE91_STU01976,TORONTO_LSE91_0001
TORONTO_LSE91_STU01976,TORONTO_LSE91_0023
TORONTO_LSE91_STU01976,TORONTO_LSE91_0336
TORONTO_LSE91_STU01976,TORONTO_LSE91_0348
TORONTO_LSE91_STU01976,TORONTO_LSE91_0351
TORONTO_LSE91_STU01977,TORONTO_LSE91_0104
TORONTO_LSE91_STU01977,TORONTO_LSE91_0105
TORONTO_LSE91_STU01977,TORONTO_LSE91_0106
TORONTO_LSE91_STU01977,TORONTO_LSE91_0282
TORONTO_LSE91_STU01978,TORONTO_LSE91_0021
TORONTO_LSE91_STU01978,TORONTO_LSE91_0071
TORONTO_LSE91_STU01978,TORONTO_LSE91_0132
TORONTO_LSE91_STU01978,TORONTO_LSE91_0224
TORONTO_LSE91_STU01979,TORONTO_LSE91_0008
TORONTO_LSE91_STU01979,TORONTO_LSE91_0009
TORONTO_LSE91_STU01979,TORONTO_LSE91_0221
TORONTO_LSE91_STU01979,TORONTO_LSE91_0223
TORONTO_LSE91_STU01980,TORONTO_LSE91_0023
TORONTO_LSE91_STU01980,TORONTO_LSE91_0026
TORONTO_LSE91_STU01980,TORONTO_LSE91_0073
TORONTO_LSE91_STU01980,TORONTO_LSE91_0336
TORONTO_LSE91_STU01981,TORONTO_LSE91_0220
TORONTO_LSE91_STU01981,TORONTO_LSE91_0221
TORONTO_LSE91_STU01981,TORONTO_LSE91_0222
TORONTO_LSE91_STU01981,TORONTO_LSE91_0223
TORONTO_LSE91_STU01982,TORONTO_LSE91_0023
TORONTO_LSE91_STU01982,TORONTO_LSE91_0224
TORONTO_LSE91_STU01982,TORONTO_LSE91_0320
TORONTO_LSE91_STU01982,TORONTO_LSE91_0336
TORONTO_LSE91_STU01983,TORONTO_LSE91_0008
TORONTO_LSE91_STU01983,TORONTO_LSE91_0104
TORONTO_LSE91_STU01983,TORONTO_LSE91_0105
TORONTO_LSE91_STU01983,TORONTO_LSE91_0106
TORONTO_LSE91_STU01984,TORONTO_LSE91_0023
TORONTO_LSE91_STU01984,TORONTO_LSE91_0320
TORONTO_LSE91_STU01984,TORONTO_LSE91_0336
TORONTO_LSE91_STU01984,TORONTO_LSE91_0350
TORONTO_LSE91_STU01984,TORONTO_LSE91_0351
TORONTO_LSE91_STU01985,TORONTO_LSE91_0022
TORONTO_LSE91_STU01985,TORONTO_LSE91_0071
TORONTO_LSE91_STU01985,TORONTO_LSE91_0134
TORONTO_LSE91_STU01985,TORONTO_LSE91_0198
TORONTO_LSE91_STU01986,TORONTO_LSE91_0023
TORONTO_LSE91_STU01986,TORONTO_LSE91_0026
TORONTO_LSE91_STU01986,TORONTO_LSE91_0335
TORONTO_LSE91_STU01986,TORONTO_LSE91_0348
TORONTO_LSE91_STU01986,TORONTO_LSE91_0351
TORONTO_LSE91_STU01987,TORONTO_LSE91_0023
TORONTO_LSE91_STU01987,TORONTO_LSE91_0289
TORONTO_LSE91_STU01987,TORONTO_LSE91_0335
TORONTO_LSE91_STU01987,TORONTO_LSE91_0366
TORONTO_LSE91_STU01988,TORONTO_LSE91_0008
TORONTO_LSE91_STU01988,TORONTO_LSE91_0009
TORONTO_LSE91_STU01988,TORONTO_LSE91_0221
TORONTO_LSE91_STU01988,TORONTO_LSE91_0223
TORONTO_LSE91_STU01989,TORONTO_LSE91_0134
TORONTO_LSE91_STU01989,TORONTO_LSE91_0270
TORONTO_LSE91_STU01989,TORONTO_LSE91_0289
TORONTO_LSE91_STU01989,TORONTO_LSE91_0337
TORONTO_LSE91_STU01990,TORONTO_LSE91_0104
TORONTO_LSE91_STU01990,TORONTO_LSE91_0105
TORONTO_LSE91_STU01990,TORONTO_LSE91_0106
TORONTO_LSE91_STU01990,TORONTO_LSE91_0282
TORONTO_LSE91_STU01991,TORONTO_LSE91_0220
TORONTO_LSE91_STU01991,TORONTO_LSE91_0221
TORONTO_LSE91_STU01991,TORONTO_LSE91_0222
TORONTO_LSE91_STU01991,TORONTO_LSE91_0223
TORONTO_LSE91_STU01992,TORONTO_LSE91_0023
TORONTO_LSE91_STU01992,TORONTO_LSE91_0026
TORONTO_LSE91_STU01992,TORONTO_LSE91_0071
TORONTO_LSE91_STU01992,TORONTO_LSE91_0335
TORONTO_LSE91_STU01993,TORONTO_LSE91_0001
TORONTO_LSE91_STU01993,TORONTO_LSE91_0023
TORONTO_LSE91_STU01993,TORONTO_LSE91_0336
TORONTO_LSE91_STU01993,TORONTO_LSE91_0350
TORONTO_LSE91_STU01993,TORONTO_LSE91_0351
TORONTO_LSE91_STU01994,TORONTO_LSE91_0023
TORONTO_LSE91_STU01994,TORONTO_LSE91_0320
TORONTO_LSE91_STU01994,TORONTO_LSE91_0336
TORONTO_LSE91_STU01994,TORONTO_LSE91_0350
TORONTO_LSE91_STU01994,TORONTO_LSE91_0351
TORONTO_LSE91_STU01995,TORONTO_LSE91_0001
TORONTO_LSE91_STU01995,TORONTO_LSE91_0022
TORONTO_LSE91_STU01995,TORONTO_LSE91_0289
TORONTO_LSE91_STU01995,TORONTO_LSE91_0337
TORONTO_LSE91_STU01996,TORONTO_LSE91_0023
TORONTO_LSE91_STU01996,TORONTO_LSE91_0320
TORONTO_LSE91_STU01996,TORONTO_LSE91_0336
TORONTO_LSE91_STU01996,TORONTO_LSE91_0348
TORONTO_LSE91_STU01996,TORONTO_LSE91_0351
TORONTO_LSE91_STU01997,TORONTO_LSE91_0001
TORONTO_LSE91_STU01997,TORONTO_LSE91_0023
TORONTO_LSE91_STU01997,TORONTO_LSE91_0336
TORONTO_LSE91_STU01997,TORONTO_LSE91_0348
TORONTO_LSE91_STU01997,TORONTO_LSE91_0351
TORONTO_LSE91_STU01998,TORONTO_LSE91_0022
TORONTO_LSE91_STU01998,TORONTO_LSE91_0073
TORONTO_LSE91_STU01998,TORONTO_LSE91_0132
TORONTO_LSE91_STU01998,TORONTO_LSE91_0224
TORONTO_LSE91_STU01999,TORONTO_LSE91_0001
TORONTO_LSE91_STU01999,TORONTO_LSE91_0023
TORONTO_LSE91_STU01999,TORONTO_LSE91_0320
TORONTO_LSE91_STU01999,TORONTO_LSE91_0336
TORONTO_LSE91_STU02000,TORONTO_LSE91_0023
TORONTO_LSE91_STU02000,TORONTO_LSE91_0320
TORONTO_LSE91_STU02000,TORONTO_LSE91_0336
TORONTO_LSE91_STU02000,TORONTO_LSE91_0348
TORONTO_LSE91_STU02000,TORONTO_LSE91_0351
TORONTO_LSE91_STU02001,TORONTO_LSE91_0220
TORONTO_LSE91_STU02001,TORONTO_LSE91_0221
TORONTO_LSE91_STU02001,TORONTO_LSE91_0222
TORONTO_LSE91_STU02001,TORONTO_LSE91_0223
TORONTO_LSE91_STU02002,TORONTO_LSE91_0021
TORONTO_LSE91_STU02002,TORONTO_LSE91_0073
TORONTO_LSE91_STU02002,TORONTO_LSE91_0271
TORONTO_LSE91_STU02002,TORONTO_LSE91_0289
TORONTO_LSE91_STU02003,TORONTO_LSE91_0001
TORONTO_LSE91_STU02003,TORONTO_LSE91_0023
TORONTO_LSE91_STU02003,TORONTO_LSE91_0026
TORONTO_LSE91_STU02003,TORONTO_LSE91_0335
TORONTO_LSE91_STU02004,TORONTO_LSE91_0023
TORONTO_LSE91_STU02004,TORONTO_LSE91_0026
TORONTO_LSE91_STU02004,TORONTO_LSE91_0335
TORONTO_LSE91_STU02004,TORONTO_LSE91_0350
TORONTO_LSE91_STU02004,TORONTO_LSE91_0351
TORONTO_LSE91_STU02005,TORONTO_LSE91_0008
TORONTO_LSE91_STU02005,TORONTO_LSE91_0009
TORONTO_LSE91_STU02005,TORONTO_LSE91_0380
TORONTO_LSE91_STU02006,TORONTO_LSE91_0220
TORONTO_LSE91_STU02006,TORONTO_LSE91_0221
TORONTO_LSE91_STU02006,TORONTO_LSE91_0222
TORONTO_LSE91_STU02006,TORONTO_LSE91_0223
TORONTO_LSE91_STU02007,TORONTO_LSE91_0289
TORONTO_LSE91_STU02007,TORONTO_LSE91_0337
TORONTO_LSE91_STU02007,TORONTO_LSE91_0366
TORONTO_LSE91_STU02008,TORONTO_LSE91_0220
TORONTO_LSE91_STU02008,TORONTO_LSE91_0221
TORONTO_LSE91_STU02008,TORONTO_LSE91_0222
TORONTO_LSE91_STU02008,TORONTO_LSE91_0223
TORONTO_LSE91_STU02009,TORONTO_LSE91_0220
TORONTO_LSE91_STU02009,TORONTO_LSE91_0221
TORONTO_LSE91_STU02009,TORONTO_LSE91_0222
TORONTO_LSE91_STU02009,TORONTO_LSE91_0223
TORONTO_LSE91_STU02010,TORONTO_LSE91_0001
TORONTO_LSE91_STU02010,TORONTO_LSE91_0023
TORONTO_LSE91_STU02010,TORONTO_LSE91_0336
TORONTO_LSE91_STU02010,TORONTO_LSE91_0350
TORONTO_LSE91_STU02010,TORONTO_LSE91_0351
TORONTO_LSE91_STU02011,TORONTO_LSE91_0001
TORONTO_LSE91_STU02011,TORONTO_LSE91_0023
TORONTO_LSE91_STU02011,TORONTO_LSE91_0026
TORONTO_LSE91_STU02011,TORONTO_LSE91_0335
TORONTO_LSE91_STU02012,TORONTO_LSE91_0001
TORONTO_LSE91_STU02012,TORONTO_LSE91_0021
TORONTO_LSE91_STU02012,TORONTO_LSE91_0320
TORONTO_LSE91_STU02012,TORONTO_LSE91_0336
TORONTO_LSE91_STU02013,TORONTO_LSE91_0104
TORONTO_LSE91_STU02013,TORONTO_LSE91_0105
TORONTO_LSE91_STU02013,TORONTO_LSE91_0106
TORONTO_LSE91_STU02013,TORONTO_LSE91_0282
TORONTO_LSE91_STU02014,TORONTO_LSE91_0023
TORONTO_LSE91_STU02014,TORONTO_LSE91_0026
TORONTO_LSE91_STU02014,TORONTO_LSE91_0054
TORONTO_LSE91_STU02014,TORONTO_LSE91_0336
TORONTO_LSE91_STU02015,TORONTO_LSE91_0001
TORONTO_LSE91_STU02015,TORONTO_LSE91_0023
TORONTO_LSE91_STU02015,TORONTO_LSE91_0071
TORONTO_LSE91_STU02015,TORONTO_LSE91_0336
TORONTO_LSE91_STU02016,TORONTO_LSE91_0021
TORONTO_LSE91_STU02016,TORONTO_LSE91_0320
TORONTO_LSE91_STU02016,TORONTO_LSE91_0336
TORONTO_LSE91_STU02016,TORONTO_LSE91_0348
TORONTO_LSE91_STU02016,TORONTO_LSE91_0351
TORONTO_LSE91_STU02017,TORONTO_LSE91_0136
TORONTO_LSE91_STU02017,TORONTO_LSE91_0337
TORONTO_LSE91_STU02017,TORONTO_LSE91_0366
TORONTO_LSE91_STU02018,TORONTO_LSE91_0220
TORONTO_LSE91_STU02018,TORONTO_LSE91_0221
TORONTO_LSE91_STU02018,TORONTO_LSE91_0222
TORONTO_LSE91_STU02018,TORONTO_LSE91_0223
TORONTO_LSE91_STU02019,TORONTO_LSE91_0001
TORONTO_LSE91_STU02019,TORONTO_LSE91_0021
TORONTO_LSE91_STU02019,TORONTO_LSE91_0335
TORONTO_LSE91_STU02019,TORONTO_LSE91_0350
TORONTO_LSE91_STU02019,TORONTO_LSE91_0351
TORONTO_LSE91_STU02020,TORONTO_LSE91_0104
TORONTO_LSE91_STU02020,TORONTO_LSE91_0105
TORONTO_LSE91_STU02020,TORONTO_LSE91_0106
TORONTO_LSE91_STU02020,TORONTO_LSE91_0282
TORONTO_LSE91_STU02021,TORONTO_LSE91_0001
TORONTO_LSE91_STU02021,TORONTO_LSE91_0023
TORONTO_LSE91_STU02021,TORONTO_LSE91_0336
TORONTO_LSE91_STU02021,TORONTO_LSE91_0350
TORONTO_LSE91_STU02021,TORONTO_LSE91_0351
TORONTO_LSE91_STU02022,TORONTO_LSE91_0022
TORONTO_LSE91_STU02022,TORONTO_LSE91_0134
TORONTO_LSE91_STU02022,TORONTO_LSE91_0198
TORONTO_LSE91_STU02022,TORONTO_LSE91_0241
TORONTO_LSE91_STU02023,TORONTO_LSE91_0008
TORONTO_LSE91_STU02023,TORONTO_LSE91_0009
TORONTO_LSE91_STU02023,TORONTO_LSE91_0221
TORONTO_LSE91_STU02023,TORONTO_LSE91_0223
TORONTO_LSE91_STU02024,TORONTO_LSE91_0001
TORONTO_LSE91_STU02024,TORONTO_LSE91_0008
TORONTO_LSE91_STU02024,TORONTO_LSE91_0023
TORONTO_LSE91_STU02024,TORONTO_LSE91_0336
TORONTO_LSE91_STU02025,TORONTO_LSE91_0054
TORONTO_LSE91_STU02025,TORONTO_LSE91_0073
TORONTO_LSE91_STU02025,TORONTO_LSE91_0224
TORONTO_LSE91_STU02025,TORONTO_LSE91_0306
TORONTO_LSE91_STU02026,TORONTO_LSE91_0023
TORONTO_LSE91_STU02026,TORONTO_LSE91_0026
TORONTO_LSE91_STU02026,TORONTO_LSE91_0054
TORONTO_LSE91_STU02026,TORONTO_LSE91_0336
TORONTO_LSE91_STU02027,TORONTO_LSE91_0001
TORONTO_LSE91_STU02027,TORONTO_LSE91_0021
TORONTO_LSE91_STU02027,TORONTO_LSE91_0336
TORONTO_LSE91_STU02027,TORONTO_LSE91_0350
TORONTO_LSE91_STU02027,TORONTO_LSE91_0351
TORONTO_LSE91_STU02028,TORONTO_LSE91_0220
TORONTO_LSE91_STU02028,TORONTO_LSE91_0221
TORONTO_LSE91_STU02028,TORONTO_LSE91_0222
TORONTO_LSE91_STU02028,TORONTO_LSE91_0223
TORONTO_LSE91_STU02029,TORONTO_LSE91_0001
TORONTO_LSE91_STU02029,TORONTO_LSE91_0023
TORONTO_LSE91_STU02029,TORONTO_LSE91_0054
TORONTO_LSE91_STU02029,TORONTO_LSE91_0336
TORONTO_LSE91_STU02030,TORONTO_LSE91_0220
TORONTO_LSE91_STU02030,TORONTO_LSE91_0221
TORONTO_LSE91_STU02030,TORONTO_LSE91_0222
TORONTO_LSE91_STU02030,TORONTO_LSE91_0223
TORONTO_LSE91_STU02031,TORONTO_LSE91_0023
TORONTO_LSE91_STU02031,TORONTO_LSE91_0320
TORONTO_LSE91_STU02031,TORONTO_LSE91_0336
TORONTO_LSE91_STU02031,TORONTO_LSE91_0348
TORONTO_LSE91_STU02031,TORONTO_LSE91_0351
TORONTO_LSE91_STU02032,TORONTO_LSE91_0023
TORONTO_LSE91_STU02032,TORONTO_LSE91_0320
TORONTO_LSE91_STU02032,TORONTO_LSE91_0336
TORONTO_LSE91_STU02032,TORONTO_LSE91_0348
TORONTO_LSE91_STU02032,TORONTO_LSE91_0351
TORONTO_LSE91_STU02033,TORONTO_LSE91_0055
TORONTO_LSE91_STU02033,TORONTO_LSE91_0073
TORONTO_LSE91_STU02033,TORONTO_LSE91_0132
TORONTO_LSE91_STU02033,TORONTO_LSE91_0289
TORONTO_LSE91_STU02034,TORONTO_LSE91_0023
TORONTO_LSE91_STU02034,TORONTO_LSE91_0320
TORONTO_LSE91_STU02034,TORONTO_LSE91_0336
TORONTO_LSE91_STU02034,TORONTO_LSE91_0348
TORONTO_LSE91_STU02034,TORONTO_LSE91_0351
TORONTO_LSE91_STU02035,TORONTO_LSE91_0001
TORONTO_LSE91_STU02035,TORONTO_LSE91_0023
TORONTO_LSE91_STU02035,TORONTO_LSE91_0320
TORONTO_LSE91_STU02035,TORONTO_LSE91_0336
TORONTO_LSE91_STU02036,TORONTO_LSE91_0021
TORONTO_LSE91_STU02036,TORONTO_LSE91_0104
TORONTO_LSE91_STU02036,TORONTO_LSE91_0105
TORONTO_LSE91_STU02036,TORONTO_LSE91_0106
TORONTO_LSE91_STU02037,TORONTO_LSE91_0021
TORONTO_LSE91_STU02037,TORONTO_LSE91_0104
TORONTO_LSE91_STU02037,TORONTO_LSE91_0105
TORONTO_LSE91_STU02037,TORONTO_LSE91_0106
TORONTO_LSE91_STU02038,TORONTO_LSE91_0008
TORONTO_LSE91_STU02038,TORONTO_LSE91_0289
TORONTO_LSE91_STU02038,TORONTO_LSE91_0290
TORONTO_LSE91_STU02038,TORONTO_LSE91_0291
TORONTO_LSE91_STU02039,TORONTO_LSE91_0198
TORONTO_LSE91_STU02039,TORONTO_LSE91_0307
TORONTO_LSE91_STU02039,TORONTO_LSE91_0308
TORONTO_LSE91_STU02039,TORONTO_LSE91_0309
TORONTO_LSE91_STU02040,TORONTO_LSE91_0224
TORONTO_LSE91_STU02040,TORONTO_LSE91_0307
TORONTO_LSE91_STU02040,TORONTO_LSE91_0308
TORONTO_LSE91_STU02040,TORONTO_LSE91_0309
TORONTO_LSE91_STU02041,TORONTO_LSE91_0055
TORONTO_LSE91_STU02041,TORONTO_LSE91_0073
TORONTO_LSE91_STU02041,TORONTO_LSE91_0104
TORONTO_LSE91_STU02041,TORONTO_LSE91_0224
TORONTO_LSE91_STU02042,TORONTO_LSE91_0023
TORONTO_LSE91_STU02042,TORONTO_LSE91_0320
TORONTO_LSE91_STU02042,TORONTO_LSE91_0321
TORONTO_LSE91_STU02042,TORONTO_LSE91_0336
TORONTO_LSE91_STU02043,TORONTO_LSE91_0023
TORONTO_LSE91_STU02043,TORONTO_LSE91_0133
TORONTO_LSE91_STU02043,TORONTO_LSE91_0198
TORONTO_LSE91_STU02043,TORONTO_LSE91_0241
TORONTO_LSE91_STU02044,TORONTO_LSE91_0024
TORONTO_LSE91_STU02044,TORONTO_LSE91_0320
TORONTO_LSE91_STU02044,TORONTO_LSE91_0336
TORONTO_LSE91_STU02044,TORONTO_LSE91_0348
TORONTO_LSE91_STU02044,TORONTO_LSE91_0351
TORONTO_LSE91_STU02045,TORONTO_LSE91_0023
TORONTO_LSE91_STU02045,TORONTO_LSE91_0026
TORONTO_LSE91_STU02045,TORONTO_LSE91_0133
TORONTO_LSE91_STU02045,TORONTO_LSE91_0336
TORONTO_LSE91_STU02046,TORONTO_LSE91_0004
TORONTO_LSE91_STU02046,TORONTO_LSE91_0005
TORONTO_LSE91_STU02047,TORONTO_LSE91_0220
TORONTO_LSE91_STU02047,TORONTO_LSE91_0221
TORONTO_LSE91_STU02047,TORONTO_LSE91_0222
TORONTO_LSE91_STU02047,TORONTO_LSE91_0223
TORONTO_LSE91_STU02048,TORONTO_LSE91_0220
TORONTO_LSE91_STU02048,TORONTO_LSE91_0221
TORONTO_LSE91_STU02048,TORONTO_LSE91_0222
TORONTO_LSE91_STU02048,TORONTO_LSE91_0223
TORONTO_LSE91_STU02049,TORONTO_LSE91_0220
TORONTO_LSE91_STU02049,TORONTO_LSE91_0221
TORONTO_LSE91_STU02049,TORONTO_LSE91_0222
TORONTO_LSE91_STU02049,TORONTO_LSE91_0223
TORONTO_LSE91_STU02050,TORONTO_LSE91_0023
TORONTO_LSE91_STU02050,TORONTO_LSE91_0104
TORONTO_LSE91_STU02050,TORONTO_LSE91_0105
TORONTO_LSE91_STU02050,TORONTO_LSE91_0106
TORONTO_LSE91_STU02051,TORONTO_LSE91_0023
TORONTO_LSE91_STU02051,TORONTO_LSE91_0134
TORONTO_LSE91_STU02051,TORONTO_LSE91_0320
TORONTO_LSE91_STU02051,TORONTO_LSE91_0336
TORONTO_LSE91_STU02052,TORONTO_LSE91_0220
TORONTO_LSE91_STU02052,TORONTO_LSE91_0221
TORONTO_LSE91_STU02052,TORONTO_LSE91_0222
TORONTO_LSE91_STU02052,TORONTO_LSE91_0223
TORONTO_LSE91_STU02053,TORONTO_LSE91_0023
TORONTO_LSE91_STU02053,TORONTO_LSE91_0025
TORONTO_LSE91_STU02053,TORONTO_LSE91_0241
TORONTO_LSE91_STU02053,TORONTO_LSE91_0335
TORONTO_LSE91_STU02054,TORONTO_LSE91_0008
TORONTO_LSE91_STU02054,TORONTO_LSE91_0009
TORONTO_LSE91_STU02054,TORONTO_LSE91_0267
TORONTO_LSE91_STU02055,TORONTO_LSE91_0008
TORONTO_LSE91_STU02055,TORONTO_LSE91_0133
TORONTO_LSE91_STU02055,TORONTO_LSE91_0198
TORONTO_LSE91_STU02055,TORONTO_LSE91_0241
TORONTO_LSE91_STU02056,TORONTO_LSE91_0001
TORONTO_LSE91_STU02056,TORONTO_LSE91_0023
TORONTO_LSE91_STU02056,TORONTO_LSE91_0026
TORONTO_LSE91_STU02056,TORONTO_LSE91_0335
TORONTO_LSE91_STU02057,TORONTO_LSE91_0001
TORONTO_LSE91_STU02057,TORONTO_LSE91_0021
TORONTO_LSE91_STU02057,TORONTO_LSE91_0026
TORONTO_LSE91_STU02057,TORONTO_LSE91_0335
TORONTO_LSE91_STU02058,TORONTO_LSE91_0001
TORONTO_LSE91_STU02058,TORONTO_LSE91_0021
TORONTO_LSE91_STU02058,TORONTO_LSE91_0026
TORONTO_LSE91_STU02058,TORONTO_LSE91_0335
TORONTO_LSE91_STU02059,TORONTO_LSE91_0001
TORONTO_LSE91_STU02059,TORONTO_LSE91_0023
TORONTO_LSE91_STU02059,TORONTO_LSE91_0320
TORONTO_LSE91_STU02059,TORONTO_LSE91_0335
TORONTO_LSE91_STU02060,TORONTO_LSE91_0289
TORONTO_LSE91_STU02060,TORONTO_LSE91_0337
TORONTO_LSE91_STU02060,TORONTO_LSE91_0366
TORONTO_LSE91_STU02061,TORONTO_LSE91_0023
TORONTO_LSE91_STU02061,TORONTO_LSE91_0026
TORONTO_LSE91_STU02061,TORONTO_LSE91_0257
TORONTO_LSE91_STU02061,TORONTO_LSE91_0335
TORONTO_LSE91_STU02062,TORONTO_LSE91_0008
TORONTO_LSE91_STU02062,TORONTO_LSE91_0022
TORONTO_LSE91_STU02062,TORONTO_LSE91_0134
TORONTO_LSE91_STU02062,TORONTO_LSE91_0366
TORONTO_LSE91_STU02063,TORONTO_LSE91_0022
TORONTO_LSE91_STU02063,TORONTO_LSE91_0073
TORONTO_LSE91_STU02063,TORONTO_LSE91_0224
TORONTO_LSE91_STU02063,TORONTO_LSE91_0306
TORONTO_LSE91_STU02064,TORONTO_LSE91_0023
TORONTO_LSE91_STU02064,TORONTO_LSE91_0026
TORONTO_LSE91_STU02064,TORONTO_LSE91_0054
TORONTO_LSE91_STU02064,TORONTO_LSE91_0335
TORONTO_LSE91_STU02065,TORONTO_LSE91_0220
TORONTO_LSE91_STU02065,TORONTO_LSE91_0221
TORONTO_LSE91_STU02065,TORONTO_LSE91_0222
TORONTO_LSE91_STU02065,TORONTO_LSE91_0223
TORONTO_LSE91_STU02066,TORONTO_LSE91_0022
TORONTO_LSE91_STU02066,TORONTO_LSE91_0054
TORONTO_LSE91_STU02066,TORONTO_LSE91_0071
TORONTO_LSE91_STU02066,TORONTO_LSE91_0133
TORONTO_LSE91_STU02067,TORONTO_LSE91_0023
TORONTO_LSE91_STU02067,TORONTO_LSE91_0025
TORONTO_LSE91_STU02067,TORONTO_LSE91_0289
TORONTO_LSE91_STU02067,TORONTO_LSE91_0335
TORONTO_LSE91_STU02068,TORONTO_LSE91_0008
TORONTO_LSE91_STU02068,TORONTO_LSE91_0073
TORONTO_LSE91_STU02068,TORONTO_LSE91_0133
TORONTO_LSE91_STU02068,TORONTO_LSE91_0224
TORONTO_LSE91_STU02069,TORONTO_LSE91_0023
TORONTO_LSE91_STU02069,TORONTO_LSE91_0198
TORONTO_LSE91_STU02069,TORONTO_LSE91_0268
TORONTO_LSE91_STU02069,TORONTO_LSE91_0270
TORONTO_LSE91_STU02070,TORONTO_LSE91_0104
TORONTO_LSE91_STU02070,TORONTO_LSE91_0105
TORONTO_LSE91_STU02070,TORONTO_LSE91_0106
TORONTO_LSE91_STU02070,TORONTO_LSE91_0282
TORONTO_LSE91_STU02071,TORONTO_LSE91_0220
TORONTO_LSE91_STU02071,TORONTO_LSE91_0221
TORONTO_LSE91_STU02071,TORONTO_LSE91_0222
TORONTO_LSE91_STU02071,TORONTO_LSE91_0223
TORONTO_LSE91_STU02072,TORONTO_LSE91_0024
TORONTO_LSE91_STU02072,TORONTO_LSE91_0320
TORONTO_LSE91_STU02072,TORONTO_LSE91_0321
TORONTO_LSE91_STU02072,TORONTO_LSE91_0348
TORONTO_LSE91_STU02072,TORONTO_LSE91_0349
TORONTO_LSE91_STU02073,TORONTO_LSE91_0023
TORONTO_LSE91_STU02073,TORONTO_LSE91_0026
TORONTO_LSE91_STU02073,TORONTO_LSE91_0198
TORONTO_LSE91_STU02073,TORONTO_LSE91_0336
TORONTO_LSE91_STU02074,TORONTO_LSE91_0220
TORONTO_LSE91_STU02074,TORONTO_LSE91_0221
TORONTO_LSE91_STU02074,TORONTO_LSE91_0222
TORONTO_LSE91_STU02074,TORONTO_LSE91_0223
TORONTO_LSE91_STU02075,TORONTO_LSE91_0001
TORONTO_LSE91_STU02075,TORONTO_LSE91_0023
TORONTO_LSE91_STU02075,TORONTO_LSE91_0336
TORONTO_LSE91_STU02075,TORONTO_LSE91_0350
TORONTO_LSE91_STU02075,TORONTO_LSE91_0351
TORONTO_LSE91_STU02076,TORONTO_LSE91_0024
TORONTO_LSE91_STU02076,TORONTO_LSE91_0320
TORONTO_LSE91_STU02076,TORONTO_LSE91_0321
TORONTO_LSE91_STU02076,TORONTO_LSE91_0348
TORONTO_LSE91_STU02076,TORONTO_LSE91_0349
TORONTO_LSE91_STU02077,TORONTO_LSE91_0001
TORONTO_LSE91_STU02077,TORONTO_LSE91_0023
TORONTO_LSE91_STU02077,TORONTO_LSE91_0336
TORONTO_LSE91_STU02077,TORONTO_LSE91_0350
TORONTO_LSE91_STU02077,TORONTO_LSE91_0351
TORONTO_LSE91_STU02078,TORONTO_LSE91_0054
TORONTO_LSE91_STU02078,TORONTO_LSE91_0337
TORONTO_LSE91_STU02078,TORONTO_LSE91_0366
TORONTO_LSE91_STU02079,TORONTO_LSE91_0023
TORONTO_LSE91_STU02079,TORONTO_LSE91_0133
TORONTO_LSE91_STU02079,TORONTO_LSE91_0198
TORONTO_LSE91_STU02079,TORONTO_LSE91_0241
TORONTO_LSE91_STU02080,TORONTO_LSE91_0220
TORONTO_LSE91_STU02080,TORONTO_LSE91_0221
TORONTO_LSE91_STU02080,TORONTO_LSE91_0222
TORONTO_LSE91_STU02080,TORONTO_LSE91_0223
TORONTO_LSE91_STU02081,TORONTO_LSE91_0024
TORONTO_LSE91_STU02081,TORONTO_LSE91_0320
TORONTO_LSE91_STU02081,TORONTO_LSE91_0336
TORONTO_LSE91_STU02081,TORONTO_LSE91_0348
TORONTO_LSE91_STU02081,TORONTO_LSE91_0351
TORONTO_LSE91_STU02082,TORONTO_LSE91_0008
TORONTO_LSE91_STU02082,TORONTO_LSE91_0289
TORONTO_LSE91_STU02082,TORONTO_LSE91_0290
TORONTO_LSE91_STU02082,TORONTO_LSE91_0291
TORONTO_LSE91_STU02083,TORONTO_LSE91_0257
TORONTO_LSE91_STU02083,TORONTO_LSE91_0289
TORONTO_LSE91_STU02083,TORONTO_LSE91_0290
TORONTO_LSE91_STU02083,TORONTO_LSE91_0291
TORONTO_LSE91_STU02084,TORONTO_LSE91_0001
TORONTO_LSE91_STU02084,TORONTO_LSE91_0023
TORONTO_LSE91_STU02084,TORONTO_LSE91_0336
TORONTO_LSE91_STU02084,TORONTO_LSE91_0350
TORONTO_LSE91_STU02084,TORONTO_LSE91_0351
TORONTO_LSE91_STU02085,TORONTO_LSE91_0023
TORONTO_LSE91_STU02085,TORONTO_LSE91_0320
TORONTO_LSE91_STU02085,TORONTO_LSE91_0348
TORONTO_LSE91_STU02085,TORONTO_LSE91_0349
TORONTO_LSE91_STU02085,TORONTO_LSE91_0350
TORONTO_LSE91_STU02085,TORONTO_LSE91_0351
TORONTO_LSE91_STU02086,TORONTO_LSE91_0289
TORONTO_LSE91_STU02086,TORONTO_LSE91_0307
TORONTO_LSE91_STU02086,TORONTO_LSE91_0308
TORONTO_LSE91_STU02086,TORONTO_LSE91_0309
TORONTO_LSE91_STU02087,TORONTO_LSE91_0001
TORONTO_LSE91_STU02087,TORONTO_LSE91_0023
TORONTO_LSE91_STU02087,TORONTO_LSE91_0054
TORONTO_LSE91_STU02087,TORONTO_LSE91_0335
TORONTO_LSE91_STU02088,TORONTO_LSE91_0289
TORONTO_LSE91_STU02088,TORONTO_LSE91_0307
TORONTO_LSE91_STU02088,TORONTO_LSE91_0308
TORONTO_LSE91_STU02088,TORONTO_LSE91_0309
TORONTO_LSE91_STU02089,TORONTO_LSE91_0220
TORONTO_LSE91_STU02089,TORONTO_LSE91_0221
TORONTO_LSE91_STU02089,TORONTO_LSE91_0222
TORONTO_LSE91_STU02089,TORONTO_LSE91_0223
TORONTO_LSE91_STU02090,TORONTO_LSE91_0001
TORONTO_LSE91_STU02090,TORONTO_LSE91_0023
TORONTO_LSE91_STU02090,TORONTO_LSE91_0025
TORONTO_LSE91_STU02090,TORONTO_LSE91_0335
TORONTO_LSE91_STU02091,TORONTO_LSE91_0023
TORONTO_LSE91_STU02091,TORONTO_LSE91_0054
TORONTO_LSE91_STU02091,TORONTO_LSE91_0134
TORONTO_LSE91_STU02091,TORONTO_LSE91_0289
TORONTO_LSE91_STU02092,TORONTO_LSE91_0021
TORONTO_LSE91_STU02092,TORONTO_LSE91_0270
TORONTO_LSE91_STU02092,TORONTO_LSE91_0320
TORONTO_LSE91_STU02092,TORONTO_LSE91_0336
TORONTO_LSE91_STU02093,TORONTO_LSE91_0023
TORONTO_LSE91_STU02093,TORONTO_LSE91_0320
TORONTO_LSE91_STU02093,TORONTO_LSE91_0321
TORONTO_LSE91_STU02093,TORONTO_LSE91_0336
TORONTO_LSE91_STU02094,TORONTO_LSE91_0001
TORONTO_LSE91_STU02094,TORONTO_LSE91_0023
TORONTO_LSE91_STU02094,TORONTO_LSE91_0335
TORONTO_LSE91_STU02094,TORONTO_LSE91_0350
TORONTO_LSE91_STU02094,TORONTO_LSE91_0351
TORONTO_LSE91_STU02095,TORONTO_LSE91_0001
TORONTO_LSE91_STU02095,TORONTO_LSE91_0021
TORONTO_LSE91_STU02095,TORONTO_LSE91_0320
TORONTO_LSE91_STU02095,TORONTO_LSE91_0336
TORONTO_LSE91_STU02096,TORONTO_LSE91_0267
TORONTO_LSE91_STU02096,TORONTO_LSE91_0268
TORONTO_LSE91_STU02096,TORONTO_LSE91_0270
TORONTO_LSE91_STU02096,TORONTO_LSE91_0271
TORONTO_LSE91_STU02097,TORONTO_LSE91_0220
TORONTO_LSE91_STU02097,TORONTO_LSE91_0221
TORONTO_LSE91_STU02097,TORONTO_LSE91_0222
TORONTO_LSE91_STU02097,TORONTO_LSE91_0223
TORONTO_LSE91_STU02098,TORONTO_LSE91_0023
TORONTO_LSE91_STU02098,TORONTO_LSE91_0026
TORONTO_LSE91_STU02098,TORONTO_LSE91_0335
TORONTO_LSE91_STU02098,TORONTO_LSE91_0348
TORONTO_LSE91_STU02098,TORONTO_LSE91_0351
TORONTO_LSE91_STU02099,TORONTO_LSE91_0021
TORONTO_LSE91_STU02099,TORONTO_LSE91_0257
TORONTO_LSE91_STU02099,TORONTO_LSE91_0320
TORONTO_LSE91_STU02099,TORONTO_LSE91_0335
TORONTO_LSE91_STU02100,TORONTO_LSE91_0021
TORONTO_LSE91_STU02100,TORONTO_LSE91_0025
TORONTO_LSE91_STU02100,TORONTO_LSE91_0224
TORONTO_LSE91_STU02100,TORONTO_LSE91_0335
TORONTO_LSE91_STU02101,TORONTO_LSE91_0023
TORONTO_LSE91_STU02101,TORONTO_LSE91_0026
TORONTO_LSE91_STU02101,TORONTO_LSE91_0336
TORONTO_LSE91_STU02101,TORONTO_LSE91_0350
TORONTO_LSE91_STU02101,TORONTO_LSE91_0351
TORONTO_LSE91_STU02102,TORONTO_LSE91_0104
TORONTO_LSE91_STU02102,TORONTO_LSE91_0105
TORONTO_LSE91_STU02102,TORONTO_LSE91_0106
TORONTO_LSE91_STU02102,TORONTO_LSE91_0282
TORONTO_LSE91_STU02103,TORONTO_LSE91_0220
TORONTO_LSE91_STU02103,TORONTO_LSE91_0221
TORONTO_LSE91_STU02103,TORONTO_LSE91_0222
TORONTO_LSE91_STU02103,TORONTO_LSE91_0223
TORONTO_LSE91_STU02104,TORONTO_LSE91_0133
TORONTO_LSE91_STU02104,TORONTO_LSE91_0198
TORONTO_LSE91_STU02104,TORONTO_LSE91_0241
TORONTO_LSE91_STU02104,TORONTO_LSE91_0306
TORONTO_LSE91_STU02105,TORONTO_LSE91_0001
TORONTO_LSE91_STU02105,TORONTO_LSE91_0023
TORONTO_LSE91_STU02105,TORONTO_LSE91_0336
TORONTO_LSE91_STU02105,TORONTO_LSE91_0350
TORONTO_LSE91_STU02105,TORONTO_LSE91_0351
TORONTO_LSE91_STU02106,TORONTO_LSE91_0001
TORONTO_LSE91_STU02106,TORONTO_LSE91_0021
TORONTO_LSE91_STU02106,TORONTO_LSE91_0320
TORONTO_LSE91_STU02106,TORONTO_LSE91_0336
TORONTO_LSE91_STU02107,TORONTO_LSE91_0008
TORONTO_LSE91_STU02107,TORONTO_LSE91_0337
TORONTO_LSE91_STU02107,TORONTO_LSE91_0366
TORONTO_LSE91_STU02107,TORONTO_LSE91_0380
TORONTO_LSE91_STU02108,TORONTO_LSE91_0257
TORONTO_LSE91_STU02108,TORONTO_LSE91_0337
TORONTO_LSE91_STU02108,TORONTO_LSE91_0366
TORONTO_LSE91_STU02109,TORONTO_LSE91_0023
TORONTO_LSE91_STU02109,TORONTO_LSE91_0025
TORONTO_LSE91_STU02109,TORONTO_LSE91_0055
TORONTO_LSE91_STU02109,TORONTO_LSE91_0335
TORONTO_LSE91_STU02110,TORONTO_LSE91_0001
TORONTO_LSE91_STU02110,TORONTO_LSE91_0023
TORONTO_LSE91_STU02110,TORONTO_LSE91_0026
TORONTO_LSE91_STU02110,TORONTO_LSE91_0336
TORONTO_LSE91_STU02111,TORONTO_LSE91_0268
TORONTO_LSE91_STU02111,TORONTO_LSE91_0307
TORONTO_LSE91_STU02111,TORONTO_LSE91_0308
TORONTO_LSE91_STU02111,TORONTO_LSE91_0309
TORONTO_LSE91_STU02112,TORONTO_LSE91_0071
TORONTO_LSE91_STU02112,TORONTO_LSE91_0073
TORONTO_LSE91_STU02112,TORONTO_LSE91_0132
TORONTO_LSE91_STU02112,TORONTO_LSE91_0366
TORONTO_LSE91_STU02113,TORONTO_LSE91_0220
TORONTO_LSE91_STU02113,TORONTO_LSE91_0221
TORONTO_LSE91_STU02113,TORONTO_LSE91_0222
TORONTO_LSE91_STU02113,TORONTO_LSE91_0223
TORONTO_LSE91_STU02114,TORONTO_LSE91_0220
TORONTO_LSE91_STU02114,TORONTO_LSE91_0221
TORONTO_LSE91_STU02114,TORONTO_LSE91_0222
TORONTO_LSE91_STU02114,TORONTO_LSE91_0223
TORONTO_LSE91_STU02115,TORONTO_LSE91_0021
TORONTO_LSE91_STU02115,TORONTO_LSE91_0026
TORONTO_LSE91_STU02115,TORONTO_LSE91_0335
TORONTO_LSE91_STU02115,TORONTO_LSE91_0350
TORONTO_LSE91_STU02115,TORONTO_LSE91_0351
TORONTO_LSE91_STU02116,TORONTO_LSE91_0220
TORONTO_LSE91_STU02116,TORONTO_LSE91_0221
TORONTO_LSE91_STU02116,TORONTO_LSE91_0222
TORONTO_LSE91_STU02116,TORONTO_LSE91_0223
TORONTO_LSE91_STU02117,TORONTO_LSE91_0001
TORONTO_LSE91_STU02117,TORONTO_LSE91_0021
TORONTO_LSE91_STU02117,TORONTO_LSE91_0335
TORONTO_LSE91_STU02117,TORONTO_LSE91_0350
TORONTO_LSE91_STU02117,TORONTO_LSE91_0351
TORONTO_LSE91_STU02118,TORONTO_LSE91_0023
TORONTO_LSE91_STU02118,TORONTO_LSE91_0320
TORONTO_LSE91_STU02118,TORONTO_LSE91_0321
TORONTO_LSE91_STU02118,TORONTO_LSE91_0348
TORONTO_LSE91_STU02118,TORONTO_LSE91_0349
TORONTO_LSE91_STU02119,TORONTO_LSE91_0021
TORONTO_LSE91_STU02119,TORONTO_LSE91_0320
TORONTO_LSE91_STU02119,TORONTO_LSE91_0336
TORONTO_LSE91_STU02119,TORONTO_LSE91_0348
TORONTO_LSE91_STU02119,TORONTO_LSE91_0351
TORONTO_LSE91_STU02120,TORONTO_LSE91_0220
TORONTO_LSE91_STU02120,TORONTO_LSE91_0221
TORONTO_LSE91_STU02120,TORONTO_LSE91_0222
TORONTO_LSE91_STU02120,TORONTO_LSE91_0223
TORONTO_LSE91_STU02121,TORONTO_LSE91_0133
TORONTO_LSE91_STU02121,TORONTO_LSE91_0198
TORONTO_LSE91_STU02121,TORONTO_LSE91_0289
TORONTO_LSE91_STU02121,TORONTO_LSE91_0366
TORONTO_LSE91_STU02122,TORONTO_LSE91_0023
TORONTO_LSE91_STU02122,TORONTO_LSE91_0026
TORONTO_LSE91_STU02122,TORONTO_LSE91_0336
TORONTO_LSE91_STU02122,TORONTO_LSE91_0348
TORONTO_LSE91_STU02122,TORONTO_LSE91_0351
TORONTO_LSE91_STU02123,TORONTO_LSE91_0220
TORONTO_LSE91_STU02123,TORONTO_LSE91_0221
TORONTO_LSE91_STU02123,TORONTO_LSE91_0222
TORONTO_LSE91_STU02123,TORONTO_LSE91_0223
TORONTO_LSE91_STU02124,TORONTO_LSE91_0023
TORONTO_LSE91_STU02124,TORONTO_LSE91_0133
TORONTO_LSE91_STU02124,TORONTO_LSE91_0198
TORONTO_LSE91_STU02124,TORONTO_LSE91_0241
TORONTO_LSE91_STU02125,TORONTO_LSE91_0001
TORONTO_LSE91_STU02125,TORONTO_LSE91_0023
TORONTO_LSE91_STU02125,TORONTO_LSE91_0025
TORONTO_LSE91_STU02125,TORONTO_LSE91_0335
TORONTO_LSE91_STU02126,TORONTO_LSE91_0008
TORONTO_LSE91_STU02126,TORONTO_LSE91_0009
TORONTO_LSE91_STU02126,TORONTO_LSE91_0289
TORONTO_LSE91_STU02127,TORONTO_LSE91_0023
TORONTO_LSE91_STU02127,TORONTO_LSE91_0025
TORONTO_LSE91_STU02127,TORONTO_LSE91_0260
TORONTO_LSE91_STU02127,TORONTO_LSE91_0335
TORONTO_LSE91_STU02128,TORONTO_LSE91_0001
TORONTO_LSE91_STU02128,TORONTO_LSE91_0023
TORONTO_LSE91_STU02128,TORONTO_LSE91_0241
TORONTO_LSE91_STU02128,TORONTO_LSE91_0336
TORONTO_LSE91_STU02129,TORONTO_LSE91_0289
TORONTO_LSE91_STU02129,TORONTO_LSE91_0290
TORONTO_LSE91_STU02129,TORONTO_LSE91_0291
TORONTO_LSE91_STU02129,TORONTO_LSE91_0366
TORONTO_LSE91_STU02130,TORONTO_LSE91_0024
TORONTO_LSE91_STU02130,TORONTO_LSE91_0289
TORONTO_LSE91_STU02130,TORONTO_LSE91_0320
TORONTO_LSE91_STU02130,TORONTO_LSE91_0336
TORONTO_LSE91_STU02131,TORONTO_LSE91_0220
TORONTO_LSE91_STU02131,TORONTO_LSE91_0221
TORONTO_LSE91_STU02131,TORONTO_LSE91_0222
TORONTO_LSE91_STU02131,TORONTO_LSE91_0223
TORONTO_LSE91_STU02132,TORONTO_LSE91_0021
TORONTO_LSE91_STU02132,TORONTO_LSE91_0268
TORONTO_LSE91_STU02132,TORONTO_LSE91_0270
TORONTO_LSE91_STU02132,TORONTO_LSE91_0271
TORONTO_LSE91_STU02133,TORONTO_LSE91_0022
TORONTO_LSE91_STU02133,TORONTO_LSE91_0054
TORONTO_LSE91_STU02133,TORONTO_LSE91_0073
TORONTO_LSE91_STU02133,TORONTO_LSE91_0133
TORONTO_LSE91_STU02134,TORONTO_LSE91_0054
TORONTO_LSE91_STU02134,TORONTO_LSE91_0104
TORONTO_LSE91_STU02134,TORONTO_LSE91_0198
TORONTO_LSE91_STU02134,TORONTO_LSE91_0282
TORONTO_LSE91_STU02135,TORONTO_LSE91_0008
TORONTO_LSE91_STU02135,TORONTO_LSE91_0054
TORONTO_LSE91_STU02135,TORONTO_LSE91_0073
TORONTO_LSE91_STU02135,TORONTO_LSE91_0289
TORONTO_LSE91_STU02136,TORONTO_LSE91_0021
TORONTO_LSE91_STU02136,TORONTO_LSE91_0073
TORONTO_LSE91_STU02136,TORONTO_LSE91_0224
TORONTO_LSE91_STU02136,TORONTO_LSE91_0350
TORONTO_LSE91_STU02136,TORONTO_LSE91_0351
TORONTO_LSE91_STU02137,TORONTO_LSE91_0289
TORONTO_LSE91_STU02137,TORONTO_LSE91_0290
TORONTO_LSE91_STU02137,TORONTO_LSE91_0291
TORONTO_LSE91_STU02137,TORONTO_LSE91_0366
TORONTO_LSE91_STU02138,TORONTO_LSE91_0023
TORONTO_LSE91_STU02138,TORONTO_LSE91_0026
TORONTO_LSE91_STU02138,TORONTO_LSE91_0133
TORONTO_LSE91_STU02138,TORONTO_LSE91_0336
TORONTO_LSE91_STU02139,TORONTO_LSE91_0022
TORONTO_LSE91_STU02139,TORONTO_LSE91_0071
TORONTO_LSE91_STU02139,TORONTO_LSE91_0104
TORONTO_LSE91_STU02139,TORONTO_LSE91_0133
TORONTO_LSE91_STU02140,TORONTO_LSE91_0023
TORONTO_LSE91_STU02140,TORONTO_LSE91_0026
TORONTO_LSE91_STU02140,TORONTO_LSE91_0073
TORONTO_LSE91_STU02140,TORONTO_LSE91_0336
TORONTO_LSE91_STU02141,TORONTO_LSE91_0023
TORONTO_LSE91_STU02141,TORONTO_LSE91_0026
TORONTO_LSE91_STU02141,TORONTO_LSE91_0289
TORONTO_LSE91_STU02141,TORONTO_LSE91_0336
TORONTO_LSE91_STU02142,TORONTO_LSE91_0008
TORONTO_LSE91_STU02142,TORONTO_LSE91_0071
TORONTO_LSE91_STU02142,TORONTO_LSE91_0134
TORONTO_LSE91_STU02142,TORONTO_LSE91_0270
TORONTO_LSE91_STU02143,TORONTO_LSE91_0055
TORONTO_LSE91_STU02143,TORONTO_LSE91_0071
TORONTO_LSE91_STU02143,TORONTO_LSE91_0132
TORONTO_LSE91_STU02143,TORONTO_LSE91_0366
TORONTO_LSE91_STU02144,TORONTO_LSE91_0282
TORONTO_LSE91_STU02144,TORONTO_LSE91_0307
TORONTO_LSE91_STU02144,TORONTO_LSE91_0308
TORONTO_LSE91_STU02144,TORONTO_LSE91_0309
TORONTO_LSE91_STU02145,TORONTO_LSE91_0023
TORONTO_LSE91_STU02145,TORONTO_LSE91_0025
TORONTO_LSE91_STU02145,TORONTO_LSE91_0257
TORONTO_LSE91_STU02145,TORONTO_LSE91_0335
TORONTO_LSE91_STU02146,TORONTO_LSE91_0267
TORONTO_LSE91_STU02146,TORONTO_LSE91_0307
TORONTO_LSE91_STU02146,TORONTO_LSE91_0308
TORONTO_LSE91_STU02146,TORONTO_LSE91_0309
TORONTO_LSE91_STU02147,TORONTO_LSE91_0071
TORONTO_LSE91_STU02147,TORONTO_LSE91_0073
TORONTO_LSE91_STU02147,TORONTO_LSE91_0133
TORONTO_LSE91_STU02147,TORONTO_LSE91_0289
TORONTO_LSE91_STU02148,TORONTO_LSE91_0022
TORONTO_LSE91_STU02148,TORONTO_LSE91_0133
TORONTO_LSE91_STU02148,TORONTO_LSE91_0198
TORONTO_LSE91_STU02148,TORONTO_LSE91_0241
TORONTO_LSE91_STU02149,TORONTO_LSE91_0001
TORONTO_LSE91_STU02149,TORONTO_LSE91_0023
TORONTO_LSE91_STU02149,TORONTO_LSE91_0320
TORONTO_LSE91_STU02149,TORONTO_LSE91_0336
TORONTO_LSE91_STU02150,TORONTO_LSE91_0001
TORONTO_LSE91_STU02150,TORONTO_LSE91_0023
TORONTO_LSE91_STU02150,TORONTO_LSE91_0320
TORONTO_LSE91_STU02150,TORONTO_LSE91_0336
TORONTO_LSE91_STU02151,TORONTO_LSE91_0001
TORONTO_LSE91_STU02151,TORONTO_LSE91_0021
TORONTO_LSE91_STU02151,TORONTO_LSE91_0335
TORONTO_LSE91_STU02151,TORONTO_LSE91_0350
TORONTO_LSE91_STU02151,TORONTO_LSE91_0351
TORONTO_LSE91_STU02152,TORONTO_LSE91_0001
TORONTO_LSE91_STU02152,TORONTO_LSE91_0024
TORONTO_LSE91_STU02152,TORONTO_LSE91_0320
TORONTO_LSE91_STU02152,TORONTO_LSE91_0336
TORONTO_LSE91_STU02153,TORONTO_LSE91_0008
TORONTO_LSE91_STU02153,TORONTO_LSE91_0009
TORONTO_LSE91_STU02153,TORONTO_LSE91_0221
TORONTO_LSE91_STU02153,TORONTO_LSE91_0223
TORONTO_LSE91_STU02154,TORONTO_LSE91_0008
TORONTO_LSE91_STU02154,TORONTO_LSE91_0337
TORONTO_LSE91_STU02154,TORONTO_LSE91_0366
TORONTO_LSE91_STU02155,TORONTO_LSE91_0021
TORONTO_LSE91_STU02155,TORONTO_LSE91_0133
TORONTO_LSE91_STU02155,TORONTO_LSE91_0198
TORONTO_LSE91_STU02155,TORONTO_LSE91_0335
TORONTO_LSE91_STU02156,TORONTO_LSE91_0220
TORONTO_LSE91_STU02156,TORONTO_LSE91_0221
TORONTO_LSE91_STU02156,TORONTO_LSE91_0222
TORONTO_LSE91_STU02156,TORONTO_LSE91_0223
TORONTO_LSE91_STU02157,TORONTO_LSE91_0073
TORONTO_LSE91_STU02157,TORONTO_LSE91_0337
TORONTO_LSE91_STU02157,TORONTO_LSE91_0366
TORONTO_LSE91_STU02158,TORONTO_LSE91_0220
TORONTO_LSE91_STU02158,TORONTO_LSE91_0221
TORONTO_LSE91_STU02158,TORONTO_LSE91_0222
TORONTO_LSE91_STU02158,TORONTO_LSE91_0223
TORONTO_LSE91_STU02159,TORONTO_LSE91_0008
TORONTO_LSE91_STU02159,TORONTO_LSE91_0337
TORONTO_LSE91_STU02159,TORONTO_LSE91_0366
TORONTO_LSE91_STU02160,TORONTO_LSE91_0023
TORONTO_LSE91_STU02160,TORONTO_LSE91_0025
TORONTO_LSE91_STU02160,TORONTO_LSE91_0054
TORONTO_LSE91_STU02160,TORONTO_LSE91_0335
TORONTO_LSE91_STU02161,TORONTO_LSE91_0021
TORONTO_LSE91_STU02161,TORONTO_LSE91_0025
TORONTO_LSE91_STU02161,TORONTO_LSE91_0241
TORONTO_LSE91_STU02161,TORONTO_LSE91_0335
TORONTO_LSE91_STU02162,TORONTO_LSE91_0104
TORONTO_LSE91_STU02162,TORONTO_LSE91_0105
TORONTO_LSE91_STU02162,TORONTO_LSE91_0106
TORONTO_LSE91_STU02162,TORONTO_LSE91_0282
TORONTO_LSE91_STU02163,TORONTO_LSE91_0008
TORONTO_LSE91_STU02163,TORONTO_LSE91_0289
TORONTO_LSE91_STU02163,TORONTO_LSE91_0290
TORONTO_LSE91_STU02163,TORONTO_LSE91_0291
TORONTO_LSE91_STU02164,TORONTO_LSE91_0001
TORONTO_LSE91_STU02164,TORONTO_LSE91_0023
TORONTO_LSE91_STU02164,TORONTO_LSE91_0054
TORONTO_LSE91_STU02164,TORONTO_LSE91_0336
TORONTO_LSE91_STU02165,TORONTO_LSE91_0001
TORONTO_LSE91_STU02165,TORONTO_LSE91_0023
TORONTO_LSE91_STU02165,TORONTO_LSE91_0025
TORONTO_LSE91_STU02165,TORONTO_LSE91_0335
TORONTO_LSE91_STU02166,TORONTO_LSE91_0001
TORONTO_LSE91_STU02166,TORONTO_LSE91_0023
TORONTO_LSE91_STU02166,TORONTO_LSE91_0320
TORONTO_LSE91_STU02166,TORONTO_LSE91_0336
TORONTO_LSE91_STU02167,TORONTO_LSE91_0022
TORONTO_LSE91_STU02167,TORONTO_LSE91_0054
TORONTO_LSE91_STU02167,TORONTO_LSE91_0198
TORONTO_LSE91_STU02167,TORONTO_LSE91_0241
TORONTO_LSE91_STU02168,TORONTO_LSE91_0023
TORONTO_LSE91_STU02168,TORONTO_LSE91_0320
TORONTO_LSE91_STU02168,TORONTO_LSE91_0336
TORONTO_LSE91_STU02168,TORONTO_LSE91_0348
TORONTO_LSE91_STU02168,TORONTO_LSE91_0351
TORONTO_LSE91_STU02169,TORONTO_LSE91_0001
TORONTO_LSE91_STU02169,TORONTO_LSE91_0023
TORONTO_LSE91_STU02169,TORONTO_LSE91_0320
TORONTO_LSE91_STU02169,TORONTO_LSE91_0336
TORONTO_LSE91_STU02170,TORONTO_LSE91_0002
TORONTO_LSE91_STU02170,TORONTO_LSE91_0025
TORONTO_LSE91_STU02170,TORONTO_LSE91_0028
TORONTO_LSE91_STU02170,TORONTO_LSE91_0361
TORONTO_LSE91_STU02171,TORONTO_LSE91_0001
TORONTO_LSE91_STU02171,TORONTO_LSE91_0021
TORONTO_LSE91_STU02171,TORONTO_LSE91_0348
TORONTO_LSE91_STU02171,TORONTO_LSE91_0349
TORONTO_LSE91_STU02171,TORONTO_LSE91_0350
TORONTO_LSE91_STU02171,TORONTO_LSE91_0351
TORONTO_LSE91_STU02172,TORONTO_LSE91_0001
TORONTO_LSE91_STU02172,TORONTO_LSE91_0023
TORONTO_LSE91_STU02172,TORONTO_LSE91_0026
TORONTO_LSE91_STU02172,TORONTO_LSE91_0336
TORONTO_LSE91_STU02173,TORONTO_LSE91_0104
TORONTO_LSE91_STU02173,TORONTO_LSE91_0105
TORONTO_LSE91_STU02173,TORONTO_LSE91_0106
TORONTO_LSE91_STU02173,TORONTO_LSE91_0198
TORONTO_LSE91_STU02174,TORONTO_LSE91_0104
TORONTO_LSE91_STU02174,TORONTO_LSE91_0105
TORONTO_LSE91_STU02174,TORONTO_LSE91_0106
TORONTO_LSE91_STU02174,TORONTO_LSE91_0282
TORONTO_LSE91_STU02175,TORONTO_LSE91_0023
TORONTO_LSE91_STU02175,TORONTO_LSE91_0026
TORONTO_LSE91_STU02175,TORONTO_LSE91_0073
TORONTO_LSE91_STU02175,TORONTO_LSE91_0336
TORONTO_LSE91_STU02176,TORONTO_LSE91_0008
TORONTO_LSE91_STU02176,TORONTO_LSE91_0009
TORONTO_LSE91_STU02176,TORONTO_LSE91_0221
TORONTO_LSE91_STU02176,TORONTO_LSE91_0223
TORONTO_LSE91_STU02177,TORONTO_LSE91_0001
TORONTO_LSE91_STU02177,TORONTO_LSE91_0021
TORONTO_LSE91_STU02177,TORONTO_LSE91_0025
TORONTO_LSE91_STU02177,TORONTO_LSE91_0335
TORONTO_LSE91_STU02178,TORONTO_LSE91_0023
TORONTO_LSE91_STU02178,TORONTO_LSE91_0133
TORONTO_LSE91_STU02178,TORONTO_LSE91_0198
TORONTO_LSE91_STU02178,TORONTO_LSE91_0241
TORONTO_LSE91_STU02179,TORONTO_LSE91_0001
TORONTO_LSE91_STU02179,TORONTO_LSE91_0021
TORONTO_LSE91_STU02179,TORONTO_LSE91_0025
TORONTO_LSE91_STU02179,TORONTO_LSE91_0335
TORONTO_LSE91_STU02180,TORONTO_LSE91_0023
TORONTO_LSE91_STU02180,TORONTO_LSE91_0026
TORONTO_LSE91_STU02180,TORONTO_LSE91_0289
TORONTO_LSE91_STU02180,TORONTO_LSE91_0336
TORONTO_LSE91_STU02181,TORONTO_LSE91_0220
TORONTO_LSE91_STU02181,TORONTO_LSE91_0221
TORONTO_LSE91_STU02181,TORONTO_LSE91_0222
TORONTO_LSE91_STU02181,TORONTO_LSE91_0223
TORONTO_LSE91_STU02182,TORONTO_LSE91_0023
TORONTO_LSE91_STU02182,TORONTO_LSE91_0320
TORONTO_LSE91_STU02182,TORONTO_LSE91_0335
TORONTO_LSE91_STU02182,TORONTO_LSE91_0348
TORONTO_LSE91_STU02182,TORONTO_LSE91_0351
TORONTO_LSE91_STU02183,TORONTO_LSE91_0104
TORONTO_LSE91_STU02183,TORONTO_LSE91_0105
TORONTO_LSE91_STU02183,TORONTO_LSE91_0106
TORONTO_LSE91_STU02183,TORONTO_LSE91_0282
TORONTO_LSE91_STU02184,TORONTO_LSE91_0008
TORONTO_LSE91_STU02184,TORONTO_LSE91_0289
TORONTO_LSE91_STU02184,TORONTO_LSE91_0290
TORONTO_LSE91_STU02184,TORONTO_LSE91_0291
TORONTO_LSE91_STU02185,TORONTO_LSE91_0023
TORONTO_LSE91_STU02185,TORONTO_LSE91_0026
TORONTO_LSE91_STU02185,TORONTO_LSE91_0335
TORONTO_LSE91_STU02185,TORONTO_LSE91_0350
TORONTO_LSE91_STU02185,TORONTO_LSE91_0351
TORONTO_LSE91_STU02186,TORONTO_LSE91_0022
TORONTO_LSE91_STU02186,TORONTO_LSE91_0071
TORONTO_LSE91_STU02186,TORONTO_LSE91_0073
TORONTO_LSE91_STU02186,TORONTO_LSE91_0134
TORONTO_LSE91_STU02187,TORONTO_LSE91_0008
TORONTO_LSE91_STU02187,TORONTO_LSE91_0132
TORONTO_LSE91_STU02187,TORONTO_LSE91_0224
TORONTO_LSE91_STU02187,TORONTO_LSE91_0289
TORONTO_LSE91_STU02188,TORONTO_LSE91_0021
TORONTO_LSE91_STU02188,TORONTO_LSE91_0025
TORONTO_LSE91_STU02188,TORONTO_LSE91_0259
TORONTO_LSE91_STU02188,TORONTO_LSE91_0335
TORONTO_LSE91_STU02189,TORONTO_LSE91_0021
TORONTO_LSE91_STU02189,TORONTO_LSE91_0073
TORONTO_LSE91_STU02189,TORONTO_LSE91_0132
TORONTO_LSE91_STU02189,TORONTO_LSE91_0306
TORONTO_LSE91_STU02190,TORONTO_LSE91_0220
TORONTO_LSE91_STU02190,TORONTO_LSE91_0221
TORONTO_LSE91_STU02190,TORONTO_LSE91_0222
TORONTO_LSE91_STU02190,TORONTO_LSE91_0223
TORONTO_LSE91_STU02191,TORONTO_LSE91_0022
TORONTO_LSE91_STU02191,TORONTO_LSE91_0025
TORONTO_LSE91_STU02191,TORONTO_LSE91_0337
TORONTO_LSE91_STU02191,TORONTO_LSE91_0366
TORONTO_LSE91_STU02192,TORONTO_LSE91_0104
TORONTO_LSE91_STU02192,TORONTO_LSE91_0337
TORONTO_LSE91_STU02192,TORONTO_LSE91_0366
TORONTO_LSE91_STU02193,TORONTO_LSE91_0001
TORONTO_LSE91_STU02193,TORONTO_LSE91_0023
TORONTO_LSE91_STU02193,TORONTO_LSE91_0026
TORONTO_LSE91_STU02193,TORONTO_LSE91_0336
TORONTO_LSE91_STU02194,TORONTO_LSE91_0021
TORONTO_LSE91_STU02194,TORONTO_LSE91_0055
TORONTO_LSE91_STU02194,TORONTO_LSE91_0337
TORONTO_LSE91_STU02194,TORONTO_LSE91_0366
TORONTO_LSE91_STU02195,TORONTO_LSE91_0008
TORONTO_LSE91_STU02195,TORONTO_LSE91_0009
TORONTO_LSE91_STU02195,TORONTO_LSE91_0371
TORONTO_LSE91_STU02196,TORONTO_LSE91_0024
TORONTO_LSE91_STU02196,TORONTO_LSE91_0320
TORONTO_LSE91_STU02196,TORONTO_LSE91_0321
TORONTO_LSE91_STU02196,TORONTO_LSE91_0336
TORONTO_LSE91_STU02197,TORONTO_LSE91_0220
TORONTO_LSE91_STU02197,TORONTO_LSE91_0221
TORONTO_LSE91_STU02197,TORONTO_LSE91_0222
TORONTO_LSE91_STU02197,TORONTO_LSE91_0223
TORONTO_LSE91_STU02198,TORONTO_LSE91_0024
TORONTO_LSE91_STU02198,TORONTO_LSE91_0026
TORONTO_LSE91_STU02198,TORONTO_LSE91_0336
TORONTO_LSE91_STU02198,TORONTO_LSE91_0348
TORONTO_LSE91_STU02198,TORONTO_LSE91_0349
TORONTO_LSE91_STU02199,TORONTO_LSE91_0224
TORONTO_LSE91_STU02199,TORONTO_LSE91_0337
TORONTO_LSE91_STU02199,TORONTO_LSE91_0366
TORONTO_LSE91_STU02200,TORONTO_LSE91_0021
TORONTO_LSE91_STU02200,TORONTO_LSE91_0073
TORONTO_LSE91_STU02200,TORONTO_LSE91_0132
TORONTO_LSE91_STU02200,TORONTO_LSE91_0366
TORONTO_LSE91_STU02201,TORONTO_LSE91_0071
TORONTO_LSE91_STU02201,TORONTO_LSE91_0134
TORONTO_LSE91_STU02201,TORONTO_LSE91_0271
TORONTO_LSE91_STU02201,TORONTO_LSE91_0289
TORONTO_LSE91_STU02202,TORONTO_LSE91_0220
TORONTO_LSE91_STU02202,TORONTO_LSE91_0221
TORONTO_LSE91_STU02202,TORONTO_LSE91_0222
TORONTO_LSE91_STU02202,TORONTO_LSE91_0223
TORONTO_LSE91_STU02203,TORONTO_LSE91_0023
TORONTO_LSE91_STU02203,TORONTO_LSE91_0104
TORONTO_LSE91_STU02203,TORONTO_LSE91_0105
TORONTO_LSE91_STU02203,TORONTO_LSE91_0106
TORONTO_LSE91_STU02204,TORONTO_LSE91_0008
TORONTO_LSE91_STU02204,TORONTO_LSE91_0289
TORONTO_LSE91_STU02204,TORONTO_LSE91_0290
TORONTO_LSE91_STU02204,TORONTO_LSE91_0291
TORONTO_LSE91_STU02205,TORONTO_LSE91_0220
TORONTO_LSE91_STU02205,TORONTO_LSE91_0221
TORONTO_LSE91_STU02205,TORONTO_LSE91_0222
TORONTO_LSE91_STU02205,TORONTO_LSE91_0223
TORONTO_LSE91_STU02206,TORONTO_LSE91_0220
TORONTO_LSE91_STU02206,TORONTO_LSE91_0221
TORONTO_LSE91_STU02206,TORONTO_LSE91_0222
TORONTO_LSE91_STU02206,TORONTO_LSE91_0223
TORONTO_LSE91_STU02207,TORONTO_LSE91_0021
TORONTO_LSE91_STU02207,TORONTO_LSE91_0320
TORONTO_LSE91_STU02207,TORONTO_LSE91_0336
TORONTO_LSE91_STU02207,TORONTO_LSE91_0348
TORONTO_LSE91_STU02207,TORONTO_LSE91_0351
TORONTO_LSE91_STU02208,TORONTO_LSE91_0001
TORONTO_LSE91_STU02208,TORONTO_LSE91_0021
TORONTO_LSE91_STU02208,TORONTO_LSE91_0133
TORONTO_LSE91_STU02208,TORONTO_LSE91_0336
TORONTO_LSE91_STU02209,TORONTO_LSE91_0008
TORONTO_LSE91_STU02209,TORONTO_LSE91_0104
TORONTO_LSE91_STU02209,TORONTO_LSE91_0105
TORONTO_LSE91_STU02209,TORONTO_LSE91_0106
TORONTO_LSE91_STU02210,TORONTO_LSE91_0008
TORONTO_LSE91_STU02210,TORONTO_LSE91_0009
TORONTO_LSE91_STU02210,TORONTO_LSE91_0198
TORONTO_LSE91_STU02211,TORONTO_LSE91_0289
TORONTO_LSE91_STU02211,TORONTO_LSE91_0307
TORONTO_LSE91_STU02211,TORONTO_LSE91_0308
TORONTO_LSE91_STU02211,TORONTO_LSE91_0309
TORONTO_LSE91_STU02212,TORONTO_LSE91_0104
TORONTO_LSE91_STU02212,TORONTO_LSE91_0105
TORONTO_LSE91_STU02212,TORONTO_LSE91_0106
TORONTO_LSE91_STU02212,TORONTO_LSE91_0282
TORONTO_LSE91_STU02213,TORONTO_LSE91_0001
TORONTO_LSE91_STU02213,TORONTO_LSE91_0021
TORONTO_LSE91_STU02213,TORONTO_LSE91_0025
TORONTO_LSE91_STU02213,TORONTO_LSE91_0335
TORONTO_LSE91_STU02214,TORONTO_LSE91_0220
TORONTO_LSE91_STU02214,TORONTO_LSE91_0221
TORONTO_LSE91_STU02214,TORONTO_LSE91_0222
TORONTO_LSE91_STU02214,TORONTO_LSE91_0223
TORONTO_LSE91_STU02215,TORONTO_LSE91_0023
TORONTO_LSE91_STU02215,TORONTO_LSE91_0320
TORONTO_LSE91_STU02215,TORONTO_LSE91_0348
TORONTO_LSE91_STU02215,TORONTO_LSE91_0349
TORONTO_LSE91_STU02215,TORONTO_LSE91_0350
TORONTO_LSE91_STU02215,TORONTO_LSE91_0351
TORONTO_LSE91_STU02216,TORONTO_LSE91_0008
TORONTO_LSE91_STU02216,TORONTO_LSE91_0009
TORONTO_LSE91_STU02216,TORONTO_LSE91_0221
TORONTO_LSE91_STU02216,TORONTO_LSE91_0223
TORONTO_LSE91_STU02217,TORONTO_LSE91_0104
TORONTO_LSE91_STU02217,TORONTO_LSE91_0105
TORONTO_LSE91_STU02217,TORONTO_LSE91_0106
TORONTO_LSE91_STU02217,TORONTO_LSE91_0282
TORONTO_LSE91_STU02218,TORONTO_LSE91_0220
TORONTO_LSE91_STU02218,TORONTO_LSE91_0221
TORONTO_LSE91_STU02218,TORONTO_LSE91_0222
TORONTO_LSE91_STU02218,TORONTO_LSE91_0223
TORONTO_LSE91_STU02219,TORONTO_LSE91_0220
TORONTO_LSE91_STU02219,TORONTO_LSE91_0221
TORONTO_LSE91_STU02219,TORONTO_LSE91_0222
TORONTO_LSE91_STU02219,TORONTO_LSE91_0223
TORONTO_LSE91_STU02220,TORONTO_LSE91_0104
TORONTO_LSE91_STU02220,TORONTO_LSE91_0105
TORONTO_LSE91_STU02220,TORONTO_LSE91_0106
TORONTO_LSE91_STU02220,TORONTO_LSE91_0282
TORONTO_LSE91_STU02221,TORONTO_LSE91_0001
TORONTO_LSE91_STU02221,TORONTO_LSE91_0021
TORONTO_LSE91_STU02221,TORONTO_LSE91_0336
TORONTO_LSE91_STU02221,TORONTO_LSE91_0350
TORONTO_LSE91_STU02221,TORONTO_LSE91_0351
TORONTO_LSE91_STU02222,TORONTO_LSE91_0001
TORONTO_LSE91_STU02222,TORONTO_LSE91_0021
TORONTO_LSE91_STU02222,TORONTO_LSE91_0336
TORONTO_LSE91_STU02222,TORONTO_LSE91_0350
TORONTO_LSE91_STU02222,TORONTO_LSE91_0351
TORONTO_LSE91_STU02223,TORONTO_LSE91_0001
TORONTO_LSE91_STU02223,TORONTO_LSE91_0021
TORONTO_LSE91_STU02223,TORONTO_LSE91_0336
TORONTO_LSE91_STU02223,TORONTO_LSE91_0350
TORONTO_LSE91_STU02223,TORONTO_LSE91_0351
TORONTO_LSE91_STU02224,TORONTO_LSE91_0220
TORONTO_LSE91_STU02224,TORONTO_LSE91_0221
TORONTO_LSE91_STU02224,TORONTO_LSE91_0222
TORONTO_LSE91_STU02224,TORONTO_LSE91_0223
TORONTO_LSE91_STU02225,TORONTO_LSE91_0220
TORONTO_LSE91_STU02225,TORONTO_LSE91_0221
TORONTO_LSE91_STU02225,TORONTO_LSE91_0222
TORONTO_LSE91_STU02225,TORONTO_LSE91_0223
TORONTO_LSE91_STU02226,TORONTO_LSE91_0023
TORONTO_LSE91_STU02226,TORONTO_LSE91_0054
TORONTO_LSE91_STU02226,TORONTO_LSE91_0071
TORONTO_LSE91_STU02226,TORONTO_LSE91_0073
TORONTO_LSE91_STU02227,TORONTO_LSE91_0220
TORONTO_LSE91_STU02227,TORONTO_LSE91_0221
TORONTO_LSE91_STU02227,TORONTO_LSE91_0222
TORONTO_LSE91_STU02227,TORONTO_LSE91_0223
TORONTO_LSE91_STU02228,TORONTO_LSE91_0073
TORONTO_LSE91_STU02228,TORONTO_LSE91_0268
TORONTO_LSE91_STU02228,TORONTO_LSE91_0270
TORONTO_LSE91_STU02228,TORONTO_LSE91_0271
TORONTO_LSE91_STU02229,TORONTO_LSE91_0220
TORONTO_LSE91_STU02229,TORONTO_LSE91_0221
TORONTO_LSE91_STU02229,TORONTO_LSE91_0222
TORONTO_LSE91_STU02229,TORONTO_LSE91_0223
TORONTO_LSE91_STU02230,TORONTO_LSE91_0071
TORONTO_LSE91_STU02230,TORONTO_LSE91_0073
TORONTO_LSE91_STU02230,TORONTO_LSE91_0133
TORONTO_LSE91_STU02230,TORONTO_LSE91_0306
TORONTO_LSE91_STU02231,TORONTO_LSE91_0021
TORONTO_LSE91_STU02231,TORONTO_LSE91_0025
TORONTO_LSE91_STU02231,TORONTO_LSE91_0133
TORONTO_LSE91_STU02231,TORONTO_LSE91_0335
TORONTO_LSE91_STU02232,TORONTO_LSE91_0001
TORONTO_LSE91_STU02232,TORONTO_LSE91_0021
TORONTO_LSE91_STU02232,TORONTO_LSE91_0336
TORONTO_LSE91_STU02232,TORONTO_LSE91_0350
TORONTO_LSE91_STU02232,TORONTO_LSE91_0351
TORONTO_LSE91_STU02233,TORONTO_LSE91_0023
TORONTO_LSE91_STU02233,TORONTO_LSE91_0320
TORONTO_LSE91_STU02233,TORONTO_LSE91_0336
TORONTO_LSE91_STU02233,TORONTO_LSE91_0348
TORONTO_LSE91_STU02233,TORONTO_LSE91_0351
TORONTO_LSE91_STU02234,TORONTO_LSE91_0021
TORONTO_LSE91_STU02234,TORONTO_LSE91_0224
TORONTO_LSE91_STU02234,TORONTO_LSE91_0337
TORONTO_LSE91_STU02234,TORONTO_LSE91_0366
TORONTO_LSE91_STU02235,TORONTO_LSE91_0023
TORONTO_LSE91_STU02235,TORONTO_LSE91_0198
TORONTO_LSE91_STU02235,TORONTO_LSE91_0320
TORONTO_LSE91_STU02235,TORONTO_LSE91_0336
TORONTO_LSE91_STU02236,TORONTO_LSE91_0001
TORONTO_LSE91_STU02236,TORONTO_LSE91_0021
TORONTO_LSE91_STU02236,TORONTO_LSE91_0025
TORONTO_LSE91_STU02236,TORONTO_LSE91_0335
TORONTO_LSE91_STU02237,TORONTO_LSE91_0220
TORONTO_LSE91_STU02237,TORONTO_LSE91_0221
TORONTO_LSE91_STU02237,TORONTO_LSE91_0222
TORONTO_LSE91_STU02237,TORONTO_LSE91_0223
TORONTO_LSE91_STU02238,TORONTO_LSE91_0023
TORONTO_LSE91_STU02238,TORONTO_LSE91_0025
TORONTO_LSE91_STU02238,TORONTO_LSE91_0270
TORONTO_LSE91_STU02238,TORONTO_LSE91_0335
TORONTO_LSE91_STU02239,TORONTO_LSE91_0224
TORONTO_LSE91_STU02239,TORONTO_LSE91_0307
TORONTO_LSE91_STU02239,TORONTO_LSE91_0308
TORONTO_LSE91_STU02239,TORONTO_LSE91_0309
TORONTO_LSE91_STU02240,TORONTO_LSE91_0023
TORONTO_LSE91_STU02240,TORONTO_LSE91_0026
TORONTO_LSE91_STU02240,TORONTO_LSE91_0336
TORONTO_LSE91_STU02240,TORONTO_LSE91_0350
TORONTO_LSE91_STU02240,TORONTO_LSE91_0351
TORONTO_LSE91_STU02241,TORONTO_LSE91_0023
TORONTO_LSE91_STU02241,TORONTO_LSE91_0320
TORONTO_LSE91_STU02241,TORONTO_LSE91_0336
TORONTO_LSE91_STU02241,TORONTO_LSE91_0348
TORONTO_LSE91_STU02241,TORONTO_LSE91_0351
TORONTO_LSE91_STU02242,TORONTO_LSE91_0021
TORONTO_LSE91_STU02242,TORONTO_LSE91_0104
TORONTO_LSE91_STU02242,TORONTO_LSE91_0105
TORONTO_LSE91_STU02242,TORONTO_LSE91_0106
TORONTO_LSE91_STU02243,TORONTO_LSE91_0023
TORONTO_LSE91_STU02243,TORONTO_LSE91_0104
TORONTO_LSE91_STU02243,TORONTO_LSE91_0105
TORONTO_LSE91_STU02243,TORONTO_LSE91_0106
TORONTO_LSE91_STU02244,TORONTO_LSE91_0220
TORONTO_LSE91_STU02244,TORONTO_LSE91_0221
TORONTO_LSE91_STU02244,TORONTO_LSE91_0222
TORONTO_LSE91_STU02244,TORONTO_LSE91_0223
TORONTO_LSE91_STU02245,TORONTO_LSE91_0054
TORONTO_LSE91_STU02245,TORONTO_LSE91_0289
TORONTO_LSE91_STU02245,TORONTO_LSE91_0290
TORONTO_LSE91_STU02245,TORONTO_LSE91_0291
TORONTO_LSE91_STU02246,TORONTO_LSE91_0008
TORONTO_LSE91_STU02246,TORONTO_LSE91_0009
TORONTO_LSE91_STU02246,TORONTO_LSE91_0267
TORONTO_LSE91_STU02247,TORONTO_LSE91_0022
TORONTO_LSE91_STU02247,TORONTO_LSE91_0071
TORONTO_LSE91_STU02247,TORONTO_LSE91_0133
TORONTO_LSE91_STU02247,TORONTO_LSE91_0198
TORONTO_LSE91_STU02248,TORONTO_LSE91_0023
TORONTO_LSE91_STU02248,TORONTO_LSE91_0320
TORONTO_LSE91_STU02248,TORONTO_LSE91_0336
TORONTO_LSE91_STU02248,TORONTO_LSE91_0348
TORONTO_LSE91_STU02248,TORONTO_LSE91_0351
TORONTO_LSE91_STU02249,TORONTO_LSE91_0220
TORONTO_LSE91_STU02249,TORONTO_LSE91_0221
TORONTO_LSE91_STU02249,TORONTO_LSE91_0222
TORONTO_LSE91_STU02249,TORONTO_LSE91_0223
TORONTO_LSE91_STU02250,TORONTO_LSE91_0008
TORONTO_LSE91_STU02250,TORONTO_LSE91_0071
TORONTO_LSE91_STU02250,TORONTO_LSE91_0132
TORONTO_LSE91_STU02250,TORONTO_LSE91_0271
TORONTO_LSE91_STU02251,TORONTO_LSE91_0008
TORONTO_LSE91_STU02251,TORONTO_LSE91_0009
TORONTO_LSE91_STU02251,TORONTO_LSE91_0221
TORONTO_LSE91_STU02251,TORONTO_LSE91_0223
TORONTO_LSE91_STU02252,TORONTO_LSE91_0220
TORONTO_LSE91_STU02252,TORONTO_LSE91_0221
TORONTO_LSE91_STU02252,TORONTO_LSE91_0222
TORONTO_LSE91_STU02252,TORONTO_LSE91_0223
TORONTO_LSE91_STU02253,TORONTO_LSE91_0001
TORONTO_LSE91_STU02253,TORONTO_LSE91_0021
TORONTO_LSE91_STU02253,TORONTO_LSE91_0026
TORONTO_LSE91_STU02253,TORONTO_LSE91_0336
TORONTO_LSE91_STU02254,TORONTO_LSE91_0008
TORONTO_LSE91_STU02254,TORONTO_LSE91_0009
TORONTO_LSE91_STU02254,TORONTO_LSE91_0267
TORONTO_LSE91_STU02255,TORONTO_LSE91_0023
TORONTO_LSE91_STU02255,TORONTO_LSE91_0320
TORONTO_LSE91_STU02255,TORONTO_LSE91_0336
TORONTO_LSE91_STU02255,TORONTO_LSE91_0348
TORONTO_LSE91_STU02255,TORONTO_LSE91_0351
TORONTO_LSE91_STU02256,TORONTO_LSE91_0001
TORONTO_LSE91_STU02256,TORONTO_LSE91_0023
TORONTO_LSE91_STU02256,TORONTO_LSE91_0320
TORONTO_LSE91_STU02256,TORONTO_LSE91_0348
TORONTO_LSE91_STU02256,TORONTO_LSE91_0351
TORONTO_LSE91_STU02257,TORONTO_LSE91_0054
TORONTO_LSE91_STU02257,TORONTO_LSE91_0133
TORONTO_LSE91_STU02257,TORONTO_LSE91_0198
TORONTO_LSE91_STU02257,TORONTO_LSE91_0350
TORONTO_LSE91_STU02257,TORONTO_LSE91_0351
TORONTO_LSE91_STU02258,TORONTO_LSE91_0271
TORONTO_LSE91_STU02258,TORONTO_LSE91_0289
TORONTO_LSE91_STU02258,TORONTO_LSE91_0290
TORONTO_LSE91_STU02258,TORONTO_LSE91_0291
TORONTO_LSE91_STU02259,TORONTO_LSE91_0024
TORONTO_LSE91_STU02259,TORONTO_LSE91_0320
TORONTO_LSE91_STU02259,TORONTO_LSE91_0321
TORONTO_LSE91_STU02259,TORONTO_LSE91_0336
TORONTO_LSE91_STU02260,TORONTO_LSE91_0133
TORONTO_LSE91_STU02260,TORONTO_LSE91_0198
TORONTO_LSE91_STU02260,TORONTO_LSE91_0241
TORONTO_LSE91_STU02260,TORONTO_LSE91_0366
TORONTO_LSE91_STU02261,TORONTO_LSE91_0104
TORONTO_LSE91_STU02261,TORONTO_LSE91_0105
TORONTO_LSE91_STU02261,TORONTO_LSE91_0106
TORONTO_LSE91_STU02261,TORONTO_LSE91_0282
TORONTO_LSE91_STU02262,TORONTO_LSE91_0001
TORONTO_LSE91_STU02262,TORONTO_LSE91_0023
TORONTO_LSE91_STU02262,TORONTO_LSE91_0025
TORONTO_LSE91_STU02262,TORONTO_LSE91_0335
TORONTO_LSE91_STU02263,TORONTO_LSE91_0001
TORONTO_LSE91_STU02263,TORONTO_LSE91_0021
TORONTO_LSE91_STU02263,TORONTO_LSE91_0335
TORONTO_LSE91_STU02263,TORONTO_LSE91_0350
TORONTO_LSE91_STU02263,TORONTO_LSE91_0351
TORONTO_LSE91_STU02264,TORONTO_LSE91_0289
TORONTO_LSE91_STU02264,TORONTO_LSE91_0290
TORONTO_LSE91_STU02264,TORONTO_LSE91_0291
TORONTO_LSE91_STU02265,TORONTO_LSE91_0008
TORONTO_LSE91_STU02265,TORONTO_LSE91_0289
TORONTO_LSE91_STU02265,TORONTO_LSE91_0337
TORONTO_LSE91_STU02265,TORONTO_LSE91_0366
TORONTO_LSE91_STU02266,TORONTO_LSE91_0220
TORONTO_LSE91_STU02266,TORONTO_LSE91_0221
TORONTO_LSE91_STU02266,TORONTO_LSE91_0222
TORONTO_LSE91_STU02266,TORONTO_LSE91_0223
TORONTO_LSE91_STU02267,TORONTO_LSE91_0023
TORONTO_LSE91_STU02267,TORONTO_LSE91_0026
TORONTO_LSE91_STU02267,TORONTO_LSE91_0268
TORONTO_LSE91_STU02267,TORONTO_LSE91_0270
TORONTO_LSE91_STU02268,TORONTO_LSE91_0001
TORONTO_LSE91_STU02268,TORONTO_LSE91_0024
TORONTO_LSE91_STU02268,TORONTO_LSE91_0336
TORONTO_LSE91_STU02268,TORONTO_LSE91_0348
TORONTO_LSE91_STU02268,TORONTO_LSE91_0351
TORONTO_LSE91_STU02269,TORONTO_LSE91_0268
TORONTO_LSE91_STU02269,TORONTO_LSE91_0270
TORONTO_LSE91_STU02269,TORONTO_LSE91_0271
TORONTO_LSE91_STU02269,TORONTO_LSE91_0289
TORONTO_LSE91_STU02270,TORONTO_LSE91_0008
TORONTO_LSE91_STU02270,TORONTO_LSE91_0009
TORONTO_LSE91_STU02270,TORONTO_LSE91_0271
TORONTO_LSE91_STU02271,TORONTO_LSE91_0023
TORONTO_LSE91_STU02271,TORONTO_LSE91_0026
TORONTO_LSE91_STU02271,TORONTO_LSE91_0054
TORONTO_LSE91_STU02271,TORONTO_LSE91_0336
TORONTO_LSE91_STU02272,TORONTO_LSE91_0224
TORONTO_LSE91_STU02272,TORONTO_LSE91_0307
TORONTO_LSE91_STU02272,TORONTO_LSE91_0308
TORONTO_LSE91_STU02272,TORONTO_LSE91_0309
TORONTO_LSE91_STU02273,TORONTO_LSE91_0220
TORONTO_LSE91_STU02273,TORONTO_LSE91_0221
TORONTO_LSE91_STU02273,TORONTO_LSE91_0222
TORONTO_LSE91_STU02273,TORONTO_LSE91_0223
TORONTO_LSE91_STU02274,TORONTO_LSE91_0021
TORONTO_LSE91_STU02274,TORONTO_LSE91_0071
TORONTO_LSE91_STU02274,TORONTO_LSE91_0073
TORONTO_LSE91_STU02274,TORONTO_LSE91_0133
TORONTO_LSE91_STU02275,TORONTO_LSE91_0289
TORONTO_LSE91_STU02275,TORONTO_LSE91_0337
TORONTO_LSE91_STU02275,TORONTO_LSE91_0366
TORONTO_LSE91_STU02276,TORONTO_LSE91_0104
TORONTO_LSE91_STU02276,TORONTO_LSE91_0105
TORONTO_LSE91_STU02276,TORONTO_LSE91_0106
TORONTO_LSE91_STU02276,TORONTO_LSE91_0282
TORONTO_LSE91_STU02277,TORONTO_LSE91_0009
TORONTO_LSE91_STU02277,TORONTO_LSE91_0337
TORONTO_LSE91_STU02277,TORONTO_LSE91_0366
TORONTO_LSE91_STU02278,TORONTO_LSE91_0024
TORONTO_LSE91_STU02278,TORONTO_LSE91_0320
TORONTO_LSE91_STU02278,TORONTO_LSE91_0321
TORONTO_LSE91_STU02278,TORONTO_LSE91_0348
TORONTO_LSE91_STU02278,TORONTO_LSE91_0349
TORONTO_LSE91_STU02279,TORONTO_LSE91_0306
TORONTO_LSE91_STU02279,TORONTO_LSE91_0337
TORONTO_LSE91_STU02279,TORONTO_LSE91_0366
TORONTO_LSE91_STU02280,TORONTO_LSE91_0023
TORONTO_LSE91_STU02280,TORONTO_LSE91_0320
TORONTO_LSE91_STU02280,TORONTO_LSE91_0321
TORONTO_LSE91_STU02280,TORONTO_LSE91_0348
TORONTO_LSE91_STU02280,TORONTO_LSE91_0349
TORONTO_LSE91_STU02281,TORONTO_LSE91_0023
TORONTO_LSE91_STU02281,TORONTO_LSE91_0025
TORONTO_LSE91_STU02281,TORONTO_LSE91_0268
TORONTO_LSE91_STU02281,TORONTO_LSE91_0270
TORONTO_LSE91_STU02282,TORONTO_LSE91_0001
TORONTO_LSE91_STU02282,TORONTO_LSE91_0021
TORONTO_LSE91_STU02282,TORONTO_LSE91_0289
TORONTO_LSE91_STU02282,TORONTO_LSE91_0336
TORONTO_LSE91_STU02283,TORONTO_LSE91_0024
TORONTO_LSE91_STU02283,TORONTO_LSE91_0270
TORONTO_LSE91_STU02283,TORONTO_LSE91_0320
TORONTO_LSE91_STU02283,TORONTO_LSE91_0336
TORONTO_LSE91_STU02284,TORONTO_LSE91_0021
TORONTO_LSE91_STU02284,TORONTO_LSE91_0320
TORONTO_LSE91_STU02284,TORONTO_LSE91_0336
TORONTO_LSE91_STU02284,TORONTO_LSE91_0348
TORONTO_LSE91_STU02284,TORONTO_LSE91_0351
TORONTO_LSE91_STU02285,TORONTO_LSE91_0023
TORONTO_LSE91_STU02285,TORONTO_LSE91_0025
TORONTO_LSE91_STU02285,TORONTO_LSE91_0258
TORONTO_LSE91_STU02285,TORONTO_LSE91_0335
TORONTO_LSE91_STU02286,TORONTO_LSE91_0220
TORONTO_LSE91_STU02286,TORONTO_LSE91_0221
TORONTO_LSE91_STU02286,TORONTO_LSE91_0222
TORONTO_LSE91_STU02286,TORONTO_LSE91_0223
TORONTO_LSE91_STU02287,TORONTO_LSE91_0021
TORONTO_LSE91_STU02287,TORONTO_LSE91_0071
TORONTO_LSE91_STU02287,TORONTO_LSE91_0133
TORONTO_LSE91_STU02287,TORONTO_LSE91_0198
TORONTO_LSE91_STU02288,TORONTO_LSE91_0136
TORONTO_LSE91_STU02288,TORONTO_LSE91_0337
TORONTO_LSE91_STU02288,TORONTO_LSE91_0366
TORONTO_LSE91_STU02289,TORONTO_LSE91_0008
TORONTO_LSE91_STU02289,TORONTO_LSE91_0009
TORONTO_LSE91_STU02289,TORONTO_LSE91_0366
TORONTO_LSE91_STU02290,TORONTO_LSE91_0198
TORONTO_LSE91_STU02290,TORONTO_LSE91_0307
TORONTO_LSE91_STU02290,TORONTO_LSE91_0308
TORONTO_LSE91_STU02290,TORONTO_LSE91_0309
TORONTO_LSE91_STU02291,TORONTO_LSE91_0289
TORONTO_LSE91_STU02291,TORONTO_LSE91_0337
TORONTO_LSE91_STU02291,TORONTO_LSE91_0366
TORONTO_LSE91_STU02292,TORONTO_LSE91_0198
TORONTO_LSE91_STU02292,TORONTO_LSE91_0289
TORONTO_LSE91_STU02292,TORONTO_LSE91_0290
TORONTO_LSE91_STU02292,TORONTO_LSE91_0291
TORONTO_LSE91_STU02293,TORONTO_LSE91_0289
TORONTO_LSE91_STU02293,TORONTO_LSE91_0290
TORONTO_LSE91_STU02293,TORONTO_LSE91_0291
TORONTO_LSE91_STU02294,TORONTO_LSE91_0008
TORONTO_LSE91_STU02294,TORONTO_LSE91_0009
TORONTO_LSE91_STU02294,TORONTO_LSE91_0271
TORONTO_LSE91_STU02295,TORONTO_LSE91_0224
TORONTO_LSE91_STU02295,TORONTO_LSE91_0307
TORONTO_LSE91_STU02295,TORONTO_LSE91_0308
TORONTO_LSE91_STU02295,TORONTO_LSE91_0309
TORONTO_LSE91_STU02296,TORONTO_LSE91_0220
TORONTO_LSE91_STU02296,TORONTO_LSE91_0221
TORONTO_LSE91_STU02296,TORONTO_LSE91_0222
TORONTO_LSE91_STU02296,TORONTO_LSE91_0223
TORONTO_LSE91_STU02297,TORONTO_LSE91_0023
TORONTO_LSE91_STU02297,TORONTO_LSE91_0320
TORONTO_LSE91_STU02297,TORONTO_LSE91_0336
TORONTO_LSE91_STU02297,TORONTO_LSE91_0348
TORONTO_LSE91_STU02297,TORONTO_LSE91_0351
TORONTO_LSE91_STU02298,TORONTO_LSE91_0220
TORONTO_LSE91_STU02298,TORONTO_LSE91_0221
TORONTO_LSE91_STU02298,TORONTO_LSE91_0222
TORONTO_LSE91_STU02298,TORONTO_LSE91_0223
TORONTO_LSE91_STU02299,TORONTO_LSE91_0001
TORONTO_LSE91_STU02299,TORONTO_LSE91_0023
TORONTO_LSE91_STU02299,TORONTO_LSE91_0335
TORONTO_LSE91_STU02299,TORONTO_LSE91_0350
TORONTO_LSE91_STU02299,TORONTO_LSE91_0351
TORONTO_LSE91_STU02300,TORONTO_LSE91_0008
TORONTO_LSE91_STU02300,TORONTO_LSE91_0289
TORONTO_LSE91_STU02300,TORONTO_LSE91_0290
TORONTO_LSE91_STU02300,TORONTO_LSE91_0291
TORONTO_LSE91_STU02301,TORONTO_LSE91_0008
TORONTO_LSE91_STU02301,TORONTO_LSE91_0104
TORONTO_LSE91_STU02301,TORONTO_LSE91_0105
TORONTO_LSE91_STU02301,TORONTO_LSE91_0106
TORONTO_LSE91_STU02302,TORONTO_LSE91_0220
TORONTO_LSE91_STU02302,TORONTO_LSE91_0221
TORONTO_LSE91_STU02302,TORONTO_LSE91_0222
TORONTO_LSE91_STU02302,TORONTO_LSE91_0223
TORONTO_LSE91_STU02303,TORONTO_LSE91_0008
TORONTO_LSE91_STU02303,TORONTO_LSE91_0009
TORONTO_LSE91_STU02303,TORONTO_LSE91_0134
TORONTO_LSE91_STU02304,TORONTO_LSE91_0198
TORONTO_LSE91_STU02304,TORONTO_LSE91_0337
TORONTO_LSE91_STU02304,TORONTO_LSE91_0366
TORONTO_LSE91_STU02305,TORONTO_LSE91_0071
TORONTO_LSE91_STU02305,TORONTO_LSE91_0132
TORONTO_LSE91_STU02305,TORONTO_LSE91_0271
TORONTO_LSE91_STU02305,TORONTO_LSE91_0289
TORONTO_LSE91_STU02306,TORONTO_LSE91_0008
TORONTO_LSE91_STU02306,TORONTO_LSE91_0009
TORONTO_LSE91_STU02306,TORONTO_LSE91_0282
TORONTO_LSE91_STU02307,TORONTO_LSE91_0008
TORONTO_LSE91_STU02307,TORONTO_LSE91_0009
TORONTO_LSE91_STU02307,TORONTO_LSE91_0267
TORONTO_LSE91_STU02308,TORONTO_LSE91_0023
TORONTO_LSE91_STU02308,TORONTO_LSE91_0026
TORONTO_LSE91_STU02308,TORONTO_LSE91_0241
TORONTO_LSE91_STU02308,TORONTO_LSE91_0335
TORONTO_LSE91_STU02309,TORONTO_LSE91_0023
TORONTO_LSE91_STU02309,TORONTO_LSE91_0026
TORONTO_LSE91_STU02309,TORONTO_LSE91_0336
TORONTO_LSE91_STU02309,TORONTO_LSE91_0350
TORONTO_LSE91_STU02309,TORONTO_LSE91_0351
TORONTO_LSE91_STU02310,TORONTO_LSE91_0220
TORONTO_LSE91_STU02310,TORONTO_LSE91_0221
TORONTO_LSE91_STU02310,TORONTO_LSE91_0222
TORONTO_LSE91_STU02310,TORONTO_LSE91_0223
TORONTO_LSE91_STU02311,TORONTO_LSE91_0023
TORONTO_LSE91_STU02311,TORONTO_LSE91_0025
TORONTO_LSE91_STU02311,TORONTO_LSE91_0335
TORONTO_LSE91_STU02311,TORONTO_LSE91_0366
TORONTO_LSE91_STU02312,TORONTO_LSE91_0023
TORONTO_LSE91_STU02312,TORONTO_LSE91_0025
TORONTO_LSE91_STU02312,TORONTO_LSE91_0335
TORONTO_LSE91_STU02312,TORONTO_LSE91_0366
TORONTO_LSE91_STU02313,TORONTO_LSE91_0001
TORONTO_LSE91_STU02313,TORONTO_LSE91_0023
TORONTO_LSE91_STU02313,TORONTO_LSE91_0289
TORONTO_LSE91_STU02313,TORONTO_LSE91_0335
TORONTO_LSE91_STU02314,TORONTO_LSE91_0008
TORONTO_LSE91_STU02314,TORONTO_LSE91_0009
TORONTO_LSE91_STU02314,TORONTO_LSE91_0257
TORONTO_LSE91_STU02315,TORONTO_LSE91_0136
TORONTO_LSE91_STU02315,TORONTO_LSE91_0337
TORONTO_LSE91_STU02315,TORONTO_LSE91_0366
TORONTO_LSE91_STU02316,TORONTO_LSE91_0001
TORONTO_LSE91_STU02316,TORONTO_LSE91_0021
TORONTO_LSE91_STU02316,TORONTO_LSE91_0224
TORONTO_LSE91_STU02316,TORONTO_LSE91_0350
TORONTO_LSE91_STU02316,TORONTO_LSE91_0351
TORONTO_LSE91_STU02317,TORONTO_LSE91_0008
TORONTO_LSE91_STU02317,TORONTO_LSE91_0268
TORONTO_LSE91_STU02317,TORONTO_LSE91_0270
TORONTO_LSE91_STU02317,TORONTO_LSE91_0271
TORONTO_LSE91_STU02318,TORONTO_LSE91_0071
TORONTO_LSE91_STU02318,TORONTO_LSE91_0133
TORONTO_LSE91_STU02318,TORONTO_LSE91_0198
TORONTO_LSE91_STU02318,TORONTO_LSE91_0306
TORONTO_LSE91_STU02319,TORONTO_LSE91_0220
TORONTO_LSE91_STU02319,TORONTO_LSE91_0221
TORONTO_LSE91_STU02319,TORONTO_LSE91_0222
TORONTO_LSE91_STU02319,TORONTO_LSE91_0223
TORONTO_LSE91_STU02320,TORONTO_LSE91_0220
TORONTO_LSE91_STU02320,TORONTO_LSE91_0221
TORONTO_LSE91_STU02320,TORONTO_LSE91_0222
TORONTO_LSE91_STU02320,TORONTO_LSE91_0223
TORONTO_LSE91_STU02321,TORONTO_LSE91_0008
TORONTO_LSE91_STU02321,TORONTO_LSE91_0009
TORONTO_LSE91_STU02321,TORONTO_LSE91_0282
TORONTO_LSE91_STU02322,TORONTO_LSE91_0023
TORONTO_LSE91_STU02322,TORONTO_LSE91_0320
TORONTO_LSE91_STU02322,TORONTO_LSE91_0336
TORONTO_LSE91_STU02322,TORONTO_LSE91_0348
TORONTO_LSE91_STU02322,TORONTO_LSE91_0351
TORONTO_LSE91_STU02323,TORONTO_LSE91_0023
TORONTO_LSE91_STU02323,TORONTO_LSE91_0320
TORONTO_LSE91_STU02323,TORONTO_LSE91_0336
TORONTO_LSE91_STU02323,TORONTO_LSE91_0348
TORONTO_LSE91_STU02323,TORONTO_LSE91_0351
TORONTO_LSE91_STU02324,TORONTO_LSE91_0073
TORONTO_LSE91_STU02324,TORONTO_LSE91_0307
TORONTO_LSE91_STU02324,TORONTO_LSE91_0308
TORONTO_LSE91_STU02324,TORONTO_LSE91_0309
TORONTO_LSE91_STU02325,TORONTO_LSE91_0220
TORONTO_LSE91_STU02325,TORONTO_LSE91_0221
TORONTO_LSE91_STU02325,TORONTO_LSE91_0222
TORONTO_LSE91_STU02325,TORONTO_LSE91_0223
TORONTO_LSE91_STU02326,TORONTO_LSE91_0008
TORONTO_LSE91_STU02326,TORONTO_LSE91_0009
TORONTO_LSE91_STU02326,TORONTO_LSE91_0271
TORONTO_LSE91_STU02327,TORONTO_LSE91_0001
TORONTO_LSE91_STU02327,TORONTO_LSE91_0023
TORONTO_LSE91_STU02327,TORONTO_LSE91_0025
TORONTO_LSE91_STU02327,TORONTO_LSE91_0335
TORONTO_LSE91_STU02328,TORONTO_LSE91_0001
TORONTO_LSE91_STU02328,TORONTO_LSE91_0023
TORONTO_LSE91_STU02328,TORONTO_LSE91_0336
TORONTO_LSE91_STU02328,TORONTO_LSE91_0350
TORONTO_LSE91_STU02328,TORONTO_LSE91_0351
TORONTO_LSE91_STU02329,TORONTO_LSE91_0071
TORONTO_LSE91_STU02329,TORONTO_LSE91_0073
TORONTO_LSE91_STU02329,TORONTO_LSE91_0133
TORONTO_LSE91_STU02329,TORONTO_LSE91_0306
TORONTO_LSE91_STU02330,TORONTO_LSE91_0023
TORONTO_LSE91_STU02330,TORONTO_LSE91_0320
TORONTO_LSE91_STU02330,TORONTO_LSE91_0335
TORONTO_LSE91_STU02330,TORONTO_LSE91_0348
TORONTO_LSE91_STU02330,TORONTO_LSE91_0351
TORONTO_LSE91_STU02331,TORONTO_LSE91_0055
TORONTO_LSE91_STU02331,TORONTO_LSE91_0133
TORONTO_LSE91_STU02331,TORONTO_LSE91_0198
TORONTO_LSE91_STU02331,TORONTO_LSE91_0282
TORONTO_LSE91_STU02332,TORONTO_LSE91_0008
TORONTO_LSE91_STU02332,TORONTO_LSE91_0289
TORONTO_LSE91_STU02332,TORONTO_LSE91_0290
TORONTO_LSE91_STU02332,TORONTO_LSE91_0291
TORONTO_LSE91_STU02333,TORONTO_LSE91_0224
TORONTO_LSE91_STU02333,TORONTO_LSE91_0307
TORONTO_LSE91_STU02333,TORONTO_LSE91_0308
TORONTO_LSE91_STU02333,TORONTO_LSE91_0309
TORONTO_LSE91_STU02334,TORONTO_LSE91_0023
TORONTO_LSE91_STU02334,TORONTO_LSE91_0320
TORONTO_LSE91_STU02334,TORONTO_LSE91_0336
TORONTO_LSE91_STU02334,TORONTO_LSE91_0348
TORONTO_LSE91_STU02334,TORONTO_LSE91_0351
TORONTO_LSE91_STU02335,TORONTO_LSE91_0001
TORONTO_LSE91_STU02335,TORONTO_LSE91_0023
TORONTO_LSE91_STU02335,TORONTO_LSE91_0025
TORONTO_LSE91_STU02335,TORONTO_LSE91_0335
TORONTO_LSE91_STU02336,TORONTO_LSE91_0023
TORONTO_LSE91_STU02336,TORONTO_LSE91_0026
TORONTO_LSE91_STU02336,TORONTO_LSE91_0073
TORONTO_LSE91_STU02336,TORONTO_LSE91_0133
TORONTO_LSE91_STU02337,TORONTO_LSE91_0224
TORONTO_LSE91_STU02337,TORONTO_LSE91_0307
TORONTO_LSE91_STU02337,TORONTO_LSE91_0308
TORONTO_LSE91_STU02337,TORONTO_LSE91_0309
TORONTO_LSE91_STU02338,TORONTO_LSE91_0024
TORONTO_LSE91_STU02338,TORONTO_LSE91_0320
TORONTO_LSE91_STU02338,TORONTO_LSE91_0336
TORONTO_LSE91_STU02338,TORONTO_LSE91_0348
TORONTO_LSE91_STU02338,TORONTO_LSE91_0351
TORONTO_LSE91_STU02339,TORONTO_LSE91_0023
TORONTO_LSE91_STU02339,TORONTO_LSE91_0026
TORONTO_LSE91_STU02339,TORONTO_LSE91_0336
TORONTO_LSE91_STU02339,TORONTO_LSE91_0366
TORONTO_LSE91_STU02340,TORONTO_LSE91_0198
TORONTO_LSE91_STU02340,TORONTO_LSE91_0268
TORONTO_LSE91_STU02340,TORONTO_LSE91_0270
TORONTO_LSE91_STU02340,TORONTO_LSE91_0271
TORONTO_LSE91_STU02341,TORONTO_LSE91_0008
TORONTO_LSE91_STU02341,TORONTO_LSE91_0009
TORONTO_LSE91_STU02341,TORONTO_LSE91_0198
TORONTO_LSE91_STU02342,TORONTO_LSE91_0307
TORONTO_LSE91_STU02342,TORONTO_LSE91_0308
TORONTO_LSE91_STU02342,TORONTO_LSE91_0309
TORONTO_LSE91_STU02342,TORONTO_LSE91_0366
TORONTO_LSE91_STU02343,TORONTO_LSE91_0023
TORONTO_LSE91_STU02343,TORONTO_LSE91_0026
TORONTO_LSE91_STU02343,TORONTO_LSE91_0198
TORONTO_LSE91_STU02343,TORONTO_LSE91_0336
TORONTO_LSE91_STU02344,TORONTO_LSE91_0023
TORONTO_LSE91_STU02344,TORONTO_LSE91_0025
TORONTO_LSE91_STU02344,TORONTO_LSE91_0268
TORONTO_LSE91_STU02344,TORONTO_LSE91_0335
TORONTO_LSE91_STU02345,TORONTO_LSE91_0104
TORONTO_LSE91_STU02345,TORONTO_LSE91_0105
TORONTO_LSE91_STU02345,TORONTO_LSE91_0106
TORONTO_LSE91_STU02345,TORONTO_LSE91_0350
TORONTO_LSE91_STU02345,TORONTO_LSE91_0351
TORONTO_LSE91_STU02346,TORONTO_LSE91_0104
TORONTO_LSE91_STU02346,TORONTO_LSE91_0105
TORONTO_LSE91_STU02346,TORONTO_LSE91_0106
TORONTO_LSE91_STU02346,TORONTO_LSE91_0282
TORONTO_LSE91_STU02347,TORONTO_LSE91_0054
TORONTO_LSE91_STU02347,TORONTO_LSE91_0337
TORONTO_LSE91_STU02347,TORONTO_LSE91_0366
TORONTO_LSE91_STU02347,TORONTO_LSE91_0380
TORONTO_LSE91_STU02348,TORONTO_LSE91_0001
TORONTO_LSE91_STU02348,TORONTO_LSE91_0024
TORONTO_LSE91_STU02348,TORONTO_LSE91_0320
TORONTO_LSE91_STU02348,TORONTO_LSE91_0336
TORONTO_LSE91_STU02349,TORONTO_LSE91_0001
TORONTO_LSE91_STU02349,TORONTO_LSE91_0024
TORONTO_LSE91_STU02349,TORONTO_LSE91_0320
TORONTO_LSE91_STU02349,TORONTO_LSE91_0336
TORONTO_LSE91_STU02350,TORONTO_LSE91_0024
TORONTO_LSE91_STU02350,TORONTO_LSE91_0289
TORONTO_LSE91_STU02350,TORONTO_LSE91_0320
TORONTO_LSE91_STU02350,TORONTO_LSE91_0336
TORONTO_LSE91_STU02351,TORONTO_LSE91_0001
TORONTO_LSE91_STU02351,TORONTO_LSE91_0023
TORONTO_LSE91_STU02351,TORONTO_LSE91_0320
TORONTO_LSE91_STU02351,TORONTO_LSE91_0336
TORONTO_LSE91_STU02352,TORONTO_LSE91_0023
TORONTO_LSE91_STU02352,TORONTO_LSE91_0282
TORONTO_LSE91_STU02352,TORONTO_LSE91_0320
TORONTO_LSE91_STU02352,TORONTO_LSE91_0336
TORONTO_LSE91_STU02353,TORONTO_LSE91_0023
TORONTO_LSE91_STU02353,TORONTO_LSE91_0224
TORONTO_LSE91_STU02353,TORONTO_LSE91_0320
TORONTO_LSE91_STU02353,TORONTO_LSE91_0336
TORONTO_LSE91_STU02354,TORONTO_LSE91_0341
TORONTO_LSE91_STU02354,TORONTO_LSE91_0362
TORONTO_LSE91_STU02355,TORONTO_LSE91_0008
TORONTO_LSE91_STU02355,TORONTO_LSE91_0337
TORONTO_LSE91_STU02355,TORONTO_LSE91_0366
TORONTO_LSE91_STU02355,TORONTO_LSE91_0380
TORONTO_LSE91_STU02356,TORONTO_LSE91_0104
TORONTO_LSE91_STU02356,TORONTO_LSE91_0105
TORONTO_LSE91_STU02356,TORONTO_LSE91_0106
TORONTO_LSE91_STU02356,TORONTO_LSE91_0282
TORONTO_LSE91_STU02357,TORONTO_LSE91_0008
TORONTO_LSE91_STU02357,TORONTO_LSE91_0009
TORONTO_LSE91_STU02357,TORONTO_LSE91_0221
TORONTO_LSE91_STU02357,TORONTO_LSE91_0223
TORONTO_LSE91_STU02358,TORONTO_LSE91_0104
TORONTO_LSE91_STU02358,TORONTO_LSE91_0105
TORONTO_LSE91_STU02358,TORONTO_LSE91_0106
TORONTO_LSE91_STU02358,TORONTO_LSE91_0282
TORONTO_LSE91_STU02359,TORONTO_LSE91_0021
TORONTO_LSE91_STU02359,TORONTO_LSE91_0104
TORONTO_LSE91_STU02359,TORONTO_LSE91_0105
TORONTO_LSE91_STU02359,TORONTO_LSE91_0106
TORONTO_LSE91_STU02360,TORONTO_LSE91_0008
TORONTO_LSE91_STU02360,TORONTO_LSE91_0104
TORONTO_LSE91_STU02360,TORONTO_LSE91_0105
TORONTO_LSE91_STU02360,TORONTO_LSE91_0106
TORONTO_LSE91_STU02361,TORONTO_LSE91_0337
TORONTO_LSE91_STU02361,TORONTO_LSE91_0350
TORONTO_LSE91_STU02361,TORONTO_LSE91_0351
TORONTO_LSE91_STU02361,TORONTO_LSE91_0366
TORONTO_LSE91_STU02361,TORONTO_LSE91_0379
TORONTO_LSE91_STU02362,TORONTO_LSE91_0002
TORONTO_LSE91_STU02362,TORONTO_LSE91_0004
TORONTO_LSE91_STU02362,TORONTO_LSE91_0191
TORONTO_LSE91_STU02363,TORONTO_LSE91_0041
TORONTO_LSE91_STU02363,TORONTO_LSE91_0043
TORONTO_LSE91_STU02363,TORONTO_LSE91_0054
TORONTO_LSE91_STU02364,TORONTO_LSE91_0032
TORONTO_LSE91_STU02364,TORONTO_LSE91_0041
TORONTO_LSE91_STU02364,TORONTO_LSE91_0073
TORONTO_LSE91_STU02364,TORONTO_LSE91_0089
TORONTO_LSE91_STU02365,TORONTO_LSE91_0109
TORONTO_LSE91_STU02365,TORONTO_LSE91_0116
TORONTO_LSE91_STU02365,TORONTO_LSE91_0123
TORONTO_LSE91_STU02365,TORONTO_LSE91_0202
TORONTO_LSE91_STU02366,TORONTO_LSE91_0090
TORONTO_LSE91_STU02366,TORONTO_LSE91_0092
TORONTO_LSE91_STU02366,TORONTO_LSE91_0094
TORONTO_LSE91_STU02366,TORONTO_LSE91_0095
TORONTO_LSE91_STU02367,TORONTO_LSE91_0010
TORONTO_LSE91_STU02367,TORONTO_LSE91_0011
TORONTO_LSE91_STU02367,TORONTO_LSE91_0060
TORONTO_LSE91_STU02368,TORONTO_LSE91_0076
TORONTO_LSE91_STU02368,TORONTO_LSE91_0087
TORONTO_LSE91_STU02368,TORONTO_LSE91_0271
TORONTO_LSE91_STU02368,TORONTO_LSE91_0274
TORONTO_LSE91_STU02369,TORONTO_LSE91_0059
TORONTO_LSE91_STU02369,TORONTO_LSE91_0060
TORONTO_LSE91_STU02369,TORONTO_LSE91_0371
TORONTO_LSE91_STU02370,TORONTO_LSE91_0038
TORONTO_LSE91_STU02370,TORONTO_LSE91_0046
TORONTO_LSE91_STU02370,TORONTO_LSE91_0192
TORONTO_LSE91_STU02371,TORONTO_LSE91_0033
TORONTO_LSE91_STU02371,TORONTO_LSE91_0035
TORONTO_LSE91_STU02371,TORONTO_LSE91_0133
TORONTO_LSE91_STU02371,TORONTO_LSE91_0201
TORONTO_LSE91_STU02372,TORONTO_LSE91_0042
TORONTO_LSE91_STU02372,TORONTO_LSE91_0080
TORONTO_LSE91_STU02372,TORONTO_LSE91_0206
TORONTO_LSE91_STU02373,TORONTO_LSE91_0028
TORONTO_LSE91_STU02373,TORONTO_LSE91_0190
TORONTO_LSE91_STU02373,TORONTO_LSE91_0192
TORONTO_LSE91_STU02374,TORONTO_LSE91_0072
TORONTO_LSE91_STU02374,TORONTO_LSE91_0073
TORONTO_LSE91_STU02374,TORONTO_LSE91_0089
TORONTO_LSE91_STU02374,TORONTO_LSE91_0133
TORONTO_LSE91_STU02375,TORONTO_LSE91_0028
TORONTO_LSE91_STU02375,TORONTO_LSE91_0031
TORONTO_LSE91_STU02375,TORONTO_LSE91_0278
TORONTO_LSE91_STU02376,TORONTO_LSE91_0087
TORONTO_LSE91_STU02376,TORONTO_LSE91_0223
TORONTO_LSE91_STU02376,TORONTO_LSE91_0244
TORONTO_LSE91_STU02377,TORONTO_LSE91_0033
TORONTO_LSE91_STU02377,TORONTO_LSE91_0042
TORONTO_LSE91_STU02378,TORONTO_LSE91_0028
TORONTO_LSE91_STU02378,TORONTO_LSE91_0033
TORONTO_LSE91_STU02378,TORONTO_LSE91_0085
TORONTO_LSE91_STU02378,TORONTO_LSE91_0204
TORONTO_LSE91_STU02379,TORONTO_LSE91_0220
TORONTO_LSE91_STU02379,TORONTO_LSE91_0221
TORONTO_LSE91_STU02379,TORONTO_LSE91_0222
TORONTO_LSE91_STU02379,TORONTO_LSE91_0223
TORONTO_LSE91_STU02380,TORONTO_LSE91_0028
TORONTO_LSE91_STU02380,TORONTO_LSE91_0032
TORONTO_LSE91_STU02380,TORONTO_LSE91_0041
TORONTO_LSE91_STU02380,TORONTO_LSE91_0198
TORONTO_LSE91_STU02381,TORONTO_LSE91_0014
TORONTO_LSE91_STU02381,TORONTO_LSE91_0374
TORONTO_LSE91_STU02381,TORONTO_LSE91_0378
TORONTO_LSE91_STU02382,TORONTO_LSE91_0035
TORONTO_LSE91_STU02382,TORONTO_LSE91_0042
TORONTO_LSE91_STU02382,TORONTO_LSE91_0054
TORONTO_LSE91_STU02383,TORONTO_LSE91_0059
TORONTO_LSE91_STU02383,TORONTO_LSE91_0267
TORONTO_LSE91_STU02384,TORONTO_LSE91_0261
TORONTO_LSE91_STU02384,TORONTO_LSE91_0267
TORONTO_LSE91_STU02385,TORONTO_LSE91_0142
TORONTO_LSE91_STU02385,TORONTO_LSE91_0156
TORONTO_LSE91_STU02385,TORONTO_LSE91_0241
TORONTO_LSE91_STU02386,TORONTO_LSE91_0147
TORONTO_LSE91_STU02386,TORONTO_LSE91_0368
TORONTO_LSE91_STU02387,TORONTO_LSE91_0028
TORONTO_LSE91_STU02387,TORONTO_LSE91_0054
TORONTO_LSE91_STU02387,TORONTO_LSE91_0059
TORONTO_LSE91_STU02387,TORONTO_LSE91_0336
TORONTO_LSE91_STU02388,TORONTO_LSE91_0004
TORONTO_LSE91_STU02388,TORONTO_LSE91_0200
TORONTO_LSE91_STU02388,TORONTO_LSE91_0201
TORONTO_LSE91_STU02389,TORONTO_LSE91_0038
TORONTO_LSE91_STU02389,TORONTO_LSE91_0083
TORONTO_LSE91_STU02389,TORONTO_LSE91_0087
TORONTO_LSE91_STU02390,TORONTO_LSE91_0241
TORONTO_LSE91_STU02390,TORONTO_LSE91_0243
TORONTO_LSE91_STU02390,TORONTO_LSE91_0261
TORONTO_LSE91_STU02390,TORONTO_LSE91_0268
TORONTO_LSE91_STU02391,TORONTO_LSE91_0202
TORONTO_LSE91_STU02391,TORONTO_LSE91_0203
TORONTO_LSE91_STU02392,TORONTO_LSE91_0054
TORONTO_LSE91_STU02392,TORONTO_LSE91_0133
TORONTO_LSE91_STU02393,TORONTO_LSE91_0001
TORONTO_LSE91_STU02393,TORONTO_LSE91_0039
TORONTO_LSE91_STU02393,TORONTO_LSE91_0041
TORONTO_LSE91_STU02393,TORONTO_LSE91_0202
TORONTO_LSE91_STU02394,TORONTO_LSE91_0032
TORONTO_LSE91_STU02394,TORONTO_LSE91_0041
TORONTO_LSE91_STU02394,TORONTO_LSE91_0109
TORONTO_LSE91_STU02395,TORONTO_LSE91_0191
TORONTO_LSE91_STU02395,TORONTO_LSE91_0341
TORONTO_LSE91_STU02396,TORONTO_LSE91_0191
TORONTO_LSE91_STU02396,TORONTO_LSE91_0267
TORONTO_LSE91_STU02396,TORONTO_LSE91_0341
TORONTO_LSE91_STU02397,TORONTO_LSE91_0028
TORONTO_LSE91_STU02397,TORONTO_LSE91_0042
TORONTO_LSE91_STU02397,TORONTO_LSE91_0060
TORONTO_LSE91_STU02397,TORONTO_LSE91_0267
TORONTO_LSE91_STU02398,TORONTO_LSE91_0025
TORONTO_LSE91_STU02398,TORONTO_LSE91_0028
TORONTO_LSE91_STU02398,TORONTO_LSE91_0030
TORONTO_LSE91_STU02398,TORONTO_LSE91_0059
TORONTO_LSE91_STU02399,TORONTO_LSE91_0134
TORONTO_LSE91_STU02399,TORONTO_LSE91_0200
TORONTO_LSE91_STU02399,TORONTO_LSE91_0241
TORONTO_LSE91_STU02399,TORONTO_LSE91_0271
TORONTO_LSE91_STU02400,TORONTO_LSE91_0035
TORONTO_LSE91_STU02400,TORONTO_LSE91_0038
TORONTO_LSE91_STU02400,TORONTO_LSE91_0133
TORONTO_LSE91_STU02400,TORONTO_LSE91_0202
TORONTO_LSE91_STU02401,TORONTO_LSE91_0039
TORONTO_LSE91_STU02401,TORONTO_LSE91_0041
TORONTO_LSE91_STU02401,TORONTO_LSE91_0043
TORONTO_LSE91_STU02401,TORONTO_LSE91_0046
TORONTO_LSE91_STU02402,TORONTO_LSE91_0060
TORONTO_LSE91_STU02402,TORONTO_LSE91_0089
TORONTO_LSE91_STU02402,TORONTO_LSE91_0203
TORONTO_LSE91_STU02403,TORONTO_LSE91_0220
TORONTO_LSE91_STU02403,TORONTO_LSE91_0231
TORONTO_LSE91_STU02403,TORONTO_LSE91_0267
TORONTO_LSE91_STU02404,TORONTO_LSE91_0004
TORONTO_LSE91_STU02404,TORONTO_LSE91_0060
TORONTO_LSE91_STU02404,TORONTO_LSE91_0087
TORONTO_LSE91_STU02405,TORONTO_LSE91_0077
TORONTO_LSE91_STU02405,TORONTO_LSE91_0080
TORONTO_LSE91_STU02405,TORONTO_LSE91_0371
TORONTO_LSE91_STU02406,TORONTO_LSE91_0077
TORONTO_LSE91_STU02406,TORONTO_LSE91_0085
TORONTO_LSE91_STU02407,TORONTO_LSE91_0133
TORONTO_LSE91_STU02407,TORONTO_LSE91_0201
TORONTO_LSE91_STU02407,TORONTO_LSE91_0206
TORONTO_LSE91_STU02407,TORONTO_LSE91_0241
TORONTO_LSE91_STU02408,TORONTO_LSE91_0202
TORONTO_LSE91_STU02408,TORONTO_LSE91_0203
TORONTO_LSE91_STU02408,TORONTO_LSE91_0206
TORONTO_LSE91_STU02408,TORONTO_LSE91_0241
TORONTO_LSE91_STU02409,TORONTO_LSE91_0035
TORONTO_LSE91_STU02409,TORONTO_LSE91_0038
TORONTO_LSE91_STU02409,TORONTO_LSE91_0133
TORONTO_LSE91_STU02409,TORONTO_LSE91_0202
TORONTO_LSE91_STU02410,TORONTO_LSE91_0027
TORONTO_LSE91_STU02410,TORONTO_LSE91_0032
TORONTO_LSE91_STU02410,TORONTO_LSE91_0206
TORONTO_LSE91_STU02411,TORONTO_LSE91_0035
TORONTO_LSE91_STU02411,TORONTO_LSE91_0038
TORONTO_LSE91_STU02411,TORONTO_LSE91_0133
TORONTO_LSE91_STU02411,TORONTO_LSE91_0202
TORONTO_LSE91_STU02412,TORONTO_LSE91_0023
TORONTO_LSE91_STU02412,TORONTO_LSE91_0085
TORONTO_LSE91_STU02413,TORONTO_LSE91_0028
TORONTO_LSE91_STU02413,TORONTO_LSE91_0035
TORONTO_LSE91_STU02413,TORONTO_LSE91_0085
TORONTO_LSE91_STU02414,TORONTO_LSE91_0149
TORONTO_LSE91_STU02414,TORONTO_LSE91_0199
TORONTO_LSE91_STU02414,TORONTO_LSE91_0205
TORONTO_LSE91_STU02414,TORONTO_LSE91_0259
TORONTO_LSE91_STU02415,TORONTO_LSE91_0027
TORONTO_LSE91_STU02415,TORONTO_LSE91_0038
TORONTO_LSE91_STU02416,TORONTO_LSE91_0055
TORONTO_LSE91_STU02417,TORONTO_LSE91_0041
TORONTO_LSE91_STU02417,TORONTO_LSE91_0043
TORONTO_LSE91_STU02417,TORONTO_LSE91_0060
TORONTO_LSE91_STU02417,TORONTO_LSE91_0067
TORONTO_LSE91_STU02418,TORONTO_LSE91_0027
TORONTO_LSE91_STU02418,TORONTO_LSE91_0042
TORONTO_LSE91_STU02418,TORONTO_LSE91_0134
TORONTO_LSE91_STU02418,TORONTO_LSE91_0142
TORONTO_LSE91_STU02419,TORONTO_LSE91_0002
TORONTO_LSE91_STU02419,TORONTO_LSE91_0003
TORONTO_LSE91_STU02419,TORONTO_LSE91_0004
TORONTO_LSE91_STU02420,TORONTO_LSE91_0133
TORONTO_LSE91_STU02420,TORONTO_LSE91_0301
TORONTO_LSE91_STU02420,TORONTO_LSE91_0302
TORONTO_LSE91_STU02421,TORONTO_LSE91_0089
TORONTO_LSE91_STU02421,TORONTO_LSE91_0223
TORONTO_LSE91_STU02422,TORONTO_LSE91_0202
TORONTO_LSE91_STU02422,TORONTO_LSE91_0206
TORONTO_LSE91_STU02422,TORONTO_LSE91_0243
TORONTO_LSE91_STU02423,TORONTO_LSE91_0034
TORONTO_LSE91_STU02423,TORONTO_LSE91_0038
TORONTO_LSE91_STU02423,TORONTO_LSE91_0041
TORONTO_LSE91_STU02423,TORONTO_LSE91_0206
TORONTO_LSE91_STU02424,TORONTO_LSE91_0206
TORONTO_LSE91_STU02424,TORONTO_LSE91_0371
TORONTO_LSE91_STU02425,TORONTO_LSE91_0039
TORONTO_LSE91_STU02425,TORONTO_LSE91_0041
TORONTO_LSE91_STU02425,TORONTO_LSE91_0202
TORONTO_LSE91_STU02425,TORONTO_LSE91_0289
TORONTO_LSE91_STU02426,TORONTO_LSE91_0030
TORONTO_LSE91_STU02426,TORONTO_LSE91_0032
TORONTO_LSE91_STU02426,TORONTO_LSE91_0267
TORONTO_LSE91_STU02426,TORONTO_LSE91_0353
TORONTO_LSE91_STU02426,TORONTO_LSE91_0358
TORONTO_LSE91_STU02427,TORONTO_LSE91_0001
TORONTO_LSE91_STU02427,TORONTO_LSE91_0004
TORONTO_LSE91_STU02427,TORONTO_LSE91_0039
TORONTO_LSE91_STU02427,TORONTO_LSE91_0206
TORONTO_LSE91_STU02428,TORONTO_LSE91_0039
TORONTO_LSE91_STU02428,TORONTO_LSE91_0041
TORONTO_LSE91_STU02428,TORONTO_LSE91_0104
TORONTO_LSE91_STU02429,TORONTO_LSE91_0068
TORONTO_LSE91_STU02429,TORONTO_LSE91_0146
TORONTO_LSE91_STU02429,TORONTO_LSE91_0150
TORONTO_LSE91_STU02429,TORONTO_LSE91_0155
TORONTO_LSE91_STU02430,TORONTO_LSE91_0038
TORONTO_LSE91_STU02430,TORONTO_LSE91_0041
TORONTO_LSE91_STU02430,TORONTO_LSE91_0133
TORONTO_LSE91_STU02430,TORONTO_LSE91_0324
TORONTO_LSE91_STU02431,TORONTO_LSE91_0028
TORONTO_LSE91_STU02431,TORONTO_LSE91_0035
TORONTO_LSE91_STU02431,TORONTO_LSE91_0038
TORONTO_LSE91_STU02431,TORONTO_LSE91_0042
TORONTO_LSE91_STU02432,TORONTO_LSE91_0032
TORONTO_LSE91_STU02432,TORONTO_LSE91_0033
TORONTO_LSE91_STU02432,TORONTO_LSE91_0059
TORONTO_LSE91_STU02432,TORONTO_LSE91_0089
TORONTO_LSE91_STU02433,TORONTO_LSE91_0031
TORONTO_LSE91_STU02433,TORONTO_LSE91_0033
TORONTO_LSE91_STU02433,TORONTO_LSE91_0072
TORONTO_LSE91_STU02433,TORONTO_LSE91_0268
TORONTO_LSE91_STU02434,TORONTO_LSE91_0042
TORONTO_LSE91_STU02434,TORONTO_LSE91_0285
TORONTO_LSE91_STU02435,TORONTO_LSE91_0054
TORONTO_LSE91_STU02435,TORONTO_LSE91_0060
TORONTO_LSE91_STU02435,TORONTO_LSE91_0118
TORONTO_LSE91_STU02435,TORONTO_LSE91_0282
TORONTO_LSE91_STU02436,TORONTO_LSE91_0072
TORONTO_LSE91_STU02436,TORONTO_LSE91_0084
TORONTO_LSE91_STU02436,TORONTO_LSE91_0199
TORONTO_LSE91_STU02436,TORONTO_LSE91_0309
TORONTO_LSE91_STU02437,TORONTO_LSE91_0059
TORONTO_LSE91_STU02437,TORONTO_LSE91_0060
TORONTO_LSE91_STU02437,TORONTO_LSE91_0089
TORONTO_LSE91_STU02438,TORONTO_LSE91_0302
TORONTO_LSE91_STU02438,TORONTO_LSE91_0304
TORONTO_LSE91_STU02438,TORONTO_LSE91_0379
TORONTO_LSE91_STU02439,TORONTO_LSE91_0041
TORONTO_LSE91_STU02439,TORONTO_LSE91_0320
TORONTO_LSE91_STU02439,TORONTO_LSE91_0355
TORONTO_LSE91_STU02439,TORONTO_LSE91_0356
TORONTO_LSE91_STU02440,TORONTO_LSE91_0026
TORONTO_LSE91_STU02440,TORONTO_LSE91_0042
TORONTO_LSE91_STU02440,TORONTO_LSE91_0355
TORONTO_LSE91_STU02440,TORONTO_LSE91_0356
TORONTO_LSE91_STU02441,TORONTO_LSE91_0141
TORONTO_LSE91_STU02441,TORONTO_LSE91_0142
TORONTO_LSE91_STU02442,TORONTO_LSE91_0030
TORONTO_LSE91_STU02442,TORONTO_LSE91_0041
TORONTO_LSE91_STU02443,TORONTO_LSE91_0119
TORONTO_LSE91_STU02443,TORONTO_LSE91_0146
TORONTO_LSE91_STU02443,TORONTO_LSE91_0147
TORONTO_LSE91_STU02444,TORONTO_LSE91_0089
TORONTO_LSE91_STU02444,TORONTO_LSE91_0199
TORONTO_LSE91_STU02444,TORONTO_LSE91_0205
TORONTO_LSE91_STU02444,TORONTO_LSE91_0267
TORONTO_LSE91_STU02445,TORONTO_LSE91_0031
TORONTO_LSE91_STU02445,TORONTO_LSE91_0041
TORONTO_LSE91_STU02445,TORONTO_LSE91_0060
TORONTO_LSE91_STU02445,TORONTO_LSE91_0206
TORONTO_LSE91_STU02446,TORONTO_LSE91_0267
TORONTO_LSE91_STU02446,TORONTO_LSE91_0294
TORONTO_LSE91_STU02446,TORONTO_LSE91_0298
TORONTO_LSE91_STU02446,TORONTO_LSE91_0302
TORONTO_LSE91_STU02447,TORONTO_LSE91_0205
TORONTO_LSE91_STU02447,TORONTO_LSE91_0267
TORONTO_LSE91_STU02447,TORONTO_LSE91_0329
TORONTO_LSE91_STU02447,TORONTO_LSE91_0336
TORONTO_LSE91_STU02448,TORONTO_LSE91_0011
TORONTO_LSE91_STU02448,TORONTO_LSE91_0086
TORONTO_LSE91_STU02448,TORONTO_LSE91_0148
TORONTO_LSE91_STU02449,TORONTO_LSE91_0039
TORONTO_LSE91_STU02449,TORONTO_LSE91_0041
TORONTO_LSE91_STU02449,TORONTO_LSE91_0049
TORONTO_LSE91_STU02450,TORONTO_LSE91_0027
TORONTO_LSE91_STU02450,TORONTO_LSE91_0041
TORONTO_LSE91_STU02450,TORONTO_LSE91_0054
TORONTO_LSE91_STU02450,TORONTO_LSE91_0060
TORONTO_LSE91_STU02451,TORONTO_LSE91_0032
TORONTO_LSE91_STU02451,TORONTO_LSE91_0044
TORONTO_LSE91_STU02451,TORONTO_LSE91_0093
TORONTO_LSE91_STU02452,TORONTO_LSE91_0034
TORONTO_LSE91_STU02452,TORONTO_LSE91_0038
TORONTO_LSE91_STU02452,TORONTO_LSE91_0206
TORONTO_LSE91_STU02452,TORONTO_LSE91_0336
TORONTO_LSE91_STU02453,TORONTO_LSE91_0084
TORONTO_LSE91_STU02453,TORONTO_LSE91_0087
TORONTO_LSE91_STU02453,TORONTO_LSE91_0202
TORONTO_LSE91_STU02453,TORONTO_LSE91_0203
TORONTO_LSE91_STU02454,TORONTO_LSE91_0059
TORONTO_LSE91_STU02454,TORONTO_LSE91_0368
TORONTO_LSE91_STU02454,TORONTO_LSE91_0371
TORONTO_LSE91_STU02455,TORONTO_LSE91_0084
TORONTO_LSE91_STU02455,TORONTO_LSE91_0087
TORONTO_LSE91_STU02455,TORONTO_LSE91_0132
TORONTO_LSE91_STU02456,TORONTO_LSE91_0027
TORONTO_LSE91_STU02456,TORONTO_LSE91_0059
TORONTO_LSE91_STU02456,TORONTO_LSE91_0063
TORONTO_LSE91_STU02457,TORONTO_LSE91_0085
TORONTO_LSE91_STU02457,TORONTO_LSE91_0133
TORONTO_LSE91_STU02457,TORONTO_LSE91_0147
TORONTO_LSE91_STU02458,TORONTO_LSE91_0077
TORONTO_LSE91_STU02458,TORONTO_LSE91_0262
TORONTO_LSE91_STU02459,TORONTO_LSE91_0029
TORONTO_LSE91_STU02459,TORONTO_LSE91_0030
TORONTO_LSE91_STU02459,TORONTO_LSE91_0042
TORONTO_LSE91_STU02459,TORONTO_LSE91_0320
TORONTO_LSE91_STU02460,TORONTO_LSE91_0023
TORONTO_LSE91_STU02460,TORONTO_LSE91_0191
TORONTO_LSE91_STU02461,TORONTO_LSE91_0220
TORONTO_LSE91_STU02461,TORONTO_LSE91_0221
TORONTO_LSE91_STU02461,TORONTO_LSE91_0222
TORONTO_LSE91_STU02461,TORONTO_LSE91_0223
TORONTO_LSE91_STU02462,TORONTO_LSE91_0089
TORONTO_LSE91_STU02462,TORONTO_LSE91_0198
TORONTO_LSE91_STU02462,TORONTO_LSE91_0202
TORONTO_LSE91_STU02462,TORONTO_LSE91_0241
TORONTO_LSE91_STU02463,TORONTO_LSE91_0085
TORONTO_LSE91_STU02463,TORONTO_LSE91_0135
TORONTO_LSE91_STU02463,TORONTO_LSE91_0199
TORONTO_LSE91_STU02463,TORONTO_LSE91_0201
TORONTO_LSE91_STU02464,TORONTO_LSE91_0087
TORONTO_LSE91_STU02464,TORONTO_LSE91_0090
TORONTO_LSE91_STU02464,TORONTO_LSE91_0206
TORONTO_LSE91_STU02464,TORONTO_LSE91_0223
TORONTO_LSE91_STU02465,TORONTO_LSE91_0190
TORONTO_LSE91_STU02465,TORONTO_LSE91_0193
TORONTO_LSE91_STU02465,TORONTO_LSE91_0253
TORONTO_LSE91_STU02465,TORONTO_LSE91_0254
TORONTO_LSE91_STU02466,TORONTO_LSE91_0155
TORONTO_LSE91_STU02466,TORONTO_LSE91_0202
TORONTO_LSE91_STU02466,TORONTO_LSE91_0203
TORONTO_LSE91_STU02466,TORONTO_LSE91_0206
TORONTO_LSE91_STU02467,TORONTO_LSE91_0089
TORONTO_LSE91_STU02467,TORONTO_LSE91_0146
TORONTO_LSE91_STU02467,TORONTO_LSE91_0206
TORONTO_LSE91_STU02468,TORONTO_LSE91_0242
TORONTO_LSE91_STU02468,TORONTO_LSE91_0249
TORONTO_LSE91_STU02468,TORONTO_LSE91_0278
TORONTO_LSE91_STU02469,TORONTO_LSE91_0028
TORONTO_LSE91_STU02469,TORONTO_LSE91_0190
TORONTO_LSE91_STU02469,TORONTO_LSE91_0241
TORONTO_LSE91_STU02470,TORONTO_LSE91_0028
TORONTO_LSE91_STU02470,TORONTO_LSE91_0032
TORONTO_LSE91_STU02470,TORONTO_LSE91_0036
TORONTO_LSE91_STU02470,TORONTO_LSE91_0293
TORONTO_LSE91_STU02471,TORONTO_LSE91_0078
TORONTO_LSE91_STU02471,TORONTO_LSE91_0147
TORONTO_LSE91_STU02471,TORONTO_LSE91_0200
TORONTO_LSE91_STU02471,TORONTO_LSE91_0206
TORONTO_LSE91_STU02472,TORONTO_LSE91_0190
TORONTO_LSE91_STU02472,TORONTO_LSE91_0206
TORONTO_LSE91_STU02472,TORONTO_LSE91_0243
TORONTO_LSE91_STU02473,TORONTO_LSE91_0079
TORONTO_LSE91_STU02473,TORONTO_LSE91_0144
TORONTO_LSE91_STU02473,TORONTO_LSE91_0203
TORONTO_LSE91_STU02474,TORONTO_LSE91_0085
TORONTO_LSE91_STU02474,TORONTO_LSE91_0089
TORONTO_LSE91_STU02474,TORONTO_LSE91_0154
TORONTO_LSE91_STU02475,TORONTO_LSE91_0028
TORONTO_LSE91_STU02475,TORONTO_LSE91_0054
TORONTO_LSE91_STU02475,TORONTO_LSE91_0201
TORONTO_LSE91_STU02475,TORONTO_LSE91_0202
TORONTO_LSE91_STU02476,TORONTO_LSE91_0202
TORONTO_LSE91_STU02476,TORONTO_LSE91_0204
TORONTO_LSE91_STU02477,TORONTO_LSE91_0032
TORONTO_LSE91_STU02477,TORONTO_LSE91_0202
TORONTO_LSE91_STU02477,TORONTO_LSE91_0204
TORONTO_LSE91_STU02478,TORONTO_LSE91_0271
TORONTO_LSE91_STU02478,TORONTO_LSE91_0293
TORONTO_LSE91_STU02478,TORONTO_LSE91_0295
TORONTO_LSE91_STU02479,TORONTO_LSE91_0021
TORONTO_LSE91_STU02479,TORONTO_LSE91_0076
TORONTO_LSE91_STU02479,TORONTO_LSE91_0084
TORONTO_LSE91_STU02479,TORONTO_LSE91_0085
TORONTO_LSE91_STU02480,TORONTO_LSE91_0199
TORONTO_LSE91_STU02480,TORONTO_LSE91_0200
TORONTO_LSE91_STU02480,TORONTO_LSE91_0201
TORONTO_LSE91_STU02480,TORONTO_LSE91_0204
TORONTO_LSE91_STU02481,TORONTO_LSE91_0028
TORONTO_LSE91_STU02481,TORONTO_LSE91_0031
TORONTO_LSE91_STU02481,TORONTO_LSE91_0085
TORONTO_LSE91_STU02482,TORONTO_LSE91_0084
TORONTO_LSE91_STU02482,TORONTO_LSE91_0085
TORONTO_LSE91_STU02482,TORONTO_LSE91_0135
TORONTO_LSE91_STU02482,TORONTO_LSE91_0267
TORONTO_LSE91_STU02483,TORONTO_LSE91_0072
TORONTO_LSE91_STU02483,TORONTO_LSE91_0201
TORONTO_LSE91_STU02483,TORONTO_LSE91_0202
TORONTO_LSE91_STU02484,TORONTO_LSE91_0030
TORONTO_LSE91_STU02484,TORONTO_LSE91_0033
TORONTO_LSE91_STU02484,TORONTO_LSE91_0054
TORONTO_LSE91_STU02484,TORONTO_LSE91_0068
TORONTO_LSE91_STU02485,TORONTO_LSE91_0087
TORONTO_LSE91_STU02485,TORONTO_LSE91_0147
TORONTO_LSE91_STU02485,TORONTO_LSE91_0198
TORONTO_LSE91_STU02485,TORONTO_LSE91_0203
TORONTO_LSE91_STU02486,TORONTO_LSE91_0035
TORONTO_LSE91_STU02486,TORONTO_LSE91_0059
TORONTO_LSE91_STU02486,TORONTO_LSE91_0132
TORONTO_LSE91_STU02487,TORONTO_LSE91_0038
TORONTO_LSE91_STU02487,TORONTO_LSE91_0054
TORONTO_LSE91_STU02487,TORONTO_LSE91_0224
TORONTO_LSE91_STU02488,TORONTO_LSE91_0043
TORONTO_LSE91_STU02488,TORONTO_LSE91_0142
TORONTO_LSE91_STU02489,TORONTO_LSE91_0003
TORONTO_LSE91_STU02489,TORONTO_LSE91_0004
TORONTO_LSE91_STU02489,TORONTO_LSE91_0038
TORONTO_LSE91_STU02489,TORONTO_LSE91_0281
TORONTO_LSE91_STU02490,TORONTO_LSE91_0200
TORONTO_LSE91_STU02490,TORONTO_LSE91_0203
TORONTO_LSE91_STU02491,TORONTO_LSE91_0118
TORONTO_LSE91_STU02491,TORONTO_LSE91_0282
TORONTO_LSE91_STU02492,TORONTO_LSE91_0002
TORONTO_LSE91_STU02492,TORONTO_LSE91_0004
TORONTO_LSE91_STU02492,TORONTO_LSE91_0191
TORONTO_LSE91_STU02493,TORONTO_LSE91_0060
TORONTO_LSE91_STU02493,TORONTO_LSE91_0089
TORONTO_LSE91_STU02493,TORONTO_LSE91_0116
TORONTO_LSE91_STU02494,TORONTO_LSE91_0022
TORONTO_LSE91_STU02494,TORONTO_LSE91_0290
TORONTO_LSE91_STU02494,TORONTO_LSE91_0293
TORONTO_LSE91_STU02494,TORONTO_LSE91_0294
TORONTO_LSE91_STU02495,TORONTO_LSE91_0014
TORONTO_LSE91_STU02495,TORONTO_LSE91_0018
TORONTO_LSE91_STU02495,TORONTO_LSE91_0019
TORONTO_LSE91_STU02495,TORONTO_LSE91_0285
TORONTO_LSE91_STU02496,TORONTO_LSE91_0059
TORONTO_LSE91_STU02496,TORONTO_LSE91_0282
TORONTO_LSE91_STU02496,TORONTO_LSE91_0335
TORONTO_LSE91_STU02497,TORONTO_LSE91_0200
TORONTO_LSE91_STU02497,TORONTO_LSE91_0201
TORONTO_LSE91_STU02497,TORONTO_LSE91_0202
TORONTO_LSE91_STU02497,TORONTO_LSE91_0204
TORONTO_LSE91_STU02498,TORONTO_LSE91_0038
TORONTO_LSE91_STU02498,TORONTO_LSE91_0041
TORONTO_LSE91_STU02498,TORONTO_LSE91_0054
TORONTO_LSE91_STU02499,TORONTO_LSE91_0084
TORONTO_LSE91_STU02499,TORONTO_LSE91_0147
TORONTO_LSE91_STU02499,TORONTO_LSE91_0206
TORONTO_LSE91_STU02500,TORONTO_LSE91_0028
TORONTO_LSE91_STU02500,TORONTO_LSE91_0059
TORONTO_LSE91_STU02501,TORONTO_LSE91_0232
TORONTO_LSE91_STU02501,TORONTO_LSE91_0237
TORONTO_LSE91_STU02501,TORONTO_LSE91_0241
TORONTO_LSE91_STU02501,TORONTO_LSE91_0251
TORONTO_LSE91_STU02501,TORONTO_LSE91_0252
TORONTO_LSE91_STU02502,TORONTO_LSE91_0241
TORONTO_LSE91_STU02502,TORONTO_LSE91_0373
TORONTO_LSE91_STU02502,TORONTO_LSE91_0374
TORONTO_LSE91_STU02503,TORONTO_LSE91_0077
TORONTO_LSE91_STU02503,TORONTO_LSE91_0087
TORONTO_LSE91_STU02503,TORONTO_LSE91_0090
TORONTO_LSE91_STU02503,TORONTO_LSE91_0092
TORONTO_LSE91_STU02504,TORONTO_LSE91_0043
TORONTO_LSE91_STU02504,TORONTO_LSE91_0054
TORONTO_LSE91_STU02504,TORONTO_LSE91_0059
TORONTO_LSE91_STU02504,TORONTO_LSE91_0271
TORONTO_LSE91_STU02505,TORONTO_LSE91_0001
TORONTO_LSE91_STU02505,TORONTO_LSE91_0031
TORONTO_LSE91_STU02505,TORONTO_LSE91_0032
TORONTO_LSE91_STU02506,TORONTO_LSE91_0073
TORONTO_LSE91_STU02506,TORONTO_LSE91_0199
TORONTO_LSE91_STU02506,TORONTO_LSE91_0202
TORONTO_LSE91_STU02506,TORONTO_LSE91_0203
TORONTO_LSE91_STU02507,TORONTO_LSE91_0130
TORONTO_LSE91_STU02508,TORONTO_LSE91_0028
TORONTO_LSE91_STU02508,TORONTO_LSE91_0031
TORONTO_LSE91_STU02509,TORONTO_LSE91_0035
TORONTO_LSE91_STU02509,TORONTO_LSE91_0041
TORONTO_LSE91_STU02510,TORONTO_LSE91_0032
TORONTO_LSE91_STU02510,TORONTO_LSE91_0191
TORONTO_LSE91_STU02510,TORONTO_LSE91_0267
TORONTO_LSE91_STU02510,TORONTO_LSE91_0309
TORONTO_LSE91_STU02511,TORONTO_LSE91_0088
TORONTO_LSE91_STU02511,TORONTO_LSE91_0204
TORONTO_LSE91_STU02511,TORONTO_LSE91_0274
TORONTO_LSE91_STU02511,TORONTO_LSE91_0279
TORONTO_LSE91_STU02512,TORONTO_LSE91_0041
TORONTO_LSE91_STU02512,TORONTO_LSE91_0042
TORONTO_LSE91_STU02512,TORONTO_LSE91_0109
TORONTO_LSE91_STU02513,TORONTO_LSE91_0269
TORONTO_LSE91_STU02513,TORONTO_LSE91_0336
TORONTO_LSE91_STU02514,TORONTO_LSE91_0028
TORONTO_LSE91_STU02514,TORONTO_LSE91_0039
TORONTO_LSE91_STU02514,TORONTO_LSE91_0041
TORONTO_LSE91_STU02514,TORONTO_LSE91_0206
TORONTO_LSE91_STU02515,TORONTO_LSE91_0035
TORONTO_LSE91_STU02515,TORONTO_LSE91_0087
TORONTO_LSE91_STU02515,TORONTO_LSE91_0198
TORONTO_LSE91_STU02516,TORONTO_LSE91_0026
TORONTO_LSE91_STU02516,TORONTO_LSE91_0032
TORONTO_LSE91_STU02516,TORONTO_LSE91_0036
TORONTO_LSE91_STU02516,TORONTO_LSE91_0137
TORONTO_LSE91_STU02517,TORONTO_LSE91_0073
TORONTO_LSE91_STU02517,TORONTO_LSE91_0087
TORONTO_LSE91_STU02517,TORONTO_LSE91_0143
TORONTO_LSE91_STU02518,TORONTO_LSE91_0032
TORONTO_LSE91_STU02518,TORONTO_LSE91_0133
TORONTO_LSE91_STU02518,TORONTO_LSE91_0244
TORONTO_LSE91_STU02519,TORONTO_LSE91_0072
TORONTO_LSE91_STU02519,TORONTO_LSE91_0085
TORONTO_LSE91_STU02519,TORONTO_LSE91_0089
TORONTO_LSE91_STU02519,TORONTO_LSE91_0198
TORONTO_LSE91_STU02520,TORONTO_LSE91_0054
TORONTO_LSE91_STU02520,TORONTO_LSE91_0059
TORONTO_LSE91_STU02520,TORONTO_LSE91_0267
TORONTO_LSE91_STU02521,TORONTO_LSE91_0030
TORONTO_LSE91_STU02521,TORONTO_LSE91_0054
TORONTO_LSE91_STU02522,TORONTO_LSE91_0089
TORONTO_LSE91_STU02522,TORONTO_LSE91_0201
TORONTO_LSE91_STU02522,TORONTO_LSE91_0318
TORONTO_LSE91_STU02522,TORONTO_LSE91_0319
TORONTO_LSE91_STU02523,TORONTO_LSE91_0039
TORONTO_LSE91_STU02523,TORONTO_LSE91_0200
TORONTO_LSE91_STU02523,TORONTO_LSE91_0201
TORONTO_LSE91_STU02523,TORONTO_LSE91_0241
TORONTO_LSE91_STU02524,TORONTO_LSE91_0068
TORONTO_LSE91_STU02524,TORONTO_LSE91_0200
TORONTO_LSE91_STU02524,TORONTO_LSE91_0202
TORONTO_LSE91_STU02524,TORONTO_LSE91_0371
TORONTO_LSE91_STU02525,TORONTO_LSE91_0054
TORONTO_LSE91_STU02525,TORONTO_LSE91_0060
TORONTO_LSE91_STU02525,TORONTO_LSE91_0087
TORONTO_LSE91_STU02525,TORONTO_LSE91_0155
TORONTO_LSE91_STU02526,TORONTO_LSE91_0032
TORONTO_LSE91_STU02526,TORONTO_LSE91_0268
TORONTO_LSE91_STU02527,TORONTO_LSE91_0030
TORONTO_LSE91_STU02527,TORONTO_LSE91_0060
TORONTO_LSE91_STU02528,TORONTO_LSE91_0039
TORONTO_LSE91_STU02528,TORONTO_LSE91_0341
TORONTO_LSE91_STU02529,TORONTO_LSE91_0035
TORONTO_LSE91_STU02529,TORONTO_LSE91_0055
TORONTO_LSE91_STU02529,TORONTO_LSE91_0059
TORONTO_LSE91_STU02530,TORONTO_LSE91_0029
TORONTO_LSE91_STU02530,TORONTO_LSE91_0032
TORONTO_LSE91_STU02530,TORONTO_LSE91_0054
TORONTO_LSE91_STU02530,TORONTO_LSE91_0063
TORONTO_LSE91_STU02531,TORONTO_LSE91_0067
TORONTO_LSE91_STU02531,TORONTO_LSE91_0147
TORONTO_LSE91_STU02531,TORONTO_LSE91_0155
TORONTO_LSE91_STU02531,TORONTO_LSE91_0202
TORONTO_LSE91_STU02532,TORONTO_LSE91_0027
TORONTO_LSE91_STU02532,TORONTO_LSE91_0042
TORONTO_LSE91_STU02532,TORONTO_LSE91_0059
TORONTO_LSE91_STU02533,TORONTO_LSE91_0080
TORONTO_LSE91_STU02533,TORONTO_LSE91_0085
TORONTO_LSE91_STU02533,TORONTO_LSE91_0119
TORONTO_LSE91_STU02533,TORONTO_LSE91_0127
TORONTO_LSE91_STU02534,TORONTO_LSE91_0028
TORONTO_LSE91_STU02534,TORONTO_LSE91_0155
TORONTO_LSE91_STU02534,TORONTO_LSE91_0267
TORONTO_LSE91_STU02535,TORONTO_LSE91_0147
TORONTO_LSE91_STU02535,TORONTO_LSE91_0201
TORONTO_LSE91_STU02535,TORONTO_LSE91_0202
TORONTO_LSE91_STU02535,TORONTO_LSE91_0204
TORONTO_LSE91_STU02536,TORONTO_LSE91_0200
TORONTO_LSE91_STU02536,TORONTO_LSE91_0206
TORONTO_LSE91_STU02537,TORONTO_LSE91_0270
TORONTO_LSE91_STU02537,TORONTO_LSE91_0293
TORONTO_LSE91_STU02537,TORONTO_LSE91_0302
TORONTO_LSE91_STU02537,TORONTO_LSE91_0304
TORONTO_LSE91_STU02538,TORONTO_LSE91_0027
TORONTO_LSE91_STU02538,TORONTO_LSE91_0109
TORONTO_LSE91_STU02538,TORONTO_LSE91_0204
TORONTO_LSE91_STU02538,TORONTO_LSE91_0267
TORONTO_LSE91_STU02539,TORONTO_LSE91_0021
TORONTO_LSE91_STU02539,TORONTO_LSE91_0369
TORONTO_LSE91_STU02539,TORONTO_LSE91_0378
TORONTO_LSE91_STU02540,TORONTO_LSE91_0085
TORONTO_LSE91_STU02540,TORONTO_LSE91_0200
TORONTO_LSE91_STU02540,TORONTO_LSE91_0204
TORONTO_LSE91_STU02540,TORONTO_LSE91_0373
TORONTO_LSE91_STU02541,TORONTO_LSE91_0054
TORONTO_LSE91_STU02541,TORONTO_LSE91_0060
TORONTO_LSE91_STU02541,TORONTO_LSE91_0206
TORONTO_LSE91_STU02542,TORONTO_LSE91_0028
TORONTO_LSE91_STU02542,TORONTO_LSE91_0041
TORONTO_LSE91_STU02542,TORONTO_LSE91_0191
TORONTO_LSE91_STU02542,TORONTO_LSE91_0377
TORONTO_LSE91_STU02543,TORONTO_LSE91_0075
TORONTO_LSE91_STU02543,TORONTO_LSE91_0077
TORONTO_LSE91_STU02543,TORONTO_LSE91_0143
TORONTO_LSE91_STU02543,TORONTO_LSE91_0146
TORONTO_LSE91_STU02544,TORONTO_LSE91_0085
TORONTO_LSE91_STU02544,TORONTO_LSE91_0149
TORONTO_LSE91_STU02544,TORONTO_LSE91_0264
TORONTO_LSE91_STU02545,TORONTO_LSE91_0054
TORONTO_LSE91_STU02545,TORONTO_LSE91_0067
TORONTO_LSE91_STU02545,TORONTO_LSE91_0271
TORONTO_LSE91_STU02546,TORONTO_LSE91_0224
TORONTO_LSE91_STU02546,TORONTO_LSE91_0231
TORONTO_LSE91_STU02546,TORONTO_LSE91_0278
TORONTO_LSE91_STU02546,TORONTO_LSE91_0281
TORONTO_LSE91_STU02547,TORONTO_LSE91_0086
TORONTO_LSE91_STU02547,TORONTO_LSE91_0143
TORONTO_LSE91_STU02547,TORONTO_LSE91_0155
TORONTO_LSE91_STU02548,TORONTO_LSE91_0004
TORONTO_LSE91_STU02548,TORONTO_LSE91_0005
TORONTO_LSE91_STU02548,TORONTO_LSE91_0289
TORONTO_LSE91_STU02549,TORONTO_LSE91_0084
TORONTO_LSE91_STU02549,TORONTO_LSE91_0087
TORONTO_LSE91_STU02549,TORONTO_LSE91_0191
TORONTO_LSE91_STU02549,TORONTO_LSE91_0206
TORONTO_LSE91_STU02550,TORONTO_LSE91_0028
TORONTO_LSE91_STU02550,TORONTO_LSE91_0032
TORONTO_LSE91_STU02550,TORONTO_LSE91_0192
TORONTO_LSE91_STU02551,TORONTO_LSE91_0011
TORONTO_LSE91_STU02551,TORONTO_LSE91_0371
TORONTO_LSE91_STU02551,TORONTO_LSE91_0380
TORONTO_LSE91_STU02552,TORONTO_LSE91_0076
TORONTO_LSE91_STU02552,TORONTO_LSE91_0087
TORONTO_LSE91_STU02552,TORONTO_LSE91_0244
TORONTO_LSE91_STU02553,TORONTO_LSE91_0301
TORONTO_LSE91_STU02553,TORONTO_LSE91_0341
TORONTO_LSE91_STU02553,TORONTO_LSE91_0351
TORONTO_LSE91_STU02554,TORONTO_LSE91_0028
TORONTO_LSE91_STU02554,TORONTO_LSE91_0041
TORONTO_LSE91_STU02554,TORONTO_LSE91_0054
TORONTO_LSE91_STU02554,TORONTO_LSE91_0206
TORONTO_LSE91_STU02555,TORONTO_LSE91_0221
TORONTO_LSE91_STU02555,TORONTO_LSE91_0223
TORONTO_LSE91_STU02555,TORONTO_LSE91_0226
TORONTO_LSE91_STU02555,TORONTO_LSE91_0241
TORONTO_LSE91_STU02556,TORONTO_LSE91_0310
TORONTO_LSE91_STU02556,TORONTO_LSE91_0311
TORONTO_LSE91_STU02556,TORONTO_LSE91_0312
TORONTO_LSE91_STU02556,TORONTO_LSE91_0316
TORONTO_LSE91_STU02557,TORONTO_LSE91_0310
TORONTO_LSE91_STU02557,TORONTO_LSE91_0311
TORONTO_LSE91_STU02557,TORONTO_LSE91_0312
TORONTO_LSE91_STU02557,TORONTO_LSE91_0318
TORONTO_LSE91_STU02558,TORONTO_LSE91_0010
TORONTO_LSE91_STU02558,TORONTO_LSE91_0011
TORONTO_LSE91_STU02558,TORONTO_LSE91_0017
TORONTO_LSE91_STU02558,TORONTO_LSE91_0019
TORONTO_LSE91_STU02559,TORONTO_LSE91_0021
TORONTO_LSE91_STU02559,TORONTO_LSE91_0077
TORONTO_LSE91_STU02559,TORONTO_LSE91_0201
TORONTO_LSE91_STU02560,TORONTO_LSE91_0031
TORONTO_LSE91_STU02560,TORONTO_LSE91_0039
TORONTO_LSE91_STU02560,TORONTO_LSE91_0206
TORONTO_LSE91_STU02561,TORONTO_LSE91_0058
TORONTO_LSE91_STU02561,TORONTO_LSE91_0202
TORONTO_LSE91_STU02561,TORONTO_LSE91_0206
TORONTO_LSE91_STU02562,TORONTO_LSE91_0001
TORONTO_LSE91_STU02562,TORONTO_LSE91_0004
TORONTO_LSE91_STU02562,TORONTO_LSE91_0064
TORONTO_LSE91_STU02562,TORONTO_LSE91_0191
TORONTO_LSE91_STU02563,TORONTO_LSE91_0221
TORONTO_LSE91_STU02563,TORONTO_LSE91_0229
TORONTO_LSE91_STU02563,TORONTO_LSE91_0243
TORONTO_LSE91_STU02564,TORONTO_LSE91_0221
TORONTO_LSE91_STU02564,TORONTO_LSE91_0229
TORONTO_LSE91_STU02564,TORONTO_LSE91_0243
TORONTO_LSE91_STU02565,TORONTO_LSE91_0001
TORONTO_LSE91_STU02565,TORONTO_LSE91_0004
TORONTO_LSE91_STU02565,TORONTO_LSE91_0064
TORONTO_LSE91_STU02565,TORONTO_LSE91_0191
TORONTO_LSE91_STU02566,TORONTO_LSE91_0053
TORONTO_LSE91_STU02566,TORONTO_LSE91_0123
TORONTO_LSE91_STU02566,TORONTO_LSE91_0131
TORONTO_LSE91_STU02567,TORONTO_LSE91_0001
TORONTO_LSE91_STU02567,TORONTO_LSE91_0004
TORONTO_LSE91_STU02567,TORONTO_LSE91_0064
TORONTO_LSE91_STU02567,TORONTO_LSE91_0191
TORONTO_LSE91_STU02568,TORONTO_LSE91_0001
TORONTO_LSE91_STU02568,TORONTO_LSE91_0004
TORONTO_LSE91_STU02568,TORONTO_LSE91_0007
TORONTO_LSE91_STU02568,TORONTO_LSE91_0324
TORONTO_LSE91_STU02569,TORONTO_LSE91_0085
TORONTO_LSE91_STU02569,TORONTO_LSE91_0205
TORONTO_LSE91_STU02569,TORONTO_LSE91_0206
TORONTO_LSE91_STU02570,TORONTO_LSE91_0221
TORONTO_LSE91_STU02570,TORONTO_LSE91_0226
TORONTO_LSE91_STU02570,TORONTO_LSE91_0243
TORONTO_LSE91_STU02570,TORONTO_LSE91_0248
TORONTO_LSE91_STU02571,TORONTO_LSE91_0221
TORONTO_LSE91_STU02571,TORONTO_LSE91_0223
TORONTO_LSE91_STU02571,TORONTO_LSE91_0226
TORONTO_LSE91_STU02571,TORONTO_LSE91_0241
TORONTO_LSE91_STU02572,TORONTO_LSE91_0117
TORONTO_LSE91_STU02572,TORONTO_LSE91_0123
TORONTO_LSE91_STU02572,TORONTO_LSE91_0131
TORONTO_LSE91_STU02573,TORONTO_LSE91_0220
TORONTO_LSE91_STU02573,TORONTO_LSE91_0221
TORONTO_LSE91_STU02573,TORONTO_LSE91_0222
TORONTO_LSE91_STU02573,TORONTO_LSE91_0223
TORONTO_LSE91_STU02574,TORONTO_LSE91_0028
TORONTO_LSE91_STU02575,TORONTO_LSE91_0268
TORONTO_LSE91_STU02575,TORONTO_LSE91_0270
TORONTO_LSE91_STU02575,TORONTO_LSE91_0271
TORONTO_LSE91_STU02575,TORONTO_LSE91_0350
TORONTO_LSE91_STU02575,TORONTO_LSE91_0351
TORONTO_LSE91_STU02576,TORONTO_LSE91_0002
TORONTO_LSE91_STU02576,TORONTO_LSE91_0028
TORONTO_LSE91_STU02576,TORONTO_LSE91_0030
TORONTO_LSE91_STU02576,TORONTO_LSE91_0059
TORONTO_LSE91_STU02577,TORONTO_LSE91_0337
TORONTO_LSE91_STU02577,TORONTO_LSE91_0368
TORONTO_LSE91_STU02577,TORONTO_LSE91_0378
TORONTO_LSE91_STU02577,TORONTO_LSE91_0379
TORONTO_LSE91_STU02578,TORONTO_LSE91_0008
TORONTO_LSE91_STU02578,TORONTO_LSE91_0289
TORONTO_LSE91_STU02578,TORONTO_LSE91_0290
TORONTO_LSE91_STU02578,TORONTO_LSE91_0291
TORONTO_LSE91_STU02579,TORONTO_LSE91_0268
TORONTO_LSE91_STU02579,TORONTO_LSE91_0271
TORONTO_LSE91_STU02579,TORONTO_LSE91_0278
TORONTO_LSE91_STU02579,TORONTO_LSE91_0279
TORONTO_LSE91_STU02580,TORONTO_LSE91_0027
TORONTO_LSE91_STU02580,TORONTO_LSE91_0072
TORONTO_LSE91_STU02580,TORONTO_LSE91_0075
TORONTO_LSE91_STU02580,TORONTO_LSE91_0080
TORONTO_LSE91_STU02581,TORONTO_LSE91_0001
TORONTO_LSE91_STU02581,TORONTO_LSE91_0023
TORONTO_LSE91_STU02581,TORONTO_LSE91_0336
TORONTO_LSE91_STU02581,TORONTO_LSE91_0350
TORONTO_LSE91_STU02581,TORONTO_LSE91_0351
TORONTO_LSE91_STU02582,TORONTO_LSE91_0023
TORONTO_LSE91_STU02582,TORONTO_LSE91_0320
TORONTO_LSE91_STU02582,TORONTO_LSE91_0336
TORONTO_LSE91_STU02582,TORONTO_LSE91_0350
TORONTO_LSE91_STU02582,TORONTO_LSE91_0351
TORONTO_LSE91_STU02583,TORONTO_LSE91_0024
TORONTO_LSE91_STU02583,TORONTO_LSE91_0320
TORONTO_LSE91_STU02583,TORONTO_LSE91_0336
TORONTO_LSE91_STU02583,TORONTO_LSE91_0348
TORONTO_LSE91_STU02583,TORONTO_LSE91_0351
TORONTO_LSE91_STU02584,TORONTO_LSE91_0001
TORONTO_LSE91_STU02584,TORONTO_LSE91_0021
TORONTO_LSE91_STU02584,TORONTO_LSE91_0335
TORONTO_LSE91_STU02584,TORONTO_LSE91_0350
TORONTO_LSE91_STU02584,TORONTO_LSE91_0351
TORONTO_LSE91_STU02585,TORONTO_LSE91_0001
TORONTO_LSE91_STU02585,TORONTO_LSE91_0023
TORONTO_LSE91_STU02585,TORONTO_LSE91_0054
TORONTO_LSE91_STU02585,TORONTO_LSE91_0336
TORONTO_LSE91_STU02586,TORONTO_LSE91_0025
TORONTO_LSE91_STU02586,TORONTO_LSE91_0028
TORONTO_LSE91_STU02586,TORONTO_LSE91_0031
TORONTO_LSE91_STU02586,TORONTO_LSE91_0335
TORONTO_LSE91_STU02587,TORONTO_LSE91_0026
TORONTO_LSE91_STU02587,TORONTO_LSE91_0028
TORONTO_LSE91_STU02587,TORONTO_LSE91_0030
TORONTO_LSE91_STU02587,TORONTO_LSE91_0031
TORONTO_LSE91_STU02588,TORONTO_LSE91_0026
TORONTO_LSE91_STU02588,TORONTO_LSE91_0028
TORONTO_LSE91_STU02588,TORONTO_LSE91_0032
TORONTO_LSE91_STU02588,TORONTO_LSE91_0041
TORONTO_LSE91_STU02589,TORONTO_LSE91_0350
TORONTO_LSE91_STU02589,TORONTO_LSE91_0351
TORONTO_LSE91_STU02589,TORONTO_LSE91_0352
TORONTO_LSE91_STU02590,TORONTO_LSE91_0368
TORONTO_LSE91_STU02590,TORONTO_LSE91_0369
TORONTO_LSE91_STU02590,TORONTO_LSE91_0381
TORONTO_LSE91_STU02591,TORONTO_LSE91_0207
TORONTO_LSE91_STU02591,TORONTO_LSE91_0208
TORONTO_LSE91_STU02591,TORONTO_LSE91_0210
TORONTO_LSE91_STU02591,TORONTO_LSE91_0219
TORONTO_LSE91_STU02592,TORONTO_LSE91_0004
TORONTO_LSE91_STU02592,TORONTO_LSE91_0323
TORONTO_LSE91_STU02593,TORONTO_LSE91_0001
TORONTO_LSE91_STU02593,TORONTO_LSE91_0004
TORONTO_LSE91_STU02593,TORONTO_LSE91_0005
TORONTO_LSE91_STU02593,TORONTO_LSE91_0028
TORONTO_LSE91_STU02593,TORONTO_LSE91_0191
TORONTO_LSE91_STU02594,TORONTO_LSE91_0350
TORONTO_LSE91_STU02594,TORONTO_LSE91_0351
TORONTO_LSE91_STU02594,TORONTO_LSE91_0352
TORONTO_LSE91_STU02594,TORONTO_LSE91_0363
TORONTO_LSE91_STU02594,TORONTO_LSE91_0364
TORONTO_LSE91_STU02595,TORONTO_LSE91_0048
TORONTO_LSE91_STU02595,TORONTO_LSE91_0049
TORONTO_LSE91_STU02595,TORONTO_LSE91_0323
TORONTO_LSE91_STU02595,TORONTO_LSE91_0339
TORONTO_LSE91_STU02596,TORONTO_LSE91_0001
TORONTO_LSE91_STU02596,TORONTO_LSE91_0196
TORONTO_LSE91_STU02596,TORONTO_LSE91_0197
TORONTO_LSE91_STU02596,TORONTO_LSE91_0212
TORONTO_LSE91_STU02596,TORONTO_LSE91_0229
TORONTO_LSE91_STU02597,TORONTO_LSE91_0001
TORONTO_LSE91_STU02597,TORONTO_LSE91_0004
TORONTO_LSE91_STU02597,TORONTO_LSE91_0021
TORONTO_LSE91_STU02597,TORONTO_LSE91_0063
TORONTO_LSE91_STU02597,TORONTO_LSE91_0211
TORONTO_LSE91_STU02598,TORONTO_LSE91_0001
TORONTO_LSE91_STU02598,TORONTO_LSE91_0004
TORONTO_LSE91_STU02598,TORONTO_LSE91_0191
TORONTO_LSE91_STU02598,TORONTO_LSE91_0229
TORONTO_LSE91_STU02598,TORONTO_LSE91_0350
TORONTO_LSE91_STU02598,TORONTO_LSE91_0351
TORONTO_LSE91_STU02599,TORONTO_LSE91_0349
TORONTO_LSE91_STU02599,TORONTO_LSE91_0352
TORONTO_LSE91_STU02599,TORONTO_LSE91_0353
TORONTO_LSE91_STU02599,TORONTO_LSE91_0354
TORONTO_LSE91_STU02599,TORONTO_LSE91_0356
TORONTO_LSE91_STU02599,TORONTO_LSE91_0363
TORONTO_LSE91_STU02600,TORONTO_LSE91_0026
TORONTO_LSE91_STU02600,TORONTO_LSE91_0028
TORONTO_LSE91_STU02600,TORONTO_LSE91_0032
TORONTO_LSE91_STU02600,TORONTO_LSE91_0336
TORONTO_LSE91_STU02601,TORONTO_LSE91_0348
TORONTO_LSE91_STU02601,TORONTO_LSE91_0350
TORONTO_LSE91_STU02601,TORONTO_LSE91_0351
TORONTO_LSE91_STU02601,TORONTO_LSE91_0352
TORONTO_LSE91_STU02601,TORONTO_LSE91_0354
TORONTO_LSE91_STU02601,TORONTO_LSE91_0363
TORONTO_LSE91_STU02602,TORONTO_LSE91_0207
TORONTO_LSE91_STU02602,TORONTO_LSE91_0208
TORONTO_LSE91_STU02602,TORONTO_LSE91_0216
TORONTO_LSE91_STU02602,TORONTO_LSE91_0219
TORONTO_LSE91_STU02603,TORONTO_LSE91_0116
TORONTO_LSE91_STU02603,TORONTO_LSE91_0190
TORONTO_LSE91_STU02603,TORONTO_LSE91_0191
TORONTO_LSE91_STU02603,TORONTO_LSE91_0196
TORONTO_LSE91_STU02603,TORONTO_LSE91_0210
TORONTO_LSE91_STU02604,TORONTO_LSE91_0001
TORONTO_LSE91_STU02604,TORONTO_LSE91_0191
TORONTO_LSE91_STU02604,TORONTO_LSE91_0196
TORONTO_LSE91_STU02604,TORONTO_LSE91_0197
TORONTO_LSE91_STU02604,TORONTO_LSE91_0229
TORONTO_LSE91_STU02605,TORONTO_LSE91_0001
TORONTO_LSE91_STU02605,TORONTO_LSE91_0191
TORONTO_LSE91_STU02605,TORONTO_LSE91_0196
TORONTO_LSE91_STU02605,TORONTO_LSE91_0211
TORONTO_LSE91_STU02605,TORONTO_LSE91_0229
TORONTO_LSE91_STU02606,TORONTO_LSE91_0001
TORONTO_LSE91_STU02606,TORONTO_LSE91_0191
TORONTO_LSE91_STU02606,TORONTO_LSE91_0196
TORONTO_LSE91_STU02606,TORONTO_LSE91_0197
TORONTO_LSE91_STU02606,TORONTO_LSE91_0350
TORONTO_LSE91_STU02606,TORONTO_LSE91_0351
TORONTO_LSE91_STU02607,TORONTO_LSE91_0002
TORONTO_LSE91_STU02607,TORONTO_LSE91_0003
TORONTO_LSE91_STU02607,TORONTO_LSE91_0004
TORONTO_LSE91_STU02607,TORONTO_LSE91_0005
TORONTO_LSE91_STU02607,TORONTO_LSE91_0191
TORONTO_LSE91_STU02608,TORONTO_LSE91_0207
TORONTO_LSE91_STU02608,TORONTO_LSE91_0208
TORONTO_LSE91_STU02608,TORONTO_LSE91_0219
TORONTO_LSE91_STU02608,TORONTO_LSE91_0242
TORONTO_LSE91_STU02609,TORONTO_LSE91_0368
TORONTO_LSE91_STU02609,TORONTO_LSE91_0369
TORONTO_LSE91_STU02609,TORONTO_LSE91_0381
TORONTO_LSE91_STU02610,TORONTO_LSE91_0292
TORONTO_LSE91_STU02610,TORONTO_LSE91_0297
TORONTO_LSE91_STU02611,TORONTO_LSE91_0047
TORONTO_LSE91_STU02611,TORONTO_LSE91_0048
TORONTO_LSE91_STU02611,TORONTO_LSE91_0050
TORONTO_LSE91_STU02611,TORONTO_LSE91_0323
TORONTO_LSE91_STU02612,TORONTO_LSE91_0207
TORONTO_LSE91_STU02612,TORONTO_LSE91_0208
TORONTO_LSE91_STU02612,TORONTO_LSE91_0212
TORONTO_LSE91_STU02612,TORONTO_LSE91_0219
TORONTO_LSE91_STU02613,TORONTO_LSE91_0207
TORONTO_LSE91_STU02613,TORONTO_LSE91_0208
TORONTO_LSE91_STU02613,TORONTO_LSE91_0218
TORONTO_LSE91_STU02613,TORONTO_LSE91_0219
TORONTO_LSE91_STU02614,TORONTO_LSE91_0026
TORONTO_LSE91_STU02614,TORONTO_LSE91_0028
TORONTO_LSE91_STU02614,TORONTO_LSE91_0031
TORONTO_LSE91_STU02614,TORONTO_LSE91_0335
TORONTO_LSE91_STU02615,TORONTO_LSE91_0207
TORONTO_LSE91_STU02615,TORONTO_LSE91_0209
TORONTO_LSE91_STU02615,TORONTO_LSE91_0210
TORONTO_LSE91_STU02615,TORONTO_LSE91_0219
TORONTO_LSE91_STU02616,TORONTO_LSE91_0026
TORONTO_LSE91_STU02616,TORONTO_LSE91_0028
TORONTO_LSE91_STU02616,TORONTO_LSE91_0039
TORONTO_LSE91_STU02616,TORONTO_LSE91_0336
TORONTO_LSE91_STU02617,TORONTO_LSE91_0206
TORONTO_LSE91_STU02617,TORONTO_LSE91_0207
TORONTO_LSE91_STU02617,TORONTO_LSE91_0209
TORONTO_LSE91_STU02617,TORONTO_LSE91_0219
TORONTO_LSE91_STU02618,TORONTO_LSE91_0001
TORONTO_LSE91_STU02618,TORONTO_LSE91_0191
TORONTO_LSE91_STU02618,TORONTO_LSE91_0196
TORONTO_LSE91_STU02618,TORONTO_LSE91_0197
TORONTO_LSE91_STU02618,TORONTO_LSE91_0350
TORONTO_LSE91_STU02618,TORONTO_LSE91_0351
TORONTO_LSE91_STU02619,TORONTO_LSE91_0001
TORONTO_LSE91_STU02619,TORONTO_LSE91_0191
TORONTO_LSE91_STU02619,TORONTO_LSE91_0196
TORONTO_LSE91_STU02619,TORONTO_LSE91_0352
TORONTO_LSE91_STU02619,TORONTO_LSE91_0361
TORONTO_LSE91_STU02620,TORONTO_LSE91_0029
TORONTO_LSE91_STU02620,TORONTO_LSE91_0031
TORONTO_LSE91_STU02620,TORONTO_LSE91_0046
TORONTO_LSE91_STU02620,TORONTO_LSE91_0320
TORONTO_LSE91_STU02621,TORONTO_LSE91_0025
TORONTO_LSE91_STU02621,TORONTO_LSE91_0028
TORONTO_LSE91_STU02621,TORONTO_LSE91_0039
TORONTO_LSE91_STU02621,TORONTO_LSE91_0335
TORONTO_LSE91_STU02622,TORONTO_LSE91_0026
TORONTO_LSE91_STU02622,TORONTO_LSE91_0029
TORONTO_LSE91_STU02622,TORONTO_LSE91_0030
TORONTO_LSE91_STU02622,TORONTO_LSE91_0041
TORONTO_LSE91_STU02623,TORONTO_LSE91_0190
TORONTO_LSE91_STU02623,TORONTO_LSE91_0194
TORONTO_LSE91_STU02623,TORONTO_LSE91_0196
TORONTO_LSE91_STU02623,TORONTO_LSE91_0197
TORONTO_LSE91_STU02623,TORONTO_LSE91_0229
TORONTO_LSE91_STU02624,TORONTO_LSE91_0026
TORONTO_LSE91_STU02624,TORONTO_LSE91_0029
TORONTO_LSE91_STU02624,TORONTO_LSE91_0041
TORONTO_LSE91_STU02624,TORONTO_LSE91_0046
TORONTO_LSE91_STU02625,TORONTO_LSE91_0026
TORONTO_LSE91_STU02625,TORONTO_LSE91_0028
TORONTO_LSE91_STU02625,TORONTO_LSE91_0030
TORONTO_LSE91_STU02625,TORONTO_LSE91_0031
TORONTO_LSE91_STU02626,TORONTO_LSE91_0026
TORONTO_LSE91_STU02626,TORONTO_LSE91_0029
TORONTO_LSE91_STU02626,TORONTO_LSE91_0030
TORONTO_LSE91_STU02626,TORONTO_LSE91_0041
TORONTO_LSE91_STU02627,TORONTO_LSE91_0001
TORONTO_LSE91_STU02627,TORONTO_LSE91_0191
TORONTO_LSE91_STU02627,TORONTO_LSE91_0196
TORONTO_LSE91_STU02627,TORONTO_LSE91_0197
TORONTO_LSE91_STU02627,TORONTO_LSE91_0229
TORONTO_LSE91_STU02628,TORONTO_LSE91_0210
TORONTO_LSE91_STU02628,TORONTO_LSE91_0219
TORONTO_LSE91_STU02629,TORONTO_LSE91_0191
TORONTO_LSE91_STU02629,TORONTO_LSE91_0195
TORONTO_LSE91_STU02629,TORONTO_LSE91_0196
TORONTO_LSE91_STU02629,TORONTO_LSE91_0197
TORONTO_LSE91_STU02629,TORONTO_LSE91_0211
TORONTO_LSE91_STU02630,TORONTO_LSE91_0207
TORONTO_LSE91_STU02630,TORONTO_LSE91_0209
TORONTO_LSE91_STU02630,TORONTO_LSE91_0210
TORONTO_LSE91_STU02630,TORONTO_LSE91_0219
TORONTO_LSE91_STU02631,TORONTO_LSE91_0209
TORONTO_LSE91_STU02631,TORONTO_LSE91_0219
TORONTO_LSE91_STU02632,TORONTO_LSE91_0001
TORONTO_LSE91_STU02632,TORONTO_LSE91_0004
TORONTO_LSE91_STU02632,TORONTO_LSE91_0021
TORONTO_LSE91_STU02632,TORONTO_LSE91_0025
TORONTO_LSE91_STU02632,TORONTO_LSE91_0350
TORONTO_LSE91_STU02632,TORONTO_LSE91_0351
TORONTO_LSE91_STU02633,TORONTO_LSE91_0001
TORONTO_LSE91_STU02633,TORONTO_LSE91_0004
TORONTO_LSE91_STU02633,TORONTO_LSE91_0026
TORONTO_LSE91_STU02633,TORONTO_LSE91_0028
TORONTO_LSE91_STU02633,TORONTO_LSE91_0335
TORONTO_LSE91_STU02634,TORONTO_LSE91_0026
TORONTO_LSE91_STU02634,TORONTO_LSE91_0029
TORONTO_LSE91_STU02634,TORONTO_LSE91_0030
TORONTO_LSE91_STU02634,TORONTO_LSE91_0031
TORONTO_LSE91_STU02635,TORONTO_LSE91_0207
TORONTO_LSE91_STU02635,TORONTO_LSE91_0209
TORONTO_LSE91_STU02635,TORONTO_LSE91_0210
TORONTO_LSE91_STU02635,TORONTO_LSE91_0219
TORONTO_LSE91_STU02636,TORONTO_LSE91_0207
TORONTO_LSE91_STU02636,TORONTO_LSE91_0210
TORONTO_LSE91_STU02636,TORONTO_LSE91_0211
TORONTO_LSE91_STU02636,TORONTO_LSE91_0219
TORONTO_LSE91_STU02637,TORONTO_LSE91_0207
TORONTO_LSE91_STU02637,TORONTO_LSE91_0208
TORONTO_LSE91_STU02637,TORONTO_LSE91_0213
TORONTO_LSE91_STU02637,TORONTO_LSE91_0219
TORONTO_LSE91_STU02638,TORONTO_LSE91_0348
TORONTO_LSE91_STU02638,TORONTO_LSE91_0352
TORONTO_LSE91_STU02638,TORONTO_LSE91_0354
TORONTO_LSE91_STU02638,TORONTO_LSE91_0363
TORONTO_LSE91_STU02638,TORONTO_LSE91_0364
TORONTO_LSE91_STU02639,TORONTO_LSE91_0026
TORONTO_LSE91_STU02639,TORONTO_LSE91_0028
TORONTO_LSE91_STU02639,TORONTO_LSE91_0042
TORONTO_LSE91_STU02639,TORONTO_LSE91_0336
TORONTO_LSE91_STU02640,TORONTO_LSE91_0001
TORONTO_LSE91_STU02640,TORONTO_LSE91_0004
TORONTO_LSE91_STU02640,TORONTO_LSE91_0005
TORONTO_LSE91_STU02640,TORONTO_LSE91_0335
TORONTO_LSE91_STU02640,TORONTO_LSE91_0350
TORONTO_LSE91_STU02640,TORONTO_LSE91_0351
TORONTO_LSE91_STU02641,TORONTO_LSE91_0029
TORONTO_LSE91_STU02641,TORONTO_LSE91_0030
TORONTO_LSE91_STU02641,TORONTO_LSE91_0031
TORONTO_LSE91_STU02641,TORONTO_LSE91_0320
TORONTO_LSE91_STU02642,TORONTO_LSE91_0026
TORONTO_LSE91_STU02642,TORONTO_LSE91_0028
TORONTO_LSE91_STU02642,TORONTO_LSE91_0030
TORONTO_LSE91_STU02642,TORONTO_LSE91_0032
TORONTO_LSE91_STU02643,TORONTO_LSE91_0026
TORONTO_LSE91_STU02643,TORONTO_LSE91_0029
TORONTO_LSE91_STU02643,TORONTO_LSE91_0030
TORONTO_LSE91_STU02643,TORONTO_LSE91_0031
TORONTO_LSE91_STU02644,TORONTO_LSE91_0026
TORONTO_LSE91_STU02644,TORONTO_LSE91_0029
TORONTO_LSE91_STU02644,TORONTO_LSE91_0030
TORONTO_LSE91_STU02644,TORONTO_LSE91_0031
TORONTO_LSE91_STU02645,TORONTO_LSE91_0026
TORONTO_LSE91_STU02645,TORONTO_LSE91_0028
TORONTO_LSE91_STU02645,TORONTO_LSE91_0030
TORONTO_LSE91_STU02645,TORONTO_LSE91_0033
TORONTO_LSE91_STU02646,TORONTO_LSE91_0026
TORONTO_LSE91_STU02646,TORONTO_LSE91_0028
TORONTO_LSE91_STU02646,TORONTO_LSE91_0030
TORONTO_LSE91_STU02646,TORONTO_LSE91_0031
TORONTO_LSE91_STU02647,TORONTO_LSE91_0352
TORONTO_LSE91_STU02647,TORONTO_LSE91_0359
TORONTO_LSE91_STU02647,TORONTO_LSE91_0363
TORONTO_LSE91_STU02647,TORONTO_LSE91_0364
TORONTO_LSE91_STU02648,TORONTO_LSE91_0026
TORONTO_LSE91_STU02648,TORONTO_LSE91_0028
TORONTO_LSE91_STU02648,TORONTO_LSE91_0030
TORONTO_LSE91_STU02648,TORONTO_LSE91_0041
TORONTO_LSE91_STU02649,TORONTO_LSE91_0026
TORONTO_LSE91_STU02649,TORONTO_LSE91_0028
TORONTO_LSE91_STU02649,TORONTO_LSE91_0033
TORONTO_LSE91_STU02649,TORONTO_LSE91_0336
TORONTO_LSE91_STU02650,TORONTO_LSE91_0029
TORONTO_LSE91_STU02650,TORONTO_LSE91_0047
TORONTO_LSE91_STU02650,TORONTO_LSE91_0052
TORONTO_LSE91_STU02651,TORONTO_LSE91_0029
TORONTO_LSE91_STU02651,TORONTO_LSE91_0045
TORONTO_LSE91_STU02651,TORONTO_LSE91_0048
TORONTO_LSE91_STU02651,TORONTO_LSE91_0323
TORONTO_LSE91_STU02652,TORONTO_LSE91_0352
TORONTO_LSE91_STU02652,TORONTO_LSE91_0354
TORONTO_LSE91_STU02652,TORONTO_LSE91_0356
TORONTO_LSE91_STU02652,TORONTO_LSE91_0359
TORONTO_LSE91_STU02652,TORONTO_LSE91_0363
TORONTO_LSE91_STU02653,TORONTO_LSE91_0168
TORONTO_LSE91_STU02654,TORONTO_LSE91_0001
TORONTO_LSE91_STU02654,TORONTO_LSE91_0004
TORONTO_LSE91_STU02654,TORONTO_LSE91_0021
TORONTO_LSE91_STU02654,TORONTO_LSE91_0190
TORONTO_LSE91_STU02654,TORONTO_LSE91_0229
TORONTO_LSE91_STU02655,TORONTO_LSE91_0207
TORONTO_LSE91_STU02655,TORONTO_LSE91_0208
TORONTO_LSE91_STU02655,TORONTO_LSE91_0209
TORONTO_LSE91_STU02655,TORONTO_LSE91_0219
TORONTO_LSE91_STU02656,TORONTO_LSE91_0026
TORONTO_LSE91_STU02656,TORONTO_LSE91_0028
TORONTO_LSE91_STU02656,TORONTO_LSE91_0030
TORONTO_LSE91_STU02656,TORONTO_LSE91_0127
TORONTO_LSE91_STU02657,TORONTO_LSE91_0001
TORONTO_LSE91_STU02657,TORONTO_LSE91_0191
TORONTO_LSE91_STU02657,TORONTO_LSE91_0196
TORONTO_LSE91_STU02657,TORONTO_LSE91_0210
TORONTO_LSE91_STU02657,TORONTO_LSE91_0348
TORONTO_LSE91_STU02657,TORONTO_LSE91_0351
TORONTO_LSE91_STU02658,TORONTO_LSE91_0001
TORONTO_LSE91_STU02658,TORONTO_LSE91_0004
TORONTO_LSE91_STU02658,TORONTO_LSE91_0006
TORONTO_LSE91_STU02658,TORONTO_LSE91_0021
TORONTO_LSE91_STU02658,TORONTO_LSE91_0063
TORONTO_LSE91_STU02659,TORONTO_LSE91_0026
TORONTO_LSE91_STU02659,TORONTO_LSE91_0028
TORONTO_LSE91_STU02659,TORONTO_LSE91_0030
TORONTO_LSE91_STU02659,TORONTO_LSE91_0053
TORONTO_LSE91_STU02660,TORONTO_LSE91_0026
TORONTO_LSE91_STU02660,TORONTO_LSE91_0030
TORONTO_LSE91_STU02660,TORONTO_LSE91_0037
TORONTO_LSE91_STU02660,TORONTO_LSE91_0041
TORONTO_LSE91_STU02661,TORONTO_LSE91_0025
TORONTO_LSE91_STU02661,TORONTO_LSE91_0028
TORONTO_LSE91_STU02661,TORONTO_LSE91_0042
TORONTO_LSE91_STU02661,TORONTO_LSE91_0335
TORONTO_LSE91_STU02662,TORONTO_LSE91_0001
TORONTO_LSE91_STU02662,TORONTO_LSE91_0196
TORONTO_LSE91_STU02662,TORONTO_LSE91_0197
TORONTO_LSE91_STU02663,TORONTO_LSE91_0029
TORONTO_LSE91_STU02663,TORONTO_LSE91_0047
TORONTO_LSE91_STU02663,TORONTO_LSE91_0051
TORONTO_LSE91_STU02663,TORONTO_LSE91_0052
TORONTO_LSE91_STU02664,TORONTO_LSE91_0026
TORONTO_LSE91_STU02664,TORONTO_LSE91_0028
TORONTO_LSE91_STU02664,TORONTO_LSE91_0030
TORONTO_LSE91_STU02664,TORONTO_LSE91_0031
TORONTO_LSE91_STU02665,TORONTO_LSE91_0207
TORONTO_LSE91_STU02665,TORONTO_LSE91_0209
TORONTO_LSE91_STU02665,TORONTO_LSE91_0211
TORONTO_LSE91_STU02665,TORONTO_LSE91_0219
TORONTO_LSE91_STU02666,TORONTO_LSE91_0199
TORONTO_LSE91_STU02667,TORONTO_LSE91_0001
TORONTO_LSE91_STU02667,TORONTO_LSE91_0004
TORONTO_LSE91_STU02667,TORONTO_LSE91_0021
TORONTO_LSE91_STU02667,TORONTO_LSE91_0030
TORONTO_LSE91_STU02667,TORONTO_LSE91_0361
TORONTO_LSE91_STU02668,TORONTO_LSE91_0026
TORONTO_LSE91_STU02668,TORONTO_LSE91_0029
TORONTO_LSE91_STU02669,TORONTO_LSE91_0208
TORONTO_LSE91_STU02669,TORONTO_LSE91_0209
TORONTO_LSE91_STU02669,TORONTO_LSE91_0215
TORONTO_LSE91_STU02669,TORONTO_LSE91_0219
TORONTO_LSE91_STU02670,TORONTO_LSE91_0026
TORONTO_LSE91_STU02670,TORONTO_LSE91_0029
TORONTO_LSE91_STU02670,TORONTO_LSE91_0030
TORONTO_LSE91_STU02670,TORONTO_LSE91_0041
TORONTO_LSE91_STU02671,TORONTO_LSE91_0191
TORONTO_LSE91_STU02671,TORONTO_LSE91_0195
TORONTO_LSE91_STU02671,TORONTO_LSE91_0196
TORONTO_LSE91_STU02671,TORONTO_LSE91_0197
TORONTO_LSE91_STU02671,TORONTO_LSE91_0211
TORONTO_LSE91_STU02672,TORONTO_LSE91_0001
TORONTO_LSE91_STU02672,TORONTO_LSE91_0004
TORONTO_LSE91_STU02672,TORONTO_LSE91_0196
TORONTO_LSE91_STU02672,TORONTO_LSE91_0197
TORONTO_LSE91_STU02672,TORONTO_LSE91_0350
TORONTO_LSE91_STU02672,TORONTO_LSE91_0351
TORONTO_LSE91_STU02673,TORONTO_LSE91_0026
TORONTO_LSE91_STU02673,TORONTO_LSE91_0028
TORONTO_LSE91_STU02673,TORONTO_LSE91_0030
TORONTO_LSE91_STU02673,TORONTO_LSE91_0039
TORONTO_LSE91_STU02674,TORONTO_LSE91_0001
TORONTO_LSE91_STU02674,TORONTO_LSE91_0004
TORONTO_LSE91_STU02674,TORONTO_LSE91_0040
TORONTO_LSE91_STU02674,TORONTO_LSE91_0211
TORONTO_LSE91_STU02674,TORONTO_LSE91_0335
TORONTO_LSE91_STU02675,TORONTO_LSE91_0001
TORONTO_LSE91_STU02675,TORONTO_LSE91_0032
TORONTO_LSE91_STU02675,TORONTO_LSE91_0191
TORONTO_LSE91_STU02675,TORONTO_LSE91_0196
TORONTO_LSE91_STU02675,TORONTO_LSE91_0350
TORONTO_LSE91_STU02675,TORONTO_LSE91_0351
TORONTO_LSE91_STU02676,TORONTO_LSE91_0208
TORONTO_LSE91_STU02676,TORONTO_LSE91_0210
TORONTO_LSE91_STU02676,TORONTO_LSE91_0217
TORONTO_LSE91_STU02676,TORONTO_LSE91_0219
TORONTO_LSE91_STU02677,TORONTO_LSE91_0001
TORONTO_LSE91_STU02677,TORONTO_LSE91_0196
TORONTO_LSE91_STU02677,TORONTO_LSE91_0197
TORONTO_LSE91_STU02677,TORONTO_LSE91_0212
TORONTO_LSE91_STU02677,TORONTO_LSE91_0350
TORONTO_LSE91_STU02677,TORONTO_LSE91_0351
TORONTO_LSE91_STU02678,TORONTO_LSE91_0001
TORONTO_LSE91_STU02678,TORONTO_LSE91_0004
TORONTO_LSE91_STU02678,TORONTO_LSE91_0007
TORONTO_LSE91_STU02678,TORONTO_LSE91_0040
TORONTO_LSE91_STU02678,TORONTO_LSE91_0063
TORONTO_LSE91_STU02679,TORONTO_LSE91_0026
TORONTO_LSE91_STU02679,TORONTO_LSE91_0028
TORONTO_LSE91_STU02679,TORONTO_LSE91_0030
TORONTO_LSE91_STU02679,TORONTO_LSE91_0031
TORONTO_LSE91_STU02680,TORONTO_LSE91_0026
TORONTO_LSE91_STU02680,TORONTO_LSE91_0028
TORONTO_LSE91_STU02680,TORONTO_LSE91_0030
TORONTO_LSE91_STU02680,TORONTO_LSE91_0031
TORONTO_LSE91_STU02681,TORONTO_LSE91_0087
TORONTO_LSE91_STU02681,TORONTO_LSE91_0191
TORONTO_LSE91_STU02681,TORONTO_LSE91_0195
TORONTO_LSE91_STU02681,TORONTO_LSE91_0196
TORONTO_LSE91_STU02681,TORONTO_LSE91_0211
TORONTO_LSE91_STU02682,TORONTO_LSE91_0032
TORONTO_LSE91_STU02682,TORONTO_LSE91_0063
TORONTO_LSE91_STU02682,TORONTO_LSE91_0191
TORONTO_LSE91_STU02682,TORONTO_LSE91_0196
TORONTO_LSE91_STU02682,TORONTO_LSE91_0229
TORONTO_LSE91_STU02683,TORONTO_LSE91_0026
TORONTO_LSE91_STU02683,TORONTO_LSE91_0028
TORONTO_LSE91_STU02683,TORONTO_LSE91_0030
TORONTO_LSE91_STU02683,TORONTO_LSE91_0041
TORONTO_LSE91_STU02684,TORONTO_LSE91_0029
TORONTO_LSE91_STU02684,TORONTO_LSE91_0030
TORONTO_LSE91_STU02684,TORONTO_LSE91_0032
TORONTO_LSE91_STU02684,TORONTO_LSE91_0320
TORONTO_LSE91_STU02685,TORONTO_LSE91_0001
TORONTO_LSE91_STU02685,TORONTO_LSE91_0191
TORONTO_LSE91_STU02685,TORONTO_LSE91_0196
TORONTO_LSE91_STU02685,TORONTO_LSE91_0197
TORONTO_LSE91_STU02685,TORONTO_LSE91_0229
TORONTO_LSE91_STU02686,TORONTO_LSE91_0001
TORONTO_LSE91_STU02686,TORONTO_LSE91_0190
TORONTO_LSE91_STU02686,TORONTO_LSE91_0191
TORONTO_LSE91_STU02686,TORONTO_LSE91_0196
TORONTO_LSE91_STU02686,TORONTO_LSE91_0229
TORONTO_LSE91_STU02687,TORONTO_LSE91_0207
TORONTO_LSE91_STU02687,TORONTO_LSE91_0209
TORONTO_LSE91_STU02687,TORONTO_LSE91_0214
TORONTO_LSE91_STU02687,TORONTO_LSE91_0219
TORONTO_LSE91_STU02688,TORONTO_LSE91_0001
TORONTO_LSE91_STU02688,TORONTO_LSE91_0196
TORONTO_LSE91_STU02688,TORONTO_LSE91_0211
TORONTO_LSE91_STU02688,TORONTO_LSE91_0229
TORONTO_LSE91_STU02688,TORONTO_LSE91_0350
TORONTO_LSE91_STU02688,TORONTO_LSE91_0351
TORONTO_LSE91_STU02689,TORONTO_LSE91_0195
TORONTO_LSE91_STU02689,TORONTO_LSE91_0196
TORONTO_LSE91_STU02689,TORONTO_LSE91_0197
TORONTO_LSE91_STU02689,TORONTO_LSE91_0211
TORONTO_LSE91_STU02689,TORONTO_LSE91_0341
TORONTO_LSE91_STU02690,TORONTO_LSE91_0206
TORONTO_LSE91_STU02690,TORONTO_LSE91_0207
TORONTO_LSE91_STU02690,TORONTO_LSE91_0210
TORONTO_LSE91_STU02690,TORONTO_LSE91_0219
TORONTO_LSE91_STU02691,TORONTO_LSE91_0002
TORONTO_LSE91_STU02691,TORONTO_LSE91_0003
TORONTO_LSE91_STU02691,TORONTO_LSE91_0004
TORONTO_LSE91_STU02691,TORONTO_LSE91_0026
TORONTO_LSE91_STU02691,TORONTO_LSE91_0349
TORONTO_LSE91_STU02691,TORONTO_LSE91_0351
TORONTO_LSE91_STU02692,TORONTO_LSE91_0001
TORONTO_LSE91_STU02692,TORONTO_LSE91_0002
TORONTO_LSE91_STU02692,TORONTO_LSE91_0026
TORONTO_LSE91_STU02692,TORONTO_LSE91_0191
TORONTO_LSE91_STU02692,TORONTO_LSE91_0229
TORONTO_LSE91_STU02693,TORONTO_LSE91_0002
TORONTO_LSE91_STU02693,TORONTO_LSE91_0003
TORONTO_LSE91_STU02693,TORONTO_LSE91_0004
TORONTO_LSE91_STU02693,TORONTO_LSE91_0005
TORONTO_LSE91_STU02693,TORONTO_LSE91_0229
TORONTO_LSE91_STU02694,TORONTO_LSE91_0002
TORONTO_LSE91_STU02694,TORONTO_LSE91_0003
TORONTO_LSE91_STU02694,TORONTO_LSE91_0004
TORONTO_LSE91_STU02694,TORONTO_LSE91_0026
TORONTO_LSE91_STU02694,TORONTO_LSE91_0211
TORONTO_LSE91_STU02695,TORONTO_LSE91_0003
TORONTO_LSE91_STU02695,TORONTO_LSE91_0004
TORONTO_LSE91_STU02695,TORONTO_LSE91_0026
TORONTO_LSE91_STU02695,TORONTO_LSE91_0191
TORONTO_LSE91_STU02695,TORONTO_LSE91_0211
TORONTO_LSE91_STU02696,TORONTO_LSE91_0002
TORONTO_LSE91_STU02696,TORONTO_LSE91_0003
TORONTO_LSE91_STU02696,TORONTO_LSE91_0004
TORONTO_LSE91_STU02696,TORONTO_LSE91_0005
TORONTO_LSE91_STU02696,TORONTO_LSE91_0229
TORONTO_LSE91_STU02697,TORONTO_LSE91_0292
TORONTO_LSE91_STU02697,TORONTO_LSE91_0297
TORONTO_LSE91_STU02698,TORONTO_LSE91_0207
TORONTO_LSE91_STU02698,TORONTO_LSE91_0208
TORONTO_LSE91_STU02698,TORONTO_LSE91_0216
TORONTO_LSE91_STU02698,TORONTO_LSE91_0219
TORONTO_LSE91_STU02699,TORONTO_LSE91_0025
TORONTO_LSE91_STU02699,TORONTO_LSE91_0028
TORONTO_LSE91_STU02699,TORONTO_LSE91_0034
TORONTO_LSE91_STU02699,TORONTO_LSE91_0335
TORONTO_LSE91_STU02700,TORONTO_LSE91_0026
TORONTO_LSE91_STU02700,TORONTO_LSE91_0028
TORONTO_LSE91_STU02700,TORONTO_LSE91_0030
TORONTO_LSE91_STU02700,TORONTO_LSE91_0039
TORONTO_LSE91_STU02701,TORONTO_LSE91_0001
TORONTO_LSE91_STU02701,TORONTO_LSE91_0002
TORONTO_LSE91_STU02701,TORONTO_LSE91_0053
TORONTO_LSE91_STU02701,TORONTO_LSE91_0191
TORONTO_LSE91_STU02701,TORONTO_LSE91_0350
TORONTO_LSE91_STU02701,TORONTO_LSE91_0351
TORONTO_LSE91_STU02702,TORONTO_LSE91_0001
TORONTO_LSE91_STU02702,TORONTO_LSE91_0004
TORONTO_LSE91_STU02702,TORONTO_LSE91_0021
TORONTO_LSE91_STU02702,TORONTO_LSE91_0025
TORONTO_LSE91_STU02702,TORONTO_LSE91_0191
TORONTO_LSE91_STU02703,TORONTO_LSE91_0001
TORONTO_LSE91_STU02703,TORONTO_LSE91_0191
TORONTO_LSE91_STU02703,TORONTO_LSE91_0196
TORONTO_LSE91_STU02703,TORONTO_LSE91_0197
TORONTO_LSE91_STU02703,TORONTO_LSE91_0229
TORONTO_LSE91_STU02704,TORONTO_LSE91_0002
TORONTO_LSE91_STU02704,TORONTO_LSE91_0003
TORONTO_LSE91_STU02704,TORONTO_LSE91_0004
TORONTO_LSE91_STU02704,TORONTO_LSE91_0026
TORONTO_LSE91_STU02704,TORONTO_LSE91_0211
TORONTO_LSE91_STU02705,TORONTO_LSE91_0001
TORONTO_LSE91_STU02705,TORONTO_LSE91_0002
TORONTO_LSE91_STU02705,TORONTO_LSE91_0004
TORONTO_LSE91_STU02705,TORONTO_LSE91_0005
TORONTO_LSE91_STU02705,TORONTO_LSE91_0191
TORONTO_LSE91_STU02706,TORONTO_LSE91_0320
TORONTO_LSE91_STU02706,TORONTO_LSE91_0339
TORONTO_LSE91_STU02707,TORONTO_LSE91_0029
TORONTO_LSE91_STU02707,TORONTO_LSE91_0031
TORONTO_LSE91_STU02707,TORONTO_LSE91_0046
TORONTO_LSE91_STU02707,TORONTO_LSE91_0320
TORONTO_LSE91_STU02708,TORONTO_LSE91_0001
TORONTO_LSE91_STU02708,TORONTO_LSE91_0191
TORONTO_LSE91_STU02708,TORONTO_LSE91_0196
TORONTO_LSE91_STU02708,TORONTO_LSE91_0257
TORONTO_LSE91_STU02708,TORONTO_LSE91_0350
TORONTO_LSE91_STU02708,TORONTO_LSE91_0351
TORONTO_LSE91_STU02709,TORONTO_LSE91_0029
TORONTO_LSE91_STU02709,TORONTO_LSE91_0031
TORONTO_LSE91_STU02709,TORONTO_LSE91_0033
TORONTO_LSE91_STU02709,TORONTO_LSE91_0336
TORONTO_LSE91_STU02710,TORONTO_LSE91_0348
TORONTO_LSE91_STU02710,TORONTO_LSE91_0351
TORONTO_LSE91_STU02711,TORONTO_LSE91_0025
TORONTO_LSE91_STU02711,TORONTO_LSE91_0028
TORONTO_LSE91_STU02711,TORONTO_LSE91_0030
TORONTO_LSE91_STU02711,TORONTO_LSE91_0031
TORONTO_LSE91_STU02712,TORONTO_LSE91_0001
TORONTO_LSE91_STU02712,TORONTO_LSE91_0196
TORONTO_LSE91_STU02712,TORONTO_LSE91_0197
TORONTO_LSE91_STU02712,TORONTO_LSE91_0335
TORONTO_LSE91_STU02712,TORONTO_LSE91_0348
TORONTO_LSE91_STU02712,TORONTO_LSE91_0351
TORONTO_LSE91_STU02713,TORONTO_LSE91_0191
TORONTO_LSE91_STU02713,TORONTO_LSE91_0196
TORONTO_LSE91_STU02713,TORONTO_LSE91_0197
TORONTO_LSE91_STU02713,TORONTO_LSE91_0229
TORONTO_LSE91_STU02713,TORONTO_LSE91_0350
TORONTO_LSE91_STU02713,TORONTO_LSE91_0351
TORONTO_LSE91_STU02714,TORONTO_LSE91_0001
TORONTO_LSE91_STU02714,TORONTO_LSE91_0004
TORONTO_LSE91_STU02714,TORONTO_LSE91_0063
TORONTO_LSE91_STU02714,TORONTO_LSE91_0211
TORONTO_LSE91_STU02714,TORONTO_LSE91_0350
TORONTO_LSE91_STU02714,TORONTO_LSE91_0351
TORONTO_LSE91_STU02715,TORONTO_LSE91_0001
TORONTO_LSE91_STU02715,TORONTO_LSE91_0004
TORONTO_LSE91_STU02715,TORONTO_LSE91_0026
TORONTO_LSE91_STU02715,TORONTO_LSE91_0028
TORONTO_LSE91_STU02715,TORONTO_LSE91_0335
TORONTO_LSE91_STU02716,TORONTO_LSE91_0026
TORONTO_LSE91_STU02716,TORONTO_LSE91_0030
TORONTO_LSE91_STU02716,TORONTO_LSE91_0033
TORONTO_LSE91_STU02716,TORONTO_LSE91_0037
TORONTO_LSE91_STU02717,TORONTO_LSE91_0001
TORONTO_LSE91_STU02717,TORONTO_LSE91_0060
TORONTO_LSE91_STU02717,TORONTO_LSE91_0196
TORONTO_LSE91_STU02717,TORONTO_LSE91_0229
TORONTO_LSE91_STU02717,TORONTO_LSE91_0350
TORONTO_LSE91_STU02717,TORONTO_LSE91_0351
TORONTO_LSE91_STU02718,TORONTO_LSE91_0348
TORONTO_LSE91_STU02718,TORONTO_LSE91_0351
TORONTO_LSE91_STU02718,TORONTO_LSE91_0352
TORONTO_LSE91_STU02718,TORONTO_LSE91_0363
TORONTO_LSE91_STU02718,TORONTO_LSE91_0364
TORONTO_LSE91_STU02719,TORONTO_LSE91_0026
TORONTO_LSE91_STU02719,TORONTO_LSE91_0029
TORONTO_LSE91_STU02719,TORONTO_LSE91_0039
TORONTO_LSE91_STU02719,TORONTO_LSE91_0046
TORONTO_LSE91_STU02720,TORONTO_LSE91_0191
TORONTO_LSE91_STU02720,TORONTO_LSE91_0196
TORONTO_LSE91_STU02720,TORONTO_LSE91_0197
TORONTO_LSE91_STU02720,TORONTO_LSE91_0211
TORONTO_LSE91_STU02720,TORONTO_LSE91_0350
TORONTO_LSE91_STU02720,TORONTO_LSE91_0351
TORONTO_LSE91_STU02721,TORONTO_LSE91_0026
TORONTO_LSE91_STU02721,TORONTO_LSE91_0028
TORONTO_LSE91_STU02721,TORONTO_LSE91_0030
TORONTO_LSE91_STU02721,TORONTO_LSE91_0039
TORONTO_LSE91_STU02722,TORONTO_LSE91_0004
TORONTO_LSE91_STU02722,TORONTO_LSE91_0026
TORONTO_LSE91_STU02722,TORONTO_LSE91_0028
TORONTO_LSE91_STU02722,TORONTO_LSE91_0336
TORONTO_LSE91_STU02723,TORONTO_LSE91_0025
TORONTO_LSE91_STU02723,TORONTO_LSE91_0028
TORONTO_LSE91_STU02723,TORONTO_LSE91_0041
TORONTO_LSE91_STU02723,TORONTO_LSE91_0335
TORONTO_LSE91_STU02724,TORONTO_LSE91_0001
TORONTO_LSE91_STU02724,TORONTO_LSE91_0191
TORONTO_LSE91_STU02724,TORONTO_LSE91_0196
TORONTO_LSE91_STU02724,TORONTO_LSE91_0264
TORONTO_LSE91_STU02724,TORONTO_LSE91_0350
TORONTO_LSE91_STU02724,TORONTO_LSE91_0351
TORONTO_LSE91_STU02725,TORONTO_LSE91_0350
TORONTO_LSE91_STU02725,TORONTO_LSE91_0351
TORONTO_LSE91_STU02725,TORONTO_LSE91_0352
TORONTO_LSE91_STU02726,TORONTO_LSE91_0001
TORONTO_LSE91_STU02726,TORONTO_LSE91_0196
TORONTO_LSE91_STU02726,TORONTO_LSE91_0211
TORONTO_LSE91_STU02726,TORONTO_LSE91_0341
TORONTO_LSE91_STU02726,TORONTO_LSE91_0350
TORONTO_LSE91_STU02726,TORONTO_LSE91_0351
