student code,exam code
TORONTO_YOR83_STU00001,TORONTO_YOR83_0031
TORONTO_YOR83_STU00001,TORONTO_YOR83_0059
TORONTO_YOR83_STU00001,TORONTO_YOR83_0091
TORONTO_YOR83_STU00001,TORONTO_YOR83_0110
TORONTO_YOR83_STU00001,TORONTO_YOR83_0133
TORONTO_YOR83_STU00001,TORONTO_YOR83_0153
TORONTO_YOR83_STU00001,TORONTO_YOR83_0166
TORONTO_YOR83_STU00001,TORONTO_YOR83_0174
TORONTO_YOR83_STU00002,TORONTO_YOR83_0007
TORONTO_YOR83_STU00002,TORONTO_YOR83_0024
TORONTO_YOR83_STU00002,TORONTO_YOR83_0031
TORONTO_YOR83_STU00002,TORONTO_YOR83_0060
TORONTO_YOR83_STU00002,TORONTO_YOR83_0079
TORONTO_YOR83_STU00002,TORONTO_YOR83_0110
TORONTO_YOR83_STU00002,TORONTO_YOR83_0130
TORONTO_YOR83_STU00002,TORONTO_YOR83_0152
TORONTO_YOR83_STU00003,TORONTO_YOR83_0006
TORONTO_YOR83_STU00003,TORONTO_YOR83_0031
TORONTO_YOR83_STU00003,TORONTO_YOR83_0072
TORONTO_YOR83_STU00003,TORONTO_YOR83_0109
TORONTO_YOR83_STU00003,TORONTO_YOR83_0131
TORONTO_YOR83_STU00003,TORONTO_YOR83_0153
TORONTO_YOR83_STU00003,TORONTO_YOR83_0160
TORONTO_YOR83_STU00003,TORONTO_YOR83_0174
TORONTO_YOR83_STU00004,TORONTO_YOR83_0024
TORONTO_YOR83_STU00004,TORONTO_YOR83_0031
TORONTO_YOR83_STU00004,TORONTO_YOR83_0060
TORONTO_YOR83_STU00004,TORONTO_YOR83_0081
TORONTO_YOR83_STU00004,TORONTO_YOR83_0094
TORONTO_YOR83_STU00004,TORONTO_YOR83_0109
TORONTO_YOR83_STU00004,TORONTO_YOR83_0130
TORONTO_YOR83_STU00004,TORONTO_YOR83_0153
TORONTO_YOR83_STU00005,TORONTO_YOR83_0031
TORONTO_YOR83_STU00005,TORONTO_YOR83_0072
TORONTO_YOR83_STU00005,TORONTO_YOR83_0079
TORONTO_YOR83_STU00005,TORONTO_YOR83_0109
TORONTO_YOR83_STU00005,TORONTO_YOR83_0121
TORONTO_YOR83_STU00005,TORONTO_YOR83_0130
TORONTO_YOR83_STU00005,TORONTO_YOR83_0154
TORONTO_YOR83_STU00005,TORONTO_YOR83_0173
TORONTO_YOR83_STU00006,TORONTO_YOR83_0031
TORONTO_YOR83_STU00006,TORONTO_YOR83_0059
TORONTO_YOR83_STU00006,TORONTO_YOR83_0079
TORONTO_YOR83_STU00006,TORONTO_YOR83_0110
TORONTO_YOR83_STU00006,TORONTO_YOR83_0121
TORONTO_YOR83_STU00006,TORONTO_YOR83_0133
TORONTO_YOR83_STU00006,TORONTO_YOR83_0153
TORONTO_YOR83_STU00006,TORONTO_YOR83_0159
TORONTO_YOR83_STU00007,TORONTO_YOR83_0031
TORONTO_YOR83_STU00007,TORONTO_YOR83_0071
TORONTO_YOR83_STU00007,TORONTO_YOR83_0081
TORONTO_YOR83_STU00007,TORONTO_YOR83_0094
TORONTO_YOR83_STU00007,TORONTO_YOR83_0111
TORONTO_YOR83_STU00007,TORONTO_YOR83_0130
TORONTO_YOR83_STU00007,TORONTO_YOR83_0154
TORONTO_YOR83_STU00007,TORONTO_YOR83_0173
TORONTO_YOR83_STU00008,TORONTO_YOR83_0025
TORONTO_YOR83_STU00008,TORONTO_YOR83_0031
TORONTO_YOR83_STU00008,TORONTO_YOR83_0058
TORONTO_YOR83_STU00008,TORONTO_YOR83_0079
TORONTO_YOR83_STU00008,TORONTO_YOR83_0107
TORONTO_YOR83_STU00008,TORONTO_YOR83_0130
TORONTO_YOR83_STU00008,TORONTO_YOR83_0152
TORONTO_YOR83_STU00008,TORONTO_YOR83_0160
TORONTO_YOR83_STU00009,TORONTO_YOR83_0006
TORONTO_YOR83_STU00009,TORONTO_YOR83_0025
TORONTO_YOR83_STU00009,TORONTO_YOR83_0031
TORONTO_YOR83_STU00009,TORONTO_YOR83_0059
TORONTO_YOR83_STU00009,TORONTO_YOR83_0110
TORONTO_YOR83_STU00009,TORONTO_YOR83_0130
TORONTO_YOR83_STU00009,TORONTO_YOR83_0153
TORONTO_YOR83_STU00009,TORONTO_YOR83_0160
TORONTO_YOR83_STU00010,TORONTO_YOR83_0006
TORONTO_YOR83_STU00010,TORONTO_YOR83_0031
TORONTO_YOR83_STU00010,TORONTO_YOR83_0060
TORONTO_YOR83_STU00010,TORONTO_YOR83_0081
TORONTO_YOR83_STU00010,TORONTO_YOR83_0111
TORONTO_YOR83_STU00010,TORONTO_YOR83_0131
TORONTO_YOR83_STU00010,TORONTO_YOR83_0154
TORONTO_YOR83_STU00010,TORONTO_YOR83_0166
TORONTO_YOR83_STU00011,TORONTO_YOR83_0006
TORONTO_YOR83_STU00011,TORONTO_YOR83_0030
TORONTO_YOR83_STU00011,TORONTO_YOR83_0060
TORONTO_YOR83_STU00011,TORONTO_YOR83_0110
TORONTO_YOR83_STU00011,TORONTO_YOR83_0131
TORONTO_YOR83_STU00011,TORONTO_YOR83_0154
TORONTO_YOR83_STU00011,TORONTO_YOR83_0160
TORONTO_YOR83_STU00011,TORONTO_YOR83_0166
TORONTO_YOR83_STU00012,TORONTO_YOR83_0030
TORONTO_YOR83_STU00012,TORONTO_YOR83_0072
TORONTO_YOR83_STU00012,TORONTO_YOR83_0080
TORONTO_YOR83_STU00012,TORONTO_YOR83_0109
TORONTO_YOR83_STU00012,TORONTO_YOR83_0130
TORONTO_YOR83_STU00012,TORONTO_YOR83_0154
TORONTO_YOR83_STU00012,TORONTO_YOR83_0160
TORONTO_YOR83_STU00012,TORONTO_YOR83_0173
TORONTO_YOR83_STU00013,TORONTO_YOR83_0007
TORONTO_YOR83_STU00013,TORONTO_YOR83_0031
TORONTO_YOR83_STU00013,TORONTO_YOR83_0059
TORONTO_YOR83_STU00013,TORONTO_YOR83_0080
TORONTO_YOR83_STU00013,TORONTO_YOR83_0109
TORONTO_YOR83_STU00013,TORONTO_YOR83_0133
TORONTO_YOR83_STU00013,TORONTO_YOR83_0153
TORONTO_YOR83_STU00013,TORONTO_YOR83_0173
TORONTO_YOR83_STU00014,TORONTO_YOR83_0031
TORONTO_YOR83_STU00014,TORONTO_YOR83_0071
TORONTO_YOR83_STU00014,TORONTO_YOR83_0081
TORONTO_YOR83_STU00014,TORONTO_YOR83_0094
TORONTO_YOR83_STU00014,TORONTO_YOR83_0111
TORONTO_YOR83_STU00014,TORONTO_YOR83_0130
TORONTO_YOR83_STU00014,TORONTO_YOR83_0153
TORONTO_YOR83_STU00014,TORONTO_YOR83_0174
TORONTO_YOR83_STU00015,TORONTO_YOR83_0031
TORONTO_YOR83_STU00015,TORONTO_YOR83_0059
TORONTO_YOR83_STU00015,TORONTO_YOR83_0080
TORONTO_YOR83_STU00015,TORONTO_YOR83_0110
TORONTO_YOR83_STU00015,TORONTO_YOR83_0133
TORONTO_YOR83_STU00015,TORONTO_YOR83_0153
TORONTO_YOR83_STU00015,TORONTO_YOR83_0166
TORONTO_YOR83_STU00015,TORONTO_YOR83_0173
TORONTO_YOR83_STU00016,TORONTO_YOR83_0031
TORONTO_YOR83_STU00016,TORONTO_YOR83_0059
TORONTO_YOR83_STU00016,TORONTO_YOR83_0079
TORONTO_YOR83_STU00016,TORONTO_YOR83_0110
TORONTO_YOR83_STU00016,TORONTO_YOR83_0121
TORONTO_YOR83_STU00016,TORONTO_YOR83_0133
TORONTO_YOR83_STU00016,TORONTO_YOR83_0153
TORONTO_YOR83_STU00016,TORONTO_YOR83_0166
TORONTO_YOR83_STU00017,TORONTO_YOR83_0027
TORONTO_YOR83_STU00017,TORONTO_YOR83_0031
TORONTO_YOR83_STU00017,TORONTO_YOR83_0072
TORONTO_YOR83_STU00017,TORONTO_YOR83_0079
TORONTO_YOR83_STU00017,TORONTO_YOR83_0111
TORONTO_YOR83_STU00017,TORONTO_YOR83_0121
TORONTO_YOR83_STU00017,TORONTO_YOR83_0131
TORONTO_YOR83_STU00017,TORONTO_YOR83_0153
TORONTO_YOR83_STU00018,TORONTO_YOR83_0006
TORONTO_YOR83_STU00018,TORONTO_YOR83_0031
TORONTO_YOR83_STU00018,TORONTO_YOR83_0072
TORONTO_YOR83_STU00018,TORONTO_YOR83_0079
TORONTO_YOR83_STU00018,TORONTO_YOR83_0109
TORONTO_YOR83_STU00018,TORONTO_YOR83_0130
TORONTO_YOR83_STU00018,TORONTO_YOR83_0154
TORONTO_YOR83_STU00018,TORONTO_YOR83_0160
TORONTO_YOR83_STU00019,TORONTO_YOR83_0007
TORONTO_YOR83_STU00019,TORONTO_YOR83_0024
TORONTO_YOR83_STU00019,TORONTO_YOR83_0031
TORONTO_YOR83_STU00019,TORONTO_YOR83_0071
TORONTO_YOR83_STU00019,TORONTO_YOR83_0080
TORONTO_YOR83_STU00019,TORONTO_YOR83_0110
TORONTO_YOR83_STU00019,TORONTO_YOR83_0130
TORONTO_YOR83_STU00019,TORONTO_YOR83_0153
TORONTO_YOR83_STU00020,TORONTO_YOR83_0031
TORONTO_YOR83_STU00020,TORONTO_YOR83_0071
TORONTO_YOR83_STU00020,TORONTO_YOR83_0081
TORONTO_YOR83_STU00020,TORONTO_YOR83_0111
TORONTO_YOR83_STU00020,TORONTO_YOR83_0121
TORONTO_YOR83_STU00020,TORONTO_YOR83_0130
TORONTO_YOR83_STU00020,TORONTO_YOR83_0154
TORONTO_YOR83_STU00020,TORONTO_YOR83_0159
TORONTO_YOR83_STU00021,TORONTO_YOR83_0031
TORONTO_YOR83_STU00021,TORONTO_YOR83_0071
TORONTO_YOR83_STU00021,TORONTO_YOR83_0079
TORONTO_YOR83_STU00021,TORONTO_YOR83_0110
TORONTO_YOR83_STU00021,TORONTO_YOR83_0121
TORONTO_YOR83_STU00021,TORONTO_YOR83_0133
TORONTO_YOR83_STU00021,TORONTO_YOR83_0153
TORONTO_YOR83_STU00021,TORONTO_YOR83_0166
TORONTO_YOR83_STU00022,TORONTO_YOR83_0031
TORONTO_YOR83_STU00022,TORONTO_YOR83_0071
TORONTO_YOR83_STU00022,TORONTO_YOR83_0079
TORONTO_YOR83_STU00022,TORONTO_YOR83_0110
TORONTO_YOR83_STU00022,TORONTO_YOR83_0121
TORONTO_YOR83_STU00022,TORONTO_YOR83_0153
TORONTO_YOR83_STU00022,TORONTO_YOR83_0167
TORONTO_YOR83_STU00022,TORONTO_YOR83_0173
TORONTO_YOR83_STU00023,TORONTO_YOR83_0031
TORONTO_YOR83_STU00023,TORONTO_YOR83_0071
TORONTO_YOR83_STU00023,TORONTO_YOR83_0079
TORONTO_YOR83_STU00023,TORONTO_YOR83_0110
TORONTO_YOR83_STU00023,TORONTO_YOR83_0121
TORONTO_YOR83_STU00023,TORONTO_YOR83_0132
TORONTO_YOR83_STU00023,TORONTO_YOR83_0153
TORONTO_YOR83_STU00023,TORONTO_YOR83_0159
TORONTO_YOR83_STU00024,TORONTO_YOR83_0031
TORONTO_YOR83_STU00024,TORONTO_YOR83_0059
TORONTO_YOR83_STU00024,TORONTO_YOR83_0110
TORONTO_YOR83_STU00024,TORONTO_YOR83_0121
TORONTO_YOR83_STU00024,TORONTO_YOR83_0130
TORONTO_YOR83_STU00024,TORONTO_YOR83_0153
TORONTO_YOR83_STU00024,TORONTO_YOR83_0160
TORONTO_YOR83_STU00024,TORONTO_YOR83_0173
TORONTO_YOR83_STU00025,TORONTO_YOR83_0006
TORONTO_YOR83_STU00025,TORONTO_YOR83_0031
TORONTO_YOR83_STU00025,TORONTO_YOR83_0071
TORONTO_YOR83_STU00025,TORONTO_YOR83_0108
TORONTO_YOR83_STU00025,TORONTO_YOR83_0153
TORONTO_YOR83_STU00025,TORONTO_YOR83_0160
TORONTO_YOR83_STU00025,TORONTO_YOR83_0166
TORONTO_YOR83_STU00025,TORONTO_YOR83_0174
TORONTO_YOR83_STU00026,TORONTO_YOR83_0007
TORONTO_YOR83_STU00026,TORONTO_YOR83_0030
TORONTO_YOR83_STU00026,TORONTO_YOR83_0059
TORONTO_YOR83_STU00026,TORONTO_YOR83_0080
TORONTO_YOR83_STU00026,TORONTO_YOR83_0110
TORONTO_YOR83_STU00026,TORONTO_YOR83_0133
TORONTO_YOR83_STU00026,TORONTO_YOR83_0153
TORONTO_YOR83_STU00026,TORONTO_YOR83_0166
TORONTO_YOR83_STU00027,TORONTO_YOR83_0031
TORONTO_YOR83_STU00027,TORONTO_YOR83_0071
TORONTO_YOR83_STU00027,TORONTO_YOR83_0079
TORONTO_YOR83_STU00027,TORONTO_YOR83_0110
TORONTO_YOR83_STU00027,TORONTO_YOR83_0121
TORONTO_YOR83_STU00027,TORONTO_YOR83_0130
TORONTO_YOR83_STU00027,TORONTO_YOR83_0153
TORONTO_YOR83_STU00027,TORONTO_YOR83_0160
TORONTO_YOR83_STU00028,TORONTO_YOR83_0006
TORONTO_YOR83_STU00028,TORONTO_YOR83_0031
TORONTO_YOR83_STU00028,TORONTO_YOR83_0071
TORONTO_YOR83_STU00028,TORONTO_YOR83_0080
TORONTO_YOR83_STU00028,TORONTO_YOR83_0110
TORONTO_YOR83_STU00028,TORONTO_YOR83_0132
TORONTO_YOR83_STU00028,TORONTO_YOR83_0153
TORONTO_YOR83_STU00028,TORONTO_YOR83_0159
TORONTO_YOR83_STU00029,TORONTO_YOR83_0031
TORONTO_YOR83_STU00029,TORONTO_YOR83_0059
TORONTO_YOR83_STU00029,TORONTO_YOR83_0079
TORONTO_YOR83_STU00029,TORONTO_YOR83_0110
TORONTO_YOR83_STU00029,TORONTO_YOR83_0121
TORONTO_YOR83_STU00029,TORONTO_YOR83_0133
TORONTO_YOR83_STU00029,TORONTO_YOR83_0153
TORONTO_YOR83_STU00029,TORONTO_YOR83_0166
TORONTO_YOR83_STU00030,TORONTO_YOR83_0007
TORONTO_YOR83_STU00030,TORONTO_YOR83_0031
TORONTO_YOR83_STU00030,TORONTO_YOR83_0071
TORONTO_YOR83_STU00030,TORONTO_YOR83_0079
TORONTO_YOR83_STU00030,TORONTO_YOR83_0110
TORONTO_YOR83_STU00030,TORONTO_YOR83_0121
TORONTO_YOR83_STU00030,TORONTO_YOR83_0131
TORONTO_YOR83_STU00030,TORONTO_YOR83_0153
TORONTO_YOR83_STU00031,TORONTO_YOR83_0006
TORONTO_YOR83_STU00031,TORONTO_YOR83_0031
TORONTO_YOR83_STU00031,TORONTO_YOR83_0072
TORONTO_YOR83_STU00031,TORONTO_YOR83_0080
TORONTO_YOR83_STU00031,TORONTO_YOR83_0109
TORONTO_YOR83_STU00031,TORONTO_YOR83_0132
TORONTO_YOR83_STU00031,TORONTO_YOR83_0153
TORONTO_YOR83_STU00031,TORONTO_YOR83_0159
TORONTO_YOR83_STU00032,TORONTO_YOR83_0007
TORONTO_YOR83_STU00032,TORONTO_YOR83_0030
TORONTO_YOR83_STU00032,TORONTO_YOR83_0060
TORONTO_YOR83_STU00032,TORONTO_YOR83_0110
TORONTO_YOR83_STU00032,TORONTO_YOR83_0133
TORONTO_YOR83_STU00032,TORONTO_YOR83_0153
TORONTO_YOR83_STU00032,TORONTO_YOR83_0166
TORONTO_YOR83_STU00032,TORONTO_YOR83_0173
TORONTO_YOR83_STU00033,TORONTO_YOR83_0007
TORONTO_YOR83_STU00033,TORONTO_YOR83_0031
TORONTO_YOR83_STU00033,TORONTO_YOR83_0071
TORONTO_YOR83_STU00033,TORONTO_YOR83_0079
TORONTO_YOR83_STU00033,TORONTO_YOR83_0110
TORONTO_YOR83_STU00033,TORONTO_YOR83_0131
TORONTO_YOR83_STU00033,TORONTO_YOR83_0154
TORONTO_YOR83_STU00033,TORONTO_YOR83_0166
TORONTO_YOR83_STU00034,TORONTO_YOR83_0024
TORONTO_YOR83_STU00034,TORONTO_YOR83_0031
TORONTO_YOR83_STU00034,TORONTO_YOR83_0070
TORONTO_YOR83_STU00034,TORONTO_YOR83_0108
TORONTO_YOR83_STU00034,TORONTO_YOR83_0121
TORONTO_YOR83_STU00034,TORONTO_YOR83_0130
TORONTO_YOR83_STU00034,TORONTO_YOR83_0153
TORONTO_YOR83_STU00034,TORONTO_YOR83_0173
TORONTO_YOR83_STU00035,TORONTO_YOR83_0007
TORONTO_YOR83_STU00035,TORONTO_YOR83_0030
TORONTO_YOR83_STU00035,TORONTO_YOR83_0058
TORONTO_YOR83_STU00035,TORONTO_YOR83_0111
TORONTO_YOR83_STU00035,TORONTO_YOR83_0131
TORONTO_YOR83_STU00035,TORONTO_YOR83_0154
TORONTO_YOR83_STU00035,TORONTO_YOR83_0160
TORONTO_YOR83_STU00035,TORONTO_YOR83_0166
TORONTO_YOR83_STU00036,TORONTO_YOR83_0007
TORONTO_YOR83_STU00036,TORONTO_YOR83_0031
TORONTO_YOR83_STU00036,TORONTO_YOR83_0059
TORONTO_YOR83_STU00036,TORONTO_YOR83_0079
TORONTO_YOR83_STU00036,TORONTO_YOR83_0110
TORONTO_YOR83_STU00036,TORONTO_YOR83_0131
TORONTO_YOR83_STU00036,TORONTO_YOR83_0153
TORONTO_YOR83_STU00036,TORONTO_YOR83_0174
TORONTO_YOR83_STU00037,TORONTO_YOR83_0007
TORONTO_YOR83_STU00037,TORONTO_YOR83_0030
TORONTO_YOR83_STU00037,TORONTO_YOR83_0071
TORONTO_YOR83_STU00037,TORONTO_YOR83_0079
TORONTO_YOR83_STU00037,TORONTO_YOR83_0110
TORONTO_YOR83_STU00037,TORONTO_YOR83_0130
TORONTO_YOR83_STU00037,TORONTO_YOR83_0154
TORONTO_YOR83_STU00037,TORONTO_YOR83_0160
TORONTO_YOR83_STU00038,TORONTO_YOR83_0031
TORONTO_YOR83_STU00038,TORONTO_YOR83_0072
TORONTO_YOR83_STU00038,TORONTO_YOR83_0079
TORONTO_YOR83_STU00038,TORONTO_YOR83_0109
TORONTO_YOR83_STU00038,TORONTO_YOR83_0121
TORONTO_YOR83_STU00038,TORONTO_YOR83_0130
TORONTO_YOR83_STU00038,TORONTO_YOR83_0154
TORONTO_YOR83_STU00038,TORONTO_YOR83_0173
TORONTO_YOR83_STU00039,TORONTO_YOR83_0007
TORONTO_YOR83_STU00039,TORONTO_YOR83_0030
TORONTO_YOR83_STU00039,TORONTO_YOR83_0072
TORONTO_YOR83_STU00039,TORONTO_YOR83_0079
TORONTO_YOR83_STU00039,TORONTO_YOR83_0109
TORONTO_YOR83_STU00039,TORONTO_YOR83_0121
TORONTO_YOR83_STU00039,TORONTO_YOR83_0133
TORONTO_YOR83_STU00039,TORONTO_YOR83_0153
TORONTO_YOR83_STU00040,TORONTO_YOR83_0031
TORONTO_YOR83_STU00040,TORONTO_YOR83_0071
TORONTO_YOR83_STU00040,TORONTO_YOR83_0081
TORONTO_YOR83_STU00040,TORONTO_YOR83_0111
TORONTO_YOR83_STU00040,TORONTO_YOR83_0131
TORONTO_YOR83_STU00040,TORONTO_YOR83_0154
TORONTO_YOR83_STU00040,TORONTO_YOR83_0160
TORONTO_YOR83_STU00040,TORONTO_YOR83_0173
TORONTO_YOR83_STU00041,TORONTO_YOR83_0030
TORONTO_YOR83_STU00041,TORONTO_YOR83_0049
TORONTO_YOR83_STU00041,TORONTO_YOR83_0060
TORONTO_YOR83_STU00041,TORONTO_YOR83_0079
TORONTO_YOR83_STU00041,TORONTO_YOR83_0110
TORONTO_YOR83_STU00041,TORONTO_YOR83_0132
TORONTO_YOR83_STU00041,TORONTO_YOR83_0153
TORONTO_YOR83_STU00041,TORONTO_YOR83_0173
TORONTO_YOR83_STU00042,TORONTO_YOR83_0031
TORONTO_YOR83_STU00042,TORONTO_YOR83_0060
TORONTO_YOR83_STU00042,TORONTO_YOR83_0081
TORONTO_YOR83_STU00042,TORONTO_YOR83_0111
TORONTO_YOR83_STU00042,TORONTO_YOR83_0131
TORONTO_YOR83_STU00042,TORONTO_YOR83_0153
TORONTO_YOR83_STU00042,TORONTO_YOR83_0160
TORONTO_YOR83_STU00042,TORONTO_YOR83_0166
TORONTO_YOR83_STU00043,TORONTO_YOR83_0006
TORONTO_YOR83_STU00043,TORONTO_YOR83_0031
TORONTO_YOR83_STU00043,TORONTO_YOR83_0071
TORONTO_YOR83_STU00043,TORONTO_YOR83_0079
TORONTO_YOR83_STU00043,TORONTO_YOR83_0110
TORONTO_YOR83_STU00043,TORONTO_YOR83_0121
TORONTO_YOR83_STU00043,TORONTO_YOR83_0132
TORONTO_YOR83_STU00043,TORONTO_YOR83_0153
TORONTO_YOR83_STU00044,TORONTO_YOR83_0029
TORONTO_YOR83_STU00044,TORONTO_YOR83_0049
TORONTO_YOR83_STU00044,TORONTO_YOR83_0060
TORONTO_YOR83_STU00044,TORONTO_YOR83_0079
TORONTO_YOR83_STU00044,TORONTO_YOR83_0107
TORONTO_YOR83_STU00044,TORONTO_YOR83_0130
TORONTO_YOR83_STU00044,TORONTO_YOR83_0152
TORONTO_YOR83_STU00044,TORONTO_YOR83_0160
TORONTO_YOR83_STU00045,TORONTO_YOR83_0007
TORONTO_YOR83_STU00045,TORONTO_YOR83_0031
TORONTO_YOR83_STU00045,TORONTO_YOR83_0071
TORONTO_YOR83_STU00045,TORONTO_YOR83_0081
TORONTO_YOR83_STU00045,TORONTO_YOR83_0091
TORONTO_YOR83_STU00045,TORONTO_YOR83_0109
TORONTO_YOR83_STU00045,TORONTO_YOR83_0130
TORONTO_YOR83_STU00045,TORONTO_YOR83_0154
TORONTO_YOR83_STU00046,TORONTO_YOR83_0007
TORONTO_YOR83_STU00046,TORONTO_YOR83_0030
TORONTO_YOR83_STU00046,TORONTO_YOR83_0059
TORONTO_YOR83_STU00046,TORONTO_YOR83_0080
TORONTO_YOR83_STU00046,TORONTO_YOR83_0108
TORONTO_YOR83_STU00046,TORONTO_YOR83_0120
TORONTO_YOR83_STU00046,TORONTO_YOR83_0131
TORONTO_YOR83_STU00046,TORONTO_YOR83_0153
TORONTO_YOR83_STU00047,TORONTO_YOR83_0007
TORONTO_YOR83_STU00047,TORONTO_YOR83_0030
TORONTO_YOR83_STU00047,TORONTO_YOR83_0060
TORONTO_YOR83_STU00047,TORONTO_YOR83_0079
TORONTO_YOR83_STU00047,TORONTO_YOR83_0110
TORONTO_YOR83_STU00047,TORONTO_YOR83_0133
TORONTO_YOR83_STU00047,TORONTO_YOR83_0153
TORONTO_YOR83_STU00047,TORONTO_YOR83_0173
TORONTO_YOR83_STU00048,TORONTO_YOR83_0031
TORONTO_YOR83_STU00048,TORONTO_YOR83_0072
TORONTO_YOR83_STU00048,TORONTO_YOR83_0079
TORONTO_YOR83_STU00048,TORONTO_YOR83_0109
TORONTO_YOR83_STU00048,TORONTO_YOR83_0121
TORONTO_YOR83_STU00048,TORONTO_YOR83_0131
TORONTO_YOR83_STU00048,TORONTO_YOR83_0154
TORONTO_YOR83_STU00048,TORONTO_YOR83_0166
TORONTO_YOR83_STU00049,TORONTO_YOR83_0031
TORONTO_YOR83_STU00049,TORONTO_YOR83_0071
TORONTO_YOR83_STU00049,TORONTO_YOR83_0080
TORONTO_YOR83_STU00049,TORONTO_YOR83_0109
TORONTO_YOR83_STU00049,TORONTO_YOR83_0120
TORONTO_YOR83_STU00049,TORONTO_YOR83_0132
TORONTO_YOR83_STU00049,TORONTO_YOR83_0153
TORONTO_YOR83_STU00049,TORONTO_YOR83_0159
TORONTO_YOR83_STU00050,TORONTO_YOR83_0006
TORONTO_YOR83_STU00050,TORONTO_YOR83_0031
TORONTO_YOR83_STU00050,TORONTO_YOR83_0072
TORONTO_YOR83_STU00050,TORONTO_YOR83_0109
TORONTO_YOR83_STU00050,TORONTO_YOR83_0131
TORONTO_YOR83_STU00050,TORONTO_YOR83_0153
TORONTO_YOR83_STU00050,TORONTO_YOR83_0160
TORONTO_YOR83_STU00050,TORONTO_YOR83_0174
TORONTO_YOR83_STU00051,TORONTO_YOR83_0024
TORONTO_YOR83_STU00051,TORONTO_YOR83_0031
TORONTO_YOR83_STU00051,TORONTO_YOR83_0060
TORONTO_YOR83_STU00051,TORONTO_YOR83_0109
TORONTO_YOR83_STU00051,TORONTO_YOR83_0120
TORONTO_YOR83_STU00051,TORONTO_YOR83_0133
TORONTO_YOR83_STU00051,TORONTO_YOR83_0153
TORONTO_YOR83_STU00051,TORONTO_YOR83_0173
TORONTO_YOR83_STU00052,TORONTO_YOR83_0030
TORONTO_YOR83_STU00052,TORONTO_YOR83_0049
TORONTO_YOR83_STU00052,TORONTO_YOR83_0060
TORONTO_YOR83_STU00052,TORONTO_YOR83_0079
TORONTO_YOR83_STU00052,TORONTO_YOR83_0107
TORONTO_YOR83_STU00052,TORONTO_YOR83_0130
TORONTO_YOR83_STU00052,TORONTO_YOR83_0154
TORONTO_YOR83_STU00052,TORONTO_YOR83_0160
TORONTO_YOR83_STU00053,TORONTO_YOR83_0031
TORONTO_YOR83_STU00053,TORONTO_YOR83_0059
TORONTO_YOR83_STU00053,TORONTO_YOR83_0091
TORONTO_YOR83_STU00053,TORONTO_YOR83_0110
TORONTO_YOR83_STU00053,TORONTO_YOR83_0131
TORONTO_YOR83_STU00053,TORONTO_YOR83_0154
TORONTO_YOR83_STU00053,TORONTO_YOR83_0160
TORONTO_YOR83_STU00053,TORONTO_YOR83_0173
TORONTO_YOR83_STU00054,TORONTO_YOR83_0006
TORONTO_YOR83_STU00054,TORONTO_YOR83_0031
TORONTO_YOR83_STU00054,TORONTO_YOR83_0071
TORONTO_YOR83_STU00054,TORONTO_YOR83_0079
TORONTO_YOR83_STU00054,TORONTO_YOR83_0110
TORONTO_YOR83_STU00054,TORONTO_YOR83_0121
TORONTO_YOR83_STU00054,TORONTO_YOR83_0132
TORONTO_YOR83_STU00054,TORONTO_YOR83_0153
TORONTO_YOR83_STU00055,TORONTO_YOR83_0027
TORONTO_YOR83_STU00055,TORONTO_YOR83_0030
TORONTO_YOR83_STU00055,TORONTO_YOR83_0060
TORONTO_YOR83_STU00055,TORONTO_YOR83_0079
TORONTO_YOR83_STU00055,TORONTO_YOR83_0094
TORONTO_YOR83_STU00055,TORONTO_YOR83_0110
TORONTO_YOR83_STU00055,TORONTO_YOR83_0130
TORONTO_YOR83_STU00055,TORONTO_YOR83_0153
TORONTO_YOR83_STU00056,TORONTO_YOR83_0006
TORONTO_YOR83_STU00056,TORONTO_YOR83_0031
TORONTO_YOR83_STU00056,TORONTO_YOR83_0071
TORONTO_YOR83_STU00056,TORONTO_YOR83_0080
TORONTO_YOR83_STU00056,TORONTO_YOR83_0110
TORONTO_YOR83_STU00056,TORONTO_YOR83_0133
TORONTO_YOR83_STU00056,TORONTO_YOR83_0153
TORONTO_YOR83_STU00056,TORONTO_YOR83_0159
TORONTO_YOR83_STU00057,TORONTO_YOR83_0030
TORONTO_YOR83_STU00057,TORONTO_YOR83_0060
TORONTO_YOR83_STU00057,TORONTO_YOR83_0081
TORONTO_YOR83_STU00057,TORONTO_YOR83_0091
TORONTO_YOR83_STU00057,TORONTO_YOR83_0111
TORONTO_YOR83_STU00057,TORONTO_YOR83_0130
TORONTO_YOR83_STU00057,TORONTO_YOR83_0154
TORONTO_YOR83_STU00057,TORONTO_YOR83_0160
TORONTO_YOR83_STU00058,TORONTO_YOR83_0030
TORONTO_YOR83_STU00058,TORONTO_YOR83_0059
TORONTO_YOR83_STU00058,TORONTO_YOR83_0080
TORONTO_YOR83_STU00058,TORONTO_YOR83_0110
TORONTO_YOR83_STU00058,TORONTO_YOR83_0133
TORONTO_YOR83_STU00058,TORONTO_YOR83_0153
TORONTO_YOR83_STU00058,TORONTO_YOR83_0159
TORONTO_YOR83_STU00058,TORONTO_YOR83_0167
TORONTO_YOR83_STU00059,TORONTO_YOR83_0025
TORONTO_YOR83_STU00059,TORONTO_YOR83_0029
TORONTO_YOR83_STU00059,TORONTO_YOR83_0058
TORONTO_YOR83_STU00059,TORONTO_YOR83_0107
TORONTO_YOR83_STU00059,TORONTO_YOR83_0130
TORONTO_YOR83_STU00059,TORONTO_YOR83_0152
TORONTO_YOR83_STU00059,TORONTO_YOR83_0173
TORONTO_YOR83_STU00060,TORONTO_YOR83_0031
TORONTO_YOR83_STU00060,TORONTO_YOR83_0071
TORONTO_YOR83_STU00060,TORONTO_YOR83_0081
TORONTO_YOR83_STU00060,TORONTO_YOR83_0091
TORONTO_YOR83_STU00060,TORONTO_YOR83_0109
TORONTO_YOR83_STU00060,TORONTO_YOR83_0121
TORONTO_YOR83_STU00060,TORONTO_YOR83_0130
TORONTO_YOR83_STU00060,TORONTO_YOR83_0154
TORONTO_YOR83_STU00061,TORONTO_YOR83_0030
TORONTO_YOR83_STU00061,TORONTO_YOR83_0072
TORONTO_YOR83_STU00061,TORONTO_YOR83_0080
TORONTO_YOR83_STU00061,TORONTO_YOR83_0109
TORONTO_YOR83_STU00061,TORONTO_YOR83_0131
TORONTO_YOR83_STU00061,TORONTO_YOR83_0154
TORONTO_YOR83_STU00061,TORONTO_YOR83_0160
TORONTO_YOR83_STU00061,TORONTO_YOR83_0173
TORONTO_YOR83_STU00062,TORONTO_YOR83_0007
TORONTO_YOR83_STU00062,TORONTO_YOR83_0015
TORONTO_YOR83_STU00062,TORONTO_YOR83_0024
TORONTO_YOR83_STU00062,TORONTO_YOR83_0030
TORONTO_YOR83_STU00062,TORONTO_YOR83_0058
TORONTO_YOR83_STU00062,TORONTO_YOR83_0080
TORONTO_YOR83_STU00063,TORONTO_YOR83_0025
TORONTO_YOR83_STU00063,TORONTO_YOR83_0029
TORONTO_YOR83_STU00063,TORONTO_YOR83_0058
TORONTO_YOR83_STU00063,TORONTO_YOR83_0107
TORONTO_YOR83_STU00063,TORONTO_YOR83_0130
TORONTO_YOR83_STU00063,TORONTO_YOR83_0152
TORONTO_YOR83_STU00063,TORONTO_YOR83_0160
TORONTO_YOR83_STU00063,TORONTO_YOR83_0173
TORONTO_YOR83_STU00064,TORONTO_YOR83_0007
TORONTO_YOR83_STU00064,TORONTO_YOR83_0030
TORONTO_YOR83_STU00064,TORONTO_YOR83_0059
TORONTO_YOR83_STU00064,TORONTO_YOR83_0080
TORONTO_YOR83_STU00064,TORONTO_YOR83_0110
TORONTO_YOR83_STU00064,TORONTO_YOR83_0133
TORONTO_YOR83_STU00064,TORONTO_YOR83_0153
TORONTO_YOR83_STU00064,TORONTO_YOR83_0159
TORONTO_YOR83_STU00065,TORONTO_YOR83_0025
TORONTO_YOR83_STU00065,TORONTO_YOR83_0031
TORONTO_YOR83_STU00065,TORONTO_YOR83_0058
TORONTO_YOR83_STU00065,TORONTO_YOR83_0079
TORONTO_YOR83_STU00065,TORONTO_YOR83_0107
TORONTO_YOR83_STU00065,TORONTO_YOR83_0130
TORONTO_YOR83_STU00065,TORONTO_YOR83_0154
TORONTO_YOR83_STU00065,TORONTO_YOR83_0159
TORONTO_YOR83_STU00066,TORONTO_YOR83_0029
TORONTO_YOR83_STU00066,TORONTO_YOR83_0058
TORONTO_YOR83_STU00066,TORONTO_YOR83_0107
TORONTO_YOR83_STU00066,TORONTO_YOR83_0131
TORONTO_YOR83_STU00066,TORONTO_YOR83_0154
TORONTO_YOR83_STU00066,TORONTO_YOR83_0160
TORONTO_YOR83_STU00066,TORONTO_YOR83_0166
TORONTO_YOR83_STU00066,TORONTO_YOR83_0173
TORONTO_YOR83_STU00067,TORONTO_YOR83_0007
TORONTO_YOR83_STU00067,TORONTO_YOR83_0030
TORONTO_YOR83_STU00067,TORONTO_YOR83_0060
TORONTO_YOR83_STU00067,TORONTO_YOR83_0081
TORONTO_YOR83_STU00067,TORONTO_YOR83_0109
TORONTO_YOR83_STU00067,TORONTO_YOR83_0130
TORONTO_YOR83_STU00067,TORONTO_YOR83_0153
TORONTO_YOR83_STU00067,TORONTO_YOR83_0160
TORONTO_YOR83_STU00068,TORONTO_YOR83_0031
TORONTO_YOR83_STU00068,TORONTO_YOR83_0059
TORONTO_YOR83_STU00068,TORONTO_YOR83_0091
TORONTO_YOR83_STU00068,TORONTO_YOR83_0110
TORONTO_YOR83_STU00068,TORONTO_YOR83_0130
TORONTO_YOR83_STU00068,TORONTO_YOR83_0154
TORONTO_YOR83_STU00068,TORONTO_YOR83_0160
TORONTO_YOR83_STU00068,TORONTO_YOR83_0173
TORONTO_YOR83_STU00069,TORONTO_YOR83_0015
TORONTO_YOR83_STU00069,TORONTO_YOR83_0029
TORONTO_YOR83_STU00069,TORONTO_YOR83_0058
TORONTO_YOR83_STU00069,TORONTO_YOR83_0131
TORONTO_YOR83_STU00069,TORONTO_YOR83_0160
TORONTO_YOR83_STU00069,TORONTO_YOR83_0166
TORONTO_YOR83_STU00069,TORONTO_YOR83_0174
TORONTO_YOR83_STU00070,TORONTO_YOR83_0006
TORONTO_YOR83_STU00070,TORONTO_YOR83_0031
TORONTO_YOR83_STU00070,TORONTO_YOR83_0072
TORONTO_YOR83_STU00070,TORONTO_YOR83_0109
TORONTO_YOR83_STU00070,TORONTO_YOR83_0131
TORONTO_YOR83_STU00070,TORONTO_YOR83_0153
TORONTO_YOR83_STU00070,TORONTO_YOR83_0167
TORONTO_YOR83_STU00070,TORONTO_YOR83_0174
TORONTO_YOR83_STU00071,TORONTO_YOR83_0030
TORONTO_YOR83_STU00071,TORONTO_YOR83_0059
TORONTO_YOR83_STU00071,TORONTO_YOR83_0081
TORONTO_YOR83_STU00071,TORONTO_YOR83_0110
TORONTO_YOR83_STU00071,TORONTO_YOR83_0121
TORONTO_YOR83_STU00071,TORONTO_YOR83_0133
TORONTO_YOR83_STU00071,TORONTO_YOR83_0153
TORONTO_YOR83_STU00071,TORONTO_YOR83_0159
TORONTO_YOR83_STU00072,TORONTO_YOR83_0007
TORONTO_YOR83_STU00072,TORONTO_YOR83_0031
TORONTO_YOR83_STU00072,TORONTO_YOR83_0071
TORONTO_YOR83_STU00072,TORONTO_YOR83_0081
TORONTO_YOR83_STU00072,TORONTO_YOR83_0109
TORONTO_YOR83_STU00072,TORONTO_YOR83_0121
TORONTO_YOR83_STU00072,TORONTO_YOR83_0131
TORONTO_YOR83_STU00072,TORONTO_YOR83_0153
TORONTO_YOR83_STU00073,TORONTO_YOR83_0006
TORONTO_YOR83_STU00073,TORONTO_YOR83_0031
TORONTO_YOR83_STU00073,TORONTO_YOR83_0071
TORONTO_YOR83_STU00073,TORONTO_YOR83_0080
TORONTO_YOR83_STU00073,TORONTO_YOR83_0110
TORONTO_YOR83_STU00073,TORONTO_YOR83_0131
TORONTO_YOR83_STU00073,TORONTO_YOR83_0153
TORONTO_YOR83_STU00073,TORONTO_YOR83_0167
TORONTO_YOR83_STU00074,TORONTO_YOR83_0030
TORONTO_YOR83_STU00074,TORONTO_YOR83_0060
TORONTO_YOR83_STU00074,TORONTO_YOR83_0079
TORONTO_YOR83_STU00074,TORONTO_YOR83_0110
TORONTO_YOR83_STU00074,TORONTO_YOR83_0132
TORONTO_YOR83_STU00074,TORONTO_YOR83_0153
TORONTO_YOR83_STU00074,TORONTO_YOR83_0160
TORONTO_YOR83_STU00074,TORONTO_YOR83_0173
TORONTO_YOR83_STU00075,TORONTO_YOR83_0030
TORONTO_YOR83_STU00075,TORONTO_YOR83_0060
TORONTO_YOR83_STU00075,TORONTO_YOR83_0081
TORONTO_YOR83_STU00075,TORONTO_YOR83_0094
TORONTO_YOR83_STU00075,TORONTO_YOR83_0107
TORONTO_YOR83_STU00075,TORONTO_YOR83_0130
TORONTO_YOR83_STU00075,TORONTO_YOR83_0154
TORONTO_YOR83_STU00075,TORONTO_YOR83_0173
TORONTO_YOR83_STU00076,TORONTO_YOR83_0007
TORONTO_YOR83_STU00076,TORONTO_YOR83_0031
TORONTO_YOR83_STU00076,TORONTO_YOR83_0071
TORONTO_YOR83_STU00076,TORONTO_YOR83_0081
TORONTO_YOR83_STU00076,TORONTO_YOR83_0111
TORONTO_YOR83_STU00076,TORONTO_YOR83_0130
TORONTO_YOR83_STU00076,TORONTO_YOR83_0154
TORONTO_YOR83_STU00076,TORONTO_YOR83_0173
TORONTO_YOR83_STU00077,TORONTO_YOR83_0025
TORONTO_YOR83_STU00077,TORONTO_YOR83_0029
TORONTO_YOR83_STU00077,TORONTO_YOR83_0070
TORONTO_YOR83_STU00077,TORONTO_YOR83_0107
TORONTO_YOR83_STU00077,TORONTO_YOR83_0130
TORONTO_YOR83_STU00077,TORONTO_YOR83_0152
TORONTO_YOR83_STU00077,TORONTO_YOR83_0173
TORONTO_YOR83_STU00078,TORONTO_YOR83_0031
TORONTO_YOR83_STU00078,TORONTO_YOR83_0071
TORONTO_YOR83_STU00078,TORONTO_YOR83_0080
TORONTO_YOR83_STU00078,TORONTO_YOR83_0110
TORONTO_YOR83_STU00078,TORONTO_YOR83_0133
TORONTO_YOR83_STU00078,TORONTO_YOR83_0153
TORONTO_YOR83_STU00078,TORONTO_YOR83_0166
TORONTO_YOR83_STU00078,TORONTO_YOR83_0173
TORONTO_YOR83_STU00079,TORONTO_YOR83_0031
TORONTO_YOR83_STU00079,TORONTO_YOR83_0060
TORONTO_YOR83_STU00079,TORONTO_YOR83_0081
TORONTO_YOR83_STU00079,TORONTO_YOR83_0091
TORONTO_YOR83_STU00079,TORONTO_YOR83_0111
TORONTO_YOR83_STU00079,TORONTO_YOR83_0132
TORONTO_YOR83_STU00079,TORONTO_YOR83_0153
TORONTO_YOR83_STU00079,TORONTO_YOR83_0173
TORONTO_YOR83_STU00080,TORONTO_YOR83_0025
TORONTO_YOR83_STU00080,TORONTO_YOR83_0030
TORONTO_YOR83_STU00080,TORONTO_YOR83_0070
TORONTO_YOR83_STU00080,TORONTO_YOR83_0079
TORONTO_YOR83_STU00080,TORONTO_YOR83_0110
TORONTO_YOR83_STU00080,TORONTO_YOR83_0130
TORONTO_YOR83_STU00080,TORONTO_YOR83_0152
TORONTO_YOR83_STU00080,TORONTO_YOR83_0160
TORONTO_YOR83_STU00081,TORONTO_YOR83_0006
TORONTO_YOR83_STU00081,TORONTO_YOR83_0031
TORONTO_YOR83_STU00081,TORONTO_YOR83_0071
TORONTO_YOR83_STU00081,TORONTO_YOR83_0079
TORONTO_YOR83_STU00081,TORONTO_YOR83_0110
TORONTO_YOR83_STU00081,TORONTO_YOR83_0132
TORONTO_YOR83_STU00081,TORONTO_YOR83_0153
TORONTO_YOR83_STU00081,TORONTO_YOR83_0174
TORONTO_YOR83_STU00082,TORONTO_YOR83_0024
TORONTO_YOR83_STU00082,TORONTO_YOR83_0028
TORONTO_YOR83_STU00082,TORONTO_YOR83_0058
TORONTO_YOR83_STU00082,TORONTO_YOR83_0108
TORONTO_YOR83_STU00082,TORONTO_YOR83_0131
TORONTO_YOR83_STU00082,TORONTO_YOR83_0152
TORONTO_YOR83_STU00082,TORONTO_YOR83_0167
TORONTO_YOR83_STU00082,TORONTO_YOR83_0174
TORONTO_YOR83_STU00083,TORONTO_YOR83_0006
TORONTO_YOR83_STU00083,TORONTO_YOR83_0030
TORONTO_YOR83_STU00083,TORONTO_YOR83_0060
TORONTO_YOR83_STU00083,TORONTO_YOR83_0108
TORONTO_YOR83_STU00083,TORONTO_YOR83_0120
TORONTO_YOR83_STU00083,TORONTO_YOR83_0131
TORONTO_YOR83_STU00083,TORONTO_YOR83_0153
TORONTO_YOR83_STU00083,TORONTO_YOR83_0167
TORONTO_YOR83_STU00084,TORONTO_YOR83_0015
TORONTO_YOR83_STU00084,TORONTO_YOR83_0024
TORONTO_YOR83_STU00084,TORONTO_YOR83_0029
TORONTO_YOR83_STU00084,TORONTO_YOR83_0058
TORONTO_YOR83_STU00084,TORONTO_YOR83_0094
TORONTO_YOR83_STU00084,TORONTO_YOR83_0130
TORONTO_YOR83_STU00084,TORONTO_YOR83_0173
TORONTO_YOR83_STU00085,TORONTO_YOR83_0031
TORONTO_YOR83_STU00085,TORONTO_YOR83_0071
TORONTO_YOR83_STU00085,TORONTO_YOR83_0079
TORONTO_YOR83_STU00085,TORONTO_YOR83_0110
TORONTO_YOR83_STU00085,TORONTO_YOR83_0121
TORONTO_YOR83_STU00085,TORONTO_YOR83_0131
TORONTO_YOR83_STU00085,TORONTO_YOR83_0153
TORONTO_YOR83_STU00085,TORONTO_YOR83_0167
TORONTO_YOR83_STU00086,TORONTO_YOR83_0007
TORONTO_YOR83_STU00086,TORONTO_YOR83_0030
TORONTO_YOR83_STU00086,TORONTO_YOR83_0081
TORONTO_YOR83_STU00086,TORONTO_YOR83_0091
TORONTO_YOR83_STU00086,TORONTO_YOR83_0094
TORONTO_YOR83_STU00086,TORONTO_YOR83_0111
TORONTO_YOR83_STU00086,TORONTO_YOR83_0131
TORONTO_YOR83_STU00086,TORONTO_YOR83_0154
TORONTO_YOR83_STU00087,TORONTO_YOR83_0025
TORONTO_YOR83_STU00087,TORONTO_YOR83_0029
TORONTO_YOR83_STU00087,TORONTO_YOR83_0058
TORONTO_YOR83_STU00087,TORONTO_YOR83_0107
TORONTO_YOR83_STU00087,TORONTO_YOR83_0130
TORONTO_YOR83_STU00087,TORONTO_YOR83_0152
TORONTO_YOR83_STU00087,TORONTO_YOR83_0160
TORONTO_YOR83_STU00087,TORONTO_YOR83_0173
TORONTO_YOR83_STU00088,TORONTO_YOR83_0006
TORONTO_YOR83_STU00088,TORONTO_YOR83_0031
TORONTO_YOR83_STU00088,TORONTO_YOR83_0071
TORONTO_YOR83_STU00088,TORONTO_YOR83_0080
TORONTO_YOR83_STU00088,TORONTO_YOR83_0094
TORONTO_YOR83_STU00088,TORONTO_YOR83_0110
TORONTO_YOR83_STU00088,TORONTO_YOR83_0131
TORONTO_YOR83_STU00088,TORONTO_YOR83_0153
TORONTO_YOR83_STU00089,TORONTO_YOR83_0007
TORONTO_YOR83_STU00089,TORONTO_YOR83_0031
TORONTO_YOR83_STU00089,TORONTO_YOR83_0060
TORONTO_YOR83_STU00089,TORONTO_YOR83_0081
TORONTO_YOR83_STU00089,TORONTO_YOR83_0111
TORONTO_YOR83_STU00089,TORONTO_YOR83_0131
TORONTO_YOR83_STU00089,TORONTO_YOR83_0153
TORONTO_YOR83_STU00089,TORONTO_YOR83_0166
TORONTO_YOR83_STU00090,TORONTO_YOR83_0027
TORONTO_YOR83_STU00090,TORONTO_YOR83_0030
TORONTO_YOR83_STU00090,TORONTO_YOR83_0058
TORONTO_YOR83_STU00090,TORONTO_YOR83_0107
TORONTO_YOR83_STU00090,TORONTO_YOR83_0121
TORONTO_YOR83_STU00090,TORONTO_YOR83_0132
TORONTO_YOR83_STU00090,TORONTO_YOR83_0153
TORONTO_YOR83_STU00090,TORONTO_YOR83_0173
TORONTO_YOR83_STU00091,TORONTO_YOR83_0027
TORONTO_YOR83_STU00091,TORONTO_YOR83_0031
TORONTO_YOR83_STU00091,TORONTO_YOR83_0072
TORONTO_YOR83_STU00091,TORONTO_YOR83_0079
TORONTO_YOR83_STU00091,TORONTO_YOR83_0109
TORONTO_YOR83_STU00091,TORONTO_YOR83_0121
TORONTO_YOR83_STU00091,TORONTO_YOR83_0130
TORONTO_YOR83_STU00091,TORONTO_YOR83_0153
TORONTO_YOR83_STU00092,TORONTO_YOR83_0029
TORONTO_YOR83_STU00092,TORONTO_YOR83_0058
TORONTO_YOR83_STU00092,TORONTO_YOR83_0091
TORONTO_YOR83_STU00092,TORONTO_YOR83_0109
TORONTO_YOR83_STU00092,TORONTO_YOR83_0131
TORONTO_YOR83_STU00092,TORONTO_YOR83_0154
TORONTO_YOR83_STU00092,TORONTO_YOR83_0160
TORONTO_YOR83_STU00092,TORONTO_YOR83_0166
TORONTO_YOR83_STU00093,TORONTO_YOR83_0007
TORONTO_YOR83_STU00093,TORONTO_YOR83_0031
TORONTO_YOR83_STU00093,TORONTO_YOR83_0059
TORONTO_YOR83_STU00093,TORONTO_YOR83_0080
TORONTO_YOR83_STU00093,TORONTO_YOR83_0110
TORONTO_YOR83_STU00093,TORONTO_YOR83_0131
TORONTO_YOR83_STU00093,TORONTO_YOR83_0153
TORONTO_YOR83_STU00093,TORONTO_YOR83_0166
TORONTO_YOR83_STU00094,TORONTO_YOR83_0007
TORONTO_YOR83_STU00094,TORONTO_YOR83_0031
TORONTO_YOR83_STU00094,TORONTO_YOR83_0071
TORONTO_YOR83_STU00094,TORONTO_YOR83_0081
TORONTO_YOR83_STU00094,TORONTO_YOR83_0109
TORONTO_YOR83_STU00094,TORONTO_YOR83_0153
TORONTO_YOR83_STU00094,TORONTO_YOR83_0159
TORONTO_YOR83_STU00094,TORONTO_YOR83_0174
TORONTO_YOR83_STU00095,TORONTO_YOR83_0024
TORONTO_YOR83_STU00095,TORONTO_YOR83_0031
TORONTO_YOR83_STU00095,TORONTO_YOR83_0049
TORONTO_YOR83_STU00095,TORONTO_YOR83_0060
TORONTO_YOR83_STU00095,TORONTO_YOR83_0109
TORONTO_YOR83_STU00095,TORONTO_YOR83_0132
TORONTO_YOR83_STU00095,TORONTO_YOR83_0153
TORONTO_YOR83_STU00095,TORONTO_YOR83_0173
TORONTO_YOR83_STU00096,TORONTO_YOR83_0031
TORONTO_YOR83_STU00096,TORONTO_YOR83_0049
TORONTO_YOR83_STU00096,TORONTO_YOR83_0060
TORONTO_YOR83_STU00096,TORONTO_YOR83_0109
TORONTO_YOR83_STU00096,TORONTO_YOR83_0130
TORONTO_YOR83_STU00096,TORONTO_YOR83_0154
TORONTO_YOR83_STU00096,TORONTO_YOR83_0159
TORONTO_YOR83_STU00096,TORONTO_YOR83_0173
TORONTO_YOR83_STU00097,TORONTO_YOR83_0006
TORONTO_YOR83_STU00097,TORONTO_YOR83_0015
TORONTO_YOR83_STU00097,TORONTO_YOR83_0030
TORONTO_YOR83_STU00097,TORONTO_YOR83_0072
TORONTO_YOR83_STU00097,TORONTO_YOR83_0131
TORONTO_YOR83_STU00097,TORONTO_YOR83_0154
TORONTO_YOR83_STU00097,TORONTO_YOR83_0160
TORONTO_YOR83_STU00097,TORONTO_YOR83_0167
TORONTO_YOR83_STU00098,TORONTO_YOR83_0030
TORONTO_YOR83_STU00098,TORONTO_YOR83_0071
TORONTO_YOR83_STU00098,TORONTO_YOR83_0079
TORONTO_YOR83_STU00098,TORONTO_YOR83_0110
TORONTO_YOR83_STU00098,TORONTO_YOR83_0130
TORONTO_YOR83_STU00098,TORONTO_YOR83_0154
TORONTO_YOR83_STU00098,TORONTO_YOR83_0160
TORONTO_YOR83_STU00098,TORONTO_YOR83_0174
TORONTO_YOR83_STU00099,TORONTO_YOR83_0024
TORONTO_YOR83_STU00099,TORONTO_YOR83_0028
TORONTO_YOR83_STU00099,TORONTO_YOR83_0058
TORONTO_YOR83_STU00099,TORONTO_YOR83_0108
TORONTO_YOR83_STU00099,TORONTO_YOR83_0131
TORONTO_YOR83_STU00099,TORONTO_YOR83_0152
TORONTO_YOR83_STU00099,TORONTO_YOR83_0167
TORONTO_YOR83_STU00099,TORONTO_YOR83_0174
TORONTO_YOR83_STU00100,TORONTO_YOR83_0030
TORONTO_YOR83_STU00100,TORONTO_YOR83_0059
TORONTO_YOR83_STU00100,TORONTO_YOR83_0080
TORONTO_YOR83_STU00100,TORONTO_YOR83_0094
TORONTO_YOR83_STU00100,TORONTO_YOR83_0110
TORONTO_YOR83_STU00100,TORONTO_YOR83_0131
TORONTO_YOR83_STU00100,TORONTO_YOR83_0154
TORONTO_YOR83_STU00100,TORONTO_YOR83_0159
TORONTO_YOR83_STU00101,TORONTO_YOR83_0007
TORONTO_YOR83_STU00101,TORONTO_YOR83_0030
TORONTO_YOR83_STU00101,TORONTO_YOR83_0059
TORONTO_YOR83_STU00101,TORONTO_YOR83_0110
TORONTO_YOR83_STU00101,TORONTO_YOR83_0121
TORONTO_YOR83_STU00101,TORONTO_YOR83_0133
TORONTO_YOR83_STU00101,TORONTO_YOR83_0153
TORONTO_YOR83_STU00101,TORONTO_YOR83_0166
TORONTO_YOR83_STU00102,TORONTO_YOR83_0006
TORONTO_YOR83_STU00102,TORONTO_YOR83_0031
TORONTO_YOR83_STU00102,TORONTO_YOR83_0071
TORONTO_YOR83_STU00102,TORONTO_YOR83_0079
TORONTO_YOR83_STU00102,TORONTO_YOR83_0110
TORONTO_YOR83_STU00102,TORONTO_YOR83_0132
TORONTO_YOR83_STU00102,TORONTO_YOR83_0153
TORONTO_YOR83_STU00102,TORONTO_YOR83_0174
TORONTO_YOR83_STU00103,TORONTO_YOR83_0031
TORONTO_YOR83_STU00103,TORONTO_YOR83_0071
TORONTO_YOR83_STU00103,TORONTO_YOR83_0080
TORONTO_YOR83_STU00103,TORONTO_YOR83_0091
TORONTO_YOR83_STU00103,TORONTO_YOR83_0109
TORONTO_YOR83_STU00103,TORONTO_YOR83_0120
TORONTO_YOR83_STU00103,TORONTO_YOR83_0131
TORONTO_YOR83_STU00103,TORONTO_YOR83_0154
TORONTO_YOR83_STU00104,TORONTO_YOR83_0027
TORONTO_YOR83_STU00104,TORONTO_YOR83_0031
TORONTO_YOR83_STU00104,TORONTO_YOR83_0071
TORONTO_YOR83_STU00104,TORONTO_YOR83_0079
TORONTO_YOR83_STU00104,TORONTO_YOR83_0110
TORONTO_YOR83_STU00104,TORONTO_YOR83_0130
TORONTO_YOR83_STU00104,TORONTO_YOR83_0153
TORONTO_YOR83_STU00104,TORONTO_YOR83_0174
TORONTO_YOR83_STU00105,TORONTO_YOR83_0007
TORONTO_YOR83_STU00105,TORONTO_YOR83_0030
TORONTO_YOR83_STU00105,TORONTO_YOR83_0072
TORONTO_YOR83_STU00105,TORONTO_YOR83_0080
TORONTO_YOR83_STU00105,TORONTO_YOR83_0109
TORONTO_YOR83_STU00105,TORONTO_YOR83_0130
TORONTO_YOR83_STU00105,TORONTO_YOR83_0153
TORONTO_YOR83_STU00105,TORONTO_YOR83_0160
TORONTO_YOR83_STU00106,TORONTO_YOR83_0024
TORONTO_YOR83_STU00106,TORONTO_YOR83_0031
TORONTO_YOR83_STU00106,TORONTO_YOR83_0070
TORONTO_YOR83_STU00106,TORONTO_YOR83_0080
TORONTO_YOR83_STU00106,TORONTO_YOR83_0109
TORONTO_YOR83_STU00106,TORONTO_YOR83_0130
TORONTO_YOR83_STU00106,TORONTO_YOR83_0152
TORONTO_YOR83_STU00106,TORONTO_YOR83_0160
TORONTO_YOR83_STU00107,TORONTO_YOR83_0031
TORONTO_YOR83_STU00107,TORONTO_YOR83_0071
TORONTO_YOR83_STU00107,TORONTO_YOR83_0079
TORONTO_YOR83_STU00107,TORONTO_YOR83_0110
TORONTO_YOR83_STU00107,TORONTO_YOR83_0120
TORONTO_YOR83_STU00107,TORONTO_YOR83_0131
TORONTO_YOR83_STU00107,TORONTO_YOR83_0154
TORONTO_YOR83_STU00107,TORONTO_YOR83_0173
TORONTO_YOR83_STU00108,TORONTO_YOR83_0030
TORONTO_YOR83_STU00108,TORONTO_YOR83_0058
TORONTO_YOR83_STU00108,TORONTO_YOR83_0079
TORONTO_YOR83_STU00108,TORONTO_YOR83_0110
TORONTO_YOR83_STU00108,TORONTO_YOR83_0131
TORONTO_YOR83_STU00108,TORONTO_YOR83_0152
TORONTO_YOR83_STU00108,TORONTO_YOR83_0167
TORONTO_YOR83_STU00108,TORONTO_YOR83_0174
TORONTO_YOR83_STU00109,TORONTO_YOR83_0024
TORONTO_YOR83_STU00109,TORONTO_YOR83_0031
TORONTO_YOR83_STU00109,TORONTO_YOR83_0060
TORONTO_YOR83_STU00109,TORONTO_YOR83_0081
TORONTO_YOR83_STU00109,TORONTO_YOR83_0109
TORONTO_YOR83_STU00109,TORONTO_YOR83_0132
TORONTO_YOR83_STU00109,TORONTO_YOR83_0153
TORONTO_YOR83_STU00109,TORONTO_YOR83_0173
TORONTO_YOR83_STU00110,TORONTO_YOR83_0031
TORONTO_YOR83_STU00110,TORONTO_YOR83_0072
TORONTO_YOR83_STU00110,TORONTO_YOR83_0079
TORONTO_YOR83_STU00110,TORONTO_YOR83_0111
TORONTO_YOR83_STU00110,TORONTO_YOR83_0121
TORONTO_YOR83_STU00110,TORONTO_YOR83_0131
TORONTO_YOR83_STU00110,TORONTO_YOR83_0154
TORONTO_YOR83_STU00110,TORONTO_YOR83_0173
TORONTO_YOR83_STU00111,TORONTO_YOR83_0025
TORONTO_YOR83_STU00111,TORONTO_YOR83_0029
TORONTO_YOR83_STU00111,TORONTO_YOR83_0058
TORONTO_YOR83_STU00111,TORONTO_YOR83_0107
TORONTO_YOR83_STU00111,TORONTO_YOR83_0130
TORONTO_YOR83_STU00111,TORONTO_YOR83_0152
TORONTO_YOR83_STU00111,TORONTO_YOR83_0160
TORONTO_YOR83_STU00111,TORONTO_YOR83_0173
TORONTO_YOR83_STU00112,TORONTO_YOR83_0006
TORONTO_YOR83_STU00112,TORONTO_YOR83_0029
TORONTO_YOR83_STU00112,TORONTO_YOR83_0058
TORONTO_YOR83_STU00112,TORONTO_YOR83_0109
TORONTO_YOR83_STU00112,TORONTO_YOR83_0133
TORONTO_YOR83_STU00112,TORONTO_YOR83_0153
TORONTO_YOR83_STU00112,TORONTO_YOR83_0166
TORONTO_YOR83_STU00112,TORONTO_YOR83_0174
TORONTO_YOR83_STU00113,TORONTO_YOR83_0006
TORONTO_YOR83_STU00113,TORONTO_YOR83_0031
TORONTO_YOR83_STU00113,TORONTO_YOR83_0049
TORONTO_YOR83_STU00113,TORONTO_YOR83_0071
TORONTO_YOR83_STU00113,TORONTO_YOR83_0080
TORONTO_YOR83_STU00113,TORONTO_YOR83_0110
TORONTO_YOR83_STU00113,TORONTO_YOR83_0130
TORONTO_YOR83_STU00113,TORONTO_YOR83_0153
TORONTO_YOR83_STU00114,TORONTO_YOR83_0007
TORONTO_YOR83_STU00114,TORONTO_YOR83_0031
TORONTO_YOR83_STU00114,TORONTO_YOR83_0059
TORONTO_YOR83_STU00114,TORONTO_YOR83_0081
TORONTO_YOR83_STU00114,TORONTO_YOR83_0109
TORONTO_YOR83_STU00114,TORONTO_YOR83_0131
TORONTO_YOR83_STU00114,TORONTO_YOR83_0154
TORONTO_YOR83_STU00114,TORONTO_YOR83_0173
TORONTO_YOR83_STU00115,TORONTO_YOR83_0007
TORONTO_YOR83_STU00115,TORONTO_YOR83_0015
TORONTO_YOR83_STU00115,TORONTO_YOR83_0030
TORONTO_YOR83_STU00115,TORONTO_YOR83_0072
TORONTO_YOR83_STU00115,TORONTO_YOR83_0131
TORONTO_YOR83_STU00115,TORONTO_YOR83_0154
TORONTO_YOR83_STU00115,TORONTO_YOR83_0160
TORONTO_YOR83_STU00115,TORONTO_YOR83_0166
TORONTO_YOR83_STU00116,TORONTO_YOR83_0031
TORONTO_YOR83_STU00116,TORONTO_YOR83_0059
TORONTO_YOR83_STU00116,TORONTO_YOR83_0079
TORONTO_YOR83_STU00116,TORONTO_YOR83_0110
TORONTO_YOR83_STU00116,TORONTO_YOR83_0121
TORONTO_YOR83_STU00116,TORONTO_YOR83_0131
TORONTO_YOR83_STU00116,TORONTO_YOR83_0154
TORONTO_YOR83_STU00116,TORONTO_YOR83_0159
TORONTO_YOR83_STU00117,TORONTO_YOR83_0006
TORONTO_YOR83_STU00117,TORONTO_YOR83_0031
TORONTO_YOR83_STU00117,TORONTO_YOR83_0071
TORONTO_YOR83_STU00117,TORONTO_YOR83_0080
TORONTO_YOR83_STU00117,TORONTO_YOR83_0094
TORONTO_YOR83_STU00117,TORONTO_YOR83_0110
TORONTO_YOR83_STU00117,TORONTO_YOR83_0130
TORONTO_YOR83_STU00117,TORONTO_YOR83_0153
TORONTO_YOR83_STU00118,TORONTO_YOR83_0006
TORONTO_YOR83_STU00118,TORONTO_YOR83_0031
TORONTO_YOR83_STU00118,TORONTO_YOR83_0072
TORONTO_YOR83_STU00118,TORONTO_YOR83_0079
TORONTO_YOR83_STU00118,TORONTO_YOR83_0111
TORONTO_YOR83_STU00118,TORONTO_YOR83_0121
TORONTO_YOR83_STU00118,TORONTO_YOR83_0131
TORONTO_YOR83_STU00118,TORONTO_YOR83_0154
TORONTO_YOR83_STU00119,TORONTO_YOR83_0024
TORONTO_YOR83_STU00119,TORONTO_YOR83_0031
TORONTO_YOR83_STU00119,TORONTO_YOR83_0071
TORONTO_YOR83_STU00119,TORONTO_YOR83_0079
TORONTO_YOR83_STU00119,TORONTO_YOR83_0110
TORONTO_YOR83_STU00119,TORONTO_YOR83_0121
TORONTO_YOR83_STU00119,TORONTO_YOR83_0131
TORONTO_YOR83_STU00119,TORONTO_YOR83_0154
TORONTO_YOR83_STU00120,TORONTO_YOR83_0031
TORONTO_YOR83_STU00120,TORONTO_YOR83_0072
TORONTO_YOR83_STU00120,TORONTO_YOR83_0079
TORONTO_YOR83_STU00120,TORONTO_YOR83_0111
TORONTO_YOR83_STU00120,TORONTO_YOR83_0121
TORONTO_YOR83_STU00120,TORONTO_YOR83_0131
TORONTO_YOR83_STU00120,TORONTO_YOR83_0154
TORONTO_YOR83_STU00120,TORONTO_YOR83_0166
TORONTO_YOR83_STU00121,TORONTO_YOR83_0030
TORONTO_YOR83_STU00121,TORONTO_YOR83_0059
TORONTO_YOR83_STU00121,TORONTO_YOR83_0079
TORONTO_YOR83_STU00121,TORONTO_YOR83_0094
TORONTO_YOR83_STU00121,TORONTO_YOR83_0110
TORONTO_YOR83_STU00121,TORONTO_YOR83_0130
TORONTO_YOR83_STU00121,TORONTO_YOR83_0154
TORONTO_YOR83_STU00121,TORONTO_YOR83_0174
TORONTO_YOR83_STU00122,TORONTO_YOR83_0026
TORONTO_YOR83_STU00122,TORONTO_YOR83_0029
TORONTO_YOR83_STU00122,TORONTO_YOR83_0060
TORONTO_YOR83_STU00122,TORONTO_YOR83_0108
TORONTO_YOR83_STU00122,TORONTO_YOR83_0131
TORONTO_YOR83_STU00122,TORONTO_YOR83_0153
TORONTO_YOR83_STU00122,TORONTO_YOR83_0160
TORONTO_YOR83_STU00122,TORONTO_YOR83_0173
TORONTO_YOR83_STU00123,TORONTO_YOR83_0030
TORONTO_YOR83_STU00123,TORONTO_YOR83_0071
TORONTO_YOR83_STU00123,TORONTO_YOR83_0081
TORONTO_YOR83_STU00123,TORONTO_YOR83_0091
TORONTO_YOR83_STU00123,TORONTO_YOR83_0110
TORONTO_YOR83_STU00123,TORONTO_YOR83_0130
TORONTO_YOR83_STU00123,TORONTO_YOR83_0154
TORONTO_YOR83_STU00123,TORONTO_YOR83_0174
TORONTO_YOR83_STU00124,TORONTO_YOR83_0025
TORONTO_YOR83_STU00124,TORONTO_YOR83_0031
TORONTO_YOR83_STU00124,TORONTO_YOR83_0059
TORONTO_YOR83_STU00124,TORONTO_YOR83_0081
TORONTO_YOR83_STU00124,TORONTO_YOR83_0109
TORONTO_YOR83_STU00124,TORONTO_YOR83_0130
TORONTO_YOR83_STU00124,TORONTO_YOR83_0153
TORONTO_YOR83_STU00124,TORONTO_YOR83_0160
TORONTO_YOR83_STU00125,TORONTO_YOR83_0015
TORONTO_YOR83_STU00125,TORONTO_YOR83_0030
TORONTO_YOR83_STU00125,TORONTO_YOR83_0060
TORONTO_YOR83_STU00125,TORONTO_YOR83_0110
TORONTO_YOR83_STU00125,TORONTO_YOR83_0133
TORONTO_YOR83_STU00125,TORONTO_YOR83_0153
TORONTO_YOR83_STU00125,TORONTO_YOR83_0167
TORONTO_YOR83_STU00125,TORONTO_YOR83_0173
TORONTO_YOR83_STU00126,TORONTO_YOR83_0024
TORONTO_YOR83_STU00126,TORONTO_YOR83_0028
TORONTO_YOR83_STU00126,TORONTO_YOR83_0058
TORONTO_YOR83_STU00126,TORONTO_YOR83_0108
TORONTO_YOR83_STU00126,TORONTO_YOR83_0131
TORONTO_YOR83_STU00126,TORONTO_YOR83_0152
TORONTO_YOR83_STU00126,TORONTO_YOR83_0167
TORONTO_YOR83_STU00126,TORONTO_YOR83_0174
TORONTO_YOR83_STU00127,TORONTO_YOR83_0006
TORONTO_YOR83_STU00127,TORONTO_YOR83_0027
TORONTO_YOR83_STU00127,TORONTO_YOR83_0031
TORONTO_YOR83_STU00127,TORONTO_YOR83_0072
TORONTO_YOR83_STU00127,TORONTO_YOR83_0080
TORONTO_YOR83_STU00127,TORONTO_YOR83_0111
TORONTO_YOR83_STU00127,TORONTO_YOR83_0130
TORONTO_YOR83_STU00127,TORONTO_YOR83_0153
TORONTO_YOR83_STU00128,TORONTO_YOR83_0028
TORONTO_YOR83_STU00128,TORONTO_YOR83_0058
TORONTO_YOR83_STU00128,TORONTO_YOR83_0080
TORONTO_YOR83_STU00128,TORONTO_YOR83_0107
TORONTO_YOR83_STU00128,TORONTO_YOR83_0133
TORONTO_YOR83_STU00128,TORONTO_YOR83_0153
TORONTO_YOR83_STU00128,TORONTO_YOR83_0167
TORONTO_YOR83_STU00128,TORONTO_YOR83_0173
TORONTO_YOR83_STU00129,TORONTO_YOR83_0006
TORONTO_YOR83_STU00129,TORONTO_YOR83_0031
TORONTO_YOR83_STU00129,TORONTO_YOR83_0072
TORONTO_YOR83_STU00129,TORONTO_YOR83_0079
TORONTO_YOR83_STU00129,TORONTO_YOR83_0111
TORONTO_YOR83_STU00129,TORONTO_YOR83_0121
TORONTO_YOR83_STU00129,TORONTO_YOR83_0131
TORONTO_YOR83_STU00129,TORONTO_YOR83_0154
TORONTO_YOR83_STU00130,TORONTO_YOR83_0031
TORONTO_YOR83_STU00130,TORONTO_YOR83_0060
TORONTO_YOR83_STU00130,TORONTO_YOR83_0079
TORONTO_YOR83_STU00130,TORONTO_YOR83_0109
TORONTO_YOR83_STU00130,TORONTO_YOR83_0130
TORONTO_YOR83_STU00130,TORONTO_YOR83_0154
TORONTO_YOR83_STU00130,TORONTO_YOR83_0160
TORONTO_YOR83_STU00130,TORONTO_YOR83_0173
TORONTO_YOR83_STU00131,TORONTO_YOR83_0030
TORONTO_YOR83_STU00131,TORONTO_YOR83_0060
TORONTO_YOR83_STU00131,TORONTO_YOR83_0081
TORONTO_YOR83_STU00131,TORONTO_YOR83_0110
TORONTO_YOR83_STU00131,TORONTO_YOR83_0133
TORONTO_YOR83_STU00131,TORONTO_YOR83_0153
TORONTO_YOR83_STU00131,TORONTO_YOR83_0166
TORONTO_YOR83_STU00131,TORONTO_YOR83_0173
TORONTO_YOR83_STU00132,TORONTO_YOR83_0006
TORONTO_YOR83_STU00132,TORONTO_YOR83_0031
TORONTO_YOR83_STU00132,TORONTO_YOR83_0071
TORONTO_YOR83_STU00132,TORONTO_YOR83_0110
TORONTO_YOR83_STU00132,TORONTO_YOR83_0131
TORONTO_YOR83_STU00132,TORONTO_YOR83_0154
TORONTO_YOR83_STU00132,TORONTO_YOR83_0159
TORONTO_YOR83_STU00132,TORONTO_YOR83_0174
TORONTO_YOR83_STU00133,TORONTO_YOR83_0031
TORONTO_YOR83_STU00133,TORONTO_YOR83_0059
TORONTO_YOR83_STU00133,TORONTO_YOR83_0079
TORONTO_YOR83_STU00133,TORONTO_YOR83_0110
TORONTO_YOR83_STU00133,TORONTO_YOR83_0133
TORONTO_YOR83_STU00133,TORONTO_YOR83_0153
TORONTO_YOR83_STU00133,TORONTO_YOR83_0166
TORONTO_YOR83_STU00133,TORONTO_YOR83_0174
TORONTO_YOR83_STU00134,TORONTO_YOR83_0006
TORONTO_YOR83_STU00134,TORONTO_YOR83_0031
TORONTO_YOR83_STU00134,TORONTO_YOR83_0059
TORONTO_YOR83_STU00134,TORONTO_YOR83_0080
TORONTO_YOR83_STU00134,TORONTO_YOR83_0110
TORONTO_YOR83_STU00134,TORONTO_YOR83_0130
TORONTO_YOR83_STU00134,TORONTO_YOR83_0154
TORONTO_YOR83_STU00134,TORONTO_YOR83_0159
TORONTO_YOR83_STU00135,TORONTO_YOR83_0031
TORONTO_YOR83_STU00135,TORONTO_YOR83_0059
TORONTO_YOR83_STU00135,TORONTO_YOR83_0091
TORONTO_YOR83_STU00135,TORONTO_YOR83_0110
TORONTO_YOR83_STU00135,TORONTO_YOR83_0131
TORONTO_YOR83_STU00135,TORONTO_YOR83_0154
TORONTO_YOR83_STU00135,TORONTO_YOR83_0160
TORONTO_YOR83_STU00135,TORONTO_YOR83_0173
TORONTO_YOR83_STU00136,TORONTO_YOR83_0029
TORONTO_YOR83_STU00136,TORONTO_YOR83_0070
TORONTO_YOR83_STU00136,TORONTO_YOR83_0079
TORONTO_YOR83_STU00136,TORONTO_YOR83_0109
TORONTO_YOR83_STU00136,TORONTO_YOR83_0121
TORONTO_YOR83_STU00136,TORONTO_YOR83_0130
TORONTO_YOR83_STU00136,TORONTO_YOR83_0152
TORONTO_YOR83_STU00136,TORONTO_YOR83_0160
TORONTO_YOR83_STU00137,TORONTO_YOR83_0024
TORONTO_YOR83_STU00137,TORONTO_YOR83_0031
TORONTO_YOR83_STU00137,TORONTO_YOR83_0060
TORONTO_YOR83_STU00137,TORONTO_YOR83_0079
TORONTO_YOR83_STU00137,TORONTO_YOR83_0109
TORONTO_YOR83_STU00137,TORONTO_YOR83_0132
TORONTO_YOR83_STU00137,TORONTO_YOR83_0153
TORONTO_YOR83_STU00137,TORONTO_YOR83_0160
TORONTO_YOR83_STU00138,TORONTO_YOR83_0006
TORONTO_YOR83_STU00138,TORONTO_YOR83_0031
TORONTO_YOR83_STU00138,TORONTO_YOR83_0058
TORONTO_YOR83_STU00138,TORONTO_YOR83_0107
TORONTO_YOR83_STU00138,TORONTO_YOR83_0131
TORONTO_YOR83_STU00138,TORONTO_YOR83_0152
TORONTO_YOR83_STU00138,TORONTO_YOR83_0167
TORONTO_YOR83_STU00138,TORONTO_YOR83_0174
TORONTO_YOR83_STU00139,TORONTO_YOR83_0007
TORONTO_YOR83_STU00139,TORONTO_YOR83_0030
TORONTO_YOR83_STU00139,TORONTO_YOR83_0060
TORONTO_YOR83_STU00139,TORONTO_YOR83_0081
TORONTO_YOR83_STU00139,TORONTO_YOR83_0109
TORONTO_YOR83_STU00139,TORONTO_YOR83_0133
TORONTO_YOR83_STU00139,TORONTO_YOR83_0153
TORONTO_YOR83_STU00139,TORONTO_YOR83_0166
TORONTO_YOR83_STU00140,TORONTO_YOR83_0031
TORONTO_YOR83_STU00140,TORONTO_YOR83_0071
TORONTO_YOR83_STU00140,TORONTO_YOR83_0079
TORONTO_YOR83_STU00140,TORONTO_YOR83_0110
TORONTO_YOR83_STU00140,TORONTO_YOR83_0131
TORONTO_YOR83_STU00140,TORONTO_YOR83_0154
TORONTO_YOR83_STU00140,TORONTO_YOR83_0167
TORONTO_YOR83_STU00140,TORONTO_YOR83_0173
TORONTO_YOR83_STU00141,TORONTO_YOR83_0031
TORONTO_YOR83_STU00141,TORONTO_YOR83_0071
TORONTO_YOR83_STU00141,TORONTO_YOR83_0079
TORONTO_YOR83_STU00141,TORONTO_YOR83_0110
TORONTO_YOR83_STU00141,TORONTO_YOR83_0121
TORONTO_YOR83_STU00141,TORONTO_YOR83_0133
TORONTO_YOR83_STU00141,TORONTO_YOR83_0153
TORONTO_YOR83_STU00141,TORONTO_YOR83_0173
TORONTO_YOR83_STU00142,TORONTO_YOR83_0006
TORONTO_YOR83_STU00142,TORONTO_YOR83_0027
TORONTO_YOR83_STU00142,TORONTO_YOR83_0031
TORONTO_YOR83_STU00142,TORONTO_YOR83_0059
TORONTO_YOR83_STU00142,TORONTO_YOR83_0110
TORONTO_YOR83_STU00142,TORONTO_YOR83_0130
TORONTO_YOR83_STU00142,TORONTO_YOR83_0153
TORONTO_YOR83_STU00142,TORONTO_YOR83_0174
TORONTO_YOR83_STU00143,TORONTO_YOR83_0030
TORONTO_YOR83_STU00143,TORONTO_YOR83_0060
TORONTO_YOR83_STU00143,TORONTO_YOR83_0079
TORONTO_YOR83_STU00143,TORONTO_YOR83_0110
TORONTO_YOR83_STU00143,TORONTO_YOR83_0131
TORONTO_YOR83_STU00143,TORONTO_YOR83_0154
TORONTO_YOR83_STU00143,TORONTO_YOR83_0160
TORONTO_YOR83_STU00143,TORONTO_YOR83_0166
TORONTO_YOR83_STU00144,TORONTO_YOR83_0006
TORONTO_YOR83_STU00144,TORONTO_YOR83_0031
TORONTO_YOR83_STU00144,TORONTO_YOR83_0072
TORONTO_YOR83_STU00144,TORONTO_YOR83_0079
TORONTO_YOR83_STU00144,TORONTO_YOR83_0109
TORONTO_YOR83_STU00144,TORONTO_YOR83_0121
TORONTO_YOR83_STU00144,TORONTO_YOR83_0130
TORONTO_YOR83_STU00144,TORONTO_YOR83_0154
TORONTO_YOR83_STU00145,TORONTO_YOR83_0006
TORONTO_YOR83_STU00145,TORONTO_YOR83_0030
TORONTO_YOR83_STU00145,TORONTO_YOR83_0072
TORONTO_YOR83_STU00145,TORONTO_YOR83_0108
TORONTO_YOR83_STU00145,TORONTO_YOR83_0121
TORONTO_YOR83_STU00145,TORONTO_YOR83_0131
TORONTO_YOR83_STU00145,TORONTO_YOR83_0154
TORONTO_YOR83_STU00145,TORONTO_YOR83_0166
TORONTO_YOR83_STU00146,TORONTO_YOR83_0029
TORONTO_YOR83_STU00146,TORONTO_YOR83_0059
TORONTO_YOR83_STU00146,TORONTO_YOR83_0079
TORONTO_YOR83_STU00146,TORONTO_YOR83_0091
TORONTO_YOR83_STU00146,TORONTO_YOR83_0110
TORONTO_YOR83_STU00146,TORONTO_YOR83_0121
TORONTO_YOR83_STU00146,TORONTO_YOR83_0133
TORONTO_YOR83_STU00146,TORONTO_YOR83_0153
TORONTO_YOR83_STU00147,TORONTO_YOR83_0031
TORONTO_YOR83_STU00147,TORONTO_YOR83_0049
TORONTO_YOR83_STU00147,TORONTO_YOR83_0071
TORONTO_YOR83_STU00147,TORONTO_YOR83_0079
TORONTO_YOR83_STU00147,TORONTO_YOR83_0109
TORONTO_YOR83_STU00147,TORONTO_YOR83_0130
TORONTO_YOR83_STU00147,TORONTO_YOR83_0154
TORONTO_YOR83_STU00147,TORONTO_YOR83_0160
TORONTO_YOR83_STU00148,TORONTO_YOR83_0024
TORONTO_YOR83_STU00148,TORONTO_YOR83_0030
TORONTO_YOR83_STU00148,TORONTO_YOR83_0072
TORONTO_YOR83_STU00148,TORONTO_YOR83_0079
TORONTO_YOR83_STU00148,TORONTO_YOR83_0110
TORONTO_YOR83_STU00148,TORONTO_YOR83_0132
TORONTO_YOR83_STU00148,TORONTO_YOR83_0153
TORONTO_YOR83_STU00149,TORONTO_YOR83_0007
TORONTO_YOR83_STU00149,TORONTO_YOR83_0030
TORONTO_YOR83_STU00149,TORONTO_YOR83_0059
TORONTO_YOR83_STU00149,TORONTO_YOR83_0110
TORONTO_YOR83_STU00149,TORONTO_YOR83_0131
TORONTO_YOR83_STU00149,TORONTO_YOR83_0154
TORONTO_YOR83_STU00149,TORONTO_YOR83_0160
TORONTO_YOR83_STU00149,TORONTO_YOR83_0166
TORONTO_YOR83_STU00150,TORONTO_YOR83_0007
TORONTO_YOR83_STU00150,TORONTO_YOR83_0030
TORONTO_YOR83_STU00150,TORONTO_YOR83_0059
TORONTO_YOR83_STU00150,TORONTO_YOR83_0080
TORONTO_YOR83_STU00150,TORONTO_YOR83_0110
TORONTO_YOR83_STU00150,TORONTO_YOR83_0133
TORONTO_YOR83_STU00150,TORONTO_YOR83_0153
TORONTO_YOR83_STU00150,TORONTO_YOR83_0166
TORONTO_YOR83_STU00151,TORONTO_YOR83_0030
TORONTO_YOR83_STU00151,TORONTO_YOR83_0059
TORONTO_YOR83_STU00151,TORONTO_YOR83_0080
TORONTO_YOR83_STU00151,TORONTO_YOR83_0110
TORONTO_YOR83_STU00151,TORONTO_YOR83_0133
TORONTO_YOR83_STU00151,TORONTO_YOR83_0153
TORONTO_YOR83_STU00151,TORONTO_YOR83_0159
TORONTO_YOR83_STU00151,TORONTO_YOR83_0167
TORONTO_YOR83_STU00152,TORONTO_YOR83_0030
TORONTO_YOR83_STU00152,TORONTO_YOR83_0072
TORONTO_YOR83_STU00152,TORONTO_YOR83_0079
TORONTO_YOR83_STU00152,TORONTO_YOR83_0091
TORONTO_YOR83_STU00152,TORONTO_YOR83_0110
TORONTO_YOR83_STU00152,TORONTO_YOR83_0121
TORONTO_YOR83_STU00152,TORONTO_YOR83_0130
TORONTO_YOR83_STU00152,TORONTO_YOR83_0154
TORONTO_YOR83_STU00153,TORONTO_YOR83_0006
TORONTO_YOR83_STU00153,TORONTO_YOR83_0031
TORONTO_YOR83_STU00153,TORONTO_YOR83_0072
TORONTO_YOR83_STU00153,TORONTO_YOR83_0109
TORONTO_YOR83_STU00153,TORONTO_YOR83_0121
TORONTO_YOR83_STU00153,TORONTO_YOR83_0133
TORONTO_YOR83_STU00153,TORONTO_YOR83_0153
TORONTO_YOR83_STU00153,TORONTO_YOR83_0166
TORONTO_YOR83_STU00154,TORONTO_YOR83_0024
TORONTO_YOR83_STU00154,TORONTO_YOR83_0028
TORONTO_YOR83_STU00154,TORONTO_YOR83_0070
TORONTO_YOR83_STU00154,TORONTO_YOR83_0108
TORONTO_YOR83_STU00154,TORONTO_YOR83_0131
TORONTO_YOR83_STU00154,TORONTO_YOR83_0152
TORONTO_YOR83_STU00154,TORONTO_YOR83_0167
TORONTO_YOR83_STU00154,TORONTO_YOR83_0174
TORONTO_YOR83_STU00155,TORONTO_YOR83_0007
TORONTO_YOR83_STU00155,TORONTO_YOR83_0030
TORONTO_YOR83_STU00155,TORONTO_YOR83_0072
TORONTO_YOR83_STU00155,TORONTO_YOR83_0094
TORONTO_YOR83_STU00155,TORONTO_YOR83_0107
TORONTO_YOR83_STU00155,TORONTO_YOR83_0131
TORONTO_YOR83_STU00155,TORONTO_YOR83_0154
TORONTO_YOR83_STU00155,TORONTO_YOR83_0166
TORONTO_YOR83_STU00156,TORONTO_YOR83_0007
TORONTO_YOR83_STU00156,TORONTO_YOR83_0030
TORONTO_YOR83_STU00156,TORONTO_YOR83_0059
TORONTO_YOR83_STU00156,TORONTO_YOR83_0094
TORONTO_YOR83_STU00156,TORONTO_YOR83_0110
TORONTO_YOR83_STU00156,TORONTO_YOR83_0121
TORONTO_YOR83_STU00156,TORONTO_YOR83_0130
TORONTO_YOR83_STU00156,TORONTO_YOR83_0153
TORONTO_YOR83_STU00157,TORONTO_YOR83_0031
TORONTO_YOR83_STU00157,TORONTO_YOR83_0059
TORONTO_YOR83_STU00157,TORONTO_YOR83_0079
TORONTO_YOR83_STU00157,TORONTO_YOR83_0110
TORONTO_YOR83_STU00157,TORONTO_YOR83_0121
TORONTO_YOR83_STU00157,TORONTO_YOR83_0132
TORONTO_YOR83_STU00157,TORONTO_YOR83_0153
TORONTO_YOR83_STU00157,TORONTO_YOR83_0159
TORONTO_YOR83_STU00158,TORONTO_YOR83_0031
TORONTO_YOR83_STU00158,TORONTO_YOR83_0059
TORONTO_YOR83_STU00158,TORONTO_YOR83_0079
TORONTO_YOR83_STU00158,TORONTO_YOR83_0110
TORONTO_YOR83_STU00158,TORONTO_YOR83_0121
TORONTO_YOR83_STU00158,TORONTO_YOR83_0132
TORONTO_YOR83_STU00158,TORONTO_YOR83_0153
TORONTO_YOR83_STU00158,TORONTO_YOR83_0159
TORONTO_YOR83_STU00159,TORONTO_YOR83_0037
TORONTO_YOR83_STU00159,TORONTO_YOR83_0043
TORONTO_YOR83_STU00159,TORONTO_YOR83_0090
TORONTO_YOR83_STU00159,TORONTO_YOR83_0114
TORONTO_YOR83_STU00159,TORONTO_YOR83_0119
TORONTO_YOR83_STU00159,TORONTO_YOR83_0151
TORONTO_YOR83_STU00159,TORONTO_YOR83_0155
TORONTO_YOR83_STU00160,TORONTO_YOR83_0005
TORONTO_YOR83_STU00160,TORONTO_YOR83_0006
TORONTO_YOR83_STU00160,TORONTO_YOR83_0013
TORONTO_YOR83_STU00160,TORONTO_YOR83_0017
TORONTO_YOR83_STU00160,TORONTO_YOR83_0035
TORONTO_YOR83_STU00160,TORONTO_YOR83_0141
TORONTO_YOR83_STU00160,TORONTO_YOR83_0159
TORONTO_YOR83_STU00160,TORONTO_YOR83_0171
TORONTO_YOR83_STU00161,TORONTO_YOR83_0040
TORONTO_YOR83_STU00161,TORONTO_YOR83_0048
TORONTO_YOR83_STU00161,TORONTO_YOR83_0088
TORONTO_YOR83_STU00161,TORONTO_YOR83_0124
TORONTO_YOR83_STU00161,TORONTO_YOR83_0146
TORONTO_YOR83_STU00161,TORONTO_YOR83_0165
TORONTO_YOR83_STU00162,TORONTO_YOR83_0009
TORONTO_YOR83_STU00162,TORONTO_YOR83_0042
TORONTO_YOR83_STU00162,TORONTO_YOR83_0053
TORONTO_YOR83_STU00162,TORONTO_YOR83_0066
TORONTO_YOR83_STU00162,TORONTO_YOR83_0088
TORONTO_YOR83_STU00162,TORONTO_YOR83_0089
TORONTO_YOR83_STU00162,TORONTO_YOR83_0103
TORONTO_YOR83_STU00163,TORONTO_YOR83_0034
TORONTO_YOR83_STU00163,TORONTO_YOR83_0063
TORONTO_YOR83_STU00163,TORONTO_YOR83_0082
TORONTO_YOR83_STU00163,TORONTO_YOR83_0104
TORONTO_YOR83_STU00163,TORONTO_YOR83_0114
TORONTO_YOR83_STU00163,TORONTO_YOR83_0144
TORONTO_YOR83_STU00163,TORONTO_YOR83_0155
TORONTO_YOR83_STU00163,TORONTO_YOR83_0170
TORONTO_YOR83_STU00164,TORONTO_YOR83_0010
TORONTO_YOR83_STU00164,TORONTO_YOR83_0040
TORONTO_YOR83_STU00164,TORONTO_YOR83_0053
TORONTO_YOR83_STU00164,TORONTO_YOR83_0068
TORONTO_YOR83_STU00164,TORONTO_YOR83_0090
TORONTO_YOR83_STU00164,TORONTO_YOR83_0100
TORONTO_YOR83_STU00165,TORONTO_YOR83_0009
TORONTO_YOR83_STU00165,TORONTO_YOR83_0019
TORONTO_YOR83_STU00165,TORONTO_YOR83_0040
TORONTO_YOR83_STU00165,TORONTO_YOR83_0089
TORONTO_YOR83_STU00166,TORONTO_YOR83_0042
TORONTO_YOR83_STU00166,TORONTO_YOR83_0048
TORONTO_YOR83_STU00166,TORONTO_YOR83_0075
TORONTO_YOR83_STU00166,TORONTO_YOR83_0089
TORONTO_YOR83_STU00166,TORONTO_YOR83_0099
TORONTO_YOR83_STU00166,TORONTO_YOR83_0100
TORONTO_YOR83_STU00166,TORONTO_YOR83_0164
TORONTO_YOR83_STU00167,TORONTO_YOR83_0011
TORONTO_YOR83_STU00167,TORONTO_YOR83_0018
TORONTO_YOR83_STU00167,TORONTO_YOR83_0033
TORONTO_YOR83_STU00167,TORONTO_YOR83_0069
TORONTO_YOR83_STU00167,TORONTO_YOR83_0113
TORONTO_YOR83_STU00167,TORONTO_YOR83_0162
TORONTO_YOR83_STU00168,TORONTO_YOR83_0047
TORONTO_YOR83_STU00168,TORONTO_YOR83_0074
TORONTO_YOR83_STU00168,TORONTO_YOR83_0090
TORONTO_YOR83_STU00168,TORONTO_YOR83_0103
TORONTO_YOR83_STU00168,TORONTO_YOR83_0118
TORONTO_YOR83_STU00168,TORONTO_YOR83_0180
TORONTO_YOR83_STU00169,TORONTO_YOR83_0040
TORONTO_YOR83_STU00169,TORONTO_YOR83_0054
TORONTO_YOR83_STU00169,TORONTO_YOR83_0118
TORONTO_YOR83_STU00169,TORONTO_YOR83_0140
TORONTO_YOR83_STU00169,TORONTO_YOR83_0146
TORONTO_YOR83_STU00169,TORONTO_YOR83_0148
TORONTO_YOR83_STU00169,TORONTO_YOR83_0151
TORONTO_YOR83_STU00170,TORONTO_YOR83_0004
TORONTO_YOR83_STU00170,TORONTO_YOR83_0040
TORONTO_YOR83_STU00170,TORONTO_YOR83_0101
TORONTO_YOR83_STU00170,TORONTO_YOR83_0102
TORONTO_YOR83_STU00170,TORONTO_YOR83_0157
TORONTO_YOR83_STU00170,TORONTO_YOR83_0179
TORONTO_YOR83_STU00171,TORONTO_YOR83_0039
TORONTO_YOR83_STU00171,TORONTO_YOR83_0076
TORONTO_YOR83_STU00171,TORONTO_YOR83_0087
TORONTO_YOR83_STU00171,TORONTO_YOR83_0118
TORONTO_YOR83_STU00171,TORONTO_YOR83_0140
TORONTO_YOR83_STU00171,TORONTO_YOR83_0148
TORONTO_YOR83_STU00171,TORONTO_YOR83_0178
TORONTO_YOR83_STU00172,TORONTO_YOR83_0037
TORONTO_YOR83_STU00172,TORONTO_YOR83_0043
TORONTO_YOR83_STU00172,TORONTO_YOR83_0056
TORONTO_YOR83_STU00172,TORONTO_YOR83_0086
TORONTO_YOR83_STU00172,TORONTO_YOR83_0116
TORONTO_YOR83_STU00172,TORONTO_YOR83_0123
TORONTO_YOR83_STU00172,TORONTO_YOR83_0140
TORONTO_YOR83_STU00172,TORONTO_YOR83_0142
TORONTO_YOR83_STU00173,TORONTO_YOR83_0034
TORONTO_YOR83_STU00173,TORONTO_YOR83_0084
TORONTO_YOR83_STU00173,TORONTO_YOR83_0095
TORONTO_YOR83_STU00173,TORONTO_YOR83_0114
TORONTO_YOR83_STU00173,TORONTO_YOR83_0122
TORONTO_YOR83_STU00173,TORONTO_YOR83_0143
TORONTO_YOR83_STU00173,TORONTO_YOR83_0155
TORONTO_YOR83_STU00173,TORONTO_YOR83_0176
TORONTO_YOR83_STU00174,TORONTO_YOR83_0034
TORONTO_YOR83_STU00174,TORONTO_YOR83_0058
TORONTO_YOR83_STU00174,TORONTO_YOR83_0109
TORONTO_YOR83_STU00174,TORONTO_YOR83_0115
TORONTO_YOR83_STU00174,TORONTO_YOR83_0137
TORONTO_YOR83_STU00174,TORONTO_YOR83_0168
TORONTO_YOR83_STU00174,TORONTO_YOR83_0169
TORONTO_YOR83_STU00175,TORONTO_YOR83_0037
TORONTO_YOR83_STU00175,TORONTO_YOR83_0043
TORONTO_YOR83_STU00175,TORONTO_YOR83_0073
TORONTO_YOR83_STU00175,TORONTO_YOR83_0086
TORONTO_YOR83_STU00175,TORONTO_YOR83_0118
TORONTO_YOR83_STU00175,TORONTO_YOR83_0141
TORONTO_YOR83_STU00175,TORONTO_YOR83_0143
TORONTO_YOR83_STU00175,TORONTO_YOR83_0149
TORONTO_YOR83_STU00176,TORONTO_YOR83_0004
TORONTO_YOR83_STU00176,TORONTO_YOR83_0037
TORONTO_YOR83_STU00176,TORONTO_YOR83_0087
TORONTO_YOR83_STU00176,TORONTO_YOR83_0090
TORONTO_YOR83_STU00176,TORONTO_YOR83_0103
TORONTO_YOR83_STU00176,TORONTO_YOR83_0118
TORONTO_YOR83_STU00176,TORONTO_YOR83_0148
TORONTO_YOR83_STU00177,TORONTO_YOR83_0031
TORONTO_YOR83_STU00177,TORONTO_YOR83_0072
TORONTO_YOR83_STU00177,TORONTO_YOR83_0079
TORONTO_YOR83_STU00177,TORONTO_YOR83_0083
TORONTO_YOR83_STU00177,TORONTO_YOR83_0109
TORONTO_YOR83_STU00177,TORONTO_YOR83_0125
TORONTO_YOR83_STU00177,TORONTO_YOR83_0133
TORONTO_YOR83_STU00177,TORONTO_YOR83_0153
TORONTO_YOR83_STU00178,TORONTO_YOR83_0037
TORONTO_YOR83_STU00178,TORONTO_YOR83_0085
TORONTO_YOR83_STU00178,TORONTO_YOR83_0103
TORONTO_YOR83_STU00178,TORONTO_YOR83_0118
TORONTO_YOR83_STU00178,TORONTO_YOR83_0148
TORONTO_YOR83_STU00178,TORONTO_YOR83_0151
TORONTO_YOR83_STU00178,TORONTO_YOR83_0158
TORONTO_YOR83_STU00179,TORONTO_YOR83_0039
TORONTO_YOR83_STU00179,TORONTO_YOR83_0087
TORONTO_YOR83_STU00179,TORONTO_YOR83_0101
TORONTO_YOR83_STU00179,TORONTO_YOR83_0102
TORONTO_YOR83_STU00179,TORONTO_YOR83_0146
TORONTO_YOR83_STU00179,TORONTO_YOR83_0148
TORONTO_YOR83_STU00180,TORONTO_YOR83_0003
TORONTO_YOR83_STU00180,TORONTO_YOR83_0014
TORONTO_YOR83_STU00180,TORONTO_YOR83_0023
TORONTO_YOR83_STU00180,TORONTO_YOR83_0040
TORONTO_YOR83_STU00180,TORONTO_YOR83_0119
TORONTO_YOR83_STU00180,TORONTO_YOR83_0178
TORONTO_YOR83_STU00181,TORONTO_YOR83_0001
TORONTO_YOR83_STU00181,TORONTO_YOR83_0034
TORONTO_YOR83_STU00181,TORONTO_YOR83_0064
TORONTO_YOR83_STU00181,TORONTO_YOR83_0084
TORONTO_YOR83_STU00181,TORONTO_YOR83_0114
TORONTO_YOR83_STU00181,TORONTO_YOR83_0134
TORONTO_YOR83_STU00181,TORONTO_YOR83_0144
TORONTO_YOR83_STU00181,TORONTO_YOR83_0156
TORONTO_YOR83_STU00182,TORONTO_YOR83_0020
TORONTO_YOR83_STU00182,TORONTO_YOR83_0041
TORONTO_YOR83_STU00182,TORONTO_YOR83_0073
TORONTO_YOR83_STU00182,TORONTO_YOR83_0075
TORONTO_YOR83_STU00183,TORONTO_YOR83_0021
TORONTO_YOR83_STU00183,TORONTO_YOR83_0034
TORONTO_YOR83_STU00183,TORONTO_YOR83_0084
TORONTO_YOR83_STU00183,TORONTO_YOR83_0105
TORONTO_YOR83_STU00183,TORONTO_YOR83_0114
TORONTO_YOR83_STU00183,TORONTO_YOR83_0129
TORONTO_YOR83_STU00183,TORONTO_YOR83_0143
TORONTO_YOR83_STU00183,TORONTO_YOR83_0155
TORONTO_YOR83_STU00184,TORONTO_YOR83_0040
TORONTO_YOR83_STU00184,TORONTO_YOR83_0074
TORONTO_YOR83_STU00184,TORONTO_YOR83_0090
TORONTO_YOR83_STU00184,TORONTO_YOR83_0101
TORONTO_YOR83_STU00184,TORONTO_YOR83_0150
TORONTO_YOR83_STU00184,TORONTO_YOR83_0158
TORONTO_YOR83_STU00185,TORONTO_YOR83_0001
TORONTO_YOR83_STU00185,TORONTO_YOR83_0011
TORONTO_YOR83_STU00185,TORONTO_YOR83_0032
TORONTO_YOR83_STU00185,TORONTO_YOR83_0078
TORONTO_YOR83_STU00185,TORONTO_YOR83_0095
TORONTO_YOR83_STU00185,TORONTO_YOR83_0113
TORONTO_YOR83_STU00185,TORONTO_YOR83_0162
TORONTO_YOR83_STU00186,TORONTO_YOR83_0024
TORONTO_YOR83_STU00186,TORONTO_YOR83_0034
TORONTO_YOR83_STU00186,TORONTO_YOR83_0078
TORONTO_YOR83_STU00186,TORONTO_YOR83_0113
TORONTO_YOR83_STU00186,TORONTO_YOR83_0136
TORONTO_YOR83_STU00186,TORONTO_YOR83_0143
TORONTO_YOR83_STU00187,TORONTO_YOR83_0003
TORONTO_YOR83_STU00187,TORONTO_YOR83_0010
TORONTO_YOR83_STU00187,TORONTO_YOR83_0068
TORONTO_YOR83_STU00187,TORONTO_YOR83_0075
TORONTO_YOR83_STU00187,TORONTO_YOR83_0101
TORONTO_YOR83_STU00187,TORONTO_YOR83_0102
TORONTO_YOR83_STU00188,TORONTO_YOR83_0047
TORONTO_YOR83_STU00188,TORONTO_YOR83_0068
TORONTO_YOR83_STU00188,TORONTO_YOR83_0073
TORONTO_YOR83_STU00188,TORONTO_YOR83_0124
TORONTO_YOR83_STU00189,TORONTO_YOR83_0037
TORONTO_YOR83_STU00189,TORONTO_YOR83_0043
TORONTO_YOR83_STU00189,TORONTO_YOR83_0055
TORONTO_YOR83_STU00189,TORONTO_YOR83_0077
TORONTO_YOR83_STU00189,TORONTO_YOR83_0090
TORONTO_YOR83_STU00189,TORONTO_YOR83_0091
TORONTO_YOR83_STU00190,TORONTO_YOR83_0056
TORONTO_YOR83_STU00190,TORONTO_YOR83_0119
TORONTO_YOR83_STU00190,TORONTO_YOR83_0142
TORONTO_YOR83_STU00190,TORONTO_YOR83_0143
TORONTO_YOR83_STU00190,TORONTO_YOR83_0146
TORONTO_YOR83_STU00190,TORONTO_YOR83_0148
TORONTO_YOR83_STU00191,TORONTO_YOR83_0010
TORONTO_YOR83_STU00191,TORONTO_YOR83_0040
TORONTO_YOR83_STU00191,TORONTO_YOR83_0114
TORONTO_YOR83_STU00191,TORONTO_YOR83_0119
TORONTO_YOR83_STU00191,TORONTO_YOR83_0148
TORONTO_YOR83_STU00191,TORONTO_YOR83_0151
TORONTO_YOR83_STU00192,TORONTO_YOR83_0002
TORONTO_YOR83_STU00192,TORONTO_YOR83_0033
TORONTO_YOR83_STU00192,TORONTO_YOR83_0104
TORONTO_YOR83_STU00192,TORONTO_YOR83_0109
TORONTO_YOR83_STU00192,TORONTO_YOR83_0123
TORONTO_YOR83_STU00192,TORONTO_YOR83_0126
TORONTO_YOR83_STU00192,TORONTO_YOR83_0156
TORONTO_YOR83_STU00193,TORONTO_YOR83_0011
TORONTO_YOR83_STU00193,TORONTO_YOR83_0032
TORONTO_YOR83_STU00193,TORONTO_YOR83_0120
TORONTO_YOR83_STU00193,TORONTO_YOR83_0134
TORONTO_YOR83_STU00193,TORONTO_YOR83_0143
TORONTO_YOR83_STU00193,TORONTO_YOR83_0162
TORONTO_YOR83_STU00193,TORONTO_YOR83_0175
TORONTO_YOR83_STU00194,TORONTO_YOR83_0011
TORONTO_YOR83_STU00194,TORONTO_YOR83_0018
TORONTO_YOR83_STU00194,TORONTO_YOR83_0034
TORONTO_YOR83_STU00194,TORONTO_YOR83_0113
TORONTO_YOR83_STU00194,TORONTO_YOR83_0122
TORONTO_YOR83_STU00194,TORONTO_YOR83_0134
TORONTO_YOR83_STU00194,TORONTO_YOR83_0156
TORONTO_YOR83_STU00194,TORONTO_YOR83_0162
TORONTO_YOR83_STU00195,TORONTO_YOR83_0037
TORONTO_YOR83_STU00195,TORONTO_YOR83_0043
TORONTO_YOR83_STU00195,TORONTO_YOR83_0103
TORONTO_YOR83_STU00195,TORONTO_YOR83_0118
TORONTO_YOR83_STU00195,TORONTO_YOR83_0141
TORONTO_YOR83_STU00195,TORONTO_YOR83_0148
TORONTO_YOR83_STU00195,TORONTO_YOR83_0171
TORONTO_YOR83_STU00196,TORONTO_YOR83_0039
TORONTO_YOR83_STU00196,TORONTO_YOR83_0087
TORONTO_YOR83_STU00196,TORONTO_YOR83_0103
TORONTO_YOR83_STU00196,TORONTO_YOR83_0118
TORONTO_YOR83_STU00196,TORONTO_YOR83_0138
TORONTO_YOR83_STU00196,TORONTO_YOR83_0148
TORONTO_YOR83_STU00196,TORONTO_YOR83_0151
TORONTO_YOR83_STU00197,TORONTO_YOR83_0011
TORONTO_YOR83_STU00197,TORONTO_YOR83_0014
TORONTO_YOR83_STU00197,TORONTO_YOR83_0032
TORONTO_YOR83_STU00197,TORONTO_YOR83_0113
TORONTO_YOR83_STU00197,TORONTO_YOR83_0122
TORONTO_YOR83_STU00197,TORONTO_YOR83_0129
TORONTO_YOR83_STU00197,TORONTO_YOR83_0152
TORONTO_YOR83_STU00197,TORONTO_YOR83_0161
TORONTO_YOR83_STU00198,TORONTO_YOR83_0003
TORONTO_YOR83_STU00198,TORONTO_YOR83_0039
TORONTO_YOR83_STU00198,TORONTO_YOR83_0078
TORONTO_YOR83_STU00198,TORONTO_YOR83_0089
TORONTO_YOR83_STU00198,TORONTO_YOR83_0103
TORONTO_YOR83_STU00198,TORONTO_YOR83_0118
TORONTO_YOR83_STU00198,TORONTO_YOR83_0149
TORONTO_YOR83_STU00199,TORONTO_YOR83_0033
TORONTO_YOR83_STU00199,TORONTO_YOR83_0039
TORONTO_YOR83_STU00199,TORONTO_YOR83_0079
TORONTO_YOR83_STU00199,TORONTO_YOR83_0083
TORONTO_YOR83_STU00199,TORONTO_YOR83_0109
TORONTO_YOR83_STU00199,TORONTO_YOR83_0115
TORONTO_YOR83_STU00199,TORONTO_YOR83_0153
TORONTO_YOR83_STU00199,TORONTO_YOR83_0156
TORONTO_YOR83_STU00200,TORONTO_YOR83_0043
TORONTO_YOR83_STU00200,TORONTO_YOR83_0065
TORONTO_YOR83_STU00200,TORONTO_YOR83_0100
TORONTO_YOR83_STU00200,TORONTO_YOR83_0124
TORONTO_YOR83_STU00200,TORONTO_YOR83_0146
TORONTO_YOR83_STU00200,TORONTO_YOR83_0150
TORONTO_YOR83_STU00200,TORONTO_YOR83_0158
TORONTO_YOR83_STU00201,TORONTO_YOR83_0014
TORONTO_YOR83_STU00201,TORONTO_YOR83_0017
TORONTO_YOR83_STU00201,TORONTO_YOR83_0018
TORONTO_YOR83_STU00201,TORONTO_YOR83_0036
TORONTO_YOR83_STU00201,TORONTO_YOR83_0051
TORONTO_YOR83_STU00201,TORONTO_YOR83_0161
TORONTO_YOR83_STU00201,TORONTO_YOR83_0175
TORONTO_YOR83_STU00202,TORONTO_YOR83_0013
TORONTO_YOR83_STU00202,TORONTO_YOR83_0037
TORONTO_YOR83_STU00202,TORONTO_YOR83_0055
TORONTO_YOR83_STU00203,TORONTO_YOR83_0010
TORONTO_YOR83_STU00203,TORONTO_YOR83_0027
TORONTO_YOR83_STU00203,TORONTO_YOR83_0040
TORONTO_YOR83_STU00203,TORONTO_YOR83_0044
TORONTO_YOR83_STU00203,TORONTO_YOR83_0053
TORONTO_YOR83_STU00203,TORONTO_YOR83_0065
TORONTO_YOR83_STU00203,TORONTO_YOR83_0074
TORONTO_YOR83_STU00203,TORONTO_YOR83_0093
TORONTO_YOR83_STU00204,TORONTO_YOR83_0043
TORONTO_YOR83_STU00204,TORONTO_YOR83_0099
TORONTO_YOR83_STU00204,TORONTO_YOR83_0101
TORONTO_YOR83_STU00204,TORONTO_YOR83_0102
TORONTO_YOR83_STU00204,TORONTO_YOR83_0145
TORONTO_YOR83_STU00204,TORONTO_YOR83_0150
TORONTO_YOR83_STU00204,TORONTO_YOR83_0157
TORONTO_YOR83_STU00205,TORONTO_YOR83_0011
TORONTO_YOR83_STU00205,TORONTO_YOR83_0034
TORONTO_YOR83_STU00205,TORONTO_YOR83_0084
TORONTO_YOR83_STU00205,TORONTO_YOR83_0105
TORONTO_YOR83_STU00205,TORONTO_YOR83_0109
TORONTO_YOR83_STU00205,TORONTO_YOR83_0115
TORONTO_YOR83_STU00205,TORONTO_YOR83_0125
TORONTO_YOR83_STU00205,TORONTO_YOR83_0153
TORONTO_YOR83_STU00206,TORONTO_YOR83_0040
TORONTO_YOR83_STU00206,TORONTO_YOR83_0100
TORONTO_YOR83_STU00206,TORONTO_YOR83_0102
TORONTO_YOR83_STU00207,TORONTO_YOR83_0003
TORONTO_YOR83_STU00207,TORONTO_YOR83_0010
TORONTO_YOR83_STU00207,TORONTO_YOR83_0040
TORONTO_YOR83_STU00207,TORONTO_YOR83_0128
TORONTO_YOR83_STU00207,TORONTO_YOR83_0142
TORONTO_YOR83_STU00207,TORONTO_YOR83_0181
TORONTO_YOR83_STU00208,TORONTO_YOR83_0037
TORONTO_YOR83_STU00208,TORONTO_YOR83_0086
TORONTO_YOR83_STU00208,TORONTO_YOR83_0103
TORONTO_YOR83_STU00208,TORONTO_YOR83_0118
TORONTO_YOR83_STU00208,TORONTO_YOR83_0123
TORONTO_YOR83_STU00208,TORONTO_YOR83_0140
TORONTO_YOR83_STU00208,TORONTO_YOR83_0148
TORONTO_YOR83_STU00208,TORONTO_YOR83_0151
TORONTO_YOR83_STU00209,TORONTO_YOR83_0004
TORONTO_YOR83_STU00209,TORONTO_YOR83_0037
TORONTO_YOR83_STU00209,TORONTO_YOR83_0043
TORONTO_YOR83_STU00209,TORONTO_YOR83_0085
TORONTO_YOR83_STU00209,TORONTO_YOR83_0090
TORONTO_YOR83_STU00209,TORONTO_YOR83_0118
TORONTO_YOR83_STU00209,TORONTO_YOR83_0163
TORONTO_YOR83_STU00210,TORONTO_YOR83_0012
TORONTO_YOR83_STU00210,TORONTO_YOR83_0015
TORONTO_YOR83_STU00210,TORONTO_YOR83_0016
TORONTO_YOR83_STU00210,TORONTO_YOR83_0033
TORONTO_YOR83_STU00210,TORONTO_YOR83_0050
TORONTO_YOR83_STU00210,TORONTO_YOR83_0054
TORONTO_YOR83_STU00210,TORONTO_YOR83_0136
TORONTO_YOR83_STU00210,TORONTO_YOR83_0163
TORONTO_YOR83_STU00211,TORONTO_YOR83_0033
TORONTO_YOR83_STU00211,TORONTO_YOR83_0069
TORONTO_YOR83_STU00211,TORONTO_YOR83_0083
TORONTO_YOR83_STU00211,TORONTO_YOR83_0114
TORONTO_YOR83_STU00211,TORONTO_YOR83_0129
TORONTO_YOR83_STU00211,TORONTO_YOR83_0143
TORONTO_YOR83_STU00211,TORONTO_YOR83_0161
TORONTO_YOR83_STU00211,TORONTO_YOR83_0176
TORONTO_YOR83_STU00212,TORONTO_YOR83_0039
TORONTO_YOR83_STU00212,TORONTO_YOR83_0087
TORONTO_YOR83_STU00212,TORONTO_YOR83_0090
TORONTO_YOR83_STU00212,TORONTO_YOR83_0103
TORONTO_YOR83_STU00212,TORONTO_YOR83_0118
TORONTO_YOR83_STU00212,TORONTO_YOR83_0148
TORONTO_YOR83_STU00213,TORONTO_YOR83_0040
TORONTO_YOR83_STU00213,TORONTO_YOR83_0073
TORONTO_YOR83_STU00213,TORONTO_YOR83_0089
TORONTO_YOR83_STU00213,TORONTO_YOR83_0164
TORONTO_YOR83_STU00214,TORONTO_YOR83_0002
TORONTO_YOR83_STU00214,TORONTO_YOR83_0011
TORONTO_YOR83_STU00214,TORONTO_YOR83_0034
TORONTO_YOR83_STU00214,TORONTO_YOR83_0114
TORONTO_YOR83_STU00214,TORONTO_YOR83_0122
TORONTO_YOR83_STU00214,TORONTO_YOR83_0134
TORONTO_YOR83_STU00214,TORONTO_YOR83_0156
TORONTO_YOR83_STU00214,TORONTO_YOR83_0162
TORONTO_YOR83_STU00215,TORONTO_YOR83_0012
TORONTO_YOR83_STU00215,TORONTO_YOR83_0033
TORONTO_YOR83_STU00215,TORONTO_YOR83_0069
TORONTO_YOR83_STU00215,TORONTO_YOR83_0107
TORONTO_YOR83_STU00215,TORONTO_YOR83_0113
TORONTO_YOR83_STU00215,TORONTO_YOR83_0135
TORONTO_YOR83_STU00215,TORONTO_YOR83_0155
TORONTO_YOR83_STU00215,TORONTO_YOR83_0170
TORONTO_YOR83_STU00216,TORONTO_YOR83_0023
TORONTO_YOR83_STU00216,TORONTO_YOR83_0037
TORONTO_YOR83_STU00216,TORONTO_YOR83_0043
TORONTO_YOR83_STU00216,TORONTO_YOR83_0057
TORONTO_YOR83_STU00216,TORONTO_YOR83_0118
TORONTO_YOR83_STU00216,TORONTO_YOR83_0129
TORONTO_YOR83_STU00217,TORONTO_YOR83_0003
TORONTO_YOR83_STU00217,TORONTO_YOR83_0040
TORONTO_YOR83_STU00217,TORONTO_YOR83_0048
TORONTO_YOR83_STU00217,TORONTO_YOR83_0053
TORONTO_YOR83_STU00217,TORONTO_YOR83_0068
TORONTO_YOR83_STU00217,TORONTO_YOR83_0165
TORONTO_YOR83_STU00218,TORONTO_YOR83_0040
TORONTO_YOR83_STU00218,TORONTO_YOR83_0048
TORONTO_YOR83_STU00218,TORONTO_YOR83_0090
TORONTO_YOR83_STU00218,TORONTO_YOR83_0102
TORONTO_YOR83_STU00218,TORONTO_YOR83_0124
TORONTO_YOR83_STU00218,TORONTO_YOR83_0146
TORONTO_YOR83_STU00219,TORONTO_YOR83_0021
TORONTO_YOR83_STU00219,TORONTO_YOR83_0037
TORONTO_YOR83_STU00219,TORONTO_YOR83_0043
TORONTO_YOR83_STU00219,TORONTO_YOR83_0065
TORONTO_YOR83_STU00219,TORONTO_YOR83_0086
TORONTO_YOR83_STU00219,TORONTO_YOR83_0103
TORONTO_YOR83_STU00219,TORONTO_YOR83_0123
TORONTO_YOR83_STU00220,TORONTO_YOR83_0042
TORONTO_YOR83_STU00220,TORONTO_YOR83_0068
TORONTO_YOR83_STU00220,TORONTO_YOR83_0074
TORONTO_YOR83_STU00221,TORONTO_YOR83_0088
TORONTO_YOR83_STU00221,TORONTO_YOR83_0102
TORONTO_YOR83_STU00221,TORONTO_YOR83_0164
TORONTO_YOR83_STU00222,TORONTO_YOR83_0009
TORONTO_YOR83_STU00222,TORONTO_YOR83_0100
TORONTO_YOR83_STU00222,TORONTO_YOR83_0102
TORONTO_YOR83_STU00222,TORONTO_YOR83_0157
TORONTO_YOR83_STU00223,TORONTO_YOR83_0003
TORONTO_YOR83_STU00223,TORONTO_YOR83_0009
TORONTO_YOR83_STU00223,TORONTO_YOR83_0019
TORONTO_YOR83_STU00223,TORONTO_YOR83_0040
TORONTO_YOR83_STU00224,TORONTO_YOR83_0037
TORONTO_YOR83_STU00224,TORONTO_YOR83_0043
TORONTO_YOR83_STU00224,TORONTO_YOR83_0087
TORONTO_YOR83_STU00224,TORONTO_YOR83_0090
TORONTO_YOR83_STU00224,TORONTO_YOR83_0094
TORONTO_YOR83_STU00224,TORONTO_YOR83_0103
TORONTO_YOR83_STU00224,TORONTO_YOR83_0118
TORONTO_YOR83_STU00224,TORONTO_YOR83_0148
TORONTO_YOR83_STU00225,TORONTO_YOR83_0002
TORONTO_YOR83_STU00225,TORONTO_YOR83_0043
TORONTO_YOR83_STU00225,TORONTO_YOR83_0101
TORONTO_YOR83_STU00225,TORONTO_YOR83_0102
TORONTO_YOR83_STU00225,TORONTO_YOR83_0123
TORONTO_YOR83_STU00225,TORONTO_YOR83_0127
TORONTO_YOR83_STU00225,TORONTO_YOR83_0163
TORONTO_YOR83_STU00226,TORONTO_YOR83_0004
TORONTO_YOR83_STU00226,TORONTO_YOR83_0010
TORONTO_YOR83_STU00226,TORONTO_YOR83_0019
TORONTO_YOR83_STU00226,TORONTO_YOR83_0040
TORONTO_YOR83_STU00226,TORONTO_YOR83_0045
TORONTO_YOR83_STU00226,TORONTO_YOR83_0142
TORONTO_YOR83_STU00227,TORONTO_YOR83_0001
TORONTO_YOR83_STU00227,TORONTO_YOR83_0033
TORONTO_YOR83_STU00227,TORONTO_YOR83_0069
TORONTO_YOR83_STU00227,TORONTO_YOR83_0115
TORONTO_YOR83_STU00227,TORONTO_YOR83_0135
TORONTO_YOR83_STU00227,TORONTO_YOR83_0144
TORONTO_YOR83_STU00227,TORONTO_YOR83_0155
TORONTO_YOR83_STU00227,TORONTO_YOR83_0176
TORONTO_YOR83_STU00228,TORONTO_YOR83_0033
TORONTO_YOR83_STU00228,TORONTO_YOR83_0084
TORONTO_YOR83_STU00228,TORONTO_YOR83_0092
TORONTO_YOR83_STU00228,TORONTO_YOR83_0094
TORONTO_YOR83_STU00228,TORONTO_YOR83_0114
TORONTO_YOR83_STU00228,TORONTO_YOR83_0136
TORONTO_YOR83_STU00228,TORONTO_YOR83_0144
TORONTO_YOR83_STU00228,TORONTO_YOR83_0155
TORONTO_YOR83_STU00229,TORONTO_YOR83_0099
TORONTO_YOR83_STU00229,TORONTO_YOR83_0100
TORONTO_YOR83_STU00229,TORONTO_YOR83_0102
TORONTO_YOR83_STU00229,TORONTO_YOR83_0143
TORONTO_YOR83_STU00229,TORONTO_YOR83_0151
TORONTO_YOR83_STU00229,TORONTO_YOR83_0158
TORONTO_YOR83_STU00229,TORONTO_YOR83_0172
TORONTO_YOR83_STU00229,TORONTO_YOR83_0179
TORONTO_YOR83_STU00230,TORONTO_YOR83_0005
TORONTO_YOR83_STU00230,TORONTO_YOR83_0014
TORONTO_YOR83_STU00230,TORONTO_YOR83_0037
TORONTO_YOR83_STU00230,TORONTO_YOR83_0087
TORONTO_YOR83_STU00230,TORONTO_YOR83_0103
TORONTO_YOR83_STU00230,TORONTO_YOR83_0106
TORONTO_YOR83_STU00230,TORONTO_YOR83_0118
TORONTO_YOR83_STU00230,TORONTO_YOR83_0148
TORONTO_YOR83_STU00231,TORONTO_YOR83_0098
TORONTO_YOR83_STU00231,TORONTO_YOR83_0100
TORONTO_YOR83_STU00231,TORONTO_YOR83_0104
TORONTO_YOR83_STU00232,TORONTO_YOR83_0043
TORONTO_YOR83_STU00232,TORONTO_YOR83_0098
TORONTO_YOR83_STU00232,TORONTO_YOR83_0100
TORONTO_YOR83_STU00232,TORONTO_YOR83_0103
TORONTO_YOR83_STU00232,TORONTO_YOR83_0146
TORONTO_YOR83_STU00232,TORONTO_YOR83_0150
TORONTO_YOR83_STU00232,TORONTO_YOR83_0157
TORONTO_YOR83_STU00232,TORONTO_YOR83_0181
TORONTO_YOR83_STU00233,TORONTO_YOR83_0010
TORONTO_YOR83_STU00233,TORONTO_YOR83_0047
TORONTO_YOR83_STU00233,TORONTO_YOR83_0075
TORONTO_YOR83_STU00233,TORONTO_YOR83_0089
TORONTO_YOR83_STU00233,TORONTO_YOR83_0097
TORONTO_YOR83_STU00233,TORONTO_YOR83_0158
TORONTO_YOR83_STU00234,TORONTO_YOR83_0037
TORONTO_YOR83_STU00234,TORONTO_YOR83_0043
TORONTO_YOR83_STU00234,TORONTO_YOR83_0085
TORONTO_YOR83_STU00234,TORONTO_YOR83_0103
TORONTO_YOR83_STU00234,TORONTO_YOR83_0118
TORONTO_YOR83_STU00234,TORONTO_YOR83_0148
TORONTO_YOR83_STU00234,TORONTO_YOR83_0151
TORONTO_YOR83_STU00235,TORONTO_YOR83_0040
TORONTO_YOR83_STU00235,TORONTO_YOR83_0098
TORONTO_YOR83_STU00235,TORONTO_YOR83_0100
TORONTO_YOR83_STU00235,TORONTO_YOR83_0106
TORONTO_YOR83_STU00235,TORONTO_YOR83_0146
TORONTO_YOR83_STU00235,TORONTO_YOR83_0151
TORONTO_YOR83_STU00235,TORONTO_YOR83_0157
TORONTO_YOR83_STU00236,TORONTO_YOR83_0037
TORONTO_YOR83_STU00236,TORONTO_YOR83_0043
TORONTO_YOR83_STU00236,TORONTO_YOR83_0076
TORONTO_YOR83_STU00236,TORONTO_YOR83_0101
TORONTO_YOR83_STU00236,TORONTO_YOR83_0102
TORONTO_YOR83_STU00236,TORONTO_YOR83_0128
TORONTO_YOR83_STU00236,TORONTO_YOR83_0139
TORONTO_YOR83_STU00236,TORONTO_YOR83_0149
TORONTO_YOR83_STU00237,TORONTO_YOR83_0004
TORONTO_YOR83_STU00237,TORONTO_YOR83_0033
TORONTO_YOR83_STU00237,TORONTO_YOR83_0039
TORONTO_YOR83_STU00237,TORONTO_YOR83_0101
TORONTO_YOR83_STU00237,TORONTO_YOR83_0102
TORONTO_YOR83_STU00237,TORONTO_YOR83_0104
TORONTO_YOR83_STU00237,TORONTO_YOR83_0106
TORONTO_YOR83_STU00237,TORONTO_YOR83_0157
TORONTO_YOR83_STU00238,TORONTO_YOR83_0004
TORONTO_YOR83_STU00238,TORONTO_YOR83_0038
TORONTO_YOR83_STU00238,TORONTO_YOR83_0043
TORONTO_YOR83_STU00238,TORONTO_YOR83_0099
TORONTO_YOR83_STU00238,TORONTO_YOR83_0100
TORONTO_YOR83_STU00238,TORONTO_YOR83_0150
TORONTO_YOR83_STU00238,TORONTO_YOR83_0157
TORONTO_YOR83_STU00239,TORONTO_YOR83_0003
TORONTO_YOR83_STU00239,TORONTO_YOR83_0009
TORONTO_YOR83_STU00239,TORONTO_YOR83_0040
TORONTO_YOR83_STU00239,TORONTO_YOR83_0157
TORONTO_YOR83_STU00240,TORONTO_YOR83_0019
TORONTO_YOR83_STU00240,TORONTO_YOR83_0098
TORONTO_YOR83_STU00240,TORONTO_YOR83_0099
TORONTO_YOR83_STU00240,TORONTO_YOR83_0150
TORONTO_YOR83_STU00240,TORONTO_YOR83_0157
TORONTO_YOR83_STU00240,TORONTO_YOR83_0158
TORONTO_YOR83_STU00241,TORONTO_YOR83_0005
TORONTO_YOR83_STU00241,TORONTO_YOR83_0013
TORONTO_YOR83_STU00241,TORONTO_YOR83_0037
TORONTO_YOR83_STU00241,TORONTO_YOR83_0043
TORONTO_YOR83_STU00241,TORONTO_YOR83_0116
TORONTO_YOR83_STU00241,TORONTO_YOR83_0141
TORONTO_YOR83_STU00241,TORONTO_YOR83_0147
TORONTO_YOR83_STU00241,TORONTO_YOR83_0178
TORONTO_YOR83_STU00242,TORONTO_YOR83_0043
TORONTO_YOR83_STU00242,TORONTO_YOR83_0068
TORONTO_YOR83_STU00242,TORONTO_YOR83_0085
TORONTO_YOR83_STU00242,TORONTO_YOR83_0142
TORONTO_YOR83_STU00243,TORONTO_YOR83_0011
TORONTO_YOR83_STU00243,TORONTO_YOR83_0034
TORONTO_YOR83_STU00243,TORONTO_YOR83_0084
TORONTO_YOR83_STU00243,TORONTO_YOR83_0114
TORONTO_YOR83_STU00243,TORONTO_YOR83_0120
TORONTO_YOR83_STU00243,TORONTO_YOR83_0134
TORONTO_YOR83_STU00243,TORONTO_YOR83_0144
TORONTO_YOR83_STU00243,TORONTO_YOR83_0155
TORONTO_YOR83_STU00244,TORONTO_YOR83_0078
TORONTO_YOR83_STU00244,TORONTO_YOR83_0085
TORONTO_YOR83_STU00244,TORONTO_YOR83_0118
TORONTO_YOR83_STU00244,TORONTO_YOR83_0123
TORONTO_YOR83_STU00245,TORONTO_YOR83_0032
TORONTO_YOR83_STU00245,TORONTO_YOR83_0058
TORONTO_YOR83_STU00245,TORONTO_YOR83_0071
TORONTO_YOR83_STU00245,TORONTO_YOR83_0128
TORONTO_YOR83_STU00245,TORONTO_YOR83_0135
TORONTO_YOR83_STU00245,TORONTO_YOR83_0141
TORONTO_YOR83_STU00245,TORONTO_YOR83_0161
TORONTO_YOR83_STU00246,TORONTO_YOR83_0040
TORONTO_YOR83_STU00246,TORONTO_YOR83_0045
TORONTO_YOR83_STU00246,TORONTO_YOR83_0075
TORONTO_YOR83_STU00246,TORONTO_YOR83_0102
TORONTO_YOR83_STU00246,TORONTO_YOR83_0124
TORONTO_YOR83_STU00246,TORONTO_YOR83_0146
TORONTO_YOR83_STU00247,TORONTO_YOR83_0037
TORONTO_YOR83_STU00247,TORONTO_YOR83_0043
TORONTO_YOR83_STU00247,TORONTO_YOR83_0076
TORONTO_YOR83_STU00247,TORONTO_YOR83_0086
TORONTO_YOR83_STU00247,TORONTO_YOR83_0118
TORONTO_YOR83_STU00247,TORONTO_YOR83_0123
TORONTO_YOR83_STU00247,TORONTO_YOR83_0141
TORONTO_YOR83_STU00248,TORONTO_YOR83_0164
TORONTO_YOR83_STU00248,TORONTO_YOR83_0179
TORONTO_YOR83_STU00249,TORONTO_YOR83_0034
TORONTO_YOR83_STU00249,TORONTO_YOR83_0064
TORONTO_YOR83_STU00249,TORONTO_YOR83_0083
TORONTO_YOR83_STU00249,TORONTO_YOR83_0106
TORONTO_YOR83_STU00249,TORONTO_YOR83_0114
TORONTO_YOR83_STU00249,TORONTO_YOR83_0122
TORONTO_YOR83_STU00249,TORONTO_YOR83_0135
TORONTO_YOR83_STU00249,TORONTO_YOR83_0156
TORONTO_YOR83_STU00250,TORONTO_YOR83_0037
TORONTO_YOR83_STU00250,TORONTO_YOR83_0043
TORONTO_YOR83_STU00250,TORONTO_YOR83_0068
TORONTO_YOR83_STU00250,TORONTO_YOR83_0077
TORONTO_YOR83_STU00250,TORONTO_YOR83_0085
TORONTO_YOR83_STU00250,TORONTO_YOR83_0119
TORONTO_YOR83_STU00250,TORONTO_YOR83_0163
TORONTO_YOR83_STU00251,TORONTO_YOR83_0008
TORONTO_YOR83_STU00251,TORONTO_YOR83_0010
TORONTO_YOR83_STU00251,TORONTO_YOR83_0017
TORONTO_YOR83_STU00251,TORONTO_YOR83_0020
TORONTO_YOR83_STU00251,TORONTO_YOR83_0118
TORONTO_YOR83_STU00252,TORONTO_YOR83_0043
TORONTO_YOR83_STU00252,TORONTO_YOR83_0051
TORONTO_YOR83_STU00252,TORONTO_YOR83_0076
TORONTO_YOR83_STU00252,TORONTO_YOR83_0087
TORONTO_YOR83_STU00252,TORONTO_YOR83_0119
TORONTO_YOR83_STU00252,TORONTO_YOR83_0138
TORONTO_YOR83_STU00252,TORONTO_YOR83_0149
TORONTO_YOR83_STU00252,TORONTO_YOR83_0178
TORONTO_YOR83_STU00253,TORONTO_YOR83_0040
TORONTO_YOR83_STU00253,TORONTO_YOR83_0075
TORONTO_YOR83_STU00253,TORONTO_YOR83_0089
TORONTO_YOR83_STU00253,TORONTO_YOR83_0164
TORONTO_YOR83_STU00253,TORONTO_YOR83_0180
TORONTO_YOR83_STU00253,TORONTO_YOR83_0181
TORONTO_YOR83_STU00254,TORONTO_YOR83_0010
TORONTO_YOR83_STU00254,TORONTO_YOR83_0037
TORONTO_YOR83_STU00254,TORONTO_YOR83_0043
TORONTO_YOR83_STU00254,TORONTO_YOR83_0052
TORONTO_YOR83_STU00254,TORONTO_YOR83_0103
TORONTO_YOR83_STU00254,TORONTO_YOR83_0118
TORONTO_YOR83_STU00255,TORONTO_YOR83_0048
TORONTO_YOR83_STU00255,TORONTO_YOR83_0073
TORONTO_YOR83_STU00255,TORONTO_YOR83_0101
TORONTO_YOR83_STU00255,TORONTO_YOR83_0103
TORONTO_YOR83_STU00255,TORONTO_YOR83_0118
TORONTO_YOR83_STU00255,TORONTO_YOR83_0157
TORONTO_YOR83_STU00256,TORONTO_YOR83_0037
TORONTO_YOR83_STU00256,TORONTO_YOR83_0043
TORONTO_YOR83_STU00256,TORONTO_YOR83_0086
TORONTO_YOR83_STU00256,TORONTO_YOR83_0114
TORONTO_YOR83_STU00256,TORONTO_YOR83_0119
TORONTO_YOR83_STU00256,TORONTO_YOR83_0138
TORONTO_YOR83_STU00256,TORONTO_YOR83_0148
TORONTO_YOR83_STU00257,TORONTO_YOR83_0037
TORONTO_YOR83_STU00257,TORONTO_YOR83_0043
TORONTO_YOR83_STU00257,TORONTO_YOR83_0086
TORONTO_YOR83_STU00257,TORONTO_YOR83_0103
TORONTO_YOR83_STU00257,TORONTO_YOR83_0118
TORONTO_YOR83_STU00257,TORONTO_YOR83_0148
TORONTO_YOR83_STU00258,TORONTO_YOR83_0003
TORONTO_YOR83_STU00258,TORONTO_YOR83_0019
TORONTO_YOR83_STU00258,TORONTO_YOR83_0040
TORONTO_YOR83_STU00258,TORONTO_YOR83_0044
TORONTO_YOR83_STU00258,TORONTO_YOR83_0103
TORONTO_YOR83_STU00258,TORONTO_YOR83_0120
TORONTO_YOR83_STU00259,TORONTO_YOR83_0011
TORONTO_YOR83_STU00259,TORONTO_YOR83_0039
TORONTO_YOR83_STU00259,TORONTO_YOR83_0077
TORONTO_YOR83_STU00259,TORONTO_YOR83_0087
TORONTO_YOR83_STU00259,TORONTO_YOR83_0096
TORONTO_YOR83_STU00259,TORONTO_YOR83_0103
TORONTO_YOR83_STU00259,TORONTO_YOR83_0118
TORONTO_YOR83_STU00260,TORONTO_YOR83_0014
TORONTO_YOR83_STU00260,TORONTO_YOR83_0023
TORONTO_YOR83_STU00260,TORONTO_YOR83_0039
TORONTO_YOR83_STU00260,TORONTO_YOR83_0077
TORONTO_YOR83_STU00260,TORONTO_YOR83_0116
TORONTO_YOR83_STU00260,TORONTO_YOR83_0163
TORONTO_YOR83_STU00261,TORONTO_YOR83_0037
TORONTO_YOR83_STU00261,TORONTO_YOR83_0086
TORONTO_YOR83_STU00261,TORONTO_YOR83_0103
TORONTO_YOR83_STU00261,TORONTO_YOR83_0106
TORONTO_YOR83_STU00261,TORONTO_YOR83_0118
TORONTO_YOR83_STU00261,TORONTO_YOR83_0123
TORONTO_YOR83_STU00261,TORONTO_YOR83_0141
TORONTO_YOR83_STU00261,TORONTO_YOR83_0148
TORONTO_YOR83_STU00262,TORONTO_YOR83_0008
TORONTO_YOR83_STU00262,TORONTO_YOR83_0011
TORONTO_YOR83_STU00262,TORONTO_YOR83_0032
TORONTO_YOR83_STU00262,TORONTO_YOR83_0049
TORONTO_YOR83_STU00262,TORONTO_YOR83_0079
TORONTO_YOR83_STU00262,TORONTO_YOR83_0113
TORONTO_YOR83_STU00262,TORONTO_YOR83_0140
TORONTO_YOR83_STU00263,TORONTO_YOR83_0090
TORONTO_YOR83_STU00263,TORONTO_YOR83_0099
TORONTO_YOR83_STU00263,TORONTO_YOR83_0100
TORONTO_YOR83_STU00263,TORONTO_YOR83_0157
TORONTO_YOR83_STU00263,TORONTO_YOR83_0177
TORONTO_YOR83_STU00263,TORONTO_YOR83_0180
TORONTO_YOR83_STU00264,TORONTO_YOR83_0037
TORONTO_YOR83_STU00264,TORONTO_YOR83_0043
TORONTO_YOR83_STU00264,TORONTO_YOR83_0085
TORONTO_YOR83_STU00264,TORONTO_YOR83_0103
TORONTO_YOR83_STU00264,TORONTO_YOR83_0118
TORONTO_YOR83_STU00264,TORONTO_YOR83_0141
TORONTO_YOR83_STU00264,TORONTO_YOR83_0148
TORONTO_YOR83_STU00265,TORONTO_YOR83_0011
TORONTO_YOR83_STU00265,TORONTO_YOR83_0033
TORONTO_YOR83_STU00265,TORONTO_YOR83_0092
TORONTO_YOR83_STU00265,TORONTO_YOR83_0115
TORONTO_YOR83_STU00265,TORONTO_YOR83_0137
TORONTO_YOR83_STU00265,TORONTO_YOR83_0149
TORONTO_YOR83_STU00265,TORONTO_YOR83_0155
TORONTO_YOR83_STU00265,TORONTO_YOR83_0176
TORONTO_YOR83_STU00266,TORONTO_YOR83_0008
TORONTO_YOR83_STU00266,TORONTO_YOR83_0014
TORONTO_YOR83_STU00266,TORONTO_YOR83_0033
TORONTO_YOR83_STU00266,TORONTO_YOR83_0039
TORONTO_YOR83_STU00266,TORONTO_YOR83_0114
TORONTO_YOR83_STU00266,TORONTO_YOR83_0119
TORONTO_YOR83_STU00266,TORONTO_YOR83_0123
TORONTO_YOR83_STU00267,TORONTO_YOR83_0001
TORONTO_YOR83_STU00267,TORONTO_YOR83_0011
TORONTO_YOR83_STU00267,TORONTO_YOR83_0034
TORONTO_YOR83_STU00267,TORONTO_YOR83_0137
TORONTO_YOR83_STU00267,TORONTO_YOR83_0168
TORONTO_YOR83_STU00268,TORONTO_YOR83_0011
TORONTO_YOR83_STU00268,TORONTO_YOR83_0039
TORONTO_YOR83_STU00268,TORONTO_YOR83_0053
TORONTO_YOR83_STU00268,TORONTO_YOR83_0071
TORONTO_YOR83_STU00268,TORONTO_YOR83_0140
TORONTO_YOR83_STU00268,TORONTO_YOR83_0163
TORONTO_YOR83_STU00269,TORONTO_YOR83_0025
TORONTO_YOR83_STU00269,TORONTO_YOR83_0033
TORONTO_YOR83_STU00269,TORONTO_YOR83_0113
TORONTO_YOR83_STU00269,TORONTO_YOR83_0137
TORONTO_YOR83_STU00269,TORONTO_YOR83_0144
TORONTO_YOR83_STU00269,TORONTO_YOR83_0169
TORONTO_YOR83_STU00269,TORONTO_YOR83_0173
TORONTO_YOR83_STU00269,TORONTO_YOR83_0175
TORONTO_YOR83_STU00270,TORONTO_YOR83_0040
TORONTO_YOR83_STU00270,TORONTO_YOR83_0073
TORONTO_YOR83_STU00270,TORONTO_YOR83_0100
TORONTO_YOR83_STU00270,TORONTO_YOR83_0150
TORONTO_YOR83_STU00271,TORONTO_YOR83_0001
TORONTO_YOR83_STU00271,TORONTO_YOR83_0018
TORONTO_YOR83_STU00271,TORONTO_YOR83_0034
TORONTO_YOR83_STU00271,TORONTO_YOR83_0062
TORONTO_YOR83_STU00271,TORONTO_YOR83_0104
TORONTO_YOR83_STU00271,TORONTO_YOR83_0115
TORONTO_YOR83_STU00271,TORONTO_YOR83_0137
TORONTO_YOR83_STU00271,TORONTO_YOR83_0144
TORONTO_YOR83_STU00272,TORONTO_YOR83_0037
TORONTO_YOR83_STU00272,TORONTO_YOR83_0065
TORONTO_YOR83_STU00272,TORONTO_YOR83_0087
TORONTO_YOR83_STU00272,TORONTO_YOR83_0101
TORONTO_YOR83_STU00272,TORONTO_YOR83_0102
TORONTO_YOR83_STU00272,TORONTO_YOR83_0106
TORONTO_YOR83_STU00272,TORONTO_YOR83_0149
TORONTO_YOR83_STU00273,TORONTO_YOR83_0089
TORONTO_YOR83_STU00273,TORONTO_YOR83_0100
TORONTO_YOR83_STU00273,TORONTO_YOR83_0146
TORONTO_YOR83_STU00273,TORONTO_YOR83_0150
TORONTO_YOR83_STU00273,TORONTO_YOR83_0158
TORONTO_YOR83_STU00274,TORONTO_YOR83_0033
TORONTO_YOR83_STU00274,TORONTO_YOR83_0062
TORONTO_YOR83_STU00274,TORONTO_YOR83_0084
TORONTO_YOR83_STU00274,TORONTO_YOR83_0104
TORONTO_YOR83_STU00274,TORONTO_YOR83_0115
TORONTO_YOR83_STU00274,TORONTO_YOR83_0137
TORONTO_YOR83_STU00274,TORONTO_YOR83_0156
TORONTO_YOR83_STU00274,TORONTO_YOR83_0169
TORONTO_YOR83_STU00275,TORONTO_YOR83_0089
TORONTO_YOR83_STU00275,TORONTO_YOR83_0090
TORONTO_YOR83_STU00275,TORONTO_YOR83_0101
TORONTO_YOR83_STU00275,TORONTO_YOR83_0102
TORONTO_YOR83_STU00275,TORONTO_YOR83_0142
TORONTO_YOR83_STU00276,TORONTO_YOR83_0040
TORONTO_YOR83_STU00276,TORONTO_YOR83_0055
TORONTO_YOR83_STU00276,TORONTO_YOR83_0077
TORONTO_YOR83_STU00276,TORONTO_YOR83_0086
TORONTO_YOR83_STU00276,TORONTO_YOR83_0103
TORONTO_YOR83_STU00276,TORONTO_YOR83_0118
TORONTO_YOR83_STU00276,TORONTO_YOR83_0140
TORONTO_YOR83_STU00277,TORONTO_YOR83_0024
TORONTO_YOR83_STU00277,TORONTO_YOR83_0046
TORONTO_YOR83_STU00277,TORONTO_YOR83_0079
TORONTO_YOR83_STU00278,TORONTO_YOR83_0010
TORONTO_YOR83_STU00278,TORONTO_YOR83_0019
TORONTO_YOR83_STU00278,TORONTO_YOR83_0040
TORONTO_YOR83_STU00278,TORONTO_YOR83_0090
TORONTO_YOR83_STU00278,TORONTO_YOR83_0101
TORONTO_YOR83_STU00278,TORONTO_YOR83_0102
TORONTO_YOR83_STU00279,TORONTO_YOR83_0012
TORONTO_YOR83_STU00279,TORONTO_YOR83_0033
TORONTO_YOR83_STU00279,TORONTO_YOR83_0063
TORONTO_YOR83_STU00279,TORONTO_YOR83_0082
TORONTO_YOR83_STU00279,TORONTO_YOR83_0109
TORONTO_YOR83_STU00279,TORONTO_YOR83_0115
TORONTO_YOR83_STU00279,TORONTO_YOR83_0122
TORONTO_YOR83_STU00279,TORONTO_YOR83_0137
TORONTO_YOR83_STU00280,TORONTO_YOR83_0043
TORONTO_YOR83_STU00280,TORONTO_YOR83_0047
TORONTO_YOR83_STU00280,TORONTO_YOR83_0052
TORONTO_YOR83_STU00280,TORONTO_YOR83_0074
TORONTO_YOR83_STU00280,TORONTO_YOR83_0117
TORONTO_YOR83_STU00281,TORONTO_YOR83_0037
TORONTO_YOR83_STU00281,TORONTO_YOR83_0043
TORONTO_YOR83_STU00281,TORONTO_YOR83_0054
TORONTO_YOR83_STU00281,TORONTO_YOR83_0077
TORONTO_YOR83_STU00281,TORONTO_YOR83_0087
TORONTO_YOR83_STU00281,TORONTO_YOR83_0090
TORONTO_YOR83_STU00281,TORONTO_YOR83_0148
TORONTO_YOR83_STU00282,TORONTO_YOR83_0040
TORONTO_YOR83_STU00282,TORONTO_YOR83_0073
TORONTO_YOR83_STU00282,TORONTO_YOR83_0100
TORONTO_YOR83_STU00282,TORONTO_YOR83_0145
TORONTO_YOR83_STU00283,TORONTO_YOR83_0034
TORONTO_YOR83_STU00283,TORONTO_YOR83_0064
TORONTO_YOR83_STU00283,TORONTO_YOR83_0084
TORONTO_YOR83_STU00283,TORONTO_YOR83_0092
TORONTO_YOR83_STU00283,TORONTO_YOR83_0115
TORONTO_YOR83_STU00283,TORONTO_YOR83_0135
TORONTO_YOR83_STU00283,TORONTO_YOR83_0156
TORONTO_YOR83_STU00283,TORONTO_YOR83_0169
TORONTO_YOR83_STU00284,TORONTO_YOR83_0033
TORONTO_YOR83_STU00284,TORONTO_YOR83_0079
TORONTO_YOR83_STU00284,TORONTO_YOR83_0083
TORONTO_YOR83_STU00284,TORONTO_YOR83_0115
TORONTO_YOR83_STU00284,TORONTO_YOR83_0137
TORONTO_YOR83_STU00284,TORONTO_YOR83_0155
TORONTO_YOR83_STU00284,TORONTO_YOR83_0168
TORONTO_YOR83_STU00285,TORONTO_YOR83_0118
TORONTO_YOR83_STU00285,TORONTO_YOR83_0139
TORONTO_YOR83_STU00285,TORONTO_YOR83_0148
TORONTO_YOR83_STU00286,TORONTO_YOR83_0030
TORONTO_YOR83_STU00286,TORONTO_YOR83_0063
TORONTO_YOR83_STU00286,TORONTO_YOR83_0079
TORONTO_YOR83_STU00286,TORONTO_YOR83_0083
TORONTO_YOR83_STU00286,TORONTO_YOR83_0114
TORONTO_YOR83_STU00286,TORONTO_YOR83_0136
TORONTO_YOR83_STU00286,TORONTO_YOR83_0144
TORONTO_YOR83_STU00286,TORONTO_YOR83_0153
TORONTO_YOR83_STU00287,TORONTO_YOR83_0037
TORONTO_YOR83_STU00287,TORONTO_YOR83_0043
TORONTO_YOR83_STU00287,TORONTO_YOR83_0065
TORONTO_YOR83_STU00287,TORONTO_YOR83_0085
TORONTO_YOR83_STU00287,TORONTO_YOR83_0103
TORONTO_YOR83_STU00287,TORONTO_YOR83_0118
TORONTO_YOR83_STU00287,TORONTO_YOR83_0149
TORONTO_YOR83_STU00287,TORONTO_YOR83_0172
TORONTO_YOR83_STU00288,TORONTO_YOR83_0009
TORONTO_YOR83_STU00288,TORONTO_YOR83_0074
TORONTO_YOR83_STU00288,TORONTO_YOR83_0100
TORONTO_YOR83_STU00288,TORONTO_YOR83_0101
TORONTO_YOR83_STU00288,TORONTO_YOR83_0103
TORONTO_YOR83_STU00289,TORONTO_YOR83_0040
TORONTO_YOR83_STU00289,TORONTO_YOR83_0099
TORONTO_YOR83_STU00289,TORONTO_YOR83_0100
TORONTO_YOR83_STU00289,TORONTO_YOR83_0102
TORONTO_YOR83_STU00289,TORONTO_YOR83_0146
TORONTO_YOR83_STU00289,TORONTO_YOR83_0158
TORONTO_YOR83_STU00290,TORONTO_YOR83_0033
TORONTO_YOR83_STU00290,TORONTO_YOR83_0039
TORONTO_YOR83_STU00290,TORONTO_YOR83_0050
TORONTO_YOR83_STU00290,TORONTO_YOR83_0083
TORONTO_YOR83_STU00290,TORONTO_YOR83_0114
TORONTO_YOR83_STU00290,TORONTO_YOR83_0134
TORONTO_YOR83_STU00290,TORONTO_YOR83_0143
TORONTO_YOR83_STU00290,TORONTO_YOR83_0156
TORONTO_YOR83_STU00291,TORONTO_YOR83_0034
TORONTO_YOR83_STU00291,TORONTO_YOR83_0064
TORONTO_YOR83_STU00291,TORONTO_YOR83_0115
TORONTO_YOR83_STU00291,TORONTO_YOR83_0137
TORONTO_YOR83_STU00291,TORONTO_YOR83_0155
TORONTO_YOR83_STU00291,TORONTO_YOR83_0168
TORONTO_YOR83_STU00291,TORONTO_YOR83_0169
TORONTO_YOR83_STU00291,TORONTO_YOR83_0176
TORONTO_YOR83_STU00292,TORONTO_YOR83_0010
TORONTO_YOR83_STU00292,TORONTO_YOR83_0013
TORONTO_YOR83_STU00292,TORONTO_YOR83_0037
TORONTO_YOR83_STU00292,TORONTO_YOR83_0043
TORONTO_YOR83_STU00292,TORONTO_YOR83_0075
TORONTO_YOR83_STU00292,TORONTO_YOR83_0116
TORONTO_YOR83_STU00292,TORONTO_YOR83_0139
TORONTO_YOR83_STU00292,TORONTO_YOR83_0165
TORONTO_YOR83_STU00293,TORONTO_YOR83_0001
TORONTO_YOR83_STU00293,TORONTO_YOR83_0012
TORONTO_YOR83_STU00293,TORONTO_YOR83_0015
TORONTO_YOR83_STU00293,TORONTO_YOR83_0016
TORONTO_YOR83_STU00293,TORONTO_YOR83_0034
TORONTO_YOR83_STU00293,TORONTO_YOR83_0054
TORONTO_YOR83_STU00293,TORONTO_YOR83_0136
TORONTO_YOR83_STU00294,TORONTO_YOR83_0012
TORONTO_YOR83_STU00294,TORONTO_YOR83_0016
TORONTO_YOR83_STU00294,TORONTO_YOR83_0024
TORONTO_YOR83_STU00294,TORONTO_YOR83_0032
TORONTO_YOR83_STU00294,TORONTO_YOR83_0054
TORONTO_YOR83_STU00294,TORONTO_YOR83_0126
TORONTO_YOR83_STU00294,TORONTO_YOR83_0134
TORONTO_YOR83_STU00294,TORONTO_YOR83_0175
TORONTO_YOR83_STU00295,TORONTO_YOR83_0037
TORONTO_YOR83_STU00295,TORONTO_YOR83_0085
TORONTO_YOR83_STU00295,TORONTO_YOR83_0103
TORONTO_YOR83_STU00295,TORONTO_YOR83_0118
TORONTO_YOR83_STU00295,TORONTO_YOR83_0141
TORONTO_YOR83_STU00295,TORONTO_YOR83_0148
TORONTO_YOR83_STU00295,TORONTO_YOR83_0151
TORONTO_YOR83_STU00296,TORONTO_YOR83_0037
TORONTO_YOR83_STU00296,TORONTO_YOR83_0043
TORONTO_YOR83_STU00296,TORONTO_YOR83_0062
TORONTO_YOR83_STU00296,TORONTO_YOR83_0067
TORONTO_YOR83_STU00296,TORONTO_YOR83_0077
TORONTO_YOR83_STU00296,TORONTO_YOR83_0118
TORONTO_YOR83_STU00296,TORONTO_YOR83_0149
TORONTO_YOR83_STU00297,TORONTO_YOR83_0043
TORONTO_YOR83_STU00297,TORONTO_YOR83_0089
TORONTO_YOR83_STU00297,TORONTO_YOR83_0101
TORONTO_YOR83_STU00297,TORONTO_YOR83_0102
TORONTO_YOR83_STU00297,TORONTO_YOR83_0146
TORONTO_YOR83_STU00297,TORONTO_YOR83_0150
TORONTO_YOR83_STU00298,TORONTO_YOR83_0033
TORONTO_YOR83_STU00298,TORONTO_YOR83_0083
TORONTO_YOR83_STU00298,TORONTO_YOR83_0114
TORONTO_YOR83_STU00298,TORONTO_YOR83_0119
TORONTO_YOR83_STU00298,TORONTO_YOR83_0125
TORONTO_YOR83_STU00298,TORONTO_YOR83_0137
TORONTO_YOR83_STU00298,TORONTO_YOR83_0156
TORONTO_YOR83_STU00298,TORONTO_YOR83_0169
TORONTO_YOR83_STU00299,TORONTO_YOR83_0003
TORONTO_YOR83_STU00299,TORONTO_YOR83_0009
TORONTO_YOR83_STU00299,TORONTO_YOR83_0102
TORONTO_YOR83_STU00300,TORONTO_YOR83_0003
TORONTO_YOR83_STU00300,TORONTO_YOR83_0024
TORONTO_YOR83_STU00300,TORONTO_YOR83_0116
TORONTO_YOR83_STU00300,TORONTO_YOR83_0177
TORONTO_YOR83_STU00301,TORONTO_YOR83_0037
TORONTO_YOR83_STU00301,TORONTO_YOR83_0056
TORONTO_YOR83_STU00301,TORONTO_YOR83_0085
TORONTO_YOR83_STU00301,TORONTO_YOR83_0114
TORONTO_YOR83_STU00301,TORONTO_YOR83_0119
TORONTO_YOR83_STU00301,TORONTO_YOR83_0123
TORONTO_YOR83_STU00301,TORONTO_YOR83_0140
TORONTO_YOR83_STU00301,TORONTO_YOR83_0149
TORONTO_YOR83_STU00302,TORONTO_YOR83_0002
TORONTO_YOR83_STU00302,TORONTO_YOR83_0020
TORONTO_YOR83_STU00302,TORONTO_YOR83_0037
TORONTO_YOR83_STU00302,TORONTO_YOR83_0067
TORONTO_YOR83_STU00302,TORONTO_YOR83_0096
TORONTO_YOR83_STU00302,TORONTO_YOR83_0118
TORONTO_YOR83_STU00302,TORONTO_YOR83_0149
TORONTO_YOR83_STU00303,TORONTO_YOR83_0019
TORONTO_YOR83_STU00303,TORONTO_YOR83_0037
TORONTO_YOR83_STU00303,TORONTO_YOR83_0043
TORONTO_YOR83_STU00303,TORONTO_YOR83_0061
TORONTO_YOR83_STU00303,TORONTO_YOR83_0101
TORONTO_YOR83_STU00303,TORONTO_YOR83_0103
TORONTO_YOR83_STU00303,TORONTO_YOR83_0118
TORONTO_YOR83_STU00304,TORONTO_YOR83_0040
TORONTO_YOR83_STU00304,TORONTO_YOR83_0045
TORONTO_YOR83_STU00304,TORONTO_YOR83_0061
TORONTO_YOR83_STU00304,TORONTO_YOR83_0075
TORONTO_YOR83_STU00304,TORONTO_YOR83_0101
TORONTO_YOR83_STU00304,TORONTO_YOR83_0102
TORONTO_YOR83_STU00305,TORONTO_YOR83_0007
TORONTO_YOR83_STU00305,TORONTO_YOR83_0008
TORONTO_YOR83_STU00305,TORONTO_YOR83_0013
TORONTO_YOR83_STU00305,TORONTO_YOR83_0058
TORONTO_YOR83_STU00305,TORONTO_YOR83_0141
TORONTO_YOR83_STU00305,TORONTO_YOR83_0173
TORONTO_YOR83_STU00305,TORONTO_YOR83_0176
TORONTO_YOR83_STU00306,TORONTO_YOR83_0045
TORONTO_YOR83_STU00306,TORONTO_YOR83_0053
TORONTO_YOR83_STU00306,TORONTO_YOR83_0116
TORONTO_YOR83_STU00306,TORONTO_YOR83_0142
TORONTO_YOR83_STU00306,TORONTO_YOR83_0146
TORONTO_YOR83_STU00306,TORONTO_YOR83_0148
TORONTO_YOR83_STU00307,TORONTO_YOR83_0009
TORONTO_YOR83_STU00307,TORONTO_YOR83_0045
TORONTO_YOR83_STU00307,TORONTO_YOR83_0047
TORONTO_YOR83_STU00307,TORONTO_YOR83_0061
TORONTO_YOR83_STU00307,TORONTO_YOR83_0140
TORONTO_YOR83_STU00307,TORONTO_YOR83_0165
TORONTO_YOR83_STU00307,TORONTO_YOR83_0179
TORONTO_YOR83_STU00307,TORONTO_YOR83_0181
TORONTO_YOR83_STU00308,TORONTO_YOR83_0012
TORONTO_YOR83_STU00308,TORONTO_YOR83_0016
TORONTO_YOR83_STU00308,TORONTO_YOR83_0018
TORONTO_YOR83_STU00308,TORONTO_YOR83_0032
TORONTO_YOR83_STU00308,TORONTO_YOR83_0125
TORONTO_YOR83_STU00308,TORONTO_YOR83_0161
TORONTO_YOR83_STU00308,TORONTO_YOR83_0176
TORONTO_YOR83_STU00309,TORONTO_YOR83_0033
TORONTO_YOR83_STU00309,TORONTO_YOR83_0063
TORONTO_YOR83_STU00309,TORONTO_YOR83_0083
TORONTO_YOR83_STU00309,TORONTO_YOR83_0114
TORONTO_YOR83_STU00309,TORONTO_YOR83_0137
TORONTO_YOR83_STU00309,TORONTO_YOR83_0143
TORONTO_YOR83_STU00309,TORONTO_YOR83_0156
TORONTO_YOR83_STU00309,TORONTO_YOR83_0175
TORONTO_YOR83_STU00310,TORONTO_YOR83_0011
TORONTO_YOR83_STU00310,TORONTO_YOR83_0022
TORONTO_YOR83_STU00310,TORONTO_YOR83_0034
TORONTO_YOR83_STU00310,TORONTO_YOR83_0084
TORONTO_YOR83_STU00310,TORONTO_YOR83_0095
TORONTO_YOR83_STU00310,TORONTO_YOR83_0114
TORONTO_YOR83_STU00310,TORONTO_YOR83_0136
TORONTO_YOR83_STU00310,TORONTO_YOR83_0155
TORONTO_YOR83_STU00311,TORONTO_YOR83_0034
TORONTO_YOR83_STU00311,TORONTO_YOR83_0064
TORONTO_YOR83_STU00311,TORONTO_YOR83_0092
TORONTO_YOR83_STU00311,TORONTO_YOR83_0105
TORONTO_YOR83_STU00311,TORONTO_YOR83_0114
TORONTO_YOR83_STU00311,TORONTO_YOR83_0135
TORONTO_YOR83_STU00311,TORONTO_YOR83_0156
TORONTO_YOR83_STU00311,TORONTO_YOR83_0170
TORONTO_YOR83_STU00312,TORONTO_YOR83_0041
TORONTO_YOR83_STU00312,TORONTO_YOR83_0088
TORONTO_YOR83_STU00313,TORONTO_YOR83_0001
TORONTO_YOR83_STU00313,TORONTO_YOR83_0034
TORONTO_YOR83_STU00313,TORONTO_YOR83_0064
TORONTO_YOR83_STU00313,TORONTO_YOR83_0114
TORONTO_YOR83_STU00313,TORONTO_YOR83_0135
TORONTO_YOR83_STU00313,TORONTO_YOR83_0156
TORONTO_YOR83_STU00313,TORONTO_YOR83_0170
TORONTO_YOR83_STU00313,TORONTO_YOR83_0176
TORONTO_YOR83_STU00314,TORONTO_YOR83_0003
TORONTO_YOR83_STU00314,TORONTO_YOR83_0008
TORONTO_YOR83_STU00314,TORONTO_YOR83_0023
TORONTO_YOR83_STU00314,TORONTO_YOR83_0085
TORONTO_YOR83_STU00315,TORONTO_YOR83_0065
TORONTO_YOR83_STU00315,TORONTO_YOR83_0099
TORONTO_YOR83_STU00315,TORONTO_YOR83_0101
TORONTO_YOR83_STU00315,TORONTO_YOR83_0102
TORONTO_YOR83_STU00315,TORONTO_YOR83_0124
TORONTO_YOR83_STU00315,TORONTO_YOR83_0150
TORONTO_YOR83_STU00315,TORONTO_YOR83_0158
TORONTO_YOR83_STU00316,TORONTO_YOR83_0037
TORONTO_YOR83_STU00316,TORONTO_YOR83_0043
TORONTO_YOR83_STU00316,TORONTO_YOR83_0085
TORONTO_YOR83_STU00316,TORONTO_YOR83_0103
TORONTO_YOR83_STU00316,TORONTO_YOR83_0118
TORONTO_YOR83_STU00316,TORONTO_YOR83_0148
TORONTO_YOR83_STU00316,TORONTO_YOR83_0151
TORONTO_YOR83_STU00317,TORONTO_YOR83_0034
TORONTO_YOR83_STU00317,TORONTO_YOR83_0064
TORONTO_YOR83_STU00317,TORONTO_YOR83_0078
TORONTO_YOR83_STU00317,TORONTO_YOR83_0083
TORONTO_YOR83_STU00317,TORONTO_YOR83_0114
TORONTO_YOR83_STU00317,TORONTO_YOR83_0136
TORONTO_YOR83_STU00317,TORONTO_YOR83_0144
TORONTO_YOR83_STU00317,TORONTO_YOR83_0163
TORONTO_YOR83_STU00318,TORONTO_YOR83_0039
TORONTO_YOR83_STU00318,TORONTO_YOR83_0069
TORONTO_YOR83_STU00318,TORONTO_YOR83_0082
TORONTO_YOR83_STU00318,TORONTO_YOR83_0086
TORONTO_YOR83_STU00318,TORONTO_YOR83_0114
TORONTO_YOR83_STU00318,TORONTO_YOR83_0119
TORONTO_YOR83_STU00318,TORONTO_YOR83_0134
TORONTO_YOR83_STU00318,TORONTO_YOR83_0155
TORONTO_YOR83_STU00319,TORONTO_YOR83_0043
TORONTO_YOR83_STU00319,TORONTO_YOR83_0089
TORONTO_YOR83_STU00319,TORONTO_YOR83_0099
TORONTO_YOR83_STU00319,TORONTO_YOR83_0100
TORONTO_YOR83_STU00319,TORONTO_YOR83_0146
TORONTO_YOR83_STU00319,TORONTO_YOR83_0157
TORONTO_YOR83_STU00320,TORONTO_YOR83_0042
TORONTO_YOR83_STU00320,TORONTO_YOR83_0075
TORONTO_YOR83_STU00320,TORONTO_YOR83_0101
TORONTO_YOR83_STU00320,TORONTO_YOR83_0102
TORONTO_YOR83_STU00320,TORONTO_YOR83_0146
TORONTO_YOR83_STU00320,TORONTO_YOR83_0150
TORONTO_YOR83_STU00321,TORONTO_YOR83_0011
TORONTO_YOR83_STU00321,TORONTO_YOR83_0015
TORONTO_YOR83_STU00321,TORONTO_YOR83_0030
TORONTO_YOR83_STU00321,TORONTO_YOR83_0060
TORONTO_YOR83_STU00321,TORONTO_YOR83_0072
TORONTO_YOR83_STU00321,TORONTO_YOR83_0108
TORONTO_YOR83_STU00321,TORONTO_YOR83_0137
TORONTO_YOR83_STU00321,TORONTO_YOR83_0153
TORONTO_YOR83_STU00322,TORONTO_YOR83_0037
TORONTO_YOR83_STU00322,TORONTO_YOR83_0043
TORONTO_YOR83_STU00322,TORONTO_YOR83_0085
TORONTO_YOR83_STU00322,TORONTO_YOR83_0090
TORONTO_YOR83_STU00322,TORONTO_YOR83_0101
TORONTO_YOR83_STU00322,TORONTO_YOR83_0102
TORONTO_YOR83_STU00323,TORONTO_YOR83_0040
TORONTO_YOR83_STU00323,TORONTO_YOR83_0100
TORONTO_YOR83_STU00323,TORONTO_YOR83_0101
TORONTO_YOR83_STU00323,TORONTO_YOR83_0102
TORONTO_YOR83_STU00323,TORONTO_YOR83_0158
TORONTO_YOR83_STU00324,TORONTO_YOR83_0034
TORONTO_YOR83_STU00324,TORONTO_YOR83_0062
TORONTO_YOR83_STU00324,TORONTO_YOR83_0084
TORONTO_YOR83_STU00324,TORONTO_YOR83_0092
TORONTO_YOR83_STU00324,TORONTO_YOR83_0095
TORONTO_YOR83_STU00324,TORONTO_YOR83_0114
TORONTO_YOR83_STU00324,TORONTO_YOR83_0143
TORONTO_YOR83_STU00324,TORONTO_YOR83_0156
TORONTO_YOR83_STU00325,TORONTO_YOR83_0003
TORONTO_YOR83_STU00325,TORONTO_YOR83_0005
TORONTO_YOR83_STU00325,TORONTO_YOR83_0023
TORONTO_YOR83_STU00325,TORONTO_YOR83_0043
TORONTO_YOR83_STU00325,TORONTO_YOR83_0053
TORONTO_YOR83_STU00325,TORONTO_YOR83_0056
TORONTO_YOR83_STU00325,TORONTO_YOR83_0076
TORONTO_YOR83_STU00326,TORONTO_YOR83_0011
TORONTO_YOR83_STU00326,TORONTO_YOR83_0034
TORONTO_YOR83_STU00326,TORONTO_YOR83_0087
TORONTO_YOR83_STU00326,TORONTO_YOR83_0094
TORONTO_YOR83_STU00326,TORONTO_YOR83_0115
TORONTO_YOR83_STU00326,TORONTO_YOR83_0125
TORONTO_YOR83_STU00326,TORONTO_YOR83_0143
TORONTO_YOR83_STU00326,TORONTO_YOR83_0156
TORONTO_YOR83_STU00327,TORONTO_YOR83_0033
TORONTO_YOR83_STU00327,TORONTO_YOR83_0083
TORONTO_YOR83_STU00327,TORONTO_YOR83_0109
TORONTO_YOR83_STU00327,TORONTO_YOR83_0115
TORONTO_YOR83_STU00327,TORONTO_YOR83_0136
TORONTO_YOR83_STU00327,TORONTO_YOR83_0155
TORONTO_YOR83_STU00327,TORONTO_YOR83_0161
TORONTO_YOR83_STU00328,TORONTO_YOR83_0011
TORONTO_YOR83_STU00328,TORONTO_YOR83_0016
TORONTO_YOR83_STU00328,TORONTO_YOR83_0032
TORONTO_YOR83_STU00328,TORONTO_YOR83_0058
TORONTO_YOR83_STU00328,TORONTO_YOR83_0126
TORONTO_YOR83_STU00328,TORONTO_YOR83_0152
TORONTO_YOR83_STU00328,TORONTO_YOR83_0169
TORONTO_YOR83_STU00329,TORONTO_YOR83_0004
TORONTO_YOR83_STU00329,TORONTO_YOR83_0010
TORONTO_YOR83_STU00329,TORONTO_YOR83_0019
TORONTO_YOR83_STU00329,TORONTO_YOR83_0040
TORONTO_YOR83_STU00329,TORONTO_YOR83_0048
TORONTO_YOR83_STU00329,TORONTO_YOR83_0179
TORONTO_YOR83_STU00330,TORONTO_YOR83_0004
TORONTO_YOR83_STU00330,TORONTO_YOR83_0008
TORONTO_YOR83_STU00330,TORONTO_YOR83_0039
TORONTO_YOR83_STU00330,TORONTO_YOR83_0076
TORONTO_YOR83_STU00331,TORONTO_YOR83_0037
TORONTO_YOR83_STU00331,TORONTO_YOR83_0043
TORONTO_YOR83_STU00331,TORONTO_YOR83_0085
TORONTO_YOR83_STU00331,TORONTO_YOR83_0090
TORONTO_YOR83_STU00331,TORONTO_YOR83_0103
TORONTO_YOR83_STU00331,TORONTO_YOR83_0118
TORONTO_YOR83_STU00331,TORONTO_YOR83_0148
TORONTO_YOR83_STU00332,TORONTO_YOR83_0003
TORONTO_YOR83_STU00332,TORONTO_YOR83_0040
TORONTO_YOR83_STU00332,TORONTO_YOR83_0100
TORONTO_YOR83_STU00332,TORONTO_YOR83_0102
TORONTO_YOR83_STU00333,TORONTO_YOR83_0013
TORONTO_YOR83_STU00333,TORONTO_YOR83_0037
TORONTO_YOR83_STU00333,TORONTO_YOR83_0043
TORONTO_YOR83_STU00333,TORONTO_YOR83_0065
TORONTO_YOR83_STU00333,TORONTO_YOR83_0117
TORONTO_YOR83_STU00333,TORONTO_YOR83_0128
TORONTO_YOR83_STU00333,TORONTO_YOR83_0139
TORONTO_YOR83_STU00333,TORONTO_YOR83_0171
TORONTO_YOR83_STU00334,TORONTO_YOR83_0003
TORONTO_YOR83_STU00334,TORONTO_YOR83_0005
TORONTO_YOR83_STU00334,TORONTO_YOR83_0043
TORONTO_YOR83_STU00334,TORONTO_YOR83_0057
TORONTO_YOR83_STU00334,TORONTO_YOR83_0116
TORONTO_YOR83_STU00334,TORONTO_YOR83_0148
TORONTO_YOR83_STU00335,TORONTO_YOR83_0034
TORONTO_YOR83_STU00335,TORONTO_YOR83_0064
TORONTO_YOR83_STU00335,TORONTO_YOR83_0083
TORONTO_YOR83_STU00335,TORONTO_YOR83_0114
TORONTO_YOR83_STU00335,TORONTO_YOR83_0137
TORONTO_YOR83_STU00335,TORONTO_YOR83_0144
TORONTO_YOR83_STU00335,TORONTO_YOR83_0155
TORONTO_YOR83_STU00336,TORONTO_YOR83_0012
TORONTO_YOR83_STU00336,TORONTO_YOR83_0033
TORONTO_YOR83_STU00336,TORONTO_YOR83_0062
TORONTO_YOR83_STU00336,TORONTO_YOR83_0114
TORONTO_YOR83_STU00336,TORONTO_YOR83_0137
TORONTO_YOR83_STU00336,TORONTO_YOR83_0156
TORONTO_YOR83_STU00336,TORONTO_YOR83_0162
TORONTO_YOR83_STU00336,TORONTO_YOR83_0175
TORONTO_YOR83_STU00337,TORONTO_YOR83_0037
TORONTO_YOR83_STU00337,TORONTO_YOR83_0054
TORONTO_YOR83_STU00337,TORONTO_YOR83_0066
TORONTO_YOR83_STU00337,TORONTO_YOR83_0114
TORONTO_YOR83_STU00337,TORONTO_YOR83_0119
TORONTO_YOR83_STU00337,TORONTO_YOR83_0146
TORONTO_YOR83_STU00337,TORONTO_YOR83_0148
TORONTO_YOR83_STU00338,TORONTO_YOR83_0004
TORONTO_YOR83_STU00338,TORONTO_YOR83_0009
TORONTO_YOR83_STU00338,TORONTO_YOR83_0041
TORONTO_YOR83_STU00338,TORONTO_YOR83_0053
TORONTO_YOR83_STU00338,TORONTO_YOR83_0124
TORONTO_YOR83_STU00339,TORONTO_YOR83_0037
TORONTO_YOR83_STU00339,TORONTO_YOR83_0043
TORONTO_YOR83_STU00339,TORONTO_YOR83_0103
TORONTO_YOR83_STU00339,TORONTO_YOR83_0118
TORONTO_YOR83_STU00339,TORONTO_YOR83_0139
TORONTO_YOR83_STU00339,TORONTO_YOR83_0148
TORONTO_YOR83_STU00339,TORONTO_YOR83_0151
TORONTO_YOR83_STU00340,TORONTO_YOR83_0001
TORONTO_YOR83_STU00340,TORONTO_YOR83_0008
TORONTO_YOR83_STU00340,TORONTO_YOR83_0012
TORONTO_YOR83_STU00340,TORONTO_YOR83_0013
TORONTO_YOR83_STU00340,TORONTO_YOR83_0036
TORONTO_YOR83_STU00340,TORONTO_YOR83_0057
TORONTO_YOR83_STU00340,TORONTO_YOR83_0112
TORONTO_YOR83_STU00341,TORONTO_YOR83_0009
TORONTO_YOR83_STU00341,TORONTO_YOR83_0042
TORONTO_YOR83_STU00341,TORONTO_YOR83_0065
TORONTO_YOR83_STU00342,TORONTO_YOR83_0043
TORONTO_YOR83_STU00342,TORONTO_YOR83_0065
TORONTO_YOR83_STU00342,TORONTO_YOR83_0099
TORONTO_YOR83_STU00342,TORONTO_YOR83_0100
TORONTO_YOR83_STU00342,TORONTO_YOR83_0150
TORONTO_YOR83_STU00342,TORONTO_YOR83_0158
TORONTO_YOR83_STU00343,TORONTO_YOR83_0013
TORONTO_YOR83_STU00343,TORONTO_YOR83_0017
TORONTO_YOR83_STU00343,TORONTO_YOR83_0036
TORONTO_YOR83_STU00343,TORONTO_YOR83_0055
TORONTO_YOR83_STU00343,TORONTO_YOR83_0129
TORONTO_YOR83_STU00344,TORONTO_YOR83_0037
TORONTO_YOR83_STU00344,TORONTO_YOR83_0086
TORONTO_YOR83_STU00344,TORONTO_YOR83_0103
TORONTO_YOR83_STU00344,TORONTO_YOR83_0118
TORONTO_YOR83_STU00344,TORONTO_YOR83_0139
TORONTO_YOR83_STU00344,TORONTO_YOR83_0148
TORONTO_YOR83_STU00344,TORONTO_YOR83_0151
TORONTO_YOR83_STU00345,TORONTO_YOR83_0009
TORONTO_YOR83_STU00345,TORONTO_YOR83_0052
TORONTO_YOR83_STU00345,TORONTO_YOR83_0074
TORONTO_YOR83_STU00345,TORONTO_YOR83_0100
TORONTO_YOR83_STU00346,TORONTO_YOR83_0037
TORONTO_YOR83_STU00346,TORONTO_YOR83_0043
TORONTO_YOR83_STU00346,TORONTO_YOR83_0051
TORONTO_YOR83_STU00346,TORONTO_YOR83_0057
TORONTO_YOR83_STU00346,TORONTO_YOR83_0063
TORONTO_YOR83_STU00346,TORONTO_YOR83_0067
TORONTO_YOR83_STU00346,TORONTO_YOR83_0082
TORONTO_YOR83_STU00347,TORONTO_YOR83_0043
TORONTO_YOR83_STU00347,TORONTO_YOR83_0075
TORONTO_YOR83_STU00347,TORONTO_YOR83_0103
TORONTO_YOR83_STU00347,TORONTO_YOR83_0118
TORONTO_YOR83_STU00347,TORONTO_YOR83_0148
TORONTO_YOR83_STU00347,TORONTO_YOR83_0164
TORONTO_YOR83_STU00348,TORONTO_YOR83_0004
TORONTO_YOR83_STU00348,TORONTO_YOR83_0040
TORONTO_YOR83_STU00348,TORONTO_YOR83_0053
TORONTO_YOR83_STU00348,TORONTO_YOR83_0061
TORONTO_YOR83_STU00348,TORONTO_YOR83_0074
TORONTO_YOR83_STU00348,TORONTO_YOR83_0103
TORONTO_YOR83_STU00348,TORONTO_YOR83_0118
TORONTO_YOR83_STU00349,TORONTO_YOR83_0004
TORONTO_YOR83_STU00349,TORONTO_YOR83_0039
TORONTO_YOR83_STU00349,TORONTO_YOR83_0064
TORONTO_YOR83_STU00349,TORONTO_YOR83_0087
TORONTO_YOR83_STU00349,TORONTO_YOR83_0103
TORONTO_YOR83_STU00349,TORONTO_YOR83_0118
TORONTO_YOR83_STU00349,TORONTO_YOR83_0146
TORONTO_YOR83_STU00349,TORONTO_YOR83_0148
TORONTO_YOR83_STU00350,TORONTO_YOR83_0005
TORONTO_YOR83_STU00350,TORONTO_YOR83_0008
TORONTO_YOR83_STU00350,TORONTO_YOR83_0033
TORONTO_YOR83_STU00350,TORONTO_YOR83_0070
TORONTO_YOR83_STU00350,TORONTO_YOR83_0103
TORONTO_YOR83_STU00350,TORONTO_YOR83_0118
TORONTO_YOR83_STU00350,TORONTO_YOR83_0122
TORONTO_YOR83_STU00350,TORONTO_YOR83_0141
TORONTO_YOR83_STU00351,TORONTO_YOR83_0043
TORONTO_YOR83_STU00351,TORONTO_YOR83_0099
TORONTO_YOR83_STU00351,TORONTO_YOR83_0100
TORONTO_YOR83_STU00351,TORONTO_YOR83_0104
TORONTO_YOR83_STU00351,TORONTO_YOR83_0106
TORONTO_YOR83_STU00351,TORONTO_YOR83_0150
TORONTO_YOR83_STU00351,TORONTO_YOR83_0157
TORONTO_YOR83_STU00352,TORONTO_YOR83_0033
TORONTO_YOR83_STU00352,TORONTO_YOR83_0062
TORONTO_YOR83_STU00352,TORONTO_YOR83_0084
TORONTO_YOR83_STU00352,TORONTO_YOR83_0095
TORONTO_YOR83_STU00352,TORONTO_YOR83_0114
TORONTO_YOR83_STU00352,TORONTO_YOR83_0137
TORONTO_YOR83_STU00352,TORONTO_YOR83_0156
TORONTO_YOR83_STU00352,TORONTO_YOR83_0168
TORONTO_YOR83_STU00353,TORONTO_YOR83_0003
TORONTO_YOR83_STU00353,TORONTO_YOR83_0037
TORONTO_YOR83_STU00353,TORONTO_YOR83_0057
TORONTO_YOR83_STU00353,TORONTO_YOR83_0086
TORONTO_YOR83_STU00353,TORONTO_YOR83_0118
TORONTO_YOR83_STU00354,TORONTO_YOR83_0003
TORONTO_YOR83_STU00354,TORONTO_YOR83_0048
TORONTO_YOR83_STU00354,TORONTO_YOR83_0074
TORONTO_YOR83_STU00354,TORONTO_YOR83_0101
TORONTO_YOR83_STU00354,TORONTO_YOR83_0103
TORONTO_YOR83_STU00354,TORONTO_YOR83_0118
TORONTO_YOR83_STU00355,TORONTO_YOR83_0040
TORONTO_YOR83_STU00355,TORONTO_YOR83_0100
TORONTO_YOR83_STU00355,TORONTO_YOR83_0102
TORONTO_YOR83_STU00356,TORONTO_YOR83_0033
TORONTO_YOR83_STU00356,TORONTO_YOR83_0064
TORONTO_YOR83_STU00356,TORONTO_YOR83_0084
TORONTO_YOR83_STU00356,TORONTO_YOR83_0105
TORONTO_YOR83_STU00356,TORONTO_YOR83_0115
TORONTO_YOR83_STU00356,TORONTO_YOR83_0137
TORONTO_YOR83_STU00356,TORONTO_YOR83_0155
TORONTO_YOR83_STU00356,TORONTO_YOR83_0169
TORONTO_YOR83_STU00357,TORONTO_YOR83_0004
TORONTO_YOR83_STU00357,TORONTO_YOR83_0043
TORONTO_YOR83_STU00357,TORONTO_YOR83_0074
TORONTO_YOR83_STU00357,TORONTO_YOR83_0088
TORONTO_YOR83_STU00357,TORONTO_YOR83_0100
TORONTO_YOR83_STU00357,TORONTO_YOR83_0146
TORONTO_YOR83_STU00357,TORONTO_YOR83_0150
TORONTO_YOR83_STU00358,TORONTO_YOR83_0012
TORONTO_YOR83_STU00358,TORONTO_YOR83_0033
TORONTO_YOR83_STU00358,TORONTO_YOR83_0039
TORONTO_YOR83_STU00358,TORONTO_YOR83_0043
TORONTO_YOR83_STU00358,TORONTO_YOR83_0063
TORONTO_YOR83_STU00358,TORONTO_YOR83_0065
TORONTO_YOR83_STU00358,TORONTO_YOR83_0076
TORONTO_YOR83_STU00358,TORONTO_YOR83_0101
TORONTO_YOR83_STU00358,TORONTO_YOR83_0102
TORONTO_YOR83_STU00358,TORONTO_YOR83_0114
TORONTO_YOR83_STU00358,TORONTO_YOR83_0119
TORONTO_YOR83_STU00358,TORONTO_YOR83_0150
TORONTO_YOR83_STU00358,TORONTO_YOR83_0177
TORONTO_YOR83_STU00358,TORONTO_YOR83_0180
TORONTO_YOR83_STU00359,TORONTO_YOR83_0001
TORONTO_YOR83_STU00359,TORONTO_YOR83_0033
TORONTO_YOR83_STU00359,TORONTO_YOR83_0083
TORONTO_YOR83_STU00359,TORONTO_YOR83_0105
TORONTO_YOR83_STU00359,TORONTO_YOR83_0115
TORONTO_YOR83_STU00359,TORONTO_YOR83_0122
TORONTO_YOR83_STU00359,TORONTO_YOR83_0137
TORONTO_YOR83_STU00359,TORONTO_YOR83_0155
TORONTO_YOR83_STU00360,TORONTO_YOR83_0012
TORONTO_YOR83_STU00360,TORONTO_YOR83_0016
TORONTO_YOR83_STU00360,TORONTO_YOR83_0021
TORONTO_YOR83_STU00360,TORONTO_YOR83_0022
TORONTO_YOR83_STU00360,TORONTO_YOR83_0034
TORONTO_YOR83_STU00360,TORONTO_YOR83_0078
TORONTO_YOR83_STU00360,TORONTO_YOR83_0113
TORONTO_YOR83_STU00360,TORONTO_YOR83_0161
TORONTO_YOR83_STU00361,TORONTO_YOR83_0040
TORONTO_YOR83_STU00361,TORONTO_YOR83_0099
TORONTO_YOR83_STU00361,TORONTO_YOR83_0100
TORONTO_YOR83_STU00361,TORONTO_YOR83_0150
TORONTO_YOR83_STU00361,TORONTO_YOR83_0158
TORONTO_YOR83_STU00361,TORONTO_YOR83_0165
TORONTO_YOR83_STU00362,TORONTO_YOR83_0011
TORONTO_YOR83_STU00362,TORONTO_YOR83_0022
TORONTO_YOR83_STU00362,TORONTO_YOR83_0033
TORONTO_YOR83_STU00362,TORONTO_YOR83_0063
TORONTO_YOR83_STU00362,TORONTO_YOR83_0083
TORONTO_YOR83_STU00362,TORONTO_YOR83_0115
TORONTO_YOR83_STU00362,TORONTO_YOR83_0122
TORONTO_YOR83_STU00362,TORONTO_YOR83_0136
TORONTO_YOR83_STU00363,TORONTO_YOR83_0003
TORONTO_YOR83_STU00363,TORONTO_YOR83_0010
TORONTO_YOR83_STU00363,TORONTO_YOR83_0040
TORONTO_YOR83_STU00363,TORONTO_YOR83_0048
TORONTO_YOR83_STU00363,TORONTO_YOR83_0068
TORONTO_YOR83_STU00364,TORONTO_YOR83_0040
TORONTO_YOR83_STU00364,TORONTO_YOR83_0074
TORONTO_YOR83_STU00365,TORONTO_YOR83_0012
TORONTO_YOR83_STU00365,TORONTO_YOR83_0034
TORONTO_YOR83_STU00365,TORONTO_YOR83_0082
TORONTO_YOR83_STU00365,TORONTO_YOR83_0122
TORONTO_YOR83_STU00365,TORONTO_YOR83_0134
TORONTO_YOR83_STU00365,TORONTO_YOR83_0144
TORONTO_YOR83_STU00366,TORONTO_YOR83_0040
TORONTO_YOR83_STU00366,TORONTO_YOR83_0099
TORONTO_YOR83_STU00366,TORONTO_YOR83_0101
TORONTO_YOR83_STU00366,TORONTO_YOR83_0102
TORONTO_YOR83_STU00366,TORONTO_YOR83_0151
TORONTO_YOR83_STU00366,TORONTO_YOR83_0157
TORONTO_YOR83_STU00367,TORONTO_YOR83_0039
TORONTO_YOR83_STU00367,TORONTO_YOR83_0055
TORONTO_YOR83_STU00367,TORONTO_YOR83_0086
TORONTO_YOR83_STU00367,TORONTO_YOR83_0118
TORONTO_YOR83_STU00367,TORONTO_YOR83_0140
TORONTO_YOR83_STU00368,TORONTO_YOR83_0010
TORONTO_YOR83_STU00368,TORONTO_YOR83_0040
TORONTO_YOR83_STU00368,TORONTO_YOR83_0099
TORONTO_YOR83_STU00368,TORONTO_YOR83_0100
TORONTO_YOR83_STU00368,TORONTO_YOR83_0145
TORONTO_YOR83_STU00368,TORONTO_YOR83_0158
TORONTO_YOR83_STU00369,TORONTO_YOR83_0043
TORONTO_YOR83_STU00369,TORONTO_YOR83_0054
TORONTO_YOR83_STU00369,TORONTO_YOR83_0087
TORONTO_YOR83_STU00369,TORONTO_YOR83_0090
TORONTO_YOR83_STU00369,TORONTO_YOR83_0101
TORONTO_YOR83_STU00369,TORONTO_YOR83_0102
TORONTO_YOR83_STU00369,TORONTO_YOR83_0129
TORONTO_YOR83_STU00369,TORONTO_YOR83_0148
TORONTO_YOR83_STU00370,TORONTO_YOR83_0011
TORONTO_YOR83_STU00370,TORONTO_YOR83_0018
TORONTO_YOR83_STU00370,TORONTO_YOR83_0034
TORONTO_YOR83_STU00370,TORONTO_YOR83_0115
TORONTO_YOR83_STU00370,TORONTO_YOR83_0122
TORONTO_YOR83_STU00370,TORONTO_YOR83_0135
TORONTO_YOR83_STU00370,TORONTO_YOR83_0144
TORONTO_YOR83_STU00370,TORONTO_YOR83_0170
TORONTO_YOR83_STU00371,TORONTO_YOR83_0005
TORONTO_YOR83_STU00371,TORONTO_YOR83_0011
TORONTO_YOR83_STU00371,TORONTO_YOR83_0033
TORONTO_YOR83_STU00371,TORONTO_YOR83_0039
TORONTO_YOR83_STU00371,TORONTO_YOR83_0072
TORONTO_YOR83_STU00371,TORONTO_YOR83_0109
TORONTO_YOR83_STU00371,TORONTO_YOR83_0115
TORONTO_YOR83_STU00371,TORONTO_YOR83_0168
TORONTO_YOR83_STU00372,TORONTO_YOR83_0074
TORONTO_YOR83_STU00372,TORONTO_YOR83_0102
TORONTO_YOR83_STU00372,TORONTO_YOR83_0142
TORONTO_YOR83_STU00373,TORONTO_YOR83_0001
TORONTO_YOR83_STU00373,TORONTO_YOR83_0011
TORONTO_YOR83_STU00373,TORONTO_YOR83_0015
TORONTO_YOR83_STU00373,TORONTO_YOR83_0034
TORONTO_YOR83_STU00373,TORONTO_YOR83_0083
TORONTO_YOR83_STU00373,TORONTO_YOR83_0092
TORONTO_YOR83_STU00373,TORONTO_YOR83_0095
TORONTO_YOR83_STU00374,TORONTO_YOR83_0034
TORONTO_YOR83_STU00374,TORONTO_YOR83_0064
TORONTO_YOR83_STU00374,TORONTO_YOR83_0114
TORONTO_YOR83_STU00374,TORONTO_YOR83_0135
TORONTO_YOR83_STU00374,TORONTO_YOR83_0144
TORONTO_YOR83_STU00374,TORONTO_YOR83_0156
TORONTO_YOR83_STU00374,TORONTO_YOR83_0170
TORONTO_YOR83_STU00374,TORONTO_YOR83_0175
TORONTO_YOR83_STU00375,TORONTO_YOR83_0040
TORONTO_YOR83_STU00375,TORONTO_YOR83_0074
TORONTO_YOR83_STU00375,TORONTO_YOR83_0088
TORONTO_YOR83_STU00375,TORONTO_YOR83_0164
TORONTO_YOR83_STU00376,TORONTO_YOR83_0002
TORONTO_YOR83_STU00376,TORONTO_YOR83_0014
TORONTO_YOR83_STU00376,TORONTO_YOR83_0036
TORONTO_YOR83_STU00376,TORONTO_YOR83_0118
TORONTO_YOR83_STU00376,TORONTO_YOR83_0127
TORONTO_YOR83_STU00376,TORONTO_YOR83_0139
TORONTO_YOR83_STU00376,TORONTO_YOR83_0169
TORONTO_YOR83_STU00376,TORONTO_YOR83_0171
TORONTO_YOR83_STU00377,TORONTO_YOR83_0034
TORONTO_YOR83_STU00377,TORONTO_YOR83_0064
TORONTO_YOR83_STU00377,TORONTO_YOR83_0084
TORONTO_YOR83_STU00377,TORONTO_YOR83_0114
TORONTO_YOR83_STU00377,TORONTO_YOR83_0134
TORONTO_YOR83_STU00377,TORONTO_YOR83_0156
TORONTO_YOR83_STU00377,TORONTO_YOR83_0169
TORONTO_YOR83_STU00377,TORONTO_YOR83_0176
TORONTO_YOR83_STU00378,TORONTO_YOR83_0033
TORONTO_YOR83_STU00378,TORONTO_YOR83_0069
TORONTO_YOR83_STU00378,TORONTO_YOR83_0083
TORONTO_YOR83_STU00378,TORONTO_YOR83_0095
TORONTO_YOR83_STU00378,TORONTO_YOR83_0114
TORONTO_YOR83_STU00378,TORONTO_YOR83_0135
TORONTO_YOR83_STU00378,TORONTO_YOR83_0143
TORONTO_YOR83_STU00378,TORONTO_YOR83_0156
TORONTO_YOR83_STU00379,TORONTO_YOR83_0040
TORONTO_YOR83_STU00379,TORONTO_YOR83_0061
TORONTO_YOR83_STU00379,TORONTO_YOR83_0066
TORONTO_YOR83_STU00379,TORONTO_YOR83_0101
TORONTO_YOR83_STU00379,TORONTO_YOR83_0102
TORONTO_YOR83_STU00379,TORONTO_YOR83_0151
TORONTO_YOR83_STU00380,TORONTO_YOR83_0011
TORONTO_YOR83_STU00380,TORONTO_YOR83_0034
TORONTO_YOR83_STU00380,TORONTO_YOR83_0069
TORONTO_YOR83_STU00380,TORONTO_YOR83_0109
TORONTO_YOR83_STU00380,TORONTO_YOR83_0115
TORONTO_YOR83_STU00380,TORONTO_YOR83_0125
TORONTO_YOR83_STU00380,TORONTO_YOR83_0128
TORONTO_YOR83_STU00381,TORONTO_YOR83_0042
TORONTO_YOR83_STU00381,TORONTO_YOR83_0088
TORONTO_YOR83_STU00381,TORONTO_YOR83_0102
TORONTO_YOR83_STU00382,TORONTO_YOR83_0003
TORONTO_YOR83_STU00382,TORONTO_YOR83_0009
TORONTO_YOR83_STU00382,TORONTO_YOR83_0100
TORONTO_YOR83_STU00382,TORONTO_YOR83_0102
TORONTO_YOR83_STU00383,TORONTO_YOR83_0040
TORONTO_YOR83_STU00383,TORONTO_YOR83_0157
TORONTO_YOR83_STU00384,TORONTO_YOR83_0002
TORONTO_YOR83_STU00384,TORONTO_YOR83_0012
TORONTO_YOR83_STU00384,TORONTO_YOR83_0034
TORONTO_YOR83_STU00384,TORONTO_YOR83_0107
TORONTO_YOR83_STU00384,TORONTO_YOR83_0134
TORONTO_YOR83_STU00384,TORONTO_YOR83_0162
TORONTO_YOR83_STU00385,TORONTO_YOR83_0098
TORONTO_YOR83_STU00385,TORONTO_YOR83_0151
TORONTO_YOR83_STU00385,TORONTO_YOR83_0157
TORONTO_YOR83_STU00385,TORONTO_YOR83_0180
TORONTO_YOR83_STU00386,TORONTO_YOR83_0089
TORONTO_YOR83_STU00386,TORONTO_YOR83_0098
TORONTO_YOR83_STU00386,TORONTO_YOR83_0100
TORONTO_YOR83_STU00387,TORONTO_YOR83_0004
TORONTO_YOR83_STU00387,TORONTO_YOR83_0040
TORONTO_YOR83_STU00387,TORONTO_YOR83_0045
TORONTO_YOR83_STU00387,TORONTO_YOR83_0068
TORONTO_YOR83_STU00387,TORONTO_YOR83_0073
TORONTO_YOR83_STU00387,TORONTO_YOR83_0075
TORONTO_YOR83_STU00388,TORONTO_YOR83_0033
TORONTO_YOR83_STU00388,TORONTO_YOR83_0069
TORONTO_YOR83_STU00388,TORONTO_YOR83_0104
TORONTO_YOR83_STU00388,TORONTO_YOR83_0114
TORONTO_YOR83_STU00388,TORONTO_YOR83_0135
TORONTO_YOR83_STU00388,TORONTO_YOR83_0144
TORONTO_YOR83_STU00388,TORONTO_YOR83_0156
TORONTO_YOR83_STU00388,TORONTO_YOR83_0170
TORONTO_YOR83_STU00389,TORONTO_YOR83_0040
TORONTO_YOR83_STU00389,TORONTO_YOR83_0098
TORONTO_YOR83_STU00389,TORONTO_YOR83_0100
TORONTO_YOR83_STU00389,TORONTO_YOR83_0157
TORONTO_YOR83_STU00390,TORONTO_YOR83_0066
TORONTO_YOR83_STU00390,TORONTO_YOR83_0101
TORONTO_YOR83_STU00390,TORONTO_YOR83_0102
TORONTO_YOR83_STU00390,TORONTO_YOR83_0142
TORONTO_YOR83_STU00390,TORONTO_YOR83_0145
TORONTO_YOR83_STU00390,TORONTO_YOR83_0158
TORONTO_YOR83_STU00391,TORONTO_YOR83_0011
TORONTO_YOR83_STU00391,TORONTO_YOR83_0014
TORONTO_YOR83_STU00391,TORONTO_YOR83_0017
TORONTO_YOR83_STU00391,TORONTO_YOR83_0038
TORONTO_YOR83_STU00391,TORONTO_YOR83_0043
TORONTO_YOR83_STU00391,TORONTO_YOR83_0054
TORONTO_YOR83_STU00391,TORONTO_YOR83_0065
TORONTO_YOR83_STU00391,TORONTO_YOR83_0129
TORONTO_YOR83_STU00392,TORONTO_YOR83_0012
TORONTO_YOR83_STU00392,TORONTO_YOR83_0016
TORONTO_YOR83_STU00392,TORONTO_YOR83_0027
TORONTO_YOR83_STU00392,TORONTO_YOR83_0034
TORONTO_YOR83_STU00392,TORONTO_YOR83_0078
TORONTO_YOR83_STU00392,TORONTO_YOR83_0082
TORONTO_YOR83_STU00392,TORONTO_YOR83_0122
TORONTO_YOR83_STU00392,TORONTO_YOR83_0161
TORONTO_YOR83_STU00393,TORONTO_YOR83_0001
TORONTO_YOR83_STU00393,TORONTO_YOR83_0011
TORONTO_YOR83_STU00393,TORONTO_YOR83_0016
TORONTO_YOR83_STU00393,TORONTO_YOR83_0034
TORONTO_YOR83_STU00393,TORONTO_YOR83_0062
TORONTO_YOR83_STU00393,TORONTO_YOR83_0069
TORONTO_YOR83_STU00394,TORONTO_YOR83_0034
TORONTO_YOR83_STU00394,TORONTO_YOR83_0064
TORONTO_YOR83_STU00394,TORONTO_YOR83_0077
TORONTO_YOR83_STU00394,TORONTO_YOR83_0084
TORONTO_YOR83_STU00394,TORONTO_YOR83_0104
TORONTO_YOR83_STU00394,TORONTO_YOR83_0114
TORONTO_YOR83_STU00394,TORONTO_YOR83_0137
TORONTO_YOR83_STU00394,TORONTO_YOR83_0155
TORONTO_YOR83_STU00395,TORONTO_YOR83_0100
TORONTO_YOR83_STU00395,TORONTO_YOR83_0102
TORONTO_YOR83_STU00395,TORONTO_YOR83_0145
TORONTO_YOR83_STU00396,TORONTO_YOR83_0034
TORONTO_YOR83_STU00396,TORONTO_YOR83_0064
TORONTO_YOR83_STU00396,TORONTO_YOR83_0084
TORONTO_YOR83_STU00396,TORONTO_YOR83_0104
TORONTO_YOR83_STU00396,TORONTO_YOR83_0114
TORONTO_YOR83_STU00396,TORONTO_YOR83_0125
TORONTO_YOR83_STU00396,TORONTO_YOR83_0137
TORONTO_YOR83_STU00396,TORONTO_YOR83_0156
TORONTO_YOR83_STU00397,TORONTO_YOR83_0033
TORONTO_YOR83_STU00397,TORONTO_YOR83_0105
TORONTO_YOR83_STU00397,TORONTO_YOR83_0115
TORONTO_YOR83_STU00397,TORONTO_YOR83_0137
TORONTO_YOR83_STU00397,TORONTO_YOR83_0155
TORONTO_YOR83_STU00397,TORONTO_YOR83_0169
TORONTO_YOR83_STU00397,TORONTO_YOR83_0170
TORONTO_YOR83_STU00397,TORONTO_YOR83_0175
TORONTO_YOR83_STU00398,TORONTO_YOR83_0037
TORONTO_YOR83_STU00398,TORONTO_YOR83_0103
TORONTO_YOR83_STU00398,TORONTO_YOR83_0118
TORONTO_YOR83_STU00398,TORONTO_YOR83_0123
TORONTO_YOR83_STU00398,TORONTO_YOR83_0140
TORONTO_YOR83_STU00398,TORONTO_YOR83_0148
TORONTO_YOR83_STU00398,TORONTO_YOR83_0158
TORONTO_YOR83_STU00399,TORONTO_YOR83_0001
TORONTO_YOR83_STU00399,TORONTO_YOR83_0012
TORONTO_YOR83_STU00399,TORONTO_YOR83_0018
TORONTO_YOR83_STU00399,TORONTO_YOR83_0033
TORONTO_YOR83_STU00399,TORONTO_YOR83_0115
TORONTO_YOR83_STU00399,TORONTO_YOR83_0122
TORONTO_YOR83_STU00399,TORONTO_YOR83_0126
TORONTO_YOR83_STU00399,TORONTO_YOR83_0137
TORONTO_YOR83_STU00400,TORONTO_YOR83_0001
TORONTO_YOR83_STU00400,TORONTO_YOR83_0033
TORONTO_YOR83_STU00400,TORONTO_YOR83_0082
TORONTO_YOR83_STU00400,TORONTO_YOR83_0137
TORONTO_YOR83_STU00400,TORONTO_YOR83_0144
TORONTO_YOR83_STU00400,TORONTO_YOR83_0175
TORONTO_YOR83_STU00401,TORONTO_YOR83_0042
TORONTO_YOR83_STU00401,TORONTO_YOR83_0090
TORONTO_YOR83_STU00401,TORONTO_YOR83_0099
TORONTO_YOR83_STU00401,TORONTO_YOR83_0100
TORONTO_YOR83_STU00402,TORONTO_YOR83_0004
TORONTO_YOR83_STU00402,TORONTO_YOR83_0037
TORONTO_YOR83_STU00402,TORONTO_YOR83_0076
TORONTO_YOR83_STU00402,TORONTO_YOR83_0086
TORONTO_YOR83_STU00402,TORONTO_YOR83_0101
TORONTO_YOR83_STU00402,TORONTO_YOR83_0118
TORONTO_YOR83_STU00402,TORONTO_YOR83_0139
TORONTO_YOR83_STU00403,TORONTO_YOR83_0010
TORONTO_YOR83_STU00403,TORONTO_YOR83_0040
TORONTO_YOR83_STU00403,TORONTO_YOR83_0045
TORONTO_YOR83_STU00403,TORONTO_YOR83_0068
TORONTO_YOR83_STU00403,TORONTO_YOR83_0101
TORONTO_YOR83_STU00403,TORONTO_YOR83_0102
TORONTO_YOR83_STU00404,TORONTO_YOR83_0004
TORONTO_YOR83_STU00404,TORONTO_YOR83_0037
TORONTO_YOR83_STU00404,TORONTO_YOR83_0087
TORONTO_YOR83_STU00404,TORONTO_YOR83_0103
TORONTO_YOR83_STU00404,TORONTO_YOR83_0118
TORONTO_YOR83_STU00404,TORONTO_YOR83_0148
TORONTO_YOR83_STU00404,TORONTO_YOR83_0158
TORONTO_YOR83_STU00405,TORONTO_YOR83_0040
TORONTO_YOR83_STU00405,TORONTO_YOR83_0098
TORONTO_YOR83_STU00405,TORONTO_YOR83_0150
TORONTO_YOR83_STU00406,TORONTO_YOR83_0011
TORONTO_YOR83_STU00406,TORONTO_YOR83_0014
TORONTO_YOR83_STU00406,TORONTO_YOR83_0038
TORONTO_YOR83_STU00406,TORONTO_YOR83_0043
TORONTO_YOR83_STU00406,TORONTO_YOR83_0099
TORONTO_YOR83_STU00406,TORONTO_YOR83_0100
TORONTO_YOR83_STU00406,TORONTO_YOR83_0151
TORONTO_YOR83_STU00406,TORONTO_YOR83_0157
TORONTO_YOR83_STU00407,TORONTO_YOR83_0034
TORONTO_YOR83_STU00407,TORONTO_YOR83_0064
TORONTO_YOR83_STU00407,TORONTO_YOR83_0083
TORONTO_YOR83_STU00407,TORONTO_YOR83_0114
TORONTO_YOR83_STU00407,TORONTO_YOR83_0135
TORONTO_YOR83_STU00407,TORONTO_YOR83_0144
TORONTO_YOR83_STU00407,TORONTO_YOR83_0155
TORONTO_YOR83_STU00407,TORONTO_YOR83_0176
TORONTO_YOR83_STU00408,TORONTO_YOR83_0020
TORONTO_YOR83_STU00408,TORONTO_YOR83_0042
TORONTO_YOR83_STU00408,TORONTO_YOR83_0044
TORONTO_YOR83_STU00408,TORONTO_YOR83_0074
TORONTO_YOR83_STU00408,TORONTO_YOR83_0082
TORONTO_YOR83_STU00408,TORONTO_YOR83_0086
TORONTO_YOR83_STU00409,TORONTO_YOR83_0066
TORONTO_YOR83_STU00409,TORONTO_YOR83_0142
TORONTO_YOR83_STU00409,TORONTO_YOR83_0148
TORONTO_YOR83_STU00409,TORONTO_YOR83_0158
TORONTO_YOR83_STU00409,TORONTO_YOR83_0179
TORONTO_YOR83_STU00409,TORONTO_YOR83_0181
TORONTO_YOR83_STU00410,TORONTO_YOR83_0027
TORONTO_YOR83_STU00410,TORONTO_YOR83_0037
TORONTO_YOR83_STU00410,TORONTO_YOR83_0043
TORONTO_YOR83_STU00410,TORONTO_YOR83_0114
TORONTO_YOR83_STU00410,TORONTO_YOR83_0119
TORONTO_YOR83_STU00410,TORONTO_YOR83_0140
TORONTO_YOR83_STU00410,TORONTO_YOR83_0142
TORONTO_YOR83_STU00410,TORONTO_YOR83_0147
TORONTO_YOR83_STU00411,TORONTO_YOR83_0043
TORONTO_YOR83_STU00411,TORONTO_YOR83_0051
TORONTO_YOR83_STU00411,TORONTO_YOR83_0103
TORONTO_YOR83_STU00411,TORONTO_YOR83_0118
TORONTO_YOR83_STU00411,TORONTO_YOR83_0178
TORONTO_YOR83_STU00412,TORONTO_YOR83_0040
TORONTO_YOR83_STU00412,TORONTO_YOR83_0086
TORONTO_YOR83_STU00412,TORONTO_YOR83_0103
TORONTO_YOR83_STU00412,TORONTO_YOR83_0118
TORONTO_YOR83_STU00412,TORONTO_YOR83_0123
TORONTO_YOR83_STU00412,TORONTO_YOR83_0146
TORONTO_YOR83_STU00412,TORONTO_YOR83_0148
TORONTO_YOR83_STU00413,TORONTO_YOR83_0040
TORONTO_YOR83_STU00413,TORONTO_YOR83_0075
TORONTO_YOR83_STU00413,TORONTO_YOR83_0101
TORONTO_YOR83_STU00413,TORONTO_YOR83_0142
TORONTO_YOR83_STU00413,TORONTO_YOR83_0150
TORONTO_YOR83_STU00413,TORONTO_YOR83_0158
TORONTO_YOR83_STU00414,TORONTO_YOR83_0012
TORONTO_YOR83_STU00414,TORONTO_YOR83_0018
TORONTO_YOR83_STU00414,TORONTO_YOR83_0032
TORONTO_YOR83_STU00414,TORONTO_YOR83_0107
TORONTO_YOR83_STU00414,TORONTO_YOR83_0113
TORONTO_YOR83_STU00414,TORONTO_YOR83_0135
TORONTO_YOR83_STU00414,TORONTO_YOR83_0155
TORONTO_YOR83_STU00414,TORONTO_YOR83_0162
TORONTO_YOR83_STU00415,TORONTO_YOR83_0038
TORONTO_YOR83_STU00415,TORONTO_YOR83_0043
TORONTO_YOR83_STU00415,TORONTO_YOR83_0065
TORONTO_YOR83_STU00415,TORONTO_YOR83_0101
TORONTO_YOR83_STU00415,TORONTO_YOR83_0102
TORONTO_YOR83_STU00415,TORONTO_YOR83_0151
TORONTO_YOR83_STU00415,TORONTO_YOR83_0157
TORONTO_YOR83_STU00416,TORONTO_YOR83_0043
TORONTO_YOR83_STU00416,TORONTO_YOR83_0099
TORONTO_YOR83_STU00416,TORONTO_YOR83_0100
TORONTO_YOR83_STU00416,TORONTO_YOR83_0102
TORONTO_YOR83_STU00416,TORONTO_YOR83_0106
TORONTO_YOR83_STU00416,TORONTO_YOR83_0148
TORONTO_YOR83_STU00416,TORONTO_YOR83_0151
TORONTO_YOR83_STU00416,TORONTO_YOR83_0157
TORONTO_YOR83_STU00417,TORONTO_YOR83_0004
TORONTO_YOR83_STU00417,TORONTO_YOR83_0010
TORONTO_YOR83_STU00417,TORONTO_YOR83_0099
TORONTO_YOR83_STU00417,TORONTO_YOR83_0100
TORONTO_YOR83_STU00417,TORONTO_YOR83_0102
TORONTO_YOR83_STU00418,TORONTO_YOR83_0037
TORONTO_YOR83_STU00418,TORONTO_YOR83_0043
TORONTO_YOR83_STU00418,TORONTO_YOR83_0085
TORONTO_YOR83_STU00418,TORONTO_YOR83_0095
TORONTO_YOR83_STU00418,TORONTO_YOR83_0103
TORONTO_YOR83_STU00418,TORONTO_YOR83_0118
TORONTO_YOR83_STU00418,TORONTO_YOR83_0148
TORONTO_YOR83_STU00419,TORONTO_YOR83_0011
TORONTO_YOR83_STU00419,TORONTO_YOR83_0037
TORONTO_YOR83_STU00419,TORONTO_YOR83_0077
TORONTO_YOR83_STU00419,TORONTO_YOR83_0086
TORONTO_YOR83_STU00419,TORONTO_YOR83_0096
TORONTO_YOR83_STU00419,TORONTO_YOR83_0148
TORONTO_YOR83_STU00420,TORONTO_YOR83_0008
TORONTO_YOR83_STU00420,TORONTO_YOR83_0035
TORONTO_YOR83_STU00420,TORONTO_YOR83_0117
TORONTO_YOR83_STU00420,TORONTO_YOR83_0147
TORONTO_YOR83_STU00420,TORONTO_YOR83_0172
TORONTO_YOR83_STU00420,TORONTO_YOR83_0178
TORONTO_YOR83_STU00421,TORONTO_YOR83_0014
TORONTO_YOR83_STU00421,TORONTO_YOR83_0037
TORONTO_YOR83_STU00421,TORONTO_YOR83_0052
TORONTO_YOR83_STU00421,TORONTO_YOR83_0076
TORONTO_YOR83_STU00421,TORONTO_YOR83_0086
TORONTO_YOR83_STU00421,TORONTO_YOR83_0103
TORONTO_YOR83_STU00421,TORONTO_YOR83_0118
TORONTO_YOR83_STU00422,TORONTO_YOR83_0033
TORONTO_YOR83_STU00422,TORONTO_YOR83_0063
TORONTO_YOR83_STU00422,TORONTO_YOR83_0095
TORONTO_YOR83_STU00422,TORONTO_YOR83_0115
TORONTO_YOR83_STU00422,TORONTO_YOR83_0137
TORONTO_YOR83_STU00422,TORONTO_YOR83_0155
TORONTO_YOR83_STU00422,TORONTO_YOR83_0169
TORONTO_YOR83_STU00422,TORONTO_YOR83_0175
TORONTO_YOR83_STU00423,TORONTO_YOR83_0073
TORONTO_YOR83_STU00423,TORONTO_YOR83_0089
TORONTO_YOR83_STU00423,TORONTO_YOR83_0118
TORONTO_YOR83_STU00424,TORONTO_YOR83_0050
TORONTO_YOR83_STU00424,TORONTO_YOR83_0051
TORONTO_YOR83_STU00424,TORONTO_YOR83_0112
TORONTO_YOR83_STU00424,TORONTO_YOR83_0117
TORONTO_YOR83_STU00424,TORONTO_YOR83_0175
TORONTO_YOR83_STU00424,TORONTO_YOR83_0178
TORONTO_YOR83_STU00425,TORONTO_YOR83_0014
TORONTO_YOR83_STU00425,TORONTO_YOR83_0037
TORONTO_YOR83_STU00425,TORONTO_YOR83_0056
TORONTO_YOR83_STU00425,TORONTO_YOR83_0086
TORONTO_YOR83_STU00425,TORONTO_YOR83_0102
TORONTO_YOR83_STU00425,TORONTO_YOR83_0148
TORONTO_YOR83_STU00425,TORONTO_YOR83_0151
TORONTO_YOR83_STU00425,TORONTO_YOR83_0163
TORONTO_YOR83_STU00426,TORONTO_YOR83_0004
TORONTO_YOR83_STU00426,TORONTO_YOR83_0009
TORONTO_YOR83_STU00426,TORONTO_YOR83_0040
TORONTO_YOR83_STU00426,TORONTO_YOR83_0099
TORONTO_YOR83_STU00426,TORONTO_YOR83_0101
TORONTO_YOR83_STU00426,TORONTO_YOR83_0102
TORONTO_YOR83_STU00426,TORONTO_YOR83_0151
TORONTO_YOR83_STU00426,TORONTO_YOR83_0157
TORONTO_YOR83_STU00427,TORONTO_YOR83_0009
TORONTO_YOR83_STU00427,TORONTO_YOR83_0043
TORONTO_YOR83_STU00427,TORONTO_YOR83_0065
TORONTO_YOR83_STU00427,TORONTO_YOR83_0099
TORONTO_YOR83_STU00427,TORONTO_YOR83_0101
TORONTO_YOR83_STU00427,TORONTO_YOR83_0102
TORONTO_YOR83_STU00427,TORONTO_YOR83_0157
TORONTO_YOR83_STU00428,TORONTO_YOR83_0009
TORONTO_YOR83_STU00428,TORONTO_YOR83_0043
TORONTO_YOR83_STU00428,TORONTO_YOR83_0099
TORONTO_YOR83_STU00428,TORONTO_YOR83_0100
TORONTO_YOR83_STU00428,TORONTO_YOR83_0124
TORONTO_YOR83_STU00428,TORONTO_YOR83_0158
TORONTO_YOR83_STU00429,TORONTO_YOR83_0001
TORONTO_YOR83_STU00429,TORONTO_YOR83_0033
TORONTO_YOR83_STU00429,TORONTO_YOR83_0083
TORONTO_YOR83_STU00429,TORONTO_YOR83_0114
TORONTO_YOR83_STU00429,TORONTO_YOR83_0119
TORONTO_YOR83_STU00429,TORONTO_YOR83_0137
TORONTO_YOR83_STU00429,TORONTO_YOR83_0143
TORONTO_YOR83_STU00429,TORONTO_YOR83_0156
TORONTO_YOR83_STU00430,TORONTO_YOR83_0037
TORONTO_YOR83_STU00430,TORONTO_YOR83_0043
TORONTO_YOR83_STU00430,TORONTO_YOR83_0087
TORONTO_YOR83_STU00430,TORONTO_YOR83_0103
TORONTO_YOR83_STU00430,TORONTO_YOR83_0118
TORONTO_YOR83_STU00430,TORONTO_YOR83_0148
TORONTO_YOR83_STU00430,TORONTO_YOR83_0151
TORONTO_YOR83_STU00431,TORONTO_YOR83_0015
TORONTO_YOR83_STU00431,TORONTO_YOR83_0022
TORONTO_YOR83_STU00431,TORONTO_YOR83_0033
TORONTO_YOR83_STU00431,TORONTO_YOR83_0050
TORONTO_YOR83_STU00431,TORONTO_YOR83_0058
TORONTO_YOR83_STU00431,TORONTO_YOR83_0136
TORONTO_YOR83_STU00431,TORONTO_YOR83_0162
TORONTO_YOR83_STU00432,TORONTO_YOR83_0011
TORONTO_YOR83_STU00432,TORONTO_YOR83_0034
TORONTO_YOR83_STU00432,TORONTO_YOR83_0078
TORONTO_YOR83_STU00432,TORONTO_YOR83_0113
TORONTO_YOR83_STU00432,TORONTO_YOR83_0137
TORONTO_YOR83_STU00432,TORONTO_YOR83_0155
TORONTO_YOR83_STU00433,TORONTO_YOR83_0037
TORONTO_YOR83_STU00433,TORONTO_YOR83_0043
TORONTO_YOR83_STU00433,TORONTO_YOR83_0085
TORONTO_YOR83_STU00433,TORONTO_YOR83_0103
TORONTO_YOR83_STU00433,TORONTO_YOR83_0118
TORONTO_YOR83_STU00433,TORONTO_YOR83_0148
TORONTO_YOR83_STU00433,TORONTO_YOR83_0151
TORONTO_YOR83_STU00434,TORONTO_YOR83_0040
TORONTO_YOR83_STU00434,TORONTO_YOR83_0045
TORONTO_YOR83_STU00434,TORONTO_YOR83_0099
TORONTO_YOR83_STU00434,TORONTO_YOR83_0100
TORONTO_YOR83_STU00434,TORONTO_YOR83_0124
TORONTO_YOR83_STU00434,TORONTO_YOR83_0158
TORONTO_YOR83_STU00435,TORONTO_YOR83_0011
TORONTO_YOR83_STU00435,TORONTO_YOR83_0022
TORONTO_YOR83_STU00435,TORONTO_YOR83_0032
TORONTO_YOR83_STU00435,TORONTO_YOR83_0135
TORONTO_YOR83_STU00435,TORONTO_YOR83_0156
TORONTO_YOR83_STU00435,TORONTO_YOR83_0168
TORONTO_YOR83_STU00436,TORONTO_YOR83_0043
TORONTO_YOR83_STU00436,TORONTO_YOR83_0046
TORONTO_YOR83_STU00436,TORONTO_YOR83_0098
TORONTO_YOR83_STU00436,TORONTO_YOR83_0101
TORONTO_YOR83_STU00436,TORONTO_YOR83_0151
TORONTO_YOR83_STU00436,TORONTO_YOR83_0157
TORONTO_YOR83_STU00437,TORONTO_YOR83_0011
TORONTO_YOR83_STU00437,TORONTO_YOR83_0033
TORONTO_YOR83_STU00437,TORONTO_YOR83_0084
TORONTO_YOR83_STU00437,TORONTO_YOR83_0114
TORONTO_YOR83_STU00437,TORONTO_YOR83_0137
TORONTO_YOR83_STU00437,TORONTO_YOR83_0144
TORONTO_YOR83_STU00437,TORONTO_YOR83_0155
TORONTO_YOR83_STU00437,TORONTO_YOR83_0176
TORONTO_YOR83_STU00438,TORONTO_YOR83_0033
TORONTO_YOR83_STU00438,TORONTO_YOR83_0063
TORONTO_YOR83_STU00438,TORONTO_YOR83_0069
TORONTO_YOR83_STU00438,TORONTO_YOR83_0083
TORONTO_YOR83_STU00438,TORONTO_YOR83_0114
TORONTO_YOR83_STU00438,TORONTO_YOR83_0135
TORONTO_YOR83_STU00438,TORONTO_YOR83_0156
TORONTO_YOR83_STU00438,TORONTO_YOR83_0175
TORONTO_YOR83_STU00439,TORONTO_YOR83_0009
TORONTO_YOR83_STU00439,TORONTO_YOR83_0100
TORONTO_YOR83_STU00439,TORONTO_YOR83_0102
TORONTO_YOR83_STU00440,TORONTO_YOR83_0003
TORONTO_YOR83_STU00440,TORONTO_YOR83_0075
TORONTO_YOR83_STU00440,TORONTO_YOR83_0148
TORONTO_YOR83_STU00440,TORONTO_YOR83_0151
TORONTO_YOR83_STU00440,TORONTO_YOR83_0158
TORONTO_YOR83_STU00441,TORONTO_YOR83_0033
TORONTO_YOR83_STU00441,TORONTO_YOR83_0064
TORONTO_YOR83_STU00441,TORONTO_YOR83_0105
TORONTO_YOR83_STU00441,TORONTO_YOR83_0115
TORONTO_YOR83_STU00441,TORONTO_YOR83_0137
TORONTO_YOR83_STU00441,TORONTO_YOR83_0156
TORONTO_YOR83_STU00441,TORONTO_YOR83_0169
TORONTO_YOR83_STU00441,TORONTO_YOR83_0175
TORONTO_YOR83_STU00442,TORONTO_YOR83_0037
TORONTO_YOR83_STU00442,TORONTO_YOR83_0086
TORONTO_YOR83_STU00442,TORONTO_YOR83_0103
TORONTO_YOR83_STU00442,TORONTO_YOR83_0118
TORONTO_YOR83_STU00442,TORONTO_YOR83_0128
TORONTO_YOR83_STU00442,TORONTO_YOR83_0148
TORONTO_YOR83_STU00442,TORONTO_YOR83_0171
TORONTO_YOR83_STU00443,TORONTO_YOR83_0002
TORONTO_YOR83_STU00443,TORONTO_YOR83_0034
TORONTO_YOR83_STU00443,TORONTO_YOR83_0064
TORONTO_YOR83_STU00443,TORONTO_YOR83_0084
TORONTO_YOR83_STU00443,TORONTO_YOR83_0095
TORONTO_YOR83_STU00443,TORONTO_YOR83_0114
TORONTO_YOR83_STU00443,TORONTO_YOR83_0134
TORONTO_YOR83_STU00443,TORONTO_YOR83_0155
TORONTO_YOR83_STU00444,TORONTO_YOR83_0020
TORONTO_YOR83_STU00444,TORONTO_YOR83_0040
TORONTO_YOR83_STU00444,TORONTO_YOR83_0048
TORONTO_YOR83_STU00444,TORONTO_YOR83_0073
TORONTO_YOR83_STU00444,TORONTO_YOR83_0074
TORONTO_YOR83_STU00444,TORONTO_YOR83_0127
TORONTO_YOR83_STU00445,TORONTO_YOR83_0001
TORONTO_YOR83_STU00445,TORONTO_YOR83_0008
TORONTO_YOR83_STU00445,TORONTO_YOR83_0013
TORONTO_YOR83_STU00445,TORONTO_YOR83_0020
TORONTO_YOR83_STU00445,TORONTO_YOR83_0039
TORONTO_YOR83_STU00445,TORONTO_YOR83_0117
TORONTO_YOR83_STU00445,TORONTO_YOR83_0128
TORONTO_YOR83_STU00445,TORONTO_YOR83_0138
TORONTO_YOR83_STU00446,TORONTO_YOR83_0033
TORONTO_YOR83_STU00446,TORONTO_YOR83_0062
TORONTO_YOR83_STU00446,TORONTO_YOR83_0082
TORONTO_YOR83_STU00446,TORONTO_YOR83_0115
TORONTO_YOR83_STU00446,TORONTO_YOR83_0122
TORONTO_YOR83_STU00446,TORONTO_YOR83_0137
TORONTO_YOR83_STU00446,TORONTO_YOR83_0156
TORONTO_YOR83_STU00446,TORONTO_YOR83_0176
TORONTO_YOR83_STU00447,TORONTO_YOR83_0039
TORONTO_YOR83_STU00447,TORONTO_YOR83_0076
TORONTO_YOR83_STU00447,TORONTO_YOR83_0103
TORONTO_YOR83_STU00447,TORONTO_YOR83_0118
TORONTO_YOR83_STU00447,TORONTO_YOR83_0139
TORONTO_YOR83_STU00447,TORONTO_YOR83_0148
TORONTO_YOR83_STU00447,TORONTO_YOR83_0151
TORONTO_YOR83_STU00448,TORONTO_YOR83_0033
TORONTO_YOR83_STU00448,TORONTO_YOR83_0062
TORONTO_YOR83_STU00448,TORONTO_YOR83_0083
TORONTO_YOR83_STU00448,TORONTO_YOR83_0105
TORONTO_YOR83_STU00448,TORONTO_YOR83_0114
TORONTO_YOR83_STU00448,TORONTO_YOR83_0137
TORONTO_YOR83_STU00448,TORONTO_YOR83_0156
TORONTO_YOR83_STU00448,TORONTO_YOR83_0175
TORONTO_YOR83_STU00449,TORONTO_YOR83_0005
TORONTO_YOR83_STU00449,TORONTO_YOR83_0013
TORONTO_YOR83_STU00449,TORONTO_YOR83_0018
TORONTO_YOR83_STU00449,TORONTO_YOR83_0043
TORONTO_YOR83_STU00449,TORONTO_YOR83_0090
TORONTO_YOR83_STU00449,TORONTO_YOR83_0116
TORONTO_YOR83_STU00450,TORONTO_YOR83_0040
TORONTO_YOR83_STU00450,TORONTO_YOR83_0145
TORONTO_YOR83_STU00451,TORONTO_YOR83_0009
TORONTO_YOR83_STU00451,TORONTO_YOR83_0052
TORONTO_YOR83_STU00451,TORONTO_YOR83_0102
TORONTO_YOR83_STU00451,TORONTO_YOR83_0179
TORONTO_YOR83_STU00452,TORONTO_YOR83_0033
TORONTO_YOR83_STU00452,TORONTO_YOR83_0069
TORONTO_YOR83_STU00452,TORONTO_YOR83_0083
TORONTO_YOR83_STU00452,TORONTO_YOR83_0105
TORONTO_YOR83_STU00452,TORONTO_YOR83_0114
TORONTO_YOR83_STU00452,TORONTO_YOR83_0122
TORONTO_YOR83_STU00452,TORONTO_YOR83_0134
TORONTO_YOR83_STU00452,TORONTO_YOR83_0156
TORONTO_YOR83_STU00453,TORONTO_YOR83_0012
TORONTO_YOR83_STU00453,TORONTO_YOR83_0016
TORONTO_YOR83_STU00453,TORONTO_YOR83_0018
TORONTO_YOR83_STU00453,TORONTO_YOR83_0032
TORONTO_YOR83_STU00453,TORONTO_YOR83_0122
TORONTO_YOR83_STU00453,TORONTO_YOR83_0126
TORONTO_YOR83_STU00453,TORONTO_YOR83_0134
TORONTO_YOR83_STU00453,TORONTO_YOR83_0161
TORONTO_YOR83_STU00454,TORONTO_YOR83_0037
TORONTO_YOR83_STU00454,TORONTO_YOR83_0103
TORONTO_YOR83_STU00454,TORONTO_YOR83_0106
TORONTO_YOR83_STU00454,TORONTO_YOR83_0118
TORONTO_YOR83_STU00454,TORONTO_YOR83_0123
TORONTO_YOR83_STU00454,TORONTO_YOR83_0148
TORONTO_YOR83_STU00454,TORONTO_YOR83_0158
TORONTO_YOR83_STU00454,TORONTO_YOR83_0171
TORONTO_YOR83_STU00455,TORONTO_YOR83_0040
TORONTO_YOR83_STU00455,TORONTO_YOR83_0096
TORONTO_YOR83_STU00455,TORONTO_YOR83_0116
TORONTO_YOR83_STU00456,TORONTO_YOR83_0004
TORONTO_YOR83_STU00456,TORONTO_YOR83_0008
TORONTO_YOR83_STU00456,TORONTO_YOR83_0014
TORONTO_YOR83_STU00456,TORONTO_YOR83_0017
TORONTO_YOR83_STU00456,TORONTO_YOR83_0035
TORONTO_YOR83_STU00456,TORONTO_YOR83_0139
TORONTO_YOR83_STU00457,TORONTO_YOR83_0088
TORONTO_YOR83_STU00457,TORONTO_YOR83_0101
TORONTO_YOR83_STU00457,TORONTO_YOR83_0102
TORONTO_YOR83_STU00457,TORONTO_YOR83_0145
TORONTO_YOR83_STU00457,TORONTO_YOR83_0151
TORONTO_YOR83_STU00458,TORONTO_YOR83_0037
TORONTO_YOR83_STU00458,TORONTO_YOR83_0119
TORONTO_YOR83_STU00458,TORONTO_YOR83_0141
TORONTO_YOR83_STU00458,TORONTO_YOR83_0148
TORONTO_YOR83_STU00458,TORONTO_YOR83_0171
TORONTO_YOR83_STU00458,TORONTO_YOR83_0172
TORONTO_YOR83_STU00458,TORONTO_YOR83_0177
TORONTO_YOR83_STU00459,TORONTO_YOR83_0034
TORONTO_YOR83_STU00459,TORONTO_YOR83_0064
TORONTO_YOR83_STU00459,TORONTO_YOR83_0084
TORONTO_YOR83_STU00459,TORONTO_YOR83_0095
TORONTO_YOR83_STU00459,TORONTO_YOR83_0114
TORONTO_YOR83_STU00459,TORONTO_YOR83_0122
TORONTO_YOR83_STU00459,TORONTO_YOR83_0136
TORONTO_YOR83_STU00459,TORONTO_YOR83_0155
TORONTO_YOR83_STU00460,TORONTO_YOR83_0009
TORONTO_YOR83_STU00460,TORONTO_YOR83_0040
TORONTO_YOR83_STU00460,TORONTO_YOR83_0045
TORONTO_YOR83_STU00460,TORONTO_YOR83_0066
TORONTO_YOR83_STU00460,TORONTO_YOR83_0074
TORONTO_YOR83_STU00460,TORONTO_YOR83_0119
TORONTO_YOR83_STU00460,TORONTO_YOR83_0142
TORONTO_YOR83_STU00461,TORONTO_YOR83_0009
TORONTO_YOR83_STU00461,TORONTO_YOR83_0019
TORONTO_YOR83_STU00461,TORONTO_YOR83_0043
TORONTO_YOR83_STU00461,TORONTO_YOR83_0061
TORONTO_YOR83_STU00461,TORONTO_YOR83_0074
TORONTO_YOR83_STU00461,TORONTO_YOR83_0119
TORONTO_YOR83_STU00461,TORONTO_YOR83_0165
TORONTO_YOR83_STU00462,TORONTO_YOR83_0005
TORONTO_YOR83_STU00462,TORONTO_YOR83_0011
TORONTO_YOR83_STU00462,TORONTO_YOR83_0037
TORONTO_YOR83_STU00462,TORONTO_YOR83_0085
TORONTO_YOR83_STU00462,TORONTO_YOR83_0101
TORONTO_YOR83_STU00462,TORONTO_YOR83_0103
TORONTO_YOR83_STU00462,TORONTO_YOR83_0163
TORONTO_YOR83_STU00463,TORONTO_YOR83_0037
TORONTO_YOR83_STU00463,TORONTO_YOR83_0043
TORONTO_YOR83_STU00463,TORONTO_YOR83_0099
TORONTO_YOR83_STU00463,TORONTO_YOR83_0101
TORONTO_YOR83_STU00463,TORONTO_YOR83_0102
TORONTO_YOR83_STU00463,TORONTO_YOR83_0123
TORONTO_YOR83_STU00463,TORONTO_YOR83_0150
TORONTO_YOR83_STU00463,TORONTO_YOR83_0158
TORONTO_YOR83_STU00464,TORONTO_YOR83_0040
TORONTO_YOR83_STU00464,TORONTO_YOR83_0075
TORONTO_YOR83_STU00464,TORONTO_YOR83_0101
TORONTO_YOR83_STU00464,TORONTO_YOR83_0102
TORONTO_YOR83_STU00464,TORONTO_YOR83_0124
TORONTO_YOR83_STU00465,TORONTO_YOR83_0013
TORONTO_YOR83_STU00465,TORONTO_YOR83_0022
TORONTO_YOR83_STU00465,TORONTO_YOR83_0034
TORONTO_YOR83_STU00465,TORONTO_YOR83_0050
TORONTO_YOR83_STU00465,TORONTO_YOR83_0083
TORONTO_YOR83_STU00465,TORONTO_YOR83_0114
TORONTO_YOR83_STU00465,TORONTO_YOR83_0134
TORONTO_YOR83_STU00465,TORONTO_YOR83_0156
TORONTO_YOR83_STU00466,TORONTO_YOR83_0003
TORONTO_YOR83_STU00466,TORONTO_YOR83_0020
TORONTO_YOR83_STU00466,TORONTO_YOR83_0040
TORONTO_YOR83_STU00466,TORONTO_YOR83_0075
TORONTO_YOR83_STU00466,TORONTO_YOR83_0090
TORONTO_YOR83_STU00466,TORONTO_YOR83_0116
TORONTO_YOR83_STU00467,TORONTO_YOR83_0003
TORONTO_YOR83_STU00467,TORONTO_YOR83_0018
TORONTO_YOR83_STU00468,TORONTO_YOR83_0037
TORONTO_YOR83_STU00468,TORONTO_YOR83_0043
TORONTO_YOR83_STU00468,TORONTO_YOR83_0077
TORONTO_YOR83_STU00468,TORONTO_YOR83_0092
TORONTO_YOR83_STU00468,TORONTO_YOR83_0114
TORONTO_YOR83_STU00468,TORONTO_YOR83_0119
TORONTO_YOR83_STU00468,TORONTO_YOR83_0177
TORONTO_YOR83_STU00469,TORONTO_YOR83_0033
TORONTO_YOR83_STU00469,TORONTO_YOR83_0062
TORONTO_YOR83_STU00469,TORONTO_YOR83_0082
TORONTO_YOR83_STU00469,TORONTO_YOR83_0086
TORONTO_YOR83_STU00469,TORONTO_YOR83_0115
TORONTO_YOR83_STU00469,TORONTO_YOR83_0136
TORONTO_YOR83_STU00469,TORONTO_YOR83_0144
TORONTO_YOR83_STU00469,TORONTO_YOR83_0175
TORONTO_YOR83_STU00470,TORONTO_YOR83_0037
TORONTO_YOR83_STU00470,TORONTO_YOR83_0053
TORONTO_YOR83_STU00470,TORONTO_YOR83_0085
TORONTO_YOR83_STU00470,TORONTO_YOR83_0119
TORONTO_YOR83_STU00470,TORONTO_YOR83_0140
TORONTO_YOR83_STU00470,TORONTO_YOR83_0147
TORONTO_YOR83_STU00470,TORONTO_YOR83_0178
TORONTO_YOR83_STU00471,TORONTO_YOR83_0018
TORONTO_YOR83_STU00471,TORONTO_YOR83_0034
TORONTO_YOR83_STU00471,TORONTO_YOR83_0104
TORONTO_YOR83_STU00471,TORONTO_YOR83_0115
TORONTO_YOR83_STU00471,TORONTO_YOR83_0135
TORONTO_YOR83_STU00471,TORONTO_YOR83_0156
TORONTO_YOR83_STU00471,TORONTO_YOR83_0169
TORONTO_YOR83_STU00471,TORONTO_YOR83_0170
TORONTO_YOR83_STU00472,TORONTO_YOR83_0065
TORONTO_YOR83_STU00472,TORONTO_YOR83_0098
TORONTO_YOR83_STU00472,TORONTO_YOR83_0150
TORONTO_YOR83_STU00473,TORONTO_YOR83_0033
TORONTO_YOR83_STU00473,TORONTO_YOR83_0051
TORONTO_YOR83_STU00473,TORONTO_YOR83_0069
TORONTO_YOR83_STU00473,TORONTO_YOR83_0115
TORONTO_YOR83_STU00473,TORONTO_YOR83_0129
TORONTO_YOR83_STU00473,TORONTO_YOR83_0155
TORONTO_YOR83_STU00473,TORONTO_YOR83_0161
TORONTO_YOR83_STU00473,TORONTO_YOR83_0176
TORONTO_YOR83_STU00474,TORONTO_YOR83_0013
TORONTO_YOR83_STU00474,TORONTO_YOR83_0035
TORONTO_YOR83_STU00474,TORONTO_YOR83_0112
TORONTO_YOR83_STU00474,TORONTO_YOR83_0117
TORONTO_YOR83_STU00474,TORONTO_YOR83_0156
TORONTO_YOR83_STU00474,TORONTO_YOR83_0178
TORONTO_YOR83_STU00475,TORONTO_YOR83_0011
TORONTO_YOR83_STU00475,TORONTO_YOR83_0033
TORONTO_YOR83_STU00475,TORONTO_YOR83_0057
TORONTO_YOR83_STU00475,TORONTO_YOR83_0113
TORONTO_YOR83_STU00475,TORONTO_YOR83_0134
TORONTO_YOR83_STU00475,TORONTO_YOR83_0144
TORONTO_YOR83_STU00476,TORONTO_YOR83_0037
TORONTO_YOR83_STU00476,TORONTO_YOR83_0043
TORONTO_YOR83_STU00476,TORONTO_YOR83_0075
TORONTO_YOR83_STU00476,TORONTO_YOR83_0076
TORONTO_YOR83_STU00476,TORONTO_YOR83_0086
TORONTO_YOR83_STU00476,TORONTO_YOR83_0114
TORONTO_YOR83_STU00476,TORONTO_YOR83_0119
TORONTO_YOR83_STU00476,TORONTO_YOR83_0139
TORONTO_YOR83_STU00477,TORONTO_YOR83_0010
TORONTO_YOR83_STU00477,TORONTO_YOR83_0014
TORONTO_YOR83_STU00477,TORONTO_YOR83_0043
TORONTO_YOR83_STU00477,TORONTO_YOR83_0061
TORONTO_YOR83_STU00477,TORONTO_YOR83_0067
TORONTO_YOR83_STU00477,TORONTO_YOR83_0171
TORONTO_YOR83_STU00478,TORONTO_YOR83_0020
TORONTO_YOR83_STU00478,TORONTO_YOR83_0042
TORONTO_YOR83_STU00478,TORONTO_YOR83_0066
TORONTO_YOR83_STU00478,TORONTO_YOR83_0075
TORONTO_YOR83_STU00478,TORONTO_YOR83_0102
TORONTO_YOR83_STU00478,TORONTO_YOR83_0124
TORONTO_YOR83_STU00478,TORONTO_YOR83_0164
TORONTO_YOR83_STU00479,TORONTO_YOR83_0037
TORONTO_YOR83_STU00479,TORONTO_YOR83_0043
TORONTO_YOR83_STU00479,TORONTO_YOR83_0077
TORONTO_YOR83_STU00479,TORONTO_YOR83_0088
TORONTO_YOR83_STU00479,TORONTO_YOR83_0101
TORONTO_YOR83_STU00479,TORONTO_YOR83_0102
TORONTO_YOR83_STU00479,TORONTO_YOR83_0123
TORONTO_YOR83_STU00480,TORONTO_YOR83_0027
TORONTO_YOR83_STU00480,TORONTO_YOR83_0040
TORONTO_YOR83_STU00480,TORONTO_YOR83_0099
TORONTO_YOR83_STU00480,TORONTO_YOR83_0100
TORONTO_YOR83_STU00480,TORONTO_YOR83_0151
TORONTO_YOR83_STU00480,TORONTO_YOR83_0157
TORONTO_YOR83_STU00481,TORONTO_YOR83_0010
TORONTO_YOR83_STU00481,TORONTO_YOR83_0040
TORONTO_YOR83_STU00481,TORONTO_YOR83_0090
TORONTO_YOR83_STU00481,TORONTO_YOR83_0101
TORONTO_YOR83_STU00481,TORONTO_YOR83_0102
TORONTO_YOR83_STU00481,TORONTO_YOR83_0148
TORONTO_YOR83_STU00482,TORONTO_YOR83_0040
TORONTO_YOR83_STU00482,TORONTO_YOR83_0054
TORONTO_YOR83_STU00482,TORONTO_YOR83_0100
TORONTO_YOR83_STU00482,TORONTO_YOR83_0102
TORONTO_YOR83_STU00483,TORONTO_YOR83_0040
TORONTO_YOR83_STU00483,TORONTO_YOR83_0085
TORONTO_YOR83_STU00483,TORONTO_YOR83_0090
TORONTO_YOR83_STU00483,TORONTO_YOR83_0103
TORONTO_YOR83_STU00483,TORONTO_YOR83_0118
TORONTO_YOR83_STU00483,TORONTO_YOR83_0123
TORONTO_YOR83_STU00483,TORONTO_YOR83_0151
TORONTO_YOR83_STU00484,TORONTO_YOR83_0045
TORONTO_YOR83_STU00484,TORONTO_YOR83_0068
TORONTO_YOR83_STU00484,TORONTO_YOR83_0073
TORONTO_YOR83_STU00484,TORONTO_YOR83_0101
TORONTO_YOR83_STU00484,TORONTO_YOR83_0102
TORONTO_YOR83_STU00484,TORONTO_YOR83_0151
TORONTO_YOR83_STU00485,TORONTO_YOR83_0010
TORONTO_YOR83_STU00485,TORONTO_YOR83_0042
TORONTO_YOR83_STU00485,TORONTO_YOR83_0066
TORONTO_YOR83_STU00485,TORONTO_YOR83_0068
TORONTO_YOR83_STU00485,TORONTO_YOR83_0103
TORONTO_YOR83_STU00485,TORONTO_YOR83_0118
TORONTO_YOR83_STU00486,TORONTO_YOR83_0013
TORONTO_YOR83_STU00486,TORONTO_YOR83_0040
TORONTO_YOR83_STU00486,TORONTO_YOR83_0077
TORONTO_YOR83_STU00486,TORONTO_YOR83_0086
TORONTO_YOR83_STU00486,TORONTO_YOR83_0114
TORONTO_YOR83_STU00486,TORONTO_YOR83_0119
TORONTO_YOR83_STU00486,TORONTO_YOR83_0141
TORONTO_YOR83_STU00486,TORONTO_YOR83_0147
TORONTO_YOR83_STU00487,TORONTO_YOR83_0002
TORONTO_YOR83_STU00487,TORONTO_YOR83_0033
TORONTO_YOR83_STU00487,TORONTO_YOR83_0064
TORONTO_YOR83_STU00487,TORONTO_YOR83_0084
TORONTO_YOR83_STU00487,TORONTO_YOR83_0104
TORONTO_YOR83_STU00487,TORONTO_YOR83_0115
TORONTO_YOR83_STU00487,TORONTO_YOR83_0135
TORONTO_YOR83_STU00487,TORONTO_YOR83_0156
TORONTO_YOR83_STU00488,TORONTO_YOR83_0024
TORONTO_YOR83_STU00488,TORONTO_YOR83_0033
TORONTO_YOR83_STU00488,TORONTO_YOR83_0039
TORONTO_YOR83_STU00488,TORONTO_YOR83_0050
TORONTO_YOR83_STU00488,TORONTO_YOR83_0056
TORONTO_YOR83_STU00488,TORONTO_YOR83_0134
TORONTO_YOR83_STU00488,TORONTO_YOR83_0144
TORONTO_YOR83_STU00489,TORONTO_YOR83_0004
TORONTO_YOR83_STU00489,TORONTO_YOR83_0010
TORONTO_YOR83_STU00489,TORONTO_YOR83_0040
TORONTO_YOR83_STU00489,TORONTO_YOR83_0068
TORONTO_YOR83_STU00489,TORONTO_YOR83_0075
TORONTO_YOR83_STU00490,TORONTO_YOR83_0157
TORONTO_YOR83_STU00491,TORONTO_YOR83_0004
TORONTO_YOR83_STU00491,TORONTO_YOR83_0010
TORONTO_YOR83_STU00491,TORONTO_YOR83_0019
TORONTO_YOR83_STU00491,TORONTO_YOR83_0040
TORONTO_YOR83_STU00491,TORONTO_YOR83_0045
TORONTO_YOR83_STU00491,TORONTO_YOR83_0164
TORONTO_YOR83_STU00492,TORONTO_YOR83_0003
TORONTO_YOR83_STU00492,TORONTO_YOR83_0005
TORONTO_YOR83_STU00492,TORONTO_YOR83_0020
TORONTO_YOR83_STU00492,TORONTO_YOR83_0037
TORONTO_YOR83_STU00492,TORONTO_YOR83_0086
TORONTO_YOR83_STU00492,TORONTO_YOR83_0103
TORONTO_YOR83_STU00492,TORONTO_YOR83_0118
TORONTO_YOR83_STU00492,TORONTO_YOR83_0148
TORONTO_YOR83_STU00493,TORONTO_YOR83_0001
TORONTO_YOR83_STU00493,TORONTO_YOR83_0027
TORONTO_YOR83_STU00493,TORONTO_YOR83_0039
TORONTO_YOR83_STU00493,TORONTO_YOR83_0082
TORONTO_YOR83_STU00493,TORONTO_YOR83_0086
TORONTO_YOR83_STU00493,TORONTO_YOR83_0118
TORONTO_YOR83_STU00493,TORONTO_YOR83_0144
TORONTO_YOR83_STU00493,TORONTO_YOR83_0148
TORONTO_YOR83_STU00494,TORONTO_YOR83_0009
TORONTO_YOR83_STU00494,TORONTO_YOR83_0047
TORONTO_YOR83_STU00494,TORONTO_YOR83_0100
TORONTO_YOR83_STU00495,TORONTO_YOR83_0003
TORONTO_YOR83_STU00495,TORONTO_YOR83_0010
TORONTO_YOR83_STU00495,TORONTO_YOR83_0075
TORONTO_YOR83_STU00495,TORONTO_YOR83_0102
TORONTO_YOR83_STU00495,TORONTO_YOR83_0179
TORONTO_YOR83_STU00495,TORONTO_YOR83_0181
TORONTO_YOR83_STU00496,TORONTO_YOR83_0014
TORONTO_YOR83_STU00496,TORONTO_YOR83_0037
TORONTO_YOR83_STU00496,TORONTO_YOR83_0043
TORONTO_YOR83_STU00496,TORONTO_YOR83_0055
TORONTO_YOR83_STU00496,TORONTO_YOR83_0086
TORONTO_YOR83_STU00496,TORONTO_YOR83_0119
TORONTO_YOR83_STU00496,TORONTO_YOR83_0163
TORONTO_YOR83_STU00497,TORONTO_YOR83_0018
TORONTO_YOR83_STU00497,TORONTO_YOR83_0034
TORONTO_YOR83_STU00497,TORONTO_YOR83_0062
TORONTO_YOR83_STU00497,TORONTO_YOR83_0083
TORONTO_YOR83_STU00497,TORONTO_YOR83_0114
TORONTO_YOR83_STU00497,TORONTO_YOR83_0137
TORONTO_YOR83_STU00497,TORONTO_YOR83_0144
TORONTO_YOR83_STU00497,TORONTO_YOR83_0168
TORONTO_YOR83_STU00498,TORONTO_YOR83_0004
TORONTO_YOR83_STU00498,TORONTO_YOR83_0040
TORONTO_YOR83_STU00498,TORONTO_YOR83_0100
TORONTO_YOR83_STU00498,TORONTO_YOR83_0145
TORONTO_YOR83_STU00498,TORONTO_YOR83_0151
TORONTO_YOR83_STU00498,TORONTO_YOR83_0158
TORONTO_YOR83_STU00499,TORONTO_YOR83_0007
TORONTO_YOR83_STU00499,TORONTO_YOR83_0013
TORONTO_YOR83_STU00499,TORONTO_YOR83_0035
TORONTO_YOR83_STU00499,TORONTO_YOR83_0117
TORONTO_YOR83_STU00499,TORONTO_YOR83_0144
TORONTO_YOR83_STU00499,TORONTO_YOR83_0147
TORONTO_YOR83_STU00500,TORONTO_YOR83_0040
TORONTO_YOR83_STU00500,TORONTO_YOR83_0045
TORONTO_YOR83_STU00500,TORONTO_YOR83_0075
TORONTO_YOR83_STU00500,TORONTO_YOR83_0102
TORONTO_YOR83_STU00500,TORONTO_YOR83_0145
TORONTO_YOR83_STU00500,TORONTO_YOR83_0180
TORONTO_YOR83_STU00501,TORONTO_YOR83_0040
TORONTO_YOR83_STU00501,TORONTO_YOR83_0048
TORONTO_YOR83_STU00501,TORONTO_YOR83_0065
TORONTO_YOR83_STU00501,TORONTO_YOR83_0145
TORONTO_YOR83_STU00501,TORONTO_YOR83_0165
TORONTO_YOR83_STU00501,TORONTO_YOR83_0179
TORONTO_YOR83_STU00501,TORONTO_YOR83_0181
TORONTO_YOR83_STU00502,TORONTO_YOR83_0004
TORONTO_YOR83_STU00502,TORONTO_YOR83_0010
TORONTO_YOR83_STU00502,TORONTO_YOR83_0040
TORONTO_YOR83_STU00502,TORONTO_YOR83_0048
TORONTO_YOR83_STU00502,TORONTO_YOR83_0068
TORONTO_YOR83_STU00502,TORONTO_YOR83_0073
TORONTO_YOR83_STU00503,TORONTO_YOR83_0040
TORONTO_YOR83_STU00503,TORONTO_YOR83_0077
TORONTO_YOR83_STU00503,TORONTO_YOR83_0103
TORONTO_YOR83_STU00503,TORONTO_YOR83_0106
TORONTO_YOR83_STU00503,TORONTO_YOR83_0118
TORONTO_YOR83_STU00503,TORONTO_YOR83_0141
TORONTO_YOR83_STU00503,TORONTO_YOR83_0148
TORONTO_YOR83_STU00503,TORONTO_YOR83_0177
TORONTO_YOR83_STU00504,TORONTO_YOR83_0014
TORONTO_YOR83_STU00504,TORONTO_YOR83_0040
TORONTO_YOR83_STU00504,TORONTO_YOR83_0044
TORONTO_YOR83_STU00504,TORONTO_YOR83_0045
TORONTO_YOR83_STU00504,TORONTO_YOR83_0074
TORONTO_YOR83_STU00504,TORONTO_YOR83_0118
TORONTO_YOR83_STU00504,TORONTO_YOR83_0149
TORONTO_YOR83_STU00504,TORONTO_YOR83_0163
TORONTO_YOR83_STU00505,TORONTO_YOR83_0033
TORONTO_YOR83_STU00505,TORONTO_YOR83_0069
TORONTO_YOR83_STU00505,TORONTO_YOR83_0084
TORONTO_YOR83_STU00505,TORONTO_YOR83_0114
TORONTO_YOR83_STU00505,TORONTO_YOR83_0134
TORONTO_YOR83_STU00505,TORONTO_YOR83_0144
TORONTO_YOR83_STU00505,TORONTO_YOR83_0156
TORONTO_YOR83_STU00505,TORONTO_YOR83_0161
TORONTO_YOR83_STU00506,TORONTO_YOR83_0003
TORONTO_YOR83_STU00506,TORONTO_YOR83_0039
TORONTO_YOR83_STU00506,TORONTO_YOR83_0089
TORONTO_YOR83_STU00506,TORONTO_YOR83_0103
TORONTO_YOR83_STU00506,TORONTO_YOR83_0118
TORONTO_YOR83_STU00506,TORONTO_YOR83_0127
TORONTO_YOR83_STU00506,TORONTO_YOR83_0158
TORONTO_YOR83_STU00507,TORONTO_YOR83_0043
TORONTO_YOR83_STU00507,TORONTO_YOR83_0100
TORONTO_YOR83_STU00507,TORONTO_YOR83_0124
TORONTO_YOR83_STU00507,TORONTO_YOR83_0151
TORONTO_YOR83_STU00507,TORONTO_YOR83_0157
TORONTO_YOR83_STU00507,TORONTO_YOR83_0165
TORONTO_YOR83_STU00508,TORONTO_YOR83_0013
TORONTO_YOR83_STU00508,TORONTO_YOR83_0039
TORONTO_YOR83_STU00508,TORONTO_YOR83_0067
TORONTO_YOR83_STU00508,TORONTO_YOR83_0118
TORONTO_YOR83_STU00508,TORONTO_YOR83_0141
TORONTO_YOR83_STU00508,TORONTO_YOR83_0143
TORONTO_YOR83_STU00508,TORONTO_YOR83_0149
TORONTO_YOR83_STU00508,TORONTO_YOR83_0171
TORONTO_YOR83_STU00509,TORONTO_YOR83_0066
TORONTO_YOR83_STU00509,TORONTO_YOR83_0067
TORONTO_YOR83_STU00509,TORONTO_YOR83_0147
TORONTO_YOR83_STU00509,TORONTO_YOR83_0171
TORONTO_YOR83_STU00510,TORONTO_YOR83_0034
TORONTO_YOR83_STU00510,TORONTO_YOR83_0054
TORONTO_YOR83_STU00510,TORONTO_YOR83_0069
TORONTO_YOR83_STU00510,TORONTO_YOR83_0084
TORONTO_YOR83_STU00510,TORONTO_YOR83_0114
TORONTO_YOR83_STU00510,TORONTO_YOR83_0134
TORONTO_YOR83_STU00510,TORONTO_YOR83_0144
TORONTO_YOR83_STU00510,TORONTO_YOR83_0161
TORONTO_YOR83_STU00511,TORONTO_YOR83_0003
TORONTO_YOR83_STU00511,TORONTO_YOR83_0040
TORONTO_YOR83_STU00511,TORONTO_YOR83_0101
TORONTO_YOR83_STU00511,TORONTO_YOR83_0102
TORONTO_YOR83_STU00511,TORONTO_YOR83_0146
TORONTO_YOR83_STU00511,TORONTO_YOR83_0150
TORONTO_YOR83_STU00511,TORONTO_YOR83_0158
TORONTO_YOR83_STU00512,TORONTO_YOR83_0089
TORONTO_YOR83_STU00512,TORONTO_YOR83_0099
TORONTO_YOR83_STU00512,TORONTO_YOR83_0100
TORONTO_YOR83_STU00512,TORONTO_YOR83_0151
TORONTO_YOR83_STU00512,TORONTO_YOR83_0157
TORONTO_YOR83_STU00513,TORONTO_YOR83_0040
TORONTO_YOR83_STU00513,TORONTO_YOR83_0045
TORONTO_YOR83_STU00513,TORONTO_YOR83_0075
TORONTO_YOR83_STU00513,TORONTO_YOR83_0101
TORONTO_YOR83_STU00513,TORONTO_YOR83_0102
TORONTO_YOR83_STU00514,TORONTO_YOR83_0002
TORONTO_YOR83_STU00514,TORONTO_YOR83_0012
TORONTO_YOR83_STU00514,TORONTO_YOR83_0018
TORONTO_YOR83_STU00514,TORONTO_YOR83_0034
TORONTO_YOR83_STU00514,TORONTO_YOR83_0114
TORONTO_YOR83_STU00514,TORONTO_YOR83_0135
TORONTO_YOR83_STU00514,TORONTO_YOR83_0169
TORONTO_YOR83_STU00514,TORONTO_YOR83_0170
TORONTO_YOR83_STU00515,TORONTO_YOR83_0043
TORONTO_YOR83_STU00515,TORONTO_YOR83_0087
TORONTO_YOR83_STU00515,TORONTO_YOR83_0101
TORONTO_YOR83_STU00515,TORONTO_YOR83_0102
TORONTO_YOR83_STU00515,TORONTO_YOR83_0143
TORONTO_YOR83_STU00515,TORONTO_YOR83_0151
TORONTO_YOR83_STU00516,TORONTO_YOR83_0010
TORONTO_YOR83_STU00516,TORONTO_YOR83_0040
TORONTO_YOR83_STU00516,TORONTO_YOR83_0099
TORONTO_YOR83_STU00516,TORONTO_YOR83_0100
TORONTO_YOR83_STU00516,TORONTO_YOR83_0157
TORONTO_YOR83_STU00516,TORONTO_YOR83_0179
TORONTO_YOR83_STU00516,TORONTO_YOR83_0181
TORONTO_YOR83_STU00517,TORONTO_YOR83_0011
TORONTO_YOR83_STU00517,TORONTO_YOR83_0032
TORONTO_YOR83_STU00517,TORONTO_YOR83_0054
TORONTO_YOR83_STU00517,TORONTO_YOR83_0113
TORONTO_YOR83_STU00517,TORONTO_YOR83_0120
TORONTO_YOR83_STU00517,TORONTO_YOR83_0135
TORONTO_YOR83_STU00517,TORONTO_YOR83_0141
TORONTO_YOR83_STU00517,TORONTO_YOR83_0155
TORONTO_YOR83_STU00518,TORONTO_YOR83_0098
TORONTO_YOR83_STU00518,TORONTO_YOR83_0100
TORONTO_YOR83_STU00518,TORONTO_YOR83_0179
TORONTO_YOR83_STU00519,TORONTO_YOR83_0040
TORONTO_YOR83_STU00519,TORONTO_YOR83_0090
TORONTO_YOR83_STU00519,TORONTO_YOR83_0101
TORONTO_YOR83_STU00519,TORONTO_YOR83_0145
TORONTO_YOR83_STU00519,TORONTO_YOR83_0150
TORONTO_YOR83_STU00519,TORONTO_YOR83_0180
TORONTO_YOR83_STU00520,TORONTO_YOR83_0010
TORONTO_YOR83_STU00520,TORONTO_YOR83_0043
TORONTO_YOR83_STU00520,TORONTO_YOR83_0101
TORONTO_YOR83_STU00520,TORONTO_YOR83_0102
TORONTO_YOR83_STU00520,TORONTO_YOR83_0124
TORONTO_YOR83_STU00520,TORONTO_YOR83_0150
TORONTO_YOR83_STU00521,TORONTO_YOR83_0033
TORONTO_YOR83_STU00521,TORONTO_YOR83_0083
TORONTO_YOR83_STU00521,TORONTO_YOR83_0114
TORONTO_YOR83_STU00521,TORONTO_YOR83_0119
TORONTO_YOR83_STU00521,TORONTO_YOR83_0125
TORONTO_YOR83_STU00521,TORONTO_YOR83_0137
TORONTO_YOR83_STU00521,TORONTO_YOR83_0143
TORONTO_YOR83_STU00521,TORONTO_YOR83_0156
TORONTO_YOR83_STU00522,TORONTO_YOR83_0009
TORONTO_YOR83_STU00522,TORONTO_YOR83_0037
TORONTO_YOR83_STU00522,TORONTO_YOR83_0086
TORONTO_YOR83_STU00522,TORONTO_YOR83_0118
TORONTO_YOR83_STU00522,TORONTO_YOR83_0151
TORONTO_YOR83_STU00522,TORONTO_YOR83_0158
TORONTO_YOR83_STU00523,TORONTO_YOR83_0034
TORONTO_YOR83_STU00523,TORONTO_YOR83_0064
TORONTO_YOR83_STU00523,TORONTO_YOR83_0083
TORONTO_YOR83_STU00523,TORONTO_YOR83_0114
TORONTO_YOR83_STU00523,TORONTO_YOR83_0137
TORONTO_YOR83_STU00523,TORONTO_YOR83_0149
TORONTO_YOR83_STU00523,TORONTO_YOR83_0155
TORONTO_YOR83_STU00523,TORONTO_YOR83_0168
TORONTO_YOR83_STU00524,TORONTO_YOR83_0037
TORONTO_YOR83_STU00524,TORONTO_YOR83_0086
TORONTO_YOR83_STU00524,TORONTO_YOR83_0106
TORONTO_YOR83_STU00524,TORONTO_YOR83_0114
TORONTO_YOR83_STU00524,TORONTO_YOR83_0143
TORONTO_YOR83_STU00524,TORONTO_YOR83_0149
TORONTO_YOR83_STU00524,TORONTO_YOR83_0155
TORONTO_YOR83_STU00524,TORONTO_YOR83_0162
TORONTO_YOR83_STU00525,TORONTO_YOR83_0027
TORONTO_YOR83_STU00525,TORONTO_YOR83_0033
TORONTO_YOR83_STU00525,TORONTO_YOR83_0050
TORONTO_YOR83_STU00525,TORONTO_YOR83_0082
TORONTO_YOR83_STU00525,TORONTO_YOR83_0095
TORONTO_YOR83_STU00525,TORONTO_YOR83_0134
TORONTO_YOR83_STU00525,TORONTO_YOR83_0162
TORONTO_YOR83_STU00526,TORONTO_YOR83_0040
TORONTO_YOR83_STU00526,TORONTO_YOR83_0047
TORONTO_YOR83_STU00526,TORONTO_YOR83_0075
TORONTO_YOR83_STU00526,TORONTO_YOR83_0089
TORONTO_YOR83_STU00526,TORONTO_YOR83_0090
TORONTO_YOR83_STU00526,TORONTO_YOR83_0146
TORONTO_YOR83_STU00527,TORONTO_YOR83_0031
TORONTO_YOR83_STU00527,TORONTO_YOR83_0072
TORONTO_YOR83_STU00527,TORONTO_YOR83_0083
TORONTO_YOR83_STU00527,TORONTO_YOR83_0109
TORONTO_YOR83_STU00527,TORONTO_YOR83_0125
TORONTO_YOR83_STU00527,TORONTO_YOR83_0153
TORONTO_YOR83_STU00527,TORONTO_YOR83_0173
TORONTO_YOR83_STU00527,TORONTO_YOR83_0176
TORONTO_YOR83_STU00528,TORONTO_YOR83_0011
TORONTO_YOR83_STU00528,TORONTO_YOR83_0033
TORONTO_YOR83_STU00528,TORONTO_YOR83_0095
TORONTO_YOR83_STU00528,TORONTO_YOR83_0104
TORONTO_YOR83_STU00528,TORONTO_YOR83_0114
TORONTO_YOR83_STU00528,TORONTO_YOR83_0137
TORONTO_YOR83_STU00528,TORONTO_YOR83_0156
TORONTO_YOR83_STU00528,TORONTO_YOR83_0170
TORONTO_YOR83_STU00529,TORONTO_YOR83_0075
TORONTO_YOR83_STU00529,TORONTO_YOR83_0102
TORONTO_YOR83_STU00529,TORONTO_YOR83_0142
TORONTO_YOR83_STU00529,TORONTO_YOR83_0145
TORONTO_YOR83_STU00529,TORONTO_YOR83_0151
TORONTO_YOR83_STU00529,TORONTO_YOR83_0165
TORONTO_YOR83_STU00530,TORONTO_YOR83_0033
TORONTO_YOR83_STU00530,TORONTO_YOR83_0062
TORONTO_YOR83_STU00530,TORONTO_YOR83_0082
TORONTO_YOR83_STU00530,TORONTO_YOR83_0115
TORONTO_YOR83_STU00530,TORONTO_YOR83_0122
TORONTO_YOR83_STU00530,TORONTO_YOR83_0137
TORONTO_YOR83_STU00530,TORONTO_YOR83_0156
TORONTO_YOR83_STU00530,TORONTO_YOR83_0162
TORONTO_YOR83_STU00531,TORONTO_YOR83_0118
TORONTO_YOR83_STU00531,TORONTO_YOR83_0142
TORONTO_YOR83_STU00531,TORONTO_YOR83_0145
TORONTO_YOR83_STU00532,TORONTO_YOR83_0008
TORONTO_YOR83_STU00532,TORONTO_YOR83_0013
TORONTO_YOR83_STU00532,TORONTO_YOR83_0016
TORONTO_YOR83_STU00532,TORONTO_YOR83_0018
TORONTO_YOR83_STU00532,TORONTO_YOR83_0039
TORONTO_YOR83_STU00532,TORONTO_YOR83_0063
TORONTO_YOR83_STU00532,TORONTO_YOR83_0076
TORONTO_YOR83_STU00532,TORONTO_YOR83_0178
TORONTO_YOR83_STU00533,TORONTO_YOR83_0037
TORONTO_YOR83_STU00533,TORONTO_YOR83_0101
TORONTO_YOR83_STU00533,TORONTO_YOR83_0102
TORONTO_YOR83_STU00533,TORONTO_YOR83_0104
TORONTO_YOR83_STU00533,TORONTO_YOR83_0106
TORONTO_YOR83_STU00533,TORONTO_YOR83_0148
TORONTO_YOR83_STU00533,TORONTO_YOR83_0151
TORONTO_YOR83_STU00534,TORONTO_YOR83_0014
TORONTO_YOR83_STU00534,TORONTO_YOR83_0037
TORONTO_YOR83_STU00534,TORONTO_YOR83_0103
TORONTO_YOR83_STU00534,TORONTO_YOR83_0118
TORONTO_YOR83_STU00534,TORONTO_YOR83_0139
TORONTO_YOR83_STU00534,TORONTO_YOR83_0148
TORONTO_YOR83_STU00534,TORONTO_YOR83_0171
TORONTO_YOR83_STU00534,TORONTO_YOR83_0172
TORONTO_YOR83_STU00535,TORONTO_YOR83_0043
TORONTO_YOR83_STU00535,TORONTO_YOR83_0088
TORONTO_YOR83_STU00535,TORONTO_YOR83_0142
TORONTO_YOR83_STU00535,TORONTO_YOR83_0146
TORONTO_YOR83_STU00535,TORONTO_YOR83_0181
TORONTO_YOR83_STU00536,TORONTO_YOR83_0034
TORONTO_YOR83_STU00536,TORONTO_YOR83_0064
TORONTO_YOR83_STU00536,TORONTO_YOR83_0083
TORONTO_YOR83_STU00536,TORONTO_YOR83_0114
TORONTO_YOR83_STU00536,TORONTO_YOR83_0122
TORONTO_YOR83_STU00536,TORONTO_YOR83_0137
TORONTO_YOR83_STU00536,TORONTO_YOR83_0144
TORONTO_YOR83_STU00536,TORONTO_YOR83_0155
TORONTO_YOR83_STU00537,TORONTO_YOR83_0042
TORONTO_YOR83_STU00537,TORONTO_YOR83_0068
TORONTO_YOR83_STU00537,TORONTO_YOR83_0100
TORONTO_YOR83_STU00537,TORONTO_YOR83_0145
TORONTO_YOR83_STU00538,TORONTO_YOR83_0013
TORONTO_YOR83_STU00538,TORONTO_YOR83_0022
TORONTO_YOR83_STU00538,TORONTO_YOR83_0033
TORONTO_YOR83_STU00538,TORONTO_YOR83_0069
TORONTO_YOR83_STU00538,TORONTO_YOR83_0113
TORONTO_YOR83_STU00538,TORONTO_YOR83_0134
TORONTO_YOR83_STU00538,TORONTO_YOR83_0144
TORONTO_YOR83_STU00539,TORONTO_YOR83_0038
TORONTO_YOR83_STU00539,TORONTO_YOR83_0043
TORONTO_YOR83_STU00539,TORONTO_YOR83_0098
TORONTO_YOR83_STU00539,TORONTO_YOR83_0100
TORONTO_YOR83_STU00539,TORONTO_YOR83_0146
TORONTO_YOR83_STU00539,TORONTO_YOR83_0151
TORONTO_YOR83_STU00539,TORONTO_YOR83_0157
TORONTO_YOR83_STU00540,TORONTO_YOR83_0037
TORONTO_YOR83_STU00540,TORONTO_YOR83_0043
TORONTO_YOR83_STU00540,TORONTO_YOR83_0086
TORONTO_YOR83_STU00540,TORONTO_YOR83_0103
TORONTO_YOR83_STU00540,TORONTO_YOR83_0118
TORONTO_YOR83_STU00540,TORONTO_YOR83_0128
TORONTO_YOR83_STU00540,TORONTO_YOR83_0148
TORONTO_YOR83_STU00540,TORONTO_YOR83_0177
TORONTO_YOR83_STU00541,TORONTO_YOR83_0007
TORONTO_YOR83_STU00541,TORONTO_YOR83_0037
TORONTO_YOR83_STU00541,TORONTO_YOR83_0043
TORONTO_YOR83_STU00541,TORONTO_YOR83_0086
TORONTO_YOR83_STU00541,TORONTO_YOR83_0118
TORONTO_YOR83_STU00541,TORONTO_YOR83_0123
TORONTO_YOR83_STU00541,TORONTO_YOR83_0140
TORONTO_YOR83_STU00541,TORONTO_YOR83_0148
TORONTO_YOR83_STU00542,TORONTO_YOR83_0037
TORONTO_YOR83_STU00542,TORONTO_YOR83_0043
TORONTO_YOR83_STU00542,TORONTO_YOR83_0078
TORONTO_YOR83_STU00542,TORONTO_YOR83_0106
TORONTO_YOR83_STU00542,TORONTO_YOR83_0119
TORONTO_YOR83_STU00542,TORONTO_YOR83_0139
TORONTO_YOR83_STU00542,TORONTO_YOR83_0149
TORONTO_YOR83_STU00542,TORONTO_YOR83_0163
TORONTO_YOR83_STU00543,TORONTO_YOR83_0027
TORONTO_YOR83_STU00543,TORONTO_YOR83_0038
TORONTO_YOR83_STU00543,TORONTO_YOR83_0063
TORONTO_YOR83_STU00543,TORONTO_YOR83_0116
TORONTO_YOR83_STU00543,TORONTO_YOR83_0139
TORONTO_YOR83_STU00543,TORONTO_YOR83_0178
TORONTO_YOR83_STU00544,TORONTO_YOR83_0011
TORONTO_YOR83_STU00544,TORONTO_YOR83_0022
TORONTO_YOR83_STU00544,TORONTO_YOR83_0034
TORONTO_YOR83_STU00544,TORONTO_YOR83_0083
TORONTO_YOR83_STU00544,TORONTO_YOR83_0114
TORONTO_YOR83_STU00544,TORONTO_YOR83_0134
TORONTO_YOR83_STU00544,TORONTO_YOR83_0144
TORONTO_YOR83_STU00544,TORONTO_YOR83_0156
TORONTO_YOR83_STU00545,TORONTO_YOR83_0034
TORONTO_YOR83_STU00545,TORONTO_YOR83_0064
TORONTO_YOR83_STU00545,TORONTO_YOR83_0084
TORONTO_YOR83_STU00545,TORONTO_YOR83_0105
TORONTO_YOR83_STU00545,TORONTO_YOR83_0114
TORONTO_YOR83_STU00545,TORONTO_YOR83_0137
TORONTO_YOR83_STU00545,TORONTO_YOR83_0155
TORONTO_YOR83_STU00545,TORONTO_YOR83_0168
TORONTO_YOR83_STU00546,TORONTO_YOR83_0040
TORONTO_YOR83_STU00546,TORONTO_YOR83_0045
TORONTO_YOR83_STU00546,TORONTO_YOR83_0089
TORONTO_YOR83_STU00546,TORONTO_YOR83_0090
TORONTO_YOR83_STU00546,TORONTO_YOR83_0097
TORONTO_YOR83_STU00546,TORONTO_YOR83_0102
TORONTO_YOR83_STU00546,TORONTO_YOR83_0103
TORONTO_YOR83_STU00547,TORONTO_YOR83_0002
TORONTO_YOR83_STU00547,TORONTO_YOR83_0033
TORONTO_YOR83_STU00547,TORONTO_YOR83_0063
TORONTO_YOR83_STU00547,TORONTO_YOR83_0083
TORONTO_YOR83_STU00547,TORONTO_YOR83_0095
TORONTO_YOR83_STU00547,TORONTO_YOR83_0114
TORONTO_YOR83_STU00547,TORONTO_YOR83_0134
TORONTO_YOR83_STU00547,TORONTO_YOR83_0143
TORONTO_YOR83_STU00548,TORONTO_YOR83_0011
TORONTO_YOR83_STU00548,TORONTO_YOR83_0016
TORONTO_YOR83_STU00548,TORONTO_YOR83_0022
TORONTO_YOR83_STU00548,TORONTO_YOR83_0034
TORONTO_YOR83_STU00548,TORONTO_YOR83_0062
TORONTO_YOR83_STU00548,TORONTO_YOR83_0137
TORONTO_YOR83_STU00548,TORONTO_YOR83_0144
TORONTO_YOR83_STU00548,TORONTO_YOR83_0168
TORONTO_YOR83_STU00549,TORONTO_YOR83_0012
TORONTO_YOR83_STU00549,TORONTO_YOR83_0018
TORONTO_YOR83_STU00549,TORONTO_YOR83_0032
TORONTO_YOR83_STU00549,TORONTO_YOR83_0107
TORONTO_YOR83_STU00549,TORONTO_YOR83_0113
TORONTO_YOR83_STU00549,TORONTO_YOR83_0135
TORONTO_YOR83_STU00549,TORONTO_YOR83_0170
TORONTO_YOR83_STU00549,TORONTO_YOR83_0175
TORONTO_YOR83_STU00550,TORONTO_YOR83_0013
TORONTO_YOR83_STU00550,TORONTO_YOR83_0040
TORONTO_YOR83_STU00550,TORONTO_YOR83_0054
TORONTO_YOR83_STU00550,TORONTO_YOR83_0075
TORONTO_YOR83_STU00550,TORONTO_YOR83_0076
TORONTO_YOR83_STU00550,TORONTO_YOR83_0103
TORONTO_YOR83_STU00550,TORONTO_YOR83_0141
TORONTO_YOR83_STU00550,TORONTO_YOR83_0178
TORONTO_YOR83_STU00551,TORONTO_YOR83_0053
TORONTO_YOR83_STU00551,TORONTO_YOR83_0069
TORONTO_YOR83_STU00551,TORONTO_YOR83_0142
TORONTO_YOR83_STU00551,TORONTO_YOR83_0148
TORONTO_YOR83_STU00552,TORONTO_YOR83_0041
TORONTO_YOR83_STU00552,TORONTO_YOR83_0052
TORONTO_YOR83_STU00552,TORONTO_YOR83_0124
TORONTO_YOR83_STU00553,TORONTO_YOR83_0037
TORONTO_YOR83_STU00553,TORONTO_YOR83_0054
TORONTO_YOR83_STU00553,TORONTO_YOR83_0075
TORONTO_YOR83_STU00553,TORONTO_YOR83_0119
TORONTO_YOR83_STU00553,TORONTO_YOR83_0148
TORONTO_YOR83_STU00553,TORONTO_YOR83_0163
TORONTO_YOR83_STU00554,TORONTO_YOR83_0010
TORONTO_YOR83_STU00554,TORONTO_YOR83_0044
TORONTO_YOR83_STU00554,TORONTO_YOR83_0053
TORONTO_YOR83_STU00554,TORONTO_YOR83_0074
TORONTO_YOR83_STU00554,TORONTO_YOR83_0088
TORONTO_YOR83_STU00554,TORONTO_YOR83_0102
TORONTO_YOR83_STU00555,TORONTO_YOR83_0040
TORONTO_YOR83_STU00555,TORONTO_YOR83_0099
TORONTO_YOR83_STU00555,TORONTO_YOR83_0100
TORONTO_YOR83_STU00555,TORONTO_YOR83_0146
TORONTO_YOR83_STU00555,TORONTO_YOR83_0151
TORONTO_YOR83_STU00555,TORONTO_YOR83_0157
TORONTO_YOR83_STU00556,TORONTO_YOR83_0040
TORONTO_YOR83_STU00556,TORONTO_YOR83_0045
TORONTO_YOR83_STU00556,TORONTO_YOR83_0068
TORONTO_YOR83_STU00556,TORONTO_YOR83_0075
TORONTO_YOR83_STU00556,TORONTO_YOR83_0103
TORONTO_YOR83_STU00556,TORONTO_YOR83_0142
TORONTO_YOR83_STU00557,TORONTO_YOR83_0037
TORONTO_YOR83_STU00557,TORONTO_YOR83_0101
TORONTO_YOR83_STU00557,TORONTO_YOR83_0102
TORONTO_YOR83_STU00557,TORONTO_YOR83_0106
TORONTO_YOR83_STU00557,TORONTO_YOR83_0140
TORONTO_YOR83_STU00557,TORONTO_YOR83_0146
TORONTO_YOR83_STU00557,TORONTO_YOR83_0148
TORONTO_YOR83_STU00558,TORONTO_YOR83_0033
TORONTO_YOR83_STU00558,TORONTO_YOR83_0056
TORONTO_YOR83_STU00558,TORONTO_YOR83_0109
TORONTO_YOR83_STU00558,TORONTO_YOR83_0115
TORONTO_YOR83_STU00558,TORONTO_YOR83_0129
TORONTO_YOR83_STU00558,TORONTO_YOR83_0143
TORONTO_YOR83_STU00558,TORONTO_YOR83_0156
TORONTO_YOR83_STU00558,TORONTO_YOR83_0175
TORONTO_YOR83_STU00559,TORONTO_YOR83_0005
TORONTO_YOR83_STU00559,TORONTO_YOR83_0033
TORONTO_YOR83_STU00559,TORONTO_YOR83_0039
TORONTO_YOR83_STU00559,TORONTO_YOR83_0112
TORONTO_YOR83_STU00559,TORONTO_YOR83_0117
TORONTO_YOR83_STU00559,TORONTO_YOR83_0135
TORONTO_YOR83_STU00559,TORONTO_YOR83_0144
TORONTO_YOR83_STU00559,TORONTO_YOR83_0175
TORONTO_YOR83_STU00560,TORONTO_YOR83_0048
TORONTO_YOR83_STU00560,TORONTO_YOR83_0061
TORONTO_YOR83_STU00560,TORONTO_YOR83_0075
TORONTO_YOR83_STU00560,TORONTO_YOR83_0101
TORONTO_YOR83_STU00560,TORONTO_YOR83_0102
TORONTO_YOR83_STU00560,TORONTO_YOR83_0164
TORONTO_YOR83_STU00560,TORONTO_YOR83_0180
TORONTO_YOR83_STU00561,TORONTO_YOR83_0037
TORONTO_YOR83_STU00561,TORONTO_YOR83_0043
TORONTO_YOR83_STU00561,TORONTO_YOR83_0085
TORONTO_YOR83_STU00561,TORONTO_YOR83_0103
TORONTO_YOR83_STU00561,TORONTO_YOR83_0118
TORONTO_YOR83_STU00561,TORONTO_YOR83_0149
TORONTO_YOR83_STU00562,TORONTO_YOR83_0033
TORONTO_YOR83_STU00562,TORONTO_YOR83_0062
TORONTO_YOR83_STU00562,TORONTO_YOR83_0083
TORONTO_YOR83_STU00562,TORONTO_YOR83_0105
TORONTO_YOR83_STU00562,TORONTO_YOR83_0114
TORONTO_YOR83_STU00562,TORONTO_YOR83_0137
TORONTO_YOR83_STU00562,TORONTO_YOR83_0156
TORONTO_YOR83_STU00562,TORONTO_YOR83_0175
TORONTO_YOR83_STU00563,TORONTO_YOR83_0040
TORONTO_YOR83_STU00563,TORONTO_YOR83_0088
TORONTO_YOR83_STU00563,TORONTO_YOR83_0102
TORONTO_YOR83_STU00564,TORONTO_YOR83_0005
TORONTO_YOR83_STU00564,TORONTO_YOR83_0010
TORONTO_YOR83_STU00564,TORONTO_YOR83_0038
TORONTO_YOR83_STU00564,TORONTO_YOR83_0067
TORONTO_YOR83_STU00564,TORONTO_YOR83_0103
TORONTO_YOR83_STU00564,TORONTO_YOR83_0118
TORONTO_YOR83_STU00564,TORONTO_YOR83_0177
TORONTO_YOR83_STU00565,TORONTO_YOR83_0008
TORONTO_YOR83_STU00565,TORONTO_YOR83_0038
TORONTO_YOR83_STU00565,TORONTO_YOR83_0043
TORONTO_YOR83_STU00565,TORONTO_YOR83_0048
TORONTO_YOR83_STU00565,TORONTO_YOR83_0053
TORONTO_YOR83_STU00565,TORONTO_YOR83_0076
TORONTO_YOR83_STU00565,TORONTO_YOR83_0139
TORONTO_YOR83_STU00566,TORONTO_YOR83_0012
TORONTO_YOR83_STU00566,TORONTO_YOR83_0033
TORONTO_YOR83_STU00566,TORONTO_YOR83_0078
TORONTO_YOR83_STU00566,TORONTO_YOR83_0083
TORONTO_YOR83_STU00566,TORONTO_YOR83_0122
TORONTO_YOR83_STU00566,TORONTO_YOR83_0137
TORONTO_YOR83_STU00566,TORONTO_YOR83_0156
TORONTO_YOR83_STU00567,TORONTO_YOR83_0013
TORONTO_YOR83_STU00567,TORONTO_YOR83_0033
TORONTO_YOR83_STU00567,TORONTO_YOR83_0084
TORONTO_YOR83_STU00567,TORONTO_YOR83_0095
TORONTO_YOR83_STU00567,TORONTO_YOR83_0114
TORONTO_YOR83_STU00567,TORONTO_YOR83_0119
TORONTO_YOR83_STU00567,TORONTO_YOR83_0135
TORONTO_YOR83_STU00567,TORONTO_YOR83_0156
TORONTO_YOR83_STU00568,TORONTO_YOR83_0014
TORONTO_YOR83_STU00568,TORONTO_YOR83_0021
TORONTO_YOR83_STU00568,TORONTO_YOR83_0043
TORONTO_YOR83_STU00568,TORONTO_YOR83_0085
TORONTO_YOR83_STU00568,TORONTO_YOR83_0096
TORONTO_YOR83_STU00568,TORONTO_YOR83_0103
TORONTO_YOR83_STU00568,TORONTO_YOR83_0118
TORONTO_YOR83_STU00569,TORONTO_YOR83_0100
TORONTO_YOR83_STU00569,TORONTO_YOR83_0102
TORONTO_YOR83_STU00569,TORONTO_YOR83_0145
TORONTO_YOR83_STU00570,TORONTO_YOR83_0040
TORONTO_YOR83_STU00570,TORONTO_YOR83_0045
TORONTO_YOR83_STU00570,TORONTO_YOR83_0074
TORONTO_YOR83_STU00570,TORONTO_YOR83_0114
TORONTO_YOR83_STU00570,TORONTO_YOR83_0119
TORONTO_YOR83_STU00570,TORONTO_YOR83_0141
TORONTO_YOR83_STU00570,TORONTO_YOR83_0147
TORONTO_YOR83_STU00571,TORONTO_YOR83_0040
TORONTO_YOR83_STU00571,TORONTO_YOR83_0048
TORONTO_YOR83_STU00571,TORONTO_YOR83_0052
TORONTO_YOR83_STU00571,TORONTO_YOR83_0146
TORONTO_YOR83_STU00572,TORONTO_YOR83_0037
TORONTO_YOR83_STU00572,TORONTO_YOR83_0043
TORONTO_YOR83_STU00572,TORONTO_YOR83_0085
TORONTO_YOR83_STU00572,TORONTO_YOR83_0103
TORONTO_YOR83_STU00572,TORONTO_YOR83_0118
TORONTO_YOR83_STU00572,TORONTO_YOR83_0138
TORONTO_YOR83_STU00572,TORONTO_YOR83_0165
TORONTO_YOR83_STU00573,TORONTO_YOR83_0088
TORONTO_YOR83_STU00573,TORONTO_YOR83_0099
TORONTO_YOR83_STU00573,TORONTO_YOR83_0100
TORONTO_YOR83_STU00573,TORONTO_YOR83_0146
TORONTO_YOR83_STU00573,TORONTO_YOR83_0150
TORONTO_YOR83_STU00573,TORONTO_YOR83_0158
TORONTO_YOR83_STU00574,TORONTO_YOR83_0019
TORONTO_YOR83_STU00574,TORONTO_YOR83_0037
TORONTO_YOR83_STU00574,TORONTO_YOR83_0043
TORONTO_YOR83_STU00574,TORONTO_YOR83_0085
TORONTO_YOR83_STU00574,TORONTO_YOR83_0090
TORONTO_YOR83_STU00574,TORONTO_YOR83_0117
TORONTO_YOR83_STU00574,TORONTO_YOR83_0138
TORONTO_YOR83_STU00575,TORONTO_YOR83_0037
TORONTO_YOR83_STU00575,TORONTO_YOR83_0043
TORONTO_YOR83_STU00575,TORONTO_YOR83_0085
TORONTO_YOR83_STU00575,TORONTO_YOR83_0103
TORONTO_YOR83_STU00575,TORONTO_YOR83_0118
TORONTO_YOR83_STU00575,TORONTO_YOR83_0141
TORONTO_YOR83_STU00575,TORONTO_YOR83_0148
TORONTO_YOR83_STU00576,TORONTO_YOR83_0037
TORONTO_YOR83_STU00576,TORONTO_YOR83_0043
TORONTO_YOR83_STU00576,TORONTO_YOR83_0051
TORONTO_YOR83_STU00576,TORONTO_YOR83_0057
TORONTO_YOR83_STU00576,TORONTO_YOR83_0169
TORONTO_YOR83_STU00576,TORONTO_YOR83_0176
TORONTO_YOR83_STU00577,TORONTO_YOR83_0003
TORONTO_YOR83_STU00577,TORONTO_YOR83_0074
TORONTO_YOR83_STU00577,TORONTO_YOR83_0100
TORONTO_YOR83_STU00578,TORONTO_YOR83_0039
TORONTO_YOR83_STU00578,TORONTO_YOR83_0075
TORONTO_YOR83_STU00578,TORONTO_YOR83_0087
TORONTO_YOR83_STU00578,TORONTO_YOR83_0096
TORONTO_YOR83_STU00578,TORONTO_YOR83_0103
TORONTO_YOR83_STU00578,TORONTO_YOR83_0118
TORONTO_YOR83_STU00578,TORONTO_YOR83_0148
TORONTO_YOR83_STU00579,TORONTO_YOR83_0004
TORONTO_YOR83_STU00579,TORONTO_YOR83_0043
TORONTO_YOR83_STU00579,TORONTO_YOR83_0045
TORONTO_YOR83_STU00579,TORONTO_YOR83_0090
TORONTO_YOR83_STU00579,TORONTO_YOR83_0093
TORONTO_YOR83_STU00579,TORONTO_YOR83_0097
TORONTO_YOR83_STU00579,TORONTO_YOR83_0102
TORONTO_YOR83_STU00580,TORONTO_YOR83_0039
TORONTO_YOR83_STU00580,TORONTO_YOR83_0085
TORONTO_YOR83_STU00580,TORONTO_YOR83_0090
TORONTO_YOR83_STU00580,TORONTO_YOR83_0093
TORONTO_YOR83_STU00580,TORONTO_YOR83_0101
TORONTO_YOR83_STU00580,TORONTO_YOR83_0102
TORONTO_YOR83_STU00580,TORONTO_YOR83_0139
TORONTO_YOR83_STU00580,TORONTO_YOR83_0149
TORONTO_YOR83_STU00581,TORONTO_YOR83_0012
TORONTO_YOR83_STU00581,TORONTO_YOR83_0034
TORONTO_YOR83_STU00581,TORONTO_YOR83_0063
TORONTO_YOR83_STU00581,TORONTO_YOR83_0082
TORONTO_YOR83_STU00581,TORONTO_YOR83_0092
TORONTO_YOR83_STU00581,TORONTO_YOR83_0114
TORONTO_YOR83_STU00581,TORONTO_YOR83_0155
TORONTO_YOR83_STU00581,TORONTO_YOR83_0170
TORONTO_YOR83_STU00582,TORONTO_YOR83_0001
TORONTO_YOR83_STU00582,TORONTO_YOR83_0033
TORONTO_YOR83_STU00582,TORONTO_YOR83_0069
TORONTO_YOR83_STU00582,TORONTO_YOR83_0084
TORONTO_YOR83_STU00582,TORONTO_YOR83_0104
TORONTO_YOR83_STU00582,TORONTO_YOR83_0115
TORONTO_YOR83_STU00582,TORONTO_YOR83_0135
TORONTO_YOR83_STU00582,TORONTO_YOR83_0156
TORONTO_YOR83_STU00583,TORONTO_YOR83_0033
TORONTO_YOR83_STU00583,TORONTO_YOR83_0069
TORONTO_YOR83_STU00583,TORONTO_YOR83_0082
TORONTO_YOR83_STU00583,TORONTO_YOR83_0094
TORONTO_YOR83_STU00583,TORONTO_YOR83_0109
TORONTO_YOR83_STU00583,TORONTO_YOR83_0115
TORONTO_YOR83_STU00583,TORONTO_YOR83_0144
TORONTO_YOR83_STU00583,TORONTO_YOR83_0163
TORONTO_YOR83_STU00584,TORONTO_YOR83_0040
TORONTO_YOR83_STU00584,TORONTO_YOR83_0102
TORONTO_YOR83_STU00584,TORONTO_YOR83_0145
TORONTO_YOR83_STU00585,TORONTO_YOR83_0037
TORONTO_YOR83_STU00585,TORONTO_YOR83_0043
TORONTO_YOR83_STU00585,TORONTO_YOR83_0076
TORONTO_YOR83_STU00585,TORONTO_YOR83_0086
TORONTO_YOR83_STU00585,TORONTO_YOR83_0093
TORONTO_YOR83_STU00585,TORONTO_YOR83_0118
TORONTO_YOR83_STU00585,TORONTO_YOR83_0149
TORONTO_YOR83_STU00585,TORONTO_YOR83_0178
TORONTO_YOR83_STU00586,TORONTO_YOR83_0040
TORONTO_YOR83_STU00586,TORONTO_YOR83_0085
TORONTO_YOR83_STU00586,TORONTO_YOR83_0090
TORONTO_YOR83_STU00586,TORONTO_YOR83_0118
TORONTO_YOR83_STU00586,TORONTO_YOR83_0123
TORONTO_YOR83_STU00586,TORONTO_YOR83_0140
TORONTO_YOR83_STU00586,TORONTO_YOR83_0149
TORONTO_YOR83_STU00587,TORONTO_YOR83_0037
TORONTO_YOR83_STU00587,TORONTO_YOR83_0043
TORONTO_YOR83_STU00587,TORONTO_YOR83_0087
TORONTO_YOR83_STU00587,TORONTO_YOR83_0090
TORONTO_YOR83_STU00587,TORONTO_YOR83_0102
TORONTO_YOR83_STU00587,TORONTO_YOR83_0149
TORONTO_YOR83_STU00587,TORONTO_YOR83_0177
TORONTO_YOR83_STU00587,TORONTO_YOR83_0180
TORONTO_YOR83_STU00588,TORONTO_YOR83_0009
TORONTO_YOR83_STU00588,TORONTO_YOR83_0042
TORONTO_YOR83_STU00588,TORONTO_YOR83_0101
TORONTO_YOR83_STU00588,TORONTO_YOR83_0102
TORONTO_YOR83_STU00588,TORONTO_YOR83_0145
TORONTO_YOR83_STU00588,TORONTO_YOR83_0158
TORONTO_YOR83_STU00589,TORONTO_YOR83_0011
TORONTO_YOR83_STU00589,TORONTO_YOR83_0036
TORONTO_YOR83_STU00589,TORONTO_YOR83_0067
TORONTO_YOR83_STU00589,TORONTO_YOR83_0114
TORONTO_YOR83_STU00589,TORONTO_YOR83_0119
TORONTO_YOR83_STU00589,TORONTO_YOR83_0125
TORONTO_YOR83_STU00589,TORONTO_YOR83_0141
TORONTO_YOR83_STU00589,TORONTO_YOR83_0156
TORONTO_YOR83_STU00590,TORONTO_YOR83_0004
TORONTO_YOR83_STU00590,TORONTO_YOR83_0045
TORONTO_YOR83_STU00590,TORONTO_YOR83_0053
TORONTO_YOR83_STU00590,TORONTO_YOR83_0073
TORONTO_YOR83_STU00590,TORONTO_YOR83_0074
TORONTO_YOR83_STU00590,TORONTO_YOR83_0102
TORONTO_YOR83_STU00591,TORONTO_YOR83_0010
TORONTO_YOR83_STU00591,TORONTO_YOR83_0075
TORONTO_YOR83_STU00591,TORONTO_YOR83_0101
TORONTO_YOR83_STU00591,TORONTO_YOR83_0145
TORONTO_YOR83_STU00591,TORONTO_YOR83_0150
TORONTO_YOR83_STU00592,TORONTO_YOR83_0010
TORONTO_YOR83_STU00592,TORONTO_YOR83_0037
TORONTO_YOR83_STU00592,TORONTO_YOR83_0043
TORONTO_YOR83_STU00592,TORONTO_YOR83_0067
TORONTO_YOR83_STU00592,TORONTO_YOR83_0075
TORONTO_YOR83_STU00592,TORONTO_YOR83_0118
TORONTO_YOR83_STU00592,TORONTO_YOR83_0139
TORONTO_YOR83_STU00593,TORONTO_YOR83_0039
TORONTO_YOR83_STU00593,TORONTO_YOR83_0087
TORONTO_YOR83_STU00593,TORONTO_YOR83_0103
TORONTO_YOR83_STU00593,TORONTO_YOR83_0118
TORONTO_YOR83_STU00593,TORONTO_YOR83_0129
TORONTO_YOR83_STU00593,TORONTO_YOR83_0148
TORONTO_YOR83_STU00593,TORONTO_YOR83_0151
TORONTO_YOR83_STU00593,TORONTO_YOR83_0177
TORONTO_YOR83_STU00594,TORONTO_YOR83_0034
TORONTO_YOR83_STU00594,TORONTO_YOR83_0064
TORONTO_YOR83_STU00594,TORONTO_YOR83_0092
TORONTO_YOR83_STU00594,TORONTO_YOR83_0114
TORONTO_YOR83_STU00594,TORONTO_YOR83_0135
TORONTO_YOR83_STU00594,TORONTO_YOR83_0156
TORONTO_YOR83_STU00594,TORONTO_YOR83_0170
TORONTO_YOR83_STU00594,TORONTO_YOR83_0176
TORONTO_YOR83_STU00595,TORONTO_YOR83_0042
TORONTO_YOR83_STU00595,TORONTO_YOR83_0098
TORONTO_YOR83_STU00595,TORONTO_YOR83_0145
TORONTO_YOR83_STU00596,TORONTO_YOR83_0033
TORONTO_YOR83_STU00596,TORONTO_YOR83_0084
TORONTO_YOR83_STU00596,TORONTO_YOR83_0103
TORONTO_YOR83_STU00596,TORONTO_YOR83_0118
TORONTO_YOR83_STU00596,TORONTO_YOR83_0135
TORONTO_YOR83_STU00596,TORONTO_YOR83_0149
TORONTO_YOR83_STU00596,TORONTO_YOR83_0155
TORONTO_YOR83_STU00596,TORONTO_YOR83_0176
TORONTO_YOR83_STU00597,TORONTO_YOR83_0007
TORONTO_YOR83_STU00597,TORONTO_YOR83_0014
TORONTO_YOR83_STU00597,TORONTO_YOR83_0107
TORONTO_YOR83_STU00597,TORONTO_YOR83_0113
TORONTO_YOR83_STU00597,TORONTO_YOR83_0144
TORONTO_YOR83_STU00597,TORONTO_YOR83_0147
TORONTO_YOR83_STU00597,TORONTO_YOR83_0155
TORONTO_YOR83_STU00598,TORONTO_YOR83_0033
TORONTO_YOR83_STU00598,TORONTO_YOR83_0062
TORONTO_YOR83_STU00598,TORONTO_YOR83_0107
TORONTO_YOR83_STU00598,TORONTO_YOR83_0113
TORONTO_YOR83_STU00598,TORONTO_YOR83_0144
TORONTO_YOR83_STU00598,TORONTO_YOR83_0155
TORONTO_YOR83_STU00598,TORONTO_YOR83_0170
TORONTO_YOR83_STU00599,TORONTO_YOR83_0037
TORONTO_YOR83_STU00599,TORONTO_YOR83_0043
TORONTO_YOR83_STU00599,TORONTO_YOR83_0103
TORONTO_YOR83_STU00599,TORONTO_YOR83_0118
TORONTO_YOR83_STU00599,TORONTO_YOR83_0139
TORONTO_YOR83_STU00599,TORONTO_YOR83_0148
TORONTO_YOR83_STU00599,TORONTO_YOR83_0151
TORONTO_YOR83_STU00600,TORONTO_YOR83_0034
TORONTO_YOR83_STU00600,TORONTO_YOR83_0067
TORONTO_YOR83_STU00600,TORONTO_YOR83_0077
TORONTO_YOR83_STU00600,TORONTO_YOR83_0115
TORONTO_YOR83_STU00600,TORONTO_YOR83_0122
TORONTO_YOR83_STU00600,TORONTO_YOR83_0139
TORONTO_YOR83_STU00600,TORONTO_YOR83_0155
TORONTO_YOR83_STU00600,TORONTO_YOR83_0162
TORONTO_YOR83_STU00601,TORONTO_YOR83_0040
TORONTO_YOR83_STU00601,TORONTO_YOR83_0052
TORONTO_YOR83_STU00601,TORONTO_YOR83_0075
TORONTO_YOR83_STU00601,TORONTO_YOR83_0177
TORONTO_YOR83_STU00601,TORONTO_YOR83_0180
TORONTO_YOR83_STU00602,TORONTO_YOR83_0013
TORONTO_YOR83_STU00602,TORONTO_YOR83_0053
TORONTO_YOR83_STU00602,TORONTO_YOR83_0055
TORONTO_YOR83_STU00602,TORONTO_YOR83_0129
TORONTO_YOR83_STU00603,TORONTO_YOR83_0037
TORONTO_YOR83_STU00603,TORONTO_YOR83_0043
TORONTO_YOR83_STU00603,TORONTO_YOR83_0075
TORONTO_YOR83_STU00603,TORONTO_YOR83_0103
TORONTO_YOR83_STU00603,TORONTO_YOR83_0118
TORONTO_YOR83_STU00603,TORONTO_YOR83_0163
TORONTO_YOR83_STU00603,TORONTO_YOR83_0177
TORONTO_YOR83_STU00604,TORONTO_YOR83_0040
TORONTO_YOR83_STU00604,TORONTO_YOR83_0073
TORONTO_YOR83_STU00604,TORONTO_YOR83_0102
TORONTO_YOR83_STU00605,TORONTO_YOR83_0004
TORONTO_YOR83_STU00605,TORONTO_YOR83_0008
TORONTO_YOR83_STU00605,TORONTO_YOR83_0014
TORONTO_YOR83_STU00605,TORONTO_YOR83_0018
TORONTO_YOR83_STU00606,TORONTO_YOR83_0001
TORONTO_YOR83_STU00606,TORONTO_YOR83_0012
TORONTO_YOR83_STU00606,TORONTO_YOR83_0018
TORONTO_YOR83_STU00606,TORONTO_YOR83_0027
TORONTO_YOR83_STU00606,TORONTO_YOR83_0034
TORONTO_YOR83_STU00606,TORONTO_YOR83_0115
TORONTO_YOR83_STU00606,TORONTO_YOR83_0122
TORONTO_YOR83_STU00606,TORONTO_YOR83_0155
TORONTO_YOR83_STU00607,TORONTO_YOR83_0005
TORONTO_YOR83_STU00607,TORONTO_YOR83_0037
TORONTO_YOR83_STU00607,TORONTO_YOR83_0043
TORONTO_YOR83_STU00607,TORONTO_YOR83_0054
TORONTO_YOR83_STU00607,TORONTO_YOR83_0086
TORONTO_YOR83_STU00607,TORONTO_YOR83_0101
TORONTO_YOR83_STU00607,TORONTO_YOR83_0102
TORONTO_YOR83_STU00607,TORONTO_YOR83_0148
TORONTO_YOR83_STU00608,TORONTO_YOR83_0040
TORONTO_YOR83_STU00608,TORONTO_YOR83_0075
TORONTO_YOR83_STU00608,TORONTO_YOR83_0101
TORONTO_YOR83_STU00608,TORONTO_YOR83_0102
TORONTO_YOR83_STU00608,TORONTO_YOR83_0157
TORONTO_YOR83_STU00609,TORONTO_YOR83_0004
TORONTO_YOR83_STU00609,TORONTO_YOR83_0010
TORONTO_YOR83_STU00609,TORONTO_YOR83_0040
TORONTO_YOR83_STU00609,TORONTO_YOR83_0088
TORONTO_YOR83_STU00609,TORONTO_YOR83_0100
TORONTO_YOR83_STU00609,TORONTO_YOR83_0165
TORONTO_YOR83_STU00610,TORONTO_YOR83_0002
TORONTO_YOR83_STU00610,TORONTO_YOR83_0012
TORONTO_YOR83_STU00610,TORONTO_YOR83_0033
TORONTO_YOR83_STU00610,TORONTO_YOR83_0039
TORONTO_YOR83_STU00610,TORONTO_YOR83_0087
TORONTO_YOR83_STU00610,TORONTO_YOR83_0105
TORONTO_YOR83_STU00610,TORONTO_YOR83_0114
TORONTO_YOR83_STU00610,TORONTO_YOR83_0134
TORONTO_YOR83_STU00611,TORONTO_YOR83_0037
TORONTO_YOR83_STU00611,TORONTO_YOR83_0103
TORONTO_YOR83_STU00611,TORONTO_YOR83_0118
TORONTO_YOR83_STU00611,TORONTO_YOR83_0148
TORONTO_YOR83_STU00611,TORONTO_YOR83_0151
TORONTO_YOR83_STU00611,TORONTO_YOR83_0171
TORONTO_YOR83_STU00611,TORONTO_YOR83_0177
TORONTO_YOR83_STU00611,TORONTO_YOR83_0180
TORONTO_YOR83_STU00612,TORONTO_YOR83_0012
TORONTO_YOR83_STU00612,TORONTO_YOR83_0015
TORONTO_YOR83_STU00612,TORONTO_YOR83_0016
TORONTO_YOR83_STU00612,TORONTO_YOR83_0022
TORONTO_YOR83_STU00612,TORONTO_YOR83_0034
TORONTO_YOR83_STU00612,TORONTO_YOR83_0092
TORONTO_YOR83_STU00612,TORONTO_YOR83_0136
TORONTO_YOR83_STU00613,TORONTO_YOR83_0054
TORONTO_YOR83_STU00613,TORONTO_YOR83_0074
TORONTO_YOR83_STU00613,TORONTO_YOR83_0092
TORONTO_YOR83_STU00613,TORONTO_YOR83_0102
TORONTO_YOR83_STU00614,TORONTO_YOR83_0042
TORONTO_YOR83_STU00614,TORONTO_YOR83_0145
TORONTO_YOR83_STU00615,TORONTO_YOR83_0003
TORONTO_YOR83_STU00615,TORONTO_YOR83_0043
TORONTO_YOR83_STU00615,TORONTO_YOR83_0052
TORONTO_YOR83_STU00615,TORONTO_YOR83_0100
TORONTO_YOR83_STU00615,TORONTO_YOR83_0181
TORONTO_YOR83_STU00616,TORONTO_YOR83_0012
TORONTO_YOR83_STU00616,TORONTO_YOR83_0013
TORONTO_YOR83_STU00616,TORONTO_YOR83_0018
TORONTO_YOR83_STU00616,TORONTO_YOR83_0032
TORONTO_YOR83_STU00616,TORONTO_YOR83_0107
TORONTO_YOR83_STU00616,TORONTO_YOR83_0113
TORONTO_YOR83_STU00616,TORONTO_YOR83_0135
TORONTO_YOR83_STU00617,TORONTO_YOR83_0037
TORONTO_YOR83_STU00617,TORONTO_YOR83_0043
TORONTO_YOR83_STU00617,TORONTO_YOR83_0066
TORONTO_YOR83_STU00617,TORONTO_YOR83_0103
TORONTO_YOR83_STU00617,TORONTO_YOR83_0118
TORONTO_YOR83_STU00617,TORONTO_YOR83_0139
TORONTO_YOR83_STU00617,TORONTO_YOR83_0148
TORONTO_YOR83_STU00617,TORONTO_YOR83_0172
TORONTO_YOR83_STU00618,TORONTO_YOR83_0043
TORONTO_YOR83_STU00618,TORONTO_YOR83_0054
TORONTO_YOR83_STU00618,TORONTO_YOR83_0076
TORONTO_YOR83_STU00618,TORONTO_YOR83_0086
TORONTO_YOR83_STU00618,TORONTO_YOR83_0118
TORONTO_YOR83_STU00618,TORONTO_YOR83_0140
TORONTO_YOR83_STU00618,TORONTO_YOR83_0149
TORONTO_YOR83_STU00618,TORONTO_YOR83_0163
TORONTO_YOR83_STU00619,TORONTO_YOR83_0033
TORONTO_YOR83_STU00619,TORONTO_YOR83_0039
TORONTO_YOR83_STU00619,TORONTO_YOR83_0067
TORONTO_YOR83_STU00619,TORONTO_YOR83_0069
TORONTO_YOR83_STU00619,TORONTO_YOR83_0078
TORONTO_YOR83_STU00619,TORONTO_YOR83_0105
TORONTO_YOR83_STU00619,TORONTO_YOR83_0144
TORONTO_YOR83_STU00620,TORONTO_YOR83_0037
TORONTO_YOR83_STU00620,TORONTO_YOR83_0043
TORONTO_YOR83_STU00620,TORONTO_YOR83_0068
TORONTO_YOR83_STU00620,TORONTO_YOR83_0114
TORONTO_YOR83_STU00620,TORONTO_YOR83_0119
TORONTO_YOR83_STU00620,TORONTO_YOR83_0142
TORONTO_YOR83_STU00620,TORONTO_YOR83_0149
TORONTO_YOR83_STU00621,TORONTO_YOR83_0003
TORONTO_YOR83_STU00621,TORONTO_YOR83_0042
TORONTO_YOR83_STU00621,TORONTO_YOR83_0074
TORONTO_YOR83_STU00622,TORONTO_YOR83_0014
TORONTO_YOR83_STU00622,TORONTO_YOR83_0037
TORONTO_YOR83_STU00622,TORONTO_YOR83_0043
TORONTO_YOR83_STU00622,TORONTO_YOR83_0066
TORONTO_YOR83_STU00622,TORONTO_YOR83_0076
TORONTO_YOR83_STU00622,TORONTO_YOR83_0118
TORONTO_YOR83_STU00622,TORONTO_YOR83_0148
TORONTO_YOR83_STU00622,TORONTO_YOR83_0171
TORONTO_YOR83_STU00623,TORONTO_YOR83_0033
TORONTO_YOR83_STU00623,TORONTO_YOR83_0064
TORONTO_YOR83_STU00623,TORONTO_YOR83_0115
TORONTO_YOR83_STU00623,TORONTO_YOR83_0122
TORONTO_YOR83_STU00623,TORONTO_YOR83_0125
TORONTO_YOR83_STU00623,TORONTO_YOR83_0137
TORONTO_YOR83_STU00623,TORONTO_YOR83_0156
TORONTO_YOR83_STU00623,TORONTO_YOR83_0176
TORONTO_YOR83_STU00624,TORONTO_YOR83_0009
TORONTO_YOR83_STU00624,TORONTO_YOR83_0040
TORONTO_YOR83_STU00624,TORONTO_YOR83_0100
TORONTO_YOR83_STU00625,TORONTO_YOR83_0040
TORONTO_YOR83_STU00625,TORONTO_YOR83_0048
TORONTO_YOR83_STU00625,TORONTO_YOR83_0061
TORONTO_YOR83_STU00625,TORONTO_YOR83_0075
TORONTO_YOR83_STU00625,TORONTO_YOR83_0145
TORONTO_YOR83_STU00625,TORONTO_YOR83_0180
TORONTO_YOR83_STU00626,TORONTO_YOR83_0019
TORONTO_YOR83_STU00626,TORONTO_YOR83_0042
TORONTO_YOR83_STU00626,TORONTO_YOR83_0044
TORONTO_YOR83_STU00626,TORONTO_YOR83_0074
TORONTO_YOR83_STU00626,TORONTO_YOR83_0165
TORONTO_YOR83_STU00626,TORONTO_YOR83_0181
TORONTO_YOR83_STU00627,TORONTO_YOR83_0033
TORONTO_YOR83_STU00627,TORONTO_YOR83_0050
TORONTO_YOR83_STU00627,TORONTO_YOR83_0069
TORONTO_YOR83_STU00627,TORONTO_YOR83_0082
TORONTO_YOR83_STU00627,TORONTO_YOR83_0095
TORONTO_YOR83_STU00627,TORONTO_YOR83_0115
TORONTO_YOR83_STU00627,TORONTO_YOR83_0134
TORONTO_YOR83_STU00628,TORONTO_YOR83_0003
TORONTO_YOR83_STU00628,TORONTO_YOR83_0019
TORONTO_YOR83_STU00628,TORONTO_YOR83_0040
TORONTO_YOR83_STU00628,TORONTO_YOR83_0103
TORONTO_YOR83_STU00628,TORONTO_YOR83_0118
TORONTO_YOR83_STU00628,TORONTO_YOR83_0158
TORONTO_YOR83_STU00629,TORONTO_YOR83_0013
TORONTO_YOR83_STU00629,TORONTO_YOR83_0017
TORONTO_YOR83_STU00629,TORONTO_YOR83_0035
TORONTO_YOR83_STU00629,TORONTO_YOR83_0139
TORONTO_YOR83_STU00629,TORONTO_YOR83_0156
TORONTO_YOR83_STU00629,TORONTO_YOR83_0178
TORONTO_YOR83_STU00630,TORONTO_YOR83_0033
TORONTO_YOR83_STU00630,TORONTO_YOR83_0062
TORONTO_YOR83_STU00630,TORONTO_YOR83_0082
TORONTO_YOR83_STU00630,TORONTO_YOR83_0115
TORONTO_YOR83_STU00630,TORONTO_YOR83_0137
TORONTO_YOR83_STU00630,TORONTO_YOR83_0155
TORONTO_YOR83_STU00630,TORONTO_YOR83_0170
TORONTO_YOR83_STU00630,TORONTO_YOR83_0176
TORONTO_YOR83_STU00631,TORONTO_YOR83_0040
TORONTO_YOR83_STU00631,TORONTO_YOR83_0090
TORONTO_YOR83_STU00631,TORONTO_YOR83_0100
TORONTO_YOR83_STU00631,TORONTO_YOR83_0146
TORONTO_YOR83_STU00631,TORONTO_YOR83_0150
TORONTO_YOR83_STU00631,TORONTO_YOR83_0158
TORONTO_YOR83_STU00632,TORONTO_YOR83_0012
TORONTO_YOR83_STU00632,TORONTO_YOR83_0016
TORONTO_YOR83_STU00632,TORONTO_YOR83_0033
TORONTO_YOR83_STU00632,TORONTO_YOR83_0082
TORONTO_YOR83_STU00632,TORONTO_YOR83_0122
TORONTO_YOR83_STU00632,TORONTO_YOR83_0126
TORONTO_YOR83_STU00632,TORONTO_YOR83_0136
TORONTO_YOR83_STU00633,TORONTO_YOR83_0099
TORONTO_YOR83_STU00633,TORONTO_YOR83_0100
TORONTO_YOR83_STU00633,TORONTO_YOR83_0150
TORONTO_YOR83_STU00633,TORONTO_YOR83_0155
TORONTO_YOR83_STU00633,TORONTO_YOR83_0158
TORONTO_YOR83_STU00634,TORONTO_YOR83_0001
TORONTO_YOR83_STU00634,TORONTO_YOR83_0004
TORONTO_YOR83_STU00634,TORONTO_YOR83_0008
TORONTO_YOR83_STU00634,TORONTO_YOR83_0010
TORONTO_YOR83_STU00634,TORONTO_YOR83_0018
TORONTO_YOR83_STU00634,TORONTO_YOR83_0114
TORONTO_YOR83_STU00634,TORONTO_YOR83_0117
TORONTO_YOR83_STU00635,TORONTO_YOR83_0037
TORONTO_YOR83_STU00635,TORONTO_YOR83_0075
TORONTO_YOR83_STU00635,TORONTO_YOR83_0076
TORONTO_YOR83_STU00635,TORONTO_YOR83_0118
TORONTO_YOR83_STU00635,TORONTO_YOR83_0141
TORONTO_YOR83_STU00635,TORONTO_YOR83_0177
TORONTO_YOR83_STU00635,TORONTO_YOR83_0180
TORONTO_YOR83_STU00635,TORONTO_YOR83_0181
TORONTO_YOR83_STU00636,TORONTO_YOR83_0043
TORONTO_YOR83_STU00636,TORONTO_YOR83_0157
TORONTO_YOR83_STU00637,TORONTO_YOR83_0040
TORONTO_YOR83_STU00637,TORONTO_YOR83_0075
TORONTO_YOR83_STU00637,TORONTO_YOR83_0099
TORONTO_YOR83_STU00637,TORONTO_YOR83_0101
TORONTO_YOR83_STU00637,TORONTO_YOR83_0102
TORONTO_YOR83_STU00637,TORONTO_YOR83_0157
TORONTO_YOR83_STU00638,TORONTO_YOR83_0003
TORONTO_YOR83_STU00638,TORONTO_YOR83_0004
TORONTO_YOR83_STU00638,TORONTO_YOR83_0043
TORONTO_YOR83_STU00638,TORONTO_YOR83_0098
TORONTO_YOR83_STU00638,TORONTO_YOR83_0150
TORONTO_YOR83_STU00638,TORONTO_YOR83_0151
TORONTO_YOR83_STU00638,TORONTO_YOR83_0157
TORONTO_YOR83_STU00638,TORONTO_YOR83_0158
TORONTO_YOR83_STU00639,TORONTO_YOR83_0040
TORONTO_YOR83_STU00639,TORONTO_YOR83_0088
TORONTO_YOR83_STU00639,TORONTO_YOR83_0098
TORONTO_YOR83_STU00639,TORONTO_YOR83_0157
TORONTO_YOR83_STU00640,TORONTO_YOR83_0019
TORONTO_YOR83_STU00640,TORONTO_YOR83_0040
TORONTO_YOR83_STU00640,TORONTO_YOR83_0068
TORONTO_YOR83_STU00640,TORONTO_YOR83_0142
TORONTO_YOR83_STU00641,TORONTO_YOR83_0033
TORONTO_YOR83_STU00641,TORONTO_YOR83_0051
TORONTO_YOR83_STU00641,TORONTO_YOR83_0082
TORONTO_YOR83_STU00641,TORONTO_YOR83_0095
TORONTO_YOR83_STU00641,TORONTO_YOR83_0115
TORONTO_YOR83_STU00641,TORONTO_YOR83_0126
TORONTO_YOR83_STU00641,TORONTO_YOR83_0136
TORONTO_YOR83_STU00641,TORONTO_YOR83_0175
TORONTO_YOR83_STU00642,TORONTO_YOR83_0020
TORONTO_YOR83_STU00642,TORONTO_YOR83_0043
TORONTO_YOR83_STU00642,TORONTO_YOR83_0074
TORONTO_YOR83_STU00642,TORONTO_YOR83_0088
TORONTO_YOR83_STU00642,TORONTO_YOR83_0099
TORONTO_YOR83_STU00642,TORONTO_YOR83_0100
TORONTO_YOR83_STU00643,TORONTO_YOR83_0002
TORONTO_YOR83_STU00643,TORONTO_YOR83_0021
TORONTO_YOR83_STU00643,TORONTO_YOR83_0022
TORONTO_YOR83_STU00643,TORONTO_YOR83_0034
TORONTO_YOR83_STU00643,TORONTO_YOR83_0050
TORONTO_YOR83_STU00643,TORONTO_YOR83_0114
TORONTO_YOR83_STU00643,TORONTO_YOR83_0134
TORONTO_YOR83_STU00643,TORONTO_YOR83_0162
TORONTO_YOR83_STU00644,TORONTO_YOR83_0004
TORONTO_YOR83_STU00644,TORONTO_YOR83_0040
TORONTO_YOR83_STU00644,TORONTO_YOR83_0088
TORONTO_YOR83_STU00644,TORONTO_YOR83_0142
TORONTO_YOR83_STU00644,TORONTO_YOR83_0165
TORONTO_YOR83_STU00645,TORONTO_YOR83_0014
TORONTO_YOR83_STU00645,TORONTO_YOR83_0037
TORONTO_YOR83_STU00645,TORONTO_YOR83_0043
TORONTO_YOR83_STU00645,TORONTO_YOR83_0067
TORONTO_YOR83_STU00645,TORONTO_YOR83_0116
TORONTO_YOR83_STU00645,TORONTO_YOR83_0147
TORONTO_YOR83_STU00645,TORONTO_YOR83_0171
TORONTO_YOR83_STU00646,TORONTO_YOR83_0034
TORONTO_YOR83_STU00646,TORONTO_YOR83_0064
TORONTO_YOR83_STU00646,TORONTO_YOR83_0084
TORONTO_YOR83_STU00646,TORONTO_YOR83_0114
TORONTO_YOR83_STU00646,TORONTO_YOR83_0122
TORONTO_YOR83_STU00646,TORONTO_YOR83_0136
TORONTO_YOR83_STU00646,TORONTO_YOR83_0144
TORONTO_YOR83_STU00646,TORONTO_YOR83_0155
TORONTO_YOR83_STU00647,TORONTO_YOR83_0004
TORONTO_YOR83_STU00647,TORONTO_YOR83_0043
TORONTO_YOR83_STU00647,TORONTO_YOR83_0066
TORONTO_YOR83_STU00647,TORONTO_YOR83_0102
TORONTO_YOR83_STU00647,TORONTO_YOR83_0124
TORONTO_YOR83_STU00647,TORONTO_YOR83_0142
TORONTO_YOR83_STU00648,TORONTO_YOR83_0040
TORONTO_YOR83_STU00648,TORONTO_YOR83_0045
TORONTO_YOR83_STU00648,TORONTO_YOR83_0075
TORONTO_YOR83_STU00648,TORONTO_YOR83_0085
TORONTO_YOR83_STU00648,TORONTO_YOR83_0090
TORONTO_YOR83_STU00648,TORONTO_YOR83_0097
TORONTO_YOR83_STU00648,TORONTO_YOR83_0181
TORONTO_YOR83_STU00649,TORONTO_YOR83_0043
TORONTO_YOR83_STU00649,TORONTO_YOR83_0053
TORONTO_YOR83_STU00649,TORONTO_YOR83_0068
TORONTO_YOR83_STU00649,TORONTO_YOR83_0074
TORONTO_YOR83_STU00649,TORONTO_YOR83_0142
TORONTO_YOR83_STU00649,TORONTO_YOR83_0165
TORONTO_YOR83_STU00650,TORONTO_YOR83_0037
TORONTO_YOR83_STU00650,TORONTO_YOR83_0101
TORONTO_YOR83_STU00650,TORONTO_YOR83_0103
TORONTO_YOR83_STU00650,TORONTO_YOR83_0118
TORONTO_YOR83_STU00650,TORONTO_YOR83_0138
TORONTO_YOR83_STU00650,TORONTO_YOR83_0146
TORONTO_YOR83_STU00650,TORONTO_YOR83_0148
TORONTO_YOR83_STU00651,TORONTO_YOR83_0048
TORONTO_YOR83_STU00651,TORONTO_YOR83_0099
TORONTO_YOR83_STU00651,TORONTO_YOR83_0100
TORONTO_YOR83_STU00651,TORONTO_YOR83_0146
TORONTO_YOR83_STU00651,TORONTO_YOR83_0157
TORONTO_YOR83_STU00651,TORONTO_YOR83_0164
TORONTO_YOR83_STU00652,TORONTO_YOR83_0005
TORONTO_YOR83_STU00652,TORONTO_YOR83_0011
TORONTO_YOR83_STU00652,TORONTO_YOR83_0038
TORONTO_YOR83_STU00652,TORONTO_YOR83_0103
TORONTO_YOR83_STU00652,TORONTO_YOR83_0118
TORONTO_YOR83_STU00652,TORONTO_YOR83_0125
TORONTO_YOR83_STU00652,TORONTO_YOR83_0141
TORONTO_YOR83_STU00652,TORONTO_YOR83_0156
TORONTO_YOR83_STU00653,TORONTO_YOR83_0012
TORONTO_YOR83_STU00653,TORONTO_YOR83_0038
TORONTO_YOR83_STU00653,TORONTO_YOR83_0103
TORONTO_YOR83_STU00653,TORONTO_YOR83_0106
TORONTO_YOR83_STU00653,TORONTO_YOR83_0118
TORONTO_YOR83_STU00653,TORONTO_YOR83_0141
TORONTO_YOR83_STU00653,TORONTO_YOR83_0148
TORONTO_YOR83_STU00653,TORONTO_YOR83_0177
TORONTO_YOR83_STU00654,TORONTO_YOR83_0010
TORONTO_YOR83_STU00654,TORONTO_YOR83_0040
TORONTO_YOR83_STU00654,TORONTO_YOR83_0087
TORONTO_YOR83_STU00654,TORONTO_YOR83_0103
TORONTO_YOR83_STU00654,TORONTO_YOR83_0106
TORONTO_YOR83_STU00654,TORONTO_YOR83_0118
TORONTO_YOR83_STU00654,TORONTO_YOR83_0148
TORONTO_YOR83_STU00655,TORONTO_YOR83_0002
TORONTO_YOR83_STU00655,TORONTO_YOR83_0011
TORONTO_YOR83_STU00655,TORONTO_YOR83_0016
TORONTO_YOR83_STU00655,TORONTO_YOR83_0034
TORONTO_YOR83_STU00655,TORONTO_YOR83_0082
TORONTO_YOR83_STU00656,TORONTO_YOR83_0100
TORONTO_YOR83_STU00656,TORONTO_YOR83_0101
TORONTO_YOR83_STU00656,TORONTO_YOR83_0146
TORONTO_YOR83_STU00656,TORONTO_YOR83_0150
TORONTO_YOR83_STU00656,TORONTO_YOR83_0151
TORONTO_YOR83_STU00656,TORONTO_YOR83_0157
TORONTO_YOR83_STU00656,TORONTO_YOR83_0158
TORONTO_YOR83_STU00657,TORONTO_YOR83_0013
TORONTO_YOR83_STU00657,TORONTO_YOR83_0035
TORONTO_YOR83_STU00657,TORONTO_YOR83_0050
TORONTO_YOR83_STU00657,TORONTO_YOR83_0051
TORONTO_YOR83_STU00657,TORONTO_YOR83_0056
TORONTO_YOR83_STU00657,TORONTO_YOR83_0178
TORONTO_YOR83_STU00658,TORONTO_YOR83_0003
TORONTO_YOR83_STU00658,TORONTO_YOR83_0013
TORONTO_YOR83_STU00658,TORONTO_YOR83_0118
TORONTO_YOR83_STU00659,TORONTO_YOR83_0012
TORONTO_YOR83_STU00659,TORONTO_YOR83_0013
TORONTO_YOR83_STU00659,TORONTO_YOR83_0017
TORONTO_YOR83_STU00659,TORONTO_YOR83_0036
TORONTO_YOR83_STU00659,TORONTO_YOR83_0134
TORONTO_YOR83_STU00659,TORONTO_YOR83_0140
TORONTO_YOR83_STU00659,TORONTO_YOR83_0161
TORONTO_YOR83_STU00660,TORONTO_YOR83_0040
TORONTO_YOR83_STU00660,TORONTO_YOR83_0045
TORONTO_YOR83_STU00660,TORONTO_YOR83_0086
TORONTO_YOR83_STU00660,TORONTO_YOR83_0118
TORONTO_YOR83_STU00660,TORONTO_YOR83_0148
TORONTO_YOR83_STU00660,TORONTO_YOR83_0178
TORONTO_YOR83_STU00661,TORONTO_YOR83_0089
TORONTO_YOR83_STU00661,TORONTO_YOR83_0101
TORONTO_YOR83_STU00661,TORONTO_YOR83_0102
TORONTO_YOR83_STU00661,TORONTO_YOR83_0146
TORONTO_YOR83_STU00661,TORONTO_YOR83_0148
TORONTO_YOR83_STU00661,TORONTO_YOR83_0151
TORONTO_YOR83_STU00662,TORONTO_YOR83_0011
TORONTO_YOR83_STU00662,TORONTO_YOR83_0034
TORONTO_YOR83_STU00662,TORONTO_YOR83_0069
TORONTO_YOR83_STU00662,TORONTO_YOR83_0082
TORONTO_YOR83_STU00662,TORONTO_YOR83_0115
TORONTO_YOR83_STU00662,TORONTO_YOR83_0122
TORONTO_YOR83_STU00662,TORONTO_YOR83_0134
TORONTO_YOR83_STU00662,TORONTO_YOR83_0144
TORONTO_YOR83_STU00663,TORONTO_YOR83_0003
TORONTO_YOR83_STU00663,TORONTO_YOR83_0101
TORONTO_YOR83_STU00663,TORONTO_YOR83_0102
TORONTO_YOR83_STU00663,TORONTO_YOR83_0146
TORONTO_YOR83_STU00663,TORONTO_YOR83_0179
TORONTO_YOR83_STU00664,TORONTO_YOR83_0073
TORONTO_YOR83_STU00664,TORONTO_YOR83_0088
TORONTO_YOR83_STU00664,TORONTO_YOR83_0089
TORONTO_YOR83_STU00664,TORONTO_YOR83_0164
TORONTO_YOR83_STU00665,TORONTO_YOR83_0040
TORONTO_YOR83_STU00665,TORONTO_YOR83_0100
TORONTO_YOR83_STU00665,TORONTO_YOR83_0142
TORONTO_YOR83_STU00665,TORONTO_YOR83_0145
TORONTO_YOR83_STU00666,TORONTO_YOR83_0011
TORONTO_YOR83_STU00666,TORONTO_YOR83_0037
TORONTO_YOR83_STU00666,TORONTO_YOR83_0043
TORONTO_YOR83_STU00666,TORONTO_YOR83_0069
TORONTO_YOR83_STU00666,TORONTO_YOR83_0076
TORONTO_YOR83_STU00666,TORONTO_YOR83_0113
TORONTO_YOR83_STU00666,TORONTO_YOR83_0159
TORONTO_YOR83_STU00666,TORONTO_YOR83_0178
TORONTO_YOR83_STU00667,TORONTO_YOR83_0008
TORONTO_YOR83_STU00667,TORONTO_YOR83_0020
TORONTO_YOR83_STU00667,TORONTO_YOR83_0037
TORONTO_YOR83_STU00667,TORONTO_YOR83_0043
TORONTO_YOR83_STU00667,TORONTO_YOR83_0123
TORONTO_YOR83_STU00667,TORONTO_YOR83_0141
TORONTO_YOR83_STU00668,TORONTO_YOR83_0040
TORONTO_YOR83_STU00668,TORONTO_YOR83_0045
TORONTO_YOR83_STU00668,TORONTO_YOR83_0047
TORONTO_YOR83_STU00668,TORONTO_YOR83_0075
TORONTO_YOR83_STU00668,TORONTO_YOR83_0164
TORONTO_YOR83_STU00668,TORONTO_YOR83_0180
TORONTO_YOR83_STU00669,TORONTO_YOR83_0004
TORONTO_YOR83_STU00669,TORONTO_YOR83_0010
TORONTO_YOR83_STU00669,TORONTO_YOR83_0040
TORONTO_YOR83_STU00669,TORONTO_YOR83_0099
TORONTO_YOR83_STU00669,TORONTO_YOR83_0100
TORONTO_YOR83_STU00669,TORONTO_YOR83_0102
TORONTO_YOR83_STU00670,TORONTO_YOR83_0003
TORONTO_YOR83_STU00670,TORONTO_YOR83_0039
TORONTO_YOR83_STU00670,TORONTO_YOR83_0089
TORONTO_YOR83_STU00670,TORONTO_YOR83_0103
TORONTO_YOR83_STU00670,TORONTO_YOR83_0118
TORONTO_YOR83_STU00670,TORONTO_YOR83_0148
TORONTO_YOR83_STU00670,TORONTO_YOR83_0158
TORONTO_YOR83_STU00671,TORONTO_YOR83_0102
TORONTO_YOR83_STU00671,TORONTO_YOR83_0157
TORONTO_YOR83_STU00672,TORONTO_YOR83_0043
TORONTO_YOR83_STU00672,TORONTO_YOR83_0101
TORONTO_YOR83_STU00672,TORONTO_YOR83_0151
TORONTO_YOR83_STU00673,TORONTO_YOR83_0018
TORONTO_YOR83_STU00673,TORONTO_YOR83_0033
TORONTO_YOR83_STU00673,TORONTO_YOR83_0062
TORONTO_YOR83_STU00673,TORONTO_YOR83_0083
TORONTO_YOR83_STU00673,TORONTO_YOR83_0113
TORONTO_YOR83_STU00673,TORONTO_YOR83_0137
TORONTO_YOR83_STU00673,TORONTO_YOR83_0144
TORONTO_YOR83_STU00673,TORONTO_YOR83_0175
TORONTO_YOR83_STU00674,TORONTO_YOR83_0013
TORONTO_YOR83_STU00674,TORONTO_YOR83_0034
TORONTO_YOR83_STU00674,TORONTO_YOR83_0076
TORONTO_YOR83_STU00674,TORONTO_YOR83_0082
TORONTO_YOR83_STU00674,TORONTO_YOR83_0113
TORONTO_YOR83_STU00674,TORONTO_YOR83_0134
TORONTO_YOR83_STU00674,TORONTO_YOR83_0154
TORONTO_YOR83_STU00674,TORONTO_YOR83_0162
TORONTO_YOR83_STU00675,TORONTO_YOR83_0003
TORONTO_YOR83_STU00675,TORONTO_YOR83_0005
TORONTO_YOR83_STU00675,TORONTO_YOR83_0037
TORONTO_YOR83_STU00675,TORONTO_YOR83_0085
TORONTO_YOR83_STU00675,TORONTO_YOR83_0103
TORONTO_YOR83_STU00675,TORONTO_YOR83_0118
TORONTO_YOR83_STU00675,TORONTO_YOR83_0140
TORONTO_YOR83_STU00676,TORONTO_YOR83_0003
TORONTO_YOR83_STU00676,TORONTO_YOR83_0010
TORONTO_YOR83_STU00676,TORONTO_YOR83_0020
TORONTO_YOR83_STU00676,TORONTO_YOR83_0037
TORONTO_YOR83_STU00676,TORONTO_YOR83_0103
TORONTO_YOR83_STU00676,TORONTO_YOR83_0118
TORONTO_YOR83_STU00676,TORONTO_YOR83_0138
TORONTO_YOR83_STU00677,TORONTO_YOR83_0040
TORONTO_YOR83_STU00677,TORONTO_YOR83_0099
TORONTO_YOR83_STU00677,TORONTO_YOR83_0100
TORONTO_YOR83_STU00677,TORONTO_YOR83_0151
TORONTO_YOR83_STU00677,TORONTO_YOR83_0157
TORONTO_YOR83_STU00677,TORONTO_YOR83_0180
TORONTO_YOR83_STU00678,TORONTO_YOR83_0001
TORONTO_YOR83_STU00678,TORONTO_YOR83_0034
TORONTO_YOR83_STU00678,TORONTO_YOR83_0051
TORONTO_YOR83_STU00678,TORONTO_YOR83_0156
TORONTO_YOR83_STU00678,TORONTO_YOR83_0175
TORONTO_YOR83_STU00678,TORONTO_YOR83_0178
TORONTO_YOR83_STU00679,TORONTO_YOR83_0047
TORONTO_YOR83_STU00679,TORONTO_YOR83_0090
TORONTO_YOR83_STU00679,TORONTO_YOR83_0099
TORONTO_YOR83_STU00679,TORONTO_YOR83_0100
TORONTO_YOR83_STU00679,TORONTO_YOR83_0145
TORONTO_YOR83_STU00679,TORONTO_YOR83_0150
TORONTO_YOR83_STU00679,TORONTO_YOR83_0158
TORONTO_YOR83_STU00680,TORONTO_YOR83_0002
TORONTO_YOR83_STU00680,TORONTO_YOR83_0033
TORONTO_YOR83_STU00680,TORONTO_YOR83_0062
TORONTO_YOR83_STU00680,TORONTO_YOR83_0084
TORONTO_YOR83_STU00680,TORONTO_YOR83_0095
TORONTO_YOR83_STU00680,TORONTO_YOR83_0114
TORONTO_YOR83_STU00680,TORONTO_YOR83_0122
TORONTO_YOR83_STU00680,TORONTO_YOR83_0156
TORONTO_YOR83_STU00681,TORONTO_YOR83_0033
TORONTO_YOR83_STU00681,TORONTO_YOR83_0063
TORONTO_YOR83_STU00681,TORONTO_YOR83_0083
TORONTO_YOR83_STU00681,TORONTO_YOR83_0114
TORONTO_YOR83_STU00681,TORONTO_YOR83_0119
TORONTO_YOR83_STU00681,TORONTO_YOR83_0125
TORONTO_YOR83_STU00681,TORONTO_YOR83_0137
TORONTO_YOR83_STU00681,TORONTO_YOR83_0155
TORONTO_YOR83_STU00682,TORONTO_YOR83_0037
TORONTO_YOR83_STU00682,TORONTO_YOR83_0066
TORONTO_YOR83_STU00682,TORONTO_YOR83_0103
TORONTO_YOR83_STU00682,TORONTO_YOR83_0118
TORONTO_YOR83_STU00682,TORONTO_YOR83_0141
TORONTO_YOR83_STU00682,TORONTO_YOR83_0148
TORONTO_YOR83_STU00682,TORONTO_YOR83_0171
TORONTO_YOR83_STU00682,TORONTO_YOR83_0177
TORONTO_YOR83_STU00683,TORONTO_YOR83_0035
TORONTO_YOR83_STU00683,TORONTO_YOR83_0050
TORONTO_YOR83_STU00683,TORONTO_YOR83_0051
TORONTO_YOR83_STU00683,TORONTO_YOR83_0057
TORONTO_YOR83_STU00683,TORONTO_YOR83_0129
TORONTO_YOR83_STU00684,TORONTO_YOR83_0012
TORONTO_YOR83_STU00684,TORONTO_YOR83_0033
TORONTO_YOR83_STU00684,TORONTO_YOR83_0063
TORONTO_YOR83_STU00684,TORONTO_YOR83_0115
TORONTO_YOR83_STU00684,TORONTO_YOR83_0125
TORONTO_YOR83_STU00684,TORONTO_YOR83_0137
TORONTO_YOR83_STU00684,TORONTO_YOR83_0155
TORONTO_YOR83_STU00684,TORONTO_YOR83_0169
TORONTO_YOR83_STU00685,TORONTO_YOR83_0013
TORONTO_YOR83_STU00685,TORONTO_YOR83_0076
TORONTO_YOR83_STU00686,TORONTO_YOR83_0032
TORONTO_YOR83_STU00686,TORONTO_YOR83_0112
TORONTO_YOR83_STU00686,TORONTO_YOR83_0117
TORONTO_YOR83_STU00686,TORONTO_YOR83_0161
TORONTO_YOR83_STU00686,TORONTO_YOR83_0168
TORONTO_YOR83_STU00686,TORONTO_YOR83_0172
TORONTO_YOR83_STU00687,TORONTO_YOR83_0043
TORONTO_YOR83_STU00687,TORONTO_YOR83_0088
TORONTO_YOR83_STU00687,TORONTO_YOR83_0099
TORONTO_YOR83_STU00687,TORONTO_YOR83_0100
TORONTO_YOR83_STU00687,TORONTO_YOR83_0150
TORONTO_YOR83_STU00687,TORONTO_YOR83_0158
TORONTO_YOR83_STU00688,TORONTO_YOR83_0011
TORONTO_YOR83_STU00688,TORONTO_YOR83_0033
TORONTO_YOR83_STU00688,TORONTO_YOR83_0050
TORONTO_YOR83_STU00688,TORONTO_YOR83_0069
TORONTO_YOR83_STU00688,TORONTO_YOR83_0082
TORONTO_YOR83_STU00688,TORONTO_YOR83_0115
TORONTO_YOR83_STU00688,TORONTO_YOR83_0122
TORONTO_YOR83_STU00688,TORONTO_YOR83_0156
TORONTO_YOR83_STU00689,TORONTO_YOR83_0033
TORONTO_YOR83_STU00689,TORONTO_YOR83_0082
TORONTO_YOR83_STU00689,TORONTO_YOR83_0105
TORONTO_YOR83_STU00689,TORONTO_YOR83_0115
TORONTO_YOR83_STU00689,TORONTO_YOR83_0122
TORONTO_YOR83_STU00689,TORONTO_YOR83_0137
TORONTO_YOR83_STU00689,TORONTO_YOR83_0144
TORONTO_YOR83_STU00689,TORONTO_YOR83_0155
TORONTO_YOR83_STU00690,TORONTO_YOR83_0034
TORONTO_YOR83_STU00690,TORONTO_YOR83_0064
TORONTO_YOR83_STU00690,TORONTO_YOR83_0084
TORONTO_YOR83_STU00690,TORONTO_YOR83_0114
TORONTO_YOR83_STU00690,TORONTO_YOR83_0119
TORONTO_YOR83_STU00690,TORONTO_YOR83_0122
TORONTO_YOR83_STU00690,TORONTO_YOR83_0136
TORONTO_YOR83_STU00690,TORONTO_YOR83_0155
TORONTO_YOR83_STU00691,TORONTO_YOR83_0014
TORONTO_YOR83_STU00691,TORONTO_YOR83_0033
TORONTO_YOR83_STU00691,TORONTO_YOR83_0082
TORONTO_YOR83_STU00691,TORONTO_YOR83_0086
TORONTO_YOR83_STU00691,TORONTO_YOR83_0114
TORONTO_YOR83_STU00691,TORONTO_YOR83_0129
TORONTO_YOR83_STU00691,TORONTO_YOR83_0144
TORONTO_YOR83_STU00691,TORONTO_YOR83_0155
TORONTO_YOR83_STU00692,TORONTO_YOR83_0051
TORONTO_YOR83_STU00692,TORONTO_YOR83_0112
TORONTO_YOR83_STU00692,TORONTO_YOR83_0163
TORONTO_YOR83_STU00692,TORONTO_YOR83_0179
TORONTO_YOR83_STU00693,TORONTO_YOR83_0019
TORONTO_YOR83_STU00693,TORONTO_YOR83_0040
TORONTO_YOR83_STU00693,TORONTO_YOR83_0102
TORONTO_YOR83_STU00694,TORONTO_YOR83_0040
TORONTO_YOR83_STU00694,TORONTO_YOR83_0074
TORONTO_YOR83_STU00694,TORONTO_YOR83_0100
TORONTO_YOR83_STU00695,TORONTO_YOR83_0100
TORONTO_YOR83_STU00695,TORONTO_YOR83_0102
TORONTO_YOR83_STU00695,TORONTO_YOR83_0150
TORONTO_YOR83_STU00695,TORONTO_YOR83_0157
TORONTO_YOR83_STU00696,TORONTO_YOR83_0003
TORONTO_YOR83_STU00696,TORONTO_YOR83_0074
TORONTO_YOR83_STU00696,TORONTO_YOR83_0100
TORONTO_YOR83_STU00697,TORONTO_YOR83_0019
TORONTO_YOR83_STU00697,TORONTO_YOR83_0040
TORONTO_YOR83_STU00697,TORONTO_YOR83_0068
TORONTO_YOR83_STU00698,TORONTO_YOR83_0040
TORONTO_YOR83_STU00698,TORONTO_YOR83_0100
TORONTO_YOR83_STU00698,TORONTO_YOR83_0150
TORONTO_YOR83_STU00699,TORONTO_YOR83_0013
TORONTO_YOR83_STU00699,TORONTO_YOR83_0037
TORONTO_YOR83_STU00699,TORONTO_YOR83_0055
TORONTO_YOR83_STU00700,TORONTO_YOR83_0002
TORONTO_YOR83_STU00700,TORONTO_YOR83_0008
TORONTO_YOR83_STU00700,TORONTO_YOR83_0037
TORONTO_YOR83_STU00700,TORONTO_YOR83_0118
TORONTO_YOR83_STU00700,TORONTO_YOR83_0139
TORONTO_YOR83_STU00700,TORONTO_YOR83_0149
TORONTO_YOR83_STU00701,TORONTO_YOR83_0040
TORONTO_YOR83_STU00701,TORONTO_YOR83_0045
TORONTO_YOR83_STU00701,TORONTO_YOR83_0068
TORONTO_YOR83_STU00701,TORONTO_YOR83_0075
TORONTO_YOR83_STU00701,TORONTO_YOR83_0089
TORONTO_YOR83_STU00701,TORONTO_YOR83_0090
TORONTO_YOR83_STU00702,TORONTO_YOR83_0040
TORONTO_YOR83_STU00702,TORONTO_YOR83_0101
TORONTO_YOR83_STU00702,TORONTO_YOR83_0102
TORONTO_YOR83_STU00702,TORONTO_YOR83_0146
TORONTO_YOR83_STU00702,TORONTO_YOR83_0150
TORONTO_YOR83_STU00702,TORONTO_YOR83_0158
TORONTO_YOR83_STU00703,TORONTO_YOR83_0019
TORONTO_YOR83_STU00703,TORONTO_YOR83_0043
TORONTO_YOR83_STU00703,TORONTO_YOR83_0057
TORONTO_YOR83_STU00703,TORONTO_YOR83_0089
TORONTO_YOR83_STU00703,TORONTO_YOR83_0090
TORONTO_YOR83_STU00703,TORONTO_YOR83_0142
TORONTO_YOR83_STU00704,TORONTO_YOR83_0004
TORONTO_YOR83_STU00704,TORONTO_YOR83_0040
TORONTO_YOR83_STU00704,TORONTO_YOR83_0045
TORONTO_YOR83_STU00704,TORONTO_YOR83_0075
TORONTO_YOR83_STU00704,TORONTO_YOR83_0088
TORONTO_YOR83_STU00704,TORONTO_YOR83_0164
TORONTO_YOR83_STU00705,TORONTO_YOR83_0043
TORONTO_YOR83_STU00705,TORONTO_YOR83_0088
TORONTO_YOR83_STU00705,TORONTO_YOR83_0102
TORONTO_YOR83_STU00705,TORONTO_YOR83_0145
TORONTO_YOR83_STU00705,TORONTO_YOR83_0158
TORONTO_YOR83_STU00705,TORONTO_YOR83_0180
TORONTO_YOR83_STU00706,TORONTO_YOR83_0043
TORONTO_YOR83_STU00706,TORONTO_YOR83_0073
TORONTO_YOR83_STU00706,TORONTO_YOR83_0090
TORONTO_YOR83_STU00706,TORONTO_YOR83_0102
TORONTO_YOR83_STU00706,TORONTO_YOR83_0179
TORONTO_YOR83_STU00706,TORONTO_YOR83_0181
TORONTO_YOR83_STU00707,TORONTO_YOR83_0010
TORONTO_YOR83_STU00707,TORONTO_YOR83_0043
TORONTO_YOR83_STU00707,TORONTO_YOR83_0053
TORONTO_YOR83_STU00707,TORONTO_YOR83_0068
TORONTO_YOR83_STU00707,TORONTO_YOR83_0074
TORONTO_YOR83_STU00707,TORONTO_YOR83_0145
TORONTO_YOR83_STU00708,TORONTO_YOR83_0003
TORONTO_YOR83_STU00708,TORONTO_YOR83_0041
TORONTO_YOR83_STU00708,TORONTO_YOR83_0118
TORONTO_YOR83_STU00709,TORONTO_YOR83_0003
TORONTO_YOR83_STU00709,TORONTO_YOR83_0100
TORONTO_YOR83_STU00709,TORONTO_YOR83_0157
TORONTO_YOR83_STU00710,TORONTO_YOR83_0040
TORONTO_YOR83_STU00710,TORONTO_YOR83_0098
TORONTO_YOR83_STU00710,TORONTO_YOR83_0100
TORONTO_YOR83_STU00710,TORONTO_YOR83_0102
TORONTO_YOR83_STU00711,TORONTO_YOR83_0040
TORONTO_YOR83_STU00711,TORONTO_YOR83_0101
TORONTO_YOR83_STU00711,TORONTO_YOR83_0102
TORONTO_YOR83_STU00711,TORONTO_YOR83_0150
TORONTO_YOR83_STU00711,TORONTO_YOR83_0158
TORONTO_YOR83_STU00711,TORONTO_YOR83_0181
TORONTO_YOR83_STU00712,TORONTO_YOR83_0004
TORONTO_YOR83_STU00712,TORONTO_YOR83_0010
TORONTO_YOR83_STU00712,TORONTO_YOR83_0040
TORONTO_YOR83_STU00712,TORONTO_YOR83_0102
TORONTO_YOR83_STU00712,TORONTO_YOR83_0179
TORONTO_YOR83_STU00713,TORONTO_YOR83_0052
TORONTO_YOR83_STU00713,TORONTO_YOR83_0100
TORONTO_YOR83_STU00713,TORONTO_YOR83_0102
TORONTO_YOR83_STU00714,TORONTO_YOR83_0009
TORONTO_YOR83_STU00714,TORONTO_YOR83_0019
TORONTO_YOR83_STU00714,TORONTO_YOR83_0041
TORONTO_YOR83_STU00714,TORONTO_YOR83_0061
TORONTO_YOR83_STU00715,TORONTO_YOR83_0100
TORONTO_YOR83_STU00715,TORONTO_YOR83_0157
TORONTO_YOR83_STU00716,TORONTO_YOR83_0009
TORONTO_YOR83_STU00716,TORONTO_YOR83_0020
TORONTO_YOR83_STU00716,TORONTO_YOR83_0043
TORONTO_YOR83_STU00716,TORONTO_YOR83_0100
TORONTO_YOR83_STU00716,TORONTO_YOR83_0102
TORONTO_YOR83_STU00717,TORONTO_YOR83_0100
TORONTO_YOR83_STU00717,TORONTO_YOR83_0102
TORONTO_YOR83_STU00717,TORONTO_YOR83_0148
TORONTO_YOR83_STU00717,TORONTO_YOR83_0151
TORONTO_YOR83_STU00717,TORONTO_YOR83_0158
TORONTO_YOR83_STU00718,TORONTO_YOR83_0065
TORONTO_YOR83_STU00718,TORONTO_YOR83_0074
TORONTO_YOR83_STU00718,TORONTO_YOR83_0100
TORONTO_YOR83_STU00719,TORONTO_YOR83_0040
TORONTO_YOR83_STU00719,TORONTO_YOR83_0073
TORONTO_YOR83_STU00719,TORONTO_YOR83_0145
TORONTO_YOR83_STU00720,TORONTO_YOR83_0040
TORONTO_YOR83_STU00720,TORONTO_YOR83_0061
TORONTO_YOR83_STU00720,TORONTO_YOR83_0068
TORONTO_YOR83_STU00720,TORONTO_YOR83_0145
TORONTO_YOR83_STU00721,TORONTO_YOR83_0033
TORONTO_YOR83_STU00721,TORONTO_YOR83_0069
TORONTO_YOR83_STU00721,TORONTO_YOR83_0082
TORONTO_YOR83_STU00721,TORONTO_YOR83_0114
TORONTO_YOR83_STU00721,TORONTO_YOR83_0128
TORONTO_YOR83_STU00721,TORONTO_YOR83_0134
TORONTO_YOR83_STU00721,TORONTO_YOR83_0144
TORONTO_YOR83_STU00721,TORONTO_YOR83_0162
TORONTO_YOR83_STU00722,TORONTO_YOR83_0011
TORONTO_YOR83_STU00722,TORONTO_YOR83_0104
TORONTO_YOR83_STU00722,TORONTO_YOR83_0116
TORONTO_YOR83_STU00722,TORONTO_YOR83_0138
TORONTO_YOR83_STU00723,TORONTO_YOR83_0003
TORONTO_YOR83_STU00723,TORONTO_YOR83_0038
TORONTO_YOR83_STU00723,TORONTO_YOR83_0043
TORONTO_YOR83_STU00723,TORONTO_YOR83_0053
TORONTO_YOR83_STU00723,TORONTO_YOR83_0075
TORONTO_YOR83_STU00723,TORONTO_YOR83_0118
TORONTO_YOR83_STU00724,TORONTO_YOR83_0040
TORONTO_YOR83_STU00724,TORONTO_YOR83_0066
TORONTO_YOR83_STU00724,TORONTO_YOR83_0101
TORONTO_YOR83_STU00724,TORONTO_YOR83_0102
TORONTO_YOR83_STU00724,TORONTO_YOR83_0146
TORONTO_YOR83_STU00724,TORONTO_YOR83_0150
TORONTO_YOR83_STU00725,TORONTO_YOR83_0055
TORONTO_YOR83_STU00725,TORONTO_YOR83_0091
TORONTO_YOR83_STU00726,TORONTO_YOR83_0040
TORONTO_YOR83_STU00726,TORONTO_YOR83_0047
TORONTO_YOR83_STU00726,TORONTO_YOR83_0074
TORONTO_YOR83_STU00726,TORONTO_YOR83_0102
TORONTO_YOR83_STU00727,TORONTO_YOR83_0040
TORONTO_YOR83_STU00727,TORONTO_YOR83_0044
TORONTO_YOR83_STU00727,TORONTO_YOR83_0053
TORONTO_YOR83_STU00727,TORONTO_YOR83_0102
TORONTO_YOR83_STU00727,TORONTO_YOR83_0146
TORONTO_YOR83_STU00727,TORONTO_YOR83_0150
TORONTO_YOR83_STU00728,TORONTO_YOR83_0040
TORONTO_YOR83_STU00728,TORONTO_YOR83_0100
TORONTO_YOR83_STU00728,TORONTO_YOR83_0102
TORONTO_YOR83_STU00728,TORONTO_YOR83_0124
TORONTO_YOR83_STU00729,TORONTO_YOR83_0003
TORONTO_YOR83_STU00729,TORONTO_YOR83_0043
TORONTO_YOR83_STU00729,TORONTO_YOR83_0099
TORONTO_YOR83_STU00729,TORONTO_YOR83_0100
TORONTO_YOR83_STU00729,TORONTO_YOR83_0102
TORONTO_YOR83_STU00729,TORONTO_YOR83_0105
TORONTO_YOR83_STU00729,TORONTO_YOR83_0142
TORONTO_YOR83_STU00730,TORONTO_YOR83_0010
TORONTO_YOR83_STU00730,TORONTO_YOR83_0040
TORONTO_YOR83_STU00730,TORONTO_YOR83_0061
TORONTO_YOR83_STU00730,TORONTO_YOR83_0066
TORONTO_YOR83_STU00730,TORONTO_YOR83_0103
TORONTO_YOR83_STU00730,TORONTO_YOR83_0118
TORONTO_YOR83_STU00730,TORONTO_YOR83_0145
TORONTO_YOR83_STU00731,TORONTO_YOR83_0033
TORONTO_YOR83_STU00731,TORONTO_YOR83_0078
TORONTO_YOR83_STU00731,TORONTO_YOR83_0082
TORONTO_YOR83_STU00731,TORONTO_YOR83_0094
TORONTO_YOR83_STU00731,TORONTO_YOR83_0114
TORONTO_YOR83_STU00731,TORONTO_YOR83_0136
TORONTO_YOR83_STU00731,TORONTO_YOR83_0144
TORONTO_YOR83_STU00731,TORONTO_YOR83_0174
TORONTO_YOR83_STU00732,TORONTO_YOR83_0004
TORONTO_YOR83_STU00732,TORONTO_YOR83_0040
TORONTO_YOR83_STU00732,TORONTO_YOR83_0099
TORONTO_YOR83_STU00732,TORONTO_YOR83_0100
TORONTO_YOR83_STU00732,TORONTO_YOR83_0102
TORONTO_YOR83_STU00732,TORONTO_YOR83_0158
TORONTO_YOR83_STU00733,TORONTO_YOR83_0013
TORONTO_YOR83_STU00733,TORONTO_YOR83_0035
TORONTO_YOR83_STU00733,TORONTO_YOR83_0051
TORONTO_YOR83_STU00733,TORONTO_YOR83_0054
TORONTO_YOR83_STU00734,TORONTO_YOR83_0003
TORONTO_YOR83_STU00734,TORONTO_YOR83_0040
TORONTO_YOR83_STU00734,TORONTO_YOR83_0045
TORONTO_YOR83_STU00734,TORONTO_YOR83_0075
TORONTO_YOR83_STU00734,TORONTO_YOR83_0097
TORONTO_YOR83_STU00734,TORONTO_YOR83_0165
TORONTO_YOR83_STU00735,TORONTO_YOR83_0040
TORONTO_YOR83_STU00735,TORONTO_YOR83_0044
TORONTO_YOR83_STU00735,TORONTO_YOR83_0053
TORONTO_YOR83_STU00735,TORONTO_YOR83_0068
TORONTO_YOR83_STU00735,TORONTO_YOR83_0129
TORONTO_YOR83_STU00735,TORONTO_YOR83_0142
TORONTO_YOR83_STU00735,TORONTO_YOR83_0165
TORONTO_YOR83_STU00736,TORONTO_YOR83_0011
TORONTO_YOR83_STU00736,TORONTO_YOR83_0037
TORONTO_YOR83_STU00736,TORONTO_YOR83_0068
TORONTO_YOR83_STU00736,TORONTO_YOR83_0069
TORONTO_YOR83_STU00736,TORONTO_YOR83_0114
TORONTO_YOR83_STU00736,TORONTO_YOR83_0119
TORONTO_YOR83_STU00736,TORONTO_YOR83_0141
TORONTO_YOR83_STU00736,TORONTO_YOR83_0149
TORONTO_YOR83_STU00737,TORONTO_YOR83_0040
TORONTO_YOR83_STU00737,TORONTO_YOR83_0048
TORONTO_YOR83_STU00737,TORONTO_YOR83_0073
TORONTO_YOR83_STU00737,TORONTO_YOR83_0103
TORONTO_YOR83_STU00737,TORONTO_YOR83_0146
TORONTO_YOR83_STU00737,TORONTO_YOR83_0150
TORONTO_YOR83_STU00738,TORONTO_YOR83_0037
TORONTO_YOR83_STU00738,TORONTO_YOR83_0102
TORONTO_YOR83_STU00739,TORONTO_YOR83_0011
TORONTO_YOR83_STU00739,TORONTO_YOR83_0032
TORONTO_YOR83_STU00739,TORONTO_YOR83_0050
TORONTO_YOR83_STU00739,TORONTO_YOR83_0070
TORONTO_YOR83_STU00739,TORONTO_YOR83_0112
TORONTO_YOR83_STU00739,TORONTO_YOR83_0134
TORONTO_YOR83_STU00739,TORONTO_YOR83_0162
TORONTO_YOR83_STU00739,TORONTO_YOR83_0175
TORONTO_YOR83_STU00740,TORONTO_YOR83_0011
TORONTO_YOR83_STU00740,TORONTO_YOR83_0032
TORONTO_YOR83_STU00740,TORONTO_YOR83_0050
TORONTO_YOR83_STU00740,TORONTO_YOR83_0070
TORONTO_YOR83_STU00740,TORONTO_YOR83_0112
TORONTO_YOR83_STU00740,TORONTO_YOR83_0134
TORONTO_YOR83_STU00740,TORONTO_YOR83_0162
TORONTO_YOR83_STU00740,TORONTO_YOR83_0175
TORONTO_YOR83_STU00741,TORONTO_YOR83_0040
TORONTO_YOR83_STU00741,TORONTO_YOR83_0068
TORONTO_YOR83_STU00741,TORONTO_YOR83_0102
TORONTO_YOR83_STU00741,TORONTO_YOR83_0179
TORONTO_YOR83_STU00742,TORONTO_YOR83_0002
TORONTO_YOR83_STU00742,TORONTO_YOR83_0033
TORONTO_YOR83_STU00742,TORONTO_YOR83_0050
TORONTO_YOR83_STU00742,TORONTO_YOR83_0082
TORONTO_YOR83_STU00742,TORONTO_YOR83_0092
TORONTO_YOR83_STU00742,TORONTO_YOR83_0115
TORONTO_YOR83_STU00742,TORONTO_YOR83_0129
TORONTO_YOR83_STU00742,TORONTO_YOR83_0161
TORONTO_YOR83_STU00743,TORONTO_YOR83_0033
TORONTO_YOR83_STU00743,TORONTO_YOR83_0069
TORONTO_YOR83_STU00743,TORONTO_YOR83_0082
TORONTO_YOR83_STU00743,TORONTO_YOR83_0122
TORONTO_YOR83_STU00743,TORONTO_YOR83_0125
TORONTO_YOR83_STU00743,TORONTO_YOR83_0156
TORONTO_YOR83_STU00743,TORONTO_YOR83_0176
TORONTO_YOR83_STU00744,TORONTO_YOR83_0042
TORONTO_YOR83_STU00744,TORONTO_YOR83_0068
TORONTO_YOR83_STU00744,TORONTO_YOR83_0075
TORONTO_YOR83_STU00744,TORONTO_YOR83_0088
TORONTO_YOR83_STU00744,TORONTO_YOR83_0101
TORONTO_YOR83_STU00744,TORONTO_YOR83_0145
TORONTO_YOR83_STU00744,TORONTO_YOR83_0151
TORONTO_YOR83_STU00745,TORONTO_YOR83_0016
TORONTO_YOR83_STU00745,TORONTO_YOR83_0017
TORONTO_YOR83_STU00745,TORONTO_YOR83_0035
TORONTO_YOR83_STU00745,TORONTO_YOR83_0163
TORONTO_YOR83_STU00745,TORONTO_YOR83_0177
TORONTO_YOR83_STU00745,TORONTO_YOR83_0181
TORONTO_YOR83_STU00746,TORONTO_YOR83_0012
TORONTO_YOR83_STU00746,TORONTO_YOR83_0016
TORONTO_YOR83_STU00746,TORONTO_YOR83_0034
TORONTO_YOR83_STU00746,TORONTO_YOR83_0078
TORONTO_YOR83_STU00746,TORONTO_YOR83_0112
TORONTO_YOR83_STU00746,TORONTO_YOR83_0168
TORONTO_YOR83_STU00746,TORONTO_YOR83_0169
TORONTO_YOR83_STU00746,TORONTO_YOR83_0176
TORONTO_YOR83_STU00747,TORONTO_YOR83_0040
TORONTO_YOR83_STU00747,TORONTO_YOR83_0048
TORONTO_YOR83_STU00747,TORONTO_YOR83_0068
TORONTO_YOR83_STU00747,TORONTO_YOR83_0089
TORONTO_YOR83_STU00747,TORONTO_YOR83_0118
TORONTO_YOR83_STU00747,TORONTO_YOR83_0146
TORONTO_YOR83_STU00747,TORONTO_YOR83_0180
TORONTO_YOR83_STU00748,TORONTO_YOR83_0003
TORONTO_YOR83_STU00748,TORONTO_YOR83_0098
TORONTO_YOR83_STU00748,TORONTO_YOR83_0150
TORONTO_YOR83_STU00748,TORONTO_YOR83_0157
TORONTO_YOR83_STU00749,TORONTO_YOR83_0037
TORONTO_YOR83_STU00749,TORONTO_YOR83_0063
TORONTO_YOR83_STU00749,TORONTO_YOR83_0109
TORONTO_YOR83_STU00749,TORONTO_YOR83_0115
TORONTO_YOR83_STU00749,TORONTO_YOR83_0144
TORONTO_YOR83_STU00749,TORONTO_YOR83_0153
TORONTO_YOR83_STU00749,TORONTO_YOR83_0177
TORONTO_YOR83_STU00749,TORONTO_YOR83_0180
TORONTO_YOR83_STU00750,TORONTO_YOR83_0013
TORONTO_YOR83_STU00750,TORONTO_YOR83_0035
TORONTO_YOR83_STU00750,TORONTO_YOR83_0177
TORONTO_YOR83_STU00751,TORONTO_YOR83_0010
TORONTO_YOR83_STU00751,TORONTO_YOR83_0040
TORONTO_YOR83_STU00751,TORONTO_YOR83_0073
TORONTO_YOR83_STU00751,TORONTO_YOR83_0099
TORONTO_YOR83_STU00751,TORONTO_YOR83_0100
TORONTO_YOR83_STU00751,TORONTO_YOR83_0101
TORONTO_YOR83_STU00752,TORONTO_YOR83_0044
TORONTO_YOR83_STU00752,TORONTO_YOR83_0114
TORONTO_YOR83_STU00752,TORONTO_YOR83_0119
TORONTO_YOR83_STU00752,TORONTO_YOR83_0150
TORONTO_YOR83_STU00752,TORONTO_YOR83_0158
TORONTO_YOR83_STU00752,TORONTO_YOR83_0181
TORONTO_YOR83_STU00753,TORONTO_YOR83_0037
TORONTO_YOR83_STU00753,TORONTO_YOR83_0087
TORONTO_YOR83_STU00753,TORONTO_YOR83_0103
TORONTO_YOR83_STU00753,TORONTO_YOR83_0106
TORONTO_YOR83_STU00753,TORONTO_YOR83_0118
TORONTO_YOR83_STU00753,TORONTO_YOR83_0149
TORONTO_YOR83_STU00754,TORONTO_YOR83_0098
TORONTO_YOR83_STU00754,TORONTO_YOR83_0100
TORONTO_YOR83_STU00754,TORONTO_YOR83_0150
TORONTO_YOR83_STU00755,TORONTO_YOR83_0008
TORONTO_YOR83_STU00755,TORONTO_YOR83_0013
TORONTO_YOR83_STU00755,TORONTO_YOR83_0035
TORONTO_YOR83_STU00755,TORONTO_YOR83_0117
TORONTO_YOR83_STU00755,TORONTO_YOR83_0128
TORONTO_YOR83_STU00755,TORONTO_YOR83_0139
TORONTO_YOR83_STU00755,TORONTO_YOR83_0171
TORONTO_YOR83_STU00756,TORONTO_YOR83_0003
TORONTO_YOR83_STU00756,TORONTO_YOR83_0075
TORONTO_YOR83_STU00756,TORONTO_YOR83_0101
TORONTO_YOR83_STU00756,TORONTO_YOR83_0102
TORONTO_YOR83_STU00757,TORONTO_YOR83_0018
TORONTO_YOR83_STU00757,TORONTO_YOR83_0035
TORONTO_YOR83_STU00757,TORONTO_YOR83_0116
TORONTO_YOR83_STU00757,TORONTO_YOR83_0155
TORONTO_YOR83_STU00758,TORONTO_YOR83_0020
TORONTO_YOR83_STU00758,TORONTO_YOR83_0040
TORONTO_YOR83_STU00758,TORONTO_YOR83_0045
TORONTO_YOR83_STU00758,TORONTO_YOR83_0052
TORONTO_YOR83_STU00758,TORONTO_YOR83_0082
TORONTO_YOR83_STU00758,TORONTO_YOR83_0086
TORONTO_YOR83_STU00759,TORONTO_YOR83_0041
TORONTO_YOR83_STU00759,TORONTO_YOR83_0052
TORONTO_YOR83_STU00759,TORONTO_YOR83_0068
TORONTO_YOR83_STU00759,TORONTO_YOR83_0088
TORONTO_YOR83_STU00760,TORONTO_YOR83_0037
TORONTO_YOR83_STU00760,TORONTO_YOR83_0043
TORONTO_YOR83_STU00760,TORONTO_YOR83_0086
TORONTO_YOR83_STU00760,TORONTO_YOR83_0103
TORONTO_YOR83_STU00760,TORONTO_YOR83_0118
TORONTO_YOR83_STU00760,TORONTO_YOR83_0148
TORONTO_YOR83_STU00760,TORONTO_YOR83_0172
TORONTO_YOR83_STU00760,TORONTO_YOR83_0177
TORONTO_YOR83_STU00761,TORONTO_YOR83_0004
TORONTO_YOR83_STU00761,TORONTO_YOR83_0045
TORONTO_YOR83_STU00761,TORONTO_YOR83_0047
TORONTO_YOR83_STU00761,TORONTO_YOR83_0067
TORONTO_YOR83_STU00761,TORONTO_YOR83_0073
TORONTO_YOR83_STU00761,TORONTO_YOR83_0075
TORONTO_YOR83_STU00762,TORONTO_YOR83_0014
TORONTO_YOR83_STU00762,TORONTO_YOR83_0034
TORONTO_YOR83_STU00762,TORONTO_YOR83_0069
TORONTO_YOR83_STU00762,TORONTO_YOR83_0078
TORONTO_YOR83_STU00762,TORONTO_YOR83_0109
TORONTO_YOR83_STU00762,TORONTO_YOR83_0126
TORONTO_YOR83_STU00762,TORONTO_YOR83_0175
TORONTO_YOR83_STU00762,TORONTO_YOR83_0177
TORONTO_YOR83_STU00763,TORONTO_YOR83_0040
TORONTO_YOR83_STU00763,TORONTO_YOR83_0045
TORONTO_YOR83_STU00763,TORONTO_YOR83_0052
TORONTO_YOR83_STU00763,TORONTO_YOR83_0075
TORONTO_YOR83_STU00763,TORONTO_YOR83_0088
TORONTO_YOR83_STU00763,TORONTO_YOR83_0146
TORONTO_YOR83_STU00764,TORONTO_YOR83_0008
TORONTO_YOR83_STU00764,TORONTO_YOR83_0043
TORONTO_YOR83_STU00764,TORONTO_YOR83_0069
TORONTO_YOR83_STU00764,TORONTO_YOR83_0094
TORONTO_YOR83_STU00764,TORONTO_YOR83_0142
TORONTO_YOR83_STU00764,TORONTO_YOR83_0143
TORONTO_YOR83_STU00764,TORONTO_YOR83_0148
TORONTO_YOR83_STU00765,TORONTO_YOR83_0003
TORONTO_YOR83_STU00765,TORONTO_YOR83_0009
TORONTO_YOR83_STU00765,TORONTO_YOR83_0019
TORONTO_YOR83_STU00766,TORONTO_YOR83_0019
TORONTO_YOR83_STU00766,TORONTO_YOR83_0037
TORONTO_YOR83_STU00766,TORONTO_YOR83_0054
TORONTO_YOR83_STU00766,TORONTO_YOR83_0169
TORONTO_YOR83_STU00767,TORONTO_YOR83_0003
TORONTO_YOR83_STU00767,TORONTO_YOR83_0037
TORONTO_YOR83_STU00767,TORONTO_YOR83_0043
TORONTO_YOR83_STU00767,TORONTO_YOR83_0087
TORONTO_YOR83_STU00767,TORONTO_YOR83_0090
TORONTO_YOR83_STU00767,TORONTO_YOR83_0118
TORONTO_YOR83_STU00767,TORONTO_YOR83_0129
TORONTO_YOR83_STU00768,TORONTO_YOR83_0019
TORONTO_YOR83_STU00768,TORONTO_YOR83_0040
TORONTO_YOR83_STU00768,TORONTO_YOR83_0093
TORONTO_YOR83_STU00768,TORONTO_YOR83_0164
TORONTO_YOR83_STU00769,TORONTO_YOR83_0040
TORONTO_YOR83_STU00769,TORONTO_YOR83_0053
TORONTO_YOR83_STU00769,TORONTO_YOR83_0100
TORONTO_YOR83_STU00769,TORONTO_YOR83_0145
TORONTO_YOR83_STU00769,TORONTO_YOR83_0180
TORONTO_YOR83_STU00770,TORONTO_YOR83_0008
TORONTO_YOR83_STU00770,TORONTO_YOR83_0012
TORONTO_YOR83_STU00770,TORONTO_YOR83_0035
TORONTO_YOR83_STU00770,TORONTO_YOR83_0113
TORONTO_YOR83_STU00770,TORONTO_YOR83_0131
TORONTO_YOR83_STU00770,TORONTO_YOR83_0141
TORONTO_YOR83_STU00770,TORONTO_YOR83_0147
TORONTO_YOR83_STU00771,TORONTO_YOR83_0003
TORONTO_YOR83_STU00771,TORONTO_YOR83_0009
TORONTO_YOR83_STU00771,TORONTO_YOR83_0150
TORONTO_YOR83_STU00771,TORONTO_YOR83_0157
TORONTO_YOR83_STU00772,TORONTO_YOR83_0003
TORONTO_YOR83_STU00772,TORONTO_YOR83_0040
TORONTO_YOR83_STU00772,TORONTO_YOR83_0098
TORONTO_YOR83_STU00772,TORONTO_YOR83_0157
TORONTO_YOR83_STU00773,TORONTO_YOR83_0004
TORONTO_YOR83_STU00773,TORONTO_YOR83_0010
TORONTO_YOR83_STU00773,TORONTO_YOR83_0019
TORONTO_YOR83_STU00773,TORONTO_YOR83_0040
TORONTO_YOR83_STU00773,TORONTO_YOR83_0052
TORONTO_YOR83_STU00773,TORONTO_YOR83_0066
TORONTO_YOR83_STU00774,TORONTO_YOR83_0011
TORONTO_YOR83_STU00774,TORONTO_YOR83_0038
TORONTO_YOR83_STU00774,TORONTO_YOR83_0043
TORONTO_YOR83_STU00774,TORONTO_YOR83_0164
TORONTO_YOR83_STU00774,TORONTO_YOR83_0172
TORONTO_YOR83_STU00774,TORONTO_YOR83_0180
TORONTO_YOR83_STU00774,TORONTO_YOR83_0181
TORONTO_YOR83_STU00775,TORONTO_YOR83_0008
TORONTO_YOR83_STU00775,TORONTO_YOR83_0014
TORONTO_YOR83_STU00775,TORONTO_YOR83_0017
TORONTO_YOR83_STU00775,TORONTO_YOR83_0035
TORONTO_YOR83_STU00775,TORONTO_YOR83_0043
TORONTO_YOR83_STU00775,TORONTO_YOR83_0139
TORONTO_YOR83_STU00775,TORONTO_YOR83_0163
TORONTO_YOR83_STU00775,TORONTO_YOR83_0178
TORONTO_YOR83_STU00776,TORONTO_YOR83_0014
TORONTO_YOR83_STU00776,TORONTO_YOR83_0017
TORONTO_YOR83_STU00776,TORONTO_YOR83_0018
TORONTO_YOR83_STU00776,TORONTO_YOR83_0035
TORONTO_YOR83_STU00776,TORONTO_YOR83_0051
TORONTO_YOR83_STU00776,TORONTO_YOR83_0168
TORONTO_YOR83_STU00776,TORONTO_YOR83_0172
TORONTO_YOR83_STU00776,TORONTO_YOR83_0178
TORONTO_YOR83_STU00777,TORONTO_YOR83_0009
TORONTO_YOR83_STU00777,TORONTO_YOR83_0040
TORONTO_YOR83_STU00777,TORONTO_YOR83_0061
TORONTO_YOR83_STU00777,TORONTO_YOR83_0179
TORONTO_YOR83_STU00778,TORONTO_YOR83_0008
TORONTO_YOR83_STU00778,TORONTO_YOR83_0013
TORONTO_YOR83_STU00778,TORONTO_YOR83_0057
TORONTO_YOR83_STU00778,TORONTO_YOR83_0177
TORONTO_YOR83_STU00778,TORONTO_YOR83_0181
TORONTO_YOR83_STU00779,TORONTO_YOR83_0005
TORONTO_YOR83_STU00779,TORONTO_YOR83_0014
TORONTO_YOR83_STU00779,TORONTO_YOR83_0017
TORONTO_YOR83_STU00779,TORONTO_YOR83_0035
TORONTO_YOR83_STU00779,TORONTO_YOR83_0054
TORONTO_YOR83_STU00779,TORONTO_YOR83_0163
TORONTO_YOR83_STU00780,TORONTO_YOR83_0039
TORONTO_YOR83_STU00780,TORONTO_YOR83_0077
TORONTO_YOR83_STU00780,TORONTO_YOR83_0087
TORONTO_YOR83_STU00780,TORONTO_YOR83_0096
TORONTO_YOR83_STU00780,TORONTO_YOR83_0103
TORONTO_YOR83_STU00780,TORONTO_YOR83_0118
TORONTO_YOR83_STU00780,TORONTO_YOR83_0148
TORONTO_YOR83_STU00781,TORONTO_YOR83_0003
TORONTO_YOR83_STU00781,TORONTO_YOR83_0008
TORONTO_YOR83_STU00781,TORONTO_YOR83_0010
TORONTO_YOR83_STU00781,TORONTO_YOR83_0020
TORONTO_YOR83_STU00781,TORONTO_YOR83_0040
TORONTO_YOR83_STU00781,TORONTO_YOR83_0099
TORONTO_YOR83_STU00781,TORONTO_YOR83_0103
TORONTO_YOR83_STU00781,TORONTO_YOR83_0118
TORONTO_YOR83_STU00782,TORONTO_YOR83_0042
TORONTO_YOR83_STU00782,TORONTO_YOR83_0048
TORONTO_YOR83_STU00782,TORONTO_YOR83_0145
TORONTO_YOR83_STU00783,TORONTO_YOR83_0001
TORONTO_YOR83_STU00783,TORONTO_YOR83_0014
TORONTO_YOR83_STU00783,TORONTO_YOR83_0037
TORONTO_YOR83_STU00783,TORONTO_YOR83_0119
TORONTO_YOR83_STU00783,TORONTO_YOR83_0128
TORONTO_YOR83_STU00783,TORONTO_YOR83_0139
TORONTO_YOR83_STU00783,TORONTO_YOR83_0148
TORONTO_YOR83_STU00784,TORONTO_YOR83_0033
TORONTO_YOR83_STU00784,TORONTO_YOR83_0082
TORONTO_YOR83_STU00784,TORONTO_YOR83_0086
TORONTO_YOR83_STU00784,TORONTO_YOR83_0095
TORONTO_YOR83_STU00784,TORONTO_YOR83_0113
TORONTO_YOR83_STU00784,TORONTO_YOR83_0134
TORONTO_YOR83_STU00784,TORONTO_YOR83_0162
TORONTO_YOR83_STU00785,TORONTO_YOR83_0003
TORONTO_YOR83_STU00785,TORONTO_YOR83_0047
TORONTO_YOR83_STU00785,TORONTO_YOR83_0089
TORONTO_YOR83_STU00786,TORONTO_YOR83_0013
TORONTO_YOR83_STU00786,TORONTO_YOR83_0053
TORONTO_YOR83_STU00786,TORONTO_YOR83_0101
TORONTO_YOR83_STU00786,TORONTO_YOR83_0118
TORONTO_YOR83_STU00786,TORONTO_YOR83_0146
TORONTO_YOR83_STU00786,TORONTO_YOR83_0148
TORONTO_YOR83_STU00787,TORONTO_YOR83_0023
TORONTO_YOR83_STU00787,TORONTO_YOR83_0043
TORONTO_YOR83_STU00787,TORONTO_YOR83_0056
TORONTO_YOR83_STU00787,TORONTO_YOR83_0085
TORONTO_YOR83_STU00787,TORONTO_YOR83_0118
TORONTO_YOR83_STU00787,TORONTO_YOR83_0140
TORONTO_YOR83_STU00787,TORONTO_YOR83_0163
TORONTO_YOR83_STU00788,TORONTO_YOR83_0040
TORONTO_YOR83_STU00788,TORONTO_YOR83_0045
TORONTO_YOR83_STU00788,TORONTO_YOR83_0048
TORONTO_YOR83_STU00788,TORONTO_YOR83_0068
TORONTO_YOR83_STU00788,TORONTO_YOR83_0074
TORONTO_YOR83_STU00788,TORONTO_YOR83_0101
TORONTO_YOR83_STU00788,TORONTO_YOR83_0102
TORONTO_YOR83_STU00789,TORONTO_YOR83_0022
TORONTO_YOR83_STU00789,TORONTO_YOR83_0033
TORONTO_YOR83_STU00789,TORONTO_YOR83_0050
TORONTO_YOR83_STU00789,TORONTO_YOR83_0056
TORONTO_YOR83_STU00789,TORONTO_YOR83_0083
TORONTO_YOR83_STU00789,TORONTO_YOR83_0114
TORONTO_YOR83_STU00789,TORONTO_YOR83_0134
TORONTO_YOR83_STU00789,TORONTO_YOR83_0144
TORONTO_YOR83_STU00790,TORONTO_YOR83_0011
TORONTO_YOR83_STU00790,TORONTO_YOR83_0035
TORONTO_YOR83_STU00790,TORONTO_YOR83_0051
TORONTO_YOR83_STU00790,TORONTO_YOR83_0126
TORONTO_YOR83_STU00791,TORONTO_YOR83_0068
TORONTO_YOR83_STU00791,TORONTO_YOR83_0116
TORONTO_YOR83_STU00791,TORONTO_YOR83_0179
TORONTO_YOR83_STU00792,TORONTO_YOR83_0014
TORONTO_YOR83_STU00792,TORONTO_YOR83_0017
TORONTO_YOR83_STU00792,TORONTO_YOR83_0035
TORONTO_YOR83_STU00792,TORONTO_YOR83_0128
TORONTO_YOR83_STU00792,TORONTO_YOR83_0177
TORONTO_YOR83_STU00793,TORONTO_YOR83_0040
TORONTO_YOR83_STU00793,TORONTO_YOR83_0065
TORONTO_YOR83_STU00794,TORONTO_YOR83_0011
TORONTO_YOR83_STU00794,TORONTO_YOR83_0040
TORONTO_YOR83_STU00794,TORONTO_YOR83_0053
TORONTO_YOR83_STU00794,TORONTO_YOR83_0086
TORONTO_YOR83_STU00794,TORONTO_YOR83_0103
TORONTO_YOR83_STU00794,TORONTO_YOR83_0118
TORONTO_YOR83_STU00794,TORONTO_YOR83_0157
TORONTO_YOR83_STU00795,TORONTO_YOR83_0043
TORONTO_YOR83_STU00795,TORONTO_YOR83_0075
TORONTO_YOR83_STU00795,TORONTO_YOR83_0086
TORONTO_YOR83_STU00795,TORONTO_YOR83_0138
TORONTO_YOR83_STU00795,TORONTO_YOR83_0163
TORONTO_YOR83_STU00796,TORONTO_YOR83_0003
TORONTO_YOR83_STU00796,TORONTO_YOR83_0047
TORONTO_YOR83_STU00796,TORONTO_YOR83_0068
TORONTO_YOR83_STU00796,TORONTO_YOR83_0074
TORONTO_YOR83_STU00797,TORONTO_YOR83_0013
TORONTO_YOR83_STU00797,TORONTO_YOR83_0053
TORONTO_YOR83_STU00797,TORONTO_YOR83_0118
TORONTO_YOR83_STU00797,TORONTO_YOR83_0146
TORONTO_YOR83_STU00797,TORONTO_YOR83_0147
TORONTO_YOR83_STU00798,TORONTO_YOR83_0009
TORONTO_YOR83_STU00798,TORONTO_YOR83_0145
TORONTO_YOR83_STU00798,TORONTO_YOR83_0150
TORONTO_YOR83_STU00799,TORONTO_YOR83_0040
TORONTO_YOR83_STU00799,TORONTO_YOR83_0053
TORONTO_YOR83_STU00799,TORONTO_YOR83_0068
TORONTO_YOR83_STU00799,TORONTO_YOR83_0118
TORONTO_YOR83_STU00799,TORONTO_YOR83_0142
TORONTO_YOR83_STU00799,TORONTO_YOR83_0146
TORONTO_YOR83_STU00799,TORONTO_YOR83_0180
TORONTO_YOR83_STU00800,TORONTO_YOR83_0033
TORONTO_YOR83_STU00800,TORONTO_YOR83_0062
TORONTO_YOR83_STU00800,TORONTO_YOR83_0082
TORONTO_YOR83_STU00800,TORONTO_YOR83_0115
TORONTO_YOR83_STU00800,TORONTO_YOR83_0122
TORONTO_YOR83_STU00800,TORONTO_YOR83_0137
TORONTO_YOR83_STU00800,TORONTO_YOR83_0156
TORONTO_YOR83_STU00800,TORONTO_YOR83_0176
TORONTO_YOR83_STU00801,TORONTO_YOR83_0053
TORONTO_YOR83_STU00801,TORONTO_YOR83_0088
TORONTO_YOR83_STU00801,TORONTO_YOR83_0103
TORONTO_YOR83_STU00801,TORONTO_YOR83_0142
TORONTO_YOR83_STU00801,TORONTO_YOR83_0145
TORONTO_YOR83_STU00802,TORONTO_YOR83_0003
TORONTO_YOR83_STU00802,TORONTO_YOR83_0019
TORONTO_YOR83_STU00802,TORONTO_YOR83_0040
TORONTO_YOR83_STU00802,TORONTO_YOR83_0118
TORONTO_YOR83_STU00803,TORONTO_YOR83_0010
TORONTO_YOR83_STU00803,TORONTO_YOR83_0020
TORONTO_YOR83_STU00803,TORONTO_YOR83_0040
TORONTO_YOR83_STU00803,TORONTO_YOR83_0073
TORONTO_YOR83_STU00803,TORONTO_YOR83_0075
TORONTO_YOR83_STU00803,TORONTO_YOR83_0116
TORONTO_YOR83_STU00804,TORONTO_YOR83_0005
TORONTO_YOR83_STU00804,TORONTO_YOR83_0008
TORONTO_YOR83_STU00804,TORONTO_YOR83_0037
TORONTO_YOR83_STU00804,TORONTO_YOR83_0114
TORONTO_YOR83_STU00804,TORONTO_YOR83_0119
TORONTO_YOR83_STU00804,TORONTO_YOR83_0139
TORONTO_YOR83_STU00804,TORONTO_YOR83_0156
TORONTO_YOR83_STU00805,TORONTO_YOR83_0051
TORONTO_YOR83_STU00805,TORONTO_YOR83_0143
TORONTO_YOR83_STU00805,TORONTO_YOR83_0155
TORONTO_YOR83_STU00806,TORONTO_YOR83_0037
TORONTO_YOR83_STU00806,TORONTO_YOR83_0043
TORONTO_YOR83_STU00806,TORONTO_YOR83_0053
TORONTO_YOR83_STU00806,TORONTO_YOR83_0086
TORONTO_YOR83_STU00806,TORONTO_YOR83_0118
TORONTO_YOR83_STU00806,TORONTO_YOR83_0147
TORONTO_YOR83_STU00807,TORONTO_YOR83_0040
TORONTO_YOR83_STU00807,TORONTO_YOR83_0074
TORONTO_YOR83_STU00807,TORONTO_YOR83_0164
TORONTO_YOR83_STU00808,TORONTO_YOR83_0006
TORONTO_YOR83_STU00808,TORONTO_YOR83_0025
TORONTO_YOR83_STU00808,TORONTO_YOR83_0031
TORONTO_YOR83_STU00808,TORONTO_YOR83_0071
TORONTO_YOR83_STU00808,TORONTO_YOR83_0091
TORONTO_YOR83_STU00808,TORONTO_YOR83_0110
TORONTO_YOR83_STU00808,TORONTO_YOR83_0133
TORONTO_YOR83_STU00808,TORONTO_YOR83_0153
TORONTO_YOR83_STU00809,TORONTO_YOR83_0025
TORONTO_YOR83_STU00809,TORONTO_YOR83_0031
TORONTO_YOR83_STU00809,TORONTO_YOR83_0071
TORONTO_YOR83_STU00809,TORONTO_YOR83_0079
TORONTO_YOR83_STU00809,TORONTO_YOR83_0108
TORONTO_YOR83_STU00809,TORONTO_YOR83_0130
TORONTO_YOR83_STU00809,TORONTO_YOR83_0154
TORONTO_YOR83_STU00809,TORONTO_YOR83_0173
TORONTO_YOR83_STU00810,TORONTO_YOR83_0030
TORONTO_YOR83_STU00810,TORONTO_YOR83_0049
TORONTO_YOR83_STU00810,TORONTO_YOR83_0060
TORONTO_YOR83_STU00810,TORONTO_YOR83_0094
TORONTO_YOR83_STU00810,TORONTO_YOR83_0107
TORONTO_YOR83_STU00810,TORONTO_YOR83_0130
TORONTO_YOR83_STU00810,TORONTO_YOR83_0152
TORONTO_YOR83_STU00811,TORONTO_YOR83_0040
TORONTO_YOR83_STU00811,TORONTO_YOR83_0044
TORONTO_YOR83_STU00811,TORONTO_YOR83_0053
TORONTO_YOR83_STU00811,TORONTO_YOR83_0073
TORONTO_YOR83_STU00811,TORONTO_YOR83_0075
TORONTO_YOR83_STU00811,TORONTO_YOR83_0145
TORONTO_YOR83_STU00812,TORONTO_YOR83_0011
TORONTO_YOR83_STU00812,TORONTO_YOR83_0016
TORONTO_YOR83_STU00812,TORONTO_YOR83_0070
TORONTO_YOR83_STU00812,TORONTO_YOR83_0128
TORONTO_YOR83_STU00812,TORONTO_YOR83_0135
TORONTO_YOR83_STU00812,TORONTO_YOR83_0177
TORONTO_YOR83_STU00813,TORONTO_YOR83_0040
TORONTO_YOR83_STU00813,TORONTO_YOR83_0042
TORONTO_YOR83_STU00813,TORONTO_YOR83_0053
TORONTO_YOR83_STU00813,TORONTO_YOR83_0075
TORONTO_YOR83_STU00813,TORONTO_YOR83_0088
TORONTO_YOR83_STU00813,TORONTO_YOR83_0146
TORONTO_YOR83_STU00813,TORONTO_YOR83_0147
TORONTO_YOR83_STU00814,TORONTO_YOR83_0003
TORONTO_YOR83_STU00814,TORONTO_YOR83_0019
TORONTO_YOR83_STU00814,TORONTO_YOR83_0098
TORONTO_YOR83_STU00815,TORONTO_YOR83_0014
TORONTO_YOR83_STU00815,TORONTO_YOR83_0033
TORONTO_YOR83_STU00815,TORONTO_YOR83_0082
TORONTO_YOR83_STU00815,TORONTO_YOR83_0113
TORONTO_YOR83_STU00815,TORONTO_YOR83_0122
TORONTO_YOR83_STU00815,TORONTO_YOR83_0136
TORONTO_YOR83_STU00815,TORONTO_YOR83_0144
TORONTO_YOR83_STU00815,TORONTO_YOR83_0161
TORONTO_YOR83_STU00816,TORONTO_YOR83_0009
TORONTO_YOR83_STU00816,TORONTO_YOR83_0088
TORONTO_YOR83_STU00816,TORONTO_YOR83_0100
TORONTO_YOR83_STU00817,TORONTO_YOR83_0009
TORONTO_YOR83_STU00817,TORONTO_YOR83_0074
TORONTO_YOR83_STU00817,TORONTO_YOR83_0102
TORONTO_YOR83_STU00818,TORONTO_YOR83_0048
TORONTO_YOR83_STU00818,TORONTO_YOR83_0065
TORONTO_YOR83_STU00818,TORONTO_YOR83_0103
TORONTO_YOR83_STU00818,TORONTO_YOR83_0118
TORONTO_YOR83_STU00818,TORONTO_YOR83_0164
TORONTO_YOR83_STU00818,TORONTO_YOR83_0181
TORONTO_YOR83_STU00819,TORONTO_YOR83_0019
TORONTO_YOR83_STU00819,TORONTO_YOR83_0040
TORONTO_YOR83_STU00819,TORONTO_YOR83_0048
TORONTO_YOR83_STU00819,TORONTO_YOR83_0053
TORONTO_YOR83_STU00819,TORONTO_YOR83_0074
TORONTO_YOR83_STU00819,TORONTO_YOR83_0181
TORONTO_YOR83_STU00820,TORONTO_YOR83_0040
TORONTO_YOR83_STU00820,TORONTO_YOR83_0068
TORONTO_YOR83_STU00820,TORONTO_YOR83_0075
TORONTO_YOR83_STU00820,TORONTO_YOR83_0099
TORONTO_YOR83_STU00820,TORONTO_YOR83_0101
TORONTO_YOR83_STU00820,TORONTO_YOR83_0102
TORONTO_YOR83_STU00820,TORONTO_YOR83_0151
TORONTO_YOR83_STU00820,TORONTO_YOR83_0157
TORONTO_YOR83_STU00821,TORONTO_YOR83_0100
TORONTO_YOR83_STU00821,TORONTO_YOR83_0102
TORONTO_YOR83_STU00821,TORONTO_YOR83_0157
TORONTO_YOR83_STU00822,TORONTO_YOR83_0008
TORONTO_YOR83_STU00822,TORONTO_YOR83_0017
TORONTO_YOR83_STU00822,TORONTO_YOR83_0018
TORONTO_YOR83_STU00822,TORONTO_YOR83_0035
TORONTO_YOR83_STU00822,TORONTO_YOR83_0077
TORONTO_YOR83_STU00822,TORONTO_YOR83_0119
TORONTO_YOR83_STU00822,TORONTO_YOR83_0141
TORONTO_YOR83_STU00823,TORONTO_YOR83_0010
TORONTO_YOR83_STU00823,TORONTO_YOR83_0040
TORONTO_YOR83_STU00823,TORONTO_YOR83_0088
TORONTO_YOR83_STU00823,TORONTO_YOR83_0100
TORONTO_YOR83_STU00823,TORONTO_YOR83_0146
TORONTO_YOR83_STU00823,TORONTO_YOR83_0151
TORONTO_YOR83_STU00823,TORONTO_YOR83_0164
TORONTO_YOR83_STU00824,TORONTO_YOR83_0003
TORONTO_YOR83_STU00824,TORONTO_YOR83_0100
TORONTO_YOR83_STU00824,TORONTO_YOR83_0145
TORONTO_YOR83_STU00825,TORONTO_YOR83_0003
TORONTO_YOR83_STU00825,TORONTO_YOR83_0009
TORONTO_YOR83_STU00825,TORONTO_YOR83_0020
TORONTO_YOR83_STU00825,TORONTO_YOR83_0040
TORONTO_YOR83_STU00825,TORONTO_YOR83_0065
TORONTO_YOR83_STU00825,TORONTO_YOR83_0103
TORONTO_YOR83_STU00825,TORONTO_YOR83_0158
TORONTO_YOR83_STU00826,TORONTO_YOR83_0116
TORONTO_YOR83_STU00826,TORONTO_YOR83_0147
TORONTO_YOR83_STU00827,TORONTO_YOR83_0040
TORONTO_YOR83_STU00827,TORONTO_YOR83_0145
TORONTO_YOR83_STU00827,TORONTO_YOR83_0150
TORONTO_YOR83_STU00828,TORONTO_YOR83_0027
TORONTO_YOR83_STU00828,TORONTO_YOR83_0034
TORONTO_YOR83_STU00828,TORONTO_YOR83_0064
TORONTO_YOR83_STU00828,TORONTO_YOR83_0084
TORONTO_YOR83_STU00828,TORONTO_YOR83_0104
TORONTO_YOR83_STU00828,TORONTO_YOR83_0114
TORONTO_YOR83_STU00828,TORONTO_YOR83_0144
TORONTO_YOR83_STU00828,TORONTO_YOR83_0155
TORONTO_YOR83_STU00829,TORONTO_YOR83_0041
TORONTO_YOR83_STU00829,TORONTO_YOR83_0052
TORONTO_YOR83_STU00829,TORONTO_YOR83_0102
TORONTO_YOR83_STU00830,TORONTO_YOR83_0068
TORONTO_YOR83_STU00830,TORONTO_YOR83_0074
TORONTO_YOR83_STU00830,TORONTO_YOR83_0142
TORONTO_YOR83_STU00831,TORONTO_YOR83_0003
TORONTO_YOR83_STU00831,TORONTO_YOR83_0074
TORONTO_YOR83_STU00831,TORONTO_YOR83_0102
TORONTO_YOR83_STU00832,TORONTO_YOR83_0019
TORONTO_YOR83_STU00832,TORONTO_YOR83_0052
TORONTO_YOR83_STU00832,TORONTO_YOR83_0102
TORONTO_YOR83_STU00833,TORONTO_YOR83_0041
TORONTO_YOR83_STU00833,TORONTO_YOR83_0061
TORONTO_YOR83_STU00833,TORONTO_YOR83_0102
TORONTO_YOR83_STU00834,TORONTO_YOR83_0040
TORONTO_YOR83_STU00834,TORONTO_YOR83_0052
TORONTO_YOR83_STU00834,TORONTO_YOR83_0074
TORONTO_YOR83_STU00835,TORONTO_YOR83_0061
TORONTO_YOR83_STU00835,TORONTO_YOR83_0066
TORONTO_YOR83_STU00835,TORONTO_YOR83_0099
TORONTO_YOR83_STU00835,TORONTO_YOR83_0100
TORONTO_YOR83_STU00835,TORONTO_YOR83_0102
TORONTO_YOR83_STU00835,TORONTO_YOR83_0151
TORONTO_YOR83_STU00835,TORONTO_YOR83_0157
TORONTO_YOR83_STU00836,TORONTO_YOR83_0003
TORONTO_YOR83_STU00836,TORONTO_YOR83_0019
TORONTO_YOR83_STU00836,TORONTO_YOR83_0100
TORONTO_YOR83_STU00837,TORONTO_YOR83_0003
TORONTO_YOR83_STU00837,TORONTO_YOR83_0040
TORONTO_YOR83_STU00837,TORONTO_YOR83_0052
TORONTO_YOR83_STU00838,TORONTO_YOR83_0047
TORONTO_YOR83_STU00838,TORONTO_YOR83_0052
TORONTO_YOR83_STU00838,TORONTO_YOR83_0102
TORONTO_YOR83_STU00839,TORONTO_YOR83_0040
TORONTO_YOR83_STU00839,TORONTO_YOR83_0052
TORONTO_YOR83_STU00839,TORONTO_YOR83_0145
TORONTO_YOR83_STU00840,TORONTO_YOR83_0037
TORONTO_YOR83_STU00840,TORONTO_YOR83_0119
TORONTO_YOR83_STU00840,TORONTO_YOR83_0125
TORONTO_YOR83_STU00840,TORONTO_YOR83_0129
TORONTO_YOR83_STU00840,TORONTO_YOR83_0140
TORONTO_YOR83_STU00840,TORONTO_YOR83_0148
TORONTO_YOR83_STU00841,TORONTO_YOR83_0008
TORONTO_YOR83_STU00841,TORONTO_YOR83_0011
TORONTO_YOR83_STU00841,TORONTO_YOR83_0014
TORONTO_YOR83_STU00841,TORONTO_YOR83_0018
TORONTO_YOR83_STU00841,TORONTO_YOR83_0126
TORONTO_YOR83_STU00841,TORONTO_YOR83_0175
TORONTO_YOR83_STU00841,TORONTO_YOR83_0178
TORONTO_YOR83_STU00842,TORONTO_YOR83_0040
TORONTO_YOR83_STU00842,TORONTO_YOR83_0066
TORONTO_YOR83_STU00842,TORONTO_YOR83_0100
TORONTO_YOR83_STU00842,TORONTO_YOR83_0102
TORONTO_YOR83_STU00842,TORONTO_YOR83_0146
TORONTO_YOR83_STU00842,TORONTO_YOR83_0158
TORONTO_YOR83_STU00843,TORONTO_YOR83_0100
TORONTO_YOR83_STU00843,TORONTO_YOR83_0102
TORONTO_YOR83_STU00843,TORONTO_YOR83_0150
TORONTO_YOR83_STU00844,TORONTO_YOR83_0040
TORONTO_YOR83_STU00844,TORONTO_YOR83_0100
TORONTO_YOR83_STU00844,TORONTO_YOR83_0145
TORONTO_YOR83_STU00845,TORONTO_YOR83_0100
TORONTO_YOR83_STU00845,TORONTO_YOR83_0157
TORONTO_YOR83_STU00846,TORONTO_YOR83_0003
TORONTO_YOR83_STU00846,TORONTO_YOR83_0019
TORONTO_YOR83_STU00846,TORONTO_YOR83_0138
TORONTO_YOR83_STU00847,TORONTO_YOR83_0040
TORONTO_YOR83_STU00847,TORONTO_YOR83_0098
TORONTO_YOR83_STU00847,TORONTO_YOR83_0100
TORONTO_YOR83_STU00847,TORONTO_YOR83_0148
TORONTO_YOR83_STU00847,TORONTO_YOR83_0151
TORONTO_YOR83_STU00848,TORONTO_YOR83_0098
TORONTO_YOR83_STU00848,TORONTO_YOR83_0102
TORONTO_YOR83_STU00848,TORONTO_YOR83_0157
TORONTO_YOR83_STU00849,TORONTO_YOR83_0040
TORONTO_YOR83_STU00849,TORONTO_YOR83_0061
TORONTO_YOR83_STU00850,TORONTO_YOR83_0003
TORONTO_YOR83_STU00850,TORONTO_YOR83_0010
TORONTO_YOR83_STU00850,TORONTO_YOR83_0033
TORONTO_YOR83_STU00850,TORONTO_YOR83_0043
TORONTO_YOR83_STU00850,TORONTO_YOR83_0053
TORONTO_YOR83_STU00850,TORONTO_YOR83_0145
TORONTO_YOR83_STU00851,TORONTO_YOR83_0040
TORONTO_YOR83_STU00851,TORONTO_YOR83_0048
TORONTO_YOR83_STU00851,TORONTO_YOR83_0052
TORONTO_YOR83_STU00851,TORONTO_YOR83_0075
TORONTO_YOR83_STU00851,TORONTO_YOR83_0124
TORONTO_YOR83_STU00851,TORONTO_YOR83_0165
TORONTO_YOR83_STU00852,TORONTO_YOR83_0098
TORONTO_YOR83_STU00852,TORONTO_YOR83_0100
TORONTO_YOR83_STU00852,TORONTO_YOR83_0102
TORONTO_YOR83_STU00853,TORONTO_YOR83_0015
TORONTO_YOR83_STU00853,TORONTO_YOR83_0024
TORONTO_YOR83_STU00853,TORONTO_YOR83_0031
TORONTO_YOR83_STU00853,TORONTO_YOR83_0072
TORONTO_YOR83_STU00853,TORONTO_YOR83_0080
TORONTO_YOR83_STU00853,TORONTO_YOR83_0109
TORONTO_YOR83_STU00853,TORONTO_YOR83_0132
TORONTO_YOR83_STU00853,TORONTO_YOR83_0153
TORONTO_YOR83_STU00854,TORONTO_YOR83_0024
TORONTO_YOR83_STU00854,TORONTO_YOR83_0028
TORONTO_YOR83_STU00854,TORONTO_YOR83_0070
TORONTO_YOR83_STU00854,TORONTO_YOR83_0080
TORONTO_YOR83_STU00854,TORONTO_YOR83_0091
TORONTO_YOR83_STU00854,TORONTO_YOR83_0108
TORONTO_YOR83_STU00854,TORONTO_YOR83_0131
TORONTO_YOR83_STU00854,TORONTO_YOR83_0153
TORONTO_YOR83_STU00855,TORONTO_YOR83_0030
TORONTO_YOR83_STU00855,TORONTO_YOR83_0071
TORONTO_YOR83_STU00855,TORONTO_YOR83_0081
TORONTO_YOR83_STU00855,TORONTO_YOR83_0110
TORONTO_YOR83_STU00855,TORONTO_YOR83_0121
TORONTO_YOR83_STU00855,TORONTO_YOR83_0130
TORONTO_YOR83_STU00855,TORONTO_YOR83_0154
TORONTO_YOR83_STU00855,TORONTO_YOR83_0159
TORONTO_YOR83_STU00856,TORONTO_YOR83_0004
TORONTO_YOR83_STU00856,TORONTO_YOR83_0013
TORONTO_YOR83_STU00856,TORONTO_YOR83_0039
TORONTO_YOR83_STU00856,TORONTO_YOR83_0067
TORONTO_YOR83_STU00856,TORONTO_YOR83_0116
TORONTO_YOR83_STU00856,TORONTO_YOR83_0139
TORONTO_YOR83_STU00856,TORONTO_YOR83_0171
TORONTO_YOR83_STU00857,TORONTO_YOR83_0002
TORONTO_YOR83_STU00857,TORONTO_YOR83_0011
TORONTO_YOR83_STU00857,TORONTO_YOR83_0034
TORONTO_YOR83_STU00857,TORONTO_YOR83_0063
TORONTO_YOR83_STU00857,TORONTO_YOR83_0082
TORONTO_YOR83_STU00857,TORONTO_YOR83_0092
TORONTO_YOR83_STU00857,TORONTO_YOR83_0115
TORONTO_YOR83_STU00857,TORONTO_YOR83_0134
TORONTO_YOR83_STU00858,TORONTO_YOR83_0018
TORONTO_YOR83_STU00858,TORONTO_YOR83_0033
TORONTO_YOR83_STU00858,TORONTO_YOR83_0039
TORONTO_YOR83_STU00858,TORONTO_YOR83_0069
TORONTO_YOR83_STU00858,TORONTO_YOR83_0107
TORONTO_YOR83_STU00858,TORONTO_YOR83_0113
TORONTO_YOR83_STU00858,TORONTO_YOR83_0144
TORONTO_YOR83_STU00859,TORONTO_YOR83_0011
TORONTO_YOR83_STU00859,TORONTO_YOR83_0027
TORONTO_YOR83_STU00859,TORONTO_YOR83_0035
TORONTO_YOR83_STU00859,TORONTO_YOR83_0093
TORONTO_YOR83_STU00859,TORONTO_YOR83_0117
TORONTO_YOR83_STU00859,TORONTO_YOR83_0125
TORONTO_YOR83_STU00859,TORONTO_YOR83_0144
TORONTO_YOR83_STU00859,TORONTO_YOR83_0156
TORONTO_YOR83_STU00860,TORONTO_YOR83_0010
TORONTO_YOR83_STU00860,TORONTO_YOR83_0047
TORONTO_YOR83_STU00860,TORONTO_YOR83_0052
TORONTO_YOR83_STU00860,TORONTO_YOR83_0074
TORONTO_YOR83_STU00860,TORONTO_YOR83_0164
TORONTO_YOR83_STU00860,TORONTO_YOR83_0180
TORONTO_YOR83_STU00861,TORONTO_YOR83_0011
TORONTO_YOR83_STU00861,TORONTO_YOR83_0032
TORONTO_YOR83_STU00861,TORONTO_YOR83_0104
TORONTO_YOR83_STU00861,TORONTO_YOR83_0114
TORONTO_YOR83_STU00861,TORONTO_YOR83_0135
TORONTO_YOR83_STU00861,TORONTO_YOR83_0156
TORONTO_YOR83_STU00861,TORONTO_YOR83_0170
TORONTO_YOR83_STU00861,TORONTO_YOR83_0172
TORONTO_YOR83_STU00862,TORONTO_YOR83_0005
TORONTO_YOR83_STU00862,TORONTO_YOR83_0008
TORONTO_YOR83_STU00862,TORONTO_YOR83_0018
TORONTO_YOR83_STU00862,TORONTO_YOR83_0043
TORONTO_YOR83_STU00862,TORONTO_YOR83_0075
TORONTO_YOR83_STU00862,TORONTO_YOR83_0076
TORONTO_YOR83_STU00862,TORONTO_YOR83_0163
TORONTO_YOR83_STU00863,TORONTO_YOR83_0038
TORONTO_YOR83_STU00863,TORONTO_YOR83_0116
TORONTO_YOR83_STU00864,TORONTO_YOR83_0040
TORONTO_YOR83_STU00864,TORONTO_YOR83_0044
TORONTO_YOR83_STU00864,TORONTO_YOR83_0053
TORONTO_YOR83_STU00864,TORONTO_YOR83_0066
TORONTO_YOR83_STU00864,TORONTO_YOR83_0116
TORONTO_YOR83_STU00864,TORONTO_YOR83_0147
TORONTO_YOR83_STU00864,TORONTO_YOR83_0169
TORONTO_YOR83_STU00865,TORONTO_YOR83_0011
TORONTO_YOR83_STU00865,TORONTO_YOR83_0024
TORONTO_YOR83_STU00865,TORONTO_YOR83_0034
TORONTO_YOR83_STU00865,TORONTO_YOR83_0069
TORONTO_YOR83_STU00865,TORONTO_YOR83_0108
TORONTO_YOR83_STU00865,TORONTO_YOR83_0153
TORONTO_YOR83_STU00866,TORONTO_YOR83_0022
TORONTO_YOR83_STU00866,TORONTO_YOR83_0030
TORONTO_YOR83_STU00866,TORONTO_YOR83_0049
TORONTO_YOR83_STU00866,TORONTO_YOR83_0108
TORONTO_YOR83_STU00866,TORONTO_YOR83_0130
TORONTO_YOR83_STU00866,TORONTO_YOR83_0136
TORONTO_YOR83_STU00866,TORONTO_YOR83_0166
TORONTO_YOR83_STU00866,TORONTO_YOR83_0170
TORONTO_YOR83_STU00867,TORONTO_YOR83_0004
TORONTO_YOR83_STU00867,TORONTO_YOR83_0040
TORONTO_YOR83_STU00867,TORONTO_YOR83_0048
TORONTO_YOR83_STU00867,TORONTO_YOR83_0068
TORONTO_YOR83_STU00867,TORONTO_YOR83_0075
TORONTO_YOR83_STU00867,TORONTO_YOR83_0097
TORONTO_YOR83_STU00868,TORONTO_YOR83_0040
TORONTO_YOR83_STU00868,TORONTO_YOR83_0100
TORONTO_YOR83_STU00868,TORONTO_YOR83_0102
TORONTO_YOR83_STU00869,TORONTO_YOR83_0003
TORONTO_YOR83_STU00869,TORONTO_YOR83_0019
TORONTO_YOR83_STU00869,TORONTO_YOR83_0041
TORONTO_YOR83_STU00870,TORONTO_YOR83_0033
TORONTO_YOR83_STU00870,TORONTO_YOR83_0062
TORONTO_YOR83_STU00870,TORONTO_YOR83_0082
TORONTO_YOR83_STU00870,TORONTO_YOR83_0113
TORONTO_YOR83_STU00870,TORONTO_YOR83_0122
TORONTO_YOR83_STU00870,TORONTO_YOR83_0136
TORONTO_YOR83_STU00870,TORONTO_YOR83_0144
TORONTO_YOR83_STU00870,TORONTO_YOR83_0162
TORONTO_YOR83_STU00871,TORONTO_YOR83_0027
TORONTO_YOR83_STU00871,TORONTO_YOR83_0028
TORONTO_YOR83_STU00871,TORONTO_YOR83_0049
TORONTO_YOR83_STU00871,TORONTO_YOR83_0062
TORONTO_YOR83_STU00871,TORONTO_YOR83_0107
TORONTO_YOR83_STU00871,TORONTO_YOR83_0132
TORONTO_YOR83_STU00871,TORONTO_YOR83_0162
TORONTO_YOR83_STU00871,TORONTO_YOR83_0175
TORONTO_YOR83_STU00872,TORONTO_YOR83_0001
TORONTO_YOR83_STU00872,TORONTO_YOR83_0014
TORONTO_YOR83_STU00872,TORONTO_YOR83_0018
TORONTO_YOR83_STU00872,TORONTO_YOR83_0032
TORONTO_YOR83_STU00872,TORONTO_YOR83_0062
TORONTO_YOR83_STU00872,TORONTO_YOR83_0113
TORONTO_YOR83_STU00872,TORONTO_YOR83_0155
TORONTO_YOR83_STU00872,TORONTO_YOR83_0178
TORONTO_YOR83_STU00873,TORONTO_YOR83_0042
TORONTO_YOR83_STU00873,TORONTO_YOR83_0088
TORONTO_YOR83_STU00874,TORONTO_YOR83_0016
TORONTO_YOR83_STU00874,TORONTO_YOR83_0034
TORONTO_YOR83_STU00874,TORONTO_YOR83_0077
TORONTO_YOR83_STU00874,TORONTO_YOR83_0078
TORONTO_YOR83_STU00874,TORONTO_YOR83_0082
TORONTO_YOR83_STU00874,TORONTO_YOR83_0095
TORONTO_YOR83_STU00874,TORONTO_YOR83_0161
TORONTO_YOR83_STU00874,TORONTO_YOR83_0175
TORONTO_YOR83_STU00875,TORONTO_YOR83_0004
TORONTO_YOR83_STU00875,TORONTO_YOR83_0010
TORONTO_YOR83_STU00875,TORONTO_YOR83_0040
TORONTO_YOR83_STU00875,TORONTO_YOR83_0066
TORONTO_YOR83_STU00875,TORONTO_YOR83_0100
TORONTO_YOR83_STU00875,TORONTO_YOR83_0102
TORONTO_YOR83_STU00875,TORONTO_YOR83_0179
TORONTO_YOR83_STU00876,TORONTO_YOR83_0009
TORONTO_YOR83_STU00876,TORONTO_YOR83_0043
TORONTO_YOR83_STU00876,TORONTO_YOR83_0053
TORONTO_YOR83_STU00876,TORONTO_YOR83_0068
TORONTO_YOR83_STU00876,TORONTO_YOR83_0124
TORONTO_YOR83_STU00876,TORONTO_YOR83_0165
TORONTO_YOR83_STU00877,TORONTO_YOR83_0003
TORONTO_YOR83_STU00877,TORONTO_YOR83_0010
TORONTO_YOR83_STU00877,TORONTO_YOR83_0040
TORONTO_YOR83_STU00877,TORONTO_YOR83_0068
TORONTO_YOR83_STU00877,TORONTO_YOR83_0099
TORONTO_YOR83_STU00877,TORONTO_YOR83_0100
TORONTO_YOR83_STU00877,TORONTO_YOR83_0103
TORONTO_YOR83_STU00878,TORONTO_YOR83_0003
TORONTO_YOR83_STU00878,TORONTO_YOR83_0040
TORONTO_YOR83_STU00878,TORONTO_YOR83_0100
TORONTO_YOR83_STU00879,TORONTO_YOR83_0010
TORONTO_YOR83_STU00879,TORONTO_YOR83_0040
TORONTO_YOR83_STU00879,TORONTO_YOR83_0102
TORONTO_YOR83_STU00879,TORONTO_YOR83_0146
TORONTO_YOR83_STU00879,TORONTO_YOR83_0150
TORONTO_YOR83_STU00879,TORONTO_YOR83_0151
TORONTO_YOR83_STU00880,TORONTO_YOR83_0043
TORONTO_YOR83_STU00880,TORONTO_YOR83_0099
TORONTO_YOR83_STU00880,TORONTO_YOR83_0100
TORONTO_YOR83_STU00880,TORONTO_YOR83_0102
TORONTO_YOR83_STU00880,TORONTO_YOR83_0145
TORONTO_YOR83_STU00880,TORONTO_YOR83_0146
TORONTO_YOR83_STU00880,TORONTO_YOR83_0150
TORONTO_YOR83_STU00880,TORONTO_YOR83_0151
TORONTO_YOR83_STU00881,TORONTO_YOR83_0002
TORONTO_YOR83_STU00881,TORONTO_YOR83_0014
TORONTO_YOR83_STU00881,TORONTO_YOR83_0022
TORONTO_YOR83_STU00881,TORONTO_YOR83_0033
TORONTO_YOR83_STU00881,TORONTO_YOR83_0114
TORONTO_YOR83_STU00881,TORONTO_YOR83_0119
TORONTO_YOR83_STU00881,TORONTO_YOR83_0144
TORONTO_YOR83_STU00881,TORONTO_YOR83_0155
TORONTO_YOR83_STU00882,TORONTO_YOR83_0041
TORONTO_YOR83_STU00882,TORONTO_YOR83_0074
TORONTO_YOR83_STU00882,TORONTO_YOR83_0164
TORONTO_YOR83_STU00883,TORONTO_YOR83_0035
TORONTO_YOR83_STU00883,TORONTO_YOR83_0116
TORONTO_YOR83_STU00883,TORONTO_YOR83_0177
TORONTO_YOR83_STU00884,TORONTO_YOR83_0010
TORONTO_YOR83_STU00884,TORONTO_YOR83_0043
TORONTO_YOR83_STU00884,TORONTO_YOR83_0065
TORONTO_YOR83_STU00884,TORONTO_YOR83_0073
TORONTO_YOR83_STU00884,TORONTO_YOR83_0112
TORONTO_YOR83_STU00884,TORONTO_YOR83_0145
TORONTO_YOR83_STU00884,TORONTO_YOR83_0165
TORONTO_YOR83_STU00885,TORONTO_YOR83_0040
TORONTO_YOR83_STU00885,TORONTO_YOR83_0098
TORONTO_YOR83_STU00885,TORONTO_YOR83_0157
TORONTO_YOR83_STU00886,TORONTO_YOR83_0008
TORONTO_YOR83_STU00886,TORONTO_YOR83_0018
TORONTO_YOR83_STU00886,TORONTO_YOR83_0020
TORONTO_YOR83_STU00886,TORONTO_YOR83_0039
TORONTO_YOR83_STU00886,TORONTO_YOR83_0076
TORONTO_YOR83_STU00886,TORONTO_YOR83_0113
TORONTO_YOR83_STU00886,TORONTO_YOR83_0175
TORONTO_YOR83_STU00887,TORONTO_YOR83_0013
TORONTO_YOR83_STU00887,TORONTO_YOR83_0019
TORONTO_YOR83_STU00887,TORONTO_YOR83_0040
TORONTO_YOR83_STU00888,TORONTO_YOR83_0037
TORONTO_YOR83_STU00888,TORONTO_YOR83_0043
TORONTO_YOR83_STU00888,TORONTO_YOR83_0054
TORONTO_YOR83_STU00888,TORONTO_YOR83_0067
TORONTO_YOR83_STU00888,TORONTO_YOR83_0077
TORONTO_YOR83_STU00888,TORONTO_YOR83_0103
TORONTO_YOR83_STU00888,TORONTO_YOR83_0118
TORONTO_YOR83_STU00888,TORONTO_YOR83_0178
TORONTO_YOR83_STU00889,TORONTO_YOR83_0019
TORONTO_YOR83_STU00889,TORONTO_YOR83_0041
TORONTO_YOR83_STU00889,TORONTO_YOR83_0073
TORONTO_YOR83_STU00889,TORONTO_YOR83_0102
TORONTO_YOR83_STU00890,TORONTO_YOR83_0040
TORONTO_YOR83_STU00890,TORONTO_YOR83_0100
TORONTO_YOR83_STU00890,TORONTO_YOR83_0102
TORONTO_YOR83_STU00891,TORONTO_YOR83_0039
TORONTO_YOR83_STU00891,TORONTO_YOR83_0046
TORONTO_YOR83_STU00891,TORONTO_YOR83_0049
TORONTO_YOR83_STU00891,TORONTO_YOR83_0056
TORONTO_YOR83_STU00891,TORONTO_YOR83_0114
TORONTO_YOR83_STU00891,TORONTO_YOR83_0132
TORONTO_YOR83_STU00891,TORONTO_YOR83_0143
TORONTO_YOR83_STU00891,TORONTO_YOR83_0175
TORONTO_YOR83_STU00892,TORONTO_YOR83_0037
TORONTO_YOR83_STU00892,TORONTO_YOR83_0043
TORONTO_YOR83_STU00892,TORONTO_YOR83_0114
TORONTO_YOR83_STU00892,TORONTO_YOR83_0119
TORONTO_YOR83_STU00892,TORONTO_YOR83_0128
TORONTO_YOR83_STU00892,TORONTO_YOR83_0143
TORONTO_YOR83_STU00892,TORONTO_YOR83_0149
TORONTO_YOR83_STU00893,TORONTO_YOR83_0100
TORONTO_YOR83_STU00893,TORONTO_YOR83_0145
TORONTO_YOR83_STU00893,TORONTO_YOR83_0157
TORONTO_YOR83_STU00894,TORONTO_YOR83_0040
TORONTO_YOR83_STU00894,TORONTO_YOR83_0100
TORONTO_YOR83_STU00894,TORONTO_YOR83_0102
TORONTO_YOR83_STU00895,TORONTO_YOR83_0099
TORONTO_YOR83_STU00895,TORONTO_YOR83_0101
TORONTO_YOR83_STU00895,TORONTO_YOR83_0102
TORONTO_YOR83_STU00895,TORONTO_YOR83_0150
TORONTO_YOR83_STU00895,TORONTO_YOR83_0157
TORONTO_YOR83_STU00896,TORONTO_YOR83_0030
TORONTO_YOR83_STU00896,TORONTO_YOR83_0072
TORONTO_YOR83_STU00896,TORONTO_YOR83_0079
TORONTO_YOR83_STU00896,TORONTO_YOR83_0111
TORONTO_YOR83_STU00896,TORONTO_YOR83_0121
TORONTO_YOR83_STU00896,TORONTO_YOR83_0133
TORONTO_YOR83_STU00896,TORONTO_YOR83_0153
TORONTO_YOR83_STU00896,TORONTO_YOR83_0167
TORONTO_YOR83_STU00897,TORONTO_YOR83_0044
TORONTO_YOR83_STU00897,TORONTO_YOR83_0099
TORONTO_YOR83_STU00897,TORONTO_YOR83_0100
TORONTO_YOR83_STU00897,TORONTO_YOR83_0102
TORONTO_YOR83_STU00897,TORONTO_YOR83_0150
TORONTO_YOR83_STU00897,TORONTO_YOR83_0158
TORONTO_YOR83_STU00898,TORONTO_YOR83_0024
TORONTO_YOR83_STU00898,TORONTO_YOR83_0031
TORONTO_YOR83_STU00898,TORONTO_YOR83_0070
TORONTO_YOR83_STU00898,TORONTO_YOR83_0105
TORONTO_YOR83_STU00898,TORONTO_YOR83_0109
TORONTO_YOR83_STU00898,TORONTO_YOR83_0130
TORONTO_YOR83_STU00898,TORONTO_YOR83_0152
TORONTO_YOR83_STU00898,TORONTO_YOR83_0174
TORONTO_YOR83_STU00899,TORONTO_YOR83_0003
TORONTO_YOR83_STU00899,TORONTO_YOR83_0005
TORONTO_YOR83_STU00899,TORONTO_YOR83_0011
TORONTO_YOR83_STU00899,TORONTO_YOR83_0025
TORONTO_YOR83_STU00899,TORONTO_YOR83_0035
TORONTO_YOR83_STU00899,TORONTO_YOR83_0106
TORONTO_YOR83_STU00899,TORONTO_YOR83_0116
TORONTO_YOR83_STU00900,TORONTO_YOR83_0003
TORONTO_YOR83_STU00900,TORONTO_YOR83_0010
TORONTO_YOR83_STU00900,TORONTO_YOR83_0017
TORONTO_YOR83_STU00900,TORONTO_YOR83_0055
TORONTO_YOR83_STU00900,TORONTO_YOR83_0116
TORONTO_YOR83_STU00900,TORONTO_YOR83_0129
TORONTO_YOR83_STU00901,TORONTO_YOR83_0002
TORONTO_YOR83_STU00901,TORONTO_YOR83_0034
TORONTO_YOR83_STU00901,TORONTO_YOR83_0104
TORONTO_YOR83_STU00901,TORONTO_YOR83_0115
TORONTO_YOR83_STU00901,TORONTO_YOR83_0135
TORONTO_YOR83_STU00901,TORONTO_YOR83_0143
TORONTO_YOR83_STU00901,TORONTO_YOR83_0169
TORONTO_YOR83_STU00901,TORONTO_YOR83_0172
TORONTO_YOR83_STU00902,TORONTO_YOR83_0004
TORONTO_YOR83_STU00902,TORONTO_YOR83_0040
TORONTO_YOR83_STU00902,TORONTO_YOR83_0048
TORONTO_YOR83_STU00902,TORONTO_YOR83_0074
TORONTO_YOR83_STU00903,TORONTO_YOR83_0040
TORONTO_YOR83_STU00903,TORONTO_YOR83_0047
TORONTO_YOR83_STU00903,TORONTO_YOR83_0073
TORONTO_YOR83_STU00903,TORONTO_YOR83_0164
TORONTO_YOR83_STU00904,TORONTO_YOR83_0037
TORONTO_YOR83_STU00904,TORONTO_YOR83_0071
TORONTO_YOR83_STU00904,TORONTO_YOR83_0119
TORONTO_YOR83_STU00904,TORONTO_YOR83_0127
TORONTO_YOR83_STU00904,TORONTO_YOR83_0171
TORONTO_YOR83_STU00904,TORONTO_YOR83_0172
TORONTO_YOR83_STU00904,TORONTO_YOR83_0177
TORONTO_YOR83_STU00905,TORONTO_YOR83_0041
TORONTO_YOR83_STU00905,TORONTO_YOR83_0074
TORONTO_YOR83_STU00905,TORONTO_YOR83_0164
TORONTO_YOR83_STU00906,TORONTO_YOR83_0099
TORONTO_YOR83_STU00906,TORONTO_YOR83_0101
TORONTO_YOR83_STU00906,TORONTO_YOR83_0102
TORONTO_YOR83_STU00906,TORONTO_YOR83_0157
TORONTO_YOR83_STU00906,TORONTO_YOR83_0179
TORONTO_YOR83_STU00907,TORONTO_YOR83_0014
TORONTO_YOR83_STU00907,TORONTO_YOR83_0020
TORONTO_YOR83_STU00907,TORONTO_YOR83_0047
TORONTO_YOR83_STU00907,TORONTO_YOR83_0066
TORONTO_YOR83_STU00907,TORONTO_YOR83_0067
TORONTO_YOR83_STU00907,TORONTO_YOR83_0103
TORONTO_YOR83_STU00907,TORONTO_YOR83_0118
TORONTO_YOR83_STU00908,TORONTO_YOR83_0019
TORONTO_YOR83_STU00908,TORONTO_YOR83_0052
TORONTO_YOR83_STU00908,TORONTO_YOR83_0068
TORONTO_YOR83_STU00909,TORONTO_YOR83_0003
TORONTO_YOR83_STU00909,TORONTO_YOR83_0100
TORONTO_YOR83_STU00909,TORONTO_YOR83_0102
TORONTO_YOR83_STU00910,TORONTO_YOR83_0019
TORONTO_YOR83_STU00910,TORONTO_YOR83_0052
TORONTO_YOR83_STU00910,TORONTO_YOR83_0074
TORONTO_YOR83_STU00911,TORONTO_YOR83_0003
TORONTO_YOR83_STU00911,TORONTO_YOR83_0043
TORONTO_YOR83_STU00911,TORONTO_YOR83_0099
TORONTO_YOR83_STU00911,TORONTO_YOR83_0100
TORONTO_YOR83_STU00911,TORONTO_YOR83_0151
TORONTO_YOR83_STU00911,TORONTO_YOR83_0157
TORONTO_YOR83_STU00912,TORONTO_YOR83_0010
TORONTO_YOR83_STU00912,TORONTO_YOR83_0043
TORONTO_YOR83_STU00912,TORONTO_YOR83_0048
TORONTO_YOR83_STU00912,TORONTO_YOR83_0061
TORONTO_YOR83_STU00912,TORONTO_YOR83_0068
TORONTO_YOR83_STU00912,TORONTO_YOR83_0074
TORONTO_YOR83_STU00913,TORONTO_YOR83_0040
TORONTO_YOR83_STU00913,TORONTO_YOR83_0074
TORONTO_YOR83_STU00913,TORONTO_YOR83_0088
TORONTO_YOR83_STU00913,TORONTO_YOR83_0179
TORONTO_YOR83_STU00914,TORONTO_YOR83_0116
TORONTO_YOR83_STU00914,TORONTO_YOR83_0139
TORONTO_YOR83_STU00914,TORONTO_YOR83_0163
TORONTO_YOR83_STU00915,TORONTO_YOR83_0041
TORONTO_YOR83_STU00915,TORONTO_YOR83_0100
TORONTO_YOR83_STU00915,TORONTO_YOR83_0150
TORONTO_YOR83_STU00915,TORONTO_YOR83_0157
TORONTO_YOR83_STU00916,TORONTO_YOR83_0004
TORONTO_YOR83_STU00916,TORONTO_YOR83_0044
TORONTO_YOR83_STU00916,TORONTO_YOR83_0101
TORONTO_YOR83_STU00916,TORONTO_YOR83_0102
TORONTO_YOR83_STU00916,TORONTO_YOR83_0157
TORONTO_YOR83_STU00916,TORONTO_YOR83_0179
TORONTO_YOR83_STU00917,TORONTO_YOR83_0100
TORONTO_YOR83_STU00917,TORONTO_YOR83_0102
TORONTO_YOR83_STU00917,TORONTO_YOR83_0150
TORONTO_YOR83_STU00918,TORONTO_YOR83_0061
TORONTO_YOR83_STU00918,TORONTO_YOR83_0102
TORONTO_YOR83_STU00918,TORONTO_YOR83_0157
TORONTO_YOR83_STU00919,TORONTO_YOR83_0011
TORONTO_YOR83_STU00919,TORONTO_YOR83_0056
TORONTO_YOR83_STU00919,TORONTO_YOR83_0061
TORONTO_YOR83_STU00919,TORONTO_YOR83_0074
TORONTO_YOR83_STU00919,TORONTO_YOR83_0140
TORONTO_YOR83_STU00919,TORONTO_YOR83_0146
TORONTO_YOR83_STU00920,TORONTO_YOR83_0003
TORONTO_YOR83_STU00920,TORONTO_YOR83_0100
TORONTO_YOR83_STU00920,TORONTO_YOR83_0102
TORONTO_YOR83_STU00920,TORONTO_YOR83_0157
TORONTO_YOR83_STU00921,TORONTO_YOR83_0037
TORONTO_YOR83_STU00921,TORONTO_YOR83_0043
TORONTO_YOR83_STU00921,TORONTO_YOR83_0065
TORONTO_YOR83_STU00921,TORONTO_YOR83_0067
TORONTO_YOR83_STU00921,TORONTO_YOR83_0103
TORONTO_YOR83_STU00921,TORONTO_YOR83_0118
TORONTO_YOR83_STU00921,TORONTO_YOR83_0165
TORONTO_YOR83_STU00922,TORONTO_YOR83_0075
TORONTO_YOR83_STU00922,TORONTO_YOR83_0100
TORONTO_YOR83_STU00922,TORONTO_YOR83_0102
TORONTO_YOR83_STU00922,TORONTO_YOR83_0151
TORONTO_YOR83_STU00922,TORONTO_YOR83_0157
TORONTO_YOR83_STU00923,TORONTO_YOR83_0001
TORONTO_YOR83_STU00923,TORONTO_YOR83_0039
TORONTO_YOR83_STU00923,TORONTO_YOR83_0063
TORONTO_YOR83_STU00923,TORONTO_YOR83_0078
TORONTO_YOR83_STU00923,TORONTO_YOR83_0112
TORONTO_YOR83_STU00923,TORONTO_YOR83_0136
TORONTO_YOR83_STU00923,TORONTO_YOR83_0144
TORONTO_YOR83_STU00923,TORONTO_YOR83_0155
TORONTO_YOR83_STU00924,TORONTO_YOR83_0018
TORONTO_YOR83_STU00924,TORONTO_YOR83_0037
TORONTO_YOR83_STU00924,TORONTO_YOR83_0043
TORONTO_YOR83_STU00924,TORONTO_YOR83_0077
TORONTO_YOR83_STU00924,TORONTO_YOR83_0127
TORONTO_YOR83_STU00924,TORONTO_YOR83_0141
TORONTO_YOR83_STU00924,TORONTO_YOR83_0163
TORONTO_YOR83_STU00924,TORONTO_YOR83_0178
TORONTO_YOR83_STU00925,TORONTO_YOR83_0014
TORONTO_YOR83_STU00925,TORONTO_YOR83_0018
TORONTO_YOR83_STU00925,TORONTO_YOR83_0033
TORONTO_YOR83_STU00925,TORONTO_YOR83_0105
TORONTO_YOR83_STU00925,TORONTO_YOR83_0114
TORONTO_YOR83_STU00925,TORONTO_YOR83_0136
TORONTO_YOR83_STU00925,TORONTO_YOR83_0144
TORONTO_YOR83_STU00925,TORONTO_YOR83_0155
TORONTO_YOR83_STU00926,TORONTO_YOR83_0040
TORONTO_YOR83_STU00926,TORONTO_YOR83_0044
TORONTO_YOR83_STU00926,TORONTO_YOR83_0053
TORONTO_YOR83_STU00926,TORONTO_YOR83_0068
TORONTO_YOR83_STU00926,TORONTO_YOR83_0074
TORONTO_YOR83_STU00926,TORONTO_YOR83_0146
TORONTO_YOR83_STU00927,TORONTO_YOR83_0040
TORONTO_YOR83_STU00927,TORONTO_YOR83_0048
TORONTO_YOR83_STU00927,TORONTO_YOR83_0061
TORONTO_YOR83_STU00927,TORONTO_YOR83_0074
TORONTO_YOR83_STU00927,TORONTO_YOR83_0146
TORONTO_YOR83_STU00928,TORONTO_YOR83_0040
TORONTO_YOR83_STU00928,TORONTO_YOR83_0100
TORONTO_YOR83_STU00928,TORONTO_YOR83_0102
TORONTO_YOR83_STU00928,TORONTO_YOR83_0146
TORONTO_YOR83_STU00928,TORONTO_YOR83_0151
TORONTO_YOR83_STU00928,TORONTO_YOR83_0158
TORONTO_YOR83_STU00929,TORONTO_YOR83_0043
TORONTO_YOR83_STU00929,TORONTO_YOR83_0099
TORONTO_YOR83_STU00929,TORONTO_YOR83_0100
TORONTO_YOR83_STU00929,TORONTO_YOR83_0102
TORONTO_YOR83_STU00929,TORONTO_YOR83_0150
TORONTO_YOR83_STU00929,TORONTO_YOR83_0158
TORONTO_YOR83_STU00930,TORONTO_YOR83_0040
TORONTO_YOR83_STU00930,TORONTO_YOR83_0100
TORONTO_YOR83_STU00930,TORONTO_YOR83_0102
TORONTO_YOR83_STU00930,TORONTO_YOR83_0145
TORONTO_YOR83_STU00931,TORONTO_YOR83_0040
TORONTO_YOR83_STU00931,TORONTO_YOR83_0074
TORONTO_YOR83_STU00931,TORONTO_YOR83_0145
TORONTO_YOR83_STU00932,TORONTO_YOR83_0040
TORONTO_YOR83_STU00932,TORONTO_YOR83_0048
TORONTO_YOR83_STU00932,TORONTO_YOR83_0053
TORONTO_YOR83_STU00932,TORONTO_YOR83_0164
TORONTO_YOR83_STU00932,TORONTO_YOR83_0179
TORONTO_YOR83_STU00932,TORONTO_YOR83_0181
TORONTO_YOR83_STU00933,TORONTO_YOR83_0098
TORONTO_YOR83_STU00933,TORONTO_YOR83_0100
TORONTO_YOR83_STU00933,TORONTO_YOR83_0150
TORONTO_YOR83_STU00933,TORONTO_YOR83_0157
TORONTO_YOR83_STU00934,TORONTO_YOR83_0019
TORONTO_YOR83_STU00934,TORONTO_YOR83_0068
TORONTO_YOR83_STU00935,TORONTO_YOR83_0047
TORONTO_YOR83_STU00935,TORONTO_YOR83_0053
TORONTO_YOR83_STU00935,TORONTO_YOR83_0103
TORONTO_YOR83_STU00935,TORONTO_YOR83_0146
TORONTO_YOR83_STU00935,TORONTO_YOR83_0150
TORONTO_YOR83_STU00935,TORONTO_YOR83_0179
TORONTO_YOR83_STU00936,TORONTO_YOR83_0041
TORONTO_YOR83_STU00936,TORONTO_YOR83_0099
TORONTO_YOR83_STU00936,TORONTO_YOR83_0100
TORONTO_YOR83_STU00936,TORONTO_YOR83_0103
TORONTO_YOR83_STU00936,TORONTO_YOR83_0146
TORONTO_YOR83_STU00936,TORONTO_YOR83_0150
TORONTO_YOR83_STU00937,TORONTO_YOR83_0033
TORONTO_YOR83_STU00937,TORONTO_YOR83_0069
TORONTO_YOR83_STU00937,TORONTO_YOR83_0083
TORONTO_YOR83_STU00937,TORONTO_YOR83_0105
TORONTO_YOR83_STU00937,TORONTO_YOR83_0114
TORONTO_YOR83_STU00937,TORONTO_YOR83_0134
TORONTO_YOR83_STU00937,TORONTO_YOR83_0144
TORONTO_YOR83_STU00937,TORONTO_YOR83_0155
TORONTO_YOR83_STU00938,TORONTO_YOR83_0011
TORONTO_YOR83_STU00938,TORONTO_YOR83_0014
TORONTO_YOR83_STU00938,TORONTO_YOR83_0037
TORONTO_YOR83_STU00938,TORONTO_YOR83_0043
TORONTO_YOR83_STU00938,TORONTO_YOR83_0053
TORONTO_YOR83_STU00938,TORONTO_YOR83_0066
TORONTO_YOR83_STU00938,TORONTO_YOR83_0116
TORONTO_YOR83_STU00938,TORONTO_YOR83_0138
TORONTO_YOR83_STU00939,TORONTO_YOR83_0040
TORONTO_YOR83_STU00939,TORONTO_YOR83_0053
TORONTO_YOR83_STU00939,TORONTO_YOR83_0074
TORONTO_YOR83_STU00939,TORONTO_YOR83_0101
TORONTO_YOR83_STU00939,TORONTO_YOR83_0103
TORONTO_YOR83_STU00939,TORONTO_YOR83_0118
TORONTO_YOR83_STU00939,TORONTO_YOR83_0179
TORONTO_YOR83_STU00940,TORONTO_YOR83_0073
TORONTO_YOR83_STU00940,TORONTO_YOR83_0074
TORONTO_YOR83_STU00940,TORONTO_YOR83_0088
TORONTO_YOR83_STU00941,TORONTO_YOR83_0043
TORONTO_YOR83_STU00941,TORONTO_YOR83_0098
TORONTO_YOR83_STU00941,TORONTO_YOR83_0100
TORONTO_YOR83_STU00941,TORONTO_YOR83_0102
TORONTO_YOR83_STU00941,TORONTO_YOR83_0151
TORONTO_YOR83_STU00941,TORONTO_YOR83_0158
