student code,exam code
TORONTO_UTE92_STU00001,TORONTO_UTE92_0089
TORONTO_UTE92_STU00002,TORONTO_UTE92_0048
TORONTO_UTE92_STU00003,TORONTO_UTE92_0056
TORONTO_UTE92_STU00003,TORONTO_UTE92_0060
TORONTO_UTE92_STU00003,TORONTO_UTE92_0061
TORONTO_UTE92_STU00004,TORONTO_UTE92_0001
TORONTO_UTE92_STU00004,TORONTO_UTE92_0002
TORONTO_UTE92_STU00004,TORONTO_UTE92_0003
TORONTO_UTE92_STU00004,TORONTO_UTE92_0065
TORONTO_UTE92_STU00005,TORONTO_UTE92_0010
TORONTO_UTE92_STU00005,TORONTO_UTE92_0047
TORONTO_UTE92_STU00005,TORONTO_UTE92_0048
TORONTO_UTE92_STU00005,TORONTO_UTE92_0049
TORONTO_UTE92_STU00005,TORONTO_UTE92_0050
TORONTO_UTE92_STU00006,TORONTO_UTE92_0047
TORONTO_UTE92_STU00007,TORONTO_UTE92_0053
TORONTO_UTE92_STU00008,TORONTO_UTE92_0061
TORONTO_UTE92_STU00009,TORONTO_UTE92_0011
TORONTO_UTE92_STU00009,TORONTO_UTE92_0067
TORONTO_UTE92_STU00010,TORONTO_UTE92_0179
TORONTO_UTE92_STU00011,TORONTO_UTE92_0062
TORONTO_UTE92_STU00012,TORONTO_UTE92_0103
TORONTO_UTE92_STU00013,TORONTO_UTE92_0040
TORONTO_UTE92_STU00014,TORONTO_UTE92_0052
TORONTO_UTE92_STU00014,TORONTO_UTE92_0062
TORONTO_UTE92_STU00015,TORONTO_UTE92_0137
TORONTO_UTE92_STU00016,TORONTO_UTE92_0061
TORONTO_UTE92_STU00017,TORONTO_UTE92_0154
TORONTO_UTE92_STU00018,TORONTO_UTE92_0152
TORONTO_UTE92_STU00019,TORONTO_UTE92_0061
TORONTO_UTE92_STU00020,TORONTO_UTE92_0053
TORONTO_UTE92_STU00021,TORONTO_UTE92_0067
TORONTO_UTE92_STU00022,TORONTO_UTE92_0070
TORONTO_UTE92_STU00023,TORONTO_UTE92_0008
TORONTO_UTE92_STU00024,TORONTO_UTE92_0045
TORONTO_UTE92_STU00024,TORONTO_UTE92_0066
TORONTO_UTE92_STU00024,TORONTO_UTE92_0130
TORONTO_UTE92_STU00024,TORONTO_UTE92_0136
TORONTO_UTE92_STU00024,TORONTO_UTE92_0140
TORONTO_UTE92_STU00025,TORONTO_UTE92_0090
TORONTO_UTE92_STU00026,TORONTO_UTE92_0121
TORONTO_UTE92_STU00026,TORONTO_UTE92_0122
TORONTO_UTE92_STU00026,TORONTO_UTE92_0123
TORONTO_UTE92_STU00027,TORONTO_UTE92_0047
TORONTO_UTE92_STU00027,TORONTO_UTE92_0048
TORONTO_UTE92_STU00027,TORONTO_UTE92_0049
TORONTO_UTE92_STU00027,TORONTO_UTE92_0050
TORONTO_UTE92_STU00028,TORONTO_UTE92_0030
TORONTO_UTE92_STU00028,TORONTO_UTE92_0149
TORONTO_UTE92_STU00028,TORONTO_UTE92_0172
TORONTO_UTE92_STU00028,TORONTO_UTE92_0173
TORONTO_UTE92_STU00028,TORONTO_UTE92_0175
TORONTO_UTE92_STU00029,TORONTO_UTE92_0070
TORONTO_UTE92_STU00030,TORONTO_UTE92_0051
TORONTO_UTE92_STU00030,TORONTO_UTE92_0052
TORONTO_UTE92_STU00030,TORONTO_UTE92_0053
TORONTO_UTE92_STU00030,TORONTO_UTE92_0054
TORONTO_UTE92_STU00030,TORONTO_UTE92_0055
TORONTO_UTE92_STU00031,TORONTO_UTE92_0022
TORONTO_UTE92_STU00031,TORONTO_UTE92_0023
TORONTO_UTE92_STU00031,TORONTO_UTE92_0025
TORONTO_UTE92_STU00031,TORONTO_UTE92_0026
TORONTO_UTE92_STU00031,TORONTO_UTE92_0028
TORONTO_UTE92_STU00032,TORONTO_UTE92_0067
TORONTO_UTE92_STU00033,TORONTO_UTE92_0130
TORONTO_UTE92_STU00034,TORONTO_UTE92_0076
TORONTO_UTE92_STU00034,TORONTO_UTE92_0131
TORONTO_UTE92_STU00034,TORONTO_UTE92_0141
TORONTO_UTE92_STU00034,TORONTO_UTE92_0142
TORONTO_UTE92_STU00034,TORONTO_UTE92_0144
TORONTO_UTE92_STU00035,TORONTO_UTE92_0069
TORONTO_UTE92_STU00035,TORONTO_UTE92_0070
TORONTO_UTE92_STU00035,TORONTO_UTE92_0071
TORONTO_UTE92_STU00035,TORONTO_UTE92_0072
TORONTO_UTE92_STU00035,TORONTO_UTE92_0073
TORONTO_UTE92_STU00036,TORONTO_UTE92_0047
TORONTO_UTE92_STU00037,TORONTO_UTE92_0013
TORONTO_UTE92_STU00038,TORONTO_UTE92_0009
TORONTO_UTE92_STU00038,TORONTO_UTE92_0066
TORONTO_UTE92_STU00038,TORONTO_UTE92_0130
TORONTO_UTE92_STU00039,TORONTO_UTE92_0012
TORONTO_UTE92_STU00039,TORONTO_UTE92_0130
TORONTO_UTE92_STU00040,TORONTO_UTE92_0114
TORONTO_UTE92_STU00040,TORONTO_UTE92_0116
TORONTO_UTE92_STU00040,TORONTO_UTE92_0117
TORONTO_UTE92_STU00040,TORONTO_UTE92_0119
TORONTO_UTE92_STU00041,TORONTO_UTE92_0130
TORONTO_UTE92_STU00042,TORONTO_UTE92_0047
TORONTO_UTE92_STU00042,TORONTO_UTE92_0048
TORONTO_UTE92_STU00042,TORONTO_UTE92_0049
TORONTO_UTE92_STU00042,TORONTO_UTE92_0050
TORONTO_UTE92_STU00042,TORONTO_UTE92_0143
TORONTO_UTE92_STU00043,TORONTO_UTE92_0049
TORONTO_UTE92_STU00043,TORONTO_UTE92_0107
TORONTO_UTE92_STU00044,TORONTO_UTE92_0056
TORONTO_UTE92_STU00044,TORONTO_UTE92_0058
TORONTO_UTE92_STU00044,TORONTO_UTE92_0061
TORONTO_UTE92_STU00044,TORONTO_UTE92_0062
TORONTO_UTE92_STU00045,TORONTO_UTE92_0056
TORONTO_UTE92_STU00045,TORONTO_UTE92_0058
TORONTO_UTE92_STU00045,TORONTO_UTE92_0061
TORONTO_UTE92_STU00045,TORONTO_UTE92_0062
TORONTO_UTE92_STU00046,TORONTO_UTE92_0008
TORONTO_UTE92_STU00046,TORONTO_UTE92_0013
TORONTO_UTE92_STU00047,TORONTO_UTE92_0136
TORONTO_UTE92_STU00048,TORONTO_UTE92_0067
TORONTO_UTE92_STU00049,TORONTO_UTE92_0067
TORONTO_UTE92_STU00050,TORONTO_UTE92_0130
TORONTO_UTE92_STU00051,TORONTO_UTE92_0130
TORONTO_UTE92_STU00052,TORONTO_UTE92_0064
TORONTO_UTE92_STU00053,TORONTO_UTE92_0067
TORONTO_UTE92_STU00054,TORONTO_UTE92_0067
TORONTO_UTE92_STU00054,TORONTO_UTE92_0107
TORONTO_UTE92_STU00055,TORONTO_UTE92_0136
TORONTO_UTE92_STU00056,TORONTO_UTE92_0011
TORONTO_UTE92_STU00057,TORONTO_UTE92_0013
TORONTO_UTE92_STU00058,TORONTO_UTE92_0008
TORONTO_UTE92_STU00059,TORONTO_UTE92_0169
TORONTO_UTE92_STU00060,TORONTO_UTE92_0136
TORONTO_UTE92_STU00061,TORONTO_UTE92_0048
TORONTO_UTE92_STU00062,TORONTO_UTE92_0033
TORONTO_UTE92_STU00062,TORONTO_UTE92_0036
TORONTO_UTE92_STU00063,TORONTO_UTE92_0045
TORONTO_UTE92_STU00063,TORONTO_UTE92_0066
TORONTO_UTE92_STU00063,TORONTO_UTE92_0104
TORONTO_UTE92_STU00063,TORONTO_UTE92_0130
TORONTO_UTE92_STU00064,TORONTO_UTE92_0057
TORONTO_UTE92_STU00064,TORONTO_UTE92_0061
TORONTO_UTE92_STU00065,TORONTO_UTE92_0076
TORONTO_UTE92_STU00065,TORONTO_UTE92_0144
TORONTO_UTE92_STU00066,TORONTO_UTE92_0018
TORONTO_UTE92_STU00066,TORONTO_UTE92_0019
TORONTO_UTE92_STU00066,TORONTO_UTE92_0020
TORONTO_UTE92_STU00066,TORONTO_UTE92_0021
TORONTO_UTE92_STU00067,TORONTO_UTE92_0053
TORONTO_UTE92_STU00067,TORONTO_UTE92_0055
TORONTO_UTE92_STU00068,TORONTO_UTE92_0020
TORONTO_UTE92_STU00068,TORONTO_UTE92_0132
TORONTO_UTE92_STU00069,TORONTO_UTE92_0070
TORONTO_UTE92_STU00069,TORONTO_UTE92_0087
TORONTO_UTE92_STU00069,TORONTO_UTE92_0090
TORONTO_UTE92_STU00069,TORONTO_UTE92_0091
TORONTO_UTE92_STU00069,TORONTO_UTE92_0099
TORONTO_UTE92_STU00070,TORONTO_UTE92_0053
TORONTO_UTE92_STU00070,TORONTO_UTE92_0055
TORONTO_UTE92_STU00070,TORONTO_UTE92_0060
TORONTO_UTE92_STU00070,TORONTO_UTE92_0061
TORONTO_UTE92_STU00071,TORONTO_UTE92_0051
TORONTO_UTE92_STU00071,TORONTO_UTE92_0052
TORONTO_UTE92_STU00071,TORONTO_UTE92_0053
TORONTO_UTE92_STU00071,TORONTO_UTE92_0054
TORONTO_UTE92_STU00071,TORONTO_UTE92_0055
TORONTO_UTE92_STU00072,TORONTO_UTE92_0154
TORONTO_UTE92_STU00072,TORONTO_UTE92_0158
TORONTO_UTE92_STU00072,TORONTO_UTE92_0162
TORONTO_UTE92_STU00073,TORONTO_UTE92_0120
TORONTO_UTE92_STU00073,TORONTO_UTE92_0121
TORONTO_UTE92_STU00073,TORONTO_UTE92_0122
TORONTO_UTE92_STU00073,TORONTO_UTE92_0123
TORONTO_UTE92_STU00073,TORONTO_UTE92_0124
TORONTO_UTE92_STU00074,TORONTO_UTE92_0129
TORONTO_UTE92_STU00074,TORONTO_UTE92_0154
TORONTO_UTE92_STU00074,TORONTO_UTE92_0160
TORONTO_UTE92_STU00075,TORONTO_UTE92_0172
TORONTO_UTE92_STU00075,TORONTO_UTE92_0176
TORONTO_UTE92_STU00076,TORONTO_UTE92_0056
TORONTO_UTE92_STU00076,TORONTO_UTE92_0058
TORONTO_UTE92_STU00076,TORONTO_UTE92_0060
TORONTO_UTE92_STU00077,TORONTO_UTE92_0057
TORONTO_UTE92_STU00078,TORONTO_UTE92_0022
TORONTO_UTE92_STU00078,TORONTO_UTE92_0023
TORONTO_UTE92_STU00078,TORONTO_UTE92_0025
TORONTO_UTE92_STU00079,TORONTO_UTE92_0051
TORONTO_UTE92_STU00079,TORONTO_UTE92_0052
TORONTO_UTE92_STU00079,TORONTO_UTE92_0053
TORONTO_UTE92_STU00079,TORONTO_UTE92_0054
TORONTO_UTE92_STU00079,TORONTO_UTE92_0055
TORONTO_UTE92_STU00080,TORONTO_UTE92_0022
TORONTO_UTE92_STU00080,TORONTO_UTE92_0023
TORONTO_UTE92_STU00080,TORONTO_UTE92_0025
TORONTO_UTE92_STU00080,TORONTO_UTE92_0026
TORONTO_UTE92_STU00080,TORONTO_UTE92_0028
TORONTO_UTE92_STU00081,TORONTO_UTE92_0033
TORONTO_UTE92_STU00082,TORONTO_UTE92_0018
TORONTO_UTE92_STU00082,TORONTO_UTE92_0019
TORONTO_UTE92_STU00082,TORONTO_UTE92_0020
TORONTO_UTE92_STU00082,TORONTO_UTE92_0021
TORONTO_UTE92_STU00082,TORONTO_UTE92_0100
TORONTO_UTE92_STU00083,TORONTO_UTE92_0018
TORONTO_UTE92_STU00083,TORONTO_UTE92_0019
TORONTO_UTE92_STU00083,TORONTO_UTE92_0020
TORONTO_UTE92_STU00083,TORONTO_UTE92_0021
TORONTO_UTE92_STU00084,TORONTO_UTE92_0045
TORONTO_UTE92_STU00084,TORONTO_UTE92_0066
TORONTO_UTE92_STU00084,TORONTO_UTE92_0073
TORONTO_UTE92_STU00084,TORONTO_UTE92_0130
TORONTO_UTE92_STU00084,TORONTO_UTE92_0136
TORONTO_UTE92_STU00085,TORONTO_UTE92_0149
TORONTO_UTE92_STU00085,TORONTO_UTE92_0172
TORONTO_UTE92_STU00085,TORONTO_UTE92_0173
TORONTO_UTE92_STU00085,TORONTO_UTE92_0175
TORONTO_UTE92_STU00085,TORONTO_UTE92_0177
TORONTO_UTE92_STU00086,TORONTO_UTE92_0008
TORONTO_UTE92_STU00086,TORONTO_UTE92_0107
TORONTO_UTE92_STU00086,TORONTO_UTE92_0132
TORONTO_UTE92_STU00086,TORONTO_UTE92_0135
TORONTO_UTE92_STU00087,TORONTO_UTE92_0056
TORONTO_UTE92_STU00087,TORONTO_UTE92_0058
TORONTO_UTE92_STU00087,TORONTO_UTE92_0060
TORONTO_UTE92_STU00088,TORONTO_UTE92_0047
TORONTO_UTE92_STU00088,TORONTO_UTE92_0048
TORONTO_UTE92_STU00088,TORONTO_UTE92_0049
TORONTO_UTE92_STU00088,TORONTO_UTE92_0050
TORONTO_UTE92_STU00089,TORONTO_UTE92_0145
TORONTO_UTE92_STU00089,TORONTO_UTE92_0146
TORONTO_UTE92_STU00089,TORONTO_UTE92_0148
TORONTO_UTE92_STU00089,TORONTO_UTE92_0151
TORONTO_UTE92_STU00089,TORONTO_UTE92_0161
TORONTO_UTE92_STU00090,TORONTO_UTE92_0022
TORONTO_UTE92_STU00090,TORONTO_UTE92_0023
TORONTO_UTE92_STU00090,TORONTO_UTE92_0025
TORONTO_UTE92_STU00090,TORONTO_UTE92_0026
TORONTO_UTE92_STU00090,TORONTO_UTE92_0028
TORONTO_UTE92_STU00091,TORONTO_UTE92_0008
TORONTO_UTE92_STU00091,TORONTO_UTE92_0017
TORONTO_UTE92_STU00091,TORONTO_UTE92_0067
TORONTO_UTE92_STU00091,TORONTO_UTE92_0109
TORONTO_UTE92_STU00091,TORONTO_UTE92_0132
TORONTO_UTE92_STU00092,TORONTO_UTE92_0057
TORONTO_UTE92_STU00092,TORONTO_UTE92_0060
TORONTO_UTE92_STU00092,TORONTO_UTE92_0062
TORONTO_UTE92_STU00093,TORONTO_UTE92_0118
TORONTO_UTE92_STU00093,TORONTO_UTE92_0129
TORONTO_UTE92_STU00093,TORONTO_UTE92_0154
TORONTO_UTE92_STU00093,TORONTO_UTE92_0160
TORONTO_UTE92_STU00094,TORONTO_UTE92_0049
TORONTO_UTE92_STU00094,TORONTO_UTE92_0128
TORONTO_UTE92_STU00095,TORONTO_UTE92_0014
TORONTO_UTE92_STU00095,TORONTO_UTE92_0018
TORONTO_UTE92_STU00095,TORONTO_UTE92_0019
TORONTO_UTE92_STU00095,TORONTO_UTE92_0020
TORONTO_UTE92_STU00095,TORONTO_UTE92_0021
TORONTO_UTE92_STU00096,TORONTO_UTE92_0067
TORONTO_UTE92_STU00097,TORONTO_UTE92_0051
TORONTO_UTE92_STU00097,TORONTO_UTE92_0052
TORONTO_UTE92_STU00097,TORONTO_UTE92_0053
TORONTO_UTE92_STU00097,TORONTO_UTE92_0054
TORONTO_UTE92_STU00097,TORONTO_UTE92_0055
TORONTO_UTE92_STU00098,TORONTO_UTE92_0171
TORONTO_UTE92_STU00099,TORONTO_UTE92_0051
TORONTO_UTE92_STU00099,TORONTO_UTE92_0052
TORONTO_UTE92_STU00099,TORONTO_UTE92_0054
TORONTO_UTE92_STU00099,TORONTO_UTE92_0055
TORONTO_UTE92_STU00100,TORONTO_UTE92_0056
TORONTO_UTE92_STU00100,TORONTO_UTE92_0061
TORONTO_UTE92_STU00100,TORONTO_UTE92_0062
TORONTO_UTE92_STU00101,TORONTO_UTE92_0145
TORONTO_UTE92_STU00101,TORONTO_UTE92_0146
TORONTO_UTE92_STU00101,TORONTO_UTE92_0148
TORONTO_UTE92_STU00101,TORONTO_UTE92_0151
TORONTO_UTE92_STU00102,TORONTO_UTE92_0047
TORONTO_UTE92_STU00102,TORONTO_UTE92_0048
TORONTO_UTE92_STU00102,TORONTO_UTE92_0049
TORONTO_UTE92_STU00102,TORONTO_UTE92_0050
TORONTO_UTE92_STU00103,TORONTO_UTE92_0051
TORONTO_UTE92_STU00103,TORONTO_UTE92_0052
TORONTO_UTE92_STU00103,TORONTO_UTE92_0053
TORONTO_UTE92_STU00103,TORONTO_UTE92_0054
TORONTO_UTE92_STU00103,TORONTO_UTE92_0055
TORONTO_UTE92_STU00104,TORONTO_UTE92_0120
TORONTO_UTE92_STU00104,TORONTO_UTE92_0121
TORONTO_UTE92_STU00104,TORONTO_UTE92_0123
TORONTO_UTE92_STU00104,TORONTO_UTE92_0124
TORONTO_UTE92_STU00105,TORONTO_UTE92_0077
TORONTO_UTE92_STU00105,TORONTO_UTE92_0078
TORONTO_UTE92_STU00105,TORONTO_UTE92_0079
TORONTO_UTE92_STU00105,TORONTO_UTE92_0080
TORONTO_UTE92_STU00106,TORONTO_UTE92_0112
TORONTO_UTE92_STU00106,TORONTO_UTE92_0113
TORONTO_UTE92_STU00106,TORONTO_UTE92_0139
TORONTO_UTE92_STU00106,TORONTO_UTE92_0170
TORONTO_UTE92_STU00107,TORONTO_UTE92_0086
TORONTO_UTE92_STU00107,TORONTO_UTE92_0158
TORONTO_UTE92_STU00107,TORONTO_UTE92_0162
TORONTO_UTE92_STU00108,TORONTO_UTE92_0004
TORONTO_UTE92_STU00108,TORONTO_UTE92_0007
TORONTO_UTE92_STU00108,TORONTO_UTE92_0091
TORONTO_UTE92_STU00109,TORONTO_UTE92_0059
TORONTO_UTE92_STU00109,TORONTO_UTE92_0061
TORONTO_UTE92_STU00109,TORONTO_UTE92_0062
TORONTO_UTE92_STU00109,TORONTO_UTE92_0120
TORONTO_UTE92_STU00110,TORONTO_UTE92_0034
TORONTO_UTE92_STU00110,TORONTO_UTE92_0035
TORONTO_UTE92_STU00110,TORONTO_UTE92_0165
TORONTO_UTE92_STU00110,TORONTO_UTE92_0182
TORONTO_UTE92_STU00111,TORONTO_UTE92_0129
TORONTO_UTE92_STU00111,TORONTO_UTE92_0154
TORONTO_UTE92_STU00111,TORONTO_UTE92_0160
TORONTO_UTE92_STU00111,TORONTO_UTE92_0162
TORONTO_UTE92_STU00112,TORONTO_UTE92_0087
TORONTO_UTE92_STU00112,TORONTO_UTE92_0091
TORONTO_UTE92_STU00112,TORONTO_UTE92_0096
TORONTO_UTE92_STU00113,TORONTO_UTE92_0033
TORONTO_UTE92_STU00113,TORONTO_UTE92_0042
TORONTO_UTE92_STU00113,TORONTO_UTE92_0061
TORONTO_UTE92_STU00114,TORONTO_UTE92_0033
TORONTO_UTE92_STU00114,TORONTO_UTE92_0036
TORONTO_UTE92_STU00115,TORONTO_UTE92_0077
TORONTO_UTE92_STU00115,TORONTO_UTE92_0078
TORONTO_UTE92_STU00115,TORONTO_UTE92_0079
TORONTO_UTE92_STU00115,TORONTO_UTE92_0081
TORONTO_UTE92_STU00116,TORONTO_UTE92_0090
TORONTO_UTE92_STU00116,TORONTO_UTE92_0092
TORONTO_UTE92_STU00116,TORONTO_UTE92_0094
TORONTO_UTE92_STU00116,TORONTO_UTE92_0097
TORONTO_UTE92_STU00117,TORONTO_UTE92_0087
TORONTO_UTE92_STU00117,TORONTO_UTE92_0089
TORONTO_UTE92_STU00117,TORONTO_UTE92_0096
TORONTO_UTE92_STU00118,TORONTO_UTE92_0076
TORONTO_UTE92_STU00118,TORONTO_UTE92_0131
TORONTO_UTE92_STU00118,TORONTO_UTE92_0141
TORONTO_UTE92_STU00118,TORONTO_UTE92_0142
TORONTO_UTE92_STU00118,TORONTO_UTE92_0144
TORONTO_UTE92_STU00119,TORONTO_UTE92_0056
TORONTO_UTE92_STU00119,TORONTO_UTE92_0059
TORONTO_UTE92_STU00119,TORONTO_UTE92_0061
TORONTO_UTE92_STU00120,TORONTO_UTE92_0037
TORONTO_UTE92_STU00120,TORONTO_UTE92_0038
TORONTO_UTE92_STU00120,TORONTO_UTE92_0039
TORONTO_UTE92_STU00121,TORONTO_UTE92_0031
TORONTO_UTE92_STU00121,TORONTO_UTE92_0033
TORONTO_UTE92_STU00121,TORONTO_UTE92_0039
TORONTO_UTE92_STU00122,TORONTO_UTE92_0031
TORONTO_UTE92_STU00122,TORONTO_UTE92_0033
TORONTO_UTE92_STU00122,TORONTO_UTE92_0129
TORONTO_UTE92_STU00123,TORONTO_UTE92_0086
TORONTO_UTE92_STU00123,TORONTO_UTE92_0120
TORONTO_UTE92_STU00123,TORONTO_UTE92_0122
TORONTO_UTE92_STU00124,TORONTO_UTE92_0154
TORONTO_UTE92_STU00124,TORONTO_UTE92_0158
TORONTO_UTE92_STU00124,TORONTO_UTE92_0160
TORONTO_UTE92_STU00124,TORONTO_UTE92_0162
TORONTO_UTE92_STU00125,TORONTO_UTE92_0023
TORONTO_UTE92_STU00125,TORONTO_UTE92_0024
TORONTO_UTE92_STU00125,TORONTO_UTE92_0031
TORONTO_UTE92_STU00125,TORONTO_UTE92_0033
TORONTO_UTE92_STU00126,TORONTO_UTE92_0145
TORONTO_UTE92_STU00126,TORONTO_UTE92_0146
TORONTO_UTE92_STU00126,TORONTO_UTE92_0148
TORONTO_UTE92_STU00126,TORONTO_UTE92_0151
TORONTO_UTE92_STU00126,TORONTO_UTE92_0152
TORONTO_UTE92_STU00127,TORONTO_UTE92_0077
TORONTO_UTE92_STU00127,TORONTO_UTE92_0078
TORONTO_UTE92_STU00127,TORONTO_UTE92_0079
TORONTO_UTE92_STU00127,TORONTO_UTE92_0080
TORONTO_UTE92_STU00127,TORONTO_UTE92_0081
TORONTO_UTE92_STU00128,TORONTO_UTE92_0057
TORONTO_UTE92_STU00128,TORONTO_UTE92_0059
TORONTO_UTE92_STU00128,TORONTO_UTE92_0060
TORONTO_UTE92_STU00128,TORONTO_UTE92_0061
TORONTO_UTE92_STU00129,TORONTO_UTE92_0001
TORONTO_UTE92_STU00129,TORONTO_UTE92_0002
TORONTO_UTE92_STU00129,TORONTO_UTE92_0003
TORONTO_UTE92_STU00129,TORONTO_UTE92_0065
TORONTO_UTE92_STU00130,TORONTO_UTE92_0056
TORONTO_UTE92_STU00130,TORONTO_UTE92_0061
TORONTO_UTE92_STU00130,TORONTO_UTE92_0062
TORONTO_UTE92_STU00131,TORONTO_UTE92_0152
TORONTO_UTE92_STU00131,TORONTO_UTE92_0154
TORONTO_UTE92_STU00131,TORONTO_UTE92_0158
TORONTO_UTE92_STU00131,TORONTO_UTE92_0162
TORONTO_UTE92_STU00132,TORONTO_UTE92_0087
TORONTO_UTE92_STU00133,TORONTO_UTE92_0148
TORONTO_UTE92_STU00133,TORONTO_UTE92_0158
TORONTO_UTE92_STU00133,TORONTO_UTE92_0160
TORONTO_UTE92_STU00133,TORONTO_UTE92_0162
TORONTO_UTE92_STU00134,TORONTO_UTE92_0036
TORONTO_UTE92_STU00134,TORONTO_UTE92_0090
TORONTO_UTE92_STU00134,TORONTO_UTE92_0093
TORONTO_UTE92_STU00134,TORONTO_UTE92_0095
TORONTO_UTE92_STU00135,TORONTO_UTE92_0093
TORONTO_UTE92_STU00135,TORONTO_UTE92_0095
TORONTO_UTE92_STU00135,TORONTO_UTE92_0097
TORONTO_UTE92_STU00136,TORONTO_UTE92_0068
TORONTO_UTE92_STU00136,TORONTO_UTE92_0108
TORONTO_UTE92_STU00136,TORONTO_UTE92_0134
TORONTO_UTE92_STU00136,TORONTO_UTE92_0137
TORONTO_UTE92_STU00136,TORONTO_UTE92_0167
TORONTO_UTE92_STU00137,TORONTO_UTE92_0031
TORONTO_UTE92_STU00137,TORONTO_UTE92_0033
TORONTO_UTE92_STU00137,TORONTO_UTE92_0038
TORONTO_UTE92_STU00138,TORONTO_UTE92_0129
TORONTO_UTE92_STU00139,TORONTO_UTE92_0129
TORONTO_UTE92_STU00139,TORONTO_UTE92_0160
TORONTO_UTE92_STU00139,TORONTO_UTE92_0162
TORONTO_UTE92_STU00140,TORONTO_UTE92_0034
TORONTO_UTE92_STU00140,TORONTO_UTE92_0035
TORONTO_UTE92_STU00140,TORONTO_UTE92_0163
TORONTO_UTE92_STU00141,TORONTO_UTE92_0025
TORONTO_UTE92_STU00141,TORONTO_UTE92_0026
TORONTO_UTE92_STU00142,TORONTO_UTE92_0118
TORONTO_UTE92_STU00142,TORONTO_UTE92_0129
TORONTO_UTE92_STU00142,TORONTO_UTE92_0154
TORONTO_UTE92_STU00142,TORONTO_UTE92_0160
TORONTO_UTE92_STU00142,TORONTO_UTE92_0162
TORONTO_UTE92_STU00143,TORONTO_UTE92_0051
TORONTO_UTE92_STU00143,TORONTO_UTE92_0052
TORONTO_UTE92_STU00143,TORONTO_UTE92_0053
TORONTO_UTE92_STU00143,TORONTO_UTE92_0054
TORONTO_UTE92_STU00143,TORONTO_UTE92_0055
TORONTO_UTE92_STU00144,TORONTO_UTE92_0088
TORONTO_UTE92_STU00144,TORONTO_UTE92_0089
TORONTO_UTE92_STU00144,TORONTO_UTE92_0093
TORONTO_UTE92_STU00144,TORONTO_UTE92_0094
TORONTO_UTE92_STU00145,TORONTO_UTE92_0036
TORONTO_UTE92_STU00145,TORONTO_UTE92_0120
TORONTO_UTE92_STU00145,TORONTO_UTE92_0121
TORONTO_UTE92_STU00145,TORONTO_UTE92_0122
TORONTO_UTE92_STU00145,TORONTO_UTE92_0123
TORONTO_UTE92_STU00146,TORONTO_UTE92_0092
TORONTO_UTE92_STU00146,TORONTO_UTE92_0093
TORONTO_UTE92_STU00146,TORONTO_UTE92_0094
TORONTO_UTE92_STU00146,TORONTO_UTE92_0096
TORONTO_UTE92_STU00147,TORONTO_UTE92_0030
TORONTO_UTE92_STU00147,TORONTO_UTE92_0149
TORONTO_UTE92_STU00147,TORONTO_UTE92_0172
TORONTO_UTE92_STU00147,TORONTO_UTE92_0173
TORONTO_UTE92_STU00147,TORONTO_UTE92_0175
TORONTO_UTE92_STU00148,TORONTO_UTE92_0129
TORONTO_UTE92_STU00148,TORONTO_UTE92_0159
TORONTO_UTE92_STU00148,TORONTO_UTE92_0160
TORONTO_UTE92_STU00148,TORONTO_UTE92_0162
TORONTO_UTE92_STU00149,TORONTO_UTE92_0056
TORONTO_UTE92_STU00149,TORONTO_UTE92_0060
TORONTO_UTE92_STU00149,TORONTO_UTE92_0061
TORONTO_UTE92_STU00149,TORONTO_UTE92_0062
TORONTO_UTE92_STU00150,TORONTO_UTE92_0090
TORONTO_UTE92_STU00150,TORONTO_UTE92_0093
TORONTO_UTE92_STU00150,TORONTO_UTE92_0094
TORONTO_UTE92_STU00151,TORONTO_UTE92_0031
TORONTO_UTE92_STU00151,TORONTO_UTE92_0033
TORONTO_UTE92_STU00151,TORONTO_UTE92_0039
TORONTO_UTE92_STU00152,TORONTO_UTE92_0056
TORONTO_UTE92_STU00152,TORONTO_UTE92_0058
TORONTO_UTE92_STU00152,TORONTO_UTE92_0059
TORONTO_UTE92_STU00153,TORONTO_UTE92_0056
TORONTO_UTE92_STU00153,TORONTO_UTE92_0060
TORONTO_UTE92_STU00153,TORONTO_UTE92_0061
TORONTO_UTE92_STU00153,TORONTO_UTE92_0062
TORONTO_UTE92_STU00154,TORONTO_UTE92_0064
TORONTO_UTE92_STU00154,TORONTO_UTE92_0131
TORONTO_UTE92_STU00154,TORONTO_UTE92_0168
TORONTO_UTE92_STU00154,TORONTO_UTE92_0169
TORONTO_UTE92_STU00154,TORONTO_UTE92_0183
TORONTO_UTE92_STU00155,TORONTO_UTE92_0129
TORONTO_UTE92_STU00155,TORONTO_UTE92_0160
TORONTO_UTE92_STU00155,TORONTO_UTE92_0162
TORONTO_UTE92_STU00156,TORONTO_UTE92_0090
TORONTO_UTE92_STU00156,TORONTO_UTE92_0091
TORONTO_UTE92_STU00156,TORONTO_UTE92_0180
TORONTO_UTE92_STU00157,TORONTO_UTE92_0033
TORONTO_UTE92_STU00157,TORONTO_UTE92_0036
TORONTO_UTE92_STU00158,TORONTO_UTE92_0022
TORONTO_UTE92_STU00158,TORONTO_UTE92_0023
TORONTO_UTE92_STU00158,TORONTO_UTE92_0024
TORONTO_UTE92_STU00158,TORONTO_UTE92_0026
TORONTO_UTE92_STU00159,TORONTO_UTE92_0057
TORONTO_UTE92_STU00159,TORONTO_UTE92_0059
TORONTO_UTE92_STU00159,TORONTO_UTE92_0061
TORONTO_UTE92_STU00159,TORONTO_UTE92_0062
TORONTO_UTE92_STU00160,TORONTO_UTE92_0036
TORONTO_UTE92_STU00160,TORONTO_UTE92_0077
TORONTO_UTE92_STU00160,TORONTO_UTE92_0093
TORONTO_UTE92_STU00160,TORONTO_UTE92_0095
TORONTO_UTE92_STU00160,TORONTO_UTE92_0096
TORONTO_UTE92_STU00161,TORONTO_UTE92_0008
TORONTO_UTE92_STU00161,TORONTO_UTE92_0067
TORONTO_UTE92_STU00161,TORONTO_UTE92_0107
TORONTO_UTE92_STU00161,TORONTO_UTE92_0136
TORONTO_UTE92_STU00162,TORONTO_UTE92_0056
TORONTO_UTE92_STU00162,TORONTO_UTE92_0058
TORONTO_UTE92_STU00162,TORONTO_UTE92_0059
TORONTO_UTE92_STU00162,TORONTO_UTE92_0062
TORONTO_UTE92_STU00163,TORONTO_UTE92_0047
TORONTO_UTE92_STU00163,TORONTO_UTE92_0048
TORONTO_UTE92_STU00163,TORONTO_UTE92_0049
TORONTO_UTE92_STU00163,TORONTO_UTE92_0050
TORONTO_UTE92_STU00164,TORONTO_UTE92_0031
TORONTO_UTE92_STU00164,TORONTO_UTE92_0033
TORONTO_UTE92_STU00164,TORONTO_UTE92_0043
TORONTO_UTE92_STU00165,TORONTO_UTE92_0086
TORONTO_UTE92_STU00165,TORONTO_UTE92_0158
TORONTO_UTE92_STU00165,TORONTO_UTE92_0159
TORONTO_UTE92_STU00165,TORONTO_UTE92_0162
TORONTO_UTE92_STU00166,TORONTO_UTE92_0093
TORONTO_UTE92_STU00166,TORONTO_UTE92_0095
TORONTO_UTE92_STU00166,TORONTO_UTE92_0097
TORONTO_UTE92_STU00167,TORONTO_UTE92_0120
TORONTO_UTE92_STU00167,TORONTO_UTE92_0121
TORONTO_UTE92_STU00167,TORONTO_UTE92_0122
TORONTO_UTE92_STU00167,TORONTO_UTE92_0123
TORONTO_UTE92_STU00168,TORONTO_UTE92_0120
TORONTO_UTE92_STU00168,TORONTO_UTE92_0121
TORONTO_UTE92_STU00168,TORONTO_UTE92_0122
TORONTO_UTE92_STU00168,TORONTO_UTE92_0123
TORONTO_UTE92_STU00169,TORONTO_UTE92_0149
TORONTO_UTE92_STU00169,TORONTO_UTE92_0175
TORONTO_UTE92_STU00170,TORONTO_UTE92_0129
TORONTO_UTE92_STU00170,TORONTO_UTE92_0154
TORONTO_UTE92_STU00170,TORONTO_UTE92_0160
TORONTO_UTE92_STU00170,TORONTO_UTE92_0162
TORONTO_UTE92_STU00171,TORONTO_UTE92_0129
TORONTO_UTE92_STU00171,TORONTO_UTE92_0158
TORONTO_UTE92_STU00171,TORONTO_UTE92_0162
TORONTO_UTE92_STU00171,TORONTO_UTE92_0164
TORONTO_UTE92_STU00172,TORONTO_UTE92_0086
TORONTO_UTE92_STU00172,TORONTO_UTE92_0129
TORONTO_UTE92_STU00172,TORONTO_UTE92_0154
TORONTO_UTE92_STU00173,TORONTO_UTE92_0129
TORONTO_UTE92_STU00173,TORONTO_UTE92_0154
TORONTO_UTE92_STU00173,TORONTO_UTE92_0158
TORONTO_UTE92_STU00174,TORONTO_UTE92_0077
TORONTO_UTE92_STU00174,TORONTO_UTE92_0078
TORONTO_UTE92_STU00174,TORONTO_UTE92_0079
TORONTO_UTE92_STU00174,TORONTO_UTE92_0080
TORONTO_UTE92_STU00175,TORONTO_UTE92_0115
TORONTO_UTE92_STU00175,TORONTO_UTE92_0129
TORONTO_UTE92_STU00175,TORONTO_UTE92_0154
TORONTO_UTE92_STU00175,TORONTO_UTE92_0160
TORONTO_UTE92_STU00175,TORONTO_UTE92_0162
TORONTO_UTE92_STU00176,TORONTO_UTE92_0152
TORONTO_UTE92_STU00176,TORONTO_UTE92_0154
TORONTO_UTE92_STU00176,TORONTO_UTE92_0158
TORONTO_UTE92_STU00176,TORONTO_UTE92_0162
TORONTO_UTE92_STU00177,TORONTO_UTE92_0129
TORONTO_UTE92_STU00177,TORONTO_UTE92_0153
TORONTO_UTE92_STU00177,TORONTO_UTE92_0154
TORONTO_UTE92_STU00177,TORONTO_UTE92_0162
TORONTO_UTE92_STU00178,TORONTO_UTE92_0022
TORONTO_UTE92_STU00178,TORONTO_UTE92_0023
TORONTO_UTE92_STU00178,TORONTO_UTE92_0025
TORONTO_UTE92_STU00178,TORONTO_UTE92_0026
TORONTO_UTE92_STU00178,TORONTO_UTE92_0028
TORONTO_UTE92_STU00179,TORONTO_UTE92_0086
TORONTO_UTE92_STU00179,TORONTO_UTE92_0129
TORONTO_UTE92_STU00179,TORONTO_UTE92_0162
TORONTO_UTE92_STU00180,TORONTO_UTE92_0022
TORONTO_UTE92_STU00180,TORONTO_UTE92_0023
TORONTO_UTE92_STU00180,TORONTO_UTE92_0025
TORONTO_UTE92_STU00180,TORONTO_UTE92_0026
TORONTO_UTE92_STU00180,TORONTO_UTE92_0028
TORONTO_UTE92_STU00181,TORONTO_UTE92_0051
TORONTO_UTE92_STU00181,TORONTO_UTE92_0052
TORONTO_UTE92_STU00181,TORONTO_UTE92_0053
TORONTO_UTE92_STU00181,TORONTO_UTE92_0054
TORONTO_UTE92_STU00182,TORONTO_UTE92_0127
TORONTO_UTE92_STU00182,TORONTO_UTE92_0178
TORONTO_UTE92_STU00182,TORONTO_UTE92_0179
TORONTO_UTE92_STU00182,TORONTO_UTE92_0180
TORONTO_UTE92_STU00183,TORONTO_UTE92_0056
TORONTO_UTE92_STU00183,TORONTO_UTE92_0059
TORONTO_UTE92_STU00183,TORONTO_UTE92_0061
TORONTO_UTE92_STU00184,TORONTO_UTE92_0056
TORONTO_UTE92_STU00184,TORONTO_UTE92_0059
TORONTO_UTE92_STU00184,TORONTO_UTE92_0061
TORONTO_UTE92_STU00184,TORONTO_UTE92_0062
TORONTO_UTE92_STU00185,TORONTO_UTE92_0154
TORONTO_UTE92_STU00185,TORONTO_UTE92_0160
TORONTO_UTE92_STU00185,TORONTO_UTE92_0162
TORONTO_UTE92_STU00186,TORONTO_UTE92_0161
TORONTO_UTE92_STU00186,TORONTO_UTE92_0162
TORONTO_UTE92_STU00186,TORONTO_UTE92_0165
TORONTO_UTE92_STU00186,TORONTO_UTE92_0166
TORONTO_UTE92_STU00187,TORONTO_UTE92_0036
TORONTO_UTE92_STU00187,TORONTO_UTE92_0161
TORONTO_UTE92_STU00187,TORONTO_UTE92_0162
TORONTO_UTE92_STU00187,TORONTO_UTE92_0165
TORONTO_UTE92_STU00188,TORONTO_UTE92_0065
TORONTO_UTE92_STU00188,TORONTO_UTE92_0082
TORONTO_UTE92_STU00188,TORONTO_UTE92_0083
TORONTO_UTE92_STU00188,TORONTO_UTE92_0084
TORONTO_UTE92_STU00189,TORONTO_UTE92_0077
TORONTO_UTE92_STU00189,TORONTO_UTE92_0078
TORONTO_UTE92_STU00189,TORONTO_UTE92_0079
TORONTO_UTE92_STU00189,TORONTO_UTE92_0080
TORONTO_UTE92_STU00190,TORONTO_UTE92_0076
TORONTO_UTE92_STU00190,TORONTO_UTE92_0131
TORONTO_UTE92_STU00190,TORONTO_UTE92_0141
TORONTO_UTE92_STU00190,TORONTO_UTE92_0142
TORONTO_UTE92_STU00190,TORONTO_UTE92_0144
TORONTO_UTE92_STU00191,TORONTO_UTE92_0022
TORONTO_UTE92_STU00191,TORONTO_UTE92_0023
TORONTO_UTE92_STU00191,TORONTO_UTE92_0024
TORONTO_UTE92_STU00191,TORONTO_UTE92_0026
TORONTO_UTE92_STU00191,TORONTO_UTE92_0028
TORONTO_UTE92_STU00192,TORONTO_UTE92_0118
TORONTO_UTE92_STU00192,TORONTO_UTE92_0129
TORONTO_UTE92_STU00192,TORONTO_UTE92_0153
TORONTO_UTE92_STU00192,TORONTO_UTE92_0154
TORONTO_UTE92_STU00192,TORONTO_UTE92_0162
TORONTO_UTE92_STU00193,TORONTO_UTE92_0090
TORONTO_UTE92_STU00193,TORONTO_UTE92_0091
TORONTO_UTE92_STU00193,TORONTO_UTE92_0092
TORONTO_UTE92_STU00193,TORONTO_UTE92_0180
TORONTO_UTE92_STU00194,TORONTO_UTE92_0077
TORONTO_UTE92_STU00194,TORONTO_UTE92_0078
TORONTO_UTE92_STU00194,TORONTO_UTE92_0079
TORONTO_UTE92_STU00194,TORONTO_UTE92_0080
TORONTO_UTE92_STU00194,TORONTO_UTE92_0081
TORONTO_UTE92_STU00195,TORONTO_UTE92_0093
TORONTO_UTE92_STU00195,TORONTO_UTE92_0095
TORONTO_UTE92_STU00195,TORONTO_UTE92_0097
TORONTO_UTE92_STU00195,TORONTO_UTE92_0098
TORONTO_UTE92_STU00196,TORONTO_UTE92_0090
TORONTO_UTE92_STU00196,TORONTO_UTE92_0092
TORONTO_UTE92_STU00196,TORONTO_UTE92_0096
TORONTO_UTE92_STU00196,TORONTO_UTE92_0098
TORONTO_UTE92_STU00197,TORONTO_UTE92_0056
TORONTO_UTE92_STU00197,TORONTO_UTE92_0060
TORONTO_UTE92_STU00197,TORONTO_UTE92_0061
TORONTO_UTE92_STU00198,TORONTO_UTE92_0031
TORONTO_UTE92_STU00198,TORONTO_UTE92_0033
TORONTO_UTE92_STU00199,TORONTO_UTE92_0033
TORONTO_UTE92_STU00199,TORONTO_UTE92_0061
TORONTO_UTE92_STU00200,TORONTO_UTE92_0022
TORONTO_UTE92_STU00200,TORONTO_UTE92_0023
TORONTO_UTE92_STU00200,TORONTO_UTE92_0024
TORONTO_UTE92_STU00200,TORONTO_UTE92_0026
TORONTO_UTE92_STU00201,TORONTO_UTE92_0047
TORONTO_UTE92_STU00201,TORONTO_UTE92_0048
TORONTO_UTE92_STU00201,TORONTO_UTE92_0049
TORONTO_UTE92_STU00201,TORONTO_UTE92_0050
TORONTO_UTE92_STU00202,TORONTO_UTE92_0004
TORONTO_UTE92_STU00202,TORONTO_UTE92_0005
TORONTO_UTE92_STU00202,TORONTO_UTE92_0007
TORONTO_UTE92_STU00202,TORONTO_UTE92_0147
TORONTO_UTE92_STU00203,TORONTO_UTE92_0086
TORONTO_UTE92_STU00203,TORONTO_UTE92_0154
TORONTO_UTE92_STU00203,TORONTO_UTE92_0158
TORONTO_UTE92_STU00204,TORONTO_UTE92_0037
TORONTO_UTE92_STU00205,TORONTO_UTE92_0120
TORONTO_UTE92_STU00205,TORONTO_UTE92_0121
TORONTO_UTE92_STU00205,TORONTO_UTE92_0123
TORONTO_UTE92_STU00205,TORONTO_UTE92_0124
TORONTO_UTE92_STU00206,TORONTO_UTE92_0031
TORONTO_UTE92_STU00206,TORONTO_UTE92_0033
TORONTO_UTE92_STU00207,TORONTO_UTE92_0031
TORONTO_UTE92_STU00207,TORONTO_UTE92_0033
TORONTO_UTE92_STU00207,TORONTO_UTE92_0039
TORONTO_UTE92_STU00208,TORONTO_UTE92_0031
TORONTO_UTE92_STU00208,TORONTO_UTE92_0033
TORONTO_UTE92_STU00209,TORONTO_UTE92_0090
TORONTO_UTE92_STU00209,TORONTO_UTE92_0092
TORONTO_UTE92_STU00209,TORONTO_UTE92_0098
TORONTO_UTE92_STU00209,TORONTO_UTE92_0099
TORONTO_UTE92_STU00210,TORONTO_UTE92_0051
TORONTO_UTE92_STU00210,TORONTO_UTE92_0052
TORONTO_UTE92_STU00210,TORONTO_UTE92_0053
TORONTO_UTE92_STU00210,TORONTO_UTE92_0054
TORONTO_UTE92_STU00211,TORONTO_UTE92_0086
TORONTO_UTE92_STU00211,TORONTO_UTE92_0129
TORONTO_UTE92_STU00211,TORONTO_UTE92_0162
TORONTO_UTE92_STU00212,TORONTO_UTE92_0056
TORONTO_UTE92_STU00212,TORONTO_UTE92_0061
TORONTO_UTE92_STU00212,TORONTO_UTE92_0062
TORONTO_UTE92_STU00213,TORONTO_UTE92_0031
TORONTO_UTE92_STU00213,TORONTO_UTE92_0033
TORONTO_UTE92_STU00213,TORONTO_UTE92_0037
TORONTO_UTE92_STU00214,TORONTO_UTE92_0033
TORONTO_UTE92_STU00214,TORONTO_UTE92_0039
TORONTO_UTE92_STU00215,TORONTO_UTE92_0093
TORONTO_UTE92_STU00215,TORONTO_UTE92_0095
TORONTO_UTE92_STU00215,TORONTO_UTE92_0123
TORONTO_UTE92_STU00216,TORONTO_UTE92_0033
TORONTO_UTE92_STU00216,TORONTO_UTE92_0061
TORONTO_UTE92_STU00217,TORONTO_UTE92_0120
TORONTO_UTE92_STU00217,TORONTO_UTE92_0121
TORONTO_UTE92_STU00217,TORONTO_UTE92_0122
TORONTO_UTE92_STU00217,TORONTO_UTE92_0123
TORONTO_UTE92_STU00217,TORONTO_UTE92_0124
TORONTO_UTE92_STU00218,TORONTO_UTE92_0036
TORONTO_UTE92_STU00218,TORONTO_UTE92_0053
TORONTO_UTE92_STU00218,TORONTO_UTE92_0055
TORONTO_UTE92_STU00218,TORONTO_UTE92_0106
TORONTO_UTE92_STU00219,TORONTO_UTE92_0086
TORONTO_UTE92_STU00219,TORONTO_UTE92_0145
TORONTO_UTE92_STU00219,TORONTO_UTE92_0146
TORONTO_UTE92_STU00219,TORONTO_UTE92_0148
TORONTO_UTE92_STU00220,TORONTO_UTE92_0087
TORONTO_UTE92_STU00220,TORONTO_UTE92_0094
TORONTO_UTE92_STU00220,TORONTO_UTE92_0096
TORONTO_UTE92_STU00221,TORONTO_UTE92_0051
TORONTO_UTE92_STU00221,TORONTO_UTE92_0052
TORONTO_UTE92_STU00221,TORONTO_UTE92_0053
TORONTO_UTE92_STU00221,TORONTO_UTE92_0054
TORONTO_UTE92_STU00221,TORONTO_UTE92_0055
TORONTO_UTE92_STU00222,TORONTO_UTE92_0030
TORONTO_UTE92_STU00222,TORONTO_UTE92_0149
TORONTO_UTE92_STU00222,TORONTO_UTE92_0172
TORONTO_UTE92_STU00222,TORONTO_UTE92_0173
TORONTO_UTE92_STU00222,TORONTO_UTE92_0175
TORONTO_UTE92_STU00223,TORONTO_UTE92_0036
TORONTO_UTE92_STU00223,TORONTO_UTE92_0129
TORONTO_UTE92_STU00223,TORONTO_UTE92_0154
TORONTO_UTE92_STU00223,TORONTO_UTE92_0160
TORONTO_UTE92_STU00224,TORONTO_UTE92_0022
TORONTO_UTE92_STU00224,TORONTO_UTE92_0023
TORONTO_UTE92_STU00224,TORONTO_UTE92_0024
TORONTO_UTE92_STU00224,TORONTO_UTE92_0026
TORONTO_UTE92_STU00224,TORONTO_UTE92_0028
TORONTO_UTE92_STU00225,TORONTO_UTE92_0086
TORONTO_UTE92_STU00225,TORONTO_UTE92_0129
TORONTO_UTE92_STU00225,TORONTO_UTE92_0162
TORONTO_UTE92_STU00226,TORONTO_UTE92_0022
TORONTO_UTE92_STU00226,TORONTO_UTE92_0023
TORONTO_UTE92_STU00226,TORONTO_UTE92_0024
TORONTO_UTE92_STU00226,TORONTO_UTE92_0026
TORONTO_UTE92_STU00226,TORONTO_UTE92_0028
TORONTO_UTE92_STU00227,TORONTO_UTE92_0031
TORONTO_UTE92_STU00227,TORONTO_UTE92_0033
TORONTO_UTE92_STU00227,TORONTO_UTE92_0043
TORONTO_UTE92_STU00228,TORONTO_UTE92_0129
TORONTO_UTE92_STU00228,TORONTO_UTE92_0154
TORONTO_UTE92_STU00228,TORONTO_UTE92_0160
TORONTO_UTE92_STU00228,TORONTO_UTE92_0162
TORONTO_UTE92_STU00229,TORONTO_UTE92_0059
TORONTO_UTE92_STU00229,TORONTO_UTE92_0061
TORONTO_UTE92_STU00229,TORONTO_UTE92_0062
TORONTO_UTE92_STU00230,TORONTO_UTE92_0089
TORONTO_UTE92_STU00230,TORONTO_UTE92_0090
TORONTO_UTE92_STU00230,TORONTO_UTE92_0094
TORONTO_UTE92_STU00231,TORONTO_UTE92_0033
TORONTO_UTE92_STU00231,TORONTO_UTE92_0043
TORONTO_UTE92_STU00231,TORONTO_UTE92_0044
TORONTO_UTE92_STU00232,TORONTO_UTE92_0086
TORONTO_UTE92_STU00232,TORONTO_UTE92_0158
TORONTO_UTE92_STU00232,TORONTO_UTE92_0159
TORONTO_UTE92_STU00232,TORONTO_UTE92_0162
TORONTO_UTE92_STU00233,TORONTO_UTE92_0092
TORONTO_UTE92_STU00233,TORONTO_UTE92_0094
TORONTO_UTE92_STU00233,TORONTO_UTE92_0096
TORONTO_UTE92_STU00233,TORONTO_UTE92_0098
TORONTO_UTE92_STU00234,TORONTO_UTE92_0018
TORONTO_UTE92_STU00234,TORONTO_UTE92_0019
TORONTO_UTE92_STU00234,TORONTO_UTE92_0020
TORONTO_UTE92_STU00235,TORONTO_UTE92_0031
TORONTO_UTE92_STU00235,TORONTO_UTE92_0033
TORONTO_UTE92_STU00236,TORONTO_UTE92_0090
TORONTO_UTE92_STU00236,TORONTO_UTE92_0094
TORONTO_UTE92_STU00236,TORONTO_UTE92_0162
TORONTO_UTE92_STU00237,TORONTO_UTE92_0086
TORONTO_UTE92_STU00237,TORONTO_UTE92_0145
TORONTO_UTE92_STU00237,TORONTO_UTE92_0146
TORONTO_UTE92_STU00237,TORONTO_UTE92_0148
TORONTO_UTE92_STU00238,TORONTO_UTE92_0057
TORONTO_UTE92_STU00238,TORONTO_UTE92_0060
TORONTO_UTE92_STU00238,TORONTO_UTE92_0061
TORONTO_UTE92_STU00238,TORONTO_UTE92_0062
TORONTO_UTE92_STU00239,TORONTO_UTE92_0129
TORONTO_UTE92_STU00239,TORONTO_UTE92_0160
TORONTO_UTE92_STU00239,TORONTO_UTE92_0162
TORONTO_UTE92_STU00240,TORONTO_UTE92_0129
TORONTO_UTE92_STU00240,TORONTO_UTE92_0161
TORONTO_UTE92_STU00240,TORONTO_UTE92_0162
TORONTO_UTE92_STU00240,TORONTO_UTE92_0164
TORONTO_UTE92_STU00241,TORONTO_UTE92_0114
TORONTO_UTE92_STU00241,TORONTO_UTE92_0115
TORONTO_UTE92_STU00241,TORONTO_UTE92_0116
TORONTO_UTE92_STU00241,TORONTO_UTE92_0117
TORONTO_UTE92_STU00241,TORONTO_UTE92_0119
TORONTO_UTE92_STU00242,TORONTO_UTE92_0092
TORONTO_UTE92_STU00242,TORONTO_UTE92_0093
TORONTO_UTE92_STU00242,TORONTO_UTE92_0097
TORONTO_UTE92_STU00243,TORONTO_UTE92_0118
TORONTO_UTE92_STU00243,TORONTO_UTE92_0153
TORONTO_UTE92_STU00243,TORONTO_UTE92_0157
TORONTO_UTE92_STU00243,TORONTO_UTE92_0162
TORONTO_UTE92_STU00244,TORONTO_UTE92_0090
TORONTO_UTE92_STU00244,TORONTO_UTE92_0094
TORONTO_UTE92_STU00244,TORONTO_UTE92_0097
TORONTO_UTE92_STU00245,TORONTO_UTE92_0035
TORONTO_UTE92_STU00245,TORONTO_UTE92_0163
TORONTO_UTE92_STU00245,TORONTO_UTE92_0165
TORONTO_UTE92_STU00246,TORONTO_UTE92_0181
TORONTO_UTE92_STU00247,TORONTO_UTE92_0031
TORONTO_UTE92_STU00248,TORONTO_UTE92_0087
TORONTO_UTE92_STU00248,TORONTO_UTE92_0089
TORONTO_UTE92_STU00248,TORONTO_UTE92_0090
TORONTO_UTE92_STU00249,TORONTO_UTE92_0038
TORONTO_UTE92_STU00249,TORONTO_UTE92_0040
TORONTO_UTE92_STU00250,TORONTO_UTE92_0032
TORONTO_UTE92_STU00250,TORONTO_UTE92_0033
TORONTO_UTE92_STU00250,TORONTO_UTE92_0129
TORONTO_UTE92_STU00251,TORONTO_UTE92_0077
TORONTO_UTE92_STU00252,TORONTO_UTE92_0031
TORONTO_UTE92_STU00252,TORONTO_UTE92_0033
TORONTO_UTE92_STU00252,TORONTO_UTE92_0038
TORONTO_UTE92_STU00253,TORONTO_UTE92_0170
TORONTO_UTE92_STU00254,TORONTO_UTE92_0047
TORONTO_UTE92_STU00255,TORONTO_UTE92_0129
TORONTO_UTE92_STU00255,TORONTO_UTE92_0160
TORONTO_UTE92_STU00255,TORONTO_UTE92_0162
TORONTO_UTE92_STU00256,TORONTO_UTE92_0060
TORONTO_UTE92_STU00256,TORONTO_UTE92_0061
TORONTO_UTE92_STU00256,TORONTO_UTE92_0062
TORONTO_UTE92_STU00257,TORONTO_UTE92_0031
TORONTO_UTE92_STU00257,TORONTO_UTE92_0033
TORONTO_UTE92_STU00258,TORONTO_UTE92_0022
TORONTO_UTE92_STU00258,TORONTO_UTE92_0023
TORONTO_UTE92_STU00258,TORONTO_UTE92_0025
TORONTO_UTE92_STU00258,TORONTO_UTE92_0026
TORONTO_UTE92_STU00258,TORONTO_UTE92_0028
TORONTO_UTE92_STU00259,TORONTO_UTE92_0129
TORONTO_UTE92_STU00259,TORONTO_UTE92_0154
TORONTO_UTE92_STU00259,TORONTO_UTE92_0160
TORONTO_UTE92_STU00259,TORONTO_UTE92_0162
TORONTO_UTE92_STU00260,TORONTO_UTE92_0090
TORONTO_UTE92_STU00260,TORONTO_UTE92_0094
TORONTO_UTE92_STU00260,TORONTO_UTE92_0097
TORONTO_UTE92_STU00260,TORONTO_UTE92_0098
TORONTO_UTE92_STU00261,TORONTO_UTE92_0022
TORONTO_UTE92_STU00261,TORONTO_UTE92_0023
TORONTO_UTE92_STU00261,TORONTO_UTE92_0024
TORONTO_UTE92_STU00261,TORONTO_UTE92_0026
TORONTO_UTE92_STU00261,TORONTO_UTE92_0028
TORONTO_UTE92_STU00262,TORONTO_UTE92_0087
TORONTO_UTE92_STU00262,TORONTO_UTE92_0089
TORONTO_UTE92_STU00262,TORONTO_UTE92_0090
TORONTO_UTE92_STU00262,TORONTO_UTE92_0094
TORONTO_UTE92_STU00263,TORONTO_UTE92_0088
TORONTO_UTE92_STU00263,TORONTO_UTE92_0090
TORONTO_UTE92_STU00263,TORONTO_UTE92_0091
TORONTO_UTE92_STU00263,TORONTO_UTE92_0094
TORONTO_UTE92_STU00264,TORONTO_UTE92_0087
TORONTO_UTE92_STU00264,TORONTO_UTE92_0089
TORONTO_UTE92_STU00264,TORONTO_UTE92_0090
TORONTO_UTE92_STU00264,TORONTO_UTE92_0096
TORONTO_UTE92_STU00265,TORONTO_UTE92_0033
TORONTO_UTE92_STU00265,TORONTO_UTE92_0106
TORONTO_UTE92_STU00265,TORONTO_UTE92_0179
TORONTO_UTE92_STU00266,TORONTO_UTE92_0056
TORONTO_UTE92_STU00266,TORONTO_UTE92_0058
TORONTO_UTE92_STU00266,TORONTO_UTE92_0059
TORONTO_UTE92_STU00266,TORONTO_UTE92_0062
TORONTO_UTE92_STU00267,TORONTO_UTE92_0105
TORONTO_UTE92_STU00268,TORONTO_UTE92_0036
TORONTO_UTE92_STU00268,TORONTO_UTE92_0157
TORONTO_UTE92_STU00268,TORONTO_UTE92_0160
TORONTO_UTE92_STU00268,TORONTO_UTE92_0162
TORONTO_UTE92_STU00269,TORONTO_UTE92_0031
TORONTO_UTE92_STU00269,TORONTO_UTE92_0033
TORONTO_UTE92_STU00269,TORONTO_UTE92_0037
TORONTO_UTE92_STU00270,TORONTO_UTE92_0114
TORONTO_UTE92_STU00270,TORONTO_UTE92_0115
TORONTO_UTE92_STU00270,TORONTO_UTE92_0116
TORONTO_UTE92_STU00270,TORONTO_UTE92_0117
TORONTO_UTE92_STU00270,TORONTO_UTE92_0119
TORONTO_UTE92_STU00271,TORONTO_UTE92_0043
TORONTO_UTE92_STU00271,TORONTO_UTE92_0044
TORONTO_UTE92_STU00271,TORONTO_UTE92_0067
TORONTO_UTE92_STU00272,TORONTO_UTE92_0118
TORONTO_UTE92_STU00272,TORONTO_UTE92_0129
TORONTO_UTE92_STU00272,TORONTO_UTE92_0153
TORONTO_UTE92_STU00272,TORONTO_UTE92_0162
TORONTO_UTE92_STU00273,TORONTO_UTE92_0053
TORONTO_UTE92_STU00273,TORONTO_UTE92_0054
TORONTO_UTE92_STU00273,TORONTO_UTE92_0100
TORONTO_UTE92_STU00273,TORONTO_UTE92_0128
TORONTO_UTE92_STU00274,TORONTO_UTE92_0120
TORONTO_UTE92_STU00274,TORONTO_UTE92_0121
TORONTO_UTE92_STU00274,TORONTO_UTE92_0122
TORONTO_UTE92_STU00274,TORONTO_UTE92_0123
TORONTO_UTE92_STU00275,TORONTO_UTE92_0022
TORONTO_UTE92_STU00275,TORONTO_UTE92_0023
TORONTO_UTE92_STU00275,TORONTO_UTE92_0026
TORONTO_UTE92_STU00275,TORONTO_UTE92_0028
TORONTO_UTE92_STU00276,TORONTO_UTE92_0037
TORONTO_UTE92_STU00276,TORONTO_UTE92_0039
TORONTO_UTE92_STU00277,TORONTO_UTE92_0060
TORONTO_UTE92_STU00277,TORONTO_UTE92_0061
TORONTO_UTE92_STU00277,TORONTO_UTE92_0062
TORONTO_UTE92_STU00278,TORONTO_UTE92_0095
TORONTO_UTE92_STU00278,TORONTO_UTE92_0098
TORONTO_UTE92_STU00278,TORONTO_UTE92_0123
TORONTO_UTE92_STU00279,TORONTO_UTE92_0089
TORONTO_UTE92_STU00279,TORONTO_UTE92_0090
TORONTO_UTE92_STU00279,TORONTO_UTE92_0096
TORONTO_UTE92_STU00280,TORONTO_UTE92_0056
TORONTO_UTE92_STU00280,TORONTO_UTE92_0060
TORONTO_UTE92_STU00280,TORONTO_UTE92_0061
TORONTO_UTE92_STU00281,TORONTO_UTE92_0120
TORONTO_UTE92_STU00281,TORONTO_UTE92_0121
TORONTO_UTE92_STU00281,TORONTO_UTE92_0122
TORONTO_UTE92_STU00281,TORONTO_UTE92_0123
TORONTO_UTE92_STU00282,TORONTO_UTE92_0033
TORONTO_UTE92_STU00282,TORONTO_UTE92_0106
TORONTO_UTE92_STU00282,TORONTO_UTE92_0127
TORONTO_UTE92_STU00282,TORONTO_UTE92_0179
TORONTO_UTE92_STU00283,TORONTO_UTE92_0059
TORONTO_UTE92_STU00283,TORONTO_UTE92_0062
TORONTO_UTE92_STU00283,TORONTO_UTE92_0129
TORONTO_UTE92_STU00284,TORONTO_UTE92_0087
TORONTO_UTE92_STU00284,TORONTO_UTE92_0090
TORONTO_UTE92_STU00284,TORONTO_UTE92_0091
TORONTO_UTE92_STU00284,TORONTO_UTE92_0098
TORONTO_UTE92_STU00285,TORONTO_UTE92_0018
TORONTO_UTE92_STU00285,TORONTO_UTE92_0019
TORONTO_UTE92_STU00285,TORONTO_UTE92_0021
TORONTO_UTE92_STU00285,TORONTO_UTE92_0100
TORONTO_UTE92_STU00286,TORONTO_UTE92_0120
TORONTO_UTE92_STU00286,TORONTO_UTE92_0122
TORONTO_UTE92_STU00286,TORONTO_UTE92_0123
TORONTO_UTE92_STU00287,TORONTO_UTE92_0158
TORONTO_UTE92_STU00287,TORONTO_UTE92_0160
TORONTO_UTE92_STU00287,TORONTO_UTE92_0162
TORONTO_UTE92_STU00288,TORONTO_UTE92_0145
TORONTO_UTE92_STU00288,TORONTO_UTE92_0146
TORONTO_UTE92_STU00288,TORONTO_UTE92_0148
TORONTO_UTE92_STU00288,TORONTO_UTE92_0151
TORONTO_UTE92_STU00289,TORONTO_UTE92_0075
TORONTO_UTE92_STU00289,TORONTO_UTE92_0112
TORONTO_UTE92_STU00289,TORONTO_UTE92_0113
TORONTO_UTE92_STU00289,TORONTO_UTE92_0139
TORONTO_UTE92_STU00290,TORONTO_UTE92_0090
TORONTO_UTE92_STU00290,TORONTO_UTE92_0092
TORONTO_UTE92_STU00290,TORONTO_UTE92_0108
TORONTO_UTE92_STU00290,TORONTO_UTE92_0118
TORONTO_UTE92_STU00291,TORONTO_UTE92_0059
TORONTO_UTE92_STU00291,TORONTO_UTE92_0060
TORONTO_UTE92_STU00291,TORONTO_UTE92_0061
TORONTO_UTE92_STU00292,TORONTO_UTE92_0040
TORONTO_UTE92_STU00292,TORONTO_UTE92_0042
TORONTO_UTE92_STU00292,TORONTO_UTE92_0178
TORONTO_UTE92_STU00292,TORONTO_UTE92_0180
TORONTO_UTE92_STU00293,TORONTO_UTE92_0129
TORONTO_UTE92_STU00293,TORONTO_UTE92_0159
TORONTO_UTE92_STU00293,TORONTO_UTE92_0160
TORONTO_UTE92_STU00293,TORONTO_UTE92_0162
TORONTO_UTE92_STU00294,TORONTO_UTE92_0065
TORONTO_UTE92_STU00294,TORONTO_UTE92_0101
TORONTO_UTE92_STU00294,TORONTO_UTE92_0115
TORONTO_UTE92_STU00294,TORONTO_UTE92_0151
TORONTO_UTE92_STU00294,TORONTO_UTE92_0171
TORONTO_UTE92_STU00295,TORONTO_UTE92_0120
TORONTO_UTE92_STU00295,TORONTO_UTE92_0121
TORONTO_UTE92_STU00295,TORONTO_UTE92_0123
TORONTO_UTE92_STU00295,TORONTO_UTE92_0124
TORONTO_UTE92_STU00296,TORONTO_UTE92_0129
TORONTO_UTE92_STU00296,TORONTO_UTE92_0154
TORONTO_UTE92_STU00296,TORONTO_UTE92_0160
TORONTO_UTE92_STU00296,TORONTO_UTE92_0162
TORONTO_UTE92_STU00297,TORONTO_UTE92_0008
TORONTO_UTE92_STU00297,TORONTO_UTE92_0017
TORONTO_UTE92_STU00297,TORONTO_UTE92_0018
TORONTO_UTE92_STU00297,TORONTO_UTE92_0019
TORONTO_UTE92_STU00297,TORONTO_UTE92_0020
TORONTO_UTE92_STU00297,TORONTO_UTE92_0132
TORONTO_UTE92_STU00298,TORONTO_UTE92_0089
TORONTO_UTE92_STU00298,TORONTO_UTE92_0092
TORONTO_UTE92_STU00298,TORONTO_UTE92_0093
TORONTO_UTE92_STU00299,TORONTO_UTE92_0004
TORONTO_UTE92_STU00299,TORONTO_UTE92_0005
TORONTO_UTE92_STU00299,TORONTO_UTE92_0007
TORONTO_UTE92_STU00299,TORONTO_UTE92_0091
TORONTO_UTE92_STU00300,TORONTO_UTE92_0031
TORONTO_UTE92_STU00300,TORONTO_UTE92_0033
TORONTO_UTE92_STU00301,TORONTO_UTE92_0090
TORONTO_UTE92_STU00301,TORONTO_UTE92_0095
TORONTO_UTE92_STU00301,TORONTO_UTE92_0096
TORONTO_UTE92_STU00302,TORONTO_UTE92_0088
TORONTO_UTE92_STU00302,TORONTO_UTE92_0093
TORONTO_UTE92_STU00302,TORONTO_UTE92_0095
TORONTO_UTE92_STU00302,TORONTO_UTE92_0097
TORONTO_UTE92_STU00303,TORONTO_UTE92_0120
TORONTO_UTE92_STU00303,TORONTO_UTE92_0122
TORONTO_UTE92_STU00303,TORONTO_UTE92_0123
TORONTO_UTE92_STU00304,TORONTO_UTE92_0008
TORONTO_UTE92_STU00304,TORONTO_UTE92_0067
TORONTO_UTE92_STU00305,TORONTO_UTE92_0057
TORONTO_UTE92_STU00305,TORONTO_UTE92_0060
TORONTO_UTE92_STU00305,TORONTO_UTE92_0062
TORONTO_UTE92_STU00306,TORONTO_UTE92_0091
TORONTO_UTE92_STU00306,TORONTO_UTE92_0092
TORONTO_UTE92_STU00306,TORONTO_UTE92_0094
TORONTO_UTE92_STU00307,TORONTO_UTE92_0090
TORONTO_UTE92_STU00307,TORONTO_UTE92_0091
TORONTO_UTE92_STU00307,TORONTO_UTE92_0092
TORONTO_UTE92_STU00307,TORONTO_UTE92_0097
TORONTO_UTE92_STU00307,TORONTO_UTE92_0098
TORONTO_UTE92_STU00308,TORONTO_UTE92_0090
TORONTO_UTE92_STU00308,TORONTO_UTE92_0093
TORONTO_UTE92_STU00308,TORONTO_UTE92_0097
TORONTO_UTE92_STU00309,TORONTO_UTE92_0033
TORONTO_UTE92_STU00309,TORONTO_UTE92_0038
TORONTO_UTE92_STU00309,TORONTO_UTE92_0042
TORONTO_UTE92_STU00310,TORONTO_UTE92_0004
TORONTO_UTE92_STU00310,TORONTO_UTE92_0005
TORONTO_UTE92_STU00310,TORONTO_UTE92_0007
TORONTO_UTE92_STU00311,TORONTO_UTE92_0033
TORONTO_UTE92_STU00311,TORONTO_UTE92_0042
TORONTO_UTE92_STU00312,TORONTO_UTE92_0051
TORONTO_UTE92_STU00312,TORONTO_UTE92_0052
TORONTO_UTE92_STU00312,TORONTO_UTE92_0053
TORONTO_UTE92_STU00312,TORONTO_UTE92_0054
TORONTO_UTE92_STU00312,TORONTO_UTE92_0055
TORONTO_UTE92_STU00313,TORONTO_UTE92_0001
TORONTO_UTE92_STU00313,TORONTO_UTE92_0002
TORONTO_UTE92_STU00313,TORONTO_UTE92_0003
TORONTO_UTE92_STU00313,TORONTO_UTE92_0065
TORONTO_UTE92_STU00314,TORONTO_UTE92_0120
TORONTO_UTE92_STU00314,TORONTO_UTE92_0122
TORONTO_UTE92_STU00314,TORONTO_UTE92_0123
TORONTO_UTE92_STU00315,TORONTO_UTE92_0022
TORONTO_UTE92_STU00315,TORONTO_UTE92_0023
TORONTO_UTE92_STU00315,TORONTO_UTE92_0024
TORONTO_UTE92_STU00315,TORONTO_UTE92_0026
TORONTO_UTE92_STU00315,TORONTO_UTE92_0028
TORONTO_UTE92_STU00316,TORONTO_UTE92_0145
TORONTO_UTE92_STU00316,TORONTO_UTE92_0146
TORONTO_UTE92_STU00316,TORONTO_UTE92_0148
TORONTO_UTE92_STU00316,TORONTO_UTE92_0151
TORONTO_UTE92_STU00317,TORONTO_UTE92_0129
TORONTO_UTE92_STU00317,TORONTO_UTE92_0160
TORONTO_UTE92_STU00317,TORONTO_UTE92_0162
TORONTO_UTE92_STU00318,TORONTO_UTE92_0087
TORONTO_UTE92_STU00318,TORONTO_UTE92_0091
TORONTO_UTE92_STU00318,TORONTO_UTE92_0096
TORONTO_UTE92_STU00319,TORONTO_UTE92_0036
TORONTO_UTE92_STU00319,TORONTO_UTE92_0059
TORONTO_UTE92_STU00319,TORONTO_UTE92_0060
TORONTO_UTE92_STU00319,TORONTO_UTE92_0062
TORONTO_UTE92_STU00319,TORONTO_UTE92_0086
TORONTO_UTE92_STU00320,TORONTO_UTE92_0091
TORONTO_UTE92_STU00320,TORONTO_UTE92_0092
TORONTO_UTE92_STU00320,TORONTO_UTE92_0096
TORONTO_UTE92_STU00320,TORONTO_UTE92_0098
TORONTO_UTE92_STU00321,TORONTO_UTE92_0145
TORONTO_UTE92_STU00321,TORONTO_UTE92_0146
TORONTO_UTE92_STU00321,TORONTO_UTE92_0148
TORONTO_UTE92_STU00321,TORONTO_UTE92_0151
TORONTO_UTE92_STU00322,TORONTO_UTE92_0131
TORONTO_UTE92_STU00322,TORONTO_UTE92_0145
TORONTO_UTE92_STU00322,TORONTO_UTE92_0146
TORONTO_UTE92_STU00322,TORONTO_UTE92_0148
TORONTO_UTE92_STU00322,TORONTO_UTE92_0151
TORONTO_UTE92_STU00323,TORONTO_UTE92_0057
TORONTO_UTE92_STU00323,TORONTO_UTE92_0061
TORONTO_UTE92_STU00323,TORONTO_UTE92_0062
TORONTO_UTE92_STU00324,TORONTO_UTE92_0149
TORONTO_UTE92_STU00324,TORONTO_UTE92_0172
TORONTO_UTE92_STU00324,TORONTO_UTE92_0173
TORONTO_UTE92_STU00324,TORONTO_UTE92_0175
TORONTO_UTE92_STU00324,TORONTO_UTE92_0176
TORONTO_UTE92_STU00324,TORONTO_UTE92_0177
TORONTO_UTE92_STU00325,TORONTO_UTE92_0059
TORONTO_UTE92_STU00325,TORONTO_UTE92_0060
TORONTO_UTE92_STU00325,TORONTO_UTE92_0062
TORONTO_UTE92_STU00325,TORONTO_UTE92_0129
TORONTO_UTE92_STU00326,TORONTO_UTE92_0148
TORONTO_UTE92_STU00326,TORONTO_UTE92_0160
TORONTO_UTE92_STU00327,TORONTO_UTE92_0033
TORONTO_UTE92_STU00327,TORONTO_UTE92_0129
TORONTO_UTE92_STU00328,TORONTO_UTE92_0129
TORONTO_UTE92_STU00328,TORONTO_UTE92_0154
TORONTO_UTE92_STU00328,TORONTO_UTE92_0160
TORONTO_UTE92_STU00328,TORONTO_UTE92_0162
TORONTO_UTE92_STU00329,TORONTO_UTE92_0076
TORONTO_UTE92_STU00329,TORONTO_UTE92_0086
TORONTO_UTE92_STU00329,TORONTO_UTE92_0145
TORONTO_UTE92_STU00329,TORONTO_UTE92_0146
TORONTO_UTE92_STU00329,TORONTO_UTE92_0148
TORONTO_UTE92_STU00330,TORONTO_UTE92_0114
TORONTO_UTE92_STU00330,TORONTO_UTE92_0115
TORONTO_UTE92_STU00330,TORONTO_UTE92_0116
TORONTO_UTE92_STU00330,TORONTO_UTE92_0117
TORONTO_UTE92_STU00331,TORONTO_UTE92_0051
TORONTO_UTE92_STU00331,TORONTO_UTE92_0052
TORONTO_UTE92_STU00331,TORONTO_UTE92_0053
TORONTO_UTE92_STU00331,TORONTO_UTE92_0054
TORONTO_UTE92_STU00331,TORONTO_UTE92_0055
TORONTO_UTE92_STU00332,TORONTO_UTE92_0089
TORONTO_UTE92_STU00332,TORONTO_UTE92_0090
TORONTO_UTE92_STU00332,TORONTO_UTE92_0091
TORONTO_UTE92_STU00332,TORONTO_UTE92_0096
TORONTO_UTE92_STU00332,TORONTO_UTE92_0123
TORONTO_UTE92_STU00333,TORONTO_UTE92_0087
TORONTO_UTE92_STU00333,TORONTO_UTE92_0088
TORONTO_UTE92_STU00333,TORONTO_UTE92_0093
TORONTO_UTE92_STU00333,TORONTO_UTE92_0099
TORONTO_UTE92_STU00334,TORONTO_UTE92_0056
TORONTO_UTE92_STU00334,TORONTO_UTE92_0061
TORONTO_UTE92_STU00334,TORONTO_UTE92_0062
TORONTO_UTE92_STU00335,TORONTO_UTE92_0004
TORONTO_UTE92_STU00335,TORONTO_UTE92_0005
TORONTO_UTE92_STU00335,TORONTO_UTE92_0006
TORONTO_UTE92_STU00335,TORONTO_UTE92_0007
TORONTO_UTE92_STU00336,TORONTO_UTE92_0056
TORONTO_UTE92_STU00336,TORONTO_UTE92_0061
TORONTO_UTE92_STU00336,TORONTO_UTE92_0062
TORONTO_UTE92_STU00337,TORONTO_UTE92_0033
TORONTO_UTE92_STU00337,TORONTO_UTE92_0040
TORONTO_UTE92_STU00338,TORONTO_UTE92_0051
TORONTO_UTE92_STU00338,TORONTO_UTE92_0052
TORONTO_UTE92_STU00338,TORONTO_UTE92_0053
TORONTO_UTE92_STU00338,TORONTO_UTE92_0054
TORONTO_UTE92_STU00338,TORONTO_UTE92_0055
TORONTO_UTE92_STU00339,TORONTO_UTE92_0047
TORONTO_UTE92_STU00339,TORONTO_UTE92_0048
TORONTO_UTE92_STU00339,TORONTO_UTE92_0049
TORONTO_UTE92_STU00339,TORONTO_UTE92_0050
TORONTO_UTE92_STU00340,TORONTO_UTE92_0056
TORONTO_UTE92_STU00340,TORONTO_UTE92_0061
TORONTO_UTE92_STU00340,TORONTO_UTE92_0062
TORONTO_UTE92_STU00341,TORONTO_UTE92_0114
TORONTO_UTE92_STU00341,TORONTO_UTE92_0115
TORONTO_UTE92_STU00341,TORONTO_UTE92_0116
TORONTO_UTE92_STU00341,TORONTO_UTE92_0117
TORONTO_UTE92_STU00342,TORONTO_UTE92_0086
TORONTO_UTE92_STU00342,TORONTO_UTE92_0129
TORONTO_UTE92_STU00342,TORONTO_UTE92_0154
TORONTO_UTE92_STU00342,TORONTO_UTE92_0162
TORONTO_UTE92_STU00343,TORONTO_UTE92_0001
TORONTO_UTE92_STU00343,TORONTO_UTE92_0002
TORONTO_UTE92_STU00343,TORONTO_UTE92_0003
TORONTO_UTE92_STU00344,TORONTO_UTE92_0057
TORONTO_UTE92_STU00344,TORONTO_UTE92_0061
TORONTO_UTE92_STU00344,TORONTO_UTE92_0062
TORONTO_UTE92_STU00345,TORONTO_UTE92_0093
TORONTO_UTE92_STU00345,TORONTO_UTE92_0095
TORONTO_UTE92_STU00345,TORONTO_UTE92_0097
TORONTO_UTE92_STU00346,TORONTO_UTE92_0033
TORONTO_UTE92_STU00346,TORONTO_UTE92_0038
TORONTO_UTE92_STU00346,TORONTO_UTE92_0040
TORONTO_UTE92_STU00347,TORONTO_UTE92_0122
TORONTO_UTE92_STU00347,TORONTO_UTE92_0123
TORONTO_UTE92_STU00348,TORONTO_UTE92_0031
TORONTO_UTE92_STU00348,TORONTO_UTE92_0033
TORONTO_UTE92_STU00348,TORONTO_UTE92_0037
TORONTO_UTE92_STU00349,TORONTO_UTE92_0129
TORONTO_UTE92_STU00349,TORONTO_UTE92_0160
TORONTO_UTE92_STU00349,TORONTO_UTE92_0162
TORONTO_UTE92_STU00350,TORONTO_UTE92_0118
TORONTO_UTE92_STU00350,TORONTO_UTE92_0129
TORONTO_UTE92_STU00350,TORONTO_UTE92_0159
TORONTO_UTE92_STU00350,TORONTO_UTE92_0162
TORONTO_UTE92_STU00351,TORONTO_UTE92_0086
TORONTO_UTE92_STU00351,TORONTO_UTE92_0129
TORONTO_UTE92_STU00351,TORONTO_UTE92_0154
TORONTO_UTE92_STU00351,TORONTO_UTE92_0162
TORONTO_UTE92_STU00352,TORONTO_UTE92_0086
TORONTO_UTE92_STU00352,TORONTO_UTE92_0129
TORONTO_UTE92_STU00352,TORONTO_UTE92_0154
TORONTO_UTE92_STU00352,TORONTO_UTE92_0162
TORONTO_UTE92_STU00353,TORONTO_UTE92_0004
TORONTO_UTE92_STU00353,TORONTO_UTE92_0005
TORONTO_UTE92_STU00353,TORONTO_UTE92_0006
TORONTO_UTE92_STU00353,TORONTO_UTE92_0007
TORONTO_UTE92_STU00354,TORONTO_UTE92_0086
TORONTO_UTE92_STU00354,TORONTO_UTE92_0145
TORONTO_UTE92_STU00354,TORONTO_UTE92_0146
TORONTO_UTE92_STU00354,TORONTO_UTE92_0148
TORONTO_UTE92_STU00354,TORONTO_UTE92_0151
TORONTO_UTE92_STU00355,TORONTO_UTE92_0129
TORONTO_UTE92_STU00355,TORONTO_UTE92_0154
TORONTO_UTE92_STU00355,TORONTO_UTE92_0162
TORONTO_UTE92_STU00355,TORONTO_UTE92_0166
TORONTO_UTE92_STU00356,TORONTO_UTE92_0030
TORONTO_UTE92_STU00356,TORONTO_UTE92_0149
TORONTO_UTE92_STU00356,TORONTO_UTE92_0172
TORONTO_UTE92_STU00356,TORONTO_UTE92_0173
TORONTO_UTE92_STU00356,TORONTO_UTE92_0175
TORONTO_UTE92_STU00357,TORONTO_UTE92_0087
TORONTO_UTE92_STU00357,TORONTO_UTE92_0089
TORONTO_UTE92_STU00357,TORONTO_UTE92_0090
TORONTO_UTE92_STU00357,TORONTO_UTE92_0091
TORONTO_UTE92_STU00358,TORONTO_UTE92_0030
TORONTO_UTE92_STU00358,TORONTO_UTE92_0149
TORONTO_UTE92_STU00358,TORONTO_UTE92_0172
TORONTO_UTE92_STU00358,TORONTO_UTE92_0173
TORONTO_UTE92_STU00358,TORONTO_UTE92_0175
TORONTO_UTE92_STU00359,TORONTO_UTE92_0120
TORONTO_UTE92_STU00359,TORONTO_UTE92_0121
TORONTO_UTE92_STU00359,TORONTO_UTE92_0122
TORONTO_UTE92_STU00359,TORONTO_UTE92_0123
TORONTO_UTE92_STU00360,TORONTO_UTE92_0082
TORONTO_UTE92_STU00360,TORONTO_UTE92_0093
TORONTO_UTE92_STU00360,TORONTO_UTE92_0095
TORONTO_UTE92_STU00360,TORONTO_UTE92_0097
TORONTO_UTE92_STU00361,TORONTO_UTE92_0087
TORONTO_UTE92_STU00361,TORONTO_UTE92_0090
TORONTO_UTE92_STU00361,TORONTO_UTE92_0091
TORONTO_UTE92_STU00361,TORONTO_UTE92_0098
TORONTO_UTE92_STU00362,TORONTO_UTE92_0094
TORONTO_UTE92_STU00362,TORONTO_UTE92_0097
TORONTO_UTE92_STU00362,TORONTO_UTE92_0181
TORONTO_UTE92_STU00363,TORONTO_UTE92_0006
TORONTO_UTE92_STU00363,TORONTO_UTE92_0161
TORONTO_UTE92_STU00364,TORONTO_UTE92_0100
TORONTO_UTE92_STU00364,TORONTO_UTE92_0145
TORONTO_UTE92_STU00364,TORONTO_UTE92_0146
TORONTO_UTE92_STU00364,TORONTO_UTE92_0148
TORONTO_UTE92_STU00364,TORONTO_UTE92_0151
TORONTO_UTE92_STU00365,TORONTO_UTE92_0090
TORONTO_UTE92_STU00365,TORONTO_UTE92_0091
TORONTO_UTE92_STU00365,TORONTO_UTE92_0092
TORONTO_UTE92_STU00365,TORONTO_UTE92_0099
TORONTO_UTE92_STU00366,TORONTO_UTE92_0114
TORONTO_UTE92_STU00366,TORONTO_UTE92_0115
TORONTO_UTE92_STU00366,TORONTO_UTE92_0116
TORONTO_UTE92_STU00366,TORONTO_UTE92_0117
TORONTO_UTE92_STU00366,TORONTO_UTE92_0119
TORONTO_UTE92_STU00367,TORONTO_UTE92_0118
TORONTO_UTE92_STU00367,TORONTO_UTE92_0129
TORONTO_UTE92_STU00367,TORONTO_UTE92_0154
TORONTO_UTE92_STU00367,TORONTO_UTE92_0162
TORONTO_UTE92_STU00368,TORONTO_UTE92_0015
TORONTO_UTE92_STU00368,TORONTO_UTE92_0077
TORONTO_UTE92_STU00368,TORONTO_UTE92_0090
TORONTO_UTE92_STU00368,TORONTO_UTE92_0091
TORONTO_UTE92_STU00368,TORONTO_UTE92_0094
TORONTO_UTE92_STU00368,TORONTO_UTE92_0096
TORONTO_UTE92_STU00369,TORONTO_UTE92_0033
TORONTO_UTE92_STU00369,TORONTO_UTE92_0043
TORONTO_UTE92_STU00370,TORONTO_UTE92_0120
TORONTO_UTE92_STU00370,TORONTO_UTE92_0122
TORONTO_UTE92_STU00370,TORONTO_UTE92_0123
TORONTO_UTE92_STU00371,TORONTO_UTE92_0051
TORONTO_UTE92_STU00371,TORONTO_UTE92_0052
TORONTO_UTE92_STU00371,TORONTO_UTE92_0053
TORONTO_UTE92_STU00371,TORONTO_UTE92_0054
TORONTO_UTE92_STU00371,TORONTO_UTE92_0055
TORONTO_UTE92_STU00372,TORONTO_UTE92_0001
TORONTO_UTE92_STU00372,TORONTO_UTE92_0002
TORONTO_UTE92_STU00372,TORONTO_UTE92_0003
TORONTO_UTE92_STU00373,TORONTO_UTE92_0022
TORONTO_UTE92_STU00373,TORONTO_UTE92_0023
TORONTO_UTE92_STU00373,TORONTO_UTE92_0025
TORONTO_UTE92_STU00373,TORONTO_UTE92_0026
TORONTO_UTE92_STU00373,TORONTO_UTE92_0028
TORONTO_UTE92_STU00374,TORONTO_UTE92_0086
TORONTO_UTE92_STU00374,TORONTO_UTE92_0100
TORONTO_UTE92_STU00374,TORONTO_UTE92_0145
TORONTO_UTE92_STU00374,TORONTO_UTE92_0146
TORONTO_UTE92_STU00374,TORONTO_UTE92_0148
TORONTO_UTE92_STU00375,TORONTO_UTE92_0090
TORONTO_UTE92_STU00375,TORONTO_UTE92_0091
TORONTO_UTE92_STU00375,TORONTO_UTE92_0098
TORONTO_UTE92_STU00376,TORONTO_UTE92_0056
TORONTO_UTE92_STU00376,TORONTO_UTE92_0058
TORONTO_UTE92_STU00376,TORONTO_UTE92_0062
TORONTO_UTE92_STU00377,TORONTO_UTE92_0033
TORONTO_UTE92_STU00377,TORONTO_UTE92_0040
TORONTO_UTE92_STU00378,TORONTO_UTE92_0090
TORONTO_UTE92_STU00378,TORONTO_UTE92_0091
TORONTO_UTE92_STU00378,TORONTO_UTE92_0096
TORONTO_UTE92_STU00378,TORONTO_UTE92_0099
TORONTO_UTE92_STU00379,TORONTO_UTE92_0051
TORONTO_UTE92_STU00379,TORONTO_UTE92_0052
TORONTO_UTE92_STU00379,TORONTO_UTE92_0053
TORONTO_UTE92_STU00379,TORONTO_UTE92_0054
TORONTO_UTE92_STU00379,TORONTO_UTE92_0055
TORONTO_UTE92_STU00380,TORONTO_UTE92_0001
TORONTO_UTE92_STU00380,TORONTO_UTE92_0002
TORONTO_UTE92_STU00380,TORONTO_UTE92_0003
TORONTO_UTE92_STU00380,TORONTO_UTE92_0065
TORONTO_UTE92_STU00381,TORONTO_UTE92_0069
TORONTO_UTE92_STU00381,TORONTO_UTE92_0070
TORONTO_UTE92_STU00381,TORONTO_UTE92_0071
TORONTO_UTE92_STU00381,TORONTO_UTE92_0072
TORONTO_UTE92_STU00381,TORONTO_UTE92_0073
TORONTO_UTE92_STU00382,TORONTO_UTE92_0061
TORONTO_UTE92_STU00382,TORONTO_UTE92_0062
TORONTO_UTE92_STU00382,TORONTO_UTE92_0086
TORONTO_UTE92_STU00383,TORONTO_UTE92_0036
TORONTO_UTE92_STU00383,TORONTO_UTE92_0120
TORONTO_UTE92_STU00383,TORONTO_UTE92_0121
TORONTO_UTE92_STU00383,TORONTO_UTE92_0123
TORONTO_UTE92_STU00384,TORONTO_UTE92_0036
TORONTO_UTE92_STU00384,TORONTO_UTE92_0154
TORONTO_UTE92_STU00384,TORONTO_UTE92_0160
TORONTO_UTE92_STU00384,TORONTO_UTE92_0162
TORONTO_UTE92_STU00385,TORONTO_UTE92_0065
TORONTO_UTE92_STU00385,TORONTO_UTE92_0082
TORONTO_UTE92_STU00386,TORONTO_UTE92_0051
TORONTO_UTE92_STU00386,TORONTO_UTE92_0052
TORONTO_UTE92_STU00386,TORONTO_UTE92_0053
TORONTO_UTE92_STU00386,TORONTO_UTE92_0054
TORONTO_UTE92_STU00386,TORONTO_UTE92_0055
TORONTO_UTE92_STU00387,TORONTO_UTE92_0114
TORONTO_UTE92_STU00387,TORONTO_UTE92_0115
TORONTO_UTE92_STU00387,TORONTO_UTE92_0116
TORONTO_UTE92_STU00387,TORONTO_UTE92_0117
TORONTO_UTE92_STU00387,TORONTO_UTE92_0119
TORONTO_UTE92_STU00388,TORONTO_UTE92_0056
TORONTO_UTE92_STU00388,TORONTO_UTE92_0059
TORONTO_UTE92_STU00388,TORONTO_UTE92_0061
TORONTO_UTE92_STU00389,TORONTO_UTE92_0031
TORONTO_UTE92_STU00389,TORONTO_UTE92_0033
TORONTO_UTE92_STU00389,TORONTO_UTE92_0061
TORONTO_UTE92_STU00390,TORONTO_UTE92_0108
TORONTO_UTE92_STU00390,TORONTO_UTE92_0120
TORONTO_UTE92_STU00390,TORONTO_UTE92_0121
TORONTO_UTE92_STU00390,TORONTO_UTE92_0124
TORONTO_UTE92_STU00391,TORONTO_UTE92_0093
TORONTO_UTE92_STU00391,TORONTO_UTE92_0095
TORONTO_UTE92_STU00391,TORONTO_UTE92_0097
TORONTO_UTE92_STU00392,TORONTO_UTE92_0056
TORONTO_UTE92_STU00392,TORONTO_UTE92_0059
TORONTO_UTE92_STU00392,TORONTO_UTE92_0061
TORONTO_UTE92_STU00393,TORONTO_UTE92_0056
TORONTO_UTE92_STU00393,TORONTO_UTE92_0058
TORONTO_UTE92_STU00393,TORONTO_UTE92_0061
TORONTO_UTE92_STU00393,TORONTO_UTE92_0062
TORONTO_UTE92_STU00394,TORONTO_UTE92_0088
TORONTO_UTE92_STU00394,TORONTO_UTE92_0090
TORONTO_UTE92_STU00394,TORONTO_UTE92_0091
TORONTO_UTE92_STU00394,TORONTO_UTE92_0098
TORONTO_UTE92_STU00395,TORONTO_UTE92_0157
TORONTO_UTE92_STU00395,TORONTO_UTE92_0159
TORONTO_UTE92_STU00395,TORONTO_UTE92_0162
TORONTO_UTE92_STU00396,TORONTO_UTE92_0008
TORONTO_UTE92_STU00396,TORONTO_UTE92_0040
TORONTO_UTE92_STU00396,TORONTO_UTE92_0178
TORONTO_UTE92_STU00396,TORONTO_UTE92_0180
TORONTO_UTE92_STU00397,TORONTO_UTE92_0091
TORONTO_UTE92_STU00397,TORONTO_UTE92_0092
TORONTO_UTE92_STU00397,TORONTO_UTE92_0096
TORONTO_UTE92_STU00397,TORONTO_UTE92_0098
TORONTO_UTE92_STU00398,TORONTO_UTE92_0129
TORONTO_UTE92_STU00398,TORONTO_UTE92_0153
TORONTO_UTE92_STU00398,TORONTO_UTE92_0154
TORONTO_UTE92_STU00398,TORONTO_UTE92_0162
TORONTO_UTE92_STU00399,TORONTO_UTE92_0064
TORONTO_UTE92_STU00399,TORONTO_UTE92_0108
TORONTO_UTE92_STU00399,TORONTO_UTE92_0131
TORONTO_UTE92_STU00399,TORONTO_UTE92_0168
TORONTO_UTE92_STU00399,TORONTO_UTE92_0169
TORONTO_UTE92_STU00400,TORONTO_UTE92_0059
TORONTO_UTE92_STU00400,TORONTO_UTE92_0061
TORONTO_UTE92_STU00400,TORONTO_UTE92_0062
TORONTO_UTE92_STU00400,TORONTO_UTE92_0086
TORONTO_UTE92_STU00401,TORONTO_UTE92_0004
TORONTO_UTE92_STU00401,TORONTO_UTE92_0005
TORONTO_UTE92_STU00401,TORONTO_UTE92_0007
TORONTO_UTE92_STU00402,TORONTO_UTE92_0004
TORONTO_UTE92_STU00402,TORONTO_UTE92_0005
TORONTO_UTE92_STU00402,TORONTO_UTE92_0007
TORONTO_UTE92_STU00402,TORONTO_UTE92_0086
TORONTO_UTE92_STU00403,TORONTO_UTE92_0048
TORONTO_UTE92_STU00403,TORONTO_UTE92_0064
TORONTO_UTE92_STU00403,TORONTO_UTE92_0108
TORONTO_UTE92_STU00403,TORONTO_UTE92_0143
TORONTO_UTE92_STU00404,TORONTO_UTE92_0118
TORONTO_UTE92_STU00404,TORONTO_UTE92_0129
TORONTO_UTE92_STU00404,TORONTO_UTE92_0159
TORONTO_UTE92_STU00404,TORONTO_UTE92_0160
TORONTO_UTE92_STU00405,TORONTO_UTE92_0065
TORONTO_UTE92_STU00405,TORONTO_UTE92_0082
TORONTO_UTE92_STU00406,TORONTO_UTE92_0090
TORONTO_UTE92_STU00406,TORONTO_UTE92_0091
TORONTO_UTE92_STU00406,TORONTO_UTE92_0092
TORONTO_UTE92_STU00406,TORONTO_UTE92_0123
TORONTO_UTE92_STU00407,TORONTO_UTE92_0056
TORONTO_UTE92_STU00407,TORONTO_UTE92_0059
TORONTO_UTE92_STU00407,TORONTO_UTE92_0061
TORONTO_UTE92_STU00407,TORONTO_UTE92_0062
TORONTO_UTE92_STU00408,TORONTO_UTE92_0120
TORONTO_UTE92_STU00408,TORONTO_UTE92_0121
TORONTO_UTE92_STU00408,TORONTO_UTE92_0122
TORONTO_UTE92_STU00408,TORONTO_UTE92_0123
TORONTO_UTE92_STU00408,TORONTO_UTE92_0124
TORONTO_UTE92_STU00409,TORONTO_UTE92_0129
TORONTO_UTE92_STU00409,TORONTO_UTE92_0160
TORONTO_UTE92_STU00409,TORONTO_UTE92_0162
TORONTO_UTE92_STU00410,TORONTO_UTE92_0129
TORONTO_UTE92_STU00410,TORONTO_UTE92_0160
TORONTO_UTE92_STU00410,TORONTO_UTE92_0162
TORONTO_UTE92_STU00411,TORONTO_UTE92_0076
TORONTO_UTE92_STU00411,TORONTO_UTE92_0131
TORONTO_UTE92_STU00411,TORONTO_UTE92_0141
TORONTO_UTE92_STU00411,TORONTO_UTE92_0142
TORONTO_UTE92_STU00411,TORONTO_UTE92_0144
TORONTO_UTE92_STU00412,TORONTO_UTE92_0077
TORONTO_UTE92_STU00412,TORONTO_UTE92_0078
TORONTO_UTE92_STU00412,TORONTO_UTE92_0079
TORONTO_UTE92_STU00412,TORONTO_UTE92_0080
TORONTO_UTE92_STU00413,TORONTO_UTE92_0090
TORONTO_UTE92_STU00413,TORONTO_UTE92_0091
TORONTO_UTE92_STU00413,TORONTO_UTE92_0092
TORONTO_UTE92_STU00414,TORONTO_UTE92_0051
TORONTO_UTE92_STU00414,TORONTO_UTE92_0052
TORONTO_UTE92_STU00414,TORONTO_UTE92_0053
TORONTO_UTE92_STU00414,TORONTO_UTE92_0054
TORONTO_UTE92_STU00414,TORONTO_UTE92_0055
TORONTO_UTE92_STU00415,TORONTO_UTE92_0145
TORONTO_UTE92_STU00415,TORONTO_UTE92_0146
TORONTO_UTE92_STU00415,TORONTO_UTE92_0148
TORONTO_UTE92_STU00415,TORONTO_UTE92_0151
TORONTO_UTE92_STU00415,TORONTO_UTE92_0160
TORONTO_UTE92_STU00416,TORONTO_UTE92_0059
TORONTO_UTE92_STU00416,TORONTO_UTE92_0062
TORONTO_UTE92_STU00416,TORONTO_UTE92_0086
TORONTO_UTE92_STU00416,TORONTO_UTE92_0104
TORONTO_UTE92_STU00417,TORONTO_UTE92_0090
TORONTO_UTE92_STU00417,TORONTO_UTE92_0091
TORONTO_UTE92_STU00417,TORONTO_UTE92_0092
TORONTO_UTE92_STU00417,TORONTO_UTE92_0099
TORONTO_UTE92_STU00418,TORONTO_UTE92_0053
TORONTO_UTE92_STU00418,TORONTO_UTE92_0055
TORONTO_UTE92_STU00418,TORONTO_UTE92_0101
TORONTO_UTE92_STU00418,TORONTO_UTE92_0106
TORONTO_UTE92_STU00419,TORONTO_UTE92_0129
TORONTO_UTE92_STU00419,TORONTO_UTE92_0162
TORONTO_UTE92_STU00419,TORONTO_UTE92_0165
TORONTO_UTE92_STU00420,TORONTO_UTE92_0012
TORONTO_UTE92_STU00420,TORONTO_UTE92_0122
TORONTO_UTE92_STU00420,TORONTO_UTE92_0123
TORONTO_UTE92_STU00421,TORONTO_UTE92_0064
TORONTO_UTE92_STU00421,TORONTO_UTE92_0158
TORONTO_UTE92_STU00421,TORONTO_UTE92_0159
TORONTO_UTE92_STU00421,TORONTO_UTE92_0160
TORONTO_UTE92_STU00421,TORONTO_UTE92_0162
TORONTO_UTE92_STU00422,TORONTO_UTE92_0154
TORONTO_UTE92_STU00422,TORONTO_UTE92_0157
TORONTO_UTE92_STU00422,TORONTO_UTE92_0161
TORONTO_UTE92_STU00422,TORONTO_UTE92_0162
TORONTO_UTE92_STU00423,TORONTO_UTE92_0032
TORONTO_UTE92_STU00423,TORONTO_UTE92_0033
TORONTO_UTE92_STU00424,TORONTO_UTE92_0036
TORONTO_UTE92_STU00424,TORONTO_UTE92_0093
TORONTO_UTE92_STU00424,TORONTO_UTE92_0097
TORONTO_UTE92_STU00425,TORONTO_UTE92_0010
TORONTO_UTE92_STU00425,TORONTO_UTE92_0086
TORONTO_UTE92_STU00425,TORONTO_UTE92_0120
TORONTO_UTE92_STU00425,TORONTO_UTE92_0122
TORONTO_UTE92_STU00425,TORONTO_UTE92_0123
TORONTO_UTE92_STU00426,TORONTO_UTE92_0065
TORONTO_UTE92_STU00426,TORONTO_UTE92_0082
TORONTO_UTE92_STU00426,TORONTO_UTE92_0085
TORONTO_UTE92_STU00427,TORONTO_UTE92_0056
TORONTO_UTE92_STU00427,TORONTO_UTE92_0058
TORONTO_UTE92_STU00427,TORONTO_UTE92_0059
TORONTO_UTE92_STU00427,TORONTO_UTE92_0062
TORONTO_UTE92_STU00428,TORONTO_UTE92_0088
TORONTO_UTE92_STU00428,TORONTO_UTE92_0090
TORONTO_UTE92_STU00428,TORONTO_UTE92_0096
TORONTO_UTE92_STU00428,TORONTO_UTE92_0099
TORONTO_UTE92_STU00429,TORONTO_UTE92_0006
TORONTO_UTE92_STU00429,TORONTO_UTE92_0034
TORONTO_UTE92_STU00429,TORONTO_UTE92_0035
TORONTO_UTE92_STU00429,TORONTO_UTE92_0163
TORONTO_UTE92_STU00430,TORONTO_UTE92_0145
TORONTO_UTE92_STU00430,TORONTO_UTE92_0146
TORONTO_UTE92_STU00430,TORONTO_UTE92_0148
TORONTO_UTE92_STU00430,TORONTO_UTE92_0151
TORONTO_UTE92_STU00430,TORONTO_UTE92_0153
TORONTO_UTE92_STU00431,TORONTO_UTE92_0154
TORONTO_UTE92_STU00431,TORONTO_UTE92_0162
TORONTO_UTE92_STU00431,TORONTO_UTE92_0165
TORONTO_UTE92_STU00432,TORONTO_UTE92_0122
TORONTO_UTE92_STU00432,TORONTO_UTE92_0123
TORONTO_UTE92_STU00433,TORONTO_UTE92_0076
TORONTO_UTE92_STU00433,TORONTO_UTE92_0131
TORONTO_UTE92_STU00433,TORONTO_UTE92_0141
TORONTO_UTE92_STU00433,TORONTO_UTE92_0142
TORONTO_UTE92_STU00433,TORONTO_UTE92_0144
TORONTO_UTE92_STU00434,TORONTO_UTE92_0093
TORONTO_UTE92_STU00434,TORONTO_UTE92_0094
TORONTO_UTE92_STU00434,TORONTO_UTE92_0097
TORONTO_UTE92_STU00434,TORONTO_UTE92_0098
TORONTO_UTE92_STU00434,TORONTO_UTE92_0099
TORONTO_UTE92_STU00435,TORONTO_UTE92_0086
TORONTO_UTE92_STU00435,TORONTO_UTE92_0154
TORONTO_UTE92_STU00435,TORONTO_UTE92_0158
TORONTO_UTE92_STU00435,TORONTO_UTE92_0162
TORONTO_UTE92_STU00436,TORONTO_UTE92_0056
TORONTO_UTE92_STU00436,TORONTO_UTE92_0060
TORONTO_UTE92_STU00436,TORONTO_UTE92_0061
TORONTO_UTE92_STU00436,TORONTO_UTE92_0062
TORONTO_UTE92_STU00437,TORONTO_UTE92_0048
TORONTO_UTE92_STU00437,TORONTO_UTE92_0064
TORONTO_UTE92_STU00437,TORONTO_UTE92_0143
TORONTO_UTE92_STU00438,TORONTO_UTE92_0004
TORONTO_UTE92_STU00438,TORONTO_UTE92_0005
TORONTO_UTE92_STU00438,TORONTO_UTE92_0006
TORONTO_UTE92_STU00438,TORONTO_UTE92_0007
TORONTO_UTE92_STU00439,TORONTO_UTE92_0090
TORONTO_UTE92_STU00439,TORONTO_UTE92_0096
TORONTO_UTE92_STU00439,TORONTO_UTE92_0108
TORONTO_UTE92_STU00439,TORONTO_UTE92_0123
TORONTO_UTE92_STU00440,TORONTO_UTE92_0033
TORONTO_UTE92_STU00440,TORONTO_UTE92_0043
TORONTO_UTE92_STU00441,TORONTO_UTE92_0087
TORONTO_UTE92_STU00441,TORONTO_UTE92_0090
TORONTO_UTE92_STU00441,TORONTO_UTE92_0091
TORONTO_UTE92_STU00441,TORONTO_UTE92_0180
TORONTO_UTE92_STU00442,TORONTO_UTE92_0129
TORONTO_UTE92_STU00442,TORONTO_UTE92_0140
TORONTO_UTE92_STU00442,TORONTO_UTE92_0153
TORONTO_UTE92_STU00442,TORONTO_UTE92_0154
TORONTO_UTE92_STU00442,TORONTO_UTE92_0162
TORONTO_UTE92_STU00443,TORONTO_UTE92_0129
TORONTO_UTE92_STU00443,TORONTO_UTE92_0154
TORONTO_UTE92_STU00443,TORONTO_UTE92_0160
TORONTO_UTE92_STU00443,TORONTO_UTE92_0162
TORONTO_UTE92_STU00444,TORONTO_UTE92_0114
TORONTO_UTE92_STU00444,TORONTO_UTE92_0115
TORONTO_UTE92_STU00444,TORONTO_UTE92_0116
TORONTO_UTE92_STU00444,TORONTO_UTE92_0117
TORONTO_UTE92_STU00445,TORONTO_UTE92_0056
TORONTO_UTE92_STU00445,TORONTO_UTE92_0061
TORONTO_UTE92_STU00445,TORONTO_UTE92_0062
TORONTO_UTE92_STU00445,TORONTO_UTE92_0086
TORONTO_UTE92_STU00446,TORONTO_UTE92_0063
TORONTO_UTE92_STU00446,TORONTO_UTE92_0074
TORONTO_UTE92_STU00446,TORONTO_UTE92_0138
TORONTO_UTE92_STU00446,TORONTO_UTE92_0184
TORONTO_UTE92_STU00447,TORONTO_UTE92_0086
TORONTO_UTE92_STU00447,TORONTO_UTE92_0145
TORONTO_UTE92_STU00447,TORONTO_UTE92_0146
TORONTO_UTE92_STU00447,TORONTO_UTE92_0148
TORONTO_UTE92_STU00447,TORONTO_UTE92_0151
TORONTO_UTE92_STU00448,TORONTO_UTE92_0152
TORONTO_UTE92_STU00448,TORONTO_UTE92_0157
TORONTO_UTE92_STU00448,TORONTO_UTE92_0159
TORONTO_UTE92_STU00448,TORONTO_UTE92_0162
TORONTO_UTE92_STU00449,TORONTO_UTE92_0030
TORONTO_UTE92_STU00449,TORONTO_UTE92_0149
TORONTO_UTE92_STU00449,TORONTO_UTE92_0172
TORONTO_UTE92_STU00449,TORONTO_UTE92_0173
TORONTO_UTE92_STU00449,TORONTO_UTE92_0175
TORONTO_UTE92_STU00450,TORONTO_UTE92_0086
TORONTO_UTE92_STU00450,TORONTO_UTE92_0129
TORONTO_UTE92_STU00450,TORONTO_UTE92_0154
TORONTO_UTE92_STU00450,TORONTO_UTE92_0162
TORONTO_UTE92_STU00451,TORONTO_UTE92_0015
TORONTO_UTE92_STU00451,TORONTO_UTE92_0120
TORONTO_UTE92_STU00451,TORONTO_UTE92_0121
TORONTO_UTE92_STU00451,TORONTO_UTE92_0122
TORONTO_UTE92_STU00451,TORONTO_UTE92_0124
TORONTO_UTE92_STU00452,TORONTO_UTE92_0077
TORONTO_UTE92_STU00452,TORONTO_UTE92_0078
TORONTO_UTE92_STU00452,TORONTO_UTE92_0079
TORONTO_UTE92_STU00452,TORONTO_UTE92_0080
TORONTO_UTE92_STU00452,TORONTO_UTE92_0081
TORONTO_UTE92_STU00453,TORONTO_UTE92_0129
TORONTO_UTE92_STU00453,TORONTO_UTE92_0153
TORONTO_UTE92_STU00453,TORONTO_UTE92_0162
TORONTO_UTE92_STU00453,TORONTO_UTE92_0164
TORONTO_UTE92_STU00454,TORONTO_UTE92_0006
TORONTO_UTE92_STU00454,TORONTO_UTE92_0034
TORONTO_UTE92_STU00454,TORONTO_UTE92_0035
TORONTO_UTE92_STU00454,TORONTO_UTE92_0182
TORONTO_UTE92_STU00455,TORONTO_UTE92_0022
TORONTO_UTE92_STU00455,TORONTO_UTE92_0023
TORONTO_UTE92_STU00455,TORONTO_UTE92_0025
TORONTO_UTE92_STU00455,TORONTO_UTE92_0026
TORONTO_UTE92_STU00455,TORONTO_UTE92_0028
TORONTO_UTE92_STU00456,TORONTO_UTE92_0042
TORONTO_UTE92_STU00456,TORONTO_UTE92_0043
TORONTO_UTE92_STU00456,TORONTO_UTE92_0044
TORONTO_UTE92_STU00457,TORONTO_UTE92_0078
TORONTO_UTE92_STU00457,TORONTO_UTE92_0091
TORONTO_UTE92_STU00458,TORONTO_UTE92_0120
TORONTO_UTE92_STU00458,TORONTO_UTE92_0122
TORONTO_UTE92_STU00458,TORONTO_UTE92_0123
TORONTO_UTE92_STU00459,TORONTO_UTE92_0120
TORONTO_UTE92_STU00459,TORONTO_UTE92_0122
TORONTO_UTE92_STU00459,TORONTO_UTE92_0123
TORONTO_UTE92_STU00460,TORONTO_UTE92_0031
TORONTO_UTE92_STU00460,TORONTO_UTE92_0033
TORONTO_UTE92_STU00460,TORONTO_UTE92_0038
TORONTO_UTE92_STU00461,TORONTO_UTE92_0053
TORONTO_UTE92_STU00461,TORONTO_UTE92_0055
TORONTO_UTE92_STU00461,TORONTO_UTE92_0106
TORONTO_UTE92_STU00461,TORONTO_UTE92_0143
TORONTO_UTE92_STU00462,TORONTO_UTE92_0152
TORONTO_UTE92_STU00462,TORONTO_UTE92_0154
TORONTO_UTE92_STU00462,TORONTO_UTE92_0158
TORONTO_UTE92_STU00462,TORONTO_UTE92_0161
TORONTO_UTE92_STU00462,TORONTO_UTE92_0162
TORONTO_UTE92_STU00463,TORONTO_UTE92_0057
TORONTO_UTE92_STU00463,TORONTO_UTE92_0059
TORONTO_UTE92_STU00463,TORONTO_UTE92_0061
TORONTO_UTE92_STU00463,TORONTO_UTE92_0062
TORONTO_UTE92_STU00464,TORONTO_UTE92_0087
TORONTO_UTE92_STU00464,TORONTO_UTE92_0091
TORONTO_UTE92_STU00465,TORONTO_UTE92_0120
TORONTO_UTE92_STU00465,TORONTO_UTE92_0121
TORONTO_UTE92_STU00465,TORONTO_UTE92_0122
TORONTO_UTE92_STU00465,TORONTO_UTE92_0123
TORONTO_UTE92_STU00465,TORONTO_UTE92_0124
TORONTO_UTE92_STU00466,TORONTO_UTE92_0108
TORONTO_UTE92_STU00466,TORONTO_UTE92_0129
TORONTO_UTE92_STU00466,TORONTO_UTE92_0154
TORONTO_UTE92_STU00466,TORONTO_UTE92_0160
TORONTO_UTE92_STU00466,TORONTO_UTE92_0162
TORONTO_UTE92_STU00467,TORONTO_UTE92_0051
TORONTO_UTE92_STU00467,TORONTO_UTE92_0052
TORONTO_UTE92_STU00467,TORONTO_UTE92_0053
TORONTO_UTE92_STU00467,TORONTO_UTE92_0054
TORONTO_UTE92_STU00467,TORONTO_UTE92_0055
TORONTO_UTE92_STU00468,TORONTO_UTE92_0022
TORONTO_UTE92_STU00468,TORONTO_UTE92_0023
TORONTO_UTE92_STU00468,TORONTO_UTE92_0025
TORONTO_UTE92_STU00468,TORONTO_UTE92_0026
TORONTO_UTE92_STU00468,TORONTO_UTE92_0028
TORONTO_UTE92_STU00469,TORONTO_UTE92_0056
TORONTO_UTE92_STU00469,TORONTO_UTE92_0059
TORONTO_UTE92_STU00469,TORONTO_UTE92_0061
TORONTO_UTE92_STU00469,TORONTO_UTE92_0062
TORONTO_UTE92_STU00470,TORONTO_UTE92_0065
TORONTO_UTE92_STU00470,TORONTO_UTE92_0082
TORONTO_UTE92_STU00471,TORONTO_UTE92_0077
TORONTO_UTE92_STU00471,TORONTO_UTE92_0078
TORONTO_UTE92_STU00471,TORONTO_UTE92_0079
TORONTO_UTE92_STU00471,TORONTO_UTE92_0080
TORONTO_UTE92_STU00472,TORONTO_UTE92_0120
TORONTO_UTE92_STU00472,TORONTO_UTE92_0121
TORONTO_UTE92_STU00472,TORONTO_UTE92_0122
TORONTO_UTE92_STU00472,TORONTO_UTE92_0123
TORONTO_UTE92_STU00472,TORONTO_UTE92_0124
TORONTO_UTE92_STU00473,TORONTO_UTE92_0088
TORONTO_UTE92_STU00473,TORONTO_UTE92_0090
TORONTO_UTE92_STU00473,TORONTO_UTE92_0092
TORONTO_UTE92_STU00473,TORONTO_UTE92_0093
TORONTO_UTE92_STU00473,TORONTO_UTE92_0098
TORONTO_UTE92_STU00474,TORONTO_UTE92_0090
TORONTO_UTE92_STU00474,TORONTO_UTE92_0091
TORONTO_UTE92_STU00474,TORONTO_UTE92_0092
TORONTO_UTE92_STU00474,TORONTO_UTE92_0098
TORONTO_UTE92_STU00475,TORONTO_UTE92_0008
TORONTO_UTE92_STU00475,TORONTO_UTE92_0040
TORONTO_UTE92_STU00475,TORONTO_UTE92_0136
TORONTO_UTE92_STU00475,TORONTO_UTE92_0178
TORONTO_UTE92_STU00475,TORONTO_UTE92_0180
TORONTO_UTE92_STU00476,TORONTO_UTE92_0022
TORONTO_UTE92_STU00476,TORONTO_UTE92_0023
TORONTO_UTE92_STU00476,TORONTO_UTE92_0025
TORONTO_UTE92_STU00476,TORONTO_UTE92_0026
TORONTO_UTE92_STU00476,TORONTO_UTE92_0028
TORONTO_UTE92_STU00477,TORONTO_UTE92_0022
TORONTO_UTE92_STU00477,TORONTO_UTE92_0023
TORONTO_UTE92_STU00477,TORONTO_UTE92_0025
TORONTO_UTE92_STU00477,TORONTO_UTE92_0026
TORONTO_UTE92_STU00477,TORONTO_UTE92_0028
TORONTO_UTE92_STU00478,TORONTO_UTE92_0003
TORONTO_UTE92_STU00478,TORONTO_UTE92_0006
TORONTO_UTE92_STU00478,TORONTO_UTE92_0163
TORONTO_UTE92_STU00479,TORONTO_UTE92_0036
TORONTO_UTE92_STU00479,TORONTO_UTE92_0100
TORONTO_UTE92_STU00479,TORONTO_UTE92_0121
TORONTO_UTE92_STU00479,TORONTO_UTE92_0122
TORONTO_UTE92_STU00479,TORONTO_UTE92_0123
TORONTO_UTE92_STU00480,TORONTO_UTE92_0081
TORONTO_UTE92_STU00480,TORONTO_UTE92_0090
TORONTO_UTE92_STU00480,TORONTO_UTE92_0092
TORONTO_UTE92_STU00480,TORONTO_UTE92_0097
TORONTO_UTE92_STU00480,TORONTO_UTE92_0098
TORONTO_UTE92_STU00481,TORONTO_UTE92_0129
TORONTO_UTE92_STU00481,TORONTO_UTE92_0154
TORONTO_UTE92_STU00481,TORONTO_UTE92_0162
TORONTO_UTE92_STU00482,TORONTO_UTE92_0145
TORONTO_UTE92_STU00482,TORONTO_UTE92_0146
TORONTO_UTE92_STU00482,TORONTO_UTE92_0148
TORONTO_UTE92_STU00482,TORONTO_UTE92_0151
TORONTO_UTE92_STU00483,TORONTO_UTE92_0051
TORONTO_UTE92_STU00483,TORONTO_UTE92_0052
TORONTO_UTE92_STU00483,TORONTO_UTE92_0053
TORONTO_UTE92_STU00483,TORONTO_UTE92_0054
TORONTO_UTE92_STU00483,TORONTO_UTE92_0055
TORONTO_UTE92_STU00484,TORONTO_UTE92_0022
TORONTO_UTE92_STU00484,TORONTO_UTE92_0023
TORONTO_UTE92_STU00484,TORONTO_UTE92_0024
TORONTO_UTE92_STU00484,TORONTO_UTE92_0026
TORONTO_UTE92_STU00484,TORONTO_UTE92_0028
TORONTO_UTE92_STU00485,TORONTO_UTE92_0086
TORONTO_UTE92_STU00485,TORONTO_UTE92_0114
TORONTO_UTE92_STU00485,TORONTO_UTE92_0115
TORONTO_UTE92_STU00485,TORONTO_UTE92_0116
TORONTO_UTE92_STU00485,TORONTO_UTE92_0117
TORONTO_UTE92_STU00486,TORONTO_UTE92_0022
TORONTO_UTE92_STU00486,TORONTO_UTE92_0023
TORONTO_UTE92_STU00486,TORONTO_UTE92_0024
TORONTO_UTE92_STU00486,TORONTO_UTE92_0026
TORONTO_UTE92_STU00486,TORONTO_UTE92_0028
TORONTO_UTE92_STU00487,TORONTO_UTE92_0030
TORONTO_UTE92_STU00487,TORONTO_UTE92_0149
TORONTO_UTE92_STU00487,TORONTO_UTE92_0172
TORONTO_UTE92_STU00487,TORONTO_UTE92_0173
TORONTO_UTE92_STU00487,TORONTO_UTE92_0175
TORONTO_UTE92_STU00488,TORONTO_UTE92_0051
TORONTO_UTE92_STU00488,TORONTO_UTE92_0052
TORONTO_UTE92_STU00488,TORONTO_UTE92_0053
TORONTO_UTE92_STU00488,TORONTO_UTE92_0054
TORONTO_UTE92_STU00488,TORONTO_UTE92_0055
TORONTO_UTE92_STU00489,TORONTO_UTE92_0154
TORONTO_UTE92_STU00489,TORONTO_UTE92_0157
TORONTO_UTE92_STU00489,TORONTO_UTE92_0161
TORONTO_UTE92_STU00489,TORONTO_UTE92_0162
TORONTO_UTE92_STU00490,TORONTO_UTE92_0077
TORONTO_UTE92_STU00490,TORONTO_UTE92_0078
TORONTO_UTE92_STU00490,TORONTO_UTE92_0079
TORONTO_UTE92_STU00490,TORONTO_UTE92_0080
TORONTO_UTE92_STU00491,TORONTO_UTE92_0087
TORONTO_UTE92_STU00491,TORONTO_UTE92_0089
TORONTO_UTE92_STU00491,TORONTO_UTE92_0090
TORONTO_UTE92_STU00491,TORONTO_UTE92_0091
TORONTO_UTE92_STU00492,TORONTO_UTE92_0087
TORONTO_UTE92_STU00492,TORONTO_UTE92_0091
TORONTO_UTE92_STU00492,TORONTO_UTE92_0096
TORONTO_UTE92_STU00493,TORONTO_UTE92_0008
TORONTO_UTE92_STU00493,TORONTO_UTE92_0067
TORONTO_UTE92_STU00494,TORONTO_UTE92_0093
TORONTO_UTE92_STU00494,TORONTO_UTE92_0095
TORONTO_UTE92_STU00494,TORONTO_UTE92_0097
TORONTO_UTE92_STU00495,TORONTO_UTE92_0056
TORONTO_UTE92_STU00495,TORONTO_UTE92_0057
TORONTO_UTE92_STU00495,TORONTO_UTE92_0060
TORONTO_UTE92_STU00495,TORONTO_UTE92_0062
TORONTO_UTE92_STU00496,TORONTO_UTE92_0015
TORONTO_UTE92_STU00496,TORONTO_UTE92_0090
TORONTO_UTE92_STU00496,TORONTO_UTE92_0091
TORONTO_UTE92_STU00496,TORONTO_UTE92_0092
TORONTO_UTE92_STU00496,TORONTO_UTE92_0096
TORONTO_UTE92_STU00497,TORONTO_UTE92_0093
TORONTO_UTE92_STU00497,TORONTO_UTE92_0095
TORONTO_UTE92_STU00497,TORONTO_UTE92_0097
TORONTO_UTE92_STU00498,TORONTO_UTE92_0077
TORONTO_UTE92_STU00498,TORONTO_UTE92_0078
TORONTO_UTE92_STU00498,TORONTO_UTE92_0080
TORONTO_UTE92_STU00499,TORONTO_UTE92_0092
TORONTO_UTE92_STU00499,TORONTO_UTE92_0097
TORONTO_UTE92_STU00499,TORONTO_UTE92_0099
TORONTO_UTE92_STU00500,TORONTO_UTE92_0051
TORONTO_UTE92_STU00500,TORONTO_UTE92_0052
TORONTO_UTE92_STU00500,TORONTO_UTE92_0053
TORONTO_UTE92_STU00500,TORONTO_UTE92_0054
TORONTO_UTE92_STU00500,TORONTO_UTE92_0055
TORONTO_UTE92_STU00501,TORONTO_UTE92_0091
TORONTO_UTE92_STU00501,TORONTO_UTE92_0092
TORONTO_UTE92_STU00501,TORONTO_UTE92_0096
TORONTO_UTE92_STU00501,TORONTO_UTE92_0098
TORONTO_UTE92_STU00502,TORONTO_UTE92_0087
TORONTO_UTE92_STU00502,TORONTO_UTE92_0091
TORONTO_UTE92_STU00502,TORONTO_UTE92_0094
TORONTO_UTE92_STU00502,TORONTO_UTE92_0097
TORONTO_UTE92_STU00503,TORONTO_UTE92_0075
TORONTO_UTE92_STU00503,TORONTO_UTE92_0112
TORONTO_UTE92_STU00503,TORONTO_UTE92_0113
TORONTO_UTE92_STU00503,TORONTO_UTE92_0139
TORONTO_UTE92_STU00504,TORONTO_UTE92_0092
TORONTO_UTE92_STU00504,TORONTO_UTE92_0093
TORONTO_UTE92_STU00504,TORONTO_UTE92_0096
TORONTO_UTE92_STU00505,TORONTO_UTE92_0145
TORONTO_UTE92_STU00505,TORONTO_UTE92_0146
TORONTO_UTE92_STU00505,TORONTO_UTE92_0148
TORONTO_UTE92_STU00505,TORONTO_UTE92_0151
TORONTO_UTE92_STU00506,TORONTO_UTE92_0152
TORONTO_UTE92_STU00506,TORONTO_UTE92_0154
TORONTO_UTE92_STU00506,TORONTO_UTE92_0157
TORONTO_UTE92_STU00506,TORONTO_UTE92_0162
TORONTO_UTE92_STU00507,TORONTO_UTE92_0016
TORONTO_UTE92_STU00507,TORONTO_UTE92_0077
TORONTO_UTE92_STU00507,TORONTO_UTE92_0078
TORONTO_UTE92_STU00507,TORONTO_UTE92_0079
TORONTO_UTE92_STU00507,TORONTO_UTE92_0080
TORONTO_UTE92_STU00508,TORONTO_UTE92_0051
TORONTO_UTE92_STU00508,TORONTO_UTE92_0059
TORONTO_UTE92_STU00508,TORONTO_UTE92_0060
TORONTO_UTE92_STU00509,TORONTO_UTE92_0056
TORONTO_UTE92_STU00509,TORONTO_UTE92_0058
TORONTO_UTE92_STU00509,TORONTO_UTE92_0059
TORONTO_UTE92_STU00509,TORONTO_UTE92_0060
TORONTO_UTE92_STU00510,TORONTO_UTE92_0086
TORONTO_UTE92_STU00510,TORONTO_UTE92_0145
TORONTO_UTE92_STU00510,TORONTO_UTE92_0146
TORONTO_UTE92_STU00510,TORONTO_UTE92_0148
TORONTO_UTE92_STU00510,TORONTO_UTE92_0151
TORONTO_UTE92_STU00511,TORONTO_UTE92_0090
TORONTO_UTE92_STU00511,TORONTO_UTE92_0091
TORONTO_UTE92_STU00511,TORONTO_UTE92_0092
TORONTO_UTE92_STU00511,TORONTO_UTE92_0098
TORONTO_UTE92_STU00512,TORONTO_UTE92_0053
TORONTO_UTE92_STU00512,TORONTO_UTE92_0055
TORONTO_UTE92_STU00512,TORONTO_UTE92_0106
TORONTO_UTE92_STU00512,TORONTO_UTE92_0143
TORONTO_UTE92_STU00513,TORONTO_UTE92_0069
TORONTO_UTE92_STU00513,TORONTO_UTE92_0070
TORONTO_UTE92_STU00513,TORONTO_UTE92_0071
TORONTO_UTE92_STU00513,TORONTO_UTE92_0072
TORONTO_UTE92_STU00513,TORONTO_UTE92_0073
TORONTO_UTE92_STU00514,TORONTO_UTE92_0077
TORONTO_UTE92_STU00514,TORONTO_UTE92_0078
TORONTO_UTE92_STU00514,TORONTO_UTE92_0079
TORONTO_UTE92_STU00514,TORONTO_UTE92_0080
TORONTO_UTE92_STU00515,TORONTO_UTE92_0077
TORONTO_UTE92_STU00515,TORONTO_UTE92_0078
TORONTO_UTE92_STU00515,TORONTO_UTE92_0079
TORONTO_UTE92_STU00515,TORONTO_UTE92_0080
TORONTO_UTE92_STU00516,TORONTO_UTE92_0120
TORONTO_UTE92_STU00516,TORONTO_UTE92_0121
TORONTO_UTE92_STU00516,TORONTO_UTE92_0122
TORONTO_UTE92_STU00516,TORONTO_UTE92_0123
TORONTO_UTE92_STU00517,TORONTO_UTE92_0088
TORONTO_UTE92_STU00517,TORONTO_UTE92_0093
TORONTO_UTE92_STU00517,TORONTO_UTE92_0095
TORONTO_UTE92_STU00517,TORONTO_UTE92_0097
TORONTO_UTE92_STU00518,TORONTO_UTE92_0129
TORONTO_UTE92_STU00518,TORONTO_UTE92_0154
TORONTO_UTE92_STU00518,TORONTO_UTE92_0160
TORONTO_UTE92_STU00518,TORONTO_UTE92_0162
TORONTO_UTE92_STU00519,TORONTO_UTE92_0092
TORONTO_UTE92_STU00519,TORONTO_UTE92_0093
TORONTO_UTE92_STU00519,TORONTO_UTE92_0097
TORONTO_UTE92_STU00520,TORONTO_UTE92_0120
TORONTO_UTE92_STU00520,TORONTO_UTE92_0122
TORONTO_UTE92_STU00520,TORONTO_UTE92_0123
TORONTO_UTE92_STU00521,TORONTO_UTE92_0129
TORONTO_UTE92_STU00521,TORONTO_UTE92_0154
TORONTO_UTE92_STU00521,TORONTO_UTE92_0162
TORONTO_UTE92_STU00521,TORONTO_UTE92_0174
TORONTO_UTE92_STU00522,TORONTO_UTE92_0110
TORONTO_UTE92_STU00522,TORONTO_UTE92_0157
TORONTO_UTE92_STU00522,TORONTO_UTE92_0159
TORONTO_UTE92_STU00522,TORONTO_UTE92_0160
TORONTO_UTE92_STU00523,TORONTO_UTE92_0051
TORONTO_UTE92_STU00523,TORONTO_UTE92_0052
TORONTO_UTE92_STU00523,TORONTO_UTE92_0053
TORONTO_UTE92_STU00523,TORONTO_UTE92_0054
TORONTO_UTE92_STU00523,TORONTO_UTE92_0055
TORONTO_UTE92_STU00524,TORONTO_UTE92_0120
TORONTO_UTE92_STU00524,TORONTO_UTE92_0121
TORONTO_UTE92_STU00524,TORONTO_UTE92_0123
TORONTO_UTE92_STU00524,TORONTO_UTE92_0124
TORONTO_UTE92_STU00525,TORONTO_UTE92_0004
TORONTO_UTE92_STU00525,TORONTO_UTE92_0005
TORONTO_UTE92_STU00525,TORONTO_UTE92_0007
TORONTO_UTE92_STU00526,TORONTO_UTE92_0149
TORONTO_UTE92_STU00526,TORONTO_UTE92_0172
TORONTO_UTE92_STU00526,TORONTO_UTE92_0173
TORONTO_UTE92_STU00526,TORONTO_UTE92_0175
TORONTO_UTE92_STU00526,TORONTO_UTE92_0176
TORONTO_UTE92_STU00526,TORONTO_UTE92_0177
TORONTO_UTE92_STU00527,TORONTO_UTE92_0056
TORONTO_UTE92_STU00527,TORONTO_UTE92_0058
TORONTO_UTE92_STU00527,TORONTO_UTE92_0059
TORONTO_UTE92_STU00527,TORONTO_UTE92_0062
TORONTO_UTE92_STU00528,TORONTO_UTE92_0031
TORONTO_UTE92_STU00528,TORONTO_UTE92_0033
TORONTO_UTE92_STU00528,TORONTO_UTE92_0038
TORONTO_UTE92_STU00529,TORONTO_UTE92_0077
TORONTO_UTE92_STU00529,TORONTO_UTE92_0090
TORONTO_UTE92_STU00529,TORONTO_UTE92_0091
TORONTO_UTE92_STU00529,TORONTO_UTE92_0092
TORONTO_UTE92_STU00529,TORONTO_UTE92_0098
TORONTO_UTE92_STU00530,TORONTO_UTE92_0056
TORONTO_UTE92_STU00530,TORONTO_UTE92_0059
TORONTO_UTE92_STU00530,TORONTO_UTE92_0060
TORONTO_UTE92_STU00530,TORONTO_UTE92_0062
TORONTO_UTE92_STU00531,TORONTO_UTE92_0015
TORONTO_UTE92_STU00531,TORONTO_UTE92_0086
TORONTO_UTE92_STU00531,TORONTO_UTE92_0129
TORONTO_UTE92_STU00531,TORONTO_UTE92_0154
TORONTO_UTE92_STU00531,TORONTO_UTE92_0162
TORONTO_UTE92_STU00532,TORONTO_UTE92_0114
TORONTO_UTE92_STU00532,TORONTO_UTE92_0115
TORONTO_UTE92_STU00532,TORONTO_UTE92_0116
TORONTO_UTE92_STU00532,TORONTO_UTE92_0117
TORONTO_UTE92_STU00532,TORONTO_UTE92_0119
TORONTO_UTE92_STU00533,TORONTO_UTE92_0047
TORONTO_UTE92_STU00533,TORONTO_UTE92_0048
TORONTO_UTE92_STU00533,TORONTO_UTE92_0049
TORONTO_UTE92_STU00533,TORONTO_UTE92_0050
TORONTO_UTE92_STU00534,TORONTO_UTE92_0077
TORONTO_UTE92_STU00534,TORONTO_UTE92_0078
TORONTO_UTE92_STU00534,TORONTO_UTE92_0079
TORONTO_UTE92_STU00534,TORONTO_UTE92_0080
TORONTO_UTE92_STU00534,TORONTO_UTE92_0081
TORONTO_UTE92_STU00535,TORONTO_UTE92_0114
TORONTO_UTE92_STU00535,TORONTO_UTE92_0115
TORONTO_UTE92_STU00535,TORONTO_UTE92_0116
TORONTO_UTE92_STU00535,TORONTO_UTE92_0117
TORONTO_UTE92_STU00535,TORONTO_UTE92_0119
TORONTO_UTE92_STU00536,TORONTO_UTE92_0129
TORONTO_UTE92_STU00536,TORONTO_UTE92_0153
TORONTO_UTE92_STU00536,TORONTO_UTE92_0154
TORONTO_UTE92_STU00536,TORONTO_UTE92_0162
TORONTO_UTE92_STU00537,TORONTO_UTE92_0040
TORONTO_UTE92_STU00537,TORONTO_UTE92_0042
TORONTO_UTE92_STU00537,TORONTO_UTE92_0178
TORONTO_UTE92_STU00537,TORONTO_UTE92_0180
TORONTO_UTE92_STU00538,TORONTO_UTE92_0145
TORONTO_UTE92_STU00538,TORONTO_UTE92_0146
TORONTO_UTE92_STU00538,TORONTO_UTE92_0148
TORONTO_UTE92_STU00538,TORONTO_UTE92_0151
TORONTO_UTE92_STU00538,TORONTO_UTE92_0161
TORONTO_UTE92_STU00539,TORONTO_UTE92_0160
TORONTO_UTE92_STU00539,TORONTO_UTE92_0162
TORONTO_UTE92_STU00539,TORONTO_UTE92_0165
TORONTO_UTE92_STU00540,TORONTO_UTE92_0056
TORONTO_UTE92_STU00540,TORONTO_UTE92_0058
TORONTO_UTE92_STU00540,TORONTO_UTE92_0062
TORONTO_UTE92_STU00541,TORONTO_UTE92_0056
TORONTO_UTE92_STU00541,TORONTO_UTE92_0059
TORONTO_UTE92_STU00541,TORONTO_UTE92_0061
TORONTO_UTE92_STU00541,TORONTO_UTE92_0062
TORONTO_UTE92_STU00542,TORONTO_UTE92_0086
TORONTO_UTE92_STU00542,TORONTO_UTE92_0145
TORONTO_UTE92_STU00542,TORONTO_UTE92_0146
TORONTO_UTE92_STU00542,TORONTO_UTE92_0148
TORONTO_UTE92_STU00542,TORONTO_UTE92_0151
TORONTO_UTE92_STU00543,TORONTO_UTE92_0056
TORONTO_UTE92_STU00543,TORONTO_UTE92_0058
TORONTO_UTE92_STU00543,TORONTO_UTE92_0059
TORONTO_UTE92_STU00544,TORONTO_UTE92_0056
TORONTO_UTE92_STU00544,TORONTO_UTE92_0061
TORONTO_UTE92_STU00544,TORONTO_UTE92_0062
TORONTO_UTE92_STU00545,TORONTO_UTE92_0056
TORONTO_UTE92_STU00545,TORONTO_UTE92_0061
TORONTO_UTE92_STU00545,TORONTO_UTE92_0062
TORONTO_UTE92_STU00546,TORONTO_UTE92_0160
TORONTO_UTE92_STU00546,TORONTO_UTE92_0162
TORONTO_UTE92_STU00546,TORONTO_UTE92_0165
TORONTO_UTE92_STU00547,TORONTO_UTE92_0051
TORONTO_UTE92_STU00547,TORONTO_UTE92_0052
TORONTO_UTE92_STU00547,TORONTO_UTE92_0053
TORONTO_UTE92_STU00547,TORONTO_UTE92_0054
TORONTO_UTE92_STU00547,TORONTO_UTE92_0055
TORONTO_UTE92_STU00548,TORONTO_UTE92_0087
TORONTO_UTE92_STU00548,TORONTO_UTE92_0091
TORONTO_UTE92_STU00548,TORONTO_UTE92_0096
TORONTO_UTE92_STU00549,TORONTO_UTE92_0022
TORONTO_UTE92_STU00549,TORONTO_UTE92_0023
TORONTO_UTE92_STU00549,TORONTO_UTE92_0025
TORONTO_UTE92_STU00549,TORONTO_UTE92_0026
TORONTO_UTE92_STU00549,TORONTO_UTE92_0028
TORONTO_UTE92_STU00550,TORONTO_UTE92_0051
TORONTO_UTE92_STU00550,TORONTO_UTE92_0052
TORONTO_UTE92_STU00550,TORONTO_UTE92_0053
TORONTO_UTE92_STU00550,TORONTO_UTE92_0054
TORONTO_UTE92_STU00550,TORONTO_UTE92_0055
TORONTO_UTE92_STU00551,TORONTO_UTE92_0056
TORONTO_UTE92_STU00551,TORONTO_UTE92_0058
TORONTO_UTE92_STU00551,TORONTO_UTE92_0059
TORONTO_UTE92_STU00551,TORONTO_UTE92_0060
TORONTO_UTE92_STU00552,TORONTO_UTE92_0056
TORONTO_UTE92_STU00552,TORONTO_UTE92_0061
TORONTO_UTE92_STU00552,TORONTO_UTE92_0062
TORONTO_UTE92_STU00553,TORONTO_UTE92_0086
TORONTO_UTE92_STU00553,TORONTO_UTE92_0145
TORONTO_UTE92_STU00553,TORONTO_UTE92_0146
TORONTO_UTE92_STU00553,TORONTO_UTE92_0148
TORONTO_UTE92_STU00553,TORONTO_UTE92_0151
TORONTO_UTE92_STU00554,TORONTO_UTE92_0093
TORONTO_UTE92_STU00554,TORONTO_UTE92_0095
TORONTO_UTE92_STU00554,TORONTO_UTE92_0097
TORONTO_UTE92_STU00555,TORONTO_UTE92_0109
TORONTO_UTE92_STU00555,TORONTO_UTE92_0120
TORONTO_UTE92_STU00555,TORONTO_UTE92_0122
TORONTO_UTE92_STU00555,TORONTO_UTE92_0123
TORONTO_UTE92_STU00555,TORONTO_UTE92_0124
TORONTO_UTE92_STU00556,TORONTO_UTE92_0056
TORONTO_UTE92_STU00556,TORONTO_UTE92_0059
TORONTO_UTE92_STU00556,TORONTO_UTE92_0060
TORONTO_UTE92_STU00556,TORONTO_UTE92_0062
TORONTO_UTE92_STU00556,TORONTO_UTE92_0086
TORONTO_UTE92_STU00557,TORONTO_UTE92_0145
TORONTO_UTE92_STU00557,TORONTO_UTE92_0146
TORONTO_UTE92_STU00557,TORONTO_UTE92_0148
TORONTO_UTE92_STU00557,TORONTO_UTE92_0151
TORONTO_UTE92_STU00558,TORONTO_UTE92_0004
TORONTO_UTE92_STU00558,TORONTO_UTE92_0006
TORONTO_UTE92_STU00558,TORONTO_UTE92_0007
TORONTO_UTE92_STU00559,TORONTO_UTE92_0056
TORONTO_UTE92_STU00559,TORONTO_UTE92_0058
TORONTO_UTE92_STU00559,TORONTO_UTE92_0060
TORONTO_UTE92_STU00559,TORONTO_UTE92_0062
TORONTO_UTE92_STU00560,TORONTO_UTE92_0036
TORONTO_UTE92_STU00560,TORONTO_UTE92_0057
TORONTO_UTE92_STU00560,TORONTO_UTE92_0059
TORONTO_UTE92_STU00560,TORONTO_UTE92_0060
TORONTO_UTE92_STU00560,TORONTO_UTE92_0061
TORONTO_UTE92_STU00561,TORONTO_UTE92_0051
TORONTO_UTE92_STU00561,TORONTO_UTE92_0052
TORONTO_UTE92_STU00561,TORONTO_UTE92_0053
TORONTO_UTE92_STU00561,TORONTO_UTE92_0054
TORONTO_UTE92_STU00561,TORONTO_UTE92_0055
TORONTO_UTE92_STU00562,TORONTO_UTE92_0057
TORONTO_UTE92_STU00562,TORONTO_UTE92_0059
TORONTO_UTE92_STU00562,TORONTO_UTE92_0060
TORONTO_UTE92_STU00562,TORONTO_UTE92_0061
TORONTO_UTE92_STU00563,TORONTO_UTE92_0031
TORONTO_UTE92_STU00563,TORONTO_UTE92_0033
TORONTO_UTE92_STU00564,TORONTO_UTE92_0051
TORONTO_UTE92_STU00564,TORONTO_UTE92_0052
TORONTO_UTE92_STU00564,TORONTO_UTE92_0053
TORONTO_UTE92_STU00564,TORONTO_UTE92_0054
TORONTO_UTE92_STU00564,TORONTO_UTE92_0055
TORONTO_UTE92_STU00565,TORONTO_UTE92_0065
TORONTO_UTE92_STU00565,TORONTO_UTE92_0100
TORONTO_UTE92_STU00565,TORONTO_UTE92_0115
TORONTO_UTE92_STU00565,TORONTO_UTE92_0151
TORONTO_UTE92_STU00565,TORONTO_UTE92_0171
TORONTO_UTE92_STU00566,TORONTO_UTE92_0129
TORONTO_UTE92_STU00566,TORONTO_UTE92_0154
TORONTO_UTE92_STU00566,TORONTO_UTE92_0162
TORONTO_UTE92_STU00566,TORONTO_UTE92_0163
TORONTO_UTE92_STU00567,TORONTO_UTE92_0157
TORONTO_UTE92_STU00567,TORONTO_UTE92_0159
TORONTO_UTE92_STU00567,TORONTO_UTE92_0160
TORONTO_UTE92_STU00567,TORONTO_UTE92_0162
TORONTO_UTE92_STU00568,TORONTO_UTE92_0056
TORONTO_UTE92_STU00568,TORONTO_UTE92_0060
TORONTO_UTE92_STU00568,TORONTO_UTE92_0061
TORONTO_UTE92_STU00569,TORONTO_UTE92_0087
TORONTO_UTE92_STU00569,TORONTO_UTE92_0091
TORONTO_UTE92_STU00569,TORONTO_UTE92_0096
TORONTO_UTE92_STU00570,TORONTO_UTE92_0088
TORONTO_UTE92_STU00570,TORONTO_UTE92_0092
TORONTO_UTE92_STU00570,TORONTO_UTE92_0097
TORONTO_UTE92_STU00570,TORONTO_UTE92_0099
TORONTO_UTE92_STU00571,TORONTO_UTE92_0087
TORONTO_UTE92_STU00571,TORONTO_UTE92_0091
TORONTO_UTE92_STU00571,TORONTO_UTE92_0096
TORONTO_UTE92_STU00572,TORONTO_UTE92_0088
TORONTO_UTE92_STU00572,TORONTO_UTE92_0092
TORONTO_UTE92_STU00572,TORONTO_UTE92_0098
TORONTO_UTE92_STU00572,TORONTO_UTE92_0099
TORONTO_UTE92_STU00573,TORONTO_UTE92_0088
TORONTO_UTE92_STU00573,TORONTO_UTE92_0090
TORONTO_UTE92_STU00573,TORONTO_UTE92_0092
TORONTO_UTE92_STU00573,TORONTO_UTE92_0093
TORONTO_UTE92_STU00574,TORONTO_UTE92_0088
TORONTO_UTE92_STU00574,TORONTO_UTE92_0092
TORONTO_UTE92_STU00574,TORONTO_UTE92_0093
TORONTO_UTE92_STU00574,TORONTO_UTE92_0099
TORONTO_UTE92_STU00575,TORONTO_UTE92_0031
TORONTO_UTE92_STU00575,TORONTO_UTE92_0033
TORONTO_UTE92_STU00575,TORONTO_UTE92_0036
TORONTO_UTE92_STU00576,TORONTO_UTE92_0060
TORONTO_UTE92_STU00576,TORONTO_UTE92_0061
TORONTO_UTE92_STU00576,TORONTO_UTE92_0062
TORONTO_UTE92_STU00577,TORONTO_UTE92_0088
TORONTO_UTE92_STU00577,TORONTO_UTE92_0092
TORONTO_UTE92_STU00577,TORONTO_UTE92_0099
TORONTO_UTE92_STU00578,TORONTO_UTE92_0065
TORONTO_UTE92_STU00578,TORONTO_UTE92_0082
TORONTO_UTE92_STU00579,TORONTO_UTE92_0077
TORONTO_UTE92_STU00579,TORONTO_UTE92_0078
TORONTO_UTE92_STU00579,TORONTO_UTE92_0079
TORONTO_UTE92_STU00579,TORONTO_UTE92_0080
TORONTO_UTE92_STU00579,TORONTO_UTE92_0081
TORONTO_UTE92_STU00580,TORONTO_UTE92_0056
TORONTO_UTE92_STU00580,TORONTO_UTE92_0059
TORONTO_UTE92_STU00580,TORONTO_UTE92_0061
TORONTO_UTE92_STU00580,TORONTO_UTE92_0062
TORONTO_UTE92_STU00581,TORONTO_UTE92_0145
TORONTO_UTE92_STU00581,TORONTO_UTE92_0146
TORONTO_UTE92_STU00581,TORONTO_UTE92_0148
TORONTO_UTE92_STU00581,TORONTO_UTE92_0151
TORONTO_UTE92_STU00581,TORONTO_UTE92_0161
TORONTO_UTE92_STU00582,TORONTO_UTE92_0004
TORONTO_UTE92_STU00582,TORONTO_UTE92_0006
TORONTO_UTE92_STU00582,TORONTO_UTE92_0007
TORONTO_UTE92_STU00583,TORONTO_UTE92_0153
TORONTO_UTE92_STU00583,TORONTO_UTE92_0157
TORONTO_UTE92_STU00583,TORONTO_UTE92_0162
TORONTO_UTE92_STU00583,TORONTO_UTE92_0164
TORONTO_UTE92_STU00584,TORONTO_UTE92_0033
TORONTO_UTE92_STU00584,TORONTO_UTE92_0036
TORONTO_UTE92_STU00584,TORONTO_UTE92_0106
TORONTO_UTE92_STU00585,TORONTO_UTE92_0108
TORONTO_UTE92_STU00585,TORONTO_UTE92_0129
TORONTO_UTE92_STU00585,TORONTO_UTE92_0154
TORONTO_UTE92_STU00585,TORONTO_UTE92_0162
TORONTO_UTE92_STU00586,TORONTO_UTE92_0077
TORONTO_UTE92_STU00586,TORONTO_UTE92_0078
TORONTO_UTE92_STU00586,TORONTO_UTE92_0079
TORONTO_UTE92_STU00586,TORONTO_UTE92_0080
TORONTO_UTE92_STU00587,TORONTO_UTE92_0077
TORONTO_UTE92_STU00587,TORONTO_UTE92_0078
TORONTO_UTE92_STU00587,TORONTO_UTE92_0079
TORONTO_UTE92_STU00587,TORONTO_UTE92_0080
TORONTO_UTE92_STU00588,TORONTO_UTE92_0077
TORONTO_UTE92_STU00588,TORONTO_UTE92_0078
TORONTO_UTE92_STU00588,TORONTO_UTE92_0079
TORONTO_UTE92_STU00588,TORONTO_UTE92_0080
TORONTO_UTE92_STU00589,TORONTO_UTE92_0129
TORONTO_UTE92_STU00589,TORONTO_UTE92_0159
TORONTO_UTE92_STU00589,TORONTO_UTE92_0160
TORONTO_UTE92_STU00589,TORONTO_UTE92_0162
TORONTO_UTE92_STU00590,TORONTO_UTE92_0004
TORONTO_UTE92_STU00590,TORONTO_UTE92_0005
TORONTO_UTE92_STU00590,TORONTO_UTE92_0006
TORONTO_UTE92_STU00590,TORONTO_UTE92_0007
TORONTO_UTE92_STU00591,TORONTO_UTE92_0015
TORONTO_UTE92_STU00591,TORONTO_UTE92_0033
TORONTO_UTE92_STU00591,TORONTO_UTE92_0061
TORONTO_UTE92_STU00592,TORONTO_UTE92_0056
TORONTO_UTE92_STU00592,TORONTO_UTE92_0058
TORONTO_UTE92_STU00592,TORONTO_UTE92_0059
TORONTO_UTE92_STU00593,TORONTO_UTE92_0022
TORONTO_UTE92_STU00593,TORONTO_UTE92_0023
TORONTO_UTE92_STU00593,TORONTO_UTE92_0024
TORONTO_UTE92_STU00593,TORONTO_UTE92_0026
TORONTO_UTE92_STU00593,TORONTO_UTE92_0028
TORONTO_UTE92_STU00594,TORONTO_UTE92_0114
TORONTO_UTE92_STU00594,TORONTO_UTE92_0115
TORONTO_UTE92_STU00594,TORONTO_UTE92_0116
TORONTO_UTE92_STU00594,TORONTO_UTE92_0117
TORONTO_UTE92_STU00595,TORONTO_UTE92_0086
TORONTO_UTE92_STU00595,TORONTO_UTE92_0145
TORONTO_UTE92_STU00595,TORONTO_UTE92_0146
TORONTO_UTE92_STU00595,TORONTO_UTE92_0148
TORONTO_UTE92_STU00595,TORONTO_UTE92_0151
TORONTO_UTE92_STU00596,TORONTO_UTE92_0031
TORONTO_UTE92_STU00596,TORONTO_UTE92_0033
TORONTO_UTE92_STU00597,TORONTO_UTE92_0056
TORONTO_UTE92_STU00597,TORONTO_UTE92_0061
TORONTO_UTE92_STU00597,TORONTO_UTE92_0062
TORONTO_UTE92_STU00598,TORONTO_UTE92_0086
TORONTO_UTE92_STU00598,TORONTO_UTE92_0108
TORONTO_UTE92_STU00598,TORONTO_UTE92_0120
TORONTO_UTE92_STU00598,TORONTO_UTE92_0121
TORONTO_UTE92_STU00598,TORONTO_UTE92_0122
TORONTO_UTE92_STU00599,TORONTO_UTE92_0077
TORONTO_UTE92_STU00599,TORONTO_UTE92_0078
TORONTO_UTE92_STU00599,TORONTO_UTE92_0079
TORONTO_UTE92_STU00599,TORONTO_UTE92_0080
TORONTO_UTE92_STU00600,TORONTO_UTE92_0057
TORONTO_UTE92_STU00600,TORONTO_UTE92_0061
TORONTO_UTE92_STU00600,TORONTO_UTE92_0062
TORONTO_UTE92_STU00600,TORONTO_UTE92_0086
TORONTO_UTE92_STU00601,TORONTO_UTE92_0129
TORONTO_UTE92_STU00601,TORONTO_UTE92_0159
TORONTO_UTE92_STU00601,TORONTO_UTE92_0160
TORONTO_UTE92_STU00601,TORONTO_UTE92_0162
TORONTO_UTE92_STU00602,TORONTO_UTE92_0057
TORONTO_UTE92_STU00602,TORONTO_UTE92_0059
TORONTO_UTE92_STU00602,TORONTO_UTE92_0060
TORONTO_UTE92_STU00602,TORONTO_UTE92_0061
TORONTO_UTE92_STU00603,TORONTO_UTE92_0129
TORONTO_UTE92_STU00603,TORONTO_UTE92_0154
TORONTO_UTE92_STU00603,TORONTO_UTE92_0160
TORONTO_UTE92_STU00603,TORONTO_UTE92_0162
TORONTO_UTE92_STU00604,TORONTO_UTE92_0114
TORONTO_UTE92_STU00604,TORONTO_UTE92_0115
TORONTO_UTE92_STU00604,TORONTO_UTE92_0116
TORONTO_UTE92_STU00604,TORONTO_UTE92_0117
TORONTO_UTE92_STU00605,TORONTO_UTE92_0086
TORONTO_UTE92_STU00605,TORONTO_UTE92_0129
TORONTO_UTE92_STU00605,TORONTO_UTE92_0154
TORONTO_UTE92_STU00605,TORONTO_UTE92_0162
TORONTO_UTE92_STU00606,TORONTO_UTE92_0088
TORONTO_UTE92_STU00606,TORONTO_UTE92_0092
TORONTO_UTE92_STU00606,TORONTO_UTE92_0093
TORONTO_UTE92_STU00606,TORONTO_UTE92_0097
TORONTO_UTE92_STU00607,TORONTO_UTE92_0032
TORONTO_UTE92_STU00607,TORONTO_UTE92_0033
TORONTO_UTE92_STU00607,TORONTO_UTE92_0061
TORONTO_UTE92_STU00608,TORONTO_UTE92_0032
TORONTO_UTE92_STU00608,TORONTO_UTE92_0033
TORONTO_UTE92_STU00608,TORONTO_UTE92_0042
TORONTO_UTE92_STU00609,TORONTO_UTE92_0077
TORONTO_UTE92_STU00609,TORONTO_UTE92_0078
TORONTO_UTE92_STU00609,TORONTO_UTE92_0079
TORONTO_UTE92_STU00609,TORONTO_UTE92_0080
TORONTO_UTE92_STU00610,TORONTO_UTE92_0056
TORONTO_UTE92_STU00610,TORONTO_UTE92_0058
TORONTO_UTE92_STU00610,TORONTO_UTE92_0060
TORONTO_UTE92_STU00610,TORONTO_UTE92_0062
TORONTO_UTE92_STU00611,TORONTO_UTE92_0088
TORONTO_UTE92_STU00611,TORONTO_UTE92_0090
TORONTO_UTE92_STU00611,TORONTO_UTE92_0091
TORONTO_UTE92_STU00611,TORONTO_UTE92_0096
TORONTO_UTE92_STU00611,TORONTO_UTE92_0099
TORONTO_UTE92_STU00611,TORONTO_UTE92_0180
TORONTO_UTE92_STU00612,TORONTO_UTE92_0088
TORONTO_UTE92_STU00612,TORONTO_UTE92_0093
TORONTO_UTE92_STU00612,TORONTO_UTE92_0095
TORONTO_UTE92_STU00612,TORONTO_UTE92_0097
TORONTO_UTE92_STU00613,TORONTO_UTE92_0120
TORONTO_UTE92_STU00613,TORONTO_UTE92_0121
TORONTO_UTE92_STU00613,TORONTO_UTE92_0122
TORONTO_UTE92_STU00613,TORONTO_UTE92_0123
TORONTO_UTE92_STU00613,TORONTO_UTE92_0124
TORONTO_UTE92_STU00614,TORONTO_UTE92_0109
TORONTO_UTE92_STU00614,TORONTO_UTE92_0120
TORONTO_UTE92_STU00614,TORONTO_UTE92_0121
TORONTO_UTE92_STU00614,TORONTO_UTE92_0122
TORONTO_UTE92_STU00614,TORONTO_UTE92_0123
TORONTO_UTE92_STU00615,TORONTO_UTE92_0077
TORONTO_UTE92_STU00615,TORONTO_UTE92_0078
TORONTO_UTE92_STU00615,TORONTO_UTE92_0079
TORONTO_UTE92_STU00615,TORONTO_UTE92_0080
TORONTO_UTE92_STU00616,TORONTO_UTE92_0090
TORONTO_UTE92_STU00616,TORONTO_UTE92_0092
TORONTO_UTE92_STU00616,TORONTO_UTE92_0096
TORONTO_UTE92_STU00616,TORONTO_UTE92_0098
TORONTO_UTE92_STU00617,TORONTO_UTE92_0004
TORONTO_UTE92_STU00617,TORONTO_UTE92_0005
TORONTO_UTE92_STU00617,TORONTO_UTE92_0007
TORONTO_UTE92_STU00618,TORONTO_UTE92_0077
TORONTO_UTE92_STU00618,TORONTO_UTE92_0078
TORONTO_UTE92_STU00618,TORONTO_UTE92_0079
TORONTO_UTE92_STU00618,TORONTO_UTE92_0080
TORONTO_UTE92_STU00619,TORONTO_UTE92_0036
TORONTO_UTE92_STU00619,TORONTO_UTE92_0082
TORONTO_UTE92_STU00619,TORONTO_UTE92_0093
TORONTO_UTE92_STU00619,TORONTO_UTE92_0095
TORONTO_UTE92_STU00619,TORONTO_UTE92_0097
TORONTO_UTE92_STU00620,TORONTO_UTE92_0090
TORONTO_UTE92_STU00620,TORONTO_UTE92_0091
TORONTO_UTE92_STU00620,TORONTO_UTE92_0096
TORONTO_UTE92_STU00620,TORONTO_UTE92_0098
TORONTO_UTE92_STU00621,TORONTO_UTE92_0077
TORONTO_UTE92_STU00621,TORONTO_UTE92_0078
TORONTO_UTE92_STU00621,TORONTO_UTE92_0079
TORONTO_UTE92_STU00621,TORONTO_UTE92_0080
TORONTO_UTE92_STU00621,TORONTO_UTE92_0081
TORONTO_UTE92_STU00622,TORONTO_UTE92_0022
TORONTO_UTE92_STU00622,TORONTO_UTE92_0023
TORONTO_UTE92_STU00622,TORONTO_UTE92_0025
TORONTO_UTE92_STU00622,TORONTO_UTE92_0026
TORONTO_UTE92_STU00622,TORONTO_UTE92_0028
TORONTO_UTE92_STU00623,TORONTO_UTE92_0022
TORONTO_UTE92_STU00623,TORONTO_UTE92_0023
TORONTO_UTE92_STU00623,TORONTO_UTE92_0025
TORONTO_UTE92_STU00623,TORONTO_UTE92_0026
TORONTO_UTE92_STU00623,TORONTO_UTE92_0028
TORONTO_UTE92_STU00624,TORONTO_UTE92_0093
TORONTO_UTE92_STU00624,TORONTO_UTE92_0095
TORONTO_UTE92_STU00624,TORONTO_UTE92_0097
TORONTO_UTE92_STU00625,TORONTO_UTE92_0031
TORONTO_UTE92_STU00625,TORONTO_UTE92_0033
TORONTO_UTE92_STU00626,TORONTO_UTE92_0077
TORONTO_UTE92_STU00626,TORONTO_UTE92_0078
TORONTO_UTE92_STU00626,TORONTO_UTE92_0079
TORONTO_UTE92_STU00626,TORONTO_UTE92_0080
TORONTO_UTE92_STU00627,TORONTO_UTE92_0069
TORONTO_UTE92_STU00627,TORONTO_UTE92_0071
TORONTO_UTE92_STU00627,TORONTO_UTE92_0072
TORONTO_UTE92_STU00627,TORONTO_UTE92_0077
TORONTO_UTE92_STU00628,TORONTO_UTE92_0056
TORONTO_UTE92_STU00628,TORONTO_UTE92_0060
TORONTO_UTE92_STU00628,TORONTO_UTE92_0061
TORONTO_UTE92_STU00628,TORONTO_UTE92_0062
TORONTO_UTE92_STU00629,TORONTO_UTE92_0087
TORONTO_UTE92_STU00629,TORONTO_UTE92_0090
TORONTO_UTE92_STU00629,TORONTO_UTE92_0091
TORONTO_UTE92_STU00629,TORONTO_UTE92_0096
TORONTO_UTE92_STU00630,TORONTO_UTE92_0036
TORONTO_UTE92_STU00630,TORONTO_UTE92_0037
TORONTO_UTE92_STU00631,TORONTO_UTE92_0087
TORONTO_UTE92_STU00631,TORONTO_UTE92_0090
TORONTO_UTE92_STU00631,TORONTO_UTE92_0096
TORONTO_UTE92_STU00632,TORONTO_UTE92_0004
TORONTO_UTE92_STU00632,TORONTO_UTE92_0005
TORONTO_UTE92_STU00632,TORONTO_UTE92_0007
TORONTO_UTE92_STU00633,TORONTO_UTE92_0152
TORONTO_UTE92_STU00633,TORONTO_UTE92_0157
TORONTO_UTE92_STU00633,TORONTO_UTE92_0159
TORONTO_UTE92_STU00633,TORONTO_UTE92_0160
TORONTO_UTE92_STU00633,TORONTO_UTE92_0162
TORONTO_UTE92_STU00634,TORONTO_UTE92_0129
TORONTO_UTE92_STU00634,TORONTO_UTE92_0159
TORONTO_UTE92_STU00634,TORONTO_UTE92_0162
TORONTO_UTE92_STU00635,TORONTO_UTE92_0088
TORONTO_UTE92_STU00635,TORONTO_UTE92_0093
TORONTO_UTE92_STU00635,TORONTO_UTE92_0095
TORONTO_UTE92_STU00635,TORONTO_UTE92_0096
TORONTO_UTE92_STU00636,TORONTO_UTE92_0037
TORONTO_UTE92_STU00636,TORONTO_UTE92_0042
TORONTO_UTE92_STU00637,TORONTO_UTE92_0090
TORONTO_UTE92_STU00637,TORONTO_UTE92_0093
TORONTO_UTE92_STU00637,TORONTO_UTE92_0097
TORONTO_UTE92_STU00638,TORONTO_UTE92_0114
TORONTO_UTE92_STU00638,TORONTO_UTE92_0115
TORONTO_UTE92_STU00638,TORONTO_UTE92_0116
TORONTO_UTE92_STU00638,TORONTO_UTE92_0117
TORONTO_UTE92_STU00639,TORONTO_UTE92_0087
TORONTO_UTE92_STU00639,TORONTO_UTE92_0091
TORONTO_UTE92_STU00639,TORONTO_UTE92_0094
TORONTO_UTE92_STU00639,TORONTO_UTE92_0180
TORONTO_UTE92_STU00640,TORONTO_UTE92_0006
TORONTO_UTE92_STU00640,TORONTO_UTE92_0113
TORONTO_UTE92_STU00640,TORONTO_UTE92_0161
TORONTO_UTE92_STU00641,TORONTO_UTE92_0129
TORONTO_UTE92_STU00641,TORONTO_UTE92_0154
TORONTO_UTE92_STU00641,TORONTO_UTE92_0160
TORONTO_UTE92_STU00641,TORONTO_UTE92_0162
TORONTO_UTE92_STU00642,TORONTO_UTE92_0056
TORONTO_UTE92_STU00642,TORONTO_UTE92_0061
TORONTO_UTE92_STU00642,TORONTO_UTE92_0062
TORONTO_UTE92_STU00643,TORONTO_UTE92_0103
TORONTO_UTE92_STU00643,TORONTO_UTE92_0145
TORONTO_UTE92_STU00643,TORONTO_UTE92_0146
TORONTO_UTE92_STU00643,TORONTO_UTE92_0148
TORONTO_UTE92_STU00643,TORONTO_UTE92_0151
TORONTO_UTE92_STU00644,TORONTO_UTE92_0077
TORONTO_UTE92_STU00644,TORONTO_UTE92_0078
TORONTO_UTE92_STU00644,TORONTO_UTE92_0079
TORONTO_UTE92_STU00644,TORONTO_UTE92_0080
TORONTO_UTE92_STU00645,TORONTO_UTE92_0076
TORONTO_UTE92_STU00645,TORONTO_UTE92_0131
TORONTO_UTE92_STU00645,TORONTO_UTE92_0141
TORONTO_UTE92_STU00645,TORONTO_UTE92_0142
TORONTO_UTE92_STU00645,TORONTO_UTE92_0144
TORONTO_UTE92_STU00646,TORONTO_UTE92_0129
TORONTO_UTE92_STU00646,TORONTO_UTE92_0152
TORONTO_UTE92_STU00646,TORONTO_UTE92_0154
TORONTO_UTE92_STU00646,TORONTO_UTE92_0160
TORONTO_UTE92_STU00646,TORONTO_UTE92_0162
TORONTO_UTE92_STU00647,TORONTO_UTE92_0129
TORONTO_UTE92_STU00647,TORONTO_UTE92_0154
TORONTO_UTE92_STU00647,TORONTO_UTE92_0160
TORONTO_UTE92_STU00647,TORONTO_UTE92_0162
TORONTO_UTE92_STU00648,TORONTO_UTE92_0036
TORONTO_UTE92_STU00648,TORONTO_UTE92_0120
TORONTO_UTE92_STU00648,TORONTO_UTE92_0121
TORONTO_UTE92_STU00648,TORONTO_UTE92_0122
TORONTO_UTE92_STU00649,TORONTO_UTE92_0015
TORONTO_UTE92_STU00649,TORONTO_UTE92_0145
TORONTO_UTE92_STU00649,TORONTO_UTE92_0146
TORONTO_UTE92_STU00649,TORONTO_UTE92_0148
TORONTO_UTE92_STU00649,TORONTO_UTE92_0151
TORONTO_UTE92_STU00650,TORONTO_UTE92_0038
TORONTO_UTE92_STU00650,TORONTO_UTE92_0040
TORONTO_UTE92_STU00651,TORONTO_UTE92_0059
TORONTO_UTE92_STU00651,TORONTO_UTE92_0061
TORONTO_UTE92_STU00651,TORONTO_UTE92_0062
TORONTO_UTE92_STU00651,TORONTO_UTE92_0086
TORONTO_UTE92_STU00652,TORONTO_UTE92_0086
TORONTO_UTE92_STU00652,TORONTO_UTE92_0145
TORONTO_UTE92_STU00652,TORONTO_UTE92_0146
TORONTO_UTE92_STU00652,TORONTO_UTE92_0148
TORONTO_UTE92_STU00652,TORONTO_UTE92_0151
TORONTO_UTE92_STU00653,TORONTO_UTE92_0004
TORONTO_UTE92_STU00653,TORONTO_UTE92_0005
TORONTO_UTE92_STU00653,TORONTO_UTE92_0006
TORONTO_UTE92_STU00653,TORONTO_UTE92_0007
TORONTO_UTE92_STU00654,TORONTO_UTE92_0063
TORONTO_UTE92_STU00654,TORONTO_UTE92_0074
TORONTO_UTE92_STU00654,TORONTO_UTE92_0138
TORONTO_UTE92_STU00654,TORONTO_UTE92_0184
TORONTO_UTE92_STU00655,TORONTO_UTE92_0129
TORONTO_UTE92_STU00655,TORONTO_UTE92_0161
TORONTO_UTE92_STU00655,TORONTO_UTE92_0162
TORONTO_UTE92_STU00656,TORONTO_UTE92_0122
TORONTO_UTE92_STU00656,TORONTO_UTE92_0123
TORONTO_UTE92_STU00657,TORONTO_UTE92_0087
TORONTO_UTE92_STU00657,TORONTO_UTE92_0090
TORONTO_UTE92_STU00657,TORONTO_UTE92_0091
TORONTO_UTE92_STU00657,TORONTO_UTE92_0098
TORONTO_UTE92_STU00658,TORONTO_UTE92_0122
TORONTO_UTE92_STU00658,TORONTO_UTE92_0123
TORONTO_UTE92_STU00659,TORONTO_UTE92_0088
TORONTO_UTE92_STU00659,TORONTO_UTE92_0093
TORONTO_UTE92_STU00659,TORONTO_UTE92_0095
TORONTO_UTE92_STU00659,TORONTO_UTE92_0097
TORONTO_UTE92_STU00660,TORONTO_UTE92_0004
TORONTO_UTE92_STU00660,TORONTO_UTE92_0005
TORONTO_UTE92_STU00660,TORONTO_UTE92_0007
TORONTO_UTE92_STU00661,TORONTO_UTE92_0077
TORONTO_UTE92_STU00661,TORONTO_UTE92_0078
TORONTO_UTE92_STU00661,TORONTO_UTE92_0079
TORONTO_UTE92_STU00661,TORONTO_UTE92_0080
TORONTO_UTE92_STU00662,TORONTO_UTE92_0086
TORONTO_UTE92_STU00662,TORONTO_UTE92_0114
TORONTO_UTE92_STU00662,TORONTO_UTE92_0115
TORONTO_UTE92_STU00662,TORONTO_UTE92_0116
TORONTO_UTE92_STU00662,TORONTO_UTE92_0117
TORONTO_UTE92_STU00663,TORONTO_UTE92_0090
TORONTO_UTE92_STU00663,TORONTO_UTE92_0091
TORONTO_UTE92_STU00663,TORONTO_UTE92_0094
TORONTO_UTE92_STU00663,TORONTO_UTE92_0095
TORONTO_UTE92_STU00664,TORONTO_UTE92_0088
TORONTO_UTE92_STU00664,TORONTO_UTE92_0092
TORONTO_UTE92_STU00664,TORONTO_UTE92_0095
TORONTO_UTE92_STU00665,TORONTO_UTE92_0086
TORONTO_UTE92_STU00665,TORONTO_UTE92_0129
TORONTO_UTE92_STU00665,TORONTO_UTE92_0154
TORONTO_UTE92_STU00665,TORONTO_UTE92_0160
TORONTO_UTE92_STU00665,TORONTO_UTE92_0162
TORONTO_UTE92_STU00666,TORONTO_UTE92_0090
TORONTO_UTE92_STU00666,TORONTO_UTE92_0091
TORONTO_UTE92_STU00666,TORONTO_UTE92_0094
TORONTO_UTE92_STU00666,TORONTO_UTE92_0098
TORONTO_UTE92_STU00667,TORONTO_UTE92_0059
TORONTO_UTE92_STU00667,TORONTO_UTE92_0060
TORONTO_UTE92_STU00667,TORONTO_UTE92_0061
TORONTO_UTE92_STU00667,TORONTO_UTE92_0062
TORONTO_UTE92_STU00668,TORONTO_UTE92_0056
TORONTO_UTE92_STU00668,TORONTO_UTE92_0059
TORONTO_UTE92_STU00668,TORONTO_UTE92_0061
TORONTO_UTE92_STU00668,TORONTO_UTE92_0062
TORONTO_UTE92_STU00669,TORONTO_UTE92_0087
TORONTO_UTE92_STU00669,TORONTO_UTE92_0090
TORONTO_UTE92_STU00669,TORONTO_UTE92_0091
TORONTO_UTE92_STU00669,TORONTO_UTE92_0098
TORONTO_UTE92_STU00670,TORONTO_UTE92_0114
TORONTO_UTE92_STU00670,TORONTO_UTE92_0115
TORONTO_UTE92_STU00670,TORONTO_UTE92_0116
TORONTO_UTE92_STU00670,TORONTO_UTE92_0117
TORONTO_UTE92_STU00670,TORONTO_UTE92_0119
TORONTO_UTE92_STU00671,TORONTO_UTE92_0086
TORONTO_UTE92_STU00671,TORONTO_UTE92_0129
TORONTO_UTE92_STU00671,TORONTO_UTE92_0154
TORONTO_UTE92_STU00672,TORONTO_UTE92_0152
TORONTO_UTE92_STU00672,TORONTO_UTE92_0157
TORONTO_UTE92_STU00672,TORONTO_UTE92_0159
TORONTO_UTE92_STU00672,TORONTO_UTE92_0161
TORONTO_UTE92_STU00673,TORONTO_UTE92_0040
TORONTO_UTE92_STU00673,TORONTO_UTE92_0042
TORONTO_UTE92_STU00673,TORONTO_UTE92_0178
TORONTO_UTE92_STU00673,TORONTO_UTE92_0180
TORONTO_UTE92_STU00674,TORONTO_UTE92_0086
TORONTO_UTE92_STU00674,TORONTO_UTE92_0114
TORONTO_UTE92_STU00674,TORONTO_UTE92_0115
TORONTO_UTE92_STU00674,TORONTO_UTE92_0116
TORONTO_UTE92_STU00674,TORONTO_UTE92_0117
TORONTO_UTE92_STU00675,TORONTO_UTE92_0093
TORONTO_UTE92_STU00675,TORONTO_UTE92_0097
TORONTO_UTE92_STU00676,TORONTO_UTE92_0145
TORONTO_UTE92_STU00676,TORONTO_UTE92_0146
TORONTO_UTE92_STU00676,TORONTO_UTE92_0148
TORONTO_UTE92_STU00676,TORONTO_UTE92_0151
TORONTO_UTE92_STU00676,TORONTO_UTE92_0153
TORONTO_UTE92_STU00677,TORONTO_UTE92_0076
TORONTO_UTE92_STU00677,TORONTO_UTE92_0131
TORONTO_UTE92_STU00677,TORONTO_UTE92_0141
TORONTO_UTE92_STU00677,TORONTO_UTE92_0142
TORONTO_UTE92_STU00677,TORONTO_UTE92_0144
TORONTO_UTE92_STU00678,TORONTO_UTE92_0120
TORONTO_UTE92_STU00678,TORONTO_UTE92_0121
TORONTO_UTE92_STU00678,TORONTO_UTE92_0123
TORONTO_UTE92_STU00678,TORONTO_UTE92_0124
TORONTO_UTE92_STU00679,TORONTO_UTE92_0078
TORONTO_UTE92_STU00679,TORONTO_UTE92_0087
TORONTO_UTE92_STU00679,TORONTO_UTE92_0091
TORONTO_UTE92_STU00679,TORONTO_UTE92_0094
TORONTO_UTE92_STU00679,TORONTO_UTE92_0099
TORONTO_UTE92_STU00680,TORONTO_UTE92_0043
TORONTO_UTE92_STU00680,TORONTO_UTE92_0044
TORONTO_UTE92_STU00681,TORONTO_UTE92_0056
TORONTO_UTE92_STU00681,TORONTO_UTE92_0058
TORONTO_UTE92_STU00681,TORONTO_UTE92_0062
TORONTO_UTE92_STU00682,TORONTO_UTE92_0022
TORONTO_UTE92_STU00682,TORONTO_UTE92_0023
TORONTO_UTE92_STU00682,TORONTO_UTE92_0025
TORONTO_UTE92_STU00682,TORONTO_UTE92_0026
TORONTO_UTE92_STU00682,TORONTO_UTE92_0028
TORONTO_UTE92_STU00683,TORONTO_UTE92_0051
TORONTO_UTE92_STU00683,TORONTO_UTE92_0052
TORONTO_UTE92_STU00683,TORONTO_UTE92_0053
TORONTO_UTE92_STU00683,TORONTO_UTE92_0054
TORONTO_UTE92_STU00683,TORONTO_UTE92_0055
TORONTO_UTE92_STU00684,TORONTO_UTE92_0145
TORONTO_UTE92_STU00684,TORONTO_UTE92_0146
TORONTO_UTE92_STU00684,TORONTO_UTE92_0148
TORONTO_UTE92_STU00684,TORONTO_UTE92_0151
TORONTO_UTE92_STU00684,TORONTO_UTE92_0153
TORONTO_UTE92_STU00685,TORONTO_UTE92_0056
TORONTO_UTE92_STU00685,TORONTO_UTE92_0061
TORONTO_UTE92_STU00685,TORONTO_UTE92_0062
TORONTO_UTE92_STU00685,TORONTO_UTE92_0129
TORONTO_UTE92_STU00686,TORONTO_UTE92_0077
TORONTO_UTE92_STU00686,TORONTO_UTE92_0078
TORONTO_UTE92_STU00686,TORONTO_UTE92_0079
TORONTO_UTE92_STU00686,TORONTO_UTE92_0080
TORONTO_UTE92_STU00687,TORONTO_UTE92_0056
TORONTO_UTE92_STU00687,TORONTO_UTE92_0061
TORONTO_UTE92_STU00687,TORONTO_UTE92_0062
TORONTO_UTE92_STU00687,TORONTO_UTE92_0086
TORONTO_UTE92_STU00688,TORONTO_UTE92_0016
TORONTO_UTE92_STU00688,TORONTO_UTE92_0060
TORONTO_UTE92_STU00688,TORONTO_UTE92_0061
TORONTO_UTE92_STU00688,TORONTO_UTE92_0062
TORONTO_UTE92_STU00689,TORONTO_UTE92_0086
TORONTO_UTE92_STU00689,TORONTO_UTE92_0145
TORONTO_UTE92_STU00689,TORONTO_UTE92_0146
TORONTO_UTE92_STU00689,TORONTO_UTE92_0148
TORONTO_UTE92_STU00689,TORONTO_UTE92_0151
TORONTO_UTE92_STU00690,TORONTO_UTE92_0008
TORONTO_UTE92_STU00690,TORONTO_UTE92_0017
TORONTO_UTE92_STU00690,TORONTO_UTE92_0067
TORONTO_UTE92_STU00691,TORONTO_UTE92_0146
TORONTO_UTE92_STU00691,TORONTO_UTE92_0157
TORONTO_UTE92_STU00691,TORONTO_UTE92_0160
TORONTO_UTE92_STU00691,TORONTO_UTE92_0162
TORONTO_UTE92_STU00692,TORONTO_UTE92_0012
TORONTO_UTE92_STU00692,TORONTO_UTE92_0033
TORONTO_UTE92_STU00692,TORONTO_UTE92_0061
TORONTO_UTE92_STU00693,TORONTO_UTE92_0086
TORONTO_UTE92_STU00693,TORONTO_UTE92_0146
TORONTO_UTE92_STU00693,TORONTO_UTE92_0148
TORONTO_UTE92_STU00694,TORONTO_UTE92_0031
TORONTO_UTE92_STU00694,TORONTO_UTE92_0033
TORONTO_UTE92_STU00694,TORONTO_UTE92_0036
TORONTO_UTE92_STU00695,TORONTO_UTE92_0077
TORONTO_UTE92_STU00695,TORONTO_UTE92_0078
TORONTO_UTE92_STU00695,TORONTO_UTE92_0079
TORONTO_UTE92_STU00695,TORONTO_UTE92_0080
TORONTO_UTE92_STU00696,TORONTO_UTE92_0129
TORONTO_UTE92_STU00696,TORONTO_UTE92_0154
TORONTO_UTE92_STU00696,TORONTO_UTE92_0162
TORONTO_UTE92_STU00697,TORONTO_UTE92_0064
TORONTO_UTE92_STU00697,TORONTO_UTE92_0131
TORONTO_UTE92_STU00697,TORONTO_UTE92_0168
TORONTO_UTE92_STU00697,TORONTO_UTE92_0169
TORONTO_UTE92_STU00698,TORONTO_UTE92_0129
TORONTO_UTE92_STU00698,TORONTO_UTE92_0160
TORONTO_UTE92_STU00698,TORONTO_UTE92_0162
TORONTO_UTE92_STU00699,TORONTO_UTE92_0087
TORONTO_UTE92_STU00699,TORONTO_UTE92_0091
TORONTO_UTE92_STU00699,TORONTO_UTE92_0096
TORONTO_UTE92_STU00700,TORONTO_UTE92_0088
TORONTO_UTE92_STU00700,TORONTO_UTE92_0093
TORONTO_UTE92_STU00700,TORONTO_UTE92_0095
TORONTO_UTE92_STU00700,TORONTO_UTE92_0097
TORONTO_UTE92_STU00701,TORONTO_UTE92_0013
TORONTO_UTE92_STU00701,TORONTO_UTE92_0145
TORONTO_UTE92_STU00701,TORONTO_UTE92_0146
TORONTO_UTE92_STU00701,TORONTO_UTE92_0148
TORONTO_UTE92_STU00701,TORONTO_UTE92_0151
TORONTO_UTE92_STU00702,TORONTO_UTE92_0006
TORONTO_UTE92_STU00702,TORONTO_UTE92_0095
TORONTO_UTE92_STU00703,TORONTO_UTE92_0114
TORONTO_UTE92_STU00703,TORONTO_UTE92_0115
TORONTO_UTE92_STU00703,TORONTO_UTE92_0116
TORONTO_UTE92_STU00703,TORONTO_UTE92_0117
TORONTO_UTE92_STU00704,TORONTO_UTE92_0056
TORONTO_UTE92_STU00704,TORONTO_UTE92_0060
TORONTO_UTE92_STU00704,TORONTO_UTE92_0061
TORONTO_UTE92_STU00704,TORONTO_UTE92_0062
TORONTO_UTE92_STU00705,TORONTO_UTE92_0056
TORONTO_UTE92_STU00705,TORONTO_UTE92_0058
TORONTO_UTE92_STU00705,TORONTO_UTE92_0061
TORONTO_UTE92_STU00705,TORONTO_UTE92_0062
TORONTO_UTE92_STU00706,TORONTO_UTE92_0093
TORONTO_UTE92_STU00706,TORONTO_UTE92_0095
TORONTO_UTE92_STU00706,TORONTO_UTE92_0097
TORONTO_UTE92_STU00707,TORONTO_UTE92_0047
TORONTO_UTE92_STU00707,TORONTO_UTE92_0048
TORONTO_UTE92_STU00707,TORONTO_UTE92_0049
TORONTO_UTE92_STU00707,TORONTO_UTE92_0050
TORONTO_UTE92_STU00707,TORONTO_UTE92_0100
TORONTO_UTE92_STU00708,TORONTO_UTE92_0056
TORONTO_UTE92_STU00708,TORONTO_UTE92_0058
TORONTO_UTE92_STU00708,TORONTO_UTE92_0060
TORONTO_UTE92_STU00708,TORONTO_UTE92_0062
TORONTO_UTE92_STU00709,TORONTO_UTE92_0001
TORONTO_UTE92_STU00709,TORONTO_UTE92_0002
TORONTO_UTE92_STU00709,TORONTO_UTE92_0003
TORONTO_UTE92_STU00709,TORONTO_UTE92_0065
TORONTO_UTE92_STU00710,TORONTO_UTE92_0056
TORONTO_UTE92_STU00710,TORONTO_UTE92_0062
TORONTO_UTE92_STU00710,TORONTO_UTE92_0086
TORONTO_UTE92_STU00711,TORONTO_UTE92_0004
TORONTO_UTE92_STU00711,TORONTO_UTE92_0005
TORONTO_UTE92_STU00711,TORONTO_UTE92_0007
TORONTO_UTE92_STU00711,TORONTO_UTE92_0040
TORONTO_UTE92_STU00712,TORONTO_UTE92_0036
TORONTO_UTE92_STU00712,TORONTO_UTE92_0056
TORONTO_UTE92_STU00712,TORONTO_UTE92_0058
TORONTO_UTE92_STU00712,TORONTO_UTE92_0060
TORONTO_UTE92_STU00713,TORONTO_UTE92_0004
TORONTO_UTE92_STU00713,TORONTO_UTE92_0005
TORONTO_UTE92_STU00713,TORONTO_UTE92_0007
TORONTO_UTE92_STU00713,TORONTO_UTE92_0147
TORONTO_UTE92_STU00714,TORONTO_UTE92_0001
TORONTO_UTE92_STU00714,TORONTO_UTE92_0002
TORONTO_UTE92_STU00714,TORONTO_UTE92_0003
TORONTO_UTE92_STU00714,TORONTO_UTE92_0065
TORONTO_UTE92_STU00715,TORONTO_UTE92_0129
TORONTO_UTE92_STU00715,TORONTO_UTE92_0160
TORONTO_UTE92_STU00715,TORONTO_UTE92_0162
TORONTO_UTE92_STU00716,TORONTO_UTE92_0088
TORONTO_UTE92_STU00716,TORONTO_UTE92_0092
TORONTO_UTE92_STU00716,TORONTO_UTE92_0095
TORONTO_UTE92_STU00716,TORONTO_UTE92_0098
TORONTO_UTE92_STU00716,TORONTO_UTE92_0099
TORONTO_UTE92_STU00717,TORONTO_UTE92_0031
TORONTO_UTE92_STU00717,TORONTO_UTE92_0036
TORONTO_UTE92_STU00717,TORONTO_UTE92_0037
TORONTO_UTE92_STU00717,TORONTO_UTE92_0039
TORONTO_UTE92_STU00717,TORONTO_UTE92_0041
TORONTO_UTE92_STU00718,TORONTO_UTE92_0087
TORONTO_UTE92_STU00718,TORONTO_UTE92_0090
TORONTO_UTE92_STU00718,TORONTO_UTE92_0091
TORONTO_UTE92_STU00719,TORONTO_UTE92_0051
TORONTO_UTE92_STU00719,TORONTO_UTE92_0052
TORONTO_UTE92_STU00719,TORONTO_UTE92_0053
TORONTO_UTE92_STU00719,TORONTO_UTE92_0054
TORONTO_UTE92_STU00719,TORONTO_UTE92_0055
TORONTO_UTE92_STU00720,TORONTO_UTE92_0004
TORONTO_UTE92_STU00720,TORONTO_UTE92_0007
TORONTO_UTE92_STU00721,TORONTO_UTE92_0016
TORONTO_UTE92_STU00721,TORONTO_UTE92_0152
TORONTO_UTE92_STU00721,TORONTO_UTE92_0157
TORONTO_UTE92_STU00721,TORONTO_UTE92_0162
TORONTO_UTE92_STU00722,TORONTO_UTE92_0031
TORONTO_UTE92_STU00722,TORONTO_UTE92_0033
TORONTO_UTE92_STU00722,TORONTO_UTE92_0042
TORONTO_UTE92_STU00723,TORONTO_UTE92_0065
TORONTO_UTE92_STU00723,TORONTO_UTE92_0115
TORONTO_UTE92_STU00723,TORONTO_UTE92_0118
TORONTO_UTE92_STU00723,TORONTO_UTE92_0151
TORONTO_UTE92_STU00723,TORONTO_UTE92_0171
TORONTO_UTE92_STU00724,TORONTO_UTE92_0045
TORONTO_UTE92_STU00724,TORONTO_UTE92_0066
TORONTO_UTE92_STU00724,TORONTO_UTE92_0108
TORONTO_UTE92_STU00724,TORONTO_UTE92_0130
TORONTO_UTE92_STU00725,TORONTO_UTE92_0114
TORONTO_UTE92_STU00725,TORONTO_UTE92_0115
TORONTO_UTE92_STU00725,TORONTO_UTE92_0117
TORONTO_UTE92_STU00726,TORONTO_UTE92_0091
TORONTO_UTE92_STU00726,TORONTO_UTE92_0096
TORONTO_UTE92_STU00727,TORONTO_UTE92_0122
TORONTO_UTE92_STU00727,TORONTO_UTE92_0123
TORONTO_UTE92_STU00727,TORONTO_UTE92_0157
TORONTO_UTE92_STU00728,TORONTO_UTE92_0001
TORONTO_UTE92_STU00728,TORONTO_UTE92_0002
TORONTO_UTE92_STU00728,TORONTO_UTE92_0003
TORONTO_UTE92_STU00728,TORONTO_UTE92_0065
TORONTO_UTE92_STU00729,TORONTO_UTE92_0077
TORONTO_UTE92_STU00729,TORONTO_UTE92_0078
TORONTO_UTE92_STU00729,TORONTO_UTE92_0079
TORONTO_UTE92_STU00729,TORONTO_UTE92_0080
TORONTO_UTE92_STU00730,TORONTO_UTE92_0077
TORONTO_UTE92_STU00730,TORONTO_UTE92_0078
TORONTO_UTE92_STU00730,TORONTO_UTE92_0079
TORONTO_UTE92_STU00730,TORONTO_UTE92_0080
TORONTO_UTE92_STU00731,TORONTO_UTE92_0087
TORONTO_UTE92_STU00731,TORONTO_UTE92_0090
TORONTO_UTE92_STU00731,TORONTO_UTE92_0092
TORONTO_UTE92_STU00731,TORONTO_UTE92_0095
TORONTO_UTE92_STU00732,TORONTO_UTE92_0146
TORONTO_UTE92_STU00732,TORONTO_UTE92_0148
TORONTO_UTE92_STU00732,TORONTO_UTE92_0151
TORONTO_UTE92_STU00732,TORONTO_UTE92_0152
TORONTO_UTE92_STU00732,TORONTO_UTE92_0171
TORONTO_UTE92_STU00733,TORONTO_UTE92_0145
TORONTO_UTE92_STU00733,TORONTO_UTE92_0146
TORONTO_UTE92_STU00733,TORONTO_UTE92_0148
TORONTO_UTE92_STU00733,TORONTO_UTE92_0151
TORONTO_UTE92_STU00733,TORONTO_UTE92_0152
TORONTO_UTE92_STU00734,TORONTO_UTE92_0154
TORONTO_UTE92_STU00734,TORONTO_UTE92_0162
TORONTO_UTE92_STU00734,TORONTO_UTE92_0165
TORONTO_UTE92_STU00735,TORONTO_UTE92_0012
TORONTO_UTE92_STU00735,TORONTO_UTE92_0033
TORONTO_UTE92_STU00735,TORONTO_UTE92_0061
TORONTO_UTE92_STU00736,TORONTO_UTE92_0077
TORONTO_UTE92_STU00736,TORONTO_UTE92_0078
TORONTO_UTE92_STU00736,TORONTO_UTE92_0079
TORONTO_UTE92_STU00736,TORONTO_UTE92_0080
TORONTO_UTE92_STU00737,TORONTO_UTE92_0114
TORONTO_UTE92_STU00737,TORONTO_UTE92_0115
TORONTO_UTE92_STU00737,TORONTO_UTE92_0116
TORONTO_UTE92_STU00737,TORONTO_UTE92_0117
TORONTO_UTE92_STU00737,TORONTO_UTE92_0119
TORONTO_UTE92_STU00738,TORONTO_UTE92_0077
TORONTO_UTE92_STU00738,TORONTO_UTE92_0078
TORONTO_UTE92_STU00738,TORONTO_UTE92_0079
TORONTO_UTE92_STU00738,TORONTO_UTE92_0080
TORONTO_UTE92_STU00738,TORONTO_UTE92_0081
TORONTO_UTE92_STU00739,TORONTO_UTE92_0056
TORONTO_UTE92_STU00739,TORONTO_UTE92_0058
TORONTO_UTE92_STU00739,TORONTO_UTE92_0062
TORONTO_UTE92_STU00740,TORONTO_UTE92_0136
TORONTO_UTE92_STU00741,TORONTO_UTE92_0006
TORONTO_UTE92_STU00741,TORONTO_UTE92_0146
TORONTO_UTE92_STU00741,TORONTO_UTE92_0178
TORONTO_UTE92_STU00741,TORONTO_UTE92_0180
TORONTO_UTE92_STU00742,TORONTO_UTE92_0120
TORONTO_UTE92_STU00742,TORONTO_UTE92_0122
TORONTO_UTE92_STU00742,TORONTO_UTE92_0123
TORONTO_UTE92_STU00743,TORONTO_UTE92_0129
TORONTO_UTE92_STU00743,TORONTO_UTE92_0154
TORONTO_UTE92_STU00743,TORONTO_UTE92_0157
TORONTO_UTE92_STU00743,TORONTO_UTE92_0162
TORONTO_UTE92_STU00744,TORONTO_UTE92_0092
TORONTO_UTE92_STU00744,TORONTO_UTE92_0094
TORONTO_UTE92_STU00744,TORONTO_UTE92_0097
TORONTO_UTE92_STU00745,TORONTO_UTE92_0077
TORONTO_UTE92_STU00745,TORONTO_UTE92_0078
TORONTO_UTE92_STU00745,TORONTO_UTE92_0079
TORONTO_UTE92_STU00745,TORONTO_UTE92_0080
TORONTO_UTE92_STU00746,TORONTO_UTE92_0031
TORONTO_UTE92_STU00746,TORONTO_UTE92_0061
TORONTO_UTE92_STU00747,TORONTO_UTE92_0086
TORONTO_UTE92_STU00747,TORONTO_UTE92_0145
TORONTO_UTE92_STU00747,TORONTO_UTE92_0146
TORONTO_UTE92_STU00747,TORONTO_UTE92_0148
TORONTO_UTE92_STU00747,TORONTO_UTE92_0151
TORONTO_UTE92_STU00748,TORONTO_UTE92_0145
TORONTO_UTE92_STU00748,TORONTO_UTE92_0146
TORONTO_UTE92_STU00748,TORONTO_UTE92_0148
TORONTO_UTE92_STU00749,TORONTO_UTE92_0063
TORONTO_UTE92_STU00749,TORONTO_UTE92_0074
TORONTO_UTE92_STU00749,TORONTO_UTE92_0138
TORONTO_UTE92_STU00749,TORONTO_UTE92_0184
TORONTO_UTE92_STU00750,TORONTO_UTE92_0120
TORONTO_UTE92_STU00750,TORONTO_UTE92_0121
TORONTO_UTE92_STU00750,TORONTO_UTE92_0122
TORONTO_UTE92_STU00751,TORONTO_UTE92_0086
TORONTO_UTE92_STU00751,TORONTO_UTE92_0129
TORONTO_UTE92_STU00751,TORONTO_UTE92_0154
TORONTO_UTE92_STU00751,TORONTO_UTE92_0162
TORONTO_UTE92_STU00752,TORONTO_UTE92_0086
TORONTO_UTE92_STU00752,TORONTO_UTE92_0129
TORONTO_UTE92_STU00752,TORONTO_UTE92_0159
TORONTO_UTE92_STU00752,TORONTO_UTE92_0162
TORONTO_UTE92_STU00753,TORONTO_UTE92_0077
TORONTO_UTE92_STU00753,TORONTO_UTE92_0078
TORONTO_UTE92_STU00753,TORONTO_UTE92_0079
TORONTO_UTE92_STU00753,TORONTO_UTE92_0080
TORONTO_UTE92_STU00754,TORONTO_UTE92_0087
TORONTO_UTE92_STU00754,TORONTO_UTE92_0090
TORONTO_UTE92_STU00754,TORONTO_UTE92_0092
TORONTO_UTE92_STU00754,TORONTO_UTE92_0098
TORONTO_UTE92_STU00755,TORONTO_UTE92_0077
TORONTO_UTE92_STU00755,TORONTO_UTE92_0090
TORONTO_UTE92_STU00755,TORONTO_UTE92_0091
TORONTO_UTE92_STU00755,TORONTO_UTE92_0097
TORONTO_UTE92_STU00756,TORONTO_UTE92_0056
TORONTO_UTE92_STU00756,TORONTO_UTE92_0058
TORONTO_UTE92_STU00756,TORONTO_UTE92_0062
TORONTO_UTE92_STU00757,TORONTO_UTE92_0065
TORONTO_UTE92_STU00757,TORONTO_UTE92_0082
TORONTO_UTE92_STU00757,TORONTO_UTE92_0083
TORONTO_UTE92_STU00757,TORONTO_UTE92_0084
TORONTO_UTE92_STU00758,TORONTO_UTE92_0077
TORONTO_UTE92_STU00758,TORONTO_UTE92_0078
TORONTO_UTE92_STU00758,TORONTO_UTE92_0079
TORONTO_UTE92_STU00758,TORONTO_UTE92_0080
TORONTO_UTE92_STU00759,TORONTO_UTE92_0114
TORONTO_UTE92_STU00759,TORONTO_UTE92_0115
TORONTO_UTE92_STU00759,TORONTO_UTE92_0116
TORONTO_UTE92_STU00759,TORONTO_UTE92_0117
TORONTO_UTE92_STU00759,TORONTO_UTE92_0119
TORONTO_UTE92_STU00760,TORONTO_UTE92_0065
TORONTO_UTE92_STU00760,TORONTO_UTE92_0082
TORONTO_UTE92_STU00760,TORONTO_UTE92_0083
TORONTO_UTE92_STU00760,TORONTO_UTE92_0084
TORONTO_UTE92_STU00761,TORONTO_UTE92_0077
TORONTO_UTE92_STU00761,TORONTO_UTE92_0078
TORONTO_UTE92_STU00761,TORONTO_UTE92_0079
TORONTO_UTE92_STU00761,TORONTO_UTE92_0080
TORONTO_UTE92_STU00762,TORONTO_UTE92_0088
TORONTO_UTE92_STU00762,TORONTO_UTE92_0090
TORONTO_UTE92_STU00762,TORONTO_UTE92_0091
TORONTO_UTE92_STU00762,TORONTO_UTE92_0096
TORONTO_UTE92_STU00763,TORONTO_UTE92_0120
TORONTO_UTE92_STU00763,TORONTO_UTE92_0122
TORONTO_UTE92_STU00763,TORONTO_UTE92_0123
TORONTO_UTE92_STU00764,TORONTO_UTE92_0060
TORONTO_UTE92_STU00764,TORONTO_UTE92_0061
TORONTO_UTE92_STU00764,TORONTO_UTE92_0062
TORONTO_UTE92_STU00765,TORONTO_UTE92_0127
TORONTO_UTE92_STU00765,TORONTO_UTE92_0178
TORONTO_UTE92_STU00765,TORONTO_UTE92_0179
TORONTO_UTE92_STU00765,TORONTO_UTE92_0180
TORONTO_UTE92_STU00766,TORONTO_UTE92_0013
TORONTO_UTE92_STU00766,TORONTO_UTE92_0047
TORONTO_UTE92_STU00766,TORONTO_UTE92_0048
TORONTO_UTE92_STU00766,TORONTO_UTE92_0049
TORONTO_UTE92_STU00766,TORONTO_UTE92_0050
TORONTO_UTE92_STU00767,TORONTO_UTE92_0061
TORONTO_UTE92_STU00767,TORONTO_UTE92_0062
TORONTO_UTE92_STU00767,TORONTO_UTE92_0086
TORONTO_UTE92_STU00768,TORONTO_UTE92_0087
TORONTO_UTE92_STU00768,TORONTO_UTE92_0088
TORONTO_UTE92_STU00768,TORONTO_UTE92_0092
TORONTO_UTE92_STU00768,TORONTO_UTE92_0096
TORONTO_UTE92_STU00769,TORONTO_UTE92_0077
TORONTO_UTE92_STU00769,TORONTO_UTE92_0078
TORONTO_UTE92_STU00769,TORONTO_UTE92_0079
TORONTO_UTE92_STU00769,TORONTO_UTE92_0080
TORONTO_UTE92_STU00770,TORONTO_UTE92_0077
TORONTO_UTE92_STU00770,TORONTO_UTE92_0078
TORONTO_UTE92_STU00770,TORONTO_UTE92_0079
TORONTO_UTE92_STU00770,TORONTO_UTE92_0080
TORONTO_UTE92_STU00770,TORONTO_UTE92_0081
TORONTO_UTE92_STU00771,TORONTO_UTE92_0120
TORONTO_UTE92_STU00771,TORONTO_UTE92_0121
TORONTO_UTE92_STU00771,TORONTO_UTE92_0123
TORONTO_UTE92_STU00771,TORONTO_UTE92_0124
TORONTO_UTE92_STU00772,TORONTO_UTE92_0120
TORONTO_UTE92_STU00772,TORONTO_UTE92_0121
TORONTO_UTE92_STU00772,TORONTO_UTE92_0123
TORONTO_UTE92_STU00772,TORONTO_UTE92_0124
TORONTO_UTE92_STU00773,TORONTO_UTE92_0038
TORONTO_UTE92_STU00773,TORONTO_UTE92_0042
TORONTO_UTE92_STU00774,TORONTO_UTE92_0114
TORONTO_UTE92_STU00774,TORONTO_UTE92_0115
TORONTO_UTE92_STU00774,TORONTO_UTE92_0116
TORONTO_UTE92_STU00774,TORONTO_UTE92_0117
TORONTO_UTE92_STU00774,TORONTO_UTE92_0119
TORONTO_UTE92_STU00775,TORONTO_UTE92_0114
TORONTO_UTE92_STU00775,TORONTO_UTE92_0115
TORONTO_UTE92_STU00775,TORONTO_UTE92_0116
TORONTO_UTE92_STU00775,TORONTO_UTE92_0117
TORONTO_UTE92_STU00775,TORONTO_UTE92_0119
TORONTO_UTE92_STU00776,TORONTO_UTE92_0051
TORONTO_UTE92_STU00776,TORONTO_UTE92_0052
TORONTO_UTE92_STU00776,TORONTO_UTE92_0053
TORONTO_UTE92_STU00776,TORONTO_UTE92_0054
TORONTO_UTE92_STU00776,TORONTO_UTE92_0055
TORONTO_UTE92_STU00777,TORONTO_UTE92_0114
TORONTO_UTE92_STU00777,TORONTO_UTE92_0115
TORONTO_UTE92_STU00777,TORONTO_UTE92_0116
TORONTO_UTE92_STU00777,TORONTO_UTE92_0117
TORONTO_UTE92_STU00777,TORONTO_UTE92_0119
TORONTO_UTE92_STU00778,TORONTO_UTE92_0118
TORONTO_UTE92_STU00778,TORONTO_UTE92_0129
TORONTO_UTE92_STU00778,TORONTO_UTE92_0160
TORONTO_UTE92_STU00778,TORONTO_UTE92_0162
TORONTO_UTE92_STU00779,TORONTO_UTE92_0086
TORONTO_UTE92_STU00779,TORONTO_UTE92_0114
TORONTO_UTE92_STU00779,TORONTO_UTE92_0115
TORONTO_UTE92_STU00779,TORONTO_UTE92_0116
TORONTO_UTE92_STU00779,TORONTO_UTE92_0117
TORONTO_UTE92_STU00780,TORONTO_UTE92_0015
TORONTO_UTE92_STU00780,TORONTO_UTE92_0120
TORONTO_UTE92_STU00780,TORONTO_UTE92_0121
TORONTO_UTE92_STU00780,TORONTO_UTE92_0122
TORONTO_UTE92_STU00780,TORONTO_UTE92_0124
TORONTO_UTE92_STU00781,TORONTO_UTE92_0120
TORONTO_UTE92_STU00781,TORONTO_UTE92_0121
TORONTO_UTE92_STU00781,TORONTO_UTE92_0122
TORONTO_UTE92_STU00781,TORONTO_UTE92_0124
TORONTO_UTE92_STU00782,TORONTO_UTE92_0038
TORONTO_UTE92_STU00782,TORONTO_UTE92_0061
TORONTO_UTE92_STU00783,TORONTO_UTE92_0009
TORONTO_UTE92_STU00783,TORONTO_UTE92_0108
TORONTO_UTE92_STU00783,TORONTO_UTE92_0130
TORONTO_UTE92_STU00783,TORONTO_UTE92_0136
TORONTO_UTE92_STU00784,TORONTO_UTE92_0086
TORONTO_UTE92_STU00784,TORONTO_UTE92_0114
TORONTO_UTE92_STU00784,TORONTO_UTE92_0115
TORONTO_UTE92_STU00784,TORONTO_UTE92_0116
TORONTO_UTE92_STU00784,TORONTO_UTE92_0117
TORONTO_UTE92_STU00785,TORONTO_UTE92_0087
TORONTO_UTE92_STU00785,TORONTO_UTE92_0089
TORONTO_UTE92_STU00785,TORONTO_UTE92_0090
TORONTO_UTE92_STU00785,TORONTO_UTE92_0091
TORONTO_UTE92_STU00786,TORONTO_UTE92_0088
TORONTO_UTE92_STU00786,TORONTO_UTE92_0090
TORONTO_UTE92_STU00786,TORONTO_UTE92_0093
TORONTO_UTE92_STU00786,TORONTO_UTE92_0095
TORONTO_UTE92_STU00787,TORONTO_UTE92_0145
TORONTO_UTE92_STU00787,TORONTO_UTE92_0146
TORONTO_UTE92_STU00787,TORONTO_UTE92_0148
TORONTO_UTE92_STU00787,TORONTO_UTE92_0151
TORONTO_UTE92_STU00788,TORONTO_UTE92_0051
TORONTO_UTE92_STU00788,TORONTO_UTE92_0052
TORONTO_UTE92_STU00788,TORONTO_UTE92_0053
TORONTO_UTE92_STU00788,TORONTO_UTE92_0054
TORONTO_UTE92_STU00788,TORONTO_UTE92_0055
TORONTO_UTE92_STU00789,TORONTO_UTE92_0033
TORONTO_UTE92_STU00789,TORONTO_UTE92_0061
TORONTO_UTE92_STU00790,TORONTO_UTE92_0065
TORONTO_UTE92_STU00790,TORONTO_UTE92_0082
TORONTO_UTE92_STU00790,TORONTO_UTE92_0083
TORONTO_UTE92_STU00790,TORONTO_UTE92_0084
TORONTO_UTE92_STU00790,TORONTO_UTE92_0085
TORONTO_UTE92_STU00791,TORONTO_UTE92_0040
TORONTO_UTE92_STU00791,TORONTO_UTE92_0042
TORONTO_UTE92_STU00792,TORONTO_UTE92_0040
TORONTO_UTE92_STU00792,TORONTO_UTE92_0042
TORONTO_UTE92_STU00792,TORONTO_UTE92_0132
TORONTO_UTE92_STU00792,TORONTO_UTE92_0178
TORONTO_UTE92_STU00792,TORONTO_UTE92_0180
TORONTO_UTE92_STU00793,TORONTO_UTE92_0031
TORONTO_UTE92_STU00793,TORONTO_UTE92_0037
TORONTO_UTE92_STU00793,TORONTO_UTE92_0039
TORONTO_UTE92_STU00794,TORONTO_UTE92_0022
TORONTO_UTE92_STU00794,TORONTO_UTE92_0023
TORONTO_UTE92_STU00794,TORONTO_UTE92_0025
TORONTO_UTE92_STU00794,TORONTO_UTE92_0026
TORONTO_UTE92_STU00794,TORONTO_UTE92_0028
TORONTO_UTE92_STU00795,TORONTO_UTE92_0114
TORONTO_UTE92_STU00795,TORONTO_UTE92_0115
TORONTO_UTE92_STU00795,TORONTO_UTE92_0116
TORONTO_UTE92_STU00795,TORONTO_UTE92_0117
TORONTO_UTE92_STU00795,TORONTO_UTE92_0119
TORONTO_UTE92_STU00796,TORONTO_UTE92_0065
TORONTO_UTE92_STU00796,TORONTO_UTE92_0082
TORONTO_UTE92_STU00796,TORONTO_UTE92_0083
TORONTO_UTE92_STU00796,TORONTO_UTE92_0084
TORONTO_UTE92_STU00796,TORONTO_UTE92_0085
TORONTO_UTE92_STU00797,TORONTO_UTE92_0008
TORONTO_UTE92_STU00797,TORONTO_UTE92_0107
TORONTO_UTE92_STU00798,TORONTO_UTE92_0065
TORONTO_UTE92_STU00798,TORONTO_UTE92_0082
TORONTO_UTE92_STU00798,TORONTO_UTE92_0083
TORONTO_UTE92_STU00798,TORONTO_UTE92_0084
TORONTO_UTE92_STU00799,TORONTO_UTE92_0058
TORONTO_UTE92_STU00799,TORONTO_UTE92_0060
TORONTO_UTE92_STU00799,TORONTO_UTE92_0062
TORONTO_UTE92_STU00800,TORONTO_UTE92_0006
TORONTO_UTE92_STU00800,TORONTO_UTE92_0163
TORONTO_UTE92_STU00801,TORONTO_UTE92_0183
TORONTO_UTE92_STU00802,TORONTO_UTE92_0008
TORONTO_UTE92_STU00802,TORONTO_UTE92_0067
TORONTO_UTE92_STU00803,TORONTO_UTE92_0088
TORONTO_UTE92_STU00803,TORONTO_UTE92_0091
TORONTO_UTE92_STU00803,TORONTO_UTE92_0096
TORONTO_UTE92_STU00803,TORONTO_UTE92_0098
TORONTO_UTE92_STU00804,TORONTO_UTE92_0120
TORONTO_UTE92_STU00804,TORONTO_UTE92_0121
TORONTO_UTE92_STU00804,TORONTO_UTE92_0122
TORONTO_UTE92_STU00805,TORONTO_UTE92_0088
TORONTO_UTE92_STU00805,TORONTO_UTE92_0092
TORONTO_UTE92_STU00805,TORONTO_UTE92_0098
TORONTO_UTE92_STU00805,TORONTO_UTE92_0099
TORONTO_UTE92_STU00806,TORONTO_UTE92_0129
TORONTO_UTE92_STU00806,TORONTO_UTE92_0154
TORONTO_UTE92_STU00806,TORONTO_UTE92_0160
TORONTO_UTE92_STU00806,TORONTO_UTE92_0162
TORONTO_UTE92_STU00807,TORONTO_UTE92_0022
TORONTO_UTE92_STU00807,TORONTO_UTE92_0023
TORONTO_UTE92_STU00807,TORONTO_UTE92_0025
TORONTO_UTE92_STU00807,TORONTO_UTE92_0026
TORONTO_UTE92_STU00808,TORONTO_UTE92_0022
TORONTO_UTE92_STU00808,TORONTO_UTE92_0023
TORONTO_UTE92_STU00808,TORONTO_UTE92_0025
TORONTO_UTE92_STU00808,TORONTO_UTE92_0026
TORONTO_UTE92_STU00808,TORONTO_UTE92_0028
TORONTO_UTE92_STU00809,TORONTO_UTE92_0022
TORONTO_UTE92_STU00809,TORONTO_UTE92_0023
TORONTO_UTE92_STU00809,TORONTO_UTE92_0025
TORONTO_UTE92_STU00809,TORONTO_UTE92_0026
TORONTO_UTE92_STU00809,TORONTO_UTE92_0028
TORONTO_UTE92_STU00810,TORONTO_UTE92_0004
TORONTO_UTE92_STU00810,TORONTO_UTE92_0005
TORONTO_UTE92_STU00810,TORONTO_UTE92_0006
TORONTO_UTE92_STU00810,TORONTO_UTE92_0007
TORONTO_UTE92_STU00811,TORONTO_UTE92_0120
TORONTO_UTE92_STU00811,TORONTO_UTE92_0121
TORONTO_UTE92_STU00811,TORONTO_UTE92_0122
TORONTO_UTE92_STU00811,TORONTO_UTE92_0124
TORONTO_UTE92_STU00812,TORONTO_UTE92_0074
TORONTO_UTE92_STU00812,TORONTO_UTE92_0103
TORONTO_UTE92_STU00812,TORONTO_UTE92_0138
TORONTO_UTE92_STU00812,TORONTO_UTE92_0184
TORONTO_UTE92_STU00813,TORONTO_UTE92_0064
TORONTO_UTE92_STU00813,TORONTO_UTE92_0131
TORONTO_UTE92_STU00814,TORONTO_UTE92_0086
TORONTO_UTE92_STU00814,TORONTO_UTE92_0114
TORONTO_UTE92_STU00814,TORONTO_UTE92_0115
TORONTO_UTE92_STU00814,TORONTO_UTE92_0116
TORONTO_UTE92_STU00814,TORONTO_UTE92_0117
TORONTO_UTE92_STU00815,TORONTO_UTE92_0017
TORONTO_UTE92_STU00815,TORONTO_UTE92_0018
TORONTO_UTE92_STU00815,TORONTO_UTE92_0019
TORONTO_UTE92_STU00815,TORONTO_UTE92_0020
TORONTO_UTE92_STU00815,TORONTO_UTE92_0132
TORONTO_UTE92_STU00816,TORONTO_UTE92_0087
TORONTO_UTE92_STU00816,TORONTO_UTE92_0091
TORONTO_UTE92_STU00816,TORONTO_UTE92_0096
TORONTO_UTE92_STU00817,TORONTO_UTE92_0129
TORONTO_UTE92_STU00817,TORONTO_UTE92_0153
TORONTO_UTE92_STU00817,TORONTO_UTE92_0162
TORONTO_UTE92_STU00817,TORONTO_UTE92_0163
TORONTO_UTE92_STU00818,TORONTO_UTE92_0145
TORONTO_UTE92_STU00818,TORONTO_UTE92_0146
TORONTO_UTE92_STU00818,TORONTO_UTE92_0148
TORONTO_UTE92_STU00818,TORONTO_UTE92_0151
TORONTO_UTE92_STU00819,TORONTO_UTE92_0036
TORONTO_UTE92_STU00819,TORONTO_UTE92_0053
TORONTO_UTE92_STU00819,TORONTO_UTE92_0055
TORONTO_UTE92_STU00819,TORONTO_UTE92_0106
TORONTO_UTE92_STU00820,TORONTO_UTE92_0088
TORONTO_UTE92_STU00820,TORONTO_UTE92_0090
TORONTO_UTE92_STU00820,TORONTO_UTE92_0091
TORONTO_UTE92_STU00820,TORONTO_UTE92_0092
TORONTO_UTE92_STU00820,TORONTO_UTE92_0103
TORONTO_UTE92_STU00821,TORONTO_UTE92_0036
TORONTO_UTE92_STU00821,TORONTO_UTE92_0093
TORONTO_UTE92_STU00821,TORONTO_UTE92_0095
TORONTO_UTE92_STU00821,TORONTO_UTE92_0181
TORONTO_UTE92_STU00822,TORONTO_UTE92_0120
TORONTO_UTE92_STU00822,TORONTO_UTE92_0121
TORONTO_UTE92_STU00822,TORONTO_UTE92_0122
TORONTO_UTE92_STU00823,TORONTO_UTE92_0031
TORONTO_UTE92_STU00823,TORONTO_UTE92_0039
TORONTO_UTE92_STU00824,TORONTO_UTE92_0013
TORONTO_UTE92_STU00824,TORONTO_UTE92_0129
TORONTO_UTE92_STU00824,TORONTO_UTE92_0160
TORONTO_UTE92_STU00824,TORONTO_UTE92_0162
TORONTO_UTE92_STU00825,TORONTO_UTE92_0077
TORONTO_UTE92_STU00825,TORONTO_UTE92_0078
TORONTO_UTE92_STU00825,TORONTO_UTE92_0079
TORONTO_UTE92_STU00825,TORONTO_UTE92_0080
TORONTO_UTE92_STU00825,TORONTO_UTE92_0081
TORONTO_UTE92_STU00826,TORONTO_UTE92_0004
TORONTO_UTE92_STU00826,TORONTO_UTE92_0005
TORONTO_UTE92_STU00826,TORONTO_UTE92_0007
TORONTO_UTE92_STU00827,TORONTO_UTE92_0120
TORONTO_UTE92_STU00827,TORONTO_UTE92_0124
TORONTO_UTE92_STU00828,TORONTO_UTE92_0031
TORONTO_UTE92_STU00828,TORONTO_UTE92_0033
TORONTO_UTE92_STU00828,TORONTO_UTE92_0036
TORONTO_UTE92_STU00829,TORONTO_UTE92_0051
TORONTO_UTE92_STU00829,TORONTO_UTE92_0052
TORONTO_UTE92_STU00829,TORONTO_UTE92_0053
TORONTO_UTE92_STU00829,TORONTO_UTE92_0054
TORONTO_UTE92_STU00829,TORONTO_UTE92_0055
TORONTO_UTE92_STU00830,TORONTO_UTE92_0004
TORONTO_UTE92_STU00830,TORONTO_UTE92_0005
TORONTO_UTE92_STU00830,TORONTO_UTE92_0007
TORONTO_UTE92_STU00831,TORONTO_UTE92_0122
TORONTO_UTE92_STU00831,TORONTO_UTE92_0157
TORONTO_UTE92_STU00831,TORONTO_UTE92_0159
TORONTO_UTE92_STU00832,TORONTO_UTE92_0092
TORONTO_UTE92_STU00832,TORONTO_UTE92_0096
TORONTO_UTE92_STU00832,TORONTO_UTE92_0098
TORONTO_UTE92_STU00833,TORONTO_UTE92_0086
TORONTO_UTE92_STU00833,TORONTO_UTE92_0129
TORONTO_UTE92_STU00833,TORONTO_UTE92_0154
TORONTO_UTE92_STU00833,TORONTO_UTE92_0162
TORONTO_UTE92_STU00834,TORONTO_UTE92_0004
TORONTO_UTE92_STU00834,TORONTO_UTE92_0005
TORONTO_UTE92_STU00834,TORONTO_UTE92_0007
TORONTO_UTE92_STU00835,TORONTO_UTE92_0129
TORONTO_UTE92_STU00835,TORONTO_UTE92_0154
TORONTO_UTE92_STU00835,TORONTO_UTE92_0160
TORONTO_UTE92_STU00835,TORONTO_UTE92_0162
TORONTO_UTE92_STU00836,TORONTO_UTE92_0006
TORONTO_UTE92_STU00836,TORONTO_UTE92_0034
TORONTO_UTE92_STU00836,TORONTO_UTE92_0035
TORONTO_UTE92_STU00836,TORONTO_UTE92_0163
TORONTO_UTE92_STU00837,TORONTO_UTE92_0129
TORONTO_UTE92_STU00837,TORONTO_UTE92_0154
TORONTO_UTE92_STU00837,TORONTO_UTE92_0160
TORONTO_UTE92_STU00837,TORONTO_UTE92_0162
TORONTO_UTE92_STU00838,TORONTO_UTE92_0121
TORONTO_UTE92_STU00838,TORONTO_UTE92_0123
TORONTO_UTE92_STU00838,TORONTO_UTE92_0124
TORONTO_UTE92_STU00839,TORONTO_UTE92_0056
TORONTO_UTE92_STU00839,TORONTO_UTE92_0059
TORONTO_UTE92_STU00839,TORONTO_UTE92_0062
TORONTO_UTE92_STU00839,TORONTO_UTE92_0156
TORONTO_UTE92_STU00840,TORONTO_UTE92_0090
TORONTO_UTE92_STU00840,TORONTO_UTE92_0093
TORONTO_UTE92_STU00840,TORONTO_UTE92_0095
TORONTO_UTE92_STU00841,TORONTO_UTE92_0120
TORONTO_UTE92_STU00841,TORONTO_UTE92_0121
TORONTO_UTE92_STU00841,TORONTO_UTE92_0122
TORONTO_UTE92_STU00842,TORONTO_UTE92_0069
TORONTO_UTE92_STU00842,TORONTO_UTE92_0070
TORONTO_UTE92_STU00842,TORONTO_UTE92_0071
TORONTO_UTE92_STU00842,TORONTO_UTE92_0072
TORONTO_UTE92_STU00842,TORONTO_UTE92_0073
TORONTO_UTE92_STU00843,TORONTO_UTE92_0063
TORONTO_UTE92_STU00843,TORONTO_UTE92_0074
TORONTO_UTE92_STU00843,TORONTO_UTE92_0138
TORONTO_UTE92_STU00843,TORONTO_UTE92_0184
TORONTO_UTE92_STU00844,TORONTO_UTE92_0004
TORONTO_UTE92_STU00844,TORONTO_UTE92_0005
TORONTO_UTE92_STU00844,TORONTO_UTE92_0006
TORONTO_UTE92_STU00844,TORONTO_UTE92_0007
TORONTO_UTE92_STU00845,TORONTO_UTE92_0065
TORONTO_UTE92_STU00845,TORONTO_UTE92_0115
TORONTO_UTE92_STU00845,TORONTO_UTE92_0151
TORONTO_UTE92_STU00845,TORONTO_UTE92_0171
TORONTO_UTE92_STU00846,TORONTO_UTE92_0150
TORONTO_UTE92_STU00846,TORONTO_UTE92_0163
TORONTO_UTE92_STU00847,TORONTO_UTE92_0077
TORONTO_UTE92_STU00847,TORONTO_UTE92_0078
TORONTO_UTE92_STU00847,TORONTO_UTE92_0079
TORONTO_UTE92_STU00847,TORONTO_UTE92_0080
TORONTO_UTE92_STU00848,TORONTO_UTE92_0090
TORONTO_UTE92_STU00848,TORONTO_UTE92_0093
TORONTO_UTE92_STU00848,TORONTO_UTE92_0097
TORONTO_UTE92_STU00849,TORONTO_UTE92_0051
TORONTO_UTE92_STU00849,TORONTO_UTE92_0052
TORONTO_UTE92_STU00849,TORONTO_UTE92_0053
TORONTO_UTE92_STU00849,TORONTO_UTE92_0054
TORONTO_UTE92_STU00849,TORONTO_UTE92_0055
TORONTO_UTE92_STU00850,TORONTO_UTE92_0090
TORONTO_UTE92_STU00850,TORONTO_UTE92_0091
TORONTO_UTE92_STU00850,TORONTO_UTE92_0092
TORONTO_UTE92_STU00850,TORONTO_UTE92_0098
TORONTO_UTE92_STU00851,TORONTO_UTE92_0114
TORONTO_UTE92_STU00851,TORONTO_UTE92_0115
TORONTO_UTE92_STU00851,TORONTO_UTE92_0116
TORONTO_UTE92_STU00851,TORONTO_UTE92_0117
TORONTO_UTE92_STU00851,TORONTO_UTE92_0119
TORONTO_UTE92_STU00852,TORONTO_UTE92_0051
TORONTO_UTE92_STU00852,TORONTO_UTE92_0052
TORONTO_UTE92_STU00852,TORONTO_UTE92_0053
TORONTO_UTE92_STU00852,TORONTO_UTE92_0054
TORONTO_UTE92_STU00852,TORONTO_UTE92_0055
TORONTO_UTE92_STU00853,TORONTO_UTE92_0145
TORONTO_UTE92_STU00853,TORONTO_UTE92_0146
TORONTO_UTE92_STU00853,TORONTO_UTE92_0148
TORONTO_UTE92_STU00853,TORONTO_UTE92_0151
TORONTO_UTE92_STU00854,TORONTO_UTE92_0051
TORONTO_UTE92_STU00854,TORONTO_UTE92_0052
TORONTO_UTE92_STU00854,TORONTO_UTE92_0053
TORONTO_UTE92_STU00854,TORONTO_UTE92_0054
TORONTO_UTE92_STU00854,TORONTO_UTE92_0055
TORONTO_UTE92_STU00855,TORONTO_UTE92_0051
TORONTO_UTE92_STU00855,TORONTO_UTE92_0052
TORONTO_UTE92_STU00855,TORONTO_UTE92_0053
TORONTO_UTE92_STU00855,TORONTO_UTE92_0054
TORONTO_UTE92_STU00855,TORONTO_UTE92_0055
TORONTO_UTE92_STU00856,TORONTO_UTE92_0051
TORONTO_UTE92_STU00856,TORONTO_UTE92_0052
TORONTO_UTE92_STU00856,TORONTO_UTE92_0053
TORONTO_UTE92_STU00856,TORONTO_UTE92_0054
TORONTO_UTE92_STU00856,TORONTO_UTE92_0055
TORONTO_UTE92_STU00857,TORONTO_UTE92_0100
TORONTO_UTE92_STU00857,TORONTO_UTE92_0145
TORONTO_UTE92_STU00857,TORONTO_UTE92_0146
TORONTO_UTE92_STU00857,TORONTO_UTE92_0148
TORONTO_UTE92_STU00857,TORONTO_UTE92_0151
TORONTO_UTE92_STU00858,TORONTO_UTE92_0114
TORONTO_UTE92_STU00858,TORONTO_UTE92_0115
TORONTO_UTE92_STU00858,TORONTO_UTE92_0116
TORONTO_UTE92_STU00858,TORONTO_UTE92_0117
TORONTO_UTE92_STU00858,TORONTO_UTE92_0119
TORONTO_UTE92_STU00859,TORONTO_UTE92_0076
TORONTO_UTE92_STU00859,TORONTO_UTE92_0131
TORONTO_UTE92_STU00859,TORONTO_UTE92_0141
TORONTO_UTE92_STU00859,TORONTO_UTE92_0142
TORONTO_UTE92_STU00859,TORONTO_UTE92_0144
TORONTO_UTE92_STU00860,TORONTO_UTE92_0077
TORONTO_UTE92_STU00860,TORONTO_UTE92_0078
TORONTO_UTE92_STU00860,TORONTO_UTE92_0079
TORONTO_UTE92_STU00860,TORONTO_UTE92_0080
TORONTO_UTE92_STU00861,TORONTO_UTE92_0086
TORONTO_UTE92_STU00861,TORONTO_UTE92_0145
TORONTO_UTE92_STU00861,TORONTO_UTE92_0146
TORONTO_UTE92_STU00861,TORONTO_UTE92_0148
TORONTO_UTE92_STU00862,TORONTO_UTE92_0145
TORONTO_UTE92_STU00862,TORONTO_UTE92_0146
TORONTO_UTE92_STU00862,TORONTO_UTE92_0148
TORONTO_UTE92_STU00862,TORONTO_UTE92_0151
TORONTO_UTE92_STU00863,TORONTO_UTE92_0108
TORONTO_UTE92_STU00863,TORONTO_UTE92_0145
TORONTO_UTE92_STU00863,TORONTO_UTE92_0146
TORONTO_UTE92_STU00863,TORONTO_UTE92_0148
TORONTO_UTE92_STU00863,TORONTO_UTE92_0151
TORONTO_UTE92_STU00864,TORONTO_UTE92_0069
TORONTO_UTE92_STU00864,TORONTO_UTE92_0070
TORONTO_UTE92_STU00864,TORONTO_UTE92_0071
TORONTO_UTE92_STU00864,TORONTO_UTE92_0072
TORONTO_UTE92_STU00864,TORONTO_UTE92_0073
TORONTO_UTE92_STU00865,TORONTO_UTE92_0022
TORONTO_UTE92_STU00865,TORONTO_UTE92_0023
TORONTO_UTE92_STU00865,TORONTO_UTE92_0025
TORONTO_UTE92_STU00865,TORONTO_UTE92_0026
TORONTO_UTE92_STU00865,TORONTO_UTE92_0028
TORONTO_UTE92_STU00866,TORONTO_UTE92_0047
TORONTO_UTE92_STU00866,TORONTO_UTE92_0048
TORONTO_UTE92_STU00866,TORONTO_UTE92_0049
TORONTO_UTE92_STU00866,TORONTO_UTE92_0050
TORONTO_UTE92_STU00866,TORONTO_UTE92_0108
TORONTO_UTE92_STU00867,TORONTO_UTE92_0065
TORONTO_UTE92_STU00867,TORONTO_UTE92_0155
TORONTO_UTE92_STU00868,TORONTO_UTE92_0022
TORONTO_UTE92_STU00868,TORONTO_UTE92_0023
TORONTO_UTE92_STU00868,TORONTO_UTE92_0026
TORONTO_UTE92_STU00868,TORONTO_UTE92_0029
TORONTO_UTE92_STU00868,TORONTO_UTE92_0065
TORONTO_UTE92_STU00869,TORONTO_UTE92_0114
TORONTO_UTE92_STU00869,TORONTO_UTE92_0115
TORONTO_UTE92_STU00869,TORONTO_UTE92_0116
TORONTO_UTE92_STU00869,TORONTO_UTE92_0117
TORONTO_UTE92_STU00869,TORONTO_UTE92_0119
TORONTO_UTE92_STU00870,TORONTO_UTE92_0086
TORONTO_UTE92_STU00870,TORONTO_UTE92_0145
TORONTO_UTE92_STU00870,TORONTO_UTE92_0146
TORONTO_UTE92_STU00870,TORONTO_UTE92_0148
TORONTO_UTE92_STU00871,TORONTO_UTE92_0077
TORONTO_UTE92_STU00871,TORONTO_UTE92_0078
TORONTO_UTE92_STU00871,TORONTO_UTE92_0079
TORONTO_UTE92_STU00871,TORONTO_UTE92_0080
TORONTO_UTE92_STU00872,TORONTO_UTE92_0065
TORONTO_UTE92_STU00872,TORONTO_UTE92_0082
TORONTO_UTE92_STU00872,TORONTO_UTE92_0083
TORONTO_UTE92_STU00872,TORONTO_UTE92_0084
TORONTO_UTE92_STU00873,TORONTO_UTE92_0077
TORONTO_UTE92_STU00873,TORONTO_UTE92_0078
TORONTO_UTE92_STU00873,TORONTO_UTE92_0079
TORONTO_UTE92_STU00873,TORONTO_UTE92_0080
TORONTO_UTE92_STU00873,TORONTO_UTE92_0081
TORONTO_UTE92_STU00874,TORONTO_UTE92_0018
TORONTO_UTE92_STU00874,TORONTO_UTE92_0019
TORONTO_UTE92_STU00874,TORONTO_UTE92_0020
TORONTO_UTE92_STU00875,TORONTO_UTE92_0086
TORONTO_UTE92_STU00875,TORONTO_UTE92_0145
TORONTO_UTE92_STU00875,TORONTO_UTE92_0146
TORONTO_UTE92_STU00875,TORONTO_UTE92_0148
TORONTO_UTE92_STU00875,TORONTO_UTE92_0151
TORONTO_UTE92_STU00876,TORONTO_UTE92_0009
TORONTO_UTE92_STU00876,TORONTO_UTE92_0012
TORONTO_UTE92_STU00876,TORONTO_UTE92_0066
TORONTO_UTE92_STU00876,TORONTO_UTE92_0130
TORONTO_UTE92_STU00876,TORONTO_UTE92_0136
TORONTO_UTE92_STU00877,TORONTO_UTE92_0022
TORONTO_UTE92_STU00877,TORONTO_UTE92_0023
TORONTO_UTE92_STU00877,TORONTO_UTE92_0025
TORONTO_UTE92_STU00877,TORONTO_UTE92_0026
TORONTO_UTE92_STU00877,TORONTO_UTE92_0028
TORONTO_UTE92_STU00878,TORONTO_UTE92_0051
TORONTO_UTE92_STU00878,TORONTO_UTE92_0052
TORONTO_UTE92_STU00878,TORONTO_UTE92_0053
TORONTO_UTE92_STU00878,TORONTO_UTE92_0054
TORONTO_UTE92_STU00878,TORONTO_UTE92_0055
TORONTO_UTE92_STU00879,TORONTO_UTE92_0047
TORONTO_UTE92_STU00879,TORONTO_UTE92_0048
TORONTO_UTE92_STU00879,TORONTO_UTE92_0049
TORONTO_UTE92_STU00879,TORONTO_UTE92_0050
TORONTO_UTE92_STU00879,TORONTO_UTE92_0109
TORONTO_UTE92_STU00880,TORONTO_UTE92_0022
TORONTO_UTE92_STU00880,TORONTO_UTE92_0023
TORONTO_UTE92_STU00880,TORONTO_UTE92_0025
TORONTO_UTE92_STU00880,TORONTO_UTE92_0026
TORONTO_UTE92_STU00880,TORONTO_UTE92_0028
TORONTO_UTE92_STU00881,TORONTO_UTE92_0012
TORONTO_UTE92_STU00881,TORONTO_UTE92_0045
TORONTO_UTE92_STU00881,TORONTO_UTE92_0067
TORONTO_UTE92_STU00882,TORONTO_UTE92_0010
TORONTO_UTE92_STU00882,TORONTO_UTE92_0047
TORONTO_UTE92_STU00882,TORONTO_UTE92_0048
TORONTO_UTE92_STU00882,TORONTO_UTE92_0049
TORONTO_UTE92_STU00882,TORONTO_UTE92_0050
TORONTO_UTE92_STU00883,TORONTO_UTE92_0001
TORONTO_UTE92_STU00883,TORONTO_UTE92_0002
TORONTO_UTE92_STU00883,TORONTO_UTE92_0003
TORONTO_UTE92_STU00883,TORONTO_UTE92_0065
TORONTO_UTE92_STU00884,TORONTO_UTE92_0114
TORONTO_UTE92_STU00884,TORONTO_UTE92_0115
TORONTO_UTE92_STU00884,TORONTO_UTE92_0116
TORONTO_UTE92_STU00884,TORONTO_UTE92_0117
TORONTO_UTE92_STU00884,TORONTO_UTE92_0119
TORONTO_UTE92_STU00885,TORONTO_UTE92_0114
TORONTO_UTE92_STU00885,TORONTO_UTE92_0115
TORONTO_UTE92_STU00885,TORONTO_UTE92_0116
TORONTO_UTE92_STU00885,TORONTO_UTE92_0117
TORONTO_UTE92_STU00885,TORONTO_UTE92_0119
TORONTO_UTE92_STU00886,TORONTO_UTE92_0022
TORONTO_UTE92_STU00886,TORONTO_UTE92_0023
TORONTO_UTE92_STU00886,TORONTO_UTE92_0025
TORONTO_UTE92_STU00886,TORONTO_UTE92_0026
TORONTO_UTE92_STU00886,TORONTO_UTE92_0028
TORONTO_UTE92_STU00887,TORONTO_UTE92_0012
TORONTO_UTE92_STU00887,TORONTO_UTE92_0112
TORONTO_UTE92_STU00887,TORONTO_UTE92_0113
TORONTO_UTE92_STU00887,TORONTO_UTE92_0139
TORONTO_UTE92_STU00887,TORONTO_UTE92_0170
TORONTO_UTE92_STU00888,TORONTO_UTE92_0077
TORONTO_UTE92_STU00888,TORONTO_UTE92_0078
TORONTO_UTE92_STU00888,TORONTO_UTE92_0079
TORONTO_UTE92_STU00888,TORONTO_UTE92_0080
TORONTO_UTE92_STU00888,TORONTO_UTE92_0081
TORONTO_UTE92_STU00889,TORONTO_UTE92_0018
TORONTO_UTE92_STU00889,TORONTO_UTE92_0019
TORONTO_UTE92_STU00889,TORONTO_UTE92_0020
TORONTO_UTE92_STU00889,TORONTO_UTE92_0021
TORONTO_UTE92_STU00890,TORONTO_UTE92_0145
TORONTO_UTE92_STU00890,TORONTO_UTE92_0146
TORONTO_UTE92_STU00890,TORONTO_UTE92_0148
TORONTO_UTE92_STU00890,TORONTO_UTE92_0151
TORONTO_UTE92_STU00891,TORONTO_UTE92_0069
TORONTO_UTE92_STU00891,TORONTO_UTE92_0070
TORONTO_UTE92_STU00891,TORONTO_UTE92_0071
TORONTO_UTE92_STU00891,TORONTO_UTE92_0072
TORONTO_UTE92_STU00891,TORONTO_UTE92_0073
TORONTO_UTE92_STU00892,TORONTO_UTE92_0077
TORONTO_UTE92_STU00892,TORONTO_UTE92_0078
TORONTO_UTE92_STU00892,TORONTO_UTE92_0079
TORONTO_UTE92_STU00892,TORONTO_UTE92_0080
TORONTO_UTE92_STU00893,TORONTO_UTE92_0051
TORONTO_UTE92_STU00893,TORONTO_UTE92_0052
TORONTO_UTE92_STU00893,TORONTO_UTE92_0053
TORONTO_UTE92_STU00893,TORONTO_UTE92_0054
TORONTO_UTE92_STU00893,TORONTO_UTE92_0055
TORONTO_UTE92_STU00894,TORONTO_UTE92_0022
TORONTO_UTE92_STU00894,TORONTO_UTE92_0023
TORONTO_UTE92_STU00894,TORONTO_UTE92_0025
TORONTO_UTE92_STU00894,TORONTO_UTE92_0026
TORONTO_UTE92_STU00894,TORONTO_UTE92_0028
TORONTO_UTE92_STU00895,TORONTO_UTE92_0001
TORONTO_UTE92_STU00895,TORONTO_UTE92_0002
TORONTO_UTE92_STU00895,TORONTO_UTE92_0003
TORONTO_UTE92_STU00895,TORONTO_UTE92_0065
TORONTO_UTE92_STU00896,TORONTO_UTE92_0112
TORONTO_UTE92_STU00896,TORONTO_UTE92_0113
TORONTO_UTE92_STU00896,TORONTO_UTE92_0139
TORONTO_UTE92_STU00896,TORONTO_UTE92_0170
TORONTO_UTE92_STU00897,TORONTO_UTE92_0022
TORONTO_UTE92_STU00897,TORONTO_UTE92_0023
TORONTO_UTE92_STU00897,TORONTO_UTE92_0025
TORONTO_UTE92_STU00897,TORONTO_UTE92_0026
TORONTO_UTE92_STU00897,TORONTO_UTE92_0028
TORONTO_UTE92_STU00898,TORONTO_UTE92_0051
TORONTO_UTE92_STU00898,TORONTO_UTE92_0052
TORONTO_UTE92_STU00898,TORONTO_UTE92_0053
TORONTO_UTE92_STU00898,TORONTO_UTE92_0054
TORONTO_UTE92_STU00898,TORONTO_UTE92_0055
TORONTO_UTE92_STU00899,TORONTO_UTE92_0065
TORONTO_UTE92_STU00899,TORONTO_UTE92_0082
TORONTO_UTE92_STU00899,TORONTO_UTE92_0083
TORONTO_UTE92_STU00899,TORONTO_UTE92_0084
TORONTO_UTE92_STU00899,TORONTO_UTE92_0085
TORONTO_UTE92_STU00900,TORONTO_UTE92_0065
TORONTO_UTE92_STU00900,TORONTO_UTE92_0082
TORONTO_UTE92_STU00900,TORONTO_UTE92_0085
TORONTO_UTE92_STU00901,TORONTO_UTE92_0045
TORONTO_UTE92_STU00901,TORONTO_UTE92_0140
TORONTO_UTE92_STU00902,TORONTO_UTE92_0065
TORONTO_UTE92_STU00902,TORONTO_UTE92_0155
TORONTO_UTE92_STU00903,TORONTO_UTE92_0112
TORONTO_UTE92_STU00903,TORONTO_UTE92_0114
TORONTO_UTE92_STU00903,TORONTO_UTE92_0115
TORONTO_UTE92_STU00903,TORONTO_UTE92_0116
TORONTO_UTE92_STU00903,TORONTO_UTE92_0117
TORONTO_UTE92_STU00904,TORONTO_UTE92_0077
TORONTO_UTE92_STU00904,TORONTO_UTE92_0078
TORONTO_UTE92_STU00904,TORONTO_UTE92_0079
TORONTO_UTE92_STU00904,TORONTO_UTE92_0080
TORONTO_UTE92_STU00905,TORONTO_UTE92_0018
TORONTO_UTE92_STU00905,TORONTO_UTE92_0019
TORONTO_UTE92_STU00905,TORONTO_UTE92_0020
TORONTO_UTE92_STU00905,TORONTO_UTE92_0021
TORONTO_UTE92_STU00906,TORONTO_UTE92_0086
TORONTO_UTE92_STU00906,TORONTO_UTE92_0114
TORONTO_UTE92_STU00906,TORONTO_UTE92_0115
TORONTO_UTE92_STU00906,TORONTO_UTE92_0116
TORONTO_UTE92_STU00906,TORONTO_UTE92_0117
TORONTO_UTE92_STU00907,TORONTO_UTE92_0051
TORONTO_UTE92_STU00907,TORONTO_UTE92_0052
TORONTO_UTE92_STU00907,TORONTO_UTE92_0053
TORONTO_UTE92_STU00907,TORONTO_UTE92_0054
TORONTO_UTE92_STU00907,TORONTO_UTE92_0055
TORONTO_UTE92_STU00908,TORONTO_UTE92_0145
TORONTO_UTE92_STU00908,TORONTO_UTE92_0146
TORONTO_UTE92_STU00908,TORONTO_UTE92_0148
TORONTO_UTE92_STU00908,TORONTO_UTE92_0151
TORONTO_UTE92_STU00908,TORONTO_UTE92_0161
TORONTO_UTE92_STU00909,TORONTO_UTE92_0065
TORONTO_UTE92_STU00909,TORONTO_UTE92_0115
TORONTO_UTE92_STU00909,TORONTO_UTE92_0151
TORONTO_UTE92_STU00909,TORONTO_UTE92_0171
TORONTO_UTE92_STU00910,TORONTO_UTE92_0051
TORONTO_UTE92_STU00910,TORONTO_UTE92_0052
TORONTO_UTE92_STU00910,TORONTO_UTE92_0053
TORONTO_UTE92_STU00910,TORONTO_UTE92_0054
TORONTO_UTE92_STU00910,TORONTO_UTE92_0055
TORONTO_UTE92_STU00911,TORONTO_UTE92_0065
TORONTO_UTE92_STU00911,TORONTO_UTE92_0082
TORONTO_UTE92_STU00911,TORONTO_UTE92_0085
TORONTO_UTE92_STU00912,TORONTO_UTE92_0069
TORONTO_UTE92_STU00912,TORONTO_UTE92_0070
TORONTO_UTE92_STU00912,TORONTO_UTE92_0071
TORONTO_UTE92_STU00912,TORONTO_UTE92_0072
TORONTO_UTE92_STU00913,TORONTO_UTE92_0108
TORONTO_UTE92_STU00913,TORONTO_UTE92_0145
TORONTO_UTE92_STU00913,TORONTO_UTE92_0146
TORONTO_UTE92_STU00913,TORONTO_UTE92_0148
TORONTO_UTE92_STU00913,TORONTO_UTE92_0151
TORONTO_UTE92_STU00914,TORONTO_UTE92_0022
TORONTO_UTE92_STU00914,TORONTO_UTE92_0023
TORONTO_UTE92_STU00914,TORONTO_UTE92_0025
TORONTO_UTE92_STU00914,TORONTO_UTE92_0026
TORONTO_UTE92_STU00914,TORONTO_UTE92_0028
TORONTO_UTE92_STU00915,TORONTO_UTE92_0077
TORONTO_UTE92_STU00915,TORONTO_UTE92_0078
TORONTO_UTE92_STU00915,TORONTO_UTE92_0079
TORONTO_UTE92_STU00915,TORONTO_UTE92_0080
TORONTO_UTE92_STU00916,TORONTO_UTE92_0063
TORONTO_UTE92_STU00916,TORONTO_UTE92_0074
TORONTO_UTE92_STU00916,TORONTO_UTE92_0138
TORONTO_UTE92_STU00916,TORONTO_UTE92_0184
TORONTO_UTE92_STU00917,TORONTO_UTE92_0077
TORONTO_UTE92_STU00917,TORONTO_UTE92_0078
TORONTO_UTE92_STU00917,TORONTO_UTE92_0079
TORONTO_UTE92_STU00917,TORONTO_UTE92_0080
TORONTO_UTE92_STU00918,TORONTO_UTE92_0022
TORONTO_UTE92_STU00918,TORONTO_UTE92_0023
TORONTO_UTE92_STU00918,TORONTO_UTE92_0024
TORONTO_UTE92_STU00918,TORONTO_UTE92_0026
TORONTO_UTE92_STU00918,TORONTO_UTE92_0028
TORONTO_UTE92_STU00919,TORONTO_UTE92_0069
TORONTO_UTE92_STU00919,TORONTO_UTE92_0070
TORONTO_UTE92_STU00919,TORONTO_UTE92_0071
TORONTO_UTE92_STU00919,TORONTO_UTE92_0072
TORONTO_UTE92_STU00919,TORONTO_UTE92_0073
TORONTO_UTE92_STU00920,TORONTO_UTE92_0100
TORONTO_UTE92_STU00920,TORONTO_UTE92_0145
TORONTO_UTE92_STU00920,TORONTO_UTE92_0146
TORONTO_UTE92_STU00920,TORONTO_UTE92_0148
TORONTO_UTE92_STU00920,TORONTO_UTE92_0151
TORONTO_UTE92_STU00921,TORONTO_UTE92_0001
TORONTO_UTE92_STU00921,TORONTO_UTE92_0002
TORONTO_UTE92_STU00921,TORONTO_UTE92_0003
TORONTO_UTE92_STU00922,TORONTO_UTE92_0022
TORONTO_UTE92_STU00922,TORONTO_UTE92_0023
TORONTO_UTE92_STU00922,TORONTO_UTE92_0024
TORONTO_UTE92_STU00922,TORONTO_UTE92_0026
TORONTO_UTE92_STU00922,TORONTO_UTE92_0028
TORONTO_UTE92_STU00923,TORONTO_UTE92_0022
TORONTO_UTE92_STU00923,TORONTO_UTE92_0023
TORONTO_UTE92_STU00923,TORONTO_UTE92_0025
TORONTO_UTE92_STU00923,TORONTO_UTE92_0026
TORONTO_UTE92_STU00923,TORONTO_UTE92_0028
TORONTO_UTE92_STU00924,TORONTO_UTE92_0051
TORONTO_UTE92_STU00924,TORONTO_UTE92_0052
TORONTO_UTE92_STU00924,TORONTO_UTE92_0053
TORONTO_UTE92_STU00924,TORONTO_UTE92_0054
TORONTO_UTE92_STU00924,TORONTO_UTE92_0055
TORONTO_UTE92_STU00925,TORONTO_UTE92_0051
TORONTO_UTE92_STU00925,TORONTO_UTE92_0052
TORONTO_UTE92_STU00925,TORONTO_UTE92_0053
TORONTO_UTE92_STU00925,TORONTO_UTE92_0054
TORONTO_UTE92_STU00925,TORONTO_UTE92_0055
TORONTO_UTE92_STU00926,TORONTO_UTE92_0022
TORONTO_UTE92_STU00926,TORONTO_UTE92_0023
TORONTO_UTE92_STU00926,TORONTO_UTE92_0025
TORONTO_UTE92_STU00926,TORONTO_UTE92_0026
TORONTO_UTE92_STU00926,TORONTO_UTE92_0028
TORONTO_UTE92_STU00927,TORONTO_UTE92_0069
TORONTO_UTE92_STU00927,TORONTO_UTE92_0070
TORONTO_UTE92_STU00927,TORONTO_UTE92_0071
TORONTO_UTE92_STU00927,TORONTO_UTE92_0072
TORONTO_UTE92_STU00927,TORONTO_UTE92_0073
TORONTO_UTE92_STU00928,TORONTO_UTE92_0065
TORONTO_UTE92_STU00928,TORONTO_UTE92_0083
TORONTO_UTE92_STU00928,TORONTO_UTE92_0105
TORONTO_UTE92_STU00929,TORONTO_UTE92_0114
TORONTO_UTE92_STU00929,TORONTO_UTE92_0115
TORONTO_UTE92_STU00929,TORONTO_UTE92_0116
TORONTO_UTE92_STU00929,TORONTO_UTE92_0117
TORONTO_UTE92_STU00929,TORONTO_UTE92_0119
TORONTO_UTE92_STU00930,TORONTO_UTE92_0051
TORONTO_UTE92_STU00930,TORONTO_UTE92_0052
TORONTO_UTE92_STU00930,TORONTO_UTE92_0053
TORONTO_UTE92_STU00930,TORONTO_UTE92_0054
TORONTO_UTE92_STU00930,TORONTO_UTE92_0055
TORONTO_UTE92_STU00931,TORONTO_UTE92_0086
TORONTO_UTE92_STU00931,TORONTO_UTE92_0114
TORONTO_UTE92_STU00931,TORONTO_UTE92_0115
TORONTO_UTE92_STU00931,TORONTO_UTE92_0116
TORONTO_UTE92_STU00931,TORONTO_UTE92_0117
TORONTO_UTE92_STU00932,TORONTO_UTE92_0112
TORONTO_UTE92_STU00932,TORONTO_UTE92_0113
TORONTO_UTE92_STU00932,TORONTO_UTE92_0139
TORONTO_UTE92_STU00932,TORONTO_UTE92_0170
TORONTO_UTE92_STU00933,TORONTO_UTE92_0051
TORONTO_UTE92_STU00933,TORONTO_UTE92_0052
TORONTO_UTE92_STU00933,TORONTO_UTE92_0053
TORONTO_UTE92_STU00933,TORONTO_UTE92_0054
TORONTO_UTE92_STU00933,TORONTO_UTE92_0055
TORONTO_UTE92_STU00934,TORONTO_UTE92_0145
TORONTO_UTE92_STU00934,TORONTO_UTE92_0146
TORONTO_UTE92_STU00934,TORONTO_UTE92_0148
TORONTO_UTE92_STU00934,TORONTO_UTE92_0151
TORONTO_UTE92_STU00934,TORONTO_UTE92_0160
TORONTO_UTE92_STU00935,TORONTO_UTE92_0051
TORONTO_UTE92_STU00935,TORONTO_UTE92_0052
TORONTO_UTE92_STU00935,TORONTO_UTE92_0053
TORONTO_UTE92_STU00935,TORONTO_UTE92_0054
TORONTO_UTE92_STU00935,TORONTO_UTE92_0055
TORONTO_UTE92_STU00936,TORONTO_UTE92_0145
TORONTO_UTE92_STU00936,TORONTO_UTE92_0146
TORONTO_UTE92_STU00936,TORONTO_UTE92_0148
TORONTO_UTE92_STU00936,TORONTO_UTE92_0151
TORONTO_UTE92_STU00937,TORONTO_UTE92_0077
TORONTO_UTE92_STU00937,TORONTO_UTE92_0078
TORONTO_UTE92_STU00937,TORONTO_UTE92_0079
TORONTO_UTE92_STU00937,TORONTO_UTE92_0080
TORONTO_UTE92_STU00938,TORONTO_UTE92_0077
TORONTO_UTE92_STU00938,TORONTO_UTE92_0078
TORONTO_UTE92_STU00938,TORONTO_UTE92_0079
TORONTO_UTE92_STU00938,TORONTO_UTE92_0080
TORONTO_UTE92_STU00939,TORONTO_UTE92_0077
TORONTO_UTE92_STU00939,TORONTO_UTE92_0078
TORONTO_UTE92_STU00939,TORONTO_UTE92_0079
TORONTO_UTE92_STU00939,TORONTO_UTE92_0080
TORONTO_UTE92_STU00940,TORONTO_UTE92_0086
TORONTO_UTE92_STU00940,TORONTO_UTE92_0145
TORONTO_UTE92_STU00940,TORONTO_UTE92_0146
TORONTO_UTE92_STU00940,TORONTO_UTE92_0148
TORONTO_UTE92_STU00941,TORONTO_UTE92_0086
TORONTO_UTE92_STU00941,TORONTO_UTE92_0114
TORONTO_UTE92_STU00941,TORONTO_UTE92_0115
TORONTO_UTE92_STU00941,TORONTO_UTE92_0116
TORONTO_UTE92_STU00941,TORONTO_UTE92_0117
TORONTO_UTE92_STU00942,TORONTO_UTE92_0051
TORONTO_UTE92_STU00942,TORONTO_UTE92_0052
TORONTO_UTE92_STU00942,TORONTO_UTE92_0053
TORONTO_UTE92_STU00942,TORONTO_UTE92_0054
TORONTO_UTE92_STU00942,TORONTO_UTE92_0055
TORONTO_UTE92_STU00943,TORONTO_UTE92_0027
TORONTO_UTE92_STU00943,TORONTO_UTE92_0037
TORONTO_UTE92_STU00943,TORONTO_UTE92_0065
TORONTO_UTE92_STU00943,TORONTO_UTE92_0118
TORONTO_UTE92_STU00944,TORONTO_UTE92_0076
TORONTO_UTE92_STU00944,TORONTO_UTE92_0131
TORONTO_UTE92_STU00944,TORONTO_UTE92_0141
TORONTO_UTE92_STU00944,TORONTO_UTE92_0142
TORONTO_UTE92_STU00944,TORONTO_UTE92_0144
TORONTO_UTE92_STU00945,TORONTO_UTE92_0065
TORONTO_UTE92_STU00945,TORONTO_UTE92_0082
TORONTO_UTE92_STU00945,TORONTO_UTE92_0083
TORONTO_UTE92_STU00945,TORONTO_UTE92_0084
TORONTO_UTE92_STU00946,TORONTO_UTE92_0077
TORONTO_UTE92_STU00946,TORONTO_UTE92_0078
TORONTO_UTE92_STU00946,TORONTO_UTE92_0079
TORONTO_UTE92_STU00946,TORONTO_UTE92_0080
TORONTO_UTE92_STU00947,TORONTO_UTE92_0051
TORONTO_UTE92_STU00947,TORONTO_UTE92_0052
TORONTO_UTE92_STU00947,TORONTO_UTE92_0053
TORONTO_UTE92_STU00947,TORONTO_UTE92_0054
TORONTO_UTE92_STU00947,TORONTO_UTE92_0055
TORONTO_UTE92_STU00948,TORONTO_UTE92_0077
TORONTO_UTE92_STU00948,TORONTO_UTE92_0078
TORONTO_UTE92_STU00948,TORONTO_UTE92_0079
TORONTO_UTE92_STU00948,TORONTO_UTE92_0080
TORONTO_UTE92_STU00949,TORONTO_UTE92_0030
TORONTO_UTE92_STU00949,TORONTO_UTE92_0149
TORONTO_UTE92_STU00949,TORONTO_UTE92_0172
TORONTO_UTE92_STU00949,TORONTO_UTE92_0173
TORONTO_UTE92_STU00949,TORONTO_UTE92_0175
TORONTO_UTE92_STU00950,TORONTO_UTE92_0022
TORONTO_UTE92_STU00950,TORONTO_UTE92_0023
TORONTO_UTE92_STU00950,TORONTO_UTE92_0026
TORONTO_UTE92_STU00950,TORONTO_UTE92_0029
TORONTO_UTE92_STU00950,TORONTO_UTE92_0065
TORONTO_UTE92_STU00951,TORONTO_UTE92_0145
TORONTO_UTE92_STU00951,TORONTO_UTE92_0146
TORONTO_UTE92_STU00951,TORONTO_UTE92_0148
TORONTO_UTE92_STU00951,TORONTO_UTE92_0151
TORONTO_UTE92_STU00951,TORONTO_UTE92_0161
TORONTO_UTE92_STU00952,TORONTO_UTE92_0064
TORONTO_UTE92_STU00952,TORONTO_UTE92_0108
TORONTO_UTE92_STU00952,TORONTO_UTE92_0131
TORONTO_UTE92_STU00952,TORONTO_UTE92_0168
TORONTO_UTE92_STU00952,TORONTO_UTE92_0169
TORONTO_UTE92_STU00953,TORONTO_UTE92_0063
TORONTO_UTE92_STU00953,TORONTO_UTE92_0074
TORONTO_UTE92_STU00953,TORONTO_UTE92_0108
TORONTO_UTE92_STU00953,TORONTO_UTE92_0138
TORONTO_UTE92_STU00953,TORONTO_UTE92_0184
TORONTO_UTE92_STU00954,TORONTO_UTE92_0077
TORONTO_UTE92_STU00954,TORONTO_UTE92_0078
TORONTO_UTE92_STU00954,TORONTO_UTE92_0079
TORONTO_UTE92_STU00954,TORONTO_UTE92_0080
TORONTO_UTE92_STU00955,TORONTO_UTE92_0045
TORONTO_UTE92_STU00955,TORONTO_UTE92_0066
TORONTO_UTE92_STU00955,TORONTO_UTE92_0130
TORONTO_UTE92_STU00955,TORONTO_UTE92_0136
TORONTO_UTE92_STU00956,TORONTO_UTE92_0070
TORONTO_UTE92_STU00956,TORONTO_UTE92_0071
TORONTO_UTE92_STU00957,TORONTO_UTE92_0001
TORONTO_UTE92_STU00957,TORONTO_UTE92_0002
TORONTO_UTE92_STU00957,TORONTO_UTE92_0003
TORONTO_UTE92_STU00957,TORONTO_UTE92_0065
TORONTO_UTE92_STU00958,TORONTO_UTE92_0065
TORONTO_UTE92_STU00958,TORONTO_UTE92_0082
TORONTO_UTE92_STU00958,TORONTO_UTE92_0085
TORONTO_UTE92_STU00959,TORONTO_UTE92_0086
TORONTO_UTE92_STU00959,TORONTO_UTE92_0126
TORONTO_UTE92_STU00959,TORONTO_UTE92_0145
TORONTO_UTE92_STU00959,TORONTO_UTE92_0146
TORONTO_UTE92_STU00959,TORONTO_UTE92_0148
TORONTO_UTE92_STU00960,TORONTO_UTE92_0013
TORONTO_UTE92_STU00960,TORONTO_UTE92_0086
TORONTO_UTE92_STU00960,TORONTO_UTE92_0145
TORONTO_UTE92_STU00960,TORONTO_UTE92_0146
TORONTO_UTE92_STU00960,TORONTO_UTE92_0148
TORONTO_UTE92_STU00961,TORONTO_UTE92_0086
TORONTO_UTE92_STU00961,TORONTO_UTE92_0126
TORONTO_UTE92_STU00961,TORONTO_UTE92_0145
TORONTO_UTE92_STU00961,TORONTO_UTE92_0146
TORONTO_UTE92_STU00961,TORONTO_UTE92_0148
TORONTO_UTE92_STU00962,TORONTO_UTE92_0086
TORONTO_UTE92_STU00962,TORONTO_UTE92_0145
TORONTO_UTE92_STU00962,TORONTO_UTE92_0146
TORONTO_UTE92_STU00962,TORONTO_UTE92_0148
TORONTO_UTE92_STU00962,TORONTO_UTE92_0151
TORONTO_UTE92_STU00963,TORONTO_UTE92_0077
TORONTO_UTE92_STU00963,TORONTO_UTE92_0078
TORONTO_UTE92_STU00963,TORONTO_UTE92_0079
TORONTO_UTE92_STU00963,TORONTO_UTE92_0080
TORONTO_UTE92_STU00963,TORONTO_UTE92_0081
TORONTO_UTE92_STU00964,TORONTO_UTE92_0063
TORONTO_UTE92_STU00964,TORONTO_UTE92_0074
TORONTO_UTE92_STU00964,TORONTO_UTE92_0138
TORONTO_UTE92_STU00964,TORONTO_UTE92_0184
TORONTO_UTE92_STU00965,TORONTO_UTE92_0022
TORONTO_UTE92_STU00965,TORONTO_UTE92_0023
TORONTO_UTE92_STU00965,TORONTO_UTE92_0025
TORONTO_UTE92_STU00965,TORONTO_UTE92_0026
TORONTO_UTE92_STU00965,TORONTO_UTE92_0028
TORONTO_UTE92_STU00966,TORONTO_UTE92_0051
TORONTO_UTE92_STU00966,TORONTO_UTE92_0052
TORONTO_UTE92_STU00966,TORONTO_UTE92_0053
TORONTO_UTE92_STU00966,TORONTO_UTE92_0054
TORONTO_UTE92_STU00966,TORONTO_UTE92_0055
TORONTO_UTE92_STU00967,TORONTO_UTE92_0051
TORONTO_UTE92_STU00967,TORONTO_UTE92_0052
TORONTO_UTE92_STU00967,TORONTO_UTE92_0053
TORONTO_UTE92_STU00967,TORONTO_UTE92_0054
TORONTO_UTE92_STU00967,TORONTO_UTE92_0055
TORONTO_UTE92_STU00968,TORONTO_UTE92_0051
TORONTO_UTE92_STU00968,TORONTO_UTE92_0052
TORONTO_UTE92_STU00968,TORONTO_UTE92_0053
TORONTO_UTE92_STU00968,TORONTO_UTE92_0054
TORONTO_UTE92_STU00968,TORONTO_UTE92_0055
TORONTO_UTE92_STU00969,TORONTO_UTE92_0065
TORONTO_UTE92_STU00969,TORONTO_UTE92_0115
TORONTO_UTE92_STU00969,TORONTO_UTE92_0118
TORONTO_UTE92_STU00969,TORONTO_UTE92_0151
TORONTO_UTE92_STU00970,TORONTO_UTE92_0010
TORONTO_UTE92_STU00970,TORONTO_UTE92_0086
TORONTO_UTE92_STU00970,TORONTO_UTE92_0145
TORONTO_UTE92_STU00970,TORONTO_UTE92_0146
TORONTO_UTE92_STU00970,TORONTO_UTE92_0148
TORONTO_UTE92_STU00971,TORONTO_UTE92_0076
TORONTO_UTE92_STU00971,TORONTO_UTE92_0131
TORONTO_UTE92_STU00971,TORONTO_UTE92_0141
TORONTO_UTE92_STU00971,TORONTO_UTE92_0142
TORONTO_UTE92_STU00971,TORONTO_UTE92_0144
TORONTO_UTE92_STU00972,TORONTO_UTE92_0077
TORONTO_UTE92_STU00972,TORONTO_UTE92_0078
TORONTO_UTE92_STU00972,TORONTO_UTE92_0079
TORONTO_UTE92_STU00972,TORONTO_UTE92_0080
TORONTO_UTE92_STU00972,TORONTO_UTE92_0081
TORONTO_UTE92_STU00973,TORONTO_UTE92_0145
TORONTO_UTE92_STU00973,TORONTO_UTE92_0146
TORONTO_UTE92_STU00973,TORONTO_UTE92_0148
TORONTO_UTE92_STU00973,TORONTO_UTE92_0151
TORONTO_UTE92_STU00974,TORONTO_UTE92_0076
TORONTO_UTE92_STU00974,TORONTO_UTE92_0144
TORONTO_UTE92_STU00975,TORONTO_UTE92_0051
TORONTO_UTE92_STU00975,TORONTO_UTE92_0052
TORONTO_UTE92_STU00975,TORONTO_UTE92_0053
TORONTO_UTE92_STU00975,TORONTO_UTE92_0054
TORONTO_UTE92_STU00975,TORONTO_UTE92_0055
TORONTO_UTE92_STU00976,TORONTO_UTE92_0051
TORONTO_UTE92_STU00976,TORONTO_UTE92_0052
TORONTO_UTE92_STU00976,TORONTO_UTE92_0053
TORONTO_UTE92_STU00976,TORONTO_UTE92_0054
TORONTO_UTE92_STU00976,TORONTO_UTE92_0055
TORONTO_UTE92_STU00977,TORONTO_UTE92_0077
TORONTO_UTE92_STU00977,TORONTO_UTE92_0078
TORONTO_UTE92_STU00977,TORONTO_UTE92_0079
TORONTO_UTE92_STU00977,TORONTO_UTE92_0080
TORONTO_UTE92_STU00977,TORONTO_UTE92_0081
TORONTO_UTE92_STU00978,TORONTO_UTE92_0018
TORONTO_UTE92_STU00978,TORONTO_UTE92_0019
TORONTO_UTE92_STU00978,TORONTO_UTE92_0020
TORONTO_UTE92_STU00978,TORONTO_UTE92_0021
TORONTO_UTE92_STU00978,TORONTO_UTE92_0133
TORONTO_UTE92_STU00979,TORONTO_UTE92_0114
TORONTO_UTE92_STU00979,TORONTO_UTE92_0115
TORONTO_UTE92_STU00979,TORONTO_UTE92_0116
TORONTO_UTE92_STU00979,TORONTO_UTE92_0117
TORONTO_UTE92_STU00979,TORONTO_UTE92_0119
TORONTO_UTE92_STU00980,TORONTO_UTE92_0145
TORONTO_UTE92_STU00980,TORONTO_UTE92_0146
TORONTO_UTE92_STU00980,TORONTO_UTE92_0148
TORONTO_UTE92_STU00980,TORONTO_UTE92_0151
TORONTO_UTE92_STU00981,TORONTO_UTE92_0114
TORONTO_UTE92_STU00981,TORONTO_UTE92_0115
TORONTO_UTE92_STU00981,TORONTO_UTE92_0116
TORONTO_UTE92_STU00981,TORONTO_UTE92_0117
TORONTO_UTE92_STU00981,TORONTO_UTE92_0119
TORONTO_UTE92_STU00982,TORONTO_UTE92_0051
TORONTO_UTE92_STU00982,TORONTO_UTE92_0052
TORONTO_UTE92_STU00982,TORONTO_UTE92_0053
TORONTO_UTE92_STU00982,TORONTO_UTE92_0054
TORONTO_UTE92_STU00982,TORONTO_UTE92_0055
TORONTO_UTE92_STU00983,TORONTO_UTE92_0047
TORONTO_UTE92_STU00983,TORONTO_UTE92_0048
TORONTO_UTE92_STU00983,TORONTO_UTE92_0049
TORONTO_UTE92_STU00983,TORONTO_UTE92_0050
TORONTO_UTE92_STU00984,TORONTO_UTE92_0077
TORONTO_UTE92_STU00984,TORONTO_UTE92_0078
TORONTO_UTE92_STU00984,TORONTO_UTE92_0079
TORONTO_UTE92_STU00984,TORONTO_UTE92_0080
TORONTO_UTE92_STU00985,TORONTO_UTE92_0022
TORONTO_UTE92_STU00985,TORONTO_UTE92_0023
TORONTO_UTE92_STU00985,TORONTO_UTE92_0025
TORONTO_UTE92_STU00985,TORONTO_UTE92_0026
TORONTO_UTE92_STU00985,TORONTO_UTE92_0028
TORONTO_UTE92_STU00986,TORONTO_UTE92_0086
TORONTO_UTE92_STU00986,TORONTO_UTE92_0114
TORONTO_UTE92_STU00986,TORONTO_UTE92_0115
TORONTO_UTE92_STU00986,TORONTO_UTE92_0116
TORONTO_UTE92_STU00986,TORONTO_UTE92_0117
TORONTO_UTE92_STU00987,TORONTO_UTE92_0051
TORONTO_UTE92_STU00987,TORONTO_UTE92_0052
TORONTO_UTE92_STU00987,TORONTO_UTE92_0053
TORONTO_UTE92_STU00987,TORONTO_UTE92_0054
TORONTO_UTE92_STU00987,TORONTO_UTE92_0055
TORONTO_UTE92_STU00988,TORONTO_UTE92_0051
TORONTO_UTE92_STU00988,TORONTO_UTE92_0052
TORONTO_UTE92_STU00988,TORONTO_UTE92_0053
TORONTO_UTE92_STU00988,TORONTO_UTE92_0054
TORONTO_UTE92_STU00988,TORONTO_UTE92_0055
TORONTO_UTE92_STU00989,TORONTO_UTE92_0018
TORONTO_UTE92_STU00989,TORONTO_UTE92_0019
TORONTO_UTE92_STU00989,TORONTO_UTE92_0020
TORONTO_UTE92_STU00989,TORONTO_UTE92_0021
TORONTO_UTE92_STU00989,TORONTO_UTE92_0133
TORONTO_UTE92_STU00990,TORONTO_UTE92_0053
TORONTO_UTE92_STU00990,TORONTO_UTE92_0055
TORONTO_UTE92_STU00990,TORONTO_UTE92_0106
TORONTO_UTE92_STU00990,TORONTO_UTE92_0143
TORONTO_UTE92_STU00991,TORONTO_UTE92_0051
TORONTO_UTE92_STU00991,TORONTO_UTE92_0052
TORONTO_UTE92_STU00991,TORONTO_UTE92_0053
TORONTO_UTE92_STU00991,TORONTO_UTE92_0054
TORONTO_UTE92_STU00991,TORONTO_UTE92_0055
TORONTO_UTE92_STU00992,TORONTO_UTE92_0021
TORONTO_UTE92_STU00992,TORONTO_UTE92_0022
TORONTO_UTE92_STU00992,TORONTO_UTE92_0023
TORONTO_UTE92_STU00992,TORONTO_UTE92_0026
TORONTO_UTE92_STU00992,TORONTO_UTE92_0028
TORONTO_UTE92_STU00993,TORONTO_UTE92_0022
TORONTO_UTE92_STU00993,TORONTO_UTE92_0023
TORONTO_UTE92_STU00993,TORONTO_UTE92_0025
TORONTO_UTE92_STU00993,TORONTO_UTE92_0026
TORONTO_UTE92_STU00993,TORONTO_UTE92_0028
TORONTO_UTE92_STU00994,TORONTO_UTE92_0076
TORONTO_UTE92_STU00994,TORONTO_UTE92_0131
TORONTO_UTE92_STU00994,TORONTO_UTE92_0141
TORONTO_UTE92_STU00994,TORONTO_UTE92_0142
TORONTO_UTE92_STU00994,TORONTO_UTE92_0144
TORONTO_UTE92_STU00995,TORONTO_UTE92_0051
TORONTO_UTE92_STU00995,TORONTO_UTE92_0052
TORONTO_UTE92_STU00995,TORONTO_UTE92_0053
TORONTO_UTE92_STU00995,TORONTO_UTE92_0054
TORONTO_UTE92_STU00995,TORONTO_UTE92_0055
TORONTO_UTE92_STU00996,TORONTO_UTE92_0114
TORONTO_UTE92_STU00996,TORONTO_UTE92_0115
TORONTO_UTE92_STU00996,TORONTO_UTE92_0116
TORONTO_UTE92_STU00996,TORONTO_UTE92_0117
TORONTO_UTE92_STU00996,TORONTO_UTE92_0119
TORONTO_UTE92_STU00997,TORONTO_UTE92_0069
TORONTO_UTE92_STU00997,TORONTO_UTE92_0070
TORONTO_UTE92_STU00997,TORONTO_UTE92_0071
TORONTO_UTE92_STU00997,TORONTO_UTE92_0072
TORONTO_UTE92_STU00997,TORONTO_UTE92_0073
TORONTO_UTE92_STU00998,TORONTO_UTE92_0065
TORONTO_UTE92_STU00998,TORONTO_UTE92_0082
TORONTO_UTE92_STU00999,TORONTO_UTE92_0086
TORONTO_UTE92_STU00999,TORONTO_UTE92_0114
TORONTO_UTE92_STU00999,TORONTO_UTE92_0115
TORONTO_UTE92_STU00999,TORONTO_UTE92_0116
TORONTO_UTE92_STU00999,TORONTO_UTE92_0117
TORONTO_UTE92_STU01000,TORONTO_UTE92_0076
TORONTO_UTE92_STU01000,TORONTO_UTE92_0131
TORONTO_UTE92_STU01000,TORONTO_UTE92_0141
TORONTO_UTE92_STU01000,TORONTO_UTE92_0142
TORONTO_UTE92_STU01000,TORONTO_UTE92_0144
TORONTO_UTE92_STU01001,TORONTO_UTE92_0051
TORONTO_UTE92_STU01001,TORONTO_UTE92_0052
TORONTO_UTE92_STU01001,TORONTO_UTE92_0053
TORONTO_UTE92_STU01001,TORONTO_UTE92_0054
TORONTO_UTE92_STU01001,TORONTO_UTE92_0055
TORONTO_UTE92_STU01002,TORONTO_UTE92_0076
TORONTO_UTE92_STU01002,TORONTO_UTE92_0131
TORONTO_UTE92_STU01002,TORONTO_UTE92_0141
TORONTO_UTE92_STU01002,TORONTO_UTE92_0142
TORONTO_UTE92_STU01002,TORONTO_UTE92_0144
TORONTO_UTE92_STU01003,TORONTO_UTE92_0018
TORONTO_UTE92_STU01003,TORONTO_UTE92_0019
TORONTO_UTE92_STU01003,TORONTO_UTE92_0020
TORONTO_UTE92_STU01003,TORONTO_UTE92_0021
TORONTO_UTE92_STU01004,TORONTO_UTE92_0086
TORONTO_UTE92_STU01004,TORONTO_UTE92_0102
TORONTO_UTE92_STU01004,TORONTO_UTE92_0145
TORONTO_UTE92_STU01004,TORONTO_UTE92_0146
TORONTO_UTE92_STU01004,TORONTO_UTE92_0148
TORONTO_UTE92_STU01005,TORONTO_UTE92_0013
TORONTO_UTE92_STU01005,TORONTO_UTE92_0145
TORONTO_UTE92_STU01005,TORONTO_UTE92_0146
TORONTO_UTE92_STU01005,TORONTO_UTE92_0148
TORONTO_UTE92_STU01005,TORONTO_UTE92_0151
TORONTO_UTE92_STU01006,TORONTO_UTE92_0077
TORONTO_UTE92_STU01006,TORONTO_UTE92_0078
TORONTO_UTE92_STU01006,TORONTO_UTE92_0079
TORONTO_UTE92_STU01006,TORONTO_UTE92_0080
TORONTO_UTE92_STU01007,TORONTO_UTE92_0069
TORONTO_UTE92_STU01007,TORONTO_UTE92_0070
TORONTO_UTE92_STU01007,TORONTO_UTE92_0071
TORONTO_UTE92_STU01007,TORONTO_UTE92_0072
TORONTO_UTE92_STU01007,TORONTO_UTE92_0073
TORONTO_UTE92_STU01008,TORONTO_UTE92_0015
TORONTO_UTE92_STU01008,TORONTO_UTE92_0086
TORONTO_UTE92_STU01008,TORONTO_UTE92_0145
TORONTO_UTE92_STU01008,TORONTO_UTE92_0146
TORONTO_UTE92_STU01008,TORONTO_UTE92_0148
TORONTO_UTE92_STU01009,TORONTO_UTE92_0145
TORONTO_UTE92_STU01009,TORONTO_UTE92_0146
TORONTO_UTE92_STU01009,TORONTO_UTE92_0148
TORONTO_UTE92_STU01009,TORONTO_UTE92_0151
TORONTO_UTE92_STU01010,TORONTO_UTE92_0114
TORONTO_UTE92_STU01010,TORONTO_UTE92_0115
TORONTO_UTE92_STU01010,TORONTO_UTE92_0116
TORONTO_UTE92_STU01010,TORONTO_UTE92_0117
TORONTO_UTE92_STU01010,TORONTO_UTE92_0119
TORONTO_UTE92_STU01011,TORONTO_UTE92_0018
TORONTO_UTE92_STU01011,TORONTO_UTE92_0019
TORONTO_UTE92_STU01011,TORONTO_UTE92_0020
TORONTO_UTE92_STU01011,TORONTO_UTE92_0021
TORONTO_UTE92_STU01012,TORONTO_UTE92_0077
TORONTO_UTE92_STU01012,TORONTO_UTE92_0078
TORONTO_UTE92_STU01012,TORONTO_UTE92_0079
TORONTO_UTE92_STU01012,TORONTO_UTE92_0080
TORONTO_UTE92_STU01012,TORONTO_UTE92_0081
TORONTO_UTE92_STU01013,TORONTO_UTE92_0051
TORONTO_UTE92_STU01013,TORONTO_UTE92_0052
TORONTO_UTE92_STU01013,TORONTO_UTE92_0053
TORONTO_UTE92_STU01013,TORONTO_UTE92_0054
TORONTO_UTE92_STU01013,TORONTO_UTE92_0055
TORONTO_UTE92_STU01014,TORONTO_UTE92_0022
TORONTO_UTE92_STU01014,TORONTO_UTE92_0023
TORONTO_UTE92_STU01014,TORONTO_UTE92_0025
TORONTO_UTE92_STU01014,TORONTO_UTE92_0026
TORONTO_UTE92_STU01014,TORONTO_UTE92_0028
TORONTO_UTE92_STU01015,TORONTO_UTE92_0086
TORONTO_UTE92_STU01015,TORONTO_UTE92_0145
TORONTO_UTE92_STU01015,TORONTO_UTE92_0146
TORONTO_UTE92_STU01015,TORONTO_UTE92_0148
TORONTO_UTE92_STU01015,TORONTO_UTE92_0151
TORONTO_UTE92_STU01016,TORONTO_UTE92_0114
TORONTO_UTE92_STU01016,TORONTO_UTE92_0115
TORONTO_UTE92_STU01016,TORONTO_UTE92_0116
TORONTO_UTE92_STU01016,TORONTO_UTE92_0117
TORONTO_UTE92_STU01016,TORONTO_UTE92_0119
TORONTO_UTE92_STU01017,TORONTO_UTE92_0051
TORONTO_UTE92_STU01017,TORONTO_UTE92_0052
TORONTO_UTE92_STU01017,TORONTO_UTE92_0053
TORONTO_UTE92_STU01017,TORONTO_UTE92_0054
TORONTO_UTE92_STU01017,TORONTO_UTE92_0055
TORONTO_UTE92_STU01018,TORONTO_UTE92_0051
TORONTO_UTE92_STU01018,TORONTO_UTE92_0052
TORONTO_UTE92_STU01018,TORONTO_UTE92_0053
TORONTO_UTE92_STU01018,TORONTO_UTE92_0054
TORONTO_UTE92_STU01018,TORONTO_UTE92_0055
TORONTO_UTE92_STU01019,TORONTO_UTE92_0135
TORONTO_UTE92_STU01020,TORONTO_UTE92_0030
TORONTO_UTE92_STU01020,TORONTO_UTE92_0149
TORONTO_UTE92_STU01020,TORONTO_UTE92_0172
TORONTO_UTE92_STU01020,TORONTO_UTE92_0173
TORONTO_UTE92_STU01020,TORONTO_UTE92_0175
TORONTO_UTE92_STU01021,TORONTO_UTE92_0086
TORONTO_UTE92_STU01021,TORONTO_UTE92_0145
TORONTO_UTE92_STU01021,TORONTO_UTE92_0146
TORONTO_UTE92_STU01021,TORONTO_UTE92_0148
TORONTO_UTE92_STU01021,TORONTO_UTE92_0151
TORONTO_UTE92_STU01022,TORONTO_UTE92_0051
TORONTO_UTE92_STU01022,TORONTO_UTE92_0052
TORONTO_UTE92_STU01022,TORONTO_UTE92_0053
TORONTO_UTE92_STU01022,TORONTO_UTE92_0054
TORONTO_UTE92_STU01022,TORONTO_UTE92_0055
TORONTO_UTE92_STU01023,TORONTO_UTE92_0063
TORONTO_UTE92_STU01023,TORONTO_UTE92_0074
TORONTO_UTE92_STU01023,TORONTO_UTE92_0138
TORONTO_UTE92_STU01023,TORONTO_UTE92_0184
TORONTO_UTE92_STU01024,TORONTO_UTE92_0112
TORONTO_UTE92_STU01024,TORONTO_UTE92_0113
TORONTO_UTE92_STU01024,TORONTO_UTE92_0139
TORONTO_UTE92_STU01024,TORONTO_UTE92_0170
TORONTO_UTE92_STU01025,TORONTO_UTE92_0077
TORONTO_UTE92_STU01025,TORONTO_UTE92_0078
TORONTO_UTE92_STU01025,TORONTO_UTE92_0079
TORONTO_UTE92_STU01025,TORONTO_UTE92_0080
TORONTO_UTE92_STU01026,TORONTO_UTE92_0077
TORONTO_UTE92_STU01026,TORONTO_UTE92_0078
TORONTO_UTE92_STU01026,TORONTO_UTE92_0079
TORONTO_UTE92_STU01026,TORONTO_UTE92_0080
TORONTO_UTE92_STU01027,TORONTO_UTE92_0051
TORONTO_UTE92_STU01027,TORONTO_UTE92_0052
TORONTO_UTE92_STU01027,TORONTO_UTE92_0053
TORONTO_UTE92_STU01027,TORONTO_UTE92_0054
TORONTO_UTE92_STU01027,TORONTO_UTE92_0055
TORONTO_UTE92_STU01028,TORONTO_UTE92_0145
TORONTO_UTE92_STU01028,TORONTO_UTE92_0146
TORONTO_UTE92_STU01028,TORONTO_UTE92_0148
TORONTO_UTE92_STU01028,TORONTO_UTE92_0151
TORONTO_UTE92_STU01029,TORONTO_UTE92_0077
TORONTO_UTE92_STU01029,TORONTO_UTE92_0078
TORONTO_UTE92_STU01029,TORONTO_UTE92_0079
TORONTO_UTE92_STU01029,TORONTO_UTE92_0080
TORONTO_UTE92_STU01030,TORONTO_UTE92_0019
TORONTO_UTE92_STU01031,TORONTO_UTE92_0022
TORONTO_UTE92_STU01031,TORONTO_UTE92_0023
TORONTO_UTE92_STU01031,TORONTO_UTE92_0025
TORONTO_UTE92_STU01031,TORONTO_UTE92_0026
TORONTO_UTE92_STU01031,TORONTO_UTE92_0028
TORONTO_UTE92_STU01032,TORONTO_UTE92_0077
TORONTO_UTE92_STU01032,TORONTO_UTE92_0078
TORONTO_UTE92_STU01032,TORONTO_UTE92_0079
TORONTO_UTE92_STU01032,TORONTO_UTE92_0080
TORONTO_UTE92_STU01033,TORONTO_UTE92_0065
TORONTO_UTE92_STU01033,TORONTO_UTE92_0082
TORONTO_UTE92_STU01033,TORONTO_UTE92_0083
TORONTO_UTE92_STU01033,TORONTO_UTE92_0084
TORONTO_UTE92_STU01033,TORONTO_UTE92_0085
TORONTO_UTE92_STU01034,TORONTO_UTE92_0109
TORONTO_UTE92_STU01034,TORONTO_UTE92_0145
TORONTO_UTE92_STU01034,TORONTO_UTE92_0146
TORONTO_UTE92_STU01034,TORONTO_UTE92_0148
TORONTO_UTE92_STU01034,TORONTO_UTE92_0151
TORONTO_UTE92_STU01035,TORONTO_UTE92_0067
TORONTO_UTE92_STU01035,TORONTO_UTE92_0100
TORONTO_UTE92_STU01035,TORONTO_UTE92_0107
TORONTO_UTE92_STU01035,TORONTO_UTE92_0136
TORONTO_UTE92_STU01036,TORONTO_UTE92_0086
TORONTO_UTE92_STU01036,TORONTO_UTE92_0145
TORONTO_UTE92_STU01036,TORONTO_UTE92_0146
TORONTO_UTE92_STU01036,TORONTO_UTE92_0148
TORONTO_UTE92_STU01037,TORONTO_UTE92_0077
TORONTO_UTE92_STU01037,TORONTO_UTE92_0078
TORONTO_UTE92_STU01037,TORONTO_UTE92_0079
TORONTO_UTE92_STU01037,TORONTO_UTE92_0080
TORONTO_UTE92_STU01038,TORONTO_UTE92_0077
TORONTO_UTE92_STU01038,TORONTO_UTE92_0078
TORONTO_UTE92_STU01038,TORONTO_UTE92_0079
TORONTO_UTE92_STU01038,TORONTO_UTE92_0080
TORONTO_UTE92_STU01039,TORONTO_UTE92_0086
TORONTO_UTE92_STU01039,TORONTO_UTE92_0145
TORONTO_UTE92_STU01039,TORONTO_UTE92_0146
TORONTO_UTE92_STU01039,TORONTO_UTE92_0148
TORONTO_UTE92_STU01039,TORONTO_UTE92_0151
TORONTO_UTE92_STU01040,TORONTO_UTE92_0086
TORONTO_UTE92_STU01040,TORONTO_UTE92_0114
TORONTO_UTE92_STU01040,TORONTO_UTE92_0115
TORONTO_UTE92_STU01040,TORONTO_UTE92_0116
TORONTO_UTE92_STU01040,TORONTO_UTE92_0117
TORONTO_UTE92_STU01041,TORONTO_UTE92_0019
TORONTO_UTE92_STU01041,TORONTO_UTE92_0020
TORONTO_UTE92_STU01041,TORONTO_UTE92_0103
TORONTO_UTE92_STU01042,TORONTO_UTE92_0022
TORONTO_UTE92_STU01042,TORONTO_UTE92_0023
TORONTO_UTE92_STU01042,TORONTO_UTE92_0024
TORONTO_UTE92_STU01042,TORONTO_UTE92_0026
TORONTO_UTE92_STU01042,TORONTO_UTE92_0028
TORONTO_UTE92_STU01043,TORONTO_UTE92_0051
TORONTO_UTE92_STU01043,TORONTO_UTE92_0052
TORONTO_UTE92_STU01043,TORONTO_UTE92_0053
TORONTO_UTE92_STU01043,TORONTO_UTE92_0054
TORONTO_UTE92_STU01043,TORONTO_UTE92_0055
TORONTO_UTE92_STU01044,TORONTO_UTE92_0114
TORONTO_UTE92_STU01044,TORONTO_UTE92_0115
TORONTO_UTE92_STU01044,TORONTO_UTE92_0116
TORONTO_UTE92_STU01044,TORONTO_UTE92_0117
TORONTO_UTE92_STU01044,TORONTO_UTE92_0119
TORONTO_UTE92_STU01045,TORONTO_UTE92_0051
TORONTO_UTE92_STU01045,TORONTO_UTE92_0052
TORONTO_UTE92_STU01045,TORONTO_UTE92_0053
TORONTO_UTE92_STU01045,TORONTO_UTE92_0054
TORONTO_UTE92_STU01045,TORONTO_UTE92_0055
TORONTO_UTE92_STU01046,TORONTO_UTE92_0016
TORONTO_UTE92_STU01046,TORONTO_UTE92_0077
TORONTO_UTE92_STU01046,TORONTO_UTE92_0078
TORONTO_UTE92_STU01046,TORONTO_UTE92_0079
TORONTO_UTE92_STU01046,TORONTO_UTE92_0080
TORONTO_UTE92_STU01047,TORONTO_UTE92_0030
TORONTO_UTE92_STU01047,TORONTO_UTE92_0149
TORONTO_UTE92_STU01047,TORONTO_UTE92_0172
TORONTO_UTE92_STU01047,TORONTO_UTE92_0173
TORONTO_UTE92_STU01047,TORONTO_UTE92_0175
TORONTO_UTE92_STU01048,TORONTO_UTE92_0136
TORONTO_UTE92_STU01048,TORONTO_UTE92_0170
TORONTO_UTE92_STU01049,TORONTO_UTE92_0022
TORONTO_UTE92_STU01049,TORONTO_UTE92_0023
TORONTO_UTE92_STU01049,TORONTO_UTE92_0024
TORONTO_UTE92_STU01049,TORONTO_UTE92_0026
TORONTO_UTE92_STU01049,TORONTO_UTE92_0028
TORONTO_UTE92_STU01050,TORONTO_UTE92_0105
TORONTO_UTE92_STU01050,TORONTO_UTE92_0145
TORONTO_UTE92_STU01050,TORONTO_UTE92_0146
TORONTO_UTE92_STU01050,TORONTO_UTE92_0148
TORONTO_UTE92_STU01050,TORONTO_UTE92_0151
TORONTO_UTE92_STU01051,TORONTO_UTE92_0077
TORONTO_UTE92_STU01051,TORONTO_UTE92_0078
TORONTO_UTE92_STU01051,TORONTO_UTE92_0079
TORONTO_UTE92_STU01051,TORONTO_UTE92_0080
TORONTO_UTE92_STU01052,TORONTO_UTE92_0076
TORONTO_UTE92_STU01052,TORONTO_UTE92_0131
TORONTO_UTE92_STU01052,TORONTO_UTE92_0141
TORONTO_UTE92_STU01052,TORONTO_UTE92_0142
TORONTO_UTE92_STU01052,TORONTO_UTE92_0144
TORONTO_UTE92_STU01053,TORONTO_UTE92_0022
TORONTO_UTE92_STU01053,TORONTO_UTE92_0023
TORONTO_UTE92_STU01053,TORONTO_UTE92_0025
TORONTO_UTE92_STU01053,TORONTO_UTE92_0026
TORONTO_UTE92_STU01053,TORONTO_UTE92_0028
TORONTO_UTE92_STU01054,TORONTO_UTE92_0047
TORONTO_UTE92_STU01054,TORONTO_UTE92_0048
TORONTO_UTE92_STU01054,TORONTO_UTE92_0049
TORONTO_UTE92_STU01054,TORONTO_UTE92_0050
TORONTO_UTE92_STU01054,TORONTO_UTE92_0126
TORONTO_UTE92_STU01055,TORONTO_UTE92_0051
TORONTO_UTE92_STU01055,TORONTO_UTE92_0052
TORONTO_UTE92_STU01055,TORONTO_UTE92_0053
TORONTO_UTE92_STU01055,TORONTO_UTE92_0054
TORONTO_UTE92_STU01055,TORONTO_UTE92_0055
TORONTO_UTE92_STU01056,TORONTO_UTE92_0022
TORONTO_UTE92_STU01056,TORONTO_UTE92_0023
TORONTO_UTE92_STU01056,TORONTO_UTE92_0025
TORONTO_UTE92_STU01056,TORONTO_UTE92_0026
TORONTO_UTE92_STU01056,TORONTO_UTE92_0028
TORONTO_UTE92_STU01057,TORONTO_UTE92_0051
TORONTO_UTE92_STU01057,TORONTO_UTE92_0052
TORONTO_UTE92_STU01057,TORONTO_UTE92_0053
TORONTO_UTE92_STU01057,TORONTO_UTE92_0054
TORONTO_UTE92_STU01057,TORONTO_UTE92_0055
TORONTO_UTE92_STU01058,TORONTO_UTE92_0013
TORONTO_UTE92_STU01058,TORONTO_UTE92_0047
TORONTO_UTE92_STU01058,TORONTO_UTE92_0048
TORONTO_UTE92_STU01058,TORONTO_UTE92_0049
TORONTO_UTE92_STU01058,TORONTO_UTE92_0050
TORONTO_UTE92_STU01059,TORONTO_UTE92_0051
TORONTO_UTE92_STU01059,TORONTO_UTE92_0052
TORONTO_UTE92_STU01059,TORONTO_UTE92_0053
TORONTO_UTE92_STU01059,TORONTO_UTE92_0054
TORONTO_UTE92_STU01059,TORONTO_UTE92_0055
TORONTO_UTE92_STU01060,TORONTO_UTE92_0051
TORONTO_UTE92_STU01060,TORONTO_UTE92_0052
TORONTO_UTE92_STU01060,TORONTO_UTE92_0053
TORONTO_UTE92_STU01060,TORONTO_UTE92_0054
TORONTO_UTE92_STU01060,TORONTO_UTE92_0055
TORONTO_UTE92_STU01061,TORONTO_UTE92_0051
TORONTO_UTE92_STU01061,TORONTO_UTE92_0052
TORONTO_UTE92_STU01061,TORONTO_UTE92_0053
TORONTO_UTE92_STU01061,TORONTO_UTE92_0054
TORONTO_UTE92_STU01061,TORONTO_UTE92_0055
TORONTO_UTE92_STU01062,TORONTO_UTE92_0086
TORONTO_UTE92_STU01062,TORONTO_UTE92_0114
TORONTO_UTE92_STU01062,TORONTO_UTE92_0115
TORONTO_UTE92_STU01062,TORONTO_UTE92_0116
TORONTO_UTE92_STU01062,TORONTO_UTE92_0117
TORONTO_UTE92_STU01063,TORONTO_UTE92_0065
TORONTO_UTE92_STU01063,TORONTO_UTE92_0082
TORONTO_UTE92_STU01064,TORONTO_UTE92_0086
TORONTO_UTE92_STU01064,TORONTO_UTE92_0145
TORONTO_UTE92_STU01064,TORONTO_UTE92_0146
TORONTO_UTE92_STU01064,TORONTO_UTE92_0148
TORONTO_UTE92_STU01065,TORONTO_UTE92_0017
TORONTO_UTE92_STU01065,TORONTO_UTE92_0020
TORONTO_UTE92_STU01065,TORONTO_UTE92_0067
TORONTO_UTE92_STU01066,TORONTO_UTE92_0065
TORONTO_UTE92_STU01066,TORONTO_UTE92_0082
TORONTO_UTE92_STU01066,TORONTO_UTE92_0083
TORONTO_UTE92_STU01066,TORONTO_UTE92_0084
TORONTO_UTE92_STU01066,TORONTO_UTE92_0181
TORONTO_UTE92_STU01067,TORONTO_UTE92_0048
TORONTO_UTE92_STU01067,TORONTO_UTE92_0064
TORONTO_UTE92_STU01067,TORONTO_UTE92_0143
TORONTO_UTE92_STU01068,TORONTO_UTE92_0045
TORONTO_UTE92_STU01068,TORONTO_UTE92_0067
TORONTO_UTE92_STU01068,TORONTO_UTE92_0107
TORONTO_UTE92_STU01068,TORONTO_UTE92_0136
TORONTO_UTE92_STU01068,TORONTO_UTE92_0140
TORONTO_UTE92_STU01069,TORONTO_UTE92_0114
TORONTO_UTE92_STU01069,TORONTO_UTE92_0115
TORONTO_UTE92_STU01069,TORONTO_UTE92_0116
TORONTO_UTE92_STU01069,TORONTO_UTE92_0117
TORONTO_UTE92_STU01070,TORONTO_UTE92_0027
TORONTO_UTE92_STU01070,TORONTO_UTE92_0065
TORONTO_UTE92_STU01070,TORONTO_UTE92_0147
TORONTO_UTE92_STU01070,TORONTO_UTE92_0153
TORONTO_UTE92_STU01070,TORONTO_UTE92_0171
TORONTO_UTE92_STU01071,TORONTO_UTE92_0018
TORONTO_UTE92_STU01071,TORONTO_UTE92_0019
TORONTO_UTE92_STU01071,TORONTO_UTE92_0020
TORONTO_UTE92_STU01071,TORONTO_UTE92_0021
TORONTO_UTE92_STU01072,TORONTO_UTE92_0145
TORONTO_UTE92_STU01072,TORONTO_UTE92_0146
TORONTO_UTE92_STU01072,TORONTO_UTE92_0148
TORONTO_UTE92_STU01072,TORONTO_UTE92_0151
TORONTO_UTE92_STU01073,TORONTO_UTE92_0077
TORONTO_UTE92_STU01073,TORONTO_UTE92_0078
TORONTO_UTE92_STU01073,TORONTO_UTE92_0079
TORONTO_UTE92_STU01073,TORONTO_UTE92_0080
TORONTO_UTE92_STU01074,TORONTO_UTE92_0077
TORONTO_UTE92_STU01074,TORONTO_UTE92_0078
TORONTO_UTE92_STU01074,TORONTO_UTE92_0079
TORONTO_UTE92_STU01074,TORONTO_UTE92_0080
TORONTO_UTE92_STU01075,TORONTO_UTE92_0077
TORONTO_UTE92_STU01075,TORONTO_UTE92_0078
TORONTO_UTE92_STU01075,TORONTO_UTE92_0079
TORONTO_UTE92_STU01075,TORONTO_UTE92_0080
TORONTO_UTE92_STU01076,TORONTO_UTE92_0077
TORONTO_UTE92_STU01076,TORONTO_UTE92_0078
TORONTO_UTE92_STU01076,TORONTO_UTE92_0079
TORONTO_UTE92_STU01076,TORONTO_UTE92_0080
TORONTO_UTE92_STU01077,TORONTO_UTE92_0086
TORONTO_UTE92_STU01077,TORONTO_UTE92_0145
TORONTO_UTE92_STU01077,TORONTO_UTE92_0146
TORONTO_UTE92_STU01077,TORONTO_UTE92_0148
TORONTO_UTE92_STU01078,TORONTO_UTE92_0114
TORONTO_UTE92_STU01078,TORONTO_UTE92_0115
TORONTO_UTE92_STU01078,TORONTO_UTE92_0116
TORONTO_UTE92_STU01078,TORONTO_UTE92_0117
TORONTO_UTE92_STU01078,TORONTO_UTE92_0119
TORONTO_UTE92_STU01079,TORONTO_UTE92_0114
TORONTO_UTE92_STU01079,TORONTO_UTE92_0115
TORONTO_UTE92_STU01079,TORONTO_UTE92_0116
TORONTO_UTE92_STU01079,TORONTO_UTE92_0117
TORONTO_UTE92_STU01079,TORONTO_UTE92_0119
TORONTO_UTE92_STU01080,TORONTO_UTE92_0145
TORONTO_UTE92_STU01080,TORONTO_UTE92_0146
TORONTO_UTE92_STU01080,TORONTO_UTE92_0148
TORONTO_UTE92_STU01080,TORONTO_UTE92_0151
TORONTO_UTE92_STU01080,TORONTO_UTE92_0160
TORONTO_UTE92_STU01081,TORONTO_UTE92_0022
TORONTO_UTE92_STU01081,TORONTO_UTE92_0023
TORONTO_UTE92_STU01081,TORONTO_UTE92_0025
TORONTO_UTE92_STU01081,TORONTO_UTE92_0026
TORONTO_UTE92_STU01081,TORONTO_UTE92_0028
TORONTO_UTE92_STU01082,TORONTO_UTE92_0145
TORONTO_UTE92_STU01082,TORONTO_UTE92_0146
TORONTO_UTE92_STU01082,TORONTO_UTE92_0148
TORONTO_UTE92_STU01082,TORONTO_UTE92_0151
TORONTO_UTE92_STU01083,TORONTO_UTE92_0145
TORONTO_UTE92_STU01083,TORONTO_UTE92_0146
TORONTO_UTE92_STU01083,TORONTO_UTE92_0148
TORONTO_UTE92_STU01083,TORONTO_UTE92_0151
TORONTO_UTE92_STU01084,TORONTO_UTE92_0017
TORONTO_UTE92_STU01084,TORONTO_UTE92_0018
TORONTO_UTE92_STU01084,TORONTO_UTE92_0019
TORONTO_UTE92_STU01084,TORONTO_UTE92_0020
TORONTO_UTE92_STU01084,TORONTO_UTE92_0132
TORONTO_UTE92_STU01085,TORONTO_UTE92_0112
TORONTO_UTE92_STU01085,TORONTO_UTE92_0113
TORONTO_UTE92_STU01085,TORONTO_UTE92_0139
TORONTO_UTE92_STU01085,TORONTO_UTE92_0170
TORONTO_UTE92_STU01086,TORONTO_UTE92_0018
TORONTO_UTE92_STU01086,TORONTO_UTE92_0019
TORONTO_UTE92_STU01086,TORONTO_UTE92_0020
TORONTO_UTE92_STU01086,TORONTO_UTE92_0021
TORONTO_UTE92_STU01087,TORONTO_UTE92_0086
TORONTO_UTE92_STU01087,TORONTO_UTE92_0145
TORONTO_UTE92_STU01087,TORONTO_UTE92_0146
TORONTO_UTE92_STU01087,TORONTO_UTE92_0148
TORONTO_UTE92_STU01088,TORONTO_UTE92_0145
TORONTO_UTE92_STU01088,TORONTO_UTE92_0146
TORONTO_UTE92_STU01088,TORONTO_UTE92_0148
TORONTO_UTE92_STU01088,TORONTO_UTE92_0151
TORONTO_UTE92_STU01089,TORONTO_UTE92_0065
TORONTO_UTE92_STU01089,TORONTO_UTE92_0115
TORONTO_UTE92_STU01089,TORONTO_UTE92_0151
TORONTO_UTE92_STU01089,TORONTO_UTE92_0171
TORONTO_UTE92_STU01089,TORONTO_UTE92_0174
TORONTO_UTE92_STU01090,TORONTO_UTE92_0086
TORONTO_UTE92_STU01090,TORONTO_UTE92_0114
TORONTO_UTE92_STU01090,TORONTO_UTE92_0115
TORONTO_UTE92_STU01090,TORONTO_UTE92_0116
TORONTO_UTE92_STU01090,TORONTO_UTE92_0117
TORONTO_UTE92_STU01091,TORONTO_UTE92_0077
TORONTO_UTE92_STU01091,TORONTO_UTE92_0078
TORONTO_UTE92_STU01091,TORONTO_UTE92_0079
TORONTO_UTE92_STU01091,TORONTO_UTE92_0080
TORONTO_UTE92_STU01092,TORONTO_UTE92_0076
TORONTO_UTE92_STU01092,TORONTO_UTE92_0131
TORONTO_UTE92_STU01092,TORONTO_UTE92_0141
TORONTO_UTE92_STU01092,TORONTO_UTE92_0142
TORONTO_UTE92_STU01092,TORONTO_UTE92_0144
TORONTO_UTE92_STU01093,TORONTO_UTE92_0051
TORONTO_UTE92_STU01093,TORONTO_UTE92_0052
TORONTO_UTE92_STU01093,TORONTO_UTE92_0053
TORONTO_UTE92_STU01093,TORONTO_UTE92_0054
TORONTO_UTE92_STU01093,TORONTO_UTE92_0055
TORONTO_UTE92_STU01094,TORONTO_UTE92_0069
TORONTO_UTE92_STU01094,TORONTO_UTE92_0070
TORONTO_UTE92_STU01094,TORONTO_UTE92_0071
TORONTO_UTE92_STU01094,TORONTO_UTE92_0072
TORONTO_UTE92_STU01094,TORONTO_UTE92_0073
TORONTO_UTE92_STU01095,TORONTO_UTE92_0013
TORONTO_UTE92_STU01095,TORONTO_UTE92_0077
TORONTO_UTE92_STU01095,TORONTO_UTE92_0078
TORONTO_UTE92_STU01095,TORONTO_UTE92_0079
TORONTO_UTE92_STU01095,TORONTO_UTE92_0080
TORONTO_UTE92_STU01096,TORONTO_UTE92_0077
TORONTO_UTE92_STU01096,TORONTO_UTE92_0078
TORONTO_UTE92_STU01096,TORONTO_UTE92_0079
TORONTO_UTE92_STU01096,TORONTO_UTE92_0080
TORONTO_UTE92_STU01097,TORONTO_UTE92_0077
TORONTO_UTE92_STU01097,TORONTO_UTE92_0078
TORONTO_UTE92_STU01097,TORONTO_UTE92_0079
TORONTO_UTE92_STU01097,TORONTO_UTE92_0080
TORONTO_UTE92_STU01098,TORONTO_UTE92_0145
TORONTO_UTE92_STU01098,TORONTO_UTE92_0146
TORONTO_UTE92_STU01098,TORONTO_UTE92_0148
TORONTO_UTE92_STU01098,TORONTO_UTE92_0151
TORONTO_UTE92_STU01099,TORONTO_UTE92_0086
TORONTO_UTE92_STU01099,TORONTO_UTE92_0145
TORONTO_UTE92_STU01099,TORONTO_UTE92_0146
TORONTO_UTE92_STU01099,TORONTO_UTE92_0148
TORONTO_UTE92_STU01100,TORONTO_UTE92_0077
TORONTO_UTE92_STU01100,TORONTO_UTE92_0078
TORONTO_UTE92_STU01100,TORONTO_UTE92_0079
TORONTO_UTE92_STU01100,TORONTO_UTE92_0080
TORONTO_UTE92_STU01100,TORONTO_UTE92_0081
TORONTO_UTE92_STU01101,TORONTO_UTE92_0086
TORONTO_UTE92_STU01101,TORONTO_UTE92_0100
TORONTO_UTE92_STU01101,TORONTO_UTE92_0145
TORONTO_UTE92_STU01101,TORONTO_UTE92_0146
TORONTO_UTE92_STU01101,TORONTO_UTE92_0148
TORONTO_UTE92_STU01102,TORONTO_UTE92_0077
TORONTO_UTE92_STU01102,TORONTO_UTE92_0078
TORONTO_UTE92_STU01102,TORONTO_UTE92_0079
TORONTO_UTE92_STU01102,TORONTO_UTE92_0080
TORONTO_UTE92_STU01103,TORONTO_UTE92_0065
TORONTO_UTE92_STU01103,TORONTO_UTE92_0082
TORONTO_UTE92_STU01103,TORONTO_UTE92_0083
TORONTO_UTE92_STU01103,TORONTO_UTE92_0084
TORONTO_UTE92_STU01104,TORONTO_UTE92_0086
TORONTO_UTE92_STU01104,TORONTO_UTE92_0114
TORONTO_UTE92_STU01104,TORONTO_UTE92_0115
TORONTO_UTE92_STU01104,TORONTO_UTE92_0116
TORONTO_UTE92_STU01104,TORONTO_UTE92_0117
TORONTO_UTE92_STU01105,TORONTO_UTE92_0114
TORONTO_UTE92_STU01105,TORONTO_UTE92_0115
TORONTO_UTE92_STU01105,TORONTO_UTE92_0116
TORONTO_UTE92_STU01105,TORONTO_UTE92_0117
TORONTO_UTE92_STU01106,TORONTO_UTE92_0022
TORONTO_UTE92_STU01106,TORONTO_UTE92_0023
TORONTO_UTE92_STU01106,TORONTO_UTE92_0026
TORONTO_UTE92_STU01106,TORONTO_UTE92_0029
TORONTO_UTE92_STU01106,TORONTO_UTE92_0065
TORONTO_UTE92_STU01107,TORONTO_UTE92_0077
TORONTO_UTE92_STU01107,TORONTO_UTE92_0078
TORONTO_UTE92_STU01107,TORONTO_UTE92_0079
TORONTO_UTE92_STU01107,TORONTO_UTE92_0080
TORONTO_UTE92_STU01108,TORONTO_UTE92_0016
TORONTO_UTE92_STU01108,TORONTO_UTE92_0047
TORONTO_UTE92_STU01108,TORONTO_UTE92_0048
TORONTO_UTE92_STU01108,TORONTO_UTE92_0049
TORONTO_UTE92_STU01108,TORONTO_UTE92_0050
TORONTO_UTE92_STU01109,TORONTO_UTE92_0013
TORONTO_UTE92_STU01109,TORONTO_UTE92_0145
TORONTO_UTE92_STU01109,TORONTO_UTE92_0146
TORONTO_UTE92_STU01109,TORONTO_UTE92_0148
TORONTO_UTE92_STU01109,TORONTO_UTE92_0151
TORONTO_UTE92_STU01110,TORONTO_UTE92_0086
TORONTO_UTE92_STU01110,TORONTO_UTE92_0145
TORONTO_UTE92_STU01110,TORONTO_UTE92_0146
TORONTO_UTE92_STU01110,TORONTO_UTE92_0148
TORONTO_UTE92_STU01111,TORONTO_UTE92_0077
TORONTO_UTE92_STU01111,TORONTO_UTE92_0078
TORONTO_UTE92_STU01111,TORONTO_UTE92_0079
TORONTO_UTE92_STU01111,TORONTO_UTE92_0080
TORONTO_UTE92_STU01112,TORONTO_UTE92_0149
TORONTO_UTE92_STU01112,TORONTO_UTE92_0172
TORONTO_UTE92_STU01112,TORONTO_UTE92_0173
TORONTO_UTE92_STU01112,TORONTO_UTE92_0175
TORONTO_UTE92_STU01113,TORONTO_UTE92_0022
TORONTO_UTE92_STU01113,TORONTO_UTE92_0023
TORONTO_UTE92_STU01113,TORONTO_UTE92_0025
TORONTO_UTE92_STU01113,TORONTO_UTE92_0026
TORONTO_UTE92_STU01113,TORONTO_UTE92_0028
TORONTO_UTE92_STU01114,TORONTO_UTE92_0008
TORONTO_UTE92_STU01115,TORONTO_UTE92_0065
TORONTO_UTE92_STU01115,TORONTO_UTE92_0155
TORONTO_UTE92_STU01116,TORONTO_UTE92_0021
TORONTO_UTE92_STU01116,TORONTO_UTE92_0022
TORONTO_UTE92_STU01116,TORONTO_UTE92_0023
TORONTO_UTE92_STU01116,TORONTO_UTE92_0024
TORONTO_UTE92_STU01116,TORONTO_UTE92_0026
TORONTO_UTE92_STU01116,TORONTO_UTE92_0028
TORONTO_UTE92_STU01117,TORONTO_UTE92_0012
TORONTO_UTE92_STU01117,TORONTO_UTE92_0077
TORONTO_UTE92_STU01117,TORONTO_UTE92_0078
TORONTO_UTE92_STU01117,TORONTO_UTE92_0079
TORONTO_UTE92_STU01117,TORONTO_UTE92_0080
TORONTO_UTE92_STU01118,TORONTO_UTE92_0077
TORONTO_UTE92_STU01118,TORONTO_UTE92_0078
TORONTO_UTE92_STU01118,TORONTO_UTE92_0079
TORONTO_UTE92_STU01118,TORONTO_UTE92_0080
TORONTO_UTE92_STU01119,TORONTO_UTE92_0077
TORONTO_UTE92_STU01119,TORONTO_UTE92_0078
TORONTO_UTE92_STU01119,TORONTO_UTE92_0079
TORONTO_UTE92_STU01119,TORONTO_UTE92_0080
TORONTO_UTE92_STU01120,TORONTO_UTE92_0008
TORONTO_UTE92_STU01120,TORONTO_UTE92_0139
TORONTO_UTE92_STU01121,TORONTO_UTE92_0077
TORONTO_UTE92_STU01121,TORONTO_UTE92_0078
TORONTO_UTE92_STU01121,TORONTO_UTE92_0079
TORONTO_UTE92_STU01121,TORONTO_UTE92_0080
TORONTO_UTE92_STU01122,TORONTO_UTE92_0065
TORONTO_UTE92_STU01122,TORONTO_UTE92_0082
TORONTO_UTE92_STU01122,TORONTO_UTE92_0085
TORONTO_UTE92_STU01123,TORONTO_UTE92_0051
TORONTO_UTE92_STU01123,TORONTO_UTE92_0052
TORONTO_UTE92_STU01123,TORONTO_UTE92_0053
TORONTO_UTE92_STU01123,TORONTO_UTE92_0054
TORONTO_UTE92_STU01123,TORONTO_UTE92_0055
TORONTO_UTE92_STU01124,TORONTO_UTE92_0086
TORONTO_UTE92_STU01124,TORONTO_UTE92_0145
TORONTO_UTE92_STU01124,TORONTO_UTE92_0146
TORONTO_UTE92_STU01124,TORONTO_UTE92_0148
TORONTO_UTE92_STU01125,TORONTO_UTE92_0022
TORONTO_UTE92_STU01125,TORONTO_UTE92_0023
TORONTO_UTE92_STU01125,TORONTO_UTE92_0026
TORONTO_UTE92_STU01125,TORONTO_UTE92_0029
TORONTO_UTE92_STU01125,TORONTO_UTE92_0065
TORONTO_UTE92_STU01126,TORONTO_UTE92_0077
TORONTO_UTE92_STU01126,TORONTO_UTE92_0078
TORONTO_UTE92_STU01126,TORONTO_UTE92_0079
TORONTO_UTE92_STU01126,TORONTO_UTE92_0080
TORONTO_UTE92_STU01126,TORONTO_UTE92_0081
TORONTO_UTE92_STU01127,TORONTO_UTE92_0077
TORONTO_UTE92_STU01127,TORONTO_UTE92_0078
TORONTO_UTE92_STU01127,TORONTO_UTE92_0079
TORONTO_UTE92_STU01127,TORONTO_UTE92_0080
TORONTO_UTE92_STU01128,TORONTO_UTE92_0022
TORONTO_UTE92_STU01128,TORONTO_UTE92_0023
TORONTO_UTE92_STU01128,TORONTO_UTE92_0025
TORONTO_UTE92_STU01128,TORONTO_UTE92_0026
TORONTO_UTE92_STU01128,TORONTO_UTE92_0028
TORONTO_UTE92_STU01129,TORONTO_UTE92_0051
TORONTO_UTE92_STU01129,TORONTO_UTE92_0052
TORONTO_UTE92_STU01129,TORONTO_UTE92_0053
TORONTO_UTE92_STU01129,TORONTO_UTE92_0054
TORONTO_UTE92_STU01129,TORONTO_UTE92_0055
TORONTO_UTE92_STU01130,TORONTO_UTE92_0065
TORONTO_UTE92_STU01130,TORONTO_UTE92_0082
TORONTO_UTE92_STU01130,TORONTO_UTE92_0085
TORONTO_UTE92_STU01131,TORONTO_UTE92_0077
TORONTO_UTE92_STU01131,TORONTO_UTE92_0078
TORONTO_UTE92_STU01131,TORONTO_UTE92_0079
TORONTO_UTE92_STU01131,TORONTO_UTE92_0080
TORONTO_UTE92_STU01132,TORONTO_UTE92_0065
TORONTO_UTE92_STU01132,TORONTO_UTE92_0082
TORONTO_UTE92_STU01132,TORONTO_UTE92_0083
TORONTO_UTE92_STU01132,TORONTO_UTE92_0084
TORONTO_UTE92_STU01133,TORONTO_UTE92_0069
TORONTO_UTE92_STU01133,TORONTO_UTE92_0070
TORONTO_UTE92_STU01133,TORONTO_UTE92_0071
TORONTO_UTE92_STU01133,TORONTO_UTE92_0072
TORONTO_UTE92_STU01134,TORONTO_UTE92_0065
TORONTO_UTE92_STU01134,TORONTO_UTE92_0115
TORONTO_UTE92_STU01134,TORONTO_UTE92_0118
TORONTO_UTE92_STU01134,TORONTO_UTE92_0151
TORONTO_UTE92_STU01135,TORONTO_UTE92_0023
TORONTO_UTE92_STU01135,TORONTO_UTE92_0026
TORONTO_UTE92_STU01136,TORONTO_UTE92_0022
TORONTO_UTE92_STU01136,TORONTO_UTE92_0023
TORONTO_UTE92_STU01136,TORONTO_UTE92_0025
TORONTO_UTE92_STU01136,TORONTO_UTE92_0026
TORONTO_UTE92_STU01136,TORONTO_UTE92_0028
TORONTO_UTE92_STU01137,TORONTO_UTE92_0051
TORONTO_UTE92_STU01137,TORONTO_UTE92_0052
TORONTO_UTE92_STU01137,TORONTO_UTE92_0053
TORONTO_UTE92_STU01137,TORONTO_UTE92_0054
TORONTO_UTE92_STU01137,TORONTO_UTE92_0055
TORONTO_UTE92_STU01138,TORONTO_UTE92_0067
TORONTO_UTE92_STU01138,TORONTO_UTE92_0107
TORONTO_UTE92_STU01138,TORONTO_UTE92_0136
TORONTO_UTE92_STU01139,TORONTO_UTE92_0073
TORONTO_UTE92_STU01139,TORONTO_UTE92_0077
TORONTO_UTE92_STU01139,TORONTO_UTE92_0078
TORONTO_UTE92_STU01139,TORONTO_UTE92_0079
TORONTO_UTE92_STU01139,TORONTO_UTE92_0080
TORONTO_UTE92_STU01139,TORONTO_UTE92_0081
TORONTO_UTE92_STU01140,TORONTO_UTE92_0077
TORONTO_UTE92_STU01140,TORONTO_UTE92_0078
TORONTO_UTE92_STU01140,TORONTO_UTE92_0079
TORONTO_UTE92_STU01140,TORONTO_UTE92_0080
TORONTO_UTE92_STU01141,TORONTO_UTE92_0051
TORONTO_UTE92_STU01141,TORONTO_UTE92_0052
TORONTO_UTE92_STU01141,TORONTO_UTE92_0053
TORONTO_UTE92_STU01141,TORONTO_UTE92_0054
TORONTO_UTE92_STU01141,TORONTO_UTE92_0055
TORONTO_UTE92_STU01142,TORONTO_UTE92_0065
TORONTO_UTE92_STU01142,TORONTO_UTE92_0082
TORONTO_UTE92_STU01143,TORONTO_UTE92_0022
TORONTO_UTE92_STU01143,TORONTO_UTE92_0023
TORONTO_UTE92_STU01143,TORONTO_UTE92_0025
TORONTO_UTE92_STU01143,TORONTO_UTE92_0026
TORONTO_UTE92_STU01143,TORONTO_UTE92_0028
TORONTO_UTE92_STU01144,TORONTO_UTE92_0001
TORONTO_UTE92_STU01144,TORONTO_UTE92_0002
TORONTO_UTE92_STU01144,TORONTO_UTE92_0003
TORONTO_UTE92_STU01144,TORONTO_UTE92_0065
TORONTO_UTE92_STU01145,TORONTO_UTE92_0145
TORONTO_UTE92_STU01145,TORONTO_UTE92_0146
TORONTO_UTE92_STU01145,TORONTO_UTE92_0148
TORONTO_UTE92_STU01145,TORONTO_UTE92_0151
TORONTO_UTE92_STU01145,TORONTO_UTE92_0160
TORONTO_UTE92_STU01146,TORONTO_UTE92_0077
TORONTO_UTE92_STU01146,TORONTO_UTE92_0078
TORONTO_UTE92_STU01146,TORONTO_UTE92_0079
TORONTO_UTE92_STU01146,TORONTO_UTE92_0080
TORONTO_UTE92_STU01147,TORONTO_UTE92_0114
TORONTO_UTE92_STU01147,TORONTO_UTE92_0115
TORONTO_UTE92_STU01147,TORONTO_UTE92_0116
TORONTO_UTE92_STU01147,TORONTO_UTE92_0117
TORONTO_UTE92_STU01147,TORONTO_UTE92_0119
TORONTO_UTE92_STU01148,TORONTO_UTE92_0149
TORONTO_UTE92_STU01148,TORONTO_UTE92_0172
TORONTO_UTE92_STU01148,TORONTO_UTE92_0173
TORONTO_UTE92_STU01148,TORONTO_UTE92_0175
TORONTO_UTE92_STU01148,TORONTO_UTE92_0176
TORONTO_UTE92_STU01148,TORONTO_UTE92_0177
TORONTO_UTE92_STU01149,TORONTO_UTE92_0051
TORONTO_UTE92_STU01149,TORONTO_UTE92_0052
TORONTO_UTE92_STU01149,TORONTO_UTE92_0053
TORONTO_UTE92_STU01149,TORONTO_UTE92_0054
TORONTO_UTE92_STU01149,TORONTO_UTE92_0055
TORONTO_UTE92_STU01150,TORONTO_UTE92_0051
TORONTO_UTE92_STU01150,TORONTO_UTE92_0052
TORONTO_UTE92_STU01150,TORONTO_UTE92_0053
TORONTO_UTE92_STU01150,TORONTO_UTE92_0054
TORONTO_UTE92_STU01150,TORONTO_UTE92_0055
TORONTO_UTE92_STU01151,TORONTO_UTE92_0077
TORONTO_UTE92_STU01151,TORONTO_UTE92_0078
TORONTO_UTE92_STU01151,TORONTO_UTE92_0079
TORONTO_UTE92_STU01151,TORONTO_UTE92_0080
TORONTO_UTE92_STU01152,TORONTO_UTE92_0022
TORONTO_UTE92_STU01152,TORONTO_UTE92_0023
TORONTO_UTE92_STU01152,TORONTO_UTE92_0025
TORONTO_UTE92_STU01152,TORONTO_UTE92_0026
TORONTO_UTE92_STU01152,TORONTO_UTE92_0028
TORONTO_UTE92_STU01153,TORONTO_UTE92_0047
TORONTO_UTE92_STU01153,TORONTO_UTE92_0048
TORONTO_UTE92_STU01153,TORONTO_UTE92_0049
TORONTO_UTE92_STU01153,TORONTO_UTE92_0050
TORONTO_UTE92_STU01154,TORONTO_UTE92_0065
TORONTO_UTE92_STU01154,TORONTO_UTE92_0082
TORONTO_UTE92_STU01155,TORONTO_UTE92_0145
TORONTO_UTE92_STU01155,TORONTO_UTE92_0146
TORONTO_UTE92_STU01155,TORONTO_UTE92_0148
TORONTO_UTE92_STU01155,TORONTO_UTE92_0151
TORONTO_UTE92_STU01156,TORONTO_UTE92_0108
TORONTO_UTE92_STU01156,TORONTO_UTE92_0145
TORONTO_UTE92_STU01156,TORONTO_UTE92_0146
TORONTO_UTE92_STU01156,TORONTO_UTE92_0148
TORONTO_UTE92_STU01156,TORONTO_UTE92_0151
TORONTO_UTE92_STU01157,TORONTO_UTE92_0086
TORONTO_UTE92_STU01157,TORONTO_UTE92_0145
TORONTO_UTE92_STU01157,TORONTO_UTE92_0146
TORONTO_UTE92_STU01157,TORONTO_UTE92_0148
TORONTO_UTE92_STU01157,TORONTO_UTE92_0151
TORONTO_UTE92_STU01158,TORONTO_UTE92_0114
TORONTO_UTE92_STU01158,TORONTO_UTE92_0115
TORONTO_UTE92_STU01158,TORONTO_UTE92_0116
TORONTO_UTE92_STU01158,TORONTO_UTE92_0117
TORONTO_UTE92_STU01158,TORONTO_UTE92_0119
TORONTO_UTE92_STU01159,TORONTO_UTE92_0022
TORONTO_UTE92_STU01159,TORONTO_UTE92_0023
TORONTO_UTE92_STU01159,TORONTO_UTE92_0025
TORONTO_UTE92_STU01159,TORONTO_UTE92_0026
TORONTO_UTE92_STU01159,TORONTO_UTE92_0028
TORONTO_UTE92_STU01160,TORONTO_UTE92_0077
TORONTO_UTE92_STU01160,TORONTO_UTE92_0078
TORONTO_UTE92_STU01160,TORONTO_UTE92_0079
TORONTO_UTE92_STU01160,TORONTO_UTE92_0080
TORONTO_UTE92_STU01161,TORONTO_UTE92_0051
TORONTO_UTE92_STU01161,TORONTO_UTE92_0052
TORONTO_UTE92_STU01161,TORONTO_UTE92_0053
TORONTO_UTE92_STU01161,TORONTO_UTE92_0054
TORONTO_UTE92_STU01162,TORONTO_UTE92_0077
TORONTO_UTE92_STU01162,TORONTO_UTE92_0078
TORONTO_UTE92_STU01162,TORONTO_UTE92_0079
TORONTO_UTE92_STU01162,TORONTO_UTE92_0080
TORONTO_UTE92_STU01163,TORONTO_UTE92_0114
TORONTO_UTE92_STU01163,TORONTO_UTE92_0115
TORONTO_UTE92_STU01163,TORONTO_UTE92_0116
TORONTO_UTE92_STU01163,TORONTO_UTE92_0117
TORONTO_UTE92_STU01163,TORONTO_UTE92_0119
TORONTO_UTE92_STU01164,TORONTO_UTE92_0077
TORONTO_UTE92_STU01164,TORONTO_UTE92_0078
TORONTO_UTE92_STU01164,TORONTO_UTE92_0079
TORONTO_UTE92_STU01164,TORONTO_UTE92_0080
TORONTO_UTE92_STU01165,TORONTO_UTE92_0086
TORONTO_UTE92_STU01165,TORONTO_UTE92_0114
TORONTO_UTE92_STU01165,TORONTO_UTE92_0115
TORONTO_UTE92_STU01165,TORONTO_UTE92_0116
TORONTO_UTE92_STU01165,TORONTO_UTE92_0117
TORONTO_UTE92_STU01166,TORONTO_UTE92_0018
TORONTO_UTE92_STU01166,TORONTO_UTE92_0019
TORONTO_UTE92_STU01166,TORONTO_UTE92_0020
TORONTO_UTE92_STU01166,TORONTO_UTE92_0021
TORONTO_UTE92_STU01167,TORONTO_UTE92_0030
TORONTO_UTE92_STU01167,TORONTO_UTE92_0149
TORONTO_UTE92_STU01167,TORONTO_UTE92_0172
TORONTO_UTE92_STU01167,TORONTO_UTE92_0173
TORONTO_UTE92_STU01167,TORONTO_UTE92_0175
TORONTO_UTE92_STU01168,TORONTO_UTE92_0051
TORONTO_UTE92_STU01168,TORONTO_UTE92_0052
TORONTO_UTE92_STU01168,TORONTO_UTE92_0053
TORONTO_UTE92_STU01168,TORONTO_UTE92_0054
TORONTO_UTE92_STU01168,TORONTO_UTE92_0055
TORONTO_UTE92_STU01169,TORONTO_UTE92_0047
TORONTO_UTE92_STU01169,TORONTO_UTE92_0048
TORONTO_UTE92_STU01169,TORONTO_UTE92_0049
TORONTO_UTE92_STU01169,TORONTO_UTE92_0050
TORONTO_UTE92_STU01169,TORONTO_UTE92_0143
TORONTO_UTE92_STU01170,TORONTO_UTE92_0065
TORONTO_UTE92_STU01170,TORONTO_UTE92_0082
TORONTO_UTE92_STU01170,TORONTO_UTE92_0083
TORONTO_UTE92_STU01170,TORONTO_UTE92_0084
TORONTO_UTE92_STU01170,TORONTO_UTE92_0125
TORONTO_UTE92_STU01171,TORONTO_UTE92_0022
TORONTO_UTE92_STU01171,TORONTO_UTE92_0023
TORONTO_UTE92_STU01171,TORONTO_UTE92_0025
TORONTO_UTE92_STU01171,TORONTO_UTE92_0026
TORONTO_UTE92_STU01171,TORONTO_UTE92_0028
TORONTO_UTE92_STU01172,TORONTO_UTE92_0077
TORONTO_UTE92_STU01172,TORONTO_UTE92_0078
TORONTO_UTE92_STU01172,TORONTO_UTE92_0079
TORONTO_UTE92_STU01172,TORONTO_UTE92_0080
TORONTO_UTE92_STU01173,TORONTO_UTE92_0077
TORONTO_UTE92_STU01173,TORONTO_UTE92_0078
TORONTO_UTE92_STU01173,TORONTO_UTE92_0079
TORONTO_UTE92_STU01173,TORONTO_UTE92_0080
TORONTO_UTE92_STU01173,TORONTO_UTE92_0081
TORONTO_UTE92_STU01174,TORONTO_UTE92_0077
TORONTO_UTE92_STU01174,TORONTO_UTE92_0078
TORONTO_UTE92_STU01174,TORONTO_UTE92_0079
TORONTO_UTE92_STU01174,TORONTO_UTE92_0080
TORONTO_UTE92_STU01175,TORONTO_UTE92_0105
TORONTO_UTE92_STU01175,TORONTO_UTE92_0112
TORONTO_UTE92_STU01175,TORONTO_UTE92_0113
TORONTO_UTE92_STU01175,TORONTO_UTE92_0139
TORONTO_UTE92_STU01175,TORONTO_UTE92_0170
TORONTO_UTE92_STU01176,TORONTO_UTE92_0076
TORONTO_UTE92_STU01176,TORONTO_UTE92_0131
TORONTO_UTE92_STU01176,TORONTO_UTE92_0141
TORONTO_UTE92_STU01176,TORONTO_UTE92_0142
TORONTO_UTE92_STU01176,TORONTO_UTE92_0144
TORONTO_UTE92_STU01177,TORONTO_UTE92_0001
TORONTO_UTE92_STU01177,TORONTO_UTE92_0002
TORONTO_UTE92_STU01177,TORONTO_UTE92_0003
TORONTO_UTE92_STU01177,TORONTO_UTE92_0065
TORONTO_UTE92_STU01178,TORONTO_UTE92_0016
TORONTO_UTE92_STU01178,TORONTO_UTE92_0077
TORONTO_UTE92_STU01178,TORONTO_UTE92_0078
TORONTO_UTE92_STU01178,TORONTO_UTE92_0079
TORONTO_UTE92_STU01178,TORONTO_UTE92_0080
TORONTO_UTE92_STU01179,TORONTO_UTE92_0022
TORONTO_UTE92_STU01179,TORONTO_UTE92_0023
TORONTO_UTE92_STU01179,TORONTO_UTE92_0025
TORONTO_UTE92_STU01179,TORONTO_UTE92_0026
TORONTO_UTE92_STU01179,TORONTO_UTE92_0028
TORONTO_UTE92_STU01180,TORONTO_UTE92_0022
TORONTO_UTE92_STU01180,TORONTO_UTE92_0023
TORONTO_UTE92_STU01180,TORONTO_UTE92_0025
TORONTO_UTE92_STU01180,TORONTO_UTE92_0026
TORONTO_UTE92_STU01180,TORONTO_UTE92_0028
TORONTO_UTE92_STU01181,TORONTO_UTE92_0145
TORONTO_UTE92_STU01181,TORONTO_UTE92_0146
TORONTO_UTE92_STU01181,TORONTO_UTE92_0148
TORONTO_UTE92_STU01181,TORONTO_UTE92_0151
TORONTO_UTE92_STU01182,TORONTO_UTE92_0051
TORONTO_UTE92_STU01182,TORONTO_UTE92_0052
TORONTO_UTE92_STU01182,TORONTO_UTE92_0053
TORONTO_UTE92_STU01182,TORONTO_UTE92_0054
TORONTO_UTE92_STU01182,TORONTO_UTE92_0055
TORONTO_UTE92_STU01183,TORONTO_UTE92_0065
TORONTO_UTE92_STU01183,TORONTO_UTE92_0082
TORONTO_UTE92_STU01183,TORONTO_UTE92_0085
TORONTO_UTE92_STU01184,TORONTO_UTE92_0086
TORONTO_UTE92_STU01184,TORONTO_UTE92_0145
TORONTO_UTE92_STU01184,TORONTO_UTE92_0146
TORONTO_UTE92_STU01184,TORONTO_UTE92_0148
TORONTO_UTE92_STU01185,TORONTO_UTE92_0077
TORONTO_UTE92_STU01185,TORONTO_UTE92_0078
TORONTO_UTE92_STU01185,TORONTO_UTE92_0079
TORONTO_UTE92_STU01185,TORONTO_UTE92_0080
TORONTO_UTE92_STU01185,TORONTO_UTE92_0081
TORONTO_UTE92_STU01186,TORONTO_UTE92_0114
TORONTO_UTE92_STU01186,TORONTO_UTE92_0115
TORONTO_UTE92_STU01186,TORONTO_UTE92_0116
TORONTO_UTE92_STU01186,TORONTO_UTE92_0117
TORONTO_UTE92_STU01186,TORONTO_UTE92_0119
TORONTO_UTE92_STU01187,TORONTO_UTE92_0051
TORONTO_UTE92_STU01187,TORONTO_UTE92_0052
TORONTO_UTE92_STU01187,TORONTO_UTE92_0053
TORONTO_UTE92_STU01187,TORONTO_UTE92_0054
TORONTO_UTE92_STU01187,TORONTO_UTE92_0055
TORONTO_UTE92_STU01188,TORONTO_UTE92_0077
TORONTO_UTE92_STU01188,TORONTO_UTE92_0078
TORONTO_UTE92_STU01188,TORONTO_UTE92_0079
TORONTO_UTE92_STU01188,TORONTO_UTE92_0080
TORONTO_UTE92_STU01188,TORONTO_UTE92_0081
TORONTO_UTE92_STU01189,TORONTO_UTE92_0069
TORONTO_UTE92_STU01189,TORONTO_UTE92_0070
TORONTO_UTE92_STU01189,TORONTO_UTE92_0071
TORONTO_UTE92_STU01189,TORONTO_UTE92_0072
TORONTO_UTE92_STU01189,TORONTO_UTE92_0073
TORONTO_UTE92_STU01190,TORONTO_UTE92_0051
TORONTO_UTE92_STU01190,TORONTO_UTE92_0052
TORONTO_UTE92_STU01190,TORONTO_UTE92_0053
TORONTO_UTE92_STU01190,TORONTO_UTE92_0054
TORONTO_UTE92_STU01190,TORONTO_UTE92_0055
TORONTO_UTE92_STU01191,TORONTO_UTE92_0065
TORONTO_UTE92_STU01191,TORONTO_UTE92_0082
TORONTO_UTE92_STU01191,TORONTO_UTE92_0083
TORONTO_UTE92_STU01191,TORONTO_UTE92_0084
TORONTO_UTE92_STU01191,TORONTO_UTE92_0085
TORONTO_UTE92_STU01192,TORONTO_UTE92_0069
TORONTO_UTE92_STU01192,TORONTO_UTE92_0070
TORONTO_UTE92_STU01192,TORONTO_UTE92_0071
TORONTO_UTE92_STU01192,TORONTO_UTE92_0072
TORONTO_UTE92_STU01192,TORONTO_UTE92_0073
TORONTO_UTE92_STU01193,TORONTO_UTE92_0013
TORONTO_UTE92_STU01193,TORONTO_UTE92_0076
TORONTO_UTE92_STU01193,TORONTO_UTE92_0142
TORONTO_UTE92_STU01193,TORONTO_UTE92_0144
TORONTO_UTE92_STU01194,TORONTO_UTE92_0069
TORONTO_UTE92_STU01194,TORONTO_UTE92_0077
TORONTO_UTE92_STU01194,TORONTO_UTE92_0078
TORONTO_UTE92_STU01194,TORONTO_UTE92_0079
TORONTO_UTE92_STU01194,TORONTO_UTE92_0080
TORONTO_UTE92_STU01195,TORONTO_UTE92_0017
TORONTO_UTE92_STU01195,TORONTO_UTE92_0067
TORONTO_UTE92_STU01195,TORONTO_UTE92_0101
TORONTO_UTE92_STU01195,TORONTO_UTE92_0132
TORONTO_UTE92_STU01196,TORONTO_UTE92_0077
TORONTO_UTE92_STU01196,TORONTO_UTE92_0078
TORONTO_UTE92_STU01196,TORONTO_UTE92_0079
TORONTO_UTE92_STU01196,TORONTO_UTE92_0080
TORONTO_UTE92_STU01197,TORONTO_UTE92_0065
TORONTO_UTE92_STU01197,TORONTO_UTE92_0082
TORONTO_UTE92_STU01197,TORONTO_UTE92_0085
TORONTO_UTE92_STU01198,TORONTO_UTE92_0077
TORONTO_UTE92_STU01198,TORONTO_UTE92_0078
TORONTO_UTE92_STU01198,TORONTO_UTE92_0079
TORONTO_UTE92_STU01198,TORONTO_UTE92_0080
TORONTO_UTE92_STU01199,TORONTO_UTE92_0077
TORONTO_UTE92_STU01199,TORONTO_UTE92_0078
TORONTO_UTE92_STU01199,TORONTO_UTE92_0079
TORONTO_UTE92_STU01199,TORONTO_UTE92_0080
TORONTO_UTE92_STU01200,TORONTO_UTE92_0022
TORONTO_UTE92_STU01200,TORONTO_UTE92_0023
TORONTO_UTE92_STU01200,TORONTO_UTE92_0026
TORONTO_UTE92_STU01200,TORONTO_UTE92_0029
TORONTO_UTE92_STU01200,TORONTO_UTE92_0065
TORONTO_UTE92_STU01201,TORONTO_UTE92_0077
TORONTO_UTE92_STU01201,TORONTO_UTE92_0078
TORONTO_UTE92_STU01201,TORONTO_UTE92_0079
TORONTO_UTE92_STU01201,TORONTO_UTE92_0080
TORONTO_UTE92_STU01202,TORONTO_UTE92_0086
TORONTO_UTE92_STU01202,TORONTO_UTE92_0145
TORONTO_UTE92_STU01202,TORONTO_UTE92_0146
TORONTO_UTE92_STU01202,TORONTO_UTE92_0148
TORONTO_UTE92_STU01203,TORONTO_UTE92_0013
TORONTO_UTE92_STU01203,TORONTO_UTE92_0045
TORONTO_UTE92_STU01203,TORONTO_UTE92_0066
TORONTO_UTE92_STU01203,TORONTO_UTE92_0130
TORONTO_UTE92_STU01203,TORONTO_UTE92_0136
TORONTO_UTE92_STU01204,TORONTO_UTE92_0069
TORONTO_UTE92_STU01204,TORONTO_UTE92_0070
TORONTO_UTE92_STU01204,TORONTO_UTE92_0071
TORONTO_UTE92_STU01204,TORONTO_UTE92_0072
TORONTO_UTE92_STU01204,TORONTO_UTE92_0073
TORONTO_UTE92_STU01205,TORONTO_UTE92_0069
TORONTO_UTE92_STU01206,TORONTO_UTE92_0053
TORONTO_UTE92_STU01206,TORONTO_UTE92_0055
TORONTO_UTE92_STU01206,TORONTO_UTE92_0106
TORONTO_UTE92_STU01206,TORONTO_UTE92_0108
TORONTO_UTE92_STU01207,TORONTO_UTE92_0114
TORONTO_UTE92_STU01207,TORONTO_UTE92_0115
TORONTO_UTE92_STU01207,TORONTO_UTE92_0116
TORONTO_UTE92_STU01207,TORONTO_UTE92_0117
TORONTO_UTE92_STU01207,TORONTO_UTE92_0119
TORONTO_UTE92_STU01208,TORONTO_UTE92_0077
TORONTO_UTE92_STU01208,TORONTO_UTE92_0078
TORONTO_UTE92_STU01208,TORONTO_UTE92_0079
TORONTO_UTE92_STU01208,TORONTO_UTE92_0080
TORONTO_UTE92_STU01209,TORONTO_UTE92_0114
TORONTO_UTE92_STU01209,TORONTO_UTE92_0115
TORONTO_UTE92_STU01209,TORONTO_UTE92_0116
TORONTO_UTE92_STU01209,TORONTO_UTE92_0117
TORONTO_UTE92_STU01209,TORONTO_UTE92_0119
TORONTO_UTE92_STU01210,TORONTO_UTE92_0086
TORONTO_UTE92_STU01210,TORONTO_UTE92_0145
TORONTO_UTE92_STU01210,TORONTO_UTE92_0146
TORONTO_UTE92_STU01210,TORONTO_UTE92_0148
TORONTO_UTE92_STU01211,TORONTO_UTE92_0114
TORONTO_UTE92_STU01211,TORONTO_UTE92_0115
TORONTO_UTE92_STU01211,TORONTO_UTE92_0116
TORONTO_UTE92_STU01211,TORONTO_UTE92_0117
TORONTO_UTE92_STU01211,TORONTO_UTE92_0150
TORONTO_UTE92_STU01212,TORONTO_UTE92_0077
TORONTO_UTE92_STU01212,TORONTO_UTE92_0078
TORONTO_UTE92_STU01212,TORONTO_UTE92_0079
TORONTO_UTE92_STU01212,TORONTO_UTE92_0080
TORONTO_UTE92_STU01213,TORONTO_UTE92_0069
TORONTO_UTE92_STU01213,TORONTO_UTE92_0070
TORONTO_UTE92_STU01213,TORONTO_UTE92_0071
TORONTO_UTE92_STU01213,TORONTO_UTE92_0072
TORONTO_UTE92_STU01213,TORONTO_UTE92_0073
TORONTO_UTE92_STU01214,TORONTO_UTE92_0051
TORONTO_UTE92_STU01214,TORONTO_UTE92_0052
TORONTO_UTE92_STU01214,TORONTO_UTE92_0053
TORONTO_UTE92_STU01214,TORONTO_UTE92_0054
TORONTO_UTE92_STU01214,TORONTO_UTE92_0055
TORONTO_UTE92_STU01215,TORONTO_UTE92_0018
TORONTO_UTE92_STU01215,TORONTO_UTE92_0019
TORONTO_UTE92_STU01215,TORONTO_UTE92_0020
TORONTO_UTE92_STU01215,TORONTO_UTE92_0021
TORONTO_UTE92_STU01216,TORONTO_UTE92_0145
TORONTO_UTE92_STU01216,TORONTO_UTE92_0146
TORONTO_UTE92_STU01216,TORONTO_UTE92_0148
TORONTO_UTE92_STU01216,TORONTO_UTE92_0151
TORONTO_UTE92_STU01217,TORONTO_UTE92_0145
TORONTO_UTE92_STU01217,TORONTO_UTE92_0146
TORONTO_UTE92_STU01217,TORONTO_UTE92_0148
TORONTO_UTE92_STU01217,TORONTO_UTE92_0151
TORONTO_UTE92_STU01218,TORONTO_UTE92_0022
TORONTO_UTE92_STU01218,TORONTO_UTE92_0023
TORONTO_UTE92_STU01218,TORONTO_UTE92_0025
TORONTO_UTE92_STU01218,TORONTO_UTE92_0026
TORONTO_UTE92_STU01218,TORONTO_UTE92_0028
TORONTO_UTE92_STU01219,TORONTO_UTE92_0030
TORONTO_UTE92_STU01219,TORONTO_UTE92_0149
TORONTO_UTE92_STU01219,TORONTO_UTE92_0172
TORONTO_UTE92_STU01219,TORONTO_UTE92_0173
TORONTO_UTE92_STU01219,TORONTO_UTE92_0175
TORONTO_UTE92_STU01220,TORONTO_UTE92_0069
TORONTO_UTE92_STU01220,TORONTO_UTE92_0070
TORONTO_UTE92_STU01220,TORONTO_UTE92_0071
TORONTO_UTE92_STU01220,TORONTO_UTE92_0072
TORONTO_UTE92_STU01220,TORONTO_UTE92_0073
TORONTO_UTE92_STU01221,TORONTO_UTE92_0076
TORONTO_UTE92_STU01221,TORONTO_UTE92_0131
TORONTO_UTE92_STU01221,TORONTO_UTE92_0141
TORONTO_UTE92_STU01221,TORONTO_UTE92_0142
TORONTO_UTE92_STU01221,TORONTO_UTE92_0144
TORONTO_UTE92_STU01222,TORONTO_UTE92_0008
TORONTO_UTE92_STU01222,TORONTO_UTE92_0016
TORONTO_UTE92_STU01222,TORONTO_UTE92_0017
TORONTO_UTE92_STU01222,TORONTO_UTE92_0067
TORONTO_UTE92_STU01222,TORONTO_UTE92_0132
TORONTO_UTE92_STU01223,TORONTO_UTE92_0076
TORONTO_UTE92_STU01223,TORONTO_UTE92_0131
TORONTO_UTE92_STU01223,TORONTO_UTE92_0141
TORONTO_UTE92_STU01223,TORONTO_UTE92_0142
TORONTO_UTE92_STU01223,TORONTO_UTE92_0144
TORONTO_UTE92_STU01224,TORONTO_UTE92_0076
TORONTO_UTE92_STU01224,TORONTO_UTE92_0131
TORONTO_UTE92_STU01224,TORONTO_UTE92_0141
TORONTO_UTE92_STU01224,TORONTO_UTE92_0142
TORONTO_UTE92_STU01224,TORONTO_UTE92_0144
TORONTO_UTE92_STU01225,TORONTO_UTE92_0065
TORONTO_UTE92_STU01225,TORONTO_UTE92_0108
TORONTO_UTE92_STU01225,TORONTO_UTE92_0155
TORONTO_UTE92_STU01226,TORONTO_UTE92_0114
TORONTO_UTE92_STU01226,TORONTO_UTE92_0115
TORONTO_UTE92_STU01226,TORONTO_UTE92_0116
TORONTO_UTE92_STU01226,TORONTO_UTE92_0117
TORONTO_UTE92_STU01226,TORONTO_UTE92_0119
TORONTO_UTE92_STU01227,TORONTO_UTE92_0053
TORONTO_UTE92_STU01227,TORONTO_UTE92_0055
TORONTO_UTE92_STU01227,TORONTO_UTE92_0106
TORONTO_UTE92_STU01227,TORONTO_UTE92_0108
TORONTO_UTE92_STU01228,TORONTO_UTE92_0077
TORONTO_UTE92_STU01228,TORONTO_UTE92_0078
TORONTO_UTE92_STU01228,TORONTO_UTE92_0079
TORONTO_UTE92_STU01228,TORONTO_UTE92_0080
TORONTO_UTE92_STU01228,TORONTO_UTE92_0081
TORONTO_UTE92_STU01229,TORONTO_UTE92_0114
TORONTO_UTE92_STU01229,TORONTO_UTE92_0115
TORONTO_UTE92_STU01229,TORONTO_UTE92_0116
TORONTO_UTE92_STU01229,TORONTO_UTE92_0117
TORONTO_UTE92_STU01229,TORONTO_UTE92_0119
TORONTO_UTE92_STU01230,TORONTO_UTE92_0145
TORONTO_UTE92_STU01230,TORONTO_UTE92_0146
TORONTO_UTE92_STU01230,TORONTO_UTE92_0148
TORONTO_UTE92_STU01230,TORONTO_UTE92_0151
TORONTO_UTE92_STU01230,TORONTO_UTE92_0161
TORONTO_UTE92_STU01231,TORONTO_UTE92_0100
TORONTO_UTE92_STU01231,TORONTO_UTE92_0145
TORONTO_UTE92_STU01231,TORONTO_UTE92_0146
TORONTO_UTE92_STU01231,TORONTO_UTE92_0148
TORONTO_UTE92_STU01231,TORONTO_UTE92_0151
TORONTO_UTE92_STU01232,TORONTO_UTE92_0047
TORONTO_UTE92_STU01232,TORONTO_UTE92_0048
TORONTO_UTE92_STU01232,TORONTO_UTE92_0049
TORONTO_UTE92_STU01232,TORONTO_UTE92_0050
TORONTO_UTE92_STU01232,TORONTO_UTE92_0109
TORONTO_UTE92_STU01233,TORONTO_UTE92_0051
TORONTO_UTE92_STU01233,TORONTO_UTE92_0052
TORONTO_UTE92_STU01233,TORONTO_UTE92_0053
TORONTO_UTE92_STU01233,TORONTO_UTE92_0054
TORONTO_UTE92_STU01233,TORONTO_UTE92_0055
TORONTO_UTE92_STU01234,TORONTO_UTE92_0086
TORONTO_UTE92_STU01234,TORONTO_UTE92_0114
TORONTO_UTE92_STU01234,TORONTO_UTE92_0115
TORONTO_UTE92_STU01234,TORONTO_UTE92_0116
TORONTO_UTE92_STU01234,TORONTO_UTE92_0117
TORONTO_UTE92_STU01235,TORONTO_UTE92_0077
TORONTO_UTE92_STU01235,TORONTO_UTE92_0078
TORONTO_UTE92_STU01235,TORONTO_UTE92_0079
TORONTO_UTE92_STU01235,TORONTO_UTE92_0080
TORONTO_UTE92_STU01236,TORONTO_UTE92_0145
TORONTO_UTE92_STU01236,TORONTO_UTE92_0146
TORONTO_UTE92_STU01236,TORONTO_UTE92_0148
TORONTO_UTE92_STU01236,TORONTO_UTE92_0151
TORONTO_UTE92_STU01237,TORONTO_UTE92_0145
TORONTO_UTE92_STU01237,TORONTO_UTE92_0146
TORONTO_UTE92_STU01237,TORONTO_UTE92_0148
TORONTO_UTE92_STU01237,TORONTO_UTE92_0151
TORONTO_UTE92_STU01238,TORONTO_UTE92_0031
TORONTO_UTE92_STU01239,TORONTO_UTE92_0077
TORONTO_UTE92_STU01239,TORONTO_UTE92_0078
TORONTO_UTE92_STU01239,TORONTO_UTE92_0079
TORONTO_UTE92_STU01239,TORONTO_UTE92_0080
TORONTO_UTE92_STU01240,TORONTO_UTE92_0089
TORONTO_UTE92_STU01240,TORONTO_UTE92_0093
TORONTO_UTE92_STU01240,TORONTO_UTE92_0094
TORONTO_UTE92_STU01241,TORONTO_UTE92_0022
TORONTO_UTE92_STU01241,TORONTO_UTE92_0023
TORONTO_UTE92_STU01241,TORONTO_UTE92_0025
TORONTO_UTE92_STU01241,TORONTO_UTE92_0026
TORONTO_UTE92_STU01241,TORONTO_UTE92_0028
TORONTO_UTE92_STU01242,TORONTO_UTE92_0066
TORONTO_UTE92_STU01242,TORONTO_UTE92_0130
TORONTO_UTE92_STU01242,TORONTO_UTE92_0136
TORONTO_UTE92_STU01243,TORONTO_UTE92_0051
TORONTO_UTE92_STU01243,TORONTO_UTE92_0052
TORONTO_UTE92_STU01243,TORONTO_UTE92_0053
TORONTO_UTE92_STU01243,TORONTO_UTE92_0054
TORONTO_UTE92_STU01243,TORONTO_UTE92_0055
TORONTO_UTE92_STU01244,TORONTO_UTE92_0006
TORONTO_UTE92_STU01244,TORONTO_UTE92_0013
TORONTO_UTE92_STU01244,TORONTO_UTE92_0034
TORONTO_UTE92_STU01244,TORONTO_UTE92_0035
TORONTO_UTE92_STU01245,TORONTO_UTE92_0008
TORONTO_UTE92_STU01245,TORONTO_UTE92_0017
TORONTO_UTE92_STU01245,TORONTO_UTE92_0067
TORONTO_UTE92_STU01245,TORONTO_UTE92_0132
TORONTO_UTE92_STU01245,TORONTO_UTE92_0136
TORONTO_UTE92_STU01246,TORONTO_UTE92_0086
TORONTO_UTE92_STU01246,TORONTO_UTE92_0145
TORONTO_UTE92_STU01246,TORONTO_UTE92_0146
TORONTO_UTE92_STU01246,TORONTO_UTE92_0148
TORONTO_UTE92_STU01247,TORONTO_UTE92_0077
TORONTO_UTE92_STU01247,TORONTO_UTE92_0078
TORONTO_UTE92_STU01247,TORONTO_UTE92_0079
TORONTO_UTE92_STU01247,TORONTO_UTE92_0080
TORONTO_UTE92_STU01248,TORONTO_UTE92_0127
TORONTO_UTE92_STU01248,TORONTO_UTE92_0178
TORONTO_UTE92_STU01248,TORONTO_UTE92_0179
TORONTO_UTE92_STU01248,TORONTO_UTE92_0180
TORONTO_UTE92_STU01249,TORONTO_UTE92_0051
TORONTO_UTE92_STU01249,TORONTO_UTE92_0052
TORONTO_UTE92_STU01249,TORONTO_UTE92_0053
TORONTO_UTE92_STU01249,TORONTO_UTE92_0054
TORONTO_UTE92_STU01249,TORONTO_UTE92_0055
TORONTO_UTE92_STU01250,TORONTO_UTE92_0030
TORONTO_UTE92_STU01250,TORONTO_UTE92_0149
TORONTO_UTE92_STU01250,TORONTO_UTE92_0172
TORONTO_UTE92_STU01250,TORONTO_UTE92_0173
TORONTO_UTE92_STU01250,TORONTO_UTE92_0175
TORONTO_UTE92_STU01251,TORONTO_UTE92_0076
TORONTO_UTE92_STU01251,TORONTO_UTE92_0131
TORONTO_UTE92_STU01251,TORONTO_UTE92_0141
TORONTO_UTE92_STU01251,TORONTO_UTE92_0142
TORONTO_UTE92_STU01251,TORONTO_UTE92_0144
TORONTO_UTE92_STU01252,TORONTO_UTE92_0022
TORONTO_UTE92_STU01252,TORONTO_UTE92_0023
TORONTO_UTE92_STU01252,TORONTO_UTE92_0025
TORONTO_UTE92_STU01252,TORONTO_UTE92_0026
TORONTO_UTE92_STU01252,TORONTO_UTE92_0028
TORONTO_UTE92_STU01253,TORONTO_UTE92_0031
TORONTO_UTE92_STU01253,TORONTO_UTE92_0033
TORONTO_UTE92_STU01253,TORONTO_UTE92_0037
TORONTO_UTE92_STU01253,TORONTO_UTE92_0038
TORONTO_UTE92_STU01254,TORONTO_UTE92_0022
TORONTO_UTE92_STU01254,TORONTO_UTE92_0023
TORONTO_UTE92_STU01254,TORONTO_UTE92_0025
TORONTO_UTE92_STU01254,TORONTO_UTE92_0026
TORONTO_UTE92_STU01254,TORONTO_UTE92_0028
TORONTO_UTE92_STU01255,TORONTO_UTE92_0004
TORONTO_UTE92_STU01255,TORONTO_UTE92_0005
TORONTO_UTE92_STU01255,TORONTO_UTE92_0006
TORONTO_UTE92_STU01255,TORONTO_UTE92_0007
TORONTO_UTE92_STU01256,TORONTO_UTE92_0105
TORONTO_UTE92_STU01256,TORONTO_UTE92_0145
TORONTO_UTE92_STU01256,TORONTO_UTE92_0146
TORONTO_UTE92_STU01256,TORONTO_UTE92_0148
TORONTO_UTE92_STU01256,TORONTO_UTE92_0151
TORONTO_UTE92_STU01257,TORONTO_UTE92_0022
TORONTO_UTE92_STU01257,TORONTO_UTE92_0023
TORONTO_UTE92_STU01257,TORONTO_UTE92_0026
TORONTO_UTE92_STU01257,TORONTO_UTE92_0029
TORONTO_UTE92_STU01257,TORONTO_UTE92_0065
TORONTO_UTE92_STU01258,TORONTO_UTE92_0114
TORONTO_UTE92_STU01258,TORONTO_UTE92_0115
TORONTO_UTE92_STU01258,TORONTO_UTE92_0116
TORONTO_UTE92_STU01258,TORONTO_UTE92_0117
TORONTO_UTE92_STU01258,TORONTO_UTE92_0119
TORONTO_UTE92_STU01259,TORONTO_UTE92_0086
TORONTO_UTE92_STU01259,TORONTO_UTE92_0145
TORONTO_UTE92_STU01259,TORONTO_UTE92_0146
TORONTO_UTE92_STU01259,TORONTO_UTE92_0148
TORONTO_UTE92_STU01259,TORONTO_UTE92_0151
TORONTO_UTE92_STU01260,TORONTO_UTE92_0145
TORONTO_UTE92_STU01260,TORONTO_UTE92_0146
TORONTO_UTE92_STU01260,TORONTO_UTE92_0148
TORONTO_UTE92_STU01260,TORONTO_UTE92_0151
TORONTO_UTE92_STU01261,TORONTO_UTE92_0145
TORONTO_UTE92_STU01261,TORONTO_UTE92_0146
TORONTO_UTE92_STU01261,TORONTO_UTE92_0148
TORONTO_UTE92_STU01261,TORONTO_UTE92_0151
TORONTO_UTE92_STU01262,TORONTO_UTE92_0145
TORONTO_UTE92_STU01262,TORONTO_UTE92_0146
TORONTO_UTE92_STU01262,TORONTO_UTE92_0148
TORONTO_UTE92_STU01262,TORONTO_UTE92_0151
TORONTO_UTE92_STU01263,TORONTO_UTE92_0086
TORONTO_UTE92_STU01263,TORONTO_UTE92_0114
TORONTO_UTE92_STU01263,TORONTO_UTE92_0115
TORONTO_UTE92_STU01263,TORONTO_UTE92_0116
TORONTO_UTE92_STU01263,TORONTO_UTE92_0117
TORONTO_UTE92_STU01264,TORONTO_UTE92_0057
TORONTO_UTE92_STU01264,TORONTO_UTE92_0059
TORONTO_UTE92_STU01264,TORONTO_UTE92_0060
TORONTO_UTE92_STU01265,TORONTO_UTE92_0056
TORONTO_UTE92_STU01265,TORONTO_UTE92_0062
TORONTO_UTE92_STU01265,TORONTO_UTE92_0086
TORONTO_UTE92_STU01265,TORONTO_UTE92_0129
TORONTO_UTE92_STU01266,TORONTO_UTE92_0069
TORONTO_UTE92_STU01266,TORONTO_UTE92_0070
TORONTO_UTE92_STU01266,TORONTO_UTE92_0071
TORONTO_UTE92_STU01266,TORONTO_UTE92_0072
TORONTO_UTE92_STU01266,TORONTO_UTE92_0073
TORONTO_UTE92_STU01267,TORONTO_UTE92_0145
TORONTO_UTE92_STU01267,TORONTO_UTE92_0146
TORONTO_UTE92_STU01267,TORONTO_UTE92_0148
TORONTO_UTE92_STU01267,TORONTO_UTE92_0151
TORONTO_UTE92_STU01267,TORONTO_UTE92_0152
TORONTO_UTE92_STU01268,TORONTO_UTE92_0086
TORONTO_UTE92_STU01268,TORONTO_UTE92_0145
TORONTO_UTE92_STU01268,TORONTO_UTE92_0146
TORONTO_UTE92_STU01268,TORONTO_UTE92_0148
TORONTO_UTE92_STU01269,TORONTO_UTE92_0145
TORONTO_UTE92_STU01269,TORONTO_UTE92_0146
TORONTO_UTE92_STU01269,TORONTO_UTE92_0148
TORONTO_UTE92_STU01269,TORONTO_UTE92_0151
TORONTO_UTE92_STU01270,TORONTO_UTE92_0031
TORONTO_UTE92_STU01270,TORONTO_UTE92_0033
TORONTO_UTE92_STU01270,TORONTO_UTE92_0039
TORONTO_UTE92_STU01271,TORONTO_UTE92_0069
TORONTO_UTE92_STU01271,TORONTO_UTE92_0070
TORONTO_UTE92_STU01271,TORONTO_UTE92_0071
TORONTO_UTE92_STU01271,TORONTO_UTE92_0072
TORONTO_UTE92_STU01271,TORONTO_UTE92_0073
TORONTO_UTE92_STU01272,TORONTO_UTE92_0145
TORONTO_UTE92_STU01272,TORONTO_UTE92_0146
TORONTO_UTE92_STU01272,TORONTO_UTE92_0148
TORONTO_UTE92_STU01272,TORONTO_UTE92_0151
TORONTO_UTE92_STU01273,TORONTO_UTE92_0117
TORONTO_UTE92_STU01273,TORONTO_UTE92_0121
TORONTO_UTE92_STU01273,TORONTO_UTE92_0124
TORONTO_UTE92_STU01274,TORONTO_UTE92_0013
TORONTO_UTE92_STU01274,TORONTO_UTE92_0145
TORONTO_UTE92_STU01274,TORONTO_UTE92_0146
TORONTO_UTE92_STU01274,TORONTO_UTE92_0148
TORONTO_UTE92_STU01274,TORONTO_UTE92_0151
TORONTO_UTE92_STU01275,TORONTO_UTE92_0145
TORONTO_UTE92_STU01275,TORONTO_UTE92_0146
TORONTO_UTE92_STU01275,TORONTO_UTE92_0148
TORONTO_UTE92_STU01275,TORONTO_UTE92_0151
TORONTO_UTE92_STU01275,TORONTO_UTE92_0153
TORONTO_UTE92_STU01276,TORONTO_UTE92_0112
TORONTO_UTE92_STU01276,TORONTO_UTE92_0113
TORONTO_UTE92_STU01276,TORONTO_UTE92_0139
TORONTO_UTE92_STU01276,TORONTO_UTE92_0170
TORONTO_UTE92_STU01277,TORONTO_UTE92_0077
TORONTO_UTE92_STU01277,TORONTO_UTE92_0078
TORONTO_UTE92_STU01277,TORONTO_UTE92_0079
TORONTO_UTE92_STU01277,TORONTO_UTE92_0080
TORONTO_UTE92_STU01278,TORONTO_UTE92_0136
TORONTO_UTE92_STU01279,TORONTO_UTE92_0045
TORONTO_UTE92_STU01279,TORONTO_UTE92_0107
TORONTO_UTE92_STU01280,TORONTO_UTE92_0022
TORONTO_UTE92_STU01280,TORONTO_UTE92_0023
TORONTO_UTE92_STU01280,TORONTO_UTE92_0025
TORONTO_UTE92_STU01280,TORONTO_UTE92_0026
TORONTO_UTE92_STU01280,TORONTO_UTE92_0028
TORONTO_UTE92_STU01281,TORONTO_UTE92_0001
TORONTO_UTE92_STU01281,TORONTO_UTE92_0002
TORONTO_UTE92_STU01281,TORONTO_UTE92_0003
TORONTO_UTE92_STU01281,TORONTO_UTE92_0065
TORONTO_UTE92_STU01282,TORONTO_UTE92_0012
TORONTO_UTE92_STU01282,TORONTO_UTE92_0086
TORONTO_UTE92_STU01282,TORONTO_UTE92_0145
TORONTO_UTE92_STU01282,TORONTO_UTE92_0146
TORONTO_UTE92_STU01282,TORONTO_UTE92_0148
TORONTO_UTE92_STU01283,TORONTO_UTE92_0051
TORONTO_UTE92_STU01283,TORONTO_UTE92_0052
TORONTO_UTE92_STU01283,TORONTO_UTE92_0053
TORONTO_UTE92_STU01283,TORONTO_UTE92_0054
TORONTO_UTE92_STU01283,TORONTO_UTE92_0055
TORONTO_UTE92_STU01284,TORONTO_UTE92_0001
TORONTO_UTE92_STU01284,TORONTO_UTE92_0002
TORONTO_UTE92_STU01284,TORONTO_UTE92_0003
TORONTO_UTE92_STU01285,TORONTO_UTE92_0086
TORONTO_UTE92_STU01285,TORONTO_UTE92_0145
TORONTO_UTE92_STU01285,TORONTO_UTE92_0146
TORONTO_UTE92_STU01285,TORONTO_UTE92_0148
TORONTO_UTE92_STU01286,TORONTO_UTE92_0051
TORONTO_UTE92_STU01286,TORONTO_UTE92_0052
TORONTO_UTE92_STU01286,TORONTO_UTE92_0053
TORONTO_UTE92_STU01286,TORONTO_UTE92_0054
TORONTO_UTE92_STU01286,TORONTO_UTE92_0055
TORONTO_UTE92_STU01287,TORONTO_UTE92_0129
TORONTO_UTE92_STU01287,TORONTO_UTE92_0159
TORONTO_UTE92_STU01287,TORONTO_UTE92_0160
TORONTO_UTE92_STU01288,TORONTO_UTE92_0114
TORONTO_UTE92_STU01288,TORONTO_UTE92_0115
TORONTO_UTE92_STU01288,TORONTO_UTE92_0116
TORONTO_UTE92_STU01288,TORONTO_UTE92_0117
TORONTO_UTE92_STU01288,TORONTO_UTE92_0119
TORONTO_UTE92_STU01288,TORONTO_UTE92_0139
TORONTO_UTE92_STU01289,TORONTO_UTE92_0022
TORONTO_UTE92_STU01289,TORONTO_UTE92_0023
TORONTO_UTE92_STU01289,TORONTO_UTE92_0025
TORONTO_UTE92_STU01289,TORONTO_UTE92_0026
TORONTO_UTE92_STU01289,TORONTO_UTE92_0028
TORONTO_UTE92_STU01290,TORONTO_UTE92_0065
TORONTO_UTE92_STU01290,TORONTO_UTE92_0082
TORONTO_UTE92_STU01290,TORONTO_UTE92_0083
TORONTO_UTE92_STU01290,TORONTO_UTE92_0084
TORONTO_UTE92_STU01291,TORONTO_UTE92_0065
TORONTO_UTE92_STU01291,TORONTO_UTE92_0082
TORONTO_UTE92_STU01291,TORONTO_UTE92_0083
TORONTO_UTE92_STU01291,TORONTO_UTE92_0084
TORONTO_UTE92_STU01292,TORONTO_UTE92_0092
TORONTO_UTE92_STU01292,TORONTO_UTE92_0093
TORONTO_UTE92_STU01292,TORONTO_UTE92_0094
TORONTO_UTE92_STU01292,TORONTO_UTE92_0098
TORONTO_UTE92_STU01293,TORONTO_UTE92_0086
TORONTO_UTE92_STU01293,TORONTO_UTE92_0114
TORONTO_UTE92_STU01293,TORONTO_UTE92_0115
TORONTO_UTE92_STU01293,TORONTO_UTE92_0116
TORONTO_UTE92_STU01293,TORONTO_UTE92_0117
TORONTO_UTE92_STU01294,TORONTO_UTE92_0065
TORONTO_UTE92_STU01294,TORONTO_UTE92_0082
TORONTO_UTE92_STU01295,TORONTO_UTE92_0069
TORONTO_UTE92_STU01295,TORONTO_UTE92_0070
TORONTO_UTE92_STU01295,TORONTO_UTE92_0071
TORONTO_UTE92_STU01295,TORONTO_UTE92_0072
TORONTO_UTE92_STU01295,TORONTO_UTE92_0073
TORONTO_UTE92_STU01296,TORONTO_UTE92_0022
TORONTO_UTE92_STU01296,TORONTO_UTE92_0023
TORONTO_UTE92_STU01296,TORONTO_UTE92_0025
TORONTO_UTE92_STU01296,TORONTO_UTE92_0026
TORONTO_UTE92_STU01296,TORONTO_UTE92_0028
TORONTO_UTE92_STU01297,TORONTO_UTE92_0022
TORONTO_UTE92_STU01297,TORONTO_UTE92_0023
TORONTO_UTE92_STU01297,TORONTO_UTE92_0025
TORONTO_UTE92_STU01297,TORONTO_UTE92_0026
TORONTO_UTE92_STU01297,TORONTO_UTE92_0028
TORONTO_UTE92_STU01298,TORONTO_UTE92_0040
TORONTO_UTE92_STU01298,TORONTO_UTE92_0042
TORONTO_UTE92_STU01298,TORONTO_UTE92_0164
TORONTO_UTE92_STU01298,TORONTO_UTE92_0178
TORONTO_UTE92_STU01298,TORONTO_UTE92_0180
TORONTO_UTE92_STU01299,TORONTO_UTE92_0100
TORONTO_UTE92_STU01299,TORONTO_UTE92_0145
TORONTO_UTE92_STU01299,TORONTO_UTE92_0146
TORONTO_UTE92_STU01299,TORONTO_UTE92_0148
TORONTO_UTE92_STU01299,TORONTO_UTE92_0151
TORONTO_UTE92_STU01300,TORONTO_UTE92_0086
TORONTO_UTE92_STU01300,TORONTO_UTE92_0114
TORONTO_UTE92_STU01300,TORONTO_UTE92_0115
TORONTO_UTE92_STU01300,TORONTO_UTE92_0116
TORONTO_UTE92_STU01300,TORONTO_UTE92_0117
TORONTO_UTE92_STU01301,TORONTO_UTE92_0090
TORONTO_UTE92_STU01301,TORONTO_UTE92_0092
TORONTO_UTE92_STU01301,TORONTO_UTE92_0097
TORONTO_UTE92_STU01301,TORONTO_UTE92_0098
TORONTO_UTE92_STU01301,TORONTO_UTE92_0099
TORONTO_UTE92_STU01302,TORONTO_UTE92_0013
TORONTO_UTE92_STU01302,TORONTO_UTE92_0065
TORONTO_UTE92_STU01302,TORONTO_UTE92_0115
TORONTO_UTE92_STU01302,TORONTO_UTE92_0151
TORONTO_UTE92_STU01303,TORONTO_UTE92_0063
TORONTO_UTE92_STU01303,TORONTO_UTE92_0074
TORONTO_UTE92_STU01303,TORONTO_UTE92_0138
TORONTO_UTE92_STU01303,TORONTO_UTE92_0184
TORONTO_UTE92_STU01304,TORONTO_UTE92_0063
TORONTO_UTE92_STU01304,TORONTO_UTE92_0074
TORONTO_UTE92_STU01304,TORONTO_UTE92_0138
TORONTO_UTE92_STU01304,TORONTO_UTE92_0184
TORONTO_UTE92_STU01305,TORONTO_UTE92_0014
TORONTO_UTE92_STU01305,TORONTO_UTE92_0047
TORONTO_UTE92_STU01305,TORONTO_UTE92_0048
TORONTO_UTE92_STU01305,TORONTO_UTE92_0049
TORONTO_UTE92_STU01305,TORONTO_UTE92_0050
TORONTO_UTE92_STU01306,TORONTO_UTE92_0066
TORONTO_UTE92_STU01306,TORONTO_UTE92_0108
TORONTO_UTE92_STU01306,TORONTO_UTE92_0130
TORONTO_UTE92_STU01306,TORONTO_UTE92_0136
TORONTO_UTE92_STU01307,TORONTO_UTE92_0047
TORONTO_UTE92_STU01307,TORONTO_UTE92_0048
TORONTO_UTE92_STU01307,TORONTO_UTE92_0049
TORONTO_UTE92_STU01307,TORONTO_UTE92_0050
TORONTO_UTE92_STU01307,TORONTO_UTE92_0125
TORONTO_UTE92_STU01308,TORONTO_UTE92_0076
TORONTO_UTE92_STU01308,TORONTO_UTE92_0131
TORONTO_UTE92_STU01308,TORONTO_UTE92_0141
TORONTO_UTE92_STU01308,TORONTO_UTE92_0142
TORONTO_UTE92_STU01308,TORONTO_UTE92_0144
TORONTO_UTE92_STU01309,TORONTO_UTE92_0076
TORONTO_UTE92_STU01309,TORONTO_UTE92_0131
TORONTO_UTE92_STU01309,TORONTO_UTE92_0141
TORONTO_UTE92_STU01309,TORONTO_UTE92_0142
TORONTO_UTE92_STU01309,TORONTO_UTE92_0144
TORONTO_UTE92_STU01310,TORONTO_UTE92_0069
TORONTO_UTE92_STU01310,TORONTO_UTE92_0070
TORONTO_UTE92_STU01310,TORONTO_UTE92_0071
TORONTO_UTE92_STU01310,TORONTO_UTE92_0072
TORONTO_UTE92_STU01310,TORONTO_UTE92_0073
TORONTO_UTE92_STU01311,TORONTO_UTE92_0112
TORONTO_UTE92_STU01311,TORONTO_UTE92_0113
TORONTO_UTE92_STU01311,TORONTO_UTE92_0139
TORONTO_UTE92_STU01311,TORONTO_UTE92_0170
TORONTO_UTE92_STU01311,TORONTO_UTE92_0183
TORONTO_UTE92_STU01312,TORONTO_UTE92_0112
TORONTO_UTE92_STU01312,TORONTO_UTE92_0113
TORONTO_UTE92_STU01312,TORONTO_UTE92_0139
TORONTO_UTE92_STU01312,TORONTO_UTE92_0170
TORONTO_UTE92_STU01313,TORONTO_UTE92_0047
TORONTO_UTE92_STU01313,TORONTO_UTE92_0048
TORONTO_UTE92_STU01313,TORONTO_UTE92_0049
TORONTO_UTE92_STU01313,TORONTO_UTE92_0050
TORONTO_UTE92_STU01313,TORONTO_UTE92_0143
TORONTO_UTE92_STU01314,TORONTO_UTE92_0069
TORONTO_UTE92_STU01314,TORONTO_UTE92_0070
TORONTO_UTE92_STU01314,TORONTO_UTE92_0071
TORONTO_UTE92_STU01314,TORONTO_UTE92_0072
TORONTO_UTE92_STU01314,TORONTO_UTE92_0073
TORONTO_UTE92_STU01315,TORONTO_UTE92_0107
TORONTO_UTE92_STU01316,TORONTO_UTE92_0069
TORONTO_UTE92_STU01316,TORONTO_UTE92_0070
TORONTO_UTE92_STU01316,TORONTO_UTE92_0071
TORONTO_UTE92_STU01316,TORONTO_UTE92_0072
TORONTO_UTE92_STU01316,TORONTO_UTE92_0073
TORONTO_UTE92_STU01317,TORONTO_UTE92_0013
TORONTO_UTE92_STU01317,TORONTO_UTE92_0018
TORONTO_UTE92_STU01317,TORONTO_UTE92_0019
TORONTO_UTE92_STU01317,TORONTO_UTE92_0020
TORONTO_UTE92_STU01317,TORONTO_UTE92_0021
TORONTO_UTE92_STU01318,TORONTO_UTE92_0048
TORONTO_UTE92_STU01318,TORONTO_UTE92_0064
TORONTO_UTE92_STU01318,TORONTO_UTE92_0109
TORONTO_UTE92_STU01318,TORONTO_UTE92_0143
TORONTO_UTE92_STU01319,TORONTO_UTE92_0013
TORONTO_UTE92_STU01319,TORONTO_UTE92_0112
TORONTO_UTE92_STU01319,TORONTO_UTE92_0113
TORONTO_UTE92_STU01319,TORONTO_UTE92_0139
TORONTO_UTE92_STU01319,TORONTO_UTE92_0170
TORONTO_UTE92_STU01320,TORONTO_UTE92_0012
TORONTO_UTE92_STU01320,TORONTO_UTE92_0112
TORONTO_UTE92_STU01320,TORONTO_UTE92_0113
TORONTO_UTE92_STU01320,TORONTO_UTE92_0139
TORONTO_UTE92_STU01320,TORONTO_UTE92_0170
TORONTO_UTE92_STU01321,TORONTO_UTE92_0045
TORONTO_UTE92_STU01321,TORONTO_UTE92_0067
TORONTO_UTE92_STU01321,TORONTO_UTE92_0107
TORONTO_UTE92_STU01321,TORONTO_UTE92_0136
TORONTO_UTE92_STU01321,TORONTO_UTE92_0140
TORONTO_UTE92_STU01322,TORONTO_UTE92_0069
TORONTO_UTE92_STU01322,TORONTO_UTE92_0070
TORONTO_UTE92_STU01322,TORONTO_UTE92_0071
TORONTO_UTE92_STU01322,TORONTO_UTE92_0072
TORONTO_UTE92_STU01322,TORONTO_UTE92_0073
TORONTO_UTE92_STU01323,TORONTO_UTE92_0069
TORONTO_UTE92_STU01323,TORONTO_UTE92_0070
TORONTO_UTE92_STU01323,TORONTO_UTE92_0071
TORONTO_UTE92_STU01323,TORONTO_UTE92_0072
TORONTO_UTE92_STU01323,TORONTO_UTE92_0073
TORONTO_UTE92_STU01324,TORONTO_UTE92_0069
TORONTO_UTE92_STU01324,TORONTO_UTE92_0070
TORONTO_UTE92_STU01324,TORONTO_UTE92_0071
TORONTO_UTE92_STU01324,TORONTO_UTE92_0072
TORONTO_UTE92_STU01324,TORONTO_UTE92_0073
TORONTO_UTE92_STU01325,TORONTO_UTE92_0069
TORONTO_UTE92_STU01325,TORONTO_UTE92_0070
TORONTO_UTE92_STU01325,TORONTO_UTE92_0071
TORONTO_UTE92_STU01325,TORONTO_UTE92_0072
TORONTO_UTE92_STU01325,TORONTO_UTE92_0073
TORONTO_UTE92_STU01326,TORONTO_UTE92_0069
TORONTO_UTE92_STU01326,TORONTO_UTE92_0070
TORONTO_UTE92_STU01326,TORONTO_UTE92_0071
TORONTO_UTE92_STU01326,TORONTO_UTE92_0072
TORONTO_UTE92_STU01326,TORONTO_UTE92_0073
TORONTO_UTE92_STU01327,TORONTO_UTE92_0069
TORONTO_UTE92_STU01327,TORONTO_UTE92_0070
TORONTO_UTE92_STU01327,TORONTO_UTE92_0071
TORONTO_UTE92_STU01327,TORONTO_UTE92_0072
TORONTO_UTE92_STU01327,TORONTO_UTE92_0073
TORONTO_UTE92_STU01328,TORONTO_UTE92_0015
TORONTO_UTE92_STU01328,TORONTO_UTE92_0018
TORONTO_UTE92_STU01328,TORONTO_UTE92_0019
TORONTO_UTE92_STU01328,TORONTO_UTE92_0020
TORONTO_UTE92_STU01328,TORONTO_UTE92_0021
TORONTO_UTE92_STU01329,TORONTO_UTE92_0049
TORONTO_UTE92_STU01329,TORONTO_UTE92_0050
TORONTO_UTE92_STU01330,TORONTO_UTE92_0015
TORONTO_UTE92_STU01330,TORONTO_UTE92_0047
TORONTO_UTE92_STU01330,TORONTO_UTE92_0048
TORONTO_UTE92_STU01330,TORONTO_UTE92_0049
TORONTO_UTE92_STU01330,TORONTO_UTE92_0050
TORONTO_UTE92_STU01331,TORONTO_UTE92_0063
TORONTO_UTE92_STU01331,TORONTO_UTE92_0074
TORONTO_UTE92_STU01331,TORONTO_UTE92_0138
TORONTO_UTE92_STU01331,TORONTO_UTE92_0184
TORONTO_UTE92_STU01332,TORONTO_UTE92_0063
TORONTO_UTE92_STU01332,TORONTO_UTE92_0074
TORONTO_UTE92_STU01332,TORONTO_UTE92_0138
TORONTO_UTE92_STU01332,TORONTO_UTE92_0184
TORONTO_UTE92_STU01333,TORONTO_UTE92_0069
TORONTO_UTE92_STU01333,TORONTO_UTE92_0070
TORONTO_UTE92_STU01333,TORONTO_UTE92_0071
TORONTO_UTE92_STU01333,TORONTO_UTE92_0072
TORONTO_UTE92_STU01333,TORONTO_UTE92_0073
TORONTO_UTE92_STU01334,TORONTO_UTE92_0063
TORONTO_UTE92_STU01334,TORONTO_UTE92_0074
TORONTO_UTE92_STU01334,TORONTO_UTE92_0138
TORONTO_UTE92_STU01334,TORONTO_UTE92_0184
TORONTO_UTE92_STU01335,TORONTO_UTE92_0069
TORONTO_UTE92_STU01335,TORONTO_UTE92_0070
TORONTO_UTE92_STU01335,TORONTO_UTE92_0071
TORONTO_UTE92_STU01335,TORONTO_UTE92_0072
TORONTO_UTE92_STU01335,TORONTO_UTE92_0073
TORONTO_UTE92_STU01336,TORONTO_UTE92_0076
TORONTO_UTE92_STU01336,TORONTO_UTE92_0131
TORONTO_UTE92_STU01336,TORONTO_UTE92_0141
TORONTO_UTE92_STU01336,TORONTO_UTE92_0142
TORONTO_UTE92_STU01336,TORONTO_UTE92_0144
TORONTO_UTE92_STU01337,TORONTO_UTE92_0047
TORONTO_UTE92_STU01337,TORONTO_UTE92_0048
TORONTO_UTE92_STU01337,TORONTO_UTE92_0049
TORONTO_UTE92_STU01337,TORONTO_UTE92_0050
TORONTO_UTE92_STU01337,TORONTO_UTE92_0143
TORONTO_UTE92_STU01338,TORONTO_UTE92_0069
TORONTO_UTE92_STU01338,TORONTO_UTE92_0070
TORONTO_UTE92_STU01338,TORONTO_UTE92_0071
TORONTO_UTE92_STU01338,TORONTO_UTE92_0072
TORONTO_UTE92_STU01338,TORONTO_UTE92_0073
TORONTO_UTE92_STU01339,TORONTO_UTE92_0069
TORONTO_UTE92_STU01339,TORONTO_UTE92_0070
TORONTO_UTE92_STU01339,TORONTO_UTE92_0071
TORONTO_UTE92_STU01339,TORONTO_UTE92_0072
TORONTO_UTE92_STU01339,TORONTO_UTE92_0073
TORONTO_UTE92_STU01340,TORONTO_UTE92_0047
TORONTO_UTE92_STU01340,TORONTO_UTE92_0048
TORONTO_UTE92_STU01340,TORONTO_UTE92_0049
TORONTO_UTE92_STU01340,TORONTO_UTE92_0050
TORONTO_UTE92_STU01340,TORONTO_UTE92_0143
TORONTO_UTE92_STU01341,TORONTO_UTE92_0047
TORONTO_UTE92_STU01341,TORONTO_UTE92_0048
TORONTO_UTE92_STU01341,TORONTO_UTE92_0049
TORONTO_UTE92_STU01341,TORONTO_UTE92_0050
TORONTO_UTE92_STU01341,TORONTO_UTE92_0143
TORONTO_UTE92_STU01342,TORONTO_UTE92_0018
TORONTO_UTE92_STU01342,TORONTO_UTE92_0019
TORONTO_UTE92_STU01342,TORONTO_UTE92_0020
TORONTO_UTE92_STU01342,TORONTO_UTE92_0021
TORONTO_UTE92_STU01342,TORONTO_UTE92_0108
TORONTO_UTE92_STU01343,TORONTO_UTE92_0076
TORONTO_UTE92_STU01343,TORONTO_UTE92_0131
TORONTO_UTE92_STU01343,TORONTO_UTE92_0141
TORONTO_UTE92_STU01343,TORONTO_UTE92_0142
TORONTO_UTE92_STU01343,TORONTO_UTE92_0144
TORONTO_UTE92_STU01344,TORONTO_UTE92_0069
TORONTO_UTE92_STU01344,TORONTO_UTE92_0070
TORONTO_UTE92_STU01344,TORONTO_UTE92_0071
TORONTO_UTE92_STU01344,TORONTO_UTE92_0072
TORONTO_UTE92_STU01344,TORONTO_UTE92_0073
TORONTO_UTE92_STU01345,TORONTO_UTE92_0009
TORONTO_UTE92_STU01345,TORONTO_UTE92_0066
TORONTO_UTE92_STU01345,TORONTO_UTE92_0073
TORONTO_UTE92_STU01345,TORONTO_UTE92_0130
TORONTO_UTE92_STU01346,TORONTO_UTE92_0076
TORONTO_UTE92_STU01346,TORONTO_UTE92_0131
TORONTO_UTE92_STU01346,TORONTO_UTE92_0141
TORONTO_UTE92_STU01346,TORONTO_UTE92_0142
TORONTO_UTE92_STU01346,TORONTO_UTE92_0144
TORONTO_UTE92_STU01347,TORONTO_UTE92_0063
TORONTO_UTE92_STU01347,TORONTO_UTE92_0074
TORONTO_UTE92_STU01347,TORONTO_UTE92_0138
TORONTO_UTE92_STU01347,TORONTO_UTE92_0184
TORONTO_UTE92_STU01348,TORONTO_UTE92_0008
TORONTO_UTE92_STU01348,TORONTO_UTE92_0067
TORONTO_UTE92_STU01348,TORONTO_UTE92_0107
TORONTO_UTE92_STU01348,TORONTO_UTE92_0136
TORONTO_UTE92_STU01348,TORONTO_UTE92_0140
TORONTO_UTE92_STU01349,TORONTO_UTE92_0018
TORONTO_UTE92_STU01349,TORONTO_UTE92_0019
TORONTO_UTE92_STU01349,TORONTO_UTE92_0020
TORONTO_UTE92_STU01349,TORONTO_UTE92_0021
TORONTO_UTE92_STU01350,TORONTO_UTE92_0063
TORONTO_UTE92_STU01350,TORONTO_UTE92_0074
TORONTO_UTE92_STU01350,TORONTO_UTE92_0138
TORONTO_UTE92_STU01350,TORONTO_UTE92_0184
TORONTO_UTE92_STU01351,TORONTO_UTE92_0015
TORONTO_UTE92_STU01351,TORONTO_UTE92_0066
TORONTO_UTE92_STU01351,TORONTO_UTE92_0130
TORONTO_UTE92_STU01352,TORONTO_UTE92_0018
TORONTO_UTE92_STU01352,TORONTO_UTE92_0019
TORONTO_UTE92_STU01352,TORONTO_UTE92_0020
TORONTO_UTE92_STU01352,TORONTO_UTE92_0021
TORONTO_UTE92_STU01353,TORONTO_UTE92_0069
TORONTO_UTE92_STU01353,TORONTO_UTE92_0070
TORONTO_UTE92_STU01353,TORONTO_UTE92_0071
TORONTO_UTE92_STU01353,TORONTO_UTE92_0072
TORONTO_UTE92_STU01353,TORONTO_UTE92_0073
TORONTO_UTE92_STU01354,TORONTO_UTE92_0063
TORONTO_UTE92_STU01354,TORONTO_UTE92_0074
TORONTO_UTE92_STU01354,TORONTO_UTE92_0138
TORONTO_UTE92_STU01354,TORONTO_UTE92_0184
TORONTO_UTE92_STU01355,TORONTO_UTE92_0076
TORONTO_UTE92_STU01355,TORONTO_UTE92_0131
TORONTO_UTE92_STU01355,TORONTO_UTE92_0141
TORONTO_UTE92_STU01355,TORONTO_UTE92_0142
TORONTO_UTE92_STU01355,TORONTO_UTE92_0144
TORONTO_UTE92_STU01356,TORONTO_UTE92_0013
TORONTO_UTE92_STU01356,TORONTO_UTE92_0018
TORONTO_UTE92_STU01356,TORONTO_UTE92_0019
TORONTO_UTE92_STU01356,TORONTO_UTE92_0020
TORONTO_UTE92_STU01356,TORONTO_UTE92_0021
TORONTO_UTE92_STU01357,TORONTO_UTE92_0069
TORONTO_UTE92_STU01357,TORONTO_UTE92_0070
TORONTO_UTE92_STU01357,TORONTO_UTE92_0071
TORONTO_UTE92_STU01357,TORONTO_UTE92_0072
TORONTO_UTE92_STU01357,TORONTO_UTE92_0073
TORONTO_UTE92_STU01358,TORONTO_UTE92_0047
TORONTO_UTE92_STU01358,TORONTO_UTE92_0048
TORONTO_UTE92_STU01358,TORONTO_UTE92_0049
TORONTO_UTE92_STU01358,TORONTO_UTE92_0050
TORONTO_UTE92_STU01358,TORONTO_UTE92_0108
TORONTO_UTE92_STU01359,TORONTO_UTE92_0015
TORONTO_UTE92_STU01359,TORONTO_UTE92_0018
TORONTO_UTE92_STU01359,TORONTO_UTE92_0019
TORONTO_UTE92_STU01359,TORONTO_UTE92_0020
TORONTO_UTE92_STU01359,TORONTO_UTE92_0021
TORONTO_UTE92_STU01360,TORONTO_UTE92_0063
TORONTO_UTE92_STU01360,TORONTO_UTE92_0074
TORONTO_UTE92_STU01360,TORONTO_UTE92_0138
TORONTO_UTE92_STU01360,TORONTO_UTE92_0184
TORONTO_UTE92_STU01361,TORONTO_UTE92_0047
TORONTO_UTE92_STU01361,TORONTO_UTE92_0048
TORONTO_UTE92_STU01361,TORONTO_UTE92_0049
TORONTO_UTE92_STU01361,TORONTO_UTE92_0050
TORONTO_UTE92_STU01361,TORONTO_UTE92_0108
TORONTO_UTE92_STU01362,TORONTO_UTE92_0112
TORONTO_UTE92_STU01362,TORONTO_UTE92_0113
TORONTO_UTE92_STU01362,TORONTO_UTE92_0139
TORONTO_UTE92_STU01362,TORONTO_UTE92_0170
TORONTO_UTE92_STU01363,TORONTO_UTE92_0008
TORONTO_UTE92_STU01363,TORONTO_UTE92_0017
TORONTO_UTE92_STU01363,TORONTO_UTE92_0067
TORONTO_UTE92_STU01363,TORONTO_UTE92_0103
TORONTO_UTE92_STU01364,TORONTO_UTE92_0045
TORONTO_UTE92_STU01364,TORONTO_UTE92_0069
TORONTO_UTE92_STU01364,TORONTO_UTE92_0070
TORONTO_UTE92_STU01364,TORONTO_UTE92_0071
TORONTO_UTE92_STU01364,TORONTO_UTE92_0072
TORONTO_UTE92_STU01364,TORONTO_UTE92_0073
TORONTO_UTE92_STU01365,TORONTO_UTE92_0009
TORONTO_UTE92_STU01365,TORONTO_UTE92_0066
TORONTO_UTE92_STU01365,TORONTO_UTE92_0130
TORONTO_UTE92_STU01365,TORONTO_UTE92_0136
TORONTO_UTE92_STU01365,TORONTO_UTE92_0140
TORONTO_UTE92_STU01366,TORONTO_UTE92_0076
TORONTO_UTE92_STU01366,TORONTO_UTE92_0131
TORONTO_UTE92_STU01366,TORONTO_UTE92_0141
TORONTO_UTE92_STU01366,TORONTO_UTE92_0142
TORONTO_UTE92_STU01366,TORONTO_UTE92_0144
TORONTO_UTE92_STU01367,TORONTO_UTE92_0112
TORONTO_UTE92_STU01367,TORONTO_UTE92_0113
TORONTO_UTE92_STU01367,TORONTO_UTE92_0139
TORONTO_UTE92_STU01367,TORONTO_UTE92_0170
TORONTO_UTE92_STU01368,TORONTO_UTE92_0063
TORONTO_UTE92_STU01368,TORONTO_UTE92_0074
TORONTO_UTE92_STU01368,TORONTO_UTE92_0138
TORONTO_UTE92_STU01368,TORONTO_UTE92_0184
TORONTO_UTE92_STU01369,TORONTO_UTE92_0076
TORONTO_UTE92_STU01369,TORONTO_UTE92_0131
TORONTO_UTE92_STU01369,TORONTO_UTE92_0141
TORONTO_UTE92_STU01369,TORONTO_UTE92_0142
TORONTO_UTE92_STU01369,TORONTO_UTE92_0144
TORONTO_UTE92_STU01370,TORONTO_UTE92_0069
TORONTO_UTE92_STU01370,TORONTO_UTE92_0070
TORONTO_UTE92_STU01370,TORONTO_UTE92_0071
TORONTO_UTE92_STU01370,TORONTO_UTE92_0072
TORONTO_UTE92_STU01370,TORONTO_UTE92_0073
TORONTO_UTE92_STU01371,TORONTO_UTE92_0008
TORONTO_UTE92_STU01371,TORONTO_UTE92_0067
TORONTO_UTE92_STU01371,TORONTO_UTE92_0130
TORONTO_UTE92_STU01371,TORONTO_UTE92_0132
TORONTO_UTE92_STU01371,TORONTO_UTE92_0136
TORONTO_UTE92_STU01372,TORONTO_UTE92_0076
TORONTO_UTE92_STU01372,TORONTO_UTE92_0131
TORONTO_UTE92_STU01372,TORONTO_UTE92_0141
TORONTO_UTE92_STU01372,TORONTO_UTE92_0142
TORONTO_UTE92_STU01372,TORONTO_UTE92_0144
TORONTO_UTE92_STU01373,TORONTO_UTE92_0012
TORONTO_UTE92_STU01373,TORONTO_UTE92_0045
TORONTO_UTE92_STU01373,TORONTO_UTE92_0067
TORONTO_UTE92_STU01373,TORONTO_UTE92_0107
TORONTO_UTE92_STU01373,TORONTO_UTE92_0136
TORONTO_UTE92_STU01374,TORONTO_UTE92_0076
TORONTO_UTE92_STU01374,TORONTO_UTE92_0131
TORONTO_UTE92_STU01374,TORONTO_UTE92_0141
TORONTO_UTE92_STU01374,TORONTO_UTE92_0142
TORONTO_UTE92_STU01374,TORONTO_UTE92_0144
TORONTO_UTE92_STU01375,TORONTO_UTE92_0069
TORONTO_UTE92_STU01375,TORONTO_UTE92_0070
TORONTO_UTE92_STU01375,TORONTO_UTE92_0071
TORONTO_UTE92_STU01375,TORONTO_UTE92_0072
TORONTO_UTE92_STU01375,TORONTO_UTE92_0073
TORONTO_UTE92_STU01376,TORONTO_UTE92_0014
TORONTO_UTE92_STU01376,TORONTO_UTE92_0047
TORONTO_UTE92_STU01376,TORONTO_UTE92_0048
TORONTO_UTE92_STU01376,TORONTO_UTE92_0049
TORONTO_UTE92_STU01376,TORONTO_UTE92_0050
TORONTO_UTE92_STU01377,TORONTO_UTE92_0076
TORONTO_UTE92_STU01377,TORONTO_UTE92_0131
TORONTO_UTE92_STU01377,TORONTO_UTE92_0141
TORONTO_UTE92_STU01377,TORONTO_UTE92_0142
TORONTO_UTE92_STU01377,TORONTO_UTE92_0144
TORONTO_UTE92_STU01378,TORONTO_UTE92_0069
TORONTO_UTE92_STU01378,TORONTO_UTE92_0070
TORONTO_UTE92_STU01378,TORONTO_UTE92_0071
TORONTO_UTE92_STU01378,TORONTO_UTE92_0072
TORONTO_UTE92_STU01378,TORONTO_UTE92_0073
TORONTO_UTE92_STU01379,TORONTO_UTE92_0063
TORONTO_UTE92_STU01379,TORONTO_UTE92_0074
TORONTO_UTE92_STU01379,TORONTO_UTE92_0138
TORONTO_UTE92_STU01379,TORONTO_UTE92_0184
TORONTO_UTE92_STU01380,TORONTO_UTE92_0008
TORONTO_UTE92_STU01380,TORONTO_UTE92_0067
TORONTO_UTE92_STU01380,TORONTO_UTE92_0101
TORONTO_UTE92_STU01380,TORONTO_UTE92_0110
TORONTO_UTE92_STU01380,TORONTO_UTE92_0111
TORONTO_UTE92_STU01381,TORONTO_UTE92_0014
TORONTO_UTE92_STU01381,TORONTO_UTE92_0047
TORONTO_UTE92_STU01381,TORONTO_UTE92_0048
TORONTO_UTE92_STU01381,TORONTO_UTE92_0049
TORONTO_UTE92_STU01381,TORONTO_UTE92_0050
TORONTO_UTE92_STU01382,TORONTO_UTE92_0013
TORONTO_UTE92_STU01382,TORONTO_UTE92_0064
TORONTO_UTE92_STU01382,TORONTO_UTE92_0131
TORONTO_UTE92_STU01382,TORONTO_UTE92_0136
TORONTO_UTE92_STU01382,TORONTO_UTE92_0168
TORONTO_UTE92_STU01382,TORONTO_UTE92_0169
TORONTO_UTE92_STU01383,TORONTO_UTE92_0063
TORONTO_UTE92_STU01383,TORONTO_UTE92_0074
TORONTO_UTE92_STU01383,TORONTO_UTE92_0138
TORONTO_UTE92_STU01383,TORONTO_UTE92_0184
TORONTO_UTE92_STU01384,TORONTO_UTE92_0069
TORONTO_UTE92_STU01384,TORONTO_UTE92_0070
TORONTO_UTE92_STU01384,TORONTO_UTE92_0071
TORONTO_UTE92_STU01384,TORONTO_UTE92_0072
TORONTO_UTE92_STU01384,TORONTO_UTE92_0073
TORONTO_UTE92_STU01385,TORONTO_UTE92_0076
TORONTO_UTE92_STU01385,TORONTO_UTE92_0131
TORONTO_UTE92_STU01385,TORONTO_UTE92_0141
TORONTO_UTE92_STU01385,TORONTO_UTE92_0142
TORONTO_UTE92_STU01385,TORONTO_UTE92_0144
TORONTO_UTE92_STU01386,TORONTO_UTE92_0069
TORONTO_UTE92_STU01386,TORONTO_UTE92_0070
TORONTO_UTE92_STU01386,TORONTO_UTE92_0071
TORONTO_UTE92_STU01386,TORONTO_UTE92_0072
TORONTO_UTE92_STU01386,TORONTO_UTE92_0073
TORONTO_UTE92_STU01387,TORONTO_UTE92_0015
TORONTO_UTE92_STU01387,TORONTO_UTE92_0018
TORONTO_UTE92_STU01387,TORONTO_UTE92_0019
TORONTO_UTE92_STU01387,TORONTO_UTE92_0020
TORONTO_UTE92_STU01387,TORONTO_UTE92_0021
TORONTO_UTE92_STU01388,TORONTO_UTE92_0069
TORONTO_UTE92_STU01388,TORONTO_UTE92_0070
TORONTO_UTE92_STU01388,TORONTO_UTE92_0071
TORONTO_UTE92_STU01388,TORONTO_UTE92_0072
TORONTO_UTE92_STU01388,TORONTO_UTE92_0073
TORONTO_UTE92_STU01389,TORONTO_UTE92_0047
TORONTO_UTE92_STU01389,TORONTO_UTE92_0048
TORONTO_UTE92_STU01389,TORONTO_UTE92_0049
TORONTO_UTE92_STU01389,TORONTO_UTE92_0050
TORONTO_UTE92_STU01389,TORONTO_UTE92_0143
TORONTO_UTE92_STU01390,TORONTO_UTE92_0069
TORONTO_UTE92_STU01390,TORONTO_UTE92_0070
TORONTO_UTE92_STU01390,TORONTO_UTE92_0071
TORONTO_UTE92_STU01390,TORONTO_UTE92_0072
TORONTO_UTE92_STU01390,TORONTO_UTE92_0073
TORONTO_UTE92_STU01391,TORONTO_UTE92_0112
TORONTO_UTE92_STU01391,TORONTO_UTE92_0113
TORONTO_UTE92_STU01391,TORONTO_UTE92_0139
TORONTO_UTE92_STU01391,TORONTO_UTE92_0170
TORONTO_UTE92_STU01392,TORONTO_UTE92_0076
TORONTO_UTE92_STU01392,TORONTO_UTE92_0131
TORONTO_UTE92_STU01392,TORONTO_UTE92_0141
TORONTO_UTE92_STU01392,TORONTO_UTE92_0142
TORONTO_UTE92_STU01392,TORONTO_UTE92_0144
TORONTO_UTE92_STU01393,TORONTO_UTE92_0112
TORONTO_UTE92_STU01393,TORONTO_UTE92_0113
TORONTO_UTE92_STU01393,TORONTO_UTE92_0139
TORONTO_UTE92_STU01393,TORONTO_UTE92_0170
TORONTO_UTE92_STU01393,TORONTO_UTE92_0183
TORONTO_UTE92_STU01394,TORONTO_UTE92_0063
TORONTO_UTE92_STU01394,TORONTO_UTE92_0074
TORONTO_UTE92_STU01394,TORONTO_UTE92_0138
TORONTO_UTE92_STU01394,TORONTO_UTE92_0184
TORONTO_UTE92_STU01395,TORONTO_UTE92_0069
TORONTO_UTE92_STU01395,TORONTO_UTE92_0070
TORONTO_UTE92_STU01395,TORONTO_UTE92_0071
TORONTO_UTE92_STU01395,TORONTO_UTE92_0072
TORONTO_UTE92_STU01395,TORONTO_UTE92_0073
TORONTO_UTE92_STU01396,TORONTO_UTE92_0063
TORONTO_UTE92_STU01396,TORONTO_UTE92_0074
TORONTO_UTE92_STU01396,TORONTO_UTE92_0138
TORONTO_UTE92_STU01396,TORONTO_UTE92_0184
TORONTO_UTE92_STU01397,TORONTO_UTE92_0076
TORONTO_UTE92_STU01397,TORONTO_UTE92_0131
TORONTO_UTE92_STU01397,TORONTO_UTE92_0141
TORONTO_UTE92_STU01397,TORONTO_UTE92_0142
TORONTO_UTE92_STU01397,TORONTO_UTE92_0144
TORONTO_UTE92_STU01398,TORONTO_UTE92_0076
TORONTO_UTE92_STU01398,TORONTO_UTE92_0131
TORONTO_UTE92_STU01398,TORONTO_UTE92_0141
TORONTO_UTE92_STU01398,TORONTO_UTE92_0142
TORONTO_UTE92_STU01398,TORONTO_UTE92_0144
TORONTO_UTE92_STU01399,TORONTO_UTE92_0076
TORONTO_UTE92_STU01399,TORONTO_UTE92_0131
TORONTO_UTE92_STU01399,TORONTO_UTE92_0141
TORONTO_UTE92_STU01399,TORONTO_UTE92_0142
TORONTO_UTE92_STU01399,TORONTO_UTE92_0144
TORONTO_UTE92_STU01400,TORONTO_UTE92_0069
TORONTO_UTE92_STU01400,TORONTO_UTE92_0070
TORONTO_UTE92_STU01400,TORONTO_UTE92_0071
TORONTO_UTE92_STU01400,TORONTO_UTE92_0072
TORONTO_UTE92_STU01400,TORONTO_UTE92_0073
TORONTO_UTE92_STU01401,TORONTO_UTE92_0064
TORONTO_UTE92_STU01401,TORONTO_UTE92_0131
TORONTO_UTE92_STU01401,TORONTO_UTE92_0135
TORONTO_UTE92_STU01401,TORONTO_UTE92_0168
TORONTO_UTE92_STU01401,TORONTO_UTE92_0169
TORONTO_UTE92_STU01401,TORONTO_UTE92_0183
TORONTO_UTE92_STU01402,TORONTO_UTE92_0069
TORONTO_UTE92_STU01402,TORONTO_UTE92_0070
TORONTO_UTE92_STU01402,TORONTO_UTE92_0071
TORONTO_UTE92_STU01402,TORONTO_UTE92_0072
TORONTO_UTE92_STU01402,TORONTO_UTE92_0073
TORONTO_UTE92_STU01403,TORONTO_UTE92_0076
TORONTO_UTE92_STU01403,TORONTO_UTE92_0131
TORONTO_UTE92_STU01403,TORONTO_UTE92_0141
TORONTO_UTE92_STU01403,TORONTO_UTE92_0142
TORONTO_UTE92_STU01403,TORONTO_UTE92_0144
TORONTO_UTE92_STU01404,TORONTO_UTE92_0046
TORONTO_UTE92_STU01404,TORONTO_UTE92_0048
TORONTO_UTE92_STU01404,TORONTO_UTE92_0067
TORONTO_UTE92_STU01404,TORONTO_UTE92_0104
TORONTO_UTE92_STU01404,TORONTO_UTE92_0136
TORONTO_UTE92_STU01405,TORONTO_UTE92_0063
TORONTO_UTE92_STU01405,TORONTO_UTE92_0074
TORONTO_UTE92_STU01405,TORONTO_UTE92_0138
TORONTO_UTE92_STU01405,TORONTO_UTE92_0184
TORONTO_UTE92_STU01406,TORONTO_UTE92_0069
TORONTO_UTE92_STU01406,TORONTO_UTE92_0070
TORONTO_UTE92_STU01406,TORONTO_UTE92_0071
TORONTO_UTE92_STU01406,TORONTO_UTE92_0072
TORONTO_UTE92_STU01406,TORONTO_UTE92_0073
TORONTO_UTE92_STU01407,TORONTO_UTE92_0047
TORONTO_UTE92_STU01407,TORONTO_UTE92_0048
TORONTO_UTE92_STU01407,TORONTO_UTE92_0049
TORONTO_UTE92_STU01407,TORONTO_UTE92_0050
TORONTO_UTE92_STU01407,TORONTO_UTE92_0108
TORONTO_UTE92_STU01408,TORONTO_UTE92_0018
TORONTO_UTE92_STU01408,TORONTO_UTE92_0019
TORONTO_UTE92_STU01408,TORONTO_UTE92_0020
TORONTO_UTE92_STU01408,TORONTO_UTE92_0021
TORONTO_UTE92_STU01409,TORONTO_UTE92_0110
TORONTO_UTE92_STU01409,TORONTO_UTE92_0111
TORONTO_UTE92_STU01410,TORONTO_UTE92_0063
TORONTO_UTE92_STU01410,TORONTO_UTE92_0074
TORONTO_UTE92_STU01410,TORONTO_UTE92_0138
TORONTO_UTE92_STU01410,TORONTO_UTE92_0184
TORONTO_UTE92_STU01411,TORONTO_UTE92_0069
TORONTO_UTE92_STU01411,TORONTO_UTE92_0070
TORONTO_UTE92_STU01411,TORONTO_UTE92_0071
TORONTO_UTE92_STU01411,TORONTO_UTE92_0072
TORONTO_UTE92_STU01411,TORONTO_UTE92_0073
TORONTO_UTE92_STU01412,TORONTO_UTE92_0069
TORONTO_UTE92_STU01412,TORONTO_UTE92_0070
TORONTO_UTE92_STU01412,TORONTO_UTE92_0071
TORONTO_UTE92_STU01412,TORONTO_UTE92_0072
TORONTO_UTE92_STU01412,TORONTO_UTE92_0073
TORONTO_UTE92_STU01413,TORONTO_UTE92_0047
TORONTO_UTE92_STU01413,TORONTO_UTE92_0048
TORONTO_UTE92_STU01413,TORONTO_UTE92_0049
TORONTO_UTE92_STU01413,TORONTO_UTE92_0050
TORONTO_UTE92_STU01413,TORONTO_UTE92_0104
TORONTO_UTE92_STU01414,TORONTO_UTE92_0047
TORONTO_UTE92_STU01414,TORONTO_UTE92_0048
TORONTO_UTE92_STU01414,TORONTO_UTE92_0049
TORONTO_UTE92_STU01414,TORONTO_UTE92_0050
TORONTO_UTE92_STU01414,TORONTO_UTE92_0143
TORONTO_UTE92_STU01415,TORONTO_UTE92_0069
TORONTO_UTE92_STU01415,TORONTO_UTE92_0070
TORONTO_UTE92_STU01415,TORONTO_UTE92_0071
TORONTO_UTE92_STU01415,TORONTO_UTE92_0072
TORONTO_UTE92_STU01415,TORONTO_UTE92_0073
TORONTO_UTE92_STU01416,TORONTO_UTE92_0076
TORONTO_UTE92_STU01416,TORONTO_UTE92_0131
TORONTO_UTE92_STU01416,TORONTO_UTE92_0141
TORONTO_UTE92_STU01416,TORONTO_UTE92_0142
TORONTO_UTE92_STU01416,TORONTO_UTE92_0144
TORONTO_UTE92_STU01417,TORONTO_UTE92_0016
TORONTO_UTE92_STU01417,TORONTO_UTE92_0067
TORONTO_UTE92_STU01418,TORONTO_UTE92_0045
TORONTO_UTE92_STU01418,TORONTO_UTE92_0067
TORONTO_UTE92_STU01418,TORONTO_UTE92_0130
TORONTO_UTE92_STU01418,TORONTO_UTE92_0132
TORONTO_UTE92_STU01418,TORONTO_UTE92_0136
TORONTO_UTE92_STU01419,TORONTO_UTE92_0063
TORONTO_UTE92_STU01419,TORONTO_UTE92_0074
TORONTO_UTE92_STU01419,TORONTO_UTE92_0138
TORONTO_UTE92_STU01419,TORONTO_UTE92_0184
TORONTO_UTE92_STU01420,TORONTO_UTE92_0063
TORONTO_UTE92_STU01420,TORONTO_UTE92_0074
TORONTO_UTE92_STU01420,TORONTO_UTE92_0138
TORONTO_UTE92_STU01420,TORONTO_UTE92_0184
TORONTO_UTE92_STU01421,TORONTO_UTE92_0076
TORONTO_UTE92_STU01421,TORONTO_UTE92_0131
TORONTO_UTE92_STU01421,TORONTO_UTE92_0141
TORONTO_UTE92_STU01421,TORONTO_UTE92_0142
TORONTO_UTE92_STU01421,TORONTO_UTE92_0144
TORONTO_UTE92_STU01422,TORONTO_UTE92_0076
TORONTO_UTE92_STU01422,TORONTO_UTE92_0131
TORONTO_UTE92_STU01422,TORONTO_UTE92_0141
TORONTO_UTE92_STU01422,TORONTO_UTE92_0142
TORONTO_UTE92_STU01422,TORONTO_UTE92_0144
TORONTO_UTE92_STU01423,TORONTO_UTE92_0063
TORONTO_UTE92_STU01423,TORONTO_UTE92_0074
TORONTO_UTE92_STU01423,TORONTO_UTE92_0138
TORONTO_UTE92_STU01423,TORONTO_UTE92_0184
TORONTO_UTE92_STU01424,TORONTO_UTE92_0076
TORONTO_UTE92_STU01424,TORONTO_UTE92_0131
TORONTO_UTE92_STU01424,TORONTO_UTE92_0141
TORONTO_UTE92_STU01424,TORONTO_UTE92_0142
TORONTO_UTE92_STU01424,TORONTO_UTE92_0144
TORONTO_UTE92_STU01425,TORONTO_UTE92_0069
TORONTO_UTE92_STU01425,TORONTO_UTE92_0070
TORONTO_UTE92_STU01425,TORONTO_UTE92_0071
TORONTO_UTE92_STU01425,TORONTO_UTE92_0072
TORONTO_UTE92_STU01425,TORONTO_UTE92_0073
TORONTO_UTE92_STU01426,TORONTO_UTE92_0047
TORONTO_UTE92_STU01426,TORONTO_UTE92_0048
TORONTO_UTE92_STU01426,TORONTO_UTE92_0049
TORONTO_UTE92_STU01426,TORONTO_UTE92_0050
TORONTO_UTE92_STU01426,TORONTO_UTE92_0125
TORONTO_UTE92_STU01427,TORONTO_UTE92_0063
TORONTO_UTE92_STU01427,TORONTO_UTE92_0074
TORONTO_UTE92_STU01427,TORONTO_UTE92_0138
TORONTO_UTE92_STU01427,TORONTO_UTE92_0184
TORONTO_UTE92_STU01428,TORONTO_UTE92_0063
TORONTO_UTE92_STU01428,TORONTO_UTE92_0074
TORONTO_UTE92_STU01428,TORONTO_UTE92_0138
TORONTO_UTE92_STU01428,TORONTO_UTE92_0184
TORONTO_UTE92_STU01429,TORONTO_UTE92_0014
TORONTO_UTE92_STU01429,TORONTO_UTE92_0112
TORONTO_UTE92_STU01429,TORONTO_UTE92_0113
TORONTO_UTE92_STU01429,TORONTO_UTE92_0139
TORONTO_UTE92_STU01429,TORONTO_UTE92_0170
TORONTO_UTE92_STU01430,TORONTO_UTE92_0064
TORONTO_UTE92_STU01430,TORONTO_UTE92_0131
TORONTO_UTE92_STU01430,TORONTO_UTE92_0168
TORONTO_UTE92_STU01430,TORONTO_UTE92_0169
TORONTO_UTE92_STU01430,TORONTO_UTE92_0183
TORONTO_UTE92_STU01431,TORONTO_UTE92_0069
TORONTO_UTE92_STU01431,TORONTO_UTE92_0070
TORONTO_UTE92_STU01431,TORONTO_UTE92_0071
TORONTO_UTE92_STU01431,TORONTO_UTE92_0072
TORONTO_UTE92_STU01431,TORONTO_UTE92_0073
TORONTO_UTE92_STU01432,TORONTO_UTE92_0047
TORONTO_UTE92_STU01432,TORONTO_UTE92_0048
TORONTO_UTE92_STU01432,TORONTO_UTE92_0049
TORONTO_UTE92_STU01432,TORONTO_UTE92_0050
TORONTO_UTE92_STU01432,TORONTO_UTE92_0126
TORONTO_UTE92_STU01433,TORONTO_UTE92_0076
TORONTO_UTE92_STU01433,TORONTO_UTE92_0131
TORONTO_UTE92_STU01433,TORONTO_UTE92_0141
TORONTO_UTE92_STU01433,TORONTO_UTE92_0142
TORONTO_UTE92_STU01433,TORONTO_UTE92_0144
TORONTO_UTE92_STU01434,TORONTO_UTE92_0076
TORONTO_UTE92_STU01434,TORONTO_UTE92_0131
TORONTO_UTE92_STU01434,TORONTO_UTE92_0141
TORONTO_UTE92_STU01434,TORONTO_UTE92_0142
TORONTO_UTE92_STU01434,TORONTO_UTE92_0144
TORONTO_UTE92_STU01435,TORONTO_UTE92_0008
TORONTO_UTE92_STU01435,TORONTO_UTE92_0067
TORONTO_UTE92_STU01435,TORONTO_UTE92_0100
TORONTO_UTE92_STU01435,TORONTO_UTE92_0107
TORONTO_UTE92_STU01435,TORONTO_UTE92_0136
TORONTO_UTE92_STU01436,TORONTO_UTE92_0076
TORONTO_UTE92_STU01436,TORONTO_UTE92_0131
TORONTO_UTE92_STU01436,TORONTO_UTE92_0141
TORONTO_UTE92_STU01436,TORONTO_UTE92_0142
TORONTO_UTE92_STU01436,TORONTO_UTE92_0144
TORONTO_UTE92_STU01437,TORONTO_UTE92_0076
TORONTO_UTE92_STU01437,TORONTO_UTE92_0131
TORONTO_UTE92_STU01437,TORONTO_UTE92_0141
TORONTO_UTE92_STU01437,TORONTO_UTE92_0142
TORONTO_UTE92_STU01437,TORONTO_UTE92_0144
TORONTO_UTE92_STU01438,TORONTO_UTE92_0112
TORONTO_UTE92_STU01438,TORONTO_UTE92_0113
TORONTO_UTE92_STU01438,TORONTO_UTE92_0139
TORONTO_UTE92_STU01438,TORONTO_UTE92_0170
TORONTO_UTE92_STU01439,TORONTO_UTE92_0010
TORONTO_UTE92_STU01439,TORONTO_UTE92_0018
TORONTO_UTE92_STU01439,TORONTO_UTE92_0019
TORONTO_UTE92_STU01439,TORONTO_UTE92_0020
TORONTO_UTE92_STU01439,TORONTO_UTE92_0021
TORONTO_UTE92_STU01440,TORONTO_UTE92_0018
TORONTO_UTE92_STU01440,TORONTO_UTE92_0019
TORONTO_UTE92_STU01440,TORONTO_UTE92_0020
TORONTO_UTE92_STU01440,TORONTO_UTE92_0021
TORONTO_UTE92_STU01440,TORONTO_UTE92_0108
TORONTO_UTE92_STU01441,TORONTO_UTE92_0047
TORONTO_UTE92_STU01441,TORONTO_UTE92_0048
TORONTO_UTE92_STU01441,TORONTO_UTE92_0049
TORONTO_UTE92_STU01441,TORONTO_UTE92_0050
TORONTO_UTE92_STU01441,TORONTO_UTE92_0126
TORONTO_UTE92_STU01442,TORONTO_UTE92_0018
TORONTO_UTE92_STU01442,TORONTO_UTE92_0019
TORONTO_UTE92_STU01442,TORONTO_UTE92_0020
TORONTO_UTE92_STU01442,TORONTO_UTE92_0021
TORONTO_UTE92_STU01443,TORONTO_UTE92_0063
TORONTO_UTE92_STU01443,TORONTO_UTE92_0074
TORONTO_UTE92_STU01443,TORONTO_UTE92_0138
TORONTO_UTE92_STU01443,TORONTO_UTE92_0184
TORONTO_UTE92_STU01444,TORONTO_UTE92_0076
TORONTO_UTE92_STU01444,TORONTO_UTE92_0131
TORONTO_UTE92_STU01444,TORONTO_UTE92_0141
TORONTO_UTE92_STU01444,TORONTO_UTE92_0142
TORONTO_UTE92_STU01444,TORONTO_UTE92_0144
TORONTO_UTE92_STU01445,TORONTO_UTE92_0063
TORONTO_UTE92_STU01445,TORONTO_UTE92_0074
TORONTO_UTE92_STU01445,TORONTO_UTE92_0138
TORONTO_UTE92_STU01445,TORONTO_UTE92_0184
TORONTO_UTE92_STU01446,TORONTO_UTE92_0047
TORONTO_UTE92_STU01446,TORONTO_UTE92_0048
TORONTO_UTE92_STU01446,TORONTO_UTE92_0049
TORONTO_UTE92_STU01446,TORONTO_UTE92_0050
TORONTO_UTE92_STU01446,TORONTO_UTE92_0143
TORONTO_UTE92_STU01447,TORONTO_UTE92_0108
TORONTO_UTE92_STU01447,TORONTO_UTE92_0112
TORONTO_UTE92_STU01447,TORONTO_UTE92_0113
TORONTO_UTE92_STU01447,TORONTO_UTE92_0139
TORONTO_UTE92_STU01447,TORONTO_UTE92_0170
TORONTO_UTE92_STU01448,TORONTO_UTE92_0069
TORONTO_UTE92_STU01448,TORONTO_UTE92_0070
TORONTO_UTE92_STU01448,TORONTO_UTE92_0071
TORONTO_UTE92_STU01448,TORONTO_UTE92_0072
TORONTO_UTE92_STU01448,TORONTO_UTE92_0073
TORONTO_UTE92_STU01449,TORONTO_UTE92_0066
TORONTO_UTE92_STU01449,TORONTO_UTE92_0072
TORONTO_UTE92_STU01450,TORONTO_UTE92_0063
TORONTO_UTE92_STU01450,TORONTO_UTE92_0074
TORONTO_UTE92_STU01450,TORONTO_UTE92_0138
TORONTO_UTE92_STU01450,TORONTO_UTE92_0184
TORONTO_UTE92_STU01451,TORONTO_UTE92_0014
TORONTO_UTE92_STU01451,TORONTO_UTE92_0047
TORONTO_UTE92_STU01451,TORONTO_UTE92_0048
TORONTO_UTE92_STU01451,TORONTO_UTE92_0049
TORONTO_UTE92_STU01451,TORONTO_UTE92_0050
TORONTO_UTE92_STU01452,TORONTO_UTE92_0047
TORONTO_UTE92_STU01452,TORONTO_UTE92_0048
TORONTO_UTE92_STU01452,TORONTO_UTE92_0049
TORONTO_UTE92_STU01452,TORONTO_UTE92_0050
TORONTO_UTE92_STU01452,TORONTO_UTE92_0126
TORONTO_UTE92_STU01453,TORONTO_UTE92_0076
TORONTO_UTE92_STU01453,TORONTO_UTE92_0131
TORONTO_UTE92_STU01453,TORONTO_UTE92_0141
TORONTO_UTE92_STU01453,TORONTO_UTE92_0142
TORONTO_UTE92_STU01453,TORONTO_UTE92_0144
TORONTO_UTE92_STU01454,TORONTO_UTE92_0008
TORONTO_UTE92_STU01454,TORONTO_UTE92_0017
TORONTO_UTE92_STU01455,TORONTO_UTE92_0008
TORONTO_UTE92_STU01455,TORONTO_UTE92_0136
TORONTO_UTE92_STU01456,TORONTO_UTE92_0017
TORONTO_UTE92_STU01456,TORONTO_UTE92_0045
TORONTO_UTE92_STU01456,TORONTO_UTE92_0067
TORONTO_UTE92_STU01456,TORONTO_UTE92_0100
TORONTO_UTE92_STU01456,TORONTO_UTE92_0132
TORONTO_UTE92_STU01457,TORONTO_UTE92_0018
TORONTO_UTE92_STU01457,TORONTO_UTE92_0019
TORONTO_UTE92_STU01457,TORONTO_UTE92_0020
TORONTO_UTE92_STU01457,TORONTO_UTE92_0021
TORONTO_UTE92_STU01457,TORONTO_UTE92_0133
TORONTO_UTE92_STU01458,TORONTO_UTE92_0076
TORONTO_UTE92_STU01458,TORONTO_UTE92_0131
TORONTO_UTE92_STU01458,TORONTO_UTE92_0141
TORONTO_UTE92_STU01458,TORONTO_UTE92_0142
TORONTO_UTE92_STU01458,TORONTO_UTE92_0144
TORONTO_UTE92_STU01459,TORONTO_UTE92_0008
TORONTO_UTE92_STU01459,TORONTO_UTE92_0067
TORONTO_UTE92_STU01459,TORONTO_UTE92_0108
TORONTO_UTE92_STU01459,TORONTO_UTE92_0132
TORONTO_UTE92_STU01460,TORONTO_UTE92_0047
TORONTO_UTE92_STU01460,TORONTO_UTE92_0048
TORONTO_UTE92_STU01460,TORONTO_UTE92_0049
TORONTO_UTE92_STU01460,TORONTO_UTE92_0050
TORONTO_UTE92_STU01460,TORONTO_UTE92_0143
TORONTO_UTE92_STU01461,TORONTO_UTE92_0013
TORONTO_UTE92_STU01461,TORONTO_UTE92_0045
TORONTO_UTE92_STU01461,TORONTO_UTE92_0066
TORONTO_UTE92_STU01461,TORONTO_UTE92_0130
TORONTO_UTE92_STU01462,TORONTO_UTE92_0047
TORONTO_UTE92_STU01462,TORONTO_UTE92_0048
TORONTO_UTE92_STU01462,TORONTO_UTE92_0049
TORONTO_UTE92_STU01462,TORONTO_UTE92_0050
TORONTO_UTE92_STU01462,TORONTO_UTE92_0126
TORONTO_UTE92_STU01463,TORONTO_UTE92_0069
TORONTO_UTE92_STU01463,TORONTO_UTE92_0070
TORONTO_UTE92_STU01463,TORONTO_UTE92_0071
TORONTO_UTE92_STU01463,TORONTO_UTE92_0072
TORONTO_UTE92_STU01463,TORONTO_UTE92_0073
TORONTO_UTE92_STU01464,TORONTO_UTE92_0047
TORONTO_UTE92_STU01464,TORONTO_UTE92_0048
TORONTO_UTE92_STU01464,TORONTO_UTE92_0049
TORONTO_UTE92_STU01464,TORONTO_UTE92_0050
TORONTO_UTE92_STU01464,TORONTO_UTE92_0108
TORONTO_UTE92_STU01465,TORONTO_UTE92_0064
TORONTO_UTE92_STU01465,TORONTO_UTE92_0131
TORONTO_UTE92_STU01465,TORONTO_UTE92_0168
TORONTO_UTE92_STU01465,TORONTO_UTE92_0169
TORONTO_UTE92_STU01466,TORONTO_UTE92_0063
TORONTO_UTE92_STU01466,TORONTO_UTE92_0074
TORONTO_UTE92_STU01466,TORONTO_UTE92_0138
TORONTO_UTE92_STU01466,TORONTO_UTE92_0184
TORONTO_UTE92_STU01467,TORONTO_UTE92_0076
TORONTO_UTE92_STU01467,TORONTO_UTE92_0131
TORONTO_UTE92_STU01467,TORONTO_UTE92_0141
TORONTO_UTE92_STU01467,TORONTO_UTE92_0142
TORONTO_UTE92_STU01467,TORONTO_UTE92_0144
TORONTO_UTE92_STU01468,TORONTO_UTE92_0064
TORONTO_UTE92_STU01468,TORONTO_UTE92_0131
TORONTO_UTE92_STU01468,TORONTO_UTE92_0168
TORONTO_UTE92_STU01468,TORONTO_UTE92_0169
TORONTO_UTE92_STU01469,TORONTO_UTE92_0018
TORONTO_UTE92_STU01469,TORONTO_UTE92_0019
TORONTO_UTE92_STU01469,TORONTO_UTE92_0020
TORONTO_UTE92_STU01469,TORONTO_UTE92_0021
TORONTO_UTE92_STU01469,TORONTO_UTE92_0103
TORONTO_UTE92_STU01470,TORONTO_UTE92_0047
TORONTO_UTE92_STU01470,TORONTO_UTE92_0048
TORONTO_UTE92_STU01470,TORONTO_UTE92_0049
TORONTO_UTE92_STU01470,TORONTO_UTE92_0050
TORONTO_UTE92_STU01470,TORONTO_UTE92_0143
TORONTO_UTE92_STU01471,TORONTO_UTE92_0067
TORONTO_UTE92_STU01472,TORONTO_UTE92_0047
TORONTO_UTE92_STU01472,TORONTO_UTE92_0048
TORONTO_UTE92_STU01472,TORONTO_UTE92_0049
TORONTO_UTE92_STU01472,TORONTO_UTE92_0050
TORONTO_UTE92_STU01472,TORONTO_UTE92_0125
TORONTO_UTE92_STU01473,TORONTO_UTE92_0076
TORONTO_UTE92_STU01473,TORONTO_UTE92_0131
TORONTO_UTE92_STU01473,TORONTO_UTE92_0141
TORONTO_UTE92_STU01473,TORONTO_UTE92_0142
TORONTO_UTE92_STU01473,TORONTO_UTE92_0144
TORONTO_UTE92_STU01474,TORONTO_UTE92_0064
TORONTO_UTE92_STU01474,TORONTO_UTE92_0131
TORONTO_UTE92_STU01474,TORONTO_UTE92_0168
TORONTO_UTE92_STU01474,TORONTO_UTE92_0169
TORONTO_UTE92_STU01474,TORONTO_UTE92_0183
TORONTO_UTE92_STU01475,TORONTO_UTE92_0066
TORONTO_UTE92_STU01475,TORONTO_UTE92_0130
TORONTO_UTE92_STU01476,TORONTO_UTE92_0069
TORONTO_UTE92_STU01476,TORONTO_UTE92_0070
TORONTO_UTE92_STU01476,TORONTO_UTE92_0071
TORONTO_UTE92_STU01476,TORONTO_UTE92_0072
TORONTO_UTE92_STU01476,TORONTO_UTE92_0073
TORONTO_UTE92_STU01477,TORONTO_UTE92_0047
TORONTO_UTE92_STU01477,TORONTO_UTE92_0048
TORONTO_UTE92_STU01477,TORONTO_UTE92_0049
TORONTO_UTE92_STU01477,TORONTO_UTE92_0050
TORONTO_UTE92_STU01478,TORONTO_UTE92_0069
TORONTO_UTE92_STU01478,TORONTO_UTE92_0070
TORONTO_UTE92_STU01478,TORONTO_UTE92_0071
TORONTO_UTE92_STU01478,TORONTO_UTE92_0072
TORONTO_UTE92_STU01478,TORONTO_UTE92_0073
TORONTO_UTE92_STU01479,TORONTO_UTE92_0063
TORONTO_UTE92_STU01479,TORONTO_UTE92_0074
TORONTO_UTE92_STU01479,TORONTO_UTE92_0138
TORONTO_UTE92_STU01479,TORONTO_UTE92_0184
TORONTO_UTE92_STU01480,TORONTO_UTE92_0063
TORONTO_UTE92_STU01480,TORONTO_UTE92_0074
TORONTO_UTE92_STU01480,TORONTO_UTE92_0138
TORONTO_UTE92_STU01480,TORONTO_UTE92_0184
TORONTO_UTE92_STU01481,TORONTO_UTE92_0008
TORONTO_UTE92_STU01481,TORONTO_UTE92_0012
TORONTO_UTE92_STU01481,TORONTO_UTE92_0017
TORONTO_UTE92_STU01481,TORONTO_UTE92_0067
TORONTO_UTE92_STU01481,TORONTO_UTE92_0132
TORONTO_UTE92_STU01482,TORONTO_UTE92_0069
TORONTO_UTE92_STU01482,TORONTO_UTE92_0070
TORONTO_UTE92_STU01482,TORONTO_UTE92_0071
TORONTO_UTE92_STU01482,TORONTO_UTE92_0072
TORONTO_UTE92_STU01482,TORONTO_UTE92_0073
TORONTO_UTE92_STU01483,TORONTO_UTE92_0069
TORONTO_UTE92_STU01483,TORONTO_UTE92_0070
TORONTO_UTE92_STU01483,TORONTO_UTE92_0071
TORONTO_UTE92_STU01483,TORONTO_UTE92_0072
TORONTO_UTE92_STU01483,TORONTO_UTE92_0073
TORONTO_UTE92_STU01484,TORONTO_UTE92_0069
TORONTO_UTE92_STU01484,TORONTO_UTE92_0070
TORONTO_UTE92_STU01484,TORONTO_UTE92_0071
TORONTO_UTE92_STU01484,TORONTO_UTE92_0072
TORONTO_UTE92_STU01484,TORONTO_UTE92_0073
TORONTO_UTE92_STU01485,TORONTO_UTE92_0018
TORONTO_UTE92_STU01485,TORONTO_UTE92_0019
TORONTO_UTE92_STU01485,TORONTO_UTE92_0020
TORONTO_UTE92_STU01485,TORONTO_UTE92_0021
TORONTO_UTE92_STU01486,TORONTO_UTE92_0063
TORONTO_UTE92_STU01486,TORONTO_UTE92_0074
TORONTO_UTE92_STU01486,TORONTO_UTE92_0138
TORONTO_UTE92_STU01486,TORONTO_UTE92_0184
TORONTO_UTE92_STU01487,TORONTO_UTE92_0069
TORONTO_UTE92_STU01487,TORONTO_UTE92_0070
TORONTO_UTE92_STU01487,TORONTO_UTE92_0071
TORONTO_UTE92_STU01487,TORONTO_UTE92_0072
TORONTO_UTE92_STU01487,TORONTO_UTE92_0073
TORONTO_UTE92_STU01488,TORONTO_UTE92_0076
TORONTO_UTE92_STU01488,TORONTO_UTE92_0131
TORONTO_UTE92_STU01488,TORONTO_UTE92_0141
TORONTO_UTE92_STU01488,TORONTO_UTE92_0142
TORONTO_UTE92_STU01488,TORONTO_UTE92_0144
TORONTO_UTE92_STU01489,TORONTO_UTE92_0076
TORONTO_UTE92_STU01489,TORONTO_UTE92_0131
TORONTO_UTE92_STU01489,TORONTO_UTE92_0141
TORONTO_UTE92_STU01489,TORONTO_UTE92_0142
TORONTO_UTE92_STU01489,TORONTO_UTE92_0144
TORONTO_UTE92_STU01490,TORONTO_UTE92_0069
TORONTO_UTE92_STU01490,TORONTO_UTE92_0070
TORONTO_UTE92_STU01490,TORONTO_UTE92_0071
TORONTO_UTE92_STU01490,TORONTO_UTE92_0072
TORONTO_UTE92_STU01490,TORONTO_UTE92_0073
TORONTO_UTE92_STU01491,TORONTO_UTE92_0076
TORONTO_UTE92_STU01491,TORONTO_UTE92_0131
TORONTO_UTE92_STU01491,TORONTO_UTE92_0141
TORONTO_UTE92_STU01491,TORONTO_UTE92_0142
TORONTO_UTE92_STU01491,TORONTO_UTE92_0144
TORONTO_UTE92_STU01492,TORONTO_UTE92_0112
TORONTO_UTE92_STU01492,TORONTO_UTE92_0113
TORONTO_UTE92_STU01492,TORONTO_UTE92_0139
TORONTO_UTE92_STU01492,TORONTO_UTE92_0170
TORONTO_UTE92_STU01493,TORONTO_UTE92_0017
TORONTO_UTE92_STU01493,TORONTO_UTE92_0045
TORONTO_UTE92_STU01493,TORONTO_UTE92_0067
TORONTO_UTE92_STU01493,TORONTO_UTE92_0100
TORONTO_UTE92_STU01493,TORONTO_UTE92_0132
TORONTO_UTE92_STU01494,TORONTO_UTE92_0063
TORONTO_UTE92_STU01494,TORONTO_UTE92_0074
TORONTO_UTE92_STU01494,TORONTO_UTE92_0138
TORONTO_UTE92_STU01494,TORONTO_UTE92_0184
TORONTO_UTE92_STU01495,TORONTO_UTE92_0076
TORONTO_UTE92_STU01495,TORONTO_UTE92_0131
TORONTO_UTE92_STU01495,TORONTO_UTE92_0141
TORONTO_UTE92_STU01495,TORONTO_UTE92_0142
TORONTO_UTE92_STU01495,TORONTO_UTE92_0144
TORONTO_UTE92_STU01496,TORONTO_UTE92_0069
TORONTO_UTE92_STU01496,TORONTO_UTE92_0070
TORONTO_UTE92_STU01496,TORONTO_UTE92_0071
TORONTO_UTE92_STU01496,TORONTO_UTE92_0072
TORONTO_UTE92_STU01496,TORONTO_UTE92_0073
TORONTO_UTE92_STU01497,TORONTO_UTE92_0018
TORONTO_UTE92_STU01497,TORONTO_UTE92_0019
TORONTO_UTE92_STU01497,TORONTO_UTE92_0020
TORONTO_UTE92_STU01497,TORONTO_UTE92_0021
TORONTO_UTE92_STU01498,TORONTO_UTE92_0112
TORONTO_UTE92_STU01498,TORONTO_UTE92_0113
TORONTO_UTE92_STU01498,TORONTO_UTE92_0139
TORONTO_UTE92_STU01498,TORONTO_UTE92_0170
TORONTO_UTE92_STU01499,TORONTO_UTE92_0076
TORONTO_UTE92_STU01499,TORONTO_UTE92_0131
TORONTO_UTE92_STU01499,TORONTO_UTE92_0141
TORONTO_UTE92_STU01499,TORONTO_UTE92_0142
TORONTO_UTE92_STU01499,TORONTO_UTE92_0144
TORONTO_UTE92_STU01500,TORONTO_UTE92_0014
TORONTO_UTE92_STU01500,TORONTO_UTE92_0047
TORONTO_UTE92_STU01500,TORONTO_UTE92_0048
TORONTO_UTE92_STU01500,TORONTO_UTE92_0049
TORONTO_UTE92_STU01500,TORONTO_UTE92_0050
TORONTO_UTE92_STU01501,TORONTO_UTE92_0069
TORONTO_UTE92_STU01501,TORONTO_UTE92_0070
TORONTO_UTE92_STU01501,TORONTO_UTE92_0071
TORONTO_UTE92_STU01501,TORONTO_UTE92_0072
TORONTO_UTE92_STU01501,TORONTO_UTE92_0073
TORONTO_UTE92_STU01502,TORONTO_UTE92_0009
TORONTO_UTE92_STU01502,TORONTO_UTE92_0136
TORONTO_UTE92_STU01503,TORONTO_UTE92_0047
TORONTO_UTE92_STU01503,TORONTO_UTE92_0048
TORONTO_UTE92_STU01503,TORONTO_UTE92_0049
TORONTO_UTE92_STU01503,TORONTO_UTE92_0050
TORONTO_UTE92_STU01504,TORONTO_UTE92_0063
TORONTO_UTE92_STU01504,TORONTO_UTE92_0074
TORONTO_UTE92_STU01504,TORONTO_UTE92_0138
TORONTO_UTE92_STU01504,TORONTO_UTE92_0184
TORONTO_UTE92_STU01505,TORONTO_UTE92_0047
TORONTO_UTE92_STU01505,TORONTO_UTE92_0048
TORONTO_UTE92_STU01505,TORONTO_UTE92_0049
TORONTO_UTE92_STU01505,TORONTO_UTE92_0050
TORONTO_UTE92_STU01505,TORONTO_UTE92_0126
TORONTO_UTE92_STU01506,TORONTO_UTE92_0063
TORONTO_UTE92_STU01506,TORONTO_UTE92_0074
TORONTO_UTE92_STU01506,TORONTO_UTE92_0138
TORONTO_UTE92_STU01506,TORONTO_UTE92_0184
TORONTO_UTE92_STU01507,TORONTO_UTE92_0017
TORONTO_UTE92_STU01507,TORONTO_UTE92_0045
TORONTO_UTE92_STU01507,TORONTO_UTE92_0067
TORONTO_UTE92_STU01507,TORONTO_UTE92_0132
TORONTO_UTE92_STU01508,TORONTO_UTE92_0018
TORONTO_UTE92_STU01508,TORONTO_UTE92_0019
TORONTO_UTE92_STU01508,TORONTO_UTE92_0020
TORONTO_UTE92_STU01508,TORONTO_UTE92_0021
TORONTO_UTE92_STU01508,TORONTO_UTE92_0133
TORONTO_UTE92_STU01509,TORONTO_UTE92_0047
TORONTO_UTE92_STU01509,TORONTO_UTE92_0048
TORONTO_UTE92_STU01509,TORONTO_UTE92_0049
TORONTO_UTE92_STU01509,TORONTO_UTE92_0050
TORONTO_UTE92_STU01509,TORONTO_UTE92_0143
TORONTO_UTE92_STU01510,TORONTO_UTE92_0076
TORONTO_UTE92_STU01510,TORONTO_UTE92_0131
TORONTO_UTE92_STU01510,TORONTO_UTE92_0141
TORONTO_UTE92_STU01510,TORONTO_UTE92_0142
TORONTO_UTE92_STU01510,TORONTO_UTE92_0144
TORONTO_UTE92_STU01511,TORONTO_UTE92_0076
TORONTO_UTE92_STU01511,TORONTO_UTE92_0131
TORONTO_UTE92_STU01511,TORONTO_UTE92_0141
TORONTO_UTE92_STU01511,TORONTO_UTE92_0142
TORONTO_UTE92_STU01511,TORONTO_UTE92_0144
TORONTO_UTE92_STU01512,TORONTO_UTE92_0069
TORONTO_UTE92_STU01512,TORONTO_UTE92_0070
TORONTO_UTE92_STU01512,TORONTO_UTE92_0071
TORONTO_UTE92_STU01512,TORONTO_UTE92_0072
TORONTO_UTE92_STU01512,TORONTO_UTE92_0073
TORONTO_UTE92_STU01513,TORONTO_UTE92_0015
TORONTO_UTE92_STU01513,TORONTO_UTE92_0018
TORONTO_UTE92_STU01513,TORONTO_UTE92_0019
TORONTO_UTE92_STU01513,TORONTO_UTE92_0020
TORONTO_UTE92_STU01513,TORONTO_UTE92_0021
TORONTO_UTE92_STU01514,TORONTO_UTE92_0069
TORONTO_UTE92_STU01514,TORONTO_UTE92_0070
TORONTO_UTE92_STU01514,TORONTO_UTE92_0071
TORONTO_UTE92_STU01514,TORONTO_UTE92_0072
TORONTO_UTE92_STU01514,TORONTO_UTE92_0073
TORONTO_UTE92_STU01515,TORONTO_UTE92_0069
TORONTO_UTE92_STU01515,TORONTO_UTE92_0070
TORONTO_UTE92_STU01515,TORONTO_UTE92_0071
TORONTO_UTE92_STU01515,TORONTO_UTE92_0072
TORONTO_UTE92_STU01515,TORONTO_UTE92_0073
TORONTO_UTE92_STU01516,TORONTO_UTE92_0018
TORONTO_UTE92_STU01516,TORONTO_UTE92_0019
TORONTO_UTE92_STU01516,TORONTO_UTE92_0020
TORONTO_UTE92_STU01516,TORONTO_UTE92_0021
TORONTO_UTE92_STU01516,TORONTO_UTE92_0133
TORONTO_UTE92_STU01517,TORONTO_UTE92_0015
TORONTO_UTE92_STU01517,TORONTO_UTE92_0112
TORONTO_UTE92_STU01517,TORONTO_UTE92_0113
TORONTO_UTE92_STU01517,TORONTO_UTE92_0139
TORONTO_UTE92_STU01517,TORONTO_UTE92_0170
TORONTO_UTE92_STU01518,TORONTO_UTE92_0045
TORONTO_UTE92_STU01518,TORONTO_UTE92_0066
TORONTO_UTE92_STU01518,TORONTO_UTE92_0130
TORONTO_UTE92_STU01518,TORONTO_UTE92_0136
TORONTO_UTE92_STU01519,TORONTO_UTE92_0063
TORONTO_UTE92_STU01519,TORONTO_UTE92_0074
TORONTO_UTE92_STU01519,TORONTO_UTE92_0138
TORONTO_UTE92_STU01519,TORONTO_UTE92_0184
TORONTO_UTE92_STU01520,TORONTO_UTE92_0045
TORONTO_UTE92_STU01520,TORONTO_UTE92_0066
TORONTO_UTE92_STU01520,TORONTO_UTE92_0108
TORONTO_UTE92_STU01520,TORONTO_UTE92_0130
TORONTO_UTE92_STU01520,TORONTO_UTE92_0140
TORONTO_UTE92_STU01521,TORONTO_UTE92_0047
TORONTO_UTE92_STU01521,TORONTO_UTE92_0048
TORONTO_UTE92_STU01521,TORONTO_UTE92_0049
TORONTO_UTE92_STU01521,TORONTO_UTE92_0050
TORONTO_UTE92_STU01521,TORONTO_UTE92_0108
TORONTO_UTE92_STU01522,TORONTO_UTE92_0063
TORONTO_UTE92_STU01522,TORONTO_UTE92_0074
TORONTO_UTE92_STU01522,TORONTO_UTE92_0138
TORONTO_UTE92_STU01522,TORONTO_UTE92_0184
TORONTO_UTE92_STU01523,TORONTO_UTE92_0069
TORONTO_UTE92_STU01523,TORONTO_UTE92_0070
TORONTO_UTE92_STU01523,TORONTO_UTE92_0071
TORONTO_UTE92_STU01523,TORONTO_UTE92_0072
TORONTO_UTE92_STU01523,TORONTO_UTE92_0073
TORONTO_UTE92_STU01524,TORONTO_UTE92_0063
TORONTO_UTE92_STU01524,TORONTO_UTE92_0074
TORONTO_UTE92_STU01524,TORONTO_UTE92_0138
TORONTO_UTE92_STU01524,TORONTO_UTE92_0184
TORONTO_UTE92_STU01525,TORONTO_UTE92_0112
TORONTO_UTE92_STU01525,TORONTO_UTE92_0113
TORONTO_UTE92_STU01525,TORONTO_UTE92_0139
TORONTO_UTE92_STU01525,TORONTO_UTE92_0170
TORONTO_UTE92_STU01526,TORONTO_UTE92_0012
TORONTO_UTE92_STU01526,TORONTO_UTE92_0047
TORONTO_UTE92_STU01526,TORONTO_UTE92_0048
TORONTO_UTE92_STU01526,TORONTO_UTE92_0049
TORONTO_UTE92_STU01526,TORONTO_UTE92_0050
TORONTO_UTE92_STU01527,TORONTO_UTE92_0012
TORONTO_UTE92_STU01527,TORONTO_UTE92_0047
TORONTO_UTE92_STU01527,TORONTO_UTE92_0048
TORONTO_UTE92_STU01527,TORONTO_UTE92_0049
TORONTO_UTE92_STU01527,TORONTO_UTE92_0050
TORONTO_UTE92_STU01527,TORONTO_UTE92_0136
TORONTO_UTE92_STU01528,TORONTO_UTE92_0018
TORONTO_UTE92_STU01528,TORONTO_UTE92_0019
TORONTO_UTE92_STU01528,TORONTO_UTE92_0020
TORONTO_UTE92_STU01528,TORONTO_UTE92_0021
TORONTO_UTE92_STU01528,TORONTO_UTE92_0108
TORONTO_UTE92_STU01529,TORONTO_UTE92_0076
TORONTO_UTE92_STU01529,TORONTO_UTE92_0131
TORONTO_UTE92_STU01529,TORONTO_UTE92_0141
TORONTO_UTE92_STU01529,TORONTO_UTE92_0142
TORONTO_UTE92_STU01529,TORONTO_UTE92_0144
TORONTO_UTE92_STU01530,TORONTO_UTE92_0047
TORONTO_UTE92_STU01530,TORONTO_UTE92_0048
TORONTO_UTE92_STU01530,TORONTO_UTE92_0049
TORONTO_UTE92_STU01530,TORONTO_UTE92_0050
TORONTO_UTE92_STU01531,TORONTO_UTE92_0069
TORONTO_UTE92_STU01531,TORONTO_UTE92_0070
TORONTO_UTE92_STU01531,TORONTO_UTE92_0071
TORONTO_UTE92_STU01531,TORONTO_UTE92_0072
TORONTO_UTE92_STU01531,TORONTO_UTE92_0073
TORONTO_UTE92_STU01532,TORONTO_UTE92_0015
TORONTO_UTE92_STU01532,TORONTO_UTE92_0075
TORONTO_UTE92_STU01532,TORONTO_UTE92_0112
TORONTO_UTE92_STU01532,TORONTO_UTE92_0113
TORONTO_UTE92_STU01532,TORONTO_UTE92_0139
TORONTO_UTE92_STU01533,TORONTO_UTE92_0063
TORONTO_UTE92_STU01533,TORONTO_UTE92_0074
TORONTO_UTE92_STU01533,TORONTO_UTE92_0138
TORONTO_UTE92_STU01533,TORONTO_UTE92_0184
TORONTO_UTE92_STU01534,TORONTO_UTE92_0069
TORONTO_UTE92_STU01534,TORONTO_UTE92_0070
TORONTO_UTE92_STU01534,TORONTO_UTE92_0071
TORONTO_UTE92_STU01534,TORONTO_UTE92_0072
TORONTO_UTE92_STU01534,TORONTO_UTE92_0073
TORONTO_UTE92_STU01535,TORONTO_UTE92_0047
TORONTO_UTE92_STU01535,TORONTO_UTE92_0048
TORONTO_UTE92_STU01535,TORONTO_UTE92_0049
TORONTO_UTE92_STU01535,TORONTO_UTE92_0050
TORONTO_UTE92_STU01535,TORONTO_UTE92_0143
TORONTO_UTE92_STU01536,TORONTO_UTE92_0018
TORONTO_UTE92_STU01536,TORONTO_UTE92_0019
TORONTO_UTE92_STU01536,TORONTO_UTE92_0020
TORONTO_UTE92_STU01536,TORONTO_UTE92_0021
TORONTO_UTE92_STU01536,TORONTO_UTE92_0104
TORONTO_UTE92_STU01537,TORONTO_UTE92_0063
TORONTO_UTE92_STU01537,TORONTO_UTE92_0074
TORONTO_UTE92_STU01537,TORONTO_UTE92_0138
TORONTO_UTE92_STU01537,TORONTO_UTE92_0184
TORONTO_UTE92_STU01538,TORONTO_UTE92_0069
TORONTO_UTE92_STU01538,TORONTO_UTE92_0070
TORONTO_UTE92_STU01538,TORONTO_UTE92_0071
TORONTO_UTE92_STU01538,TORONTO_UTE92_0072
TORONTO_UTE92_STU01538,TORONTO_UTE92_0073
TORONTO_UTE92_STU01539,TORONTO_UTE92_0011
TORONTO_UTE92_STU01539,TORONTO_UTE92_0013
TORONTO_UTE92_STU01539,TORONTO_UTE92_0067
TORONTO_UTE92_STU01539,TORONTO_UTE92_0110
TORONTO_UTE92_STU01540,TORONTO_UTE92_0018
TORONTO_UTE92_STU01540,TORONTO_UTE92_0019
TORONTO_UTE92_STU01540,TORONTO_UTE92_0020
TORONTO_UTE92_STU01540,TORONTO_UTE92_0021
TORONTO_UTE92_STU01540,TORONTO_UTE92_0126
TORONTO_UTE92_STU01541,TORONTO_UTE92_0070
TORONTO_UTE92_STU01541,TORONTO_UTE92_0073
TORONTO_UTE92_STU01542,TORONTO_UTE92_0018
TORONTO_UTE92_STU01542,TORONTO_UTE92_0019
TORONTO_UTE92_STU01542,TORONTO_UTE92_0020
TORONTO_UTE92_STU01542,TORONTO_UTE92_0021
TORONTO_UTE92_STU01542,TORONTO_UTE92_0133
TORONTO_UTE92_STU01543,TORONTO_UTE92_0063
TORONTO_UTE92_STU01543,TORONTO_UTE92_0074
TORONTO_UTE92_STU01543,TORONTO_UTE92_0138
TORONTO_UTE92_STU01543,TORONTO_UTE92_0184
TORONTO_UTE92_STU01544,TORONTO_UTE92_0018
TORONTO_UTE92_STU01544,TORONTO_UTE92_0019
TORONTO_UTE92_STU01544,TORONTO_UTE92_0020
TORONTO_UTE92_STU01544,TORONTO_UTE92_0021
TORONTO_UTE92_STU01544,TORONTO_UTE92_0100
TORONTO_UTE92_STU01545,TORONTO_UTE92_0076
TORONTO_UTE92_STU01545,TORONTO_UTE92_0131
TORONTO_UTE92_STU01545,TORONTO_UTE92_0141
TORONTO_UTE92_STU01545,TORONTO_UTE92_0142
TORONTO_UTE92_STU01545,TORONTO_UTE92_0144
TORONTO_UTE92_STU01546,TORONTO_UTE92_0076
TORONTO_UTE92_STU01546,TORONTO_UTE92_0131
TORONTO_UTE92_STU01546,TORONTO_UTE92_0141
TORONTO_UTE92_STU01546,TORONTO_UTE92_0142
TORONTO_UTE92_STU01546,TORONTO_UTE92_0144
TORONTO_UTE92_STU01547,TORONTO_UTE92_0100
TORONTO_UTE92_STU01547,TORONTO_UTE92_0112
TORONTO_UTE92_STU01547,TORONTO_UTE92_0113
TORONTO_UTE92_STU01547,TORONTO_UTE92_0139
TORONTO_UTE92_STU01547,TORONTO_UTE92_0170
TORONTO_UTE92_STU01548,TORONTO_UTE92_0069
TORONTO_UTE92_STU01548,TORONTO_UTE92_0070
TORONTO_UTE92_STU01548,TORONTO_UTE92_0071
TORONTO_UTE92_STU01548,TORONTO_UTE92_0072
TORONTO_UTE92_STU01548,TORONTO_UTE92_0073
TORONTO_UTE92_STU01549,TORONTO_UTE92_0076
TORONTO_UTE92_STU01549,TORONTO_UTE92_0131
TORONTO_UTE92_STU01549,TORONTO_UTE92_0141
TORONTO_UTE92_STU01549,TORONTO_UTE92_0142
TORONTO_UTE92_STU01549,TORONTO_UTE92_0144
TORONTO_UTE92_STU01550,TORONTO_UTE92_0076
TORONTO_UTE92_STU01550,TORONTO_UTE92_0131
TORONTO_UTE92_STU01550,TORONTO_UTE92_0141
TORONTO_UTE92_STU01550,TORONTO_UTE92_0142
TORONTO_UTE92_STU01550,TORONTO_UTE92_0144
TORONTO_UTE92_STU01551,TORONTO_UTE92_0076
TORONTO_UTE92_STU01551,TORONTO_UTE92_0131
TORONTO_UTE92_STU01551,TORONTO_UTE92_0141
TORONTO_UTE92_STU01551,TORONTO_UTE92_0142
TORONTO_UTE92_STU01551,TORONTO_UTE92_0144
TORONTO_UTE92_STU01552,TORONTO_UTE92_0076
TORONTO_UTE92_STU01552,TORONTO_UTE92_0131
TORONTO_UTE92_STU01552,TORONTO_UTE92_0141
TORONTO_UTE92_STU01552,TORONTO_UTE92_0142
TORONTO_UTE92_STU01552,TORONTO_UTE92_0144
TORONTO_UTE92_STU01553,TORONTO_UTE92_0069
TORONTO_UTE92_STU01553,TORONTO_UTE92_0070
TORONTO_UTE92_STU01553,TORONTO_UTE92_0071
TORONTO_UTE92_STU01553,TORONTO_UTE92_0072
TORONTO_UTE92_STU01553,TORONTO_UTE92_0073
TORONTO_UTE92_STU01554,TORONTO_UTE92_0112
TORONTO_UTE92_STU01554,TORONTO_UTE92_0113
TORONTO_UTE92_STU01554,TORONTO_UTE92_0139
TORONTO_UTE92_STU01554,TORONTO_UTE92_0170
TORONTO_UTE92_STU01555,TORONTO_UTE92_0063
TORONTO_UTE92_STU01555,TORONTO_UTE92_0074
TORONTO_UTE92_STU01555,TORONTO_UTE92_0138
TORONTO_UTE92_STU01555,TORONTO_UTE92_0184
TORONTO_UTE92_STU01556,TORONTO_UTE92_0011
TORONTO_UTE92_STU01556,TORONTO_UTE92_0045
TORONTO_UTE92_STU01556,TORONTO_UTE92_0067
TORONTO_UTE92_STU01556,TORONTO_UTE92_0107
TORONTO_UTE92_STU01557,TORONTO_UTE92_0047
TORONTO_UTE92_STU01557,TORONTO_UTE92_0048
TORONTO_UTE92_STU01557,TORONTO_UTE92_0049
TORONTO_UTE92_STU01557,TORONTO_UTE92_0050
TORONTO_UTE92_STU01557,TORONTO_UTE92_0108
TORONTO_UTE92_STU01558,TORONTO_UTE92_0063
TORONTO_UTE92_STU01558,TORONTO_UTE92_0074
TORONTO_UTE92_STU01558,TORONTO_UTE92_0138
TORONTO_UTE92_STU01558,TORONTO_UTE92_0184
TORONTO_UTE92_STU01559,TORONTO_UTE92_0076
TORONTO_UTE92_STU01559,TORONTO_UTE92_0131
TORONTO_UTE92_STU01559,TORONTO_UTE92_0141
TORONTO_UTE92_STU01559,TORONTO_UTE92_0142
TORONTO_UTE92_STU01559,TORONTO_UTE92_0144
TORONTO_UTE92_STU01560,TORONTO_UTE92_0112
TORONTO_UTE92_STU01560,TORONTO_UTE92_0113
TORONTO_UTE92_STU01560,TORONTO_UTE92_0139
TORONTO_UTE92_STU01560,TORONTO_UTE92_0170
TORONTO_UTE92_STU01561,TORONTO_UTE92_0069
TORONTO_UTE92_STU01561,TORONTO_UTE92_0070
TORONTO_UTE92_STU01561,TORONTO_UTE92_0071
TORONTO_UTE92_STU01561,TORONTO_UTE92_0072
TORONTO_UTE92_STU01561,TORONTO_UTE92_0073
TORONTO_UTE92_STU01562,TORONTO_UTE92_0069
TORONTO_UTE92_STU01562,TORONTO_UTE92_0070
TORONTO_UTE92_STU01562,TORONTO_UTE92_0071
TORONTO_UTE92_STU01562,TORONTO_UTE92_0072
TORONTO_UTE92_STU01562,TORONTO_UTE92_0073
TORONTO_UTE92_STU01563,TORONTO_UTE92_0069
TORONTO_UTE92_STU01563,TORONTO_UTE92_0070
TORONTO_UTE92_STU01563,TORONTO_UTE92_0071
TORONTO_UTE92_STU01563,TORONTO_UTE92_0072
TORONTO_UTE92_STU01563,TORONTO_UTE92_0073
TORONTO_UTE92_STU01564,TORONTO_UTE92_0063
TORONTO_UTE92_STU01564,TORONTO_UTE92_0074
TORONTO_UTE92_STU01564,TORONTO_UTE92_0138
TORONTO_UTE92_STU01564,TORONTO_UTE92_0184
TORONTO_UTE92_STU01565,TORONTO_UTE92_0069
TORONTO_UTE92_STU01565,TORONTO_UTE92_0070
TORONTO_UTE92_STU01565,TORONTO_UTE92_0071
TORONTO_UTE92_STU01565,TORONTO_UTE92_0072
TORONTO_UTE92_STU01565,TORONTO_UTE92_0073
TORONTO_UTE92_STU01566,TORONTO_UTE92_0011
TORONTO_UTE92_STU01566,TORONTO_UTE92_0112
TORONTO_UTE92_STU01566,TORONTO_UTE92_0113
TORONTO_UTE92_STU01566,TORONTO_UTE92_0139
TORONTO_UTE92_STU01566,TORONTO_UTE92_0170
TORONTO_UTE92_STU01567,TORONTO_UTE92_0013
TORONTO_UTE92_STU01567,TORONTO_UTE92_0018
TORONTO_UTE92_STU01567,TORONTO_UTE92_0019
TORONTO_UTE92_STU01567,TORONTO_UTE92_0020
TORONTO_UTE92_STU01567,TORONTO_UTE92_0021
TORONTO_UTE92_STU01568,TORONTO_UTE92_0012
TORONTO_UTE92_STU01568,TORONTO_UTE92_0047
TORONTO_UTE92_STU01568,TORONTO_UTE92_0048
TORONTO_UTE92_STU01568,TORONTO_UTE92_0049
TORONTO_UTE92_STU01568,TORONTO_UTE92_0050
TORONTO_UTE92_STU01569,TORONTO_UTE92_0069
TORONTO_UTE92_STU01569,TORONTO_UTE92_0070
TORONTO_UTE92_STU01569,TORONTO_UTE92_0071
TORONTO_UTE92_STU01569,TORONTO_UTE92_0072
TORONTO_UTE92_STU01569,TORONTO_UTE92_0073
TORONTO_UTE92_STU01570,TORONTO_UTE92_0012
TORONTO_UTE92_STU01570,TORONTO_UTE92_0018
TORONTO_UTE92_STU01570,TORONTO_UTE92_0019
TORONTO_UTE92_STU01570,TORONTO_UTE92_0020
TORONTO_UTE92_STU01570,TORONTO_UTE92_0021
TORONTO_UTE92_STU01571,TORONTO_UTE92_0076
TORONTO_UTE92_STU01571,TORONTO_UTE92_0131
TORONTO_UTE92_STU01571,TORONTO_UTE92_0141
TORONTO_UTE92_STU01571,TORONTO_UTE92_0142
TORONTO_UTE92_STU01571,TORONTO_UTE92_0144
TORONTO_UTE92_STU01572,TORONTO_UTE92_0063
TORONTO_UTE92_STU01572,TORONTO_UTE92_0074
TORONTO_UTE92_STU01572,TORONTO_UTE92_0138
TORONTO_UTE92_STU01572,TORONTO_UTE92_0184
TORONTO_UTE92_STU01573,TORONTO_UTE92_0069
TORONTO_UTE92_STU01573,TORONTO_UTE92_0070
TORONTO_UTE92_STU01573,TORONTO_UTE92_0071
TORONTO_UTE92_STU01573,TORONTO_UTE92_0072
TORONTO_UTE92_STU01573,TORONTO_UTE92_0073
TORONTO_UTE92_STU01574,TORONTO_UTE92_0069
TORONTO_UTE92_STU01574,TORONTO_UTE92_0070
TORONTO_UTE92_STU01574,TORONTO_UTE92_0071
TORONTO_UTE92_STU01574,TORONTO_UTE92_0072
TORONTO_UTE92_STU01574,TORONTO_UTE92_0073
TORONTO_UTE92_STU01575,TORONTO_UTE92_0048
TORONTO_UTE92_STU01575,TORONTO_UTE92_0064
TORONTO_UTE92_STU01575,TORONTO_UTE92_0140
TORONTO_UTE92_STU01575,TORONTO_UTE92_0143
TORONTO_UTE92_STU01576,TORONTO_UTE92_0017
TORONTO_UTE92_STU01576,TORONTO_UTE92_0045
TORONTO_UTE92_STU01576,TORONTO_UTE92_0067
TORONTO_UTE92_STU01576,TORONTO_UTE92_0100
TORONTO_UTE92_STU01576,TORONTO_UTE92_0132
TORONTO_UTE92_STU01577,TORONTO_UTE92_0015
TORONTO_UTE92_STU01577,TORONTO_UTE92_0112
TORONTO_UTE92_STU01577,TORONTO_UTE92_0113
TORONTO_UTE92_STU01577,TORONTO_UTE92_0139
TORONTO_UTE92_STU01577,TORONTO_UTE92_0170
TORONTO_UTE92_STU01578,TORONTO_UTE92_0069
TORONTO_UTE92_STU01578,TORONTO_UTE92_0070
TORONTO_UTE92_STU01578,TORONTO_UTE92_0071
TORONTO_UTE92_STU01578,TORONTO_UTE92_0072
TORONTO_UTE92_STU01578,TORONTO_UTE92_0073
TORONTO_UTE92_STU01579,TORONTO_UTE92_0076
TORONTO_UTE92_STU01579,TORONTO_UTE92_0131
TORONTO_UTE92_STU01579,TORONTO_UTE92_0141
TORONTO_UTE92_STU01579,TORONTO_UTE92_0142
TORONTO_UTE92_STU01579,TORONTO_UTE92_0144
TORONTO_UTE92_STU01580,TORONTO_UTE92_0008
TORONTO_UTE92_STU01580,TORONTO_UTE92_0067
TORONTO_UTE92_STU01580,TORONTO_UTE92_0107
TORONTO_UTE92_STU01580,TORONTO_UTE92_0132
TORONTO_UTE92_STU01580,TORONTO_UTE92_0136
TORONTO_UTE92_STU01581,TORONTO_UTE92_0008
TORONTO_UTE92_STU01581,TORONTO_UTE92_0104
TORONTO_UTE92_STU01581,TORONTO_UTE92_0113
TORONTO_UTE92_STU01582,TORONTO_UTE92_0008
TORONTO_UTE92_STU01582,TORONTO_UTE92_0014
TORONTO_UTE92_STU01582,TORONTO_UTE92_0067
TORONTO_UTE92_STU01582,TORONTO_UTE92_0130
TORONTO_UTE92_STU01582,TORONTO_UTE92_0132
TORONTO_UTE92_STU01583,TORONTO_UTE92_0063
TORONTO_UTE92_STU01583,TORONTO_UTE92_0074
TORONTO_UTE92_STU01583,TORONTO_UTE92_0138
TORONTO_UTE92_STU01583,TORONTO_UTE92_0184
TORONTO_UTE92_STU01584,TORONTO_UTE92_0018
TORONTO_UTE92_STU01584,TORONTO_UTE92_0019
TORONTO_UTE92_STU01584,TORONTO_UTE92_0020
TORONTO_UTE92_STU01584,TORONTO_UTE92_0021
TORONTO_UTE92_STU01585,TORONTO_UTE92_0076
TORONTO_UTE92_STU01585,TORONTO_UTE92_0131
TORONTO_UTE92_STU01585,TORONTO_UTE92_0141
TORONTO_UTE92_STU01585,TORONTO_UTE92_0142
TORONTO_UTE92_STU01585,TORONTO_UTE92_0144
TORONTO_UTE92_STU01586,TORONTO_UTE92_0076
TORONTO_UTE92_STU01586,TORONTO_UTE92_0131
TORONTO_UTE92_STU01586,TORONTO_UTE92_0141
TORONTO_UTE92_STU01586,TORONTO_UTE92_0142
TORONTO_UTE92_STU01586,TORONTO_UTE92_0144
TORONTO_UTE92_STU01587,TORONTO_UTE92_0045
TORONTO_UTE92_STU01587,TORONTO_UTE92_0067
TORONTO_UTE92_STU01587,TORONTO_UTE92_0108
TORONTO_UTE92_STU01587,TORONTO_UTE92_0132
TORONTO_UTE92_STU01588,TORONTO_UTE92_0069
TORONTO_UTE92_STU01588,TORONTO_UTE92_0070
TORONTO_UTE92_STU01588,TORONTO_UTE92_0071
TORONTO_UTE92_STU01588,TORONTO_UTE92_0072
TORONTO_UTE92_STU01588,TORONTO_UTE92_0073
TORONTO_UTE92_STU01589,TORONTO_UTE92_0045
TORONTO_UTE92_STU01589,TORONTO_UTE92_0066
TORONTO_UTE92_STU01589,TORONTO_UTE92_0100
TORONTO_UTE92_STU01589,TORONTO_UTE92_0130
TORONTO_UTE92_STU01589,TORONTO_UTE92_0136
TORONTO_UTE92_STU01590,TORONTO_UTE92_0018
TORONTO_UTE92_STU01590,TORONTO_UTE92_0019
TORONTO_UTE92_STU01590,TORONTO_UTE92_0020
TORONTO_UTE92_STU01590,TORONTO_UTE92_0021
TORONTO_UTE92_STU01591,TORONTO_UTE92_0009
TORONTO_UTE92_STU01591,TORONTO_UTE92_0066
TORONTO_UTE92_STU01591,TORONTO_UTE92_0130
TORONTO_UTE92_STU01591,TORONTO_UTE92_0136
TORONTO_UTE92_STU01591,TORONTO_UTE92_0140
TORONTO_UTE92_STU01592,TORONTO_UTE92_0112
TORONTO_UTE92_STU01592,TORONTO_UTE92_0113
TORONTO_UTE92_STU01592,TORONTO_UTE92_0139
TORONTO_UTE92_STU01592,TORONTO_UTE92_0170
TORONTO_UTE92_STU01593,TORONTO_UTE92_0047
TORONTO_UTE92_STU01593,TORONTO_UTE92_0048
TORONTO_UTE92_STU01593,TORONTO_UTE92_0049
TORONTO_UTE92_STU01593,TORONTO_UTE92_0050
TORONTO_UTE92_STU01593,TORONTO_UTE92_0143
TORONTO_UTE92_STU01594,TORONTO_UTE92_0008
TORONTO_UTE92_STU01594,TORONTO_UTE92_0067
TORONTO_UTE92_STU01595,TORONTO_UTE92_0015
TORONTO_UTE92_STU01595,TORONTO_UTE92_0047
TORONTO_UTE92_STU01595,TORONTO_UTE92_0048
TORONTO_UTE92_STU01595,TORONTO_UTE92_0049
TORONTO_UTE92_STU01595,TORONTO_UTE92_0050
TORONTO_UTE92_STU01596,TORONTO_UTE92_0018
TORONTO_UTE92_STU01596,TORONTO_UTE92_0019
TORONTO_UTE92_STU01596,TORONTO_UTE92_0020
TORONTO_UTE92_STU01596,TORONTO_UTE92_0021
TORONTO_UTE92_STU01596,TORONTO_UTE92_0133
TORONTO_UTE92_STU01597,TORONTO_UTE92_0015
TORONTO_UTE92_STU01597,TORONTO_UTE92_0018
TORONTO_UTE92_STU01597,TORONTO_UTE92_0019
TORONTO_UTE92_STU01597,TORONTO_UTE92_0020
TORONTO_UTE92_STU01597,TORONTO_UTE92_0021
TORONTO_UTE92_STU01598,TORONTO_UTE92_0069
TORONTO_UTE92_STU01598,TORONTO_UTE92_0070
TORONTO_UTE92_STU01598,TORONTO_UTE92_0071
TORONTO_UTE92_STU01598,TORONTO_UTE92_0072
TORONTO_UTE92_STU01598,TORONTO_UTE92_0073
TORONTO_UTE92_STU01599,TORONTO_UTE92_0048
TORONTO_UTE92_STU01599,TORONTO_UTE92_0064
TORONTO_UTE92_STU01599,TORONTO_UTE92_0108
TORONTO_UTE92_STU01599,TORONTO_UTE92_0143
TORONTO_UTE92_STU01600,TORONTO_UTE92_0014
TORONTO_UTE92_STU01600,TORONTO_UTE92_0047
TORONTO_UTE92_STU01600,TORONTO_UTE92_0048
TORONTO_UTE92_STU01600,TORONTO_UTE92_0049
TORONTO_UTE92_STU01600,TORONTO_UTE92_0050
TORONTO_UTE92_STU01601,TORONTO_UTE92_0047
TORONTO_UTE92_STU01601,TORONTO_UTE92_0048
TORONTO_UTE92_STU01601,TORONTO_UTE92_0049
TORONTO_UTE92_STU01601,TORONTO_UTE92_0050
TORONTO_UTE92_STU01601,TORONTO_UTE92_0126
TORONTO_UTE92_STU01602,TORONTO_UTE92_0076
TORONTO_UTE92_STU01602,TORONTO_UTE92_0131
TORONTO_UTE92_STU01602,TORONTO_UTE92_0141
TORONTO_UTE92_STU01602,TORONTO_UTE92_0142
TORONTO_UTE92_STU01602,TORONTO_UTE92_0144
TORONTO_UTE92_STU01603,TORONTO_UTE92_0015
TORONTO_UTE92_STU01603,TORONTO_UTE92_0075
TORONTO_UTE92_STU01603,TORONTO_UTE92_0112
TORONTO_UTE92_STU01603,TORONTO_UTE92_0113
TORONTO_UTE92_STU01603,TORONTO_UTE92_0136
TORONTO_UTE92_STU01604,TORONTO_UTE92_0069
TORONTO_UTE92_STU01604,TORONTO_UTE92_0070
TORONTO_UTE92_STU01604,TORONTO_UTE92_0071
TORONTO_UTE92_STU01604,TORONTO_UTE92_0072
TORONTO_UTE92_STU01604,TORONTO_UTE92_0073
TORONTO_UTE92_STU01605,TORONTO_UTE92_0069
TORONTO_UTE92_STU01605,TORONTO_UTE92_0070
TORONTO_UTE92_STU01605,TORONTO_UTE92_0071
TORONTO_UTE92_STU01605,TORONTO_UTE92_0072
TORONTO_UTE92_STU01605,TORONTO_UTE92_0073
TORONTO_UTE92_STU01606,TORONTO_UTE92_0069
TORONTO_UTE92_STU01606,TORONTO_UTE92_0070
TORONTO_UTE92_STU01606,TORONTO_UTE92_0071
TORONTO_UTE92_STU01606,TORONTO_UTE92_0072
TORONTO_UTE92_STU01606,TORONTO_UTE92_0073
TORONTO_UTE92_STU01607,TORONTO_UTE92_0047
TORONTO_UTE92_STU01607,TORONTO_UTE92_0048
TORONTO_UTE92_STU01607,TORONTO_UTE92_0049
TORONTO_UTE92_STU01607,TORONTO_UTE92_0050
TORONTO_UTE92_STU01607,TORONTO_UTE92_0125
TORONTO_UTE92_STU01608,TORONTO_UTE92_0112
TORONTO_UTE92_STU01608,TORONTO_UTE92_0113
TORONTO_UTE92_STU01608,TORONTO_UTE92_0139
TORONTO_UTE92_STU01608,TORONTO_UTE92_0170
TORONTO_UTE92_STU01609,TORONTO_UTE92_0008
TORONTO_UTE92_STU01609,TORONTO_UTE92_0067
TORONTO_UTE92_STU01609,TORONTO_UTE92_0100
TORONTO_UTE92_STU01609,TORONTO_UTE92_0130
TORONTO_UTE92_STU01609,TORONTO_UTE92_0132
TORONTO_UTE92_STU01610,TORONTO_UTE92_0063
TORONTO_UTE92_STU01610,TORONTO_UTE92_0074
TORONTO_UTE92_STU01610,TORONTO_UTE92_0138
TORONTO_UTE92_STU01610,TORONTO_UTE92_0184
TORONTO_UTE92_STU01611,TORONTO_UTE92_0063
TORONTO_UTE92_STU01611,TORONTO_UTE92_0074
TORONTO_UTE92_STU01611,TORONTO_UTE92_0138
TORONTO_UTE92_STU01611,TORONTO_UTE92_0184
TORONTO_UTE92_STU01612,TORONTO_UTE92_0008
TORONTO_UTE92_STU01612,TORONTO_UTE92_0017
TORONTO_UTE92_STU01612,TORONTO_UTE92_0067
TORONTO_UTE92_STU01612,TORONTO_UTE92_0108
TORONTO_UTE92_STU01612,TORONTO_UTE92_0132
TORONTO_UTE92_STU01613,TORONTO_UTE92_0063
TORONTO_UTE92_STU01613,TORONTO_UTE92_0074
TORONTO_UTE92_STU01613,TORONTO_UTE92_0138
TORONTO_UTE92_STU01613,TORONTO_UTE92_0184
TORONTO_UTE92_STU01614,TORONTO_UTE92_0075
TORONTO_UTE92_STU01614,TORONTO_UTE92_0112
TORONTO_UTE92_STU01614,TORONTO_UTE92_0113
TORONTO_UTE92_STU01614,TORONTO_UTE92_0139
TORONTO_UTE92_STU01615,TORONTO_UTE92_0018
TORONTO_UTE92_STU01615,TORONTO_UTE92_0019
TORONTO_UTE92_STU01615,TORONTO_UTE92_0020
TORONTO_UTE92_STU01615,TORONTO_UTE92_0021
TORONTO_UTE92_STU01615,TORONTO_UTE92_0125
TORONTO_UTE92_STU01616,TORONTO_UTE92_0076
TORONTO_UTE92_STU01616,TORONTO_UTE92_0131
TORONTO_UTE92_STU01616,TORONTO_UTE92_0141
TORONTO_UTE92_STU01616,TORONTO_UTE92_0142
TORONTO_UTE92_STU01616,TORONTO_UTE92_0144
TORONTO_UTE92_STU01617,TORONTO_UTE92_0075
TORONTO_UTE92_STU01617,TORONTO_UTE92_0112
TORONTO_UTE92_STU01617,TORONTO_UTE92_0113
TORONTO_UTE92_STU01617,TORONTO_UTE92_0139
TORONTO_UTE92_STU01618,TORONTO_UTE92_0069
TORONTO_UTE92_STU01618,TORONTO_UTE92_0070
TORONTO_UTE92_STU01618,TORONTO_UTE92_0071
TORONTO_UTE92_STU01618,TORONTO_UTE92_0072
TORONTO_UTE92_STU01618,TORONTO_UTE92_0073
TORONTO_UTE92_STU01619,TORONTO_UTE92_0076
TORONTO_UTE92_STU01619,TORONTO_UTE92_0131
TORONTO_UTE92_STU01619,TORONTO_UTE92_0141
TORONTO_UTE92_STU01619,TORONTO_UTE92_0142
TORONTO_UTE92_STU01619,TORONTO_UTE92_0144
TORONTO_UTE92_STU01620,TORONTO_UTE92_0063
TORONTO_UTE92_STU01620,TORONTO_UTE92_0074
TORONTO_UTE92_STU01620,TORONTO_UTE92_0138
TORONTO_UTE92_STU01620,TORONTO_UTE92_0184
TORONTO_UTE92_STU01621,TORONTO_UTE92_0009
TORONTO_UTE92_STU01621,TORONTO_UTE92_0066
TORONTO_UTE92_STU01621,TORONTO_UTE92_0108
TORONTO_UTE92_STU01621,TORONTO_UTE92_0130
TORONTO_UTE92_STU01622,TORONTO_UTE92_0047
TORONTO_UTE92_STU01622,TORONTO_UTE92_0048
TORONTO_UTE92_STU01622,TORONTO_UTE92_0049
TORONTO_UTE92_STU01622,TORONTO_UTE92_0050
TORONTO_UTE92_STU01622,TORONTO_UTE92_0143
TORONTO_UTE92_STU01623,TORONTO_UTE92_0063
TORONTO_UTE92_STU01623,TORONTO_UTE92_0074
TORONTO_UTE92_STU01623,TORONTO_UTE92_0138
TORONTO_UTE92_STU01623,TORONTO_UTE92_0184
TORONTO_UTE92_STU01624,TORONTO_UTE92_0069
TORONTO_UTE92_STU01624,TORONTO_UTE92_0070
TORONTO_UTE92_STU01624,TORONTO_UTE92_0071
TORONTO_UTE92_STU01624,TORONTO_UTE92_0072
TORONTO_UTE92_STU01624,TORONTO_UTE92_0073
TORONTO_UTE92_STU01625,TORONTO_UTE92_0018
TORONTO_UTE92_STU01625,TORONTO_UTE92_0019
TORONTO_UTE92_STU01625,TORONTO_UTE92_0020
TORONTO_UTE92_STU01625,TORONTO_UTE92_0021
TORONTO_UTE92_STU01625,TORONTO_UTE92_0133
TORONTO_UTE92_STU01626,TORONTO_UTE92_0048
TORONTO_UTE92_STU01626,TORONTO_UTE92_0064
TORONTO_UTE92_STU01626,TORONTO_UTE92_0108
TORONTO_UTE92_STU01626,TORONTO_UTE92_0143
TORONTO_UTE92_STU01627,TORONTO_UTE92_0018
TORONTO_UTE92_STU01627,TORONTO_UTE92_0019
TORONTO_UTE92_STU01627,TORONTO_UTE92_0020
TORONTO_UTE92_STU01627,TORONTO_UTE92_0021
TORONTO_UTE92_STU01627,TORONTO_UTE92_0133
TORONTO_UTE92_STU01628,TORONTO_UTE92_0069
TORONTO_UTE92_STU01628,TORONTO_UTE92_0070
TORONTO_UTE92_STU01628,TORONTO_UTE92_0071
TORONTO_UTE92_STU01628,TORONTO_UTE92_0072
TORONTO_UTE92_STU01628,TORONTO_UTE92_0073
TORONTO_UTE92_STU01629,TORONTO_UTE92_0069
TORONTO_UTE92_STU01629,TORONTO_UTE92_0070
TORONTO_UTE92_STU01629,TORONTO_UTE92_0071
TORONTO_UTE92_STU01629,TORONTO_UTE92_0072
TORONTO_UTE92_STU01629,TORONTO_UTE92_0073
TORONTO_UTE92_STU01630,TORONTO_UTE92_0018
TORONTO_UTE92_STU01630,TORONTO_UTE92_0019
TORONTO_UTE92_STU01630,TORONTO_UTE92_0020
TORONTO_UTE92_STU01630,TORONTO_UTE92_0021
TORONTO_UTE92_STU01630,TORONTO_UTE92_0133
TORONTO_UTE92_STU01631,TORONTO_UTE92_0018
TORONTO_UTE92_STU01631,TORONTO_UTE92_0019
TORONTO_UTE92_STU01631,TORONTO_UTE92_0020
TORONTO_UTE92_STU01631,TORONTO_UTE92_0021
TORONTO_UTE92_STU01631,TORONTO_UTE92_0133
TORONTO_UTE92_STU01632,TORONTO_UTE92_0076
TORONTO_UTE92_STU01632,TORONTO_UTE92_0131
TORONTO_UTE92_STU01632,TORONTO_UTE92_0141
TORONTO_UTE92_STU01632,TORONTO_UTE92_0142
TORONTO_UTE92_STU01632,TORONTO_UTE92_0144
TORONTO_UTE92_STU01633,TORONTO_UTE92_0069
TORONTO_UTE92_STU01633,TORONTO_UTE92_0070
TORONTO_UTE92_STU01633,TORONTO_UTE92_0071
TORONTO_UTE92_STU01633,TORONTO_UTE92_0072
TORONTO_UTE92_STU01633,TORONTO_UTE92_0073
TORONTO_UTE92_STU01634,TORONTO_UTE92_0048
TORONTO_UTE92_STU01634,TORONTO_UTE92_0064
TORONTO_UTE92_STU01634,TORONTO_UTE92_0143
TORONTO_UTE92_STU01635,TORONTO_UTE92_0069
TORONTO_UTE92_STU01635,TORONTO_UTE92_0070
TORONTO_UTE92_STU01635,TORONTO_UTE92_0071
TORONTO_UTE92_STU01635,TORONTO_UTE92_0072
TORONTO_UTE92_STU01635,TORONTO_UTE92_0073
TORONTO_UTE92_STU01636,TORONTO_UTE92_0069
TORONTO_UTE92_STU01636,TORONTO_UTE92_0070
TORONTO_UTE92_STU01636,TORONTO_UTE92_0071
TORONTO_UTE92_STU01636,TORONTO_UTE92_0072
TORONTO_UTE92_STU01636,TORONTO_UTE92_0073
TORONTO_UTE92_STU01637,TORONTO_UTE92_0063
TORONTO_UTE92_STU01637,TORONTO_UTE92_0074
TORONTO_UTE92_STU01637,TORONTO_UTE92_0138
TORONTO_UTE92_STU01637,TORONTO_UTE92_0184
TORONTO_UTE92_STU01638,TORONTO_UTE92_0069
TORONTO_UTE92_STU01638,TORONTO_UTE92_0070
TORONTO_UTE92_STU01638,TORONTO_UTE92_0071
TORONTO_UTE92_STU01638,TORONTO_UTE92_0072
TORONTO_UTE92_STU01638,TORONTO_UTE92_0073
TORONTO_UTE92_STU01639,TORONTO_UTE92_0064
TORONTO_UTE92_STU01639,TORONTO_UTE92_0131
TORONTO_UTE92_STU01639,TORONTO_UTE92_0168
TORONTO_UTE92_STU01639,TORONTO_UTE92_0169
TORONTO_UTE92_STU01639,TORONTO_UTE92_0183
TORONTO_UTE92_STU01640,TORONTO_UTE92_0069
TORONTO_UTE92_STU01640,TORONTO_UTE92_0070
TORONTO_UTE92_STU01640,TORONTO_UTE92_0071
TORONTO_UTE92_STU01640,TORONTO_UTE92_0072
TORONTO_UTE92_STU01640,TORONTO_UTE92_0073
TORONTO_UTE92_STU01641,TORONTO_UTE92_0063
TORONTO_UTE92_STU01641,TORONTO_UTE92_0074
TORONTO_UTE92_STU01641,TORONTO_UTE92_0138
TORONTO_UTE92_STU01641,TORONTO_UTE92_0184
TORONTO_UTE92_STU01642,TORONTO_UTE92_0069
TORONTO_UTE92_STU01642,TORONTO_UTE92_0070
TORONTO_UTE92_STU01642,TORONTO_UTE92_0071
TORONTO_UTE92_STU01642,TORONTO_UTE92_0072
TORONTO_UTE92_STU01642,TORONTO_UTE92_0073
TORONTO_UTE92_STU01643,TORONTO_UTE92_0063
TORONTO_UTE92_STU01643,TORONTO_UTE92_0074
TORONTO_UTE92_STU01643,TORONTO_UTE92_0138
TORONTO_UTE92_STU01643,TORONTO_UTE92_0184
TORONTO_UTE92_STU01644,TORONTO_UTE92_0048
TORONTO_UTE92_STU01644,TORONTO_UTE92_0064
TORONTO_UTE92_STU01644,TORONTO_UTE92_0100
TORONTO_UTE92_STU01644,TORONTO_UTE92_0143
TORONTO_UTE92_STU01645,TORONTO_UTE92_0076
TORONTO_UTE92_STU01645,TORONTO_UTE92_0131
TORONTO_UTE92_STU01645,TORONTO_UTE92_0141
TORONTO_UTE92_STU01645,TORONTO_UTE92_0142
TORONTO_UTE92_STU01645,TORONTO_UTE92_0144
TORONTO_UTE92_STU01646,TORONTO_UTE92_0069
TORONTO_UTE92_STU01646,TORONTO_UTE92_0070
TORONTO_UTE92_STU01646,TORONTO_UTE92_0071
TORONTO_UTE92_STU01646,TORONTO_UTE92_0072
TORONTO_UTE92_STU01646,TORONTO_UTE92_0073
TORONTO_UTE92_STU01647,TORONTO_UTE92_0017
TORONTO_UTE92_STU01647,TORONTO_UTE92_0067
TORONTO_UTE92_STU01647,TORONTO_UTE92_0100
TORONTO_UTE92_STU01647,TORONTO_UTE92_0136
TORONTO_UTE92_STU01648,TORONTO_UTE92_0076
TORONTO_UTE92_STU01648,TORONTO_UTE92_0131
TORONTO_UTE92_STU01648,TORONTO_UTE92_0141
TORONTO_UTE92_STU01648,TORONTO_UTE92_0142
TORONTO_UTE92_STU01648,TORONTO_UTE92_0144
TORONTO_UTE92_STU01649,TORONTO_UTE92_0063
TORONTO_UTE92_STU01649,TORONTO_UTE92_0074
TORONTO_UTE92_STU01649,TORONTO_UTE92_0138
TORONTO_UTE92_STU01649,TORONTO_UTE92_0184
TORONTO_UTE92_STU01650,TORONTO_UTE92_0010
TORONTO_UTE92_STU01650,TORONTO_UTE92_0047
TORONTO_UTE92_STU01650,TORONTO_UTE92_0048
TORONTO_UTE92_STU01650,TORONTO_UTE92_0049
TORONTO_UTE92_STU01650,TORONTO_UTE92_0050
TORONTO_UTE92_STU01651,TORONTO_UTE92_0069
TORONTO_UTE92_STU01651,TORONTO_UTE92_0070
TORONTO_UTE92_STU01651,TORONTO_UTE92_0071
TORONTO_UTE92_STU01651,TORONTO_UTE92_0072
TORONTO_UTE92_STU01651,TORONTO_UTE92_0073
TORONTO_UTE92_STU01652,TORONTO_UTE92_0063
TORONTO_UTE92_STU01652,TORONTO_UTE92_0074
TORONTO_UTE92_STU01652,TORONTO_UTE92_0138
TORONTO_UTE92_STU01652,TORONTO_UTE92_0184
TORONTO_UTE92_STU01653,TORONTO_UTE92_0018
TORONTO_UTE92_STU01653,TORONTO_UTE92_0019
TORONTO_UTE92_STU01653,TORONTO_UTE92_0020
TORONTO_UTE92_STU01653,TORONTO_UTE92_0021
TORONTO_UTE92_STU01654,TORONTO_UTE92_0069
TORONTO_UTE92_STU01654,TORONTO_UTE92_0070
TORONTO_UTE92_STU01654,TORONTO_UTE92_0071
TORONTO_UTE92_STU01654,TORONTO_UTE92_0072
TORONTO_UTE92_STU01654,TORONTO_UTE92_0073
TORONTO_UTE92_STU01655,TORONTO_UTE92_0076
TORONTO_UTE92_STU01655,TORONTO_UTE92_0131
TORONTO_UTE92_STU01655,TORONTO_UTE92_0141
TORONTO_UTE92_STU01655,TORONTO_UTE92_0142
TORONTO_UTE92_STU01655,TORONTO_UTE92_0144
TORONTO_UTE92_STU01656,TORONTO_UTE92_0063
TORONTO_UTE92_STU01656,TORONTO_UTE92_0074
TORONTO_UTE92_STU01656,TORONTO_UTE92_0138
TORONTO_UTE92_STU01656,TORONTO_UTE92_0184
TORONTO_UTE92_STU01657,TORONTO_UTE92_0069
TORONTO_UTE92_STU01657,TORONTO_UTE92_0070
TORONTO_UTE92_STU01657,TORONTO_UTE92_0071
TORONTO_UTE92_STU01657,TORONTO_UTE92_0072
TORONTO_UTE92_STU01657,TORONTO_UTE92_0073
TORONTO_UTE92_STU01658,TORONTO_UTE92_0012
TORONTO_UTE92_STU01658,TORONTO_UTE92_0047
TORONTO_UTE92_STU01658,TORONTO_UTE92_0048
TORONTO_UTE92_STU01658,TORONTO_UTE92_0049
TORONTO_UTE92_STU01658,TORONTO_UTE92_0050
TORONTO_UTE92_STU01659,TORONTO_UTE92_0076
TORONTO_UTE92_STU01659,TORONTO_UTE92_0131
TORONTO_UTE92_STU01659,TORONTO_UTE92_0141
TORONTO_UTE92_STU01659,TORONTO_UTE92_0142
TORONTO_UTE92_STU01659,TORONTO_UTE92_0144
TORONTO_UTE92_STU01660,TORONTO_UTE92_0076
TORONTO_UTE92_STU01660,TORONTO_UTE92_0131
TORONTO_UTE92_STU01660,TORONTO_UTE92_0141
TORONTO_UTE92_STU01660,TORONTO_UTE92_0142
TORONTO_UTE92_STU01660,TORONTO_UTE92_0144
TORONTO_UTE92_STU01661,TORONTO_UTE92_0063
TORONTO_UTE92_STU01661,TORONTO_UTE92_0074
TORONTO_UTE92_STU01661,TORONTO_UTE92_0138
TORONTO_UTE92_STU01661,TORONTO_UTE92_0184
TORONTO_UTE92_STU01662,TORONTO_UTE92_0017
TORONTO_UTE92_STU01662,TORONTO_UTE92_0067
TORONTO_UTE92_STU01663,TORONTO_UTE92_0063
TORONTO_UTE92_STU01663,TORONTO_UTE92_0074
TORONTO_UTE92_STU01663,TORONTO_UTE92_0138
TORONTO_UTE92_STU01663,TORONTO_UTE92_0184
TORONTO_UTE92_STU01664,TORONTO_UTE92_0069
TORONTO_UTE92_STU01664,TORONTO_UTE92_0070
TORONTO_UTE92_STU01664,TORONTO_UTE92_0071
TORONTO_UTE92_STU01664,TORONTO_UTE92_0072
TORONTO_UTE92_STU01664,TORONTO_UTE92_0073
TORONTO_UTE92_STU01665,TORONTO_UTE92_0069
TORONTO_UTE92_STU01665,TORONTO_UTE92_0070
TORONTO_UTE92_STU01665,TORONTO_UTE92_0071
TORONTO_UTE92_STU01665,TORONTO_UTE92_0072
TORONTO_UTE92_STU01665,TORONTO_UTE92_0073
TORONTO_UTE92_STU01666,TORONTO_UTE92_0069
TORONTO_UTE92_STU01666,TORONTO_UTE92_0070
TORONTO_UTE92_STU01666,TORONTO_UTE92_0071
TORONTO_UTE92_STU01666,TORONTO_UTE92_0072
TORONTO_UTE92_STU01666,TORONTO_UTE92_0073
TORONTO_UTE92_STU01667,TORONTO_UTE92_0066
TORONTO_UTE92_STU01667,TORONTO_UTE92_0100
TORONTO_UTE92_STU01667,TORONTO_UTE92_0136
TORONTO_UTE92_STU01667,TORONTO_UTE92_0140
TORONTO_UTE92_STU01668,TORONTO_UTE92_0076
TORONTO_UTE92_STU01668,TORONTO_UTE92_0131
TORONTO_UTE92_STU01668,TORONTO_UTE92_0141
TORONTO_UTE92_STU01668,TORONTO_UTE92_0142
TORONTO_UTE92_STU01668,TORONTO_UTE92_0144
TORONTO_UTE92_STU01669,TORONTO_UTE92_0069
TORONTO_UTE92_STU01669,TORONTO_UTE92_0070
TORONTO_UTE92_STU01669,TORONTO_UTE92_0071
TORONTO_UTE92_STU01669,TORONTO_UTE92_0072
TORONTO_UTE92_STU01669,TORONTO_UTE92_0073
TORONTO_UTE92_STU01670,TORONTO_UTE92_0076
TORONTO_UTE92_STU01670,TORONTO_UTE92_0131
TORONTO_UTE92_STU01670,TORONTO_UTE92_0141
TORONTO_UTE92_STU01670,TORONTO_UTE92_0142
TORONTO_UTE92_STU01670,TORONTO_UTE92_0144
TORONTO_UTE92_STU01671,TORONTO_UTE92_0017
TORONTO_UTE92_STU01671,TORONTO_UTE92_0067
TORONTO_UTE92_STU01671,TORONTO_UTE92_0103
TORONTO_UTE92_STU01671,TORONTO_UTE92_0132
TORONTO_UTE92_STU01672,TORONTO_UTE92_0112
TORONTO_UTE92_STU01672,TORONTO_UTE92_0113
TORONTO_UTE92_STU01672,TORONTO_UTE92_0139
TORONTO_UTE92_STU01672,TORONTO_UTE92_0170
TORONTO_UTE92_STU01673,TORONTO_UTE92_0069
TORONTO_UTE92_STU01673,TORONTO_UTE92_0070
TORONTO_UTE92_STU01673,TORONTO_UTE92_0071
TORONTO_UTE92_STU01673,TORONTO_UTE92_0072
TORONTO_UTE92_STU01673,TORONTO_UTE92_0073
TORONTO_UTE92_STU01673,TORONTO_UTE92_0131
TORONTO_UTE92_STU01674,TORONTO_UTE92_0008
TORONTO_UTE92_STU01674,TORONTO_UTE92_0017
TORONTO_UTE92_STU01674,TORONTO_UTE92_0067
TORONTO_UTE92_STU01674,TORONTO_UTE92_0100
TORONTO_UTE92_STU01674,TORONTO_UTE92_0132
TORONTO_UTE92_STU01675,TORONTO_UTE92_0104
TORONTO_UTE92_STU01675,TORONTO_UTE92_0112
TORONTO_UTE92_STU01675,TORONTO_UTE92_0113
TORONTO_UTE92_STU01675,TORONTO_UTE92_0139
TORONTO_UTE92_STU01675,TORONTO_UTE92_0170
TORONTO_UTE92_STU01676,TORONTO_UTE92_0069
TORONTO_UTE92_STU01676,TORONTO_UTE92_0070
TORONTO_UTE92_STU01676,TORONTO_UTE92_0071
TORONTO_UTE92_STU01676,TORONTO_UTE92_0072
TORONTO_UTE92_STU01676,TORONTO_UTE92_0073
TORONTO_UTE92_STU01677,TORONTO_UTE92_0063
TORONTO_UTE92_STU01677,TORONTO_UTE92_0074
TORONTO_UTE92_STU01677,TORONTO_UTE92_0138
TORONTO_UTE92_STU01677,TORONTO_UTE92_0184
TORONTO_UTE92_STU01678,TORONTO_UTE92_0013
TORONTO_UTE92_STU01678,TORONTO_UTE92_0017
TORONTO_UTE92_STU01678,TORONTO_UTE92_0045
TORONTO_UTE92_STU01678,TORONTO_UTE92_0067
TORONTO_UTE92_STU01678,TORONTO_UTE92_0132
TORONTO_UTE92_STU01679,TORONTO_UTE92_0076
TORONTO_UTE92_STU01679,TORONTO_UTE92_0131
TORONTO_UTE92_STU01679,TORONTO_UTE92_0141
TORONTO_UTE92_STU01679,TORONTO_UTE92_0142
TORONTO_UTE92_STU01679,TORONTO_UTE92_0144
TORONTO_UTE92_STU01680,TORONTO_UTE92_0018
TORONTO_UTE92_STU01680,TORONTO_UTE92_0019
TORONTO_UTE92_STU01680,TORONTO_UTE92_0020
TORONTO_UTE92_STU01680,TORONTO_UTE92_0021
TORONTO_UTE92_STU01680,TORONTO_UTE92_0133
TORONTO_UTE92_STU01681,TORONTO_UTE92_0018
TORONTO_UTE92_STU01681,TORONTO_UTE92_0019
TORONTO_UTE92_STU01681,TORONTO_UTE92_0020
TORONTO_UTE92_STU01681,TORONTO_UTE92_0021
TORONTO_UTE92_STU01682,TORONTO_UTE92_0076
TORONTO_UTE92_STU01682,TORONTO_UTE92_0131
TORONTO_UTE92_STU01682,TORONTO_UTE92_0141
TORONTO_UTE92_STU01682,TORONTO_UTE92_0142
TORONTO_UTE92_STU01682,TORONTO_UTE92_0144
TORONTO_UTE92_STU01683,TORONTO_UTE92_0011
TORONTO_UTE92_STU01683,TORONTO_UTE92_0045
TORONTO_UTE92_STU01683,TORONTO_UTE92_0066
TORONTO_UTE92_STU01683,TORONTO_UTE92_0130
TORONTO_UTE92_STU01684,TORONTO_UTE92_0069
TORONTO_UTE92_STU01684,TORONTO_UTE92_0070
TORONTO_UTE92_STU01684,TORONTO_UTE92_0071
TORONTO_UTE92_STU01684,TORONTO_UTE92_0072
TORONTO_UTE92_STU01684,TORONTO_UTE92_0073
TORONTO_UTE92_STU01685,TORONTO_UTE92_0069
TORONTO_UTE92_STU01685,TORONTO_UTE92_0070
TORONTO_UTE92_STU01685,TORONTO_UTE92_0071
TORONTO_UTE92_STU01685,TORONTO_UTE92_0072
TORONTO_UTE92_STU01685,TORONTO_UTE92_0073
TORONTO_UTE92_STU01686,TORONTO_UTE92_0018
TORONTO_UTE92_STU01686,TORONTO_UTE92_0019
TORONTO_UTE92_STU01686,TORONTO_UTE92_0020
TORONTO_UTE92_STU01686,TORONTO_UTE92_0021
TORONTO_UTE92_STU01687,TORONTO_UTE92_0069
TORONTO_UTE92_STU01687,TORONTO_UTE92_0070
TORONTO_UTE92_STU01687,TORONTO_UTE92_0071
TORONTO_UTE92_STU01687,TORONTO_UTE92_0072
TORONTO_UTE92_STU01687,TORONTO_UTE92_0073
TORONTO_UTE92_STU01688,TORONTO_UTE92_0069
TORONTO_UTE92_STU01688,TORONTO_UTE92_0070
TORONTO_UTE92_STU01688,TORONTO_UTE92_0071
TORONTO_UTE92_STU01688,TORONTO_UTE92_0072
TORONTO_UTE92_STU01688,TORONTO_UTE92_0073
TORONTO_UTE92_STU01689,TORONTO_UTE92_0069
TORONTO_UTE92_STU01689,TORONTO_UTE92_0070
TORONTO_UTE92_STU01689,TORONTO_UTE92_0071
TORONTO_UTE92_STU01689,TORONTO_UTE92_0072
TORONTO_UTE92_STU01689,TORONTO_UTE92_0073
TORONTO_UTE92_STU01690,TORONTO_UTE92_0013
TORONTO_UTE92_STU01690,TORONTO_UTE92_0130
TORONTO_UTE92_STU01691,TORONTO_UTE92_0069
TORONTO_UTE92_STU01691,TORONTO_UTE92_0070
TORONTO_UTE92_STU01691,TORONTO_UTE92_0071
TORONTO_UTE92_STU01691,TORONTO_UTE92_0072
TORONTO_UTE92_STU01691,TORONTO_UTE92_0073
TORONTO_UTE92_STU01692,TORONTO_UTE92_0076
TORONTO_UTE92_STU01692,TORONTO_UTE92_0131
TORONTO_UTE92_STU01692,TORONTO_UTE92_0141
TORONTO_UTE92_STU01692,TORONTO_UTE92_0142
TORONTO_UTE92_STU01692,TORONTO_UTE92_0144
TORONTO_UTE92_STU01693,TORONTO_UTE92_0069
TORONTO_UTE92_STU01693,TORONTO_UTE92_0070
TORONTO_UTE92_STU01693,TORONTO_UTE92_0071
TORONTO_UTE92_STU01693,TORONTO_UTE92_0072
TORONTO_UTE92_STU01693,TORONTO_UTE92_0073
TORONTO_UTE92_STU01694,TORONTO_UTE92_0047
TORONTO_UTE92_STU01694,TORONTO_UTE92_0048
TORONTO_UTE92_STU01694,TORONTO_UTE92_0049
TORONTO_UTE92_STU01694,TORONTO_UTE92_0050
TORONTO_UTE92_STU01694,TORONTO_UTE92_0143
TORONTO_UTE92_STU01695,TORONTO_UTE92_0069
TORONTO_UTE92_STU01695,TORONTO_UTE92_0070
TORONTO_UTE92_STU01695,TORONTO_UTE92_0071
TORONTO_UTE92_STU01695,TORONTO_UTE92_0072
TORONTO_UTE92_STU01695,TORONTO_UTE92_0073
TORONTO_UTE92_STU01696,TORONTO_UTE92_0045
TORONTO_UTE92_STU01696,TORONTO_UTE92_0067
TORONTO_UTE92_STU01696,TORONTO_UTE92_0107
TORONTO_UTE92_STU01696,TORONTO_UTE92_0136
TORONTO_UTE92_STU01696,TORONTO_UTE92_0140
TORONTO_UTE92_STU01697,TORONTO_UTE92_0018
TORONTO_UTE92_STU01697,TORONTO_UTE92_0019
TORONTO_UTE92_STU01697,TORONTO_UTE92_0020
TORONTO_UTE92_STU01697,TORONTO_UTE92_0021
TORONTO_UTE92_STU01697,TORONTO_UTE92_0108
TORONTO_UTE92_STU01698,TORONTO_UTE92_0076
TORONTO_UTE92_STU01698,TORONTO_UTE92_0131
TORONTO_UTE92_STU01698,TORONTO_UTE92_0141
TORONTO_UTE92_STU01698,TORONTO_UTE92_0142
TORONTO_UTE92_STU01698,TORONTO_UTE92_0144
TORONTO_UTE92_STU01699,TORONTO_UTE92_0076
TORONTO_UTE92_STU01699,TORONTO_UTE92_0131
TORONTO_UTE92_STU01699,TORONTO_UTE92_0141
TORONTO_UTE92_STU01699,TORONTO_UTE92_0142
TORONTO_UTE92_STU01699,TORONTO_UTE92_0144
TORONTO_UTE92_STU01700,TORONTO_UTE92_0047
TORONTO_UTE92_STU01700,TORONTO_UTE92_0048
TORONTO_UTE92_STU01700,TORONTO_UTE92_0049
TORONTO_UTE92_STU01700,TORONTO_UTE92_0050
TORONTO_UTE92_STU01700,TORONTO_UTE92_0143
TORONTO_UTE92_STU01701,TORONTO_UTE92_0017
TORONTO_UTE92_STU01701,TORONTO_UTE92_0045
TORONTO_UTE92_STU01701,TORONTO_UTE92_0067
TORONTO_UTE92_STU01701,TORONTO_UTE92_0100
TORONTO_UTE92_STU01701,TORONTO_UTE92_0132
TORONTO_UTE92_STU01702,TORONTO_UTE92_0008
TORONTO_UTE92_STU01702,TORONTO_UTE92_0130
TORONTO_UTE92_STU01703,TORONTO_UTE92_0112
TORONTO_UTE92_STU01703,TORONTO_UTE92_0113
TORONTO_UTE92_STU01703,TORONTO_UTE92_0139
TORONTO_UTE92_STU01703,TORONTO_UTE92_0170
TORONTO_UTE92_STU01704,TORONTO_UTE92_0008
TORONTO_UTE92_STU01704,TORONTO_UTE92_0067
TORONTO_UTE92_STU01704,TORONTO_UTE92_0100
TORONTO_UTE92_STU01704,TORONTO_UTE92_0132
TORONTO_UTE92_STU01705,TORONTO_UTE92_0047
TORONTO_UTE92_STU01705,TORONTO_UTE92_0048
TORONTO_UTE92_STU01705,TORONTO_UTE92_0049
TORONTO_UTE92_STU01705,TORONTO_UTE92_0050
TORONTO_UTE92_STU01705,TORONTO_UTE92_0143
TORONTO_UTE92_STU01706,TORONTO_UTE92_0047
TORONTO_UTE92_STU01706,TORONTO_UTE92_0048
TORONTO_UTE92_STU01706,TORONTO_UTE92_0049
TORONTO_UTE92_STU01706,TORONTO_UTE92_0050
TORONTO_UTE92_STU01707,TORONTO_UTE92_0063
TORONTO_UTE92_STU01707,TORONTO_UTE92_0074
TORONTO_UTE92_STU01707,TORONTO_UTE92_0138
TORONTO_UTE92_STU01707,TORONTO_UTE92_0184
TORONTO_UTE92_STU01708,TORONTO_UTE92_0069
TORONTO_UTE92_STU01708,TORONTO_UTE92_0070
TORONTO_UTE92_STU01708,TORONTO_UTE92_0071
TORONTO_UTE92_STU01708,TORONTO_UTE92_0072
TORONTO_UTE92_STU01708,TORONTO_UTE92_0073
TORONTO_UTE92_STU01709,TORONTO_UTE92_0068
TORONTO_UTE92_STU01709,TORONTO_UTE92_0134
TORONTO_UTE92_STU01709,TORONTO_UTE92_0137
TORONTO_UTE92_STU01709,TORONTO_UTE92_0167
TORONTO_UTE92_STU01710,TORONTO_UTE92_0018
TORONTO_UTE92_STU01710,TORONTO_UTE92_0019
TORONTO_UTE92_STU01710,TORONTO_UTE92_0020
TORONTO_UTE92_STU01710,TORONTO_UTE92_0021
TORONTO_UTE92_STU01710,TORONTO_UTE92_0133
TORONTO_UTE92_STU01711,TORONTO_UTE92_0076
TORONTO_UTE92_STU01711,TORONTO_UTE92_0131
TORONTO_UTE92_STU01711,TORONTO_UTE92_0141
TORONTO_UTE92_STU01711,TORONTO_UTE92_0142
TORONTO_UTE92_STU01711,TORONTO_UTE92_0144
TORONTO_UTE92_STU01712,TORONTO_UTE92_0069
TORONTO_UTE92_STU01712,TORONTO_UTE92_0070
TORONTO_UTE92_STU01712,TORONTO_UTE92_0071
TORONTO_UTE92_STU01712,TORONTO_UTE92_0072
TORONTO_UTE92_STU01712,TORONTO_UTE92_0073
TORONTO_UTE92_STU01713,TORONTO_UTE92_0069
TORONTO_UTE92_STU01713,TORONTO_UTE92_0070
TORONTO_UTE92_STU01713,TORONTO_UTE92_0071
TORONTO_UTE92_STU01713,TORONTO_UTE92_0072
TORONTO_UTE92_STU01713,TORONTO_UTE92_0073
TORONTO_UTE92_STU01714,TORONTO_UTE92_0069
TORONTO_UTE92_STU01714,TORONTO_UTE92_0070
TORONTO_UTE92_STU01714,TORONTO_UTE92_0071
TORONTO_UTE92_STU01714,TORONTO_UTE92_0072
TORONTO_UTE92_STU01714,TORONTO_UTE92_0073
TORONTO_UTE92_STU01715,TORONTO_UTE92_0112
TORONTO_UTE92_STU01715,TORONTO_UTE92_0113
TORONTO_UTE92_STU01715,TORONTO_UTE92_0139
TORONTO_UTE92_STU01715,TORONTO_UTE92_0170
TORONTO_UTE92_STU01715,TORONTO_UTE92_0183
TORONTO_UTE92_STU01716,TORONTO_UTE92_0008
TORONTO_UTE92_STU01716,TORONTO_UTE92_0017
TORONTO_UTE92_STU01716,TORONTO_UTE92_0067
TORONTO_UTE92_STU01716,TORONTO_UTE92_0132
TORONTO_UTE92_STU01717,TORONTO_UTE92_0069
TORONTO_UTE92_STU01717,TORONTO_UTE92_0070
TORONTO_UTE92_STU01717,TORONTO_UTE92_0071
TORONTO_UTE92_STU01717,TORONTO_UTE92_0072
TORONTO_UTE92_STU01717,TORONTO_UTE92_0073
TORONTO_UTE92_STU01718,TORONTO_UTE92_0064
TORONTO_UTE92_STU01718,TORONTO_UTE92_0131
TORONTO_UTE92_STU01718,TORONTO_UTE92_0168
TORONTO_UTE92_STU01718,TORONTO_UTE92_0169
TORONTO_UTE92_STU01719,TORONTO_UTE92_0063
TORONTO_UTE92_STU01719,TORONTO_UTE92_0074
TORONTO_UTE92_STU01719,TORONTO_UTE92_0138
TORONTO_UTE92_STU01719,TORONTO_UTE92_0184
TORONTO_UTE92_STU01720,TORONTO_UTE92_0069
TORONTO_UTE92_STU01720,TORONTO_UTE92_0070
TORONTO_UTE92_STU01720,TORONTO_UTE92_0071
TORONTO_UTE92_STU01720,TORONTO_UTE92_0072
TORONTO_UTE92_STU01720,TORONTO_UTE92_0073
TORONTO_UTE92_STU01721,TORONTO_UTE92_0076
TORONTO_UTE92_STU01721,TORONTO_UTE92_0131
TORONTO_UTE92_STU01721,TORONTO_UTE92_0141
TORONTO_UTE92_STU01721,TORONTO_UTE92_0142
TORONTO_UTE92_STU01721,TORONTO_UTE92_0144
TORONTO_UTE92_STU01722,TORONTO_UTE92_0017
TORONTO_UTE92_STU01722,TORONTO_UTE92_0045
TORONTO_UTE92_STU01722,TORONTO_UTE92_0067
TORONTO_UTE92_STU01722,TORONTO_UTE92_0108
TORONTO_UTE92_STU01722,TORONTO_UTE92_0132
TORONTO_UTE92_STU01723,TORONTO_UTE92_0047
TORONTO_UTE92_STU01723,TORONTO_UTE92_0048
TORONTO_UTE92_STU01723,TORONTO_UTE92_0049
TORONTO_UTE92_STU01723,TORONTO_UTE92_0050
TORONTO_UTE92_STU01723,TORONTO_UTE92_0143
TORONTO_UTE92_STU01724,TORONTO_UTE92_0014
TORONTO_UTE92_STU01724,TORONTO_UTE92_0048
TORONTO_UTE92_STU01724,TORONTO_UTE92_0064
TORONTO_UTE92_STU01724,TORONTO_UTE92_0143
TORONTO_UTE92_STU01725,TORONTO_UTE92_0018
TORONTO_UTE92_STU01725,TORONTO_UTE92_0019
TORONTO_UTE92_STU01725,TORONTO_UTE92_0020
TORONTO_UTE92_STU01725,TORONTO_UTE92_0021
TORONTO_UTE92_STU01725,TORONTO_UTE92_0133
TORONTO_UTE92_STU01726,TORONTO_UTE92_0076
TORONTO_UTE92_STU01726,TORONTO_UTE92_0131
TORONTO_UTE92_STU01726,TORONTO_UTE92_0141
TORONTO_UTE92_STU01726,TORONTO_UTE92_0142
TORONTO_UTE92_STU01726,TORONTO_UTE92_0144
TORONTO_UTE92_STU01727,TORONTO_UTE92_0070
TORONTO_UTE92_STU01728,TORONTO_UTE92_0018
TORONTO_UTE92_STU01728,TORONTO_UTE92_0019
TORONTO_UTE92_STU01728,TORONTO_UTE92_0020
TORONTO_UTE92_STU01728,TORONTO_UTE92_0021
TORONTO_UTE92_STU01729,TORONTO_UTE92_0069
TORONTO_UTE92_STU01729,TORONTO_UTE92_0070
TORONTO_UTE92_STU01729,TORONTO_UTE92_0071
TORONTO_UTE92_STU01729,TORONTO_UTE92_0072
TORONTO_UTE92_STU01729,TORONTO_UTE92_0073
TORONTO_UTE92_STU01730,TORONTO_UTE92_0018
TORONTO_UTE92_STU01730,TORONTO_UTE92_0019
TORONTO_UTE92_STU01730,TORONTO_UTE92_0020
TORONTO_UTE92_STU01730,TORONTO_UTE92_0021
TORONTO_UTE92_STU01730,TORONTO_UTE92_0133
TORONTO_UTE92_STU01731,TORONTO_UTE92_0018
TORONTO_UTE92_STU01731,TORONTO_UTE92_0019
TORONTO_UTE92_STU01731,TORONTO_UTE92_0020
TORONTO_UTE92_STU01731,TORONTO_UTE92_0021
TORONTO_UTE92_STU01731,TORONTO_UTE92_0133
TORONTO_UTE92_STU01732,TORONTO_UTE92_0069
TORONTO_UTE92_STU01732,TORONTO_UTE92_0070
TORONTO_UTE92_STU01732,TORONTO_UTE92_0071
TORONTO_UTE92_STU01732,TORONTO_UTE92_0072
TORONTO_UTE92_STU01732,TORONTO_UTE92_0073
TORONTO_UTE92_STU01733,TORONTO_UTE92_0066
TORONTO_UTE92_STU01733,TORONTO_UTE92_0130
TORONTO_UTE92_STU01733,TORONTO_UTE92_0136
TORONTO_UTE92_STU01733,TORONTO_UTE92_0140
TORONTO_UTE92_STU01734,TORONTO_UTE92_0069
TORONTO_UTE92_STU01734,TORONTO_UTE92_0070
TORONTO_UTE92_STU01734,TORONTO_UTE92_0071
TORONTO_UTE92_STU01734,TORONTO_UTE92_0072
TORONTO_UTE92_STU01734,TORONTO_UTE92_0073
TORONTO_UTE92_STU01735,TORONTO_UTE92_0069
TORONTO_UTE92_STU01735,TORONTO_UTE92_0070
TORONTO_UTE92_STU01735,TORONTO_UTE92_0071
TORONTO_UTE92_STU01735,TORONTO_UTE92_0072
TORONTO_UTE92_STU01735,TORONTO_UTE92_0073
TORONTO_UTE92_STU01736,TORONTO_UTE92_0069
TORONTO_UTE92_STU01736,TORONTO_UTE92_0070
TORONTO_UTE92_STU01736,TORONTO_UTE92_0071
TORONTO_UTE92_STU01736,TORONTO_UTE92_0072
TORONTO_UTE92_STU01736,TORONTO_UTE92_0073
TORONTO_UTE92_STU01737,TORONTO_UTE92_0069
TORONTO_UTE92_STU01737,TORONTO_UTE92_0070
TORONTO_UTE92_STU01737,TORONTO_UTE92_0071
TORONTO_UTE92_STU01737,TORONTO_UTE92_0072
TORONTO_UTE92_STU01737,TORONTO_UTE92_0073
TORONTO_UTE92_STU01738,TORONTO_UTE92_0069
TORONTO_UTE92_STU01738,TORONTO_UTE92_0070
TORONTO_UTE92_STU01739,TORONTO_UTE92_0018
TORONTO_UTE92_STU01739,TORONTO_UTE92_0019
TORONTO_UTE92_STU01739,TORONTO_UTE92_0020
TORONTO_UTE92_STU01739,TORONTO_UTE92_0021
TORONTO_UTE92_STU01739,TORONTO_UTE92_0133
TORONTO_UTE92_STU01740,TORONTO_UTE92_0076
TORONTO_UTE92_STU01740,TORONTO_UTE92_0131
TORONTO_UTE92_STU01740,TORONTO_UTE92_0141
TORONTO_UTE92_STU01740,TORONTO_UTE92_0142
TORONTO_UTE92_STU01740,TORONTO_UTE92_0144
TORONTO_UTE92_STU01741,TORONTO_UTE92_0009
TORONTO_UTE92_STU01741,TORONTO_UTE92_0066
TORONTO_UTE92_STU01741,TORONTO_UTE92_0130
TORONTO_UTE92_STU01741,TORONTO_UTE92_0136
TORONTO_UTE92_STU01741,TORONTO_UTE92_0140
TORONTO_UTE92_STU01742,TORONTO_UTE92_0009
TORONTO_UTE92_STU01742,TORONTO_UTE92_0066
TORONTO_UTE92_STU01742,TORONTO_UTE92_0100
TORONTO_UTE92_STU01742,TORONTO_UTE92_0130
TORONTO_UTE92_STU01742,TORONTO_UTE92_0136
TORONTO_UTE92_STU01743,TORONTO_UTE92_0063
TORONTO_UTE92_STU01743,TORONTO_UTE92_0074
TORONTO_UTE92_STU01743,TORONTO_UTE92_0138
TORONTO_UTE92_STU01743,TORONTO_UTE92_0184
TORONTO_UTE92_STU01744,TORONTO_UTE92_0069
TORONTO_UTE92_STU01744,TORONTO_UTE92_0070
TORONTO_UTE92_STU01744,TORONTO_UTE92_0071
TORONTO_UTE92_STU01744,TORONTO_UTE92_0072
TORONTO_UTE92_STU01744,TORONTO_UTE92_0073
TORONTO_UTE92_STU01745,TORONTO_UTE92_0076
TORONTO_UTE92_STU01745,TORONTO_UTE92_0131
TORONTO_UTE92_STU01745,TORONTO_UTE92_0141
TORONTO_UTE92_STU01745,TORONTO_UTE92_0142
TORONTO_UTE92_STU01745,TORONTO_UTE92_0144
TORONTO_UTE92_STU01746,TORONTO_UTE92_0012
TORONTO_UTE92_STU01746,TORONTO_UTE92_0112
TORONTO_UTE92_STU01746,TORONTO_UTE92_0113
TORONTO_UTE92_STU01746,TORONTO_UTE92_0139
TORONTO_UTE92_STU01746,TORONTO_UTE92_0170
TORONTO_UTE92_STU01747,TORONTO_UTE92_0076
TORONTO_UTE92_STU01747,TORONTO_UTE92_0131
TORONTO_UTE92_STU01747,TORONTO_UTE92_0141
TORONTO_UTE92_STU01747,TORONTO_UTE92_0142
TORONTO_UTE92_STU01747,TORONTO_UTE92_0144
TORONTO_UTE92_STU01748,TORONTO_UTE92_0112
TORONTO_UTE92_STU01748,TORONTO_UTE92_0113
TORONTO_UTE92_STU01748,TORONTO_UTE92_0139
TORONTO_UTE92_STU01748,TORONTO_UTE92_0170
TORONTO_UTE92_STU01748,TORONTO_UTE92_0183
TORONTO_UTE92_STU01749,TORONTO_UTE92_0069
TORONTO_UTE92_STU01749,TORONTO_UTE92_0070
TORONTO_UTE92_STU01749,TORONTO_UTE92_0071
TORONTO_UTE92_STU01749,TORONTO_UTE92_0072
TORONTO_UTE92_STU01749,TORONTO_UTE92_0073
TORONTO_UTE92_STU01750,TORONTO_UTE92_0069
TORONTO_UTE92_STU01750,TORONTO_UTE92_0070
TORONTO_UTE92_STU01750,TORONTO_UTE92_0071
TORONTO_UTE92_STU01750,TORONTO_UTE92_0072
TORONTO_UTE92_STU01750,TORONTO_UTE92_0073
TORONTO_UTE92_STU01751,TORONTO_UTE92_0063
TORONTO_UTE92_STU01751,TORONTO_UTE92_0074
TORONTO_UTE92_STU01751,TORONTO_UTE92_0138
TORONTO_UTE92_STU01751,TORONTO_UTE92_0184
TORONTO_UTE92_STU01752,TORONTO_UTE92_0018
TORONTO_UTE92_STU01752,TORONTO_UTE92_0019
TORONTO_UTE92_STU01752,TORONTO_UTE92_0020
TORONTO_UTE92_STU01752,TORONTO_UTE92_0021
TORONTO_UTE92_STU01752,TORONTO_UTE92_0108
TORONTO_UTE92_STU01753,TORONTO_UTE92_0063
TORONTO_UTE92_STU01753,TORONTO_UTE92_0074
TORONTO_UTE92_STU01753,TORONTO_UTE92_0138
TORONTO_UTE92_STU01753,TORONTO_UTE92_0184
TORONTO_UTE92_STU01754,TORONTO_UTE92_0075
TORONTO_UTE92_STU01754,TORONTO_UTE92_0112
TORONTO_UTE92_STU01754,TORONTO_UTE92_0113
TORONTO_UTE92_STU01754,TORONTO_UTE92_0139
TORONTO_UTE92_STU01755,TORONTO_UTE92_0047
TORONTO_UTE92_STU01755,TORONTO_UTE92_0048
TORONTO_UTE92_STU01755,TORONTO_UTE92_0049
TORONTO_UTE92_STU01755,TORONTO_UTE92_0050
TORONTO_UTE92_STU01755,TORONTO_UTE92_0143
TORONTO_UTE92_STU01756,TORONTO_UTE92_0064
TORONTO_UTE92_STU01756,TORONTO_UTE92_0131
TORONTO_UTE92_STU01756,TORONTO_UTE92_0168
TORONTO_UTE92_STU01756,TORONTO_UTE92_0169
TORONTO_UTE92_STU01756,TORONTO_UTE92_0183
TORONTO_UTE92_STU01757,TORONTO_UTE92_0063
TORONTO_UTE92_STU01757,TORONTO_UTE92_0074
TORONTO_UTE92_STU01757,TORONTO_UTE92_0138
TORONTO_UTE92_STU01757,TORONTO_UTE92_0184
TORONTO_UTE92_STU01758,TORONTO_UTE92_0076
TORONTO_UTE92_STU01758,TORONTO_UTE92_0131
TORONTO_UTE92_STU01758,TORONTO_UTE92_0141
TORONTO_UTE92_STU01758,TORONTO_UTE92_0142
TORONTO_UTE92_STU01758,TORONTO_UTE92_0144
TORONTO_UTE92_STU01759,TORONTO_UTE92_0075
TORONTO_UTE92_STU01759,TORONTO_UTE92_0100
TORONTO_UTE92_STU01759,TORONTO_UTE92_0112
TORONTO_UTE92_STU01759,TORONTO_UTE92_0113
TORONTO_UTE92_STU01759,TORONTO_UTE92_0139
TORONTO_UTE92_STU01760,TORONTO_UTE92_0069
TORONTO_UTE92_STU01760,TORONTO_UTE92_0070
TORONTO_UTE92_STU01760,TORONTO_UTE92_0071
TORONTO_UTE92_STU01760,TORONTO_UTE92_0072
TORONTO_UTE92_STU01760,TORONTO_UTE92_0073
TORONTO_UTE92_STU01761,TORONTO_UTE92_0008
TORONTO_UTE92_STU01761,TORONTO_UTE92_0011
TORONTO_UTE92_STU01761,TORONTO_UTE92_0067
TORONTO_UTE92_STU01761,TORONTO_UTE92_0107
TORONTO_UTE92_STU01762,TORONTO_UTE92_0012
TORONTO_UTE92_STU01762,TORONTO_UTE92_0045
TORONTO_UTE92_STU01762,TORONTO_UTE92_0066
TORONTO_UTE92_STU01762,TORONTO_UTE92_0136
TORONTO_UTE92_STU01763,TORONTO_UTE92_0063
TORONTO_UTE92_STU01763,TORONTO_UTE92_0074
TORONTO_UTE92_STU01763,TORONTO_UTE92_0138
TORONTO_UTE92_STU01763,TORONTO_UTE92_0184
TORONTO_UTE92_STU01764,TORONTO_UTE92_0063
TORONTO_UTE92_STU01764,TORONTO_UTE92_0074
TORONTO_UTE92_STU01764,TORONTO_UTE92_0138
TORONTO_UTE92_STU01764,TORONTO_UTE92_0184
TORONTO_UTE92_STU01765,TORONTO_UTE92_0069
TORONTO_UTE92_STU01765,TORONTO_UTE92_0070
TORONTO_UTE92_STU01765,TORONTO_UTE92_0071
TORONTO_UTE92_STU01765,TORONTO_UTE92_0072
TORONTO_UTE92_STU01765,TORONTO_UTE92_0073
TORONTO_UTE92_STU01766,TORONTO_UTE92_0076
TORONTO_UTE92_STU01766,TORONTO_UTE92_0131
TORONTO_UTE92_STU01766,TORONTO_UTE92_0141
TORONTO_UTE92_STU01766,TORONTO_UTE92_0142
TORONTO_UTE92_STU01766,TORONTO_UTE92_0144
TORONTO_UTE92_STU01767,TORONTO_UTE92_0069
TORONTO_UTE92_STU01767,TORONTO_UTE92_0070
TORONTO_UTE92_STU01767,TORONTO_UTE92_0071
TORONTO_UTE92_STU01767,TORONTO_UTE92_0072
TORONTO_UTE92_STU01767,TORONTO_UTE92_0073
TORONTO_UTE92_STU01768,TORONTO_UTE92_0047
TORONTO_UTE92_STU01768,TORONTO_UTE92_0048
TORONTO_UTE92_STU01768,TORONTO_UTE92_0049
TORONTO_UTE92_STU01768,TORONTO_UTE92_0050
TORONTO_UTE92_STU01768,TORONTO_UTE92_0143
TORONTO_UTE92_STU01769,TORONTO_UTE92_0112
TORONTO_UTE92_STU01769,TORONTO_UTE92_0113
TORONTO_UTE92_STU01769,TORONTO_UTE92_0139
TORONTO_UTE92_STU01769,TORONTO_UTE92_0170
TORONTO_UTE92_STU01770,TORONTO_UTE92_0069
TORONTO_UTE92_STU01770,TORONTO_UTE92_0070
TORONTO_UTE92_STU01770,TORONTO_UTE92_0071
TORONTO_UTE92_STU01770,TORONTO_UTE92_0072
TORONTO_UTE92_STU01770,TORONTO_UTE92_0073
TORONTO_UTE92_STU01771,TORONTO_UTE92_0069
TORONTO_UTE92_STU01771,TORONTO_UTE92_0070
TORONTO_UTE92_STU01771,TORONTO_UTE92_0071
TORONTO_UTE92_STU01771,TORONTO_UTE92_0072
TORONTO_UTE92_STU01771,TORONTO_UTE92_0073
TORONTO_UTE92_STU01772,TORONTO_UTE92_0012
TORONTO_UTE92_STU01772,TORONTO_UTE92_0018
TORONTO_UTE92_STU01772,TORONTO_UTE92_0019
TORONTO_UTE92_STU01772,TORONTO_UTE92_0020
TORONTO_UTE92_STU01772,TORONTO_UTE92_0021
TORONTO_UTE92_STU01773,TORONTO_UTE92_0015
TORONTO_UTE92_STU01773,TORONTO_UTE92_0047
TORONTO_UTE92_STU01773,TORONTO_UTE92_0048
TORONTO_UTE92_STU01773,TORONTO_UTE92_0049
TORONTO_UTE92_STU01773,TORONTO_UTE92_0050
TORONTO_UTE92_STU01774,TORONTO_UTE92_0112
TORONTO_UTE92_STU01774,TORONTO_UTE92_0113
TORONTO_UTE92_STU01774,TORONTO_UTE92_0139
TORONTO_UTE92_STU01774,TORONTO_UTE92_0170
TORONTO_UTE92_STU01775,TORONTO_UTE92_0013
TORONTO_UTE92_STU01775,TORONTO_UTE92_0047
TORONTO_UTE92_STU01775,TORONTO_UTE92_0048
TORONTO_UTE92_STU01775,TORONTO_UTE92_0049
TORONTO_UTE92_STU01775,TORONTO_UTE92_0050
TORONTO_UTE92_STU01776,TORONTO_UTE92_0048
TORONTO_UTE92_STU01776,TORONTO_UTE92_0064
TORONTO_UTE92_STU01776,TORONTO_UTE92_0143
TORONTO_UTE92_STU01776,TORONTO_UTE92_0183
TORONTO_UTE92_STU01777,TORONTO_UTE92_0063
TORONTO_UTE92_STU01777,TORONTO_UTE92_0074
TORONTO_UTE92_STU01777,TORONTO_UTE92_0138
TORONTO_UTE92_STU01777,TORONTO_UTE92_0184
TORONTO_UTE92_STU01778,TORONTO_UTE92_0063
TORONTO_UTE92_STU01778,TORONTO_UTE92_0074
TORONTO_UTE92_STU01778,TORONTO_UTE92_0138
TORONTO_UTE92_STU01778,TORONTO_UTE92_0184
TORONTO_UTE92_STU01779,TORONTO_UTE92_0069
TORONTO_UTE92_STU01779,TORONTO_UTE92_0070
TORONTO_UTE92_STU01779,TORONTO_UTE92_0071
TORONTO_UTE92_STU01779,TORONTO_UTE92_0072
TORONTO_UTE92_STU01779,TORONTO_UTE92_0073
TORONTO_UTE92_STU01780,TORONTO_UTE92_0076
TORONTO_UTE92_STU01780,TORONTO_UTE92_0131
TORONTO_UTE92_STU01780,TORONTO_UTE92_0141
TORONTO_UTE92_STU01780,TORONTO_UTE92_0142
TORONTO_UTE92_STU01780,TORONTO_UTE92_0144
TORONTO_UTE92_STU01781,TORONTO_UTE92_0076
TORONTO_UTE92_STU01781,TORONTO_UTE92_0131
TORONTO_UTE92_STU01781,TORONTO_UTE92_0141
TORONTO_UTE92_STU01781,TORONTO_UTE92_0142
TORONTO_UTE92_STU01781,TORONTO_UTE92_0144
TORONTO_UTE92_STU01782,TORONTO_UTE92_0076
TORONTO_UTE92_STU01782,TORONTO_UTE92_0131
TORONTO_UTE92_STU01782,TORONTO_UTE92_0141
TORONTO_UTE92_STU01782,TORONTO_UTE92_0142
TORONTO_UTE92_STU01782,TORONTO_UTE92_0144
TORONTO_UTE92_STU01783,TORONTO_UTE92_0136
TORONTO_UTE92_STU01784,TORONTO_UTE92_0018
TORONTO_UTE92_STU01784,TORONTO_UTE92_0019
TORONTO_UTE92_STU01784,TORONTO_UTE92_0020
TORONTO_UTE92_STU01784,TORONTO_UTE92_0021
TORONTO_UTE92_STU01784,TORONTO_UTE92_0101
TORONTO_UTE92_STU01785,TORONTO_UTE92_0131
TORONTO_UTE92_STU01785,TORONTO_UTE92_0141
TORONTO_UTE92_STU01786,TORONTO_UTE92_0047
TORONTO_UTE92_STU01786,TORONTO_UTE92_0048
TORONTO_UTE92_STU01786,TORONTO_UTE92_0049
TORONTO_UTE92_STU01786,TORONTO_UTE92_0050
TORONTO_UTE92_STU01786,TORONTO_UTE92_0125
TORONTO_UTE92_STU01787,TORONTO_UTE92_0010
TORONTO_UTE92_STU01787,TORONTO_UTE92_0112
TORONTO_UTE92_STU01787,TORONTO_UTE92_0113
TORONTO_UTE92_STU01787,TORONTO_UTE92_0139
TORONTO_UTE92_STU01787,TORONTO_UTE92_0170
TORONTO_UTE92_STU01788,TORONTO_UTE92_0076
TORONTO_UTE92_STU01788,TORONTO_UTE92_0131
TORONTO_UTE92_STU01788,TORONTO_UTE92_0141
TORONTO_UTE92_STU01788,TORONTO_UTE92_0142
TORONTO_UTE92_STU01788,TORONTO_UTE92_0144
TORONTO_UTE92_STU01789,TORONTO_UTE92_0008
TORONTO_UTE92_STU01789,TORONTO_UTE92_0067
TORONTO_UTE92_STU01789,TORONTO_UTE92_0100
TORONTO_UTE92_STU01789,TORONTO_UTE92_0110
TORONTO_UTE92_STU01790,TORONTO_UTE92_0076
TORONTO_UTE92_STU01790,TORONTO_UTE92_0131
TORONTO_UTE92_STU01790,TORONTO_UTE92_0141
TORONTO_UTE92_STU01790,TORONTO_UTE92_0142
TORONTO_UTE92_STU01790,TORONTO_UTE92_0144
TORONTO_UTE92_STU01791,TORONTO_UTE92_0048
TORONTO_UTE92_STU01791,TORONTO_UTE92_0064
TORONTO_UTE92_STU01791,TORONTO_UTE92_0143
TORONTO_UTE92_STU01791,TORONTO_UTE92_0183
TORONTO_UTE92_STU01792,TORONTO_UTE92_0013
TORONTO_UTE92_STU01792,TORONTO_UTE92_0045
TORONTO_UTE92_STU01792,TORONTO_UTE92_0067
TORONTO_UTE92_STU01792,TORONTO_UTE92_0107
TORONTO_UTE92_STU01792,TORONTO_UTE92_0136
TORONTO_UTE92_STU01793,TORONTO_UTE92_0069
TORONTO_UTE92_STU01793,TORONTO_UTE92_0070
TORONTO_UTE92_STU01793,TORONTO_UTE92_0071
TORONTO_UTE92_STU01793,TORONTO_UTE92_0072
TORONTO_UTE92_STU01793,TORONTO_UTE92_0073
TORONTO_UTE92_STU01794,TORONTO_UTE92_0047
TORONTO_UTE92_STU01794,TORONTO_UTE92_0048
TORONTO_UTE92_STU01794,TORONTO_UTE92_0049
TORONTO_UTE92_STU01794,TORONTO_UTE92_0050
TORONTO_UTE92_STU01794,TORONTO_UTE92_0143
TORONTO_UTE92_STU01795,TORONTO_UTE92_0069
TORONTO_UTE92_STU01795,TORONTO_UTE92_0070
TORONTO_UTE92_STU01795,TORONTO_UTE92_0071
TORONTO_UTE92_STU01795,TORONTO_UTE92_0072
TORONTO_UTE92_STU01795,TORONTO_UTE92_0073
TORONTO_UTE92_STU01796,TORONTO_UTE92_0076
TORONTO_UTE92_STU01796,TORONTO_UTE92_0131
TORONTO_UTE92_STU01796,TORONTO_UTE92_0141
TORONTO_UTE92_STU01796,TORONTO_UTE92_0142
TORONTO_UTE92_STU01796,TORONTO_UTE92_0144
TORONTO_UTE92_STU01797,TORONTO_UTE92_0069
TORONTO_UTE92_STU01797,TORONTO_UTE92_0070
TORONTO_UTE92_STU01797,TORONTO_UTE92_0071
TORONTO_UTE92_STU01797,TORONTO_UTE92_0072
TORONTO_UTE92_STU01797,TORONTO_UTE92_0073
TORONTO_UTE92_STU01798,TORONTO_UTE92_0067
TORONTO_UTE92_STU01798,TORONTO_UTE92_0136
TORONTO_UTE92_STU01799,TORONTO_UTE92_0063
TORONTO_UTE92_STU01799,TORONTO_UTE92_0074
TORONTO_UTE92_STU01799,TORONTO_UTE92_0138
TORONTO_UTE92_STU01799,TORONTO_UTE92_0184
TORONTO_UTE92_STU01800,TORONTO_UTE92_0069
TORONTO_UTE92_STU01800,TORONTO_UTE92_0070
TORONTO_UTE92_STU01800,TORONTO_UTE92_0071
TORONTO_UTE92_STU01800,TORONTO_UTE92_0072
TORONTO_UTE92_STU01800,TORONTO_UTE92_0073
TORONTO_UTE92_STU01801,TORONTO_UTE92_0112
TORONTO_UTE92_STU01801,TORONTO_UTE92_0113
TORONTO_UTE92_STU01801,TORONTO_UTE92_0139
TORONTO_UTE92_STU01801,TORONTO_UTE92_0170
TORONTO_UTE92_STU01802,TORONTO_UTE92_0063
TORONTO_UTE92_STU01802,TORONTO_UTE92_0074
TORONTO_UTE92_STU01802,TORONTO_UTE92_0138
TORONTO_UTE92_STU01802,TORONTO_UTE92_0184
TORONTO_UTE92_STU01803,TORONTO_UTE92_0063
TORONTO_UTE92_STU01803,TORONTO_UTE92_0074
TORONTO_UTE92_STU01803,TORONTO_UTE92_0138
TORONTO_UTE92_STU01803,TORONTO_UTE92_0184
TORONTO_UTE92_STU01804,TORONTO_UTE92_0045
TORONTO_UTE92_STU01804,TORONTO_UTE92_0130
TORONTO_UTE92_STU01805,TORONTO_UTE92_0069
TORONTO_UTE92_STU01805,TORONTO_UTE92_0070
TORONTO_UTE92_STU01805,TORONTO_UTE92_0071
TORONTO_UTE92_STU01805,TORONTO_UTE92_0072
TORONTO_UTE92_STU01805,TORONTO_UTE92_0073
TORONTO_UTE92_STU01806,TORONTO_UTE92_0069
TORONTO_UTE92_STU01806,TORONTO_UTE92_0070
TORONTO_UTE92_STU01806,TORONTO_UTE92_0071
TORONTO_UTE92_STU01806,TORONTO_UTE92_0072
TORONTO_UTE92_STU01806,TORONTO_UTE92_0073
TORONTO_UTE92_STU01807,TORONTO_UTE92_0069
TORONTO_UTE92_STU01807,TORONTO_UTE92_0070
TORONTO_UTE92_STU01807,TORONTO_UTE92_0071
TORONTO_UTE92_STU01807,TORONTO_UTE92_0072
TORONTO_UTE92_STU01807,TORONTO_UTE92_0073
TORONTO_UTE92_STU01808,TORONTO_UTE92_0018
TORONTO_UTE92_STU01808,TORONTO_UTE92_0019
TORONTO_UTE92_STU01808,TORONTO_UTE92_0020
TORONTO_UTE92_STU01808,TORONTO_UTE92_0021
TORONTO_UTE92_STU01808,TORONTO_UTE92_0108
TORONTO_UTE92_STU01809,TORONTO_UTE92_0063
TORONTO_UTE92_STU01809,TORONTO_UTE92_0074
TORONTO_UTE92_STU01809,TORONTO_UTE92_0138
TORONTO_UTE92_STU01809,TORONTO_UTE92_0184
TORONTO_UTE92_STU01810,TORONTO_UTE92_0063
TORONTO_UTE92_STU01810,TORONTO_UTE92_0074
TORONTO_UTE92_STU01810,TORONTO_UTE92_0138
TORONTO_UTE92_STU01810,TORONTO_UTE92_0184
TORONTO_UTE92_STU01811,TORONTO_UTE92_0076
TORONTO_UTE92_STU01811,TORONTO_UTE92_0131
TORONTO_UTE92_STU01811,TORONTO_UTE92_0141
TORONTO_UTE92_STU01811,TORONTO_UTE92_0142
TORONTO_UTE92_STU01811,TORONTO_UTE92_0144
TORONTO_UTE92_STU01812,TORONTO_UTE92_0064
TORONTO_UTE92_STU01812,TORONTO_UTE92_0100
TORONTO_UTE92_STU01812,TORONTO_UTE92_0131
TORONTO_UTE92_STU01812,TORONTO_UTE92_0168
TORONTO_UTE92_STU01812,TORONTO_UTE92_0169
TORONTO_UTE92_STU01813,TORONTO_UTE92_0069
TORONTO_UTE92_STU01813,TORONTO_UTE92_0070
TORONTO_UTE92_STU01813,TORONTO_UTE92_0071
TORONTO_UTE92_STU01813,TORONTO_UTE92_0072
TORONTO_UTE92_STU01813,TORONTO_UTE92_0073
TORONTO_UTE92_STU01814,TORONTO_UTE92_0069
TORONTO_UTE92_STU01814,TORONTO_UTE92_0070
TORONTO_UTE92_STU01814,TORONTO_UTE92_0071
TORONTO_UTE92_STU01814,TORONTO_UTE92_0072
TORONTO_UTE92_STU01814,TORONTO_UTE92_0073
TORONTO_UTE92_STU01815,TORONTO_UTE92_0112
TORONTO_UTE92_STU01815,TORONTO_UTE92_0113
TORONTO_UTE92_STU01815,TORONTO_UTE92_0139
TORONTO_UTE92_STU01815,TORONTO_UTE92_0170
TORONTO_UTE92_STU01816,TORONTO_UTE92_0075
TORONTO_UTE92_STU01816,TORONTO_UTE92_0112
TORONTO_UTE92_STU01816,TORONTO_UTE92_0113
TORONTO_UTE92_STU01816,TORONTO_UTE92_0139
TORONTO_UTE92_STU01817,TORONTO_UTE92_0013
TORONTO_UTE92_STU01817,TORONTO_UTE92_0017
TORONTO_UTE92_STU01817,TORONTO_UTE92_0045
TORONTO_UTE92_STU01817,TORONTO_UTE92_0067
TORONTO_UTE92_STU01817,TORONTO_UTE92_0132
TORONTO_UTE92_STU01818,TORONTO_UTE92_0045
TORONTO_UTE92_STU01818,TORONTO_UTE92_0066
TORONTO_UTE92_STU01818,TORONTO_UTE92_0108
TORONTO_UTE92_STU01818,TORONTO_UTE92_0130
TORONTO_UTE92_STU01818,TORONTO_UTE92_0136
TORONTO_UTE92_STU01819,TORONTO_UTE92_0047
TORONTO_UTE92_STU01819,TORONTO_UTE92_0048
TORONTO_UTE92_STU01819,TORONTO_UTE92_0049
TORONTO_UTE92_STU01819,TORONTO_UTE92_0050
TORONTO_UTE92_STU01819,TORONTO_UTE92_0143
TORONTO_UTE92_STU01820,TORONTO_UTE92_0076
TORONTO_UTE92_STU01820,TORONTO_UTE92_0131
TORONTO_UTE92_STU01820,TORONTO_UTE92_0141
TORONTO_UTE92_STU01820,TORONTO_UTE92_0142
TORONTO_UTE92_STU01820,TORONTO_UTE92_0144
TORONTO_UTE92_STU01821,TORONTO_UTE92_0069
TORONTO_UTE92_STU01821,TORONTO_UTE92_0070
TORONTO_UTE92_STU01821,TORONTO_UTE92_0071
TORONTO_UTE92_STU01821,TORONTO_UTE92_0072
TORONTO_UTE92_STU01821,TORONTO_UTE92_0073
TORONTO_UTE92_STU01822,TORONTO_UTE92_0063
TORONTO_UTE92_STU01822,TORONTO_UTE92_0074
TORONTO_UTE92_STU01822,TORONTO_UTE92_0138
TORONTO_UTE92_STU01822,TORONTO_UTE92_0184
TORONTO_UTE92_STU01823,TORONTO_UTE92_0013
TORONTO_UTE92_STU01824,TORONTO_UTE92_0010
TORONTO_UTE92_STU01824,TORONTO_UTE92_0067
TORONTO_UTE92_STU01824,TORONTO_UTE92_0130
TORONTO_UTE92_STU01824,TORONTO_UTE92_0132
TORONTO_UTE92_STU01825,TORONTO_UTE92_0064
TORONTO_UTE92_STU01825,TORONTO_UTE92_0100
TORONTO_UTE92_STU01825,TORONTO_UTE92_0131
TORONTO_UTE92_STU01825,TORONTO_UTE92_0168
TORONTO_UTE92_STU01825,TORONTO_UTE92_0169
TORONTO_UTE92_STU01826,TORONTO_UTE92_0076
TORONTO_UTE92_STU01826,TORONTO_UTE92_0131
TORONTO_UTE92_STU01826,TORONTO_UTE92_0141
TORONTO_UTE92_STU01826,TORONTO_UTE92_0142
TORONTO_UTE92_STU01826,TORONTO_UTE92_0144
TORONTO_UTE92_STU01827,TORONTO_UTE92_0076
TORONTO_UTE92_STU01827,TORONTO_UTE92_0131
TORONTO_UTE92_STU01827,TORONTO_UTE92_0141
TORONTO_UTE92_STU01827,TORONTO_UTE92_0142
TORONTO_UTE92_STU01827,TORONTO_UTE92_0144
TORONTO_UTE92_STU01828,TORONTO_UTE92_0047
TORONTO_UTE92_STU01828,TORONTO_UTE92_0048
TORONTO_UTE92_STU01828,TORONTO_UTE92_0049
TORONTO_UTE92_STU01828,TORONTO_UTE92_0050
TORONTO_UTE92_STU01828,TORONTO_UTE92_0143
TORONTO_UTE92_STU01829,TORONTO_UTE92_0076
TORONTO_UTE92_STU01829,TORONTO_UTE92_0131
TORONTO_UTE92_STU01829,TORONTO_UTE92_0141
TORONTO_UTE92_STU01829,TORONTO_UTE92_0142
TORONTO_UTE92_STU01829,TORONTO_UTE92_0144
TORONTO_UTE92_STU01830,TORONTO_UTE92_0069
TORONTO_UTE92_STU01830,TORONTO_UTE92_0070
TORONTO_UTE92_STU01830,TORONTO_UTE92_0071
TORONTO_UTE92_STU01830,TORONTO_UTE92_0072
TORONTO_UTE92_STU01830,TORONTO_UTE92_0073
TORONTO_UTE92_STU01831,TORONTO_UTE92_0015
TORONTO_UTE92_STU01831,TORONTO_UTE92_0018
TORONTO_UTE92_STU01831,TORONTO_UTE92_0019
TORONTO_UTE92_STU01831,TORONTO_UTE92_0020
TORONTO_UTE92_STU01831,TORONTO_UTE92_0021
TORONTO_UTE92_STU01832,TORONTO_UTE92_0076
TORONTO_UTE92_STU01832,TORONTO_UTE92_0131
TORONTO_UTE92_STU01832,TORONTO_UTE92_0141
TORONTO_UTE92_STU01832,TORONTO_UTE92_0142
TORONTO_UTE92_STU01832,TORONTO_UTE92_0144
TORONTO_UTE92_STU01833,TORONTO_UTE92_0069
TORONTO_UTE92_STU01833,TORONTO_UTE92_0070
TORONTO_UTE92_STU01833,TORONTO_UTE92_0071
TORONTO_UTE92_STU01833,TORONTO_UTE92_0072
TORONTO_UTE92_STU01833,TORONTO_UTE92_0073
TORONTO_UTE92_STU01834,TORONTO_UTE92_0069
TORONTO_UTE92_STU01834,TORONTO_UTE92_0070
TORONTO_UTE92_STU01834,TORONTO_UTE92_0071
TORONTO_UTE92_STU01834,TORONTO_UTE92_0072
TORONTO_UTE92_STU01834,TORONTO_UTE92_0073
TORONTO_UTE92_STU01835,TORONTO_UTE92_0063
TORONTO_UTE92_STU01835,TORONTO_UTE92_0074
TORONTO_UTE92_STU01835,TORONTO_UTE92_0138
TORONTO_UTE92_STU01835,TORONTO_UTE92_0184
TORONTO_UTE92_STU01836,TORONTO_UTE92_0104
TORONTO_UTE92_STU01836,TORONTO_UTE92_0112
TORONTO_UTE92_STU01836,TORONTO_UTE92_0113
TORONTO_UTE92_STU01836,TORONTO_UTE92_0139
TORONTO_UTE92_STU01836,TORONTO_UTE92_0170
TORONTO_UTE92_STU01837,TORONTO_UTE92_0069
TORONTO_UTE92_STU01837,TORONTO_UTE92_0070
TORONTO_UTE92_STU01837,TORONTO_UTE92_0071
TORONTO_UTE92_STU01837,TORONTO_UTE92_0072
TORONTO_UTE92_STU01837,TORONTO_UTE92_0073
TORONTO_UTE92_STU01838,TORONTO_UTE92_0069
TORONTO_UTE92_STU01838,TORONTO_UTE92_0070
TORONTO_UTE92_STU01838,TORONTO_UTE92_0071
TORONTO_UTE92_STU01838,TORONTO_UTE92_0072
TORONTO_UTE92_STU01838,TORONTO_UTE92_0073
TORONTO_UTE92_STU01839,TORONTO_UTE92_0015
TORONTO_UTE92_STU01839,TORONTO_UTE92_0047
TORONTO_UTE92_STU01839,TORONTO_UTE92_0048
TORONTO_UTE92_STU01839,TORONTO_UTE92_0049
TORONTO_UTE92_STU01839,TORONTO_UTE92_0050
TORONTO_UTE92_STU01840,TORONTO_UTE92_0012
TORONTO_UTE92_STU01840,TORONTO_UTE92_0018
TORONTO_UTE92_STU01840,TORONTO_UTE92_0019
TORONTO_UTE92_STU01840,TORONTO_UTE92_0020
TORONTO_UTE92_STU01840,TORONTO_UTE92_0021
TORONTO_UTE92_STU01841,TORONTO_UTE92_0069
TORONTO_UTE92_STU01841,TORONTO_UTE92_0070
TORONTO_UTE92_STU01841,TORONTO_UTE92_0071
TORONTO_UTE92_STU01841,TORONTO_UTE92_0072
TORONTO_UTE92_STU01841,TORONTO_UTE92_0073
TORONTO_UTE92_STU01842,TORONTO_UTE92_0076
TORONTO_UTE92_STU01842,TORONTO_UTE92_0131
TORONTO_UTE92_STU01842,TORONTO_UTE92_0141
TORONTO_UTE92_STU01842,TORONTO_UTE92_0142
TORONTO_UTE92_STU01842,TORONTO_UTE92_0144
TORONTO_UTE92_STU01843,TORONTO_UTE92_0100
TORONTO_UTE92_STU01843,TORONTO_UTE92_0112
TORONTO_UTE92_STU01843,TORONTO_UTE92_0113
TORONTO_UTE92_STU01843,TORONTO_UTE92_0139
TORONTO_UTE92_STU01843,TORONTO_UTE92_0170
TORONTO_UTE92_STU01844,TORONTO_UTE92_0008
TORONTO_UTE92_STU01844,TORONTO_UTE92_0067
TORONTO_UTE92_STU01844,TORONTO_UTE92_0104
TORONTO_UTE92_STU01844,TORONTO_UTE92_0131
TORONTO_UTE92_STU01845,TORONTO_UTE92_0048
TORONTO_UTE92_STU01845,TORONTO_UTE92_0064
TORONTO_UTE92_STU01845,TORONTO_UTE92_0143
TORONTO_UTE92_STU01846,TORONTO_UTE92_0047
TORONTO_UTE92_STU01846,TORONTO_UTE92_0048
TORONTO_UTE92_STU01846,TORONTO_UTE92_0049
TORONTO_UTE92_STU01846,TORONTO_UTE92_0050
TORONTO_UTE92_STU01846,TORONTO_UTE92_0109
TORONTO_UTE92_STU01846,TORONTO_UTE92_0136
TORONTO_UTE92_STU01847,TORONTO_UTE92_0010
TORONTO_UTE92_STU01847,TORONTO_UTE92_0047
TORONTO_UTE92_STU01847,TORONTO_UTE92_0048
TORONTO_UTE92_STU01847,TORONTO_UTE92_0049
TORONTO_UTE92_STU01847,TORONTO_UTE92_0050
TORONTO_UTE92_STU01848,TORONTO_UTE92_0136
TORONTO_UTE92_STU01848,TORONTO_UTE92_0140
TORONTO_UTE92_STU01849,TORONTO_UTE92_0012
TORONTO_UTE92_STU01849,TORONTO_UTE92_0135
TORONTO_UTE92_STU01850,TORONTO_UTE92_0009
TORONTO_UTE92_STU01850,TORONTO_UTE92_0066
TORONTO_UTE92_STU01850,TORONTO_UTE92_0100
TORONTO_UTE92_STU01850,TORONTO_UTE92_0130
TORONTO_UTE92_STU01850,TORONTO_UTE92_0136
TORONTO_UTE92_STU01851,TORONTO_UTE92_0069
TORONTO_UTE92_STU01851,TORONTO_UTE92_0070
TORONTO_UTE92_STU01851,TORONTO_UTE92_0071
TORONTO_UTE92_STU01851,TORONTO_UTE92_0072
TORONTO_UTE92_STU01851,TORONTO_UTE92_0073
TORONTO_UTE92_STU01852,TORONTO_UTE92_0076
TORONTO_UTE92_STU01852,TORONTO_UTE92_0131
TORONTO_UTE92_STU01852,TORONTO_UTE92_0141
TORONTO_UTE92_STU01852,TORONTO_UTE92_0142
TORONTO_UTE92_STU01852,TORONTO_UTE92_0144
TORONTO_UTE92_STU01853,TORONTO_UTE92_0064
TORONTO_UTE92_STU01853,TORONTO_UTE92_0100
TORONTO_UTE92_STU01853,TORONTO_UTE92_0131
TORONTO_UTE92_STU01853,TORONTO_UTE92_0168
TORONTO_UTE92_STU01853,TORONTO_UTE92_0169
TORONTO_UTE92_STU01854,TORONTO_UTE92_0076
TORONTO_UTE92_STU01854,TORONTO_UTE92_0131
TORONTO_UTE92_STU01854,TORONTO_UTE92_0141
TORONTO_UTE92_STU01854,TORONTO_UTE92_0142
TORONTO_UTE92_STU01854,TORONTO_UTE92_0144
TORONTO_UTE92_STU01855,TORONTO_UTE92_0069
TORONTO_UTE92_STU01855,TORONTO_UTE92_0070
TORONTO_UTE92_STU01855,TORONTO_UTE92_0071
TORONTO_UTE92_STU01855,TORONTO_UTE92_0072
TORONTO_UTE92_STU01855,TORONTO_UTE92_0073
TORONTO_UTE92_STU01856,TORONTO_UTE92_0008
TORONTO_UTE92_STU01856,TORONTO_UTE92_0017
TORONTO_UTE92_STU01857,TORONTO_UTE92_0063
TORONTO_UTE92_STU01857,TORONTO_UTE92_0074
TORONTO_UTE92_STU01857,TORONTO_UTE92_0138
TORONTO_UTE92_STU01857,TORONTO_UTE92_0184
TORONTO_UTE92_STU01858,TORONTO_UTE92_0069
TORONTO_UTE92_STU01858,TORONTO_UTE92_0070
TORONTO_UTE92_STU01858,TORONTO_UTE92_0071
TORONTO_UTE92_STU01858,TORONTO_UTE92_0072
TORONTO_UTE92_STU01858,TORONTO_UTE92_0073
TORONTO_UTE92_STU01859,TORONTO_UTE92_0069
TORONTO_UTE92_STU01859,TORONTO_UTE92_0070
TORONTO_UTE92_STU01859,TORONTO_UTE92_0071
TORONTO_UTE92_STU01859,TORONTO_UTE92_0072
TORONTO_UTE92_STU01859,TORONTO_UTE92_0073
TORONTO_UTE92_STU01860,TORONTO_UTE92_0012
TORONTO_UTE92_STU01860,TORONTO_UTE92_0018
TORONTO_UTE92_STU01860,TORONTO_UTE92_0019
TORONTO_UTE92_STU01860,TORONTO_UTE92_0020
TORONTO_UTE92_STU01860,TORONTO_UTE92_0021
TORONTO_UTE92_STU01861,TORONTO_UTE92_0069
TORONTO_UTE92_STU01861,TORONTO_UTE92_0070
TORONTO_UTE92_STU01861,TORONTO_UTE92_0071
TORONTO_UTE92_STU01861,TORONTO_UTE92_0072
TORONTO_UTE92_STU01861,TORONTO_UTE92_0073
TORONTO_UTE92_STU01862,TORONTO_UTE92_0045
TORONTO_UTE92_STU01862,TORONTO_UTE92_0067
TORONTO_UTE92_STU01862,TORONTO_UTE92_0107
TORONTO_UTE92_STU01862,TORONTO_UTE92_0136
TORONTO_UTE92_STU01863,TORONTO_UTE92_0076
TORONTO_UTE92_STU01863,TORONTO_UTE92_0131
TORONTO_UTE92_STU01863,TORONTO_UTE92_0141
TORONTO_UTE92_STU01863,TORONTO_UTE92_0142
TORONTO_UTE92_STU01863,TORONTO_UTE92_0144
TORONTO_UTE92_STU01864,TORONTO_UTE92_0013
TORONTO_UTE92_STU01864,TORONTO_UTE92_0047
TORONTO_UTE92_STU01864,TORONTO_UTE92_0048
TORONTO_UTE92_STU01864,TORONTO_UTE92_0049
TORONTO_UTE92_STU01864,TORONTO_UTE92_0050
TORONTO_UTE92_STU01865,TORONTO_UTE92_0009
TORONTO_UTE92_STU01865,TORONTO_UTE92_0066
TORONTO_UTE92_STU01865,TORONTO_UTE92_0073
TORONTO_UTE92_STU01865,TORONTO_UTE92_0130
TORONTO_UTE92_STU01866,TORONTO_UTE92_0076
TORONTO_UTE92_STU01866,TORONTO_UTE92_0131
TORONTO_UTE92_STU01866,TORONTO_UTE92_0141
TORONTO_UTE92_STU01866,TORONTO_UTE92_0142
TORONTO_UTE92_STU01866,TORONTO_UTE92_0144
TORONTO_UTE92_STU01867,TORONTO_UTE92_0018
TORONTO_UTE92_STU01867,TORONTO_UTE92_0019
TORONTO_UTE92_STU01867,TORONTO_UTE92_0020
TORONTO_UTE92_STU01867,TORONTO_UTE92_0021
TORONTO_UTE92_STU01868,TORONTO_UTE92_0076
TORONTO_UTE92_STU01868,TORONTO_UTE92_0131
TORONTO_UTE92_STU01868,TORONTO_UTE92_0141
TORONTO_UTE92_STU01868,TORONTO_UTE92_0142
TORONTO_UTE92_STU01868,TORONTO_UTE92_0144
TORONTO_UTE92_STU01869,TORONTO_UTE92_0063
TORONTO_UTE92_STU01869,TORONTO_UTE92_0074
TORONTO_UTE92_STU01869,TORONTO_UTE92_0138
TORONTO_UTE92_STU01869,TORONTO_UTE92_0184
TORONTO_UTE92_STU01870,TORONTO_UTE92_0047
TORONTO_UTE92_STU01870,TORONTO_UTE92_0048
TORONTO_UTE92_STU01870,TORONTO_UTE92_0049
TORONTO_UTE92_STU01870,TORONTO_UTE92_0050
TORONTO_UTE92_STU01871,TORONTO_UTE92_0047
TORONTO_UTE92_STU01871,TORONTO_UTE92_0048
TORONTO_UTE92_STU01871,TORONTO_UTE92_0049
TORONTO_UTE92_STU01871,TORONTO_UTE92_0050
TORONTO_UTE92_STU01871,TORONTO_UTE92_0143
TORONTO_UTE92_STU01872,TORONTO_UTE92_0018
TORONTO_UTE92_STU01872,TORONTO_UTE92_0019
TORONTO_UTE92_STU01872,TORONTO_UTE92_0020
TORONTO_UTE92_STU01872,TORONTO_UTE92_0021
TORONTO_UTE92_STU01872,TORONTO_UTE92_0133
TORONTO_UTE92_STU01873,TORONTO_UTE92_0069
TORONTO_UTE92_STU01873,TORONTO_UTE92_0070
TORONTO_UTE92_STU01873,TORONTO_UTE92_0071
TORONTO_UTE92_STU01873,TORONTO_UTE92_0072
TORONTO_UTE92_STU01873,TORONTO_UTE92_0073
TORONTO_UTE92_STU01874,TORONTO_UTE92_0015
TORONTO_UTE92_STU01874,TORONTO_UTE92_0112
TORONTO_UTE92_STU01874,TORONTO_UTE92_0113
TORONTO_UTE92_STU01874,TORONTO_UTE92_0139
TORONTO_UTE92_STU01875,TORONTO_UTE92_0069
TORONTO_UTE92_STU01875,TORONTO_UTE92_0070
TORONTO_UTE92_STU01875,TORONTO_UTE92_0071
TORONTO_UTE92_STU01875,TORONTO_UTE92_0072
TORONTO_UTE92_STU01875,TORONTO_UTE92_0073
TORONTO_UTE92_STU01876,TORONTO_UTE92_0018
TORONTO_UTE92_STU01876,TORONTO_UTE92_0019
TORONTO_UTE92_STU01876,TORONTO_UTE92_0020
TORONTO_UTE92_STU01876,TORONTO_UTE92_0021
TORONTO_UTE92_STU01877,TORONTO_UTE92_0069
TORONTO_UTE92_STU01877,TORONTO_UTE92_0070
TORONTO_UTE92_STU01877,TORONTO_UTE92_0071
TORONTO_UTE92_STU01877,TORONTO_UTE92_0072
TORONTO_UTE92_STU01877,TORONTO_UTE92_0073
TORONTO_UTE92_STU01878,TORONTO_UTE92_0069
TORONTO_UTE92_STU01878,TORONTO_UTE92_0070
TORONTO_UTE92_STU01878,TORONTO_UTE92_0071
TORONTO_UTE92_STU01878,TORONTO_UTE92_0072
TORONTO_UTE92_STU01878,TORONTO_UTE92_0073
TORONTO_UTE92_STU01879,TORONTO_UTE92_0011
TORONTO_UTE92_STU01879,TORONTO_UTE92_0045
TORONTO_UTE92_STU01879,TORONTO_UTE92_0067
TORONTO_UTE92_STU01879,TORONTO_UTE92_0110
TORONTO_UTE92_STU01879,TORONTO_UTE92_0111
TORONTO_UTE92_STU01880,TORONTO_UTE92_0076
TORONTO_UTE92_STU01880,TORONTO_UTE92_0131
TORONTO_UTE92_STU01880,TORONTO_UTE92_0141
TORONTO_UTE92_STU01880,TORONTO_UTE92_0142
TORONTO_UTE92_STU01880,TORONTO_UTE92_0144
TORONTO_UTE92_STU01881,TORONTO_UTE92_0008
TORONTO_UTE92_STU01881,TORONTO_UTE92_0067
TORONTO_UTE92_STU01881,TORONTO_UTE92_0107
TORONTO_UTE92_STU01881,TORONTO_UTE92_0136
TORONTO_UTE92_STU01882,TORONTO_UTE92_0066
TORONTO_UTE92_STU01882,TORONTO_UTE92_0130
TORONTO_UTE92_STU01882,TORONTO_UTE92_0136
TORONTO_UTE92_STU01882,TORONTO_UTE92_0140
TORONTO_UTE92_STU01883,TORONTO_UTE92_0010
TORONTO_UTE92_STU01883,TORONTO_UTE92_0017
TORONTO_UTE92_STU01883,TORONTO_UTE92_0045
TORONTO_UTE92_STU01883,TORONTO_UTE92_0067
TORONTO_UTE92_STU01883,TORONTO_UTE92_0132
TORONTO_UTE92_STU01884,TORONTO_UTE92_0017
TORONTO_UTE92_STU01884,TORONTO_UTE92_0018
TORONTO_UTE92_STU01884,TORONTO_UTE92_0019
TORONTO_UTE92_STU01884,TORONTO_UTE92_0020
TORONTO_UTE92_STU01884,TORONTO_UTE92_0132
TORONTO_UTE92_STU01885,TORONTO_UTE92_0009
TORONTO_UTE92_STU01885,TORONTO_UTE92_0014
TORONTO_UTE92_STU01885,TORONTO_UTE92_0066
TORONTO_UTE92_STU01885,TORONTO_UTE92_0130
TORONTO_UTE92_STU01885,TORONTO_UTE92_0136
TORONTO_UTE92_STU01886,TORONTO_UTE92_0018
TORONTO_UTE92_STU01886,TORONTO_UTE92_0019
TORONTO_UTE92_STU01886,TORONTO_UTE92_0020
TORONTO_UTE92_STU01886,TORONTO_UTE92_0021
TORONTO_UTE92_STU01886,TORONTO_UTE92_0133
TORONTO_UTE92_STU01887,TORONTO_UTE92_0112
TORONTO_UTE92_STU01887,TORONTO_UTE92_0113
TORONTO_UTE92_STU01887,TORONTO_UTE92_0139
TORONTO_UTE92_STU01887,TORONTO_UTE92_0170
TORONTO_UTE92_STU01887,TORONTO_UTE92_0183
TORONTO_UTE92_STU01888,TORONTO_UTE92_0076
TORONTO_UTE92_STU01888,TORONTO_UTE92_0131
TORONTO_UTE92_STU01888,TORONTO_UTE92_0141
TORONTO_UTE92_STU01888,TORONTO_UTE92_0142
TORONTO_UTE92_STU01888,TORONTO_UTE92_0144
TORONTO_UTE92_STU01889,TORONTO_UTE92_0076
TORONTO_UTE92_STU01889,TORONTO_UTE92_0131
TORONTO_UTE92_STU01889,TORONTO_UTE92_0141
TORONTO_UTE92_STU01889,TORONTO_UTE92_0142
TORONTO_UTE92_STU01889,TORONTO_UTE92_0144
TORONTO_UTE92_STU01890,TORONTO_UTE92_0022
TORONTO_UTE92_STU01890,TORONTO_UTE92_0023
TORONTO_UTE92_STU01890,TORONTO_UTE92_0025
TORONTO_UTE92_STU01890,TORONTO_UTE92_0026
TORONTO_UTE92_STU01890,TORONTO_UTE92_0028
TORONTO_UTE92_STU01891,TORONTO_UTE92_0069
TORONTO_UTE92_STU01891,TORONTO_UTE92_0070
TORONTO_UTE92_STU01891,TORONTO_UTE92_0071
TORONTO_UTE92_STU01891,TORONTO_UTE92_0072
TORONTO_UTE92_STU01891,TORONTO_UTE92_0073
TORONTO_UTE92_STU01892,TORONTO_UTE92_0018
TORONTO_UTE92_STU01892,TORONTO_UTE92_0019
TORONTO_UTE92_STU01892,TORONTO_UTE92_0020
TORONTO_UTE92_STU01892,TORONTO_UTE92_0021
TORONTO_UTE92_STU01892,TORONTO_UTE92_0105
TORONTO_UTE92_STU01893,TORONTO_UTE92_0064
TORONTO_UTE92_STU01893,TORONTO_UTE92_0131
TORONTO_UTE92_STU01893,TORONTO_UTE92_0168
TORONTO_UTE92_STU01893,TORONTO_UTE92_0169
TORONTO_UTE92_STU01893,TORONTO_UTE92_0183
TORONTO_UTE92_STU01894,TORONTO_UTE92_0010
TORONTO_UTE92_STU01894,TORONTO_UTE92_0112
TORONTO_UTE92_STU01894,TORONTO_UTE92_0113
TORONTO_UTE92_STU01894,TORONTO_UTE92_0139
TORONTO_UTE92_STU01894,TORONTO_UTE92_0170
TORONTO_UTE92_STU01895,TORONTO_UTE92_0018
TORONTO_UTE92_STU01895,TORONTO_UTE92_0019
TORONTO_UTE92_STU01895,TORONTO_UTE92_0020
TORONTO_UTE92_STU01895,TORONTO_UTE92_0021
TORONTO_UTE92_STU01895,TORONTO_UTE92_0105
TORONTO_UTE92_STU01896,TORONTO_UTE92_0069
TORONTO_UTE92_STU01896,TORONTO_UTE92_0070
TORONTO_UTE92_STU01896,TORONTO_UTE92_0071
TORONTO_UTE92_STU01896,TORONTO_UTE92_0072
TORONTO_UTE92_STU01896,TORONTO_UTE92_0073
TORONTO_UTE92_STU01897,TORONTO_UTE92_0018
TORONTO_UTE92_STU01897,TORONTO_UTE92_0019
TORONTO_UTE92_STU01897,TORONTO_UTE92_0021
TORONTO_UTE92_STU01897,TORONTO_UTE92_0101
TORONTO_UTE92_STU01898,TORONTO_UTE92_0067
TORONTO_UTE92_STU01899,TORONTO_UTE92_0092
TORONTO_UTE92_STU01899,TORONTO_UTE92_0093
TORONTO_UTE92_STU01899,TORONTO_UTE92_0095
TORONTO_UTE92_STU01899,TORONTO_UTE92_0098
TORONTO_UTE92_STU01900,TORONTO_UTE92_0013
TORONTO_UTE92_STU01900,TORONTO_UTE92_0018
TORONTO_UTE92_STU01900,TORONTO_UTE92_0019
TORONTO_UTE92_STU01900,TORONTO_UTE92_0020
TORONTO_UTE92_STU01900,TORONTO_UTE92_0021
TORONTO_UTE92_STU01901,TORONTO_UTE92_0076
TORONTO_UTE92_STU01901,TORONTO_UTE92_0131
TORONTO_UTE92_STU01901,TORONTO_UTE92_0141
TORONTO_UTE92_STU01901,TORONTO_UTE92_0142
TORONTO_UTE92_STU01901,TORONTO_UTE92_0144
TORONTO_UTE92_STU01902,TORONTO_UTE92_0018
TORONTO_UTE92_STU01902,TORONTO_UTE92_0019
TORONTO_UTE92_STU01902,TORONTO_UTE92_0020
TORONTO_UTE92_STU01902,TORONTO_UTE92_0021
TORONTO_UTE92_STU01902,TORONTO_UTE92_0133
TORONTO_UTE92_STU01903,TORONTO_UTE92_0063
TORONTO_UTE92_STU01903,TORONTO_UTE92_0074
TORONTO_UTE92_STU01903,TORONTO_UTE92_0138
TORONTO_UTE92_STU01903,TORONTO_UTE92_0184
TORONTO_UTE92_STU01904,TORONTO_UTE92_0064
TORONTO_UTE92_STU01904,TORONTO_UTE92_0108
TORONTO_UTE92_STU01904,TORONTO_UTE92_0131
TORONTO_UTE92_STU01904,TORONTO_UTE92_0168
TORONTO_UTE92_STU01904,TORONTO_UTE92_0169
TORONTO_UTE92_STU01905,TORONTO_UTE92_0069
TORONTO_UTE92_STU01905,TORONTO_UTE92_0070
TORONTO_UTE92_STU01905,TORONTO_UTE92_0071
TORONTO_UTE92_STU01905,TORONTO_UTE92_0072
TORONTO_UTE92_STU01905,TORONTO_UTE92_0081
TORONTO_UTE92_STU01906,TORONTO_UTE92_0069
TORONTO_UTE92_STU01906,TORONTO_UTE92_0070
TORONTO_UTE92_STU01906,TORONTO_UTE92_0071
TORONTO_UTE92_STU01906,TORONTO_UTE92_0072
TORONTO_UTE92_STU01906,TORONTO_UTE92_0073
TORONTO_UTE92_STU01907,TORONTO_UTE92_0068
TORONTO_UTE92_STU01907,TORONTO_UTE92_0134
TORONTO_UTE92_STU01907,TORONTO_UTE92_0137
TORONTO_UTE92_STU01907,TORONTO_UTE92_0167
TORONTO_UTE92_STU01907,TORONTO_UTE92_0183
TORONTO_UTE92_STU01908,TORONTO_UTE92_0063
TORONTO_UTE92_STU01908,TORONTO_UTE92_0074
TORONTO_UTE92_STU01908,TORONTO_UTE92_0138
TORONTO_UTE92_STU01908,TORONTO_UTE92_0184
TORONTO_UTE92_STU01909,TORONTO_UTE92_0047
TORONTO_UTE92_STU01909,TORONTO_UTE92_0048
TORONTO_UTE92_STU01909,TORONTO_UTE92_0049
TORONTO_UTE92_STU01909,TORONTO_UTE92_0050
TORONTO_UTE92_STU01909,TORONTO_UTE92_0143
TORONTO_UTE92_STU01910,TORONTO_UTE92_0063
TORONTO_UTE92_STU01910,TORONTO_UTE92_0074
TORONTO_UTE92_STU01910,TORONTO_UTE92_0138
TORONTO_UTE92_STU01910,TORONTO_UTE92_0184
TORONTO_UTE92_STU01911,TORONTO_UTE92_0017
TORONTO_UTE92_STU01911,TORONTO_UTE92_0018
TORONTO_UTE92_STU01911,TORONTO_UTE92_0019
TORONTO_UTE92_STU01911,TORONTO_UTE92_0020
TORONTO_UTE92_STU01911,TORONTO_UTE92_0021
TORONTO_UTE92_STU01912,TORONTO_UTE92_0069
TORONTO_UTE92_STU01912,TORONTO_UTE92_0070
TORONTO_UTE92_STU01912,TORONTO_UTE92_0071
TORONTO_UTE92_STU01912,TORONTO_UTE92_0072
TORONTO_UTE92_STU01912,TORONTO_UTE92_0073
TORONTO_UTE92_STU01913,TORONTO_UTE92_0012
TORONTO_UTE92_STU01913,TORONTO_UTE92_0066
TORONTO_UTE92_STU01913,TORONTO_UTE92_0130
TORONTO_UTE92_STU01913,TORONTO_UTE92_0136
TORONTO_UTE92_STU01914,TORONTO_UTE92_0069
TORONTO_UTE92_STU01914,TORONTO_UTE92_0070
TORONTO_UTE92_STU01914,TORONTO_UTE92_0071
TORONTO_UTE92_STU01914,TORONTO_UTE92_0072
TORONTO_UTE92_STU01914,TORONTO_UTE92_0073
TORONTO_UTE92_STU01915,TORONTO_UTE92_0100
TORONTO_UTE92_STU01915,TORONTO_UTE92_0112
TORONTO_UTE92_STU01915,TORONTO_UTE92_0113
TORONTO_UTE92_STU01915,TORONTO_UTE92_0139
TORONTO_UTE92_STU01915,TORONTO_UTE92_0170
TORONTO_UTE92_STU01916,TORONTO_UTE92_0011
TORONTO_UTE92_STU01916,TORONTO_UTE92_0065
TORONTO_UTE92_STU01916,TORONTO_UTE92_0082
TORONTO_UTE92_STU01916,TORONTO_UTE92_0083
TORONTO_UTE92_STU01916,TORONTO_UTE92_0084
TORONTO_UTE92_STU01917,TORONTO_UTE92_0001
TORONTO_UTE92_STU01917,TORONTO_UTE92_0002
TORONTO_UTE92_STU01917,TORONTO_UTE92_0003
TORONTO_UTE92_STU01917,TORONTO_UTE92_0065
TORONTO_UTE92_STU01918,TORONTO_UTE92_0100
TORONTO_UTE92_STU01919,TORONTO_UTE92_0048
TORONTO_UTE92_STU01919,TORONTO_UTE92_0064
TORONTO_UTE92_STU01919,TORONTO_UTE92_0106
TORONTO_UTE92_STU01919,TORONTO_UTE92_0136
TORONTO_UTE92_STU01919,TORONTO_UTE92_0143
TORONTO_UTE92_STU01920,TORONTO_UTE92_0063
TORONTO_UTE92_STU01920,TORONTO_UTE92_0074
TORONTO_UTE92_STU01920,TORONTO_UTE92_0138
TORONTO_UTE92_STU01920,TORONTO_UTE92_0184
TORONTO_UTE92_STU01921,TORONTO_UTE92_0059
TORONTO_UTE92_STU01921,TORONTO_UTE92_0060
TORONTO_UTE92_STU01921,TORONTO_UTE92_0061
TORONTO_UTE92_STU01922,TORONTO_UTE92_0051
TORONTO_UTE92_STU01922,TORONTO_UTE92_0052
TORONTO_UTE92_STU01922,TORONTO_UTE92_0053
TORONTO_UTE92_STU01922,TORONTO_UTE92_0054
TORONTO_UTE92_STU01922,TORONTO_UTE92_0055
TORONTO_UTE92_STU01923,TORONTO_UTE92_0090
TORONTO_UTE92_STU01923,TORONTO_UTE92_0091
TORONTO_UTE92_STU01923,TORONTO_UTE92_0096
TORONTO_UTE92_STU01923,TORONTO_UTE92_0180
TORONTO_UTE92_STU01924,TORONTO_UTE92_0112
TORONTO_UTE92_STU01924,TORONTO_UTE92_0113
TORONTO_UTE92_STU01924,TORONTO_UTE92_0139
TORONTO_UTE92_STU01924,TORONTO_UTE92_0170
TORONTO_UTE92_STU01925,TORONTO_UTE92_0063
TORONTO_UTE92_STU01925,TORONTO_UTE92_0074
TORONTO_UTE92_STU01925,TORONTO_UTE92_0138
TORONTO_UTE92_STU01925,TORONTO_UTE92_0184
TORONTO_UTE92_STU01926,TORONTO_UTE92_0069
TORONTO_UTE92_STU01926,TORONTO_UTE92_0070
TORONTO_UTE92_STU01926,TORONTO_UTE92_0071
TORONTO_UTE92_STU01926,TORONTO_UTE92_0072
TORONTO_UTE92_STU01926,TORONTO_UTE92_0073
TORONTO_UTE92_STU01927,TORONTO_UTE92_0086
TORONTO_UTE92_STU01927,TORONTO_UTE92_0145
TORONTO_UTE92_STU01927,TORONTO_UTE92_0146
TORONTO_UTE92_STU01927,TORONTO_UTE92_0148
TORONTO_UTE92_STU01928,TORONTO_UTE92_0022
TORONTO_UTE92_STU01928,TORONTO_UTE92_0023
TORONTO_UTE92_STU01928,TORONTO_UTE92_0024
TORONTO_UTE92_STU01928,TORONTO_UTE92_0026
TORONTO_UTE92_STU01928,TORONTO_UTE92_0028
TORONTO_UTE92_STU01929,TORONTO_UTE92_0145
TORONTO_UTE92_STU01929,TORONTO_UTE92_0146
TORONTO_UTE92_STU01929,TORONTO_UTE92_0148
TORONTO_UTE92_STU01929,TORONTO_UTE92_0151
TORONTO_UTE92_STU01930,TORONTO_UTE92_0003
TORONTO_UTE92_STU01930,TORONTO_UTE92_0129
TORONTO_UTE92_STU01930,TORONTO_UTE92_0154
TORONTO_UTE92_STU01930,TORONTO_UTE92_0162
TORONTO_UTE92_STU01931,TORONTO_UTE92_0064
TORONTO_UTE92_STU01931,TORONTO_UTE92_0131
TORONTO_UTE92_STU01931,TORONTO_UTE92_0168
TORONTO_UTE92_STU01931,TORONTO_UTE92_0169
TORONTO_UTE92_STU01932,TORONTO_UTE92_0011
TORONTO_UTE92_STU01932,TORONTO_UTE92_0045
TORONTO_UTE92_STU01932,TORONTO_UTE92_0066
TORONTO_UTE92_STU01933,TORONTO_UTE92_0011
TORONTO_UTE92_STU01933,TORONTO_UTE92_0047
TORONTO_UTE92_STU01933,TORONTO_UTE92_0048
TORONTO_UTE92_STU01933,TORONTO_UTE92_0049
TORONTO_UTE92_STU01933,TORONTO_UTE92_0050
TORONTO_UTE92_STU01934,TORONTO_UTE92_0063
TORONTO_UTE92_STU01934,TORONTO_UTE92_0074
TORONTO_UTE92_STU01934,TORONTO_UTE92_0138
TORONTO_UTE92_STU01934,TORONTO_UTE92_0184
TORONTO_UTE92_STU01935,TORONTO_UTE92_0063
TORONTO_UTE92_STU01935,TORONTO_UTE92_0074
TORONTO_UTE92_STU01935,TORONTO_UTE92_0138
TORONTO_UTE92_STU01935,TORONTO_UTE92_0184
TORONTO_UTE92_STU01936,TORONTO_UTE92_0076
TORONTO_UTE92_STU01936,TORONTO_UTE92_0131
TORONTO_UTE92_STU01936,TORONTO_UTE92_0141
TORONTO_UTE92_STU01936,TORONTO_UTE92_0142
TORONTO_UTE92_STU01936,TORONTO_UTE92_0144
TORONTO_UTE92_STU01937,TORONTO_UTE92_0047
TORONTO_UTE92_STU01937,TORONTO_UTE92_0048
TORONTO_UTE92_STU01937,TORONTO_UTE92_0049
TORONTO_UTE92_STU01937,TORONTO_UTE92_0050
TORONTO_UTE92_STU01938,TORONTO_UTE92_0018
TORONTO_UTE92_STU01938,TORONTO_UTE92_0019
TORONTO_UTE92_STU01938,TORONTO_UTE92_0020
TORONTO_UTE92_STU01938,TORONTO_UTE92_0021
TORONTO_UTE92_STU01939,TORONTO_UTE92_0069
TORONTO_UTE92_STU01939,TORONTO_UTE92_0070
TORONTO_UTE92_STU01939,TORONTO_UTE92_0071
TORONTO_UTE92_STU01939,TORONTO_UTE92_0072
TORONTO_UTE92_STU01939,TORONTO_UTE92_0073
TORONTO_UTE92_STU01940,TORONTO_UTE92_0069
TORONTO_UTE92_STU01940,TORONTO_UTE92_0070
TORONTO_UTE92_STU01940,TORONTO_UTE92_0071
TORONTO_UTE92_STU01940,TORONTO_UTE92_0072
TORONTO_UTE92_STU01940,TORONTO_UTE92_0073
TORONTO_UTE92_STU01941,TORONTO_UTE92_0076
TORONTO_UTE92_STU01941,TORONTO_UTE92_0131
TORONTO_UTE92_STU01941,TORONTO_UTE92_0141
TORONTO_UTE92_STU01941,TORONTO_UTE92_0142
TORONTO_UTE92_STU01941,TORONTO_UTE92_0144
TORONTO_UTE92_STU01942,TORONTO_UTE92_0063
TORONTO_UTE92_STU01942,TORONTO_UTE92_0074
TORONTO_UTE92_STU01942,TORONTO_UTE92_0138
TORONTO_UTE92_STU01942,TORONTO_UTE92_0184
TORONTO_UTE92_STU01943,TORONTO_UTE92_0063
TORONTO_UTE92_STU01943,TORONTO_UTE92_0074
TORONTO_UTE92_STU01943,TORONTO_UTE92_0138
TORONTO_UTE92_STU01943,TORONTO_UTE92_0184
TORONTO_UTE92_STU01944,TORONTO_UTE92_0063
TORONTO_UTE92_STU01944,TORONTO_UTE92_0074
TORONTO_UTE92_STU01944,TORONTO_UTE92_0138
TORONTO_UTE92_STU01944,TORONTO_UTE92_0184
TORONTO_UTE92_STU01945,TORONTO_UTE92_0008
TORONTO_UTE92_STU01945,TORONTO_UTE92_0013
TORONTO_UTE92_STU01945,TORONTO_UTE92_0067
TORONTO_UTE92_STU01945,TORONTO_UTE92_0107
TORONTO_UTE92_STU01946,TORONTO_UTE92_0112
TORONTO_UTE92_STU01946,TORONTO_UTE92_0113
TORONTO_UTE92_STU01946,TORONTO_UTE92_0139
TORONTO_UTE92_STU01946,TORONTO_UTE92_0170
TORONTO_UTE92_STU01947,TORONTO_UTE92_0012
TORONTO_UTE92_STU01947,TORONTO_UTE92_0112
TORONTO_UTE92_STU01947,TORONTO_UTE92_0113
TORONTO_UTE92_STU01947,TORONTO_UTE92_0139
TORONTO_UTE92_STU01947,TORONTO_UTE92_0170
TORONTO_UTE92_STU01948,TORONTO_UTE92_0022
TORONTO_UTE92_STU01948,TORONTO_UTE92_0023
TORONTO_UTE92_STU01948,TORONTO_UTE92_0025
TORONTO_UTE92_STU01948,TORONTO_UTE92_0026
TORONTO_UTE92_STU01948,TORONTO_UTE92_0028
TORONTO_UTE92_STU01949,TORONTO_UTE92_0010
TORONTO_UTE92_STU01949,TORONTO_UTE92_0018
TORONTO_UTE92_STU01949,TORONTO_UTE92_0019
TORONTO_UTE92_STU01949,TORONTO_UTE92_0020
TORONTO_UTE92_STU01949,TORONTO_UTE92_0021
TORONTO_UTE92_STU01950,TORONTO_UTE92_0063
TORONTO_UTE92_STU01950,TORONTO_UTE92_0074
TORONTO_UTE92_STU01950,TORONTO_UTE92_0138
TORONTO_UTE92_STU01950,TORONTO_UTE92_0184
TORONTO_UTE92_STU01951,TORONTO_UTE92_0017
TORONTO_UTE92_STU01951,TORONTO_UTE92_0067
TORONTO_UTE92_STU01951,TORONTO_UTE92_0132
TORONTO_UTE92_STU01951,TORONTO_UTE92_0136
TORONTO_UTE92_STU01952,TORONTO_UTE92_0076
TORONTO_UTE92_STU01952,TORONTO_UTE92_0131
TORONTO_UTE92_STU01952,TORONTO_UTE92_0141
TORONTO_UTE92_STU01952,TORONTO_UTE92_0142
TORONTO_UTE92_STU01952,TORONTO_UTE92_0144
TORONTO_UTE92_STU01953,TORONTO_UTE92_0001
TORONTO_UTE92_STU01953,TORONTO_UTE92_0002
TORONTO_UTE92_STU01953,TORONTO_UTE92_0003
TORONTO_UTE92_STU01954,TORONTO_UTE92_0069
TORONTO_UTE92_STU01954,TORONTO_UTE92_0070
TORONTO_UTE92_STU01954,TORONTO_UTE92_0071
TORONTO_UTE92_STU01954,TORONTO_UTE92_0072
TORONTO_UTE92_STU01954,TORONTO_UTE92_0073
TORONTO_UTE92_STU01955,TORONTO_UTE92_0012
TORONTO_UTE92_STU01956,TORONTO_UTE92_0047
TORONTO_UTE92_STU01956,TORONTO_UTE92_0048
TORONTO_UTE92_STU01956,TORONTO_UTE92_0049
TORONTO_UTE92_STU01956,TORONTO_UTE92_0050
TORONTO_UTE92_STU01957,TORONTO_UTE92_0022
TORONTO_UTE92_STU01957,TORONTO_UTE92_0023
TORONTO_UTE92_STU01957,TORONTO_UTE92_0026
TORONTO_UTE92_STU01957,TORONTO_UTE92_0029
TORONTO_UTE92_STU01958,TORONTO_UTE92_0069
TORONTO_UTE92_STU01958,TORONTO_UTE92_0070
TORONTO_UTE92_STU01958,TORONTO_UTE92_0071
TORONTO_UTE92_STU01958,TORONTO_UTE92_0072
TORONTO_UTE92_STU01958,TORONTO_UTE92_0073
TORONTO_UTE92_STU01959,TORONTO_UTE92_0051
TORONTO_UTE92_STU01959,TORONTO_UTE92_0052
TORONTO_UTE92_STU01959,TORONTO_UTE92_0053
TORONTO_UTE92_STU01959,TORONTO_UTE92_0054
TORONTO_UTE92_STU01959,TORONTO_UTE92_0055
TORONTO_UTE92_STU01960,TORONTO_UTE92_0074
TORONTO_UTE92_STU01960,TORONTO_UTE92_0138
TORONTO_UTE92_STU01960,TORONTO_UTE92_0184
TORONTO_UTE92_STU01961,TORONTO_UTE92_0076
TORONTO_UTE92_STU01961,TORONTO_UTE92_0131
TORONTO_UTE92_STU01961,TORONTO_UTE92_0141
TORONTO_UTE92_STU01961,TORONTO_UTE92_0142
TORONTO_UTE92_STU01962,TORONTO_UTE92_0048
TORONTO_UTE92_STU01962,TORONTO_UTE92_0064
TORONTO_UTE92_STU01962,TORONTO_UTE92_0136
TORONTO_UTE92_STU01962,TORONTO_UTE92_0143
TORONTO_UTE92_STU01963,TORONTO_UTE92_0068
TORONTO_UTE92_STU01963,TORONTO_UTE92_0101
TORONTO_UTE92_STU01963,TORONTO_UTE92_0137
TORONTO_UTE92_STU01963,TORONTO_UTE92_0167
TORONTO_UTE92_STU01964,TORONTO_UTE92_0069
TORONTO_UTE92_STU01964,TORONTO_UTE92_0070
TORONTO_UTE92_STU01964,TORONTO_UTE92_0071
TORONTO_UTE92_STU01964,TORONTO_UTE92_0072
TORONTO_UTE92_STU01964,TORONTO_UTE92_0073
TORONTO_UTE92_STU01965,TORONTO_UTE92_0064
TORONTO_UTE92_STU01965,TORONTO_UTE92_0126
TORONTO_UTE92_STU01965,TORONTO_UTE92_0131
TORONTO_UTE92_STU01965,TORONTO_UTE92_0168
TORONTO_UTE92_STU01965,TORONTO_UTE92_0169
TORONTO_UTE92_STU01966,TORONTO_UTE92_0014
TORONTO_UTE92_STU01966,TORONTO_UTE92_0018
TORONTO_UTE92_STU01966,TORONTO_UTE92_0019
TORONTO_UTE92_STU01966,TORONTO_UTE92_0020
TORONTO_UTE92_STU01966,TORONTO_UTE92_0021
TORONTO_UTE92_STU01967,TORONTO_UTE92_0047
TORONTO_UTE92_STU01967,TORONTO_UTE92_0048
TORONTO_UTE92_STU01967,TORONTO_UTE92_0049
TORONTO_UTE92_STU01967,TORONTO_UTE92_0050
TORONTO_UTE92_STU01968,TORONTO_UTE92_0009
TORONTO_UTE92_STU01968,TORONTO_UTE92_0066
TORONTO_UTE92_STU01968,TORONTO_UTE92_0130
TORONTO_UTE92_STU01968,TORONTO_UTE92_0136
TORONTO_UTE92_STU01969,TORONTO_UTE92_0047
TORONTO_UTE92_STU01969,TORONTO_UTE92_0049
TORONTO_UTE92_STU01969,TORONTO_UTE92_0050
TORONTO_UTE92_STU01970,TORONTO_UTE92_0069
TORONTO_UTE92_STU01970,TORONTO_UTE92_0070
TORONTO_UTE92_STU01970,TORONTO_UTE92_0071
TORONTO_UTE92_STU01970,TORONTO_UTE92_0072
TORONTO_UTE92_STU01970,TORONTO_UTE92_0073
TORONTO_UTE92_STU01971,TORONTO_UTE92_0014
TORONTO_UTE92_STU01971,TORONTO_UTE92_0112
TORONTO_UTE92_STU01971,TORONTO_UTE92_0113
TORONTO_UTE92_STU01971,TORONTO_UTE92_0139
TORONTO_UTE92_STU01971,TORONTO_UTE92_0170
TORONTO_UTE92_STU01972,TORONTO_UTE92_0069
TORONTO_UTE92_STU01972,TORONTO_UTE92_0070
TORONTO_UTE92_STU01972,TORONTO_UTE92_0071
TORONTO_UTE92_STU01972,TORONTO_UTE92_0072
TORONTO_UTE92_STU01972,TORONTO_UTE92_0073
TORONTO_UTE92_STU01973,TORONTO_UTE92_0053
TORONTO_UTE92_STU01973,TORONTO_UTE92_0055
TORONTO_UTE92_STU01973,TORONTO_UTE92_0106
TORONTO_UTE92_STU01973,TORONTO_UTE92_0108
TORONTO_UTE92_STU01974,TORONTO_UTE92_0076
TORONTO_UTE92_STU01974,TORONTO_UTE92_0131
TORONTO_UTE92_STU01975,TORONTO_UTE92_0063
TORONTO_UTE92_STU01975,TORONTO_UTE92_0074
TORONTO_UTE92_STU01975,TORONTO_UTE92_0138
TORONTO_UTE92_STU01975,TORONTO_UTE92_0184
TORONTO_UTE92_STU01976,TORONTO_UTE92_0047
TORONTO_UTE92_STU01976,TORONTO_UTE92_0052
TORONTO_UTE92_STU01976,TORONTO_UTE92_0053
TORONTO_UTE92_STU01976,TORONTO_UTE92_0086
TORONTO_UTE92_STU01977,TORONTO_UTE92_0047
TORONTO_UTE92_STU01977,TORONTO_UTE92_0048
TORONTO_UTE92_STU01977,TORONTO_UTE92_0049
TORONTO_UTE92_STU01977,TORONTO_UTE92_0050
TORONTO_UTE92_STU01978,TORONTO_UTE92_0051
TORONTO_UTE92_STU01978,TORONTO_UTE92_0052
TORONTO_UTE92_STU01978,TORONTO_UTE92_0053
TORONTO_UTE92_STU01979,TORONTO_UTE92_0069
TORONTO_UTE92_STU01979,TORONTO_UTE92_0070
TORONTO_UTE92_STU01979,TORONTO_UTE92_0071
TORONTO_UTE92_STU01979,TORONTO_UTE92_0072
TORONTO_UTE92_STU01979,TORONTO_UTE92_0073
TORONTO_UTE92_STU01980,TORONTO_UTE92_0069
TORONTO_UTE92_STU01980,TORONTO_UTE92_0070
TORONTO_UTE92_STU01980,TORONTO_UTE92_0071
TORONTO_UTE92_STU01980,TORONTO_UTE92_0072
TORONTO_UTE92_STU01980,TORONTO_UTE92_0073
TORONTO_UTE92_STU01981,TORONTO_UTE92_0010
TORONTO_UTE92_STU01981,TORONTO_UTE92_0018
TORONTO_UTE92_STU01981,TORONTO_UTE92_0019
TORONTO_UTE92_STU01981,TORONTO_UTE92_0020
TORONTO_UTE92_STU01981,TORONTO_UTE92_0021
TORONTO_UTE92_STU01982,TORONTO_UTE92_0069
TORONTO_UTE92_STU01982,TORONTO_UTE92_0070
TORONTO_UTE92_STU01982,TORONTO_UTE92_0071
TORONTO_UTE92_STU01982,TORONTO_UTE92_0072
TORONTO_UTE92_STU01982,TORONTO_UTE92_0073
TORONTO_UTE92_STU01983,TORONTO_UTE92_0045
TORONTO_UTE92_STU01983,TORONTO_UTE92_0066
TORONTO_UTE92_STU01983,TORONTO_UTE92_0100
TORONTO_UTE92_STU01984,TORONTO_UTE92_0076
TORONTO_UTE92_STU01984,TORONTO_UTE92_0131
TORONTO_UTE92_STU01984,TORONTO_UTE92_0141
TORONTO_UTE92_STU01984,TORONTO_UTE92_0142
TORONTO_UTE92_STU01984,TORONTO_UTE92_0144
TORONTO_UTE92_STU01985,TORONTO_UTE92_0001
TORONTO_UTE92_STU01985,TORONTO_UTE92_0002
TORONTO_UTE92_STU01985,TORONTO_UTE92_0003
TORONTO_UTE92_STU01985,TORONTO_UTE92_0011
TORONTO_UTE92_STU01986,TORONTO_UTE92_0108
TORONTO_UTE92_STU01986,TORONTO_UTE92_0139
TORONTO_UTE92_STU01986,TORONTO_UTE92_0170
TORONTO_UTE92_STU01987,TORONTO_UTE92_0069
TORONTO_UTE92_STU01987,TORONTO_UTE92_0070
TORONTO_UTE92_STU01987,TORONTO_UTE92_0071
TORONTO_UTE92_STU01987,TORONTO_UTE92_0072
TORONTO_UTE92_STU01987,TORONTO_UTE92_0073
TORONTO_UTE92_STU01988,TORONTO_UTE92_0069
TORONTO_UTE92_STU01988,TORONTO_UTE92_0070
TORONTO_UTE92_STU01988,TORONTO_UTE92_0071
TORONTO_UTE92_STU01988,TORONTO_UTE92_0072
TORONTO_UTE92_STU01988,TORONTO_UTE92_0073
TORONTO_UTE92_STU01989,TORONTO_UTE92_0112
TORONTO_UTE92_STU01989,TORONTO_UTE92_0113
TORONTO_UTE92_STU01989,TORONTO_UTE92_0139
TORONTO_UTE92_STU01989,TORONTO_UTE92_0170
TORONTO_UTE92_STU01990,TORONTO_UTE92_0069
TORONTO_UTE92_STU01990,TORONTO_UTE92_0070
TORONTO_UTE92_STU01990,TORONTO_UTE92_0071
TORONTO_UTE92_STU01990,TORONTO_UTE92_0072
TORONTO_UTE92_STU01990,TORONTO_UTE92_0073
TORONTO_UTE92_STU01991,TORONTO_UTE92_0047
TORONTO_UTE92_STU01991,TORONTO_UTE92_0048
TORONTO_UTE92_STU01991,TORONTO_UTE92_0049
TORONTO_UTE92_STU01991,TORONTO_UTE92_0050
TORONTO_UTE92_STU01991,TORONTO_UTE92_0143
TORONTO_UTE92_STU01992,TORONTO_UTE92_0069
TORONTO_UTE92_STU01992,TORONTO_UTE92_0070
TORONTO_UTE92_STU01992,TORONTO_UTE92_0071
TORONTO_UTE92_STU01992,TORONTO_UTE92_0072
TORONTO_UTE92_STU01992,TORONTO_UTE92_0073
TORONTO_UTE92_STU01993,TORONTO_UTE92_0045
TORONTO_UTE92_STU01993,TORONTO_UTE92_0067
TORONTO_UTE92_STU01993,TORONTO_UTE92_0107
TORONTO_UTE92_STU01993,TORONTO_UTE92_0136
TORONTO_UTE92_STU01994,TORONTO_UTE92_0069
TORONTO_UTE92_STU01994,TORONTO_UTE92_0070
TORONTO_UTE92_STU01994,TORONTO_UTE92_0071
TORONTO_UTE92_STU01994,TORONTO_UTE92_0072
TORONTO_UTE92_STU01994,TORONTO_UTE92_0073
TORONTO_UTE92_STU01995,TORONTO_UTE92_0009
TORONTO_UTE92_STU01995,TORONTO_UTE92_0013
TORONTO_UTE92_STU01995,TORONTO_UTE92_0066
TORONTO_UTE92_STU01995,TORONTO_UTE92_0130
TORONTO_UTE92_STU01996,TORONTO_UTE92_0064
TORONTO_UTE92_STU01996,TORONTO_UTE92_0131
TORONTO_UTE92_STU01996,TORONTO_UTE92_0168
TORONTO_UTE92_STU01996,TORONTO_UTE92_0169
TORONTO_UTE92_STU01997,TORONTO_UTE92_0112
TORONTO_UTE92_STU01997,TORONTO_UTE92_0113
TORONTO_UTE92_STU01997,TORONTO_UTE92_0139
TORONTO_UTE92_STU01997,TORONTO_UTE92_0170
TORONTO_UTE92_STU01998,TORONTO_UTE92_0069
TORONTO_UTE92_STU01998,TORONTO_UTE92_0070
TORONTO_UTE92_STU01998,TORONTO_UTE92_0071
TORONTO_UTE92_STU01998,TORONTO_UTE92_0072
TORONTO_UTE92_STU01998,TORONTO_UTE92_0073
TORONTO_UTE92_STU01999,TORONTO_UTE92_0076
TORONTO_UTE92_STU01999,TORONTO_UTE92_0131
TORONTO_UTE92_STU01999,TORONTO_UTE92_0141
TORONTO_UTE92_STU01999,TORONTO_UTE92_0142
TORONTO_UTE92_STU01999,TORONTO_UTE92_0144
TORONTO_UTE92_STU02000,TORONTO_UTE92_0011
TORONTO_UTE92_STU02000,TORONTO_UTE92_0086
TORONTO_UTE92_STU02000,TORONTO_UTE92_0145
TORONTO_UTE92_STU02000,TORONTO_UTE92_0146
TORONTO_UTE92_STU02000,TORONTO_UTE92_0148
TORONTO_UTE92_STU02001,TORONTO_UTE92_0012
TORONTO_UTE92_STU02001,TORONTO_UTE92_0046
TORONTO_UTE92_STU02001,TORONTO_UTE92_0068
TORONTO_UTE92_STU02001,TORONTO_UTE92_0134
TORONTO_UTE92_STU02001,TORONTO_UTE92_0137
TORONTO_UTE92_STU02002,TORONTO_UTE92_0013
TORONTO_UTE92_STU02002,TORONTO_UTE92_0045
TORONTO_UTE92_STU02002,TORONTO_UTE92_0066
TORONTO_UTE92_STU02002,TORONTO_UTE92_0130
TORONTO_UTE92_STU02002,TORONTO_UTE92_0136
TORONTO_UTE92_STU02003,TORONTO_UTE92_0013
TORONTO_UTE92_STU02003,TORONTO_UTE92_0046
TORONTO_UTE92_STU02003,TORONTO_UTE92_0068
TORONTO_UTE92_STU02003,TORONTO_UTE92_0134
TORONTO_UTE92_STU02003,TORONTO_UTE92_0137
TORONTO_UTE92_STU02004,TORONTO_UTE92_0010
TORONTO_UTE92_STU02004,TORONTO_UTE92_0068
TORONTO_UTE92_STU02004,TORONTO_UTE92_0134
TORONTO_UTE92_STU02004,TORONTO_UTE92_0137
TORONTO_UTE92_STU02004,TORONTO_UTE92_0167
TORONTO_UTE92_STU02005,TORONTO_UTE92_0046
TORONTO_UTE92_STU02005,TORONTO_UTE92_0068
TORONTO_UTE92_STU02005,TORONTO_UTE92_0134
TORONTO_UTE92_STU02005,TORONTO_UTE92_0137
TORONTO_UTE92_STU02006,TORONTO_UTE92_0013
TORONTO_UTE92_STU02006,TORONTO_UTE92_0045
TORONTO_UTE92_STU02006,TORONTO_UTE92_0066
TORONTO_UTE92_STU02006,TORONTO_UTE92_0130
TORONTO_UTE92_STU02006,TORONTO_UTE92_0136
TORONTO_UTE92_STU02007,TORONTO_UTE92_0045
TORONTO_UTE92_STU02007,TORONTO_UTE92_0066
TORONTO_UTE92_STU02007,TORONTO_UTE92_0100
TORONTO_UTE92_STU02007,TORONTO_UTE92_0130
TORONTO_UTE92_STU02007,TORONTO_UTE92_0136
TORONTO_UTE92_STU02008,TORONTO_UTE92_0008
TORONTO_UTE92_STU02008,TORONTO_UTE92_0015
TORONTO_UTE92_STU02008,TORONTO_UTE92_0067
TORONTO_UTE92_STU02008,TORONTO_UTE92_0107
TORONTO_UTE92_STU02008,TORONTO_UTE92_0136
TORONTO_UTE92_STU02009,TORONTO_UTE92_0009
TORONTO_UTE92_STU02009,TORONTO_UTE92_0066
TORONTO_UTE92_STU02009,TORONTO_UTE92_0100
TORONTO_UTE92_STU02009,TORONTO_UTE92_0130
TORONTO_UTE92_STU02009,TORONTO_UTE92_0136
TORONTO_UTE92_STU02010,TORONTO_UTE92_0008
TORONTO_UTE92_STU02010,TORONTO_UTE92_0013
TORONTO_UTE92_STU02010,TORONTO_UTE92_0067
TORONTO_UTE92_STU02010,TORONTO_UTE92_0107
TORONTO_UTE92_STU02010,TORONTO_UTE92_0136
TORONTO_UTE92_STU02011,TORONTO_UTE92_0045
TORONTO_UTE92_STU02011,TORONTO_UTE92_0066
TORONTO_UTE92_STU02011,TORONTO_UTE92_0130
TORONTO_UTE92_STU02011,TORONTO_UTE92_0136
TORONTO_UTE92_STU02012,TORONTO_UTE92_0009
TORONTO_UTE92_STU02012,TORONTO_UTE92_0013
TORONTO_UTE92_STU02012,TORONTO_UTE92_0066
TORONTO_UTE92_STU02012,TORONTO_UTE92_0130
TORONTO_UTE92_STU02012,TORONTO_UTE92_0136
TORONTO_UTE92_STU02013,TORONTO_UTE92_0045
TORONTO_UTE92_STU02013,TORONTO_UTE92_0066
TORONTO_UTE92_STU02013,TORONTO_UTE92_0130
TORONTO_UTE92_STU02013,TORONTO_UTE92_0136
TORONTO_UTE92_STU02013,TORONTO_UTE92_0140
TORONTO_UTE92_STU02014,TORONTO_UTE92_0045
TORONTO_UTE92_STU02014,TORONTO_UTE92_0067
TORONTO_UTE92_STU02014,TORONTO_UTE92_0130
TORONTO_UTE92_STU02014,TORONTO_UTE92_0132
TORONTO_UTE92_STU02014,TORONTO_UTE92_0136
TORONTO_UTE92_STU02015,TORONTO_UTE92_0045
TORONTO_UTE92_STU02015,TORONTO_UTE92_0066
TORONTO_UTE92_STU02015,TORONTO_UTE92_0104
TORONTO_UTE92_STU02015,TORONTO_UTE92_0130
TORONTO_UTE92_STU02015,TORONTO_UTE92_0136
TORONTO_UTE92_STU02016,TORONTO_UTE92_0017
TORONTO_UTE92_STU02016,TORONTO_UTE92_0068
TORONTO_UTE92_STU02016,TORONTO_UTE92_0134
TORONTO_UTE92_STU02016,TORONTO_UTE92_0137
TORONTO_UTE92_STU02017,TORONTO_UTE92_0008
TORONTO_UTE92_STU02017,TORONTO_UTE92_0130
TORONTO_UTE92_STU02017,TORONTO_UTE92_0132
TORONTO_UTE92_STU02017,TORONTO_UTE92_0135
TORONTO_UTE92_STU02018,TORONTO_UTE92_0009
TORONTO_UTE92_STU02018,TORONTO_UTE92_0066
TORONTO_UTE92_STU02018,TORONTO_UTE92_0100
TORONTO_UTE92_STU02018,TORONTO_UTE92_0130
TORONTO_UTE92_STU02018,TORONTO_UTE92_0136
TORONTO_UTE92_STU02019,TORONTO_UTE92_0045
TORONTO_UTE92_STU02019,TORONTO_UTE92_0066
TORONTO_UTE92_STU02019,TORONTO_UTE92_0100
TORONTO_UTE92_STU02019,TORONTO_UTE92_0130
TORONTO_UTE92_STU02019,TORONTO_UTE92_0136
TORONTO_UTE92_STU02020,TORONTO_UTE92_0017
TORONTO_UTE92_STU02020,TORONTO_UTE92_0045
TORONTO_UTE92_STU02020,TORONTO_UTE92_0067
TORONTO_UTE92_STU02020,TORONTO_UTE92_0104
TORONTO_UTE92_STU02020,TORONTO_UTE92_0132
TORONTO_UTE92_STU02021,TORONTO_UTE92_0012
TORONTO_UTE92_STU02021,TORONTO_UTE92_0045
TORONTO_UTE92_STU02021,TORONTO_UTE92_0066
TORONTO_UTE92_STU02021,TORONTO_UTE92_0130
TORONTO_UTE92_STU02021,TORONTO_UTE92_0136
TORONTO_UTE92_STU02022,TORONTO_UTE92_0013
TORONTO_UTE92_STU02022,TORONTO_UTE92_0045
TORONTO_UTE92_STU02022,TORONTO_UTE92_0066
TORONTO_UTE92_STU02022,TORONTO_UTE92_0130
TORONTO_UTE92_STU02022,TORONTO_UTE92_0136
TORONTO_UTE92_STU02023,TORONTO_UTE92_0008
TORONTO_UTE92_STU02023,TORONTO_UTE92_0067
TORONTO_UTE92_STU02023,TORONTO_UTE92_0110
TORONTO_UTE92_STU02023,TORONTO_UTE92_0111
TORONTO_UTE92_STU02023,TORONTO_UTE92_0136
TORONTO_UTE92_STU02024,TORONTO_UTE92_0009
TORONTO_UTE92_STU02024,TORONTO_UTE92_0066
TORONTO_UTE92_STU02024,TORONTO_UTE92_0130
TORONTO_UTE92_STU02024,TORONTO_UTE92_0136
TORONTO_UTE92_STU02024,TORONTO_UTE92_0140
TORONTO_UTE92_STU02025,TORONTO_UTE92_0016
TORONTO_UTE92_STU02025,TORONTO_UTE92_0045
TORONTO_UTE92_STU02025,TORONTO_UTE92_0066
TORONTO_UTE92_STU02025,TORONTO_UTE92_0130
TORONTO_UTE92_STU02025,TORONTO_UTE92_0136
TORONTO_UTE92_STU02026,TORONTO_UTE92_0008
TORONTO_UTE92_STU02026,TORONTO_UTE92_0011
TORONTO_UTE92_STU02026,TORONTO_UTE92_0067
TORONTO_UTE92_STU02026,TORONTO_UTE92_0107
TORONTO_UTE92_STU02026,TORONTO_UTE92_0136
TORONTO_UTE92_STU02027,TORONTO_UTE92_0045
TORONTO_UTE92_STU02027,TORONTO_UTE92_0067
TORONTO_UTE92_STU02027,TORONTO_UTE92_0103
TORONTO_UTE92_STU02027,TORONTO_UTE92_0107
TORONTO_UTE92_STU02027,TORONTO_UTE92_0136
TORONTO_UTE92_STU02028,TORONTO_UTE92_0045
TORONTO_UTE92_STU02028,TORONTO_UTE92_0066
TORONTO_UTE92_STU02028,TORONTO_UTE92_0130
TORONTO_UTE92_STU02028,TORONTO_UTE92_0136
TORONTO_UTE92_STU02028,TORONTO_UTE92_0140
TORONTO_UTE92_STU02029,TORONTO_UTE92_0068
TORONTO_UTE92_STU02029,TORONTO_UTE92_0104
TORONTO_UTE92_STU02029,TORONTO_UTE92_0134
TORONTO_UTE92_STU02029,TORONTO_UTE92_0137
TORONTO_UTE92_STU02029,TORONTO_UTE92_0167
TORONTO_UTE92_STU02030,TORONTO_UTE92_0012
TORONTO_UTE92_STU02030,TORONTO_UTE92_0045
TORONTO_UTE92_STU02030,TORONTO_UTE92_0066
TORONTO_UTE92_STU02030,TORONTO_UTE92_0130
TORONTO_UTE92_STU02030,TORONTO_UTE92_0136
TORONTO_UTE92_STU02031,TORONTO_UTE92_0013
TORONTO_UTE92_STU02031,TORONTO_UTE92_0017
TORONTO_UTE92_STU02031,TORONTO_UTE92_0045
TORONTO_UTE92_STU02031,TORONTO_UTE92_0067
TORONTO_UTE92_STU02031,TORONTO_UTE92_0132
TORONTO_UTE92_STU02032,TORONTO_UTE92_0008
TORONTO_UTE92_STU02032,TORONTO_UTE92_0011
TORONTO_UTE92_STU02032,TORONTO_UTE92_0067
TORONTO_UTE92_STU02032,TORONTO_UTE92_0110
TORONTO_UTE92_STU02032,TORONTO_UTE92_0111
TORONTO_UTE92_STU02033,TORONTO_UTE92_0068
TORONTO_UTE92_STU02033,TORONTO_UTE92_0134
TORONTO_UTE92_STU02033,TORONTO_UTE92_0137
TORONTO_UTE92_STU02033,TORONTO_UTE92_0167
TORONTO_UTE92_STU02033,TORONTO_UTE92_0183
TORONTO_UTE92_STU02034,TORONTO_UTE92_0046
TORONTO_UTE92_STU02034,TORONTO_UTE92_0068
TORONTO_UTE92_STU02034,TORONTO_UTE92_0103
TORONTO_UTE92_STU02034,TORONTO_UTE92_0134
TORONTO_UTE92_STU02034,TORONTO_UTE92_0137
TORONTO_UTE92_STU02035,TORONTO_UTE92_0008
TORONTO_UTE92_STU02035,TORONTO_UTE92_0017
TORONTO_UTE92_STU02035,TORONTO_UTE92_0132
TORONTO_UTE92_STU02035,TORONTO_UTE92_0135
TORONTO_UTE92_STU02036,TORONTO_UTE92_0045
TORONTO_UTE92_STU02036,TORONTO_UTE92_0067
TORONTO_UTE92_STU02036,TORONTO_UTE92_0100
TORONTO_UTE92_STU02036,TORONTO_UTE92_0110
TORONTO_UTE92_STU02036,TORONTO_UTE92_0111
TORONTO_UTE92_STU02037,TORONTO_UTE92_0046
TORONTO_UTE92_STU02037,TORONTO_UTE92_0068
TORONTO_UTE92_STU02037,TORONTO_UTE92_0100
TORONTO_UTE92_STU02037,TORONTO_UTE92_0134
TORONTO_UTE92_STU02037,TORONTO_UTE92_0137
TORONTO_UTE92_STU02038,TORONTO_UTE92_0013
TORONTO_UTE92_STU02038,TORONTO_UTE92_0068
TORONTO_UTE92_STU02038,TORONTO_UTE92_0107
TORONTO_UTE92_STU02038,TORONTO_UTE92_0134
TORONTO_UTE92_STU02038,TORONTO_UTE92_0137
TORONTO_UTE92_STU02039,TORONTO_UTE92_0008
TORONTO_UTE92_STU02039,TORONTO_UTE92_0067
TORONTO_UTE92_STU02039,TORONTO_UTE92_0107
TORONTO_UTE92_STU02039,TORONTO_UTE92_0136
TORONTO_UTE92_STU02039,TORONTO_UTE92_0140
TORONTO_UTE92_STU02040,TORONTO_UTE92_0045
TORONTO_UTE92_STU02040,TORONTO_UTE92_0067
TORONTO_UTE92_STU02040,TORONTO_UTE92_0107
TORONTO_UTE92_STU02040,TORONTO_UTE92_0136
TORONTO_UTE92_STU02040,TORONTO_UTE92_0140
TORONTO_UTE92_STU02041,TORONTO_UTE92_0008
TORONTO_UTE92_STU02041,TORONTO_UTE92_0067
TORONTO_UTE92_STU02041,TORONTO_UTE92_0107
TORONTO_UTE92_STU02041,TORONTO_UTE92_0136
TORONTO_UTE92_STU02041,TORONTO_UTE92_0140
TORONTO_UTE92_STU02042,TORONTO_UTE92_0015
TORONTO_UTE92_STU02042,TORONTO_UTE92_0017
TORONTO_UTE92_STU02042,TORONTO_UTE92_0045
TORONTO_UTE92_STU02042,TORONTO_UTE92_0067
TORONTO_UTE92_STU02042,TORONTO_UTE92_0132
TORONTO_UTE92_STU02043,TORONTO_UTE92_0009
TORONTO_UTE92_STU02043,TORONTO_UTE92_0015
TORONTO_UTE92_STU02043,TORONTO_UTE92_0066
TORONTO_UTE92_STU02043,TORONTO_UTE92_0130
TORONTO_UTE92_STU02043,TORONTO_UTE92_0136
TORONTO_UTE92_STU02044,TORONTO_UTE92_0045
TORONTO_UTE92_STU02044,TORONTO_UTE92_0067
TORONTO_UTE92_STU02044,TORONTO_UTE92_0107
TORONTO_UTE92_STU02044,TORONTO_UTE92_0136
TORONTO_UTE92_STU02044,TORONTO_UTE92_0140
TORONTO_UTE92_STU02045,TORONTO_UTE92_0008
TORONTO_UTE92_STU02045,TORONTO_UTE92_0010
TORONTO_UTE92_STU02045,TORONTO_UTE92_0067
TORONTO_UTE92_STU02045,TORONTO_UTE92_0107
TORONTO_UTE92_STU02045,TORONTO_UTE92_0136
TORONTO_UTE92_STU02046,TORONTO_UTE92_0008
TORONTO_UTE92_STU02046,TORONTO_UTE92_0017
TORONTO_UTE92_STU02046,TORONTO_UTE92_0067
TORONTO_UTE92_STU02046,TORONTO_UTE92_0132
TORONTO_UTE92_STU02046,TORONTO_UTE92_0136
TORONTO_UTE92_STU02047,TORONTO_UTE92_0045
TORONTO_UTE92_STU02047,TORONTO_UTE92_0067
TORONTO_UTE92_STU02047,TORONTO_UTE92_0100
TORONTO_UTE92_STU02047,TORONTO_UTE92_0130
TORONTO_UTE92_STU02047,TORONTO_UTE92_0132
TORONTO_UTE92_STU02048,TORONTO_UTE92_0009
TORONTO_UTE92_STU02048,TORONTO_UTE92_0011
TORONTO_UTE92_STU02048,TORONTO_UTE92_0066
TORONTO_UTE92_STU02048,TORONTO_UTE92_0130
TORONTO_UTE92_STU02048,TORONTO_UTE92_0136
TORONTO_UTE92_STU02049,TORONTO_UTE92_0045
TORONTO_UTE92_STU02049,TORONTO_UTE92_0067
TORONTO_UTE92_STU02049,TORONTO_UTE92_0100
TORONTO_UTE92_STU02049,TORONTO_UTE92_0130
TORONTO_UTE92_STU02049,TORONTO_UTE92_0132
TORONTO_UTE92_STU02050,TORONTO_UTE92_0045
TORONTO_UTE92_STU02050,TORONTO_UTE92_0066
TORONTO_UTE92_STU02050,TORONTO_UTE92_0100
TORONTO_UTE92_STU02050,TORONTO_UTE92_0130
TORONTO_UTE92_STU02050,TORONTO_UTE92_0136
TORONTO_UTE92_STU02051,TORONTO_UTE92_0045
TORONTO_UTE92_STU02051,TORONTO_UTE92_0066
TORONTO_UTE92_STU02051,TORONTO_UTE92_0130
TORONTO_UTE92_STU02051,TORONTO_UTE92_0136
TORONTO_UTE92_STU02051,TORONTO_UTE92_0140
TORONTO_UTE92_STU02052,TORONTO_UTE92_0015
TORONTO_UTE92_STU02052,TORONTO_UTE92_0017
TORONTO_UTE92_STU02052,TORONTO_UTE92_0045
TORONTO_UTE92_STU02052,TORONTO_UTE92_0067
TORONTO_UTE92_STU02052,TORONTO_UTE92_0132
TORONTO_UTE92_STU02053,TORONTO_UTE92_0045
TORONTO_UTE92_STU02053,TORONTO_UTE92_0107
TORONTO_UTE92_STU02053,TORONTO_UTE92_0135
TORONTO_UTE92_STU02054,TORONTO_UTE92_0009
TORONTO_UTE92_STU02054,TORONTO_UTE92_0013
TORONTO_UTE92_STU02054,TORONTO_UTE92_0066
TORONTO_UTE92_STU02054,TORONTO_UTE92_0130
TORONTO_UTE92_STU02054,TORONTO_UTE92_0136
TORONTO_UTE92_STU02055,TORONTO_UTE92_0009
TORONTO_UTE92_STU02055,TORONTO_UTE92_0066
TORONTO_UTE92_STU02055,TORONTO_UTE92_0100
TORONTO_UTE92_STU02055,TORONTO_UTE92_0130
TORONTO_UTE92_STU02055,TORONTO_UTE92_0136
TORONTO_UTE92_STU02056,TORONTO_UTE92_0009
TORONTO_UTE92_STU02056,TORONTO_UTE92_0013
TORONTO_UTE92_STU02056,TORONTO_UTE92_0066
TORONTO_UTE92_STU02056,TORONTO_UTE92_0130
TORONTO_UTE92_STU02056,TORONTO_UTE92_0136
TORONTO_UTE92_STU02057,TORONTO_UTE92_0008
TORONTO_UTE92_STU02057,TORONTO_UTE92_0017
TORONTO_UTE92_STU02057,TORONTO_UTE92_0067
TORONTO_UTE92_STU02057,TORONTO_UTE92_0103
TORONTO_UTE92_STU02057,TORONTO_UTE92_0132
TORONTO_UTE92_STU02058,TORONTO_UTE92_0045
TORONTO_UTE92_STU02058,TORONTO_UTE92_0107
TORONTO_UTE92_STU02058,TORONTO_UTE92_0135
TORONTO_UTE92_STU02059,TORONTO_UTE92_0008
TORONTO_UTE92_STU02059,TORONTO_UTE92_0015
TORONTO_UTE92_STU02059,TORONTO_UTE92_0067
TORONTO_UTE92_STU02059,TORONTO_UTE92_0110
TORONTO_UTE92_STU02059,TORONTO_UTE92_0111
TORONTO_UTE92_STU02060,TORONTO_UTE92_0009
TORONTO_UTE92_STU02060,TORONTO_UTE92_0130
TORONTO_UTE92_STU02060,TORONTO_UTE92_0135
TORONTO_UTE92_STU02061,TORONTO_UTE92_0009
TORONTO_UTE92_STU02061,TORONTO_UTE92_0066
TORONTO_UTE92_STU02061,TORONTO_UTE92_0130
TORONTO_UTE92_STU02061,TORONTO_UTE92_0136
TORONTO_UTE92_STU02061,TORONTO_UTE92_0140
TORONTO_UTE92_STU02062,TORONTO_UTE92_0009
TORONTO_UTE92_STU02062,TORONTO_UTE92_0066
TORONTO_UTE92_STU02062,TORONTO_UTE92_0100
TORONTO_UTE92_STU02062,TORONTO_UTE92_0130
TORONTO_UTE92_STU02062,TORONTO_UTE92_0136
TORONTO_UTE92_STU02063,TORONTO_UTE92_0008
TORONTO_UTE92_STU02063,TORONTO_UTE92_0067
TORONTO_UTE92_STU02063,TORONTO_UTE92_0100
TORONTO_UTE92_STU02063,TORONTO_UTE92_0107
TORONTO_UTE92_STU02063,TORONTO_UTE92_0136
TORONTO_UTE92_STU02064,TORONTO_UTE92_0009
TORONTO_UTE92_STU02064,TORONTO_UTE92_0013
TORONTO_UTE92_STU02064,TORONTO_UTE92_0066
TORONTO_UTE92_STU02064,TORONTO_UTE92_0130
TORONTO_UTE92_STU02064,TORONTO_UTE92_0136
TORONTO_UTE92_STU02065,TORONTO_UTE92_0009
TORONTO_UTE92_STU02065,TORONTO_UTE92_0013
TORONTO_UTE92_STU02065,TORONTO_UTE92_0066
TORONTO_UTE92_STU02065,TORONTO_UTE92_0130
TORONTO_UTE92_STU02065,TORONTO_UTE92_0136
TORONTO_UTE92_STU02066,TORONTO_UTE92_0017
TORONTO_UTE92_STU02066,TORONTO_UTE92_0045
TORONTO_UTE92_STU02066,TORONTO_UTE92_0067
TORONTO_UTE92_STU02066,TORONTO_UTE92_0132
TORONTO_UTE92_STU02067,TORONTO_UTE92_0009
TORONTO_UTE92_STU02067,TORONTO_UTE92_0066
TORONTO_UTE92_STU02067,TORONTO_UTE92_0130
TORONTO_UTE92_STU02067,TORONTO_UTE92_0136
TORONTO_UTE92_STU02067,TORONTO_UTE92_0140
TORONTO_UTE92_STU02068,TORONTO_UTE92_0045
TORONTO_UTE92_STU02068,TORONTO_UTE92_0107
TORONTO_UTE92_STU02068,TORONTO_UTE92_0135
TORONTO_UTE92_STU02069,TORONTO_UTE92_0045
TORONTO_UTE92_STU02069,TORONTO_UTE92_0107
TORONTO_UTE92_STU02069,TORONTO_UTE92_0135
TORONTO_UTE92_STU02070,TORONTO_UTE92_0009
TORONTO_UTE92_STU02070,TORONTO_UTE92_0066
TORONTO_UTE92_STU02070,TORONTO_UTE92_0130
TORONTO_UTE92_STU02070,TORONTO_UTE92_0136
TORONTO_UTE92_STU02070,TORONTO_UTE92_0140
TORONTO_UTE92_STU02071,TORONTO_UTE92_0009
TORONTO_UTE92_STU02071,TORONTO_UTE92_0066
TORONTO_UTE92_STU02071,TORONTO_UTE92_0130
TORONTO_UTE92_STU02071,TORONTO_UTE92_0136
TORONTO_UTE92_STU02071,TORONTO_UTE92_0140
TORONTO_UTE92_STU02072,TORONTO_UTE92_0009
TORONTO_UTE92_STU02072,TORONTO_UTE92_0013
TORONTO_UTE92_STU02072,TORONTO_UTE92_0066
TORONTO_UTE92_STU02072,TORONTO_UTE92_0130
TORONTO_UTE92_STU02072,TORONTO_UTE92_0136
TORONTO_UTE92_STU02073,TORONTO_UTE92_0009
TORONTO_UTE92_STU02073,TORONTO_UTE92_0066
TORONTO_UTE92_STU02073,TORONTO_UTE92_0100
TORONTO_UTE92_STU02073,TORONTO_UTE92_0130
TORONTO_UTE92_STU02073,TORONTO_UTE92_0136
TORONTO_UTE92_STU02074,TORONTO_UTE92_0008
TORONTO_UTE92_STU02074,TORONTO_UTE92_0130
TORONTO_UTE92_STU02074,TORONTO_UTE92_0132
TORONTO_UTE92_STU02074,TORONTO_UTE92_0135
TORONTO_UTE92_STU02075,TORONTO_UTE92_0017
TORONTO_UTE92_STU02075,TORONTO_UTE92_0045
TORONTO_UTE92_STU02075,TORONTO_UTE92_0067
TORONTO_UTE92_STU02075,TORONTO_UTE92_0132
TORONTO_UTE92_STU02075,TORONTO_UTE92_0136
TORONTO_UTE92_STU02076,TORONTO_UTE92_0009
TORONTO_UTE92_STU02076,TORONTO_UTE92_0066
TORONTO_UTE92_STU02076,TORONTO_UTE92_0100
TORONTO_UTE92_STU02076,TORONTO_UTE92_0130
TORONTO_UTE92_STU02076,TORONTO_UTE92_0136
TORONTO_UTE92_STU02077,TORONTO_UTE92_0013
TORONTO_UTE92_STU02077,TORONTO_UTE92_0068
TORONTO_UTE92_STU02077,TORONTO_UTE92_0134
TORONTO_UTE92_STU02077,TORONTO_UTE92_0137
TORONTO_UTE92_STU02077,TORONTO_UTE92_0167
TORONTO_UTE92_STU02078,TORONTO_UTE92_0010
TORONTO_UTE92_STU02078,TORONTO_UTE92_0045
TORONTO_UTE92_STU02078,TORONTO_UTE92_0067
TORONTO_UTE92_STU02078,TORONTO_UTE92_0107
TORONTO_UTE92_STU02078,TORONTO_UTE92_0136
TORONTO_UTE92_STU02079,TORONTO_UTE92_0012
TORONTO_UTE92_STU02079,TORONTO_UTE92_0045
TORONTO_UTE92_STU02079,TORONTO_UTE92_0066
TORONTO_UTE92_STU02079,TORONTO_UTE92_0130
TORONTO_UTE92_STU02079,TORONTO_UTE92_0136
TORONTO_UTE92_STU02080,TORONTO_UTE92_0100
TORONTO_UTE92_STU02081,TORONTO_UTE92_0045
TORONTO_UTE92_STU02081,TORONTO_UTE92_0107
TORONTO_UTE92_STU02081,TORONTO_UTE92_0135
TORONTO_UTE92_STU02082,TORONTO_UTE92_0008
TORONTO_UTE92_STU02082,TORONTO_UTE92_0010
TORONTO_UTE92_STU02082,TORONTO_UTE92_0017
TORONTO_UTE92_STU02082,TORONTO_UTE92_0067
TORONTO_UTE92_STU02082,TORONTO_UTE92_0132
TORONTO_UTE92_STU02083,TORONTO_UTE92_0008
TORONTO_UTE92_STU02083,TORONTO_UTE92_0107
TORONTO_UTE92_STU02083,TORONTO_UTE92_0135
TORONTO_UTE92_STU02084,TORONTO_UTE92_0008
TORONTO_UTE92_STU02084,TORONTO_UTE92_0067
TORONTO_UTE92_STU02084,TORONTO_UTE92_0100
TORONTO_UTE92_STU02084,TORONTO_UTE92_0110
TORONTO_UTE92_STU02084,TORONTO_UTE92_0111
TORONTO_UTE92_STU02085,TORONTO_UTE92_0010
TORONTO_UTE92_STU02085,TORONTO_UTE92_0017
TORONTO_UTE92_STU02085,TORONTO_UTE92_0045
TORONTO_UTE92_STU02085,TORONTO_UTE92_0132
TORONTO_UTE92_STU02086,TORONTO_UTE92_0008
TORONTO_UTE92_STU02086,TORONTO_UTE92_0017
TORONTO_UTE92_STU02086,TORONTO_UTE92_0067
TORONTO_UTE92_STU02086,TORONTO_UTE92_0100
TORONTO_UTE92_STU02086,TORONTO_UTE92_0132
TORONTO_UTE92_STU02087,TORONTO_UTE92_0008
TORONTO_UTE92_STU02087,TORONTO_UTE92_0017
TORONTO_UTE92_STU02087,TORONTO_UTE92_0067
TORONTO_UTE92_STU02087,TORONTO_UTE92_0100
TORONTO_UTE92_STU02087,TORONTO_UTE92_0132
TORONTO_UTE92_STU02088,TORONTO_UTE92_0015
TORONTO_UTE92_STU02088,TORONTO_UTE92_0045
TORONTO_UTE92_STU02088,TORONTO_UTE92_0067
TORONTO_UTE92_STU02088,TORONTO_UTE92_0130
TORONTO_UTE92_STU02088,TORONTO_UTE92_0132
TORONTO_UTE92_STU02089,TORONTO_UTE92_0017
TORONTO_UTE92_STU02089,TORONTO_UTE92_0045
TORONTO_UTE92_STU02089,TORONTO_UTE92_0067
TORONTO_UTE92_STU02089,TORONTO_UTE92_0100
TORONTO_UTE92_STU02089,TORONTO_UTE92_0132
TORONTO_UTE92_STU02090,TORONTO_UTE92_0009
TORONTO_UTE92_STU02090,TORONTO_UTE92_0066
TORONTO_UTE92_STU02090,TORONTO_UTE92_0100
TORONTO_UTE92_STU02090,TORONTO_UTE92_0130
TORONTO_UTE92_STU02090,TORONTO_UTE92_0136
TORONTO_UTE92_STU02091,TORONTO_UTE92_0045
TORONTO_UTE92_STU02091,TORONTO_UTE92_0107
TORONTO_UTE92_STU02091,TORONTO_UTE92_0135
TORONTO_UTE92_STU02092,TORONTO_UTE92_0008
TORONTO_UTE92_STU02092,TORONTO_UTE92_0017
TORONTO_UTE92_STU02092,TORONTO_UTE92_0067
TORONTO_UTE92_STU02092,TORONTO_UTE92_0132
TORONTO_UTE92_STU02092,TORONTO_UTE92_0136
TORONTO_UTE92_STU02093,TORONTO_UTE92_0008
TORONTO_UTE92_STU02093,TORONTO_UTE92_0107
TORONTO_UTE92_STU02093,TORONTO_UTE92_0135
TORONTO_UTE92_STU02094,TORONTO_UTE92_0008
TORONTO_UTE92_STU02094,TORONTO_UTE92_0067
TORONTO_UTE92_STU02094,TORONTO_UTE92_0104
TORONTO_UTE92_STU02094,TORONTO_UTE92_0107
TORONTO_UTE92_STU02094,TORONTO_UTE92_0136
TORONTO_UTE92_STU02095,TORONTO_UTE92_0011
TORONTO_UTE92_STU02095,TORONTO_UTE92_0017
TORONTO_UTE92_STU02095,TORONTO_UTE92_0045
TORONTO_UTE92_STU02095,TORONTO_UTE92_0067
TORONTO_UTE92_STU02095,TORONTO_UTE92_0132
TORONTO_UTE92_STU02096,TORONTO_UTE92_0045
TORONTO_UTE92_STU02096,TORONTO_UTE92_0066
TORONTO_UTE92_STU02096,TORONTO_UTE92_0102
TORONTO_UTE92_STU02096,TORONTO_UTE92_0130
TORONTO_UTE92_STU02096,TORONTO_UTE92_0136
TORONTO_UTE92_STU02097,TORONTO_UTE92_0045
TORONTO_UTE92_STU02097,TORONTO_UTE92_0107
TORONTO_UTE92_STU02097,TORONTO_UTE92_0135
TORONTO_UTE92_STU02098,TORONTO_UTE92_0045
TORONTO_UTE92_STU02098,TORONTO_UTE92_0067
TORONTO_UTE92_STU02098,TORONTO_UTE92_0100
TORONTO_UTE92_STU02098,TORONTO_UTE92_0107
TORONTO_UTE92_STU02098,TORONTO_UTE92_0136
TORONTO_UTE92_STU02099,TORONTO_UTE92_0008
TORONTO_UTE92_STU02099,TORONTO_UTE92_0013
TORONTO_UTE92_STU02099,TORONTO_UTE92_0017
TORONTO_UTE92_STU02099,TORONTO_UTE92_0067
TORONTO_UTE92_STU02099,TORONTO_UTE92_0132
TORONTO_UTE92_STU02100,TORONTO_UTE92_0009
TORONTO_UTE92_STU02100,TORONTO_UTE92_0066
TORONTO_UTE92_STU02100,TORONTO_UTE92_0102
TORONTO_UTE92_STU02100,TORONTO_UTE92_0130
TORONTO_UTE92_STU02100,TORONTO_UTE92_0136
TORONTO_UTE92_STU02101,TORONTO_UTE92_0068
TORONTO_UTE92_STU02101,TORONTO_UTE92_0104
TORONTO_UTE92_STU02101,TORONTO_UTE92_0134
TORONTO_UTE92_STU02101,TORONTO_UTE92_0137
TORONTO_UTE92_STU02101,TORONTO_UTE92_0167
TORONTO_UTE92_STU02102,TORONTO_UTE92_0016
TORONTO_UTE92_STU02102,TORONTO_UTE92_0045
TORONTO_UTE92_STU02102,TORONTO_UTE92_0067
TORONTO_UTE92_STU02102,TORONTO_UTE92_0107
TORONTO_UTE92_STU02102,TORONTO_UTE92_0136
TORONTO_UTE92_STU02103,TORONTO_UTE92_0008
TORONTO_UTE92_STU02103,TORONTO_UTE92_0067
TORONTO_UTE92_STU02103,TORONTO_UTE92_0107
TORONTO_UTE92_STU02103,TORONTO_UTE92_0136
TORONTO_UTE92_STU02103,TORONTO_UTE92_0140
TORONTO_UTE92_STU02104,TORONTO_UTE92_0017
TORONTO_UTE92_STU02104,TORONTO_UTE92_0045
TORONTO_UTE92_STU02104,TORONTO_UTE92_0067
TORONTO_UTE92_STU02104,TORONTO_UTE92_0132
TORONTO_UTE92_STU02104,TORONTO_UTE92_0136
TORONTO_UTE92_STU02105,TORONTO_UTE92_0045
TORONTO_UTE92_STU02105,TORONTO_UTE92_0067
TORONTO_UTE92_STU02105,TORONTO_UTE92_0100
TORONTO_UTE92_STU02105,TORONTO_UTE92_0107
TORONTO_UTE92_STU02105,TORONTO_UTE92_0136
TORONTO_UTE92_STU02106,TORONTO_UTE92_0016
TORONTO_UTE92_STU02106,TORONTO_UTE92_0045
TORONTO_UTE92_STU02106,TORONTO_UTE92_0066
TORONTO_UTE92_STU02106,TORONTO_UTE92_0130
TORONTO_UTE92_STU02106,TORONTO_UTE92_0136
TORONTO_UTE92_STU02107,TORONTO_UTE92_0045
TORONTO_UTE92_STU02107,TORONTO_UTE92_0067
TORONTO_UTE92_STU02107,TORONTO_UTE92_0110
TORONTO_UTE92_STU02107,TORONTO_UTE92_0111
TORONTO_UTE92_STU02107,TORONTO_UTE92_0136
TORONTO_UTE92_STU02108,TORONTO_UTE92_0046
TORONTO_UTE92_STU02108,TORONTO_UTE92_0068
TORONTO_UTE92_STU02108,TORONTO_UTE92_0100
TORONTO_UTE92_STU02108,TORONTO_UTE92_0134
TORONTO_UTE92_STU02108,TORONTO_UTE92_0137
TORONTO_UTE92_STU02109,TORONTO_UTE92_0008
TORONTO_UTE92_STU02109,TORONTO_UTE92_0067
TORONTO_UTE92_STU02110,TORONTO_UTE92_0008
TORONTO_UTE92_STU02110,TORONTO_UTE92_0011
TORONTO_UTE92_STU02110,TORONTO_UTE92_0067
TORONTO_UTE92_STU02110,TORONTO_UTE92_0107
TORONTO_UTE92_STU02110,TORONTO_UTE92_0136
TORONTO_UTE92_STU02111,TORONTO_UTE92_0045
TORONTO_UTE92_STU02111,TORONTO_UTE92_0066
TORONTO_UTE92_STU02111,TORONTO_UTE92_0130
TORONTO_UTE92_STU02111,TORONTO_UTE92_0136
TORONTO_UTE92_STU02111,TORONTO_UTE92_0140
TORONTO_UTE92_STU02112,TORONTO_UTE92_0011
TORONTO_UTE92_STU02112,TORONTO_UTE92_0045
TORONTO_UTE92_STU02112,TORONTO_UTE92_0067
TORONTO_UTE92_STU02112,TORONTO_UTE92_0107
TORONTO_UTE92_STU02112,TORONTO_UTE92_0136
TORONTO_UTE92_STU02113,TORONTO_UTE92_0015
TORONTO_UTE92_STU02113,TORONTO_UTE92_0045
TORONTO_UTE92_STU02113,TORONTO_UTE92_0066
TORONTO_UTE92_STU02113,TORONTO_UTE92_0130
TORONTO_UTE92_STU02113,TORONTO_UTE92_0136
TORONTO_UTE92_STU02114,TORONTO_UTE92_0068
TORONTO_UTE92_STU02114,TORONTO_UTE92_0134
TORONTO_UTE92_STU02114,TORONTO_UTE92_0137
TORONTO_UTE92_STU02114,TORONTO_UTE92_0167
TORONTO_UTE92_STU02115,TORONTO_UTE92_0008
TORONTO_UTE92_STU02115,TORONTO_UTE92_0017
TORONTO_UTE92_STU02115,TORONTO_UTE92_0067
TORONTO_UTE92_STU02115,TORONTO_UTE92_0100
TORONTO_UTE92_STU02115,TORONTO_UTE92_0132
TORONTO_UTE92_STU02116,TORONTO_UTE92_0009
TORONTO_UTE92_STU02116,TORONTO_UTE92_0066
TORONTO_UTE92_STU02116,TORONTO_UTE92_0130
TORONTO_UTE92_STU02116,TORONTO_UTE92_0136
TORONTO_UTE92_STU02116,TORONTO_UTE92_0140
TORONTO_UTE92_STU02117,TORONTO_UTE92_0045
TORONTO_UTE92_STU02117,TORONTO_UTE92_0067
TORONTO_UTE92_STU02117,TORONTO_UTE92_0107
TORONTO_UTE92_STU02117,TORONTO_UTE92_0136
TORONTO_UTE92_STU02117,TORONTO_UTE92_0140
TORONTO_UTE92_STU02118,TORONTO_UTE92_0045
TORONTO_UTE92_STU02118,TORONTO_UTE92_0066
TORONTO_UTE92_STU02118,TORONTO_UTE92_0130
TORONTO_UTE92_STU02118,TORONTO_UTE92_0136
TORONTO_UTE92_STU02118,TORONTO_UTE92_0140
TORONTO_UTE92_STU02119,TORONTO_UTE92_0010
TORONTO_UTE92_STU02119,TORONTO_UTE92_0045
TORONTO_UTE92_STU02119,TORONTO_UTE92_0067
TORONTO_UTE92_STU02119,TORONTO_UTE92_0107
TORONTO_UTE92_STU02119,TORONTO_UTE92_0136
TORONTO_UTE92_STU02120,TORONTO_UTE92_0068
TORONTO_UTE92_STU02120,TORONTO_UTE92_0134
TORONTO_UTE92_STU02120,TORONTO_UTE92_0137
TORONTO_UTE92_STU02120,TORONTO_UTE92_0167
TORONTO_UTE92_STU02120,TORONTO_UTE92_0183
TORONTO_UTE92_STU02121,TORONTO_UTE92_0068
TORONTO_UTE92_STU02121,TORONTO_UTE92_0103
TORONTO_UTE92_STU02121,TORONTO_UTE92_0134
TORONTO_UTE92_STU02121,TORONTO_UTE92_0137
TORONTO_UTE92_STU02121,TORONTO_UTE92_0167
TORONTO_UTE92_STU02122,TORONTO_UTE92_0045
TORONTO_UTE92_STU02122,TORONTO_UTE92_0066
TORONTO_UTE92_STU02122,TORONTO_UTE92_0100
TORONTO_UTE92_STU02122,TORONTO_UTE92_0130
TORONTO_UTE92_STU02122,TORONTO_UTE92_0136
TORONTO_UTE92_STU02123,TORONTO_UTE92_0008
TORONTO_UTE92_STU02123,TORONTO_UTE92_0107
TORONTO_UTE92_STU02123,TORONTO_UTE92_0135
TORONTO_UTE92_STU02124,TORONTO_UTE92_0009
TORONTO_UTE92_STU02124,TORONTO_UTE92_0013
TORONTO_UTE92_STU02124,TORONTO_UTE92_0066
TORONTO_UTE92_STU02124,TORONTO_UTE92_0130
TORONTO_UTE92_STU02124,TORONTO_UTE92_0136
TORONTO_UTE92_STU02125,TORONTO_UTE92_0008
TORONTO_UTE92_STU02125,TORONTO_UTE92_0130
TORONTO_UTE92_STU02125,TORONTO_UTE92_0132
TORONTO_UTE92_STU02125,TORONTO_UTE92_0135
TORONTO_UTE92_STU02126,TORONTO_UTE92_0045
TORONTO_UTE92_STU02126,TORONTO_UTE92_0107
TORONTO_UTE92_STU02126,TORONTO_UTE92_0135
TORONTO_UTE92_STU02127,TORONTO_UTE92_0009
TORONTO_UTE92_STU02127,TORONTO_UTE92_0013
TORONTO_UTE92_STU02127,TORONTO_UTE92_0066
TORONTO_UTE92_STU02127,TORONTO_UTE92_0130
TORONTO_UTE92_STU02127,TORONTO_UTE92_0136
TORONTO_UTE92_STU02128,TORONTO_UTE92_0045
TORONTO_UTE92_STU02128,TORONTO_UTE92_0066
TORONTO_UTE92_STU02128,TORONTO_UTE92_0130
TORONTO_UTE92_STU02128,TORONTO_UTE92_0136
TORONTO_UTE92_STU02128,TORONTO_UTE92_0140
TORONTO_UTE92_STU02129,TORONTO_UTE92_0017
TORONTO_UTE92_STU02129,TORONTO_UTE92_0045
TORONTO_UTE92_STU02129,TORONTO_UTE92_0067
TORONTO_UTE92_STU02129,TORONTO_UTE92_0132
TORONTO_UTE92_STU02129,TORONTO_UTE92_0136
TORONTO_UTE92_STU02130,TORONTO_UTE92_0009
TORONTO_UTE92_STU02130,TORONTO_UTE92_0066
TORONTO_UTE92_STU02130,TORONTO_UTE92_0130
TORONTO_UTE92_STU02130,TORONTO_UTE92_0136
TORONTO_UTE92_STU02130,TORONTO_UTE92_0140
TORONTO_UTE92_STU02131,TORONTO_UTE92_0046
TORONTO_UTE92_STU02131,TORONTO_UTE92_0068
TORONTO_UTE92_STU02131,TORONTO_UTE92_0134
TORONTO_UTE92_STU02131,TORONTO_UTE92_0137
TORONTO_UTE92_STU02131,TORONTO_UTE92_0183
TORONTO_UTE92_STU02132,TORONTO_UTE92_0008
TORONTO_UTE92_STU02132,TORONTO_UTE92_0016
TORONTO_UTE92_STU02132,TORONTO_UTE92_0067
TORONTO_UTE92_STU02132,TORONTO_UTE92_0107
TORONTO_UTE92_STU02132,TORONTO_UTE92_0136
TORONTO_UTE92_STU02133,TORONTO_UTE92_0013
TORONTO_UTE92_STU02133,TORONTO_UTE92_0045
TORONTO_UTE92_STU02133,TORONTO_UTE92_0066
TORONTO_UTE92_STU02133,TORONTO_UTE92_0130
TORONTO_UTE92_STU02133,TORONTO_UTE92_0136
TORONTO_UTE92_STU02134,TORONTO_UTE92_0009
TORONTO_UTE92_STU02134,TORONTO_UTE92_0130
TORONTO_UTE92_STU02134,TORONTO_UTE92_0135
TORONTO_UTE92_STU02135,TORONTO_UTE92_0045
TORONTO_UTE92_STU02135,TORONTO_UTE92_0066
TORONTO_UTE92_STU02135,TORONTO_UTE92_0100
TORONTO_UTE92_STU02135,TORONTO_UTE92_0130
TORONTO_UTE92_STU02135,TORONTO_UTE92_0136
TORONTO_UTE92_STU02136,TORONTO_UTE92_0015
TORONTO_UTE92_STU02136,TORONTO_UTE92_0045
TORONTO_UTE92_STU02136,TORONTO_UTE92_0067
TORONTO_UTE92_STU02136,TORONTO_UTE92_0110
TORONTO_UTE92_STU02136,TORONTO_UTE92_0111
TORONTO_UTE92_STU02137,TORONTO_UTE92_0017
TORONTO_UTE92_STU02137,TORONTO_UTE92_0045
TORONTO_UTE92_STU02137,TORONTO_UTE92_0067
TORONTO_UTE92_STU02137,TORONTO_UTE92_0100
TORONTO_UTE92_STU02137,TORONTO_UTE92_0132
TORONTO_UTE92_STU02138,TORONTO_UTE92_0008
TORONTO_UTE92_STU02138,TORONTO_UTE92_0067
TORONTO_UTE92_STU02138,TORONTO_UTE92_0107
TORONTO_UTE92_STU02138,TORONTO_UTE92_0136
TORONTO_UTE92_STU02138,TORONTO_UTE92_0140
TORONTO_UTE92_STU02139,TORONTO_UTE92_0017
TORONTO_UTE92_STU02139,TORONTO_UTE92_0045
TORONTO_UTE92_STU02139,TORONTO_UTE92_0067
TORONTO_UTE92_STU02139,TORONTO_UTE92_0100
TORONTO_UTE92_STU02139,TORONTO_UTE92_0132
TORONTO_UTE92_STU02140,TORONTO_UTE92_0015
TORONTO_UTE92_STU02140,TORONTO_UTE92_0045
TORONTO_UTE92_STU02140,TORONTO_UTE92_0066
TORONTO_UTE92_STU02140,TORONTO_UTE92_0130
TORONTO_UTE92_STU02140,TORONTO_UTE92_0136
TORONTO_UTE92_STU02141,TORONTO_UTE92_0045
TORONTO_UTE92_STU02141,TORONTO_UTE92_0066
TORONTO_UTE92_STU02141,TORONTO_UTE92_0104
TORONTO_UTE92_STU02141,TORONTO_UTE92_0130
TORONTO_UTE92_STU02141,TORONTO_UTE92_0136
TORONTO_UTE92_STU02142,TORONTO_UTE92_0046
TORONTO_UTE92_STU02142,TORONTO_UTE92_0068
TORONTO_UTE92_STU02142,TORONTO_UTE92_0134
TORONTO_UTE92_STU02142,TORONTO_UTE92_0137
TORONTO_UTE92_STU02142,TORONTO_UTE92_0183
TORONTO_UTE92_STU02143,TORONTO_UTE92_0009
TORONTO_UTE92_STU02143,TORONTO_UTE92_0066
TORONTO_UTE92_STU02143,TORONTO_UTE92_0100
TORONTO_UTE92_STU02143,TORONTO_UTE92_0130
TORONTO_UTE92_STU02143,TORONTO_UTE92_0136
TORONTO_UTE92_STU02144,TORONTO_UTE92_0009
TORONTO_UTE92_STU02144,TORONTO_UTE92_0066
TORONTO_UTE92_STU02144,TORONTO_UTE92_0100
TORONTO_UTE92_STU02144,TORONTO_UTE92_0130
TORONTO_UTE92_STU02144,TORONTO_UTE92_0136
TORONTO_UTE92_STU02145,TORONTO_UTE92_0013
TORONTO_UTE92_STU02145,TORONTO_UTE92_0045
TORONTO_UTE92_STU02145,TORONTO_UTE92_0066
TORONTO_UTE92_STU02145,TORONTO_UTE92_0130
TORONTO_UTE92_STU02145,TORONTO_UTE92_0136
TORONTO_UTE92_STU02146,TORONTO_UTE92_0045
TORONTO_UTE92_STU02146,TORONTO_UTE92_0110
TORONTO_UTE92_STU02146,TORONTO_UTE92_0111
TORONTO_UTE92_STU02146,TORONTO_UTE92_0135
TORONTO_UTE92_STU02147,TORONTO_UTE92_0068
TORONTO_UTE92_STU02147,TORONTO_UTE92_0103
TORONTO_UTE92_STU02147,TORONTO_UTE92_0107
TORONTO_UTE92_STU02147,TORONTO_UTE92_0134
TORONTO_UTE92_STU02147,TORONTO_UTE92_0137
TORONTO_UTE92_STU02148,TORONTO_UTE92_0008
TORONTO_UTE92_STU02148,TORONTO_UTE92_0107
TORONTO_UTE92_STU02148,TORONTO_UTE92_0132
TORONTO_UTE92_STU02148,TORONTO_UTE92_0135
TORONTO_UTE92_STU02149,TORONTO_UTE92_0045
TORONTO_UTE92_STU02149,TORONTO_UTE92_0067
TORONTO_UTE92_STU02149,TORONTO_UTE92_0107
TORONTO_UTE92_STU02149,TORONTO_UTE92_0136
TORONTO_UTE92_STU02149,TORONTO_UTE92_0140
TORONTO_UTE92_STU02150,TORONTO_UTE92_0008
TORONTO_UTE92_STU02150,TORONTO_UTE92_0015
TORONTO_UTE92_STU02150,TORONTO_UTE92_0017
TORONTO_UTE92_STU02150,TORONTO_UTE92_0067
TORONTO_UTE92_STU02150,TORONTO_UTE92_0132
TORONTO_UTE92_STU02151,TORONTO_UTE92_0008
TORONTO_UTE92_STU02151,TORONTO_UTE92_0067
TORONTO_UTE92_STU02151,TORONTO_UTE92_0100
TORONTO_UTE92_STU02151,TORONTO_UTE92_0110
TORONTO_UTE92_STU02151,TORONTO_UTE92_0111
TORONTO_UTE92_STU02152,TORONTO_UTE92_0008
TORONTO_UTE92_STU02152,TORONTO_UTE92_0017
TORONTO_UTE92_STU02152,TORONTO_UTE92_0132
TORONTO_UTE92_STU02152,TORONTO_UTE92_0135
TORONTO_UTE92_STU02153,TORONTO_UTE92_0015
TORONTO_UTE92_STU02153,TORONTO_UTE92_0068
TORONTO_UTE92_STU02153,TORONTO_UTE92_0134
TORONTO_UTE92_STU02153,TORONTO_UTE92_0137
TORONTO_UTE92_STU02153,TORONTO_UTE92_0167
TORONTO_UTE92_STU02154,TORONTO_UTE92_0045
TORONTO_UTE92_STU02154,TORONTO_UTE92_0066
TORONTO_UTE92_STU02154,TORONTO_UTE92_0130
TORONTO_UTE92_STU02154,TORONTO_UTE92_0136
TORONTO_UTE92_STU02154,TORONTO_UTE92_0140
TORONTO_UTE92_STU02155,TORONTO_UTE92_0068
TORONTO_UTE92_STU02155,TORONTO_UTE92_0134
TORONTO_UTE92_STU02155,TORONTO_UTE92_0137
TORONTO_UTE92_STU02155,TORONTO_UTE92_0167
TORONTO_UTE92_STU02155,TORONTO_UTE92_0183
TORONTO_UTE92_STU02156,TORONTO_UTE92_0010
TORONTO_UTE92_STU02156,TORONTO_UTE92_0045
TORONTO_UTE92_STU02156,TORONTO_UTE92_0067
TORONTO_UTE92_STU02156,TORONTO_UTE92_0110
TORONTO_UTE92_STU02156,TORONTO_UTE92_0111
TORONTO_UTE92_STU02157,TORONTO_UTE92_0046
TORONTO_UTE92_STU02157,TORONTO_UTE92_0068
TORONTO_UTE92_STU02157,TORONTO_UTE92_0134
TORONTO_UTE92_STU02157,TORONTO_UTE92_0137
TORONTO_UTE92_STU02158,TORONTO_UTE92_0009
TORONTO_UTE92_STU02158,TORONTO_UTE92_0016
TORONTO_UTE92_STU02158,TORONTO_UTE92_0066
TORONTO_UTE92_STU02158,TORONTO_UTE92_0130
TORONTO_UTE92_STU02158,TORONTO_UTE92_0136
TORONTO_UTE92_STU02159,TORONTO_UTE92_0008
TORONTO_UTE92_STU02159,TORONTO_UTE92_0015
TORONTO_UTE92_STU02159,TORONTO_UTE92_0067
TORONTO_UTE92_STU02159,TORONTO_UTE92_0107
TORONTO_UTE92_STU02159,TORONTO_UTE92_0136
TORONTO_UTE92_STU02160,TORONTO_UTE92_0008
TORONTO_UTE92_STU02160,TORONTO_UTE92_0010
TORONTO_UTE92_STU02160,TORONTO_UTE92_0067
TORONTO_UTE92_STU02160,TORONTO_UTE92_0130
TORONTO_UTE92_STU02160,TORONTO_UTE92_0132
TORONTO_UTE92_STU02161,TORONTO_UTE92_0045
TORONTO_UTE92_STU02161,TORONTO_UTE92_0067
TORONTO_UTE92_STU02161,TORONTO_UTE92_0107
TORONTO_UTE92_STU02161,TORONTO_UTE92_0132
TORONTO_UTE92_STU02161,TORONTO_UTE92_0136
TORONTO_UTE92_STU02162,TORONTO_UTE92_0009
TORONTO_UTE92_STU02162,TORONTO_UTE92_0012
TORONTO_UTE92_STU02162,TORONTO_UTE92_0066
TORONTO_UTE92_STU02162,TORONTO_UTE92_0130
TORONTO_UTE92_STU02162,TORONTO_UTE92_0136
TORONTO_UTE92_STU02163,TORONTO_UTE92_0013
TORONTO_UTE92_STU02163,TORONTO_UTE92_0045
TORONTO_UTE92_STU02163,TORONTO_UTE92_0067
TORONTO_UTE92_STU02163,TORONTO_UTE92_0107
TORONTO_UTE92_STU02163,TORONTO_UTE92_0132
TORONTO_UTE92_STU02164,TORONTO_UTE92_0013
TORONTO_UTE92_STU02164,TORONTO_UTE92_0045
TORONTO_UTE92_STU02164,TORONTO_UTE92_0067
TORONTO_UTE92_STU02164,TORONTO_UTE92_0107
TORONTO_UTE92_STU02164,TORONTO_UTE92_0132
TORONTO_UTE92_STU02165,TORONTO_UTE92_0009
TORONTO_UTE92_STU02165,TORONTO_UTE92_0011
TORONTO_UTE92_STU02165,TORONTO_UTE92_0066
TORONTO_UTE92_STU02165,TORONTO_UTE92_0130
TORONTO_UTE92_STU02165,TORONTO_UTE92_0136
TORONTO_UTE92_STU02166,TORONTO_UTE92_0012
TORONTO_UTE92_STU02166,TORONTO_UTE92_0046
TORONTO_UTE92_STU02166,TORONTO_UTE92_0068
TORONTO_UTE92_STU02166,TORONTO_UTE92_0134
TORONTO_UTE92_STU02166,TORONTO_UTE92_0137
TORONTO_UTE92_STU02167,TORONTO_UTE92_0008
TORONTO_UTE92_STU02167,TORONTO_UTE92_0016
TORONTO_UTE92_STU02167,TORONTO_UTE92_0067
TORONTO_UTE92_STU02167,TORONTO_UTE92_0107
TORONTO_UTE92_STU02167,TORONTO_UTE92_0136
TORONTO_UTE92_STU02168,TORONTO_UTE92_0015
TORONTO_UTE92_STU02168,TORONTO_UTE92_0045
TORONTO_UTE92_STU02168,TORONTO_UTE92_0067
TORONTO_UTE92_STU02168,TORONTO_UTE92_0110
TORONTO_UTE92_STU02168,TORONTO_UTE92_0111
TORONTO_UTE92_STU02169,TORONTO_UTE92_0009
TORONTO_UTE92_STU02169,TORONTO_UTE92_0130
TORONTO_UTE92_STU02169,TORONTO_UTE92_0135
TORONTO_UTE92_STU02170,TORONTO_UTE92_0011
TORONTO_UTE92_STU02170,TORONTO_UTE92_0045
TORONTO_UTE92_STU02170,TORONTO_UTE92_0130
TORONTO_UTE92_STU02170,TORONTO_UTE92_0135
TORONTO_UTE92_STU02171,TORONTO_UTE92_0017
TORONTO_UTE92_STU02171,TORONTO_UTE92_0045
TORONTO_UTE92_STU02171,TORONTO_UTE92_0067
TORONTO_UTE92_STU02171,TORONTO_UTE92_0132
TORONTO_UTE92_STU02171,TORONTO_UTE92_0136
TORONTO_UTE92_STU02172,TORONTO_UTE92_0045
TORONTO_UTE92_STU02172,TORONTO_UTE92_0130
TORONTO_UTE92_STU02172,TORONTO_UTE92_0135
TORONTO_UTE92_STU02173,TORONTO_UTE92_0008
TORONTO_UTE92_STU02173,TORONTO_UTE92_0017
TORONTO_UTE92_STU02173,TORONTO_UTE92_0067
TORONTO_UTE92_STU02173,TORONTO_UTE92_0132
TORONTO_UTE92_STU02173,TORONTO_UTE92_0136
TORONTO_UTE92_STU02174,TORONTO_UTE92_0008
TORONTO_UTE92_STU02174,TORONTO_UTE92_0017
TORONTO_UTE92_STU02174,TORONTO_UTE92_0132
TORONTO_UTE92_STU02174,TORONTO_UTE92_0135
TORONTO_UTE92_STU02175,TORONTO_UTE92_0008
TORONTO_UTE92_STU02175,TORONTO_UTE92_0017
TORONTO_UTE92_STU02175,TORONTO_UTE92_0067
TORONTO_UTE92_STU02175,TORONTO_UTE92_0132
TORONTO_UTE92_STU02175,TORONTO_UTE92_0136
TORONTO_UTE92_STU02176,TORONTO_UTE92_0008
TORONTO_UTE92_STU02176,TORONTO_UTE92_0067
TORONTO_UTE92_STU02176,TORONTO_UTE92_0107
TORONTO_UTE92_STU02177,TORONTO_UTE92_0008
TORONTO_UTE92_STU02177,TORONTO_UTE92_0130
TORONTO_UTE92_STU02177,TORONTO_UTE92_0132
TORONTO_UTE92_STU02178,TORONTO_UTE92_0008
TORONTO_UTE92_STU02178,TORONTO_UTE92_0067
TORONTO_UTE92_STU02178,TORONTO_UTE92_0104
TORONTO_UTE92_STU02178,TORONTO_UTE92_0107
TORONTO_UTE92_STU02178,TORONTO_UTE92_0136
TORONTO_UTE92_STU02179,TORONTO_UTE92_0017
TORONTO_UTE92_STU02179,TORONTO_UTE92_0045
TORONTO_UTE92_STU02179,TORONTO_UTE92_0132
TORONTO_UTE92_STU02180,TORONTO_UTE92_0045
TORONTO_UTE92_STU02180,TORONTO_UTE92_0130
TORONTO_UTE92_STU02180,TORONTO_UTE92_0132
TORONTO_UTE92_STU02180,TORONTO_UTE92_0135
TORONTO_UTE92_STU02181,TORONTO_UTE92_0013
TORONTO_UTE92_STU02181,TORONTO_UTE92_0017
TORONTO_UTE92_STU02181,TORONTO_UTE92_0045
TORONTO_UTE92_STU02181,TORONTO_UTE92_0067
TORONTO_UTE92_STU02181,TORONTO_UTE92_0132
TORONTO_UTE92_STU02182,TORONTO_UTE92_0008
TORONTO_UTE92_STU02182,TORONTO_UTE92_0013
TORONTO_UTE92_STU02182,TORONTO_UTE92_0067
TORONTO_UTE92_STU02182,TORONTO_UTE92_0110
TORONTO_UTE92_STU02182,TORONTO_UTE92_0111
TORONTO_UTE92_STU02183,TORONTO_UTE92_0045
TORONTO_UTE92_STU02183,TORONTO_UTE92_0067
TORONTO_UTE92_STU02183,TORONTO_UTE92_0102
TORONTO_UTE92_STU02183,TORONTO_UTE92_0107
TORONTO_UTE92_STU02183,TORONTO_UTE92_0136
TORONTO_UTE92_STU02184,TORONTO_UTE92_0009
TORONTO_UTE92_STU02184,TORONTO_UTE92_0066
TORONTO_UTE92_STU02184,TORONTO_UTE92_0100
TORONTO_UTE92_STU02184,TORONTO_UTE92_0130
TORONTO_UTE92_STU02184,TORONTO_UTE92_0136
TORONTO_UTE92_STU02185,TORONTO_UTE92_0017
TORONTO_UTE92_STU02185,TORONTO_UTE92_0045
TORONTO_UTE92_STU02185,TORONTO_UTE92_0067
TORONTO_UTE92_STU02185,TORONTO_UTE92_0100
TORONTO_UTE92_STU02185,TORONTO_UTE92_0132
TORONTO_UTE92_STU02186,TORONTO_UTE92_0009
TORONTO_UTE92_STU02186,TORONTO_UTE92_0012
TORONTO_UTE92_STU02186,TORONTO_UTE92_0066
TORONTO_UTE92_STU02186,TORONTO_UTE92_0130
TORONTO_UTE92_STU02186,TORONTO_UTE92_0136
TORONTO_UTE92_STU02187,TORONTO_UTE92_0045
TORONTO_UTE92_STU02187,TORONTO_UTE92_0066
TORONTO_UTE92_STU02187,TORONTO_UTE92_0130
TORONTO_UTE92_STU02187,TORONTO_UTE92_0136
TORONTO_UTE92_STU02188,TORONTO_UTE92_0068
TORONTO_UTE92_STU02188,TORONTO_UTE92_0134
TORONTO_UTE92_STU02188,TORONTO_UTE92_0137
TORONTO_UTE92_STU02188,TORONTO_UTE92_0167
TORONTO_UTE92_STU02189,TORONTO_UTE92_0017
TORONTO_UTE92_STU02189,TORONTO_UTE92_0045
TORONTO_UTE92_STU02189,TORONTO_UTE92_0067
TORONTO_UTE92_STU02189,TORONTO_UTE92_0102
TORONTO_UTE92_STU02189,TORONTO_UTE92_0132
TORONTO_UTE92_STU02190,TORONTO_UTE92_0009
TORONTO_UTE92_STU02190,TORONTO_UTE92_0013
TORONTO_UTE92_STU02190,TORONTO_UTE92_0066
TORONTO_UTE92_STU02190,TORONTO_UTE92_0130
TORONTO_UTE92_STU02190,TORONTO_UTE92_0136
TORONTO_UTE92_STU02191,TORONTO_UTE92_0008
TORONTO_UTE92_STU02191,TORONTO_UTE92_0013
TORONTO_UTE92_STU02191,TORONTO_UTE92_0017
TORONTO_UTE92_STU02191,TORONTO_UTE92_0067
TORONTO_UTE92_STU02191,TORONTO_UTE92_0132
TORONTO_UTE92_STU02192,TORONTO_UTE92_0045
TORONTO_UTE92_STU02192,TORONTO_UTE92_0067
TORONTO_UTE92_STU02192,TORONTO_UTE92_0100
TORONTO_UTE92_STU02192,TORONTO_UTE92_0107
TORONTO_UTE92_STU02192,TORONTO_UTE92_0136
TORONTO_UTE92_STU02193,TORONTO_UTE92_0009
TORONTO_UTE92_STU02193,TORONTO_UTE92_0013
TORONTO_UTE92_STU02193,TORONTO_UTE92_0066
TORONTO_UTE92_STU02193,TORONTO_UTE92_0130
TORONTO_UTE92_STU02193,TORONTO_UTE92_0136
TORONTO_UTE92_STU02194,TORONTO_UTE92_0009
TORONTO_UTE92_STU02194,TORONTO_UTE92_0013
TORONTO_UTE92_STU02194,TORONTO_UTE92_0066
TORONTO_UTE92_STU02194,TORONTO_UTE92_0130
TORONTO_UTE92_STU02194,TORONTO_UTE92_0136
TORONTO_UTE92_STU02195,TORONTO_UTE92_0017
TORONTO_UTE92_STU02195,TORONTO_UTE92_0045
TORONTO_UTE92_STU02195,TORONTO_UTE92_0067
TORONTO_UTE92_STU02195,TORONTO_UTE92_0132
TORONTO_UTE92_STU02196,TORONTO_UTE92_0009
TORONTO_UTE92_STU02196,TORONTO_UTE92_0012
TORONTO_UTE92_STU02196,TORONTO_UTE92_0066
TORONTO_UTE92_STU02196,TORONTO_UTE92_0130
TORONTO_UTE92_STU02196,TORONTO_UTE92_0136
TORONTO_UTE92_STU02197,TORONTO_UTE92_0013
TORONTO_UTE92_STU02197,TORONTO_UTE92_0045
TORONTO_UTE92_STU02197,TORONTO_UTE92_0066
TORONTO_UTE92_STU02197,TORONTO_UTE92_0130
TORONTO_UTE92_STU02197,TORONTO_UTE92_0136
TORONTO_UTE92_STU02198,TORONTO_UTE92_0013
TORONTO_UTE92_STU02198,TORONTO_UTE92_0068
TORONTO_UTE92_STU02198,TORONTO_UTE92_0134
TORONTO_UTE92_STU02198,TORONTO_UTE92_0137
TORONTO_UTE92_STU02198,TORONTO_UTE92_0167
TORONTO_UTE92_STU02199,TORONTO_UTE92_0008
TORONTO_UTE92_STU02199,TORONTO_UTE92_0010
TORONTO_UTE92_STU02199,TORONTO_UTE92_0067
TORONTO_UTE92_STU02199,TORONTO_UTE92_0107
TORONTO_UTE92_STU02199,TORONTO_UTE92_0136
TORONTO_UTE92_STU02200,TORONTO_UTE92_0068
TORONTO_UTE92_STU02200,TORONTO_UTE92_0104
TORONTO_UTE92_STU02200,TORONTO_UTE92_0134
TORONTO_UTE92_STU02200,TORONTO_UTE92_0137
TORONTO_UTE92_STU02200,TORONTO_UTE92_0167
TORONTO_UTE92_STU02201,TORONTO_UTE92_0008
TORONTO_UTE92_STU02201,TORONTO_UTE92_0107
TORONTO_UTE92_STU02201,TORONTO_UTE92_0132
TORONTO_UTE92_STU02201,TORONTO_UTE92_0135
TORONTO_UTE92_STU02202,TORONTO_UTE92_0008
TORONTO_UTE92_STU02202,TORONTO_UTE92_0017
TORONTO_UTE92_STU02202,TORONTO_UTE92_0067
TORONTO_UTE92_STU02202,TORONTO_UTE92_0132
TORONTO_UTE92_STU02202,TORONTO_UTE92_0136
TORONTO_UTE92_STU02203,TORONTO_UTE92_0015
TORONTO_UTE92_STU02203,TORONTO_UTE92_0017
TORONTO_UTE92_STU02203,TORONTO_UTE92_0045
TORONTO_UTE92_STU02203,TORONTO_UTE92_0067
TORONTO_UTE92_STU02203,TORONTO_UTE92_0132
TORONTO_UTE92_STU02204,TORONTO_UTE92_0009
TORONTO_UTE92_STU02204,TORONTO_UTE92_0066
TORONTO_UTE92_STU02204,TORONTO_UTE92_0100
TORONTO_UTE92_STU02204,TORONTO_UTE92_0130
TORONTO_UTE92_STU02204,TORONTO_UTE92_0136
TORONTO_UTE92_STU02205,TORONTO_UTE92_0046
TORONTO_UTE92_STU02205,TORONTO_UTE92_0068
TORONTO_UTE92_STU02205,TORONTO_UTE92_0134
TORONTO_UTE92_STU02205,TORONTO_UTE92_0137
TORONTO_UTE92_STU02205,TORONTO_UTE92_0183
TORONTO_UTE92_STU02206,TORONTO_UTE92_0046
TORONTO_UTE92_STU02206,TORONTO_UTE92_0068
TORONTO_UTE92_STU02206,TORONTO_UTE92_0134
TORONTO_UTE92_STU02206,TORONTO_UTE92_0137
TORONTO_UTE92_STU02207,TORONTO_UTE92_0009
TORONTO_UTE92_STU02207,TORONTO_UTE92_0066
TORONTO_UTE92_STU02207,TORONTO_UTE92_0130
TORONTO_UTE92_STU02207,TORONTO_UTE92_0136
TORONTO_UTE92_STU02207,TORONTO_UTE92_0140
TORONTO_UTE92_STU02208,TORONTO_UTE92_0009
TORONTO_UTE92_STU02208,TORONTO_UTE92_0066
TORONTO_UTE92_STU02208,TORONTO_UTE92_0130
TORONTO_UTE92_STU02208,TORONTO_UTE92_0136
TORONTO_UTE92_STU02208,TORONTO_UTE92_0140
TORONTO_UTE92_STU02209,TORONTO_UTE92_0045
TORONTO_UTE92_STU02209,TORONTO_UTE92_0066
TORONTO_UTE92_STU02209,TORONTO_UTE92_0130
TORONTO_UTE92_STU02209,TORONTO_UTE92_0136
TORONTO_UTE92_STU02209,TORONTO_UTE92_0140
TORONTO_UTE92_STU02210,TORONTO_UTE92_0017
TORONTO_UTE92_STU02210,TORONTO_UTE92_0045
TORONTO_UTE92_STU02210,TORONTO_UTE92_0067
TORONTO_UTE92_STU02210,TORONTO_UTE92_0132
TORONTO_UTE92_STU02210,TORONTO_UTE92_0136
TORONTO_UTE92_STU02211,TORONTO_UTE92_0045
TORONTO_UTE92_STU02211,TORONTO_UTE92_0130
TORONTO_UTE92_STU02211,TORONTO_UTE92_0132
TORONTO_UTE92_STU02211,TORONTO_UTE92_0135
TORONTO_UTE92_STU02212,TORONTO_UTE92_0008
TORONTO_UTE92_STU02212,TORONTO_UTE92_0067
TORONTO_UTE92_STU02212,TORONTO_UTE92_0107
TORONTO_UTE92_STU02212,TORONTO_UTE92_0136
TORONTO_UTE92_STU02212,TORONTO_UTE92_0140
TORONTO_UTE92_STU02213,TORONTO_UTE92_0017
TORONTO_UTE92_STU02213,TORONTO_UTE92_0045
TORONTO_UTE92_STU02213,TORONTO_UTE92_0067
TORONTO_UTE92_STU02213,TORONTO_UTE92_0100
TORONTO_UTE92_STU02213,TORONTO_UTE92_0132
TORONTO_UTE92_STU02214,TORONTO_UTE92_0045
TORONTO_UTE92_STU02214,TORONTO_UTE92_0066
TORONTO_UTE92_STU02214,TORONTO_UTE92_0100
TORONTO_UTE92_STU02214,TORONTO_UTE92_0130
TORONTO_UTE92_STU02214,TORONTO_UTE92_0136
TORONTO_UTE92_STU02215,TORONTO_UTE92_0008
TORONTO_UTE92_STU02215,TORONTO_UTE92_0067
TORONTO_UTE92_STU02215,TORONTO_UTE92_0100
TORONTO_UTE92_STU02215,TORONTO_UTE92_0107
TORONTO_UTE92_STU02215,TORONTO_UTE92_0136
TORONTO_UTE92_STU02216,TORONTO_UTE92_0008
TORONTO_UTE92_STU02216,TORONTO_UTE92_0013
TORONTO_UTE92_STU02216,TORONTO_UTE92_0017
TORONTO_UTE92_STU02216,TORONTO_UTE92_0067
TORONTO_UTE92_STU02216,TORONTO_UTE92_0132
TORONTO_UTE92_STU02217,TORONTO_UTE92_0046
TORONTO_UTE92_STU02217,TORONTO_UTE92_0068
TORONTO_UTE92_STU02217,TORONTO_UTE92_0134
TORONTO_UTE92_STU02217,TORONTO_UTE92_0137
TORONTO_UTE92_STU02217,TORONTO_UTE92_0183
TORONTO_UTE92_STU02218,TORONTO_UTE92_0045
TORONTO_UTE92_STU02218,TORONTO_UTE92_0067
TORONTO_UTE92_STU02218,TORONTO_UTE92_0100
TORONTO_UTE92_STU02218,TORONTO_UTE92_0110
TORONTO_UTE92_STU02218,TORONTO_UTE92_0111
TORONTO_UTE92_STU02219,TORONTO_UTE92_0046
TORONTO_UTE92_STU02219,TORONTO_UTE92_0068
TORONTO_UTE92_STU02219,TORONTO_UTE92_0134
TORONTO_UTE92_STU02219,TORONTO_UTE92_0137
TORONTO_UTE92_STU02219,TORONTO_UTE92_0183
TORONTO_UTE92_STU02220,TORONTO_UTE92_0046
TORONTO_UTE92_STU02220,TORONTO_UTE92_0068
TORONTO_UTE92_STU02220,TORONTO_UTE92_0134
TORONTO_UTE92_STU02220,TORONTO_UTE92_0137
TORONTO_UTE92_STU02221,TORONTO_UTE92_0045
TORONTO_UTE92_STU02221,TORONTO_UTE92_0066
TORONTO_UTE92_STU02221,TORONTO_UTE92_0100
TORONTO_UTE92_STU02221,TORONTO_UTE92_0130
TORONTO_UTE92_STU02221,TORONTO_UTE92_0136
TORONTO_UTE92_STU02222,TORONTO_UTE92_0068
TORONTO_UTE92_STU02222,TORONTO_UTE92_0134
TORONTO_UTE92_STU02222,TORONTO_UTE92_0137
TORONTO_UTE92_STU02222,TORONTO_UTE92_0167
TORONTO_UTE92_STU02222,TORONTO_UTE92_0183
TORONTO_UTE92_STU02223,TORONTO_UTE92_0012
TORONTO_UTE92_STU02223,TORONTO_UTE92_0046
TORONTO_UTE92_STU02223,TORONTO_UTE92_0068
TORONTO_UTE92_STU02223,TORONTO_UTE92_0134
TORONTO_UTE92_STU02223,TORONTO_UTE92_0137
TORONTO_UTE92_STU02224,TORONTO_UTE92_0013
TORONTO_UTE92_STU02224,TORONTO_UTE92_0045
TORONTO_UTE92_STU02224,TORONTO_UTE92_0066
TORONTO_UTE92_STU02224,TORONTO_UTE92_0130
TORONTO_UTE92_STU02224,TORONTO_UTE92_0136
TORONTO_UTE92_STU02225,TORONTO_UTE92_0068
TORONTO_UTE92_STU02225,TORONTO_UTE92_0134
TORONTO_UTE92_STU02225,TORONTO_UTE92_0137
TORONTO_UTE92_STU02225,TORONTO_UTE92_0167
TORONTO_UTE92_STU02226,TORONTO_UTE92_0008
TORONTO_UTE92_STU02226,TORONTO_UTE92_0067
TORONTO_UTE92_STU02226,TORONTO_UTE92_0107
TORONTO_UTE92_STU02226,TORONTO_UTE92_0136
TORONTO_UTE92_STU02226,TORONTO_UTE92_0140
TORONTO_UTE92_STU02227,TORONTO_UTE92_0013
TORONTO_UTE92_STU02227,TORONTO_UTE92_0045
TORONTO_UTE92_STU02227,TORONTO_UTE92_0067
TORONTO_UTE92_STU02227,TORONTO_UTE92_0110
TORONTO_UTE92_STU02227,TORONTO_UTE92_0111
TORONTO_UTE92_STU02228,TORONTO_UTE92_0009
TORONTO_UTE92_STU02228,TORONTO_UTE92_0013
TORONTO_UTE92_STU02228,TORONTO_UTE92_0130
TORONTO_UTE92_STU02228,TORONTO_UTE92_0136
TORONTO_UTE92_STU02229,TORONTO_UTE92_0008
TORONTO_UTE92_STU02229,TORONTO_UTE92_0017
TORONTO_UTE92_STU02229,TORONTO_UTE92_0132
TORONTO_UTE92_STU02229,TORONTO_UTE92_0136
TORONTO_UTE92_STU02230,TORONTO_UTE92_0008
TORONTO_UTE92_STU02230,TORONTO_UTE92_0107
TORONTO_UTE92_STU02230,TORONTO_UTE92_0135
TORONTO_UTE92_STU02231,TORONTO_UTE92_0045
TORONTO_UTE92_STU02231,TORONTO_UTE92_0067
TORONTO_UTE92_STU02231,TORONTO_UTE92_0100
TORONTO_UTE92_STU02231,TORONTO_UTE92_0110
TORONTO_UTE92_STU02231,TORONTO_UTE92_0111
TORONTO_UTE92_STU02232,TORONTO_UTE92_0068
TORONTO_UTE92_STU02232,TORONTO_UTE92_0134
TORONTO_UTE92_STU02232,TORONTO_UTE92_0137
TORONTO_UTE92_STU02232,TORONTO_UTE92_0167
TORONTO_UTE92_STU02233,TORONTO_UTE92_0068
TORONTO_UTE92_STU02233,TORONTO_UTE92_0104
TORONTO_UTE92_STU02233,TORONTO_UTE92_0134
TORONTO_UTE92_STU02233,TORONTO_UTE92_0137
TORONTO_UTE92_STU02233,TORONTO_UTE92_0167
TORONTO_UTE92_STU02234,TORONTO_UTE92_0015
TORONTO_UTE92_STU02234,TORONTO_UTE92_0045
TORONTO_UTE92_STU02234,TORONTO_UTE92_0067
TORONTO_UTE92_STU02234,TORONTO_UTE92_0107
TORONTO_UTE92_STU02234,TORONTO_UTE92_0136
TORONTO_UTE92_STU02235,TORONTO_UTE92_0045
TORONTO_UTE92_STU02235,TORONTO_UTE92_0066
TORONTO_UTE92_STU02235,TORONTO_UTE92_0130
TORONTO_UTE92_STU02235,TORONTO_UTE92_0136
TORONTO_UTE92_STU02235,TORONTO_UTE92_0140
TORONTO_UTE92_STU02236,TORONTO_UTE92_0045
TORONTO_UTE92_STU02236,TORONTO_UTE92_0066
TORONTO_UTE92_STU02236,TORONTO_UTE92_0100
TORONTO_UTE92_STU02236,TORONTO_UTE92_0130
TORONTO_UTE92_STU02236,TORONTO_UTE92_0136
TORONTO_UTE92_STU02237,TORONTO_UTE92_0017
TORONTO_UTE92_STU02237,TORONTO_UTE92_0045
TORONTO_UTE92_STU02237,TORONTO_UTE92_0067
TORONTO_UTE92_STU02237,TORONTO_UTE92_0132
TORONTO_UTE92_STU02237,TORONTO_UTE92_0136
TORONTO_UTE92_STU02238,TORONTO_UTE92_0011
TORONTO_UTE92_STU02238,TORONTO_UTE92_0045
TORONTO_UTE92_STU02238,TORONTO_UTE92_0066
TORONTO_UTE92_STU02238,TORONTO_UTE92_0130
TORONTO_UTE92_STU02238,TORONTO_UTE92_0136
TORONTO_UTE92_STU02239,TORONTO_UTE92_0104
TORONTO_UTE92_STU02239,TORONTO_UTE92_0136
TORONTO_UTE92_STU02240,TORONTO_UTE92_0008
TORONTO_UTE92_STU02240,TORONTO_UTE92_0011
TORONTO_UTE92_STU02240,TORONTO_UTE92_0017
TORONTO_UTE92_STU02240,TORONTO_UTE92_0067
TORONTO_UTE92_STU02240,TORONTO_UTE92_0132
TORONTO_UTE92_STU02241,TORONTO_UTE92_0045
TORONTO_UTE92_STU02241,TORONTO_UTE92_0066
TORONTO_UTE92_STU02241,TORONTO_UTE92_0130
TORONTO_UTE92_STU02241,TORONTO_UTE92_0136
TORONTO_UTE92_STU02241,TORONTO_UTE92_0140
TORONTO_UTE92_STU02242,TORONTO_UTE92_0008
TORONTO_UTE92_STU02242,TORONTO_UTE92_0017
TORONTO_UTE92_STU02242,TORONTO_UTE92_0132
TORONTO_UTE92_STU02242,TORONTO_UTE92_0135
TORONTO_UTE92_STU02243,TORONTO_UTE92_0011
TORONTO_UTE92_STU02243,TORONTO_UTE92_0045
TORONTO_UTE92_STU02243,TORONTO_UTE92_0066
TORONTO_UTE92_STU02243,TORONTO_UTE92_0130
TORONTO_UTE92_STU02243,TORONTO_UTE92_0136
TORONTO_UTE92_STU02244,TORONTO_UTE92_0016
TORONTO_UTE92_STU02244,TORONTO_UTE92_0017
TORONTO_UTE92_STU02244,TORONTO_UTE92_0045
TORONTO_UTE92_STU02244,TORONTO_UTE92_0067
TORONTO_UTE92_STU02244,TORONTO_UTE92_0132
TORONTO_UTE92_STU02245,TORONTO_UTE92_0046
TORONTO_UTE92_STU02245,TORONTO_UTE92_0068
TORONTO_UTE92_STU02245,TORONTO_UTE92_0101
TORONTO_UTE92_STU02245,TORONTO_UTE92_0134
TORONTO_UTE92_STU02245,TORONTO_UTE92_0137
TORONTO_UTE92_STU02246,TORONTO_UTE92_0009
TORONTO_UTE92_STU02246,TORONTO_UTE92_0015
TORONTO_UTE92_STU02246,TORONTO_UTE92_0066
TORONTO_UTE92_STU02246,TORONTO_UTE92_0130
TORONTO_UTE92_STU02246,TORONTO_UTE92_0136
TORONTO_UTE92_STU02247,TORONTO_UTE92_0008
TORONTO_UTE92_STU02247,TORONTO_UTE92_0067
TORONTO_UTE92_STU02247,TORONTO_UTE92_0100
TORONTO_UTE92_STU02247,TORONTO_UTE92_0107
TORONTO_UTE92_STU02247,TORONTO_UTE92_0136
TORONTO_UTE92_STU02248,TORONTO_UTE92_0008
TORONTO_UTE92_STU02248,TORONTO_UTE92_0013
TORONTO_UTE92_STU02248,TORONTO_UTE92_0067
TORONTO_UTE92_STU02248,TORONTO_UTE92_0107
TORONTO_UTE92_STU02248,TORONTO_UTE92_0136
TORONTO_UTE92_STU02249,TORONTO_UTE92_0009
TORONTO_UTE92_STU02249,TORONTO_UTE92_0066
TORONTO_UTE92_STU02249,TORONTO_UTE92_0100
TORONTO_UTE92_STU02249,TORONTO_UTE92_0130
TORONTO_UTE92_STU02249,TORONTO_UTE92_0136
TORONTO_UTE92_STU02250,TORONTO_UTE92_0045
TORONTO_UTE92_STU02250,TORONTO_UTE92_0066
TORONTO_UTE92_STU02250,TORONTO_UTE92_0100
TORONTO_UTE92_STU02250,TORONTO_UTE92_0130
TORONTO_UTE92_STU02250,TORONTO_UTE92_0136
TORONTO_UTE92_STU02251,TORONTO_UTE92_0009
TORONTO_UTE92_STU02251,TORONTO_UTE92_0013
TORONTO_UTE92_STU02251,TORONTO_UTE92_0066
TORONTO_UTE92_STU02251,TORONTO_UTE92_0130
TORONTO_UTE92_STU02251,TORONTO_UTE92_0136
TORONTO_UTE92_STU02252,TORONTO_UTE92_0045
TORONTO_UTE92_STU02252,TORONTO_UTE92_0067
TORONTO_UTE92_STU02252,TORONTO_UTE92_0107
TORONTO_UTE92_STU02252,TORONTO_UTE92_0136
TORONTO_UTE92_STU02252,TORONTO_UTE92_0140
TORONTO_UTE92_STU02253,TORONTO_UTE92_0045
TORONTO_UTE92_STU02253,TORONTO_UTE92_0066
TORONTO_UTE92_STU02253,TORONTO_UTE92_0100
TORONTO_UTE92_STU02253,TORONTO_UTE92_0130
TORONTO_UTE92_STU02253,TORONTO_UTE92_0136
TORONTO_UTE92_STU02254,TORONTO_UTE92_0008
TORONTO_UTE92_STU02254,TORONTO_UTE92_0011
TORONTO_UTE92_STU02254,TORONTO_UTE92_0067
TORONTO_UTE92_STU02254,TORONTO_UTE92_0110
TORONTO_UTE92_STU02254,TORONTO_UTE92_0111
TORONTO_UTE92_STU02255,TORONTO_UTE92_0013
TORONTO_UTE92_STU02255,TORONTO_UTE92_0045
TORONTO_UTE92_STU02255,TORONTO_UTE92_0066
TORONTO_UTE92_STU02255,TORONTO_UTE92_0130
TORONTO_UTE92_STU02255,TORONTO_UTE92_0136
TORONTO_UTE92_STU02256,TORONTO_UTE92_0009
TORONTO_UTE92_STU02256,TORONTO_UTE92_0013
TORONTO_UTE92_STU02256,TORONTO_UTE92_0066
TORONTO_UTE92_STU02256,TORONTO_UTE92_0130
TORONTO_UTE92_STU02256,TORONTO_UTE92_0136
TORONTO_UTE92_STU02257,TORONTO_UTE92_0008
TORONTO_UTE92_STU02257,TORONTO_UTE92_0011
TORONTO_UTE92_STU02257,TORONTO_UTE92_0067
TORONTO_UTE92_STU02257,TORONTO_UTE92_0110
TORONTO_UTE92_STU02257,TORONTO_UTE92_0111
TORONTO_UTE92_STU02258,TORONTO_UTE92_0045
TORONTO_UTE92_STU02258,TORONTO_UTE92_0066
TORONTO_UTE92_STU02258,TORONTO_UTE92_0130
TORONTO_UTE92_STU02258,TORONTO_UTE92_0136
TORONTO_UTE92_STU02258,TORONTO_UTE92_0140
TORONTO_UTE92_STU02259,TORONTO_UTE92_0009
TORONTO_UTE92_STU02259,TORONTO_UTE92_0066
TORONTO_UTE92_STU02259,TORONTO_UTE92_0130
TORONTO_UTE92_STU02259,TORONTO_UTE92_0136
TORONTO_UTE92_STU02259,TORONTO_UTE92_0140
TORONTO_UTE92_STU02260,TORONTO_UTE92_0045
TORONTO_UTE92_STU02260,TORONTO_UTE92_0110
TORONTO_UTE92_STU02260,TORONTO_UTE92_0111
TORONTO_UTE92_STU02260,TORONTO_UTE92_0136
TORONTO_UTE92_STU02261,TORONTO_UTE92_0016
TORONTO_UTE92_STU02261,TORONTO_UTE92_0045
TORONTO_UTE92_STU02261,TORONTO_UTE92_0066
TORONTO_UTE92_STU02261,TORONTO_UTE92_0130
TORONTO_UTE92_STU02261,TORONTO_UTE92_0136
TORONTO_UTE92_STU02262,TORONTO_UTE92_0010
TORONTO_UTE92_STU02262,TORONTO_UTE92_0045
TORONTO_UTE92_STU02262,TORONTO_UTE92_0066
TORONTO_UTE92_STU02262,TORONTO_UTE92_0130
TORONTO_UTE92_STU02262,TORONTO_UTE92_0136
TORONTO_UTE92_STU02263,TORONTO_UTE92_0046
TORONTO_UTE92_STU02263,TORONTO_UTE92_0068
TORONTO_UTE92_STU02263,TORONTO_UTE92_0134
TORONTO_UTE92_STU02263,TORONTO_UTE92_0137
TORONTO_UTE92_STU02264,TORONTO_UTE92_0045
TORONTO_UTE92_STU02264,TORONTO_UTE92_0067
TORONTO_UTE92_STU02264,TORONTO_UTE92_0107
TORONTO_UTE92_STU02264,TORONTO_UTE92_0109
TORONTO_UTE92_STU02264,TORONTO_UTE92_0136
TORONTO_UTE92_STU02265,TORONTO_UTE92_0045
TORONTO_UTE92_STU02265,TORONTO_UTE92_0067
TORONTO_UTE92_STU02265,TORONTO_UTE92_0130
TORONTO_UTE92_STU02265,TORONTO_UTE92_0132
TORONTO_UTE92_STU02265,TORONTO_UTE92_0135
TORONTO_UTE92_STU02266,TORONTO_UTE92_0045
TORONTO_UTE92_STU02266,TORONTO_UTE92_0066
TORONTO_UTE92_STU02266,TORONTO_UTE92_0100
TORONTO_UTE92_STU02266,TORONTO_UTE92_0130
TORONTO_UTE92_STU02266,TORONTO_UTE92_0136
TORONTO_UTE92_STU02267,TORONTO_UTE92_0008
TORONTO_UTE92_STU02267,TORONTO_UTE92_0017
TORONTO_UTE92_STU02267,TORONTO_UTE92_0132
TORONTO_UTE92_STU02267,TORONTO_UTE92_0135
TORONTO_UTE92_STU02268,TORONTO_UTE92_0045
TORONTO_UTE92_STU02268,TORONTO_UTE92_0067
TORONTO_UTE92_STU02268,TORONTO_UTE92_0130
TORONTO_UTE92_STU02268,TORONTO_UTE92_0136
TORONTO_UTE92_STU02269,TORONTO_UTE92_0009
TORONTO_UTE92_STU02269,TORONTO_UTE92_0066
TORONTO_UTE92_STU02269,TORONTO_UTE92_0104
TORONTO_UTE92_STU02269,TORONTO_UTE92_0130
TORONTO_UTE92_STU02269,TORONTO_UTE92_0136
TORONTO_UTE92_STU02270,TORONTO_UTE92_0010
TORONTO_UTE92_STU02270,TORONTO_UTE92_0017
TORONTO_UTE92_STU02270,TORONTO_UTE92_0045
TORONTO_UTE92_STU02270,TORONTO_UTE92_0067
TORONTO_UTE92_STU02270,TORONTO_UTE92_0132
TORONTO_UTE92_STU02271,TORONTO_UTE92_0008
TORONTO_UTE92_STU02271,TORONTO_UTE92_0013
TORONTO_UTE92_STU02271,TORONTO_UTE92_0017
TORONTO_UTE92_STU02271,TORONTO_UTE92_0067
TORONTO_UTE92_STU02271,TORONTO_UTE92_0132
TORONTO_UTE92_STU02272,TORONTO_UTE92_0045
TORONTO_UTE92_STU02272,TORONTO_UTE92_0130
TORONTO_UTE92_STU02272,TORONTO_UTE92_0132
TORONTO_UTE92_STU02272,TORONTO_UTE92_0135
TORONTO_UTE92_STU02273,TORONTO_UTE92_0013
TORONTO_UTE92_STU02273,TORONTO_UTE92_0045
TORONTO_UTE92_STU02273,TORONTO_UTE92_0066
TORONTO_UTE92_STU02273,TORONTO_UTE92_0130
TORONTO_UTE92_STU02273,TORONTO_UTE92_0136
TORONTO_UTE92_STU02274,TORONTO_UTE92_0009
TORONTO_UTE92_STU02274,TORONTO_UTE92_0066
TORONTO_UTE92_STU02274,TORONTO_UTE92_0130
TORONTO_UTE92_STU02274,TORONTO_UTE92_0136
TORONTO_UTE92_STU02274,TORONTO_UTE92_0140
TORONTO_UTE92_STU02275,TORONTO_UTE92_0008
TORONTO_UTE92_STU02275,TORONTO_UTE92_0067
TORONTO_UTE92_STU02275,TORONTO_UTE92_0100
TORONTO_UTE92_STU02275,TORONTO_UTE92_0107
TORONTO_UTE92_STU02275,TORONTO_UTE92_0136
TORONTO_UTE92_STU02276,TORONTO_UTE92_0013
TORONTO_UTE92_STU02276,TORONTO_UTE92_0045
TORONTO_UTE92_STU02276,TORONTO_UTE92_0066
TORONTO_UTE92_STU02276,TORONTO_UTE92_0130
TORONTO_UTE92_STU02276,TORONTO_UTE92_0136
TORONTO_UTE92_STU02277,TORONTO_UTE92_0008
TORONTO_UTE92_STU02277,TORONTO_UTE92_0107
TORONTO_UTE92_STU02277,TORONTO_UTE92_0135
TORONTO_UTE92_STU02278,TORONTO_UTE92_0045
TORONTO_UTE92_STU02278,TORONTO_UTE92_0067
TORONTO_UTE92_STU02278,TORONTO_UTE92_0100
TORONTO_UTE92_STU02278,TORONTO_UTE92_0107
TORONTO_UTE92_STU02278,TORONTO_UTE92_0136
TORONTO_UTE92_STU02279,TORONTO_UTE92_0008
TORONTO_UTE92_STU02279,TORONTO_UTE92_0011
TORONTO_UTE92_STU02279,TORONTO_UTE92_0067
TORONTO_UTE92_STU02279,TORONTO_UTE92_0110
TORONTO_UTE92_STU02279,TORONTO_UTE92_0111
TORONTO_UTE92_STU02280,TORONTO_UTE92_0016
TORONTO_UTE92_STU02280,TORONTO_UTE92_0045
TORONTO_UTE92_STU02280,TORONTO_UTE92_0066
TORONTO_UTE92_STU02280,TORONTO_UTE92_0130
TORONTO_UTE92_STU02280,TORONTO_UTE92_0136
TORONTO_UTE92_STU02281,TORONTO_UTE92_0010
TORONTO_UTE92_STU02281,TORONTO_UTE92_0045
TORONTO_UTE92_STU02281,TORONTO_UTE92_0066
TORONTO_UTE92_STU02281,TORONTO_UTE92_0130
TORONTO_UTE92_STU02281,TORONTO_UTE92_0136
TORONTO_UTE92_STU02282,TORONTO_UTE92_0008
TORONTO_UTE92_STU02282,TORONTO_UTE92_0015
TORONTO_UTE92_STU02282,TORONTO_UTE92_0067
TORONTO_UTE92_STU02282,TORONTO_UTE92_0110
TORONTO_UTE92_STU02282,TORONTO_UTE92_0111
TORONTO_UTE92_STU02283,TORONTO_UTE92_0045
TORONTO_UTE92_STU02283,TORONTO_UTE92_0110
TORONTO_UTE92_STU02283,TORONTO_UTE92_0111
TORONTO_UTE92_STU02283,TORONTO_UTE92_0136
TORONTO_UTE92_STU02284,TORONTO_UTE92_0008
TORONTO_UTE92_STU02284,TORONTO_UTE92_0013
TORONTO_UTE92_STU02284,TORONTO_UTE92_0067
TORONTO_UTE92_STU02284,TORONTO_UTE92_0107
TORONTO_UTE92_STU02284,TORONTO_UTE92_0136
TORONTO_UTE92_STU02285,TORONTO_UTE92_0008
TORONTO_UTE92_STU02285,TORONTO_UTE92_0045
TORONTO_UTE92_STU02285,TORONTO_UTE92_0130
TORONTO_UTE92_STU02286,TORONTO_UTE92_0009
TORONTO_UTE92_STU02286,TORONTO_UTE92_0066
TORONTO_UTE92_STU02286,TORONTO_UTE92_0130
TORONTO_UTE92_STU02286,TORONTO_UTE92_0136
TORONTO_UTE92_STU02286,TORONTO_UTE92_0140
TORONTO_UTE92_STU02287,TORONTO_UTE92_0009
TORONTO_UTE92_STU02287,TORONTO_UTE92_0012
TORONTO_UTE92_STU02287,TORONTO_UTE92_0066
TORONTO_UTE92_STU02287,TORONTO_UTE92_0130
TORONTO_UTE92_STU02287,TORONTO_UTE92_0136
TORONTO_UTE92_STU02288,TORONTO_UTE92_0008
TORONTO_UTE92_STU02288,TORONTO_UTE92_0110
TORONTO_UTE92_STU02288,TORONTO_UTE92_0111
TORONTO_UTE92_STU02288,TORONTO_UTE92_0135
TORONTO_UTE92_STU02289,TORONTO_UTE92_0011
TORONTO_UTE92_STU02289,TORONTO_UTE92_0045
TORONTO_UTE92_STU02289,TORONTO_UTE92_0067
TORONTO_UTE92_STU02289,TORONTO_UTE92_0107
TORONTO_UTE92_STU02289,TORONTO_UTE92_0136
TORONTO_UTE92_STU02290,TORONTO_UTE92_0016
TORONTO_UTE92_STU02290,TORONTO_UTE92_0045
TORONTO_UTE92_STU02290,TORONTO_UTE92_0066
TORONTO_UTE92_STU02290,TORONTO_UTE92_0130
TORONTO_UTE92_STU02290,TORONTO_UTE92_0136
TORONTO_UTE92_STU02291,TORONTO_UTE92_0009
TORONTO_UTE92_STU02291,TORONTO_UTE92_0066
TORONTO_UTE92_STU02291,TORONTO_UTE92_0100
TORONTO_UTE92_STU02291,TORONTO_UTE92_0130
TORONTO_UTE92_STU02291,TORONTO_UTE92_0136
TORONTO_UTE92_STU02292,TORONTO_UTE92_0045
TORONTO_UTE92_STU02292,TORONTO_UTE92_0066
TORONTO_UTE92_STU02292,TORONTO_UTE92_0130
TORONTO_UTE92_STU02292,TORONTO_UTE92_0136
TORONTO_UTE92_STU02292,TORONTO_UTE92_0140
TORONTO_UTE92_STU02293,TORONTO_UTE92_0009
TORONTO_UTE92_STU02293,TORONTO_UTE92_0010
TORONTO_UTE92_STU02293,TORONTO_UTE92_0066
TORONTO_UTE92_STU02293,TORONTO_UTE92_0130
TORONTO_UTE92_STU02293,TORONTO_UTE92_0136
TORONTO_UTE92_STU02294,TORONTO_UTE92_0008
TORONTO_UTE92_STU02294,TORONTO_UTE92_0110
TORONTO_UTE92_STU02294,TORONTO_UTE92_0111
TORONTO_UTE92_STU02294,TORONTO_UTE92_0136
TORONTO_UTE92_STU02295,TORONTO_UTE92_0046
TORONTO_UTE92_STU02295,TORONTO_UTE92_0068
TORONTO_UTE92_STU02295,TORONTO_UTE92_0134
TORONTO_UTE92_STU02295,TORONTO_UTE92_0137
TORONTO_UTE92_STU02296,TORONTO_UTE92_0009
TORONTO_UTE92_STU02296,TORONTO_UTE92_0011
TORONTO_UTE92_STU02296,TORONTO_UTE92_0066
TORONTO_UTE92_STU02296,TORONTO_UTE92_0130
TORONTO_UTE92_STU02296,TORONTO_UTE92_0136
TORONTO_UTE92_STU02297,TORONTO_UTE92_0017
TORONTO_UTE92_STU02297,TORONTO_UTE92_0045
TORONTO_UTE92_STU02297,TORONTO_UTE92_0067
TORONTO_UTE92_STU02297,TORONTO_UTE92_0100
TORONTO_UTE92_STU02297,TORONTO_UTE92_0132
TORONTO_UTE92_STU02298,TORONTO_UTE92_0009
TORONTO_UTE92_STU02298,TORONTO_UTE92_0066
TORONTO_UTE92_STU02298,TORONTO_UTE92_0100
TORONTO_UTE92_STU02298,TORONTO_UTE92_0130
TORONTO_UTE92_STU02298,TORONTO_UTE92_0136
TORONTO_UTE92_STU02299,TORONTO_UTE92_0045
TORONTO_UTE92_STU02299,TORONTO_UTE92_0102
TORONTO_UTE92_STU02299,TORONTO_UTE92_0130
TORONTO_UTE92_STU02299,TORONTO_UTE92_0136
TORONTO_UTE92_STU02300,TORONTO_UTE92_0012
TORONTO_UTE92_STU02300,TORONTO_UTE92_0045
TORONTO_UTE92_STU02300,TORONTO_UTE92_0067
TORONTO_UTE92_STU02300,TORONTO_UTE92_0107
TORONTO_UTE92_STU02300,TORONTO_UTE92_0136
TORONTO_UTE92_STU02301,TORONTO_UTE92_0008
TORONTO_UTE92_STU02301,TORONTO_UTE92_0017
TORONTO_UTE92_STU02301,TORONTO_UTE92_0067
TORONTO_UTE92_STU02301,TORONTO_UTE92_0100
TORONTO_UTE92_STU02301,TORONTO_UTE92_0132
TORONTO_UTE92_STU02302,TORONTO_UTE92_0045
TORONTO_UTE92_STU02302,TORONTO_UTE92_0066
TORONTO_UTE92_STU02302,TORONTO_UTE92_0130
TORONTO_UTE92_STU02302,TORONTO_UTE92_0136
TORONTO_UTE92_STU02302,TORONTO_UTE92_0140
TORONTO_UTE92_STU02303,TORONTO_UTE92_0008
TORONTO_UTE92_STU02303,TORONTO_UTE92_0015
TORONTO_UTE92_STU02303,TORONTO_UTE92_0067
TORONTO_UTE92_STU02303,TORONTO_UTE92_0107
TORONTO_UTE92_STU02303,TORONTO_UTE92_0136
TORONTO_UTE92_STU02304,TORONTO_UTE92_0046
TORONTO_UTE92_STU02304,TORONTO_UTE92_0068
TORONTO_UTE92_STU02304,TORONTO_UTE92_0134
TORONTO_UTE92_STU02304,TORONTO_UTE92_0137
TORONTO_UTE92_STU02304,TORONTO_UTE92_0183
TORONTO_UTE92_STU02305,TORONTO_UTE92_0009
TORONTO_UTE92_STU02305,TORONTO_UTE92_0066
TORONTO_UTE92_STU02305,TORONTO_UTE92_0130
TORONTO_UTE92_STU02305,TORONTO_UTE92_0136
TORONTO_UTE92_STU02305,TORONTO_UTE92_0140
TORONTO_UTE92_STU02306,TORONTO_UTE92_0045
TORONTO_UTE92_STU02306,TORONTO_UTE92_0067
TORONTO_UTE92_STU02306,TORONTO_UTE92_0100
TORONTO_UTE92_STU02306,TORONTO_UTE92_0110
TORONTO_UTE92_STU02306,TORONTO_UTE92_0111
TORONTO_UTE92_STU02307,TORONTO_UTE92_0008
TORONTO_UTE92_STU02307,TORONTO_UTE92_0067
TORONTO_UTE92_STU02307,TORONTO_UTE92_0100
TORONTO_UTE92_STU02307,TORONTO_UTE92_0107
TORONTO_UTE92_STU02307,TORONTO_UTE92_0136
TORONTO_UTE92_STU02308,TORONTO_UTE92_0008
TORONTO_UTE92_STU02308,TORONTO_UTE92_0012
TORONTO_UTE92_STU02308,TORONTO_UTE92_0067
TORONTO_UTE92_STU02308,TORONTO_UTE92_0110
TORONTO_UTE92_STU02308,TORONTO_UTE92_0111
TORONTO_UTE92_STU02309,TORONTO_UTE92_0045
TORONTO_UTE92_STU02309,TORONTO_UTE92_0067
TORONTO_UTE92_STU02309,TORONTO_UTE92_0110
TORONTO_UTE92_STU02309,TORONTO_UTE92_0111
TORONTO_UTE92_STU02309,TORONTO_UTE92_0136
TORONTO_UTE92_STU02310,TORONTO_UTE92_0013
TORONTO_UTE92_STU02310,TORONTO_UTE92_0017
TORONTO_UTE92_STU02310,TORONTO_UTE92_0045
TORONTO_UTE92_STU02310,TORONTO_UTE92_0067
TORONTO_UTE92_STU02310,TORONTO_UTE92_0132
TORONTO_UTE92_STU02311,TORONTO_UTE92_0008
TORONTO_UTE92_STU02311,TORONTO_UTE92_0011
TORONTO_UTE92_STU02311,TORONTO_UTE92_0017
TORONTO_UTE92_STU02311,TORONTO_UTE92_0067
TORONTO_UTE92_STU02311,TORONTO_UTE92_0132
TORONTO_UTE92_STU02312,TORONTO_UTE92_0012
TORONTO_UTE92_STU02312,TORONTO_UTE92_0017
TORONTO_UTE92_STU02312,TORONTO_UTE92_0045
TORONTO_UTE92_STU02312,TORONTO_UTE92_0067
TORONTO_UTE92_STU02312,TORONTO_UTE92_0132
TORONTO_UTE92_STU02313,TORONTO_UTE92_0008
TORONTO_UTE92_STU02313,TORONTO_UTE92_0017
TORONTO_UTE92_STU02313,TORONTO_UTE92_0132
TORONTO_UTE92_STU02314,TORONTO_UTE92_0045
TORONTO_UTE92_STU02314,TORONTO_UTE92_0067
TORONTO_UTE92_STU02314,TORONTO_UTE92_0100
TORONTO_UTE92_STU02314,TORONTO_UTE92_0107
TORONTO_UTE92_STU02314,TORONTO_UTE92_0136
TORONTO_UTE92_STU02315,TORONTO_UTE92_0009
TORONTO_UTE92_STU02315,TORONTO_UTE92_0013
TORONTO_UTE92_STU02315,TORONTO_UTE92_0066
TORONTO_UTE92_STU02315,TORONTO_UTE92_0130
TORONTO_UTE92_STU02315,TORONTO_UTE92_0136
TORONTO_UTE92_STU02316,TORONTO_UTE92_0008
TORONTO_UTE92_STU02316,TORONTO_UTE92_0010
TORONTO_UTE92_STU02316,TORONTO_UTE92_0107
TORONTO_UTE92_STU02316,TORONTO_UTE92_0136
TORONTO_UTE92_STU02317,TORONTO_UTE92_0045
TORONTO_UTE92_STU02317,TORONTO_UTE92_0067
TORONTO_UTE92_STU02317,TORONTO_UTE92_0100
TORONTO_UTE92_STU02317,TORONTO_UTE92_0107
TORONTO_UTE92_STU02317,TORONTO_UTE92_0136
TORONTO_UTE92_STU02318,TORONTO_UTE92_0008
TORONTO_UTE92_STU02318,TORONTO_UTE92_0013
TORONTO_UTE92_STU02318,TORONTO_UTE92_0067
TORONTO_UTE92_STU02318,TORONTO_UTE92_0130
TORONTO_UTE92_STU02318,TORONTO_UTE92_0132
TORONTO_UTE92_STU02319,TORONTO_UTE92_0016
TORONTO_UTE92_STU02319,TORONTO_UTE92_0045
TORONTO_UTE92_STU02319,TORONTO_UTE92_0066
TORONTO_UTE92_STU02319,TORONTO_UTE92_0130
TORONTO_UTE92_STU02319,TORONTO_UTE92_0136
TORONTO_UTE92_STU02320,TORONTO_UTE92_0011
TORONTO_UTE92_STU02320,TORONTO_UTE92_0045
TORONTO_UTE92_STU02320,TORONTO_UTE92_0066
TORONTO_UTE92_STU02320,TORONTO_UTE92_0130
TORONTO_UTE92_STU02320,TORONTO_UTE92_0136
TORONTO_UTE92_STU02321,TORONTO_UTE92_0013
TORONTO_UTE92_STU02321,TORONTO_UTE92_0045
TORONTO_UTE92_STU02321,TORONTO_UTE92_0066
TORONTO_UTE92_STU02321,TORONTO_UTE92_0130
TORONTO_UTE92_STU02321,TORONTO_UTE92_0136
TORONTO_UTE92_STU02322,TORONTO_UTE92_0008
TORONTO_UTE92_STU02322,TORONTO_UTE92_0013
TORONTO_UTE92_STU02322,TORONTO_UTE92_0017
TORONTO_UTE92_STU02322,TORONTO_UTE92_0067
TORONTO_UTE92_STU02322,TORONTO_UTE92_0132
TORONTO_UTE92_STU02323,TORONTO_UTE92_0008
TORONTO_UTE92_STU02323,TORONTO_UTE92_0067
TORONTO_UTE92_STU02323,TORONTO_UTE92_0100
TORONTO_UTE92_STU02323,TORONTO_UTE92_0130
TORONTO_UTE92_STU02323,TORONTO_UTE92_0132
TORONTO_UTE92_STU02324,TORONTO_UTE92_0009
TORONTO_UTE92_STU02324,TORONTO_UTE92_0013
TORONTO_UTE92_STU02324,TORONTO_UTE92_0066
TORONTO_UTE92_STU02324,TORONTO_UTE92_0130
TORONTO_UTE92_STU02324,TORONTO_UTE92_0136
TORONTO_UTE92_STU02325,TORONTO_UTE92_0008
TORONTO_UTE92_STU02325,TORONTO_UTE92_0017
TORONTO_UTE92_STU02325,TORONTO_UTE92_0067
TORONTO_UTE92_STU02325,TORONTO_UTE92_0132
TORONTO_UTE92_STU02325,TORONTO_UTE92_0136
TORONTO_UTE92_STU02326,TORONTO_UTE92_0015
TORONTO_UTE92_STU02326,TORONTO_UTE92_0045
TORONTO_UTE92_STU02326,TORONTO_UTE92_0067
TORONTO_UTE92_STU02326,TORONTO_UTE92_0110
TORONTO_UTE92_STU02326,TORONTO_UTE92_0111
TORONTO_UTE92_STU02327,TORONTO_UTE92_0015
TORONTO_UTE92_STU02327,TORONTO_UTE92_0045
TORONTO_UTE92_STU02327,TORONTO_UTE92_0066
TORONTO_UTE92_STU02327,TORONTO_UTE92_0130
TORONTO_UTE92_STU02327,TORONTO_UTE92_0136
TORONTO_UTE92_STU02328,TORONTO_UTE92_0008
TORONTO_UTE92_STU02328,TORONTO_UTE92_0012
TORONTO_UTE92_STU02328,TORONTO_UTE92_0017
TORONTO_UTE92_STU02328,TORONTO_UTE92_0132
TORONTO_UTE92_STU02329,TORONTO_UTE92_0013
TORONTO_UTE92_STU02329,TORONTO_UTE92_0045
TORONTO_UTE92_STU02329,TORONTO_UTE92_0067
TORONTO_UTE92_STU02329,TORONTO_UTE92_0107
TORONTO_UTE92_STU02329,TORONTO_UTE92_0136
TORONTO_UTE92_STU02330,TORONTO_UTE92_0008
TORONTO_UTE92_STU02330,TORONTO_UTE92_0015
TORONTO_UTE92_STU02330,TORONTO_UTE92_0067
TORONTO_UTE92_STU02330,TORONTO_UTE92_0107
TORONTO_UTE92_STU02330,TORONTO_UTE92_0136
TORONTO_UTE92_STU02331,TORONTO_UTE92_0009
TORONTO_UTE92_STU02331,TORONTO_UTE92_0013
TORONTO_UTE92_STU02331,TORONTO_UTE92_0066
TORONTO_UTE92_STU02331,TORONTO_UTE92_0130
TORONTO_UTE92_STU02331,TORONTO_UTE92_0136
TORONTO_UTE92_STU02332,TORONTO_UTE92_0068
TORONTO_UTE92_STU02332,TORONTO_UTE92_0134
TORONTO_UTE92_STU02332,TORONTO_UTE92_0137
TORONTO_UTE92_STU02332,TORONTO_UTE92_0167
TORONTO_UTE92_STU02333,TORONTO_UTE92_0045
TORONTO_UTE92_STU02333,TORONTO_UTE92_0107
TORONTO_UTE92_STU02333,TORONTO_UTE92_0135
TORONTO_UTE92_STU02334,TORONTO_UTE92_0008
TORONTO_UTE92_STU02334,TORONTO_UTE92_0010
TORONTO_UTE92_STU02334,TORONTO_UTE92_0130
TORONTO_UTE92_STU02334,TORONTO_UTE92_0132
TORONTO_UTE92_STU02334,TORONTO_UTE92_0135
TORONTO_UTE92_STU02335,TORONTO_UTE92_0011
TORONTO_UTE92_STU02335,TORONTO_UTE92_0045
TORONTO_UTE92_STU02335,TORONTO_UTE92_0066
TORONTO_UTE92_STU02335,TORONTO_UTE92_0130
TORONTO_UTE92_STU02335,TORONTO_UTE92_0136
TORONTO_UTE92_STU02336,TORONTO_UTE92_0045
TORONTO_UTE92_STU02336,TORONTO_UTE92_0066
TORONTO_UTE92_STU02336,TORONTO_UTE92_0101
TORONTO_UTE92_STU02336,TORONTO_UTE92_0130
TORONTO_UTE92_STU02336,TORONTO_UTE92_0136
TORONTO_UTE92_STU02337,TORONTO_UTE92_0009
TORONTO_UTE92_STU02337,TORONTO_UTE92_0066
TORONTO_UTE92_STU02337,TORONTO_UTE92_0104
TORONTO_UTE92_STU02337,TORONTO_UTE92_0130
TORONTO_UTE92_STU02337,TORONTO_UTE92_0136
TORONTO_UTE92_STU02338,TORONTO_UTE92_0068
TORONTO_UTE92_STU02338,TORONTO_UTE92_0134
TORONTO_UTE92_STU02338,TORONTO_UTE92_0137
TORONTO_UTE92_STU02338,TORONTO_UTE92_0167
TORONTO_UTE92_STU02338,TORONTO_UTE92_0183
TORONTO_UTE92_STU02339,TORONTO_UTE92_0009
TORONTO_UTE92_STU02339,TORONTO_UTE92_0013
TORONTO_UTE92_STU02339,TORONTO_UTE92_0066
TORONTO_UTE92_STU02339,TORONTO_UTE92_0130
TORONTO_UTE92_STU02339,TORONTO_UTE92_0136
TORONTO_UTE92_STU02340,TORONTO_UTE92_0068
TORONTO_UTE92_STU02340,TORONTO_UTE92_0100
TORONTO_UTE92_STU02340,TORONTO_UTE92_0134
TORONTO_UTE92_STU02340,TORONTO_UTE92_0137
TORONTO_UTE92_STU02340,TORONTO_UTE92_0167
TORONTO_UTE92_STU02341,TORONTO_UTE92_0008
TORONTO_UTE92_STU02341,TORONTO_UTE92_0017
TORONTO_UTE92_STU02341,TORONTO_UTE92_0067
TORONTO_UTE92_STU02341,TORONTO_UTE92_0100
TORONTO_UTE92_STU02341,TORONTO_UTE92_0132
TORONTO_UTE92_STU02342,TORONTO_UTE92_0011
TORONTO_UTE92_STU02342,TORONTO_UTE92_0045
TORONTO_UTE92_STU02342,TORONTO_UTE92_0067
TORONTO_UTE92_STU02342,TORONTO_UTE92_0110
TORONTO_UTE92_STU02342,TORONTO_UTE92_0111
TORONTO_UTE92_STU02343,TORONTO_UTE92_0009
TORONTO_UTE92_STU02343,TORONTO_UTE92_0011
TORONTO_UTE92_STU02343,TORONTO_UTE92_0066
TORONTO_UTE92_STU02343,TORONTO_UTE92_0130
TORONTO_UTE92_STU02343,TORONTO_UTE92_0136
TORONTO_UTE92_STU02344,TORONTO_UTE92_0008
TORONTO_UTE92_STU02344,TORONTO_UTE92_0013
TORONTO_UTE92_STU02344,TORONTO_UTE92_0017
TORONTO_UTE92_STU02344,TORONTO_UTE92_0067
TORONTO_UTE92_STU02344,TORONTO_UTE92_0132
TORONTO_UTE92_STU02345,TORONTO_UTE92_0009
TORONTO_UTE92_STU02345,TORONTO_UTE92_0011
TORONTO_UTE92_STU02345,TORONTO_UTE92_0066
TORONTO_UTE92_STU02345,TORONTO_UTE92_0130
TORONTO_UTE92_STU02345,TORONTO_UTE92_0136
TORONTO_UTE92_STU02346,TORONTO_UTE92_0015
TORONTO_UTE92_STU02346,TORONTO_UTE92_0068
TORONTO_UTE92_STU02346,TORONTO_UTE92_0134
TORONTO_UTE92_STU02346,TORONTO_UTE92_0137
TORONTO_UTE92_STU02346,TORONTO_UTE92_0167
TORONTO_UTE92_STU02347,TORONTO_UTE92_0015
TORONTO_UTE92_STU02347,TORONTO_UTE92_0046
TORONTO_UTE92_STU02347,TORONTO_UTE92_0068
TORONTO_UTE92_STU02347,TORONTO_UTE92_0134
TORONTO_UTE92_STU02347,TORONTO_UTE92_0137
TORONTO_UTE92_STU02348,TORONTO_UTE92_0015
TORONTO_UTE92_STU02348,TORONTO_UTE92_0046
TORONTO_UTE92_STU02348,TORONTO_UTE92_0068
TORONTO_UTE92_STU02348,TORONTO_UTE92_0134
TORONTO_UTE92_STU02348,TORONTO_UTE92_0137
TORONTO_UTE92_STU02349,TORONTO_UTE92_0009
TORONTO_UTE92_STU02349,TORONTO_UTE92_0012
TORONTO_UTE92_STU02349,TORONTO_UTE92_0066
TORONTO_UTE92_STU02349,TORONTO_UTE92_0130
TORONTO_UTE92_STU02349,TORONTO_UTE92_0136
TORONTO_UTE92_STU02350,TORONTO_UTE92_0045
TORONTO_UTE92_STU02350,TORONTO_UTE92_0066
TORONTO_UTE92_STU02350,TORONTO_UTE92_0100
TORONTO_UTE92_STU02350,TORONTO_UTE92_0130
TORONTO_UTE92_STU02350,TORONTO_UTE92_0136
TORONTO_UTE92_STU02351,TORONTO_UTE92_0046
TORONTO_UTE92_STU02351,TORONTO_UTE92_0068
TORONTO_UTE92_STU02351,TORONTO_UTE92_0100
TORONTO_UTE92_STU02351,TORONTO_UTE92_0134
TORONTO_UTE92_STU02351,TORONTO_UTE92_0137
TORONTO_UTE92_STU02352,TORONTO_UTE92_0010
TORONTO_UTE92_STU02352,TORONTO_UTE92_0068
TORONTO_UTE92_STU02352,TORONTO_UTE92_0134
TORONTO_UTE92_STU02352,TORONTO_UTE92_0137
TORONTO_UTE92_STU02352,TORONTO_UTE92_0167
TORONTO_UTE92_STU02353,TORONTO_UTE92_0017
TORONTO_UTE92_STU02353,TORONTO_UTE92_0045
TORONTO_UTE92_STU02353,TORONTO_UTE92_0067
TORONTO_UTE92_STU02353,TORONTO_UTE92_0132
TORONTO_UTE92_STU02353,TORONTO_UTE92_0136
TORONTO_UTE92_STU02354,TORONTO_UTE92_0017
TORONTO_UTE92_STU02354,TORONTO_UTE92_0045
TORONTO_UTE92_STU02354,TORONTO_UTE92_0067
TORONTO_UTE92_STU02354,TORONTO_UTE92_0132
TORONTO_UTE92_STU02354,TORONTO_UTE92_0136
TORONTO_UTE92_STU02355,TORONTO_UTE92_0009
TORONTO_UTE92_STU02355,TORONTO_UTE92_0066
TORONTO_UTE92_STU02355,TORONTO_UTE92_0100
TORONTO_UTE92_STU02355,TORONTO_UTE92_0130
TORONTO_UTE92_STU02355,TORONTO_UTE92_0136
TORONTO_UTE92_STU02356,TORONTO_UTE92_0009
TORONTO_UTE92_STU02356,TORONTO_UTE92_0011
TORONTO_UTE92_STU02356,TORONTO_UTE92_0066
TORONTO_UTE92_STU02356,TORONTO_UTE92_0130
TORONTO_UTE92_STU02356,TORONTO_UTE92_0136
TORONTO_UTE92_STU02357,TORONTO_UTE92_0015
TORONTO_UTE92_STU02357,TORONTO_UTE92_0046
TORONTO_UTE92_STU02357,TORONTO_UTE92_0068
TORONTO_UTE92_STU02357,TORONTO_UTE92_0134
TORONTO_UTE92_STU02357,TORONTO_UTE92_0137
TORONTO_UTE92_STU02358,TORONTO_UTE92_0015
TORONTO_UTE92_STU02358,TORONTO_UTE92_0068
TORONTO_UTE92_STU02358,TORONTO_UTE92_0134
TORONTO_UTE92_STU02358,TORONTO_UTE92_0137
TORONTO_UTE92_STU02358,TORONTO_UTE92_0167
TORONTO_UTE92_STU02359,TORONTO_UTE92_0015
TORONTO_UTE92_STU02359,TORONTO_UTE92_0068
TORONTO_UTE92_STU02359,TORONTO_UTE92_0134
TORONTO_UTE92_STU02359,TORONTO_UTE92_0137
TORONTO_UTE92_STU02359,TORONTO_UTE92_0167
TORONTO_UTE92_STU02360,TORONTO_UTE92_0008
TORONTO_UTE92_STU02360,TORONTO_UTE92_0067
TORONTO_UTE92_STU02360,TORONTO_UTE92_0107
TORONTO_UTE92_STU02360,TORONTO_UTE92_0136
TORONTO_UTE92_STU02360,TORONTO_UTE92_0140
TORONTO_UTE92_STU02361,TORONTO_UTE92_0068
TORONTO_UTE92_STU02361,TORONTO_UTE92_0103
TORONTO_UTE92_STU02361,TORONTO_UTE92_0134
TORONTO_UTE92_STU02361,TORONTO_UTE92_0137
TORONTO_UTE92_STU02361,TORONTO_UTE92_0167
TORONTO_UTE92_STU02362,TORONTO_UTE92_0009
TORONTO_UTE92_STU02362,TORONTO_UTE92_0066
TORONTO_UTE92_STU02362,TORONTO_UTE92_0130
TORONTO_UTE92_STU02362,TORONTO_UTE92_0136
TORONTO_UTE92_STU02362,TORONTO_UTE92_0140
TORONTO_UTE92_STU02363,TORONTO_UTE92_0068
TORONTO_UTE92_STU02363,TORONTO_UTE92_0134
TORONTO_UTE92_STU02363,TORONTO_UTE92_0137
TORONTO_UTE92_STU02363,TORONTO_UTE92_0167
TORONTO_UTE92_STU02364,TORONTO_UTE92_0015
TORONTO_UTE92_STU02364,TORONTO_UTE92_0068
TORONTO_UTE92_STU02364,TORONTO_UTE92_0134
TORONTO_UTE92_STU02364,TORONTO_UTE92_0137
TORONTO_UTE92_STU02364,TORONTO_UTE92_0167
TORONTO_UTE92_STU02365,TORONTO_UTE92_0010
TORONTO_UTE92_STU02365,TORONTO_UTE92_0045
TORONTO_UTE92_STU02365,TORONTO_UTE92_0066
TORONTO_UTE92_STU02365,TORONTO_UTE92_0130
TORONTO_UTE92_STU02365,TORONTO_UTE92_0136
TORONTO_UTE92_STU02366,TORONTO_UTE92_0009
TORONTO_UTE92_STU02366,TORONTO_UTE92_0012
TORONTO_UTE92_STU02366,TORONTO_UTE92_0066
TORONTO_UTE92_STU02366,TORONTO_UTE92_0130
TORONTO_UTE92_STU02366,TORONTO_UTE92_0136
TORONTO_UTE92_STU02367,TORONTO_UTE92_0068
TORONTO_UTE92_STU02367,TORONTO_UTE92_0134
TORONTO_UTE92_STU02367,TORONTO_UTE92_0137
TORONTO_UTE92_STU02367,TORONTO_UTE92_0167
TORONTO_UTE92_STU02367,TORONTO_UTE92_0183
TORONTO_UTE92_STU02368,TORONTO_UTE92_0046
TORONTO_UTE92_STU02368,TORONTO_UTE92_0068
TORONTO_UTE92_STU02368,TORONTO_UTE92_0102
TORONTO_UTE92_STU02368,TORONTO_UTE92_0134
TORONTO_UTE92_STU02368,TORONTO_UTE92_0137
TORONTO_UTE92_STU02369,TORONTO_UTE92_0046
TORONTO_UTE92_STU02369,TORONTO_UTE92_0068
TORONTO_UTE92_STU02369,TORONTO_UTE92_0134
TORONTO_UTE92_STU02369,TORONTO_UTE92_0137
TORONTO_UTE92_STU02369,TORONTO_UTE92_0183
TORONTO_UTE92_STU02370,TORONTO_UTE92_0008
TORONTO_UTE92_STU02370,TORONTO_UTE92_0130
TORONTO_UTE92_STU02370,TORONTO_UTE92_0132
TORONTO_UTE92_STU02370,TORONTO_UTE92_0135
TORONTO_UTE92_STU02371,TORONTO_UTE92_0045
TORONTO_UTE92_STU02371,TORONTO_UTE92_0067
TORONTO_UTE92_STU02371,TORONTO_UTE92_0110
TORONTO_UTE92_STU02371,TORONTO_UTE92_0111
TORONTO_UTE92_STU02371,TORONTO_UTE92_0136
TORONTO_UTE92_STU02372,TORONTO_UTE92_0017
TORONTO_UTE92_STU02372,TORONTO_UTE92_0045
TORONTO_UTE92_STU02372,TORONTO_UTE92_0067
TORONTO_UTE92_STU02372,TORONTO_UTE92_0100
TORONTO_UTE92_STU02372,TORONTO_UTE92_0132
TORONTO_UTE92_STU02373,TORONTO_UTE92_0009
TORONTO_UTE92_STU02373,TORONTO_UTE92_0066
TORONTO_UTE92_STU02373,TORONTO_UTE92_0100
TORONTO_UTE92_STU02373,TORONTO_UTE92_0130
TORONTO_UTE92_STU02373,TORONTO_UTE92_0136
TORONTO_UTE92_STU02374,TORONTO_UTE92_0008
TORONTO_UTE92_STU02374,TORONTO_UTE92_0067
TORONTO_UTE92_STU02374,TORONTO_UTE92_0110
TORONTO_UTE92_STU02374,TORONTO_UTE92_0111
TORONTO_UTE92_STU02374,TORONTO_UTE92_0136
TORONTO_UTE92_STU02375,TORONTO_UTE92_0045
TORONTO_UTE92_STU02375,TORONTO_UTE92_0066
TORONTO_UTE92_STU02375,TORONTO_UTE92_0100
TORONTO_UTE92_STU02375,TORONTO_UTE92_0130
TORONTO_UTE92_STU02375,TORONTO_UTE92_0136
TORONTO_UTE92_STU02376,TORONTO_UTE92_0045
TORONTO_UTE92_STU02376,TORONTO_UTE92_0067
TORONTO_UTE92_STU02376,TORONTO_UTE92_0107
TORONTO_UTE92_STU02376,TORONTO_UTE92_0136
TORONTO_UTE92_STU02376,TORONTO_UTE92_0140
TORONTO_UTE92_STU02377,TORONTO_UTE92_0015
TORONTO_UTE92_STU02377,TORONTO_UTE92_0045
TORONTO_UTE92_STU02377,TORONTO_UTE92_0066
TORONTO_UTE92_STU02377,TORONTO_UTE92_0130
TORONTO_UTE92_STU02377,TORONTO_UTE92_0136
TORONTO_UTE92_STU02378,TORONTO_UTE92_0045
TORONTO_UTE92_STU02378,TORONTO_UTE92_0067
TORONTO_UTE92_STU02378,TORONTO_UTE92_0100
TORONTO_UTE92_STU02378,TORONTO_UTE92_0110
TORONTO_UTE92_STU02378,TORONTO_UTE92_0111
TORONTO_UTE92_STU02379,TORONTO_UTE92_0045
TORONTO_UTE92_STU02379,TORONTO_UTE92_0067
TORONTO_UTE92_STU02379,TORONTO_UTE92_0130
TORONTO_UTE92_STU02379,TORONTO_UTE92_0132
TORONTO_UTE92_STU02379,TORONTO_UTE92_0136
TORONTO_UTE92_STU02380,TORONTO_UTE92_0016
TORONTO_UTE92_STU02380,TORONTO_UTE92_0017
TORONTO_UTE92_STU02380,TORONTO_UTE92_0045
TORONTO_UTE92_STU02380,TORONTO_UTE92_0067
TORONTO_UTE92_STU02380,TORONTO_UTE92_0132
TORONTO_UTE92_STU02381,TORONTO_UTE92_0067
TORONTO_UTE92_STU02381,TORONTO_UTE92_0132
TORONTO_UTE92_STU02382,TORONTO_UTE92_0015
TORONTO_UTE92_STU02382,TORONTO_UTE92_0045
TORONTO_UTE92_STU02382,TORONTO_UTE92_0067
TORONTO_UTE92_STU02382,TORONTO_UTE92_0107
TORONTO_UTE92_STU02382,TORONTO_UTE92_0136
TORONTO_UTE92_STU02383,TORONTO_UTE92_0017
TORONTO_UTE92_STU02383,TORONTO_UTE92_0045
TORONTO_UTE92_STU02383,TORONTO_UTE92_0132
TORONTO_UTE92_STU02383,TORONTO_UTE92_0135
TORONTO_UTE92_STU02384,TORONTO_UTE92_0068
TORONTO_UTE92_STU02384,TORONTO_UTE92_0134
TORONTO_UTE92_STU02384,TORONTO_UTE92_0137
TORONTO_UTE92_STU02384,TORONTO_UTE92_0167
TORONTO_UTE92_STU02384,TORONTO_UTE92_0183
TORONTO_UTE92_STU02385,TORONTO_UTE92_0008
TORONTO_UTE92_STU02385,TORONTO_UTE92_0011
TORONTO_UTE92_STU02385,TORONTO_UTE92_0017
TORONTO_UTE92_STU02385,TORONTO_UTE92_0067
TORONTO_UTE92_STU02385,TORONTO_UTE92_0132
TORONTO_UTE92_STU02386,TORONTO_UTE92_0009
TORONTO_UTE92_STU02386,TORONTO_UTE92_0010
TORONTO_UTE92_STU02386,TORONTO_UTE92_0066
TORONTO_UTE92_STU02386,TORONTO_UTE92_0130
TORONTO_UTE92_STU02386,TORONTO_UTE92_0136
TORONTO_UTE92_STU02387,TORONTO_UTE92_0068
TORONTO_UTE92_STU02387,TORONTO_UTE92_0134
TORONTO_UTE92_STU02387,TORONTO_UTE92_0137
TORONTO_UTE92_STU02387,TORONTO_UTE92_0167
TORONTO_UTE92_STU02387,TORONTO_UTE92_0183
TORONTO_UTE92_STU02388,TORONTO_UTE92_0010
TORONTO_UTE92_STU02388,TORONTO_UTE92_0045
TORONTO_UTE92_STU02388,TORONTO_UTE92_0066
TORONTO_UTE92_STU02388,TORONTO_UTE92_0130
TORONTO_UTE92_STU02388,TORONTO_UTE92_0136
TORONTO_UTE92_STU02389,TORONTO_UTE92_0008
TORONTO_UTE92_STU02389,TORONTO_UTE92_0045
TORONTO_UTE92_STU02389,TORONTO_UTE92_0067
TORONTO_UTE92_STU02389,TORONTO_UTE92_0104
TORONTO_UTE92_STU02389,TORONTO_UTE92_0110
TORONTO_UTE92_STU02389,TORONTO_UTE92_0111
TORONTO_UTE92_STU02390,TORONTO_UTE92_0017
TORONTO_UTE92_STU02390,TORONTO_UTE92_0045
TORONTO_UTE92_STU02390,TORONTO_UTE92_0132
TORONTO_UTE92_STU02390,TORONTO_UTE92_0135
TORONTO_UTE92_STU02391,TORONTO_UTE92_0045
TORONTO_UTE92_STU02391,TORONTO_UTE92_0066
TORONTO_UTE92_STU02391,TORONTO_UTE92_0130
TORONTO_UTE92_STU02391,TORONTO_UTE92_0136
TORONTO_UTE92_STU02391,TORONTO_UTE92_0140
TORONTO_UTE92_STU02392,TORONTO_UTE92_0010
TORONTO_UTE92_STU02392,TORONTO_UTE92_0068
TORONTO_UTE92_STU02392,TORONTO_UTE92_0134
TORONTO_UTE92_STU02392,TORONTO_UTE92_0137
TORONTO_UTE92_STU02392,TORONTO_UTE92_0167
TORONTO_UTE92_STU02393,TORONTO_UTE92_0015
TORONTO_UTE92_STU02393,TORONTO_UTE92_0045
TORONTO_UTE92_STU02393,TORONTO_UTE92_0066
TORONTO_UTE92_STU02393,TORONTO_UTE92_0130
TORONTO_UTE92_STU02393,TORONTO_UTE92_0136
TORONTO_UTE92_STU02394,TORONTO_UTE92_0013
TORONTO_UTE92_STU02394,TORONTO_UTE92_0017
TORONTO_UTE92_STU02394,TORONTO_UTE92_0045
TORONTO_UTE92_STU02394,TORONTO_UTE92_0067
TORONTO_UTE92_STU02394,TORONTO_UTE92_0132
TORONTO_UTE92_STU02395,TORONTO_UTE92_0068
TORONTO_UTE92_STU02395,TORONTO_UTE92_0104
TORONTO_UTE92_STU02395,TORONTO_UTE92_0134
TORONTO_UTE92_STU02395,TORONTO_UTE92_0137
TORONTO_UTE92_STU02395,TORONTO_UTE92_0167
TORONTO_UTE92_STU02396,TORONTO_UTE92_0008
TORONTO_UTE92_STU02396,TORONTO_UTE92_0067
TORONTO_UTE92_STU02396,TORONTO_UTE92_0107
TORONTO_UTE92_STU02396,TORONTO_UTE92_0136
TORONTO_UTE92_STU02396,TORONTO_UTE92_0140
TORONTO_UTE92_STU02397,TORONTO_UTE92_0017
TORONTO_UTE92_STU02397,TORONTO_UTE92_0045
TORONTO_UTE92_STU02397,TORONTO_UTE92_0067
TORONTO_UTE92_STU02397,TORONTO_UTE92_0132
TORONTO_UTE92_STU02397,TORONTO_UTE92_0136
TORONTO_UTE92_STU02398,TORONTO_UTE92_0008
TORONTO_UTE92_STU02398,TORONTO_UTE92_0013
TORONTO_UTE92_STU02398,TORONTO_UTE92_0067
TORONTO_UTE92_STU02398,TORONTO_UTE92_0110
TORONTO_UTE92_STU02398,TORONTO_UTE92_0111
TORONTO_UTE92_STU02398,TORONTO_UTE92_0135
TORONTO_UTE92_STU02399,TORONTO_UTE92_0068
TORONTO_UTE92_STU02399,TORONTO_UTE92_0134
TORONTO_UTE92_STU02399,TORONTO_UTE92_0137
TORONTO_UTE92_STU02399,TORONTO_UTE92_0167
TORONTO_UTE92_STU02400,TORONTO_UTE92_0010
TORONTO_UTE92_STU02400,TORONTO_UTE92_0045
TORONTO_UTE92_STU02400,TORONTO_UTE92_0067
TORONTO_UTE92_STU02400,TORONTO_UTE92_0110
TORONTO_UTE92_STU02400,TORONTO_UTE92_0111
TORONTO_UTE92_STU02401,TORONTO_UTE92_0017
TORONTO_UTE92_STU02401,TORONTO_UTE92_0045
TORONTO_UTE92_STU02401,TORONTO_UTE92_0067
TORONTO_UTE92_STU02401,TORONTO_UTE92_0132
TORONTO_UTE92_STU02401,TORONTO_UTE92_0136
TORONTO_UTE92_STU02402,TORONTO_UTE92_0045
TORONTO_UTE92_STU02402,TORONTO_UTE92_0067
TORONTO_UTE92_STU02402,TORONTO_UTE92_0110
TORONTO_UTE92_STU02402,TORONTO_UTE92_0111
TORONTO_UTE92_STU02402,TORONTO_UTE92_0136
TORONTO_UTE92_STU02403,TORONTO_UTE92_0015
TORONTO_UTE92_STU02403,TORONTO_UTE92_0017
TORONTO_UTE92_STU02403,TORONTO_UTE92_0045
TORONTO_UTE92_STU02403,TORONTO_UTE92_0067
TORONTO_UTE92_STU02403,TORONTO_UTE92_0132
TORONTO_UTE92_STU02404,TORONTO_UTE92_0011
TORONTO_UTE92_STU02404,TORONTO_UTE92_0045
TORONTO_UTE92_STU02404,TORONTO_UTE92_0066
TORONTO_UTE92_STU02404,TORONTO_UTE92_0130
TORONTO_UTE92_STU02404,TORONTO_UTE92_0136
TORONTO_UTE92_STU02405,TORONTO_UTE92_0008
TORONTO_UTE92_STU02405,TORONTO_UTE92_0067
TORONTO_UTE92_STU02405,TORONTO_UTE92_0100
TORONTO_UTE92_STU02405,TORONTO_UTE92_0130
TORONTO_UTE92_STU02405,TORONTO_UTE92_0132
TORONTO_UTE92_STU02406,TORONTO_UTE92_0008
TORONTO_UTE92_STU02406,TORONTO_UTE92_0017
TORONTO_UTE92_STU02406,TORONTO_UTE92_0067
TORONTO_UTE92_STU02406,TORONTO_UTE92_0132
TORONTO_UTE92_STU02406,TORONTO_UTE92_0136
TORONTO_UTE92_STU02407,TORONTO_UTE92_0009
TORONTO_UTE92_STU02407,TORONTO_UTE92_0013
TORONTO_UTE92_STU02407,TORONTO_UTE92_0066
TORONTO_UTE92_STU02407,TORONTO_UTE92_0130
TORONTO_UTE92_STU02407,TORONTO_UTE92_0136
TORONTO_UTE92_STU02408,TORONTO_UTE92_0009
TORONTO_UTE92_STU02408,TORONTO_UTE92_0011
TORONTO_UTE92_STU02408,TORONTO_UTE92_0066
TORONTO_UTE92_STU02408,TORONTO_UTE92_0130
TORONTO_UTE92_STU02408,TORONTO_UTE92_0136
TORONTO_UTE92_STU02409,TORONTO_UTE92_0009
TORONTO_UTE92_STU02409,TORONTO_UTE92_0066
TORONTO_UTE92_STU02409,TORONTO_UTE92_0109
TORONTO_UTE92_STU02409,TORONTO_UTE92_0130
TORONTO_UTE92_STU02409,TORONTO_UTE92_0136
TORONTO_UTE92_STU02410,TORONTO_UTE92_0045
TORONTO_UTE92_STU02410,TORONTO_UTE92_0067
TORONTO_UTE92_STU02410,TORONTO_UTE92_0100
TORONTO_UTE92_STU02410,TORONTO_UTE92_0110
TORONTO_UTE92_STU02410,TORONTO_UTE92_0111
TORONTO_UTE92_STU02411,TORONTO_UTE92_0009
TORONTO_UTE92_STU02411,TORONTO_UTE92_0066
TORONTO_UTE92_STU02411,TORONTO_UTE92_0100
TORONTO_UTE92_STU02411,TORONTO_UTE92_0130
TORONTO_UTE92_STU02411,TORONTO_UTE92_0136
TORONTO_UTE92_STU02412,TORONTO_UTE92_0009
TORONTO_UTE92_STU02412,TORONTO_UTE92_0066
TORONTO_UTE92_STU02412,TORONTO_UTE92_0130
TORONTO_UTE92_STU02412,TORONTO_UTE92_0136
TORONTO_UTE92_STU02412,TORONTO_UTE92_0140
TORONTO_UTE92_STU02413,TORONTO_UTE92_0011
TORONTO_UTE92_STU02413,TORONTO_UTE92_0045
TORONTO_UTE92_STU02413,TORONTO_UTE92_0067
TORONTO_UTE92_STU02413,TORONTO_UTE92_0107
TORONTO_UTE92_STU02413,TORONTO_UTE92_0136
TORONTO_UTE92_STU02414,TORONTO_UTE92_0009
TORONTO_UTE92_STU02414,TORONTO_UTE92_0066
TORONTO_UTE92_STU02414,TORONTO_UTE92_0130
TORONTO_UTE92_STU02414,TORONTO_UTE92_0136
TORONTO_UTE92_STU02414,TORONTO_UTE92_0140
TORONTO_UTE92_STU02415,TORONTO_UTE92_0010
TORONTO_UTE92_STU02415,TORONTO_UTE92_0046
TORONTO_UTE92_STU02415,TORONTO_UTE92_0068
TORONTO_UTE92_STU02415,TORONTO_UTE92_0134
TORONTO_UTE92_STU02415,TORONTO_UTE92_0137
TORONTO_UTE92_STU02416,TORONTO_UTE92_0009
TORONTO_UTE92_STU02416,TORONTO_UTE92_0066
TORONTO_UTE92_STU02416,TORONTO_UTE92_0130
TORONTO_UTE92_STU02416,TORONTO_UTE92_0136
TORONTO_UTE92_STU02416,TORONTO_UTE92_0140
TORONTO_UTE92_STU02417,TORONTO_UTE92_0010
TORONTO_UTE92_STU02417,TORONTO_UTE92_0046
TORONTO_UTE92_STU02417,TORONTO_UTE92_0068
TORONTO_UTE92_STU02417,TORONTO_UTE92_0134
TORONTO_UTE92_STU02417,TORONTO_UTE92_0137
TORONTO_UTE92_STU02418,TORONTO_UTE92_0045
TORONTO_UTE92_STU02418,TORONTO_UTE92_0066
TORONTO_UTE92_STU02418,TORONTO_UTE92_0130
TORONTO_UTE92_STU02418,TORONTO_UTE92_0136
TORONTO_UTE92_STU02418,TORONTO_UTE92_0140
TORONTO_UTE92_STU02419,TORONTO_UTE92_0011
TORONTO_UTE92_STU02419,TORONTO_UTE92_0067
TORONTO_UTE92_STU02420,TORONTO_UTE92_0045
TORONTO_UTE92_STU02420,TORONTO_UTE92_0066
TORONTO_UTE92_STU02420,TORONTO_UTE92_0100
TORONTO_UTE92_STU02420,TORONTO_UTE92_0130
TORONTO_UTE92_STU02420,TORONTO_UTE92_0136
TORONTO_UTE92_STU02421,TORONTO_UTE92_0045
TORONTO_UTE92_STU02421,TORONTO_UTE92_0066
TORONTO_UTE92_STU02421,TORONTO_UTE92_0130
TORONTO_UTE92_STU02421,TORONTO_UTE92_0136
TORONTO_UTE92_STU02421,TORONTO_UTE92_0140
TORONTO_UTE92_STU02422,TORONTO_UTE92_0009
TORONTO_UTE92_STU02422,TORONTO_UTE92_0013
TORONTO_UTE92_STU02422,TORONTO_UTE92_0066
TORONTO_UTE92_STU02422,TORONTO_UTE92_0130
TORONTO_UTE92_STU02422,TORONTO_UTE92_0136
TORONTO_UTE92_STU02423,TORONTO_UTE92_0015
TORONTO_UTE92_STU02423,TORONTO_UTE92_0045
TORONTO_UTE92_STU02423,TORONTO_UTE92_0066
TORONTO_UTE92_STU02423,TORONTO_UTE92_0130
TORONTO_UTE92_STU02423,TORONTO_UTE92_0136
TORONTO_UTE92_STU02424,TORONTO_UTE92_0008
TORONTO_UTE92_STU02424,TORONTO_UTE92_0067
TORONTO_UTE92_STU02424,TORONTO_UTE92_0100
TORONTO_UTE92_STU02424,TORONTO_UTE92_0107
TORONTO_UTE92_STU02424,TORONTO_UTE92_0136
TORONTO_UTE92_STU02425,TORONTO_UTE92_0008
TORONTO_UTE92_STU02425,TORONTO_UTE92_0067
TORONTO_UTE92_STU02425,TORONTO_UTE92_0130
TORONTO_UTE92_STU02425,TORONTO_UTE92_0132
TORONTO_UTE92_STU02425,TORONTO_UTE92_0136
TORONTO_UTE92_STU02426,TORONTO_UTE92_0009
TORONTO_UTE92_STU02426,TORONTO_UTE92_0015
TORONTO_UTE92_STU02426,TORONTO_UTE92_0066
TORONTO_UTE92_STU02426,TORONTO_UTE92_0130
TORONTO_UTE92_STU02426,TORONTO_UTE92_0136
TORONTO_UTE92_STU02427,TORONTO_UTE92_0045
TORONTO_UTE92_STU02427,TORONTO_UTE92_0067
TORONTO_UTE92_STU02427,TORONTO_UTE92_0110
TORONTO_UTE92_STU02427,TORONTO_UTE92_0111
TORONTO_UTE92_STU02427,TORONTO_UTE92_0136
TORONTO_UTE92_STU02428,TORONTO_UTE92_0015
TORONTO_UTE92_STU02428,TORONTO_UTE92_0046
TORONTO_UTE92_STU02428,TORONTO_UTE92_0068
TORONTO_UTE92_STU02428,TORONTO_UTE92_0134
TORONTO_UTE92_STU02428,TORONTO_UTE92_0137
TORONTO_UTE92_STU02429,TORONTO_UTE92_0009
TORONTO_UTE92_STU02429,TORONTO_UTE92_0011
TORONTO_UTE92_STU02429,TORONTO_UTE92_0066
TORONTO_UTE92_STU02429,TORONTO_UTE92_0130
TORONTO_UTE92_STU02429,TORONTO_UTE92_0136
TORONTO_UTE92_STU02430,TORONTO_UTE92_0008
TORONTO_UTE92_STU02430,TORONTO_UTE92_0013
TORONTO_UTE92_STU02430,TORONTO_UTE92_0067
TORONTO_UTE92_STU02430,TORONTO_UTE92_0130
TORONTO_UTE92_STU02430,TORONTO_UTE92_0132
TORONTO_UTE92_STU02431,TORONTO_UTE92_0008
TORONTO_UTE92_STU02431,TORONTO_UTE92_0017
TORONTO_UTE92_STU02431,TORONTO_UTE92_0067
TORONTO_UTE92_STU02431,TORONTO_UTE92_0101
TORONTO_UTE92_STU02431,TORONTO_UTE92_0132
TORONTO_UTE92_STU02432,TORONTO_UTE92_0045
TORONTO_UTE92_STU02433,TORONTO_UTE92_0011
TORONTO_UTE92_STU02433,TORONTO_UTE92_0045
TORONTO_UTE92_STU02433,TORONTO_UTE92_0066
TORONTO_UTE92_STU02433,TORONTO_UTE92_0130
TORONTO_UTE92_STU02433,TORONTO_UTE92_0136
TORONTO_UTE92_STU02434,TORONTO_UTE92_0045
TORONTO_UTE92_STU02434,TORONTO_UTE92_0066
TORONTO_UTE92_STU02434,TORONTO_UTE92_0130
TORONTO_UTE92_STU02434,TORONTO_UTE92_0136
TORONTO_UTE92_STU02434,TORONTO_UTE92_0140
TORONTO_UTE92_STU02435,TORONTO_UTE92_0045
TORONTO_UTE92_STU02435,TORONTO_UTE92_0067
TORONTO_UTE92_STU02435,TORONTO_UTE92_0107
TORONTO_UTE92_STU02435,TORONTO_UTE92_0136
TORONTO_UTE92_STU02435,TORONTO_UTE92_0140
TORONTO_UTE92_STU02436,TORONTO_UTE92_0045
TORONTO_UTE92_STU02436,TORONTO_UTE92_0066
TORONTO_UTE92_STU02436,TORONTO_UTE92_0130
TORONTO_UTE92_STU02436,TORONTO_UTE92_0136
TORONTO_UTE92_STU02437,TORONTO_UTE92_0045
TORONTO_UTE92_STU02437,TORONTO_UTE92_0066
TORONTO_UTE92_STU02437,TORONTO_UTE92_0100
TORONTO_UTE92_STU02437,TORONTO_UTE92_0130
TORONTO_UTE92_STU02437,TORONTO_UTE92_0136
TORONTO_UTE92_STU02438,TORONTO_UTE92_0045
TORONTO_UTE92_STU02438,TORONTO_UTE92_0067
TORONTO_UTE92_STU02438,TORONTO_UTE92_0100
TORONTO_UTE92_STU02438,TORONTO_UTE92_0110
TORONTO_UTE92_STU02438,TORONTO_UTE92_0111
TORONTO_UTE92_STU02439,TORONTO_UTE92_0008
TORONTO_UTE92_STU02439,TORONTO_UTE92_0015
TORONTO_UTE92_STU02439,TORONTO_UTE92_0067
TORONTO_UTE92_STU02439,TORONTO_UTE92_0110
TORONTO_UTE92_STU02439,TORONTO_UTE92_0111
TORONTO_UTE92_STU02440,TORONTO_UTE92_0013
TORONTO_UTE92_STU02440,TORONTO_UTE92_0045
TORONTO_UTE92_STU02440,TORONTO_UTE92_0067
TORONTO_UTE92_STU02440,TORONTO_UTE92_0130
TORONTO_UTE92_STU02440,TORONTO_UTE92_0132
TORONTO_UTE92_STU02441,TORONTO_UTE92_0013
TORONTO_UTE92_STU02441,TORONTO_UTE92_0045
TORONTO_UTE92_STU02441,TORONTO_UTE92_0066
TORONTO_UTE92_STU02441,TORONTO_UTE92_0130
TORONTO_UTE92_STU02441,TORONTO_UTE92_0136
TORONTO_UTE92_STU02442,TORONTO_UTE92_0009
TORONTO_UTE92_STU02442,TORONTO_UTE92_0066
TORONTO_UTE92_STU02442,TORONTO_UTE92_0100
TORONTO_UTE92_STU02442,TORONTO_UTE92_0130
TORONTO_UTE92_STU02442,TORONTO_UTE92_0136
TORONTO_UTE92_STU02443,TORONTO_UTE92_0009
TORONTO_UTE92_STU02443,TORONTO_UTE92_0066
TORONTO_UTE92_STU02443,TORONTO_UTE92_0130
TORONTO_UTE92_STU02443,TORONTO_UTE92_0136
TORONTO_UTE92_STU02443,TORONTO_UTE92_0140
TORONTO_UTE92_STU02444,TORONTO_UTE92_0008
TORONTO_UTE92_STU02444,TORONTO_UTE92_0067
TORONTO_UTE92_STU02444,TORONTO_UTE92_0107
TORONTO_UTE92_STU02444,TORONTO_UTE92_0136
TORONTO_UTE92_STU02444,TORONTO_UTE92_0140
TORONTO_UTE92_STU02445,TORONTO_UTE92_0008
TORONTO_UTE92_STU02445,TORONTO_UTE92_0011
TORONTO_UTE92_STU02445,TORONTO_UTE92_0067
TORONTO_UTE92_STU02445,TORONTO_UTE92_0130
TORONTO_UTE92_STU02445,TORONTO_UTE92_0132
TORONTO_UTE92_STU02446,TORONTO_UTE92_0011
TORONTO_UTE92_STU02446,TORONTO_UTE92_0045
TORONTO_UTE92_STU02446,TORONTO_UTE92_0066
TORONTO_UTE92_STU02446,TORONTO_UTE92_0130
TORONTO_UTE92_STU02446,TORONTO_UTE92_0136
TORONTO_UTE92_STU02447,TORONTO_UTE92_0009
TORONTO_UTE92_STU02447,TORONTO_UTE92_0066
TORONTO_UTE92_STU02447,TORONTO_UTE92_0130
TORONTO_UTE92_STU02447,TORONTO_UTE92_0136
TORONTO_UTE92_STU02447,TORONTO_UTE92_0140
TORONTO_UTE92_STU02448,TORONTO_UTE92_0011
TORONTO_UTE92_STU02448,TORONTO_UTE92_0045
TORONTO_UTE92_STU02448,TORONTO_UTE92_0067
TORONTO_UTE92_STU02448,TORONTO_UTE92_0107
TORONTO_UTE92_STU02448,TORONTO_UTE92_0136
TORONTO_UTE92_STU02449,TORONTO_UTE92_0011
TORONTO_UTE92_STU02449,TORONTO_UTE92_0045
TORONTO_UTE92_STU02449,TORONTO_UTE92_0066
TORONTO_UTE92_STU02449,TORONTO_UTE92_0130
TORONTO_UTE92_STU02449,TORONTO_UTE92_0136
TORONTO_UTE92_STU02450,TORONTO_UTE92_0008
TORONTO_UTE92_STU02450,TORONTO_UTE92_0011
TORONTO_UTE92_STU02450,TORONTO_UTE92_0017
TORONTO_UTE92_STU02450,TORONTO_UTE92_0067
TORONTO_UTE92_STU02450,TORONTO_UTE92_0132
TORONTO_UTE92_STU02451,TORONTO_UTE92_0009
TORONTO_UTE92_STU02451,TORONTO_UTE92_0011
TORONTO_UTE92_STU02451,TORONTO_UTE92_0066
TORONTO_UTE92_STU02451,TORONTO_UTE92_0130
TORONTO_UTE92_STU02451,TORONTO_UTE92_0136
TORONTO_UTE92_STU02452,TORONTO_UTE92_0009
TORONTO_UTE92_STU02452,TORONTO_UTE92_0013
TORONTO_UTE92_STU02452,TORONTO_UTE92_0066
TORONTO_UTE92_STU02452,TORONTO_UTE92_0130
TORONTO_UTE92_STU02453,TORONTO_UTE92_0008
TORONTO_UTE92_STU02453,TORONTO_UTE92_0067
TORONTO_UTE92_STU02453,TORONTO_UTE92_0100
TORONTO_UTE92_STU02453,TORONTO_UTE92_0107
TORONTO_UTE92_STU02454,TORONTO_UTE92_0045
TORONTO_UTE92_STU02454,TORONTO_UTE92_0066
TORONTO_UTE92_STU02454,TORONTO_UTE92_0130
TORONTO_UTE92_STU02454,TORONTO_UTE92_0136
TORONTO_UTE92_STU02454,TORONTO_UTE92_0140
TORONTO_UTE92_STU02455,TORONTO_UTE92_0013
TORONTO_UTE92_STU02455,TORONTO_UTE92_0045
TORONTO_UTE92_STU02455,TORONTO_UTE92_0066
TORONTO_UTE92_STU02455,TORONTO_UTE92_0130
TORONTO_UTE92_STU02455,TORONTO_UTE92_0136
TORONTO_UTE92_STU02456,TORONTO_UTE92_0009
TORONTO_UTE92_STU02456,TORONTO_UTE92_0010
TORONTO_UTE92_STU02456,TORONTO_UTE92_0066
TORONTO_UTE92_STU02456,TORONTO_UTE92_0130
TORONTO_UTE92_STU02456,TORONTO_UTE92_0136
TORONTO_UTE92_STU02457,TORONTO_UTE92_0017
TORONTO_UTE92_STU02457,TORONTO_UTE92_0045
TORONTO_UTE92_STU02457,TORONTO_UTE92_0067
TORONTO_UTE92_STU02457,TORONTO_UTE92_0104
TORONTO_UTE92_STU02457,TORONTO_UTE92_0132
TORONTO_UTE92_STU02458,TORONTO_UTE92_0008
TORONTO_UTE92_STU02458,TORONTO_UTE92_0067
TORONTO_UTE92_STU02458,TORONTO_UTE92_0103
TORONTO_UTE92_STU02458,TORONTO_UTE92_0110
TORONTO_UTE92_STU02459,TORONTO_UTE92_0017
TORONTO_UTE92_STU02459,TORONTO_UTE92_0045
TORONTO_UTE92_STU02459,TORONTO_UTE92_0067
TORONTO_UTE92_STU02459,TORONTO_UTE92_0132
TORONTO_UTE92_STU02459,TORONTO_UTE92_0136
TORONTO_UTE92_STU02460,TORONTO_UTE92_0046
TORONTO_UTE92_STU02460,TORONTO_UTE92_0068
TORONTO_UTE92_STU02460,TORONTO_UTE92_0101
TORONTO_UTE92_STU02460,TORONTO_UTE92_0134
TORONTO_UTE92_STU02460,TORONTO_UTE92_0137
TORONTO_UTE92_STU02461,TORONTO_UTE92_0045
TORONTO_UTE92_STU02461,TORONTO_UTE92_0066
TORONTO_UTE92_STU02461,TORONTO_UTE92_0130
TORONTO_UTE92_STU02461,TORONTO_UTE92_0136
TORONTO_UTE92_STU02461,TORONTO_UTE92_0140
TORONTO_UTE92_STU02462,TORONTO_UTE92_0009
TORONTO_UTE92_STU02462,TORONTO_UTE92_0066
TORONTO_UTE92_STU02462,TORONTO_UTE92_0130
TORONTO_UTE92_STU02462,TORONTO_UTE92_0136
TORONTO_UTE92_STU02462,TORONTO_UTE92_0140
TORONTO_UTE92_STU02463,TORONTO_UTE92_0008
TORONTO_UTE92_STU02463,TORONTO_UTE92_0067
TORONTO_UTE92_STU02463,TORONTO_UTE92_0130
TORONTO_UTE92_STU02463,TORONTO_UTE92_0132
TORONTO_UTE92_STU02463,TORONTO_UTE92_0136
TORONTO_UTE92_STU02464,TORONTO_UTE92_0011
TORONTO_UTE92_STU02464,TORONTO_UTE92_0045
TORONTO_UTE92_STU02464,TORONTO_UTE92_0067
TORONTO_UTE92_STU02464,TORONTO_UTE92_0107
TORONTO_UTE92_STU02464,TORONTO_UTE92_0135
TORONTO_UTE92_STU02465,TORONTO_UTE92_0008
TORONTO_UTE92_STU02465,TORONTO_UTE92_0067
TORONTO_UTE92_STU02465,TORONTO_UTE92_0107
TORONTO_UTE92_STU02465,TORONTO_UTE92_0136
TORONTO_UTE92_STU02465,TORONTO_UTE92_0140
TORONTO_UTE92_STU02466,TORONTO_UTE92_0013
TORONTO_UTE92_STU02466,TORONTO_UTE92_0045
TORONTO_UTE92_STU02466,TORONTO_UTE92_0066
TORONTO_UTE92_STU02466,TORONTO_UTE92_0130
TORONTO_UTE92_STU02466,TORONTO_UTE92_0136
TORONTO_UTE92_STU02467,TORONTO_UTE92_0009
TORONTO_UTE92_STU02467,TORONTO_UTE92_0013
TORONTO_UTE92_STU02467,TORONTO_UTE92_0066
TORONTO_UTE92_STU02467,TORONTO_UTE92_0130
TORONTO_UTE92_STU02467,TORONTO_UTE92_0136
TORONTO_UTE92_STU02468,TORONTO_UTE92_0009
TORONTO_UTE92_STU02468,TORONTO_UTE92_0066
TORONTO_UTE92_STU02468,TORONTO_UTE92_0100
TORONTO_UTE92_STU02468,TORONTO_UTE92_0130
TORONTO_UTE92_STU02468,TORONTO_UTE92_0136
TORONTO_UTE92_STU02469,TORONTO_UTE92_0010
TORONTO_UTE92_STU02469,TORONTO_UTE92_0045
TORONTO_UTE92_STU02469,TORONTO_UTE92_0067
TORONTO_UTE92_STU02469,TORONTO_UTE92_0107
TORONTO_UTE92_STU02469,TORONTO_UTE92_0136
TORONTO_UTE92_STU02470,TORONTO_UTE92_0011
TORONTO_UTE92_STU02470,TORONTO_UTE92_0045
TORONTO_UTE92_STU02470,TORONTO_UTE92_0066
TORONTO_UTE92_STU02470,TORONTO_UTE92_0130
TORONTO_UTE92_STU02470,TORONTO_UTE92_0136
TORONTO_UTE92_STU02471,TORONTO_UTE92_0046
TORONTO_UTE92_STU02471,TORONTO_UTE92_0068
TORONTO_UTE92_STU02471,TORONTO_UTE92_0134
TORONTO_UTE92_STU02471,TORONTO_UTE92_0137
TORONTO_UTE92_STU02472,TORONTO_UTE92_0045
TORONTO_UTE92_STU02472,TORONTO_UTE92_0130
TORONTO_UTE92_STU02472,TORONTO_UTE92_0132
TORONTO_UTE92_STU02472,TORONTO_UTE92_0135
TORONTO_UTE92_STU02473,TORONTO_UTE92_0008
TORONTO_UTE92_STU02473,TORONTO_UTE92_0067
TORONTO_UTE92_STU02473,TORONTO_UTE92_0110
TORONTO_UTE92_STU02473,TORONTO_UTE92_0111
TORONTO_UTE92_STU02473,TORONTO_UTE92_0136
TORONTO_UTE92_STU02474,TORONTO_UTE92_0009
TORONTO_UTE92_STU02474,TORONTO_UTE92_0066
TORONTO_UTE92_STU02474,TORONTO_UTE92_0100
TORONTO_UTE92_STU02474,TORONTO_UTE92_0130
TORONTO_UTE92_STU02474,TORONTO_UTE92_0136
TORONTO_UTE92_STU02475,TORONTO_UTE92_0009
TORONTO_UTE92_STU02475,TORONTO_UTE92_0013
TORONTO_UTE92_STU02475,TORONTO_UTE92_0066
TORONTO_UTE92_STU02475,TORONTO_UTE92_0130
TORONTO_UTE92_STU02475,TORONTO_UTE92_0136
TORONTO_UTE92_STU02476,TORONTO_UTE92_0045
TORONTO_UTE92_STU02476,TORONTO_UTE92_0066
TORONTO_UTE92_STU02476,TORONTO_UTE92_0130
TORONTO_UTE92_STU02476,TORONTO_UTE92_0136
TORONTO_UTE92_STU02476,TORONTO_UTE92_0140
TORONTO_UTE92_STU02477,TORONTO_UTE92_0008
TORONTO_UTE92_STU02477,TORONTO_UTE92_0013
TORONTO_UTE92_STU02477,TORONTO_UTE92_0067
TORONTO_UTE92_STU02477,TORONTO_UTE92_0107
TORONTO_UTE92_STU02477,TORONTO_UTE92_0136
TORONTO_UTE92_STU02478,TORONTO_UTE92_0045
TORONTO_UTE92_STU02478,TORONTO_UTE92_0067
TORONTO_UTE92_STU02478,TORONTO_UTE92_0130
TORONTO_UTE92_STU02478,TORONTO_UTE92_0132
TORONTO_UTE92_STU02478,TORONTO_UTE92_0136
TORONTO_UTE92_STU02479,TORONTO_UTE92_0009
TORONTO_UTE92_STU02479,TORONTO_UTE92_0015
TORONTO_UTE92_STU02479,TORONTO_UTE92_0066
TORONTO_UTE92_STU02479,TORONTO_UTE92_0130
TORONTO_UTE92_STU02479,TORONTO_UTE92_0136
TORONTO_UTE92_STU02480,TORONTO_UTE92_0045
TORONTO_UTE92_STU02480,TORONTO_UTE92_0066
TORONTO_UTE92_STU02480,TORONTO_UTE92_0100
TORONTO_UTE92_STU02480,TORONTO_UTE92_0130
TORONTO_UTE92_STU02480,TORONTO_UTE92_0136
TORONTO_UTE92_STU02481,TORONTO_UTE92_0008
TORONTO_UTE92_STU02481,TORONTO_UTE92_0017
TORONTO_UTE92_STU02481,TORONTO_UTE92_0067
TORONTO_UTE92_STU02481,TORONTO_UTE92_0132
TORONTO_UTE92_STU02481,TORONTO_UTE92_0136
TORONTO_UTE92_STU02482,TORONTO_UTE92_0008
TORONTO_UTE92_STU02482,TORONTO_UTE92_0067
TORONTO_UTE92_STU02482,TORONTO_UTE92_0107
TORONTO_UTE92_STU02482,TORONTO_UTE92_0136
TORONTO_UTE92_STU02482,TORONTO_UTE92_0140
TORONTO_UTE92_STU02483,TORONTO_UTE92_0008
TORONTO_UTE92_STU02483,TORONTO_UTE92_0013
TORONTO_UTE92_STU02484,TORONTO_UTE92_0009
TORONTO_UTE92_STU02484,TORONTO_UTE92_0066
TORONTO_UTE92_STU02484,TORONTO_UTE92_0130
TORONTO_UTE92_STU02484,TORONTO_UTE92_0136
TORONTO_UTE92_STU02484,TORONTO_UTE92_0140
TORONTO_UTE92_STU02485,TORONTO_UTE92_0009
TORONTO_UTE92_STU02485,TORONTO_UTE92_0066
TORONTO_UTE92_STU02485,TORONTO_UTE92_0130
TORONTO_UTE92_STU02485,TORONTO_UTE92_0136
TORONTO_UTE92_STU02486,TORONTO_UTE92_0010
TORONTO_UTE92_STU02486,TORONTO_UTE92_0045
TORONTO_UTE92_STU02486,TORONTO_UTE92_0067
TORONTO_UTE92_STU02486,TORONTO_UTE92_0107
TORONTO_UTE92_STU02486,TORONTO_UTE92_0136
TORONTO_UTE92_STU02487,TORONTO_UTE92_0017
TORONTO_UTE92_STU02487,TORONTO_UTE92_0045
TORONTO_UTE92_STU02487,TORONTO_UTE92_0067
TORONTO_UTE92_STU02487,TORONTO_UTE92_0104
TORONTO_UTE92_STU02487,TORONTO_UTE92_0132
TORONTO_UTE92_STU02488,TORONTO_UTE92_0011
TORONTO_UTE92_STU02488,TORONTO_UTE92_0045
TORONTO_UTE92_STU02488,TORONTO_UTE92_0067
TORONTO_UTE92_STU02488,TORONTO_UTE92_0107
TORONTO_UTE92_STU02488,TORONTO_UTE92_0136
TORONTO_UTE92_STU02489,TORONTO_UTE92_0009
TORONTO_UTE92_STU02489,TORONTO_UTE92_0011
TORONTO_UTE92_STU02489,TORONTO_UTE92_0066
TORONTO_UTE92_STU02489,TORONTO_UTE92_0130
TORONTO_UTE92_STU02489,TORONTO_UTE92_0136
TORONTO_UTE92_STU02490,TORONTO_UTE92_0068
TORONTO_UTE92_STU02490,TORONTO_UTE92_0134
TORONTO_UTE92_STU02490,TORONTO_UTE92_0137
TORONTO_UTE92_STU02490,TORONTO_UTE92_0167
TORONTO_UTE92_STU02491,TORONTO_UTE92_0008
TORONTO_UTE92_STU02491,TORONTO_UTE92_0013
TORONTO_UTE92_STU02491,TORONTO_UTE92_0067
TORONTO_UTE92_STU02491,TORONTO_UTE92_0110
TORONTO_UTE92_STU02491,TORONTO_UTE92_0111
TORONTO_UTE92_STU02492,TORONTO_UTE92_0045
TORONTO_UTE92_STU02492,TORONTO_UTE92_0066
TORONTO_UTE92_STU02492,TORONTO_UTE92_0100
TORONTO_UTE92_STU02492,TORONTO_UTE92_0130
TORONTO_UTE92_STU02492,TORONTO_UTE92_0136
TORONTO_UTE92_STU02493,TORONTO_UTE92_0011
TORONTO_UTE92_STU02493,TORONTO_UTE92_0045
TORONTO_UTE92_STU02493,TORONTO_UTE92_0066
TORONTO_UTE92_STU02493,TORONTO_UTE92_0130
TORONTO_UTE92_STU02493,TORONTO_UTE92_0136
TORONTO_UTE92_STU02494,TORONTO_UTE92_0008
TORONTO_UTE92_STU02494,TORONTO_UTE92_0067
TORONTO_UTE92_STU02494,TORONTO_UTE92_0107
TORONTO_UTE92_STU02495,TORONTO_UTE92_0017
TORONTO_UTE92_STU02495,TORONTO_UTE92_0045
TORONTO_UTE92_STU02495,TORONTO_UTE92_0067
TORONTO_UTE92_STU02495,TORONTO_UTE92_0100
TORONTO_UTE92_STU02495,TORONTO_UTE92_0132
TORONTO_UTE92_STU02496,TORONTO_UTE92_0011
TORONTO_UTE92_STU02496,TORONTO_UTE92_0017
TORONTO_UTE92_STU02496,TORONTO_UTE92_0045
TORONTO_UTE92_STU02496,TORONTO_UTE92_0067
TORONTO_UTE92_STU02496,TORONTO_UTE92_0132
TORONTO_UTE92_STU02497,TORONTO_UTE92_0008
TORONTO_UTE92_STU02497,TORONTO_UTE92_0011
TORONTO_UTE92_STU02497,TORONTO_UTE92_0067
TORONTO_UTE92_STU02497,TORONTO_UTE92_0110
TORONTO_UTE92_STU02497,TORONTO_UTE92_0111
TORONTO_UTE92_STU02498,TORONTO_UTE92_0009
TORONTO_UTE92_STU02498,TORONTO_UTE92_0011
TORONTO_UTE92_STU02498,TORONTO_UTE92_0066
TORONTO_UTE92_STU02498,TORONTO_UTE92_0130
TORONTO_UTE92_STU02498,TORONTO_UTE92_0136
TORONTO_UTE92_STU02499,TORONTO_UTE92_0015
TORONTO_UTE92_STU02499,TORONTO_UTE92_0068
TORONTO_UTE92_STU02499,TORONTO_UTE92_0134
TORONTO_UTE92_STU02499,TORONTO_UTE92_0137
TORONTO_UTE92_STU02499,TORONTO_UTE92_0167
TORONTO_UTE92_STU02500,TORONTO_UTE92_0008
TORONTO_UTE92_STU02500,TORONTO_UTE92_0011
TORONTO_UTE92_STU02500,TORONTO_UTE92_0110
TORONTO_UTE92_STU02500,TORONTO_UTE92_0111
TORONTO_UTE92_STU02501,TORONTO_UTE92_0045
TORONTO_UTE92_STU02501,TORONTO_UTE92_0067
TORONTO_UTE92_STU02501,TORONTO_UTE92_0107
TORONTO_UTE92_STU02501,TORONTO_UTE92_0136
TORONTO_UTE92_STU02501,TORONTO_UTE92_0140
TORONTO_UTE92_STU02502,TORONTO_UTE92_0008
TORONTO_UTE92_STU02502,TORONTO_UTE92_0013
TORONTO_UTE92_STU02502,TORONTO_UTE92_0067
TORONTO_UTE92_STU02502,TORONTO_UTE92_0107
TORONTO_UTE92_STU02502,TORONTO_UTE92_0136
TORONTO_UTE92_STU02503,TORONTO_UTE92_0009
TORONTO_UTE92_STU02503,TORONTO_UTE92_0013
TORONTO_UTE92_STU02503,TORONTO_UTE92_0066
TORONTO_UTE92_STU02503,TORONTO_UTE92_0130
TORONTO_UTE92_STU02503,TORONTO_UTE92_0136
TORONTO_UTE92_STU02504,TORONTO_UTE92_0011
TORONTO_UTE92_STU02504,TORONTO_UTE92_0017
TORONTO_UTE92_STU02504,TORONTO_UTE92_0045
TORONTO_UTE92_STU02504,TORONTO_UTE92_0067
TORONTO_UTE92_STU02504,TORONTO_UTE92_0132
TORONTO_UTE92_STU02505,TORONTO_UTE92_0017
TORONTO_UTE92_STU02505,TORONTO_UTE92_0045
TORONTO_UTE92_STU02505,TORONTO_UTE92_0067
TORONTO_UTE92_STU02505,TORONTO_UTE92_0101
TORONTO_UTE92_STU02505,TORONTO_UTE92_0132
TORONTO_UTE92_STU02506,TORONTO_UTE92_0010
TORONTO_UTE92_STU02506,TORONTO_UTE92_0068
TORONTO_UTE92_STU02506,TORONTO_UTE92_0134
TORONTO_UTE92_STU02506,TORONTO_UTE92_0137
TORONTO_UTE92_STU02506,TORONTO_UTE92_0167
TORONTO_UTE92_STU02507,TORONTO_UTE92_0011
TORONTO_UTE92_STU02507,TORONTO_UTE92_0017
TORONTO_UTE92_STU02507,TORONTO_UTE92_0045
TORONTO_UTE92_STU02507,TORONTO_UTE92_0067
TORONTO_UTE92_STU02507,TORONTO_UTE92_0132
TORONTO_UTE92_STU02508,TORONTO_UTE92_0013
TORONTO_UTE92_STU02508,TORONTO_UTE92_0045
TORONTO_UTE92_STU02508,TORONTO_UTE92_0067
TORONTO_UTE92_STU02508,TORONTO_UTE92_0130
TORONTO_UTE92_STU02508,TORONTO_UTE92_0132
TORONTO_UTE92_STU02509,TORONTO_UTE92_0045
TORONTO_UTE92_STU02509,TORONTO_UTE92_0067
TORONTO_UTE92_STU02509,TORONTO_UTE92_0130
TORONTO_UTE92_STU02509,TORONTO_UTE92_0132
TORONTO_UTE92_STU02509,TORONTO_UTE92_0136
TORONTO_UTE92_STU02510,TORONTO_UTE92_0045
TORONTO_UTE92_STU02510,TORONTO_UTE92_0066
TORONTO_UTE92_STU02510,TORONTO_UTE92_0130
TORONTO_UTE92_STU02510,TORONTO_UTE92_0136
TORONTO_UTE92_STU02511,TORONTO_UTE92_0008
TORONTO_UTE92_STU02511,TORONTO_UTE92_0067
TORONTO_UTE92_STU02511,TORONTO_UTE92_0100
TORONTO_UTE92_STU02511,TORONTO_UTE92_0107
TORONTO_UTE92_STU02511,TORONTO_UTE92_0136
TORONTO_UTE92_STU02512,TORONTO_UTE92_0013
TORONTO_UTE92_STU02512,TORONTO_UTE92_0017
TORONTO_UTE92_STU02512,TORONTO_UTE92_0045
TORONTO_UTE92_STU02512,TORONTO_UTE92_0067
TORONTO_UTE92_STU02512,TORONTO_UTE92_0132
TORONTO_UTE92_STU02512,TORONTO_UTE92_0135
TORONTO_UTE92_STU02513,TORONTO_UTE92_0009
TORONTO_UTE92_STU02513,TORONTO_UTE92_0015
TORONTO_UTE92_STU02513,TORONTO_UTE92_0066
TORONTO_UTE92_STU02513,TORONTO_UTE92_0130
TORONTO_UTE92_STU02513,TORONTO_UTE92_0136
TORONTO_UTE92_STU02514,TORONTO_UTE92_0008
TORONTO_UTE92_STU02514,TORONTO_UTE92_0015
TORONTO_UTE92_STU02514,TORONTO_UTE92_0067
TORONTO_UTE92_STU02514,TORONTO_UTE92_0107
TORONTO_UTE92_STU02514,TORONTO_UTE92_0136
TORONTO_UTE92_STU02515,TORONTO_UTE92_0008
TORONTO_UTE92_STU02515,TORONTO_UTE92_0067
TORONTO_UTE92_STU02515,TORONTO_UTE92_0107
TORONTO_UTE92_STU02515,TORONTO_UTE92_0136
TORONTO_UTE92_STU02515,TORONTO_UTE92_0140
TORONTO_UTE92_STU02516,TORONTO_UTE92_0009
TORONTO_UTE92_STU02516,TORONTO_UTE92_0015
TORONTO_UTE92_STU02516,TORONTO_UTE92_0066
TORONTO_UTE92_STU02516,TORONTO_UTE92_0130
TORONTO_UTE92_STU02516,TORONTO_UTE92_0136
TORONTO_UTE92_STU02517,TORONTO_UTE92_0013
TORONTO_UTE92_STU02517,TORONTO_UTE92_0045
TORONTO_UTE92_STU02517,TORONTO_UTE92_0066
TORONTO_UTE92_STU02517,TORONTO_UTE92_0130
TORONTO_UTE92_STU02517,TORONTO_UTE92_0136
TORONTO_UTE92_STU02518,TORONTO_UTE92_0009
TORONTO_UTE92_STU02518,TORONTO_UTE92_0015
TORONTO_UTE92_STU02518,TORONTO_UTE92_0066
TORONTO_UTE92_STU02518,TORONTO_UTE92_0130
TORONTO_UTE92_STU02518,TORONTO_UTE92_0136
TORONTO_UTE92_STU02519,TORONTO_UTE92_0009
TORONTO_UTE92_STU02519,TORONTO_UTE92_0066
TORONTO_UTE92_STU02519,TORONTO_UTE92_0130
TORONTO_UTE92_STU02519,TORONTO_UTE92_0136
TORONTO_UTE92_STU02519,TORONTO_UTE92_0140
TORONTO_UTE92_STU02520,TORONTO_UTE92_0068
TORONTO_UTE92_STU02520,TORONTO_UTE92_0104
TORONTO_UTE92_STU02520,TORONTO_UTE92_0134
TORONTO_UTE92_STU02520,TORONTO_UTE92_0137
TORONTO_UTE92_STU02520,TORONTO_UTE92_0167
TORONTO_UTE92_STU02521,TORONTO_UTE92_0009
TORONTO_UTE92_STU02521,TORONTO_UTE92_0066
TORONTO_UTE92_STU02521,TORONTO_UTE92_0100
TORONTO_UTE92_STU02521,TORONTO_UTE92_0130
TORONTO_UTE92_STU02521,TORONTO_UTE92_0136
TORONTO_UTE92_STU02522,TORONTO_UTE92_0009
TORONTO_UTE92_STU02522,TORONTO_UTE92_0066
TORONTO_UTE92_STU02522,TORONTO_UTE92_0130
TORONTO_UTE92_STU02522,TORONTO_UTE92_0136
TORONTO_UTE92_STU02522,TORONTO_UTE92_0140
TORONTO_UTE92_STU02523,TORONTO_UTE92_0009
TORONTO_UTE92_STU02523,TORONTO_UTE92_0066
TORONTO_UTE92_STU02523,TORONTO_UTE92_0103
TORONTO_UTE92_STU02523,TORONTO_UTE92_0130
TORONTO_UTE92_STU02523,TORONTO_UTE92_0136
TORONTO_UTE92_STU02524,TORONTO_UTE92_0045
TORONTO_UTE92_STU02524,TORONTO_UTE92_0066
TORONTO_UTE92_STU02524,TORONTO_UTE92_0102
TORONTO_UTE92_STU02524,TORONTO_UTE92_0130
TORONTO_UTE92_STU02524,TORONTO_UTE92_0136
TORONTO_UTE92_STU02525,TORONTO_UTE92_0008
TORONTO_UTE92_STU02525,TORONTO_UTE92_0015
TORONTO_UTE92_STU02525,TORONTO_UTE92_0067
TORONTO_UTE92_STU02525,TORONTO_UTE92_0107
TORONTO_UTE92_STU02525,TORONTO_UTE92_0136
TORONTO_UTE92_STU02526,TORONTO_UTE92_0016
TORONTO_UTE92_STU02526,TORONTO_UTE92_0046
TORONTO_UTE92_STU02526,TORONTO_UTE92_0068
TORONTO_UTE92_STU02526,TORONTO_UTE92_0134
TORONTO_UTE92_STU02526,TORONTO_UTE92_0137
TORONTO_UTE92_STU02527,TORONTO_UTE92_0045
TORONTO_UTE92_STU02527,TORONTO_UTE92_0067
TORONTO_UTE92_STU02527,TORONTO_UTE92_0107
TORONTO_UTE92_STU02527,TORONTO_UTE92_0136
TORONTO_UTE92_STU02527,TORONTO_UTE92_0140
TORONTO_UTE92_STU02528,TORONTO_UTE92_0008
TORONTO_UTE92_STU02528,TORONTO_UTE92_0011
TORONTO_UTE92_STU02528,TORONTO_UTE92_0067
TORONTO_UTE92_STU02528,TORONTO_UTE92_0110
TORONTO_UTE92_STU02528,TORONTO_UTE92_0111
TORONTO_UTE92_STU02529,TORONTO_UTE92_0009
TORONTO_UTE92_STU02529,TORONTO_UTE92_0066
TORONTO_UTE92_STU02529,TORONTO_UTE92_0130
TORONTO_UTE92_STU02529,TORONTO_UTE92_0136
TORONTO_UTE92_STU02529,TORONTO_UTE92_0140
TORONTO_UTE92_STU02530,TORONTO_UTE92_0068
TORONTO_UTE92_STU02530,TORONTO_UTE92_0134
TORONTO_UTE92_STU02530,TORONTO_UTE92_0137
TORONTO_UTE92_STU02530,TORONTO_UTE92_0167
TORONTO_UTE92_STU02530,TORONTO_UTE92_0183
TORONTO_UTE92_STU02531,TORONTO_UTE92_0009
TORONTO_UTE92_STU02531,TORONTO_UTE92_0015
TORONTO_UTE92_STU02531,TORONTO_UTE92_0066
TORONTO_UTE92_STU02531,TORONTO_UTE92_0130
TORONTO_UTE92_STU02531,TORONTO_UTE92_0136
TORONTO_UTE92_STU02532,TORONTO_UTE92_0068
TORONTO_UTE92_STU02532,TORONTO_UTE92_0108
TORONTO_UTE92_STU02532,TORONTO_UTE92_0134
TORONTO_UTE92_STU02532,TORONTO_UTE92_0137
TORONTO_UTE92_STU02532,TORONTO_UTE92_0167
TORONTO_UTE92_STU02533,TORONTO_UTE92_0013
TORONTO_UTE92_STU02533,TORONTO_UTE92_0045
TORONTO_UTE92_STU02533,TORONTO_UTE92_0067
TORONTO_UTE92_STU02533,TORONTO_UTE92_0110
TORONTO_UTE92_STU02533,TORONTO_UTE92_0111
TORONTO_UTE92_STU02534,TORONTO_UTE92_0046
TORONTO_UTE92_STU02534,TORONTO_UTE92_0068
TORONTO_UTE92_STU02534,TORONTO_UTE92_0134
TORONTO_UTE92_STU02534,TORONTO_UTE92_0137
TORONTO_UTE92_STU02535,TORONTO_UTE92_0016
TORONTO_UTE92_STU02535,TORONTO_UTE92_0045
TORONTO_UTE92_STU02535,TORONTO_UTE92_0066
TORONTO_UTE92_STU02535,TORONTO_UTE92_0130
TORONTO_UTE92_STU02535,TORONTO_UTE92_0136
TORONTO_UTE92_STU02536,TORONTO_UTE92_0008
TORONTO_UTE92_STU02536,TORONTO_UTE92_0067
TORONTO_UTE92_STU02536,TORONTO_UTE92_0100
TORONTO_UTE92_STU02536,TORONTO_UTE92_0107
TORONTO_UTE92_STU02536,TORONTO_UTE92_0136
TORONTO_UTE92_STU02537,TORONTO_UTE92_0009
TORONTO_UTE92_STU02537,TORONTO_UTE92_0066
TORONTO_UTE92_STU02537,TORONTO_UTE92_0130
TORONTO_UTE92_STU02537,TORONTO_UTE92_0136
TORONTO_UTE92_STU02537,TORONTO_UTE92_0140
TORONTO_UTE92_STU02538,TORONTO_UTE92_0013
TORONTO_UTE92_STU02538,TORONTO_UTE92_0045
TORONTO_UTE92_STU02538,TORONTO_UTE92_0067
TORONTO_UTE92_STU02538,TORONTO_UTE92_0110
TORONTO_UTE92_STU02538,TORONTO_UTE92_0111
TORONTO_UTE92_STU02539,TORONTO_UTE92_0008
TORONTO_UTE92_STU02539,TORONTO_UTE92_0013
TORONTO_UTE92_STU02539,TORONTO_UTE92_0130
TORONTO_UTE92_STU02539,TORONTO_UTE92_0132
TORONTO_UTE92_STU02540,TORONTO_UTE92_0045
TORONTO_UTE92_STU02540,TORONTO_UTE92_0067
TORONTO_UTE92_STU02540,TORONTO_UTE92_0100
TORONTO_UTE92_STU02540,TORONTO_UTE92_0107
TORONTO_UTE92_STU02540,TORONTO_UTE92_0136
TORONTO_UTE92_STU02541,TORONTO_UTE92_0068
TORONTO_UTE92_STU02541,TORONTO_UTE92_0100
TORONTO_UTE92_STU02541,TORONTO_UTE92_0134
TORONTO_UTE92_STU02541,TORONTO_UTE92_0137
TORONTO_UTE92_STU02541,TORONTO_UTE92_0167
TORONTO_UTE92_STU02542,TORONTO_UTE92_0068
TORONTO_UTE92_STU02542,TORONTO_UTE92_0104
TORONTO_UTE92_STU02542,TORONTO_UTE92_0134
TORONTO_UTE92_STU02542,TORONTO_UTE92_0137
TORONTO_UTE92_STU02542,TORONTO_UTE92_0167
TORONTO_UTE92_STU02543,TORONTO_UTE92_0009
TORONTO_UTE92_STU02543,TORONTO_UTE92_0066
TORONTO_UTE92_STU02543,TORONTO_UTE92_0101
TORONTO_UTE92_STU02543,TORONTO_UTE92_0130
TORONTO_UTE92_STU02543,TORONTO_UTE92_0136
TORONTO_UTE92_STU02544,TORONTO_UTE92_0008
TORONTO_UTE92_STU02544,TORONTO_UTE92_0017
TORONTO_UTE92_STU02544,TORONTO_UTE92_0132
TORONTO_UTE92_STU02545,TORONTO_UTE92_0009
TORONTO_UTE92_STU02545,TORONTO_UTE92_0013
TORONTO_UTE92_STU02545,TORONTO_UTE92_0066
TORONTO_UTE92_STU02545,TORONTO_UTE92_0130
TORONTO_UTE92_STU02545,TORONTO_UTE92_0136
TORONTO_UTE92_STU02546,TORONTO_UTE92_0017
TORONTO_UTE92_STU02546,TORONTO_UTE92_0045
TORONTO_UTE92_STU02546,TORONTO_UTE92_0067
TORONTO_UTE92_STU02546,TORONTO_UTE92_0132
TORONTO_UTE92_STU02546,TORONTO_UTE92_0136
TORONTO_UTE92_STU02547,TORONTO_UTE92_0017
TORONTO_UTE92_STU02547,TORONTO_UTE92_0045
TORONTO_UTE92_STU02547,TORONTO_UTE92_0067
TORONTO_UTE92_STU02547,TORONTO_UTE92_0132
TORONTO_UTE92_STU02547,TORONTO_UTE92_0136
TORONTO_UTE92_STU02548,TORONTO_UTE92_0009
TORONTO_UTE92_STU02548,TORONTO_UTE92_0066
TORONTO_UTE92_STU02548,TORONTO_UTE92_0100
TORONTO_UTE92_STU02548,TORONTO_UTE92_0130
TORONTO_UTE92_STU02548,TORONTO_UTE92_0136
TORONTO_UTE92_STU02549,TORONTO_UTE92_0009
TORONTO_UTE92_STU02549,TORONTO_UTE92_0066
TORONTO_UTE92_STU02549,TORONTO_UTE92_0130
TORONTO_UTE92_STU02549,TORONTO_UTE92_0136
TORONTO_UTE92_STU02549,TORONTO_UTE92_0140
TORONTO_UTE92_STU02550,TORONTO_UTE92_0009
TORONTO_UTE92_STU02550,TORONTO_UTE92_0066
TORONTO_UTE92_STU02550,TORONTO_UTE92_0130
TORONTO_UTE92_STU02550,TORONTO_UTE92_0136
TORONTO_UTE92_STU02550,TORONTO_UTE92_0140
TORONTO_UTE92_STU02551,TORONTO_UTE92_0008
TORONTO_UTE92_STU02551,TORONTO_UTE92_0013
TORONTO_UTE92_STU02551,TORONTO_UTE92_0067
TORONTO_UTE92_STU02551,TORONTO_UTE92_0130
TORONTO_UTE92_STU02551,TORONTO_UTE92_0132
TORONTO_UTE92_STU02552,TORONTO_UTE92_0008
TORONTO_UTE92_STU02552,TORONTO_UTE92_0010
TORONTO_UTE92_STU02552,TORONTO_UTE92_0067
TORONTO_UTE92_STU02552,TORONTO_UTE92_0130
TORONTO_UTE92_STU02552,TORONTO_UTE92_0132
TORONTO_UTE92_STU02553,TORONTO_UTE92_0008
TORONTO_UTE92_STU02553,TORONTO_UTE92_0010
TORONTO_UTE92_STU02553,TORONTO_UTE92_0067
TORONTO_UTE92_STU02553,TORONTO_UTE92_0107
TORONTO_UTE92_STU02553,TORONTO_UTE92_0136
TORONTO_UTE92_STU02554,TORONTO_UTE92_0046
TORONTO_UTE92_STU02554,TORONTO_UTE92_0068
TORONTO_UTE92_STU02554,TORONTO_UTE92_0104
TORONTO_UTE92_STU02554,TORONTO_UTE92_0134
TORONTO_UTE92_STU02554,TORONTO_UTE92_0137
TORONTO_UTE92_STU02555,TORONTO_UTE92_0008
TORONTO_UTE92_STU02555,TORONTO_UTE92_0067
TORONTO_UTE92_STU02555,TORONTO_UTE92_0100
TORONTO_UTE92_STU02555,TORONTO_UTE92_0130
TORONTO_UTE92_STU02555,TORONTO_UTE92_0132
TORONTO_UTE92_STU02556,TORONTO_UTE92_0008
TORONTO_UTE92_STU02556,TORONTO_UTE92_0010
TORONTO_UTE92_STU02556,TORONTO_UTE92_0067
TORONTO_UTE92_STU02556,TORONTO_UTE92_0110
TORONTO_UTE92_STU02556,TORONTO_UTE92_0111
TORONTO_UTE92_STU02557,TORONTO_UTE92_0045
TORONTO_UTE92_STU02557,TORONTO_UTE92_0066
TORONTO_UTE92_STU02557,TORONTO_UTE92_0104
TORONTO_UTE92_STU02557,TORONTO_UTE92_0130
TORONTO_UTE92_STU02557,TORONTO_UTE92_0136
TORONTO_UTE92_STU02558,TORONTO_UTE92_0045
TORONTO_UTE92_STU02558,TORONTO_UTE92_0066
TORONTO_UTE92_STU02558,TORONTO_UTE92_0130
TORONTO_UTE92_STU02558,TORONTO_UTE92_0136
TORONTO_UTE92_STU02558,TORONTO_UTE92_0140
TORONTO_UTE92_STU02559,TORONTO_UTE92_0045
TORONTO_UTE92_STU02559,TORONTO_UTE92_0067
TORONTO_UTE92_STU02559,TORONTO_UTE92_0100
TORONTO_UTE92_STU02559,TORONTO_UTE92_0107
TORONTO_UTE92_STU02559,TORONTO_UTE92_0136
TORONTO_UTE92_STU02560,TORONTO_UTE92_0045
TORONTO_UTE92_STU02560,TORONTO_UTE92_0066
TORONTO_UTE92_STU02560,TORONTO_UTE92_0102
TORONTO_UTE92_STU02560,TORONTO_UTE92_0130
TORONTO_UTE92_STU02560,TORONTO_UTE92_0136
TORONTO_UTE92_STU02561,TORONTO_UTE92_0013
TORONTO_UTE92_STU02561,TORONTO_UTE92_0045
TORONTO_UTE92_STU02561,TORONTO_UTE92_0067
TORONTO_UTE92_STU02561,TORONTO_UTE92_0110
TORONTO_UTE92_STU02561,TORONTO_UTE92_0111
TORONTO_UTE92_STU02562,TORONTO_UTE92_0010
TORONTO_UTE92_STU02562,TORONTO_UTE92_0046
TORONTO_UTE92_STU02562,TORONTO_UTE92_0068
TORONTO_UTE92_STU02562,TORONTO_UTE92_0134
TORONTO_UTE92_STU02562,TORONTO_UTE92_0137
TORONTO_UTE92_STU02563,TORONTO_UTE92_0046
TORONTO_UTE92_STU02563,TORONTO_UTE92_0068
TORONTO_UTE92_STU02563,TORONTO_UTE92_0134
TORONTO_UTE92_STU02563,TORONTO_UTE92_0137
TORONTO_UTE92_STU02563,TORONTO_UTE92_0183
TORONTO_UTE92_STU02564,TORONTO_UTE92_0068
TORONTO_UTE92_STU02564,TORONTO_UTE92_0134
TORONTO_UTE92_STU02564,TORONTO_UTE92_0137
TORONTO_UTE92_STU02564,TORONTO_UTE92_0167
TORONTO_UTE92_STU02564,TORONTO_UTE92_0183
TORONTO_UTE92_STU02565,TORONTO_UTE92_0008
TORONTO_UTE92_STU02565,TORONTO_UTE92_0067
TORONTO_UTE92_STU02565,TORONTO_UTE92_0110
TORONTO_UTE92_STU02565,TORONTO_UTE92_0111
TORONTO_UTE92_STU02565,TORONTO_UTE92_0136
TORONTO_UTE92_STU02566,TORONTO_UTE92_0017
TORONTO_UTE92_STU02566,TORONTO_UTE92_0045
TORONTO_UTE92_STU02566,TORONTO_UTE92_0132
TORONTO_UTE92_STU02566,TORONTO_UTE92_0135
TORONTO_UTE92_STU02567,TORONTO_UTE92_0017
TORONTO_UTE92_STU02567,TORONTO_UTE92_0045
TORONTO_UTE92_STU02567,TORONTO_UTE92_0067
TORONTO_UTE92_STU02567,TORONTO_UTE92_0104
TORONTO_UTE92_STU02567,TORONTO_UTE92_0132
TORONTO_UTE92_STU02568,TORONTO_UTE92_0008
TORONTO_UTE92_STU02568,TORONTO_UTE92_0017
TORONTO_UTE92_STU02568,TORONTO_UTE92_0067
TORONTO_UTE92_STU02568,TORONTO_UTE92_0132
TORONTO_UTE92_STU02568,TORONTO_UTE92_0136
TORONTO_UTE92_STU02569,TORONTO_UTE92_0045
TORONTO_UTE92_STU02569,TORONTO_UTE92_0067
TORONTO_UTE92_STU02569,TORONTO_UTE92_0100
TORONTO_UTE92_STU02569,TORONTO_UTE92_0130
TORONTO_UTE92_STU02569,TORONTO_UTE92_0132
TORONTO_UTE92_STU02570,TORONTO_UTE92_0015
TORONTO_UTE92_STU02570,TORONTO_UTE92_0045
TORONTO_UTE92_STU02570,TORONTO_UTE92_0066
TORONTO_UTE92_STU02570,TORONTO_UTE92_0130
TORONTO_UTE92_STU02570,TORONTO_UTE92_0136
TORONTO_UTE92_STU02571,TORONTO_UTE92_0046
TORONTO_UTE92_STU02571,TORONTO_UTE92_0068
TORONTO_UTE92_STU02571,TORONTO_UTE92_0104
TORONTO_UTE92_STU02571,TORONTO_UTE92_0134
TORONTO_UTE92_STU02571,TORONTO_UTE92_0137
TORONTO_UTE92_STU02572,TORONTO_UTE92_0008
TORONTO_UTE92_STU02572,TORONTO_UTE92_0017
TORONTO_UTE92_STU02572,TORONTO_UTE92_0067
TORONTO_UTE92_STU02572,TORONTO_UTE92_0100
TORONTO_UTE92_STU02572,TORONTO_UTE92_0132
TORONTO_UTE92_STU02573,TORONTO_UTE92_0068
TORONTO_UTE92_STU02573,TORONTO_UTE92_0104
TORONTO_UTE92_STU02573,TORONTO_UTE92_0107
TORONTO_UTE92_STU02573,TORONTO_UTE92_0134
TORONTO_UTE92_STU02573,TORONTO_UTE92_0137
TORONTO_UTE92_STU02574,TORONTO_UTE92_0009
TORONTO_UTE92_STU02574,TORONTO_UTE92_0066
TORONTO_UTE92_STU02574,TORONTO_UTE92_0130
TORONTO_UTE92_STU02574,TORONTO_UTE92_0136
TORONTO_UTE92_STU02574,TORONTO_UTE92_0140
TORONTO_UTE92_STU02575,TORONTO_UTE92_0008
TORONTO_UTE92_STU02575,TORONTO_UTE92_0013
TORONTO_UTE92_STU02575,TORONTO_UTE92_0067
TORONTO_UTE92_STU02575,TORONTO_UTE92_0107
TORONTO_UTE92_STU02575,TORONTO_UTE92_0136
TORONTO_UTE92_STU02576,TORONTO_UTE92_0068
TORONTO_UTE92_STU02576,TORONTO_UTE92_0134
TORONTO_UTE92_STU02576,TORONTO_UTE92_0137
TORONTO_UTE92_STU02576,TORONTO_UTE92_0167
TORONTO_UTE92_STU02577,TORONTO_UTE92_0008
TORONTO_UTE92_STU02577,TORONTO_UTE92_0017
TORONTO_UTE92_STU02577,TORONTO_UTE92_0067
TORONTO_UTE92_STU02577,TORONTO_UTE92_0100
TORONTO_UTE92_STU02577,TORONTO_UTE92_0132
TORONTO_UTE92_STU02578,TORONTO_UTE92_0008
TORONTO_UTE92_STU02578,TORONTO_UTE92_0067
TORONTO_UTE92_STU02578,TORONTO_UTE92_0107
TORONTO_UTE92_STU02578,TORONTO_UTE92_0136
TORONTO_UTE92_STU02578,TORONTO_UTE92_0140
TORONTO_UTE92_STU02579,TORONTO_UTE92_0068
TORONTO_UTE92_STU02579,TORONTO_UTE92_0100
TORONTO_UTE92_STU02579,TORONTO_UTE92_0134
TORONTO_UTE92_STU02579,TORONTO_UTE92_0137
TORONTO_UTE92_STU02579,TORONTO_UTE92_0167
TORONTO_UTE92_STU02580,TORONTO_UTE92_0013
TORONTO_UTE92_STU02580,TORONTO_UTE92_0045
TORONTO_UTE92_STU02580,TORONTO_UTE92_0066
TORONTO_UTE92_STU02580,TORONTO_UTE92_0130
TORONTO_UTE92_STU02580,TORONTO_UTE92_0136
TORONTO_UTE92_STU02581,TORONTO_UTE92_0009
TORONTO_UTE92_STU02581,TORONTO_UTE92_0066
TORONTO_UTE92_STU02581,TORONTO_UTE92_0100
TORONTO_UTE92_STU02581,TORONTO_UTE92_0130
TORONTO_UTE92_STU02581,TORONTO_UTE92_0136
TORONTO_UTE92_STU02582,TORONTO_UTE92_0045
TORONTO_UTE92_STU02582,TORONTO_UTE92_0066
TORONTO_UTE92_STU02582,TORONTO_UTE92_0100
TORONTO_UTE92_STU02582,TORONTO_UTE92_0130
TORONTO_UTE92_STU02582,TORONTO_UTE92_0136
TORONTO_UTE92_STU02583,TORONTO_UTE92_0008
TORONTO_UTE92_STU02583,TORONTO_UTE92_0013
TORONTO_UTE92_STU02583,TORONTO_UTE92_0067
TORONTO_UTE92_STU02583,TORONTO_UTE92_0107
TORONTO_UTE92_STU02583,TORONTO_UTE92_0136
TORONTO_UTE92_STU02584,TORONTO_UTE92_0045
TORONTO_UTE92_STU02584,TORONTO_UTE92_0066
TORONTO_UTE92_STU02584,TORONTO_UTE92_0100
TORONTO_UTE92_STU02584,TORONTO_UTE92_0130
TORONTO_UTE92_STU02584,TORONTO_UTE92_0136
TORONTO_UTE92_STU02585,TORONTO_UTE92_0008
TORONTO_UTE92_STU02585,TORONTO_UTE92_0011
TORONTO_UTE92_STU02585,TORONTO_UTE92_0067
TORONTO_UTE92_STU02585,TORONTO_UTE92_0110
TORONTO_UTE92_STU02585,TORONTO_UTE92_0111
TORONTO_UTE92_STU02586,TORONTO_UTE92_0045
TORONTO_UTE92_STU02586,TORONTO_UTE92_0066
TORONTO_UTE92_STU02586,TORONTO_UTE92_0130
TORONTO_UTE92_STU02586,TORONTO_UTE92_0136
TORONTO_UTE92_STU02586,TORONTO_UTE92_0140
TORONTO_UTE92_STU02587,TORONTO_UTE92_0009
TORONTO_UTE92_STU02587,TORONTO_UTE92_0066
TORONTO_UTE92_STU02587,TORONTO_UTE92_0100
TORONTO_UTE92_STU02587,TORONTO_UTE92_0130
TORONTO_UTE92_STU02587,TORONTO_UTE92_0136
TORONTO_UTE92_STU02588,TORONTO_UTE92_0017
TORONTO_UTE92_STU02588,TORONTO_UTE92_0045
TORONTO_UTE92_STU02588,TORONTO_UTE92_0067
TORONTO_UTE92_STU02588,TORONTO_UTE92_0132
TORONTO_UTE92_STU02588,TORONTO_UTE92_0136
TORONTO_UTE92_STU02589,TORONTO_UTE92_0045
TORONTO_UTE92_STU02589,TORONTO_UTE92_0066
TORONTO_UTE92_STU02589,TORONTO_UTE92_0130
TORONTO_UTE92_STU02589,TORONTO_UTE92_0136
TORONTO_UTE92_STU02589,TORONTO_UTE92_0140
TORONTO_UTE92_STU02590,TORONTO_UTE92_0008
TORONTO_UTE92_STU02590,TORONTO_UTE92_0067
TORONTO_UTE92_STU02590,TORONTO_UTE92_0110
TORONTO_UTE92_STU02590,TORONTO_UTE92_0111
TORONTO_UTE92_STU02590,TORONTO_UTE92_0136
TORONTO_UTE92_STU02591,TORONTO_UTE92_0010
TORONTO_UTE92_STU02591,TORONTO_UTE92_0110
TORONTO_UTE92_STU02592,TORONTO_UTE92_0008
TORONTO_UTE92_STU02592,TORONTO_UTE92_0067
TORONTO_UTE92_STU02592,TORONTO_UTE92_0130
TORONTO_UTE92_STU02592,TORONTO_UTE92_0132
TORONTO_UTE92_STU02592,TORONTO_UTE92_0136
TORONTO_UTE92_STU02593,TORONTO_UTE92_0008
TORONTO_UTE92_STU02593,TORONTO_UTE92_0067
TORONTO_UTE92_STU02593,TORONTO_UTE92_0100
TORONTO_UTE92_STU02593,TORONTO_UTE92_0107
TORONTO_UTE92_STU02593,TORONTO_UTE92_0136
TORONTO_UTE92_STU02594,TORONTO_UTE92_0017
TORONTO_UTE92_STU02594,TORONTO_UTE92_0045
TORONTO_UTE92_STU02594,TORONTO_UTE92_0132
TORONTO_UTE92_STU02594,TORONTO_UTE92_0135
TORONTO_UTE92_STU02595,TORONTO_UTE92_0008
TORONTO_UTE92_STU02595,TORONTO_UTE92_0067
TORONTO_UTE92_STU02595,TORONTO_UTE92_0130
TORONTO_UTE92_STU02595,TORONTO_UTE92_0132
TORONTO_UTE92_STU02595,TORONTO_UTE92_0136
TORONTO_UTE92_STU02596,TORONTO_UTE92_0013
TORONTO_UTE92_STU02596,TORONTO_UTE92_0045
TORONTO_UTE92_STU02596,TORONTO_UTE92_0066
TORONTO_UTE92_STU02596,TORONTO_UTE92_0130
TORONTO_UTE92_STU02596,TORONTO_UTE92_0136
TORONTO_UTE92_STU02597,TORONTO_UTE92_0008
TORONTO_UTE92_STU02597,TORONTO_UTE92_0011
TORONTO_UTE92_STU02597,TORONTO_UTE92_0067
TORONTO_UTE92_STU02597,TORONTO_UTE92_0107
TORONTO_UTE92_STU02597,TORONTO_UTE92_0136
TORONTO_UTE92_STU02598,TORONTO_UTE92_0008
TORONTO_UTE92_STU02598,TORONTO_UTE92_0067
TORONTO_UTE92_STU02598,TORONTO_UTE92_0100
TORONTO_UTE92_STU02598,TORONTO_UTE92_0130
TORONTO_UTE92_STU02598,TORONTO_UTE92_0132
TORONTO_UTE92_STU02599,TORONTO_UTE92_0008
TORONTO_UTE92_STU02599,TORONTO_UTE92_0067
TORONTO_UTE92_STU02599,TORONTO_UTE92_0107
TORONTO_UTE92_STU02599,TORONTO_UTE92_0136
TORONTO_UTE92_STU02599,TORONTO_UTE92_0140
TORONTO_UTE92_STU02600,TORONTO_UTE92_0067
TORONTO_UTE92_STU02600,TORONTO_UTE92_0132
TORONTO_UTE92_STU02601,TORONTO_UTE92_0017
TORONTO_UTE92_STU02601,TORONTO_UTE92_0045
TORONTO_UTE92_STU02601,TORONTO_UTE92_0067
TORONTO_UTE92_STU02601,TORONTO_UTE92_0100
TORONTO_UTE92_STU02601,TORONTO_UTE92_0132
TORONTO_UTE92_STU02602,TORONTO_UTE92_0009
TORONTO_UTE92_STU02602,TORONTO_UTE92_0067
TORONTO_UTE92_STU02602,TORONTO_UTE92_0100
TORONTO_UTE92_STU02602,TORONTO_UTE92_0130
TORONTO_UTE92_STU02603,TORONTO_UTE92_0045
TORONTO_UTE92_STU02603,TORONTO_UTE92_0066
TORONTO_UTE92_STU02603,TORONTO_UTE92_0100
TORONTO_UTE92_STU02603,TORONTO_UTE92_0130
TORONTO_UTE92_STU02603,TORONTO_UTE92_0136
TORONTO_UTE92_STU02604,TORONTO_UTE92_0008
TORONTO_UTE92_STU02604,TORONTO_UTE92_0067
TORONTO_UTE92_STU02604,TORONTO_UTE92_0100
TORONTO_UTE92_STU02604,TORONTO_UTE92_0107
TORONTO_UTE92_STU02604,TORONTO_UTE92_0136
TORONTO_UTE92_STU02605,TORONTO_UTE92_0008
TORONTO_UTE92_STU02605,TORONTO_UTE92_0067
TORONTO_UTE92_STU02605,TORONTO_UTE92_0100
TORONTO_UTE92_STU02605,TORONTO_UTE92_0107
TORONTO_UTE92_STU02605,TORONTO_UTE92_0136
TORONTO_UTE92_STU02606,TORONTO_UTE92_0009
TORONTO_UTE92_STU02606,TORONTO_UTE92_0066
TORONTO_UTE92_STU02606,TORONTO_UTE92_0130
TORONTO_UTE92_STU02606,TORONTO_UTE92_0136
TORONTO_UTE92_STU02606,TORONTO_UTE92_0140
TORONTO_UTE92_STU02607,TORONTO_UTE92_0068
TORONTO_UTE92_STU02607,TORONTO_UTE92_0134
TORONTO_UTE92_STU02607,TORONTO_UTE92_0137
TORONTO_UTE92_STU02607,TORONTO_UTE92_0167
TORONTO_UTE92_STU02607,TORONTO_UTE92_0183
TORONTO_UTE92_STU02608,TORONTO_UTE92_0008
TORONTO_UTE92_STU02608,TORONTO_UTE92_0013
TORONTO_UTE92_STU02608,TORONTO_UTE92_0017
TORONTO_UTE92_STU02608,TORONTO_UTE92_0067
TORONTO_UTE92_STU02608,TORONTO_UTE92_0132
TORONTO_UTE92_STU02609,TORONTO_UTE92_0008
TORONTO_UTE92_STU02609,TORONTO_UTE92_0067
TORONTO_UTE92_STU02609,TORONTO_UTE92_0100
TORONTO_UTE92_STU02609,TORONTO_UTE92_0107
TORONTO_UTE92_STU02609,TORONTO_UTE92_0136
TORONTO_UTE92_STU02610,TORONTO_UTE92_0013
TORONTO_UTE92_STU02610,TORONTO_UTE92_0107
TORONTO_UTE92_STU02611,TORONTO_UTE92_0013
TORONTO_UTE92_STU02611,TORONTO_UTE92_0045
TORONTO_UTE92_STU02611,TORONTO_UTE92_0066
TORONTO_UTE92_STU02611,TORONTO_UTE92_0130
TORONTO_UTE92_STU02611,TORONTO_UTE92_0136
TORONTO_UTE92_STU02612,TORONTO_UTE92_0045
TORONTO_UTE92_STU02612,TORONTO_UTE92_0066
TORONTO_UTE92_STU02612,TORONTO_UTE92_0130
TORONTO_UTE92_STU02612,TORONTO_UTE92_0135
TORONTO_UTE92_STU02612,TORONTO_UTE92_0136
TORONTO_UTE92_STU02612,TORONTO_UTE92_0140
TORONTO_UTE92_STU02613,TORONTO_UTE92_0183
TORONTO_UTE92_STU02614,TORONTO_UTE92_0015
TORONTO_UTE92_STU02614,TORONTO_UTE92_0045
TORONTO_UTE92_STU02614,TORONTO_UTE92_0066
TORONTO_UTE92_STU02614,TORONTO_UTE92_0130
TORONTO_UTE92_STU02614,TORONTO_UTE92_0136
TORONTO_UTE92_STU02615,TORONTO_UTE92_0045
TORONTO_UTE92_STU02615,TORONTO_UTE92_0066
TORONTO_UTE92_STU02615,TORONTO_UTE92_0130
TORONTO_UTE92_STU02615,TORONTO_UTE92_0136
TORONTO_UTE92_STU02615,TORONTO_UTE92_0140
TORONTO_UTE92_STU02616,TORONTO_UTE92_0045
TORONTO_UTE92_STU02616,TORONTO_UTE92_0067
TORONTO_UTE92_STU02616,TORONTO_UTE92_0107
TORONTO_UTE92_STU02616,TORONTO_UTE92_0135
TORONTO_UTE92_STU02617,TORONTO_UTE92_0068
TORONTO_UTE92_STU02617,TORONTO_UTE92_0134
TORONTO_UTE92_STU02617,TORONTO_UTE92_0137
TORONTO_UTE92_STU02617,TORONTO_UTE92_0167
TORONTO_UTE92_STU02618,TORONTO_UTE92_0017
TORONTO_UTE92_STU02618,TORONTO_UTE92_0045
TORONTO_UTE92_STU02618,TORONTO_UTE92_0067
TORONTO_UTE92_STU02618,TORONTO_UTE92_0104
TORONTO_UTE92_STU02618,TORONTO_UTE92_0132
TORONTO_UTE92_STU02619,TORONTO_UTE92_0010
TORONTO_UTE92_STU02619,TORONTO_UTE92_0045
TORONTO_UTE92_STU02619,TORONTO_UTE92_0066
TORONTO_UTE92_STU02619,TORONTO_UTE92_0130
TORONTO_UTE92_STU02619,TORONTO_UTE92_0136
TORONTO_UTE92_STU02620,TORONTO_UTE92_0008
TORONTO_UTE92_STU02620,TORONTO_UTE92_0017
TORONTO_UTE92_STU02620,TORONTO_UTE92_0067
TORONTO_UTE92_STU02620,TORONTO_UTE92_0132
TORONTO_UTE92_STU02620,TORONTO_UTE92_0136
TORONTO_UTE92_STU02621,TORONTO_UTE92_0008
TORONTO_UTE92_STU02621,TORONTO_UTE92_0067
TORONTO_UTE92_STU02621,TORONTO_UTE92_0100
TORONTO_UTE92_STU02621,TORONTO_UTE92_0107
TORONTO_UTE92_STU02621,TORONTO_UTE92_0136
TORONTO_UTE92_STU02622,TORONTO_UTE92_0009
TORONTO_UTE92_STU02622,TORONTO_UTE92_0066
TORONTO_UTE92_STU02622,TORONTO_UTE92_0130
TORONTO_UTE92_STU02622,TORONTO_UTE92_0136
TORONTO_UTE92_STU02622,TORONTO_UTE92_0140
TORONTO_UTE92_STU02623,TORONTO_UTE92_0009
TORONTO_UTE92_STU02623,TORONTO_UTE92_0011
TORONTO_UTE92_STU02623,TORONTO_UTE92_0066
TORONTO_UTE92_STU02623,TORONTO_UTE92_0130
TORONTO_UTE92_STU02623,TORONTO_UTE92_0136
TORONTO_UTE92_STU02624,TORONTO_UTE92_0015
TORONTO_UTE92_STU02624,TORONTO_UTE92_0045
TORONTO_UTE92_STU02624,TORONTO_UTE92_0066
TORONTO_UTE92_STU02624,TORONTO_UTE92_0130
TORONTO_UTE92_STU02624,TORONTO_UTE92_0136
TORONTO_UTE92_STU02625,TORONTO_UTE92_0010
TORONTO_UTE92_STU02625,TORONTO_UTE92_0045
TORONTO_UTE92_STU02625,TORONTO_UTE92_0066
TORONTO_UTE92_STU02625,TORONTO_UTE92_0130
TORONTO_UTE92_STU02625,TORONTO_UTE92_0136
TORONTO_UTE92_STU02626,TORONTO_UTE92_0009
TORONTO_UTE92_STU02626,TORONTO_UTE92_0012
TORONTO_UTE92_STU02626,TORONTO_UTE92_0066
TORONTO_UTE92_STU02626,TORONTO_UTE92_0130
TORONTO_UTE92_STU02626,TORONTO_UTE92_0136
TORONTO_UTE92_STU02627,TORONTO_UTE92_0009
TORONTO_UTE92_STU02627,TORONTO_UTE92_0016
TORONTO_UTE92_STU02627,TORONTO_UTE92_0066
TORONTO_UTE92_STU02627,TORONTO_UTE92_0130
TORONTO_UTE92_STU02627,TORONTO_UTE92_0136
TORONTO_UTE92_STU02628,TORONTO_UTE92_0045
TORONTO_UTE92_STU02628,TORONTO_UTE92_0130
TORONTO_UTE92_STU02628,TORONTO_UTE92_0135
TORONTO_UTE92_STU02629,TORONTO_UTE92_0045
TORONTO_UTE92_STU02629,TORONTO_UTE92_0107
TORONTO_UTE92_STU02629,TORONTO_UTE92_0135
TORONTO_UTE92_STU02630,TORONTO_UTE92_0015
TORONTO_UTE92_STU02630,TORONTO_UTE92_0017
TORONTO_UTE92_STU02630,TORONTO_UTE92_0045
TORONTO_UTE92_STU02630,TORONTO_UTE92_0067
TORONTO_UTE92_STU02630,TORONTO_UTE92_0132
TORONTO_UTE92_STU02631,TORONTO_UTE92_0011
TORONTO_UTE92_STU02631,TORONTO_UTE92_0045
TORONTO_UTE92_STU02631,TORONTO_UTE92_0067
TORONTO_UTE92_STU02631,TORONTO_UTE92_0107
TORONTO_UTE92_STU02631,TORONTO_UTE92_0136
TORONTO_UTE92_STU02632,TORONTO_UTE92_0008
TORONTO_UTE92_STU02632,TORONTO_UTE92_0017
TORONTO_UTE92_STU02632,TORONTO_UTE92_0067
TORONTO_UTE92_STU02632,TORONTO_UTE92_0132
TORONTO_UTE92_STU02632,TORONTO_UTE92_0136
TORONTO_UTE92_STU02633,TORONTO_UTE92_0045
TORONTO_UTE92_STU02633,TORONTO_UTE92_0066
TORONTO_UTE92_STU02633,TORONTO_UTE92_0109
TORONTO_UTE92_STU02633,TORONTO_UTE92_0130
TORONTO_UTE92_STU02633,TORONTO_UTE92_0136
TORONTO_UTE92_STU02634,TORONTO_UTE92_0010
TORONTO_UTE92_STU02634,TORONTO_UTE92_0045
TORONTO_UTE92_STU02634,TORONTO_UTE92_0066
TORONTO_UTE92_STU02634,TORONTO_UTE92_0130
TORONTO_UTE92_STU02634,TORONTO_UTE92_0136
TORONTO_UTE92_STU02635,TORONTO_UTE92_0009
TORONTO_UTE92_STU02635,TORONTO_UTE92_0015
TORONTO_UTE92_STU02635,TORONTO_UTE92_0066
TORONTO_UTE92_STU02635,TORONTO_UTE92_0130
TORONTO_UTE92_STU02635,TORONTO_UTE92_0136
TORONTO_UTE92_STU02636,TORONTO_UTE92_0008
TORONTO_UTE92_STU02636,TORONTO_UTE92_0017
TORONTO_UTE92_STU02636,TORONTO_UTE92_0067
TORONTO_UTE92_STU02636,TORONTO_UTE92_0132
TORONTO_UTE92_STU02636,TORONTO_UTE92_0136
TORONTO_UTE92_STU02637,TORONTO_UTE92_0046
TORONTO_UTE92_STU02637,TORONTO_UTE92_0068
TORONTO_UTE92_STU02637,TORONTO_UTE92_0134
TORONTO_UTE92_STU02637,TORONTO_UTE92_0137
TORONTO_UTE92_STU02637,TORONTO_UTE92_0183
TORONTO_UTE92_STU02638,TORONTO_UTE92_0008
TORONTO_UTE92_STU02638,TORONTO_UTE92_0010
TORONTO_UTE92_STU02638,TORONTO_UTE92_0067
TORONTO_UTE92_STU02638,TORONTO_UTE92_0107
TORONTO_UTE92_STU02638,TORONTO_UTE92_0136
TORONTO_UTE92_STU02639,TORONTO_UTE92_0008
TORONTO_UTE92_STU02639,TORONTO_UTE92_0011
TORONTO_UTE92_STU02639,TORONTO_UTE92_0017
TORONTO_UTE92_STU02639,TORONTO_UTE92_0067
TORONTO_UTE92_STU02639,TORONTO_UTE92_0132
TORONTO_UTE92_STU02640,TORONTO_UTE92_0009
TORONTO_UTE92_STU02640,TORONTO_UTE92_0066
TORONTO_UTE92_STU02640,TORONTO_UTE92_0130
TORONTO_UTE92_STU02640,TORONTO_UTE92_0136
TORONTO_UTE92_STU02640,TORONTO_UTE92_0140
TORONTO_UTE92_STU02641,TORONTO_UTE92_0008
TORONTO_UTE92_STU02641,TORONTO_UTE92_0017
TORONTO_UTE92_STU02641,TORONTO_UTE92_0132
TORONTO_UTE92_STU02641,TORONTO_UTE92_0135
TORONTO_UTE92_STU02642,TORONTO_UTE92_0009
TORONTO_UTE92_STU02642,TORONTO_UTE92_0066
TORONTO_UTE92_STU02642,TORONTO_UTE92_0130
TORONTO_UTE92_STU02642,TORONTO_UTE92_0136
TORONTO_UTE92_STU02642,TORONTO_UTE92_0140
TORONTO_UTE92_STU02643,TORONTO_UTE92_0045
TORONTO_UTE92_STU02643,TORONTO_UTE92_0107
TORONTO_UTE92_STU02643,TORONTO_UTE92_0132
TORONTO_UTE92_STU02644,TORONTO_UTE92_0017
TORONTO_UTE92_STU02644,TORONTO_UTE92_0045
TORONTO_UTE92_STU02644,TORONTO_UTE92_0132
TORONTO_UTE92_STU02644,TORONTO_UTE92_0135
TORONTO_UTE92_STU02645,TORONTO_UTE92_0046
TORONTO_UTE92_STU02645,TORONTO_UTE92_0068
TORONTO_UTE92_STU02645,TORONTO_UTE92_0134
TORONTO_UTE92_STU02645,TORONTO_UTE92_0137
TORONTO_UTE92_STU02646,TORONTO_UTE92_0045
TORONTO_UTE92_STU02646,TORONTO_UTE92_0067
TORONTO_UTE92_STU02646,TORONTO_UTE92_0110
TORONTO_UTE92_STU02646,TORONTO_UTE92_0111
TORONTO_UTE92_STU02646,TORONTO_UTE92_0136
TORONTO_UTE92_STU02647,TORONTO_UTE92_0045
TORONTO_UTE92_STU02647,TORONTO_UTE92_0066
TORONTO_UTE92_STU02647,TORONTO_UTE92_0100
TORONTO_UTE92_STU02647,TORONTO_UTE92_0130
TORONTO_UTE92_STU02647,TORONTO_UTE92_0136
TORONTO_UTE92_STU02648,TORONTO_UTE92_0068
TORONTO_UTE92_STU02648,TORONTO_UTE92_0104
TORONTO_UTE92_STU02648,TORONTO_UTE92_0134
TORONTO_UTE92_STU02648,TORONTO_UTE92_0137
TORONTO_UTE92_STU02648,TORONTO_UTE92_0167
TORONTO_UTE92_STU02649,TORONTO_UTE92_0045
TORONTO_UTE92_STU02649,TORONTO_UTE92_0066
TORONTO_UTE92_STU02649,TORONTO_UTE92_0100
TORONTO_UTE92_STU02649,TORONTO_UTE92_0130
TORONTO_UTE92_STU02649,TORONTO_UTE92_0136
TORONTO_UTE92_STU02650,TORONTO_UTE92_0068
TORONTO_UTE92_STU02650,TORONTO_UTE92_0101
TORONTO_UTE92_STU02650,TORONTO_UTE92_0134
TORONTO_UTE92_STU02650,TORONTO_UTE92_0137
TORONTO_UTE92_STU02650,TORONTO_UTE92_0167
TORONTO_UTE92_STU02651,TORONTO_UTE92_0009
TORONTO_UTE92_STU02651,TORONTO_UTE92_0066
TORONTO_UTE92_STU02651,TORONTO_UTE92_0130
TORONTO_UTE92_STU02651,TORONTO_UTE92_0136
TORONTO_UTE92_STU02651,TORONTO_UTE92_0140
TORONTO_UTE92_STU02652,TORONTO_UTE92_0045
TORONTO_UTE92_STU02652,TORONTO_UTE92_0067
TORONTO_UTE92_STU02652,TORONTO_UTE92_0105
TORONTO_UTE92_STU02652,TORONTO_UTE92_0107
TORONTO_UTE92_STU02652,TORONTO_UTE92_0136
TORONTO_UTE92_STU02653,TORONTO_UTE92_0016
TORONTO_UTE92_STU02653,TORONTO_UTE92_0045
TORONTO_UTE92_STU02653,TORONTO_UTE92_0066
TORONTO_UTE92_STU02653,TORONTO_UTE92_0130
TORONTO_UTE92_STU02653,TORONTO_UTE92_0136
TORONTO_UTE92_STU02654,TORONTO_UTE92_0068
TORONTO_UTE92_STU02654,TORONTO_UTE92_0134
TORONTO_UTE92_STU02654,TORONTO_UTE92_0137
TORONTO_UTE92_STU02654,TORONTO_UTE92_0167
TORONTO_UTE92_STU02654,TORONTO_UTE92_0183
TORONTO_UTE92_STU02655,TORONTO_UTE92_0068
TORONTO_UTE92_STU02655,TORONTO_UTE92_0134
TORONTO_UTE92_STU02655,TORONTO_UTE92_0137
TORONTO_UTE92_STU02655,TORONTO_UTE92_0167
TORONTO_UTE92_STU02656,TORONTO_UTE92_0045
TORONTO_UTE92_STU02656,TORONTO_UTE92_0067
TORONTO_UTE92_STU02656,TORONTO_UTE92_0110
TORONTO_UTE92_STU02656,TORONTO_UTE92_0111
TORONTO_UTE92_STU02656,TORONTO_UTE92_0136
TORONTO_UTE92_STU02657,TORONTO_UTE92_0045
TORONTO_UTE92_STU02657,TORONTO_UTE92_0067
TORONTO_UTE92_STU02657,TORONTO_UTE92_0105
TORONTO_UTE92_STU02657,TORONTO_UTE92_0107
TORONTO_UTE92_STU02657,TORONTO_UTE92_0136
TORONTO_UTE92_STU02658,TORONTO_UTE92_0045
TORONTO_UTE92_STU02658,TORONTO_UTE92_0067
TORONTO_UTE92_STU02658,TORONTO_UTE92_0100
TORONTO_UTE92_STU02658,TORONTO_UTE92_0130
TORONTO_UTE92_STU02658,TORONTO_UTE92_0136
TORONTO_UTE92_STU02659,TORONTO_UTE92_0011
TORONTO_UTE92_STU02659,TORONTO_UTE92_0067
TORONTO_UTE92_STU02660,TORONTO_UTE92_0010
TORONTO_UTE92_STU02660,TORONTO_UTE92_0046
TORONTO_UTE92_STU02660,TORONTO_UTE92_0068
TORONTO_UTE92_STU02660,TORONTO_UTE92_0134
TORONTO_UTE92_STU02660,TORONTO_UTE92_0137
TORONTO_UTE92_STU02661,TORONTO_UTE92_0009
TORONTO_UTE92_STU02662,TORONTO_UTE92_0011
TORONTO_UTE92_STU02662,TORONTO_UTE92_0045
TORONTO_UTE92_STU02662,TORONTO_UTE92_0067
TORONTO_UTE92_STU02662,TORONTO_UTE92_0107
TORONTO_UTE92_STU02662,TORONTO_UTE92_0132
TORONTO_UTE92_STU02663,TORONTO_UTE92_0009
TORONTO_UTE92_STU02663,TORONTO_UTE92_0011
TORONTO_UTE92_STU02663,TORONTO_UTE92_0066
TORONTO_UTE92_STU02663,TORONTO_UTE92_0130
TORONTO_UTE92_STU02663,TORONTO_UTE92_0136
TORONTO_UTE92_STU02664,TORONTO_UTE92_0046
TORONTO_UTE92_STU02664,TORONTO_UTE92_0068
TORONTO_UTE92_STU02664,TORONTO_UTE92_0134
TORONTO_UTE92_STU02664,TORONTO_UTE92_0137
TORONTO_UTE92_STU02665,TORONTO_UTE92_0017
TORONTO_UTE92_STU02665,TORONTO_UTE92_0108
TORONTO_UTE92_STU02665,TORONTO_UTE92_0132
TORONTO_UTE92_STU02666,TORONTO_UTE92_0011
TORONTO_UTE92_STU02666,TORONTO_UTE92_0045
TORONTO_UTE92_STU02666,TORONTO_UTE92_0067
TORONTO_UTE92_STU02666,TORONTO_UTE92_0107
TORONTO_UTE92_STU02666,TORONTO_UTE92_0136
TORONTO_UTE92_STU02667,TORONTO_UTE92_0009
TORONTO_UTE92_STU02667,TORONTO_UTE92_0011
TORONTO_UTE92_STU02667,TORONTO_UTE92_0066
TORONTO_UTE92_STU02667,TORONTO_UTE92_0130
TORONTO_UTE92_STU02667,TORONTO_UTE92_0136
TORONTO_UTE92_STU02668,TORONTO_UTE92_0064
TORONTO_UTE92_STU02668,TORONTO_UTE92_0067
TORONTO_UTE92_STU02668,TORONTO_UTE92_0130
TORONTO_UTE92_STU02668,TORONTO_UTE92_0131
TORONTO_UTE92_STU02668,TORONTO_UTE92_0132
TORONTO_UTE92_STU02669,TORONTO_UTE92_0063
TORONTO_UTE92_STU02669,TORONTO_UTE92_0074
TORONTO_UTE92_STU02669,TORONTO_UTE92_0137
TORONTO_UTE92_STU02670,TORONTO_UTE92_0008
TORONTO_UTE92_STU02670,TORONTO_UTE92_0064
TORONTO_UTE92_STU02670,TORONTO_UTE92_0131
TORONTO_UTE92_STU02670,TORONTO_UTE92_0168
TORONTO_UTE92_STU02671,TORONTO_UTE92_0008
TORONTO_UTE92_STU02671,TORONTO_UTE92_0067
TORONTO_UTE92_STU02671,TORONTO_UTE92_0107
TORONTO_UTE92_STU02671,TORONTO_UTE92_0136
TORONTO_UTE92_STU02672,TORONTO_UTE92_0045
TORONTO_UTE92_STU02672,TORONTO_UTE92_0066
TORONTO_UTE92_STU02672,TORONTO_UTE92_0130
TORONTO_UTE92_STU02672,TORONTO_UTE92_0136
TORONTO_UTE92_STU02673,TORONTO_UTE92_0017
TORONTO_UTE92_STU02673,TORONTO_UTE92_0045
TORONTO_UTE92_STU02673,TORONTO_UTE92_0132
TORONTO_UTE92_STU02673,TORONTO_UTE92_0136
TORONTO_UTE92_STU02674,TORONTO_UTE92_0010
TORONTO_UTE92_STU02674,TORONTO_UTE92_0045
TORONTO_UTE92_STU02674,TORONTO_UTE92_0066
TORONTO_UTE92_STU02674,TORONTO_UTE92_0130
TORONTO_UTE92_STU02674,TORONTO_UTE92_0136
TORONTO_UTE92_STU02675,TORONTO_UTE92_0045
TORONTO_UTE92_STU02675,TORONTO_UTE92_0066
TORONTO_UTE92_STU02675,TORONTO_UTE92_0109
TORONTO_UTE92_STU02675,TORONTO_UTE92_0130
TORONTO_UTE92_STU02675,TORONTO_UTE92_0136
TORONTO_UTE92_STU02676,TORONTO_UTE92_0078
TORONTO_UTE92_STU02676,TORONTO_UTE92_0079
TORONTO_UTE92_STU02676,TORONTO_UTE92_0080
TORONTO_UTE92_STU02677,TORONTO_UTE92_0013
TORONTO_UTE92_STU02677,TORONTO_UTE92_0045
TORONTO_UTE92_STU02677,TORONTO_UTE92_0066
TORONTO_UTE92_STU02677,TORONTO_UTE92_0130
TORONTO_UTE92_STU02677,TORONTO_UTE92_0136
TORONTO_UTE92_STU02678,TORONTO_UTE92_0077
TORONTO_UTE92_STU02678,TORONTO_UTE92_0079
TORONTO_UTE92_STU02678,TORONTO_UTE92_0080
TORONTO_UTE92_STU02679,TORONTO_UTE92_0045
TORONTO_UTE92_STU02679,TORONTO_UTE92_0066
TORONTO_UTE92_STU02679,TORONTO_UTE92_0100
TORONTO_UTE92_STU02679,TORONTO_UTE92_0130
TORONTO_UTE92_STU02679,TORONTO_UTE92_0136
TORONTO_UTE92_STU02680,TORONTO_UTE92_0022
TORONTO_UTE92_STU02680,TORONTO_UTE92_0023
TORONTO_UTE92_STU02680,TORONTO_UTE92_0025
TORONTO_UTE92_STU02680,TORONTO_UTE92_0026
TORONTO_UTE92_STU02680,TORONTO_UTE92_0028
TORONTO_UTE92_STU02681,TORONTO_UTE92_0008
TORONTO_UTE92_STU02681,TORONTO_UTE92_0016
TORONTO_UTE92_STU02681,TORONTO_UTE92_0067
TORONTO_UTE92_STU02681,TORONTO_UTE92_0107
TORONTO_UTE92_STU02681,TORONTO_UTE92_0136
TORONTO_UTE92_STU02682,TORONTO_UTE92_0046
TORONTO_UTE92_STU02682,TORONTO_UTE92_0068
TORONTO_UTE92_STU02682,TORONTO_UTE92_0134
TORONTO_UTE92_STU02682,TORONTO_UTE92_0137
TORONTO_UTE92_STU02683,TORONTO_UTE92_0010
TORONTO_UTE92_STU02683,TORONTO_UTE92_0045
TORONTO_UTE92_STU02683,TORONTO_UTE92_0066
TORONTO_UTE92_STU02683,TORONTO_UTE92_0130
TORONTO_UTE92_STU02683,TORONTO_UTE92_0136
TORONTO_UTE92_STU02684,TORONTO_UTE92_0013
TORONTO_UTE92_STU02684,TORONTO_UTE92_0045
TORONTO_UTE92_STU02684,TORONTO_UTE92_0066
TORONTO_UTE92_STU02684,TORONTO_UTE92_0130
TORONTO_UTE92_STU02684,TORONTO_UTE92_0136
TORONTO_UTE92_STU02685,TORONTO_UTE92_0045
TORONTO_UTE92_STU02685,TORONTO_UTE92_0130
TORONTO_UTE92_STU02685,TORONTO_UTE92_0132
TORONTO_UTE92_STU02685,TORONTO_UTE92_0135
TORONTO_UTE92_STU02686,TORONTO_UTE92_0145
TORONTO_UTE92_STU02686,TORONTO_UTE92_0146
TORONTO_UTE92_STU02686,TORONTO_UTE92_0148
TORONTO_UTE92_STU02686,TORONTO_UTE92_0151
TORONTO_UTE92_STU02687,TORONTO_UTE92_0045
TORONTO_UTE92_STU02687,TORONTO_UTE92_0066
TORONTO_UTE92_STU02687,TORONTO_UTE92_0130
TORONTO_UTE92_STU02687,TORONTO_UTE92_0136
TORONTO_UTE92_STU02687,TORONTO_UTE92_0140
TORONTO_UTE92_STU02688,TORONTO_UTE92_0013
TORONTO_UTE92_STU02688,TORONTO_UTE92_0045
TORONTO_UTE92_STU02688,TORONTO_UTE92_0066
TORONTO_UTE92_STU02688,TORONTO_UTE92_0130
TORONTO_UTE92_STU02688,TORONTO_UTE92_0136
TORONTO_UTE92_STU02689,TORONTO_UTE92_0013
TORONTO_UTE92_STU02689,TORONTO_UTE92_0045
TORONTO_UTE92_STU02689,TORONTO_UTE92_0067
TORONTO_UTE92_STU02689,TORONTO_UTE92_0110
TORONTO_UTE92_STU02689,TORONTO_UTE92_0111
TORONTO_UTE92_STU02690,TORONTO_UTE92_0009
TORONTO_UTE92_STU02690,TORONTO_UTE92_0015
TORONTO_UTE92_STU02690,TORONTO_UTE92_0066
TORONTO_UTE92_STU02690,TORONTO_UTE92_0130
TORONTO_UTE92_STU02690,TORONTO_UTE92_0136
TORONTO_UTE92_STU02691,TORONTO_UTE92_0013
TORONTO_UTE92_STU02691,TORONTO_UTE92_0045
TORONTO_UTE92_STU02691,TORONTO_UTE92_0066
TORONTO_UTE92_STU02691,TORONTO_UTE92_0130
TORONTO_UTE92_STU02691,TORONTO_UTE92_0136
TORONTO_UTE92_STU02692,TORONTO_UTE92_0069
TORONTO_UTE92_STU02692,TORONTO_UTE92_0070
TORONTO_UTE92_STU02692,TORONTO_UTE92_0071
TORONTO_UTE92_STU02692,TORONTO_UTE92_0072
TORONTO_UTE92_STU02692,TORONTO_UTE92_0073
TORONTO_UTE92_STU02693,TORONTO_UTE92_0066
TORONTO_UTE92_STU02694,TORONTO_UTE92_0013
TORONTO_UTE92_STU02694,TORONTO_UTE92_0017
TORONTO_UTE92_STU02694,TORONTO_UTE92_0045
TORONTO_UTE92_STU02695,TORONTO_UTE92_0046
TORONTO_UTE92_STU02695,TORONTO_UTE92_0068
TORONTO_UTE92_STU02695,TORONTO_UTE92_0100
TORONTO_UTE92_STU02695,TORONTO_UTE92_0134
TORONTO_UTE92_STU02695,TORONTO_UTE92_0137
TORONTO_UTE92_STU02696,TORONTO_UTE92_0018
TORONTO_UTE92_STU02696,TORONTO_UTE92_0019
TORONTO_UTE92_STU02696,TORONTO_UTE92_0020
TORONTO_UTE92_STU02696,TORONTO_UTE92_0101
TORONTO_UTE92_STU02697,TORONTO_UTE92_0045
TORONTO_UTE92_STU02697,TORONTO_UTE92_0067
TORONTO_UTE92_STU02697,TORONTO_UTE92_0110
TORONTO_UTE92_STU02697,TORONTO_UTE92_0111
TORONTO_UTE92_STU02697,TORONTO_UTE92_0136
TORONTO_UTE92_STU02698,TORONTO_UTE92_0011
TORONTO_UTE92_STU02698,TORONTO_UTE92_0068
TORONTO_UTE92_STU02698,TORONTO_UTE92_0107
TORONTO_UTE92_STU02698,TORONTO_UTE92_0134
TORONTO_UTE92_STU02698,TORONTO_UTE92_0137
TORONTO_UTE92_STU02699,TORONTO_UTE92_0045
TORONTO_UTE92_STU02699,TORONTO_UTE92_0066
TORONTO_UTE92_STU02699,TORONTO_UTE92_0100
TORONTO_UTE92_STU02699,TORONTO_UTE92_0130
TORONTO_UTE92_STU02699,TORONTO_UTE92_0136
TORONTO_UTE92_STU02700,TORONTO_UTE92_0009
TORONTO_UTE92_STU02700,TORONTO_UTE92_0066
TORONTO_UTE92_STU02700,TORONTO_UTE92_0100
TORONTO_UTE92_STU02700,TORONTO_UTE92_0130
TORONTO_UTE92_STU02700,TORONTO_UTE92_0136
TORONTO_UTE92_STU02701,TORONTO_UTE92_0008
TORONTO_UTE92_STU02701,TORONTO_UTE92_0067
TORONTO_UTE92_STU02701,TORONTO_UTE92_0107
TORONTO_UTE92_STU02701,TORONTO_UTE92_0136
TORONTO_UTE92_STU02701,TORONTO_UTE92_0140
TORONTO_UTE92_STU02702,TORONTO_UTE92_0009
TORONTO_UTE92_STU02702,TORONTO_UTE92_0013
TORONTO_UTE92_STU02702,TORONTO_UTE92_0066
TORONTO_UTE92_STU02702,TORONTO_UTE92_0130
TORONTO_UTE92_STU02702,TORONTO_UTE92_0136
TORONTO_UTE92_STU02703,TORONTO_UTE92_0009
TORONTO_UTE92_STU02703,TORONTO_UTE92_0066
TORONTO_UTE92_STU02703,TORONTO_UTE92_0130
TORONTO_UTE92_STU02703,TORONTO_UTE92_0136
TORONTO_UTE92_STU02703,TORONTO_UTE92_0140
TORONTO_UTE92_STU02704,TORONTO_UTE92_0017
TORONTO_UTE92_STU02704,TORONTO_UTE92_0018
TORONTO_UTE92_STU02704,TORONTO_UTE92_0019
TORONTO_UTE92_STU02704,TORONTO_UTE92_0020
TORONTO_UTE92_STU02704,TORONTO_UTE92_0132
TORONTO_UTE92_STU02705,TORONTO_UTE92_0045
TORONTO_UTE92_STU02705,TORONTO_UTE92_0066
TORONTO_UTE92_STU02705,TORONTO_UTE92_0130
TORONTO_UTE92_STU02705,TORONTO_UTE92_0136
TORONTO_UTE92_STU02705,TORONTO_UTE92_0140
TORONTO_UTE92_STU02706,TORONTO_UTE92_0009
TORONTO_UTE92_STU02706,TORONTO_UTE92_0066
TORONTO_UTE92_STU02706,TORONTO_UTE92_0100
TORONTO_UTE92_STU02706,TORONTO_UTE92_0130
TORONTO_UTE92_STU02706,TORONTO_UTE92_0136
TORONTO_UTE92_STU02707,TORONTO_UTE92_0063
TORONTO_UTE92_STU02707,TORONTO_UTE92_0074
TORONTO_UTE92_STU02707,TORONTO_UTE92_0100
TORONTO_UTE92_STU02707,TORONTO_UTE92_0138
TORONTO_UTE92_STU02708,TORONTO_UTE92_0052
TORONTO_UTE92_STU02709,TORONTO_UTE92_0013
TORONTO_UTE92_STU02709,TORONTO_UTE92_0068
TORONTO_UTE92_STU02709,TORONTO_UTE92_0134
TORONTO_UTE92_STU02709,TORONTO_UTE92_0137
TORONTO_UTE92_STU02709,TORONTO_UTE92_0167
TORONTO_UTE92_STU02710,TORONTO_UTE92_0008
TORONTO_UTE92_STU02710,TORONTO_UTE92_0012
TORONTO_UTE92_STU02710,TORONTO_UTE92_0017
TORONTO_UTE92_STU02710,TORONTO_UTE92_0067
TORONTO_UTE92_STU02710,TORONTO_UTE92_0132
TORONTO_UTE92_STU02711,TORONTO_UTE92_0047
TORONTO_UTE92_STU02711,TORONTO_UTE92_0048
TORONTO_UTE92_STU02711,TORONTO_UTE92_0049
TORONTO_UTE92_STU02711,TORONTO_UTE92_0050
TORONTO_UTE92_STU02712,TORONTO_UTE92_0017
TORONTO_UTE92_STU02712,TORONTO_UTE92_0018
TORONTO_UTE92_STU02712,TORONTO_UTE92_0019
TORONTO_UTE92_STU02712,TORONTO_UTE92_0020
TORONTO_UTE92_STU02712,TORONTO_UTE92_0021
TORONTO_UTE92_STU02712,TORONTO_UTE92_0132
TORONTO_UTE92_STU02713,TORONTO_UTE92_0063
TORONTO_UTE92_STU02713,TORONTO_UTE92_0068
TORONTO_UTE92_STU02713,TORONTO_UTE92_0074
TORONTO_UTE92_STU02713,TORONTO_UTE92_0138
TORONTO_UTE92_STU02714,TORONTO_UTE92_0008
TORONTO_UTE92_STU02714,TORONTO_UTE92_0013
TORONTO_UTE92_STU02714,TORONTO_UTE92_0017
TORONTO_UTE92_STU02714,TORONTO_UTE92_0067
TORONTO_UTE92_STU02714,TORONTO_UTE92_0132
TORONTO_UTE92_STU02715,TORONTO_UTE92_0045
TORONTO_UTE92_STU02715,TORONTO_UTE92_0066
TORONTO_UTE92_STU02715,TORONTO_UTE92_0130
TORONTO_UTE92_STU02715,TORONTO_UTE92_0136
TORONTO_UTE92_STU02715,TORONTO_UTE92_0140
TORONTO_UTE92_STU02716,TORONTO_UTE92_0136
TORONTO_UTE92_STU02717,TORONTO_UTE92_0008
TORONTO_UTE92_STU02718,TORONTO_UTE92_0008
TORONTO_UTE92_STU02718,TORONTO_UTE92_0011
TORONTO_UTE92_STU02718,TORONTO_UTE92_0067
TORONTO_UTE92_STU02718,TORONTO_UTE92_0110
TORONTO_UTE92_STU02718,TORONTO_UTE92_0111
TORONTO_UTE92_STU02719,TORONTO_UTE92_0019
TORONTO_UTE92_STU02719,TORONTO_UTE92_0024
TORONTO_UTE92_STU02719,TORONTO_UTE92_0036
TORONTO_UTE92_STU02719,TORONTO_UTE92_0045
TORONTO_UTE92_STU02719,TORONTO_UTE92_0067
TORONTO_UTE92_STU02720,TORONTO_UTE92_0009
TORONTO_UTE92_STU02720,TORONTO_UTE92_0011
TORONTO_UTE92_STU02720,TORONTO_UTE92_0066
TORONTO_UTE92_STU02720,TORONTO_UTE92_0136
TORONTO_UTE92_STU02721,TORONTO_UTE92_0008
TORONTO_UTE92_STU02721,TORONTO_UTE92_0015
TORONTO_UTE92_STU02721,TORONTO_UTE92_0067
TORONTO_UTE92_STU02721,TORONTO_UTE92_0110
TORONTO_UTE92_STU02721,TORONTO_UTE92_0111
TORONTO_UTE92_STU02722,TORONTO_UTE92_0008
TORONTO_UTE92_STU02722,TORONTO_UTE92_0013
TORONTO_UTE92_STU02722,TORONTO_UTE92_0067
TORONTO_UTE92_STU02722,TORONTO_UTE92_0107
TORONTO_UTE92_STU02722,TORONTO_UTE92_0136
TORONTO_UTE92_STU02723,TORONTO_UTE92_0012
TORONTO_UTE92_STU02724,TORONTO_UTE92_0045
TORONTO_UTE92_STU02724,TORONTO_UTE92_0066
TORONTO_UTE92_STU02724,TORONTO_UTE92_0130
TORONTO_UTE92_STU02724,TORONTO_UTE92_0136
TORONTO_UTE92_STU02724,TORONTO_UTE92_0140
TORONTO_UTE92_STU02725,TORONTO_UTE92_0045
TORONTO_UTE92_STU02725,TORONTO_UTE92_0066
TORONTO_UTE92_STU02725,TORONTO_UTE92_0100
TORONTO_UTE92_STU02725,TORONTO_UTE92_0130
TORONTO_UTE92_STU02725,TORONTO_UTE92_0136
TORONTO_UTE92_STU02726,TORONTO_UTE92_0009
TORONTO_UTE92_STU02726,TORONTO_UTE92_0066
TORONTO_UTE92_STU02726,TORONTO_UTE92_0130
TORONTO_UTE92_STU02727,TORONTO_UTE92_0019
TORONTO_UTE92_STU02727,TORONTO_UTE92_0132
TORONTO_UTE92_STU02728,TORONTO_UTE92_0009
TORONTO_UTE92_STU02728,TORONTO_UTE92_0011
TORONTO_UTE92_STU02728,TORONTO_UTE92_0066
TORONTO_UTE92_STU02728,TORONTO_UTE92_0130
TORONTO_UTE92_STU02728,TORONTO_UTE92_0136
TORONTO_UTE92_STU02729,TORONTO_UTE92_0009
TORONTO_UTE92_STU02729,TORONTO_UTE92_0066
TORONTO_UTE92_STU02729,TORONTO_UTE92_0130
TORONTO_UTE92_STU02729,TORONTO_UTE92_0136
TORONTO_UTE92_STU02729,TORONTO_UTE92_0140
TORONTO_UTE92_STU02730,TORONTO_UTE92_0068
TORONTO_UTE92_STU02730,TORONTO_UTE92_0104
TORONTO_UTE92_STU02730,TORONTO_UTE92_0134
TORONTO_UTE92_STU02730,TORONTO_UTE92_0137
TORONTO_UTE92_STU02730,TORONTO_UTE92_0167
TORONTO_UTE92_STU02731,TORONTO_UTE92_0015
TORONTO_UTE92_STU02731,TORONTO_UTE92_0068
TORONTO_UTE92_STU02731,TORONTO_UTE92_0134
TORONTO_UTE92_STU02731,TORONTO_UTE92_0137
TORONTO_UTE92_STU02731,TORONTO_UTE92_0167
TORONTO_UTE92_STU02732,TORONTO_UTE92_0045
TORONTO_UTE92_STU02732,TORONTO_UTE92_0066
TORONTO_UTE92_STU02732,TORONTO_UTE92_0100
TORONTO_UTE92_STU02732,TORONTO_UTE92_0130
TORONTO_UTE92_STU02732,TORONTO_UTE92_0136
TORONTO_UTE92_STU02733,TORONTO_UTE92_0010
TORONTO_UTE92_STU02733,TORONTO_UTE92_0045
TORONTO_UTE92_STU02733,TORONTO_UTE92_0066
TORONTO_UTE92_STU02733,TORONTO_UTE92_0130
TORONTO_UTE92_STU02733,TORONTO_UTE92_0136
TORONTO_UTE92_STU02734,TORONTO_UTE92_0046
TORONTO_UTE92_STU02734,TORONTO_UTE92_0068
TORONTO_UTE92_STU02734,TORONTO_UTE92_0104
TORONTO_UTE92_STU02734,TORONTO_UTE92_0134
TORONTO_UTE92_STU02734,TORONTO_UTE92_0137
TORONTO_UTE92_STU02735,TORONTO_UTE92_0045
TORONTO_UTE92_STU02735,TORONTO_UTE92_0067
TORONTO_UTE92_STU02735,TORONTO_UTE92_0100
TORONTO_UTE92_STU02735,TORONTO_UTE92_0130
TORONTO_UTE92_STU02735,TORONTO_UTE92_0132
TORONTO_UTE92_STU02736,TORONTO_UTE92_0045
TORONTO_UTE92_STU02736,TORONTO_UTE92_0066
TORONTO_UTE92_STU02736,TORONTO_UTE92_0100
TORONTO_UTE92_STU02736,TORONTO_UTE92_0130
TORONTO_UTE92_STU02736,TORONTO_UTE92_0136
TORONTO_UTE92_STU02737,TORONTO_UTE92_0045
TORONTO_UTE92_STU02737,TORONTO_UTE92_0066
TORONTO_UTE92_STU02737,TORONTO_UTE92_0130
TORONTO_UTE92_STU02737,TORONTO_UTE92_0136
TORONTO_UTE92_STU02737,TORONTO_UTE92_0140
TORONTO_UTE92_STU02738,TORONTO_UTE92_0063
TORONTO_UTE92_STU02738,TORONTO_UTE92_0074
TORONTO_UTE92_STU02738,TORONTO_UTE92_0138
TORONTO_UTE92_STU02738,TORONTO_UTE92_0184
TORONTO_UTE92_STU02739,TORONTO_UTE92_0045
TORONTO_UTE92_STU02739,TORONTO_UTE92_0066
TORONTO_UTE92_STU02739,TORONTO_UTE92_0130
TORONTO_UTE92_STU02739,TORONTO_UTE92_0136
TORONTO_UTE92_STU02739,TORONTO_UTE92_0140
TORONTO_UTE92_STU02740,TORONTO_UTE92_0019
TORONTO_UTE92_STU02740,TORONTO_UTE92_0023
TORONTO_UTE92_STU02740,TORONTO_UTE92_0024
TORONTO_UTE92_STU02740,TORONTO_UTE92_0026
TORONTO_UTE92_STU02740,TORONTO_UTE92_0028
TORONTO_UTE92_STU02741,TORONTO_UTE92_0011
TORONTO_UTE92_STU02742,TORONTO_UTE92_0009
TORONTO_UTE92_STU02742,TORONTO_UTE92_0011
TORONTO_UTE92_STU02742,TORONTO_UTE92_0130
TORONTO_UTE92_STU02742,TORONTO_UTE92_0135
TORONTO_UTE92_STU02743,TORONTO_UTE92_0013
TORONTO_UTE92_STU02743,TORONTO_UTE92_0045
TORONTO_UTE92_STU02743,TORONTO_UTE92_0066
TORONTO_UTE92_STU02743,TORONTO_UTE92_0130
TORONTO_UTE92_STU02743,TORONTO_UTE92_0136
TORONTO_UTE92_STU02744,TORONTO_UTE92_0012
TORONTO_UTE92_STU02744,TORONTO_UTE92_0130
TORONTO_UTE92_STU02744,TORONTO_UTE92_0131
TORONTO_UTE92_STU02744,TORONTO_UTE92_0132
TORONTO_UTE92_STU02745,TORONTO_UTE92_0068
TORONTO_UTE92_STU02745,TORONTO_UTE92_0134
TORONTO_UTE92_STU02745,TORONTO_UTE92_0137
TORONTO_UTE92_STU02745,TORONTO_UTE92_0167
TORONTO_UTE92_STU02745,TORONTO_UTE92_0183
TORONTO_UTE92_STU02746,TORONTO_UTE92_0008
TORONTO_UTE92_STU02746,TORONTO_UTE92_0013
TORONTO_UTE92_STU02746,TORONTO_UTE92_0067
TORONTO_UTE92_STU02746,TORONTO_UTE92_0107
TORONTO_UTE92_STU02746,TORONTO_UTE92_0136
TORONTO_UTE92_STU02747,TORONTO_UTE92_0009
TORONTO_UTE92_STU02747,TORONTO_UTE92_0013
TORONTO_UTE92_STU02747,TORONTO_UTE92_0066
TORONTO_UTE92_STU02747,TORONTO_UTE92_0130
TORONTO_UTE92_STU02747,TORONTO_UTE92_0136
TORONTO_UTE92_STU02748,TORONTO_UTE92_0068
TORONTO_UTE92_STU02748,TORONTO_UTE92_0134
TORONTO_UTE92_STU02748,TORONTO_UTE92_0137
TORONTO_UTE92_STU02748,TORONTO_UTE92_0167
TORONTO_UTE92_STU02749,TORONTO_UTE92_0009
TORONTO_UTE92_STU02749,TORONTO_UTE92_0015
TORONTO_UTE92_STU02749,TORONTO_UTE92_0066
TORONTO_UTE92_STU02749,TORONTO_UTE92_0130
TORONTO_UTE92_STU02749,TORONTO_UTE92_0136
