exam code,exam name,duration in minutes
TORONTO_PUR93_0001,Toronto PUR93 Course 0001,120
TORONTO_PUR93_0002,Toronto PUR93 Course 0002,120
TORONTO_PUR93_0003,Toronto PUR93 Course 0003,120
TORONTO_PUR93_0004,Toronto PUR93 Course 0004,120
TORONTO_PUR93_0005,Toronto PUR93 Course 0005,120
TORONTO_PUR93_0006,Toronto PUR93 Course 0006,120
TORONTO_PUR93_0007,Toronto PUR93 Course 0007,120
TORONTO_PUR93_0008,Toronto PUR93 Course 0008,120
TORONTO_PUR93_0009,Toronto PUR93 Course 0009,120
TORONTO_PUR93_0010,Toronto PUR93 Course 0010,120
TORONTO_PUR93_0011,Toronto PUR93 Course 0011,120
TORONTO_PUR93_0012,Toronto PUR93 Course 0012,120
TORONTO_PUR93_0013,Toronto PUR93 Course 0013,120
TORONTO_PUR93_0014,Toronto PUR93 Course 0014,120
TORONTO_PUR93_0015,Toronto PUR93 Course 0015,120
TORONTO_PUR93_0016,Toronto PUR93 Course 0016,120
TORONTO_PUR93_0017,Toronto PUR93 Course 0017,120
TORONTO_PUR93_0018,Toronto PUR93 Course 0018,120
TORONTO_PUR93_0019,Toronto PUR93 Course 0019,120
TORONTO_PUR93_0020,Toronto PUR93 Course 0020,120
TORONTO_PUR93_0021,Toronto PUR93 Course 0021,120
TORONTO_PUR93_0022,Toronto PUR93 Course 0022,120
TORONTO_PUR93_0023,Toronto PUR93 Course 0023,120
TORONTO_PUR93_0024,Toronto PUR93 Course 0024,120
TORONTO_PUR93_0025,Toronto PUR93 Course 0025,120
TORONTO_PUR93_0026,Toronto PUR93 Course 0026,120
TORONTO_PUR93_0027,Toronto PUR93 Course 0027,120
TORONTO_PUR93_0028,Toronto PUR93 Course 0028,120
TORONTO_PUR93_0029,Toronto PUR93 Course 0029,120
TORONTO_PUR93_0030,Toronto PUR93 Course 0030,120
TORONTO_PUR93_0031,Toronto PUR93 Course 0031,120
TORONTO_PUR93_0032,Toronto PUR93 Course 0032,120
TORONTO_PUR93_0033,Toronto PUR93 Course 0033,120
TORONTO_PUR93_0034,Toronto PUR93 Course 0034,120
TORONTO_PUR93_0035,Toronto PUR93 Course 0035,120
TORONTO_PUR93_0036,Toronto PUR93 Course 0036,120
TORONTO_PUR93_0037,Toronto PUR93 Course 0037,120
TORONTO_PUR93_0038,Toronto PUR93 Course 0038,120
TORONTO_PUR93_0039,Toronto PUR93 Course 0039,120
TORONTO_PUR93_0040,Toronto PUR93 Course 0040,120
TORONTO_PUR93_0041,Toronto PUR93 Course 0041,120
TORONTO_PUR93_0042,Toronto PUR93 Course 0042,120
TORONTO_PUR93_0043,Toronto PUR93 Course 0043,120
TORONTO_PUR93_0044,Toronto PUR93 Course 0044,120
TORONTO_PUR93_0045,Toronto PUR93 Course 0045,120
TORONTO_PUR93_0046,Toronto PUR93 Course 0046,120
TORONTO_PUR93_0047,Toronto PUR93 Course 0047,120
TORONTO_PUR93_0048,Toronto PUR93 Course 0048,120
TORONTO_PUR93_0049,Toronto PUR93 Course 0049,120
TORONTO_PUR93_0050,Toronto PUR93 Course 0050,120
TORONTO_PUR93_0051,Toronto PUR93 Course 0051,120
TORONTO_PUR93_0052,Toronto PUR93 Course 0052,120
TORONTO_PUR93_0053,Toronto PUR93 Course 0053,120
TORONTO_PUR93_0054,Toronto PUR93 Course 0054,120
TORONTO_PUR93_0055,Toronto PUR93 Course 0055,120
TORONTO_PUR93_0056,Toronto PUR93 Course 0056,120
TORONTO_PUR93_0057,Toronto PUR93 Course 0057,120
TORONTO_PUR93_0058,Toronto PUR93 Course 0058,120
TORONTO_PUR93_0059,Toronto PUR93 Course 0059,120
TORONTO_PUR93_0060,Toronto PUR93 Course 0060,120
TORONTO_PUR93_0061,Toronto PUR93 Course 0061,120
TORONTO_PUR93_0062,Toronto PUR93 Course 0062,120
TORONTO_PUR93_0063,Toronto PUR93 Course 0063,120
TORONTO_PUR93_0064,Toronto PUR93 Course 0064,120
TORONTO_PUR93_0065,Toronto PUR93 Course 0065,120
TORONTO_PUR93_0066,Toronto PUR93 Course 0066,120
TORONTO_PUR93_0067,Toronto PUR93 Course 0067,120
TORONTO_PUR93_0068,Toronto PUR93 Course 0068,120
TORONTO_PUR93_0069,Toronto PUR93 Course 0069,120
TORONTO_PUR93_0070,Toronto PUR93 Course 0070,120
TORONTO_PUR93_0071,Toronto PUR93 Course 0071,120
TORONTO_PUR93_0072,Toronto PUR93 Course 0072,120
TORONTO_PUR93_0073,Toronto PUR93 Course 0073,120
TORONTO_PUR93_0074,Toronto PUR93 Course 0074,120
TORONTO_PUR93_0075,Toronto PUR93 Course 0075,120
TORONTO_PUR93_0076,Toronto PUR93 Course 0076,120
TORONTO_PUR93_0077,Toronto PUR93 Course 0077,120
TORONTO_PUR93_0078,Toronto PUR93 Course 0078,120
TORONTO_PUR93_0079,Toronto PUR93 Course 0079,120
TORONTO_PUR93_0080,Toronto PUR93 Course 0080,120
TORONTO_PUR93_0081,Toronto PUR93 Course 0081,120
TORONTO_PUR93_0082,Toronto PUR93 Course 0082,120
TORONTO_PUR93_0083,Toronto PUR93 Course 0083,120
TORONTO_PUR93_0084,Toronto PUR93 Course 0084,120
TORONTO_PUR93_0085,Toronto PUR93 Course 0085,120
TORONTO_PUR93_0086,Toronto PUR93 Course 0086,120
TORONTO_PUR93_0087,Toronto PUR93 Course 0087,120
TORONTO_PUR93_0088,Toronto PUR93 Course 0088,120
TORONTO_PUR93_0089,Toronto PUR93 Course 0089,120
TORONTO_PUR93_0090,Toronto PUR93 Course 0090,120
TORONTO_PUR93_0091,Toronto PUR93 Course 0091,120
TORONTO_PUR93_0092,Toronto PUR93 Course 0092,120
TORONTO_PUR93_0093,Toronto PUR93 Course 0093,120
TORONTO_PUR93_0094,Toronto PUR93 Course 0094,120
TORONTO_PUR93_0095,Toronto PUR93 Course 0095,120
TORONTO_PUR93_0096,Toronto PUR93 Course 0096,120
TORONTO_PUR93_0097,Toronto PUR93 Course 0097,120
TORONTO_PUR93_0098,Toronto PUR93 Course 0098,120
TORONTO_PUR93_0099,Toronto PUR93 Course 0099,120
TORONTO_PUR93_0100,Toronto PUR93 Course 0100,120
TORONTO_PUR93_0101,Toronto PUR93 Course 0101,120
TORONTO_PUR93_0102,Toronto PUR93 Course 0102,120
TORONTO_PUR93_0103,Toronto PUR93 Course 0103,120
TORONTO_PUR93_0104,Toronto PUR93 Course 0104,120
TORONTO_PUR93_0105,Toronto PUR93 Course 0105,120
TORONTO_PUR93_0106,Toronto PUR93 Course 0106,120
TORONTO_PUR93_0107,Toronto PUR93 Course 0107,120
TORONTO_PUR93_0108,Toronto PUR93 Course 0108,120
TORONTO_PUR93_0109,Toronto PUR93 Course 0109,120
TORONTO_PUR93_0110,Toronto PUR93 Course 0110,120
TORONTO_PUR93_0111,Toronto PUR93 Course 0111,120
TORONTO_PUR93_0112,Toronto PUR93 Course 0112,120
TORONTO_PUR93_0113,Toronto PUR93 Course 0113,120
TORONTO_PUR93_0114,Toronto PUR93 Course 0114,120
TORONTO_PUR93_0115,Toronto PUR93 Course 0115,120
TORONTO_PUR93_0116,Toronto PUR93 Course 0116,120
TORONTO_PUR93_0117,Toronto PUR93 Course 0117,120
TORONTO_PUR93_0118,Toronto PUR93 Course 0118,120
TORONTO_PUR93_0119,Toronto PUR93 Course 0119,120
TORONTO_PUR93_0120,Toronto PUR93 Course 0120,120
TORONTO_PUR93_0121,Toronto PUR93 Course 0121,120
TORONTO_PUR93_0122,Toronto PUR93 Course 0122,120
TORONTO_PUR93_0123,Toronto PUR93 Course 0123,120
TORONTO_PUR93_0124,Toronto PUR93 Course 0124,120
TORONTO_PUR93_0125,Toronto PUR93 Course 0125,120
TORONTO_PUR93_0126,Toronto PUR93 Course 0126,120
TORONTO_PUR93_0127,Toronto PUR93 Course 0127,120
TORONTO_PUR93_0128,Toronto PUR93 Course 0128,120
TORONTO_PUR93_0129,Toronto PUR93 Course 0129,120
TORONTO_PUR93_0130,Toronto PUR93 Course 0130,120
TORONTO_PUR93_0131,Toronto PUR93 Course 0131,120
TORONTO_PUR93_0132,Toronto PUR93 Course 0132,120
TORONTO_PUR93_0133,Toronto PUR93 Course 0133,120
TORONTO_PUR93_0134,Toronto PUR93 Course 0134,120
TORONTO_PUR93_0135,Toronto PUR93 Course 0135,120
TORONTO_PUR93_0136,Toronto PUR93 Course 0136,120
TORONTO_PUR93_0137,Toronto PUR93 Course 0137,120
TORONTO_PUR93_0138,Toronto PUR93 Course 0138,120
TORONTO_PUR93_0139,Toronto PUR93 Course 0139,120
TORONTO_PUR93_0140,Toronto PUR93 Course 0140,120
TORONTO_PUR93_0141,Toronto PUR93 Course 0141,120
TORONTO_PUR93_0142,Toronto PUR93 Course 0142,120
TORONTO_PUR93_0143,Toronto PUR93 Course 0143,120
TORONTO_PUR93_0144,Toronto PUR93 Course 0144,120
TORONTO_PUR93_0145,Toronto PUR93 Course 0145,120
TORONTO_PUR93_0146,Toronto PUR93 Course 0146,120
TORONTO_PUR93_0147,Toronto PUR93 Course 0147,120
TORONTO_PUR93_0148,Toronto PUR93 Course 0148,120
TORONTO_PUR93_0149,Toronto PUR93 Course 0149,120
TORONTO_PUR93_0150,Toronto PUR93 Course 0150,120
TORONTO_PUR93_0151,Toronto PUR93 Course 0151,120
TORONTO_PUR93_0152,Toronto PUR93 Course 0152,120
TORONTO_PUR93_0153,Toronto PUR93 Course 0153,120
TORONTO_PUR93_0154,Toronto PUR93 Course 0154,120
TORONTO_PUR93_0155,Toronto PUR93 Course 0155,120
TORONTO_PUR93_0156,Toronto PUR93 Course 0156,120
TORONTO_PUR93_0157,Toronto PUR93 Course 0157,120
TORONTO_PUR93_0158,Toronto PUR93 Course 0158,120
TORONTO_PUR93_0159,Toronto PUR93 Course 0159,120
TORONTO_PUR93_0160,Toronto PUR93 Course 0160,120
TORONTO_PUR93_0161,Toronto PUR93 Course 0161,120
TORONTO_PUR93_0162,Toronto PUR93 Course 0162,120
TORONTO_PUR93_0163,Toronto PUR93 Course 0163,120
TORONTO_PUR93_0164,Toronto PUR93 Course 0164,120
TORONTO_PUR93_0165,Toronto PUR93 Course 0165,120
TORONTO_PUR93_0166,Toronto PUR93 Course 0166,120
TORONTO_PUR93_0167,Toronto PUR93 Course 0167,120
TORONTO_PUR93_0168,Toronto PUR93 Course 0168,120
TORONTO_PUR93_0169,Toronto PUR93 Course 0169,120
TORONTO_PUR93_0170,Toronto PUR93 Course 0170,120
TORONTO_PUR93_0171,Toronto PUR93 Course 0171,120
TORONTO_PUR93_0172,Toronto PUR93 Course 0172,120
TORONTO_PUR93_0173,Toronto PUR93 Course 0173,120
TORONTO_PUR93_0174,Toronto PUR93 Course 0174,120
TORONTO_PUR93_0175,Toronto PUR93 Course 0175,120
TORONTO_PUR93_0176,Toronto PUR93 Course 0176,120
TORONTO_PUR93_0177,Toronto PUR93 Course 0177,120
TORONTO_PUR93_0178,Toronto PUR93 Course 0178,120
TORONTO_PUR93_0179,Toronto PUR93 Course 0179,120
TORONTO_PUR93_0180,Toronto PUR93 Course 0180,120
TORONTO_PUR93_0181,Toronto PUR93 Course 0181,120
TORONTO_PUR93_0182,Toronto PUR93 Course 0182,120
TORONTO_PUR93_0183,Toronto PUR93 Course 0183,120
TORONTO_PUR93_0184,Toronto PUR93 Course 0184,120
TORONTO_PUR93_0185,Toronto PUR93 Course 0185,120
TORONTO_PUR93_0186,Toronto PUR93 Course 0186,120
TORONTO_PUR93_0187,Toronto PUR93 Course 0187,120
TORONTO_PUR93_0188,Toronto PUR93 Course 0188,120
TORONTO_PUR93_0189,Toronto PUR93 Course 0189,120
TORONTO_PUR93_0190,Toronto PUR93 Course 0190,120
TORONTO_PUR93_0191,Toronto PUR93 Course 0191,120
TORONTO_PUR93_0192,Toronto PUR93 Course 0192,120
TORONTO_PUR93_0193,Toronto PUR93 Course 0193,120
TORONTO_PUR93_0194,Toronto PUR93 Course 0194,120
TORONTO_PUR93_0195,Toronto PUR93 Course 0195,120
TORONTO_PUR93_0196,Toronto PUR93 Course 0196,120
TORONTO_PUR93_0197,Toronto PUR93 Course 0197,120
TORONTO_PUR93_0198,Toronto PUR93 Course 0198,120
TORONTO_PUR93_0199,Toronto PUR93 Course 0199,120
TORONTO_PUR93_0200,Toronto PUR93 Course 0200,120
TORONTO_PUR93_0201,Toronto PUR93 Course 0201,120
TORONTO_PUR93_0202,Toronto PUR93 Course 0202,120
TORONTO_PUR93_0203,Toronto PUR93 Course 0203,120
TORONTO_PUR93_0204,Toronto PUR93 Course 0204,120
TORONTO_PUR93_0205,Toronto PUR93 Course 0205,120
TORONTO_PUR93_0206,Toronto PUR93 Course 0206,120
TORONTO_PUR93_0207,Toronto PUR93 Course 0207,120
TORONTO_PUR93_0208,Toronto PUR93 Course 0208,120
TORONTO_PUR93_0209,Toronto PUR93 Course 0209,120
TORONTO_PUR93_0210,Toronto PUR93 Course 0210,120
TORONTO_PUR93_0211,Toronto PUR93 Course 0211,120
TORONTO_PUR93_0212,Toronto PUR93 Course 0212,120
TORONTO_PUR93_0213,Toronto PUR93 Course 0213,120
TORONTO_PUR93_0214,Toronto PUR93 Course 0214,120
TORONTO_PUR93_0215,Toronto PUR93 Course 0215,120
TORONTO_PUR93_0216,Toronto PUR93 Course 0216,120
TORONTO_PUR93_0217,Toronto PUR93 Course 0217,120
TORONTO_PUR93_0218,Toronto PUR93 Course 0218,120
TORONTO_PUR93_0219,Toronto PUR93 Course 0219,120
TORONTO_PUR93_0220,Toronto PUR93 Course 0220,120
TORONTO_PUR93_0221,Toronto PUR93 Course 0221,120
TORONTO_PUR93_0222,Toronto PUR93 Course 0222,120
TORONTO_PUR93_0223,Toronto PUR93 Course 0223,120
TORONTO_PUR93_0224,Toronto PUR93 Course 0224,120
TORONTO_PUR93_0225,Toronto PUR93 Course 0225,120
TORONTO_PUR93_0226,Toronto PUR93 Course 0226,120
TORONTO_PUR93_0227,Toronto PUR93 Course 0227,120
TORONTO_PUR93_0228,Toronto PUR93 Course 0228,120
TORONTO_PUR93_0229,Toronto PUR93 Course 0229,120
TORONTO_PUR93_0230,Toronto PUR93 Course 0230,120
TORONTO_PUR93_0231,Toronto PUR93 Course 0231,120
TORONTO_PUR93_0232,Toronto PUR93 Course 0232,120
TORONTO_PUR93_0233,Toronto PUR93 Course 0233,120
TORONTO_PUR93_0234,Toronto PUR93 Course 0234,120
TORONTO_PUR93_0235,Toronto PUR93 Course 0235,120
TORONTO_PUR93_0236,Toronto PUR93 Course 0236,120
TORONTO_PUR93_0237,Toronto PUR93 Course 0237,120
TORONTO_PUR93_0238,Toronto PUR93 Course 0238,120
TORONTO_PUR93_0239,Toronto PUR93 Course 0239,120
TORONTO_PUR93_0240,Toronto PUR93 Course 0240,120
TORONTO_PUR93_0241,Toronto PUR93 Course 0241,120
TORONTO_PUR93_0242,Toronto PUR93 Course 0242,120
TORONTO_PUR93_0243,Toronto PUR93 Course 0243,120
TORONTO_PUR93_0244,Toronto PUR93 Course 0244,120
TORONTO_PUR93_0245,Toronto PUR93 Course 0245,120
TORONTO_PUR93_0246,Toronto PUR93 Course 0246,120
TORONTO_PUR93_0247,Toronto PUR93 Course 0247,120
TORONTO_PUR93_0248,Toronto PUR93 Course 0248,120
TORONTO_PUR93_0249,Toronto PUR93 Course 0249,120
TORONTO_PUR93_0250,Toronto PUR93 Course 0250,120
TORONTO_PUR93_0251,Toronto PUR93 Course 0251,120
TORONTO_PUR93_0252,Toronto PUR93 Course 0252,120
TORONTO_PUR93_0253,Toronto PUR93 Course 0253,120
TORONTO_PUR93_0254,Toronto PUR93 Course 0254,120
TORONTO_PUR93_0255,Toronto PUR93 Course 0255,120
TORONTO_PUR93_0256,Toronto PUR93 Course 0256,120
TORONTO_PUR93_0257,Toronto PUR93 Course 0257,120
TORONTO_PUR93_0258,Toronto PUR93 Course 0258,120
TORONTO_PUR93_0259,Toronto PUR93 Course 0259,120
TORONTO_PUR93_0260,Toronto PUR93 Course 0260,120
TORONTO_PUR93_0261,Toronto PUR93 Course 0261,120
TORONTO_PUR93_0262,Toronto PUR93 Course 0262,120
TORONTO_PUR93_0263,Toronto PUR93 Course 0263,120
TORONTO_PUR93_0264,Toronto PUR93 Course 0264,120
TORONTO_PUR93_0265,Toronto PUR93 Course 0265,120
TORONTO_PUR93_0266,Toronto PUR93 Course 0266,120
TORONTO_PUR93_0267,Toronto PUR93 Course 0267,120
TORONTO_PUR93_0268,Toronto PUR93 Course 0268,120
TORONTO_PUR93_0269,Toronto PUR93 Course 0269,120
TORONTO_PUR93_0270,Toronto PUR93 Course 0270,120
TORONTO_PUR93_0271,Toronto PUR93 Course 0271,120
TORONTO_PUR93_0272,Toronto PUR93 Course 0272,120
TORONTO_PUR93_0273,Toronto PUR93 Course 0273,120
TORONTO_PUR93_0274,Toronto PUR93 Course 0274,120
TORONTO_PUR93_0275,Toronto PUR93 Course 0275,120
TORONTO_PUR93_0276,Toronto PUR93 Course 0276,120
TORONTO_PUR93_0277,Toronto PUR93 Course 0277,120
TORONTO_PUR93_0278,Toronto PUR93 Course 0278,120
TORONTO_PUR93_0279,Toronto PUR93 Course 0279,120
TORONTO_PUR93_0280,Toronto PUR93 Course 0280,120
TORONTO_PUR93_0281,Toronto PUR93 Course 0281,120
TORONTO_PUR93_0282,Toronto PUR93 Course 0282,120
TORONTO_PUR93_0283,Toronto PUR93 Course 0283,120
TORONTO_PUR93_0284,Toronto PUR93 Course 0284,120
TORONTO_PUR93_0285,Toronto PUR93 Course 0285,120
TORONTO_PUR93_0286,Toronto PUR93 Course 0286,120
TORONTO_PUR93_0287,Toronto PUR93 Course 0287,120
TORONTO_PUR93_0288,Toronto PUR93 Course 0288,120
TORONTO_PUR93_0289,Toronto PUR93 Course 0289,120
TORONTO_PUR93_0290,Toronto PUR93 Course 0290,120
TORONTO_PUR93_0291,Toronto PUR93 Course 0291,120
TORONTO_PUR93_0292,Toronto PUR93 Course 0292,120
TORONTO_PUR93_0293,Toronto PUR93 Course 0293,120
TORONTO_PUR93_0294,Toronto PUR93 Course 0294,120
TORONTO_PUR93_0295,Toronto PUR93 Course 0295,120
TORONTO_PUR93_0296,Toronto PUR93 Course 0296,120
TORONTO_PUR93_0297,Toronto PUR93 Course 0297,120
TORONTO_PUR93_0298,Toronto PUR93 Course 0298,120
TORONTO_PUR93_0299,Toronto PUR93 Course 0299,120
TORONTO_PUR93_0300,Toronto PUR93 Course 0300,120
TORONTO_PUR93_0301,Toronto PUR93 Course 0301,120
TORONTO_PUR93_0302,Toronto PUR93 Course 0302,120
TORONTO_PUR93_0303,Toronto PUR93 Course 0303,120
TORONTO_PUR93_0304,Toronto PUR93 Course 0304,120
TORONTO_PUR93_0305,Toronto PUR93 Course 0305,120
TORONTO_PUR93_0306,Toronto PUR93 Course 0306,120
TORONTO_PUR93_0307,Toronto PUR93 Course 0307,120
TORONTO_PUR93_0308,Toronto PUR93 Course 0308,120
TORONTO_PUR93_0309,Toronto PUR93 Course 0309,120
TORONTO_PUR93_0310,Toronto PUR93 Course 0310,120
TORONTO_PUR93_0311,Toronto PUR93 Course 0311,120
TORONTO_PUR93_0312,Toronto PUR93 Course 0312,120
TORONTO_PUR93_0313,Toronto PUR93 Course 0313,120
TORONTO_PUR93_0314,Toronto PUR93 Course 0314,120
TORONTO_PUR93_0315,Toronto PUR93 Course 0315,120
TORONTO_PUR93_0316,Toronto PUR93 Course 0316,120
TORONTO_PUR93_0317,Toronto PUR93 Course 0317,120
TORONTO_PUR93_0318,Toronto PUR93 Course 0318,120
TORONTO_PUR93_0319,Toronto PUR93 Course 0319,120
TORONTO_PUR93_0320,Toronto PUR93 Course 0320,120
TORONTO_PUR93_0321,Toronto PUR93 Course 0321,120
TORONTO_PUR93_0322,Toronto PUR93 Course 0322,120
TORONTO_PUR93_0323,Toronto PUR93 Course 0323,120
TORONTO_PUR93_0324,Toronto PUR93 Course 0324,120
TORONTO_PUR93_0325,Toronto PUR93 Course 0325,120
TORONTO_PUR93_0326,Toronto PUR93 Course 0326,120
TORONTO_PUR93_0327,Toronto PUR93 Course 0327,120
TORONTO_PUR93_0328,Toronto PUR93 Course 0328,120
TORONTO_PUR93_0329,Toronto PUR93 Course 0329,120
TORONTO_PUR93_0330,Toronto PUR93 Course 0330,120
TORONTO_PUR93_0331,Toronto PUR93 Course 0331,120
TORONTO_PUR93_0332,Toronto PUR93 Course 0332,120
TORONTO_PUR93_0333,Toronto PUR93 Course 0333,120
TORONTO_PUR93_0334,Toronto PUR93 Course 0334,120
TORONTO_PUR93_0335,Toronto PUR93 Course 0335,120
TORONTO_PUR93_0336,Toronto PUR93 Course 0336,120
TORONTO_PUR93_0337,Toronto PUR93 Course 0337,120
TORONTO_PUR93_0338,Toronto PUR93 Course 0338,120
TORONTO_PUR93_0339,Toronto PUR93 Course 0339,120
TORONTO_PUR93_0340,Toronto PUR93 Course 0340,120
TORONTO_PUR93_0341,Toronto PUR93 Course 0341,120
TORONTO_PUR93_0342,Toronto PUR93 Course 0342,120
TORONTO_PUR93_0343,Toronto PUR93 Course 0343,120
TORONTO_PUR93_0344,Toronto PUR93 Course 0344,120
TORONTO_PUR93_0345,Toronto PUR93 Course 0345,120
TORONTO_PUR93_0346,Toronto PUR93 Course 0346,120
TORONTO_PUR93_0347,Toronto PUR93 Course 0347,120
TORONTO_PUR93_0348,Toronto PUR93 Course 0348,120
TORONTO_PUR93_0349,Toronto PUR93 Course 0349,120
TORONTO_PUR93_0350,Toronto PUR93 Course 0350,120
TORONTO_PUR93_0351,Toronto PUR93 Course 0351,120
TORONTO_PUR93_0352,Toronto PUR93 Course 0352,120
TORONTO_PUR93_0353,Toronto PUR93 Course 0353,120
TORONTO_PUR93_0354,Toronto PUR93 Course 0354,120
TORONTO_PUR93_0355,Toronto PUR93 Course 0355,120
TORONTO_PUR93_0356,Toronto PUR93 Course 0356,120
TORONTO_PUR93_0357,Toronto PUR93 Course 0357,120
TORONTO_PUR93_0358,Toronto PUR93 Course 0358,120
TORONTO_PUR93_0359,Toronto PUR93 Course 0359,120
TORONTO_PUR93_0360,Toronto PUR93 Course 0360,120
TORONTO_PUR93_0361,Toronto PUR93 Course 0361,120
TORONTO_PUR93_0362,Toronto PUR93 Course 0362,120
TORONTO_PUR93_0363,Toronto PUR93 Course 0363,120
TORONTO_PUR93_0364,Toronto PUR93 Course 0364,120
TORONTO_PUR93_0365,Toronto PUR93 Course 0365,120
TORONTO_PUR93_0366,Toronto PUR93 Course 0366,120
TORONTO_PUR93_0367,Toronto PUR93 Course 0367,120
TORONTO_PUR93_0368,Toronto PUR93 Course 0368,120
TORONTO_PUR93_0369,Toronto PUR93 Course 0369,120
TORONTO_PUR93_0370,Toronto PUR93 Course 0370,120
TORONTO_PUR93_0371,Toronto PUR93 Course 0371,120
TORONTO_PUR93_0372,Toronto PUR93 Course 0372,120
TORONTO_PUR93_0373,Toronto PUR93 Course 0373,120
TORONTO_PUR93_0374,Toronto PUR93 Course 0374,120
TORONTO_PUR93_0375,Toronto PUR93 Course 0375,120
TORONTO_PUR93_0376,Toronto PUR93 Course 0376,120
TORONTO_PUR93_0377,Toronto PUR93 Course 0377,120
TORONTO_PUR93_0378,Toronto PUR93 Course 0378,120
TORONTO_PUR93_0379,Toronto PUR93 Course 0379,120
TORONTO_PUR93_0380,Toronto PUR93 Course 0380,120
TORONTO_PUR93_0381,Toronto PUR93 Course 0381,120
TORONTO_PUR93_0382,Toronto PUR93 Course 0382,120
TORONTO_PUR93_0383,Toronto PUR93 Course 0383,120
TORONTO_PUR93_0384,Toronto PUR93 Course 0384,120
TORONTO_PUR93_0385,Toronto PUR93 Course 0385,120
TORONTO_PUR93_0386,Toronto PUR93 Course 0386,120
TORONTO_PUR93_0387,Toronto PUR93 Course 0387,120
TORONTO_PUR93_0388,Toronto PUR93 Course 0388,120
TORONTO_PUR93_0389,Toronto PUR93 Course 0389,120
TORONTO_PUR93_0390,Toronto PUR93 Course 0390,120
TORONTO_PUR93_0391,Toronto PUR93 Course 0391,120
TORONTO_PUR93_0392,Toronto PUR93 Course 0392,120
TORONTO_PUR93_0393,Toronto PUR93 Course 0393,120
TORONTO_PUR93_0394,Toronto PUR93 Course 0394,120
TORONTO_PUR93_0395,Toronto PUR93 Course 0395,120
TORONTO_PUR93_0396,Toronto PUR93 Course 0396,120
TORONTO_PUR93_0397,Toronto PUR93 Course 0397,120
TORONTO_PUR93_0398,Toronto PUR93 Course 0398,120
TORONTO_PUR93_0399,Toronto PUR93 Course 0399,120
TORONTO_PUR93_0400,Toronto PUR93 Course 0400,120
TORONTO_PUR93_0401,Toronto PUR93 Course 0401,120
TORONTO_PUR93_0402,Toronto PUR93 Course 0402,120
TORONTO_PUR93_0403,Toronto PUR93 Course 0403,120
TORONTO_PUR93_0404,Toronto PUR93 Course 0404,120
TORONTO_PUR93_0405,Toronto PUR93 Course 0405,120
TORONTO_PUR93_0406,Toronto PUR93 Course 0406,120
TORONTO_PUR93_0407,Toronto PUR93 Course 0407,120
TORONTO_PUR93_0408,Toronto PUR93 Course 0408,120
TORONTO_PUR93_0409,Toronto PUR93 Course 0409,120
TORONTO_PUR93_0410,Toronto PUR93 Course 0410,120
TORONTO_PUR93_0411,Toronto PUR93 Course 0411,120
TORONTO_PUR93_0412,Toronto PUR93 Course 0412,120
TORONTO_PUR93_0413,Toronto PUR93 Course 0413,120
TORONTO_PUR93_0414,Toronto PUR93 Course 0414,120
TORONTO_PUR93_0415,Toronto PUR93 Course 0415,120
TORONTO_PUR93_0416,Toronto PUR93 Course 0416,120
TORONTO_PUR93_0417,Toronto PUR93 Course 0417,120
TORONTO_PUR93_0418,Toronto PUR93 Course 0418,120
TORONTO_PUR93_0419,Toronto PUR93 Course 0419,120
TORONTO_PUR93_0420,Toronto PUR93 Course 0420,120
TORONTO_PUR93_0421,Toronto PUR93 Course 0421,120
TORONTO_PUR93_0422,Toronto PUR93 Course 0422,120
TORONTO_PUR93_0423,Toronto PUR93 Course 0423,120
TORONTO_PUR93_0424,Toronto PUR93 Course 0424,120
TORONTO_PUR93_0425,Toronto PUR93 Course 0425,120
TORONTO_PUR93_0426,Toronto PUR93 Course 0426,120
TORONTO_PUR93_0427,Toronto PUR93 Course 0427,120
TORONTO_PUR93_0428,Toronto PUR93 Course 0428,120
TORONTO_PUR93_0429,Toronto PUR93 Course 0429,120
TORONTO_PUR93_0430,Toronto PUR93 Course 0430,120
TORONTO_PUR93_0431,Toronto PUR93 Course 0431,120
TORONTO_PUR93_0432,Toronto PUR93 Course 0432,120
TORONTO_PUR93_0433,Toronto PUR93 Course 0433,120
TORONTO_PUR93_0434,Toronto PUR93 Course 0434,120
TORONTO_PUR93_0435,Toronto PUR93 Course 0435,120
TORONTO_PUR93_0436,Toronto PUR93 Course 0436,120
TORONTO_PUR93_0437,Toronto PUR93 Course 0437,120
TORONTO_PUR93_0438,Toronto PUR93 Course 0438,120
TORONTO_PUR93_0439,Toronto PUR93 Course 0439,120
TORONTO_PUR93_0440,Toronto PUR93 Course 0440,120
TORONTO_PUR93_0441,Toronto PUR93 Course 0441,120
TORONTO_PUR93_0442,Toronto PUR93 Course 0442,120
TORONTO_PUR93_0443,Toronto PUR93 Course 0443,120
TORONTO_PUR93_0444,Toronto PUR93 Course 0444,120
TORONTO_PUR93_0445,Toronto PUR93 Course 0445,120
TORONTO_PUR93_0446,Toronto PUR93 Course 0446,120
TORONTO_PUR93_0447,Toronto PUR93 Course 0447,120
TORONTO_PUR93_0448,Toronto PUR93 Course 0448,120
TORONTO_PUR93_0449,Toronto PUR93 Course 0449,120
TORONTO_PUR93_0450,Toronto PUR93 Course 0450,120
TORONTO_PUR93_0451,Toronto PUR93 Course 0451,120
TORONTO_PUR93_0452,Toronto PUR93 Course 0452,120
TORONTO_PUR93_0453,Toronto PUR93 Course 0453,120
TORONTO_PUR93_0454,Toronto PUR93 Course 0454,120
TORONTO_PUR93_0455,Toronto PUR93 Course 0455,120
TORONTO_PUR93_0456,Toronto PUR93 Course 0456,120
TORONTO_PUR93_0457,Toronto PUR93 Course 0457,120
TORONTO_PUR93_0458,Toronto PUR93 Course 0458,120
TORONTO_PUR93_0459,Toronto PUR93 Course 0459,120
TORONTO_PUR93_0460,Toronto PUR93 Course 0460,120
TORONTO_PUR93_0461,Toronto PUR93 Course 0461,120
TORONTO_PUR93_0462,Toronto PUR93 Course 0462,120
TORONTO_PUR93_0463,Toronto PUR93 Course 0463,120
TORONTO_PUR93_0464,Toronto PUR93 Course 0464,120
TORONTO_PUR93_0465,Toronto PUR93 Course 0465,120
TORONTO_PUR93_0466,Toronto PUR93 Course 0466,120
TORONTO_PUR93_0467,Toronto PUR93 Course 0467,120
TORONTO_PUR93_0468,Toronto PUR93 Course 0468,120
TORONTO_PUR93_0469,Toronto PUR93 Course 0469,120
TORONTO_PUR93_0470,Toronto PUR93 Course 0470,120
TORONTO_PUR93_0471,Toronto PUR93 Course 0471,120
TORONTO_PUR93_0472,Toronto PUR93 Course 0472,120
TORONTO_PUR93_0473,Toronto PUR93 Course 0473,120
TORONTO_PUR93_0474,Toronto PUR93 Course 0474,120
TORONTO_PUR93_0475,Toronto PUR93 Course 0475,120
TORONTO_PUR93_0476,Toronto PUR93 Course 0476,120
TORONTO_PUR93_0477,Toronto PUR93 Course 0477,120
TORONTO_PUR93_0478,Toronto PUR93 Course 0478,120
TORONTO_PUR93_0479,Toronto PUR93 Course 0479,120
TORONTO_PUR93_0480,Toronto PUR93 Course 0480,120
TORONTO_PUR93_0481,Toronto PUR93 Course 0481,120
TORONTO_PUR93_0482,Toronto PUR93 Course 0482,120
TORONTO_PUR93_0483,Toronto PUR93 Course 0483,120
TORONTO_PUR93_0484,Toronto PUR93 Course 0484,120
TORONTO_PUR93_0485,Toronto PUR93 Course 0485,120
TORONTO_PUR93_0486,Toronto PUR93 Course 0486,120
TORONTO_PUR93_0487,Toronto PUR93 Course 0487,120
TORONTO_PUR93_0488,Toronto PUR93 Course 0488,120
TORONTO_PUR93_0489,Toronto PUR93 Course 0489,120
TORONTO_PUR93_0490,Toronto PUR93 Course 0490,120
TORONTO_PUR93_0491,Toronto PUR93 Course 0491,120
TORONTO_PUR93_0492,Toronto PUR93 Course 0492,120
TORONTO_PUR93_0493,Toronto PUR93 Course 0493,120
TORONTO_PUR93_0494,Toronto PUR93 Course 0494,120
TORONTO_PUR93_0495,Toronto PUR93 Course 0495,120
TORONTO_PUR93_0496,Toronto PUR93 Course 0496,120
TORONTO_PUR93_0497,Toronto PUR93 Course 0497,120
TORONTO_PUR93_0498,Toronto PUR93 Course 0498,120
TORONTO_PUR93_0499,Toronto PUR93 Course 0499,120
TORONTO_PUR93_0500,Toronto PUR93 Course 0500,120
TORONTO_PUR93_0501,Toronto PUR93 Course 0501,120
TORONTO_PUR93_0502,Toronto PUR93 Course 0502,120
TORONTO_PUR93_0503,Toronto PUR93 Course 0503,120
TORONTO_PUR93_0504,Toronto PUR93 Course 0504,120
TORONTO_PUR93_0505,Toronto PUR93 Course 0505,120
TORONTO_PUR93_0506,Toronto PUR93 Course 0506,120
TORONTO_PUR93_0507,Toronto PUR93 Course 0507,120
TORONTO_PUR93_0508,Toronto PUR93 Course 0508,120
TORONTO_PUR93_0509,Toronto PUR93 Course 0509,120
TORONTO_PUR93_0510,Toronto PUR93 Course 0510,120
TORONTO_PUR93_0511,Toronto PUR93 Course 0511,120
TORONTO_PUR93_0512,Toronto PUR93 Course 0512,120
TORONTO_PUR93_0513,Toronto PUR93 Course 0513,120
TORONTO_PUR93_0514,Toronto PUR93 Course 0514,120
TORONTO_PUR93_0515,Toronto PUR93 Course 0515,120
TORONTO_PUR93_0516,Toronto PUR93 Course 0516,120
TORONTO_PUR93_0517,Toronto PUR93 Course 0517,120
TORONTO_PUR93_0518,Toronto PUR93 Course 0518,120
TORONTO_PUR93_0519,Toronto PUR93 Course 0519,120
TORONTO_PUR93_0520,Toronto PUR93 Course 0520,120
TORONTO_PUR93_0521,Toronto PUR93 Course 0521,120
TORONTO_PUR93_0522,Toronto PUR93 Course 0522,120
TORONTO_PUR93_0523,Toronto PUR93 Course 0523,120
TORONTO_PUR93_0524,Toronto PUR93 Course 0524,120
TORONTO_PUR93_0525,Toronto PUR93 Course 0525,120
TORONTO_PUR93_0526,Toronto PUR93 Course 0526,120
TORONTO_PUR93_0527,Toronto PUR93 Course 0527,120
TORONTO_PUR93_0528,Toronto PUR93 Course 0528,120
TORONTO_PUR93_0529,Toronto PUR93 Course 0529,120
TORONTO_PUR93_0530,Toronto PUR93 Course 0530,120
TORONTO_PUR93_0531,Toronto PUR93 Course 0531,120
TORONTO_PUR93_0532,Toronto PUR93 Course 0532,120
TORONTO_PUR93_0533,Toronto PUR93 Course 0533,120
TORONTO_PUR93_0534,Toronto PUR93 Course 0534,120
TORONTO_PUR93_0535,Toronto PUR93 Course 0535,120
TORONTO_PUR93_0536,Toronto PUR93 Course 0536,120
TORONTO_PUR93_0537,Toronto PUR93 Course 0537,120
TORONTO_PUR93_0538,Toronto PUR93 Course 0538,120
TORONTO_PUR93_0539,Toronto PUR93 Course 0539,120
TORONTO_PUR93_0540,Toronto PUR93 Course 0540,120
TORONTO_PUR93_0541,Toronto PUR93 Course 0541,120
TORONTO_PUR93_0542,Toronto PUR93 Course 0542,120
TORONTO_PUR93_0543,Toronto PUR93 Course 0543,120
TORONTO_PUR93_0544,Toronto PUR93 Course 0544,120
TORONTO_PUR93_0545,Toronto PUR93 Course 0545,120
TORONTO_PUR93_0546,Toronto PUR93 Course 0546,120
TORONTO_PUR93_0547,Toronto PUR93 Course 0547,120
TORONTO_PUR93_0548,Toronto PUR93 Course 0548,120
TORONTO_PUR93_0549,Toronto PUR93 Course 0549,120
TORONTO_PUR93_0550,Toronto PUR93 Course 0550,120
TORONTO_PUR93_0551,Toronto PUR93 Course 0551,120
TORONTO_PUR93_0552,Toronto PUR93 Course 0552,120
TORONTO_PUR93_0553,Toronto PUR93 Course 0553,120
TORONTO_PUR93_0554,Toronto PUR93 Course 0554,120
TORONTO_PUR93_0555,Toronto PUR93 Course 0555,120
TORONTO_PUR93_0556,Toronto PUR93 Course 0556,120
TORONTO_PUR93_0557,Toronto PUR93 Course 0557,120
TORONTO_PUR93_0558,Toronto PUR93 Course 0558,120
TORONTO_PUR93_0559,Toronto PUR93 Course 0559,120
TORONTO_PUR93_0560,Toronto PUR93 Course 0560,120
TORONTO_PUR93_0561,Toronto PUR93 Course 0561,120
TORONTO_PUR93_0562,Toronto PUR93 Course 0562,120
TORONTO_PUR93_0563,Toronto PUR93 Course 0563,120
TORONTO_PUR93_0564,Toronto PUR93 Course 0564,120
TORONTO_PUR93_0565,Toronto PUR93 Course 0565,120
TORONTO_PUR93_0566,Toronto PUR93 Course 0566,120
TORONTO_PUR93_0567,Toronto PUR93 Course 0567,120
TORONTO_PUR93_0568,Toronto PUR93 Course 0568,120
TORONTO_PUR93_0569,Toronto PUR93 Course 0569,120
TORONTO_PUR93_0570,Toronto PUR93 Course 0570,120
TORONTO_PUR93_0571,Toronto PUR93 Course 0571,120
TORONTO_PUR93_0572,Toronto PUR93 Course 0572,120
TORONTO_PUR93_0573,Toronto PUR93 Course 0573,120
TORONTO_PUR93_0574,Toronto PUR93 Course 0574,120
TORONTO_PUR93_0575,Toronto PUR93 Course 0575,120
TORONTO_PUR93_0576,Toronto PUR93 Course 0576,120
TORONTO_PUR93_0577,Toronto PUR93 Course 0577,120
TORONTO_PUR93_0578,Toronto PUR93 Course 0578,120
TORONTO_PUR93_0579,Toronto PUR93 Course 0579,120
TORONTO_PUR93_0580,Toronto PUR93 Course 0580,120
TORONTO_PUR93_0581,Toronto PUR93 Course 0581,120
TORONTO_PUR93_0582,Toronto PUR93 Course 0582,120
TORONTO_PUR93_0583,Toronto PUR93 Course 0583,120
TORONTO_PUR93_0584,Toronto PUR93 Course 0584,120
TORONTO_PUR93_0585,Toronto PUR93 Course 0585,120
TORONTO_PUR93_0586,Toronto PUR93 Course 0586,120
TORONTO_PUR93_0587,Toronto PUR93 Course 0587,120
TORONTO_PUR93_0588,Toronto PUR93 Course 0588,120
TORONTO_PUR93_0589,Toronto PUR93 Course 0589,120
TORONTO_PUR93_0590,Toronto PUR93 Course 0590,120
TORONTO_PUR93_0591,Toronto PUR93 Course 0591,120
TORONTO_PUR93_0592,Toronto PUR93 Course 0592,120
TORONTO_PUR93_0593,Toronto PUR93 Course 0593,120
TORONTO_PUR93_0594,Toronto PUR93 Course 0594,120
TORONTO_PUR93_0595,Toronto PUR93 Course 0595,120
TORONTO_PUR93_0596,Toronto PUR93 Course 0596,120
TORONTO_PUR93_0597,Toronto PUR93 Course 0597,120
TORONTO_PUR93_0598,Toronto PUR93 Course 0598,120
TORONTO_PUR93_0599,Toronto PUR93 Course 0599,120
TORONTO_PUR93_0600,Toronto PUR93 Course 0600,120
TORONTO_PUR93_0601,Toronto PUR93 Course 0601,120
TORONTO_PUR93_0602,Toronto PUR93 Course 0602,120
TORONTO_PUR93_0603,Toronto PUR93 Course 0603,120
TORONTO_PUR93_0604,Toronto PUR93 Course 0604,120
TORONTO_PUR93_0605,Toronto PUR93 Course 0605,120
TORONTO_PUR93_0606,Toronto PUR93 Course 0606,120
TORONTO_PUR93_0607,Toronto PUR93 Course 0607,120
TORONTO_PUR93_0608,Toronto PUR93 Course 0608,120
TORONTO_PUR93_0609,Toronto PUR93 Course 0609,120
TORONTO_PUR93_0610,Toronto PUR93 Course 0610,120
TORONTO_PUR93_0611,Toronto PUR93 Course 0611,120
TORONTO_PUR93_0612,Toronto PUR93 Course 0612,120
TORONTO_PUR93_0613,Toronto PUR93 Course 0613,120
TORONTO_PUR93_0614,Toronto PUR93 Course 0614,120
TORONTO_PUR93_0615,Toronto PUR93 Course 0615,120
TORONTO_PUR93_0616,Toronto PUR93 Course 0616,120
TORONTO_PUR93_0617,Toronto PUR93 Course 0617,120
TORONTO_PUR93_0618,Toronto PUR93 Course 0618,120
TORONTO_PUR93_0619,Toronto PUR93 Course 0619,120
TORONTO_PUR93_0620,Toronto PUR93 Course 0620,120
TORONTO_PUR93_0621,Toronto PUR93 Course 0621,120
TORONTO_PUR93_0622,Toronto PUR93 Course 0622,120
TORONTO_PUR93_0623,Toronto PUR93 Course 0623,120
TORONTO_PUR93_0624,Toronto PUR93 Course 0624,120
TORONTO_PUR93_0625,Toronto PUR93 Course 0625,120
TORONTO_PUR93_0626,Toronto PUR93 Course 0626,120
TORONTO_PUR93_0627,Toronto PUR93 Course 0627,120
TORONTO_PUR93_0628,Toronto PUR93 Course 0628,120
TORONTO_PUR93_0629,Toronto PUR93 Course 0629,120
TORONTO_PUR93_0630,Toronto PUR93 Course 0630,120
TORONTO_PUR93_0631,Toronto PUR93 Course 0631,120
TORONTO_PUR93_0632,Toronto PUR93 Course 0632,120
TORONTO_PUR93_0633,Toronto PUR93 Course 0633,120
TORONTO_PUR93_0634,Toronto PUR93 Course 0634,120
TORONTO_PUR93_0635,Toronto PUR93 Course 0635,120
TORONTO_PUR93_0636,Toronto PUR93 Course 0636,120
TORONTO_PUR93_0637,Toronto PUR93 Course 0637,120
TORONTO_PUR93_0638,Toronto PUR93 Course 0638,120
TORONTO_PUR93_0639,Toronto PUR93 Course 0639,120
TORONTO_PUR93_0640,Toronto PUR93 Course 0640,120
TORONTO_PUR93_0641,Toronto PUR93 Course 0641,120
TORONTO_PUR93_0642,Toronto PUR93 Course 0642,120
TORONTO_PUR93_0643,Toronto PUR93 Course 0643,120
TORONTO_PUR93_0644,Toronto PUR93 Course 0644,120
TORONTO_PUR93_0645,Toronto PUR93 Course 0645,120
TORONTO_PUR93_0646,Toronto PUR93 Course 0646,120
TORONTO_PUR93_0647,Toronto PUR93 Course 0647,120
TORONTO_PUR93_0648,Toronto PUR93 Course 0648,120
TORONTO_PUR93_0649,Toronto PUR93 Course 0649,120
TORONTO_PUR93_0650,Toronto PUR93 Course 0650,120
TORONTO_PUR93_0651,Toronto PUR93 Course 0651,120
TORONTO_PUR93_0652,Toronto PUR93 Course 0652,120
TORONTO_PUR93_0653,Toronto PUR93 Course 0653,120
TORONTO_PUR93_0654,Toronto PUR93 Course 0654,120
TORONTO_PUR93_0655,Toronto PUR93 Course 0655,120
TORONTO_PUR93_0656,Toronto PUR93 Course 0656,120
TORONTO_PUR93_0657,Toronto PUR93 Course 0657,120
TORONTO_PUR93_0658,Toronto PUR93 Course 0658,120
TORONTO_PUR93_0659,Toronto PUR93 Course 0659,120
TORONTO_PUR93_0660,Toronto PUR93 Course 0660,120
TORONTO_PUR93_0661,Toronto PUR93 Course 0661,120
TORONTO_PUR93_0662,Toronto PUR93 Course 0662,120
TORONTO_PUR93_0663,Toronto PUR93 Course 0663,120
TORONTO_PUR93_0664,Toronto PUR93 Course 0664,120
TORONTO_PUR93_0665,Toronto PUR93 Course 0665,120
TORONTO_PUR93_0666,Toronto PUR93 Course 0666,120
TORONTO_PUR93_0667,Toronto PUR93 Course 0667,120
TORONTO_PUR93_0668,Toronto PUR93 Course 0668,120
TORONTO_PUR93_0669,Toronto PUR93 Course 0669,120
TORONTO_PUR93_0670,Toronto PUR93 Course 0670,120
TORONTO_PUR93_0671,Toronto PUR93 Course 0671,120
TORONTO_PUR93_0672,Toronto PUR93 Course 0672,120
TORONTO_PUR93_0673,Toronto PUR93 Course 0673,120
TORONTO_PUR93_0674,Toronto PUR93 Course 0674,120
TORONTO_PUR93_0675,Toronto PUR93 Course 0675,120
TORONTO_PUR93_0676,Toronto PUR93 Course 0676,120
TORONTO_PUR93_0677,Toronto PUR93 Course 0677,120
TORONTO_PUR93_0678,Toronto PUR93 Course 0678,120
TORONTO_PUR93_0679,Toronto PUR93 Course 0679,120
TORONTO_PUR93_0680,Toronto PUR93 Course 0680,120
TORONTO_PUR93_0681,Toronto PUR93 Course 0681,120
TORONTO_PUR93_0682,Toronto PUR93 Course 0682,120
TORONTO_PUR93_0683,Toronto PUR93 Course 0683,120
TORONTO_PUR93_0684,Toronto PUR93 Course 0684,120
TORONTO_PUR93_0685,Toronto PUR93 Course 0685,120
TORONTO_PUR93_0686,Toronto PUR93 Course 0686,120
TORONTO_PUR93_0687,Toronto PUR93 Course 0687,120
TORONTO_PUR93_0688,Toronto PUR93 Course 0688,120
TORONTO_PUR93_0689,Toronto PUR93 Course 0689,120
TORONTO_PUR93_0690,Toronto PUR93 Course 0690,120
TORONTO_PUR93_0691,Toronto PUR93 Course 0691,120
TORONTO_PUR93_0692,Toronto PUR93 Course 0692,120
TORONTO_PUR93_0693,Toronto PUR93 Course 0693,120
TORONTO_PUR93_0694,Toronto PUR93 Course 0694,120
TORONTO_PUR93_0695,Toronto PUR93 Course 0695,120
TORONTO_PUR93_0696,Toronto PUR93 Course 0696,120
TORONTO_PUR93_0697,Toronto PUR93 Course 0697,120
TORONTO_PUR93_0698,Toronto PUR93 Course 0698,120
TORONTO_PUR93_0699,Toronto PUR93 Course 0699,120
TORONTO_PUR93_0700,Toronto PUR93 Course 0700,120
TORONTO_PUR93_0701,Toronto PUR93 Course 0701,120
TORONTO_PUR93_0702,Toronto PUR93 Course 0702,120
TORONTO_PUR93_0703,Toronto PUR93 Course 0703,120
TORONTO_PUR93_0704,Toronto PUR93 Course 0704,120
TORONTO_PUR93_0705,Toronto PUR93 Course 0705,120
TORONTO_PUR93_0706,Toronto PUR93 Course 0706,120
TORONTO_PUR93_0707,Toronto PUR93 Course 0707,120
TORONTO_PUR93_0708,Toronto PUR93 Course 0708,120
TORONTO_PUR93_0709,Toronto PUR93 Course 0709,120
TORONTO_PUR93_0710,Toronto PUR93 Course 0710,120
TORONTO_PUR93_0711,Toronto PUR93 Course 0711,120
TORONTO_PUR93_0712,Toronto PUR93 Course 0712,120
TORONTO_PUR93_0713,Toronto PUR93 Course 0713,120
TORONTO_PUR93_0714,Toronto PUR93 Course 0714,120
TORONTO_PUR93_0715,Toronto PUR93 Course 0715,120
TORONTO_PUR93_0716,Toronto PUR93 Course 0716,120
TORONTO_PUR93_0717,Toronto PUR93 Course 0717,120
TORONTO_PUR93_0718,Toronto PUR93 Course 0718,120
TORONTO_PUR93_0719,Toronto PUR93 Course 0719,120
TORONTO_PUR93_0720,Toronto PUR93 Course 0720,120
TORONTO_PUR93_0721,Toronto PUR93 Course 0721,120
TORONTO_PUR93_0722,Toronto PUR93 Course 0722,120
TORONTO_PUR93_0723,Toronto PUR93 Course 0723,120
TORONTO_PUR93_0724,Toronto PUR93 Course 0724,120
TORONTO_PUR93_0725,Toronto PUR93 Course 0725,120
TORONTO_PUR93_0726,Toronto PUR93 Course 0726,120
TORONTO_PUR93_0727,Toronto PUR93 Course 0727,120
TORONTO_PUR93_0728,Toronto PUR93 Course 0728,120
TORONTO_PUR93_0729,Toronto PUR93 Course 0729,120
TORONTO_PUR93_0730,Toronto PUR93 Course 0730,120
TORONTO_PUR93_0731,Toronto PUR93 Course 0731,120
TORONTO_PUR93_0732,Toronto PUR93 Course 0732,120
TORONTO_PUR93_0733,Toronto PUR93 Course 0733,120
TORONTO_PUR93_0734,Toronto PUR93 Course 0734,120
TORONTO_PUR93_0735,Toronto PUR93 Course 0735,120
TORONTO_PUR93_0736,Toronto PUR93 Course 0736,120
TORONTO_PUR93_0737,Toronto PUR93 Course 0737,120
TORONTO_PUR93_0738,Toronto PUR93 Course 0738,120
TORONTO_PUR93_0739,Toronto PUR93 Course 0739,120
TORONTO_PUR93_0740,Toronto PUR93 Course 0740,120
TORONTO_PUR93_0741,Toronto PUR93 Course 0741,120
TORONTO_PUR93_0742,Toronto PUR93 Course 0742,120
TORONTO_PUR93_0743,Toronto PUR93 Course 0743,120
TORONTO_PUR93_0744,Toronto PUR93 Course 0744,120
TORONTO_PUR93_0745,Toronto PUR93 Course 0745,120
TORONTO_PUR93_0746,Toronto PUR93 Course 0746,120
TORONTO_PUR93_0747,Toronto PUR93 Course 0747,120
TORONTO_PUR93_0748,Toronto PUR93 Course 0748,120
TORONTO_PUR93_0749,Toronto PUR93 Course 0749,120
TORONTO_PUR93_0750,Toronto PUR93 Course 0750,120
TORONTO_PUR93_0751,Toronto PUR93 Course 0751,120
TORONTO_PUR93_0752,Toronto PUR93 Course 0752,120
TORONTO_PUR93_0753,Toronto PUR93 Course 0753,120
TORONTO_PUR93_0754,Toronto PUR93 Course 0754,120
TORONTO_PUR93_0755,Toronto PUR93 Course 0755,120
TORONTO_PUR93_0756,Toronto PUR93 Course 0756,120
TORONTO_PUR93_0757,Toronto PUR93 Course 0757,120
TORONTO_PUR93_0758,Toronto PUR93 Course 0758,120
TORONTO_PUR93_0759,Toronto PUR93 Course 0759,120
TORONTO_PUR93_0760,Toronto PUR93 Course 0760,120
TORONTO_PUR93_0761,Toronto PUR93 Course 0761,120
TORONTO_PUR93_0762,Toronto PUR93 Course 0762,120
TORONTO_PUR93_0763,Toronto PUR93 Course 0763,120
TORONTO_PUR93_0764,Toronto PUR93 Course 0764,120
TORONTO_PUR93_0765,Toronto PUR93 Course 0765,120
TORONTO_PUR93_0766,Toronto PUR93 Course 0766,120
TORONTO_PUR93_0767,Toronto PUR93 Course 0767,120
TORONTO_PUR93_0768,Toronto PUR93 Course 0768,120
TORONTO_PUR93_0769,Toronto PUR93 Course 0769,120
TORONTO_PUR93_0770,Toronto PUR93 Course 0770,120
TORONTO_PUR93_0771,Toronto PUR93 Course 0771,120
TORONTO_PUR93_0772,Toronto PUR93 Course 0772,120
TORONTO_PUR93_0773,Toronto PUR93 Course 0773,120
TORONTO_PUR93_0774,Toronto PUR93 Course 0774,120
TORONTO_PUR93_0775,Toronto PUR93 Course 0775,120
TORONTO_PUR93_0776,Toronto PUR93 Course 0776,120
TORONTO_PUR93_0777,Toronto PUR93 Course 0777,120
TORONTO_PUR93_0778,Toronto PUR93 Course 0778,120
TORONTO_PUR93_0779,Toronto PUR93 Course 0779,120
TORONTO_PUR93_0780,Toronto PUR93 Course 0780,120
TORONTO_PUR93_0781,Toronto PUR93 Course 0781,120
TORONTO_PUR93_0782,Toronto PUR93 Course 0782,120
TORONTO_PUR93_0783,Toronto PUR93 Course 0783,120
TORONTO_PUR93_0784,Toronto PUR93 Course 0784,120
TORONTO_PUR93_0785,Toronto PUR93 Course 0785,120
TORONTO_PUR93_0786,Toronto PUR93 Course 0786,120
TORONTO_PUR93_0787,Toronto PUR93 Course 0787,120
TORONTO_PUR93_0788,Toronto PUR93 Course 0788,120
TORONTO_PUR93_0789,Toronto PUR93 Course 0789,120
TORONTO_PUR93_0790,Toronto PUR93 Course 0790,120
TORONTO_PUR93_0791,Toronto PUR93 Course 0791,120
TORONTO_PUR93_0792,Toronto PUR93 Course 0792,120
TORONTO_PUR93_0793,Toronto PUR93 Course 0793,120
TORONTO_PUR93_0794,Toronto PUR93 Course 0794,120
TORONTO_PUR93_0795,Toronto PUR93 Course 0795,120
TORONTO_PUR93_0796,Toronto PUR93 Course 0796,120
TORONTO_PUR93_0797,Toronto PUR93 Course 0797,120
TORONTO_PUR93_0798,Toronto PUR93 Course 0798,120
TORONTO_PUR93_0799,Toronto PUR93 Course 0799,120
TORONTO_PUR93_0800,Toronto PUR93 Course 0800,120
TORONTO_PUR93_0801,Toronto PUR93 Course 0801,120
TORONTO_PUR93_0802,Toronto PUR93 Course 0802,120
TORONTO_PUR93_0803,Toronto PUR93 Course 0803,120
TORONTO_PUR93_0804,Toronto PUR93 Course 0804,120
TORONTO_PUR93_0805,Toronto PUR93 Course 0805,120
TORONTO_PUR93_0806,Toronto PUR93 Course 0806,120
TORONTO_PUR93_0807,Toronto PUR93 Course 0807,120
TORONTO_PUR93_0808,Toronto PUR93 Course 0808,120
TORONTO_PUR93_0809,Toronto PUR93 Course 0809,120
TORONTO_PUR93_0810,Toronto PUR93 Course 0810,120
TORONTO_PUR93_0811,Toronto PUR93 Course 0811,120
TORONTO_PUR93_0812,Toronto PUR93 Course 0812,120
TORONTO_PUR93_0813,Toronto PUR93 Course 0813,120
TORONTO_PUR93_0814,Toronto PUR93 Course 0814,120
TORONTO_PUR93_0815,Toronto PUR93 Course 0815,120
TORONTO_PUR93_0816,Toronto PUR93 Course 0816,120
TORONTO_PUR93_0817,Toronto PUR93 Course 0817,120
TORONTO_PUR93_0818,Toronto PUR93 Course 0818,120
TORONTO_PUR93_0819,Toronto PUR93 Course 0819,120
TORONTO_PUR93_0820,Toronto PUR93 Course 0820,120
TORONTO_PUR93_0821,Toronto PUR93 Course 0821,120
TORONTO_PUR93_0822,Toronto PUR93 Course 0822,120
TORONTO_PUR93_0823,Toronto PUR93 Course 0823,120
TORONTO_PUR93_0824,Toronto PUR93 Course 0824,120
TORONTO_PUR93_0825,Toronto PUR93 Course 0825,120
TORONTO_PUR93_0826,Toronto PUR93 Course 0826,120
TORONTO_PUR93_0827,Toronto PUR93 Course 0827,120
TORONTO_PUR93_0828,Toronto PUR93 Course 0828,120
TORONTO_PUR93_0829,Toronto PUR93 Course 0829,120
TORONTO_PUR93_0830,Toronto PUR93 Course 0830,120
TORONTO_PUR93_0831,Toronto PUR93 Course 0831,120
TORONTO_PUR93_0832,Toronto PUR93 Course 0832,120
TORONTO_PUR93_0833,Toronto PUR93 Course 0833,120
TORONTO_PUR93_0834,Toronto PUR93 Course 0834,120
TORONTO_PUR93_0835,Toronto PUR93 Course 0835,120
TORONTO_PUR93_0836,Toronto PUR93 Course 0836,120
TORONTO_PUR93_0837,Toronto PUR93 Course 0837,120
TORONTO_PUR93_0838,Toronto PUR93 Course 0838,120
TORONTO_PUR93_0839,Toronto PUR93 Course 0839,120
TORONTO_PUR93_0840,Toronto PUR93 Course 0840,120
TORONTO_PUR93_0841,Toronto PUR93 Course 0841,120
TORONTO_PUR93_0842,Toronto PUR93 Course 0842,120
TORONTO_PUR93_0843,Toronto PUR93 Course 0843,120
TORONTO_PUR93_0844,Toronto PUR93 Course 0844,120
TORONTO_PUR93_0845,Toronto PUR93 Course 0845,120
TORONTO_PUR93_0846,Toronto PUR93 Course 0846,120
TORONTO_PUR93_0847,Toronto PUR93 Course 0847,120
TORONTO_PUR93_0848,Toronto PUR93 Course 0848,120
TORONTO_PUR93_0849,Toronto PUR93 Course 0849,120
TORONTO_PUR93_0850,Toronto PUR93 Course 0850,120
TORONTO_PUR93_0851,Toronto PUR93 Course 0851,120
TORONTO_PUR93_0852,Toronto PUR93 Course 0852,120
TORONTO_PUR93_0853,Toronto PUR93 Course 0853,120
TORONTO_PUR93_0854,Toronto PUR93 Course 0854,120
TORONTO_PUR93_0855,Toronto PUR93 Course 0855,120
TORONTO_PUR93_0856,Toronto PUR93 Course 0856,120
TORONTO_PUR93_0857,Toronto PUR93 Course 0857,120
TORONTO_PUR93_0858,Toronto PUR93 Course 0858,120
TORONTO_PUR93_0859,Toronto PUR93 Course 0859,120
TORONTO_PUR93_0860,Toronto PUR93 Course 0860,120
TORONTO_PUR93_0861,Toronto PUR93 Course 0861,120
TORONTO_PUR93_0862,Toronto PUR93 Course 0862,120
TORONTO_PUR93_0863,Toronto PUR93 Course 0863,120
TORONTO_PUR93_0864,Toronto PUR93 Course 0864,120
TORONTO_PUR93_0865,Toronto PUR93 Course 0865,120
TORONTO_PUR93_0866,Toronto PUR93 Course 0866,120
TORONTO_PUR93_0867,Toronto PUR93 Course 0867,120
TORONTO_PUR93_0868,Toronto PUR93 Course 0868,120
TORONTO_PUR93_0869,Toronto PUR93 Course 0869,120
TORONTO_PUR93_0870,Toronto PUR93 Course 0870,120
TORONTO_PUR93_0871,Toronto PUR93 Course 0871,120
TORONTO_PUR93_0872,Toronto PUR93 Course 0872,120
TORONTO_PUR93_0873,Toronto PUR93 Course 0873,120
TORONTO_PUR93_0874,Toronto PUR93 Course 0874,120
TORONTO_PUR93_0875,Toronto PUR93 Course 0875,120
TORONTO_PUR93_0876,Toronto PUR93 Course 0876,120
TORONTO_PUR93_0877,Toronto PUR93 Course 0877,120
TORONTO_PUR93_0878,Toronto PUR93 Course 0878,120
TORONTO_PUR93_0879,Toronto PUR93 Course 0879,120
TORONTO_PUR93_0880,Toronto PUR93 Course 0880,120
TORONTO_PUR93_0881,Toronto PUR93 Course 0881,120
TORONTO_PUR93_0882,Toronto PUR93 Course 0882,120
TORONTO_PUR93_0883,Toronto PUR93 Course 0883,120
TORONTO_PUR93_0884,Toronto PUR93 Course 0884,120
TORONTO_PUR93_0885,Toronto PUR93 Course 0885,120
TORONTO_PUR93_0886,Toronto PUR93 Course 0886,120
TORONTO_PUR93_0887,Toronto PUR93 Course 0887,120
TORONTO_PUR93_0888,Toronto PUR93 Course 0888,120
TORONTO_PUR93_0889,Toronto PUR93 Course 0889,120
TORONTO_PUR93_0890,Toronto PUR93 Course 0890,120
TORONTO_PUR93_0891,Toronto PUR93 Course 0891,120
TORONTO_PUR93_0892,Toronto PUR93 Course 0892,120
TORONTO_PUR93_0893,Toronto PUR93 Course 0893,120
TORONTO_PUR93_0894,Toronto PUR93 Course 0894,120
TORONTO_PUR93_0895,Toronto PUR93 Course 0895,120
TORONTO_PUR93_0896,Toronto PUR93 Course 0896,120
TORONTO_PUR93_0897,Toronto PUR93 Course 0897,120
TORONTO_PUR93_0898,Toronto PUR93 Course 0898,120
TORONTO_PUR93_0899,Toronto PUR93 Course 0899,120
TORONTO_PUR93_0900,Toronto PUR93 Course 0900,120
TORONTO_PUR93_0901,Toronto PUR93 Course 0901,120
TORONTO_PUR93_0902,Toronto PUR93 Course 0902,120
TORONTO_PUR93_0903,Toronto PUR93 Course 0903,120
TORONTO_PUR93_0904,Toronto PUR93 Course 0904,120
TORONTO_PUR93_0905,Toronto PUR93 Course 0905,120
TORONTO_PUR93_0906,Toronto PUR93 Course 0906,120
TORONTO_PUR93_0907,Toronto PUR93 Course 0907,120
TORONTO_PUR93_0908,Toronto PUR93 Course 0908,120
TORONTO_PUR93_0909,Toronto PUR93 Course 0909,120
TORONTO_PUR93_0910,Toronto PUR93 Course 0910,120
TORONTO_PUR93_0911,Toronto PUR93 Course 0911,120
TORONTO_PUR93_0912,Toronto PUR93 Course 0912,120
TORONTO_PUR93_0913,Toronto PUR93 Course 0913,120
TORONTO_PUR93_0914,Toronto PUR93 Course 0914,120
TORONTO_PUR93_0915,Toronto PUR93 Course 0915,120
TORONTO_PUR93_0916,Toronto PUR93 Course 0916,120
TORONTO_PUR93_0917,Toronto PUR93 Course 0917,120
TORONTO_PUR93_0918,Toronto PUR93 Course 0918,120
TORONTO_PUR93_0919,Toronto PUR93 Course 0919,120
TORONTO_PUR93_0920,Toronto PUR93 Course 0920,120
TORONTO_PUR93_0921,Toronto PUR93 Course 0921,120
TORONTO_PUR93_0922,Toronto PUR93 Course 0922,120
TORONTO_PUR93_0923,Toronto PUR93 Course 0923,120
TORONTO_PUR93_0924,Toronto PUR93 Course 0924,120
TORONTO_PUR93_0925,Toronto PUR93 Course 0925,120
TORONTO_PUR93_0926,Toronto PUR93 Course 0926,120
TORONTO_PUR93_0927,Toronto PUR93 Course 0927,120
TORONTO_PUR93_0928,Toronto PUR93 Course 0928,120
TORONTO_PUR93_0929,Toronto PUR93 Course 0929,120
TORONTO_PUR93_0930,Toronto PUR93 Course 0930,120
TORONTO_PUR93_0931,Toronto PUR93 Course 0931,120
TORONTO_PUR93_0932,Toronto PUR93 Course 0932,120
TORONTO_PUR93_0933,Toronto PUR93 Course 0933,120
TORONTO_PUR93_0934,Toronto PUR93 Course 0934,120
TORONTO_PUR93_0935,Toronto PUR93 Course 0935,120
TORONTO_PUR93_0936,Toronto PUR93 Course 0936,120
TORONTO_PUR93_0937,Toronto PUR93 Course 0937,120
TORONTO_PUR93_0938,Toronto PUR93 Course 0938,120
TORONTO_PUR93_0939,Toronto PUR93 Course 0939,120
TORONTO_PUR93_0940,Toronto PUR93 Course 0940,120
TORONTO_PUR93_0941,Toronto PUR93 Course 0941,120
TORONTO_PUR93_0942,Toronto PUR93 Course 0942,120
TORONTO_PUR93_0943,Toronto PUR93 Course 0943,120
TORONTO_PUR93_0944,Toronto PUR93 Course 0944,120
TORONTO_PUR93_0945,Toronto PUR93 Course 0945,120
TORONTO_PUR93_0946,Toronto PUR93 Course 0946,120
TORONTO_PUR93_0947,Toronto PUR93 Course 0947,120
TORONTO_PUR93_0948,Toronto PUR93 Course 0948,120
TORONTO_PUR93_0949,Toronto PUR93 Course 0949,120
TORONTO_PUR93_0950,Toronto PUR93 Course 0950,120
TORONTO_PUR93_0951,Toronto PUR93 Course 0951,120
TORONTO_PUR93_0952,Toronto PUR93 Course 0952,120
TORONTO_PUR93_0953,Toronto PUR93 Course 0953,120
TORONTO_PUR93_0954,Toronto PUR93 Course 0954,120
TORONTO_PUR93_0955,Toronto PUR93 Course 0955,120
TORONTO_PUR93_0956,Toronto PUR93 Course 0956,120
TORONTO_PUR93_0957,Toronto PUR93 Course 0957,120
TORONTO_PUR93_0958,Toronto PUR93 Course 0958,120
TORONTO_PUR93_0959,Toronto PUR93 Course 0959,120
TORONTO_PUR93_0960,Toronto PUR93 Course 0960,120
TORONTO_PUR93_0961,Toronto PUR93 Course 0961,120
TORONTO_PUR93_0962,Toronto PUR93 Course 0962,120
TORONTO_PUR93_0963,Toronto PUR93 Course 0963,120
TORONTO_PUR93_0964,Toronto PUR93 Course 0964,120
TORONTO_PUR93_0965,Toronto PUR93 Course 0965,120
TORONTO_PUR93_0966,Toronto PUR93 Course 0966,120
TORONTO_PUR93_0967,Toronto PUR93 Course 0967,120
TORONTO_PUR93_0968,Toronto PUR93 Course 0968,120
TORONTO_PUR93_0969,Toronto PUR93 Course 0969,120
TORONTO_PUR93_0970,Toronto PUR93 Course 0970,120
TORONTO_PUR93_0971,Toronto PUR93 Course 0971,120
TORONTO_PUR93_0972,Toronto PUR93 Course 0972,120
TORONTO_PUR93_0973,Toronto PUR93 Course 0973,120
TORONTO_PUR93_0974,Toronto PUR93 Course 0974,120
TORONTO_PUR93_0975,Toronto PUR93 Course 0975,120
TORONTO_PUR93_0976,Toronto PUR93 Course 0976,120
TORONTO_PUR93_0977,Toronto PUR93 Course 0977,120
TORONTO_PUR93_0978,Toronto PUR93 Course 0978,120
TORONTO_PUR93_0979,Toronto PUR93 Course 0979,120
TORONTO_PUR93_0980,Toronto PUR93 Course 0980,120
TORONTO_PUR93_0981,Toronto PUR93 Course 0981,120
TORONTO_PUR93_0982,Toronto PUR93 Course 0982,120
TORONTO_PUR93_0983,Toronto PUR93 Course 0983,120
TORONTO_PUR93_0984,Toronto PUR93 Course 0984,120
TORONTO_PUR93_0985,Toronto PUR93 Course 0985,120
TORONTO_PUR93_0986,Toronto PUR93 Course 0986,120
TORONTO_PUR93_0987,Toronto PUR93 Course 0987,120
TORONTO_PUR93_0988,Toronto PUR93 Course 0988,120
TORONTO_PUR93_0989,Toronto PUR93 Course 0989,120
TORONTO_PUR93_0990,Toronto PUR93 Course 0990,120
TORONTO_PUR93_0991,Toronto PUR93 Course 0991,120
TORONTO_PUR93_0992,Toronto PUR93 Course 0992,120
TORONTO_PUR93_0993,Toronto PUR93 Course 0993,120
TORONTO_PUR93_0994,Toronto PUR93 Course 0994,120
TORONTO_PUR93_0995,Toronto PUR93 Course 0995,120
TORONTO_PUR93_0996,Toronto PUR93 Course 0996,120
TORONTO_PUR93_0997,Toronto PUR93 Course 0997,120
TORONTO_PUR93_0998,Toronto PUR93 Course 0998,120
TORONTO_PUR93_0999,Toronto PUR93 Course 0999,120
TORONTO_PUR93_1000,Toronto PUR93 Course 1000,120
TORONTO_PUR93_1001,Toronto PUR93 Course 1001,120
TORONTO_PUR93_1002,Toronto PUR93 Course 1002,120
TORONTO_PUR93_1003,Toronto PUR93 Course 1003,120
TORONTO_PUR93_1004,Toronto PUR93 Course 1004,120
TORONTO_PUR93_1005,Toronto PUR93 Course 1005,120
TORONTO_PUR93_1006,Toronto PUR93 Course 1006,120
TORONTO_PUR93_1007,Toronto PUR93 Course 1007,120
TORONTO_PUR93_1008,Toronto PUR93 Course 1008,120
TORONTO_PUR93_1009,Toronto PUR93 Course 1009,120
TORONTO_PUR93_1010,Toronto PUR93 Course 1010,120
TORONTO_PUR93_1011,Toronto PUR93 Course 1011,120
TORONTO_PUR93_1012,Toronto PUR93 Course 1012,120
TORONTO_PUR93_1013,Toronto PUR93 Course 1013,120
TORONTO_PUR93_1014,Toronto PUR93 Course 1014,120
TORONTO_PUR93_1015,Toronto PUR93 Course 1015,120
TORONTO_PUR93_1016,Toronto PUR93 Course 1016,120
TORONTO_PUR93_1017,Toronto PUR93 Course 1017,120
TORONTO_PUR93_1018,Toronto PUR93 Course 1018,120
TORONTO_PUR93_1019,Toronto PUR93 Course 1019,120
TORONTO_PUR93_1020,Toronto PUR93 Course 1020,120
TORONTO_PUR93_1021,Toronto PUR93 Course 1021,120
TORONTO_PUR93_1022,Toronto PUR93 Course 1022,120
TORONTO_PUR93_1023,Toronto PUR93 Course 1023,120
TORONTO_PUR93_1024,Toronto PUR93 Course 1024,120
TORONTO_PUR93_1025,Toronto PUR93 Course 1025,120
TORONTO_PUR93_1026,Toronto PUR93 Course 1026,120
TORONTO_PUR93_1027,Toronto PUR93 Course 1027,120
TORONTO_PUR93_1028,Toronto PUR93 Course 1028,120
TORONTO_PUR93_1029,Toronto PUR93 Course 1029,120
TORONTO_PUR93_1030,Toronto PUR93 Course 1030,120
TORONTO_PUR93_1031,Toronto PUR93 Course 1031,120
TORONTO_PUR93_1032,Toronto PUR93 Course 1032,120
TORONTO_PUR93_1033,Toronto PUR93 Course 1033,120
TORONTO_PUR93_1034,Toronto PUR93 Course 1034,120
TORONTO_PUR93_1035,Toronto PUR93 Course 1035,120
TORONTO_PUR93_1036,Toronto PUR93 Course 1036,120
TORONTO_PUR93_1037,Toronto PUR93 Course 1037,120
TORONTO_PUR93_1038,Toronto PUR93 Course 1038,120
TORONTO_PUR93_1039,Toronto PUR93 Course 1039,120
TORONTO_PUR93_1040,Toronto PUR93 Course 1040,120
TORONTO_PUR93_1041,Toronto PUR93 Course 1041,120
TORONTO_PUR93_1042,Toronto PUR93 Course 1042,120
TORONTO_PUR93_1043,Toronto PUR93 Course 1043,120
TORONTO_PUR93_1044,Toronto PUR93 Course 1044,120
TORONTO_PUR93_1045,Toronto PUR93 Course 1045,120
TORONTO_PUR93_1046,Toronto PUR93 Course 1046,120
TORONTO_PUR93_1047,Toronto PUR93 Course 1047,120
TORONTO_PUR93_1048,Toronto PUR93 Course 1048,120
TORONTO_PUR93_1049,Toronto PUR93 Course 1049,120
TORONTO_PUR93_1050,Toronto PUR93 Course 1050,120
TORONTO_PUR93_1051,Toronto PUR93 Course 1051,120
TORONTO_PUR93_1052,Toronto PUR93 Course 1052,120
TORONTO_PUR93_1053,Toronto PUR93 Course 1053,120
TORONTO_PUR93_1054,Toronto PUR93 Course 1054,120
TORONTO_PUR93_1055,Toronto PUR93 Course 1055,120
TORONTO_PUR93_1056,Toronto PUR93 Course 1056,120
TORONTO_PUR93_1057,Toronto PUR93 Course 1057,120
TORONTO_PUR93_1058,Toronto PUR93 Course 1058,120
TORONTO_PUR93_1059,Toronto PUR93 Course 1059,120
TORONTO_PUR93_1060,Toronto PUR93 Course 1060,120
TORONTO_PUR93_1061,Toronto PUR93 Course 1061,120
TORONTO_PUR93_1062,Toronto PUR93 Course 1062,120
TORONTO_PUR93_1063,Toronto PUR93 Course 1063,120
TORONTO_PUR93_1064,Toronto PUR93 Course 1064,120
TORONTO_PUR93_1065,Toronto PUR93 Course 1065,120
TORONTO_PUR93_1066,Toronto PUR93 Course 1066,120
TORONTO_PUR93_1067,Toronto PUR93 Course 1067,120
TORONTO_PUR93_1068,Toronto PUR93 Course 1068,120
TORONTO_PUR93_1069,Toronto PUR93 Course 1069,120
TORONTO_PUR93_1070,Toronto PUR93 Course 1070,120
TORONTO_PUR93_1071,Toronto PUR93 Course 1071,120
TORONTO_PUR93_1072,Toronto PUR93 Course 1072,120
TORONTO_PUR93_1073,Toronto PUR93 Course 1073,120
TORONTO_PUR93_1074,Toronto PUR93 Course 1074,120
TORONTO_PUR93_1075,Toronto PUR93 Course 1075,120
TORONTO_PUR93_1076,Toronto PUR93 Course 1076,120
TORONTO_PUR93_1077,Toronto PUR93 Course 1077,120
TORONTO_PUR93_1078,Toronto PUR93 Course 1078,120
TORONTO_PUR93_1079,Toronto PUR93 Course 1079,120
TORONTO_PUR93_1080,Toronto PUR93 Course 1080,120
TORONTO_PUR93_1081,Toronto PUR93 Course 1081,120
TORONTO_PUR93_1082,Toronto PUR93 Course 1082,120
TORONTO_PUR93_1083,Toronto PUR93 Course 1083,120
TORONTO_PUR93_1084,Toronto PUR93 Course 1084,120
TORONTO_PUR93_1085,Toronto PUR93 Course 1085,120
TORONTO_PUR93_1086,Toronto PUR93 Course 1086,120
TORONTO_PUR93_1087,Toronto PUR93 Course 1087,120
TORONTO_PUR93_1088,Toronto PUR93 Course 1088,120
TORONTO_PUR93_1089,Toronto PUR93 Course 1089,120
TORONTO_PUR93_1090,Toronto PUR93 Course 1090,120
TORONTO_PUR93_1091,Toronto PUR93 Course 1091,120
TORONTO_PUR93_1092,Toronto PUR93 Course 1092,120
TORONTO_PUR93_1093,Toronto PUR93 Course 1093,120
TORONTO_PUR93_1094,Toronto PUR93 Course 1094,120
TORONTO_PUR93_1095,Toronto PUR93 Course 1095,120
TORONTO_PUR93_1096,Toronto PUR93 Course 1096,120
TORONTO_PUR93_1097,Toronto PUR93 Course 1097,120
TORONTO_PUR93_1098,Toronto PUR93 Course 1098,120
TORONTO_PUR93_1099,Toronto PUR93 Course 1099,120
TORONTO_PUR93_1100,Toronto PUR93 Course 1100,120
TORONTO_PUR93_1101,Toronto PUR93 Course 1101,120
TORONTO_PUR93_1102,Toronto PUR93 Course 1102,120
TORONTO_PUR93_1103,Toronto PUR93 Course 1103,120
TORONTO_PUR93_1104,Toronto PUR93 Course 1104,120
TORONTO_PUR93_1105,Toronto PUR93 Course 1105,120
TORONTO_PUR93_1106,Toronto PUR93 Course 1106,120
TORONTO_PUR93_1107,Toronto PUR93 Course 1107,120
TORONTO_PUR93_1108,Toronto PUR93 Course 1108,120
TORONTO_PUR93_1109,Toronto PUR93 Course 1109,120
TORONTO_PUR93_1110,Toronto PUR93 Course 1110,120
TORONTO_PUR93_1111,Toronto PUR93 Course 1111,120
TORONTO_PUR93_1112,Toronto PUR93 Course 1112,120
TORONTO_PUR93_1113,Toronto PUR93 Course 1113,120
TORONTO_PUR93_1114,Toronto PUR93 Course 1114,120
TORONTO_PUR93_1115,Toronto PUR93 Course 1115,120
TORONTO_PUR93_1116,Toronto PUR93 Course 1116,120
TORONTO_PUR93_1117,Toronto PUR93 Course 1117,120
TORONTO_PUR93_1118,Toronto PUR93 Course 1118,120
TORONTO_PUR93_1119,Toronto PUR93 Course 1119,120
TORONTO_PUR93_1120,Toronto PUR93 Course 1120,120
TORONTO_PUR93_1121,Toronto PUR93 Course 1121,120
TORONTO_PUR93_1122,Toronto PUR93 Course 1122,120
TORONTO_PUR93_1123,Toronto PUR93 Course 1123,120
TORONTO_PUR93_1124,Toronto PUR93 Course 1124,120
TORONTO_PUR93_1125,Toronto PUR93 Course 1125,120
TORONTO_PUR93_1126,Toronto PUR93 Course 1126,120
TORONTO_PUR93_1127,Toronto PUR93 Course 1127,120
TORONTO_PUR93_1128,Toronto PUR93 Course 1128,120
TORONTO_PUR93_1129,Toronto PUR93 Course 1129,120
TORONTO_PUR93_1130,Toronto PUR93 Course 1130,120
TORONTO_PUR93_1131,Toronto PUR93 Course 1131,120
TORONTO_PUR93_1132,Toronto PUR93 Course 1132,120
TORONTO_PUR93_1133,Toronto PUR93 Course 1133,120
TORONTO_PUR93_1134,Toronto PUR93 Course 1134,120
TORONTO_PUR93_1135,Toronto PUR93 Course 1135,120
TORONTO_PUR93_1136,Toronto PUR93 Course 1136,120
TORONTO_PUR93_1137,Toronto PUR93 Course 1137,120
TORONTO_PUR93_1138,Toronto PUR93 Course 1138,120
TORONTO_PUR93_1139,Toronto PUR93 Course 1139,120
TORONTO_PUR93_1140,Toronto PUR93 Course 1140,120
TORONTO_PUR93_1141,Toronto PUR93 Course 1141,120
TORONTO_PUR93_1142,Toronto PUR93 Course 1142,120
TORONTO_PUR93_1143,Toronto PUR93 Course 1143,120
TORONTO_PUR93_1144,Toronto PUR93 Course 1144,120
TORONTO_PUR93_1145,Toronto PUR93 Course 1145,120
TORONTO_PUR93_1146,Toronto PUR93 Course 1146,120
TORONTO_PUR93_1147,Toronto PUR93 Course 1147,120
TORONTO_PUR93_1148,Toronto PUR93 Course 1148,120
TORONTO_PUR93_1149,Toronto PUR93 Course 1149,120
TORONTO_PUR93_1150,Toronto PUR93 Course 1150,120
TORONTO_PUR93_1151,Toronto PUR93 Course 1151,120
TORONTO_PUR93_1152,Toronto PUR93 Course 1152,120
TORONTO_PUR93_1153,Toronto PUR93 Course 1153,120
TORONTO_PUR93_1154,Toronto PUR93 Course 1154,120
TORONTO_PUR93_1155,Toronto PUR93 Course 1155,120
TORONTO_PUR93_1156,Toronto PUR93 Course 1156,120
TORONTO_PUR93_1157,Toronto PUR93 Course 1157,120
TORONTO_PUR93_1158,Toronto PUR93 Course 1158,120
TORONTO_PUR93_1159,Toronto PUR93 Course 1159,120
TORONTO_PUR93_1160,Toronto PUR93 Course 1160,120
TORONTO_PUR93_1161,Toronto PUR93 Course 1161,120
TORONTO_PUR93_1162,Toronto PUR93 Course 1162,120
TORONTO_PUR93_1163,Toronto PUR93 Course 1163,120
TORONTO_PUR93_1164,Toronto PUR93 Course 1164,120
TORONTO_PUR93_1165,Toronto PUR93 Course 1165,120
TORONTO_PUR93_1166,Toronto PUR93 Course 1166,120
TORONTO_PUR93_1167,Toronto PUR93 Course 1167,120
TORONTO_PUR93_1168,Toronto PUR93 Course 1168,120
TORONTO_PUR93_1169,Toronto PUR93 Course 1169,120
TORONTO_PUR93_1170,Toronto PUR93 Course 1170,120
TORONTO_PUR93_1171,Toronto PUR93 Course 1171,120
TORONTO_PUR93_1172,Toronto PUR93 Course 1172,120
TORONTO_PUR93_1173,Toronto PUR93 Course 1173,120
TORONTO_PUR93_1174,Toronto PUR93 Course 1174,120
TORONTO_PUR93_1175,Toronto PUR93 Course 1175,120
TORONTO_PUR93_1176,Toronto PUR93 Course 1176,120
TORONTO_PUR93_1177,Toronto PUR93 Course 1177,120
TORONTO_PUR93_1178,Toronto PUR93 Course 1178,120
TORONTO_PUR93_1179,Toronto PUR93 Course 1179,120
TORONTO_PUR93_1180,Toronto PUR93 Course 1180,120
TORONTO_PUR93_1181,Toronto PUR93 Course 1181,120
TORONTO_PUR93_1182,Toronto PUR93 Course 1182,120
TORONTO_PUR93_1183,Toronto PUR93 Course 1183,120
TORONTO_PUR93_1184,Toronto PUR93 Course 1184,120
TORONTO_PUR93_1185,Toronto PUR93 Course 1185,120
TORONTO_PUR93_1186,Toronto PUR93 Course 1186,120
TORONTO_PUR93_1187,Toronto PUR93 Course 1187,120
TORONTO_PUR93_1188,Toronto PUR93 Course 1188,120
TORONTO_PUR93_1189,Toronto PUR93 Course 1189,120
TORONTO_PUR93_1190,Toronto PUR93 Course 1190,120
TORONTO_PUR93_1191,Toronto PUR93 Course 1191,120
TORONTO_PUR93_1192,Toronto PUR93 Course 1192,120
TORONTO_PUR93_1193,Toronto PUR93 Course 1193,120
TORONTO_PUR93_1194,Toronto PUR93 Course 1194,120
TORONTO_PUR93_1195,Toronto PUR93 Course 1195,120
TORONTO_PUR93_1196,Toronto PUR93 Course 1196,120
TORONTO_PUR93_1197,Toronto PUR93 Course 1197,120
TORONTO_PUR93_1198,Toronto PUR93 Course 1198,120
TORONTO_PUR93_1199,Toronto PUR93 Course 1199,120
TORONTO_PUR93_1200,Toronto PUR93 Course 1200,120
TORONTO_PUR93_1201,Toronto PUR93 Course 1201,120
TORONTO_PUR93_1202,Toronto PUR93 Course 1202,120
TORONTO_PUR93_1203,Toronto PUR93 Course 1203,120
TORONTO_PUR93_1204,Toronto PUR93 Course 1204,120
TORONTO_PUR93_1205,Toronto PUR93 Course 1205,120
TORONTO_PUR93_1206,Toronto PUR93 Course 1206,120
TORONTO_PUR93_1207,Toronto PUR93 Course 1207,120
TORONTO_PUR93_1208,Toronto PUR93 Course 1208,120
TORONTO_PUR93_1209,Toronto PUR93 Course 1209,120
TORONTO_PUR93_1210,Toronto PUR93 Course 1210,120
TORONTO_PUR93_1211,Toronto PUR93 Course 1211,120
TORONTO_PUR93_1212,Toronto PUR93 Course 1212,120
TORONTO_PUR93_1213,Toronto PUR93 Course 1213,120
TORONTO_PUR93_1214,Toronto PUR93 Course 1214,120
TORONTO_PUR93_1215,Toronto PUR93 Course 1215,120
TORONTO_PUR93_1216,Toronto PUR93 Course 1216,120
TORONTO_PUR93_1217,Toronto PUR93 Course 1217,120
TORONTO_PUR93_1218,Toronto PUR93 Course 1218,120
TORONTO_PUR93_1219,Toronto PUR93 Course 1219,120
TORONTO_PUR93_1220,Toronto PUR93 Course 1220,120
TORONTO_PUR93_1221,Toronto PUR93 Course 1221,120
TORONTO_PUR93_1222,Toronto PUR93 Course 1222,120
TORONTO_PUR93_1223,Toronto PUR93 Course 1223,120
TORONTO_PUR93_1224,Toronto PUR93 Course 1224,120
TORONTO_PUR93_1225,Toronto PUR93 Course 1225,120
TORONTO_PUR93_1226,Toronto PUR93 Course 1226,120
TORONTO_PUR93_1227,Toronto PUR93 Course 1227,120
TORONTO_PUR93_1228,Toronto PUR93 Course 1228,120
TORONTO_PUR93_1229,Toronto PUR93 Course 1229,120
TORONTO_PUR93_1230,Toronto PUR93 Course 1230,120
TORONTO_PUR93_1231,Toronto PUR93 Course 1231,120
TORONTO_PUR93_1232,Toronto PUR93 Course 1232,120
TORONTO_PUR93_1233,Toronto PUR93 Course 1233,120
TORONTO_PUR93_1234,Toronto PUR93 Course 1234,120
TORONTO_PUR93_1235,Toronto PUR93 Course 1235,120
TORONTO_PUR93_1236,Toronto PUR93 Course 1236,120
TORONTO_PUR93_1237,Toronto PUR93 Course 1237,120
TORONTO_PUR93_1238,Toronto PUR93 Course 1238,120
TORONTO_PUR93_1239,Toronto PUR93 Course 1239,120
TORONTO_PUR93_1240,Toronto PUR93 Course 1240,120
TORONTO_PUR93_1241,Toronto PUR93 Course 1241,120
TORONTO_PUR93_1242,Toronto PUR93 Course 1242,120
TORONTO_PUR93_1243,Toronto PUR93 Course 1243,120
TORONTO_PUR93_1244,Toronto PUR93 Course 1244,120
TORONTO_PUR93_1245,Toronto PUR93 Course 1245,120
TORONTO_PUR93_1246,Toronto PUR93 Course 1246,120
TORONTO_PUR93_1247,Toronto PUR93 Course 1247,120
TORONTO_PUR93_1248,Toronto PUR93 Course 1248,120
TORONTO_PUR93_1249,Toronto PUR93 Course 1249,120
TORONTO_PUR93_1250,Toronto PUR93 Course 1250,120
TORONTO_PUR93_1251,Toronto PUR93 Course 1251,120
TORONTO_PUR93_1252,Toronto PUR93 Course 1252,120
TORONTO_PUR93_1253,Toronto PUR93 Course 1253,120
TORONTO_PUR93_1254,Toronto PUR93 Course 1254,120
TORONTO_PUR93_1255,Toronto PUR93 Course 1255,120
TORONTO_PUR93_1256,Toronto PUR93 Course 1256,120
TORONTO_PUR93_1257,Toronto PUR93 Course 1257,120
TORONTO_PUR93_1258,Toronto PUR93 Course 1258,120
TORONTO_PUR93_1259,Toronto PUR93 Course 1259,120
TORONTO_PUR93_1260,Toronto PUR93 Course 1260,120
TORONTO_PUR93_1261,Toronto PUR93 Course 1261,120
TORONTO_PUR93_1262,Toronto PUR93 Course 1262,120
TORONTO_PUR93_1263,Toronto PUR93 Course 1263,120
TORONTO_PUR93_1264,Toronto PUR93 Course 1264,120
TORONTO_PUR93_1265,Toronto PUR93 Course 1265,120
TORONTO_PUR93_1266,Toronto PUR93 Course 1266,120
TORONTO_PUR93_1267,Toronto PUR93 Course 1267,120
TORONTO_PUR93_1268,Toronto PUR93 Course 1268,120
TORONTO_PUR93_1269,Toronto PUR93 Course 1269,120
TORONTO_PUR93_1270,Toronto PUR93 Course 1270,120
TORONTO_PUR93_1271,Toronto PUR93 Course 1271,120
TORONTO_PUR93_1272,Toronto PUR93 Course 1272,120
TORONTO_PUR93_1273,Toronto PUR93 Course 1273,120
TORONTO_PUR93_1274,Toronto PUR93 Course 1274,120
TORONTO_PUR93_1275,Toronto PUR93 Course 1275,120
TORONTO_PUR93_1276,Toronto PUR93 Course 1276,120
TORONTO_PUR93_1277,Toronto PUR93 Course 1277,120
TORONTO_PUR93_1278,Toronto PUR93 Course 1278,120
TORONTO_PUR93_1279,Toronto PUR93 Course 1279,120
TORONTO_PUR93_1280,Toronto PUR93 Course 1280,120
TORONTO_PUR93_1281,Toronto PUR93 Course 1281,120
TORONTO_PUR93_1282,Toronto PUR93 Course 1282,120
TORONTO_PUR93_1283,Toronto PUR93 Course 1283,120
TORONTO_PUR93_1284,Toronto PUR93 Course 1284,120
TORONTO_PUR93_1285,Toronto PUR93 Course 1285,120
TORONTO_PUR93_1286,Toronto PUR93 Course 1286,120
TORONTO_PUR93_1287,Toronto PUR93 Course 1287,120
TORONTO_PUR93_1288,Toronto PUR93 Course 1288,120
TORONTO_PUR93_1289,Toronto PUR93 Course 1289,120
TORONTO_PUR93_1290,Toronto PUR93 Course 1290,120
TORONTO_PUR93_1291,Toronto PUR93 Course 1291,120
TORONTO_PUR93_1292,Toronto PUR93 Course 1292,120
TORONTO_PUR93_1293,Toronto PUR93 Course 1293,120
TORONTO_PUR93_1294,Toronto PUR93 Course 1294,120
TORONTO_PUR93_1295,Toronto PUR93 Course 1295,120
TORONTO_PUR93_1296,Toronto PUR93 Course 1296,120
TORONTO_PUR93_1297,Toronto PUR93 Course 1297,120
TORONTO_PUR93_1298,Toronto PUR93 Course 1298,120
TORONTO_PUR93_1299,Toronto PUR93 Course 1299,120
TORONTO_PUR93_1300,Toronto PUR93 Course 1300,120
TORONTO_PUR93_1301,Toronto PUR93 Course 1301,120
TORONTO_PUR93_1302,Toronto PUR93 Course 1302,120
TORONTO_PUR93_1303,Toronto PUR93 Course 1303,120
TORONTO_PUR93_1304,Toronto PUR93 Course 1304,120
TORONTO_PUR93_1305,Toronto PUR93 Course 1305,120
TORONTO_PUR93_1306,Toronto PUR93 Course 1306,120
TORONTO_PUR93_1307,Toronto PUR93 Course 1307,120
TORONTO_PUR93_1308,Toronto PUR93 Course 1308,120
TORONTO_PUR93_1309,Toronto PUR93 Course 1309,120
TORONTO_PUR93_1310,Toronto PUR93 Course 1310,120
TORONTO_PUR93_1311,Toronto PUR93 Course 1311,120
TORONTO_PUR93_1312,Toronto PUR93 Course 1312,120
TORONTO_PUR93_1313,Toronto PUR93 Course 1313,120
TORONTO_PUR93_1314,Toronto PUR93 Course 1314,120
TORONTO_PUR93_1315,Toronto PUR93 Course 1315,120
TORONTO_PUR93_1316,Toronto PUR93 Course 1316,120
TORONTO_PUR93_1317,Toronto PUR93 Course 1317,120
TORONTO_PUR93_1318,Toronto PUR93 Course 1318,120
TORONTO_PUR93_1319,Toronto PUR93 Course 1319,120
TORONTO_PUR93_1320,Toronto PUR93 Course 1320,120
TORONTO_PUR93_1321,Toronto PUR93 Course 1321,120
TORONTO_PUR93_1322,Toronto PUR93 Course 1322,120
TORONTO_PUR93_1323,Toronto PUR93 Course 1323,120
TORONTO_PUR93_1324,Toronto PUR93 Course 1324,120
TORONTO_PUR93_1325,Toronto PUR93 Course 1325,120
TORONTO_PUR93_1326,Toronto PUR93 Course 1326,120
TORONTO_PUR93_1327,Toronto PUR93 Course 1327,120
TORONTO_PUR93_1328,Toronto PUR93 Course 1328,120
TORONTO_PUR93_1329,Toronto PUR93 Course 1329,120
TORONTO_PUR93_1330,Toronto PUR93 Course 1330,120
TORONTO_PUR93_1331,Toronto PUR93 Course 1331,120
TORONTO_PUR93_1332,Toronto PUR93 Course 1332,120
TORONTO_PUR93_1333,Toronto PUR93 Course 1333,120
TORONTO_PUR93_1334,Toronto PUR93 Course 1334,120
TORONTO_PUR93_1335,Toronto PUR93 Course 1335,120
TORONTO_PUR93_1336,Toronto PUR93 Course 1336,120
TORONTO_PUR93_1337,Toronto PUR93 Course 1337,120
TORONTO_PUR93_1338,Toronto PUR93 Course 1338,120
TORONTO_PUR93_1339,Toronto PUR93 Course 1339,120
TORONTO_PUR93_1340,Toronto PUR93 Course 1340,120
TORONTO_PUR93_1341,Toronto PUR93 Course 1341,120
TORONTO_PUR93_1342,Toronto PUR93 Course 1342,120
TORONTO_PUR93_1343,Toronto PUR93 Course 1343,120
TORONTO_PUR93_1344,Toronto PUR93 Course 1344,120
TORONTO_PUR93_1345,Toronto PUR93 Course 1345,120
TORONTO_PUR93_1346,Toronto PUR93 Course 1346,120
TORONTO_PUR93_1347,Toronto PUR93 Course 1347,120
TORONTO_PUR93_1348,Toronto PUR93 Course 1348,120
TORONTO_PUR93_1349,Toronto PUR93 Course 1349,120
TORONTO_PUR93_1350,Toronto PUR93 Course 1350,120
TORONTO_PUR93_1351,Toronto PUR93 Course 1351,120
TORONTO_PUR93_1352,Toronto PUR93 Course 1352,120
TORONTO_PUR93_1353,Toronto PUR93 Course 1353,120
TORONTO_PUR93_1354,Toronto PUR93 Course 1354,120
TORONTO_PUR93_1355,Toronto PUR93 Course 1355,120
TORONTO_PUR93_1356,Toronto PUR93 Course 1356,120
TORONTO_PUR93_1357,Toronto PUR93 Course 1357,120
TORONTO_PUR93_1358,Toronto PUR93 Course 1358,120
TORONTO_PUR93_1359,Toronto PUR93 Course 1359,120
TORONTO_PUR93_1360,Toronto PUR93 Course 1360,120
TORONTO_PUR93_1361,Toronto PUR93 Course 1361,120
TORONTO_PUR93_1362,Toronto PUR93 Course 1362,120
TORONTO_PUR93_1363,Toronto PUR93 Course 1363,120
TORONTO_PUR93_1364,Toronto PUR93 Course 1364,120
TORONTO_PUR93_1365,Toronto PUR93 Course 1365,120
TORONTO_PUR93_1366,Toronto PUR93 Course 1366,120
TORONTO_PUR93_1367,Toronto PUR93 Course 1367,120
TORONTO_PUR93_1368,Toronto PUR93 Course 1368,120
TORONTO_PUR93_1369,Toronto PUR93 Course 1369,120
TORONTO_PUR93_1370,Toronto PUR93 Course 1370,120
TORONTO_PUR93_1371,Toronto PUR93 Course 1371,120
TORONTO_PUR93_1372,Toronto PUR93 Course 1372,120
TORONTO_PUR93_1373,Toronto PUR93 Course 1373,120
TORONTO_PUR93_1374,Toronto PUR93 Course 1374,120
TORONTO_PUR93_1375,Toronto PUR93 Course 1375,120
TORONTO_PUR93_1376,Toronto PUR93 Course 1376,120
TORONTO_PUR93_1377,Toronto PUR93 Course 1377,120
TORONTO_PUR93_1378,Toronto PUR93 Course 1378,120
TORONTO_PUR93_1379,Toronto PUR93 Course 1379,120
TORONTO_PUR93_1380,Toronto PUR93 Course 1380,120
TORONTO_PUR93_1381,Toronto PUR93 Course 1381,120
TORONTO_PUR93_1382,Toronto PUR93 Course 1382,120
TORONTO_PUR93_1383,Toronto PUR93 Course 1383,120
TORONTO_PUR93_1384,Toronto PUR93 Course 1384,120
TORONTO_PUR93_1385,Toronto PUR93 Course 1385,120
TORONTO_PUR93_1386,Toronto PUR93 Course 1386,120
TORONTO_PUR93_1387,Toronto PUR93 Course 1387,120
TORONTO_PUR93_1388,Toronto PUR93 Course 1388,120
TORONTO_PUR93_1389,Toronto PUR93 Course 1389,120
TORONTO_PUR93_1390,Toronto PUR93 Course 1390,120
TORONTO_PUR93_1391,Toronto PUR93 Course 1391,120
TORONTO_PUR93_1392,Toronto PUR93 Course 1392,120
TORONTO_PUR93_1393,Toronto PUR93 Course 1393,120
TORONTO_PUR93_1394,Toronto PUR93 Course 1394,120
TORONTO_PUR93_1395,Toronto PUR93 Course 1395,120
TORONTO_PUR93_1396,Toronto PUR93 Course 1396,120
TORONTO_PUR93_1397,Toronto PUR93 Course 1397,120
TORONTO_PUR93_1398,Toronto PUR93 Course 1398,120
TORONTO_PUR93_1399,Toronto PUR93 Course 1399,120
TORONTO_PUR93_1400,Toronto PUR93 Course 1400,120
TORONTO_PUR93_1401,Toronto PUR93 Course 1401,120
TORONTO_PUR93_1402,Toronto PUR93 Course 1402,120
TORONTO_PUR93_1403,Toronto PUR93 Course 1403,120
TORONTO_PUR93_1404,Toronto PUR93 Course 1404,120
TORONTO_PUR93_1405,Toronto PUR93 Course 1405,120
TORONTO_PUR93_1406,Toronto PUR93 Course 1406,120
TORONTO_PUR93_1407,Toronto PUR93 Course 1407,120
TORONTO_PUR93_1408,Toronto PUR93 Course 1408,120
TORONTO_PUR93_1409,Toronto PUR93 Course 1409,120
TORONTO_PUR93_1410,Toronto PUR93 Course 1410,120
TORONTO_PUR93_1411,Toronto PUR93 Course 1411,120
TORONTO_PUR93_1412,Toronto PUR93 Course 1412,120
TORONTO_PUR93_1413,Toronto PUR93 Course 1413,120
TORONTO_PUR93_1414,Toronto PUR93 Course 1414,120
TORONTO_PUR93_1415,Toronto PUR93 Course 1415,120
TORONTO_PUR93_1416,Toronto PUR93 Course 1416,120
TORONTO_PUR93_1417,Toronto PUR93 Course 1417,120
TORONTO_PUR93_1418,Toronto PUR93 Course 1418,120
TORONTO_PUR93_1419,Toronto PUR93 Course 1419,120
TORONTO_PUR93_1420,Toronto PUR93 Course 1420,120
TORONTO_PUR93_1421,Toronto PUR93 Course 1421,120
TORONTO_PUR93_1422,Toronto PUR93 Course 1422,120
TORONTO_PUR93_1423,Toronto PUR93 Course 1423,120
TORONTO_PUR93_1424,Toronto PUR93 Course 1424,120
TORONTO_PUR93_1425,Toronto PUR93 Course 1425,120
TORONTO_PUR93_1426,Toronto PUR93 Course 1426,120
TORONTO_PUR93_1427,Toronto PUR93 Course 1427,120
TORONTO_PUR93_1428,Toronto PUR93 Course 1428,120
TORONTO_PUR93_1429,Toronto PUR93 Course 1429,120
TORONTO_PUR93_1430,Toronto PUR93 Course 1430,120
TORONTO_PUR93_1431,Toronto PUR93 Course 1431,120
TORONTO_PUR93_1432,Toronto PUR93 Course 1432,120
TORONTO_PUR93_1433,Toronto PUR93 Course 1433,120
TORONTO_PUR93_1434,Toronto PUR93 Course 1434,120
TORONTO_PUR93_1435,Toronto PUR93 Course 1435,120
TORONTO_PUR93_1436,Toronto PUR93 Course 1436,120
TORONTO_PUR93_1437,Toronto PUR93 Course 1437,120
TORONTO_PUR93_1438,Toronto PUR93 Course 1438,120
TORONTO_PUR93_1439,Toronto PUR93 Course 1439,120
TORONTO_PUR93_1440,Toronto PUR93 Course 1440,120
TORONTO_PUR93_1441,Toronto PUR93 Course 1441,120
TORONTO_PUR93_1442,Toronto PUR93 Course 1442,120
TORONTO_PUR93_1443,Toronto PUR93 Course 1443,120
TORONTO_PUR93_1444,Toronto PUR93 Course 1444,120
TORONTO_PUR93_1445,Toronto PUR93 Course 1445,120
TORONTO_PUR93_1446,Toronto PUR93 Course 1446,120
TORONTO_PUR93_1447,Toronto PUR93 Course 1447,120
TORONTO_PUR93_1448,Toronto PUR93 Course 1448,120
TORONTO_PUR93_1449,Toronto PUR93 Course 1449,120
TORONTO_PUR93_1450,Toronto PUR93 Course 1450,120
TORONTO_PUR93_1451,Toronto PUR93 Course 1451,120
TORONTO_PUR93_1452,Toronto PUR93 Course 1452,120
TORONTO_PUR93_1453,Toronto PUR93 Course 1453,120
TORONTO_PUR93_1454,Toronto PUR93 Course 1454,120
TORONTO_PUR93_1455,Toronto PUR93 Course 1455,120
TORONTO_PUR93_1456,Toronto PUR93 Course 1456,120
TORONTO_PUR93_1457,Toronto PUR93 Course 1457,120
TORONTO_PUR93_1458,Toronto PUR93 Course 1458,120
TORONTO_PUR93_1459,Toronto PUR93 Course 1459,120
TORONTO_PUR93_1460,Toronto PUR93 Course 1460,120
TORONTO_PUR93_1461,Toronto PUR93 Course 1461,120
TORONTO_PUR93_1462,Toronto PUR93 Course 1462,120
TORONTO_PUR93_1463,Toronto PUR93 Course 1463,120
TORONTO_PUR93_1464,Toronto PUR93 Course 1464,120
TORONTO_PUR93_1465,Toronto PUR93 Course 1465,120
TORONTO_PUR93_1466,Toronto PUR93 Course 1466,120
TORONTO_PUR93_1467,Toronto PUR93 Course 1467,120
TORONTO_PUR93_1468,Toronto PUR93 Course 1468,120
TORONTO_PUR93_1469,Toronto PUR93 Course 1469,120
TORONTO_PUR93_1470,Toronto PUR93 Course 1470,120
TORONTO_PUR93_1471,Toronto PUR93 Course 1471,120
TORONTO_PUR93_1472,Toronto PUR93 Course 1472,120
TORONTO_PUR93_1473,Toronto PUR93 Course 1473,120
TORONTO_PUR93_1474,Toronto PUR93 Course 1474,120
TORONTO_PUR93_1475,Toronto PUR93 Course 1475,120
TORONTO_PUR93_1476,Toronto PUR93 Course 1476,120
TORONTO_PUR93_1477,Toronto PUR93 Course 1477,120
TORONTO_PUR93_1478,Toronto PUR93 Course 1478,120
TORONTO_PUR93_1479,Toronto PUR93 Course 1479,120
TORONTO_PUR93_1480,Toronto PUR93 Course 1480,120
TORONTO_PUR93_1481,Toronto PUR93 Course 1481,120
TORONTO_PUR93_1482,Toronto PUR93 Course 1482,120
TORONTO_PUR93_1483,Toronto PUR93 Course 1483,120
TORONTO_PUR93_1484,Toronto PUR93 Course 1484,120
TORONTO_PUR93_1485,Toronto PUR93 Course 1485,120
TORONTO_PUR93_1486,Toronto PUR93 Course 1486,120
TORONTO_PUR93_1487,Toronto PUR93 Course 1487,120
TORONTO_PUR93_1488,Toronto PUR93 Course 1488,120
TORONTO_PUR93_1489,Toronto PUR93 Course 1489,120
TORONTO_PUR93_1490,Toronto PUR93 Course 1490,120
TORONTO_PUR93_1491,Toronto PUR93 Course 1491,120
TORONTO_PUR93_1492,Toronto PUR93 Course 1492,120
TORONTO_PUR93_1493,Toronto PUR93 Course 1493,120
TORONTO_PUR93_1494,Toronto PUR93 Course 1494,120
TORONTO_PUR93_1495,Toronto PUR93 Course 1495,120
TORONTO_PUR93_1496,Toronto PUR93 Course 1496,120
TORONTO_PUR93_1497,Toronto PUR93 Course 1497,120
TORONTO_PUR93_1498,Toronto PUR93 Course 1498,120
TORONTO_PUR93_1499,Toronto PUR93 Course 1499,120
TORONTO_PUR93_1500,Toronto PUR93 Course 1500,120
TORONTO_PUR93_1501,Toronto PUR93 Course 1501,120
TORONTO_PUR93_1502,Toronto PUR93 Course 1502,120
TORONTO_PUR93_1503,Toronto PUR93 Course 1503,120
TORONTO_PUR93_1504,Toronto PUR93 Course 1504,120
TORONTO_PUR93_1505,Toronto PUR93 Course 1505,120
TORONTO_PUR93_1506,Toronto PUR93 Course 1506,120
TORONTO_PUR93_1507,Toronto PUR93 Course 1507,120
TORONTO_PUR93_1508,Toronto PUR93 Course 1508,120
TORONTO_PUR93_1509,Toronto PUR93 Course 1509,120
TORONTO_PUR93_1510,Toronto PUR93 Course 1510,120
TORONTO_PUR93_1511,Toronto PUR93 Course 1511,120
TORONTO_PUR93_1512,Toronto PUR93 Course 1512,120
TORONTO_PUR93_1513,Toronto PUR93 Course 1513,120
TORONTO_PUR93_1514,Toronto PUR93 Course 1514,120
TORONTO_PUR93_1515,Toronto PUR93 Course 1515,120
TORONTO_PUR93_1516,Toronto PUR93 Course 1516,120
TORONTO_PUR93_1517,Toronto PUR93 Course 1517,120
TORONTO_PUR93_1518,Toronto PUR93 Course 1518,120
TORONTO_PUR93_1519,Toronto PUR93 Course 1519,120
TORONTO_PUR93_1520,Toronto PUR93 Course 1520,120
TORONTO_PUR93_1521,Toronto PUR93 Course 1521,120
TORONTO_PUR93_1522,Toronto PUR93 Course 1522,120
TORONTO_PUR93_1523,Toronto PUR93 Course 1523,120
TORONTO_PUR93_1524,Toronto PUR93 Course 1524,120
TORONTO_PUR93_1525,Toronto PUR93 Course 1525,120
TORONTO_PUR93_1526,Toronto PUR93 Course 1526,120
TORONTO_PUR93_1527,Toronto PUR93 Course 1527,120
TORONTO_PUR93_1528,Toronto PUR93 Course 1528,120
TORONTO_PUR93_1529,Toronto PUR93 Course 1529,120
TORONTO_PUR93_1530,Toronto PUR93 Course 1530,120
TORONTO_PUR93_1531,Toronto PUR93 Course 1531,120
TORONTO_PUR93_1532,Toronto PUR93 Course 1532,120
TORONTO_PUR93_1533,Toronto PUR93 Course 1533,120
TORONTO_PUR93_1534,Toronto PUR93 Course 1534,120
TORONTO_PUR93_1535,Toronto PUR93 Course 1535,120
TORONTO_PUR93_1536,Toronto PUR93 Course 1536,120
TORONTO_PUR93_1537,Toronto PUR93 Course 1537,120
TORONTO_PUR93_1538,Toronto PUR93 Course 1538,120
TORONTO_PUR93_1539,Toronto PUR93 Course 1539,120
TORONTO_PUR93_1540,Toronto PUR93 Course 1540,120
TORONTO_PUR93_1541,Toronto PUR93 Course 1541,120
TORONTO_PUR93_1542,Toronto PUR93 Course 1542,120
TORONTO_PUR93_1543,Toronto PUR93 Course 1543,120
TORONTO_PUR93_1544,Toronto PUR93 Course 1544,120
TORONTO_PUR93_1545,Toronto PUR93 Course 1545,120
TORONTO_PUR93_1546,Toronto PUR93 Course 1546,120
TORONTO_PUR93_1547,Toronto PUR93 Course 1547,120
TORONTO_PUR93_1548,Toronto PUR93 Course 1548,120
TORONTO_PUR93_1549,Toronto PUR93 Course 1549,120
TORONTO_PUR93_1550,Toronto PUR93 Course 1550,120
TORONTO_PUR93_1551,Toronto PUR93 Course 1551,120
TORONTO_PUR93_1552,Toronto PUR93 Course 1552,120
TORONTO_PUR93_1553,Toronto PUR93 Course 1553,120
TORONTO_PUR93_1554,Toronto PUR93 Course 1554,120
TORONTO_PUR93_1555,Toronto PUR93 Course 1555,120
TORONTO_PUR93_1556,Toronto PUR93 Course 1556,120
TORONTO_PUR93_1557,Toronto PUR93 Course 1557,120
TORONTO_PUR93_1558,Toronto PUR93 Course 1558,120
TORONTO_PUR93_1559,Toronto PUR93 Course 1559,120
TORONTO_PUR93_1560,Toronto PUR93 Course 1560,120
TORONTO_PUR93_1561,Toronto PUR93 Course 1561,120
TORONTO_PUR93_1562,Toronto PUR93 Course 1562,120
TORONTO_PUR93_1563,Toronto PUR93 Course 1563,120
TORONTO_PUR93_1564,Toronto PUR93 Course 1564,120
TORONTO_PUR93_1565,Toronto PUR93 Course 1565,120
TORONTO_PUR93_1566,Toronto PUR93 Course 1566,120
TORONTO_PUR93_1567,Toronto PUR93 Course 1567,120
TORONTO_PUR93_1568,Toronto PUR93 Course 1568,120
TORONTO_PUR93_1569,Toronto PUR93 Course 1569,120
TORONTO_PUR93_1570,Toronto PUR93 Course 1570,120
TORONTO_PUR93_1571,Toronto PUR93 Course 1571,120
TORONTO_PUR93_1572,Toronto PUR93 Course 1572,120
TORONTO_PUR93_1573,Toronto PUR93 Course 1573,120
TORONTO_PUR93_1574,Toronto PUR93 Course 1574,120
TORONTO_PUR93_1575,Toronto PUR93 Course 1575,120
TORONTO_PUR93_1576,Toronto PUR93 Course 1576,120
TORONTO_PUR93_1577,Toronto PUR93 Course 1577,120
TORONTO_PUR93_1578,Toronto PUR93 Course 1578,120
TORONTO_PUR93_1579,Toronto PUR93 Course 1579,120
TORONTO_PUR93_1580,Toronto PUR93 Course 1580,120
TORONTO_PUR93_1581,Toronto PUR93 Course 1581,120
TORONTO_PUR93_1582,Toronto PUR93 Course 1582,120
TORONTO_PUR93_1583,Toronto PUR93 Course 1583,120
TORONTO_PUR93_1584,Toronto PUR93 Course 1584,120
TORONTO_PUR93_1585,Toronto PUR93 Course 1585,120
TORONTO_PUR93_1586,Toronto PUR93 Course 1586,120
TORONTO_PUR93_1587,Toronto PUR93 Course 1587,120
TORONTO_PUR93_1588,Toronto PUR93 Course 1588,120
TORONTO_PUR93_1589,Toronto PUR93 Course 1589,120
TORONTO_PUR93_1590,Toronto PUR93 Course 1590,120
TORONTO_PUR93_1591,Toronto PUR93 Course 1591,120
TORONTO_PUR93_1592,Toronto PUR93 Course 1592,120
TORONTO_PUR93_1593,Toronto PUR93 Course 1593,120
TORONTO_PUR93_1594,Toronto PUR93 Course 1594,120
TORONTO_PUR93_1595,Toronto PUR93 Course 1595,120
TORONTO_PUR93_1596,Toronto PUR93 Course 1596,120
TORONTO_PUR93_1597,Toronto PUR93 Course 1597,120
TORONTO_PUR93_1598,Toronto PUR93 Course 1598,120
TORONTO_PUR93_1599,Toronto PUR93 Course 1599,120
TORONTO_PUR93_1600,Toronto PUR93 Course 1600,120
TORONTO_PUR93_1601,Toronto PUR93 Course 1601,120
TORONTO_PUR93_1602,Toronto PUR93 Course 1602,120
TORONTO_PUR93_1603,Toronto PUR93 Course 1603,120
TORONTO_PUR93_1604,Toronto PUR93 Course 1604,120
TORONTO_PUR93_1605,Toronto PUR93 Course 1605,120
TORONTO_PUR93_1606,Toronto PUR93 Course 1606,120
TORONTO_PUR93_1607,Toronto PUR93 Course 1607,120
TORONTO_PUR93_1608,Toronto PUR93 Course 1608,120
TORONTO_PUR93_1609,Toronto PUR93 Course 1609,120
TORONTO_PUR93_1610,Toronto PUR93 Course 1610,120
TORONTO_PUR93_1611,Toronto PUR93 Course 1611,120
TORONTO_PUR93_1612,Toronto PUR93 Course 1612,120
TORONTO_PUR93_1613,Toronto PUR93 Course 1613,120
TORONTO_PUR93_1614,Toronto PUR93 Course 1614,120
TORONTO_PUR93_1615,Toronto PUR93 Course 1615,120
TORONTO_PUR93_1616,Toronto PUR93 Course 1616,120
TORONTO_PUR93_1617,Toronto PUR93 Course 1617,120
TORONTO_PUR93_1618,Toronto PUR93 Course 1618,120
TORONTO_PUR93_1619,Toronto PUR93 Course 1619,120
TORONTO_PUR93_1620,Toronto PUR93 Course 1620,120
TORONTO_PUR93_1621,Toronto PUR93 Course 1621,120
TORONTO_PUR93_1622,Toronto PUR93 Course 1622,120
TORONTO_PUR93_1623,Toronto PUR93 Course 1623,120
TORONTO_PUR93_1624,Toronto PUR93 Course 1624,120
TORONTO_PUR93_1625,Toronto PUR93 Course 1625,120
TORONTO_PUR93_1626,Toronto PUR93 Course 1626,120
TORONTO_PUR93_1627,Toronto PUR93 Course 1627,120
TORONTO_PUR93_1628,Toronto PUR93 Course 1628,120
TORONTO_PUR93_1629,Toronto PUR93 Course 1629,120
TORONTO_PUR93_1630,Toronto PUR93 Course 1630,120
TORONTO_PUR93_1631,Toronto PUR93 Course 1631,120
TORONTO_PUR93_1632,Toronto PUR93 Course 1632,120
TORONTO_PUR93_1633,Toronto PUR93 Course 1633,120
TORONTO_PUR93_1634,Toronto PUR93 Course 1634,120
TORONTO_PUR93_1635,Toronto PUR93 Course 1635,120
TORONTO_PUR93_1636,Toronto PUR93 Course 1636,120
TORONTO_PUR93_1637,Toronto PUR93 Course 1637,120
TORONTO_PUR93_1638,Toronto PUR93 Course 1638,120
TORONTO_PUR93_1639,Toronto PUR93 Course 1639,120
TORONTO_PUR93_1640,Toronto PUR93 Course 1640,120
TORONTO_PUR93_1641,Toronto PUR93 Course 1641,120
TORONTO_PUR93_1642,Toronto PUR93 Course 1642,120
TORONTO_PUR93_1643,Toronto PUR93 Course 1643,120
TORONTO_PUR93_1644,Toronto PUR93 Course 1644,120
TORONTO_PUR93_1645,Toronto PUR93 Course 1645,120
TORONTO_PUR93_1646,Toronto PUR93 Course 1646,120
TORONTO_PUR93_1647,Toronto PUR93 Course 1647,120
TORONTO_PUR93_1648,Toronto PUR93 Course 1648,120
TORONTO_PUR93_1649,Toronto PUR93 Course 1649,120
TORONTO_PUR93_1650,Toronto PUR93 Course 1650,120
TORONTO_PUR93_1651,Toronto PUR93 Course 1651,120
TORONTO_PUR93_1652,Toronto PUR93 Course 1652,120
TORONTO_PUR93_1653,Toronto PUR93 Course 1653,120
TORONTO_PUR93_1654,Toronto PUR93 Course 1654,120
TORONTO_PUR93_1655,Toronto PUR93 Course 1655,120
TORONTO_PUR93_1656,Toronto PUR93 Course 1656,120
TORONTO_PUR93_1657,Toronto PUR93 Course 1657,120
TORONTO_PUR93_1658,Toronto PUR93 Course 1658,120
TORONTO_PUR93_1659,Toronto PUR93 Course 1659,120
TORONTO_PUR93_1660,Toronto PUR93 Course 1660,120
TORONTO_PUR93_1661,Toronto PUR93 Course 1661,120
TORONTO_PUR93_1662,Toronto PUR93 Course 1662,120
TORONTO_PUR93_1663,Toronto PUR93 Course 1663,120
TORONTO_PUR93_1664,Toronto PUR93 Course 1664,120
TORONTO_PUR93_1665,Toronto PUR93 Course 1665,120
TORONTO_PUR93_1666,Toronto PUR93 Course 1666,120
TORONTO_PUR93_1667,Toronto PUR93 Course 1667,120
TORONTO_PUR93_1668,Toronto PUR93 Course 1668,120
TORONTO_PUR93_1669,Toronto PUR93 Course 1669,120
TORONTO_PUR93_1670,Toronto PUR93 Course 1670,120
TORONTO_PUR93_1671,Toronto PUR93 Course 1671,120
TORONTO_PUR93_1672,Toronto PUR93 Course 1672,120
TORONTO_PUR93_1673,Toronto PUR93 Course 1673,120
TORONTO_PUR93_1674,Toronto PUR93 Course 1674,120
TORONTO_PUR93_1675,Toronto PUR93 Course 1675,120
TORONTO_PUR93_1676,Toronto PUR93 Course 1676,120
TORONTO_PUR93_1677,Toronto PUR93 Course 1677,120
TORONTO_PUR93_1678,Toronto PUR93 Course 1678,120
TORONTO_PUR93_1679,Toronto PUR93 Course 1679,120
TORONTO_PUR93_1680,Toronto PUR93 Course 1680,120
TORONTO_PUR93_1681,Toronto PUR93 Course 1681,120
TORONTO_PUR93_1682,Toronto PUR93 Course 1682,120
TORONTO_PUR93_1683,Toronto PUR93 Course 1683,120
TORONTO_PUR93_1684,Toronto PUR93 Course 1684,120
TORONTO_PUR93_1685,Toronto PUR93 Course 1685,120
TORONTO_PUR93_1686,Toronto PUR93 Course 1686,120
TORONTO_PUR93_1687,Toronto PUR93 Course 1687,120
TORONTO_PUR93_1688,Toronto PUR93 Course 1688,120
TORONTO_PUR93_1689,Toronto PUR93 Course 1689,120
TORONTO_PUR93_1690,Toronto PUR93 Course 1690,120
TORONTO_PUR93_1691,Toronto PUR93 Course 1691,120
TORONTO_PUR93_1692,Toronto PUR93 Course 1692,120
TORONTO_PUR93_1693,Toronto PUR93 Course 1693,120
TORONTO_PUR93_1694,Toronto PUR93 Course 1694,120
TORONTO_PUR93_1695,Toronto PUR93 Course 1695,120
TORONTO_PUR93_1696,Toronto PUR93 Course 1696,120
TORONTO_PUR93_1697,Toronto PUR93 Course 1697,120
TORONTO_PUR93_1698,Toronto PUR93 Course 1698,120
TORONTO_PUR93_1699,Toronto PUR93 Course 1699,120
TORONTO_PUR93_1700,Toronto PUR93 Course 1700,120
TORONTO_PUR93_1701,Toronto PUR93 Course 1701,120
TORONTO_PUR93_1702,Toronto PUR93 Course 1702,120
TORONTO_PUR93_1703,Toronto PUR93 Course 1703,120
TORONTO_PUR93_1704,Toronto PUR93 Course 1704,120
TORONTO_PUR93_1705,Toronto PUR93 Course 1705,120
TORONTO_PUR93_1706,Toronto PUR93 Course 1706,120
TORONTO_PUR93_1707,Toronto PUR93 Course 1707,120
TORONTO_PUR93_1708,Toronto PUR93 Course 1708,120
TORONTO_PUR93_1709,Toronto PUR93 Course 1709,120
TORONTO_PUR93_1710,Toronto PUR93 Course 1710,120
TORONTO_PUR93_1711,Toronto PUR93 Course 1711,120
TORONTO_PUR93_1712,Toronto PUR93 Course 1712,120
TORONTO_PUR93_1713,Toronto PUR93 Course 1713,120
TORONTO_PUR93_1714,Toronto PUR93 Course 1714,120
TORONTO_PUR93_1715,Toronto PUR93 Course 1715,120
TORONTO_PUR93_1716,Toronto PUR93 Course 1716,120
TORONTO_PUR93_1717,Toronto PUR93 Course 1717,120
TORONTO_PUR93_1718,Toronto PUR93 Course 1718,120
TORONTO_PUR93_1719,Toronto PUR93 Course 1719,120
TORONTO_PUR93_1720,Toronto PUR93 Course 1720,120
TORONTO_PUR93_1721,Toronto PUR93 Course 1721,120
TORONTO_PUR93_1722,Toronto PUR93 Course 1722,120
TORONTO_PUR93_1723,Toronto PUR93 Course 1723,120
TORONTO_PUR93_1724,Toronto PUR93 Course 1724,120
TORONTO_PUR93_1725,Toronto PUR93 Course 1725,120
TORONTO_PUR93_1726,Toronto PUR93 Course 1726,120
TORONTO_PUR93_1727,Toronto PUR93 Course 1727,120
TORONTO_PUR93_1728,Toronto PUR93 Course 1728,120
TORONTO_PUR93_1729,Toronto PUR93 Course 1729,120
TORONTO_PUR93_1730,Toronto PUR93 Course 1730,120
TORONTO_PUR93_1731,Toronto PUR93 Course 1731,120
TORONTO_PUR93_1732,Toronto PUR93 Course 1732,120
TORONTO_PUR93_1733,Toronto PUR93 Course 1733,120
TORONTO_PUR93_1734,Toronto PUR93 Course 1734,120
TORONTO_PUR93_1735,Toronto PUR93 Course 1735,120
TORONTO_PUR93_1736,Toronto PUR93 Course 1736,120
TORONTO_PUR93_1737,Toronto PUR93 Course 1737,120
TORONTO_PUR93_1738,Toronto PUR93 Course 1738,120
TORONTO_PUR93_1739,Toronto PUR93 Course 1739,120
TORONTO_PUR93_1740,Toronto PUR93 Course 1740,120
TORONTO_PUR93_1741,Toronto PUR93 Course 1741,120
TORONTO_PUR93_1742,Toronto PUR93 Course 1742,120
TORONTO_PUR93_1743,Toronto PUR93 Course 1743,120
TORONTO_PUR93_1744,Toronto PUR93 Course 1744,120
TORONTO_PUR93_1745,Toronto PUR93 Course 1745,120
TORONTO_PUR93_1746,Toronto PUR93 Course 1746,120
TORONTO_PUR93_1747,Toronto PUR93 Course 1747,120
TORONTO_PUR93_1748,Toronto PUR93 Course 1748,120
TORONTO_PUR93_1749,Toronto PUR93 Course 1749,120
TORONTO_PUR93_1750,Toronto PUR93 Course 1750,120
TORONTO_PUR93_1751,Toronto PUR93 Course 1751,120
TORONTO_PUR93_1752,Toronto PUR93 Course 1752,120
TORONTO_PUR93_1753,Toronto PUR93 Course 1753,120
TORONTO_PUR93_1754,Toronto PUR93 Course 1754,120
TORONTO_PUR93_1755,Toronto PUR93 Course 1755,120
TORONTO_PUR93_1756,Toronto PUR93 Course 1756,120
TORONTO_PUR93_1757,Toronto PUR93 Course 1757,120
TORONTO_PUR93_1758,Toronto PUR93 Course 1758,120
TORONTO_PUR93_1759,Toronto PUR93 Course 1759,120
TORONTO_PUR93_1760,Toronto PUR93 Course 1760,120
TORONTO_PUR93_1761,Toronto PUR93 Course 1761,120
TORONTO_PUR93_1762,Toronto PUR93 Course 1762,120
TORONTO_PUR93_1763,Toronto PUR93 Course 1763,120
TORONTO_PUR93_1764,Toronto PUR93 Course 1764,120
TORONTO_PUR93_1765,Toronto PUR93 Course 1765,120
TORONTO_PUR93_1766,Toronto PUR93 Course 1766,120
TORONTO_PUR93_1767,Toronto PUR93 Course 1767,120
TORONTO_PUR93_1768,Toronto PUR93 Course 1768,120
TORONTO_PUR93_1769,Toronto PUR93 Course 1769,120
TORONTO_PUR93_1770,Toronto PUR93 Course 1770,120
TORONTO_PUR93_1771,Toronto PUR93 Course 1771,120
TORONTO_PUR93_1772,Toronto PUR93 Course 1772,120
TORONTO_PUR93_1773,Toronto PUR93 Course 1773,120
TORONTO_PUR93_1774,Toronto PUR93 Course 1774,120
TORONTO_PUR93_1775,Toronto PUR93 Course 1775,120
TORONTO_PUR93_1776,Toronto PUR93 Course 1776,120
TORONTO_PUR93_1777,Toronto PUR93 Course 1777,120
TORONTO_PUR93_1778,Toronto PUR93 Course 1778,120
TORONTO_PUR93_1779,Toronto PUR93 Course 1779,120
TORONTO_PUR93_1780,Toronto PUR93 Course 1780,120
TORONTO_PUR93_1781,Toronto PUR93 Course 1781,120
TORONTO_PUR93_1782,Toronto PUR93 Course 1782,120
TORONTO_PUR93_1783,Toronto PUR93 Course 1783,120
TORONTO_PUR93_1784,Toronto PUR93 Course 1784,120
TORONTO_PUR93_1785,Toronto PUR93 Course 1785,120
TORONTO_PUR93_1786,Toronto PUR93 Course 1786,120
TORONTO_PUR93_1787,Toronto PUR93 Course 1787,120
TORONTO_PUR93_1788,Toronto PUR93 Course 1788,120
TORONTO_PUR93_1789,Toronto PUR93 Course 1789,120
TORONTO_PUR93_1790,Toronto PUR93 Course 1790,120
TORONTO_PUR93_1791,Toronto PUR93 Course 1791,120
TORONTO_PUR93_1792,Toronto PUR93 Course 1792,120
TORONTO_PUR93_1793,Toronto PUR93 Course 1793,120
TORONTO_PUR93_1794,Toronto PUR93 Course 1794,120
TORONTO_PUR93_1795,Toronto PUR93 Course 1795,120
TORONTO_PUR93_1796,Toronto PUR93 Course 1796,120
TORONTO_PUR93_1797,Toronto PUR93 Course 1797,120
TORONTO_PUR93_1798,Toronto PUR93 Course 1798,120
TORONTO_PUR93_1799,Toronto PUR93 Course 1799,120
TORONTO_PUR93_1800,Toronto PUR93 Course 1800,120
TORONTO_PUR93_1801,Toronto PUR93 Course 1801,120
TORONTO_PUR93_1802,Toronto PUR93 Course 1802,120
TORONTO_PUR93_1803,Toronto PUR93 Course 1803,120
TORONTO_PUR93_1804,Toronto PUR93 Course 1804,120
TORONTO_PUR93_1805,Toronto PUR93 Course 1805,120
TORONTO_PUR93_1806,Toronto PUR93 Course 1806,120
TORONTO_PUR93_1807,Toronto PUR93 Course 1807,120
TORONTO_PUR93_1808,Toronto PUR93 Course 1808,120
TORONTO_PUR93_1809,Toronto PUR93 Course 1809,120
TORONTO_PUR93_1810,Toronto PUR93 Course 1810,120
TORONTO_PUR93_1811,Toronto PUR93 Course 1811,120
TORONTO_PUR93_1812,Toronto PUR93 Course 1812,120
TORONTO_PUR93_1813,Toronto PUR93 Course 1813,120
TORONTO_PUR93_1814,Toronto PUR93 Course 1814,120
TORONTO_PUR93_1815,Toronto PUR93 Course 1815,120
TORONTO_PUR93_1816,Toronto PUR93 Course 1816,120
TORONTO_PUR93_1817,Toronto PUR93 Course 1817,120
TORONTO_PUR93_1818,Toronto PUR93 Course 1818,120
TORONTO_PUR93_1819,Toronto PUR93 Course 1819,120
TORONTO_PUR93_1820,Toronto PUR93 Course 1820,120
TORONTO_PUR93_1821,Toronto PUR93 Course 1821,120
TORONTO_PUR93_1822,Toronto PUR93 Course 1822,120
TORONTO_PUR93_1823,Toronto PUR93 Course 1823,120
TORONTO_PUR93_1824,Toronto PUR93 Course 1824,120
TORONTO_PUR93_1825,Toronto PUR93 Course 1825,120
TORONTO_PUR93_1826,Toronto PUR93 Course 1826,120
TORONTO_PUR93_1827,Toronto PUR93 Course 1827,120
TORONTO_PUR93_1828,Toronto PUR93 Course 1828,120
TORONTO_PUR93_1829,Toronto PUR93 Course 1829,120
TORONTO_PUR93_1830,Toronto PUR93 Course 1830,120
TORONTO_PUR93_1831,Toronto PUR93 Course 1831,120
TORONTO_PUR93_1832,Toronto PUR93 Course 1832,120
TORONTO_PUR93_1833,Toronto PUR93 Course 1833,120
TORONTO_PUR93_1834,Toronto PUR93 Course 1834,120
TORONTO_PUR93_1835,Toronto PUR93 Course 1835,120
TORONTO_PUR93_1836,Toronto PUR93 Course 1836,120
TORONTO_PUR93_1837,Toronto PUR93 Course 1837,120
TORONTO_PUR93_1838,Toronto PUR93 Course 1838,120
TORONTO_PUR93_1839,Toronto PUR93 Course 1839,120
TORONTO_PUR93_1840,Toronto PUR93 Course 1840,120
TORONTO_PUR93_1841,Toronto PUR93 Course 1841,120
TORONTO_PUR93_1842,Toronto PUR93 Course 1842,120
TORONTO_PUR93_1843,Toronto PUR93 Course 1843,120
TORONTO_PUR93_1844,Toronto PUR93 Course 1844,120
TORONTO_PUR93_1845,Toronto PUR93 Course 1845,120
TORONTO_PUR93_1846,Toronto PUR93 Course 1846,120
TORONTO_PUR93_1847,Toronto PUR93 Course 1847,120
TORONTO_PUR93_1848,Toronto PUR93 Course 1848,120
TORONTO_PUR93_1849,Toronto PUR93 Course 1849,120
TORONTO_PUR93_1850,Toronto PUR93 Course 1850,120
TORONTO_PUR93_1851,Toronto PUR93 Course 1851,120
TORONTO_PUR93_1852,Toronto PUR93 Course 1852,120
TORONTO_PUR93_1853,Toronto PUR93 Course 1853,120
TORONTO_PUR93_1854,Toronto PUR93 Course 1854,120
TORONTO_PUR93_1855,Toronto PUR93 Course 1855,120
TORONTO_PUR93_1856,Toronto PUR93 Course 1856,120
TORONTO_PUR93_1857,Toronto PUR93 Course 1857,120
TORONTO_PUR93_1858,Toronto PUR93 Course 1858,120
TORONTO_PUR93_1859,Toronto PUR93 Course 1859,120
TORONTO_PUR93_1860,Toronto PUR93 Course 1860,120
TORONTO_PUR93_1861,Toronto PUR93 Course 1861,120
TORONTO_PUR93_1862,Toronto PUR93 Course 1862,120
TORONTO_PUR93_1863,Toronto PUR93 Course 1863,120
TORONTO_PUR93_1864,Toronto PUR93 Course 1864,120
TORONTO_PUR93_1865,Toronto PUR93 Course 1865,120
TORONTO_PUR93_1866,Toronto PUR93 Course 1866,120
TORONTO_PUR93_1867,Toronto PUR93 Course 1867,120
TORONTO_PUR93_1868,Toronto PUR93 Course 1868,120
TORONTO_PUR93_1869,Toronto PUR93 Course 1869,120
TORONTO_PUR93_1870,Toronto PUR93 Course 1870,120
TORONTO_PUR93_1871,Toronto PUR93 Course 1871,120
TORONTO_PUR93_1872,Toronto PUR93 Course 1872,120
TORONTO_PUR93_1873,Toronto PUR93 Course 1873,120
TORONTO_PUR93_1874,Toronto PUR93 Course 1874,120
TORONTO_PUR93_1875,Toronto PUR93 Course 1875,120
TORONTO_PUR93_1876,Toronto PUR93 Course 1876,120
TORONTO_PUR93_1877,Toronto PUR93 Course 1877,120
TORONTO_PUR93_1878,Toronto PUR93 Course 1878,120
TORONTO_PUR93_1879,Toronto PUR93 Course 1879,120
TORONTO_PUR93_1880,Toronto PUR93 Course 1880,120
TORONTO_PUR93_1881,Toronto PUR93 Course 1881,120
TORONTO_PUR93_1882,Toronto PUR93 Course 1882,120
TORONTO_PUR93_1883,Toronto PUR93 Course 1883,120
TORONTO_PUR93_1884,Toronto PUR93 Course 1884,120
TORONTO_PUR93_1885,Toronto PUR93 Course 1885,120
TORONTO_PUR93_1886,Toronto PUR93 Course 1886,120
TORONTO_PUR93_1887,Toronto PUR93 Course 1887,120
TORONTO_PUR93_1888,Toronto PUR93 Course 1888,120
TORONTO_PUR93_1889,Toronto PUR93 Course 1889,120
TORONTO_PUR93_1890,Toronto PUR93 Course 1890,120
TORONTO_PUR93_1891,Toronto PUR93 Course 1891,120
TORONTO_PUR93_1892,Toronto PUR93 Course 1892,120
TORONTO_PUR93_1893,Toronto PUR93 Course 1893,120
TORONTO_PUR93_1894,Toronto PUR93 Course 1894,120
TORONTO_PUR93_1895,Toronto PUR93 Course 1895,120
TORONTO_PUR93_1896,Toronto PUR93 Course 1896,120
TORONTO_PUR93_1897,Toronto PUR93 Course 1897,120
TORONTO_PUR93_1898,Toronto PUR93 Course 1898,120
TORONTO_PUR93_1899,Toronto PUR93 Course 1899,120
TORONTO_PUR93_1900,Toronto PUR93 Course 1900,120
TORONTO_PUR93_1901,Toronto PUR93 Course 1901,120
TORONTO_PUR93_1902,Toronto PUR93 Course 1902,120
TORONTO_PUR93_1903,Toronto PUR93 Course 1903,120
TORONTO_PUR93_1904,Toronto PUR93 Course 1904,120
TORONTO_PUR93_1905,Toronto PUR93 Course 1905,120
TORONTO_PUR93_1906,Toronto PUR93 Course 1906,120
TORONTO_PUR93_1907,Toronto PUR93 Course 1907,120
TORONTO_PUR93_1908,Toronto PUR93 Course 1908,120
TORONTO_PUR93_1909,Toronto PUR93 Course 1909,120
TORONTO_PUR93_1910,Toronto PUR93 Course 1910,120
TORONTO_PUR93_1911,Toronto PUR93 Course 1911,120
TORONTO_PUR93_1912,Toronto PUR93 Course 1912,120
TORONTO_PUR93_1913,Toronto PUR93 Course 1913,120
TORONTO_PUR93_1914,Toronto PUR93 Course 1914,120
TORONTO_PUR93_1915,Toronto PUR93 Course 1915,120
TORONTO_PUR93_1916,Toronto PUR93 Course 1916,120
TORONTO_PUR93_1917,Toronto PUR93 Course 1917,120
TORONTO_PUR93_1918,Toronto PUR93 Course 1918,120
TORONTO_PUR93_1919,Toronto PUR93 Course 1919,120
TORONTO_PUR93_1920,Toronto PUR93 Course 1920,120
TORONTO_PUR93_1921,Toronto PUR93 Course 1921,120
TORONTO_PUR93_1922,Toronto PUR93 Course 1922,120
TORONTO_PUR93_1923,Toronto PUR93 Course 1923,120
TORONTO_PUR93_1924,Toronto PUR93 Course 1924,120
TORONTO_PUR93_1925,Toronto PUR93 Course 1925,120
TORONTO_PUR93_1926,Toronto PUR93 Course 1926,120
TORONTO_PUR93_1927,Toronto PUR93 Course 1927,120
TORONTO_PUR93_1928,Toronto PUR93 Course 1928,120
TORONTO_PUR93_1929,Toronto PUR93 Course 1929,120
TORONTO_PUR93_1930,Toronto PUR93 Course 1930,120
TORONTO_PUR93_1931,Toronto PUR93 Course 1931,120
TORONTO_PUR93_1932,Toronto PUR93 Course 1932,120
TORONTO_PUR93_1933,Toronto PUR93 Course 1933,120
TORONTO_PUR93_1934,Toronto PUR93 Course 1934,120
TORONTO_PUR93_1935,Toronto PUR93 Course 1935,120
TORONTO_PUR93_1936,Toronto PUR93 Course 1936,120
TORONTO_PUR93_1937,Toronto PUR93 Course 1937,120
TORONTO_PUR93_1938,Toronto PUR93 Course 1938,120
TORONTO_PUR93_1939,Toronto PUR93 Course 1939,120
TORONTO_PUR93_1940,Toronto PUR93 Course 1940,120
TORONTO_PUR93_1941,Toronto PUR93 Course 1941,120
TORONTO_PUR93_1942,Toronto PUR93 Course 1942,120
TORONTO_PUR93_1943,Toronto PUR93 Course 1943,120
TORONTO_PUR93_1944,Toronto PUR93 Course 1944,120
TORONTO_PUR93_1945,Toronto PUR93 Course 1945,120
TORONTO_PUR93_1946,Toronto PUR93 Course 1946,120
TORONTO_PUR93_1947,Toronto PUR93 Course 1947,120
TORONTO_PUR93_1948,Toronto PUR93 Course 1948,120
TORONTO_PUR93_1949,Toronto PUR93 Course 1949,120
TORONTO_PUR93_1950,Toronto PUR93 Course 1950,120
TORONTO_PUR93_1951,Toronto PUR93 Course 1951,120
TORONTO_PUR93_1952,Toronto PUR93 Course 1952,120
TORONTO_PUR93_1953,Toronto PUR93 Course 1953,120
TORONTO_PUR93_1954,Toronto PUR93 Course 1954,120
TORONTO_PUR93_1955,Toronto PUR93 Course 1955,120
TORONTO_PUR93_1956,Toronto PUR93 Course 1956,120
TORONTO_PUR93_1957,Toronto PUR93 Course 1957,120
TORONTO_PUR93_1958,Toronto PUR93 Course 1958,120
TORONTO_PUR93_1959,Toronto PUR93 Course 1959,120
TORONTO_PUR93_1960,Toronto PUR93 Course 1960,120
TORONTO_PUR93_1961,Toronto PUR93 Course 1961,120
TORONTO_PUR93_1962,Toronto PUR93 Course 1962,120
TORONTO_PUR93_1963,Toronto PUR93 Course 1963,120
TORONTO_PUR93_1964,Toronto PUR93 Course 1964,120
TORONTO_PUR93_1965,Toronto PUR93 Course 1965,120
TORONTO_PUR93_1966,Toronto PUR93 Course 1966,120
TORONTO_PUR93_1967,Toronto PUR93 Course 1967,120
TORONTO_PUR93_1968,Toronto PUR93 Course 1968,120
TORONTO_PUR93_1969,Toronto PUR93 Course 1969,120
TORONTO_PUR93_1970,Toronto PUR93 Course 1970,120
TORONTO_PUR93_1971,Toronto PUR93 Course 1971,120
TORONTO_PUR93_1972,Toronto PUR93 Course 1972,120
TORONTO_PUR93_1973,Toronto PUR93 Course 1973,120
TORONTO_PUR93_1974,Toronto PUR93 Course 1974,120
TORONTO_PUR93_1975,Toronto PUR93 Course 1975,120
TORONTO_PUR93_1976,Toronto PUR93 Course 1976,120
TORONTO_PUR93_1977,Toronto PUR93 Course 1977,120
TORONTO_PUR93_1978,Toronto PUR93 Course 1978,120
TORONTO_PUR93_1979,Toronto PUR93 Course 1979,120
TORONTO_PUR93_1980,Toronto PUR93 Course 1980,120
TORONTO_PUR93_1981,Toronto PUR93 Course 1981,120
TORONTO_PUR93_1982,Toronto PUR93 Course 1982,120
TORONTO_PUR93_1983,Toronto PUR93 Course 1983,120
TORONTO_PUR93_1984,Toronto PUR93 Course 1984,120
TORONTO_PUR93_1985,Toronto PUR93 Course 1985,120
TORONTO_PUR93_1986,Toronto PUR93 Course 1986,120
TORONTO_PUR93_1987,Toronto PUR93 Course 1987,120
TORONTO_PUR93_1988,Toronto PUR93 Course 1988,120
TORONTO_PUR93_1989,Toronto PUR93 Course 1989,120
TORONTO_PUR93_1990,Toronto PUR93 Course 1990,120
TORONTO_PUR93_1991,Toronto PUR93 Course 1991,120
TORONTO_PUR93_1992,Toronto PUR93 Course 1992,120
TORONTO_PUR93_1993,Toronto PUR93 Course 1993,120
TORONTO_PUR93_1994,Toronto PUR93 Course 1994,120
TORONTO_PUR93_1995,Toronto PUR93 Course 1995,120
TORONTO_PUR93_1996,Toronto PUR93 Course 1996,120
TORONTO_PUR93_1997,Toronto PUR93 Course 1997,120
TORONTO_PUR93_1998,Toronto PUR93 Course 1998,120
TORONTO_PUR93_1999,Toronto PUR93 Course 1999,120
TORONTO_PUR93_2000,Toronto PUR93 Course 2000,120
TORONTO_PUR93_2001,Toronto PUR93 Course 2001,120
TORONTO_PUR93_2002,Toronto PUR93 Course 2002,120
TORONTO_PUR93_2003,Toronto PUR93 Course 2003,120
TORONTO_PUR93_2004,Toronto PUR93 Course 2004,120
TORONTO_PUR93_2005,Toronto PUR93 Course 2005,120
TORONTO_PUR93_2006,Toronto PUR93 Course 2006,120
TORONTO_PUR93_2007,Toronto PUR93 Course 2007,120
TORONTO_PUR93_2008,Toronto PUR93 Course 2008,120
TORONTO_PUR93_2009,Toronto PUR93 Course 2009,120
TORONTO_PUR93_2010,Toronto PUR93 Course 2010,120
TORONTO_PUR93_2011,Toronto PUR93 Course 2011,120
TORONTO_PUR93_2012,Toronto PUR93 Course 2012,120
TORONTO_PUR93_2013,Toronto PUR93 Course 2013,120
TORONTO_PUR93_2014,Toronto PUR93 Course 2014,120
TORONTO_PUR93_2015,Toronto PUR93 Course 2015,120
TORONTO_PUR93_2016,Toronto PUR93 Course 2016,120
TORONTO_PUR93_2017,Toronto PUR93 Course 2017,120
TORONTO_PUR93_2018,Toronto PUR93 Course 2018,120
TORONTO_PUR93_2019,Toronto PUR93 Course 2019,120
TORONTO_PUR93_2020,Toronto PUR93 Course 2020,120
TORONTO_PUR93_2021,Toronto PUR93 Course 2021,120
TORONTO_PUR93_2022,Toronto PUR93 Course 2022,120
TORONTO_PUR93_2023,Toronto PUR93 Course 2023,120
TORONTO_PUR93_2024,Toronto PUR93 Course 2024,120
TORONTO_PUR93_2025,Toronto PUR93 Course 2025,120
TORONTO_PUR93_2026,Toronto PUR93 Course 2026,120
TORONTO_PUR93_2027,Toronto PUR93 Course 2027,120
TORONTO_PUR93_2028,Toronto PUR93 Course 2028,120
TORONTO_PUR93_2029,Toronto PUR93 Course 2029,120
TORONTO_PUR93_2030,Toronto PUR93 Course 2030,120
TORONTO_PUR93_2031,Toronto PUR93 Course 2031,120
TORONTO_PUR93_2032,Toronto PUR93 Course 2032,120
TORONTO_PUR93_2033,Toronto PUR93 Course 2033,120
TORONTO_PUR93_2034,Toronto PUR93 Course 2034,120
TORONTO_PUR93_2035,Toronto PUR93 Course 2035,120
TORONTO_PUR93_2036,Toronto PUR93 Course 2036,120
TORONTO_PUR93_2037,Toronto PUR93 Course 2037,120
TORONTO_PUR93_2038,Toronto PUR93 Course 2038,120
TORONTO_PUR93_2039,Toronto PUR93 Course 2039,120
TORONTO_PUR93_2040,Toronto PUR93 Course 2040,120
TORONTO_PUR93_2041,Toronto PUR93 Course 2041,120
TORONTO_PUR93_2042,Toronto PUR93 Course 2042,120
TORONTO_PUR93_2043,Toronto PUR93 Course 2043,120
TORONTO_PUR93_2044,Toronto PUR93 Course 2044,120
TORONTO_PUR93_2045,Toronto PUR93 Course 2045,120
TORONTO_PUR93_2046,Toronto PUR93 Course 2046,120
TORONTO_PUR93_2047,Toronto PUR93 Course 2047,120
TORONTO_PUR93_2048,Toronto PUR93 Course 2048,120
TORONTO_PUR93_2049,Toronto PUR93 Course 2049,120
TORONTO_PUR93_2050,Toronto PUR93 Course 2050,120
TORONTO_PUR93_2051,Toronto PUR93 Course 2051,120
TORONTO_PUR93_2052,Toronto PUR93 Course 2052,120
TORONTO_PUR93_2053,Toronto PUR93 Course 2053,120
TORONTO_PUR93_2054,Toronto PUR93 Course 2054,120
TORONTO_PUR93_2055,Toronto PUR93 Course 2055,120
TORONTO_PUR93_2056,Toronto PUR93 Course 2056,120
TORONTO_PUR93_2057,Toronto PUR93 Course 2057,120
TORONTO_PUR93_2058,Toronto PUR93 Course 2058,120
TORONTO_PUR93_2059,Toronto PUR93 Course 2059,120
TORONTO_PUR93_2060,Toronto PUR93 Course 2060,120
TORONTO_PUR93_2061,Toronto PUR93 Course 2061,120
TORONTO_PUR93_2062,Toronto PUR93 Course 2062,120
TORONTO_PUR93_2063,Toronto PUR93 Course 2063,120
TORONTO_PUR93_2064,Toronto PUR93 Course 2064,120
TORONTO_PUR93_2065,Toronto PUR93 Course 2065,120
TORONTO_PUR93_2066,Toronto PUR93 Course 2066,120
TORONTO_PUR93_2067,Toronto PUR93 Course 2067,120
TORONTO_PUR93_2068,Toronto PUR93 Course 2068,120
TORONTO_PUR93_2069,Toronto PUR93 Course 2069,120
TORONTO_PUR93_2070,Toronto PUR93 Course 2070,120
TORONTO_PUR93_2071,Toronto PUR93 Course 2071,120
TORONTO_PUR93_2072,Toronto PUR93 Course 2072,120
TORONTO_PUR93_2073,Toronto PUR93 Course 2073,120
TORONTO_PUR93_2074,Toronto PUR93 Course 2074,120
TORONTO_PUR93_2075,Toronto PUR93 Course 2075,120
TORONTO_PUR93_2076,Toronto PUR93 Course 2076,120
TORONTO_PUR93_2077,Toronto PUR93 Course 2077,120
TORONTO_PUR93_2078,Toronto PUR93 Course 2078,120
TORONTO_PUR93_2079,Toronto PUR93 Course 2079,120
TORONTO_PUR93_2080,Toronto PUR93 Course 2080,120
TORONTO_PUR93_2081,Toronto PUR93 Course 2081,120
TORONTO_PUR93_2082,Toronto PUR93 Course 2082,120
TORONTO_PUR93_2083,Toronto PUR93 Course 2083,120
TORONTO_PUR93_2084,Toronto PUR93 Course 2084,120
TORONTO_PUR93_2085,Toronto PUR93 Course 2085,120
TORONTO_PUR93_2086,Toronto PUR93 Course 2086,120
TORONTO_PUR93_2087,Toronto PUR93 Course 2087,120
TORONTO_PUR93_2088,Toronto PUR93 Course 2088,120
TORONTO_PUR93_2089,Toronto PUR93 Course 2089,120
TORONTO_PUR93_2090,Toronto PUR93 Course 2090,120
TORONTO_PUR93_2091,Toronto PUR93 Course 2091,120
TORONTO_PUR93_2092,Toronto PUR93 Course 2092,120
TORONTO_PUR93_2093,Toronto PUR93 Course 2093,120
TORONTO_PUR93_2094,Toronto PUR93 Course 2094,120
TORONTO_PUR93_2095,Toronto PUR93 Course 2095,120
TORONTO_PUR93_2096,Toronto PUR93 Course 2096,120
TORONTO_PUR93_2097,Toronto PUR93 Course 2097,120
TORONTO_PUR93_2098,Toronto PUR93 Course 2098,120
TORONTO_PUR93_2099,Toronto PUR93 Course 2099,120
TORONTO_PUR93_2100,Toronto PUR93 Course 2100,120
TORONTO_PUR93_2101,Toronto PUR93 Course 2101,120
TORONTO_PUR93_2102,Toronto PUR93 Course 2102,120
TORONTO_PUR93_2103,Toronto PUR93 Course 2103,120
TORONTO_PUR93_2104,Toronto PUR93 Course 2104,120
TORONTO_PUR93_2105,Toronto PUR93 Course 2105,120
TORONTO_PUR93_2106,Toronto PUR93 Course 2106,120
TORONTO_PUR93_2107,Toronto PUR93 Course 2107,120
TORONTO_PUR93_2108,Toronto PUR93 Course 2108,120
TORONTO_PUR93_2109,Toronto PUR93 Course 2109,120
TORONTO_PUR93_2110,Toronto PUR93 Course 2110,120
TORONTO_PUR93_2111,Toronto PUR93 Course 2111,120
TORONTO_PUR93_2112,Toronto PUR93 Course 2112,120
TORONTO_PUR93_2113,Toronto PUR93 Course 2113,120
TORONTO_PUR93_2114,Toronto PUR93 Course 2114,120
TORONTO_PUR93_2115,Toronto PUR93 Course 2115,120
TORONTO_PUR93_2116,Toronto PUR93 Course 2116,120
TORONTO_PUR93_2117,Toronto PUR93 Course 2117,120
TORONTO_PUR93_2118,Toronto PUR93 Course 2118,120
TORONTO_PUR93_2119,Toronto PUR93 Course 2119,120
TORONTO_PUR93_2120,Toronto PUR93 Course 2120,120
TORONTO_PUR93_2121,Toronto PUR93 Course 2121,120
TORONTO_PUR93_2122,Toronto PUR93 Course 2122,120
TORONTO_PUR93_2123,Toronto PUR93 Course 2123,120
TORONTO_PUR93_2124,Toronto PUR93 Course 2124,120
TORONTO_PUR93_2125,Toronto PUR93 Course 2125,120
TORONTO_PUR93_2126,Toronto PUR93 Course 2126,120
TORONTO_PUR93_2127,Toronto PUR93 Course 2127,120
TORONTO_PUR93_2128,Toronto PUR93 Course 2128,120
TORONTO_PUR93_2129,Toronto PUR93 Course 2129,120
TORONTO_PUR93_2130,Toronto PUR93 Course 2130,120
TORONTO_PUR93_2131,Toronto PUR93 Course 2131,120
TORONTO_PUR93_2132,Toronto PUR93 Course 2132,120
TORONTO_PUR93_2133,Toronto PUR93 Course 2133,120
TORONTO_PUR93_2134,Toronto PUR93 Course 2134,120
TORONTO_PUR93_2135,Toronto PUR93 Course 2135,120
TORONTO_PUR93_2136,Toronto PUR93 Course 2136,120
TORONTO_PUR93_2137,Toronto PUR93 Course 2137,120
TORONTO_PUR93_2138,Toronto PUR93 Course 2138,120
TORONTO_PUR93_2139,Toronto PUR93 Course 2139,120
TORONTO_PUR93_2140,Toronto PUR93 Course 2140,120
TORONTO_PUR93_2141,Toronto PUR93 Course 2141,120
TORONTO_PUR93_2142,Toronto PUR93 Course 2142,120
TORONTO_PUR93_2143,Toronto PUR93 Course 2143,120
TORONTO_PUR93_2144,Toronto PUR93 Course 2144,120
TORONTO_PUR93_2145,Toronto PUR93 Course 2145,120
TORONTO_PUR93_2146,Toronto PUR93 Course 2146,120
TORONTO_PUR93_2147,Toronto PUR93 Course 2147,120
TORONTO_PUR93_2148,Toronto PUR93 Course 2148,120
TORONTO_PUR93_2149,Toronto PUR93 Course 2149,120
TORONTO_PUR93_2150,Toronto PUR93 Course 2150,120
TORONTO_PUR93_2151,Toronto PUR93 Course 2151,120
TORONTO_PUR93_2152,Toronto PUR93 Course 2152,120
TORONTO_PUR93_2153,Toronto PUR93 Course 2153,120
TORONTO_PUR93_2154,Toronto PUR93 Course 2154,120
TORONTO_PUR93_2155,Toronto PUR93 Course 2155,120
TORONTO_PUR93_2156,Toronto PUR93 Course 2156,120
TORONTO_PUR93_2157,Toronto PUR93 Course 2157,120
TORONTO_PUR93_2158,Toronto PUR93 Course 2158,120
TORONTO_PUR93_2159,Toronto PUR93 Course 2159,120
TORONTO_PUR93_2160,Toronto PUR93 Course 2160,120
TORONTO_PUR93_2161,Toronto PUR93 Course 2161,120
TORONTO_PUR93_2162,Toronto PUR93 Course 2162,120
TORONTO_PUR93_2163,Toronto PUR93 Course 2163,120
TORONTO_PUR93_2164,Toronto PUR93 Course 2164,120
TORONTO_PUR93_2165,Toronto PUR93 Course 2165,120
TORONTO_PUR93_2166,Toronto PUR93 Course 2166,120
TORONTO_PUR93_2167,Toronto PUR93 Course 2167,120
TORONTO_PUR93_2168,Toronto PUR93 Course 2168,120
TORONTO_PUR93_2169,Toronto PUR93 Course 2169,120
TORONTO_PUR93_2170,Toronto PUR93 Course 2170,120
TORONTO_PUR93_2171,Toronto PUR93 Course 2171,120
TORONTO_PUR93_2172,Toronto PUR93 Course 2172,120
TORONTO_PUR93_2173,Toronto PUR93 Course 2173,120
TORONTO_PUR93_2174,Toronto PUR93 Course 2174,120
TORONTO_PUR93_2175,Toronto PUR93 Course 2175,120
TORONTO_PUR93_2176,Toronto PUR93 Course 2176,120
TORONTO_PUR93_2177,Toronto PUR93 Course 2177,120
TORONTO_PUR93_2178,Toronto PUR93 Course 2178,120
TORONTO_PUR93_2179,Toronto PUR93 Course 2179,120
TORONTO_PUR93_2180,Toronto PUR93 Course 2180,120
TORONTO_PUR93_2181,Toronto PUR93 Course 2181,120
TORONTO_PUR93_2182,Toronto PUR93 Course 2182,120
TORONTO_PUR93_2183,Toronto PUR93 Course 2183,120
TORONTO_PUR93_2184,Toronto PUR93 Course 2184,120
TORONTO_PUR93_2185,Toronto PUR93 Course 2185,120
TORONTO_PUR93_2186,Toronto PUR93 Course 2186,120
TORONTO_PUR93_2187,Toronto PUR93 Course 2187,120
TORONTO_PUR93_2188,Toronto PUR93 Course 2188,120
TORONTO_PUR93_2189,Toronto PUR93 Course 2189,120
TORONTO_PUR93_2190,Toronto PUR93 Course 2190,120
TORONTO_PUR93_2191,Toronto PUR93 Course 2191,120
TORONTO_PUR93_2192,Toronto PUR93 Course 2192,120
TORONTO_PUR93_2193,Toronto PUR93 Course 2193,120
TORONTO_PUR93_2194,Toronto PUR93 Course 2194,120
TORONTO_PUR93_2195,Toronto PUR93 Course 2195,120
TORONTO_PUR93_2196,Toronto PUR93 Course 2196,120
TORONTO_PUR93_2197,Toronto PUR93 Course 2197,120
TORONTO_PUR93_2198,Toronto PUR93 Course 2198,120
TORONTO_PUR93_2199,Toronto PUR93 Course 2199,120
TORONTO_PUR93_2200,Toronto PUR93 Course 2200,120
TORONTO_PUR93_2201,Toronto PUR93 Course 2201,120
TORONTO_PUR93_2202,Toronto PUR93 Course 2202,120
TORONTO_PUR93_2203,Toronto PUR93 Course 2203,120
TORONTO_PUR93_2204,Toronto PUR93 Course 2204,120
TORONTO_PUR93_2205,Toronto PUR93 Course 2205,120
TORONTO_PUR93_2206,Toronto PUR93 Course 2206,120
TORONTO_PUR93_2207,Toronto PUR93 Course 2207,120
TORONTO_PUR93_2208,Toronto PUR93 Course 2208,120
TORONTO_PUR93_2209,Toronto PUR93 Course 2209,120
TORONTO_PUR93_2210,Toronto PUR93 Course 2210,120
TORONTO_PUR93_2211,Toronto PUR93 Course 2211,120
TORONTO_PUR93_2212,Toronto PUR93 Course 2212,120
TORONTO_PUR93_2213,Toronto PUR93 Course 2213,120
TORONTO_PUR93_2214,Toronto PUR93 Course 2214,120
TORONTO_PUR93_2215,Toronto PUR93 Course 2215,120
TORONTO_PUR93_2216,Toronto PUR93 Course 2216,120
TORONTO_PUR93_2217,Toronto PUR93 Course 2217,120
TORONTO_PUR93_2218,Toronto PUR93 Course 2218,120
TORONTO_PUR93_2219,Toronto PUR93 Course 2219,120
TORONTO_PUR93_2220,Toronto PUR93 Course 2220,120
TORONTO_PUR93_2221,Toronto PUR93 Course 2221,120
TORONTO_PUR93_2222,Toronto PUR93 Course 2222,120
TORONTO_PUR93_2223,Toronto PUR93 Course 2223,120
TORONTO_PUR93_2224,Toronto PUR93 Course 2224,120
TORONTO_PUR93_2225,Toronto PUR93 Course 2225,120
TORONTO_PUR93_2226,Toronto PUR93 Course 2226,120
TORONTO_PUR93_2227,Toronto PUR93 Course 2227,120
TORONTO_PUR93_2228,Toronto PUR93 Course 2228,120
TORONTO_PUR93_2229,Toronto PUR93 Course 2229,120
TORONTO_PUR93_2230,Toronto PUR93 Course 2230,120
TORONTO_PUR93_2231,Toronto PUR93 Course 2231,120
TORONTO_PUR93_2232,Toronto PUR93 Course 2232,120
TORONTO_PUR93_2233,Toronto PUR93 Course 2233,120
TORONTO_PUR93_2234,Toronto PUR93 Course 2234,120
TORONTO_PUR93_2235,Toronto PUR93 Course 2235,120
TORONTO_PUR93_2236,Toronto PUR93 Course 2236,120
TORONTO_PUR93_2237,Toronto PUR93 Course 2237,120
TORONTO_PUR93_2238,Toronto PUR93 Course 2238,120
TORONTO_PUR93_2239,Toronto PUR93 Course 2239,120
TORONTO_PUR93_2240,Toronto PUR93 Course 2240,120
TORONTO_PUR93_2241,Toronto PUR93 Course 2241,120
TORONTO_PUR93_2242,Toronto PUR93 Course 2242,120
TORONTO_PUR93_2243,Toronto PUR93 Course 2243,120
TORONTO_PUR93_2244,Toronto PUR93 Course 2244,120
TORONTO_PUR93_2245,Toronto PUR93 Course 2245,120
TORONTO_PUR93_2246,Toronto PUR93 Course 2246,120
TORONTO_PUR93_2247,Toronto PUR93 Course 2247,120
TORONTO_PUR93_2248,Toronto PUR93 Course 2248,120
TORONTO_PUR93_2249,Toronto PUR93 Course 2249,120
TORONTO_PUR93_2250,Toronto PUR93 Course 2250,120
TORONTO_PUR93_2251,Toronto PUR93 Course 2251,120
TORONTO_PUR93_2252,Toronto PUR93 Course 2252,120
TORONTO_PUR93_2253,Toronto PUR93 Course 2253,120
TORONTO_PUR93_2254,Toronto PUR93 Course 2254,120
TORONTO_PUR93_2255,Toronto PUR93 Course 2255,120
TORONTO_PUR93_2256,Toronto PUR93 Course 2256,120
TORONTO_PUR93_2257,Toronto PUR93 Course 2257,120
TORONTO_PUR93_2258,Toronto PUR93 Course 2258,120
TORONTO_PUR93_2259,Toronto PUR93 Course 2259,120
TORONTO_PUR93_2260,Toronto PUR93 Course 2260,120
TORONTO_PUR93_2261,Toronto PUR93 Course 2261,120
TORONTO_PUR93_2262,Toronto PUR93 Course 2262,120
TORONTO_PUR93_2263,Toronto PUR93 Course 2263,120
TORONTO_PUR93_2264,Toronto PUR93 Course 2264,120
TORONTO_PUR93_2265,Toronto PUR93 Course 2265,120
TORONTO_PUR93_2266,Toronto PUR93 Course 2266,120
TORONTO_PUR93_2267,Toronto PUR93 Course 2267,120
TORONTO_PUR93_2268,Toronto PUR93 Course 2268,120
TORONTO_PUR93_2269,Toronto PUR93 Course 2269,120
TORONTO_PUR93_2270,Toronto PUR93 Course 2270,120
TORONTO_PUR93_2271,Toronto PUR93 Course 2271,120
TORONTO_PUR93_2272,Toronto PUR93 Course 2272,120
TORONTO_PUR93_2273,Toronto PUR93 Course 2273,120
TORONTO_PUR93_2274,Toronto PUR93 Course 2274,120
TORONTO_PUR93_2275,Toronto PUR93 Course 2275,120
TORONTO_PUR93_2276,Toronto PUR93 Course 2276,120
TORONTO_PUR93_2277,Toronto PUR93 Course 2277,120
TORONTO_PUR93_2278,Toronto PUR93 Course 2278,120
TORONTO_PUR93_2279,Toronto PUR93 Course 2279,120
TORONTO_PUR93_2280,Toronto PUR93 Course 2280,120
TORONTO_PUR93_2281,Toronto PUR93 Course 2281,120
TORONTO_PUR93_2282,Toronto PUR93 Course 2282,120
TORONTO_PUR93_2283,Toronto PUR93 Course 2283,120
TORONTO_PUR93_2284,Toronto PUR93 Course 2284,120
TORONTO_PUR93_2285,Toronto PUR93 Course 2285,120
TORONTO_PUR93_2286,Toronto PUR93 Course 2286,120
TORONTO_PUR93_2287,Toronto PUR93 Course 2287,120
TORONTO_PUR93_2288,Toronto PUR93 Course 2288,120
TORONTO_PUR93_2289,Toronto PUR93 Course 2289,120
TORONTO_PUR93_2290,Toronto PUR93 Course 2290,120
TORONTO_PUR93_2291,Toronto PUR93 Course 2291,120
TORONTO_PUR93_2292,Toronto PUR93 Course 2292,120
TORONTO_PUR93_2293,Toronto PUR93 Course 2293,120
TORONTO_PUR93_2294,Toronto PUR93 Course 2294,120
TORONTO_PUR93_2295,Toronto PUR93 Course 2295,120
TORONTO_PUR93_2296,Toronto PUR93 Course 2296,120
TORONTO_PUR93_2297,Toronto PUR93 Course 2297,120
TORONTO_PUR93_2298,Toronto PUR93 Course 2298,120
TORONTO_PUR93_2299,Toronto PUR93 Course 2299,120
TORONTO_PUR93_2300,Toronto PUR93 Course 2300,120
TORONTO_PUR93_2301,Toronto PUR93 Course 2301,120
TORONTO_PUR93_2302,Toronto PUR93 Course 2302,120
TORONTO_PUR93_2303,Toronto PUR93 Course 2303,120
TORONTO_PUR93_2304,Toronto PUR93 Course 2304,120
TORONTO_PUR93_2305,Toronto PUR93 Course 2305,120
TORONTO_PUR93_2306,Toronto PUR93 Course 2306,120
TORONTO_PUR93_2307,Toronto PUR93 Course 2307,120
TORONTO_PUR93_2308,Toronto PUR93 Course 2308,120
TORONTO_PUR93_2309,Toronto PUR93 Course 2309,120
TORONTO_PUR93_2310,Toronto PUR93 Course 2310,120
TORONTO_PUR93_2311,Toronto PUR93 Course 2311,120
TORONTO_PUR93_2312,Toronto PUR93 Course 2312,120
TORONTO_PUR93_2313,Toronto PUR93 Course 2313,120
TORONTO_PUR93_2314,Toronto PUR93 Course 2314,120
TORONTO_PUR93_2315,Toronto PUR93 Course 2315,120
TORONTO_PUR93_2316,Toronto PUR93 Course 2316,120
TORONTO_PUR93_2317,Toronto PUR93 Course 2317,120
TORONTO_PUR93_2318,Toronto PUR93 Course 2318,120
TORONTO_PUR93_2319,Toronto PUR93 Course 2319,120
TORONTO_PUR93_2320,Toronto PUR93 Course 2320,120
TORONTO_PUR93_2321,Toronto PUR93 Course 2321,120
TORONTO_PUR93_2322,Toronto PUR93 Course 2322,120
TORONTO_PUR93_2323,Toronto PUR93 Course 2323,120
TORONTO_PUR93_2324,Toronto PUR93 Course 2324,120
TORONTO_PUR93_2325,Toronto PUR93 Course 2325,120
TORONTO_PUR93_2326,Toronto PUR93 Course 2326,120
TORONTO_PUR93_2327,Toronto PUR93 Course 2327,120
TORONTO_PUR93_2328,Toronto PUR93 Course 2328,120
TORONTO_PUR93_2329,Toronto PUR93 Course 2329,120
TORONTO_PUR93_2330,Toronto PUR93 Course 2330,120
TORONTO_PUR93_2331,Toronto PUR93 Course 2331,120
TORONTO_PUR93_2332,Toronto PUR93 Course 2332,120
TORONTO_PUR93_2333,Toronto PUR93 Course 2333,120
TORONTO_PUR93_2334,Toronto PUR93 Course 2334,120
TORONTO_PUR93_2335,Toronto PUR93 Course 2335,120
TORONTO_PUR93_2336,Toronto PUR93 Course 2336,120
TORONTO_PUR93_2337,Toronto PUR93 Course 2337,120
TORONTO_PUR93_2338,Toronto PUR93 Course 2338,120
TORONTO_PUR93_2339,Toronto PUR93 Course 2339,120
TORONTO_PUR93_2340,Toronto PUR93 Course 2340,120
TORONTO_PUR93_2341,Toronto PUR93 Course 2341,120
TORONTO_PUR93_2342,Toronto PUR93 Course 2342,120
TORONTO_PUR93_2343,Toronto PUR93 Course 2343,120
TORONTO_PUR93_2344,Toronto PUR93 Course 2344,120
TORONTO_PUR93_2345,Toronto PUR93 Course 2345,120
TORONTO_PUR93_2346,Toronto PUR93 Course 2346,120
TORONTO_PUR93_2347,Toronto PUR93 Course 2347,120
TORONTO_PUR93_2348,Toronto PUR93 Course 2348,120
TORONTO_PUR93_2349,Toronto PUR93 Course 2349,120
TORONTO_PUR93_2350,Toronto PUR93 Course 2350,120
TORONTO_PUR93_2351,Toronto PUR93 Course 2351,120
TORONTO_PUR93_2352,Toronto PUR93 Course 2352,120
TORONTO_PUR93_2353,Toronto PUR93 Course 2353,120
TORONTO_PUR93_2354,Toronto PUR93 Course 2354,120
TORONTO_PUR93_2355,Toronto PUR93 Course 2355,120
TORONTO_PUR93_2356,Toronto PUR93 Course 2356,120
TORONTO_PUR93_2357,Toronto PUR93 Course 2357,120
TORONTO_PUR93_2358,Toronto PUR93 Course 2358,120
TORONTO_PUR93_2359,Toronto PUR93 Course 2359,120
TORONTO_PUR93_2360,Toronto PUR93 Course 2360,120
TORONTO_PUR93_2361,Toronto PUR93 Course 2361,120
TORONTO_PUR93_2362,Toronto PUR93 Course 2362,120
TORONTO_PUR93_2363,Toronto PUR93 Course 2363,120
TORONTO_PUR93_2364,Toronto PUR93 Course 2364,120
TORONTO_PUR93_2365,Toronto PUR93 Course 2365,120
TORONTO_PUR93_2366,Toronto PUR93 Course 2366,120
TORONTO_PUR93_2367,Toronto PUR93 Course 2367,120
TORONTO_PUR93_2368,Toronto PUR93 Course 2368,120
TORONTO_PUR93_2369,Toronto PUR93 Course 2369,120
TORONTO_PUR93_2370,Toronto PUR93 Course 2370,120
TORONTO_PUR93_2371,Toronto PUR93 Course 2371,120
TORONTO_PUR93_2372,Toronto PUR93 Course 2372,120
TORONTO_PUR93_2373,Toronto PUR93 Course 2373,120
TORONTO_PUR93_2374,Toronto PUR93 Course 2374,120
TORONTO_PUR93_2375,Toronto PUR93 Course 2375,120
TORONTO_PUR93_2376,Toronto PUR93 Course 2376,120
TORONTO_PUR93_2377,Toronto PUR93 Course 2377,120
TORONTO_PUR93_2378,Toronto PUR93 Course 2378,120
TORONTO_PUR93_2379,Toronto PUR93 Course 2379,120
TORONTO_PUR93_2380,Toronto PUR93 Course 2380,120
TORONTO_PUR93_2381,Toronto PUR93 Course 2381,120
TORONTO_PUR93_2382,Toronto PUR93 Course 2382,120
TORONTO_PUR93_2383,Toronto PUR93 Course 2383,120
TORONTO_PUR93_2384,Toronto PUR93 Course 2384,120
TORONTO_PUR93_2385,Toronto PUR93 Course 2385,120
TORONTO_PUR93_2386,Toronto PUR93 Course 2386,120
TORONTO_PUR93_2387,Toronto PUR93 Course 2387,120
TORONTO_PUR93_2388,Toronto PUR93 Course 2388,120
TORONTO_PUR93_2389,Toronto PUR93 Course 2389,120
TORONTO_PUR93_2390,Toronto PUR93 Course 2390,120
TORONTO_PUR93_2391,Toronto PUR93 Course 2391,120
TORONTO_PUR93_2392,Toronto PUR93 Course 2392,120
TORONTO_PUR93_2393,Toronto PUR93 Course 2393,120
TORONTO_PUR93_2394,Toronto PUR93 Course 2394,120
TORONTO_PUR93_2395,Toronto PUR93 Course 2395,120
TORONTO_PUR93_2396,Toronto PUR93 Course 2396,120
TORONTO_PUR93_2397,Toronto PUR93 Course 2397,120
TORONTO_PUR93_2398,Toronto PUR93 Course 2398,120
TORONTO_PUR93_2399,Toronto PUR93 Course 2399,120
TORONTO_PUR93_2400,Toronto PUR93 Course 2400,120
TORONTO_PUR93_2401,Toronto PUR93 Course 2401,120
TORONTO_PUR93_2402,Toronto PUR93 Course 2402,120
TORONTO_PUR93_2403,Toronto PUR93 Course 2403,120
TORONTO_PUR93_2404,Toronto PUR93 Course 2404,120
TORONTO_PUR93_2405,Toronto PUR93 Course 2405,120
TORONTO_PUR93_2406,Toronto PUR93 Course 2406,120
TORONTO_PUR93_2407,Toronto PUR93 Course 2407,120
TORONTO_PUR93_2408,Toronto PUR93 Course 2408,120
TORONTO_PUR93_2409,Toronto PUR93 Course 2409,120
TORONTO_PUR93_2410,Toronto PUR93 Course 2410,120
TORONTO_PUR93_2411,Toronto PUR93 Course 2411,120
TORONTO_PUR93_2412,Toronto PUR93 Course 2412,120
TORONTO_PUR93_2413,Toronto PUR93 Course 2413,120
TORONTO_PUR93_2414,Toronto PUR93 Course 2414,120
TORONTO_PUR93_2415,Toronto PUR93 Course 2415,120
TORONTO_PUR93_2416,Toronto PUR93 Course 2416,120
TORONTO_PUR93_2417,Toronto PUR93 Course 2417,120
TORONTO_PUR93_2418,Toronto PUR93 Course 2418,120
TORONTO_PUR93_2419,Toronto PUR93 Course 2419,120
