student code,exam code
RANDOM_LP_06_SYNTHETIC_STU00001,RANDOM_LP_06_SYNTHETIC_0001
RANDOM_LP_06_SYNTHETIC_STU00001,RANDOM_LP_06_SYNTHETIC_0010
RANDOM_LP_06_SYNTHETIC_STU00001,RANDOM_LP_06_SYNTHETIC_0196
RANDOM_LP_06_SYNTHETIC_STU00001,RANDOM_LP_06_SYNTHETIC_0423
RANDOM_LP_06_SYNTHETIC_STU00002,RANDOM_LP_06_SYNTHETIC_0002
RANDOM_LP_06_SYNTHETIC_STU00002,RANDOM_LP_06_SYNTHETIC_0054
RANDOM_LP_06_SYNTHETIC_STU00002,RANDOM_LP_06_SYNTHETIC_0078
RANDOM_LP_06_SYNTHETIC_STU00003,RANDOM_LP_06_SYNTHETIC_0003
RANDOM_LP_06_SYNTHETIC_STU00003,RANDOM_LP_06_SYNTHETIC_0013
RANDOM_LP_06_SYNTHETIC_STU00003,RANDOM_LP_06_SYNTHETIC_0240
RANDOM_LP_06_SYNTHETIC_STU00004,RANDOM_LP_06_SYNTHETIC_0004
RANDOM_LP_06_SYNTHETIC_STU00004,RANDOM_LP_06_SYNTHETIC_0108
RANDOM_LP_06_SYNTHETIC_STU00004,RANDOM_LP_06_SYNTHETIC_0153
RANDOM_LP_06_SYNTHETIC_STU00004,RANDOM_LP_06_SYNTHETIC_0210
RANDOM_LP_06_SYNTHETIC_STU00004,RANDOM_LP_06_SYNTHETIC_0445
RANDOM_LP_06_SYNTHETIC_STU00005,RANDOM_LP_06_SYNTHETIC_0005
RANDOM_LP_06_SYNTHETIC_STU00005,RANDOM_LP_06_SYNTHETIC_0013
RANDOM_LP_06_SYNTHETIC_STU00005,RANDOM_LP_06_SYNTHETIC_0188
RANDOM_LP_06_SYNTHETIC_STU00006,RANDOM_LP_06_SYNTHETIC_0006
RANDOM_LP_06_SYNTHETIC_STU00006,RANDOM_LP_06_SYNTHETIC_0185
RANDOM_LP_06_SYNTHETIC_STU00006,RANDOM_LP_06_SYNTHETIC_0483
RANDOM_LP_06_SYNTHETIC_STU00007,RANDOM_LP_06_SYNTHETIC_0007
RANDOM_LP_06_SYNTHETIC_STU00007,RANDOM_LP_06_SYNTHETIC_0419
RANDOM_LP_06_SYNTHETIC_STU00008,RANDOM_LP_06_SYNTHETIC_0008
RANDOM_LP_06_SYNTHETIC_STU00008,RANDOM_LP_06_SYNTHETIC_0137
RANDOM_LP_06_SYNTHETIC_STU00008,RANDOM_LP_06_SYNTHETIC_0171
RANDOM_LP_06_SYNTHETIC_STU00009,RANDOM_LP_06_SYNTHETIC_0009
RANDOM_LP_06_SYNTHETIC_STU00009,RANDOM_LP_06_SYNTHETIC_0163
RANDOM_LP_06_SYNTHETIC_STU00010,RANDOM_LP_06_SYNTHETIC_0010
RANDOM_LP_06_SYNTHETIC_STU00010,RANDOM_LP_06_SYNTHETIC_0207
RANDOM_LP_06_SYNTHETIC_STU00011,RANDOM_LP_06_SYNTHETIC_0011
RANDOM_LP_06_SYNTHETIC_STU00011,RANDOM_LP_06_SYNTHETIC_0397
RANDOM_LP_06_SYNTHETIC_STU00011,RANDOM_LP_06_SYNTHETIC_0431
RANDOM_LP_06_SYNTHETIC_STU00011,RANDOM_LP_06_SYNTHETIC_0449
RANDOM_LP_06_SYNTHETIC_STU00011,RANDOM_LP_06_SYNTHETIC_0475
RANDOM_LP_06_SYNTHETIC_STU00012,RANDOM_LP_06_SYNTHETIC_0012
RANDOM_LP_06_SYNTHETIC_STU00012,RANDOM_LP_06_SYNTHETIC_0062
RANDOM_LP_06_SYNTHETIC_STU00012,RANDOM_LP_06_SYNTHETIC_0202
RANDOM_LP_06_SYNTHETIC_STU00012,RANDOM_LP_06_SYNTHETIC_0352
RANDOM_LP_06_SYNTHETIC_STU00013,RANDOM_LP_06_SYNTHETIC_0013
RANDOM_LP_06_SYNTHETIC_STU00013,RANDOM_LP_06_SYNTHETIC_0487
RANDOM_LP_06_SYNTHETIC_STU00014,RANDOM_LP_06_SYNTHETIC_0014
RANDOM_LP_06_SYNTHETIC_STU00014,RANDOM_LP_06_SYNTHETIC_0016
RANDOM_LP_06_SYNTHETIC_STU00014,RANDOM_LP_06_SYNTHETIC_0028
RANDOM_LP_06_SYNTHETIC_STU00014,RANDOM_LP_06_SYNTHETIC_0074
RANDOM_LP_06_SYNTHETIC_STU00014,RANDOM_LP_06_SYNTHETIC_0123
RANDOM_LP_06_SYNTHETIC_STU00014,RANDOM_LP_06_SYNTHETIC_0480
RANDOM_LP_06_SYNTHETIC_STU00015,RANDOM_LP_06_SYNTHETIC_0015
RANDOM_LP_06_SYNTHETIC_STU00015,RANDOM_LP_06_SYNTHETIC_0260
RANDOM_LP_06_SYNTHETIC_STU00015,RANDOM_LP_06_SYNTHETIC_0296
RANDOM_LP_06_SYNTHETIC_STU00016,RANDOM_LP_06_SYNTHETIC_0016
RANDOM_LP_06_SYNTHETIC_STU00016,RANDOM_LP_06_SYNTHETIC_0041
RANDOM_LP_06_SYNTHETIC_STU00016,RANDOM_LP_06_SYNTHETIC_0054
RANDOM_LP_06_SYNTHETIC_STU00016,RANDOM_LP_06_SYNTHETIC_0165
RANDOM_LP_06_SYNTHETIC_STU00016,RANDOM_LP_06_SYNTHETIC_0468
RANDOM_LP_06_SYNTHETIC_STU00017,RANDOM_LP_06_SYNTHETIC_0017
RANDOM_LP_06_SYNTHETIC_STU00017,RANDOM_LP_06_SYNTHETIC_0330
RANDOM_LP_06_SYNTHETIC_STU00017,RANDOM_LP_06_SYNTHETIC_0431
RANDOM_LP_06_SYNTHETIC_STU00018,RANDOM_LP_06_SYNTHETIC_0018
RANDOM_LP_06_SYNTHETIC_STU00019,RANDOM_LP_06_SYNTHETIC_0019
RANDOM_LP_06_SYNTHETIC_STU00019,RANDOM_LP_06_SYNTHETIC_0079
RANDOM_LP_06_SYNTHETIC_STU00019,RANDOM_LP_06_SYNTHETIC_0121
RANDOM_LP_06_SYNTHETIC_STU00019,RANDOM_LP_06_SYNTHETIC_0386
RANDOM_LP_06_SYNTHETIC_STU00020,RANDOM_LP_06_SYNTHETIC_0020
RANDOM_LP_06_SYNTHETIC_STU00021,RANDOM_LP_06_SYNTHETIC_0021
RANDOM_LP_06_SYNTHETIC_STU00021,RANDOM_LP_06_SYNTHETIC_0041
RANDOM_LP_06_SYNTHETIC_STU00021,RANDOM_LP_06_SYNTHETIC_0368
RANDOM_LP_06_SYNTHETIC_STU00022,RANDOM_LP_06_SYNTHETIC_0022
RANDOM_LP_06_SYNTHETIC_STU00022,RANDOM_LP_06_SYNTHETIC_0086
RANDOM_LP_06_SYNTHETIC_STU00023,RANDOM_LP_06_SYNTHETIC_0018
RANDOM_LP_06_SYNTHETIC_STU00023,RANDOM_LP_06_SYNTHETIC_0023
RANDOM_LP_06_SYNTHETIC_STU00023,RANDOM_LP_06_SYNTHETIC_0039
RANDOM_LP_06_SYNTHETIC_STU00023,RANDOM_LP_06_SYNTHETIC_0111
RANDOM_LP_06_SYNTHETIC_STU00023,RANDOM_LP_06_SYNTHETIC_0212
RANDOM_LP_06_SYNTHETIC_STU00024,RANDOM_LP_06_SYNTHETIC_0024
RANDOM_LP_06_SYNTHETIC_STU00024,RANDOM_LP_06_SYNTHETIC_0421
RANDOM_LP_06_SYNTHETIC_STU00025,RANDOM_LP_06_SYNTHETIC_0025
RANDOM_LP_06_SYNTHETIC_STU00025,RANDOM_LP_06_SYNTHETIC_0079
RANDOM_LP_06_SYNTHETIC_STU00026,RANDOM_LP_06_SYNTHETIC_0006
RANDOM_LP_06_SYNTHETIC_STU00026,RANDOM_LP_06_SYNTHETIC_0026
RANDOM_LP_06_SYNTHETIC_STU00026,RANDOM_LP_06_SYNTHETIC_0331
RANDOM_LP_06_SYNTHETIC_STU00026,RANDOM_LP_06_SYNTHETIC_0423
RANDOM_LP_06_SYNTHETIC_STU00027,RANDOM_LP_06_SYNTHETIC_0027
RANDOM_LP_06_SYNTHETIC_STU00027,RANDOM_LP_06_SYNTHETIC_0040
RANDOM_LP_06_SYNTHETIC_STU00027,RANDOM_LP_06_SYNTHETIC_0079
RANDOM_LP_06_SYNTHETIC_STU00027,RANDOM_LP_06_SYNTHETIC_0119
RANDOM_LP_06_SYNTHETIC_STU00027,RANDOM_LP_06_SYNTHETIC_0178
RANDOM_LP_06_SYNTHETIC_STU00027,RANDOM_LP_06_SYNTHETIC_0389
RANDOM_LP_06_SYNTHETIC_STU00027,RANDOM_LP_06_SYNTHETIC_0498
RANDOM_LP_06_SYNTHETIC_STU00028,RANDOM_LP_06_SYNTHETIC_0028
RANDOM_LP_06_SYNTHETIC_STU00028,RANDOM_LP_06_SYNTHETIC_0234
RANDOM_LP_06_SYNTHETIC_STU00029,RANDOM_LP_06_SYNTHETIC_0026
RANDOM_LP_06_SYNTHETIC_STU00029,RANDOM_LP_06_SYNTHETIC_0029
RANDOM_LP_06_SYNTHETIC_STU00029,RANDOM_LP_06_SYNTHETIC_0355
RANDOM_LP_06_SYNTHETIC_STU00030,RANDOM_LP_06_SYNTHETIC_0030
RANDOM_LP_06_SYNTHETIC_STU00030,RANDOM_LP_06_SYNTHETIC_0487
RANDOM_LP_06_SYNTHETIC_STU00031,RANDOM_LP_06_SYNTHETIC_0031
RANDOM_LP_06_SYNTHETIC_STU00031,RANDOM_LP_06_SYNTHETIC_0079
RANDOM_LP_06_SYNTHETIC_STU00031,RANDOM_LP_06_SYNTHETIC_0209
RANDOM_LP_06_SYNTHETIC_STU00031,RANDOM_LP_06_SYNTHETIC_0289
RANDOM_LP_06_SYNTHETIC_STU00032,RANDOM_LP_06_SYNTHETIC_0032
RANDOM_LP_06_SYNTHETIC_STU00032,RANDOM_LP_06_SYNTHETIC_0385
RANDOM_LP_06_SYNTHETIC_STU00033,RANDOM_LP_06_SYNTHETIC_0033
RANDOM_LP_06_SYNTHETIC_STU00033,RANDOM_LP_06_SYNTHETIC_0040
RANDOM_LP_06_SYNTHETIC_STU00033,RANDOM_LP_06_SYNTHETIC_0417
RANDOM_LP_06_SYNTHETIC_STU00034,RANDOM_LP_06_SYNTHETIC_0034
RANDOM_LP_06_SYNTHETIC_STU00034,RANDOM_LP_06_SYNTHETIC_0078
RANDOM_LP_06_SYNTHETIC_STU00034,RANDOM_LP_06_SYNTHETIC_0218
RANDOM_LP_06_SYNTHETIC_STU00034,RANDOM_LP_06_SYNTHETIC_0282
RANDOM_LP_06_SYNTHETIC_STU00035,RANDOM_LP_06_SYNTHETIC_0035
RANDOM_LP_06_SYNTHETIC_STU00035,RANDOM_LP_06_SYNTHETIC_0235
RANDOM_LP_06_SYNTHETIC_STU00036,RANDOM_LP_06_SYNTHETIC_0036
RANDOM_LP_06_SYNTHETIC_STU00036,RANDOM_LP_06_SYNTHETIC_0146
RANDOM_LP_06_SYNTHETIC_STU00036,RANDOM_LP_06_SYNTHETIC_0307
RANDOM_LP_06_SYNTHETIC_STU00037,RANDOM_LP_06_SYNTHETIC_0037
RANDOM_LP_06_SYNTHETIC_STU00037,RANDOM_LP_06_SYNTHETIC_0235
RANDOM_LP_06_SYNTHETIC_STU00037,RANDOM_LP_06_SYNTHETIC_0383
RANDOM_LP_06_SYNTHETIC_STU00038,RANDOM_LP_06_SYNTHETIC_0038
RANDOM_LP_06_SYNTHETIC_STU00038,RANDOM_LP_06_SYNTHETIC_0100
RANDOM_LP_06_SYNTHETIC_STU00038,RANDOM_LP_06_SYNTHETIC_0158
RANDOM_LP_06_SYNTHETIC_STU00039,RANDOM_LP_06_SYNTHETIC_0039
RANDOM_LP_06_SYNTHETIC_STU00039,RANDOM_LP_06_SYNTHETIC_0155
RANDOM_LP_06_SYNTHETIC_STU00039,RANDOM_LP_06_SYNTHETIC_0457
RANDOM_LP_06_SYNTHETIC_STU00040,RANDOM_LP_06_SYNTHETIC_0040
RANDOM_LP_06_SYNTHETIC_STU00040,RANDOM_LP_06_SYNTHETIC_0217
RANDOM_LP_06_SYNTHETIC_STU00041,RANDOM_LP_06_SYNTHETIC_0041
RANDOM_LP_06_SYNTHETIC_STU00041,RANDOM_LP_06_SYNTHETIC_0079
RANDOM_LP_06_SYNTHETIC_STU00042,RANDOM_LP_06_SYNTHETIC_0042
RANDOM_LP_06_SYNTHETIC_STU00042,RANDOM_LP_06_SYNTHETIC_0167
RANDOM_LP_06_SYNTHETIC_STU00042,RANDOM_LP_06_SYNTHETIC_0337
RANDOM_LP_06_SYNTHETIC_STU00042,RANDOM_LP_06_SYNTHETIC_0367
RANDOM_LP_06_SYNTHETIC_STU00042,RANDOM_LP_06_SYNTHETIC_0432
RANDOM_LP_06_SYNTHETIC_STU00043,RANDOM_LP_06_SYNTHETIC_0043
RANDOM_LP_06_SYNTHETIC_STU00043,RANDOM_LP_06_SYNTHETIC_0217
RANDOM_LP_06_SYNTHETIC_STU00043,RANDOM_LP_06_SYNTHETIC_0328
RANDOM_LP_06_SYNTHETIC_STU00043,RANDOM_LP_06_SYNTHETIC_0427
RANDOM_LP_06_SYNTHETIC_STU00044,RANDOM_LP_06_SYNTHETIC_0044
RANDOM_LP_06_SYNTHETIC_STU00044,RANDOM_LP_06_SYNTHETIC_0320
RANDOM_LP_06_SYNTHETIC_STU00044,RANDOM_LP_06_SYNTHETIC_0445
RANDOM_LP_06_SYNTHETIC_STU00045,RANDOM_LP_06_SYNTHETIC_0045
RANDOM_LP_06_SYNTHETIC_STU00045,RANDOM_LP_06_SYNTHETIC_0074
RANDOM_LP_06_SYNTHETIC_STU00045,RANDOM_LP_06_SYNTHETIC_0499
RANDOM_LP_06_SYNTHETIC_STU00046,RANDOM_LP_06_SYNTHETIC_0034
RANDOM_LP_06_SYNTHETIC_STU00046,RANDOM_LP_06_SYNTHETIC_0046
RANDOM_LP_06_SYNTHETIC_STU00047,RANDOM_LP_06_SYNTHETIC_0047
RANDOM_LP_06_SYNTHETIC_STU00047,RANDOM_LP_06_SYNTHETIC_0229
RANDOM_LP_06_SYNTHETIC_STU00047,RANDOM_LP_06_SYNTHETIC_0348
RANDOM_LP_06_SYNTHETIC_STU00048,RANDOM_LP_06_SYNTHETIC_0048
RANDOM_LP_06_SYNTHETIC_STU00048,RANDOM_LP_06_SYNTHETIC_0319
RANDOM_LP_06_SYNTHETIC_STU00048,RANDOM_LP_06_SYNTHETIC_0429
RANDOM_LP_06_SYNTHETIC_STU00049,RANDOM_LP_06_SYNTHETIC_0023
RANDOM_LP_06_SYNTHETIC_STU00049,RANDOM_LP_06_SYNTHETIC_0049
RANDOM_LP_06_SYNTHETIC_STU00049,RANDOM_LP_06_SYNTHETIC_0373
RANDOM_LP_06_SYNTHETIC_STU00049,RANDOM_LP_06_SYNTHETIC_0496
RANDOM_LP_06_SYNTHETIC_STU00050,RANDOM_LP_06_SYNTHETIC_0050
RANDOM_LP_06_SYNTHETIC_STU00050,RANDOM_LP_06_SYNTHETIC_0086
RANDOM_LP_06_SYNTHETIC_STU00050,RANDOM_LP_06_SYNTHETIC_0335
RANDOM_LP_06_SYNTHETIC_STU00050,RANDOM_LP_06_SYNTHETIC_0370
RANDOM_LP_06_SYNTHETIC_STU00050,RANDOM_LP_06_SYNTHETIC_0496
RANDOM_LP_06_SYNTHETIC_STU00051,RANDOM_LP_06_SYNTHETIC_0051
RANDOM_LP_06_SYNTHETIC_STU00051,RANDOM_LP_06_SYNTHETIC_0178
RANDOM_LP_06_SYNTHETIC_STU00051,RANDOM_LP_06_SYNTHETIC_0320
RANDOM_LP_06_SYNTHETIC_STU00051,RANDOM_LP_06_SYNTHETIC_0330
RANDOM_LP_06_SYNTHETIC_STU00051,RANDOM_LP_06_SYNTHETIC_0361
RANDOM_LP_06_SYNTHETIC_STU00052,RANDOM_LP_06_SYNTHETIC_0052
RANDOM_LP_06_SYNTHETIC_STU00052,RANDOM_LP_06_SYNTHETIC_0054
RANDOM_LP_06_SYNTHETIC_STU00052,RANDOM_LP_06_SYNTHETIC_0106
RANDOM_LP_06_SYNTHETIC_STU00053,RANDOM_LP_06_SYNTHETIC_0053
RANDOM_LP_06_SYNTHETIC_STU00053,RANDOM_LP_06_SYNTHETIC_0079
RANDOM_LP_06_SYNTHETIC_STU00053,RANDOM_LP_06_SYNTHETIC_0196
RANDOM_LP_06_SYNTHETIC_STU00053,RANDOM_LP_06_SYNTHETIC_0496
RANDOM_LP_06_SYNTHETIC_STU00054,RANDOM_LP_06_SYNTHETIC_0054
RANDOM_LP_06_SYNTHETIC_STU00054,RANDOM_LP_06_SYNTHETIC_0169
RANDOM_LP_06_SYNTHETIC_STU00054,RANDOM_LP_06_SYNTHETIC_0178
RANDOM_LP_06_SYNTHETIC_STU00054,RANDOM_LP_06_SYNTHETIC_0475
RANDOM_LP_06_SYNTHETIC_STU00055,RANDOM_LP_06_SYNTHETIC_0055
RANDOM_LP_06_SYNTHETIC_STU00055,RANDOM_LP_06_SYNTHETIC_0143
RANDOM_LP_06_SYNTHETIC_STU00056,RANDOM_LP_06_SYNTHETIC_0056
RANDOM_LP_06_SYNTHETIC_STU00057,RANDOM_LP_06_SYNTHETIC_0053
RANDOM_LP_06_SYNTHETIC_STU00057,RANDOM_LP_06_SYNTHETIC_0057
RANDOM_LP_06_SYNTHETIC_STU00057,RANDOM_LP_06_SYNTHETIC_0319
RANDOM_LP_06_SYNTHETIC_STU00057,RANDOM_LP_06_SYNTHETIC_0423
RANDOM_LP_06_SYNTHETIC_STU00058,RANDOM_LP_06_SYNTHETIC_0058
RANDOM_LP_06_SYNTHETIC_STU00059,RANDOM_LP_06_SYNTHETIC_0059
RANDOM_LP_06_SYNTHETIC_STU00059,RANDOM_LP_06_SYNTHETIC_0288
RANDOM_LP_06_SYNTHETIC_STU00059,RANDOM_LP_06_SYNTHETIC_0460
RANDOM_LP_06_SYNTHETIC_STU00060,RANDOM_LP_06_SYNTHETIC_0060
RANDOM_LP_06_SYNTHETIC_STU00061,RANDOM_LP_06_SYNTHETIC_0061
RANDOM_LP_06_SYNTHETIC_STU00061,RANDOM_LP_06_SYNTHETIC_0196
RANDOM_LP_06_SYNTHETIC_STU00061,RANDOM_LP_06_SYNTHETIC_0478
RANDOM_LP_06_SYNTHETIC_STU00062,RANDOM_LP_06_SYNTHETIC_0062
RANDOM_LP_06_SYNTHETIC_STU00062,RANDOM_LP_06_SYNTHETIC_0240
RANDOM_LP_06_SYNTHETIC_STU00062,RANDOM_LP_06_SYNTHETIC_0310
RANDOM_LP_06_SYNTHETIC_STU00062,RANDOM_LP_06_SYNTHETIC_0416
RANDOM_LP_06_SYNTHETIC_STU00063,RANDOM_LP_06_SYNTHETIC_0041
RANDOM_LP_06_SYNTHETIC_STU00063,RANDOM_LP_06_SYNTHETIC_0063
RANDOM_LP_06_SYNTHETIC_STU00063,RANDOM_LP_06_SYNTHETIC_0209
RANDOM_LP_06_SYNTHETIC_STU00064,RANDOM_LP_06_SYNTHETIC_0064
RANDOM_LP_06_SYNTHETIC_STU00064,RANDOM_LP_06_SYNTHETIC_0315
RANDOM_LP_06_SYNTHETIC_STU00064,RANDOM_LP_06_SYNTHETIC_0498
RANDOM_LP_06_SYNTHETIC_STU00065,RANDOM_LP_06_SYNTHETIC_0065
RANDOM_LP_06_SYNTHETIC_STU00066,RANDOM_LP_06_SYNTHETIC_0006
RANDOM_LP_06_SYNTHETIC_STU00066,RANDOM_LP_06_SYNTHETIC_0014
RANDOM_LP_06_SYNTHETIC_STU00066,RANDOM_LP_06_SYNTHETIC_0066
RANDOM_LP_06_SYNTHETIC_STU00066,RANDOM_LP_06_SYNTHETIC_0153
RANDOM_LP_06_SYNTHETIC_STU00067,RANDOM_LP_06_SYNTHETIC_0067
RANDOM_LP_06_SYNTHETIC_STU00067,RANDOM_LP_06_SYNTHETIC_0068
RANDOM_LP_06_SYNTHETIC_STU00067,RANDOM_LP_06_SYNTHETIC_0483
RANDOM_LP_06_SYNTHETIC_STU00068,RANDOM_LP_06_SYNTHETIC_0068
RANDOM_LP_06_SYNTHETIC_STU00069,RANDOM_LP_06_SYNTHETIC_0069
RANDOM_LP_06_SYNTHETIC_STU00069,RANDOM_LP_06_SYNTHETIC_0245
RANDOM_LP_06_SYNTHETIC_STU00069,RANDOM_LP_06_SYNTHETIC_0441
RANDOM_LP_06_SYNTHETIC_STU00070,RANDOM_LP_06_SYNTHETIC_0054
RANDOM_LP_06_SYNTHETIC_STU00070,RANDOM_LP_06_SYNTHETIC_0067
RANDOM_LP_06_SYNTHETIC_STU00070,RANDOM_LP_06_SYNTHETIC_0070
RANDOM_LP_06_SYNTHETIC_STU00070,RANDOM_LP_06_SYNTHETIC_0325
RANDOM_LP_06_SYNTHETIC_STU00070,RANDOM_LP_06_SYNTHETIC_0438
RANDOM_LP_06_SYNTHETIC_STU00070,RANDOM_LP_06_SYNTHETIC_0475
RANDOM_LP_06_SYNTHETIC_STU00071,RANDOM_LP_06_SYNTHETIC_0071
RANDOM_LP_06_SYNTHETIC_STU00071,RANDOM_LP_06_SYNTHETIC_0111
RANDOM_LP_06_SYNTHETIC_STU00072,RANDOM_LP_06_SYNTHETIC_0072
RANDOM_LP_06_SYNTHETIC_STU00072,RANDOM_LP_06_SYNTHETIC_0355
RANDOM_LP_06_SYNTHETIC_STU00072,RANDOM_LP_06_SYNTHETIC_0423
RANDOM_LP_06_SYNTHETIC_STU00073,RANDOM_LP_06_SYNTHETIC_0073
RANDOM_LP_06_SYNTHETIC_STU00073,RANDOM_LP_06_SYNTHETIC_0074
RANDOM_LP_06_SYNTHETIC_STU00073,RANDOM_LP_06_SYNTHETIC_0112
RANDOM_LP_06_SYNTHETIC_STU00073,RANDOM_LP_06_SYNTHETIC_0482
RANDOM_LP_06_SYNTHETIC_STU00074,RANDOM_LP_06_SYNTHETIC_0074
RANDOM_LP_06_SYNTHETIC_STU00074,RANDOM_LP_06_SYNTHETIC_0148
RANDOM_LP_06_SYNTHETIC_STU00074,RANDOM_LP_06_SYNTHETIC_0291
RANDOM_LP_06_SYNTHETIC_STU00074,RANDOM_LP_06_SYNTHETIC_0438
RANDOM_LP_06_SYNTHETIC_STU00075,RANDOM_LP_06_SYNTHETIC_0057
RANDOM_LP_06_SYNTHETIC_STU00075,RANDOM_LP_06_SYNTHETIC_0075
RANDOM_LP_06_SYNTHETIC_STU00075,RANDOM_LP_06_SYNTHETIC_0292
RANDOM_LP_06_SYNTHETIC_STU00076,RANDOM_LP_06_SYNTHETIC_0011
RANDOM_LP_06_SYNTHETIC_STU00076,RANDOM_LP_06_SYNTHETIC_0016
RANDOM_LP_06_SYNTHETIC_STU00076,RANDOM_LP_06_SYNTHETIC_0076
RANDOM_LP_06_SYNTHETIC_STU00076,RANDOM_LP_06_SYNTHETIC_0234
RANDOM_LP_06_SYNTHETIC_STU00076,RANDOM_LP_06_SYNTHETIC_0473
RANDOM_LP_06_SYNTHETIC_STU00077,RANDOM_LP_06_SYNTHETIC_0002
RANDOM_LP_06_SYNTHETIC_STU00077,RANDOM_LP_06_SYNTHETIC_0077
RANDOM_LP_06_SYNTHETIC_STU00077,RANDOM_LP_06_SYNTHETIC_0161
RANDOM_LP_06_SYNTHETIC_STU00077,RANDOM_LP_06_SYNTHETIC_0372
RANDOM_LP_06_SYNTHETIC_STU00078,RANDOM_LP_06_SYNTHETIC_0039
RANDOM_LP_06_SYNTHETIC_STU00078,RANDOM_LP_06_SYNTHETIC_0047
RANDOM_LP_06_SYNTHETIC_STU00078,RANDOM_LP_06_SYNTHETIC_0050
RANDOM_LP_06_SYNTHETIC_STU00078,RANDOM_LP_06_SYNTHETIC_0078
RANDOM_LP_06_SYNTHETIC_STU00078,RANDOM_LP_06_SYNTHETIC_0229
RANDOM_LP_06_SYNTHETIC_STU00079,RANDOM_LP_06_SYNTHETIC_0079
RANDOM_LP_06_SYNTHETIC_STU00080,RANDOM_LP_06_SYNTHETIC_0080
RANDOM_LP_06_SYNTHETIC_STU00080,RANDOM_LP_06_SYNTHETIC_0271
RANDOM_LP_06_SYNTHETIC_STU00081,RANDOM_LP_06_SYNTHETIC_0014
RANDOM_LP_06_SYNTHETIC_STU00081,RANDOM_LP_06_SYNTHETIC_0081
RANDOM_LP_06_SYNTHETIC_STU00081,RANDOM_LP_06_SYNTHETIC_0134
RANDOM_LP_06_SYNTHETIC_STU00081,RANDOM_LP_06_SYNTHETIC_0137
RANDOM_LP_06_SYNTHETIC_STU00081,RANDOM_LP_06_SYNTHETIC_0425
RANDOM_LP_06_SYNTHETIC_STU00081,RANDOM_LP_06_SYNTHETIC_0478
RANDOM_LP_06_SYNTHETIC_STU00082,RANDOM_LP_06_SYNTHETIC_0082
RANDOM_LP_06_SYNTHETIC_STU00083,RANDOM_LP_06_SYNTHETIC_0083
RANDOM_LP_06_SYNTHETIC_STU00083,RANDOM_LP_06_SYNTHETIC_0178
RANDOM_LP_06_SYNTHETIC_STU00084,RANDOM_LP_06_SYNTHETIC_0084
RANDOM_LP_06_SYNTHETIC_STU00084,RANDOM_LP_06_SYNTHETIC_0249
RANDOM_LP_06_SYNTHETIC_STU00084,RANDOM_LP_06_SYNTHETIC_0448
RANDOM_LP_06_SYNTHETIC_STU00084,RANDOM_LP_06_SYNTHETIC_0488
RANDOM_LP_06_SYNTHETIC_STU00085,RANDOM_LP_06_SYNTHETIC_0085
RANDOM_LP_06_SYNTHETIC_STU00085,RANDOM_LP_06_SYNTHETIC_0203
RANDOM_LP_06_SYNTHETIC_STU00085,RANDOM_LP_06_SYNTHETIC_0272
RANDOM_LP_06_SYNTHETIC_STU00086,RANDOM_LP_06_SYNTHETIC_0086
RANDOM_LP_06_SYNTHETIC_STU00086,RANDOM_LP_06_SYNTHETIC_0229
RANDOM_LP_06_SYNTHETIC_STU00086,RANDOM_LP_06_SYNTHETIC_0380
RANDOM_LP_06_SYNTHETIC_STU00086,RANDOM_LP_06_SYNTHETIC_0482
RANDOM_LP_06_SYNTHETIC_STU00087,RANDOM_LP_06_SYNTHETIC_0087
RANDOM_LP_06_SYNTHETIC_STU00088,RANDOM_LP_06_SYNTHETIC_0088
RANDOM_LP_06_SYNTHETIC_STU00089,RANDOM_LP_06_SYNTHETIC_0089
RANDOM_LP_06_SYNTHETIC_STU00089,RANDOM_LP_06_SYNTHETIC_0473
RANDOM_LP_06_SYNTHETIC_STU00090,RANDOM_LP_06_SYNTHETIC_0090
RANDOM_LP_06_SYNTHETIC_STU00090,RANDOM_LP_06_SYNTHETIC_0172
RANDOM_LP_06_SYNTHETIC_STU00091,RANDOM_LP_06_SYNTHETIC_0078
RANDOM_LP_06_SYNTHETIC_STU00091,RANDOM_LP_06_SYNTHETIC_0091
RANDOM_LP_06_SYNTHETIC_STU00091,RANDOM_LP_06_SYNTHETIC_0324
RANDOM_LP_06_SYNTHETIC_STU00091,RANDOM_LP_06_SYNTHETIC_0455
RANDOM_LP_06_SYNTHETIC_STU00092,RANDOM_LP_06_SYNTHETIC_0012
RANDOM_LP_06_SYNTHETIC_STU00092,RANDOM_LP_06_SYNTHETIC_0092
RANDOM_LP_06_SYNTHETIC_STU00092,RANDOM_LP_06_SYNTHETIC_0244
RANDOM_LP_06_SYNTHETIC_STU00092,RANDOM_LP_06_SYNTHETIC_0419
RANDOM_LP_06_SYNTHETIC_STU00093,RANDOM_LP_06_SYNTHETIC_0093
RANDOM_LP_06_SYNTHETIC_STU00093,RANDOM_LP_06_SYNTHETIC_0328
RANDOM_LP_06_SYNTHETIC_STU00093,RANDOM_LP_06_SYNTHETIC_0357
RANDOM_LP_06_SYNTHETIC_STU00093,RANDOM_LP_06_SYNTHETIC_0388
RANDOM_LP_06_SYNTHETIC_STU00093,RANDOM_LP_06_SYNTHETIC_0498
RANDOM_LP_06_SYNTHETIC_STU00094,RANDOM_LP_06_SYNTHETIC_0094
RANDOM_LP_06_SYNTHETIC_STU00094,RANDOM_LP_06_SYNTHETIC_0382
RANDOM_LP_06_SYNTHETIC_STU00094,RANDOM_LP_06_SYNTHETIC_0393
RANDOM_LP_06_SYNTHETIC_STU00095,RANDOM_LP_06_SYNTHETIC_0095
RANDOM_LP_06_SYNTHETIC_STU00095,RANDOM_LP_06_SYNTHETIC_0118
RANDOM_LP_06_SYNTHETIC_STU00095,RANDOM_LP_06_SYNTHETIC_0158
RANDOM_LP_06_SYNTHETIC_STU00096,RANDOM_LP_06_SYNTHETIC_0096
RANDOM_LP_06_SYNTHETIC_STU00096,RANDOM_LP_06_SYNTHETIC_0113
RANDOM_LP_06_SYNTHETIC_STU00096,RANDOM_LP_06_SYNTHETIC_0143
RANDOM_LP_06_SYNTHETIC_STU00096,RANDOM_LP_06_SYNTHETIC_0234
RANDOM_LP_06_SYNTHETIC_STU00096,RANDOM_LP_06_SYNTHETIC_0253
RANDOM_LP_06_SYNTHETIC_STU00096,RANDOM_LP_06_SYNTHETIC_0320
RANDOM_LP_06_SYNTHETIC_STU00097,RANDOM_LP_06_SYNTHETIC_0097
RANDOM_LP_06_SYNTHETIC_STU00097,RANDOM_LP_06_SYNTHETIC_0119
RANDOM_LP_06_SYNTHETIC_STU00097,RANDOM_LP_06_SYNTHETIC_0220
RANDOM_LP_06_SYNTHETIC_STU00098,RANDOM_LP_06_SYNTHETIC_0098
RANDOM_LP_06_SYNTHETIC_STU00098,RANDOM_LP_06_SYNTHETIC_0161
RANDOM_LP_06_SYNTHETIC_STU00098,RANDOM_LP_06_SYNTHETIC_0178
RANDOM_LP_06_SYNTHETIC_STU00098,RANDOM_LP_06_SYNTHETIC_0404
RANDOM_LP_06_SYNTHETIC_STU00099,RANDOM_LP_06_SYNTHETIC_0099
RANDOM_LP_06_SYNTHETIC_STU00099,RANDOM_LP_06_SYNTHETIC_0368
RANDOM_LP_06_SYNTHETIC_STU00100,RANDOM_LP_06_SYNTHETIC_0040
RANDOM_LP_06_SYNTHETIC_STU00100,RANDOM_LP_06_SYNTHETIC_0100
RANDOM_LP_06_SYNTHETIC_STU00101,RANDOM_LP_06_SYNTHETIC_0078
RANDOM_LP_06_SYNTHETIC_STU00101,RANDOM_LP_06_SYNTHETIC_0101
RANDOM_LP_06_SYNTHETIC_STU00102,RANDOM_LP_06_SYNTHETIC_0102
RANDOM_LP_06_SYNTHETIC_STU00102,RANDOM_LP_06_SYNTHETIC_0497
RANDOM_LP_06_SYNTHETIC_STU00103,RANDOM_LP_06_SYNTHETIC_0078
RANDOM_LP_06_SYNTHETIC_STU00103,RANDOM_LP_06_SYNTHETIC_0099
RANDOM_LP_06_SYNTHETIC_STU00103,RANDOM_LP_06_SYNTHETIC_0103
RANDOM_LP_06_SYNTHETIC_STU00104,RANDOM_LP_06_SYNTHETIC_0104
RANDOM_LP_06_SYNTHETIC_STU00104,RANDOM_LP_06_SYNTHETIC_0106
RANDOM_LP_06_SYNTHETIC_STU00105,RANDOM_LP_06_SYNTHETIC_0105
RANDOM_LP_06_SYNTHETIC_STU00105,RANDOM_LP_06_SYNTHETIC_0266
RANDOM_LP_06_SYNTHETIC_STU00105,RANDOM_LP_06_SYNTHETIC_0438
RANDOM_LP_06_SYNTHETIC_STU00106,RANDOM_LP_06_SYNTHETIC_0106
RANDOM_LP_06_SYNTHETIC_STU00106,RANDOM_LP_06_SYNTHETIC_0424
RANDOM_LP_06_SYNTHETIC_STU00107,RANDOM_LP_06_SYNTHETIC_0107
RANDOM_LP_06_SYNTHETIC_STU00107,RANDOM_LP_06_SYNTHETIC_0196
RANDOM_LP_06_SYNTHETIC_STU00108,RANDOM_LP_06_SYNTHETIC_0003
RANDOM_LP_06_SYNTHETIC_STU00108,RANDOM_LP_06_SYNTHETIC_0108
RANDOM_LP_06_SYNTHETIC_STU00108,RANDOM_LP_06_SYNTHETIC_0315
RANDOM_LP_06_SYNTHETIC_STU00108,RANDOM_LP_06_SYNTHETIC_0379
RANDOM_LP_06_SYNTHETIC_STU00108,RANDOM_LP_06_SYNTHETIC_0423
RANDOM_LP_06_SYNTHETIC_STU00109,RANDOM_LP_06_SYNTHETIC_0109
RANDOM_LP_06_SYNTHETIC_STU00109,RANDOM_LP_06_SYNTHETIC_0240
RANDOM_LP_06_SYNTHETIC_STU00110,RANDOM_LP_06_SYNTHETIC_0040
RANDOM_LP_06_SYNTHETIC_STU00110,RANDOM_LP_06_SYNTHETIC_0110
RANDOM_LP_06_SYNTHETIC_STU00110,RANDOM_LP_06_SYNTHETIC_0330
RANDOM_LP_06_SYNTHETIC_STU00111,RANDOM_LP_06_SYNTHETIC_0040
RANDOM_LP_06_SYNTHETIC_STU00111,RANDOM_LP_06_SYNTHETIC_0111
RANDOM_LP_06_SYNTHETIC_STU00111,RANDOM_LP_06_SYNTHETIC_0152
RANDOM_LP_06_SYNTHETIC_STU00111,RANDOM_LP_06_SYNTHETIC_0382
RANDOM_LP_06_SYNTHETIC_STU00111,RANDOM_LP_06_SYNTHETIC_0424
RANDOM_LP_06_SYNTHETIC_STU00111,RANDOM_LP_06_SYNTHETIC_0498
RANDOM_LP_06_SYNTHETIC_STU00112,RANDOM_LP_06_SYNTHETIC_0112
RANDOM_LP_06_SYNTHETIC_STU00112,RANDOM_LP_06_SYNTHETIC_0162
RANDOM_LP_06_SYNTHETIC_STU00112,RANDOM_LP_06_SYNTHETIC_0422
RANDOM_LP_06_SYNTHETIC_STU00112,RANDOM_LP_06_SYNTHETIC_0436
RANDOM_LP_06_SYNTHETIC_STU00113,RANDOM_LP_06_SYNTHETIC_0079
RANDOM_LP_06_SYNTHETIC_STU00113,RANDOM_LP_06_SYNTHETIC_0113
RANDOM_LP_06_SYNTHETIC_STU00114,RANDOM_LP_06_SYNTHETIC_0114
RANDOM_LP_06_SYNTHETIC_STU00114,RANDOM_LP_06_SYNTHETIC_0240
RANDOM_LP_06_SYNTHETIC_STU00115,RANDOM_LP_06_SYNTHETIC_0115
RANDOM_LP_06_SYNTHETIC_STU00115,RANDOM_LP_06_SYNTHETIC_0184
RANDOM_LP_06_SYNTHETIC_STU00116,RANDOM_LP_06_SYNTHETIC_0026
RANDOM_LP_06_SYNTHETIC_STU00116,RANDOM_LP_06_SYNTHETIC_0116
RANDOM_LP_06_SYNTHETIC_STU00117,RANDOM_LP_06_SYNTHETIC_0117
RANDOM_LP_06_SYNTHETIC_STU00117,RANDOM_LP_06_SYNTHETIC_0462
RANDOM_LP_06_SYNTHETIC_STU00118,RANDOM_LP_06_SYNTHETIC_0016
RANDOM_LP_06_SYNTHETIC_STU00118,RANDOM_LP_06_SYNTHETIC_0086
RANDOM_LP_06_SYNTHETIC_STU00118,RANDOM_LP_06_SYNTHETIC_0118
RANDOM_LP_06_SYNTHETIC_STU00118,RANDOM_LP_06_SYNTHETIC_0300
RANDOM_LP_06_SYNTHETIC_STU00119,RANDOM_LP_06_SYNTHETIC_0099
RANDOM_LP_06_SYNTHETIC_STU00119,RANDOM_LP_06_SYNTHETIC_0119
RANDOM_LP_06_SYNTHETIC_STU00119,RANDOM_LP_06_SYNTHETIC_0142
RANDOM_LP_06_SYNTHETIC_STU00120,RANDOM_LP_06_SYNTHETIC_0071
RANDOM_LP_06_SYNTHETIC_STU00120,RANDOM_LP_06_SYNTHETIC_0101
RANDOM_LP_06_SYNTHETIC_STU00120,RANDOM_LP_06_SYNTHETIC_0120
RANDOM_LP_06_SYNTHETIC_STU00120,RANDOM_LP_06_SYNTHETIC_0355
RANDOM_LP_06_SYNTHETIC_STU00120,RANDOM_LP_06_SYNTHETIC_0480
RANDOM_LP_06_SYNTHETIC_STU00121,RANDOM_LP_06_SYNTHETIC_0121
RANDOM_LP_06_SYNTHETIC_STU00121,RANDOM_LP_06_SYNTHETIC_0321
RANDOM_LP_06_SYNTHETIC_STU00121,RANDOM_LP_06_SYNTHETIC_0357
RANDOM_LP_06_SYNTHETIC_STU00122,RANDOM_LP_06_SYNTHETIC_0029
RANDOM_LP_06_SYNTHETIC_STU00122,RANDOM_LP_06_SYNTHETIC_0106
RANDOM_LP_06_SYNTHETIC_STU00122,RANDOM_LP_06_SYNTHETIC_0111
RANDOM_LP_06_SYNTHETIC_STU00122,RANDOM_LP_06_SYNTHETIC_0122
RANDOM_LP_06_SYNTHETIC_STU00122,RANDOM_LP_06_SYNTHETIC_0143
RANDOM_LP_06_SYNTHETIC_STU00122,RANDOM_LP_06_SYNTHETIC_0172
RANDOM_LP_06_SYNTHETIC_STU00122,RANDOM_LP_06_SYNTHETIC_0235
RANDOM_LP_06_SYNTHETIC_STU00122,RANDOM_LP_06_SYNTHETIC_0445
RANDOM_LP_06_SYNTHETIC_STU00122,RANDOM_LP_06_SYNTHETIC_0487
RANDOM_LP_06_SYNTHETIC_STU00123,RANDOM_LP_06_SYNTHETIC_0048
RANDOM_LP_06_SYNTHETIC_STU00123,RANDOM_LP_06_SYNTHETIC_0123
RANDOM_LP_06_SYNTHETIC_STU00123,RANDOM_LP_06_SYNTHETIC_0178
RANDOM_LP_06_SYNTHETIC_STU00123,RANDOM_LP_06_SYNTHETIC_0496
RANDOM_LP_06_SYNTHETIC_STU00124,RANDOM_LP_06_SYNTHETIC_0081
RANDOM_LP_06_SYNTHETIC_STU00124,RANDOM_LP_06_SYNTHETIC_0124
RANDOM_LP_06_SYNTHETIC_STU00124,RANDOM_LP_06_SYNTHETIC_0355
RANDOM_LP_06_SYNTHETIC_STU00125,RANDOM_LP_06_SYNTHETIC_0079
RANDOM_LP_06_SYNTHETIC_STU00125,RANDOM_LP_06_SYNTHETIC_0125
RANDOM_LP_06_SYNTHETIC_STU00125,RANDOM_LP_06_SYNTHETIC_0248
RANDOM_LP_06_SYNTHETIC_STU00125,RANDOM_LP_06_SYNTHETIC_0343
RANDOM_LP_06_SYNTHETIC_STU00125,RANDOM_LP_06_SYNTHETIC_0371
RANDOM_LP_06_SYNTHETIC_STU00126,RANDOM_LP_06_SYNTHETIC_0126
RANDOM_LP_06_SYNTHETIC_STU00126,RANDOM_LP_06_SYNTHETIC_0281
RANDOM_LP_06_SYNTHETIC_STU00127,RANDOM_LP_06_SYNTHETIC_0040
RANDOM_LP_06_SYNTHETIC_STU00127,RANDOM_LP_06_SYNTHETIC_0098
RANDOM_LP_06_SYNTHETIC_STU00127,RANDOM_LP_06_SYNTHETIC_0127
RANDOM_LP_06_SYNTHETIC_STU00127,RANDOM_LP_06_SYNTHETIC_0292
RANDOM_LP_06_SYNTHETIC_STU00127,RANDOM_LP_06_SYNTHETIC_0398
RANDOM_LP_06_SYNTHETIC_STU00128,RANDOM_LP_06_SYNTHETIC_0079
RANDOM_LP_06_SYNTHETIC_STU00128,RANDOM_LP_06_SYNTHETIC_0128
RANDOM_LP_06_SYNTHETIC_STU00128,RANDOM_LP_06_SYNTHETIC_0281
RANDOM_LP_06_SYNTHETIC_STU00129,RANDOM_LP_06_SYNTHETIC_0129
RANDOM_LP_06_SYNTHETIC_STU00129,RANDOM_LP_06_SYNTHETIC_0203
RANDOM_LP_06_SYNTHETIC_STU00129,RANDOM_LP_06_SYNTHETIC_0349
RANDOM_LP_06_SYNTHETIC_STU00130,RANDOM_LP_06_SYNTHETIC_0032
RANDOM_LP_06_SYNTHETIC_STU00130,RANDOM_LP_06_SYNTHETIC_0111
RANDOM_LP_06_SYNTHETIC_STU00130,RANDOM_LP_06_SYNTHETIC_0130
RANDOM_LP_06_SYNTHETIC_STU00130,RANDOM_LP_06_SYNTHETIC_0263
RANDOM_LP_06_SYNTHETIC_STU00130,RANDOM_LP_06_SYNTHETIC_0449
RANDOM_LP_06_SYNTHETIC_STU00130,RANDOM_LP_06_SYNTHETIC_0475
RANDOM_LP_06_SYNTHETIC_STU00130,RANDOM_LP_06_SYNTHETIC_0498
RANDOM_LP_06_SYNTHETIC_STU00131,RANDOM_LP_06_SYNTHETIC_0131
RANDOM_LP_06_SYNTHETIC_STU00131,RANDOM_LP_06_SYNTHETIC_0282
RANDOM_LP_06_SYNTHETIC_STU00131,RANDOM_LP_06_SYNTHETIC_0465
RANDOM_LP_06_SYNTHETIC_STU00132,RANDOM_LP_06_SYNTHETIC_0121
RANDOM_LP_06_SYNTHETIC_STU00132,RANDOM_LP_06_SYNTHETIC_0132
RANDOM_LP_06_SYNTHETIC_STU00132,RANDOM_LP_06_SYNTHETIC_0165
RANDOM_LP_06_SYNTHETIC_STU00132,RANDOM_LP_06_SYNTHETIC_0313
RANDOM_LP_06_SYNTHETIC_STU00133,RANDOM_LP_06_SYNTHETIC_0013
RANDOM_LP_06_SYNTHETIC_STU00133,RANDOM_LP_06_SYNTHETIC_0092
RANDOM_LP_06_SYNTHETIC_STU00133,RANDOM_LP_06_SYNTHETIC_0133
RANDOM_LP_06_SYNTHETIC_STU00134,RANDOM_LP_06_SYNTHETIC_0134
RANDOM_LP_06_SYNTHETIC_STU00134,RANDOM_LP_06_SYNTHETIC_0208
RANDOM_LP_06_SYNTHETIC_STU00134,RANDOM_LP_06_SYNTHETIC_0312
RANDOM_LP_06_SYNTHETIC_STU00135,RANDOM_LP_06_SYNTHETIC_0135
RANDOM_LP_06_SYNTHETIC_STU00135,RANDOM_LP_06_SYNTHETIC_0325
RANDOM_LP_06_SYNTHETIC_STU00135,RANDOM_LP_06_SYNTHETIC_0349
RANDOM_LP_06_SYNTHETIC_STU00136,RANDOM_LP_06_SYNTHETIC_0016
RANDOM_LP_06_SYNTHETIC_STU00136,RANDOM_LP_06_SYNTHETIC_0136
RANDOM_LP_06_SYNTHETIC_STU00136,RANDOM_LP_06_SYNTHETIC_0146
RANDOM_LP_06_SYNTHETIC_STU00137,RANDOM_LP_06_SYNTHETIC_0137
RANDOM_LP_06_SYNTHETIC_STU00137,RANDOM_LP_06_SYNTHETIC_0153
RANDOM_LP_06_SYNTHETIC_STU00137,RANDOM_LP_06_SYNTHETIC_0184
RANDOM_LP_06_SYNTHETIC_STU00138,RANDOM_LP_06_SYNTHETIC_0138
RANDOM_LP_06_SYNTHETIC_STU00138,RANDOM_LP_06_SYNTHETIC_0363
RANDOM_LP_06_SYNTHETIC_STU00139,RANDOM_LP_06_SYNTHETIC_0038
RANDOM_LP_06_SYNTHETIC_STU00139,RANDOM_LP_06_SYNTHETIC_0139
RANDOM_LP_06_SYNTHETIC_STU00140,RANDOM_LP_06_SYNTHETIC_0055
RANDOM_LP_06_SYNTHETIC_STU00140,RANDOM_LP_06_SYNTHETIC_0140
RANDOM_LP_06_SYNTHETIC_STU00140,RANDOM_LP_06_SYNTHETIC_0234
RANDOM_LP_06_SYNTHETIC_STU00140,RANDOM_LP_06_SYNTHETIC_0319
RANDOM_LP_06_SYNTHETIC_STU00141,RANDOM_LP_06_SYNTHETIC_0031
RANDOM_LP_06_SYNTHETIC_STU00141,RANDOM_LP_06_SYNTHETIC_0141
RANDOM_LP_06_SYNTHETIC_STU00142,RANDOM_LP_06_SYNTHETIC_0055
RANDOM_LP_06_SYNTHETIC_STU00142,RANDOM_LP_06_SYNTHETIC_0112
RANDOM_LP_06_SYNTHETIC_STU00142,RANDOM_LP_06_SYNTHETIC_0142
RANDOM_LP_06_SYNTHETIC_STU00142,RANDOM_LP_06_SYNTHETIC_0295
RANDOM_LP_06_SYNTHETIC_STU00142,RANDOM_LP_06_SYNTHETIC_0370
RANDOM_LP_06_SYNTHETIC_STU00142,RANDOM_LP_06_SYNTHETIC_0436
RANDOM_LP_06_SYNTHETIC_STU00142,RANDOM_LP_06_SYNTHETIC_0438
RANDOM_LP_06_SYNTHETIC_STU00143,RANDOM_LP_06_SYNTHETIC_0119
RANDOM_LP_06_SYNTHETIC_STU00143,RANDOM_LP_06_SYNTHETIC_0143
RANDOM_LP_06_SYNTHETIC_STU00143,RANDOM_LP_06_SYNTHETIC_0251
RANDOM_LP_06_SYNTHETIC_STU00144,RANDOM_LP_06_SYNTHETIC_0144
RANDOM_LP_06_SYNTHETIC_STU00144,RANDOM_LP_06_SYNTHETIC_0495
RANDOM_LP_06_SYNTHETIC_STU00145,RANDOM_LP_06_SYNTHETIC_0145
RANDOM_LP_06_SYNTHETIC_STU00146,RANDOM_LP_06_SYNTHETIC_0085
RANDOM_LP_06_SYNTHETIC_STU00146,RANDOM_LP_06_SYNTHETIC_0145
RANDOM_LP_06_SYNTHETIC_STU00146,RANDOM_LP_06_SYNTHETIC_0146
RANDOM_LP_06_SYNTHETIC_STU00146,RANDOM_LP_06_SYNTHETIC_0368
RANDOM_LP_06_SYNTHETIC_STU00146,RANDOM_LP_06_SYNTHETIC_0382
RANDOM_LP_06_SYNTHETIC_STU00147,RANDOM_LP_06_SYNTHETIC_0147
RANDOM_LP_06_SYNTHETIC_STU00148,RANDOM_LP_06_SYNTHETIC_0148
RANDOM_LP_06_SYNTHETIC_STU00148,RANDOM_LP_06_SYNTHETIC_0492
RANDOM_LP_06_SYNTHETIC_STU00149,RANDOM_LP_06_SYNTHETIC_0149
RANDOM_LP_06_SYNTHETIC_STU00149,RANDOM_LP_06_SYNTHETIC_0478
RANDOM_LP_06_SYNTHETIC_STU00150,RANDOM_LP_06_SYNTHETIC_0049
RANDOM_LP_06_SYNTHETIC_STU00150,RANDOM_LP_06_SYNTHETIC_0150
RANDOM_LP_06_SYNTHETIC_STU00151,RANDOM_LP_06_SYNTHETIC_0080
RANDOM_LP_06_SYNTHETIC_STU00151,RANDOM_LP_06_SYNTHETIC_0105
RANDOM_LP_06_SYNTHETIC_STU00151,RANDOM_LP_06_SYNTHETIC_0151
RANDOM_LP_06_SYNTHETIC_STU00151,RANDOM_LP_06_SYNTHETIC_0423
RANDOM_LP_06_SYNTHETIC_STU00152,RANDOM_LP_06_SYNTHETIC_0152
RANDOM_LP_06_SYNTHETIC_STU00152,RANDOM_LP_06_SYNTHETIC_0178
RANDOM_LP_06_SYNTHETIC_STU00152,RANDOM_LP_06_SYNTHETIC_0332
RANDOM_LP_06_SYNTHETIC_STU00153,RANDOM_LP_06_SYNTHETIC_0060
RANDOM_LP_06_SYNTHETIC_STU00153,RANDOM_LP_06_SYNTHETIC_0153
RANDOM_LP_06_SYNTHETIC_STU00153,RANDOM_LP_06_SYNTHETIC_0388
RANDOM_LP_06_SYNTHETIC_STU00154,RANDOM_LP_06_SYNTHETIC_0049
RANDOM_LP_06_SYNTHETIC_STU00154,RANDOM_LP_06_SYNTHETIC_0154
RANDOM_LP_06_SYNTHETIC_STU00155,RANDOM_LP_06_SYNTHETIC_0155
RANDOM_LP_06_SYNTHETIC_STU00155,RANDOM_LP_06_SYNTHETIC_0221
RANDOM_LP_06_SYNTHETIC_STU00155,RANDOM_LP_06_SYNTHETIC_0352
RANDOM_LP_06_SYNTHETIC_STU00156,RANDOM_LP_06_SYNTHETIC_0039
RANDOM_LP_06_SYNTHETIC_STU00156,RANDOM_LP_06_SYNTHETIC_0137
RANDOM_LP_06_SYNTHETIC_STU00156,RANDOM_LP_06_SYNTHETIC_0156
RANDOM_LP_06_SYNTHETIC_STU00156,RANDOM_LP_06_SYNTHETIC_0178
RANDOM_LP_06_SYNTHETIC_STU00157,RANDOM_LP_06_SYNTHETIC_0028
RANDOM_LP_06_SYNTHETIC_STU00157,RANDOM_LP_06_SYNTHETIC_0079
RANDOM_LP_06_SYNTHETIC_STU00157,RANDOM_LP_06_SYNTHETIC_0157
RANDOM_LP_06_SYNTHETIC_STU00157,RANDOM_LP_06_SYNTHETIC_0208
RANDOM_LP_06_SYNTHETIC_STU00157,RANDOM_LP_06_SYNTHETIC_0431
RANDOM_LP_06_SYNTHETIC_STU00158,RANDOM_LP_06_SYNTHETIC_0158
RANDOM_LP_06_SYNTHETIC_STU00158,RANDOM_LP_06_SYNTHETIC_0240
RANDOM_LP_06_SYNTHETIC_STU00158,RANDOM_LP_06_SYNTHETIC_0243
RANDOM_LP_06_SYNTHETIC_STU00158,RANDOM_LP_06_SYNTHETIC_0266
RANDOM_LP_06_SYNTHETIC_STU00158,RANDOM_LP_06_SYNTHETIC_0416
RANDOM_LP_06_SYNTHETIC_STU00159,RANDOM_LP_06_SYNTHETIC_0159
RANDOM_LP_06_SYNTHETIC_STU00160,RANDOM_LP_06_SYNTHETIC_0040
RANDOM_LP_06_SYNTHETIC_STU00160,RANDOM_LP_06_SYNTHETIC_0050
RANDOM_LP_06_SYNTHETIC_STU00160,RANDOM_LP_06_SYNTHETIC_0160
RANDOM_LP_06_SYNTHETIC_STU00160,RANDOM_LP_06_SYNTHETIC_0449
RANDOM_LP_06_SYNTHETIC_STU00161,RANDOM_LP_06_SYNTHETIC_0109
RANDOM_LP_06_SYNTHETIC_STU00161,RANDOM_LP_06_SYNTHETIC_0161
RANDOM_LP_06_SYNTHETIC_STU00161,RANDOM_LP_06_SYNTHETIC_0191
RANDOM_LP_06_SYNTHETIC_STU00162,RANDOM_LP_06_SYNTHETIC_0042
RANDOM_LP_06_SYNTHETIC_STU00162,RANDOM_LP_06_SYNTHETIC_0162
RANDOM_LP_06_SYNTHETIC_STU00163,RANDOM_LP_06_SYNTHETIC_0135
RANDOM_LP_06_SYNTHETIC_STU00163,RANDOM_LP_06_SYNTHETIC_0163
RANDOM_LP_06_SYNTHETIC_STU00163,RANDOM_LP_06_SYNTHETIC_0248
RANDOM_LP_06_SYNTHETIC_STU00163,RANDOM_LP_06_SYNTHETIC_0451
RANDOM_LP_06_SYNTHETIC_STU00164,RANDOM_LP_06_SYNTHETIC_0081
RANDOM_LP_06_SYNTHETIC_STU00164,RANDOM_LP_06_SYNTHETIC_0164
RANDOM_LP_06_SYNTHETIC_STU00164,RANDOM_LP_06_SYNTHETIC_0207
RANDOM_LP_06_SYNTHETIC_STU00164,RANDOM_LP_06_SYNTHETIC_0478
RANDOM_LP_06_SYNTHETIC_STU00165,RANDOM_LP_06_SYNTHETIC_0165
RANDOM_LP_06_SYNTHETIC_STU00165,RANDOM_LP_06_SYNTHETIC_0394
RANDOM_LP_06_SYNTHETIC_STU00166,RANDOM_LP_06_SYNTHETIC_0074
RANDOM_LP_06_SYNTHETIC_STU00166,RANDOM_LP_06_SYNTHETIC_0093
RANDOM_LP_06_SYNTHETIC_STU00166,RANDOM_LP_06_SYNTHETIC_0166
RANDOM_LP_06_SYNTHETIC_STU00166,RANDOM_LP_06_SYNTHETIC_0371
RANDOM_LP_06_SYNTHETIC_STU00167,RANDOM_LP_06_SYNTHETIC_0016
RANDOM_LP_06_SYNTHETIC_STU00167,RANDOM_LP_06_SYNTHETIC_0051
RANDOM_LP_06_SYNTHETIC_STU00167,RANDOM_LP_06_SYNTHETIC_0167
RANDOM_LP_06_SYNTHETIC_STU00167,RANDOM_LP_06_SYNTHETIC_0190
RANDOM_LP_06_SYNTHETIC_STU00167,RANDOM_LP_06_SYNTHETIC_0253
RANDOM_LP_06_SYNTHETIC_STU00168,RANDOM_LP_06_SYNTHETIC_0022
RANDOM_LP_06_SYNTHETIC_STU00168,RANDOM_LP_06_SYNTHETIC_0104
RANDOM_LP_06_SYNTHETIC_STU00168,RANDOM_LP_06_SYNTHETIC_0168
RANDOM_LP_06_SYNTHETIC_STU00168,RANDOM_LP_06_SYNTHETIC_0243
RANDOM_LP_06_SYNTHETIC_STU00169,RANDOM_LP_06_SYNTHETIC_0081
RANDOM_LP_06_SYNTHETIC_STU00169,RANDOM_LP_06_SYNTHETIC_0169
RANDOM_LP_06_SYNTHETIC_STU00169,RANDOM_LP_06_SYNTHETIC_0249
RANDOM_LP_06_SYNTHETIC_STU00170,RANDOM_LP_06_SYNTHETIC_0170
RANDOM_LP_06_SYNTHETIC_STU00171,RANDOM_LP_06_SYNTHETIC_0028
RANDOM_LP_06_SYNTHETIC_STU00171,RANDOM_LP_06_SYNTHETIC_0171
RANDOM_LP_06_SYNTHETIC_STU00171,RANDOM_LP_06_SYNTHETIC_0432
RANDOM_LP_06_SYNTHETIC_STU00172,RANDOM_LP_06_SYNTHETIC_0172
RANDOM_LP_06_SYNTHETIC_STU00172,RANDOM_LP_06_SYNTHETIC_0396
RANDOM_LP_06_SYNTHETIC_STU00172,RANDOM_LP_06_SYNTHETIC_0410
RANDOM_LP_06_SYNTHETIC_STU00173,RANDOM_LP_06_SYNTHETIC_0072
RANDOM_LP_06_SYNTHETIC_STU00173,RANDOM_LP_06_SYNTHETIC_0164
RANDOM_LP_06_SYNTHETIC_STU00173,RANDOM_LP_06_SYNTHETIC_0173
RANDOM_LP_06_SYNTHETIC_STU00173,RANDOM_LP_06_SYNTHETIC_0180
RANDOM_LP_06_SYNTHETIC_STU00173,RANDOM_LP_06_SYNTHETIC_0308
RANDOM_LP_06_SYNTHETIC_STU00173,RANDOM_LP_06_SYNTHETIC_0320
RANDOM_LP_06_SYNTHETIC_STU00173,RANDOM_LP_06_SYNTHETIC_0423
RANDOM_LP_06_SYNTHETIC_STU00174,RANDOM_LP_06_SYNTHETIC_0039
RANDOM_LP_06_SYNTHETIC_STU00174,RANDOM_LP_06_SYNTHETIC_0174
RANDOM_LP_06_SYNTHETIC_STU00174,RANDOM_LP_06_SYNTHETIC_0436
RANDOM_LP_06_SYNTHETIC_STU00175,RANDOM_LP_06_SYNTHETIC_0175
RANDOM_LP_06_SYNTHETIC_STU00175,RANDOM_LP_06_SYNTHETIC_0452
RANDOM_LP_06_SYNTHETIC_STU00176,RANDOM_LP_06_SYNTHETIC_0176
RANDOM_LP_06_SYNTHETIC_STU00176,RANDOM_LP_06_SYNTHETIC_0386
RANDOM_LP_06_SYNTHETIC_STU00176,RANDOM_LP_06_SYNTHETIC_0495
RANDOM_LP_06_SYNTHETIC_STU00177,RANDOM_LP_06_SYNTHETIC_0177
RANDOM_LP_06_SYNTHETIC_STU00177,RANDOM_LP_06_SYNTHETIC_0380
RANDOM_LP_06_SYNTHETIC_STU00177,RANDOM_LP_06_SYNTHETIC_0383
RANDOM_LP_06_SYNTHETIC_STU00178,RANDOM_LP_06_SYNTHETIC_0178
RANDOM_LP_06_SYNTHETIC_STU00178,RANDOM_LP_06_SYNTHETIC_0184
RANDOM_LP_06_SYNTHETIC_STU00178,RANDOM_LP_06_SYNTHETIC_0196
RANDOM_LP_06_SYNTHETIC_STU00178,RANDOM_LP_06_SYNTHETIC_0324
RANDOM_LP_06_SYNTHETIC_STU00178,RANDOM_LP_06_SYNTHETIC_0435
RANDOM_LP_06_SYNTHETIC_STU00179,RANDOM_LP_06_SYNTHETIC_0040
RANDOM_LP_06_SYNTHETIC_STU00179,RANDOM_LP_06_SYNTHETIC_0179
RANDOM_LP_06_SYNTHETIC_STU00179,RANDOM_LP_06_SYNTHETIC_0437
RANDOM_LP_06_SYNTHETIC_STU00180,RANDOM_LP_06_SYNTHETIC_0175
RANDOM_LP_06_SYNTHETIC_STU00180,RANDOM_LP_06_SYNTHETIC_0180
RANDOM_LP_06_SYNTHETIC_STU00180,RANDOM_LP_06_SYNTHETIC_0184
RANDOM_LP_06_SYNTHETIC_STU00180,RANDOM_LP_06_SYNTHETIC_0249
RANDOM_LP_06_SYNTHETIC_STU00181,RANDOM_LP_06_SYNTHETIC_0071
RANDOM_LP_06_SYNTHETIC_STU00181,RANDOM_LP_06_SYNTHETIC_0181
RANDOM_LP_06_SYNTHETIC_STU00181,RANDOM_LP_06_SYNTHETIC_0281
RANDOM_LP_06_SYNTHETIC_STU00182,RANDOM_LP_06_SYNTHETIC_0009
RANDOM_LP_06_SYNTHETIC_STU00182,RANDOM_LP_06_SYNTHETIC_0064
RANDOM_LP_06_SYNTHETIC_STU00182,RANDOM_LP_06_SYNTHETIC_0182
RANDOM_LP_06_SYNTHETIC_STU00182,RANDOM_LP_06_SYNTHETIC_0257
RANDOM_LP_06_SYNTHETIC_STU00183,RANDOM_LP_06_SYNTHETIC_0036
RANDOM_LP_06_SYNTHETIC_STU00183,RANDOM_LP_06_SYNTHETIC_0183
RANDOM_LP_06_SYNTHETIC_STU00184,RANDOM_LP_06_SYNTHETIC_0037
RANDOM_LP_06_SYNTHETIC_STU00184,RANDOM_LP_06_SYNTHETIC_0043
RANDOM_LP_06_SYNTHETIC_STU00184,RANDOM_LP_06_SYNTHETIC_0184
RANDOM_LP_06_SYNTHETIC_STU00184,RANDOM_LP_06_SYNTHETIC_0404
RANDOM_LP_06_SYNTHETIC_STU00184,RANDOM_LP_06_SYNTHETIC_0454
RANDOM_LP_06_SYNTHETIC_STU00185,RANDOM_LP_06_SYNTHETIC_0185
RANDOM_LP_06_SYNTHETIC_STU00185,RANDOM_LP_06_SYNTHETIC_0272
RANDOM_LP_06_SYNTHETIC_STU00185,RANDOM_LP_06_SYNTHETIC_0319
RANDOM_LP_06_SYNTHETIC_STU00185,RANDOM_LP_06_SYNTHETIC_0478
RANDOM_LP_06_SYNTHETIC_STU00186,RANDOM_LP_06_SYNTHETIC_0040
RANDOM_LP_06_SYNTHETIC_STU00186,RANDOM_LP_06_SYNTHETIC_0186
RANDOM_LP_06_SYNTHETIC_STU00186,RANDOM_LP_06_SYNTHETIC_0319
RANDOM_LP_06_SYNTHETIC_STU00186,RANDOM_LP_06_SYNTHETIC_0435
RANDOM_LP_06_SYNTHETIC_STU00187,RANDOM_LP_06_SYNTHETIC_0145
RANDOM_LP_06_SYNTHETIC_STU00187,RANDOM_LP_06_SYNTHETIC_0187
RANDOM_LP_06_SYNTHETIC_STU00187,RANDOM_LP_06_SYNTHETIC_0329
RANDOM_LP_06_SYNTHETIC_STU00188,RANDOM_LP_06_SYNTHETIC_0188
RANDOM_LP_06_SYNTHETIC_STU00188,RANDOM_LP_06_SYNTHETIC_0487
RANDOM_LP_06_SYNTHETIC_STU00189,RANDOM_LP_06_SYNTHETIC_0062
RANDOM_LP_06_SYNTHETIC_STU00189,RANDOM_LP_06_SYNTHETIC_0099
RANDOM_LP_06_SYNTHETIC_STU00189,RANDOM_LP_06_SYNTHETIC_0189
RANDOM_LP_06_SYNTHETIC_STU00189,RANDOM_LP_06_SYNTHETIC_0345
RANDOM_LP_06_SYNTHETIC_STU00189,RANDOM_LP_06_SYNTHETIC_0407
RANDOM_LP_06_SYNTHETIC_STU00190,RANDOM_LP_06_SYNTHETIC_0013
RANDOM_LP_06_SYNTHETIC_STU00190,RANDOM_LP_06_SYNTHETIC_0190
RANDOM_LP_06_SYNTHETIC_STU00190,RANDOM_LP_06_SYNTHETIC_0460
RANDOM_LP_06_SYNTHETIC_STU00191,RANDOM_LP_06_SYNTHETIC_0191
RANDOM_LP_06_SYNTHETIC_STU00191,RANDOM_LP_06_SYNTHETIC_0271
RANDOM_LP_06_SYNTHETIC_STU00191,RANDOM_LP_06_SYNTHETIC_0379
RANDOM_LP_06_SYNTHETIC_STU00191,RANDOM_LP_06_SYNTHETIC_0418
RANDOM_LP_06_SYNTHETIC_STU00192,RANDOM_LP_06_SYNTHETIC_0192
RANDOM_LP_06_SYNTHETIC_STU00192,RANDOM_LP_06_SYNTHETIC_0231
RANDOM_LP_06_SYNTHETIC_STU00192,RANDOM_LP_06_SYNTHETIC_0483
RANDOM_LP_06_SYNTHETIC_STU00193,RANDOM_LP_06_SYNTHETIC_0016
RANDOM_LP_06_SYNTHETIC_STU00193,RANDOM_LP_06_SYNTHETIC_0112
RANDOM_LP_06_SYNTHETIC_STU00193,RANDOM_LP_06_SYNTHETIC_0193
RANDOM_LP_06_SYNTHETIC_STU00193,RANDOM_LP_06_SYNTHETIC_0361
RANDOM_LP_06_SYNTHETIC_STU00193,RANDOM_LP_06_SYNTHETIC_0368
RANDOM_LP_06_SYNTHETIC_STU00193,RANDOM_LP_06_SYNTHETIC_0438
RANDOM_LP_06_SYNTHETIC_STU00193,RANDOM_LP_06_SYNTHETIC_0469
RANDOM_LP_06_SYNTHETIC_STU00194,RANDOM_LP_06_SYNTHETIC_0134
RANDOM_LP_06_SYNTHETIC_STU00194,RANDOM_LP_06_SYNTHETIC_0194
RANDOM_LP_06_SYNTHETIC_STU00194,RANDOM_LP_06_SYNTHETIC_0485
RANDOM_LP_06_SYNTHETIC_STU00194,RANDOM_LP_06_SYNTHETIC_0494
RANDOM_LP_06_SYNTHETIC_STU00195,RANDOM_LP_06_SYNTHETIC_0195
RANDOM_LP_06_SYNTHETIC_STU00196,RANDOM_LP_06_SYNTHETIC_0196
RANDOM_LP_06_SYNTHETIC_STU00196,RANDOM_LP_06_SYNTHETIC_0313
RANDOM_LP_06_SYNTHETIC_STU00196,RANDOM_LP_06_SYNTHETIC_0436
RANDOM_LP_06_SYNTHETIC_STU00197,RANDOM_LP_06_SYNTHETIC_0121
RANDOM_LP_06_SYNTHETIC_STU00197,RANDOM_LP_06_SYNTHETIC_0197
RANDOM_LP_06_SYNTHETIC_STU00197,RANDOM_LP_06_SYNTHETIC_0330
RANDOM_LP_06_SYNTHETIC_STU00197,RANDOM_LP_06_SYNTHETIC_0371
RANDOM_LP_06_SYNTHETIC_STU00197,RANDOM_LP_06_SYNTHETIC_0454
RANDOM_LP_06_SYNTHETIC_STU00198,RANDOM_LP_06_SYNTHETIC_0099
RANDOM_LP_06_SYNTHETIC_STU00198,RANDOM_LP_06_SYNTHETIC_0145
RANDOM_LP_06_SYNTHETIC_STU00198,RANDOM_LP_06_SYNTHETIC_0198
RANDOM_LP_06_SYNTHETIC_STU00198,RANDOM_LP_06_SYNTHETIC_0218
RANDOM_LP_06_SYNTHETIC_STU00198,RANDOM_LP_06_SYNTHETIC_0483
RANDOM_LP_06_SYNTHETIC_STU00199,RANDOM_LP_06_SYNTHETIC_0142
RANDOM_LP_06_SYNTHETIC_STU00199,RANDOM_LP_06_SYNTHETIC_0150
RANDOM_LP_06_SYNTHETIC_STU00199,RANDOM_LP_06_SYNTHETIC_0199
RANDOM_LP_06_SYNTHETIC_STU00200,RANDOM_LP_06_SYNTHETIC_0141
RANDOM_LP_06_SYNTHETIC_STU00200,RANDOM_LP_06_SYNTHETIC_0200
RANDOM_LP_06_SYNTHETIC_STU00200,RANDOM_LP_06_SYNTHETIC_0474
RANDOM_LP_06_SYNTHETIC_STU00201,RANDOM_LP_06_SYNTHETIC_0201
RANDOM_LP_06_SYNTHETIC_STU00201,RANDOM_LP_06_SYNTHETIC_0240
RANDOM_LP_06_SYNTHETIC_STU00201,RANDOM_LP_06_SYNTHETIC_0423
RANDOM_LP_06_SYNTHETIC_STU00202,RANDOM_LP_06_SYNTHETIC_0202
RANDOM_LP_06_SYNTHETIC_STU00202,RANDOM_LP_06_SYNTHETIC_0203
RANDOM_LP_06_SYNTHETIC_STU00202,RANDOM_LP_06_SYNTHETIC_0243
RANDOM_LP_06_SYNTHETIC_STU00202,RANDOM_LP_06_SYNTHETIC_0344
RANDOM_LP_06_SYNTHETIC_STU00202,RANDOM_LP_06_SYNTHETIC_0387
RANDOM_LP_06_SYNTHETIC_STU00203,RANDOM_LP_06_SYNTHETIC_0022
RANDOM_LP_06_SYNTHETIC_STU00203,RANDOM_LP_06_SYNTHETIC_0043
RANDOM_LP_06_SYNTHETIC_STU00203,RANDOM_LP_06_SYNTHETIC_0148
RANDOM_LP_06_SYNTHETIC_STU00203,RANDOM_LP_06_SYNTHETIC_0203
RANDOM_LP_06_SYNTHETIC_STU00203,RANDOM_LP_06_SYNTHETIC_0479
RANDOM_LP_06_SYNTHETIC_STU00204,RANDOM_LP_06_SYNTHETIC_0022
RANDOM_LP_06_SYNTHETIC_STU00204,RANDOM_LP_06_SYNTHETIC_0184
RANDOM_LP_06_SYNTHETIC_STU00204,RANDOM_LP_06_SYNTHETIC_0204
RANDOM_LP_06_SYNTHETIC_STU00204,RANDOM_LP_06_SYNTHETIC_0361
RANDOM_LP_06_SYNTHETIC_STU00205,RANDOM_LP_06_SYNTHETIC_0094
RANDOM_LP_06_SYNTHETIC_STU00205,RANDOM_LP_06_SYNTHETIC_0205
RANDOM_LP_06_SYNTHETIC_STU00206,RANDOM_LP_06_SYNTHETIC_0054
RANDOM_LP_06_SYNTHETIC_STU00206,RANDOM_LP_06_SYNTHETIC_0206
RANDOM_LP_06_SYNTHETIC_STU00206,RANDOM_LP_06_SYNTHETIC_0268
RANDOM_LP_06_SYNTHETIC_STU00206,RANDOM_LP_06_SYNTHETIC_0388
RANDOM_LP_06_SYNTHETIC_STU00207,RANDOM_LP_06_SYNTHETIC_0207
RANDOM_LP_06_SYNTHETIC_STU00207,RANDOM_LP_06_SYNTHETIC_0275
RANDOM_LP_06_SYNTHETIC_STU00208,RANDOM_LP_06_SYNTHETIC_0208
RANDOM_LP_06_SYNTHETIC_STU00209,RANDOM_LP_06_SYNTHETIC_0208
RANDOM_LP_06_SYNTHETIC_STU00209,RANDOM_LP_06_SYNTHETIC_0209
RANDOM_LP_06_SYNTHETIC_STU00209,RANDOM_LP_06_SYNTHETIC_0441
RANDOM_LP_06_SYNTHETIC_STU00210,RANDOM_LP_06_SYNTHETIC_0210
RANDOM_LP_06_SYNTHETIC_STU00210,RANDOM_LP_06_SYNTHETIC_0244
RANDOM_LP_06_SYNTHETIC_STU00210,RANDOM_LP_06_SYNTHETIC_0477
RANDOM_LP_06_SYNTHETIC_STU00211,RANDOM_LP_06_SYNTHETIC_0105
RANDOM_LP_06_SYNTHETIC_STU00211,RANDOM_LP_06_SYNTHETIC_0211
RANDOM_LP_06_SYNTHETIC_STU00211,RANDOM_LP_06_SYNTHETIC_0449
RANDOM_LP_06_SYNTHETIC_STU00212,RANDOM_LP_06_SYNTHETIC_0067
RANDOM_LP_06_SYNTHETIC_STU00212,RANDOM_LP_06_SYNTHETIC_0212
RANDOM_LP_06_SYNTHETIC_STU00212,RANDOM_LP_06_SYNTHETIC_0409
RANDOM_LP_06_SYNTHETIC_STU00213,RANDOM_LP_06_SYNTHETIC_0213
RANDOM_LP_06_SYNTHETIC_STU00213,RANDOM_LP_06_SYNTHETIC_0359
RANDOM_LP_06_SYNTHETIC_STU00213,RANDOM_LP_06_SYNTHETIC_0431
RANDOM_LP_06_SYNTHETIC_STU00213,RANDOM_LP_06_SYNTHETIC_0463
RANDOM_LP_06_SYNTHETIC_STU00214,RANDOM_LP_06_SYNTHETIC_0214
RANDOM_LP_06_SYNTHETIC_STU00215,RANDOM_LP_06_SYNTHETIC_0073
RANDOM_LP_06_SYNTHETIC_STU00215,RANDOM_LP_06_SYNTHETIC_0206
RANDOM_LP_06_SYNTHETIC_STU00215,RANDOM_LP_06_SYNTHETIC_0215
RANDOM_LP_06_SYNTHETIC_STU00215,RANDOM_LP_06_SYNTHETIC_0218
RANDOM_LP_06_SYNTHETIC_STU00216,RANDOM_LP_06_SYNTHETIC_0057
RANDOM_LP_06_SYNTHETIC_STU00216,RANDOM_LP_06_SYNTHETIC_0216
RANDOM_LP_06_SYNTHETIC_STU00216,RANDOM_LP_06_SYNTHETIC_0232
RANDOM_LP_06_SYNTHETIC_STU00216,RANDOM_LP_06_SYNTHETIC_0362
RANDOM_LP_06_SYNTHETIC_STU00217,RANDOM_LP_06_SYNTHETIC_0137
RANDOM_LP_06_SYNTHETIC_STU00217,RANDOM_LP_06_SYNTHETIC_0217
RANDOM_LP_06_SYNTHETIC_STU00217,RANDOM_LP_06_SYNTHETIC_0312
RANDOM_LP_06_SYNTHETIC_STU00217,RANDOM_LP_06_SYNTHETIC_0500
RANDOM_LP_06_SYNTHETIC_STU00218,RANDOM_LP_06_SYNTHETIC_0218
RANDOM_LP_06_SYNTHETIC_STU00219,RANDOM_LP_06_SYNTHETIC_0146
RANDOM_LP_06_SYNTHETIC_STU00219,RANDOM_LP_06_SYNTHETIC_0219
RANDOM_LP_06_SYNTHETIC_STU00219,RANDOM_LP_06_SYNTHETIC_0381
RANDOM_LP_06_SYNTHETIC_STU00220,RANDOM_LP_06_SYNTHETIC_0028
RANDOM_LP_06_SYNTHETIC_STU00220,RANDOM_LP_06_SYNTHETIC_0165
RANDOM_LP_06_SYNTHETIC_STU00220,RANDOM_LP_06_SYNTHETIC_0182
RANDOM_LP_06_SYNTHETIC_STU00220,RANDOM_LP_06_SYNTHETIC_0220
RANDOM_LP_06_SYNTHETIC_STU00220,RANDOM_LP_06_SYNTHETIC_0257
RANDOM_LP_06_SYNTHETIC_STU00220,RANDOM_LP_06_SYNTHETIC_0406
RANDOM_LP_06_SYNTHETIC_STU00220,RANDOM_LP_06_SYNTHETIC_0482
RANDOM_LP_06_SYNTHETIC_STU00221,RANDOM_LP_06_SYNTHETIC_0078
RANDOM_LP_06_SYNTHETIC_STU00221,RANDOM_LP_06_SYNTHETIC_0221
RANDOM_LP_06_SYNTHETIC_STU00221,RANDOM_LP_06_SYNTHETIC_0475
RANDOM_LP_06_SYNTHETIC_STU00222,RANDOM_LP_06_SYNTHETIC_0222
RANDOM_LP_06_SYNTHETIC_STU00222,RANDOM_LP_06_SYNTHETIC_0268
RANDOM_LP_06_SYNTHETIC_STU00222,RANDOM_LP_06_SYNTHETIC_0323
RANDOM_LP_06_SYNTHETIC_STU00222,RANDOM_LP_06_SYNTHETIC_0462
RANDOM_LP_06_SYNTHETIC_STU00223,RANDOM_LP_06_SYNTHETIC_0223
RANDOM_LP_06_SYNTHETIC_STU00223,RANDOM_LP_06_SYNTHETIC_0331
RANDOM_LP_06_SYNTHETIC_STU00223,RANDOM_LP_06_SYNTHETIC_0349
RANDOM_LP_06_SYNTHETIC_STU00223,RANDOM_LP_06_SYNTHETIC_0410
RANDOM_LP_06_SYNTHETIC_STU00224,RANDOM_LP_06_SYNTHETIC_0064
RANDOM_LP_06_SYNTHETIC_STU00224,RANDOM_LP_06_SYNTHETIC_0224
RANDOM_LP_06_SYNTHETIC_STU00224,RANDOM_LP_06_SYNTHETIC_0319
RANDOM_LP_06_SYNTHETIC_STU00224,RANDOM_LP_06_SYNTHETIC_0328
RANDOM_LP_06_SYNTHETIC_STU00225,RANDOM_LP_06_SYNTHETIC_0127
RANDOM_LP_06_SYNTHETIC_STU00225,RANDOM_LP_06_SYNTHETIC_0225
RANDOM_LP_06_SYNTHETIC_STU00225,RANDOM_LP_06_SYNTHETIC_0325
RANDOM_LP_06_SYNTHETIC_STU00226,RANDOM_LP_06_SYNTHETIC_0138
RANDOM_LP_06_SYNTHETIC_STU00226,RANDOM_LP_06_SYNTHETIC_0226
RANDOM_LP_06_SYNTHETIC_STU00226,RANDOM_LP_06_SYNTHETIC_0344
RANDOM_LP_06_SYNTHETIC_STU00227,RANDOM_LP_06_SYNTHETIC_0227
RANDOM_LP_06_SYNTHETIC_STU00227,RANDOM_LP_06_SYNTHETIC_0404
RANDOM_LP_06_SYNTHETIC_STU00228,RANDOM_LP_06_SYNTHETIC_0228
RANDOM_LP_06_SYNTHETIC_STU00228,RANDOM_LP_06_SYNTHETIC_0452
RANDOM_LP_06_SYNTHETIC_STU00229,RANDOM_LP_06_SYNTHETIC_0100
RANDOM_LP_06_SYNTHETIC_STU00229,RANDOM_LP_06_SYNTHETIC_0229
RANDOM_LP_06_SYNTHETIC_STU00229,RANDOM_LP_06_SYNTHETIC_0296
RANDOM_LP_06_SYNTHETIC_STU00229,RANDOM_LP_06_SYNTHETIC_0361
RANDOM_LP_06_SYNTHETIC_STU00229,RANDOM_LP_06_SYNTHETIC_0446
RANDOM_LP_06_SYNTHETIC_STU00230,RANDOM_LP_06_SYNTHETIC_0230
RANDOM_LP_06_SYNTHETIC_STU00230,RANDOM_LP_06_SYNTHETIC_0243
RANDOM_LP_06_SYNTHETIC_STU00231,RANDOM_LP_06_SYNTHETIC_0217
RANDOM_LP_06_SYNTHETIC_STU00231,RANDOM_LP_06_SYNTHETIC_0231
RANDOM_LP_06_SYNTHETIC_STU00231,RANDOM_LP_06_SYNTHETIC_0310
RANDOM_LP_06_SYNTHETIC_STU00231,RANDOM_LP_06_SYNTHETIC_0370
RANDOM_LP_06_SYNTHETIC_STU00232,RANDOM_LP_06_SYNTHETIC_0024
RANDOM_LP_06_SYNTHETIC_STU00232,RANDOM_LP_06_SYNTHETIC_0223
RANDOM_LP_06_SYNTHETIC_STU00232,RANDOM_LP_06_SYNTHETIC_0232
RANDOM_LP_06_SYNTHETIC_STU00233,RANDOM_LP_06_SYNTHETIC_0123
RANDOM_LP_06_SYNTHETIC_STU00233,RANDOM_LP_06_SYNTHETIC_0233
RANDOM_LP_06_SYNTHETIC_STU00234,RANDOM_LP_06_SYNTHETIC_0100
RANDOM_LP_06_SYNTHETIC_STU00234,RANDOM_LP_06_SYNTHETIC_0153
RANDOM_LP_06_SYNTHETIC_STU00234,RANDOM_LP_06_SYNTHETIC_0234
RANDOM_LP_06_SYNTHETIC_STU00235,RANDOM_LP_06_SYNTHETIC_0119
RANDOM_LP_06_SYNTHETIC_STU00235,RANDOM_LP_06_SYNTHETIC_0172
RANDOM_LP_06_SYNTHETIC_STU00235,RANDOM_LP_06_SYNTHETIC_0235
RANDOM_LP_06_SYNTHETIC_STU00235,RANDOM_LP_06_SYNTHETIC_0454
RANDOM_LP_06_SYNTHETIC_STU00236,RANDOM_LP_06_SYNTHETIC_0236
RANDOM_LP_06_SYNTHETIC_STU00236,RANDOM_LP_06_SYNTHETIC_0241
RANDOM_LP_06_SYNTHETIC_STU00237,RANDOM_LP_06_SYNTHETIC_0146
RANDOM_LP_06_SYNTHETIC_STU00237,RANDOM_LP_06_SYNTHETIC_0184
RANDOM_LP_06_SYNTHETIC_STU00237,RANDOM_LP_06_SYNTHETIC_0209
RANDOM_LP_06_SYNTHETIC_STU00237,RANDOM_LP_06_SYNTHETIC_0237
RANDOM_LP_06_SYNTHETIC_STU00238,RANDOM_LP_06_SYNTHETIC_0202
RANDOM_LP_06_SYNTHETIC_STU00238,RANDOM_LP_06_SYNTHETIC_0238
RANDOM_LP_06_SYNTHETIC_STU00238,RANDOM_LP_06_SYNTHETIC_0449
RANDOM_LP_06_SYNTHETIC_STU00239,RANDOM_LP_06_SYNTHETIC_0239
RANDOM_LP_06_SYNTHETIC_STU00239,RANDOM_LP_06_SYNTHETIC_0331
RANDOM_LP_06_SYNTHETIC_STU00240,RANDOM_LP_06_SYNTHETIC_0209
RANDOM_LP_06_SYNTHETIC_STU00240,RANDOM_LP_06_SYNTHETIC_0218
RANDOM_LP_06_SYNTHETIC_STU00240,RANDOM_LP_06_SYNTHETIC_0240
RANDOM_LP_06_SYNTHETIC_STU00240,RANDOM_LP_06_SYNTHETIC_0465
RANDOM_LP_06_SYNTHETIC_STU00241,RANDOM_LP_06_SYNTHETIC_0099
RANDOM_LP_06_SYNTHETIC_STU00241,RANDOM_LP_06_SYNTHETIC_0121
RANDOM_LP_06_SYNTHETIC_STU00241,RANDOM_LP_06_SYNTHETIC_0181
RANDOM_LP_06_SYNTHETIC_STU00241,RANDOM_LP_06_SYNTHETIC_0241
RANDOM_LP_06_SYNTHETIC_STU00242,RANDOM_LP_06_SYNTHETIC_0122
RANDOM_LP_06_SYNTHETIC_STU00242,RANDOM_LP_06_SYNTHETIC_0242
RANDOM_LP_06_SYNTHETIC_STU00242,RANDOM_LP_06_SYNTHETIC_0334
RANDOM_LP_06_SYNTHETIC_STU00242,RANDOM_LP_06_SYNTHETIC_0454
RANDOM_LP_06_SYNTHETIC_STU00243,RANDOM_LP_06_SYNTHETIC_0038
RANDOM_LP_06_SYNTHETIC_STU00243,RANDOM_LP_06_SYNTHETIC_0178
RANDOM_LP_06_SYNTHETIC_STU00243,RANDOM_LP_06_SYNTHETIC_0243
RANDOM_LP_06_SYNTHETIC_STU00243,RANDOM_LP_06_SYNTHETIC_0410
RANDOM_LP_06_SYNTHETIC_STU00244,RANDOM_LP_06_SYNTHETIC_0244
RANDOM_LP_06_SYNTHETIC_STU00244,RANDOM_LP_06_SYNTHETIC_0463
RANDOM_LP_06_SYNTHETIC_STU00245,RANDOM_LP_06_SYNTHETIC_0218
RANDOM_LP_06_SYNTHETIC_STU00245,RANDOM_LP_06_SYNTHETIC_0245
RANDOM_LP_06_SYNTHETIC_STU00246,RANDOM_LP_06_SYNTHETIC_0179
RANDOM_LP_06_SYNTHETIC_STU00246,RANDOM_LP_06_SYNTHETIC_0246
RANDOM_LP_06_SYNTHETIC_STU00246,RANDOM_LP_06_SYNTHETIC_0366
RANDOM_LP_06_SYNTHETIC_STU00247,RANDOM_LP_06_SYNTHETIC_0247
RANDOM_LP_06_SYNTHETIC_STU00248,RANDOM_LP_06_SYNTHETIC_0069
RANDOM_LP_06_SYNTHETIC_STU00248,RANDOM_LP_06_SYNTHETIC_0137
RANDOM_LP_06_SYNTHETIC_STU00248,RANDOM_LP_06_SYNTHETIC_0203
RANDOM_LP_06_SYNTHETIC_STU00248,RANDOM_LP_06_SYNTHETIC_0248
RANDOM_LP_06_SYNTHETIC_STU00249,RANDOM_LP_06_SYNTHETIC_0147
RANDOM_LP_06_SYNTHETIC_STU00249,RANDOM_LP_06_SYNTHETIC_0249
RANDOM_LP_06_SYNTHETIC_STU00249,RANDOM_LP_06_SYNTHETIC_0323
RANDOM_LP_06_SYNTHETIC_STU00250,RANDOM_LP_06_SYNTHETIC_0233
RANDOM_LP_06_SYNTHETIC_STU00250,RANDOM_LP_06_SYNTHETIC_0250
RANDOM_LP_06_SYNTHETIC_STU00251,RANDOM_LP_06_SYNTHETIC_0212
RANDOM_LP_06_SYNTHETIC_STU00251,RANDOM_LP_06_SYNTHETIC_0251
RANDOM_LP_06_SYNTHETIC_STU00251,RANDOM_LP_06_SYNTHETIC_0423
RANDOM_LP_06_SYNTHETIC_STU00252,RANDOM_LP_06_SYNTHETIC_0161
RANDOM_LP_06_SYNTHETIC_STU00252,RANDOM_LP_06_SYNTHETIC_0252
RANDOM_LP_06_SYNTHETIC_STU00252,RANDOM_LP_06_SYNTHETIC_0492
RANDOM_LP_06_SYNTHETIC_STU00253,RANDOM_LP_06_SYNTHETIC_0164
RANDOM_LP_06_SYNTHETIC_STU00253,RANDOM_LP_06_SYNTHETIC_0253
RANDOM_LP_06_SYNTHETIC_STU00253,RANDOM_LP_06_SYNTHETIC_0423
RANDOM_LP_06_SYNTHETIC_STU00254,RANDOM_LP_06_SYNTHETIC_0013
RANDOM_LP_06_SYNTHETIC_STU00254,RANDOM_LP_06_SYNTHETIC_0082
RANDOM_LP_06_SYNTHETIC_STU00254,RANDOM_LP_06_SYNTHETIC_0091
RANDOM_LP_06_SYNTHETIC_STU00254,RANDOM_LP_06_SYNTHETIC_0254
RANDOM_LP_06_SYNTHETIC_STU00255,RANDOM_LP_06_SYNTHETIC_0079
RANDOM_LP_06_SYNTHETIC_STU00255,RANDOM_LP_06_SYNTHETIC_0255
RANDOM_LP_06_SYNTHETIC_STU00256,RANDOM_LP_06_SYNTHETIC_0256
RANDOM_LP_06_SYNTHETIC_STU00256,RANDOM_LP_06_SYNTHETIC_0438
RANDOM_LP_06_SYNTHETIC_STU00257,RANDOM_LP_06_SYNTHETIC_0081
RANDOM_LP_06_SYNTHETIC_STU00257,RANDOM_LP_06_SYNTHETIC_0257
RANDOM_LP_06_SYNTHETIC_STU00257,RANDOM_LP_06_SYNTHETIC_0263
RANDOM_LP_06_SYNTHETIC_STU00258,RANDOM_LP_06_SYNTHETIC_0258
RANDOM_LP_06_SYNTHETIC_STU00258,RANDOM_LP_06_SYNTHETIC_0296
RANDOM_LP_06_SYNTHETIC_STU00259,RANDOM_LP_06_SYNTHETIC_0109
RANDOM_LP_06_SYNTHETIC_STU00259,RANDOM_LP_06_SYNTHETIC_0184
RANDOM_LP_06_SYNTHETIC_STU00259,RANDOM_LP_06_SYNTHETIC_0259
RANDOM_LP_06_SYNTHETIC_STU00260,RANDOM_LP_06_SYNTHETIC_0260
RANDOM_LP_06_SYNTHETIC_STU00260,RANDOM_LP_06_SYNTHETIC_0295
RANDOM_LP_06_SYNTHETIC_STU00260,RANDOM_LP_06_SYNTHETIC_0363
RANDOM_LP_06_SYNTHETIC_STU00261,RANDOM_LP_06_SYNTHETIC_0182
RANDOM_LP_06_SYNTHETIC_STU00261,RANDOM_LP_06_SYNTHETIC_0261
RANDOM_LP_06_SYNTHETIC_STU00262,RANDOM_LP_06_SYNTHETIC_0158
RANDOM_LP_06_SYNTHETIC_STU00262,RANDOM_LP_06_SYNTHETIC_0249
RANDOM_LP_06_SYNTHETIC_STU00262,RANDOM_LP_06_SYNTHETIC_0262
RANDOM_LP_06_SYNTHETIC_STU00263,RANDOM_LP_06_SYNTHETIC_0037
RANDOM_LP_06_SYNTHETIC_STU00263,RANDOM_LP_06_SYNTHETIC_0158
RANDOM_LP_06_SYNTHETIC_STU00263,RANDOM_LP_06_SYNTHETIC_0263
RANDOM_LP_06_SYNTHETIC_STU00263,RANDOM_LP_06_SYNTHETIC_0350
RANDOM_LP_06_SYNTHETIC_STU00264,RANDOM_LP_06_SYNTHETIC_0079
RANDOM_LP_06_SYNTHETIC_STU00264,RANDOM_LP_06_SYNTHETIC_0170
RANDOM_LP_06_SYNTHETIC_STU00264,RANDOM_LP_06_SYNTHETIC_0264
RANDOM_LP_06_SYNTHETIC_STU00265,RANDOM_LP_06_SYNTHETIC_0265
RANDOM_LP_06_SYNTHETIC_STU00265,RANDOM_LP_06_SYNTHETIC_0368
RANDOM_LP_06_SYNTHETIC_STU00266,RANDOM_LP_06_SYNTHETIC_0266
RANDOM_LP_06_SYNTHETIC_STU00266,RANDOM_LP_06_SYNTHETIC_0382
RANDOM_LP_06_SYNTHETIC_STU00267,RANDOM_LP_06_SYNTHETIC_0013
RANDOM_LP_06_SYNTHETIC_STU00267,RANDOM_LP_06_SYNTHETIC_0034
RANDOM_LP_06_SYNTHETIC_STU00267,RANDOM_LP_06_SYNTHETIC_0189
RANDOM_LP_06_SYNTHETIC_STU00267,RANDOM_LP_06_SYNTHETIC_0267
RANDOM_LP_06_SYNTHETIC_STU00267,RANDOM_LP_06_SYNTHETIC_0324
RANDOM_LP_06_SYNTHETIC_STU00267,RANDOM_LP_06_SYNTHETIC_0389
RANDOM_LP_06_SYNTHETIC_STU00268,RANDOM_LP_06_SYNTHETIC_0167
RANDOM_LP_06_SYNTHETIC_STU00268,RANDOM_LP_06_SYNTHETIC_0268
RANDOM_LP_06_SYNTHETIC_STU00269,RANDOM_LP_06_SYNTHETIC_0269
RANDOM_LP_06_SYNTHETIC_STU00270,RANDOM_LP_06_SYNTHETIC_0078
RANDOM_LP_06_SYNTHETIC_STU00270,RANDOM_LP_06_SYNTHETIC_0248
RANDOM_LP_06_SYNTHETIC_STU00270,RANDOM_LP_06_SYNTHETIC_0270
RANDOM_LP_06_SYNTHETIC_STU00271,RANDOM_LP_06_SYNTHETIC_0271
RANDOM_LP_06_SYNTHETIC_STU00271,RANDOM_LP_06_SYNTHETIC_0398
RANDOM_LP_06_SYNTHETIC_STU00272,RANDOM_LP_06_SYNTHETIC_0272
RANDOM_LP_06_SYNTHETIC_STU00272,RANDOM_LP_06_SYNTHETIC_0287
RANDOM_LP_06_SYNTHETIC_STU00272,RANDOM_LP_06_SYNTHETIC_0497
RANDOM_LP_06_SYNTHETIC_STU00273,RANDOM_LP_06_SYNTHETIC_0221
RANDOM_LP_06_SYNTHETIC_STU00273,RANDOM_LP_06_SYNTHETIC_0273
RANDOM_LP_06_SYNTHETIC_STU00273,RANDOM_LP_06_SYNTHETIC_0393
RANDOM_LP_06_SYNTHETIC_STU00273,RANDOM_LP_06_SYNTHETIC_0398
RANDOM_LP_06_SYNTHETIC_STU00274,RANDOM_LP_06_SYNTHETIC_0274
RANDOM_LP_06_SYNTHETIC_STU00275,RANDOM_LP_06_SYNTHETIC_0275
RANDOM_LP_06_SYNTHETIC_STU00276,RANDOM_LP_06_SYNTHETIC_0276
RANDOM_LP_06_SYNTHETIC_STU00276,RANDOM_LP_06_SYNTHETIC_0375
RANDOM_LP_06_SYNTHETIC_STU00277,RANDOM_LP_06_SYNTHETIC_0039
RANDOM_LP_06_SYNTHETIC_STU00277,RANDOM_LP_06_SYNTHETIC_0059
RANDOM_LP_06_SYNTHETIC_STU00277,RANDOM_LP_06_SYNTHETIC_0277
RANDOM_LP_06_SYNTHETIC_STU00278,RANDOM_LP_06_SYNTHETIC_0175
RANDOM_LP_06_SYNTHETIC_STU00278,RANDOM_LP_06_SYNTHETIC_0205
RANDOM_LP_06_SYNTHETIC_STU00278,RANDOM_LP_06_SYNTHETIC_0268
RANDOM_LP_06_SYNTHETIC_STU00278,RANDOM_LP_06_SYNTHETIC_0278
RANDOM_LP_06_SYNTHETIC_STU00279,RANDOM_LP_06_SYNTHETIC_0279
RANDOM_LP_06_SYNTHETIC_STU00280,RANDOM_LP_06_SYNTHETIC_0137
RANDOM_LP_06_SYNTHETIC_STU00280,RANDOM_LP_06_SYNTHETIC_0280
RANDOM_LP_06_SYNTHETIC_STU00281,RANDOM_LP_06_SYNTHETIC_0146
RANDOM_LP_06_SYNTHETIC_STU00281,RANDOM_LP_06_SYNTHETIC_0281
RANDOM_LP_06_SYNTHETIC_STU00281,RANDOM_LP_06_SYNTHETIC_0355
RANDOM_LP_06_SYNTHETIC_STU00282,RANDOM_LP_06_SYNTHETIC_0044
RANDOM_LP_06_SYNTHETIC_STU00282,RANDOM_LP_06_SYNTHETIC_0264
RANDOM_LP_06_SYNTHETIC_STU00282,RANDOM_LP_06_SYNTHETIC_0282
RANDOM_LP_06_SYNTHETIC_STU00282,RANDOM_LP_06_SYNTHETIC_0389
RANDOM_LP_06_SYNTHETIC_STU00282,RANDOM_LP_06_SYNTHETIC_0458
RANDOM_LP_06_SYNTHETIC_STU00283,RANDOM_LP_06_SYNTHETIC_0283
RANDOM_LP_06_SYNTHETIC_STU00283,RANDOM_LP_06_SYNTHETIC_0368
RANDOM_LP_06_SYNTHETIC_STU00284,RANDOM_LP_06_SYNTHETIC_0284
RANDOM_LP_06_SYNTHETIC_STU00285,RANDOM_LP_06_SYNTHETIC_0285
RANDOM_LP_06_SYNTHETIC_STU00285,RANDOM_LP_06_SYNTHETIC_0337
RANDOM_LP_06_SYNTHETIC_STU00286,RANDOM_LP_06_SYNTHETIC_0040
RANDOM_LP_06_SYNTHETIC_STU00286,RANDOM_LP_06_SYNTHETIC_0167
RANDOM_LP_06_SYNTHETIC_STU00286,RANDOM_LP_06_SYNTHETIC_0178
RANDOM_LP_06_SYNTHETIC_STU00286,RANDOM_LP_06_SYNTHETIC_0208
RANDOM_LP_06_SYNTHETIC_STU00286,RANDOM_LP_06_SYNTHETIC_0286
RANDOM_LP_06_SYNTHETIC_STU00287,RANDOM_LP_06_SYNTHETIC_0042
RANDOM_LP_06_SYNTHETIC_STU00287,RANDOM_LP_06_SYNTHETIC_0243
RANDOM_LP_06_SYNTHETIC_STU00287,RANDOM_LP_06_SYNTHETIC_0287
RANDOM_LP_06_SYNTHETIC_STU00288,RANDOM_LP_06_SYNTHETIC_0288
RANDOM_LP_06_SYNTHETIC_STU00288,RANDOM_LP_06_SYNTHETIC_0379
RANDOM_LP_06_SYNTHETIC_STU00289,RANDOM_LP_06_SYNTHETIC_0044
RANDOM_LP_06_SYNTHETIC_STU00289,RANDOM_LP_06_SYNTHETIC_0171
RANDOM_LP_06_SYNTHETIC_STU00289,RANDOM_LP_06_SYNTHETIC_0280
RANDOM_LP_06_SYNTHETIC_STU00289,RANDOM_LP_06_SYNTHETIC_0289
RANDOM_LP_06_SYNTHETIC_STU00290,RANDOM_LP_06_SYNTHETIC_0290
RANDOM_LP_06_SYNTHETIC_STU00290,RANDOM_LP_06_SYNTHETIC_0337
RANDOM_LP_06_SYNTHETIC_STU00290,RANDOM_LP_06_SYNTHETIC_0438
RANDOM_LP_06_SYNTHETIC_STU00291,RANDOM_LP_06_SYNTHETIC_0291
RANDOM_LP_06_SYNTHETIC_STU00291,RANDOM_LP_06_SYNTHETIC_0406
RANDOM_LP_06_SYNTHETIC_STU00292,RANDOM_LP_06_SYNTHETIC_0072
RANDOM_LP_06_SYNTHETIC_STU00292,RANDOM_LP_06_SYNTHETIC_0245
RANDOM_LP_06_SYNTHETIC_STU00292,RANDOM_LP_06_SYNTHETIC_0292
RANDOM_LP_06_SYNTHETIC_STU00293,RANDOM_LP_06_SYNTHETIC_0143
RANDOM_LP_06_SYNTHETIC_STU00293,RANDOM_LP_06_SYNTHETIC_0185
RANDOM_LP_06_SYNTHETIC_STU00293,RANDOM_LP_06_SYNTHETIC_0293
RANDOM_LP_06_SYNTHETIC_STU00294,RANDOM_LP_06_SYNTHETIC_0260
RANDOM_LP_06_SYNTHETIC_STU00294,RANDOM_LP_06_SYNTHETIC_0275
RANDOM_LP_06_SYNTHETIC_STU00294,RANDOM_LP_06_SYNTHETIC_0294
RANDOM_LP_06_SYNTHETIC_STU00294,RANDOM_LP_06_SYNTHETIC_0445
RANDOM_LP_06_SYNTHETIC_STU00295,RANDOM_LP_06_SYNTHETIC_0295
RANDOM_LP_06_SYNTHETIC_STU00296,RANDOM_LP_06_SYNTHETIC_0296
RANDOM_LP_06_SYNTHETIC_STU00297,RANDOM_LP_06_SYNTHETIC_0155
RANDOM_LP_06_SYNTHETIC_STU00297,RANDOM_LP_06_SYNTHETIC_0297
RANDOM_LP_06_SYNTHETIC_STU00298,RANDOM_LP_06_SYNTHETIC_0037
RANDOM_LP_06_SYNTHETIC_STU00298,RANDOM_LP_06_SYNTHETIC_0298
RANDOM_LP_06_SYNTHETIC_STU00298,RANDOM_LP_06_SYNTHETIC_0370
RANDOM_LP_06_SYNTHETIC_STU00299,RANDOM_LP_06_SYNTHETIC_0158
RANDOM_LP_06_SYNTHETIC_STU00299,RANDOM_LP_06_SYNTHETIC_0184
RANDOM_LP_06_SYNTHETIC_STU00299,RANDOM_LP_06_SYNTHETIC_0209
RANDOM_LP_06_SYNTHETIC_STU00299,RANDOM_LP_06_SYNTHETIC_0299
RANDOM_LP_06_SYNTHETIC_STU00300,RANDOM_LP_06_SYNTHETIC_0035
RANDOM_LP_06_SYNTHETIC_STU00300,RANDOM_LP_06_SYNTHETIC_0158
RANDOM_LP_06_SYNTHETIC_STU00300,RANDOM_LP_06_SYNTHETIC_0300
RANDOM_LP_06_SYNTHETIC_STU00300,RANDOM_LP_06_SYNTHETIC_0319
RANDOM_LP_06_SYNTHETIC_STU00300,RANDOM_LP_06_SYNTHETIC_0404
RANDOM_LP_06_SYNTHETIC_STU00301,RANDOM_LP_06_SYNTHETIC_0301
RANDOM_LP_06_SYNTHETIC_STU00301,RANDOM_LP_06_SYNTHETIC_0368
RANDOM_LP_06_SYNTHETIC_STU00301,RANDOM_LP_06_SYNTHETIC_0389
RANDOM_LP_06_SYNTHETIC_STU00301,RANDOM_LP_06_SYNTHETIC_0475
RANDOM_LP_06_SYNTHETIC_STU00302,RANDOM_LP_06_SYNTHETIC_0161
RANDOM_LP_06_SYNTHETIC_STU00302,RANDOM_LP_06_SYNTHETIC_0302
RANDOM_LP_06_SYNTHETIC_STU00302,RANDOM_LP_06_SYNTHETIC_0379
RANDOM_LP_06_SYNTHETIC_STU00303,RANDOM_LP_06_SYNTHETIC_0303
RANDOM_LP_06_SYNTHETIC_STU00304,RANDOM_LP_06_SYNTHETIC_0081
RANDOM_LP_06_SYNTHETIC_STU00304,RANDOM_LP_06_SYNTHETIC_0215
RANDOM_LP_06_SYNTHETIC_STU00304,RANDOM_LP_06_SYNTHETIC_0304
RANDOM_LP_06_SYNTHETIC_STU00305,RANDOM_LP_06_SYNTHETIC_0079
RANDOM_LP_06_SYNTHETIC_STU00305,RANDOM_LP_06_SYNTHETIC_0305
RANDOM_LP_06_SYNTHETIC_STU00306,RANDOM_LP_06_SYNTHETIC_0164
RANDOM_LP_06_SYNTHETIC_STU00306,RANDOM_LP_06_SYNTHETIC_0306
RANDOM_LP_06_SYNTHETIC_STU00307,RANDOM_LP_06_SYNTHETIC_0002
RANDOM_LP_06_SYNTHETIC_STU00307,RANDOM_LP_06_SYNTHETIC_0087
RANDOM_LP_06_SYNTHETIC_STU00307,RANDOM_LP_06_SYNTHETIC_0271
RANDOM_LP_06_SYNTHETIC_STU00307,RANDOM_LP_06_SYNTHETIC_0307
RANDOM_LP_06_SYNTHETIC_STU00307,RANDOM_LP_06_SYNTHETIC_0328
RANDOM_LP_06_SYNTHETIC_STU00307,RANDOM_LP_06_SYNTHETIC_0357
RANDOM_LP_06_SYNTHETIC_STU00308,RANDOM_LP_06_SYNTHETIC_0137
RANDOM_LP_06_SYNTHETIC_STU00308,RANDOM_LP_06_SYNTHETIC_0203
RANDOM_LP_06_SYNTHETIC_STU00308,RANDOM_LP_06_SYNTHETIC_0308
RANDOM_LP_06_SYNTHETIC_STU00309,RANDOM_LP_06_SYNTHETIC_0309
RANDOM_LP_06_SYNTHETIC_STU00309,RANDOM_LP_06_SYNTHETIC_0382
RANDOM_LP_06_SYNTHETIC_STU00309,RANDOM_LP_06_SYNTHETIC_0438
RANDOM_LP_06_SYNTHETIC_STU00310,RANDOM_LP_06_SYNTHETIC_0040
RANDOM_LP_06_SYNTHETIC_STU00310,RANDOM_LP_06_SYNTHETIC_0103
RANDOM_LP_06_SYNTHETIC_STU00310,RANDOM_LP_06_SYNTHETIC_0146
RANDOM_LP_06_SYNTHETIC_STU00310,RANDOM_LP_06_SYNTHETIC_0204
RANDOM_LP_06_SYNTHETIC_STU00310,RANDOM_LP_06_SYNTHETIC_0310
RANDOM_LP_06_SYNTHETIC_STU00311,RANDOM_LP_06_SYNTHETIC_0028
RANDOM_LP_06_SYNTHETIC_STU00311,RANDOM_LP_06_SYNTHETIC_0079
RANDOM_LP_06_SYNTHETIC_STU00311,RANDOM_LP_06_SYNTHETIC_0158
RANDOM_LP_06_SYNTHETIC_STU00311,RANDOM_LP_06_SYNTHETIC_0197
RANDOM_LP_06_SYNTHETIC_STU00311,RANDOM_LP_06_SYNTHETIC_0311
RANDOM_LP_06_SYNTHETIC_STU00311,RANDOM_LP_06_SYNTHETIC_0399
RANDOM_LP_06_SYNTHETIC_STU00312,RANDOM_LP_06_SYNTHETIC_0073
RANDOM_LP_06_SYNTHETIC_STU00312,RANDOM_LP_06_SYNTHETIC_0312
RANDOM_LP_06_SYNTHETIC_STU00313,RANDOM_LP_06_SYNTHETIC_0041
RANDOM_LP_06_SYNTHETIC_STU00313,RANDOM_LP_06_SYNTHETIC_0178
RANDOM_LP_06_SYNTHETIC_STU00313,RANDOM_LP_06_SYNTHETIC_0248
RANDOM_LP_06_SYNTHETIC_STU00313,RANDOM_LP_06_SYNTHETIC_0313
RANDOM_LP_06_SYNTHETIC_STU00313,RANDOM_LP_06_SYNTHETIC_0406
RANDOM_LP_06_SYNTHETIC_STU00314,RANDOM_LP_06_SYNTHETIC_0016
RANDOM_LP_06_SYNTHETIC_STU00314,RANDOM_LP_06_SYNTHETIC_0314
RANDOM_LP_06_SYNTHETIC_STU00314,RANDOM_LP_06_SYNTHETIC_0334
RANDOM_LP_06_SYNTHETIC_STU00314,RANDOM_LP_06_SYNTHETIC_0376
RANDOM_LP_06_SYNTHETIC_STU00315,RANDOM_LP_06_SYNTHETIC_0079
RANDOM_LP_06_SYNTHETIC_STU00315,RANDOM_LP_06_SYNTHETIC_0096
RANDOM_LP_06_SYNTHETIC_STU00315,RANDOM_LP_06_SYNTHETIC_0206
RANDOM_LP_06_SYNTHETIC_STU00315,RANDOM_LP_06_SYNTHETIC_0315
RANDOM_LP_06_SYNTHETIC_STU00315,RANDOM_LP_06_SYNTHETIC_0458
RANDOM_LP_06_SYNTHETIC_STU00316,RANDOM_LP_06_SYNTHETIC_0069
RANDOM_LP_06_SYNTHETIC_STU00316,RANDOM_LP_06_SYNTHETIC_0316
RANDOM_LP_06_SYNTHETIC_STU00316,RANDOM_LP_06_SYNTHETIC_0388
RANDOM_LP_06_SYNTHETIC_STU00317,RANDOM_LP_06_SYNTHETIC_0070
RANDOM_LP_06_SYNTHETIC_STU00317,RANDOM_LP_06_SYNTHETIC_0115
RANDOM_LP_06_SYNTHETIC_STU00317,RANDOM_LP_06_SYNTHETIC_0317
RANDOM_LP_06_SYNTHETIC_STU00317,RANDOM_LP_06_SYNTHETIC_0455
RANDOM_LP_06_SYNTHETIC_STU00317,RANDOM_LP_06_SYNTHETIC_0499
RANDOM_LP_06_SYNTHETIC_STU00318,RANDOM_LP_06_SYNTHETIC_0318
RANDOM_LP_06_SYNTHETIC_STU00319,RANDOM_LP_06_SYNTHETIC_0005
RANDOM_LP_06_SYNTHETIC_STU00319,RANDOM_LP_06_SYNTHETIC_0167
RANDOM_LP_06_SYNTHETIC_STU00319,RANDOM_LP_06_SYNTHETIC_0295
RANDOM_LP_06_SYNTHETIC_STU00319,RANDOM_LP_06_SYNTHETIC_0319
RANDOM_LP_06_SYNTHETIC_STU00319,RANDOM_LP_06_SYNTHETIC_0410
RANDOM_LP_06_SYNTHETIC_STU00320,RANDOM_LP_06_SYNTHETIC_0022
RANDOM_LP_06_SYNTHETIC_STU00320,RANDOM_LP_06_SYNTHETIC_0031
RANDOM_LP_06_SYNTHETIC_STU00320,RANDOM_LP_06_SYNTHETIC_0057
RANDOM_LP_06_SYNTHETIC_STU00320,RANDOM_LP_06_SYNTHETIC_0320
RANDOM_LP_06_SYNTHETIC_STU00321,RANDOM_LP_06_SYNTHETIC_0184
RANDOM_LP_06_SYNTHETIC_STU00321,RANDOM_LP_06_SYNTHETIC_0321
RANDOM_LP_06_SYNTHETIC_STU00322,RANDOM_LP_06_SYNTHETIC_0322
RANDOM_LP_06_SYNTHETIC_STU00322,RANDOM_LP_06_SYNTHETIC_0418
RANDOM_LP_06_SYNTHETIC_STU00322,RANDOM_LP_06_SYNTHETIC_0460
RANDOM_LP_06_SYNTHETIC_STU00323,RANDOM_LP_06_SYNTHETIC_0323
RANDOM_LP_06_SYNTHETIC_STU00324,RANDOM_LP_06_SYNTHETIC_0324
RANDOM_LP_06_SYNTHETIC_STU00325,RANDOM_LP_06_SYNTHETIC_0029
RANDOM_LP_06_SYNTHETIC_STU00325,RANDOM_LP_06_SYNTHETIC_0231
RANDOM_LP_06_SYNTHETIC_STU00325,RANDOM_LP_06_SYNTHETIC_0325
RANDOM_LP_06_SYNTHETIC_STU00325,RANDOM_LP_06_SYNTHETIC_0379
RANDOM_LP_06_SYNTHETIC_STU00326,RANDOM_LP_06_SYNTHETIC_0167
RANDOM_LP_06_SYNTHETIC_STU00326,RANDOM_LP_06_SYNTHETIC_0326
RANDOM_LP_06_SYNTHETIC_STU00326,RANDOM_LP_06_SYNTHETIC_0334
RANDOM_LP_06_SYNTHETIC_STU00326,RANDOM_LP_06_SYNTHETIC_0454
RANDOM_LP_06_SYNTHETIC_STU00326,RANDOM_LP_06_SYNTHETIC_0479
RANDOM_LP_06_SYNTHETIC_STU00327,RANDOM_LP_06_SYNTHETIC_0202
RANDOM_LP_06_SYNTHETIC_STU00327,RANDOM_LP_06_SYNTHETIC_0327
RANDOM_LP_06_SYNTHETIC_STU00327,RANDOM_LP_06_SYNTHETIC_0365
RANDOM_LP_06_SYNTHETIC_STU00327,RANDOM_LP_06_SYNTHETIC_0435
RANDOM_LP_06_SYNTHETIC_STU00328,RANDOM_LP_06_SYNTHETIC_0328
RANDOM_LP_06_SYNTHETIC_STU00329,RANDOM_LP_06_SYNTHETIC_0329
RANDOM_LP_06_SYNTHETIC_STU00329,RANDOM_LP_06_SYNTHETIC_0382
RANDOM_LP_06_SYNTHETIC_STU00330,RANDOM_LP_06_SYNTHETIC_0184
RANDOM_LP_06_SYNTHETIC_STU00330,RANDOM_LP_06_SYNTHETIC_0330
RANDOM_LP_06_SYNTHETIC_STU00331,RANDOM_LP_06_SYNTHETIC_0042
RANDOM_LP_06_SYNTHETIC_STU00331,RANDOM_LP_06_SYNTHETIC_0078
RANDOM_LP_06_SYNTHETIC_STU00331,RANDOM_LP_06_SYNTHETIC_0275
RANDOM_LP_06_SYNTHETIC_STU00331,RANDOM_LP_06_SYNTHETIC_0292
RANDOM_LP_06_SYNTHETIC_STU00331,RANDOM_LP_06_SYNTHETIC_0331
RANDOM_LP_06_SYNTHETIC_STU00332,RANDOM_LP_06_SYNTHETIC_0040
RANDOM_LP_06_SYNTHETIC_STU00332,RANDOM_LP_06_SYNTHETIC_0188
RANDOM_LP_06_SYNTHETIC_STU00332,RANDOM_LP_06_SYNTHETIC_0332
RANDOM_LP_06_SYNTHETIC_STU00332,RANDOM_LP_06_SYNTHETIC_0482
RANDOM_LP_06_SYNTHETIC_STU00333,RANDOM_LP_06_SYNTHETIC_0178
RANDOM_LP_06_SYNTHETIC_STU00333,RANDOM_LP_06_SYNTHETIC_0241
RANDOM_LP_06_SYNTHETIC_STU00333,RANDOM_LP_06_SYNTHETIC_0333
RANDOM_LP_06_SYNTHETIC_STU00333,RANDOM_LP_06_SYNTHETIC_0355
RANDOM_LP_06_SYNTHETIC_STU00333,RANDOM_LP_06_SYNTHETIC_0469
RANDOM_LP_06_SYNTHETIC_STU00334,RANDOM_LP_06_SYNTHETIC_0044
RANDOM_LP_06_SYNTHETIC_STU00334,RANDOM_LP_06_SYNTHETIC_0324
RANDOM_LP_06_SYNTHETIC_STU00334,RANDOM_LP_06_SYNTHETIC_0334
RANDOM_LP_06_SYNTHETIC_STU00335,RANDOM_LP_06_SYNTHETIC_0335
RANDOM_LP_06_SYNTHETIC_STU00336,RANDOM_LP_06_SYNTHETIC_0107
RANDOM_LP_06_SYNTHETIC_STU00336,RANDOM_LP_06_SYNTHETIC_0336
RANDOM_LP_06_SYNTHETIC_STU00337,RANDOM_LP_06_SYNTHETIC_0050
RANDOM_LP_06_SYNTHETIC_STU00337,RANDOM_LP_06_SYNTHETIC_0137
RANDOM_LP_06_SYNTHETIC_STU00337,RANDOM_LP_06_SYNTHETIC_0143
RANDOM_LP_06_SYNTHETIC_STU00337,RANDOM_LP_06_SYNTHETIC_0337
RANDOM_LP_06_SYNTHETIC_STU00338,RANDOM_LP_06_SYNTHETIC_0287
RANDOM_LP_06_SYNTHETIC_STU00338,RANDOM_LP_06_SYNTHETIC_0338
RANDOM_LP_06_SYNTHETIC_STU00338,RANDOM_LP_06_SYNTHETIC_0469
RANDOM_LP_06_SYNTHETIC_STU00339,RANDOM_LP_06_SYNTHETIC_0339
RANDOM_LP_06_SYNTHETIC_STU00340,RANDOM_LP_06_SYNTHETIC_0073
RANDOM_LP_06_SYNTHETIC_STU00340,RANDOM_LP_06_SYNTHETIC_0140
RANDOM_LP_06_SYNTHETIC_STU00340,RANDOM_LP_06_SYNTHETIC_0233
RANDOM_LP_06_SYNTHETIC_STU00340,RANDOM_LP_06_SYNTHETIC_0340
RANDOM_LP_06_SYNTHETIC_STU00341,RANDOM_LP_06_SYNTHETIC_0341
RANDOM_LP_06_SYNTHETIC_STU00342,RANDOM_LP_06_SYNTHETIC_0087
RANDOM_LP_06_SYNTHETIC_STU00342,RANDOM_LP_06_SYNTHETIC_0272
RANDOM_LP_06_SYNTHETIC_STU00342,RANDOM_LP_06_SYNTHETIC_0342
RANDOM_LP_06_SYNTHETIC_STU00343,RANDOM_LP_06_SYNTHETIC_0198
RANDOM_LP_06_SYNTHETIC_STU00343,RANDOM_LP_06_SYNTHETIC_0343
RANDOM_LP_06_SYNTHETIC_STU00343,RANDOM_LP_06_SYNTHETIC_0377
RANDOM_LP_06_SYNTHETIC_STU00343,RANDOM_LP_06_SYNTHETIC_0405
RANDOM_LP_06_SYNTHETIC_STU00344,RANDOM_LP_06_SYNTHETIC_0344
RANDOM_LP_06_SYNTHETIC_STU00344,RANDOM_LP_06_SYNTHETIC_0389
RANDOM_LP_06_SYNTHETIC_STU00344,RANDOM_LP_06_SYNTHETIC_0449
RANDOM_LP_06_SYNTHETIC_STU00344,RANDOM_LP_06_SYNTHETIC_0457
RANDOM_LP_06_SYNTHETIC_STU00345,RANDOM_LP_06_SYNTHETIC_0167
RANDOM_LP_06_SYNTHETIC_STU00345,RANDOM_LP_06_SYNTHETIC_0345
RANDOM_LP_06_SYNTHETIC_STU00345,RANDOM_LP_06_SYNTHETIC_0347
RANDOM_LP_06_SYNTHETIC_STU00346,RANDOM_LP_06_SYNTHETIC_0044
RANDOM_LP_06_SYNTHETIC_STU00346,RANDOM_LP_06_SYNTHETIC_0346
RANDOM_LP_06_SYNTHETIC_STU00346,RANDOM_LP_06_SYNTHETIC_0443
RANDOM_LP_06_SYNTHETIC_STU00347,RANDOM_LP_06_SYNTHETIC_0029
RANDOM_LP_06_SYNTHETIC_STU00347,RANDOM_LP_06_SYNTHETIC_0143
RANDOM_LP_06_SYNTHETIC_STU00347,RANDOM_LP_06_SYNTHETIC_0319
RANDOM_LP_06_SYNTHETIC_STU00347,RANDOM_LP_06_SYNTHETIC_0347
RANDOM_LP_06_SYNTHETIC_STU00348,RANDOM_LP_06_SYNTHETIC_0178
RANDOM_LP_06_SYNTHETIC_STU00348,RANDOM_LP_06_SYNTHETIC_0348
RANDOM_LP_06_SYNTHETIC_STU00348,RANDOM_LP_06_SYNTHETIC_0383
RANDOM_LP_06_SYNTHETIC_STU00349,RANDOM_LP_06_SYNTHETIC_0349
RANDOM_LP_06_SYNTHETIC_STU00349,RANDOM_LP_06_SYNTHETIC_0497
RANDOM_LP_06_SYNTHETIC_STU00350,RANDOM_LP_06_SYNTHETIC_0081
RANDOM_LP_06_SYNTHETIC_STU00350,RANDOM_LP_06_SYNTHETIC_0122
RANDOM_LP_06_SYNTHETIC_STU00350,RANDOM_LP_06_SYNTHETIC_0350
RANDOM_LP_06_SYNTHETIC_STU00350,RANDOM_LP_06_SYNTHETIC_0482
RANDOM_LP_06_SYNTHETIC_STU00351,RANDOM_LP_06_SYNTHETIC_0057
RANDOM_LP_06_SYNTHETIC_STU00351,RANDOM_LP_06_SYNTHETIC_0159
RANDOM_LP_06_SYNTHETIC_STU00351,RANDOM_LP_06_SYNTHETIC_0351
RANDOM_LP_06_SYNTHETIC_STU00351,RANDOM_LP_06_SYNTHETIC_0402
RANDOM_LP_06_SYNTHETIC_STU00352,RANDOM_LP_06_SYNTHETIC_0327
RANDOM_LP_06_SYNTHETIC_STU00352,RANDOM_LP_06_SYNTHETIC_0352
RANDOM_LP_06_SYNTHETIC_STU00352,RANDOM_LP_06_SYNTHETIC_0387
RANDOM_LP_06_SYNTHETIC_STU00353,RANDOM_LP_06_SYNTHETIC_0023
RANDOM_LP_06_SYNTHETIC_STU00353,RANDOM_LP_06_SYNTHETIC_0170
RANDOM_LP_06_SYNTHETIC_STU00353,RANDOM_LP_06_SYNTHETIC_0353
RANDOM_LP_06_SYNTHETIC_STU00354,RANDOM_LP_06_SYNTHETIC_0116
RANDOM_LP_06_SYNTHETIC_STU00354,RANDOM_LP_06_SYNTHETIC_0173
RANDOM_LP_06_SYNTHETIC_STU00354,RANDOM_LP_06_SYNTHETIC_0354
RANDOM_LP_06_SYNTHETIC_STU00354,RANDOM_LP_06_SYNTHETIC_0443
RANDOM_LP_06_SYNTHETIC_STU00355,RANDOM_LP_06_SYNTHETIC_0041
RANDOM_LP_06_SYNTHETIC_STU00355,RANDOM_LP_06_SYNTHETIC_0355
RANDOM_LP_06_SYNTHETIC_STU00355,RANDOM_LP_06_SYNTHETIC_0475
RANDOM_LP_06_SYNTHETIC_STU00356,RANDOM_LP_06_SYNTHETIC_0012
RANDOM_LP_06_SYNTHETIC_STU00356,RANDOM_LP_06_SYNTHETIC_0141
RANDOM_LP_06_SYNTHETIC_STU00356,RANDOM_LP_06_SYNTHETIC_0271
RANDOM_LP_06_SYNTHETIC_STU00356,RANDOM_LP_06_SYNTHETIC_0356
RANDOM_LP_06_SYNTHETIC_STU00356,RANDOM_LP_06_SYNTHETIC_0442
RANDOM_LP_06_SYNTHETIC_STU00357,RANDOM_LP_06_SYNTHETIC_0074
RANDOM_LP_06_SYNTHETIC_STU00357,RANDOM_LP_06_SYNTHETIC_0096
RANDOM_LP_06_SYNTHETIC_STU00357,RANDOM_LP_06_SYNTHETIC_0240
RANDOM_LP_06_SYNTHETIC_STU00357,RANDOM_LP_06_SYNTHETIC_0357
RANDOM_LP_06_SYNTHETIC_STU00358,RANDOM_LP_06_SYNTHETIC_0358
RANDOM_LP_06_SYNTHETIC_STU00358,RANDOM_LP_06_SYNTHETIC_0395
RANDOM_LP_06_SYNTHETIC_STU00359,RANDOM_LP_06_SYNTHETIC_0164
RANDOM_LP_06_SYNTHETIC_STU00359,RANDOM_LP_06_SYNTHETIC_0352
RANDOM_LP_06_SYNTHETIC_STU00359,RANDOM_LP_06_SYNTHETIC_0359
RANDOM_LP_06_SYNTHETIC_STU00360,RANDOM_LP_06_SYNTHETIC_0181
RANDOM_LP_06_SYNTHETIC_STU00360,RANDOM_LP_06_SYNTHETIC_0360
RANDOM_LP_06_SYNTHETIC_STU00360,RANDOM_LP_06_SYNTHETIC_0364
RANDOM_LP_06_SYNTHETIC_STU00361,RANDOM_LP_06_SYNTHETIC_0218
RANDOM_LP_06_SYNTHETIC_STU00361,RANDOM_LP_06_SYNTHETIC_0277
RANDOM_LP_06_SYNTHETIC_STU00361,RANDOM_LP_06_SYNTHETIC_0361
RANDOM_LP_06_SYNTHETIC_STU00361,RANDOM_LP_06_SYNTHETIC_0413
RANDOM_LP_06_SYNTHETIC_STU00362,RANDOM_LP_06_SYNTHETIC_0075
RANDOM_LP_06_SYNTHETIC_STU00362,RANDOM_LP_06_SYNTHETIC_0117
RANDOM_LP_06_SYNTHETIC_STU00362,RANDOM_LP_06_SYNTHETIC_0362
RANDOM_LP_06_SYNTHETIC_STU00363,RANDOM_LP_06_SYNTHETIC_0311
RANDOM_LP_06_SYNTHETIC_STU00363,RANDOM_LP_06_SYNTHETIC_0363
RANDOM_LP_06_SYNTHETIC_STU00363,RANDOM_LP_06_SYNTHETIC_0438
RANDOM_LP_06_SYNTHETIC_STU00364,RANDOM_LP_06_SYNTHETIC_0108
RANDOM_LP_06_SYNTHETIC_STU00364,RANDOM_LP_06_SYNTHETIC_0231
RANDOM_LP_06_SYNTHETIC_STU00364,RANDOM_LP_06_SYNTHETIC_0364
RANDOM_LP_06_SYNTHETIC_STU00364,RANDOM_LP_06_SYNTHETIC_0376
RANDOM_LP_06_SYNTHETIC_STU00365,RANDOM_LP_06_SYNTHETIC_0040
RANDOM_LP_06_SYNTHETIC_STU00365,RANDOM_LP_06_SYNTHETIC_0078
RANDOM_LP_06_SYNTHETIC_STU00365,RANDOM_LP_06_SYNTHETIC_0240
RANDOM_LP_06_SYNTHETIC_STU00365,RANDOM_LP_06_SYNTHETIC_0365
RANDOM_LP_06_SYNTHETIC_STU00366,RANDOM_LP_06_SYNTHETIC_0075
RANDOM_LP_06_SYNTHETIC_STU00366,RANDOM_LP_06_SYNTHETIC_0257
RANDOM_LP_06_SYNTHETIC_STU00366,RANDOM_LP_06_SYNTHETIC_0366
RANDOM_LP_06_SYNTHETIC_STU00367,RANDOM_LP_06_SYNTHETIC_0042
RANDOM_LP_06_SYNTHETIC_STU00367,RANDOM_LP_06_SYNTHETIC_0075
RANDOM_LP_06_SYNTHETIC_STU00367,RANDOM_LP_06_SYNTHETIC_0290
RANDOM_LP_06_SYNTHETIC_STU00367,RANDOM_LP_06_SYNTHETIC_0367
RANDOM_LP_06_SYNTHETIC_STU00367,RANDOM_LP_06_SYNTHETIC_0494
RANDOM_LP_06_SYNTHETIC_STU00368,RANDOM_LP_06_SYNTHETIC_0329
RANDOM_LP_06_SYNTHETIC_STU00368,RANDOM_LP_06_SYNTHETIC_0368
RANDOM_LP_06_SYNTHETIC_STU00369,RANDOM_LP_06_SYNTHETIC_0242
RANDOM_LP_06_SYNTHETIC_STU00369,RANDOM_LP_06_SYNTHETIC_0268
RANDOM_LP_06_SYNTHETIC_STU00369,RANDOM_LP_06_SYNTHETIC_0281
RANDOM_LP_06_SYNTHETIC_STU00369,RANDOM_LP_06_SYNTHETIC_0369
RANDOM_LP_06_SYNTHETIC_STU00369,RANDOM_LP_06_SYNTHETIC_0414
RANDOM_LP_06_SYNTHETIC_STU00370,RANDOM_LP_06_SYNTHETIC_0028
RANDOM_LP_06_SYNTHETIC_STU00370,RANDOM_LP_06_SYNTHETIC_0040
RANDOM_LP_06_SYNTHETIC_STU00370,RANDOM_LP_06_SYNTHETIC_0074
RANDOM_LP_06_SYNTHETIC_STU00370,RANDOM_LP_06_SYNTHETIC_0370
RANDOM_LP_06_SYNTHETIC_STU00370,RANDOM_LP_06_SYNTHETIC_0396
RANDOM_LP_06_SYNTHETIC_STU00371,RANDOM_LP_06_SYNTHETIC_0113
RANDOM_LP_06_SYNTHETIC_STU00371,RANDOM_LP_06_SYNTHETIC_0371
RANDOM_LP_06_SYNTHETIC_STU00371,RANDOM_LP_06_SYNTHETIC_0449
RANDOM_LP_06_SYNTHETIC_STU00372,RANDOM_LP_06_SYNTHETIC_0283
RANDOM_LP_06_SYNTHETIC_STU00372,RANDOM_LP_06_SYNTHETIC_0372
RANDOM_LP_06_SYNTHETIC_STU00373,RANDOM_LP_06_SYNTHETIC_0167
RANDOM_LP_06_SYNTHETIC_STU00373,RANDOM_LP_06_SYNTHETIC_0373
RANDOM_LP_06_SYNTHETIC_STU00373,RANDOM_LP_06_SYNTHETIC_0443
RANDOM_LP_06_SYNTHETIC_STU00373,RANDOM_LP_06_SYNTHETIC_0449
RANDOM_LP_06_SYNTHETIC_STU00373,RANDOM_LP_06_SYNTHETIC_0485
RANDOM_LP_06_SYNTHETIC_STU00373,RANDOM_LP_06_SYNTHETIC_0498
RANDOM_LP_06_SYNTHETIC_STU00374,RANDOM_LP_06_SYNTHETIC_0073
RANDOM_LP_06_SYNTHETIC_STU00374,RANDOM_LP_06_SYNTHETIC_0374
RANDOM_LP_06_SYNTHETIC_STU00374,RANDOM_LP_06_SYNTHETIC_0410
RANDOM_LP_06_SYNTHETIC_STU00375,RANDOM_LP_06_SYNTHETIC_0042
RANDOM_LP_06_SYNTHETIC_STU00375,RANDOM_LP_06_SYNTHETIC_0235
RANDOM_LP_06_SYNTHETIC_STU00375,RANDOM_LP_06_SYNTHETIC_0375
RANDOM_LP_06_SYNTHETIC_STU00375,RANDOM_LP_06_SYNTHETIC_0382
RANDOM_LP_06_SYNTHETIC_STU00376,RANDOM_LP_06_SYNTHETIC_0028
RANDOM_LP_06_SYNTHETIC_STU00376,RANDOM_LP_06_SYNTHETIC_0330
RANDOM_LP_06_SYNTHETIC_STU00376,RANDOM_LP_06_SYNTHETIC_0376
RANDOM_LP_06_SYNTHETIC_STU00376,RANDOM_LP_06_SYNTHETIC_0454
RANDOM_LP_06_SYNTHETIC_STU00377,RANDOM_LP_06_SYNTHETIC_0073
RANDOM_LP_06_SYNTHETIC_STU00377,RANDOM_LP_06_SYNTHETIC_0377
RANDOM_LP_06_SYNTHETIC_STU00378,RANDOM_LP_06_SYNTHETIC_0006
RANDOM_LP_06_SYNTHETIC_STU00378,RANDOM_LP_06_SYNTHETIC_0135
RANDOM_LP_06_SYNTHETIC_STU00378,RANDOM_LP_06_SYNTHETIC_0216
RANDOM_LP_06_SYNTHETIC_STU00378,RANDOM_LP_06_SYNTHETIC_0378
RANDOM_LP_06_SYNTHETIC_STU00378,RANDOM_LP_06_SYNTHETIC_0475
RANDOM_LP_06_SYNTHETIC_STU00379,RANDOM_LP_06_SYNTHETIC_0379
RANDOM_LP_06_SYNTHETIC_STU00379,RANDOM_LP_06_SYNTHETIC_0408
RANDOM_LP_06_SYNTHETIC_STU00379,RANDOM_LP_06_SYNTHETIC_0446
RANDOM_LP_06_SYNTHETIC_STU00379,RANDOM_LP_06_SYNTHETIC_0479
RANDOM_LP_06_SYNTHETIC_STU00380,RANDOM_LP_06_SYNTHETIC_0029
RANDOM_LP_06_SYNTHETIC_STU00380,RANDOM_LP_06_SYNTHETIC_0380
RANDOM_LP_06_SYNTHETIC_STU00380,RANDOM_LP_06_SYNTHETIC_0492
RANDOM_LP_06_SYNTHETIC_STU00381,RANDOM_LP_06_SYNTHETIC_0361
RANDOM_LP_06_SYNTHETIC_STU00381,RANDOM_LP_06_SYNTHETIC_0381
RANDOM_LP_06_SYNTHETIC_STU00381,RANDOM_LP_06_SYNTHETIC_0416
RANDOM_LP_06_SYNTHETIC_STU00382,RANDOM_LP_06_SYNTHETIC_0248
RANDOM_LP_06_SYNTHETIC_STU00382,RANDOM_LP_06_SYNTHETIC_0382
RANDOM_LP_06_SYNTHETIC_STU00383,RANDOM_LP_06_SYNTHETIC_0376
RANDOM_LP_06_SYNTHETIC_STU00383,RANDOM_LP_06_SYNTHETIC_0383
RANDOM_LP_06_SYNTHETIC_STU00383,RANDOM_LP_06_SYNTHETIC_0431
RANDOM_LP_06_SYNTHETIC_STU00384,RANDOM_LP_06_SYNTHETIC_0069
RANDOM_LP_06_SYNTHETIC_STU00384,RANDOM_LP_06_SYNTHETIC_0384
RANDOM_LP_06_SYNTHETIC_STU00385,RANDOM_LP_06_SYNTHETIC_0385
RANDOM_LP_06_SYNTHETIC_STU00386,RANDOM_LP_06_SYNTHETIC_0100
RANDOM_LP_06_SYNTHETIC_STU00386,RANDOM_LP_06_SYNTHETIC_0386
RANDOM_LP_06_SYNTHETIC_STU00387,RANDOM_LP_06_SYNTHETIC_0028
RANDOM_LP_06_SYNTHETIC_STU00387,RANDOM_LP_06_SYNTHETIC_0386
RANDOM_LP_06_SYNTHETIC_STU00387,RANDOM_LP_06_SYNTHETIC_0387
RANDOM_LP_06_SYNTHETIC_STU00387,RANDOM_LP_06_SYNTHETIC_0409
RANDOM_LP_06_SYNTHETIC_STU00388,RANDOM_LP_06_SYNTHETIC_0013
RANDOM_LP_06_SYNTHETIC_STU00388,RANDOM_LP_06_SYNTHETIC_0388
RANDOM_LP_06_SYNTHETIC_STU00388,RANDOM_LP_06_SYNTHETIC_0489
RANDOM_LP_06_SYNTHETIC_STU00389,RANDOM_LP_06_SYNTHETIC_0029
RANDOM_LP_06_SYNTHETIC_STU00389,RANDOM_LP_06_SYNTHETIC_0079
RANDOM_LP_06_SYNTHETIC_STU00389,RANDOM_LP_06_SYNTHETIC_0171
RANDOM_LP_06_SYNTHETIC_STU00389,RANDOM_LP_06_SYNTHETIC_0351
RANDOM_LP_06_SYNTHETIC_STU00389,RANDOM_LP_06_SYNTHETIC_0376
RANDOM_LP_06_SYNTHETIC_STU00389,RANDOM_LP_06_SYNTHETIC_0389
RANDOM_LP_06_SYNTHETIC_STU00389,RANDOM_LP_06_SYNTHETIC_0396
RANDOM_LP_06_SYNTHETIC_STU00390,RANDOM_LP_06_SYNTHETIC_0119
RANDOM_LP_06_SYNTHETIC_STU00390,RANDOM_LP_06_SYNTHETIC_0390
RANDOM_LP_06_SYNTHETIC_STU00391,RANDOM_LP_06_SYNTHETIC_0176
RANDOM_LP_06_SYNTHETIC_STU00391,RANDOM_LP_06_SYNTHETIC_0391
RANDOM_LP_06_SYNTHETIC_STU00391,RANDOM_LP_06_SYNTHETIC_0409
RANDOM_LP_06_SYNTHETIC_STU00392,RANDOM_LP_06_SYNTHETIC_0172
RANDOM_LP_06_SYNTHETIC_STU00392,RANDOM_LP_06_SYNTHETIC_0248
RANDOM_LP_06_SYNTHETIC_STU00392,RANDOM_LP_06_SYNTHETIC_0271
RANDOM_LP_06_SYNTHETIC_STU00392,RANDOM_LP_06_SYNTHETIC_0370
RANDOM_LP_06_SYNTHETIC_STU00392,RANDOM_LP_06_SYNTHETIC_0392
RANDOM_LP_06_SYNTHETIC_STU00393,RANDOM_LP_06_SYNTHETIC_0025
RANDOM_LP_06_SYNTHETIC_STU00393,RANDOM_LP_06_SYNTHETIC_0393
RANDOM_LP_06_SYNTHETIC_STU00393,RANDOM_LP_06_SYNTHETIC_0418
RANDOM_LP_06_SYNTHETIC_STU00393,RANDOM_LP_06_SYNTHETIC_0474
RANDOM_LP_06_SYNTHETIC_STU00394,RANDOM_LP_06_SYNTHETIC_0039
RANDOM_LP_06_SYNTHETIC_STU00394,RANDOM_LP_06_SYNTHETIC_0175
RANDOM_LP_06_SYNTHETIC_STU00394,RANDOM_LP_06_SYNTHETIC_0309
RANDOM_LP_06_SYNTHETIC_STU00394,RANDOM_LP_06_SYNTHETIC_0394
RANDOM_LP_06_SYNTHETIC_STU00395,RANDOM_LP_06_SYNTHETIC_0049
RANDOM_LP_06_SYNTHETIC_STU00395,RANDOM_LP_06_SYNTHETIC_0395
RANDOM_LP_06_SYNTHETIC_STU00396,RANDOM_LP_06_SYNTHETIC_0396
RANDOM_LP_06_SYNTHETIC_STU00397,RANDOM_LP_06_SYNTHETIC_0007
RANDOM_LP_06_SYNTHETIC_STU00397,RANDOM_LP_06_SYNTHETIC_0102
RANDOM_LP_06_SYNTHETIC_STU00397,RANDOM_LP_06_SYNTHETIC_0122
RANDOM_LP_06_SYNTHETIC_STU00397,RANDOM_LP_06_SYNTHETIC_0397
RANDOM_LP_06_SYNTHETIC_STU00397,RANDOM_LP_06_SYNTHETIC_0432
RANDOM_LP_06_SYNTHETIC_STU00397,RANDOM_LP_06_SYNTHETIC_0453
RANDOM_LP_06_SYNTHETIC_STU00398,RANDOM_LP_06_SYNTHETIC_0398
RANDOM_LP_06_SYNTHETIC_STU00399,RANDOM_LP_06_SYNTHETIC_0218
RANDOM_LP_06_SYNTHETIC_STU00399,RANDOM_LP_06_SYNTHETIC_0399
RANDOM_LP_06_SYNTHETIC_STU00399,RANDOM_LP_06_SYNTHETIC_0496
RANDOM_LP_06_SYNTHETIC_STU00400,RANDOM_LP_06_SYNTHETIC_0040
RANDOM_LP_06_SYNTHETIC_STU00400,RANDOM_LP_06_SYNTHETIC_0400
RANDOM_LP_06_SYNTHETIC_STU00401,RANDOM_LP_06_SYNTHETIC_0064
RANDOM_LP_06_SYNTHETIC_STU00401,RANDOM_LP_06_SYNTHETIC_0399
RANDOM_LP_06_SYNTHETIC_STU00401,RANDOM_LP_06_SYNTHETIC_0401
RANDOM_LP_06_SYNTHETIC_STU00402,RANDOM_LP_06_SYNTHETIC_0148
RANDOM_LP_06_SYNTHETIC_STU00402,RANDOM_LP_06_SYNTHETIC_0229
RANDOM_LP_06_SYNTHETIC_STU00402,RANDOM_LP_06_SYNTHETIC_0402
RANDOM_LP_06_SYNTHETIC_STU00403,RANDOM_LP_06_SYNTHETIC_0034
RANDOM_LP_06_SYNTHETIC_STU00403,RANDOM_LP_06_SYNTHETIC_0182
RANDOM_LP_06_SYNTHETIC_STU00403,RANDOM_LP_06_SYNTHETIC_0403
RANDOM_LP_06_SYNTHETIC_STU00403,RANDOM_LP_06_SYNTHETIC_0476
RANDOM_LP_06_SYNTHETIC_STU00404,RANDOM_LP_06_SYNTHETIC_0067
RANDOM_LP_06_SYNTHETIC_STU00404,RANDOM_LP_06_SYNTHETIC_0195
RANDOM_LP_06_SYNTHETIC_STU00404,RANDOM_LP_06_SYNTHETIC_0269
RANDOM_LP_06_SYNTHETIC_STU00404,RANDOM_LP_06_SYNTHETIC_0404
RANDOM_LP_06_SYNTHETIC_STU00404,RANDOM_LP_06_SYNTHETIC_0488
RANDOM_LP_06_SYNTHETIC_STU00405,RANDOM_LP_06_SYNTHETIC_0240
RANDOM_LP_06_SYNTHETIC_STU00405,RANDOM_LP_06_SYNTHETIC_0398
RANDOM_LP_06_SYNTHETIC_STU00405,RANDOM_LP_06_SYNTHETIC_0405
RANDOM_LP_06_SYNTHETIC_STU00405,RANDOM_LP_06_SYNTHETIC_0435
RANDOM_LP_06_SYNTHETIC_STU00406,RANDOM_LP_06_SYNTHETIC_0186
RANDOM_LP_06_SYNTHETIC_STU00406,RANDOM_LP_06_SYNTHETIC_0406
RANDOM_LP_06_SYNTHETIC_STU00407,RANDOM_LP_06_SYNTHETIC_0124
RANDOM_LP_06_SYNTHETIC_STU00407,RANDOM_LP_06_SYNTHETIC_0407
RANDOM_LP_06_SYNTHETIC_STU00408,RANDOM_LP_06_SYNTHETIC_0028
RANDOM_LP_06_SYNTHETIC_STU00408,RANDOM_LP_06_SYNTHETIC_0252
RANDOM_LP_06_SYNTHETIC_STU00408,RANDOM_LP_06_SYNTHETIC_0321
RANDOM_LP_06_SYNTHETIC_STU00408,RANDOM_LP_06_SYNTHETIC_0408
RANDOM_LP_06_SYNTHETIC_STU00409,RANDOM_LP_06_SYNTHETIC_0409
RANDOM_LP_06_SYNTHETIC_STU00409,RANDOM_LP_06_SYNTHETIC_0423
RANDOM_LP_06_SYNTHETIC_STU00410,RANDOM_LP_06_SYNTHETIC_0164
RANDOM_LP_06_SYNTHETIC_STU00410,RANDOM_LP_06_SYNTHETIC_0410
RANDOM_LP_06_SYNTHETIC_STU00411,RANDOM_LP_06_SYNTHETIC_0156
RANDOM_LP_06_SYNTHETIC_STU00411,RANDOM_LP_06_SYNTHETIC_0396
RANDOM_LP_06_SYNTHETIC_STU00411,RANDOM_LP_06_SYNTHETIC_0411
RANDOM_LP_06_SYNTHETIC_STU00411,RANDOM_LP_06_SYNTHETIC_0428
RANDOM_LP_06_SYNTHETIC_STU00412,RANDOM_LP_06_SYNTHETIC_0008
RANDOM_LP_06_SYNTHETIC_STU00412,RANDOM_LP_06_SYNTHETIC_0203
RANDOM_LP_06_SYNTHETIC_STU00412,RANDOM_LP_06_SYNTHETIC_0412
RANDOM_LP_06_SYNTHETIC_STU00413,RANDOM_LP_06_SYNTHETIC_0028
RANDOM_LP_06_SYNTHETIC_STU00413,RANDOM_LP_06_SYNTHETIC_0120
RANDOM_LP_06_SYNTHETIC_STU00413,RANDOM_LP_06_SYNTHETIC_0403
RANDOM_LP_06_SYNTHETIC_STU00413,RANDOM_LP_06_SYNTHETIC_0404
RANDOM_LP_06_SYNTHETIC_STU00413,RANDOM_LP_06_SYNTHETIC_0413
RANDOM_LP_06_SYNTHETIC_STU00413,RANDOM_LP_06_SYNTHETIC_0438
RANDOM_LP_06_SYNTHETIC_STU00414,RANDOM_LP_06_SYNTHETIC_0414
RANDOM_LP_06_SYNTHETIC_STU00414,RANDOM_LP_06_SYNTHETIC_0465
RANDOM_LP_06_SYNTHETIC_STU00415,RANDOM_LP_06_SYNTHETIC_0323
RANDOM_LP_06_SYNTHETIC_STU00415,RANDOM_LP_06_SYNTHETIC_0415
RANDOM_LP_06_SYNTHETIC_STU00416,RANDOM_LP_06_SYNTHETIC_0416
RANDOM_LP_06_SYNTHETIC_STU00416,RANDOM_LP_06_SYNTHETIC_0436
RANDOM_LP_06_SYNTHETIC_STU00417,RANDOM_LP_06_SYNTHETIC_0076
RANDOM_LP_06_SYNTHETIC_STU00417,RANDOM_LP_06_SYNTHETIC_0417
RANDOM_LP_06_SYNTHETIC_STU00417,RANDOM_LP_06_SYNTHETIC_0418
RANDOM_LP_06_SYNTHETIC_STU00418,RANDOM_LP_06_SYNTHETIC_0418
RANDOM_LP_06_SYNTHETIC_STU00419,RANDOM_LP_06_SYNTHETIC_0071
RANDOM_LP_06_SYNTHETIC_STU00419,RANDOM_LP_06_SYNTHETIC_0324
RANDOM_LP_06_SYNTHETIC_STU00419,RANDOM_LP_06_SYNTHETIC_0419
RANDOM_LP_06_SYNTHETIC_STU00420,RANDOM_LP_06_SYNTHETIC_0059
RANDOM_LP_06_SYNTHETIC_STU00420,RANDOM_LP_06_SYNTHETIC_0185
RANDOM_LP_06_SYNTHETIC_STU00420,RANDOM_LP_06_SYNTHETIC_0420
RANDOM_LP_06_SYNTHETIC_STU00420,RANDOM_LP_06_SYNTHETIC_0486
RANDOM_LP_06_SYNTHETIC_STU00421,RANDOM_LP_06_SYNTHETIC_0421
RANDOM_LP_06_SYNTHETIC_STU00421,RANDOM_LP_06_SYNTHETIC_0487
RANDOM_LP_06_SYNTHETIC_STU00422,RANDOM_LP_06_SYNTHETIC_0105
RANDOM_LP_06_SYNTHETIC_STU00422,RANDOM_LP_06_SYNTHETIC_0376
RANDOM_LP_06_SYNTHETIC_STU00422,RANDOM_LP_06_SYNTHETIC_0422
RANDOM_LP_06_SYNTHETIC_STU00423,RANDOM_LP_06_SYNTHETIC_0352
RANDOM_LP_06_SYNTHETIC_STU00423,RANDOM_LP_06_SYNTHETIC_0423
RANDOM_LP_06_SYNTHETIC_STU00424,RANDOM_LP_06_SYNTHETIC_0028
RANDOM_LP_06_SYNTHETIC_STU00424,RANDOM_LP_06_SYNTHETIC_0178
RANDOM_LP_06_SYNTHETIC_STU00424,RANDOM_LP_06_SYNTHETIC_0281
RANDOM_LP_06_SYNTHETIC_STU00424,RANDOM_LP_06_SYNTHETIC_0424
RANDOM_LP_06_SYNTHETIC_STU00425,RANDOM_LP_06_SYNTHETIC_0257
RANDOM_LP_06_SYNTHETIC_STU00425,RANDOM_LP_06_SYNTHETIC_0425
RANDOM_LP_06_SYNTHETIC_STU00426,RANDOM_LP_06_SYNTHETIC_0069
RANDOM_LP_06_SYNTHETIC_STU00426,RANDOM_LP_06_SYNTHETIC_0079
RANDOM_LP_06_SYNTHETIC_STU00426,RANDOM_LP_06_SYNTHETIC_0290
RANDOM_LP_06_SYNTHETIC_STU00426,RANDOM_LP_06_SYNTHETIC_0426
RANDOM_LP_06_SYNTHETIC_STU00427,RANDOM_LP_06_SYNTHETIC_0143
RANDOM_LP_06_SYNTHETIC_STU00427,RANDOM_LP_06_SYNTHETIC_0371
RANDOM_LP_06_SYNTHETIC_STU00427,RANDOM_LP_06_SYNTHETIC_0427
RANDOM_LP_06_SYNTHETIC_STU00428,RANDOM_LP_06_SYNTHETIC_0428
RANDOM_LP_06_SYNTHETIC_STU00429,RANDOM_LP_06_SYNTHETIC_0429
RANDOM_LP_06_SYNTHETIC_STU00430,RANDOM_LP_06_SYNTHETIC_0023
RANDOM_LP_06_SYNTHETIC_STU00430,RANDOM_LP_06_SYNTHETIC_0341
RANDOM_LP_06_SYNTHETIC_STU00430,RANDOM_LP_06_SYNTHETIC_0430
RANDOM_LP_06_SYNTHETIC_STU00431,RANDOM_LP_06_SYNTHETIC_0431
RANDOM_LP_06_SYNTHETIC_STU00432,RANDOM_LP_06_SYNTHETIC_0432
RANDOM_LP_06_SYNTHETIC_STU00433,RANDOM_LP_06_SYNTHETIC_0433
RANDOM_LP_06_SYNTHETIC_STU00434,RANDOM_LP_06_SYNTHETIC_0240
RANDOM_LP_06_SYNTHETIC_STU00434,RANDOM_LP_06_SYNTHETIC_0313
RANDOM_LP_06_SYNTHETIC_STU00434,RANDOM_LP_06_SYNTHETIC_0434
RANDOM_LP_06_SYNTHETIC_STU00435,RANDOM_LP_06_SYNTHETIC_0435
RANDOM_LP_06_SYNTHETIC_STU00436,RANDOM_LP_06_SYNTHETIC_0436
RANDOM_LP_06_SYNTHETIC_STU00437,RANDOM_LP_06_SYNTHETIC_0437
RANDOM_LP_06_SYNTHETIC_STU00438,RANDOM_LP_06_SYNTHETIC_0085
RANDOM_LP_06_SYNTHETIC_STU00438,RANDOM_LP_06_SYNTHETIC_0436
RANDOM_LP_06_SYNTHETIC_STU00438,RANDOM_LP_06_SYNTHETIC_0438
RANDOM_LP_06_SYNTHETIC_STU00439,RANDOM_LP_06_SYNTHETIC_0047
RANDOM_LP_06_SYNTHETIC_STU00439,RANDOM_LP_06_SYNTHETIC_0435
RANDOM_LP_06_SYNTHETIC_STU00439,RANDOM_LP_06_SYNTHETIC_0439
RANDOM_LP_06_SYNTHETIC_STU00440,RANDOM_LP_06_SYNTHETIC_0107
RANDOM_LP_06_SYNTHETIC_STU00440,RANDOM_LP_06_SYNTHETIC_0440
RANDOM_LP_06_SYNTHETIC_STU00441,RANDOM_LP_06_SYNTHETIC_0089
RANDOM_LP_06_SYNTHETIC_STU00441,RANDOM_LP_06_SYNTHETIC_0285
RANDOM_LP_06_SYNTHETIC_STU00441,RANDOM_LP_06_SYNTHETIC_0441
RANDOM_LP_06_SYNTHETIC_STU00442,RANDOM_LP_06_SYNTHETIC_0442
RANDOM_LP_06_SYNTHETIC_STU00443,RANDOM_LP_06_SYNTHETIC_0121
RANDOM_LP_06_SYNTHETIC_STU00443,RANDOM_LP_06_SYNTHETIC_0175
RANDOM_LP_06_SYNTHETIC_STU00443,RANDOM_LP_06_SYNTHETIC_0326
RANDOM_LP_06_SYNTHETIC_STU00443,RANDOM_LP_06_SYNTHETIC_0435
RANDOM_LP_06_SYNTHETIC_STU00443,RANDOM_LP_06_SYNTHETIC_0443
RANDOM_LP_06_SYNTHETIC_STU00444,RANDOM_LP_06_SYNTHETIC_0046
RANDOM_LP_06_SYNTHETIC_STU00444,RANDOM_LP_06_SYNTHETIC_0081
RANDOM_LP_06_SYNTHETIC_STU00444,RANDOM_LP_06_SYNTHETIC_0444
RANDOM_LP_06_SYNTHETIC_STU00445,RANDOM_LP_06_SYNTHETIC_0445
RANDOM_LP_06_SYNTHETIC_STU00446,RANDOM_LP_06_SYNTHETIC_0100
RANDOM_LP_06_SYNTHETIC_STU00446,RANDOM_LP_06_SYNTHETIC_0150
RANDOM_LP_06_SYNTHETIC_STU00446,RANDOM_LP_06_SYNTHETIC_0386
RANDOM_LP_06_SYNTHETIC_STU00446,RANDOM_LP_06_SYNTHETIC_0446
RANDOM_LP_06_SYNTHETIC_STU00447,RANDOM_LP_06_SYNTHETIC_0065
RANDOM_LP_06_SYNTHETIC_STU00447,RANDOM_LP_06_SYNTHETIC_0078
RANDOM_LP_06_SYNTHETIC_STU00447,RANDOM_LP_06_SYNTHETIC_0172
RANDOM_LP_06_SYNTHETIC_STU00447,RANDOM_LP_06_SYNTHETIC_0275
RANDOM_LP_06_SYNTHETIC_STU00447,RANDOM_LP_06_SYNTHETIC_0399
RANDOM_LP_06_SYNTHETIC_STU00447,RANDOM_LP_06_SYNTHETIC_0447
RANDOM_LP_06_SYNTHETIC_STU00447,RANDOM_LP_06_SYNTHETIC_0457
RANDOM_LP_06_SYNTHETIC_STU00448,RANDOM_LP_06_SYNTHETIC_0074
RANDOM_LP_06_SYNTHETIC_STU00448,RANDOM_LP_06_SYNTHETIC_0207
RANDOM_LP_06_SYNTHETIC_STU00448,RANDOM_LP_06_SYNTHETIC_0448
RANDOM_LP_06_SYNTHETIC_STU00449,RANDOM_LP_06_SYNTHETIC_0114
RANDOM_LP_06_SYNTHETIC_STU00449,RANDOM_LP_06_SYNTHETIC_0382
RANDOM_LP_06_SYNTHETIC_STU00449,RANDOM_LP_06_SYNTHETIC_0409
RANDOM_LP_06_SYNTHETIC_STU00449,RANDOM_LP_06_SYNTHETIC_0449
RANDOM_LP_06_SYNTHETIC_STU00450,RANDOM_LP_06_SYNTHETIC_0450
RANDOM_LP_06_SYNTHETIC_STU00451,RANDOM_LP_06_SYNTHETIC_0158
RANDOM_LP_06_SYNTHETIC_STU00451,RANDOM_LP_06_SYNTHETIC_0281
RANDOM_LP_06_SYNTHETIC_STU00451,RANDOM_LP_06_SYNTHETIC_0340
RANDOM_LP_06_SYNTHETIC_STU00451,RANDOM_LP_06_SYNTHETIC_0451
RANDOM_LP_06_SYNTHETIC_STU00452,RANDOM_LP_06_SYNTHETIC_0033
RANDOM_LP_06_SYNTHETIC_STU00452,RANDOM_LP_06_SYNTHETIC_0452
RANDOM_LP_06_SYNTHETIC_STU00452,RANDOM_LP_06_SYNTHETIC_0458
RANDOM_LP_06_SYNTHETIC_STU00453,RANDOM_LP_06_SYNTHETIC_0032
RANDOM_LP_06_SYNTHETIC_STU00453,RANDOM_LP_06_SYNTHETIC_0161
RANDOM_LP_06_SYNTHETIC_STU00453,RANDOM_LP_06_SYNTHETIC_0178
RANDOM_LP_06_SYNTHETIC_STU00453,RANDOM_LP_06_SYNTHETIC_0329
RANDOM_LP_06_SYNTHETIC_STU00453,RANDOM_LP_06_SYNTHETIC_0453
RANDOM_LP_06_SYNTHETIC_STU00453,RANDOM_LP_06_SYNTHETIC_0496
RANDOM_LP_06_SYNTHETIC_STU00454,RANDOM_LP_06_SYNTHETIC_0140
RANDOM_LP_06_SYNTHETIC_STU00454,RANDOM_LP_06_SYNTHETIC_0292
RANDOM_LP_06_SYNTHETIC_STU00454,RANDOM_LP_06_SYNTHETIC_0402
RANDOM_LP_06_SYNTHETIC_STU00454,RANDOM_LP_06_SYNTHETIC_0454
RANDOM_LP_06_SYNTHETIC_STU00455,RANDOM_LP_06_SYNTHETIC_0040
RANDOM_LP_06_SYNTHETIC_STU00455,RANDOM_LP_06_SYNTHETIC_0216
RANDOM_LP_06_SYNTHETIC_STU00455,RANDOM_LP_06_SYNTHETIC_0455
RANDOM_LP_06_SYNTHETIC_STU00456,RANDOM_LP_06_SYNTHETIC_0456
RANDOM_LP_06_SYNTHETIC_STU00457,RANDOM_LP_06_SYNTHETIC_0040
RANDOM_LP_06_SYNTHETIC_STU00457,RANDOM_LP_06_SYNTHETIC_0390
RANDOM_LP_06_SYNTHETIC_STU00457,RANDOM_LP_06_SYNTHETIC_0449
RANDOM_LP_06_SYNTHETIC_STU00457,RANDOM_LP_06_SYNTHETIC_0457
RANDOM_LP_06_SYNTHETIC_STU00457,RANDOM_LP_06_SYNTHETIC_0496
RANDOM_LP_06_SYNTHETIC_STU00458,RANDOM_LP_06_SYNTHETIC_0046
RANDOM_LP_06_SYNTHETIC_STU00458,RANDOM_LP_06_SYNTHETIC_0458
RANDOM_LP_06_SYNTHETIC_STU00459,RANDOM_LP_06_SYNTHETIC_0137
RANDOM_LP_06_SYNTHETIC_STU00459,RANDOM_LP_06_SYNTHETIC_0301
RANDOM_LP_06_SYNTHETIC_STU00459,RANDOM_LP_06_SYNTHETIC_0327
RANDOM_LP_06_SYNTHETIC_STU00459,RANDOM_LP_06_SYNTHETIC_0459
RANDOM_LP_06_SYNTHETIC_STU00460,RANDOM_LP_06_SYNTHETIC_0178
RANDOM_LP_06_SYNTHETIC_STU00460,RANDOM_LP_06_SYNTHETIC_0184
RANDOM_LP_06_SYNTHETIC_STU00460,RANDOM_LP_06_SYNTHETIC_0319
RANDOM_LP_06_SYNTHETIC_STU00460,RANDOM_LP_06_SYNTHETIC_0435
RANDOM_LP_06_SYNTHETIC_STU00460,RANDOM_LP_06_SYNTHETIC_0460
RANDOM_LP_06_SYNTHETIC_STU00461,RANDOM_LP_06_SYNTHETIC_0028
RANDOM_LP_06_SYNTHETIC_STU00461,RANDOM_LP_06_SYNTHETIC_0200
RANDOM_LP_06_SYNTHETIC_STU00461,RANDOM_LP_06_SYNTHETIC_0449
RANDOM_LP_06_SYNTHETIC_STU00461,RANDOM_LP_06_SYNTHETIC_0461
RANDOM_LP_06_SYNTHETIC_STU00462,RANDOM_LP_06_SYNTHETIC_0194
RANDOM_LP_06_SYNTHETIC_STU00462,RANDOM_LP_06_SYNTHETIC_0462
RANDOM_LP_06_SYNTHETIC_STU00463,RANDOM_LP_06_SYNTHETIC_0319
RANDOM_LP_06_SYNTHETIC_STU00463,RANDOM_LP_06_SYNTHETIC_0463
RANDOM_LP_06_SYNTHETIC_STU00464,RANDOM_LP_06_SYNTHETIC_0189
RANDOM_LP_06_SYNTHETIC_STU00464,RANDOM_LP_06_SYNTHETIC_0464
RANDOM_LP_06_SYNTHETIC_STU00465,RANDOM_LP_06_SYNTHETIC_0313
RANDOM_LP_06_SYNTHETIC_STU00465,RANDOM_LP_06_SYNTHETIC_0345
RANDOM_LP_06_SYNTHETIC_STU00465,RANDOM_LP_06_SYNTHETIC_0465
RANDOM_LP_06_SYNTHETIC_STU00466,RANDOM_LP_06_SYNTHETIC_0135
RANDOM_LP_06_SYNTHETIC_STU00466,RANDOM_LP_06_SYNTHETIC_0162
RANDOM_LP_06_SYNTHETIC_STU00466,RANDOM_LP_06_SYNTHETIC_0466
RANDOM_LP_06_SYNTHETIC_STU00467,RANDOM_LP_06_SYNTHETIC_0068
RANDOM_LP_06_SYNTHETIC_STU00467,RANDOM_LP_06_SYNTHETIC_0410
RANDOM_LP_06_SYNTHETIC_STU00467,RANDOM_LP_06_SYNTHETIC_0467
RANDOM_LP_06_SYNTHETIC_STU00468,RANDOM_LP_06_SYNTHETIC_0037
RANDOM_LP_06_SYNTHETIC_STU00468,RANDOM_LP_06_SYNTHETIC_0040
RANDOM_LP_06_SYNTHETIC_STU00468,RANDOM_LP_06_SYNTHETIC_0137
RANDOM_LP_06_SYNTHETIC_STU00468,RANDOM_LP_06_SYNTHETIC_0468
RANDOM_LP_06_SYNTHETIC_STU00469,RANDOM_LP_06_SYNTHETIC_0079
RANDOM_LP_06_SYNTHETIC_STU00469,RANDOM_LP_06_SYNTHETIC_0380
RANDOM_LP_06_SYNTHETIC_STU00469,RANDOM_LP_06_SYNTHETIC_0458
RANDOM_LP_06_SYNTHETIC_STU00469,RANDOM_LP_06_SYNTHETIC_0469
RANDOM_LP_06_SYNTHETIC_STU00470,RANDOM_LP_06_SYNTHETIC_0294
RANDOM_LP_06_SYNTHETIC_STU00470,RANDOM_LP_06_SYNTHETIC_0422
RANDOM_LP_06_SYNTHETIC_STU00470,RANDOM_LP_06_SYNTHETIC_0470
RANDOM_LP_06_SYNTHETIC_STU00471,RANDOM_LP_06_SYNTHETIC_0248
RANDOM_LP_06_SYNTHETIC_STU00471,RANDOM_LP_06_SYNTHETIC_0471
RANDOM_LP_06_SYNTHETIC_STU00472,RANDOM_LP_06_SYNTHETIC_0256
RANDOM_LP_06_SYNTHETIC_STU00472,RANDOM_LP_06_SYNTHETIC_0472
RANDOM_LP_06_SYNTHETIC_STU00473,RANDOM_LP_06_SYNTHETIC_0020
RANDOM_LP_06_SYNTHETIC_STU00473,RANDOM_LP_06_SYNTHETIC_0047
RANDOM_LP_06_SYNTHETIC_STU00473,RANDOM_LP_06_SYNTHETIC_0178
RANDOM_LP_06_SYNTHETIC_STU00473,RANDOM_LP_06_SYNTHETIC_0473
RANDOM_LP_06_SYNTHETIC_STU00474,RANDOM_LP_06_SYNTHETIC_0227
RANDOM_LP_06_SYNTHETIC_STU00474,RANDOM_LP_06_SYNTHETIC_0267
RANDOM_LP_06_SYNTHETIC_STU00474,RANDOM_LP_06_SYNTHETIC_0338
RANDOM_LP_06_SYNTHETIC_STU00474,RANDOM_LP_06_SYNTHETIC_0399
RANDOM_LP_06_SYNTHETIC_STU00474,RANDOM_LP_06_SYNTHETIC_0406
RANDOM_LP_06_SYNTHETIC_STU00474,RANDOM_LP_06_SYNTHETIC_0409
RANDOM_LP_06_SYNTHETIC_STU00474,RANDOM_LP_06_SYNTHETIC_0474
RANDOM_LP_06_SYNTHETIC_STU00475,RANDOM_LP_06_SYNTHETIC_0167
RANDOM_LP_06_SYNTHETIC_STU00475,RANDOM_LP_06_SYNTHETIC_0285
RANDOM_LP_06_SYNTHETIC_STU00475,RANDOM_LP_06_SYNTHETIC_0286
RANDOM_LP_06_SYNTHETIC_STU00475,RANDOM_LP_06_SYNTHETIC_0475
RANDOM_LP_06_SYNTHETIC_STU00476,RANDOM_LP_06_SYNTHETIC_0022
RANDOM_LP_06_SYNTHETIC_STU00476,RANDOM_LP_06_SYNTHETIC_0476
RANDOM_LP_06_SYNTHETIC_STU00477,RANDOM_LP_06_SYNTHETIC_0137
RANDOM_LP_06_SYNTHETIC_STU00477,RANDOM_LP_06_SYNTHETIC_0205
RANDOM_LP_06_SYNTHETIC_STU00477,RANDOM_LP_06_SYNTHETIC_0477
RANDOM_LP_06_SYNTHETIC_STU00478,RANDOM_LP_06_SYNTHETIC_0478
RANDOM_LP_06_SYNTHETIC_STU00479,RANDOM_LP_06_SYNTHETIC_0074
RANDOM_LP_06_SYNTHETIC_STU00479,RANDOM_LP_06_SYNTHETIC_0079
RANDOM_LP_06_SYNTHETIC_STU00479,RANDOM_LP_06_SYNTHETIC_0261
RANDOM_LP_06_SYNTHETIC_STU00479,RANDOM_LP_06_SYNTHETIC_0331
RANDOM_LP_06_SYNTHETIC_STU00479,RANDOM_LP_06_SYNTHETIC_0361
RANDOM_LP_06_SYNTHETIC_STU00479,RANDOM_LP_06_SYNTHETIC_0423
RANDOM_LP_06_SYNTHETIC_STU00479,RANDOM_LP_06_SYNTHETIC_0479
RANDOM_LP_06_SYNTHETIC_STU00480,RANDOM_LP_06_SYNTHETIC_0008
RANDOM_LP_06_SYNTHETIC_STU00480,RANDOM_LP_06_SYNTHETIC_0380
RANDOM_LP_06_SYNTHETIC_STU00480,RANDOM_LP_06_SYNTHETIC_0458
RANDOM_LP_06_SYNTHETIC_STU00480,RANDOM_LP_06_SYNTHETIC_0480
RANDOM_LP_06_SYNTHETIC_STU00481,RANDOM_LP_06_SYNTHETIC_0206
RANDOM_LP_06_SYNTHETIC_STU00481,RANDOM_LP_06_SYNTHETIC_0481
RANDOM_LP_06_SYNTHETIC_STU00482,RANDOM_LP_06_SYNTHETIC_0033
RANDOM_LP_06_SYNTHETIC_STU00482,RANDOM_LP_06_SYNTHETIC_0482
RANDOM_LP_06_SYNTHETIC_STU00483,RANDOM_LP_06_SYNTHETIC_0483
RANDOM_LP_06_SYNTHETIC_STU00483,RANDOM_LP_06_SYNTHETIC_0498
RANDOM_LP_06_SYNTHETIC_STU00484,RANDOM_LP_06_SYNTHETIC_0484
RANDOM_LP_06_SYNTHETIC_STU00484,RANDOM_LP_06_SYNTHETIC_0491
RANDOM_LP_06_SYNTHETIC_STU00485,RANDOM_LP_06_SYNTHETIC_0010
RANDOM_LP_06_SYNTHETIC_STU00485,RANDOM_LP_06_SYNTHETIC_0157
RANDOM_LP_06_SYNTHETIC_STU00485,RANDOM_LP_06_SYNTHETIC_0322
RANDOM_LP_06_SYNTHETIC_STU00485,RANDOM_LP_06_SYNTHETIC_0485
RANDOM_LP_06_SYNTHETIC_STU00486,RANDOM_LP_06_SYNTHETIC_0268
RANDOM_LP_06_SYNTHETIC_STU00486,RANDOM_LP_06_SYNTHETIC_0320
RANDOM_LP_06_SYNTHETIC_STU00486,RANDOM_LP_06_SYNTHETIC_0486
RANDOM_LP_06_SYNTHETIC_STU00487,RANDOM_LP_06_SYNTHETIC_0002
RANDOM_LP_06_SYNTHETIC_STU00487,RANDOM_LP_06_SYNTHETIC_0117
RANDOM_LP_06_SYNTHETIC_STU00487,RANDOM_LP_06_SYNTHETIC_0176
RANDOM_LP_06_SYNTHETIC_STU00487,RANDOM_LP_06_SYNTHETIC_0261
RANDOM_LP_06_SYNTHETIC_STU00487,RANDOM_LP_06_SYNTHETIC_0487
RANDOM_LP_06_SYNTHETIC_STU00488,RANDOM_LP_06_SYNTHETIC_0371
RANDOM_LP_06_SYNTHETIC_STU00488,RANDOM_LP_06_SYNTHETIC_0488
RANDOM_LP_06_SYNTHETIC_STU00489,RANDOM_LP_06_SYNTHETIC_0057
RANDOM_LP_06_SYNTHETIC_STU00489,RANDOM_LP_06_SYNTHETIC_0259
RANDOM_LP_06_SYNTHETIC_STU00489,RANDOM_LP_06_SYNTHETIC_0489
RANDOM_LP_06_SYNTHETIC_STU00490,RANDOM_LP_06_SYNTHETIC_0490
RANDOM_LP_06_SYNTHETIC_STU00491,RANDOM_LP_06_SYNTHETIC_0100
RANDOM_LP_06_SYNTHETIC_STU00491,RANDOM_LP_06_SYNTHETIC_0264
RANDOM_LP_06_SYNTHETIC_STU00491,RANDOM_LP_06_SYNTHETIC_0423
RANDOM_LP_06_SYNTHETIC_STU00491,RANDOM_LP_06_SYNTHETIC_0491
RANDOM_LP_06_SYNTHETIC_STU00492,RANDOM_LP_06_SYNTHETIC_0066
RANDOM_LP_06_SYNTHETIC_STU00492,RANDOM_LP_06_SYNTHETIC_0146
RANDOM_LP_06_SYNTHETIC_STU00492,RANDOM_LP_06_SYNTHETIC_0244
RANDOM_LP_06_SYNTHETIC_STU00492,RANDOM_LP_06_SYNTHETIC_0492
RANDOM_LP_06_SYNTHETIC_STU00493,RANDOM_LP_06_SYNTHETIC_0196
RANDOM_LP_06_SYNTHETIC_STU00493,RANDOM_LP_06_SYNTHETIC_0493
RANDOM_LP_06_SYNTHETIC_STU00494,RANDOM_LP_06_SYNTHETIC_0079
RANDOM_LP_06_SYNTHETIC_STU00494,RANDOM_LP_06_SYNTHETIC_0423
RANDOM_LP_06_SYNTHETIC_STU00494,RANDOM_LP_06_SYNTHETIC_0463
RANDOM_LP_06_SYNTHETIC_STU00494,RANDOM_LP_06_SYNTHETIC_0494
RANDOM_LP_06_SYNTHETIC_STU00495,RANDOM_LP_06_SYNTHETIC_0327
RANDOM_LP_06_SYNTHETIC_STU00495,RANDOM_LP_06_SYNTHETIC_0423
RANDOM_LP_06_SYNTHETIC_STU00495,RANDOM_LP_06_SYNTHETIC_0463
RANDOM_LP_06_SYNTHETIC_STU00495,RANDOM_LP_06_SYNTHETIC_0495
RANDOM_LP_06_SYNTHETIC_STU00496,RANDOM_LP_06_SYNTHETIC_0024
RANDOM_LP_06_SYNTHETIC_STU00496,RANDOM_LP_06_SYNTHETIC_0496
RANDOM_LP_06_SYNTHETIC_STU00497,RANDOM_LP_06_SYNTHETIC_0040
RANDOM_LP_06_SYNTHETIC_STU00497,RANDOM_LP_06_SYNTHETIC_0319
RANDOM_LP_06_SYNTHETIC_STU00497,RANDOM_LP_06_SYNTHETIC_0389
RANDOM_LP_06_SYNTHETIC_STU00497,RANDOM_LP_06_SYNTHETIC_0497
RANDOM_LP_06_SYNTHETIC_STU00498,RANDOM_LP_06_SYNTHETIC_0043
RANDOM_LP_06_SYNTHETIC_STU00498,RANDOM_LP_06_SYNTHETIC_0331
RANDOM_LP_06_SYNTHETIC_STU00498,RANDOM_LP_06_SYNTHETIC_0498
RANDOM_LP_06_SYNTHETIC_STU00499,RANDOM_LP_06_SYNTHETIC_0070
RANDOM_LP_06_SYNTHETIC_STU00499,RANDOM_LP_06_SYNTHETIC_0347
RANDOM_LP_06_SYNTHETIC_STU00499,RANDOM_LP_06_SYNTHETIC_0463
RANDOM_LP_06_SYNTHETIC_STU00499,RANDOM_LP_06_SYNTHETIC_0499
RANDOM_LP_06_SYNTHETIC_STU00500,RANDOM_LP_06_SYNTHETIC_0314
RANDOM_LP_06_SYNTHETIC_STU00500,RANDOM_LP_06_SYNTHETIC_0500
RANDOM_LP_06_SYNTHETIC_STU00501,RANDOM_LP_06_SYNTHETIC_0050
RANDOM_LP_06_SYNTHETIC_STU00501,RANDOM_LP_06_SYNTHETIC_0210
RANDOM_LP_06_SYNTHETIC_STU00501,RANDOM_LP_06_SYNTHETIC_0435
RANDOM_LP_06_SYNTHETIC_STU00501,RANDOM_LP_06_SYNTHETIC_0492
RANDOM_LP_06_SYNTHETIC_STU00502,RANDOM_LP_06_SYNTHETIC_0214
RANDOM_LP_06_SYNTHETIC_STU00502,RANDOM_LP_06_SYNTHETIC_0418
RANDOM_LP_06_SYNTHETIC_STU00503,RANDOM_LP_06_SYNTHETIC_0167
RANDOM_LP_06_SYNTHETIC_STU00503,RANDOM_LP_06_SYNTHETIC_0376
RANDOM_LP_06_SYNTHETIC_STU00503,RANDOM_LP_06_SYNTHETIC_0397
RANDOM_LP_06_SYNTHETIC_STU00503,RANDOM_LP_06_SYNTHETIC_0460
RANDOM_LP_06_SYNTHETIC_STU00504,RANDOM_LP_06_SYNTHETIC_0238
RANDOM_LP_06_SYNTHETIC_STU00504,RANDOM_LP_06_SYNTHETIC_0275
RANDOM_LP_06_SYNTHETIC_STU00505,RANDOM_LP_06_SYNTHETIC_0096
RANDOM_LP_06_SYNTHETIC_STU00505,RANDOM_LP_06_SYNTHETIC_0358
RANDOM_LP_06_SYNTHETIC_STU00505,RANDOM_LP_06_SYNTHETIC_0364
RANDOM_LP_06_SYNTHETIC_STU00505,RANDOM_LP_06_SYNTHETIC_0393
RANDOM_LP_06_SYNTHETIC_STU00505,RANDOM_LP_06_SYNTHETIC_0478
RANDOM_LP_06_SYNTHETIC_STU00506,RANDOM_LP_06_SYNTHETIC_0485
RANDOM_LP_06_SYNTHETIC_STU00507,RANDOM_LP_06_SYNTHETIC_0127
RANDOM_LP_06_SYNTHETIC_STU00508,RANDOM_LP_06_SYNTHETIC_0178
RANDOM_LP_06_SYNTHETIC_STU00508,RANDOM_LP_06_SYNTHETIC_0260
RANDOM_LP_06_SYNTHETIC_STU00509,RANDOM_LP_06_SYNTHETIC_0125
RANDOM_LP_06_SYNTHETIC_STU00509,RANDOM_LP_06_SYNTHETIC_0232
RANDOM_LP_06_SYNTHETIC_STU00509,RANDOM_LP_06_SYNTHETIC_0244
RANDOM_LP_06_SYNTHETIC_STU00509,RANDOM_LP_06_SYNTHETIC_0369
RANDOM_LP_06_SYNTHETIC_STU00510,RANDOM_LP_06_SYNTHETIC_0015
RANDOM_LP_06_SYNTHETIC_STU00510,RANDOM_LP_06_SYNTHETIC_0122
RANDOM_LP_06_SYNTHETIC_STU00510,RANDOM_LP_06_SYNTHETIC_0337
RANDOM_LP_06_SYNTHETIC_STU00511,RANDOM_LP_06_SYNTHETIC_0234
RANDOM_LP_06_SYNTHETIC_STU00511,RANDOM_LP_06_SYNTHETIC_0478
RANDOM_LP_06_SYNTHETIC_STU00512,RANDOM_LP_06_SYNTHETIC_0162
RANDOM_LP_06_SYNTHETIC_STU00512,RANDOM_LP_06_SYNTHETIC_0449
RANDOM_LP_06_SYNTHETIC_STU00513,RANDOM_LP_06_SYNTHETIC_0200
RANDOM_LP_06_SYNTHETIC_STU00513,RANDOM_LP_06_SYNTHETIC_0248
RANDOM_LP_06_SYNTHETIC_STU00513,RANDOM_LP_06_SYNTHETIC_0363
RANDOM_LP_06_SYNTHETIC_STU00513,RANDOM_LP_06_SYNTHETIC_0422
RANDOM_LP_06_SYNTHETIC_STU00514,RANDOM_LP_06_SYNTHETIC_0341
RANDOM_LP_06_SYNTHETIC_STU00515,RANDOM_LP_06_SYNTHETIC_0059
RANDOM_LP_06_SYNTHETIC_STU00515,RANDOM_LP_06_SYNTHETIC_0376
RANDOM_LP_06_SYNTHETIC_STU00515,RANDOM_LP_06_SYNTHETIC_0389
RANDOM_LP_06_SYNTHETIC_STU00515,RANDOM_LP_06_SYNTHETIC_0398
RANDOM_LP_06_SYNTHETIC_STU00516,RANDOM_LP_06_SYNTHETIC_0137
RANDOM_LP_06_SYNTHETIC_STU00516,RANDOM_LP_06_SYNTHETIC_0175
RANDOM_LP_06_SYNTHETIC_STU00516,RANDOM_LP_06_SYNTHETIC_0187
RANDOM_LP_06_SYNTHETIC_STU00516,RANDOM_LP_06_SYNTHETIC_0218
RANDOM_LP_06_SYNTHETIC_STU00516,RANDOM_LP_06_SYNTHETIC_0396
RANDOM_LP_06_SYNTHETIC_STU00517,RANDOM_LP_06_SYNTHETIC_0178
RANDOM_LP_06_SYNTHETIC_STU00518,RANDOM_LP_06_SYNTHETIC_0163
RANDOM_LP_06_SYNTHETIC_STU00518,RANDOM_LP_06_SYNTHETIC_0175
RANDOM_LP_06_SYNTHETIC_STU00518,RANDOM_LP_06_SYNTHETIC_0275
RANDOM_LP_06_SYNTHETIC_STU00518,RANDOM_LP_06_SYNTHETIC_0470
RANDOM_LP_06_SYNTHETIC_STU00519,RANDOM_LP_06_SYNTHETIC_0018
RANDOM_LP_06_SYNTHETIC_STU00519,RANDOM_LP_06_SYNTHETIC_0377
RANDOM_LP_06_SYNTHETIC_STU00520,RANDOM_LP_06_SYNTHETIC_0040
RANDOM_LP_06_SYNTHETIC_STU00520,RANDOM_LP_06_SYNTHETIC_0113
RANDOM_LP_06_SYNTHETIC_STU00520,RANDOM_LP_06_SYNTHETIC_0165
RANDOM_LP_06_SYNTHETIC_STU00520,RANDOM_LP_06_SYNTHETIC_0169
RANDOM_LP_06_SYNTHETIC_STU00520,RANDOM_LP_06_SYNTHETIC_0264
RANDOM_LP_06_SYNTHETIC_STU00520,RANDOM_LP_06_SYNTHETIC_0372
RANDOM_LP_06_SYNTHETIC_STU00521,RANDOM_LP_06_SYNTHETIC_0043
RANDOM_LP_06_SYNTHETIC_STU00521,RANDOM_LP_06_SYNTHETIC_0065
RANDOM_LP_06_SYNTHETIC_STU00521,RANDOM_LP_06_SYNTHETIC_0266
RANDOM_LP_06_SYNTHETIC_STU00522,RANDOM_LP_06_SYNTHETIC_0061
RANDOM_LP_06_SYNTHETIC_STU00522,RANDOM_LP_06_SYNTHETIC_0102
RANDOM_LP_06_SYNTHETIC_STU00522,RANDOM_LP_06_SYNTHETIC_0315
RANDOM_LP_06_SYNTHETIC_STU00523,RANDOM_LP_06_SYNTHETIC_0127
RANDOM_LP_06_SYNTHETIC_STU00523,RANDOM_LP_06_SYNTHETIC_0206
RANDOM_LP_06_SYNTHETIC_STU00524,RANDOM_LP_06_SYNTHETIC_0135
RANDOM_LP_06_SYNTHETIC_STU00524,RANDOM_LP_06_SYNTHETIC_0184
RANDOM_LP_06_SYNTHETIC_STU00524,RANDOM_LP_06_SYNTHETIC_0313
RANDOM_LP_06_SYNTHETIC_STU00524,RANDOM_LP_06_SYNTHETIC_0413
RANDOM_LP_06_SYNTHETIC_STU00525,RANDOM_LP_06_SYNTHETIC_0146
RANDOM_LP_06_SYNTHETIC_STU00525,RANDOM_LP_06_SYNTHETIC_0440
RANDOM_LP_06_SYNTHETIC_STU00526,RANDOM_LP_06_SYNTHETIC_0263
RANDOM_LP_06_SYNTHETIC_STU00526,RANDOM_LP_06_SYNTHETIC_0341
RANDOM_LP_06_SYNTHETIC_STU00527,RANDOM_LP_06_SYNTHETIC_0165
RANDOM_LP_06_SYNTHETIC_STU00527,RANDOM_LP_06_SYNTHETIC_0264
RANDOM_LP_06_SYNTHETIC_STU00527,RANDOM_LP_06_SYNTHETIC_0375
RANDOM_LP_06_SYNTHETIC_STU00528,RANDOM_LP_06_SYNTHETIC_0022
RANDOM_LP_06_SYNTHETIC_STU00528,RANDOM_LP_06_SYNTHETIC_0179
RANDOM_LP_06_SYNTHETIC_STU00528,RANDOM_LP_06_SYNTHETIC_0296
RANDOM_LP_06_SYNTHETIC_STU00528,RANDOM_LP_06_SYNTHETIC_0361
RANDOM_LP_06_SYNTHETIC_STU00529,RANDOM_LP_06_SYNTHETIC_0093
RANDOM_LP_06_SYNTHETIC_STU00529,RANDOM_LP_06_SYNTHETIC_0172
RANDOM_LP_06_SYNTHETIC_STU00529,RANDOM_LP_06_SYNTHETIC_0194
RANDOM_LP_06_SYNTHETIC_STU00530,RANDOM_LP_06_SYNTHETIC_0064
RANDOM_LP_06_SYNTHETIC_STU00530,RANDOM_LP_06_SYNTHETIC_0272
RANDOM_LP_06_SYNTHETIC_STU00530,RANDOM_LP_06_SYNTHETIC_0450
RANDOM_LP_06_SYNTHETIC_STU00530,RANDOM_LP_06_SYNTHETIC_0457
RANDOM_LP_06_SYNTHETIC_STU00531,RANDOM_LP_06_SYNTHETIC_0039
RANDOM_LP_06_SYNTHETIC_STU00531,RANDOM_LP_06_SYNTHETIC_0079
RANDOM_LP_06_SYNTHETIC_STU00531,RANDOM_LP_06_SYNTHETIC_0387
RANDOM_LP_06_SYNTHETIC_STU00532,RANDOM_LP_06_SYNTHETIC_0107
RANDOM_LP_06_SYNTHETIC_STU00532,RANDOM_LP_06_SYNTHETIC_0427
RANDOM_LP_06_SYNTHETIC_STU00533,RANDOM_LP_06_SYNTHETIC_0006
RANDOM_LP_06_SYNTHETIC_STU00533,RANDOM_LP_06_SYNTHETIC_0078
RANDOM_LP_06_SYNTHETIC_STU00533,RANDOM_LP_06_SYNTHETIC_0079
RANDOM_LP_06_SYNTHETIC_STU00533,RANDOM_LP_06_SYNTHETIC_0431
RANDOM_LP_06_SYNTHETIC_STU00533,RANDOM_LP_06_SYNTHETIC_0454
RANDOM_LP_06_SYNTHETIC_STU00533,RANDOM_LP_06_SYNTHETIC_0470
RANDOM_LP_06_SYNTHETIC_STU00534,RANDOM_LP_06_SYNTHETIC_0003
RANDOM_LP_06_SYNTHETIC_STU00534,RANDOM_LP_06_SYNTHETIC_0050
RANDOM_LP_06_SYNTHETIC_STU00534,RANDOM_LP_06_SYNTHETIC_0070
RANDOM_LP_06_SYNTHETIC_STU00534,RANDOM_LP_06_SYNTHETIC_0078
RANDOM_LP_06_SYNTHETIC_STU00534,RANDOM_LP_06_SYNTHETIC_0104
RANDOM_LP_06_SYNTHETIC_STU00534,RANDOM_LP_06_SYNTHETIC_0198
RANDOM_LP_06_SYNTHETIC_STU00534,RANDOM_LP_06_SYNTHETIC_0357
RANDOM_LP_06_SYNTHETIC_STU00535,RANDOM_LP_06_SYNTHETIC_0176
RANDOM_LP_06_SYNTHETIC_STU00535,RANDOM_LP_06_SYNTHETIC_0196
RANDOM_LP_06_SYNTHETIC_STU00536,RANDOM_LP_06_SYNTHETIC_0388
RANDOM_LP_06_SYNTHETIC_STU00536,RANDOM_LP_06_SYNTHETIC_0473
RANDOM_LP_06_SYNTHETIC_STU00537,RANDOM_LP_06_SYNTHETIC_0080
RANDOM_LP_06_SYNTHETIC_STU00537,RANDOM_LP_06_SYNTHETIC_0100
RANDOM_LP_06_SYNTHETIC_STU00537,RANDOM_LP_06_SYNTHETIC_0486
RANDOM_LP_06_SYNTHETIC_STU00538,RANDOM_LP_06_SYNTHETIC_0208
RANDOM_LP_06_SYNTHETIC_STU00538,RANDOM_LP_06_SYNTHETIC_0228
RANDOM_LP_06_SYNTHETIC_STU00539,RANDOM_LP_06_SYNTHETIC_0348
RANDOM_LP_06_SYNTHETIC_STU00539,RANDOM_LP_06_SYNTHETIC_0382
RANDOM_LP_06_SYNTHETIC_STU00539,RANDOM_LP_06_SYNTHETIC_0396
RANDOM_LP_06_SYNTHETIC_STU00539,RANDOM_LP_06_SYNTHETIC_0470
RANDOM_LP_06_SYNTHETIC_STU00539,RANDOM_LP_06_SYNTHETIC_0496
RANDOM_LP_06_SYNTHETIC_STU00540,RANDOM_LP_06_SYNTHETIC_0159
RANDOM_LP_06_SYNTHETIC_STU00540,RANDOM_LP_06_SYNTHETIC_0168
RANDOM_LP_06_SYNTHETIC_STU00541,RANDOM_LP_06_SYNTHETIC_0148
RANDOM_LP_06_SYNTHETIC_STU00541,RANDOM_LP_06_SYNTHETIC_0276
RANDOM_LP_06_SYNTHETIC_STU00542,RANDOM_LP_06_SYNTHETIC_0180
RANDOM_LP_06_SYNTHETIC_STU00542,RANDOM_LP_06_SYNTHETIC_0347
RANDOM_LP_06_SYNTHETIC_STU00543,RANDOM_LP_06_SYNTHETIC_0049
RANDOM_LP_06_SYNTHETIC_STU00543,RANDOM_LP_06_SYNTHETIC_0375
RANDOM_LP_06_SYNTHETIC_STU00543,RANDOM_LP_06_SYNTHETIC_0382
RANDOM_LP_06_SYNTHETIC_STU00544,RANDOM_LP_06_SYNTHETIC_0176
RANDOM_LP_06_SYNTHETIC_STU00544,RANDOM_LP_06_SYNTHETIC_0396
RANDOM_LP_06_SYNTHETIC_STU00544,RANDOM_LP_06_SYNTHETIC_0416
RANDOM_LP_06_SYNTHETIC_STU00545,RANDOM_LP_06_SYNTHETIC_0413
RANDOM_LP_06_SYNTHETIC_STU00546,RANDOM_LP_06_SYNTHETIC_0040
RANDOM_LP_06_SYNTHETIC_STU00546,RANDOM_LP_06_SYNTHETIC_0387
RANDOM_LP_06_SYNTHETIC_STU00547,RANDOM_LP_06_SYNTHETIC_0079
RANDOM_LP_06_SYNTHETIC_STU00547,RANDOM_LP_06_SYNTHETIC_0100
RANDOM_LP_06_SYNTHETIC_STU00547,RANDOM_LP_06_SYNTHETIC_0190
RANDOM_LP_06_SYNTHETIC_STU00547,RANDOM_LP_06_SYNTHETIC_0231
RANDOM_LP_06_SYNTHETIC_STU00548,RANDOM_LP_06_SYNTHETIC_0139
RANDOM_LP_06_SYNTHETIC_STU00548,RANDOM_LP_06_SYNTHETIC_0179
RANDOM_LP_06_SYNTHETIC_STU00548,RANDOM_LP_06_SYNTHETIC_0331
RANDOM_LP_06_SYNTHETIC_STU00548,RANDOM_LP_06_SYNTHETIC_0370
RANDOM_LP_06_SYNTHETIC_STU00548,RANDOM_LP_06_SYNTHETIC_0397
RANDOM_LP_06_SYNTHETIC_STU00548,RANDOM_LP_06_SYNTHETIC_0497
RANDOM_LP_06_SYNTHETIC_STU00549,RANDOM_LP_06_SYNTHETIC_0041
RANDOM_LP_06_SYNTHETIC_STU00549,RANDOM_LP_06_SYNTHETIC_0212
RANDOM_LP_06_SYNTHETIC_STU00549,RANDOM_LP_06_SYNTHETIC_0283
RANDOM_LP_06_SYNTHETIC_STU00549,RANDOM_LP_06_SYNTHETIC_0436
RANDOM_LP_06_SYNTHETIC_STU00550,RANDOM_LP_06_SYNTHETIC_0288
RANDOM_LP_06_SYNTHETIC_STU00550,RANDOM_LP_06_SYNTHETIC_0319
RANDOM_LP_06_SYNTHETIC_STU00551,RANDOM_LP_06_SYNTHETIC_0073
RANDOM_LP_06_SYNTHETIC_STU00551,RANDOM_LP_06_SYNTHETIC_0421
RANDOM_LP_06_SYNTHETIC_STU00552,RANDOM_LP_06_SYNTHETIC_0272
RANDOM_LP_06_SYNTHETIC_STU00552,RANDOM_LP_06_SYNTHETIC_0327
RANDOM_LP_06_SYNTHETIC_STU00552,RANDOM_LP_06_SYNTHETIC_0339
RANDOM_LP_06_SYNTHETIC_STU00552,RANDOM_LP_06_SYNTHETIC_0433
RANDOM_LP_06_SYNTHETIC_STU00553,RANDOM_LP_06_SYNTHETIC_0188
RANDOM_LP_06_SYNTHETIC_STU00553,RANDOM_LP_06_SYNTHETIC_0232
RANDOM_LP_06_SYNTHETIC_STU00554,RANDOM_LP_06_SYNTHETIC_0071
RANDOM_LP_06_SYNTHETIC_STU00554,RANDOM_LP_06_SYNTHETIC_0427
RANDOM_LP_06_SYNTHETIC_STU00555,RANDOM_LP_06_SYNTHETIC_0162
RANDOM_LP_06_SYNTHETIC_STU00555,RANDOM_LP_06_SYNTHETIC_0184
RANDOM_LP_06_SYNTHETIC_STU00555,RANDOM_LP_06_SYNTHETIC_0315
RANDOM_LP_06_SYNTHETIC_STU00555,RANDOM_LP_06_SYNTHETIC_0381
RANDOM_LP_06_SYNTHETIC_STU00556,RANDOM_LP_06_SYNTHETIC_0118
RANDOM_LP_06_SYNTHETIC_STU00556,RANDOM_LP_06_SYNTHETIC_0483
RANDOM_LP_06_SYNTHETIC_STU00557,RANDOM_LP_06_SYNTHETIC_0005
RANDOM_LP_06_SYNTHETIC_STU00557,RANDOM_LP_06_SYNTHETIC_0124
RANDOM_LP_06_SYNTHETIC_STU00557,RANDOM_LP_06_SYNTHETIC_0433
RANDOM_LP_06_SYNTHETIC_STU00557,RANDOM_LP_06_SYNTHETIC_0499
RANDOM_LP_06_SYNTHETIC_STU00558,RANDOM_LP_06_SYNTHETIC_0169
RANDOM_LP_06_SYNTHETIC_STU00559,RANDOM_LP_06_SYNTHETIC_0158
RANDOM_LP_06_SYNTHETIC_STU00559,RANDOM_LP_06_SYNTHETIC_0379
RANDOM_LP_06_SYNTHETIC_STU00559,RANDOM_LP_06_SYNTHETIC_0383
RANDOM_LP_06_SYNTHETIC_STU00559,RANDOM_LP_06_SYNTHETIC_0394
RANDOM_LP_06_SYNTHETIC_STU00559,RANDOM_LP_06_SYNTHETIC_0404
RANDOM_LP_06_SYNTHETIC_STU00560,RANDOM_LP_06_SYNTHETIC_0470
RANDOM_LP_06_SYNTHETIC_STU00561,RANDOM_LP_06_SYNTHETIC_0246
RANDOM_LP_06_SYNTHETIC_STU00561,RANDOM_LP_06_SYNTHETIC_0277
RANDOM_LP_06_SYNTHETIC_STU00561,RANDOM_LP_06_SYNTHETIC_0427
RANDOM_LP_06_SYNTHETIC_STU00562,RANDOM_LP_06_SYNTHETIC_0214
RANDOM_LP_06_SYNTHETIC_STU00562,RANDOM_LP_06_SYNTHETIC_0441
RANDOM_LP_06_SYNTHETIC_STU00563,RANDOM_LP_06_SYNTHETIC_0275
RANDOM_LP_06_SYNTHETIC_STU00564,RANDOM_LP_06_SYNTHETIC_0118
RANDOM_LP_06_SYNTHETIC_STU00564,RANDOM_LP_06_SYNTHETIC_0152
RANDOM_LP_06_SYNTHETIC_STU00564,RANDOM_LP_06_SYNTHETIC_0192
RANDOM_LP_06_SYNTHETIC_STU00564,RANDOM_LP_06_SYNTHETIC_0271
RANDOM_LP_06_SYNTHETIC_STU00565,RANDOM_LP_06_SYNTHETIC_0345
RANDOM_LP_06_SYNTHETIC_STU00565,RANDOM_LP_06_SYNTHETIC_0443
RANDOM_LP_06_SYNTHETIC_STU00566,RANDOM_LP_06_SYNTHETIC_0093
RANDOM_LP_06_SYNTHETIC_STU00566,RANDOM_LP_06_SYNTHETIC_0188
RANDOM_LP_06_SYNTHETIC_STU00567,RANDOM_LP_06_SYNTHETIC_0079
RANDOM_LP_06_SYNTHETIC_STU00567,RANDOM_LP_06_SYNTHETIC_0137
RANDOM_LP_06_SYNTHETIC_STU00567,RANDOM_LP_06_SYNTHETIC_0142
RANDOM_LP_06_SYNTHETIC_STU00567,RANDOM_LP_06_SYNTHETIC_0178
RANDOM_LP_06_SYNTHETIC_STU00567,RANDOM_LP_06_SYNTHETIC_0184
RANDOM_LP_06_SYNTHETIC_STU00567,RANDOM_LP_06_SYNTHETIC_0382
RANDOM_LP_06_SYNTHETIC_STU00567,RANDOM_LP_06_SYNTHETIC_0497
RANDOM_LP_06_SYNTHETIC_STU00568,RANDOM_LP_06_SYNTHETIC_0313
RANDOM_LP_06_SYNTHETIC_STU00568,RANDOM_LP_06_SYNTHETIC_0370
RANDOM_LP_06_SYNTHETIC_STU00569,RANDOM_LP_06_SYNTHETIC_0334
RANDOM_LP_06_SYNTHETIC_STU00569,RANDOM_LP_06_SYNTHETIC_0378
RANDOM_LP_06_SYNTHETIC_STU00570,RANDOM_LP_06_SYNTHETIC_0211
RANDOM_LP_06_SYNTHETIC_STU00571,RANDOM_LP_06_SYNTHETIC_0148
RANDOM_LP_06_SYNTHETIC_STU00571,RANDOM_LP_06_SYNTHETIC_0471
RANDOM_LP_06_SYNTHETIC_STU00572,RANDOM_LP_06_SYNTHETIC_0216
RANDOM_LP_06_SYNTHETIC_STU00572,RANDOM_LP_06_SYNTHETIC_0256
RANDOM_LP_06_SYNTHETIC_STU00572,RANDOM_LP_06_SYNTHETIC_0277
RANDOM_LP_06_SYNTHETIC_STU00573,RANDOM_LP_06_SYNTHETIC_0111
RANDOM_LP_06_SYNTHETIC_STU00574,RANDOM_LP_06_SYNTHETIC_0081
RANDOM_LP_06_SYNTHETIC_STU00574,RANDOM_LP_06_SYNTHETIC_0389
RANDOM_LP_06_SYNTHETIC_STU00575,RANDOM_LP_06_SYNTHETIC_0070
RANDOM_LP_06_SYNTHETIC_STU00575,RANDOM_LP_06_SYNTHETIC_0169
RANDOM_LP_06_SYNTHETIC_STU00575,RANDOM_LP_06_SYNTHETIC_0414
RANDOM_LP_06_SYNTHETIC_STU00575,RANDOM_LP_06_SYNTHETIC_0430
RANDOM_LP_06_SYNTHETIC_STU00575,RANDOM_LP_06_SYNTHETIC_0438
RANDOM_LP_06_SYNTHETIC_STU00576,RANDOM_LP_06_SYNTHETIC_0108
RANDOM_LP_06_SYNTHETIC_STU00576,RANDOM_LP_06_SYNTHETIC_0407
RANDOM_LP_06_SYNTHETIC_STU00577,RANDOM_LP_06_SYNTHETIC_0034
RANDOM_LP_06_SYNTHETIC_STU00577,RANDOM_LP_06_SYNTHETIC_0309
RANDOM_LP_06_SYNTHETIC_STU00577,RANDOM_LP_06_SYNTHETIC_0357
RANDOM_LP_06_SYNTHETIC_STU00578,RANDOM_LP_06_SYNTHETIC_0426
RANDOM_LP_06_SYNTHETIC_STU00578,RANDOM_LP_06_SYNTHETIC_0480
RANDOM_LP_06_SYNTHETIC_STU00579,RANDOM_LP_06_SYNTHETIC_0028
RANDOM_LP_06_SYNTHETIC_STU00579,RANDOM_LP_06_SYNTHETIC_0159
RANDOM_LP_06_SYNTHETIC_STU00579,RANDOM_LP_06_SYNTHETIC_0359
RANDOM_LP_06_SYNTHETIC_STU00580,RANDOM_LP_06_SYNTHETIC_0028
RANDOM_LP_06_SYNTHETIC_STU00580,RANDOM_LP_06_SYNTHETIC_0116
RANDOM_LP_06_SYNTHETIC_STU00580,RANDOM_LP_06_SYNTHETIC_0184
RANDOM_LP_06_SYNTHETIC_STU00580,RANDOM_LP_06_SYNTHETIC_0289
RANDOM_LP_06_SYNTHETIC_STU00580,RANDOM_LP_06_SYNTHETIC_0499
RANDOM_LP_06_SYNTHETIC_STU00581,RANDOM_LP_06_SYNTHETIC_0300
RANDOM_LP_06_SYNTHETIC_STU00581,RANDOM_LP_06_SYNTHETIC_0471
RANDOM_LP_06_SYNTHETIC_STU00582,RANDOM_LP_06_SYNTHETIC_0145
RANDOM_LP_06_SYNTHETIC_STU00582,RANDOM_LP_06_SYNTHETIC_0147
RANDOM_LP_06_SYNTHETIC_STU00583,RANDOM_LP_06_SYNTHETIC_0146
RANDOM_LP_06_SYNTHETIC_STU00583,RANDOM_LP_06_SYNTHETIC_0204
RANDOM_LP_06_SYNTHETIC_STU00583,RANDOM_LP_06_SYNTHETIC_0434
RANDOM_LP_06_SYNTHETIC_STU00584,RANDOM_LP_06_SYNTHETIC_0026
RANDOM_LP_06_SYNTHETIC_STU00584,RANDOM_LP_06_SYNTHETIC_0416
RANDOM_LP_06_SYNTHETIC_STU00584,RANDOM_LP_06_SYNTHETIC_0437
RANDOM_LP_06_SYNTHETIC_STU00585,RANDOM_LP_06_SYNTHETIC_0165
RANDOM_LP_06_SYNTHETIC_STU00585,RANDOM_LP_06_SYNTHETIC_0208
RANDOM_LP_06_SYNTHETIC_STU00585,RANDOM_LP_06_SYNTHETIC_0472
RANDOM_LP_06_SYNTHETIC_STU00586,RANDOM_LP_06_SYNTHETIC_0066
RANDOM_LP_06_SYNTHETIC_STU00587,RANDOM_LP_06_SYNTHETIC_0216
RANDOM_LP_06_SYNTHETIC_STU00587,RANDOM_LP_06_SYNTHETIC_0275
RANDOM_LP_06_SYNTHETIC_STU00588,RANDOM_LP_06_SYNTHETIC_0137
RANDOM_LP_06_SYNTHETIC_STU00588,RANDOM_LP_06_SYNTHETIC_0149
RANDOM_LP_06_SYNTHETIC_STU00588,RANDOM_LP_06_SYNTHETIC_0395
RANDOM_LP_06_SYNTHETIC_STU00589,RANDOM_LP_06_SYNTHETIC_0009
RANDOM_LP_06_SYNTHETIC_STU00589,RANDOM_LP_06_SYNTHETIC_0214
RANDOM_LP_06_SYNTHETIC_STU00590,RANDOM_LP_06_SYNTHETIC_0074
RANDOM_LP_06_SYNTHETIC_STU00590,RANDOM_LP_06_SYNTHETIC_0314
RANDOM_LP_06_SYNTHETIC_STU00590,RANDOM_LP_06_SYNTHETIC_0323
RANDOM_LP_06_SYNTHETIC_STU00590,RANDOM_LP_06_SYNTHETIC_0343
RANDOM_LP_06_SYNTHETIC_STU00590,RANDOM_LP_06_SYNTHETIC_0436
RANDOM_LP_06_SYNTHETIC_STU00591,RANDOM_LP_06_SYNTHETIC_0122
RANDOM_LP_06_SYNTHETIC_STU00591,RANDOM_LP_06_SYNTHETIC_0127
RANDOM_LP_06_SYNTHETIC_STU00591,RANDOM_LP_06_SYNTHETIC_0241
RANDOM_LP_06_SYNTHETIC_STU00592,RANDOM_LP_06_SYNTHETIC_0005
RANDOM_LP_06_SYNTHETIC_STU00592,RANDOM_LP_06_SYNTHETIC_0394
RANDOM_LP_06_SYNTHETIC_STU00592,RANDOM_LP_06_SYNTHETIC_0423
RANDOM_LP_06_SYNTHETIC_STU00592,RANDOM_LP_06_SYNTHETIC_0443
RANDOM_LP_06_SYNTHETIC_STU00592,RANDOM_LP_06_SYNTHETIC_0460
RANDOM_LP_06_SYNTHETIC_STU00593,RANDOM_LP_06_SYNTHETIC_0220
RANDOM_LP_06_SYNTHETIC_STU00593,RANDOM_LP_06_SYNTHETIC_0388
RANDOM_LP_06_SYNTHETIC_STU00594,RANDOM_LP_06_SYNTHETIC_0004
RANDOM_LP_06_SYNTHETIC_STU00594,RANDOM_LP_06_SYNTHETIC_0279
RANDOM_LP_06_SYNTHETIC_STU00594,RANDOM_LP_06_SYNTHETIC_0368
RANDOM_LP_06_SYNTHETIC_STU00595,RANDOM_LP_06_SYNTHETIC_0078
RANDOM_LP_06_SYNTHETIC_STU00595,RANDOM_LP_06_SYNTHETIC_0134
RANDOM_LP_06_SYNTHETIC_STU00595,RANDOM_LP_06_SYNTHETIC_0229
RANDOM_LP_06_SYNTHETIC_STU00595,RANDOM_LP_06_SYNTHETIC_0413
RANDOM_LP_06_SYNTHETIC_STU00596,RANDOM_LP_06_SYNTHETIC_0043
RANDOM_LP_06_SYNTHETIC_STU00596,RANDOM_LP_06_SYNTHETIC_0317
RANDOM_LP_06_SYNTHETIC_STU00596,RANDOM_LP_06_SYNTHETIC_0324
RANDOM_LP_06_SYNTHETIC_STU00596,RANDOM_LP_06_SYNTHETIC_0337
RANDOM_LP_06_SYNTHETIC_STU00596,RANDOM_LP_06_SYNTHETIC_0405
RANDOM_LP_06_SYNTHETIC_STU00596,RANDOM_LP_06_SYNTHETIC_0431
RANDOM_LP_06_SYNTHETIC_STU00597,RANDOM_LP_06_SYNTHETIC_0022
RANDOM_LP_06_SYNTHETIC_STU00597,RANDOM_LP_06_SYNTHETIC_0143
RANDOM_LP_06_SYNTHETIC_STU00597,RANDOM_LP_06_SYNTHETIC_0290
RANDOM_LP_06_SYNTHETIC_STU00597,RANDOM_LP_06_SYNTHETIC_0402
RANDOM_LP_06_SYNTHETIC_STU00598,RANDOM_LP_06_SYNTHETIC_0319
RANDOM_LP_06_SYNTHETIC_STU00598,RANDOM_LP_06_SYNTHETIC_0423
RANDOM_LP_06_SYNTHETIC_STU00598,RANDOM_LP_06_SYNTHETIC_0436
RANDOM_LP_06_SYNTHETIC_STU00599,RANDOM_LP_06_SYNTHETIC_0043
RANDOM_LP_06_SYNTHETIC_STU00600,RANDOM_LP_06_SYNTHETIC_0035
RANDOM_LP_06_SYNTHETIC_STU00600,RANDOM_LP_06_SYNTHETIC_0041
RANDOM_LP_06_SYNTHETIC_STU00600,RANDOM_LP_06_SYNTHETIC_0203
RANDOM_LP_06_SYNTHETIC_STU00600,RANDOM_LP_06_SYNTHETIC_0235
RANDOM_LP_06_SYNTHETIC_STU00600,RANDOM_LP_06_SYNTHETIC_0341
RANDOM_LP_06_SYNTHETIC_STU00601,RANDOM_LP_06_SYNTHETIC_0078
RANDOM_LP_06_SYNTHETIC_STU00601,RANDOM_LP_06_SYNTHETIC_0355
RANDOM_LP_06_SYNTHETIC_STU00602,RANDOM_LP_06_SYNTHETIC_0162
RANDOM_LP_06_SYNTHETIC_STU00603,RANDOM_LP_06_SYNTHETIC_0164
RANDOM_LP_06_SYNTHETIC_STU00603,RANDOM_LP_06_SYNTHETIC_0273
RANDOM_LP_06_SYNTHETIC_STU00603,RANDOM_LP_06_SYNTHETIC_0403
RANDOM_LP_06_SYNTHETIC_STU00604,RANDOM_LP_06_SYNTHETIC_0460
RANDOM_LP_06_SYNTHETIC_STU00604,RANDOM_LP_06_SYNTHETIC_0490
RANDOM_LP_06_SYNTHETIC_STU00605,RANDOM_LP_06_SYNTHETIC_0150
RANDOM_LP_06_SYNTHETIC_STU00606,RANDOM_LP_06_SYNTHETIC_0313
RANDOM_LP_06_SYNTHETIC_STU00606,RANDOM_LP_06_SYNTHETIC_0342
RANDOM_LP_06_SYNTHETIC_STU00606,RANDOM_LP_06_SYNTHETIC_0454
RANDOM_LP_06_SYNTHETIC_STU00607,RANDOM_LP_06_SYNTHETIC_0004
RANDOM_LP_06_SYNTHETIC_STU00607,RANDOM_LP_06_SYNTHETIC_0079
RANDOM_LP_06_SYNTHETIC_STU00607,RANDOM_LP_06_SYNTHETIC_0175
RANDOM_LP_06_SYNTHETIC_STU00607,RANDOM_LP_06_SYNTHETIC_0357
RANDOM_LP_06_SYNTHETIC_STU00608,RANDOM_LP_06_SYNTHETIC_0216
RANDOM_LP_06_SYNTHETIC_STU00608,RANDOM_LP_06_SYNTHETIC_0289
RANDOM_LP_06_SYNTHETIC_STU00608,RANDOM_LP_06_SYNTHETIC_0425
RANDOM_LP_06_SYNTHETIC_STU00608,RANDOM_LP_06_SYNTHETIC_0436
RANDOM_LP_06_SYNTHETIC_STU00609,RANDOM_LP_06_SYNTHETIC_0074
RANDOM_LP_06_SYNTHETIC_STU00609,RANDOM_LP_06_SYNTHETIC_0231
RANDOM_LP_06_SYNTHETIC_STU00609,RANDOM_LP_06_SYNTHETIC_0265
RANDOM_LP_06_SYNTHETIC_STU00609,RANDOM_LP_06_SYNTHETIC_0347
RANDOM_LP_06_SYNTHETIC_STU00610,RANDOM_LP_06_SYNTHETIC_0046
RANDOM_LP_06_SYNTHETIC_STU00610,RANDOM_LP_06_SYNTHETIC_0295
RANDOM_LP_06_SYNTHETIC_STU00611,RANDOM_LP_06_SYNTHETIC_0039
RANDOM_LP_06_SYNTHETIC_STU00611,RANDOM_LP_06_SYNTHETIC_0151
RANDOM_LP_06_SYNTHETIC_STU00611,RANDOM_LP_06_SYNTHETIC_0430
RANDOM_LP_06_SYNTHETIC_STU00611,RANDOM_LP_06_SYNTHETIC_0477
RANDOM_LP_06_SYNTHETIC_STU00612,RANDOM_LP_06_SYNTHETIC_0393
RANDOM_LP_06_SYNTHETIC_STU00612,RANDOM_LP_06_SYNTHETIC_0395
RANDOM_LP_06_SYNTHETIC_STU00612,RANDOM_LP_06_SYNTHETIC_0465
RANDOM_LP_06_SYNTHETIC_STU00613,RANDOM_LP_06_SYNTHETIC_0275
RANDOM_LP_06_SYNTHETIC_STU00613,RANDOM_LP_06_SYNTHETIC_0361
RANDOM_LP_06_SYNTHETIC_STU00613,RANDOM_LP_06_SYNTHETIC_0427
RANDOM_LP_06_SYNTHETIC_STU00614,RANDOM_LP_06_SYNTHETIC_0259
RANDOM_LP_06_SYNTHETIC_STU00614,RANDOM_LP_06_SYNTHETIC_0361
RANDOM_LP_06_SYNTHETIC_STU00614,RANDOM_LP_06_SYNTHETIC_0455
RANDOM_LP_06_SYNTHETIC_STU00615,RANDOM_LP_06_SYNTHETIC_0070
RANDOM_LP_06_SYNTHETIC_STU00615,RANDOM_LP_06_SYNTHETIC_0088
RANDOM_LP_06_SYNTHETIC_STU00615,RANDOM_LP_06_SYNTHETIC_0481
RANDOM_LP_06_SYNTHETIC_STU00616,RANDOM_LP_06_SYNTHETIC_0032
RANDOM_LP_06_SYNTHETIC_STU00617,RANDOM_LP_06_SYNTHETIC_0262
RANDOM_LP_06_SYNTHETIC_STU00617,RANDOM_LP_06_SYNTHETIC_0435
RANDOM_LP_06_SYNTHETIC_STU00618,RANDOM_LP_06_SYNTHETIC_0351
RANDOM_LP_06_SYNTHETIC_STU00618,RANDOM_LP_06_SYNTHETIC_0489
RANDOM_LP_06_SYNTHETIC_STU00619,RANDOM_LP_06_SYNTHETIC_0489
RANDOM_LP_06_SYNTHETIC_STU00620,RANDOM_LP_06_SYNTHETIC_0108
RANDOM_LP_06_SYNTHETIC_STU00620,RANDOM_LP_06_SYNTHETIC_0194
RANDOM_LP_06_SYNTHETIC_STU00620,RANDOM_LP_06_SYNTHETIC_0229
RANDOM_LP_06_SYNTHETIC_STU00620,RANDOM_LP_06_SYNTHETIC_0350
RANDOM_LP_06_SYNTHETIC_STU00620,RANDOM_LP_06_SYNTHETIC_0361
RANDOM_LP_06_SYNTHETIC_STU00620,RANDOM_LP_06_SYNTHETIC_0457
RANDOM_LP_06_SYNTHETIC_STU00621,RANDOM_LP_06_SYNTHETIC_0296
RANDOM_LP_06_SYNTHETIC_STU00621,RANDOM_LP_06_SYNTHETIC_0387
RANDOM_LP_06_SYNTHETIC_STU00621,RANDOM_LP_06_SYNTHETIC_0436
RANDOM_LP_06_SYNTHETIC_STU00622,RANDOM_LP_06_SYNTHETIC_0172
RANDOM_LP_06_SYNTHETIC_STU00622,RANDOM_LP_06_SYNTHETIC_0241
RANDOM_LP_06_SYNTHETIC_STU00622,RANDOM_LP_06_SYNTHETIC_0286
RANDOM_LP_06_SYNTHETIC_STU00623,RANDOM_LP_06_SYNTHETIC_0189
RANDOM_LP_06_SYNTHETIC_STU00624,RANDOM_LP_06_SYNTHETIC_0188
RANDOM_LP_06_SYNTHETIC_STU00624,RANDOM_LP_06_SYNTHETIC_0459
RANDOM_LP_06_SYNTHETIC_STU00625,RANDOM_LP_06_SYNTHETIC_0289
RANDOM_LP_06_SYNTHETIC_STU00626,RANDOM_LP_06_SYNTHETIC_0048
RANDOM_LP_06_SYNTHETIC_STU00626,RANDOM_LP_06_SYNTHETIC_0055
RANDOM_LP_06_SYNTHETIC_STU00626,RANDOM_LP_06_SYNTHETIC_0201
RANDOM_LP_06_SYNTHETIC_STU00626,RANDOM_LP_06_SYNTHETIC_0257
RANDOM_LP_06_SYNTHETIC_STU00626,RANDOM_LP_06_SYNTHETIC_0286
RANDOM_LP_06_SYNTHETIC_STU00627,RANDOM_LP_06_SYNTHETIC_0038
RANDOM_LP_06_SYNTHETIC_STU00627,RANDOM_LP_06_SYNTHETIC_0268
RANDOM_LP_06_SYNTHETIC_STU00628,RANDOM_LP_06_SYNTHETIC_0066
RANDOM_LP_06_SYNTHETIC_STU00628,RANDOM_LP_06_SYNTHETIC_0099
RANDOM_LP_06_SYNTHETIC_STU00629,RANDOM_LP_06_SYNTHETIC_0203
RANDOM_LP_06_SYNTHETIC_STU00629,RANDOM_LP_06_SYNTHETIC_0424
RANDOM_LP_06_SYNTHETIC_STU00629,RANDOM_LP_06_SYNTHETIC_0470
RANDOM_LP_06_SYNTHETIC_STU00630,RANDOM_LP_06_SYNTHETIC_0013
RANDOM_LP_06_SYNTHETIC_STU00630,RANDOM_LP_06_SYNTHETIC_0023
RANDOM_LP_06_SYNTHETIC_STU00630,RANDOM_LP_06_SYNTHETIC_0452
RANDOM_LP_06_SYNTHETIC_STU00630,RANDOM_LP_06_SYNTHETIC_0482
RANDOM_LP_06_SYNTHETIC_STU00630,RANDOM_LP_06_SYNTHETIC_0492
RANDOM_LP_06_SYNTHETIC_STU00631,RANDOM_LP_06_SYNTHETIC_0062
RANDOM_LP_06_SYNTHETIC_STU00631,RANDOM_LP_06_SYNTHETIC_0111
RANDOM_LP_06_SYNTHETIC_STU00631,RANDOM_LP_06_SYNTHETIC_0135
RANDOM_LP_06_SYNTHETIC_STU00631,RANDOM_LP_06_SYNTHETIC_0205
RANDOM_LP_06_SYNTHETIC_STU00631,RANDOM_LP_06_SYNTHETIC_0357
RANDOM_LP_06_SYNTHETIC_STU00632,RANDOM_LP_06_SYNTHETIC_0106
RANDOM_LP_06_SYNTHETIC_STU00632,RANDOM_LP_06_SYNTHETIC_0178
RANDOM_LP_06_SYNTHETIC_STU00632,RANDOM_LP_06_SYNTHETIC_0274
RANDOM_LP_06_SYNTHETIC_STU00632,RANDOM_LP_06_SYNTHETIC_0431
RANDOM_LP_06_SYNTHETIC_STU00633,RANDOM_LP_06_SYNTHETIC_0003
RANDOM_LP_06_SYNTHETIC_STU00633,RANDOM_LP_06_SYNTHETIC_0235
RANDOM_LP_06_SYNTHETIC_STU00634,RANDOM_LP_06_SYNTHETIC_0001
RANDOM_LP_06_SYNTHETIC_STU00634,RANDOM_LP_06_SYNTHETIC_0072
RANDOM_LP_06_SYNTHETIC_STU00634,RANDOM_LP_06_SYNTHETIC_0100
RANDOM_LP_06_SYNTHETIC_STU00634,RANDOM_LP_06_SYNTHETIC_0341
RANDOM_LP_06_SYNTHETIC_STU00634,RANDOM_LP_06_SYNTHETIC_0390
RANDOM_LP_06_SYNTHETIC_STU00634,RANDOM_LP_06_SYNTHETIC_0500
RANDOM_LP_06_SYNTHETIC_STU00635,RANDOM_LP_06_SYNTHETIC_0275
RANDOM_LP_06_SYNTHETIC_STU00635,RANDOM_LP_06_SYNTHETIC_0378
RANDOM_LP_06_SYNTHETIC_STU00636,RANDOM_LP_06_SYNTHETIC_0182
RANDOM_LP_06_SYNTHETIC_STU00636,RANDOM_LP_06_SYNTHETIC_0347
RANDOM_LP_06_SYNTHETIC_STU00636,RANDOM_LP_06_SYNTHETIC_0478
RANDOM_LP_06_SYNTHETIC_STU00637,RANDOM_LP_06_SYNTHETIC_0144
RANDOM_LP_06_SYNTHETIC_STU00637,RANDOM_LP_06_SYNTHETIC_0286
RANDOM_LP_06_SYNTHETIC_STU00637,RANDOM_LP_06_SYNTHETIC_0298
RANDOM_LP_06_SYNTHETIC_STU00638,RANDOM_LP_06_SYNTHETIC_0297
RANDOM_LP_06_SYNTHETIC_STU00638,RANDOM_LP_06_SYNTHETIC_0449
RANDOM_LP_06_SYNTHETIC_STU00639,RANDOM_LP_06_SYNTHETIC_0245
RANDOM_LP_06_SYNTHETIC_STU00639,RANDOM_LP_06_SYNTHETIC_0366
RANDOM_LP_06_SYNTHETIC_STU00640,RANDOM_LP_06_SYNTHETIC_0024
RANDOM_LP_06_SYNTHETIC_STU00640,RANDOM_LP_06_SYNTHETIC_0241
RANDOM_LP_06_SYNTHETIC_STU00640,RANDOM_LP_06_SYNTHETIC_0323
RANDOM_LP_06_SYNTHETIC_STU00640,RANDOM_LP_06_SYNTHETIC_0381
RANDOM_LP_06_SYNTHETIC_STU00641,RANDOM_LP_06_SYNTHETIC_0296
RANDOM_LP_06_SYNTHETIC_STU00642,RANDOM_LP_06_SYNTHETIC_0062
RANDOM_LP_06_SYNTHETIC_STU00642,RANDOM_LP_06_SYNTHETIC_0146
RANDOM_LP_06_SYNTHETIC_STU00642,RANDOM_LP_06_SYNTHETIC_0345
RANDOM_LP_06_SYNTHETIC_STU00643,RANDOM_LP_06_SYNTHETIC_0066
RANDOM_LP_06_SYNTHETIC_STU00643,RANDOM_LP_06_SYNTHETIC_0187
RANDOM_LP_06_SYNTHETIC_STU00644,RANDOM_LP_06_SYNTHETIC_0063
RANDOM_LP_06_SYNTHETIC_STU00644,RANDOM_LP_06_SYNTHETIC_0092
RANDOM_LP_06_SYNTHETIC_STU00644,RANDOM_LP_06_SYNTHETIC_0436
RANDOM_LP_06_SYNTHETIC_STU00645,RANDOM_LP_06_SYNTHETIC_0302
RANDOM_LP_06_SYNTHETIC_STU00645,RANDOM_LP_06_SYNTHETIC_0497
RANDOM_LP_06_SYNTHETIC_STU00646,RANDOM_LP_06_SYNTHETIC_0053
RANDOM_LP_06_SYNTHETIC_STU00646,RANDOM_LP_06_SYNTHETIC_0171
RANDOM_LP_06_SYNTHETIC_STU00646,RANDOM_LP_06_SYNTHETIC_0374
RANDOM_LP_06_SYNTHETIC_STU00646,RANDOM_LP_06_SYNTHETIC_0382
RANDOM_LP_06_SYNTHETIC_STU00646,RANDOM_LP_06_SYNTHETIC_0463
RANDOM_LP_06_SYNTHETIC_STU00647,RANDOM_LP_06_SYNTHETIC_0025
RANDOM_LP_06_SYNTHETIC_STU00647,RANDOM_LP_06_SYNTHETIC_0285
RANDOM_LP_06_SYNTHETIC_STU00647,RANDOM_LP_06_SYNTHETIC_0371
RANDOM_LP_06_SYNTHETIC_STU00647,RANDOM_LP_06_SYNTHETIC_0489
RANDOM_LP_06_SYNTHETIC_STU00648,RANDOM_LP_06_SYNTHETIC_0023
RANDOM_LP_06_SYNTHETIC_STU00648,RANDOM_LP_06_SYNTHETIC_0409
RANDOM_LP_06_SYNTHETIC_STU00649,RANDOM_LP_06_SYNTHETIC_0013
RANDOM_LP_06_SYNTHETIC_STU00649,RANDOM_LP_06_SYNTHETIC_0027
RANDOM_LP_06_SYNTHETIC_STU00649,RANDOM_LP_06_SYNTHETIC_0118
RANDOM_LP_06_SYNTHETIC_STU00649,RANDOM_LP_06_SYNTHETIC_0381
RANDOM_LP_06_SYNTHETIC_STU00649,RANDOM_LP_06_SYNTHETIC_0410
RANDOM_LP_06_SYNTHETIC_STU00650,RANDOM_LP_06_SYNTHETIC_0080
RANDOM_LP_06_SYNTHETIC_STU00651,RANDOM_LP_06_SYNTHETIC_0008
RANDOM_LP_06_SYNTHETIC_STU00651,RANDOM_LP_06_SYNTHETIC_0233
RANDOM_LP_06_SYNTHETIC_STU00651,RANDOM_LP_06_SYNTHETIC_0391
RANDOM_LP_06_SYNTHETIC_STU00651,RANDOM_LP_06_SYNTHETIC_0409
RANDOM_LP_06_SYNTHETIC_STU00652,RANDOM_LP_06_SYNTHETIC_0219
RANDOM_LP_06_SYNTHETIC_STU00652,RANDOM_LP_06_SYNTHETIC_0268
RANDOM_LP_06_SYNTHETIC_STU00653,RANDOM_LP_06_SYNTHETIC_0297
RANDOM_LP_06_SYNTHETIC_STU00653,RANDOM_LP_06_SYNTHETIC_0361
RANDOM_LP_06_SYNTHETIC_STU00653,RANDOM_LP_06_SYNTHETIC_0494
RANDOM_LP_06_SYNTHETIC_STU00654,RANDOM_LP_06_SYNTHETIC_0079
RANDOM_LP_06_SYNTHETIC_STU00654,RANDOM_LP_06_SYNTHETIC_0091
RANDOM_LP_06_SYNTHETIC_STU00654,RANDOM_LP_06_SYNTHETIC_0152
RANDOM_LP_06_SYNTHETIC_STU00654,RANDOM_LP_06_SYNTHETIC_0312
RANDOM_LP_06_SYNTHETIC_STU00654,RANDOM_LP_06_SYNTHETIC_0325
RANDOM_LP_06_SYNTHETIC_STU00654,RANDOM_LP_06_SYNTHETIC_0391
RANDOM_LP_06_SYNTHETIC_STU00654,RANDOM_LP_06_SYNTHETIC_0463
RANDOM_LP_06_SYNTHETIC_STU00655,RANDOM_LP_06_SYNTHETIC_0086
RANDOM_LP_06_SYNTHETIC_STU00655,RANDOM_LP_06_SYNTHETIC_0108
RANDOM_LP_06_SYNTHETIC_STU00655,RANDOM_LP_06_SYNTHETIC_0465
RANDOM_LP_06_SYNTHETIC_STU00656,RANDOM_LP_06_SYNTHETIC_0159
RANDOM_LP_06_SYNTHETIC_STU00656,RANDOM_LP_06_SYNTHETIC_0216
RANDOM_LP_06_SYNTHETIC_STU00656,RANDOM_LP_06_SYNTHETIC_0253
RANDOM_LP_06_SYNTHETIC_STU00656,RANDOM_LP_06_SYNTHETIC_0382
RANDOM_LP_06_SYNTHETIC_STU00657,RANDOM_LP_06_SYNTHETIC_0012
RANDOM_LP_06_SYNTHETIC_STU00657,RANDOM_LP_06_SYNTHETIC_0116
RANDOM_LP_06_SYNTHETIC_STU00657,RANDOM_LP_06_SYNTHETIC_0231
RANDOM_LP_06_SYNTHETIC_STU00657,RANDOM_LP_06_SYNTHETIC_0314
RANDOM_LP_06_SYNTHETIC_STU00657,RANDOM_LP_06_SYNTHETIC_0387
RANDOM_LP_06_SYNTHETIC_STU00658,RANDOM_LP_06_SYNTHETIC_0447
RANDOM_LP_06_SYNTHETIC_STU00659,RANDOM_LP_06_SYNTHETIC_0188
RANDOM_LP_06_SYNTHETIC_STU00659,RANDOM_LP_06_SYNTHETIC_0324
RANDOM_LP_06_SYNTHETIC_STU00659,RANDOM_LP_06_SYNTHETIC_0348
RANDOM_LP_06_SYNTHETIC_STU00659,RANDOM_LP_06_SYNTHETIC_0376
RANDOM_LP_06_SYNTHETIC_STU00660,RANDOM_LP_06_SYNTHETIC_0121
RANDOM_LP_06_SYNTHETIC_STU00660,RANDOM_LP_06_SYNTHETIC_0141
RANDOM_LP_06_SYNTHETIC_STU00660,RANDOM_LP_06_SYNTHETIC_0275
RANDOM_LP_06_SYNTHETIC_STU00660,RANDOM_LP_06_SYNTHETIC_0406
RANDOM_LP_06_SYNTHETIC_STU00661,RANDOM_LP_06_SYNTHETIC_0029
RANDOM_LP_06_SYNTHETIC_STU00661,RANDOM_LP_06_SYNTHETIC_0076
RANDOM_LP_06_SYNTHETIC_STU00661,RANDOM_LP_06_SYNTHETIC_0119
RANDOM_LP_06_SYNTHETIC_STU00661,RANDOM_LP_06_SYNTHETIC_0146
RANDOM_LP_06_SYNTHETIC_STU00661,RANDOM_LP_06_SYNTHETIC_0203
RANDOM_LP_06_SYNTHETIC_STU00662,RANDOM_LP_06_SYNTHETIC_0268
RANDOM_LP_06_SYNTHETIC_STU00662,RANDOM_LP_06_SYNTHETIC_0417
RANDOM_LP_06_SYNTHETIC_STU00663,RANDOM_LP_06_SYNTHETIC_0121
RANDOM_LP_06_SYNTHETIC_STU00664,RANDOM_LP_06_SYNTHETIC_0172
RANDOM_LP_06_SYNTHETIC_STU00664,RANDOM_LP_06_SYNTHETIC_0376
RANDOM_LP_06_SYNTHETIC_STU00664,RANDOM_LP_06_SYNTHETIC_0410
RANDOM_LP_06_SYNTHETIC_STU00664,RANDOM_LP_06_SYNTHETIC_0495
RANDOM_LP_06_SYNTHETIC_STU00665,RANDOM_LP_06_SYNTHETIC_0062
RANDOM_LP_06_SYNTHETIC_STU00665,RANDOM_LP_06_SYNTHETIC_0112
RANDOM_LP_06_SYNTHETIC_STU00666,RANDOM_LP_06_SYNTHETIC_0031
RANDOM_LP_06_SYNTHETIC_STU00666,RANDOM_LP_06_SYNTHETIC_0319
RANDOM_LP_06_SYNTHETIC_STU00666,RANDOM_LP_06_SYNTHETIC_0327
RANDOM_LP_06_SYNTHETIC_STU00666,RANDOM_LP_06_SYNTHETIC_0431
RANDOM_LP_06_SYNTHETIC_STU00667,RANDOM_LP_06_SYNTHETIC_0151
RANDOM_LP_06_SYNTHETIC_STU00667,RANDOM_LP_06_SYNTHETIC_0325
RANDOM_LP_06_SYNTHETIC_STU00668,RANDOM_LP_06_SYNTHETIC_0115
RANDOM_LP_06_SYNTHETIC_STU00668,RANDOM_LP_06_SYNTHETIC_0475
RANDOM_LP_06_SYNTHETIC_STU00668,RANDOM_LP_06_SYNTHETIC_0498
RANDOM_LP_06_SYNTHETIC_STU00669,RANDOM_LP_06_SYNTHETIC_0092
RANDOM_LP_06_SYNTHETIC_STU00669,RANDOM_LP_06_SYNTHETIC_0158
RANDOM_LP_06_SYNTHETIC_STU00669,RANDOM_LP_06_SYNTHETIC_0166
RANDOM_LP_06_SYNTHETIC_STU00669,RANDOM_LP_06_SYNTHETIC_0401
RANDOM_LP_06_SYNTHETIC_STU00669,RANDOM_LP_06_SYNTHETIC_0471
RANDOM_LP_06_SYNTHETIC_STU00669,RANDOM_LP_06_SYNTHETIC_0483
RANDOM_LP_06_SYNTHETIC_STU00670,RANDOM_LP_06_SYNTHETIC_0105
RANDOM_LP_06_SYNTHETIC_STU00670,RANDOM_LP_06_SYNTHETIC_0146
RANDOM_LP_06_SYNTHETIC_STU00670,RANDOM_LP_06_SYNTHETIC_0295
RANDOM_LP_06_SYNTHETIC_STU00671,RANDOM_LP_06_SYNTHETIC_0107
RANDOM_LP_06_SYNTHETIC_STU00671,RANDOM_LP_06_SYNTHETIC_0305
RANDOM_LP_06_SYNTHETIC_STU00672,RANDOM_LP_06_SYNTHETIC_0136
RANDOM_LP_06_SYNTHETIC_STU00672,RANDOM_LP_06_SYNTHETIC_0293
RANDOM_LP_06_SYNTHETIC_STU00672,RANDOM_LP_06_SYNTHETIC_0397
RANDOM_LP_06_SYNTHETIC_STU00672,RANDOM_LP_06_SYNTHETIC_0449
RANDOM_LP_06_SYNTHETIC_STU00673,RANDOM_LP_06_SYNTHETIC_0277
RANDOM_LP_06_SYNTHETIC_STU00673,RANDOM_LP_06_SYNTHETIC_0431
RANDOM_LP_06_SYNTHETIC_STU00674,RANDOM_LP_06_SYNTHETIC_0063
RANDOM_LP_06_SYNTHETIC_STU00674,RANDOM_LP_06_SYNTHETIC_0277
RANDOM_LP_06_SYNTHETIC_STU00674,RANDOM_LP_06_SYNTHETIC_0370
RANDOM_LP_06_SYNTHETIC_STU00675,RANDOM_LP_06_SYNTHETIC_0301
RANDOM_LP_06_SYNTHETIC_STU00675,RANDOM_LP_06_SYNTHETIC_0395
RANDOM_LP_06_SYNTHETIC_STU00676,RANDOM_LP_06_SYNTHETIC_0226
RANDOM_LP_06_SYNTHETIC_STU00677,RANDOM_LP_06_SYNTHETIC_0005
RANDOM_LP_06_SYNTHETIC_STU00677,RANDOM_LP_06_SYNTHETIC_0137
RANDOM_LP_06_SYNTHETIC_STU00677,RANDOM_LP_06_SYNTHETIC_0231
RANDOM_LP_06_SYNTHETIC_STU00677,RANDOM_LP_06_SYNTHETIC_0303
RANDOM_LP_06_SYNTHETIC_STU00677,RANDOM_LP_06_SYNTHETIC_0483
RANDOM_LP_06_SYNTHETIC_STU00678,RANDOM_LP_06_SYNTHETIC_0089
RANDOM_LP_06_SYNTHETIC_STU00678,RANDOM_LP_06_SYNTHETIC_0357
RANDOM_LP_06_SYNTHETIC_STU00679,RANDOM_LP_06_SYNTHETIC_0080
RANDOM_LP_06_SYNTHETIC_STU00679,RANDOM_LP_06_SYNTHETIC_0210
RANDOM_LP_06_SYNTHETIC_STU00680,RANDOM_LP_06_SYNTHETIC_0338
RANDOM_LP_06_SYNTHETIC_STU00681,RANDOM_LP_06_SYNTHETIC_0013
RANDOM_LP_06_SYNTHETIC_STU00681,RANDOM_LP_06_SYNTHETIC_0074
RANDOM_LP_06_SYNTHETIC_STU00681,RANDOM_LP_06_SYNTHETIC_0123
RANDOM_LP_06_SYNTHETIC_STU00681,RANDOM_LP_06_SYNTHETIC_0140
RANDOM_LP_06_SYNTHETIC_STU00681,RANDOM_LP_06_SYNTHETIC_0296
RANDOM_LP_06_SYNTHETIC_STU00682,RANDOM_LP_06_SYNTHETIC_0023
RANDOM_LP_06_SYNTHETIC_STU00682,RANDOM_LP_06_SYNTHETIC_0235
RANDOM_LP_06_SYNTHETIC_STU00682,RANDOM_LP_06_SYNTHETIC_0281
RANDOM_LP_06_SYNTHETIC_STU00682,RANDOM_LP_06_SYNTHETIC_0324
RANDOM_LP_06_SYNTHETIC_STU00683,RANDOM_LP_06_SYNTHETIC_0386
RANDOM_LP_06_SYNTHETIC_STU00683,RANDOM_LP_06_SYNTHETIC_0416
RANDOM_LP_06_SYNTHETIC_STU00684,RANDOM_LP_06_SYNTHETIC_0288
RANDOM_LP_06_SYNTHETIC_STU00684,RANDOM_LP_06_SYNTHETIC_0382
RANDOM_LP_06_SYNTHETIC_STU00685,RANDOM_LP_06_SYNTHETIC_0275
RANDOM_LP_06_SYNTHETIC_STU00685,RANDOM_LP_06_SYNTHETIC_0282
RANDOM_LP_06_SYNTHETIC_STU00685,RANDOM_LP_06_SYNTHETIC_0322
RANDOM_LP_06_SYNTHETIC_STU00686,RANDOM_LP_06_SYNTHETIC_0171
RANDOM_LP_06_SYNTHETIC_STU00687,RANDOM_LP_06_SYNTHETIC_0035
RANDOM_LP_06_SYNTHETIC_STU00687,RANDOM_LP_06_SYNTHETIC_0062
RANDOM_LP_06_SYNTHETIC_STU00687,RANDOM_LP_06_SYNTHETIC_0170
RANDOM_LP_06_SYNTHETIC_STU00687,RANDOM_LP_06_SYNTHETIC_0392
RANDOM_LP_06_SYNTHETIC_STU00687,RANDOM_LP_06_SYNTHETIC_0413
RANDOM_LP_06_SYNTHETIC_STU00688,RANDOM_LP_06_SYNTHETIC_0046
RANDOM_LP_06_SYNTHETIC_STU00688,RANDOM_LP_06_SYNTHETIC_0169
RANDOM_LP_06_SYNTHETIC_STU00688,RANDOM_LP_06_SYNTHETIC_0482
RANDOM_LP_06_SYNTHETIC_STU00689,RANDOM_LP_06_SYNTHETIC_0100
RANDOM_LP_06_SYNTHETIC_STU00689,RANDOM_LP_06_SYNTHETIC_0229
RANDOM_LP_06_SYNTHETIC_STU00689,RANDOM_LP_06_SYNTHETIC_0332
RANDOM_LP_06_SYNTHETIC_STU00690,RANDOM_LP_06_SYNTHETIC_0102
RANDOM_LP_06_SYNTHETIC_STU00690,RANDOM_LP_06_SYNTHETIC_0376
RANDOM_LP_06_SYNTHETIC_STU00690,RANDOM_LP_06_SYNTHETIC_0387
RANDOM_LP_06_SYNTHETIC_STU00691,RANDOM_LP_06_SYNTHETIC_0031
RANDOM_LP_06_SYNTHETIC_STU00691,RANDOM_LP_06_SYNTHETIC_0178
RANDOM_LP_06_SYNTHETIC_STU00691,RANDOM_LP_06_SYNTHETIC_0229
RANDOM_LP_06_SYNTHETIC_STU00691,RANDOM_LP_06_SYNTHETIC_0240
RANDOM_LP_06_SYNTHETIC_STU00691,RANDOM_LP_06_SYNTHETIC_0281
RANDOM_LP_06_SYNTHETIC_STU00691,RANDOM_LP_06_SYNTHETIC_0402
RANDOM_LP_06_SYNTHETIC_STU00692,RANDOM_LP_06_SYNTHETIC_0178
RANDOM_LP_06_SYNTHETIC_STU00692,RANDOM_LP_06_SYNTHETIC_0198
RANDOM_LP_06_SYNTHETIC_STU00692,RANDOM_LP_06_SYNTHETIC_0364
RANDOM_LP_06_SYNTHETIC_STU00693,RANDOM_LP_06_SYNTHETIC_0013
RANDOM_LP_06_SYNTHETIC_STU00693,RANDOM_LP_06_SYNTHETIC_0108
RANDOM_LP_06_SYNTHETIC_STU00693,RANDOM_LP_06_SYNTHETIC_0172
RANDOM_LP_06_SYNTHETIC_STU00693,RANDOM_LP_06_SYNTHETIC_0373
RANDOM_LP_06_SYNTHETIC_STU00693,RANDOM_LP_06_SYNTHETIC_0478
RANDOM_LP_06_SYNTHETIC_STU00694,RANDOM_LP_06_SYNTHETIC_0201
RANDOM_LP_06_SYNTHETIC_STU00694,RANDOM_LP_06_SYNTHETIC_0417
RANDOM_LP_06_SYNTHETIC_STU00695,RANDOM_LP_06_SYNTHETIC_0327
RANDOM_LP_06_SYNTHETIC_STU00695,RANDOM_LP_06_SYNTHETIC_0382
RANDOM_LP_06_SYNTHETIC_STU00695,RANDOM_LP_06_SYNTHETIC_0429
RANDOM_LP_06_SYNTHETIC_STU00696,RANDOM_LP_06_SYNTHETIC_0131
RANDOM_LP_06_SYNTHETIC_STU00696,RANDOM_LP_06_SYNTHETIC_0465
RANDOM_LP_06_SYNTHETIC_STU00697,RANDOM_LP_06_SYNTHETIC_0167
RANDOM_LP_06_SYNTHETIC_STU00698,RANDOM_LP_06_SYNTHETIC_0025
RANDOM_LP_06_SYNTHETIC_STU00699,RANDOM_LP_06_SYNTHETIC_0105
RANDOM_LP_06_SYNTHETIC_STU00699,RANDOM_LP_06_SYNTHETIC_0119
RANDOM_LP_06_SYNTHETIC_STU00699,RANDOM_LP_06_SYNTHETIC_0276
RANDOM_LP_06_SYNTHETIC_STU00699,RANDOM_LP_06_SYNTHETIC_0277
RANDOM_LP_06_SYNTHETIC_STU00699,RANDOM_LP_06_SYNTHETIC_0486
RANDOM_LP_06_SYNTHETIC_STU00700,RANDOM_LP_06_SYNTHETIC_0039
RANDOM_LP_06_SYNTHETIC_STU00700,RANDOM_LP_06_SYNTHETIC_0386
RANDOM_LP_06_SYNTHETIC_STU00701,RANDOM_LP_06_SYNTHETIC_0106
RANDOM_LP_06_SYNTHETIC_STU00701,RANDOM_LP_06_SYNTHETIC_0436
RANDOM_LP_06_SYNTHETIC_STU00702,RANDOM_LP_06_SYNTHETIC_0156
RANDOM_LP_06_SYNTHETIC_STU00702,RANDOM_LP_06_SYNTHETIC_0373
RANDOM_LP_06_SYNTHETIC_STU00703,RANDOM_LP_06_SYNTHETIC_0473
RANDOM_LP_06_SYNTHETIC_STU00704,RANDOM_LP_06_SYNTHETIC_0027
RANDOM_LP_06_SYNTHETIC_STU00704,RANDOM_LP_06_SYNTHETIC_0028
RANDOM_LP_06_SYNTHETIC_STU00704,RANDOM_LP_06_SYNTHETIC_0229
RANDOM_LP_06_SYNTHETIC_STU00704,RANDOM_LP_06_SYNTHETIC_0240
RANDOM_LP_06_SYNTHETIC_STU00705,RANDOM_LP_06_SYNTHETIC_0117
RANDOM_LP_06_SYNTHETIC_STU00705,RANDOM_LP_06_SYNTHETIC_0160
RANDOM_LP_06_SYNTHETIC_STU00705,RANDOM_LP_06_SYNTHETIC_0343
RANDOM_LP_06_SYNTHETIC_STU00706,RANDOM_LP_06_SYNTHETIC_0244
RANDOM_LP_06_SYNTHETIC_STU00706,RANDOM_LP_06_SYNTHETIC_0322
RANDOM_LP_06_SYNTHETIC_STU00706,RANDOM_LP_06_SYNTHETIC_0327
RANDOM_LP_06_SYNTHETIC_STU00707,RANDOM_LP_06_SYNTHETIC_0074
RANDOM_LP_06_SYNTHETIC_STU00708,RANDOM_LP_06_SYNTHETIC_0034
RANDOM_LP_06_SYNTHETIC_STU00708,RANDOM_LP_06_SYNTHETIC_0159
RANDOM_LP_06_SYNTHETIC_STU00708,RANDOM_LP_06_SYNTHETIC_0167
RANDOM_LP_06_SYNTHETIC_STU00708,RANDOM_LP_06_SYNTHETIC_0187
RANDOM_LP_06_SYNTHETIC_STU00709,RANDOM_LP_06_SYNTHETIC_0212
RANDOM_LP_06_SYNTHETIC_STU00709,RANDOM_LP_06_SYNTHETIC_0218
RANDOM_LP_06_SYNTHETIC_STU00709,RANDOM_LP_06_SYNTHETIC_0369
RANDOM_LP_06_SYNTHETIC_STU00709,RANDOM_LP_06_SYNTHETIC_0384
RANDOM_LP_06_SYNTHETIC_STU00709,RANDOM_LP_06_SYNTHETIC_0391
RANDOM_LP_06_SYNTHETIC_STU00710,RANDOM_LP_06_SYNTHETIC_0112
RANDOM_LP_06_SYNTHETIC_STU00710,RANDOM_LP_06_SYNTHETIC_0465
RANDOM_LP_06_SYNTHETIC_STU00711,RANDOM_LP_06_SYNTHETIC_0204
RANDOM_LP_06_SYNTHETIC_STU00711,RANDOM_LP_06_SYNTHETIC_0492
RANDOM_LP_06_SYNTHETIC_STU00712,RANDOM_LP_06_SYNTHETIC_0231
RANDOM_LP_06_SYNTHETIC_STU00712,RANDOM_LP_06_SYNTHETIC_0400
RANDOM_LP_06_SYNTHETIC_STU00713,RANDOM_LP_06_SYNTHETIC_0078
RANDOM_LP_06_SYNTHETIC_STU00714,RANDOM_LP_06_SYNTHETIC_0047
RANDOM_LP_06_SYNTHETIC_STU00714,RANDOM_LP_06_SYNTHETIC_0094
RANDOM_LP_06_SYNTHETIC_STU00714,RANDOM_LP_06_SYNTHETIC_0166
RANDOM_LP_06_SYNTHETIC_STU00714,RANDOM_LP_06_SYNTHETIC_0231
RANDOM_LP_06_SYNTHETIC_STU00715,RANDOM_LP_06_SYNTHETIC_0015
RANDOM_LP_06_SYNTHETIC_STU00715,RANDOM_LP_06_SYNTHETIC_0122
RANDOM_LP_06_SYNTHETIC_STU00715,RANDOM_LP_06_SYNTHETIC_0435
RANDOM_LP_06_SYNTHETIC_STU00715,RANDOM_LP_06_SYNTHETIC_0452
RANDOM_LP_06_SYNTHETIC_STU00716,RANDOM_LP_06_SYNTHETIC_0380
RANDOM_LP_06_SYNTHETIC_STU00716,RANDOM_LP_06_SYNTHETIC_0499
RANDOM_LP_06_SYNTHETIC_STU00717,RANDOM_LP_06_SYNTHETIC_0104
RANDOM_LP_06_SYNTHETIC_STU00717,RANDOM_LP_06_SYNTHETIC_0254
RANDOM_LP_06_SYNTHETIC_STU00718,RANDOM_LP_06_SYNTHETIC_0007
RANDOM_LP_06_SYNTHETIC_STU00719,RANDOM_LP_06_SYNTHETIC_0078
RANDOM_LP_06_SYNTHETIC_STU00719,RANDOM_LP_06_SYNTHETIC_0215
RANDOM_LP_06_SYNTHETIC_STU00719,RANDOM_LP_06_SYNTHETIC_0381
RANDOM_LP_06_SYNTHETIC_STU00720,RANDOM_LP_06_SYNTHETIC_0149
RANDOM_LP_06_SYNTHETIC_STU00720,RANDOM_LP_06_SYNTHETIC_0233
RANDOM_LP_06_SYNTHETIC_STU00721,RANDOM_LP_06_SYNTHETIC_0067
RANDOM_LP_06_SYNTHETIC_STU00721,RANDOM_LP_06_SYNTHETIC_0288
RANDOM_LP_06_SYNTHETIC_STU00722,RANDOM_LP_06_SYNTHETIC_0152
RANDOM_LP_06_SYNTHETIC_STU00722,RANDOM_LP_06_SYNTHETIC_0368
RANDOM_LP_06_SYNTHETIC_STU00722,RANDOM_LP_06_SYNTHETIC_0446
RANDOM_LP_06_SYNTHETIC_STU00723,RANDOM_LP_06_SYNTHETIC_0175
RANDOM_LP_06_SYNTHETIC_STU00723,RANDOM_LP_06_SYNTHETIC_0275
RANDOM_LP_06_SYNTHETIC_STU00724,RANDOM_LP_06_SYNTHETIC_0410
RANDOM_LP_06_SYNTHETIC_STU00724,RANDOM_LP_06_SYNTHETIC_0482
RANDOM_LP_06_SYNTHETIC_STU00725,RANDOM_LP_06_SYNTHETIC_0143
RANDOM_LP_06_SYNTHETIC_STU00725,RANDOM_LP_06_SYNTHETIC_0159
RANDOM_LP_06_SYNTHETIC_STU00725,RANDOM_LP_06_SYNTHETIC_0178
RANDOM_LP_06_SYNTHETIC_STU00725,RANDOM_LP_06_SYNTHETIC_0386
RANDOM_LP_06_SYNTHETIC_STU00725,RANDOM_LP_06_SYNTHETIC_0389
RANDOM_LP_06_SYNTHETIC_STU00726,RANDOM_LP_06_SYNTHETIC_0232
RANDOM_LP_06_SYNTHETIC_STU00726,RANDOM_LP_06_SYNTHETIC_0435
RANDOM_LP_06_SYNTHETIC_STU00727,RANDOM_LP_06_SYNTHETIC_0070
RANDOM_LP_06_SYNTHETIC_STU00727,RANDOM_LP_06_SYNTHETIC_0153
RANDOM_LP_06_SYNTHETIC_STU00727,RANDOM_LP_06_SYNTHETIC_0351
RANDOM_LP_06_SYNTHETIC_STU00728,RANDOM_LP_06_SYNTHETIC_0101
RANDOM_LP_06_SYNTHETIC_STU00728,RANDOM_LP_06_SYNTHETIC_0435
RANDOM_LP_06_SYNTHETIC_STU00729,RANDOM_LP_06_SYNTHETIC_0050
RANDOM_LP_06_SYNTHETIC_STU00729,RANDOM_LP_06_SYNTHETIC_0081
RANDOM_LP_06_SYNTHETIC_STU00730,RANDOM_LP_06_SYNTHETIC_0079
RANDOM_LP_06_SYNTHETIC_STU00730,RANDOM_LP_06_SYNTHETIC_0162
RANDOM_LP_06_SYNTHETIC_STU00730,RANDOM_LP_06_SYNTHETIC_0175
RANDOM_LP_06_SYNTHETIC_STU00730,RANDOM_LP_06_SYNTHETIC_0266
RANDOM_LP_06_SYNTHETIC_STU00730,RANDOM_LP_06_SYNTHETIC_0494
RANDOM_LP_06_SYNTHETIC_STU00731,RANDOM_LP_06_SYNTHETIC_0058
RANDOM_LP_06_SYNTHETIC_STU00731,RANDOM_LP_06_SYNTHETIC_0483
RANDOM_LP_06_SYNTHETIC_STU00732,RANDOM_LP_06_SYNTHETIC_0117
RANDOM_LP_06_SYNTHETIC_STU00732,RANDOM_LP_06_SYNTHETIC_0268
RANDOM_LP_06_SYNTHETIC_STU00732,RANDOM_LP_06_SYNTHETIC_0384
RANDOM_LP_06_SYNTHETIC_STU00732,RANDOM_LP_06_SYNTHETIC_0399
RANDOM_LP_06_SYNTHETIC_STU00733,RANDOM_LP_06_SYNTHETIC_0433
RANDOM_LP_06_SYNTHETIC_STU00733,RANDOM_LP_06_SYNTHETIC_0485
RANDOM_LP_06_SYNTHETIC_STU00734,RANDOM_LP_06_SYNTHETIC_0119
RANDOM_LP_06_SYNTHETIC_STU00734,RANDOM_LP_06_SYNTHETIC_0301
RANDOM_LP_06_SYNTHETIC_STU00734,RANDOM_LP_06_SYNTHETIC_0349
RANDOM_LP_06_SYNTHETIC_STU00735,RANDOM_LP_06_SYNTHETIC_0028
RANDOM_LP_06_SYNTHETIC_STU00735,RANDOM_LP_06_SYNTHETIC_0149
RANDOM_LP_06_SYNTHETIC_STU00735,RANDOM_LP_06_SYNTHETIC_0410
RANDOM_LP_06_SYNTHETIC_STU00735,RANDOM_LP_06_SYNTHETIC_0459
RANDOM_LP_06_SYNTHETIC_STU00736,RANDOM_LP_06_SYNTHETIC_0101
RANDOM_LP_06_SYNTHETIC_STU00736,RANDOM_LP_06_SYNTHETIC_0231
RANDOM_LP_06_SYNTHETIC_STU00736,RANDOM_LP_06_SYNTHETIC_0407
RANDOM_LP_06_SYNTHETIC_STU00736,RANDOM_LP_06_SYNTHETIC_0435
RANDOM_LP_06_SYNTHETIC_STU00737,RANDOM_LP_06_SYNTHETIC_0035
RANDOM_LP_06_SYNTHETIC_STU00737,RANDOM_LP_06_SYNTHETIC_0292
RANDOM_LP_06_SYNTHETIC_STU00737,RANDOM_LP_06_SYNTHETIC_0438
RANDOM_LP_06_SYNTHETIC_STU00738,RANDOM_LP_06_SYNTHETIC_0242
RANDOM_LP_06_SYNTHETIC_STU00738,RANDOM_LP_06_SYNTHETIC_0248
RANDOM_LP_06_SYNTHETIC_STU00739,RANDOM_LP_06_SYNTHETIC_0028
RANDOM_LP_06_SYNTHETIC_STU00739,RANDOM_LP_06_SYNTHETIC_0035
RANDOM_LP_06_SYNTHETIC_STU00739,RANDOM_LP_06_SYNTHETIC_0037
RANDOM_LP_06_SYNTHETIC_STU00739,RANDOM_LP_06_SYNTHETIC_0304
RANDOM_LP_06_SYNTHETIC_STU00739,RANDOM_LP_06_SYNTHETIC_0379
RANDOM_LP_06_SYNTHETIC_STU00739,RANDOM_LP_06_SYNTHETIC_0381
RANDOM_LP_06_SYNTHETIC_STU00740,RANDOM_LP_06_SYNTHETIC_0189
RANDOM_LP_06_SYNTHETIC_STU00740,RANDOM_LP_06_SYNTHETIC_0216
RANDOM_LP_06_SYNTHETIC_STU00740,RANDOM_LP_06_SYNTHETIC_0241
RANDOM_LP_06_SYNTHETIC_STU00741,RANDOM_LP_06_SYNTHETIC_0016
RANDOM_LP_06_SYNTHETIC_STU00741,RANDOM_LP_06_SYNTHETIC_0137
RANDOM_LP_06_SYNTHETIC_STU00741,RANDOM_LP_06_SYNTHETIC_0305
RANDOM_LP_06_SYNTHETIC_STU00741,RANDOM_LP_06_SYNTHETIC_0361
RANDOM_LP_06_SYNTHETIC_STU00742,RANDOM_LP_06_SYNTHETIC_0004
RANDOM_LP_06_SYNTHETIC_STU00742,RANDOM_LP_06_SYNTHETIC_0257
RANDOM_LP_06_SYNTHETIC_STU00742,RANDOM_LP_06_SYNTHETIC_0284
RANDOM_LP_06_SYNTHETIC_STU00742,RANDOM_LP_06_SYNTHETIC_0290
RANDOM_LP_06_SYNTHETIC_STU00743,RANDOM_LP_06_SYNTHETIC_0100
RANDOM_LP_06_SYNTHETIC_STU00743,RANDOM_LP_06_SYNTHETIC_0231
RANDOM_LP_06_SYNTHETIC_STU00743,RANDOM_LP_06_SYNTHETIC_0248
RANDOM_LP_06_SYNTHETIC_STU00743,RANDOM_LP_06_SYNTHETIC_0322
RANDOM_LP_06_SYNTHETIC_STU00743,RANDOM_LP_06_SYNTHETIC_0438
RANDOM_LP_06_SYNTHETIC_STU00743,RANDOM_LP_06_SYNTHETIC_0484
RANDOM_LP_06_SYNTHETIC_STU00744,RANDOM_LP_06_SYNTHETIC_0133
RANDOM_LP_06_SYNTHETIC_STU00744,RANDOM_LP_06_SYNTHETIC_0277
RANDOM_LP_06_SYNTHETIC_STU00744,RANDOM_LP_06_SYNTHETIC_0327
RANDOM_LP_06_SYNTHETIC_STU00744,RANDOM_LP_06_SYNTHETIC_0348
RANDOM_LP_06_SYNTHETIC_STU00744,RANDOM_LP_06_SYNTHETIC_0419
RANDOM_LP_06_SYNTHETIC_STU00745,RANDOM_LP_06_SYNTHETIC_0167
RANDOM_LP_06_SYNTHETIC_STU00745,RANDOM_LP_06_SYNTHETIC_0350
RANDOM_LP_06_SYNTHETIC_STU00746,RANDOM_LP_06_SYNTHETIC_0036
RANDOM_LP_06_SYNTHETIC_STU00746,RANDOM_LP_06_SYNTHETIC_0234
RANDOM_LP_06_SYNTHETIC_STU00746,RANDOM_LP_06_SYNTHETIC_0241
RANDOM_LP_06_SYNTHETIC_STU00746,RANDOM_LP_06_SYNTHETIC_0416
RANDOM_LP_06_SYNTHETIC_STU00747,RANDOM_LP_06_SYNTHETIC_0200
RANDOM_LP_06_SYNTHETIC_STU00747,RANDOM_LP_06_SYNTHETIC_0480
RANDOM_LP_06_SYNTHETIC_STU00747,RANDOM_LP_06_SYNTHETIC_0494
RANDOM_LP_06_SYNTHETIC_STU00748,RANDOM_LP_06_SYNTHETIC_0037
RANDOM_LP_06_SYNTHETIC_STU00748,RANDOM_LP_06_SYNTHETIC_0136
RANDOM_LP_06_SYNTHETIC_STU00748,RANDOM_LP_06_SYNTHETIC_0311
RANDOM_LP_06_SYNTHETIC_STU00749,RANDOM_LP_06_SYNTHETIC_0191
RANDOM_LP_06_SYNTHETIC_STU00749,RANDOM_LP_06_SYNTHETIC_0404
RANDOM_LP_06_SYNTHETIC_STU00749,RANDOM_LP_06_SYNTHETIC_0466
RANDOM_LP_06_SYNTHETIC_STU00750,RANDOM_LP_06_SYNTHETIC_0083
RANDOM_LP_06_SYNTHETIC_STU00750,RANDOM_LP_06_SYNTHETIC_0203
RANDOM_LP_06_SYNTHETIC_STU00750,RANDOM_LP_06_SYNTHETIC_0359
RANDOM_LP_06_SYNTHETIC_STU00750,RANDOM_LP_06_SYNTHETIC_0475
RANDOM_LP_06_SYNTHETIC_STU00751,RANDOM_LP_06_SYNTHETIC_0028
RANDOM_LP_06_SYNTHETIC_STU00751,RANDOM_LP_06_SYNTHETIC_0120
RANDOM_LP_06_SYNTHETIC_STU00751,RANDOM_LP_06_SYNTHETIC_0135
RANDOM_LP_06_SYNTHETIC_STU00751,RANDOM_LP_06_SYNTHETIC_0329
RANDOM_LP_06_SYNTHETIC_STU00751,RANDOM_LP_06_SYNTHETIC_0494
RANDOM_LP_06_SYNTHETIC_STU00752,RANDOM_LP_06_SYNTHETIC_0069
RANDOM_LP_06_SYNTHETIC_STU00752,RANDOM_LP_06_SYNTHETIC_0100
RANDOM_LP_06_SYNTHETIC_STU00752,RANDOM_LP_06_SYNTHETIC_0152
RANDOM_LP_06_SYNTHETIC_STU00752,RANDOM_LP_06_SYNTHETIC_0238
RANDOM_LP_06_SYNTHETIC_STU00752,RANDOM_LP_06_SYNTHETIC_0313
RANDOM_LP_06_SYNTHETIC_STU00752,RANDOM_LP_06_SYNTHETIC_0382
RANDOM_LP_06_SYNTHETIC_STU00752,RANDOM_LP_06_SYNTHETIC_0459
RANDOM_LP_06_SYNTHETIC_STU00753,RANDOM_LP_06_SYNTHETIC_0039
RANDOM_LP_06_SYNTHETIC_STU00753,RANDOM_LP_06_SYNTHETIC_0214
RANDOM_LP_06_SYNTHETIC_STU00753,RANDOM_LP_06_SYNTHETIC_0398
RANDOM_LP_06_SYNTHETIC_STU00753,RANDOM_LP_06_SYNTHETIC_0404
RANDOM_LP_06_SYNTHETIC_STU00753,RANDOM_LP_06_SYNTHETIC_0414
RANDOM_LP_06_SYNTHETIC_STU00753,RANDOM_LP_06_SYNTHETIC_0493
RANDOM_LP_06_SYNTHETIC_STU00754,RANDOM_LP_06_SYNTHETIC_0173
RANDOM_LP_06_SYNTHETIC_STU00754,RANDOM_LP_06_SYNTHETIC_0319
RANDOM_LP_06_SYNTHETIC_STU00754,RANDOM_LP_06_SYNTHETIC_0328
RANDOM_LP_06_SYNTHETIC_STU00755,RANDOM_LP_06_SYNTHETIC_0184
RANDOM_LP_06_SYNTHETIC_STU00755,RANDOM_LP_06_SYNTHETIC_0212
RANDOM_LP_06_SYNTHETIC_STU00755,RANDOM_LP_06_SYNTHETIC_0497
RANDOM_LP_06_SYNTHETIC_STU00756,RANDOM_LP_06_SYNTHETIC_0134
RANDOM_LP_06_SYNTHETIC_STU00756,RANDOM_LP_06_SYNTHETIC_0400
RANDOM_LP_06_SYNTHETIC_STU00756,RANDOM_LP_06_SYNTHETIC_0484
RANDOM_LP_06_SYNTHETIC_STU00757,RANDOM_LP_06_SYNTHETIC_0002
RANDOM_LP_06_SYNTHETIC_STU00757,RANDOM_LP_06_SYNTHETIC_0143
RANDOM_LP_06_SYNTHETIC_STU00757,RANDOM_LP_06_SYNTHETIC_0424
RANDOM_LP_06_SYNTHETIC_STU00758,RANDOM_LP_06_SYNTHETIC_0010
RANDOM_LP_06_SYNTHETIC_STU00758,RANDOM_LP_06_SYNTHETIC_0057
RANDOM_LP_06_SYNTHETIC_STU00758,RANDOM_LP_06_SYNTHETIC_0069
RANDOM_LP_06_SYNTHETIC_STU00758,RANDOM_LP_06_SYNTHETIC_0079
RANDOM_LP_06_SYNTHETIC_STU00758,RANDOM_LP_06_SYNTHETIC_0230
RANDOM_LP_06_SYNTHETIC_STU00759,RANDOM_LP_06_SYNTHETIC_0253
RANDOM_LP_06_SYNTHETIC_STU00759,RANDOM_LP_06_SYNTHETIC_0319
RANDOM_LP_06_SYNTHETIC_STU00760,RANDOM_LP_06_SYNTHETIC_0369
RANDOM_LP_06_SYNTHETIC_STU00760,RANDOM_LP_06_SYNTHETIC_0402
RANDOM_LP_06_SYNTHETIC_STU00761,RANDOM_LP_06_SYNTHETIC_0089
RANDOM_LP_06_SYNTHETIC_STU00761,RANDOM_LP_06_SYNTHETIC_0442
RANDOM_LP_06_SYNTHETIC_STU00762,RANDOM_LP_06_SYNTHETIC_0067
RANDOM_LP_06_SYNTHETIC_STU00762,RANDOM_LP_06_SYNTHETIC_0176
RANDOM_LP_06_SYNTHETIC_STU00762,RANDOM_LP_06_SYNTHETIC_0395
RANDOM_LP_06_SYNTHETIC_STU00763,RANDOM_LP_06_SYNTHETIC_0017
RANDOM_LP_06_SYNTHETIC_STU00763,RANDOM_LP_06_SYNTHETIC_0158
RANDOM_LP_06_SYNTHETIC_STU00763,RANDOM_LP_06_SYNTHETIC_0410
RANDOM_LP_06_SYNTHETIC_STU00763,RANDOM_LP_06_SYNTHETIC_0480
RANDOM_LP_06_SYNTHETIC_STU00764,RANDOM_LP_06_SYNTHETIC_0013
RANDOM_LP_06_SYNTHETIC_STU00764,RANDOM_LP_06_SYNTHETIC_0438
RANDOM_LP_06_SYNTHETIC_STU00764,RANDOM_LP_06_SYNTHETIC_0500
RANDOM_LP_06_SYNTHETIC_STU00765,RANDOM_LP_06_SYNTHETIC_0104
RANDOM_LP_06_SYNTHETIC_STU00765,RANDOM_LP_06_SYNTHETIC_0165
RANDOM_LP_06_SYNTHETIC_STU00765,RANDOM_LP_06_SYNTHETIC_0212
RANDOM_LP_06_SYNTHETIC_STU00765,RANDOM_LP_06_SYNTHETIC_0417
RANDOM_LP_06_SYNTHETIC_STU00766,RANDOM_LP_06_SYNTHETIC_0078
RANDOM_LP_06_SYNTHETIC_STU00766,RANDOM_LP_06_SYNTHETIC_0169
RANDOM_LP_06_SYNTHETIC_STU00766,RANDOM_LP_06_SYNTHETIC_0441
RANDOM_LP_06_SYNTHETIC_STU00767,RANDOM_LP_06_SYNTHETIC_0061
RANDOM_LP_06_SYNTHETIC_STU00767,RANDOM_LP_06_SYNTHETIC_0296
RANDOM_LP_06_SYNTHETIC_STU00767,RANDOM_LP_06_SYNTHETIC_0317
RANDOM_LP_06_SYNTHETIC_STU00768,RANDOM_LP_06_SYNTHETIC_0096
RANDOM_LP_06_SYNTHETIC_STU00768,RANDOM_LP_06_SYNTHETIC_0130
RANDOM_LP_06_SYNTHETIC_STU00768,RANDOM_LP_06_SYNTHETIC_0137
RANDOM_LP_06_SYNTHETIC_STU00768,RANDOM_LP_06_SYNTHETIC_0383
RANDOM_LP_06_SYNTHETIC_STU00769,RANDOM_LP_06_SYNTHETIC_0030
RANDOM_LP_06_SYNTHETIC_STU00769,RANDOM_LP_06_SYNTHETIC_0089
RANDOM_LP_06_SYNTHETIC_STU00769,RANDOM_LP_06_SYNTHETIC_0343
RANDOM_LP_06_SYNTHETIC_STU00770,RANDOM_LP_06_SYNTHETIC_0079
RANDOM_LP_06_SYNTHETIC_STU00770,RANDOM_LP_06_SYNTHETIC_0253
RANDOM_LP_06_SYNTHETIC_STU00770,RANDOM_LP_06_SYNTHETIC_0365
RANDOM_LP_06_SYNTHETIC_STU00770,RANDOM_LP_06_SYNTHETIC_0435
RANDOM_LP_06_SYNTHETIC_STU00770,RANDOM_LP_06_SYNTHETIC_0455
RANDOM_LP_06_SYNTHETIC_STU00771,RANDOM_LP_06_SYNTHETIC_0109
RANDOM_LP_06_SYNTHETIC_STU00771,RANDOM_LP_06_SYNTHETIC_0136
RANDOM_LP_06_SYNTHETIC_STU00771,RANDOM_LP_06_SYNTHETIC_0242
RANDOM_LP_06_SYNTHETIC_STU00771,RANDOM_LP_06_SYNTHETIC_0422
RANDOM_LP_06_SYNTHETIC_STU00771,RANDOM_LP_06_SYNTHETIC_0436
RANDOM_LP_06_SYNTHETIC_STU00771,RANDOM_LP_06_SYNTHETIC_0452
RANDOM_LP_06_SYNTHETIC_STU00772,RANDOM_LP_06_SYNTHETIC_0319
RANDOM_LP_06_SYNTHETIC_STU00772,RANDOM_LP_06_SYNTHETIC_0350
RANDOM_LP_06_SYNTHETIC_STU00773,RANDOM_LP_06_SYNTHETIC_0167
RANDOM_LP_06_SYNTHETIC_STU00773,RANDOM_LP_06_SYNTHETIC_0260
RANDOM_LP_06_SYNTHETIC_STU00774,RANDOM_LP_06_SYNTHETIC_0453
RANDOM_LP_06_SYNTHETIC_STU00774,RANDOM_LP_06_SYNTHETIC_0488
RANDOM_LP_06_SYNTHETIC_STU00775,RANDOM_LP_06_SYNTHETIC_0048
RANDOM_LP_06_SYNTHETIC_STU00775,RANDOM_LP_06_SYNTHETIC_0092
RANDOM_LP_06_SYNTHETIC_STU00775,RANDOM_LP_06_SYNTHETIC_0167
RANDOM_LP_06_SYNTHETIC_STU00775,RANDOM_LP_06_SYNTHETIC_0175
RANDOM_LP_06_SYNTHETIC_STU00775,RANDOM_LP_06_SYNTHETIC_0351
RANDOM_LP_06_SYNTHETIC_STU00776,RANDOM_LP_06_SYNTHETIC_0024
RANDOM_LP_06_SYNTHETIC_STU00776,RANDOM_LP_06_SYNTHETIC_0074
RANDOM_LP_06_SYNTHETIC_STU00776,RANDOM_LP_06_SYNTHETIC_0191
RANDOM_LP_06_SYNTHETIC_STU00776,RANDOM_LP_06_SYNTHETIC_0237
RANDOM_LP_06_SYNTHETIC_STU00776,RANDOM_LP_06_SYNTHETIC_0387
RANDOM_LP_06_SYNTHETIC_STU00776,RANDOM_LP_06_SYNTHETIC_0431
RANDOM_LP_06_SYNTHETIC_STU00777,RANDOM_LP_06_SYNTHETIC_0177
RANDOM_LP_06_SYNTHETIC_STU00777,RANDOM_LP_06_SYNTHETIC_0372
RANDOM_LP_06_SYNTHETIC_STU00777,RANDOM_LP_06_SYNTHETIC_0418
RANDOM_LP_06_SYNTHETIC_STU00778,RANDOM_LP_06_SYNTHETIC_0030
RANDOM_LP_06_SYNTHETIC_STU00778,RANDOM_LP_06_SYNTHETIC_0060
RANDOM_LP_06_SYNTHETIC_STU00778,RANDOM_LP_06_SYNTHETIC_0096
RANDOM_LP_06_SYNTHETIC_STU00778,RANDOM_LP_06_SYNTHETIC_0297
RANDOM_LP_06_SYNTHETIC_STU00778,RANDOM_LP_06_SYNTHETIC_0358
RANDOM_LP_06_SYNTHETIC_STU00779,RANDOM_LP_06_SYNTHETIC_0205
RANDOM_LP_06_SYNTHETIC_STU00779,RANDOM_LP_06_SYNTHETIC_0243
RANDOM_LP_06_SYNTHETIC_STU00779,RANDOM_LP_06_SYNTHETIC_0288
RANDOM_LP_06_SYNTHETIC_STU00780,RANDOM_LP_06_SYNTHETIC_0076
RANDOM_LP_06_SYNTHETIC_STU00781,RANDOM_LP_06_SYNTHETIC_0085
RANDOM_LP_06_SYNTHETIC_STU00781,RANDOM_LP_06_SYNTHETIC_0448
RANDOM_LP_06_SYNTHETIC_STU00782,RANDOM_LP_06_SYNTHETIC_0044
RANDOM_LP_06_SYNTHETIC_STU00782,RANDOM_LP_06_SYNTHETIC_0134
RANDOM_LP_06_SYNTHETIC_STU00782,RANDOM_LP_06_SYNTHETIC_0481
RANDOM_LP_06_SYNTHETIC_STU00783,RANDOM_LP_06_SYNTHETIC_0056
RANDOM_LP_06_SYNTHETIC_STU00784,RANDOM_LP_06_SYNTHETIC_0184
RANDOM_LP_06_SYNTHETIC_STU00784,RANDOM_LP_06_SYNTHETIC_0190
RANDOM_LP_06_SYNTHETIC_STU00784,RANDOM_LP_06_SYNTHETIC_0198
RANDOM_LP_06_SYNTHETIC_STU00785,RANDOM_LP_06_SYNTHETIC_0056
RANDOM_LP_06_SYNTHETIC_STU00785,RANDOM_LP_06_SYNTHETIC_0109
RANDOM_LP_06_SYNTHETIC_STU00785,RANDOM_LP_06_SYNTHETIC_0296
RANDOM_LP_06_SYNTHETIC_STU00786,RANDOM_LP_06_SYNTHETIC_0092
RANDOM_LP_06_SYNTHETIC_STU00786,RANDOM_LP_06_SYNTHETIC_0112
RANDOM_LP_06_SYNTHETIC_STU00786,RANDOM_LP_06_SYNTHETIC_0158
RANDOM_LP_06_SYNTHETIC_STU00787,RANDOM_LP_06_SYNTHETIC_0171
RANDOM_LP_06_SYNTHETIC_STU00787,RANDOM_LP_06_SYNTHETIC_0275
RANDOM_LP_06_SYNTHETIC_STU00788,RANDOM_LP_06_SYNTHETIC_0192
RANDOM_LP_06_SYNTHETIC_STU00789,RANDOM_LP_06_SYNTHETIC_0153
RANDOM_LP_06_SYNTHETIC_STU00789,RANDOM_LP_06_SYNTHETIC_0241
RANDOM_LP_06_SYNTHETIC_STU00789,RANDOM_LP_06_SYNTHETIC_0248
RANDOM_LP_06_SYNTHETIC_STU00789,RANDOM_LP_06_SYNTHETIC_0355
RANDOM_LP_06_SYNTHETIC_STU00789,RANDOM_LP_06_SYNTHETIC_0367
RANDOM_LP_06_SYNTHETIC_STU00789,RANDOM_LP_06_SYNTHETIC_0401
RANDOM_LP_06_SYNTHETIC_STU00789,RANDOM_LP_06_SYNTHETIC_0416
RANDOM_LP_06_SYNTHETIC_STU00790,RANDOM_LP_06_SYNTHETIC_0118
RANDOM_LP_06_SYNTHETIC_STU00790,RANDOM_LP_06_SYNTHETIC_0146
RANDOM_LP_06_SYNTHETIC_STU00790,RANDOM_LP_06_SYNTHETIC_0427
RANDOM_LP_06_SYNTHETIC_STU00791,RANDOM_LP_06_SYNTHETIC_0341
RANDOM_LP_06_SYNTHETIC_STU00791,RANDOM_LP_06_SYNTHETIC_0357
RANDOM_LP_06_SYNTHETIC_STU00791,RANDOM_LP_06_SYNTHETIC_0407
RANDOM_LP_06_SYNTHETIC_STU00792,RANDOM_LP_06_SYNTHETIC_0198
RANDOM_LP_06_SYNTHETIC_STU00792,RANDOM_LP_06_SYNTHETIC_0326
RANDOM_LP_06_SYNTHETIC_STU00792,RANDOM_LP_06_SYNTHETIC_0449
RANDOM_LP_06_SYNTHETIC_STU00792,RANDOM_LP_06_SYNTHETIC_0460
RANDOM_LP_06_SYNTHETIC_STU00792,RANDOM_LP_06_SYNTHETIC_0471
RANDOM_LP_06_SYNTHETIC_STU00793,RANDOM_LP_06_SYNTHETIC_0106
RANDOM_LP_06_SYNTHETIC_STU00793,RANDOM_LP_06_SYNTHETIC_0148
RANDOM_LP_06_SYNTHETIC_STU00793,RANDOM_LP_06_SYNTHETIC_0267
RANDOM_LP_06_SYNTHETIC_STU00793,RANDOM_LP_06_SYNTHETIC_0309
RANDOM_LP_06_SYNTHETIC_STU00794,RANDOM_LP_06_SYNTHETIC_0319
RANDOM_LP_06_SYNTHETIC_STU00794,RANDOM_LP_06_SYNTHETIC_0325
RANDOM_LP_06_SYNTHETIC_STU00794,RANDOM_LP_06_SYNTHETIC_0327
RANDOM_LP_06_SYNTHETIC_STU00795,RANDOM_LP_06_SYNTHETIC_0033
RANDOM_LP_06_SYNTHETIC_STU00795,RANDOM_LP_06_SYNTHETIC_0148
RANDOM_LP_06_SYNTHETIC_STU00795,RANDOM_LP_06_SYNTHETIC_0409
RANDOM_LP_06_SYNTHETIC_STU00796,RANDOM_LP_06_SYNTHETIC_0209
RANDOM_LP_06_SYNTHETIC_STU00796,RANDOM_LP_06_SYNTHETIC_0277
RANDOM_LP_06_SYNTHETIC_STU00797,RANDOM_LP_06_SYNTHETIC_0007
RANDOM_LP_06_SYNTHETIC_STU00797,RANDOM_LP_06_SYNTHETIC_0067
RANDOM_LP_06_SYNTHETIC_STU00797,RANDOM_LP_06_SYNTHETIC_0135
RANDOM_LP_06_SYNTHETIC_STU00797,RANDOM_LP_06_SYNTHETIC_0154
RANDOM_LP_06_SYNTHETIC_STU00797,RANDOM_LP_06_SYNTHETIC_0327
RANDOM_LP_06_SYNTHETIC_STU00797,RANDOM_LP_06_SYNTHETIC_0436
RANDOM_LP_06_SYNTHETIC_STU00797,RANDOM_LP_06_SYNTHETIC_0457
RANDOM_LP_06_SYNTHETIC_STU00798,RANDOM_LP_06_SYNTHETIC_0119
RANDOM_LP_06_SYNTHETIC_STU00798,RANDOM_LP_06_SYNTHETIC_0486
RANDOM_LP_06_SYNTHETIC_STU00799,RANDOM_LP_06_SYNTHETIC_0268
RANDOM_LP_06_SYNTHETIC_STU00799,RANDOM_LP_06_SYNTHETIC_0316
RANDOM_LP_06_SYNTHETIC_STU00800,RANDOM_LP_06_SYNTHETIC_0161
RANDOM_LP_06_SYNTHETIC_STU00800,RANDOM_LP_06_SYNTHETIC_0202
RANDOM_LP_06_SYNTHETIC_STU00801,RANDOM_LP_06_SYNTHETIC_0136
RANDOM_LP_06_SYNTHETIC_STU00801,RANDOM_LP_06_SYNTHETIC_0233
RANDOM_LP_06_SYNTHETIC_STU00802,RANDOM_LP_06_SYNTHETIC_0099
RANDOM_LP_06_SYNTHETIC_STU00802,RANDOM_LP_06_SYNTHETIC_0181
RANDOM_LP_06_SYNTHETIC_STU00802,RANDOM_LP_06_SYNTHETIC_0423
RANDOM_LP_06_SYNTHETIC_STU00803,RANDOM_LP_06_SYNTHETIC_0305
RANDOM_LP_06_SYNTHETIC_STU00803,RANDOM_LP_06_SYNTHETIC_0459
RANDOM_LP_06_SYNTHETIC_STU00804,RANDOM_LP_06_SYNTHETIC_0003
RANDOM_LP_06_SYNTHETIC_STU00804,RANDOM_LP_06_SYNTHETIC_0118
RANDOM_LP_06_SYNTHETIC_STU00804,RANDOM_LP_06_SYNTHETIC_0168
RANDOM_LP_06_SYNTHETIC_STU00804,RANDOM_LP_06_SYNTHETIC_0321
RANDOM_LP_06_SYNTHETIC_STU00805,RANDOM_LP_06_SYNTHETIC_0037
RANDOM_LP_06_SYNTHETIC_STU00805,RANDOM_LP_06_SYNTHETIC_0097
RANDOM_LP_06_SYNTHETIC_STU00805,RANDOM_LP_06_SYNTHETIC_0176
RANDOM_LP_06_SYNTHETIC_STU00805,RANDOM_LP_06_SYNTHETIC_0304
RANDOM_LP_06_SYNTHETIC_STU00805,RANDOM_LP_06_SYNTHETIC_0446
RANDOM_LP_06_SYNTHETIC_STU00806,RANDOM_LP_06_SYNTHETIC_0105
RANDOM_LP_06_SYNTHETIC_STU00806,RANDOM_LP_06_SYNTHETIC_0291
RANDOM_LP_06_SYNTHETIC_STU00806,RANDOM_LP_06_SYNTHETIC_0335
RANDOM_LP_06_SYNTHETIC_STU00806,RANDOM_LP_06_SYNTHETIC_0427
RANDOM_LP_06_SYNTHETIC_STU00807,RANDOM_LP_06_SYNTHETIC_0054
RANDOM_LP_06_SYNTHETIC_STU00807,RANDOM_LP_06_SYNTHETIC_0104
RANDOM_LP_06_SYNTHETIC_STU00807,RANDOM_LP_06_SYNTHETIC_0498
RANDOM_LP_06_SYNTHETIC_STU00808,RANDOM_LP_06_SYNTHETIC_0079
RANDOM_LP_06_SYNTHETIC_STU00808,RANDOM_LP_06_SYNTHETIC_0133
RANDOM_LP_06_SYNTHETIC_STU00809,RANDOM_LP_06_SYNTHETIC_0024
RANDOM_LP_06_SYNTHETIC_STU00809,RANDOM_LP_06_SYNTHETIC_0036
RANDOM_LP_06_SYNTHETIC_STU00809,RANDOM_LP_06_SYNTHETIC_0318
RANDOM_LP_06_SYNTHETIC_STU00809,RANDOM_LP_06_SYNTHETIC_0457
RANDOM_LP_06_SYNTHETIC_STU00810,RANDOM_LP_06_SYNTHETIC_0074
RANDOM_LP_06_SYNTHETIC_STU00810,RANDOM_LP_06_SYNTHETIC_0137
RANDOM_LP_06_SYNTHETIC_STU00810,RANDOM_LP_06_SYNTHETIC_0328
RANDOM_LP_06_SYNTHETIC_STU00811,RANDOM_LP_06_SYNTHETIC_0016
RANDOM_LP_06_SYNTHETIC_STU00811,RANDOM_LP_06_SYNTHETIC_0111
RANDOM_LP_06_SYNTHETIC_STU00811,RANDOM_LP_06_SYNTHETIC_0129
RANDOM_LP_06_SYNTHETIC_STU00811,RANDOM_LP_06_SYNTHETIC_0183
RANDOM_LP_06_SYNTHETIC_STU00812,RANDOM_LP_06_SYNTHETIC_0199
RANDOM_LP_06_SYNTHETIC_STU00812,RANDOM_LP_06_SYNTHETIC_0281
RANDOM_LP_06_SYNTHETIC_STU00813,RANDOM_LP_06_SYNTHETIC_0299
RANDOM_LP_06_SYNTHETIC_STU00813,RANDOM_LP_06_SYNTHETIC_0324
RANDOM_LP_06_SYNTHETIC_STU00813,RANDOM_LP_06_SYNTHETIC_0464
RANDOM_LP_06_SYNTHETIC_STU00814,RANDOM_LP_06_SYNTHETIC_0034
RANDOM_LP_06_SYNTHETIC_STU00814,RANDOM_LP_06_SYNTHETIC_0078
RANDOM_LP_06_SYNTHETIC_STU00814,RANDOM_LP_06_SYNTHETIC_0469
RANDOM_LP_06_SYNTHETIC_STU00815,RANDOM_LP_06_SYNTHETIC_0222
RANDOM_LP_06_SYNTHETIC_STU00815,RANDOM_LP_06_SYNTHETIC_0257
RANDOM_LP_06_SYNTHETIC_STU00815,RANDOM_LP_06_SYNTHETIC_0410
RANDOM_LP_06_SYNTHETIC_STU00816,RANDOM_LP_06_SYNTHETIC_0077
RANDOM_LP_06_SYNTHETIC_STU00816,RANDOM_LP_06_SYNTHETIC_0423
RANDOM_LP_06_SYNTHETIC_STU00817,RANDOM_LP_06_SYNTHETIC_0305
RANDOM_LP_06_SYNTHETIC_STU00818,RANDOM_LP_06_SYNTHETIC_0006
RANDOM_LP_06_SYNTHETIC_STU00819,RANDOM_LP_06_SYNTHETIC_0035
RANDOM_LP_06_SYNTHETIC_STU00819,RANDOM_LP_06_SYNTHETIC_0155
RANDOM_LP_06_SYNTHETIC_STU00820,RANDOM_LP_06_SYNTHETIC_0034
RANDOM_LP_06_SYNTHETIC_STU00820,RANDOM_LP_06_SYNTHETIC_0076
RANDOM_LP_06_SYNTHETIC_STU00820,RANDOM_LP_06_SYNTHETIC_0085
RANDOM_LP_06_SYNTHETIC_STU00820,RANDOM_LP_06_SYNTHETIC_0271
RANDOM_LP_06_SYNTHETIC_STU00820,RANDOM_LP_06_SYNTHETIC_0282
RANDOM_LP_06_SYNTHETIC_STU00820,RANDOM_LP_06_SYNTHETIC_0329
RANDOM_LP_06_SYNTHETIC_STU00821,RANDOM_LP_06_SYNTHETIC_0111
RANDOM_LP_06_SYNTHETIC_STU00821,RANDOM_LP_06_SYNTHETIC_0205
RANDOM_LP_06_SYNTHETIC_STU00822,RANDOM_LP_06_SYNTHETIC_0039
RANDOM_LP_06_SYNTHETIC_STU00822,RANDOM_LP_06_SYNTHETIC_0150
RANDOM_LP_06_SYNTHETIC_STU00822,RANDOM_LP_06_SYNTHETIC_0186
RANDOM_LP_06_SYNTHETIC_STU00822,RANDOM_LP_06_SYNTHETIC_0255
RANDOM_LP_06_SYNTHETIC_STU00823,RANDOM_LP_06_SYNTHETIC_0074
RANDOM_LP_06_SYNTHETIC_STU00823,RANDOM_LP_06_SYNTHETIC_0088
RANDOM_LP_06_SYNTHETIC_STU00823,RANDOM_LP_06_SYNTHETIC_0137
RANDOM_LP_06_SYNTHETIC_STU00823,RANDOM_LP_06_SYNTHETIC_0162
RANDOM_LP_06_SYNTHETIC_STU00823,RANDOM_LP_06_SYNTHETIC_0180
RANDOM_LP_06_SYNTHETIC_STU00823,RANDOM_LP_06_SYNTHETIC_0365
RANDOM_LP_06_SYNTHETIC_STU00823,RANDOM_LP_06_SYNTHETIC_0410
RANDOM_LP_06_SYNTHETIC_STU00823,RANDOM_LP_06_SYNTHETIC_0475
RANDOM_LP_06_SYNTHETIC_STU00824,RANDOM_LP_06_SYNTHETIC_0079
RANDOM_LP_06_SYNTHETIC_STU00824,RANDOM_LP_06_SYNTHETIC_0111
RANDOM_LP_06_SYNTHETIC_STU00824,RANDOM_LP_06_SYNTHETIC_0457
RANDOM_LP_06_SYNTHETIC_STU00825,RANDOM_LP_06_SYNTHETIC_0157
RANDOM_LP_06_SYNTHETIC_STU00825,RANDOM_LP_06_SYNTHETIC_0398
RANDOM_LP_06_SYNTHETIC_STU00826,RANDOM_LP_06_SYNTHETIC_0028
RANDOM_LP_06_SYNTHETIC_STU00826,RANDOM_LP_06_SYNTHETIC_0233
RANDOM_LP_06_SYNTHETIC_STU00826,RANDOM_LP_06_SYNTHETIC_0361
RANDOM_LP_06_SYNTHETIC_STU00827,RANDOM_LP_06_SYNTHETIC_0014
RANDOM_LP_06_SYNTHETIC_STU00827,RANDOM_LP_06_SYNTHETIC_0365
RANDOM_LP_06_SYNTHETIC_STU00827,RANDOM_LP_06_SYNTHETIC_0404
RANDOM_LP_06_SYNTHETIC_STU00828,RANDOM_LP_06_SYNTHETIC_0020
RANDOM_LP_06_SYNTHETIC_STU00828,RANDOM_LP_06_SYNTHETIC_0158
RANDOM_LP_06_SYNTHETIC_STU00828,RANDOM_LP_06_SYNTHETIC_0424
RANDOM_LP_06_SYNTHETIC_STU00829,RANDOM_LP_06_SYNTHETIC_0108
RANDOM_LP_06_SYNTHETIC_STU00829,RANDOM_LP_06_SYNTHETIC_0165
RANDOM_LP_06_SYNTHETIC_STU00829,RANDOM_LP_06_SYNTHETIC_0329
RANDOM_LP_06_SYNTHETIC_STU00830,RANDOM_LP_06_SYNTHETIC_0481
RANDOM_LP_06_SYNTHETIC_STU00831,RANDOM_LP_06_SYNTHETIC_0399
RANDOM_LP_06_SYNTHETIC_STU00831,RANDOM_LP_06_SYNTHETIC_0411
RANDOM_LP_06_SYNTHETIC_STU00831,RANDOM_LP_06_SYNTHETIC_0494
RANDOM_LP_06_SYNTHETIC_STU00832,RANDOM_LP_06_SYNTHETIC_0115
RANDOM_LP_06_SYNTHETIC_STU00833,RANDOM_LP_06_SYNTHETIC_0065
RANDOM_LP_06_SYNTHETIC_STU00833,RANDOM_LP_06_SYNTHETIC_0175
RANDOM_LP_06_SYNTHETIC_STU00833,RANDOM_LP_06_SYNTHETIC_0248
RANDOM_LP_06_SYNTHETIC_STU00833,RANDOM_LP_06_SYNTHETIC_0327
RANDOM_LP_06_SYNTHETIC_STU00833,RANDOM_LP_06_SYNTHETIC_0491
RANDOM_LP_06_SYNTHETIC_STU00834,RANDOM_LP_06_SYNTHETIC_0029
RANDOM_LP_06_SYNTHETIC_STU00834,RANDOM_LP_06_SYNTHETIC_0153
RANDOM_LP_06_SYNTHETIC_STU00834,RANDOM_LP_06_SYNTHETIC_0485
RANDOM_LP_06_SYNTHETIC_STU00835,RANDOM_LP_06_SYNTHETIC_0032
RANDOM_LP_06_SYNTHETIC_STU00835,RANDOM_LP_06_SYNTHETIC_0113
RANDOM_LP_06_SYNTHETIC_STU00835,RANDOM_LP_06_SYNTHETIC_0227
RANDOM_LP_06_SYNTHETIC_STU00835,RANDOM_LP_06_SYNTHETIC_0275
RANDOM_LP_06_SYNTHETIC_STU00836,RANDOM_LP_06_SYNTHETIC_0126
RANDOM_LP_06_SYNTHETIC_STU00836,RANDOM_LP_06_SYNTHETIC_0206
RANDOM_LP_06_SYNTHETIC_STU00836,RANDOM_LP_06_SYNTHETIC_0251
RANDOM_LP_06_SYNTHETIC_STU00836,RANDOM_LP_06_SYNTHETIC_0334
RANDOM_LP_06_SYNTHETIC_STU00837,RANDOM_LP_06_SYNTHETIC_0078
RANDOM_LP_06_SYNTHETIC_STU00837,RANDOM_LP_06_SYNTHETIC_0260
RANDOM_LP_06_SYNTHETIC_STU00837,RANDOM_LP_06_SYNTHETIC_0275
RANDOM_LP_06_SYNTHETIC_STU00838,RANDOM_LP_06_SYNTHETIC_0036
RANDOM_LP_06_SYNTHETIC_STU00838,RANDOM_LP_06_SYNTHETIC_0039
RANDOM_LP_06_SYNTHETIC_STU00838,RANDOM_LP_06_SYNTHETIC_0160
RANDOM_LP_06_SYNTHETIC_STU00838,RANDOM_LP_06_SYNTHETIC_0271
RANDOM_LP_06_SYNTHETIC_STU00839,RANDOM_LP_06_SYNTHETIC_0152
RANDOM_LP_06_SYNTHETIC_STU00839,RANDOM_LP_06_SYNTHETIC_0217
RANDOM_LP_06_SYNTHETIC_STU00840,RANDOM_LP_06_SYNTHETIC_0079
RANDOM_LP_06_SYNTHETIC_STU00840,RANDOM_LP_06_SYNTHETIC_0154
RANDOM_LP_06_SYNTHETIC_STU00841,RANDOM_LP_06_SYNTHETIC_0022
RANDOM_LP_06_SYNTHETIC_STU00841,RANDOM_LP_06_SYNTHETIC_0088
RANDOM_LP_06_SYNTHETIC_STU00841,RANDOM_LP_06_SYNTHETIC_0227
RANDOM_LP_06_SYNTHETIC_STU00841,RANDOM_LP_06_SYNTHETIC_0432
RANDOM_LP_06_SYNTHETIC_STU00842,RANDOM_LP_06_SYNTHETIC_0231
RANDOM_LP_06_SYNTHETIC_STU00842,RANDOM_LP_06_SYNTHETIC_0441
RANDOM_LP_06_SYNTHETIC_STU00842,RANDOM_LP_06_SYNTHETIC_0450
RANDOM_LP_06_SYNTHETIC_STU00842,RANDOM_LP_06_SYNTHETIC_0473
RANDOM_LP_06_SYNTHETIC_STU00842,RANDOM_LP_06_SYNTHETIC_0499
RANDOM_LP_06_SYNTHETIC_STU00843,RANDOM_LP_06_SYNTHETIC_0064
RANDOM_LP_06_SYNTHETIC_STU00843,RANDOM_LP_06_SYNTHETIC_0093
RANDOM_LP_06_SYNTHETIC_STU00843,RANDOM_LP_06_SYNTHETIC_0184
RANDOM_LP_06_SYNTHETIC_STU00843,RANDOM_LP_06_SYNTHETIC_0205
RANDOM_LP_06_SYNTHETIC_STU00843,RANDOM_LP_06_SYNTHETIC_0248
RANDOM_LP_06_SYNTHETIC_STU00844,RANDOM_LP_06_SYNTHETIC_0034
RANDOM_LP_06_SYNTHETIC_STU00845,RANDOM_LP_06_SYNTHETIC_0184
RANDOM_LP_06_SYNTHETIC_STU00845,RANDOM_LP_06_SYNTHETIC_0368
RANDOM_LP_06_SYNTHETIC_STU00845,RANDOM_LP_06_SYNTHETIC_0494
RANDOM_LP_06_SYNTHETIC_STU00846,RANDOM_LP_06_SYNTHETIC_0013
RANDOM_LP_06_SYNTHETIC_STU00846,RANDOM_LP_06_SYNTHETIC_0258
RANDOM_LP_06_SYNTHETIC_STU00847,RANDOM_LP_06_SYNTHETIC_0028
RANDOM_LP_06_SYNTHETIC_STU00847,RANDOM_LP_06_SYNTHETIC_0090
RANDOM_LP_06_SYNTHETIC_STU00847,RANDOM_LP_06_SYNTHETIC_0106
RANDOM_LP_06_SYNTHETIC_STU00847,RANDOM_LP_06_SYNTHETIC_0121
RANDOM_LP_06_SYNTHETIC_STU00847,RANDOM_LP_06_SYNTHETIC_0231
RANDOM_LP_06_SYNTHETIC_STU00847,RANDOM_LP_06_SYNTHETIC_0387
RANDOM_LP_06_SYNTHETIC_STU00847,RANDOM_LP_06_SYNTHETIC_0436
RANDOM_LP_06_SYNTHETIC_STU00847,RANDOM_LP_06_SYNTHETIC_0438
RANDOM_LP_06_SYNTHETIC_STU00848,RANDOM_LP_06_SYNTHETIC_0032
RANDOM_LP_06_SYNTHETIC_STU00848,RANDOM_LP_06_SYNTHETIC_0041
RANDOM_LP_06_SYNTHETIC_STU00848,RANDOM_LP_06_SYNTHETIC_0224
RANDOM_LP_06_SYNTHETIC_STU00848,RANDOM_LP_06_SYNTHETIC_0327
RANDOM_LP_06_SYNTHETIC_STU00849,RANDOM_LP_06_SYNTHETIC_0207
RANDOM_LP_06_SYNTHETIC_STU00849,RANDOM_LP_06_SYNTHETIC_0352
RANDOM_LP_06_SYNTHETIC_STU00850,RANDOM_LP_06_SYNTHETIC_0079
RANDOM_LP_06_SYNTHETIC_STU00850,RANDOM_LP_06_SYNTHETIC_0094
RANDOM_LP_06_SYNTHETIC_STU00850,RANDOM_LP_06_SYNTHETIC_0436
RANDOM_LP_06_SYNTHETIC_STU00850,RANDOM_LP_06_SYNTHETIC_0473
RANDOM_LP_06_SYNTHETIC_STU00851,RANDOM_LP_06_SYNTHETIC_0050
RANDOM_LP_06_SYNTHETIC_STU00852,RANDOM_LP_06_SYNTHETIC_0023
RANDOM_LP_06_SYNTHETIC_STU00852,RANDOM_LP_06_SYNTHETIC_0067
RANDOM_LP_06_SYNTHETIC_STU00852,RANDOM_LP_06_SYNTHETIC_0188
RANDOM_LP_06_SYNTHETIC_STU00852,RANDOM_LP_06_SYNTHETIC_0195
RANDOM_LP_06_SYNTHETIC_STU00852,RANDOM_LP_06_SYNTHETIC_0217
RANDOM_LP_06_SYNTHETIC_STU00852,RANDOM_LP_06_SYNTHETIC_0330
RANDOM_LP_06_SYNTHETIC_STU00852,RANDOM_LP_06_SYNTHETIC_0347
RANDOM_LP_06_SYNTHETIC_STU00853,RANDOM_LP_06_SYNTHETIC_0178
RANDOM_LP_06_SYNTHETIC_STU00853,RANDOM_LP_06_SYNTHETIC_0239
RANDOM_LP_06_SYNTHETIC_STU00853,RANDOM_LP_06_SYNTHETIC_0411
RANDOM_LP_06_SYNTHETIC_STU00854,RANDOM_LP_06_SYNTHETIC_0095
RANDOM_LP_06_SYNTHETIC_STU00854,RANDOM_LP_06_SYNTHETIC_0271
RANDOM_LP_06_SYNTHETIC_STU00854,RANDOM_LP_06_SYNTHETIC_0294
RANDOM_LP_06_SYNTHETIC_STU00854,RANDOM_LP_06_SYNTHETIC_0383
RANDOM_LP_06_SYNTHETIC_STU00855,RANDOM_LP_06_SYNTHETIC_0334
RANDOM_LP_06_SYNTHETIC_STU00855,RANDOM_LP_06_SYNTHETIC_0458
RANDOM_LP_06_SYNTHETIC_STU00856,RANDOM_LP_06_SYNTHETIC_0182
RANDOM_LP_06_SYNTHETIC_STU00856,RANDOM_LP_06_SYNTHETIC_0372
RANDOM_LP_06_SYNTHETIC_STU00856,RANDOM_LP_06_SYNTHETIC_0389
RANDOM_LP_06_SYNTHETIC_STU00856,RANDOM_LP_06_SYNTHETIC_0479
RANDOM_LP_06_SYNTHETIC_STU00856,RANDOM_LP_06_SYNTHETIC_0491
RANDOM_LP_06_SYNTHETIC_STU00857,RANDOM_LP_06_SYNTHETIC_0180
RANDOM_LP_06_SYNTHETIC_STU00857,RANDOM_LP_06_SYNTHETIC_0323
RANDOM_LP_06_SYNTHETIC_STU00857,RANDOM_LP_06_SYNTHETIC_0404
RANDOM_LP_06_SYNTHETIC_STU00857,RANDOM_LP_06_SYNTHETIC_0438
RANDOM_LP_06_SYNTHETIC_STU00857,RANDOM_LP_06_SYNTHETIC_0460
RANDOM_LP_06_SYNTHETIC_STU00858,RANDOM_LP_06_SYNTHETIC_0086
RANDOM_LP_06_SYNTHETIC_STU00858,RANDOM_LP_06_SYNTHETIC_0132
RANDOM_LP_06_SYNTHETIC_STU00858,RANDOM_LP_06_SYNTHETIC_0217
RANDOM_LP_06_SYNTHETIC_STU00859,RANDOM_LP_06_SYNTHETIC_0099
RANDOM_LP_06_SYNTHETIC_STU00859,RANDOM_LP_06_SYNTHETIC_0115
RANDOM_LP_06_SYNTHETIC_STU00860,RANDOM_LP_06_SYNTHETIC_0055
RANDOM_LP_06_SYNTHETIC_STU00860,RANDOM_LP_06_SYNTHETIC_0072
RANDOM_LP_06_SYNTHETIC_STU00860,RANDOM_LP_06_SYNTHETIC_0425
RANDOM_LP_06_SYNTHETIC_STU00861,RANDOM_LP_06_SYNTHETIC_0107
RANDOM_LP_06_SYNTHETIC_STU00861,RANDOM_LP_06_SYNTHETIC_0270
RANDOM_LP_06_SYNTHETIC_STU00861,RANDOM_LP_06_SYNTHETIC_0275
RANDOM_LP_06_SYNTHETIC_STU00861,RANDOM_LP_06_SYNTHETIC_0438
RANDOM_LP_06_SYNTHETIC_STU00862,RANDOM_LP_06_SYNTHETIC_0119
RANDOM_LP_06_SYNTHETIC_STU00862,RANDOM_LP_06_SYNTHETIC_0161
RANDOM_LP_06_SYNTHETIC_STU00863,RANDOM_LP_06_SYNTHETIC_0013
RANDOM_LP_06_SYNTHETIC_STU00863,RANDOM_LP_06_SYNTHETIC_0073
RANDOM_LP_06_SYNTHETIC_STU00863,RANDOM_LP_06_SYNTHETIC_0299
RANDOM_LP_06_SYNTHETIC_STU00863,RANDOM_LP_06_SYNTHETIC_0320
RANDOM_LP_06_SYNTHETIC_STU00863,RANDOM_LP_06_SYNTHETIC_0404
RANDOM_LP_06_SYNTHETIC_STU00864,RANDOM_LP_06_SYNTHETIC_0196
RANDOM_LP_06_SYNTHETIC_STU00864,RANDOM_LP_06_SYNTHETIC_0477
RANDOM_LP_06_SYNTHETIC_STU00865,RANDOM_LP_06_SYNTHETIC_0005
RANDOM_LP_06_SYNTHETIC_STU00865,RANDOM_LP_06_SYNTHETIC_0078
RANDOM_LP_06_SYNTHETIC_STU00865,RANDOM_LP_06_SYNTHETIC_0079
RANDOM_LP_06_SYNTHETIC_STU00865,RANDOM_LP_06_SYNTHETIC_0248
RANDOM_LP_06_SYNTHETIC_STU00866,RANDOM_LP_06_SYNTHETIC_0222
RANDOM_LP_06_SYNTHETIC_STU00866,RANDOM_LP_06_SYNTHETIC_0320
RANDOM_LP_06_SYNTHETIC_STU00866,RANDOM_LP_06_SYNTHETIC_0454
RANDOM_LP_06_SYNTHETIC_STU00867,RANDOM_LP_06_SYNTHETIC_0028
RANDOM_LP_06_SYNTHETIC_STU00867,RANDOM_LP_06_SYNTHETIC_0240
RANDOM_LP_06_SYNTHETIC_STU00867,RANDOM_LP_06_SYNTHETIC_0251
RANDOM_LP_06_SYNTHETIC_STU00867,RANDOM_LP_06_SYNTHETIC_0404
RANDOM_LP_06_SYNTHETIC_STU00868,RANDOM_LP_06_SYNTHETIC_0178
RANDOM_LP_06_SYNTHETIC_STU00868,RANDOM_LP_06_SYNTHETIC_0422
RANDOM_LP_06_SYNTHETIC_STU00869,RANDOM_LP_06_SYNTHETIC_0101
RANDOM_LP_06_SYNTHETIC_STU00869,RANDOM_LP_06_SYNTHETIC_0286
RANDOM_LP_06_SYNTHETIC_STU00869,RANDOM_LP_06_SYNTHETIC_0325
RANDOM_LP_06_SYNTHETIC_STU00869,RANDOM_LP_06_SYNTHETIC_0326
RANDOM_LP_06_SYNTHETIC_STU00869,RANDOM_LP_06_SYNTHETIC_0422
RANDOM_LP_06_SYNTHETIC_STU00870,RANDOM_LP_06_SYNTHETIC_0153
RANDOM_LP_06_SYNTHETIC_STU00870,RANDOM_LP_06_SYNTHETIC_0164
RANDOM_LP_06_SYNTHETIC_STU00870,RANDOM_LP_06_SYNTHETIC_0182
RANDOM_LP_06_SYNTHETIC_STU00870,RANDOM_LP_06_SYNTHETIC_0448
RANDOM_LP_06_SYNTHETIC_STU00871,RANDOM_LP_06_SYNTHETIC_0063
RANDOM_LP_06_SYNTHETIC_STU00871,RANDOM_LP_06_SYNTHETIC_0454
RANDOM_LP_06_SYNTHETIC_STU00872,RANDOM_LP_06_SYNTHETIC_0332
RANDOM_LP_06_SYNTHETIC_STU00872,RANDOM_LP_06_SYNTHETIC_0341
RANDOM_LP_06_SYNTHETIC_STU00873,RANDOM_LP_06_SYNTHETIC_0319
RANDOM_LP_06_SYNTHETIC_STU00873,RANDOM_LP_06_SYNTHETIC_0429
RANDOM_LP_06_SYNTHETIC_STU00874,RANDOM_LP_06_SYNTHETIC_0365
RANDOM_LP_06_SYNTHETIC_STU00874,RANDOM_LP_06_SYNTHETIC_0456
RANDOM_LP_06_SYNTHETIC_STU00875,RANDOM_LP_06_SYNTHETIC_0149
RANDOM_LP_06_SYNTHETIC_STU00875,RANDOM_LP_06_SYNTHETIC_0487
RANDOM_LP_06_SYNTHETIC_STU00876,RANDOM_LP_06_SYNTHETIC_0244
RANDOM_LP_06_SYNTHETIC_STU00876,RANDOM_LP_06_SYNTHETIC_0495
RANDOM_LP_06_SYNTHETIC_STU00877,RANDOM_LP_06_SYNTHETIC_0018
RANDOM_LP_06_SYNTHETIC_STU00877,RANDOM_LP_06_SYNTHETIC_0035
RANDOM_LP_06_SYNTHETIC_STU00877,RANDOM_LP_06_SYNTHETIC_0063
RANDOM_LP_06_SYNTHETIC_STU00877,RANDOM_LP_06_SYNTHETIC_0389
RANDOM_LP_06_SYNTHETIC_STU00877,RANDOM_LP_06_SYNTHETIC_0475
RANDOM_LP_06_SYNTHETIC_STU00878,RANDOM_LP_06_SYNTHETIC_0193
RANDOM_LP_06_SYNTHETIC_STU00878,RANDOM_LP_06_SYNTHETIC_0231
RANDOM_LP_06_SYNTHETIC_STU00878,RANDOM_LP_06_SYNTHETIC_0328
RANDOM_LP_06_SYNTHETIC_STU00879,RANDOM_LP_06_SYNTHETIC_0240
RANDOM_LP_06_SYNTHETIC_STU00879,RANDOM_LP_06_SYNTHETIC_0255
RANDOM_LP_06_SYNTHETIC_STU00879,RANDOM_LP_06_SYNTHETIC_0370
RANDOM_LP_06_SYNTHETIC_STU00879,RANDOM_LP_06_SYNTHETIC_0411
RANDOM_LP_06_SYNTHETIC_STU00879,RANDOM_LP_06_SYNTHETIC_0436
RANDOM_LP_06_SYNTHETIC_STU00880,RANDOM_LP_06_SYNTHETIC_0112
RANDOM_LP_06_SYNTHETIC_STU00880,RANDOM_LP_06_SYNTHETIC_0492
RANDOM_LP_06_SYNTHETIC_STU00881,RANDOM_LP_06_SYNTHETIC_0029
RANDOM_LP_06_SYNTHETIC_STU00881,RANDOM_LP_06_SYNTHETIC_0123
RANDOM_LP_06_SYNTHETIC_STU00881,RANDOM_LP_06_SYNTHETIC_0259
RANDOM_LP_06_SYNTHETIC_STU00881,RANDOM_LP_06_SYNTHETIC_0320
RANDOM_LP_06_SYNTHETIC_STU00882,RANDOM_LP_06_SYNTHETIC_0150
RANDOM_LP_06_SYNTHETIC_STU00882,RANDOM_LP_06_SYNTHETIC_0218
RANDOM_LP_06_SYNTHETIC_STU00882,RANDOM_LP_06_SYNTHETIC_0284
RANDOM_LP_06_SYNTHETIC_STU00883,RANDOM_LP_06_SYNTHETIC_0240
RANDOM_LP_06_SYNTHETIC_STU00883,RANDOM_LP_06_SYNTHETIC_0375
RANDOM_LP_06_SYNTHETIC_STU00883,RANDOM_LP_06_SYNTHETIC_0438
RANDOM_LP_06_SYNTHETIC_STU00884,RANDOM_LP_06_SYNTHETIC_0068
RANDOM_LP_06_SYNTHETIC_STU00885,RANDOM_LP_06_SYNTHETIC_0009
RANDOM_LP_06_SYNTHETIC_STU00885,RANDOM_LP_06_SYNTHETIC_0321
RANDOM_LP_06_SYNTHETIC_STU00886,RANDOM_LP_06_SYNTHETIC_0148
RANDOM_LP_06_SYNTHETIC_STU00886,RANDOM_LP_06_SYNTHETIC_0190
RANDOM_LP_06_SYNTHETIC_STU00886,RANDOM_LP_06_SYNTHETIC_0330
RANDOM_LP_06_SYNTHETIC_STU00886,RANDOM_LP_06_SYNTHETIC_0367
RANDOM_LP_06_SYNTHETIC_STU00887,RANDOM_LP_06_SYNTHETIC_0101
RANDOM_LP_06_SYNTHETIC_STU00887,RANDOM_LP_06_SYNTHETIC_0232
RANDOM_LP_06_SYNTHETIC_STU00887,RANDOM_LP_06_SYNTHETIC_0394
RANDOM_LP_06_SYNTHETIC_STU00887,RANDOM_LP_06_SYNTHETIC_0408
RANDOM_LP_06_SYNTHETIC_STU00887,RANDOM_LP_06_SYNTHETIC_0492
RANDOM_LP_06_SYNTHETIC_STU00888,RANDOM_LP_06_SYNTHETIC_0144
RANDOM_LP_06_SYNTHETIC_STU00888,RANDOM_LP_06_SYNTHETIC_0413
RANDOM_LP_06_SYNTHETIC_STU00888,RANDOM_LP_06_SYNTHETIC_0438
RANDOM_LP_06_SYNTHETIC_STU00888,RANDOM_LP_06_SYNTHETIC_0448
RANDOM_LP_06_SYNTHETIC_STU00888,RANDOM_LP_06_SYNTHETIC_0496
RANDOM_LP_06_SYNTHETIC_STU00889,RANDOM_LP_06_SYNTHETIC_0085
RANDOM_LP_06_SYNTHETIC_STU00890,RANDOM_LP_06_SYNTHETIC_0384
RANDOM_LP_06_SYNTHETIC_STU00891,RANDOM_LP_06_SYNTHETIC_0335
RANDOM_LP_06_SYNTHETIC_STU00892,RANDOM_LP_06_SYNTHETIC_0044
RANDOM_LP_06_SYNTHETIC_STU00892,RANDOM_LP_06_SYNTHETIC_0321
RANDOM_LP_06_SYNTHETIC_STU00892,RANDOM_LP_06_SYNTHETIC_0409
RANDOM_LP_06_SYNTHETIC_STU00892,RANDOM_LP_06_SYNTHETIC_0458
RANDOM_LP_06_SYNTHETIC_STU00892,RANDOM_LP_06_SYNTHETIC_0463
RANDOM_LP_06_SYNTHETIC_STU00893,RANDOM_LP_06_SYNTHETIC_0022
RANDOM_LP_06_SYNTHETIC_STU00893,RANDOM_LP_06_SYNTHETIC_0094
RANDOM_LP_06_SYNTHETIC_STU00893,RANDOM_LP_06_SYNTHETIC_0442
RANDOM_LP_06_SYNTHETIC_STU00894,RANDOM_LP_06_SYNTHETIC_0150
RANDOM_LP_06_SYNTHETIC_STU00894,RANDOM_LP_06_SYNTHETIC_0280
RANDOM_LP_06_SYNTHETIC_STU00894,RANDOM_LP_06_SYNTHETIC_0337
RANDOM_LP_06_SYNTHETIC_STU00894,RANDOM_LP_06_SYNTHETIC_0395
RANDOM_LP_06_SYNTHETIC_STU00895,RANDOM_LP_06_SYNTHETIC_0132
RANDOM_LP_06_SYNTHETIC_STU00895,RANDOM_LP_06_SYNTHETIC_0175
RANDOM_LP_06_SYNTHETIC_STU00895,RANDOM_LP_06_SYNTHETIC_0362
RANDOM_LP_06_SYNTHETIC_STU00896,RANDOM_LP_06_SYNTHETIC_0294
RANDOM_LP_06_SYNTHETIC_STU00897,RANDOM_LP_06_SYNTHETIC_0151
RANDOM_LP_06_SYNTHETIC_STU00898,RANDOM_LP_06_SYNTHETIC_0107
RANDOM_LP_06_SYNTHETIC_STU00898,RANDOM_LP_06_SYNTHETIC_0271
RANDOM_LP_06_SYNTHETIC_STU00898,RANDOM_LP_06_SYNTHETIC_0341
RANDOM_LP_06_SYNTHETIC_STU00899,RANDOM_LP_06_SYNTHETIC_0058
RANDOM_LP_06_SYNTHETIC_STU00899,RANDOM_LP_06_SYNTHETIC_0112
RANDOM_LP_06_SYNTHETIC_STU00899,RANDOM_LP_06_SYNTHETIC_0268
RANDOM_LP_06_SYNTHETIC_STU00899,RANDOM_LP_06_SYNTHETIC_0324
RANDOM_LP_06_SYNTHETIC_STU00899,RANDOM_LP_06_SYNTHETIC_0376
RANDOM_LP_06_SYNTHETIC_STU00900,RANDOM_LP_06_SYNTHETIC_0313
RANDOM_LP_06_SYNTHETIC_STU00901,RANDOM_LP_06_SYNTHETIC_0235
RANDOM_LP_06_SYNTHETIC_STU00901,RANDOM_LP_06_SYNTHETIC_0261
RANDOM_LP_06_SYNTHETIC_STU00902,RANDOM_LP_06_SYNTHETIC_0211
RANDOM_LP_06_SYNTHETIC_STU00902,RANDOM_LP_06_SYNTHETIC_0250
RANDOM_LP_06_SYNTHETIC_STU00902,RANDOM_LP_06_SYNTHETIC_0285
RANDOM_LP_06_SYNTHETIC_STU00902,RANDOM_LP_06_SYNTHETIC_0344
RANDOM_LP_06_SYNTHETIC_STU00903,RANDOM_LP_06_SYNTHETIC_0065
RANDOM_LP_06_SYNTHETIC_STU00903,RANDOM_LP_06_SYNTHETIC_0079
RANDOM_LP_06_SYNTHETIC_STU00903,RANDOM_LP_06_SYNTHETIC_0358
RANDOM_LP_06_SYNTHETIC_STU00903,RANDOM_LP_06_SYNTHETIC_0386
RANDOM_LP_06_SYNTHETIC_STU00903,RANDOM_LP_06_SYNTHETIC_0436
RANDOM_LP_06_SYNTHETIC_STU00903,RANDOM_LP_06_SYNTHETIC_0438
RANDOM_LP_06_SYNTHETIC_STU00904,RANDOM_LP_06_SYNTHETIC_0016
RANDOM_LP_06_SYNTHETIC_STU00904,RANDOM_LP_06_SYNTHETIC_0196
RANDOM_LP_06_SYNTHETIC_STU00904,RANDOM_LP_06_SYNTHETIC_0375
RANDOM_LP_06_SYNTHETIC_STU00905,RANDOM_LP_06_SYNTHETIC_0002
RANDOM_LP_06_SYNTHETIC_STU00905,RANDOM_LP_06_SYNTHETIC_0071
RANDOM_LP_06_SYNTHETIC_STU00905,RANDOM_LP_06_SYNTHETIC_0261
RANDOM_LP_06_SYNTHETIC_STU00905,RANDOM_LP_06_SYNTHETIC_0359
RANDOM_LP_06_SYNTHETIC_STU00906,RANDOM_LP_06_SYNTHETIC_0112
RANDOM_LP_06_SYNTHETIC_STU00906,RANDOM_LP_06_SYNTHETIC_0256
RANDOM_LP_06_SYNTHETIC_STU00906,RANDOM_LP_06_SYNTHETIC_0423
RANDOM_LP_06_SYNTHETIC_STU00907,RANDOM_LP_06_SYNTHETIC_0080
RANDOM_LP_06_SYNTHETIC_STU00907,RANDOM_LP_06_SYNTHETIC_0423
RANDOM_LP_06_SYNTHETIC_STU00907,RANDOM_LP_06_SYNTHETIC_0488
RANDOM_LP_06_SYNTHETIC_STU00908,RANDOM_LP_06_SYNTHETIC_0365
RANDOM_LP_06_SYNTHETIC_STU00908,RANDOM_LP_06_SYNTHETIC_0423
RANDOM_LP_06_SYNTHETIC_STU00909,RANDOM_LP_06_SYNTHETIC_0244
RANDOM_LP_06_SYNTHETIC_STU00909,RANDOM_LP_06_SYNTHETIC_0488
RANDOM_LP_06_SYNTHETIC_STU00910,RANDOM_LP_06_SYNTHETIC_0053
RANDOM_LP_06_SYNTHETIC_STU00910,RANDOM_LP_06_SYNTHETIC_0062
RANDOM_LP_06_SYNTHETIC_STU00910,RANDOM_LP_06_SYNTHETIC_0133
RANDOM_LP_06_SYNTHETIC_STU00910,RANDOM_LP_06_SYNTHETIC_0165
RANDOM_LP_06_SYNTHETIC_STU00910,RANDOM_LP_06_SYNTHETIC_0288
RANDOM_LP_06_SYNTHETIC_STU00910,RANDOM_LP_06_SYNTHETIC_0423
RANDOM_LP_06_SYNTHETIC_STU00910,RANDOM_LP_06_SYNTHETIC_0435
RANDOM_LP_06_SYNTHETIC_STU00911,RANDOM_LP_06_SYNTHETIC_0234
RANDOM_LP_06_SYNTHETIC_STU00911,RANDOM_LP_06_SYNTHETIC_0288
RANDOM_LP_06_SYNTHETIC_STU00912,RANDOM_LP_06_SYNTHETIC_0051
RANDOM_LP_06_SYNTHETIC_STU00912,RANDOM_LP_06_SYNTHETIC_0052
RANDOM_LP_06_SYNTHETIC_STU00912,RANDOM_LP_06_SYNTHETIC_0325
RANDOM_LP_06_SYNTHETIC_STU00913,RANDOM_LP_06_SYNTHETIC_0057
RANDOM_LP_06_SYNTHETIC_STU00913,RANDOM_LP_06_SYNTHETIC_0368
RANDOM_LP_06_SYNTHETIC_STU00913,RANDOM_LP_06_SYNTHETIC_0409
RANDOM_LP_06_SYNTHETIC_STU00914,RANDOM_LP_06_SYNTHETIC_0023
RANDOM_LP_06_SYNTHETIC_STU00914,RANDOM_LP_06_SYNTHETIC_0334
RANDOM_LP_06_SYNTHETIC_STU00914,RANDOM_LP_06_SYNTHETIC_0431
RANDOM_LP_06_SYNTHETIC_STU00915,RANDOM_LP_06_SYNTHETIC_0027
RANDOM_LP_06_SYNTHETIC_STU00915,RANDOM_LP_06_SYNTHETIC_0049
RANDOM_LP_06_SYNTHETIC_STU00915,RANDOM_LP_06_SYNTHETIC_0166
RANDOM_LP_06_SYNTHETIC_STU00915,RANDOM_LP_06_SYNTHETIC_0178
RANDOM_LP_06_SYNTHETIC_STU00916,RANDOM_LP_06_SYNTHETIC_0248
RANDOM_LP_06_SYNTHETIC_STU00916,RANDOM_LP_06_SYNTHETIC_0324
RANDOM_LP_06_SYNTHETIC_STU00917,RANDOM_LP_06_SYNTHETIC_0048
RANDOM_LP_06_SYNTHETIC_STU00917,RANDOM_LP_06_SYNTHETIC_0368
RANDOM_LP_06_SYNTHETIC_STU00917,RANDOM_LP_06_SYNTHETIC_0482
RANDOM_LP_06_SYNTHETIC_STU00918,RANDOM_LP_06_SYNTHETIC_0418
RANDOM_LP_06_SYNTHETIC_STU00919,RANDOM_LP_06_SYNTHETIC_0033
RANDOM_LP_06_SYNTHETIC_STU00919,RANDOM_LP_06_SYNTHETIC_0368
RANDOM_LP_06_SYNTHETIC_STU00919,RANDOM_LP_06_SYNTHETIC_0376
RANDOM_LP_06_SYNTHETIC_STU00919,RANDOM_LP_06_SYNTHETIC_0431
RANDOM_LP_06_SYNTHETIC_STU00920,RANDOM_LP_06_SYNTHETIC_0315
RANDOM_LP_06_SYNTHETIC_STU00920,RANDOM_LP_06_SYNTHETIC_0485
RANDOM_LP_06_SYNTHETIC_STU00920,RANDOM_LP_06_SYNTHETIC_0487
RANDOM_LP_06_SYNTHETIC_STU00921,RANDOM_LP_06_SYNTHETIC_0008
RANDOM_LP_06_SYNTHETIC_STU00921,RANDOM_LP_06_SYNTHETIC_0042
RANDOM_LP_06_SYNTHETIC_STU00921,RANDOM_LP_06_SYNTHETIC_0206
RANDOM_LP_06_SYNTHETIC_STU00921,RANDOM_LP_06_SYNTHETIC_0232
RANDOM_LP_06_SYNTHETIC_STU00921,RANDOM_LP_06_SYNTHETIC_0288
RANDOM_LP_06_SYNTHETIC_STU00922,RANDOM_LP_06_SYNTHETIC_0112
RANDOM_LP_06_SYNTHETIC_STU00922,RANDOM_LP_06_SYNTHETIC_0246
RANDOM_LP_06_SYNTHETIC_STU00922,RANDOM_LP_06_SYNTHETIC_0352
RANDOM_LP_06_SYNTHETIC_STU00923,RANDOM_LP_06_SYNTHETIC_0137
RANDOM_LP_06_SYNTHETIC_STU00923,RANDOM_LP_06_SYNTHETIC_0181
RANDOM_LP_06_SYNTHETIC_STU00923,RANDOM_LP_06_SYNTHETIC_0251
RANDOM_LP_06_SYNTHETIC_STU00924,RANDOM_LP_06_SYNTHETIC_0065
RANDOM_LP_06_SYNTHETIC_STU00925,RANDOM_LP_06_SYNTHETIC_0303
RANDOM_LP_06_SYNTHETIC_STU00925,RANDOM_LP_06_SYNTHETIC_0319
RANDOM_LP_06_SYNTHETIC_STU00925,RANDOM_LP_06_SYNTHETIC_0386
RANDOM_LP_06_SYNTHETIC_STU00926,RANDOM_LP_06_SYNTHETIC_0040
RANDOM_LP_06_SYNTHETIC_STU00926,RANDOM_LP_06_SYNTHETIC_0189
RANDOM_LP_06_SYNTHETIC_STU00926,RANDOM_LP_06_SYNTHETIC_0277
RANDOM_LP_06_SYNTHETIC_STU00926,RANDOM_LP_06_SYNTHETIC_0422
RANDOM_LP_06_SYNTHETIC_STU00927,RANDOM_LP_06_SYNTHETIC_0132
RANDOM_LP_06_SYNTHETIC_STU00927,RANDOM_LP_06_SYNTHETIC_0441
RANDOM_LP_06_SYNTHETIC_STU00928,RANDOM_LP_06_SYNTHETIC_0039
RANDOM_LP_06_SYNTHETIC_STU00929,RANDOM_LP_06_SYNTHETIC_0080
RANDOM_LP_06_SYNTHETIC_STU00929,RANDOM_LP_06_SYNTHETIC_0486
RANDOM_LP_06_SYNTHETIC_STU00930,RANDOM_LP_06_SYNTHETIC_0051
RANDOM_LP_06_SYNTHETIC_STU00930,RANDOM_LP_06_SYNTHETIC_0296
RANDOM_LP_06_SYNTHETIC_STU00930,RANDOM_LP_06_SYNTHETIC_0302
RANDOM_LP_06_SYNTHETIC_STU00930,RANDOM_LP_06_SYNTHETIC_0342
RANDOM_LP_06_SYNTHETIC_STU00930,RANDOM_LP_06_SYNTHETIC_0361
RANDOM_LP_06_SYNTHETIC_STU00930,RANDOM_LP_06_SYNTHETIC_0445
RANDOM_LP_06_SYNTHETIC_STU00931,RANDOM_LP_06_SYNTHETIC_0069
RANDOM_LP_06_SYNTHETIC_STU00931,RANDOM_LP_06_SYNTHETIC_0081
RANDOM_LP_06_SYNTHETIC_STU00931,RANDOM_LP_06_SYNTHETIC_0217
RANDOM_LP_06_SYNTHETIC_STU00931,RANDOM_LP_06_SYNTHETIC_0475
RANDOM_LP_06_SYNTHETIC_STU00932,RANDOM_LP_06_SYNTHETIC_0055
RANDOM_LP_06_SYNTHETIC_STU00932,RANDOM_LP_06_SYNTHETIC_0457
RANDOM_LP_06_SYNTHETIC_STU00933,RANDOM_LP_06_SYNTHETIC_0055
RANDOM_LP_06_SYNTHETIC_STU00933,RANDOM_LP_06_SYNTHETIC_0254
RANDOM_LP_06_SYNTHETIC_STU00933,RANDOM_LP_06_SYNTHETIC_0496
RANDOM_LP_06_SYNTHETIC_STU00934,RANDOM_LP_06_SYNTHETIC_0154
RANDOM_LP_06_SYNTHETIC_STU00935,RANDOM_LP_06_SYNTHETIC_0214
RANDOM_LP_06_SYNTHETIC_STU00936,RANDOM_LP_06_SYNTHETIC_0106
RANDOM_LP_06_SYNTHETIC_STU00936,RANDOM_LP_06_SYNTHETIC_0120
RANDOM_LP_06_SYNTHETIC_STU00937,RANDOM_LP_06_SYNTHETIC_0081
RANDOM_LP_06_SYNTHETIC_STU00937,RANDOM_LP_06_SYNTHETIC_0137
RANDOM_LP_06_SYNTHETIC_STU00937,RANDOM_LP_06_SYNTHETIC_0210
RANDOM_LP_06_SYNTHETIC_STU00937,RANDOM_LP_06_SYNTHETIC_0387
RANDOM_LP_06_SYNTHETIC_STU00938,RANDOM_LP_06_SYNTHETIC_0034
RANDOM_LP_06_SYNTHETIC_STU00938,RANDOM_LP_06_SYNTHETIC_0389
RANDOM_LP_06_SYNTHETIC_STU00939,RANDOM_LP_06_SYNTHETIC_0040
RANDOM_LP_06_SYNTHETIC_STU00939,RANDOM_LP_06_SYNTHETIC_0254
RANDOM_LP_06_SYNTHETIC_STU00939,RANDOM_LP_06_SYNTHETIC_0387
RANDOM_LP_06_SYNTHETIC_STU00939,RANDOM_LP_06_SYNTHETIC_0390
RANDOM_LP_06_SYNTHETIC_STU00940,RANDOM_LP_06_SYNTHETIC_0039
RANDOM_LP_06_SYNTHETIC_STU00940,RANDOM_LP_06_SYNTHETIC_0370
RANDOM_LP_06_SYNTHETIC_STU00940,RANDOM_LP_06_SYNTHETIC_0463
RANDOM_LP_06_SYNTHETIC_STU00941,RANDOM_LP_06_SYNTHETIC_0065
RANDOM_LP_06_SYNTHETIC_STU00941,RANDOM_LP_06_SYNTHETIC_0416
RANDOM_LP_06_SYNTHETIC_STU00942,RANDOM_LP_06_SYNTHETIC_0103
RANDOM_LP_06_SYNTHETIC_STU00942,RANDOM_LP_06_SYNTHETIC_0172
RANDOM_LP_06_SYNTHETIC_STU00942,RANDOM_LP_06_SYNTHETIC_0185
RANDOM_LP_06_SYNTHETIC_STU00942,RANDOM_LP_06_SYNTHETIC_0494
RANDOM_LP_06_SYNTHETIC_STU00942,RANDOM_LP_06_SYNTHETIC_0500
RANDOM_LP_06_SYNTHETIC_STU00943,RANDOM_LP_06_SYNTHETIC_0037
RANDOM_LP_06_SYNTHETIC_STU00943,RANDOM_LP_06_SYNTHETIC_0203
RANDOM_LP_06_SYNTHETIC_STU00943,RANDOM_LP_06_SYNTHETIC_0247
RANDOM_LP_06_SYNTHETIC_STU00944,RANDOM_LP_06_SYNTHETIC_0065
RANDOM_LP_06_SYNTHETIC_STU00944,RANDOM_LP_06_SYNTHETIC_0231
RANDOM_LP_06_SYNTHETIC_STU00945,RANDOM_LP_06_SYNTHETIC_0034
RANDOM_LP_06_SYNTHETIC_STU00945,RANDOM_LP_06_SYNTHETIC_0296
RANDOM_LP_06_SYNTHETIC_STU00946,RANDOM_LP_06_SYNTHETIC_0067
RANDOM_LP_06_SYNTHETIC_STU00946,RANDOM_LP_06_SYNTHETIC_0079
RANDOM_LP_06_SYNTHETIC_STU00946,RANDOM_LP_06_SYNTHETIC_0116
RANDOM_LP_06_SYNTHETIC_STU00947,RANDOM_LP_06_SYNTHETIC_0018
RANDOM_LP_06_SYNTHETIC_STU00948,RANDOM_LP_06_SYNTHETIC_0315
RANDOM_LP_06_SYNTHETIC_STU00948,RANDOM_LP_06_SYNTHETIC_0388
RANDOM_LP_06_SYNTHETIC_STU00948,RANDOM_LP_06_SYNTHETIC_0406
RANDOM_LP_06_SYNTHETIC_STU00948,RANDOM_LP_06_SYNTHETIC_0452
RANDOM_LP_06_SYNTHETIC_STU00949,RANDOM_LP_06_SYNTHETIC_0074
RANDOM_LP_06_SYNTHETIC_STU00949,RANDOM_LP_06_SYNTHETIC_0162
RANDOM_LP_06_SYNTHETIC_STU00949,RANDOM_LP_06_SYNTHETIC_0178
RANDOM_LP_06_SYNTHETIC_STU00949,RANDOM_LP_06_SYNTHETIC_0212
RANDOM_LP_06_SYNTHETIC_STU00949,RANDOM_LP_06_SYNTHETIC_0342
RANDOM_LP_06_SYNTHETIC_STU00950,RANDOM_LP_06_SYNTHETIC_0198
RANDOM_LP_06_SYNTHETIC_STU00950,RANDOM_LP_06_SYNTHETIC_0380
RANDOM_LP_06_SYNTHETIC_STU00950,RANDOM_LP_06_SYNTHETIC_0495
RANDOM_LP_06_SYNTHETIC_STU00951,RANDOM_LP_06_SYNTHETIC_0087
RANDOM_LP_06_SYNTHETIC_STU00951,RANDOM_LP_06_SYNTHETIC_0202
RANDOM_LP_06_SYNTHETIC_STU00951,RANDOM_LP_06_SYNTHETIC_0466
RANDOM_LP_06_SYNTHETIC_STU00952,RANDOM_LP_06_SYNTHETIC_0007
RANDOM_LP_06_SYNTHETIC_STU00952,RANDOM_LP_06_SYNTHETIC_0275
RANDOM_LP_06_SYNTHETIC_STU00953,RANDOM_LP_06_SYNTHETIC_0073
RANDOM_LP_06_SYNTHETIC_STU00953,RANDOM_LP_06_SYNTHETIC_0233
RANDOM_LP_06_SYNTHETIC_STU00953,RANDOM_LP_06_SYNTHETIC_0318
RANDOM_LP_06_SYNTHETIC_STU00954,RANDOM_LP_06_SYNTHETIC_0155
RANDOM_LP_06_SYNTHETIC_STU00954,RANDOM_LP_06_SYNTHETIC_0293
RANDOM_LP_06_SYNTHETIC_STU00954,RANDOM_LP_06_SYNTHETIC_0465
RANDOM_LP_06_SYNTHETIC_STU00955,RANDOM_LP_06_SYNTHETIC_0045
RANDOM_LP_06_SYNTHETIC_STU00955,RANDOM_LP_06_SYNTHETIC_0423
RANDOM_LP_06_SYNTHETIC_STU00956,RANDOM_LP_06_SYNTHETIC_0223
RANDOM_LP_06_SYNTHETIC_STU00956,RANDOM_LP_06_SYNTHETIC_0497
RANDOM_LP_06_SYNTHETIC_STU00957,RANDOM_LP_06_SYNTHETIC_0074
RANDOM_LP_06_SYNTHETIC_STU00957,RANDOM_LP_06_SYNTHETIC_0240
RANDOM_LP_06_SYNTHETIC_STU00957,RANDOM_LP_06_SYNTHETIC_0324
RANDOM_LP_06_SYNTHETIC_STU00957,RANDOM_LP_06_SYNTHETIC_0402
RANDOM_LP_06_SYNTHETIC_STU00958,RANDOM_LP_06_SYNTHETIC_0355
RANDOM_LP_06_SYNTHETIC_STU00958,RANDOM_LP_06_SYNTHETIC_0406
RANDOM_LP_06_SYNTHETIC_STU00958,RANDOM_LP_06_SYNTHETIC_0475
RANDOM_LP_06_SYNTHETIC_STU00958,RANDOM_LP_06_SYNTHETIC_0497
RANDOM_LP_06_SYNTHETIC_STU00959,RANDOM_LP_06_SYNTHETIC_0397
RANDOM_LP_06_SYNTHETIC_STU00959,RANDOM_LP_06_SYNTHETIC_0401
RANDOM_LP_06_SYNTHETIC_STU00959,RANDOM_LP_06_SYNTHETIC_0422
RANDOM_LP_06_SYNTHETIC_STU00960,RANDOM_LP_06_SYNTHETIC_0304
RANDOM_LP_06_SYNTHETIC_STU00961,RANDOM_LP_06_SYNTHETIC_0092
RANDOM_LP_06_SYNTHETIC_STU00961,RANDOM_LP_06_SYNTHETIC_0140
RANDOM_LP_06_SYNTHETIC_STU00961,RANDOM_LP_06_SYNTHETIC_0295
RANDOM_LP_06_SYNTHETIC_STU00961,RANDOM_LP_06_SYNTHETIC_0398
RANDOM_LP_06_SYNTHETIC_STU00961,RANDOM_LP_06_SYNTHETIC_0449
RANDOM_LP_06_SYNTHETIC_STU00962,RANDOM_LP_06_SYNTHETIC_0197
RANDOM_LP_06_SYNTHETIC_STU00962,RANDOM_LP_06_SYNTHETIC_0255
RANDOM_LP_06_SYNTHETIC_STU00962,RANDOM_LP_06_SYNTHETIC_0324
RANDOM_LP_06_SYNTHETIC_STU00962,RANDOM_LP_06_SYNTHETIC_0361
RANDOM_LP_06_SYNTHETIC_STU00962,RANDOM_LP_06_SYNTHETIC_0383
RANDOM_LP_06_SYNTHETIC_STU00963,RANDOM_LP_06_SYNTHETIC_0246
RANDOM_LP_06_SYNTHETIC_STU00963,RANDOM_LP_06_SYNTHETIC_0351
RANDOM_LP_06_SYNTHETIC_STU00963,RANDOM_LP_06_SYNTHETIC_0410
RANDOM_LP_06_SYNTHETIC_STU00963,RANDOM_LP_06_SYNTHETIC_0427
RANDOM_LP_06_SYNTHETIC_STU00964,RANDOM_LP_06_SYNTHETIC_0178
RANDOM_LP_06_SYNTHETIC_STU00964,RANDOM_LP_06_SYNTHETIC_0341
RANDOM_LP_06_SYNTHETIC_STU00964,RANDOM_LP_06_SYNTHETIC_0495
RANDOM_LP_06_SYNTHETIC_STU00965,RANDOM_LP_06_SYNTHETIC_0016
RANDOM_LP_06_SYNTHETIC_STU00965,RANDOM_LP_06_SYNTHETIC_0231
RANDOM_LP_06_SYNTHETIC_STU00965,RANDOM_LP_06_SYNTHETIC_0275
RANDOM_LP_06_SYNTHETIC_STU00965,RANDOM_LP_06_SYNTHETIC_0417
RANDOM_LP_06_SYNTHETIC_STU00965,RANDOM_LP_06_SYNTHETIC_0497
RANDOM_LP_06_SYNTHETIC_STU00966,RANDOM_LP_06_SYNTHETIC_0102
RANDOM_LP_06_SYNTHETIC_STU00966,RANDOM_LP_06_SYNTHETIC_0158
RANDOM_LP_06_SYNTHETIC_STU00967,RANDOM_LP_06_SYNTHETIC_0028
RANDOM_LP_06_SYNTHETIC_STU00967,RANDOM_LP_06_SYNTHETIC_0033
RANDOM_LP_06_SYNTHETIC_STU00967,RANDOM_LP_06_SYNTHETIC_0100
RANDOM_LP_06_SYNTHETIC_STU00967,RANDOM_LP_06_SYNTHETIC_0247
RANDOM_LP_06_SYNTHETIC_STU00967,RANDOM_LP_06_SYNTHETIC_0322
RANDOM_LP_06_SYNTHETIC_STU00967,RANDOM_LP_06_SYNTHETIC_0398
RANDOM_LP_06_SYNTHETIC_STU00967,RANDOM_LP_06_SYNTHETIC_0483
RANDOM_LP_06_SYNTHETIC_STU00968,RANDOM_LP_06_SYNTHETIC_0040
RANDOM_LP_06_SYNTHETIC_STU00968,RANDOM_LP_06_SYNTHETIC_0424
RANDOM_LP_06_SYNTHETIC_STU00969,RANDOM_LP_06_SYNTHETIC_0021
RANDOM_LP_06_SYNTHETIC_STU00969,RANDOM_LP_06_SYNTHETIC_0069
RANDOM_LP_06_SYNTHETIC_STU00969,RANDOM_LP_06_SYNTHETIC_0447
RANDOM_LP_06_SYNTHETIC_STU00970,RANDOM_LP_06_SYNTHETIC_0078
RANDOM_LP_06_SYNTHETIC_STU00970,RANDOM_LP_06_SYNTHETIC_0488
RANDOM_LP_06_SYNTHETIC_STU00971,RANDOM_LP_06_SYNTHETIC_0195
RANDOM_LP_06_SYNTHETIC_STU00971,RANDOM_LP_06_SYNTHETIC_0368
RANDOM_LP_06_SYNTHETIC_STU00971,RANDOM_LP_06_SYNTHETIC_0419
RANDOM_LP_06_SYNTHETIC_STU00972,RANDOM_LP_06_SYNTHETIC_0031
RANDOM_LP_06_SYNTHETIC_STU00972,RANDOM_LP_06_SYNTHETIC_0115
RANDOM_LP_06_SYNTHETIC_STU00973,RANDOM_LP_06_SYNTHETIC_0250
RANDOM_LP_06_SYNTHETIC_STU00973,RANDOM_LP_06_SYNTHETIC_0394
RANDOM_LP_06_SYNTHETIC_STU00973,RANDOM_LP_06_SYNTHETIC_0491
RANDOM_LP_06_SYNTHETIC_STU00973,RANDOM_LP_06_SYNTHETIC_0498
RANDOM_LP_06_SYNTHETIC_STU00974,RANDOM_LP_06_SYNTHETIC_0184
RANDOM_LP_06_SYNTHETIC_STU00974,RANDOM_LP_06_SYNTHETIC_0209
RANDOM_LP_06_SYNTHETIC_STU00974,RANDOM_LP_06_SYNTHETIC_0248
RANDOM_LP_06_SYNTHETIC_STU00975,RANDOM_LP_06_SYNTHETIC_0113
RANDOM_LP_06_SYNTHETIC_STU00975,RANDOM_LP_06_SYNTHETIC_0313
RANDOM_LP_06_SYNTHETIC_STU00975,RANDOM_LP_06_SYNTHETIC_0449
RANDOM_LP_06_SYNTHETIC_STU00976,RANDOM_LP_06_SYNTHETIC_0121
RANDOM_LP_06_SYNTHETIC_STU00976,RANDOM_LP_06_SYNTHETIC_0356
RANDOM_LP_06_SYNTHETIC_STU00976,RANDOM_LP_06_SYNTHETIC_0375
RANDOM_LP_06_SYNTHETIC_STU00976,RANDOM_LP_06_SYNTHETIC_0389
RANDOM_LP_06_SYNTHETIC_STU00976,RANDOM_LP_06_SYNTHETIC_0461
RANDOM_LP_06_SYNTHETIC_STU00977,RANDOM_LP_06_SYNTHETIC_0059
RANDOM_LP_06_SYNTHETIC_STU00977,RANDOM_LP_06_SYNTHETIC_0172
RANDOM_LP_06_SYNTHETIC_STU00977,RANDOM_LP_06_SYNTHETIC_0319
RANDOM_LP_06_SYNTHETIC_STU00977,RANDOM_LP_06_SYNTHETIC_0419
RANDOM_LP_06_SYNTHETIC_STU00977,RANDOM_LP_06_SYNTHETIC_0482
RANDOM_LP_06_SYNTHETIC_STU00978,RANDOM_LP_06_SYNTHETIC_0074
RANDOM_LP_06_SYNTHETIC_STU00978,RANDOM_LP_06_SYNTHETIC_0094
RANDOM_LP_06_SYNTHETIC_STU00978,RANDOM_LP_06_SYNTHETIC_0143
RANDOM_LP_06_SYNTHETIC_STU00978,RANDOM_LP_06_SYNTHETIC_0256
RANDOM_LP_06_SYNTHETIC_STU00978,RANDOM_LP_06_SYNTHETIC_0380
RANDOM_LP_06_SYNTHETIC_STU00979,RANDOM_LP_06_SYNTHETIC_0283
RANDOM_LP_06_SYNTHETIC_STU00979,RANDOM_LP_06_SYNTHETIC_0311
RANDOM_LP_06_SYNTHETIC_STU00979,RANDOM_LP_06_SYNTHETIC_0334
RANDOM_LP_06_SYNTHETIC_STU00980,RANDOM_LP_06_SYNTHETIC_0102
RANDOM_LP_06_SYNTHETIC_STU00980,RANDOM_LP_06_SYNTHETIC_0435
RANDOM_LP_06_SYNTHETIC_STU00981,RANDOM_LP_06_SYNTHETIC_0031
RANDOM_LP_06_SYNTHETIC_STU00981,RANDOM_LP_06_SYNTHETIC_0195
RANDOM_LP_06_SYNTHETIC_STU00981,RANDOM_LP_06_SYNTHETIC_0278
RANDOM_LP_06_SYNTHETIC_STU00981,RANDOM_LP_06_SYNTHETIC_0380
RANDOM_LP_06_SYNTHETIC_STU00981,RANDOM_LP_06_SYNTHETIC_0386
RANDOM_LP_06_SYNTHETIC_STU00981,RANDOM_LP_06_SYNTHETIC_0460
RANDOM_LP_06_SYNTHETIC_STU00982,RANDOM_LP_06_SYNTHETIC_0079
RANDOM_LP_06_SYNTHETIC_STU00982,RANDOM_LP_06_SYNTHETIC_0085
RANDOM_LP_06_SYNTHETIC_STU00983,RANDOM_LP_06_SYNTHETIC_0332
RANDOM_LP_06_SYNTHETIC_STU00983,RANDOM_LP_06_SYNTHETIC_0419
RANDOM_LP_06_SYNTHETIC_STU00983,RANDOM_LP_06_SYNTHETIC_0439
RANDOM_LP_06_SYNTHETIC_STU00984,RANDOM_LP_06_SYNTHETIC_0430
RANDOM_LP_06_SYNTHETIC_STU00985,RANDOM_LP_06_SYNTHETIC_0029
RANDOM_LP_06_SYNTHETIC_STU00985,RANDOM_LP_06_SYNTHETIC_0100
RANDOM_LP_06_SYNTHETIC_STU00985,RANDOM_LP_06_SYNTHETIC_0153
RANDOM_LP_06_SYNTHETIC_STU00985,RANDOM_LP_06_SYNTHETIC_0463
RANDOM_LP_06_SYNTHETIC_STU00986,RANDOM_LP_06_SYNTHETIC_0080
RANDOM_LP_06_SYNTHETIC_STU00987,RANDOM_LP_06_SYNTHETIC_0080
RANDOM_LP_06_SYNTHETIC_STU00987,RANDOM_LP_06_SYNTHETIC_0082
RANDOM_LP_06_SYNTHETIC_STU00987,RANDOM_LP_06_SYNTHETIC_0227
RANDOM_LP_06_SYNTHETIC_STU00988,RANDOM_LP_06_SYNTHETIC_0063
RANDOM_LP_06_SYNTHETIC_STU00988,RANDOM_LP_06_SYNTHETIC_0137
RANDOM_LP_06_SYNTHETIC_STU00988,RANDOM_LP_06_SYNTHETIC_0138
RANDOM_LP_06_SYNTHETIC_STU00988,RANDOM_LP_06_SYNTHETIC_0197
RANDOM_LP_06_SYNTHETIC_STU00988,RANDOM_LP_06_SYNTHETIC_0410
RANDOM_LP_06_SYNTHETIC_STU00988,RANDOM_LP_06_SYNTHETIC_0473
RANDOM_LP_06_SYNTHETIC_STU00989,RANDOM_LP_06_SYNTHETIC_0440
RANDOM_LP_06_SYNTHETIC_STU00989,RANDOM_LP_06_SYNTHETIC_0473
RANDOM_LP_06_SYNTHETIC_STU00990,RANDOM_LP_06_SYNTHETIC_0365
RANDOM_LP_06_SYNTHETIC_STU00990,RANDOM_LP_06_SYNTHETIC_0416
RANDOM_LP_06_SYNTHETIC_STU00990,RANDOM_LP_06_SYNTHETIC_0426
RANDOM_LP_06_SYNTHETIC_STU00991,RANDOM_LP_06_SYNTHETIC_0016
RANDOM_LP_06_SYNTHETIC_STU00991,RANDOM_LP_06_SYNTHETIC_0036
RANDOM_LP_06_SYNTHETIC_STU00991,RANDOM_LP_06_SYNTHETIC_0156
RANDOM_LP_06_SYNTHETIC_STU00991,RANDOM_LP_06_SYNTHETIC_0202
RANDOM_LP_06_SYNTHETIC_STU00991,RANDOM_LP_06_SYNTHETIC_0304
RANDOM_LP_06_SYNTHETIC_STU00992,RANDOM_LP_06_SYNTHETIC_0148
RANDOM_LP_06_SYNTHETIC_STU00992,RANDOM_LP_06_SYNTHETIC_0344
RANDOM_LP_06_SYNTHETIC_STU00992,RANDOM_LP_06_SYNTHETIC_0350
RANDOM_LP_06_SYNTHETIC_STU00992,RANDOM_LP_06_SYNTHETIC_0402
RANDOM_LP_06_SYNTHETIC_STU00993,RANDOM_LP_06_SYNTHETIC_0079
RANDOM_LP_06_SYNTHETIC_STU00993,RANDOM_LP_06_SYNTHETIC_0172
RANDOM_LP_06_SYNTHETIC_STU00993,RANDOM_LP_06_SYNTHETIC_0178
RANDOM_LP_06_SYNTHETIC_STU00993,RANDOM_LP_06_SYNTHETIC_0469
RANDOM_LP_06_SYNTHETIC_STU00993,RANDOM_LP_06_SYNTHETIC_0497
RANDOM_LP_06_SYNTHETIC_STU00994,RANDOM_LP_06_SYNTHETIC_0281
RANDOM_LP_06_SYNTHETIC_STU00994,RANDOM_LP_06_SYNTHETIC_0336
RANDOM_LP_06_SYNTHETIC_STU00995,RANDOM_LP_06_SYNTHETIC_0055
RANDOM_LP_06_SYNTHETIC_STU00995,RANDOM_LP_06_SYNTHETIC_0139
RANDOM_LP_06_SYNTHETIC_STU00996,RANDOM_LP_06_SYNTHETIC_0310
RANDOM_LP_06_SYNTHETIC_STU00997,RANDOM_LP_06_SYNTHETIC_0013
RANDOM_LP_06_SYNTHETIC_STU00997,RANDOM_LP_06_SYNTHETIC_0416
RANDOM_LP_06_SYNTHETIC_STU00998,RANDOM_LP_06_SYNTHETIC_0059
RANDOM_LP_06_SYNTHETIC_STU00998,RANDOM_LP_06_SYNTHETIC_0121
RANDOM_LP_06_SYNTHETIC_STU00998,RANDOM_LP_06_SYNTHETIC_0343
RANDOM_LP_06_SYNTHETIC_STU00999,RANDOM_LP_06_SYNTHETIC_0025
RANDOM_LP_06_SYNTHETIC_STU00999,RANDOM_LP_06_SYNTHETIC_0490
RANDOM_LP_06_SYNTHETIC_STU01000,RANDOM_LP_06_SYNTHETIC_0360
RANDOM_LP_06_SYNTHETIC_STU01001,RANDOM_LP_06_SYNTHETIC_0086
RANDOM_LP_06_SYNTHETIC_STU01001,RANDOM_LP_06_SYNTHETIC_0240
RANDOM_LP_06_SYNTHETIC_STU01001,RANDOM_LP_06_SYNTHETIC_0277
RANDOM_LP_06_SYNTHETIC_STU01001,RANDOM_LP_06_SYNTHETIC_0418
RANDOM_LP_06_SYNTHETIC_STU01001,RANDOM_LP_06_SYNTHETIC_0438
RANDOM_LP_06_SYNTHETIC_STU01001,RANDOM_LP_06_SYNTHETIC_0452
RANDOM_LP_06_SYNTHETIC_STU01001,RANDOM_LP_06_SYNTHETIC_0498
RANDOM_LP_06_SYNTHETIC_STU01002,RANDOM_LP_06_SYNTHETIC_0264
RANDOM_LP_06_SYNTHETIC_STU01002,RANDOM_LP_06_SYNTHETIC_0407
RANDOM_LP_06_SYNTHETIC_STU01003,RANDOM_LP_06_SYNTHETIC_0064
RANDOM_LP_06_SYNTHETIC_STU01004,RANDOM_LP_06_SYNTHETIC_0041
RANDOM_LP_06_SYNTHETIC_STU01004,RANDOM_LP_06_SYNTHETIC_0068
RANDOM_LP_06_SYNTHETIC_STU01004,RANDOM_LP_06_SYNTHETIC_0289
RANDOM_LP_06_SYNTHETIC_STU01004,RANDOM_LP_06_SYNTHETIC_0372
RANDOM_LP_06_SYNTHETIC_STU01005,RANDOM_LP_06_SYNTHETIC_0040
RANDOM_LP_06_SYNTHETIC_STU01005,RANDOM_LP_06_SYNTHETIC_0348
RANDOM_LP_06_SYNTHETIC_STU01005,RANDOM_LP_06_SYNTHETIC_0449
RANDOM_LP_06_SYNTHETIC_STU01006,RANDOM_LP_06_SYNTHETIC_0030
RANDOM_LP_06_SYNTHETIC_STU01006,RANDOM_LP_06_SYNTHETIC_0173
RANDOM_LP_06_SYNTHETIC_STU01006,RANDOM_LP_06_SYNTHETIC_0353
RANDOM_LP_06_SYNTHETIC_STU01006,RANDOM_LP_06_SYNTHETIC_0427
RANDOM_LP_06_SYNTHETIC_STU01006,RANDOM_LP_06_SYNTHETIC_0499
RANDOM_LP_06_SYNTHETIC_STU01007,RANDOM_LP_06_SYNTHETIC_0187
RANDOM_LP_06_SYNTHETIC_STU01007,RANDOM_LP_06_SYNTHETIC_0243
RANDOM_LP_06_SYNTHETIC_STU01007,RANDOM_LP_06_SYNTHETIC_0460
RANDOM_LP_06_SYNTHETIC_STU01008,RANDOM_LP_06_SYNTHETIC_0026
RANDOM_LP_06_SYNTHETIC_STU01008,RANDOM_LP_06_SYNTHETIC_0085
RANDOM_LP_06_SYNTHETIC_STU01008,RANDOM_LP_06_SYNTHETIC_0324
RANDOM_LP_06_SYNTHETIC_STU01008,RANDOM_LP_06_SYNTHETIC_0462
RANDOM_LP_06_SYNTHETIC_STU01009,RANDOM_LP_06_SYNTHETIC_0291
RANDOM_LP_06_SYNTHETIC_STU01010,RANDOM_LP_06_SYNTHETIC_0327
RANDOM_LP_06_SYNTHETIC_STU01010,RANDOM_LP_06_SYNTHETIC_0389
RANDOM_LP_06_SYNTHETIC_STU01010,RANDOM_LP_06_SYNTHETIC_0419
RANDOM_LP_06_SYNTHETIC_STU01010,RANDOM_LP_06_SYNTHETIC_0479
RANDOM_LP_06_SYNTHETIC_STU01011,RANDOM_LP_06_SYNTHETIC_0099
RANDOM_LP_06_SYNTHETIC_STU01011,RANDOM_LP_06_SYNTHETIC_0205
RANDOM_LP_06_SYNTHETIC_STU01012,RANDOM_LP_06_SYNTHETIC_0172
RANDOM_LP_06_SYNTHETIC_STU01012,RANDOM_LP_06_SYNTHETIC_0242
RANDOM_LP_06_SYNTHETIC_STU01012,RANDOM_LP_06_SYNTHETIC_0333
RANDOM_LP_06_SYNTHETIC_STU01012,RANDOM_LP_06_SYNTHETIC_0392
RANDOM_LP_06_SYNTHETIC_STU01012,RANDOM_LP_06_SYNTHETIC_0410
RANDOM_LP_06_SYNTHETIC_STU01013,RANDOM_LP_06_SYNTHETIC_0332
RANDOM_LP_06_SYNTHETIC_STU01013,RANDOM_LP_06_SYNTHETIC_0371
RANDOM_LP_06_SYNTHETIC_STU01014,RANDOM_LP_06_SYNTHETIC_0034
RANDOM_LP_06_SYNTHETIC_STU01014,RANDOM_LP_06_SYNTHETIC_0482
RANDOM_LP_06_SYNTHETIC_STU01015,RANDOM_LP_06_SYNTHETIC_0042
RANDOM_LP_06_SYNTHETIC_STU01015,RANDOM_LP_06_SYNTHETIC_0146
RANDOM_LP_06_SYNTHETIC_STU01015,RANDOM_LP_06_SYNTHETIC_0319
RANDOM_LP_06_SYNTHETIC_STU01015,RANDOM_LP_06_SYNTHETIC_0339
RANDOM_LP_06_SYNTHETIC_STU01016,RANDOM_LP_06_SYNTHETIC_0046
RANDOM_LP_06_SYNTHETIC_STU01016,RANDOM_LP_06_SYNTHETIC_0492
RANDOM_LP_06_SYNTHETIC_STU01017,RANDOM_LP_06_SYNTHETIC_0175
RANDOM_LP_06_SYNTHETIC_STU01017,RANDOM_LP_06_SYNTHETIC_0334
RANDOM_LP_06_SYNTHETIC_STU01017,RANDOM_LP_06_SYNTHETIC_0361
RANDOM_LP_06_SYNTHETIC_STU01017,RANDOM_LP_06_SYNTHETIC_0450
RANDOM_LP_06_SYNTHETIC_STU01018,RANDOM_LP_06_SYNTHETIC_0227
RANDOM_LP_06_SYNTHETIC_STU01018,RANDOM_LP_06_SYNTHETIC_0413
RANDOM_LP_06_SYNTHETIC_STU01019,RANDOM_LP_06_SYNTHETIC_0118
RANDOM_LP_06_SYNTHETIC_STU01019,RANDOM_LP_06_SYNTHETIC_0415
RANDOM_LP_06_SYNTHETIC_STU01019,RANDOM_LP_06_SYNTHETIC_0477
RANDOM_LP_06_SYNTHETIC_STU01020,RANDOM_LP_06_SYNTHETIC_0029
RANDOM_LP_06_SYNTHETIC_STU01020,RANDOM_LP_06_SYNTHETIC_0183
RANDOM_LP_06_SYNTHETIC_STU01020,RANDOM_LP_06_SYNTHETIC_0320
RANDOM_LP_06_SYNTHETIC_STU01020,RANDOM_LP_06_SYNTHETIC_0325
RANDOM_LP_06_SYNTHETIC_STU01020,RANDOM_LP_06_SYNTHETIC_0379
RANDOM_LP_06_SYNTHETIC_STU01021,RANDOM_LP_06_SYNTHETIC_0046
RANDOM_LP_06_SYNTHETIC_STU01021,RANDOM_LP_06_SYNTHETIC_0174
RANDOM_LP_06_SYNTHETIC_STU01021,RANDOM_LP_06_SYNTHETIC_0295
RANDOM_LP_06_SYNTHETIC_STU01021,RANDOM_LP_06_SYNTHETIC_0497
RANDOM_LP_06_SYNTHETIC_STU01022,RANDOM_LP_06_SYNTHETIC_0016
RANDOM_LP_06_SYNTHETIC_STU01022,RANDOM_LP_06_SYNTHETIC_0074
RANDOM_LP_06_SYNTHETIC_STU01022,RANDOM_LP_06_SYNTHETIC_0127
RANDOM_LP_06_SYNTHETIC_STU01022,RANDOM_LP_06_SYNTHETIC_0314
RANDOM_LP_06_SYNTHETIC_STU01023,RANDOM_LP_06_SYNTHETIC_0218
RANDOM_LP_06_SYNTHETIC_STU01023,RANDOM_LP_06_SYNTHETIC_0452
RANDOM_LP_06_SYNTHETIC_STU01024,RANDOM_LP_06_SYNTHETIC_0028
RANDOM_LP_06_SYNTHETIC_STU01024,RANDOM_LP_06_SYNTHETIC_0039
RANDOM_LP_06_SYNTHETIC_STU01024,RANDOM_LP_06_SYNTHETIC_0070
RANDOM_LP_06_SYNTHETIC_STU01024,RANDOM_LP_06_SYNTHETIC_0116
RANDOM_LP_06_SYNTHETIC_STU01025,RANDOM_LP_06_SYNTHETIC_0079
RANDOM_LP_06_SYNTHETIC_STU01025,RANDOM_LP_06_SYNTHETIC_0207
RANDOM_LP_06_SYNTHETIC_STU01025,RANDOM_LP_06_SYNTHETIC_0218
RANDOM_LP_06_SYNTHETIC_STU01025,RANDOM_LP_06_SYNTHETIC_0248
RANDOM_LP_06_SYNTHETIC_STU01025,RANDOM_LP_06_SYNTHETIC_0376
RANDOM_LP_06_SYNTHETIC_STU01025,RANDOM_LP_06_SYNTHETIC_0409
RANDOM_LP_06_SYNTHETIC_STU01025,RANDOM_LP_06_SYNTHETIC_0410
RANDOM_LP_06_SYNTHETIC_STU01026,RANDOM_LP_06_SYNTHETIC_0028
RANDOM_LP_06_SYNTHETIC_STU01026,RANDOM_LP_06_SYNTHETIC_0143
RANDOM_LP_06_SYNTHETIC_STU01026,RANDOM_LP_06_SYNTHETIC_0318
RANDOM_LP_06_SYNTHETIC_STU01026,RANDOM_LP_06_SYNTHETIC_0348
RANDOM_LP_06_SYNTHETIC_STU01026,RANDOM_LP_06_SYNTHETIC_0487
RANDOM_LP_06_SYNTHETIC_STU01026,RANDOM_LP_06_SYNTHETIC_0494
RANDOM_LP_06_SYNTHETIC_STU01027,RANDOM_LP_06_SYNTHETIC_0012
RANDOM_LP_06_SYNTHETIC_STU01027,RANDOM_LP_06_SYNTHETIC_0414
RANDOM_LP_06_SYNTHETIC_STU01028,RANDOM_LP_06_SYNTHETIC_0049
RANDOM_LP_06_SYNTHETIC_STU01028,RANDOM_LP_06_SYNTHETIC_0350
RANDOM_LP_06_SYNTHETIC_STU01028,RANDOM_LP_06_SYNTHETIC_0463
RANDOM_LP_06_SYNTHETIC_STU01029,RANDOM_LP_06_SYNTHETIC_0054
RANDOM_LP_06_SYNTHETIC_STU01029,RANDOM_LP_06_SYNTHETIC_0078
RANDOM_LP_06_SYNTHETIC_STU01029,RANDOM_LP_06_SYNTHETIC_0079
RANDOM_LP_06_SYNTHETIC_STU01029,RANDOM_LP_06_SYNTHETIC_0152
RANDOM_LP_06_SYNTHETIC_STU01029,RANDOM_LP_06_SYNTHETIC_0167
RANDOM_LP_06_SYNTHETIC_STU01030,RANDOM_LP_06_SYNTHETIC_0400
RANDOM_LP_06_SYNTHETIC_STU01031,RANDOM_LP_06_SYNTHETIC_0140
RANDOM_LP_06_SYNTHETIC_STU01031,RANDOM_LP_06_SYNTHETIC_0206
RANDOM_LP_06_SYNTHETIC_STU01031,RANDOM_LP_06_SYNTHETIC_0287
RANDOM_LP_06_SYNTHETIC_STU01031,RANDOM_LP_06_SYNTHETIC_0480
RANDOM_LP_06_SYNTHETIC_STU01032,RANDOM_LP_06_SYNTHETIC_0386
RANDOM_LP_06_SYNTHETIC_STU01033,RANDOM_LP_06_SYNTHETIC_0304
RANDOM_LP_06_SYNTHETIC_STU01034,RANDOM_LP_06_SYNTHETIC_0027
RANDOM_LP_06_SYNTHETIC_STU01034,RANDOM_LP_06_SYNTHETIC_0149
RANDOM_LP_06_SYNTHETIC_STU01034,RANDOM_LP_06_SYNTHETIC_0388
RANDOM_LP_06_SYNTHETIC_STU01035,RANDOM_LP_06_SYNTHETIC_0070
RANDOM_LP_06_SYNTHETIC_STU01035,RANDOM_LP_06_SYNTHETIC_0478
RANDOM_LP_06_SYNTHETIC_STU01035,RANDOM_LP_06_SYNTHETIC_0480
RANDOM_LP_06_SYNTHETIC_STU01036,RANDOM_LP_06_SYNTHETIC_0062
RANDOM_LP_06_SYNTHETIC_STU01036,RANDOM_LP_06_SYNTHETIC_0067
RANDOM_LP_06_SYNTHETIC_STU01036,RANDOM_LP_06_SYNTHETIC_0094
RANDOM_LP_06_SYNTHETIC_STU01036,RANDOM_LP_06_SYNTHETIC_0448
RANDOM_LP_06_SYNTHETIC_STU01037,RANDOM_LP_06_SYNTHETIC_0250
RANDOM_LP_06_SYNTHETIC_STU01037,RANDOM_LP_06_SYNTHETIC_0359
RANDOM_LP_06_SYNTHETIC_STU01037,RANDOM_LP_06_SYNTHETIC_0379
RANDOM_LP_06_SYNTHETIC_STU01037,RANDOM_LP_06_SYNTHETIC_0398
RANDOM_LP_06_SYNTHETIC_STU01038,RANDOM_LP_06_SYNTHETIC_0222
RANDOM_LP_06_SYNTHETIC_STU01038,RANDOM_LP_06_SYNTHETIC_0355
RANDOM_LP_06_SYNTHETIC_STU01038,RANDOM_LP_06_SYNTHETIC_0402
RANDOM_LP_06_SYNTHETIC_STU01038,RANDOM_LP_06_SYNTHETIC_0435
RANDOM_LP_06_SYNTHETIC_STU01038,RANDOM_LP_06_SYNTHETIC_0438
RANDOM_LP_06_SYNTHETIC_STU01039,RANDOM_LP_06_SYNTHETIC_0127
RANDOM_LP_06_SYNTHETIC_STU01039,RANDOM_LP_06_SYNTHETIC_0257
RANDOM_LP_06_SYNTHETIC_STU01039,RANDOM_LP_06_SYNTHETIC_0495
RANDOM_LP_06_SYNTHETIC_STU01040,RANDOM_LP_06_SYNTHETIC_0076
RANDOM_LP_06_SYNTHETIC_STU01040,RANDOM_LP_06_SYNTHETIC_0488
RANDOM_LP_06_SYNTHETIC_STU01041,RANDOM_LP_06_SYNTHETIC_0119
RANDOM_LP_06_SYNTHETIC_STU01041,RANDOM_LP_06_SYNTHETIC_0159
RANDOM_LP_06_SYNTHETIC_STU01041,RANDOM_LP_06_SYNTHETIC_0186
RANDOM_LP_06_SYNTHETIC_STU01041,RANDOM_LP_06_SYNTHETIC_0273
RANDOM_LP_06_SYNTHETIC_STU01041,RANDOM_LP_06_SYNTHETIC_0281
RANDOM_LP_06_SYNTHETIC_STU01042,RANDOM_LP_06_SYNTHETIC_0100
RANDOM_LP_06_SYNTHETIC_STU01042,RANDOM_LP_06_SYNTHETIC_0495
RANDOM_LP_06_SYNTHETIC_STU01043,RANDOM_LP_06_SYNTHETIC_0468
RANDOM_LP_06_SYNTHETIC_STU01043,RANDOM_LP_06_SYNTHETIC_0470
RANDOM_LP_06_SYNTHETIC_STU01044,RANDOM_LP_06_SYNTHETIC_0202
RANDOM_LP_06_SYNTHETIC_STU01044,RANDOM_LP_06_SYNTHETIC_0227
RANDOM_LP_06_SYNTHETIC_STU01044,RANDOM_LP_06_SYNTHETIC_0497
RANDOM_LP_06_SYNTHETIC_STU01045,RANDOM_LP_06_SYNTHETIC_0188
RANDOM_LP_06_SYNTHETIC_STU01046,RANDOM_LP_06_SYNTHETIC_0194
RANDOM_LP_06_SYNTHETIC_STU01046,RANDOM_LP_06_SYNTHETIC_0267
RANDOM_LP_06_SYNTHETIC_STU01046,RANDOM_LP_06_SYNTHETIC_0284
RANDOM_LP_06_SYNTHETIC_STU01047,RANDOM_LP_06_SYNTHETIC_0019
RANDOM_LP_06_SYNTHETIC_STU01047,RANDOM_LP_06_SYNTHETIC_0051
RANDOM_LP_06_SYNTHETIC_STU01047,RANDOM_LP_06_SYNTHETIC_0122
RANDOM_LP_06_SYNTHETIC_STU01048,RANDOM_LP_06_SYNTHETIC_0251
RANDOM_LP_06_SYNTHETIC_STU01049,RANDOM_LP_06_SYNTHETIC_0122
RANDOM_LP_06_SYNTHETIC_STU01050,RANDOM_LP_06_SYNTHETIC_0047
RANDOM_LP_06_SYNTHETIC_STU01050,RANDOM_LP_06_SYNTHETIC_0293
RANDOM_LP_06_SYNTHETIC_STU01050,RANDOM_LP_06_SYNTHETIC_0460
RANDOM_LP_06_SYNTHETIC_STU01051,RANDOM_LP_06_SYNTHETIC_0314
RANDOM_LP_06_SYNTHETIC_STU01051,RANDOM_LP_06_SYNTHETIC_0448
RANDOM_LP_06_SYNTHETIC_STU01052,RANDOM_LP_06_SYNTHETIC_0010
RANDOM_LP_06_SYNTHETIC_STU01052,RANDOM_LP_06_SYNTHETIC_0428
RANDOM_LP_06_SYNTHETIC_STU01052,RANDOM_LP_06_SYNTHETIC_0488
RANDOM_LP_06_SYNTHETIC_STU01053,RANDOM_LP_06_SYNTHETIC_0229
RANDOM_LP_06_SYNTHETIC_STU01053,RANDOM_LP_06_SYNTHETIC_0271
RANDOM_LP_06_SYNTHETIC_STU01053,RANDOM_LP_06_SYNTHETIC_0316
RANDOM_LP_06_SYNTHETIC_STU01054,RANDOM_LP_06_SYNTHETIC_0319
RANDOM_LP_06_SYNTHETIC_STU01054,RANDOM_LP_06_SYNTHETIC_0484
RANDOM_LP_06_SYNTHETIC_STU01055,RANDOM_LP_06_SYNTHETIC_0165
RANDOM_LP_06_SYNTHETIC_STU01055,RANDOM_LP_06_SYNTHETIC_0200
RANDOM_LP_06_SYNTHETIC_STU01055,RANDOM_LP_06_SYNTHETIC_0296
RANDOM_LP_06_SYNTHETIC_STU01056,RANDOM_LP_06_SYNTHETIC_0037
RANDOM_LP_06_SYNTHETIC_STU01056,RANDOM_LP_06_SYNTHETIC_0264
RANDOM_LP_06_SYNTHETIC_STU01056,RANDOM_LP_06_SYNTHETIC_0497
RANDOM_LP_06_SYNTHETIC_STU01057,RANDOM_LP_06_SYNTHETIC_0150
RANDOM_LP_06_SYNTHETIC_STU01057,RANDOM_LP_06_SYNTHETIC_0203
RANDOM_LP_06_SYNTHETIC_STU01058,RANDOM_LP_06_SYNTHETIC_0061
RANDOM_LP_06_SYNTHETIC_STU01058,RANDOM_LP_06_SYNTHETIC_0380
RANDOM_LP_06_SYNTHETIC_STU01058,RANDOM_LP_06_SYNTHETIC_0417
RANDOM_LP_06_SYNTHETIC_STU01059,RANDOM_LP_06_SYNTHETIC_0083
RANDOM_LP_06_SYNTHETIC_STU01060,RANDOM_LP_06_SYNTHETIC_0273
RANDOM_LP_06_SYNTHETIC_STU01060,RANDOM_LP_06_SYNTHETIC_0331
RANDOM_LP_06_SYNTHETIC_STU01060,RANDOM_LP_06_SYNTHETIC_0396
RANDOM_LP_06_SYNTHETIC_STU01061,RANDOM_LP_06_SYNTHETIC_0331
RANDOM_LP_06_SYNTHETIC_STU01061,RANDOM_LP_06_SYNTHETIC_0475
RANDOM_LP_06_SYNTHETIC_STU01062,RANDOM_LP_06_SYNTHETIC_0014
RANDOM_LP_06_SYNTHETIC_STU01062,RANDOM_LP_06_SYNTHETIC_0134
RANDOM_LP_06_SYNTHETIC_STU01062,RANDOM_LP_06_SYNTHETIC_0178
RANDOM_LP_06_SYNTHETIC_STU01062,RANDOM_LP_06_SYNTHETIC_0387
RANDOM_LP_06_SYNTHETIC_STU01062,RANDOM_LP_06_SYNTHETIC_0470
RANDOM_LP_06_SYNTHETIC_STU01063,RANDOM_LP_06_SYNTHETIC_0070
RANDOM_LP_06_SYNTHETIC_STU01063,RANDOM_LP_06_SYNTHETIC_0375
RANDOM_LP_06_SYNTHETIC_STU01063,RANDOM_LP_06_SYNTHETIC_0463
RANDOM_LP_06_SYNTHETIC_STU01064,RANDOM_LP_06_SYNTHETIC_0192
RANDOM_LP_06_SYNTHETIC_STU01065,RANDOM_LP_06_SYNTHETIC_0016
RANDOM_LP_06_SYNTHETIC_STU01065,RANDOM_LP_06_SYNTHETIC_0081
RANDOM_LP_06_SYNTHETIC_STU01065,RANDOM_LP_06_SYNTHETIC_0232
RANDOM_LP_06_SYNTHETIC_STU01065,RANDOM_LP_06_SYNTHETIC_0382
RANDOM_LP_06_SYNTHETIC_STU01066,RANDOM_LP_06_SYNTHETIC_0266
RANDOM_LP_06_SYNTHETIC_STU01067,RANDOM_LP_06_SYNTHETIC_0051
RANDOM_LP_06_SYNTHETIC_STU01067,RANDOM_LP_06_SYNTHETIC_0456
RANDOM_LP_06_SYNTHETIC_STU01068,RANDOM_LP_06_SYNTHETIC_0058
RANDOM_LP_06_SYNTHETIC_STU01068,RANDOM_LP_06_SYNTHETIC_0315
RANDOM_LP_06_SYNTHETIC_STU01068,RANDOM_LP_06_SYNTHETIC_0438
RANDOM_LP_06_SYNTHETIC_STU01069,RANDOM_LP_06_SYNTHETIC_0166
RANDOM_LP_06_SYNTHETIC_STU01069,RANDOM_LP_06_SYNTHETIC_0393
RANDOM_LP_06_SYNTHETIC_STU01070,RANDOM_LP_06_SYNTHETIC_0057
RANDOM_LP_06_SYNTHETIC_STU01070,RANDOM_LP_06_SYNTHETIC_0178
RANDOM_LP_06_SYNTHETIC_STU01070,RANDOM_LP_06_SYNTHETIC_0354
RANDOM_LP_06_SYNTHETIC_STU01071,RANDOM_LP_06_SYNTHETIC_0194
RANDOM_LP_06_SYNTHETIC_STU01071,RANDOM_LP_06_SYNTHETIC_0206
RANDOM_LP_06_SYNTHETIC_STU01071,RANDOM_LP_06_SYNTHETIC_0229
RANDOM_LP_06_SYNTHETIC_STU01071,RANDOM_LP_06_SYNTHETIC_0393
RANDOM_LP_06_SYNTHETIC_STU01071,RANDOM_LP_06_SYNTHETIC_0398
RANDOM_LP_06_SYNTHETIC_STU01072,RANDOM_LP_06_SYNTHETIC_0122
RANDOM_LP_06_SYNTHETIC_STU01072,RANDOM_LP_06_SYNTHETIC_0409
RANDOM_LP_06_SYNTHETIC_STU01072,RANDOM_LP_06_SYNTHETIC_0449
RANDOM_LP_06_SYNTHETIC_STU01072,RANDOM_LP_06_SYNTHETIC_0481
RANDOM_LP_06_SYNTHETIC_STU01073,RANDOM_LP_06_SYNTHETIC_0026
RANDOM_LP_06_SYNTHETIC_STU01073,RANDOM_LP_06_SYNTHETIC_0079
RANDOM_LP_06_SYNTHETIC_STU01073,RANDOM_LP_06_SYNTHETIC_0424
RANDOM_LP_06_SYNTHETIC_STU01074,RANDOM_LP_06_SYNTHETIC_0022
RANDOM_LP_06_SYNTHETIC_STU01074,RANDOM_LP_06_SYNTHETIC_0279
RANDOM_LP_06_SYNTHETIC_STU01075,RANDOM_LP_06_SYNTHETIC_0382
RANDOM_LP_06_SYNTHETIC_STU01075,RANDOM_LP_06_SYNTHETIC_0420
RANDOM_LP_06_SYNTHETIC_STU01075,RANDOM_LP_06_SYNTHETIC_0449
RANDOM_LP_06_SYNTHETIC_STU01076,RANDOM_LP_06_SYNTHETIC_0162
RANDOM_LP_06_SYNTHETIC_STU01076,RANDOM_LP_06_SYNTHETIC_0243
RANDOM_LP_06_SYNTHETIC_STU01076,RANDOM_LP_06_SYNTHETIC_0327
RANDOM_LP_06_SYNTHETIC_STU01077,RANDOM_LP_06_SYNTHETIC_0399
RANDOM_LP_06_SYNTHETIC_STU01077,RANDOM_LP_06_SYNTHETIC_0432
RANDOM_LP_06_SYNTHETIC_STU01078,RANDOM_LP_06_SYNTHETIC_0027
RANDOM_LP_06_SYNTHETIC_STU01078,RANDOM_LP_06_SYNTHETIC_0033
RANDOM_LP_06_SYNTHETIC_STU01078,RANDOM_LP_06_SYNTHETIC_0122
RANDOM_LP_06_SYNTHETIC_STU01078,RANDOM_LP_06_SYNTHETIC_0126
RANDOM_LP_06_SYNTHETIC_STU01078,RANDOM_LP_06_SYNTHETIC_0229
RANDOM_LP_06_SYNTHETIC_STU01078,RANDOM_LP_06_SYNTHETIC_0275
RANDOM_LP_06_SYNTHETIC_STU01078,RANDOM_LP_06_SYNTHETIC_0435
RANDOM_LP_06_SYNTHETIC_STU01079,RANDOM_LP_06_SYNTHETIC_0004
RANDOM_LP_06_SYNTHETIC_STU01079,RANDOM_LP_06_SYNTHETIC_0149
RANDOM_LP_06_SYNTHETIC_STU01079,RANDOM_LP_06_SYNTHETIC_0498
RANDOM_LP_06_SYNTHETIC_STU01080,RANDOM_LP_06_SYNTHETIC_0100
RANDOM_LP_06_SYNTHETIC_STU01080,RANDOM_LP_06_SYNTHETIC_0201
RANDOM_LP_06_SYNTHETIC_STU01080,RANDOM_LP_06_SYNTHETIC_0442
RANDOM_LP_06_SYNTHETIC_STU01080,RANDOM_LP_06_SYNTHETIC_0444
RANDOM_LP_06_SYNTHETIC_STU01081,RANDOM_LP_06_SYNTHETIC_0436
RANDOM_LP_06_SYNTHETIC_STU01082,RANDOM_LP_06_SYNTHETIC_0138
RANDOM_LP_06_SYNTHETIC_STU01082,RANDOM_LP_06_SYNTHETIC_0231
RANDOM_LP_06_SYNTHETIC_STU01082,RANDOM_LP_06_SYNTHETIC_0240
RANDOM_LP_06_SYNTHETIC_STU01083,RANDOM_LP_06_SYNTHETIC_0067
RANDOM_LP_06_SYNTHETIC_STU01083,RANDOM_LP_06_SYNTHETIC_0142
RANDOM_LP_06_SYNTHETIC_STU01083,RANDOM_LP_06_SYNTHETIC_0323
RANDOM_LP_06_SYNTHETIC_STU01083,RANDOM_LP_06_SYNTHETIC_0450
RANDOM_LP_06_SYNTHETIC_STU01084,RANDOM_LP_06_SYNTHETIC_0003
RANDOM_LP_06_SYNTHETIC_STU01084,RANDOM_LP_06_SYNTHETIC_0185
RANDOM_LP_06_SYNTHETIC_STU01085,RANDOM_LP_06_SYNTHETIC_0256
RANDOM_LP_06_SYNTHETIC_STU01085,RANDOM_LP_06_SYNTHETIC_0470
RANDOM_LP_06_SYNTHETIC_STU01086,RANDOM_LP_06_SYNTHETIC_0217
RANDOM_LP_06_SYNTHETIC_STU01086,RANDOM_LP_06_SYNTHETIC_0321
RANDOM_LP_06_SYNTHETIC_STU01086,RANDOM_LP_06_SYNTHETIC_0382
RANDOM_LP_06_SYNTHETIC_STU01087,RANDOM_LP_06_SYNTHETIC_0216
RANDOM_LP_06_SYNTHETIC_STU01087,RANDOM_LP_06_SYNTHETIC_0357
RANDOM_LP_06_SYNTHETIC_STU01088,RANDOM_LP_06_SYNTHETIC_0016
RANDOM_LP_06_SYNTHETIC_STU01088,RANDOM_LP_06_SYNTHETIC_0034
RANDOM_LP_06_SYNTHETIC_STU01088,RANDOM_LP_06_SYNTHETIC_0065
RANDOM_LP_06_SYNTHETIC_STU01088,RANDOM_LP_06_SYNTHETIC_0078
RANDOM_LP_06_SYNTHETIC_STU01088,RANDOM_LP_06_SYNTHETIC_0319
RANDOM_LP_06_SYNTHETIC_STU01088,RANDOM_LP_06_SYNTHETIC_0416
RANDOM_LP_06_SYNTHETIC_STU01089,RANDOM_LP_06_SYNTHETIC_0026
RANDOM_LP_06_SYNTHETIC_STU01089,RANDOM_LP_06_SYNTHETIC_0367
RANDOM_LP_06_SYNTHETIC_STU01090,RANDOM_LP_06_SYNTHETIC_0062
RANDOM_LP_06_SYNTHETIC_STU01090,RANDOM_LP_06_SYNTHETIC_0359
RANDOM_LP_06_SYNTHETIC_STU01090,RANDOM_LP_06_SYNTHETIC_0379
RANDOM_LP_06_SYNTHETIC_STU01090,RANDOM_LP_06_SYNTHETIC_0477
RANDOM_LP_06_SYNTHETIC_STU01091,RANDOM_LP_06_SYNTHETIC_0034
RANDOM_LP_06_SYNTHETIC_STU01091,RANDOM_LP_06_SYNTHETIC_0078
RANDOM_LP_06_SYNTHETIC_STU01091,RANDOM_LP_06_SYNTHETIC_0245
RANDOM_LP_06_SYNTHETIC_STU01091,RANDOM_LP_06_SYNTHETIC_0268
RANDOM_LP_06_SYNTHETIC_STU01092,RANDOM_LP_06_SYNTHETIC_0072
RANDOM_LP_06_SYNTHETIC_STU01092,RANDOM_LP_06_SYNTHETIC_0275
RANDOM_LP_06_SYNTHETIC_STU01093,RANDOM_LP_06_SYNTHETIC_0121
RANDOM_LP_06_SYNTHETIC_STU01093,RANDOM_LP_06_SYNTHETIC_0198
RANDOM_LP_06_SYNTHETIC_STU01093,RANDOM_LP_06_SYNTHETIC_0418
RANDOM_LP_06_SYNTHETIC_STU01093,RANDOM_LP_06_SYNTHETIC_0497
RANDOM_LP_06_SYNTHETIC_STU01094,RANDOM_LP_06_SYNTHETIC_0004
RANDOM_LP_06_SYNTHETIC_STU01094,RANDOM_LP_06_SYNTHETIC_0028
RANDOM_LP_06_SYNTHETIC_STU01094,RANDOM_LP_06_SYNTHETIC_0033
RANDOM_LP_06_SYNTHETIC_STU01094,RANDOM_LP_06_SYNTHETIC_0181
RANDOM_LP_06_SYNTHETIC_STU01095,RANDOM_LP_06_SYNTHETIC_0066
RANDOM_LP_06_SYNTHETIC_STU01095,RANDOM_LP_06_SYNTHETIC_0077
RANDOM_LP_06_SYNTHETIC_STU01095,RANDOM_LP_06_SYNTHETIC_0079
RANDOM_LP_06_SYNTHETIC_STU01095,RANDOM_LP_06_SYNTHETIC_0085
RANDOM_LP_06_SYNTHETIC_STU01095,RANDOM_LP_06_SYNTHETIC_0432
RANDOM_LP_06_SYNTHETIC_STU01095,RANDOM_LP_06_SYNTHETIC_0479
RANDOM_LP_06_SYNTHETIC_STU01096,RANDOM_LP_06_SYNTHETIC_0133
RANDOM_LP_06_SYNTHETIC_STU01096,RANDOM_LP_06_SYNTHETIC_0374
RANDOM_LP_06_SYNTHETIC_STU01097,RANDOM_LP_06_SYNTHETIC_0491
RANDOM_LP_06_SYNTHETIC_STU01098,RANDOM_LP_06_SYNTHETIC_0174
RANDOM_LP_06_SYNTHETIC_STU01098,RANDOM_LP_06_SYNTHETIC_0323
RANDOM_LP_06_SYNTHETIC_STU01098,RANDOM_LP_06_SYNTHETIC_0485
RANDOM_LP_06_SYNTHETIC_STU01099,RANDOM_LP_06_SYNTHETIC_0024
RANDOM_LP_06_SYNTHETIC_STU01099,RANDOM_LP_06_SYNTHETIC_0074
RANDOM_LP_06_SYNTHETIC_STU01099,RANDOM_LP_06_SYNTHETIC_0240
RANDOM_LP_06_SYNTHETIC_STU01099,RANDOM_LP_06_SYNTHETIC_0273
RANDOM_LP_06_SYNTHETIC_STU01099,RANDOM_LP_06_SYNTHETIC_0404
RANDOM_LP_06_SYNTHETIC_STU01100,RANDOM_LP_06_SYNTHETIC_0193
RANDOM_LP_06_SYNTHETIC_STU01100,RANDOM_LP_06_SYNTHETIC_0417
RANDOM_LP_06_SYNTHETIC_STU01101,RANDOM_LP_06_SYNTHETIC_0451
RANDOM_LP_06_SYNTHETIC_STU01102,RANDOM_LP_06_SYNTHETIC_0164
RANDOM_LP_06_SYNTHETIC_STU01102,RANDOM_LP_06_SYNTHETIC_0180
RANDOM_LP_06_SYNTHETIC_STU01102,RANDOM_LP_06_SYNTHETIC_0226
RANDOM_LP_06_SYNTHETIC_STU01102,RANDOM_LP_06_SYNTHETIC_0460
RANDOM_LP_06_SYNTHETIC_STU01103,RANDOM_LP_06_SYNTHETIC_0120
RANDOM_LP_06_SYNTHETIC_STU01103,RANDOM_LP_06_SYNTHETIC_0266
RANDOM_LP_06_SYNTHETIC_STU01104,RANDOM_LP_06_SYNTHETIC_0075
RANDOM_LP_06_SYNTHETIC_STU01104,RANDOM_LP_06_SYNTHETIC_0405
RANDOM_LP_06_SYNTHETIC_STU01105,RANDOM_LP_06_SYNTHETIC_0078
RANDOM_LP_06_SYNTHETIC_STU01105,RANDOM_LP_06_SYNTHETIC_0079
RANDOM_LP_06_SYNTHETIC_STU01105,RANDOM_LP_06_SYNTHETIC_0493
RANDOM_LP_06_SYNTHETIC_STU01106,RANDOM_LP_06_SYNTHETIC_0205
RANDOM_LP_06_SYNTHETIC_STU01106,RANDOM_LP_06_SYNTHETIC_0367
RANDOM_LP_06_SYNTHETIC_STU01106,RANDOM_LP_06_SYNTHETIC_0449
RANDOM_LP_06_SYNTHETIC_STU01107,RANDOM_LP_06_SYNTHETIC_0216
RANDOM_LP_06_SYNTHETIC_STU01108,RANDOM_LP_06_SYNTHETIC_0275
RANDOM_LP_06_SYNTHETIC_STU01108,RANDOM_LP_06_SYNTHETIC_0292
RANDOM_LP_06_SYNTHETIC_STU01108,RANDOM_LP_06_SYNTHETIC_0352
RANDOM_LP_06_SYNTHETIC_STU01108,RANDOM_LP_06_SYNTHETIC_0494
RANDOM_LP_06_SYNTHETIC_STU01109,RANDOM_LP_06_SYNTHETIC_0496
RANDOM_LP_06_SYNTHETIC_STU01110,RANDOM_LP_06_SYNTHETIC_0352
RANDOM_LP_06_SYNTHETIC_STU01110,RANDOM_LP_06_SYNTHETIC_0427
RANDOM_LP_06_SYNTHETIC_STU01111,RANDOM_LP_06_SYNTHETIC_0094
RANDOM_LP_06_SYNTHETIC_STU01111,RANDOM_LP_06_SYNTHETIC_0406
RANDOM_LP_06_SYNTHETIC_STU01111,RANDOM_LP_06_SYNTHETIC_0496
RANDOM_LP_06_SYNTHETIC_STU01112,RANDOM_LP_06_SYNTHETIC_0143
RANDOM_LP_06_SYNTHETIC_STU01112,RANDOM_LP_06_SYNTHETIC_0314
RANDOM_LP_06_SYNTHETIC_STU01112,RANDOM_LP_06_SYNTHETIC_0357
RANDOM_LP_06_SYNTHETIC_STU01112,RANDOM_LP_06_SYNTHETIC_0411
RANDOM_LP_06_SYNTHETIC_STU01113,RANDOM_LP_06_SYNTHETIC_0219
RANDOM_LP_06_SYNTHETIC_STU01113,RANDOM_LP_06_SYNTHETIC_0370
RANDOM_LP_06_SYNTHETIC_STU01113,RANDOM_LP_06_SYNTHETIC_0483
RANDOM_LP_06_SYNTHETIC_STU01113,RANDOM_LP_06_SYNTHETIC_0490
RANDOM_LP_06_SYNTHETIC_STU01114,RANDOM_LP_06_SYNTHETIC_0100
RANDOM_LP_06_SYNTHETIC_STU01114,RANDOM_LP_06_SYNTHETIC_0257
RANDOM_LP_06_SYNTHETIC_STU01114,RANDOM_LP_06_SYNTHETIC_0349
RANDOM_LP_06_SYNTHETIC_STU01114,RANDOM_LP_06_SYNTHETIC_0350
RANDOM_LP_06_SYNTHETIC_STU01114,RANDOM_LP_06_SYNTHETIC_0447
RANDOM_LP_06_SYNTHETIC_STU01114,RANDOM_LP_06_SYNTHETIC_0473
RANDOM_LP_06_SYNTHETIC_STU01115,RANDOM_LP_06_SYNTHETIC_0037
RANDOM_LP_06_SYNTHETIC_STU01115,RANDOM_LP_06_SYNTHETIC_0315
RANDOM_LP_06_SYNTHETIC_STU01115,RANDOM_LP_06_SYNTHETIC_0341
RANDOM_LP_06_SYNTHETIC_STU01115,RANDOM_LP_06_SYNTHETIC_0343
RANDOM_LP_06_SYNTHETIC_STU01115,RANDOM_LP_06_SYNTHETIC_0435
RANDOM_LP_06_SYNTHETIC_STU01115,RANDOM_LP_06_SYNTHETIC_0466
RANDOM_LP_06_SYNTHETIC_STU01116,RANDOM_LP_06_SYNTHETIC_0380
RANDOM_LP_06_SYNTHETIC_STU01116,RANDOM_LP_06_SYNTHETIC_0453
RANDOM_LP_06_SYNTHETIC_STU01117,RANDOM_LP_06_SYNTHETIC_0444
RANDOM_LP_06_SYNTHETIC_STU01118,RANDOM_LP_06_SYNTHETIC_0013
RANDOM_LP_06_SYNTHETIC_STU01118,RANDOM_LP_06_SYNTHETIC_0487
RANDOM_LP_06_SYNTHETIC_STU01119,RANDOM_LP_06_SYNTHETIC_0081
RANDOM_LP_06_SYNTHETIC_STU01119,RANDOM_LP_06_SYNTHETIC_0259
RANDOM_LP_06_SYNTHETIC_STU01120,RANDOM_LP_06_SYNTHETIC_0031
RANDOM_LP_06_SYNTHETIC_STU01120,RANDOM_LP_06_SYNTHETIC_0119
RANDOM_LP_06_SYNTHETIC_STU01120,RANDOM_LP_06_SYNTHETIC_0161
RANDOM_LP_06_SYNTHETIC_STU01120,RANDOM_LP_06_SYNTHETIC_0257
RANDOM_LP_06_SYNTHETIC_STU01120,RANDOM_LP_06_SYNTHETIC_0287
RANDOM_LP_06_SYNTHETIC_STU01120,RANDOM_LP_06_SYNTHETIC_0389
RANDOM_LP_06_SYNTHETIC_STU01121,RANDOM_LP_06_SYNTHETIC_0079
RANDOM_LP_06_SYNTHETIC_STU01121,RANDOM_LP_06_SYNTHETIC_0090
RANDOM_LP_06_SYNTHETIC_STU01122,RANDOM_LP_06_SYNTHETIC_0489
RANDOM_LP_06_SYNTHETIC_STU01123,RANDOM_LP_06_SYNTHETIC_0253
RANDOM_LP_06_SYNTHETIC_STU01123,RANDOM_LP_06_SYNTHETIC_0383
RANDOM_LP_06_SYNTHETIC_STU01124,RANDOM_LP_06_SYNTHETIC_0415
RANDOM_LP_06_SYNTHETIC_STU01125,RANDOM_LP_06_SYNTHETIC_0037
RANDOM_LP_06_SYNTHETIC_STU01125,RANDOM_LP_06_SYNTHETIC_0167
RANDOM_LP_06_SYNTHETIC_STU01125,RANDOM_LP_06_SYNTHETIC_0419
RANDOM_LP_06_SYNTHETIC_STU01126,RANDOM_LP_06_SYNTHETIC_0054
RANDOM_LP_06_SYNTHETIC_STU01126,RANDOM_LP_06_SYNTHETIC_0158
RANDOM_LP_06_SYNTHETIC_STU01126,RANDOM_LP_06_SYNTHETIC_0168
RANDOM_LP_06_SYNTHETIC_STU01127,RANDOM_LP_06_SYNTHETIC_0078
RANDOM_LP_06_SYNTHETIC_STU01127,RANDOM_LP_06_SYNTHETIC_0286
RANDOM_LP_06_SYNTHETIC_STU01128,RANDOM_LP_06_SYNTHETIC_0132
RANDOM_LP_06_SYNTHETIC_STU01128,RANDOM_LP_06_SYNTHETIC_0317
RANDOM_LP_06_SYNTHETIC_STU01129,RANDOM_LP_06_SYNTHETIC_0241
RANDOM_LP_06_SYNTHETIC_STU01129,RANDOM_LP_06_SYNTHETIC_0452
RANDOM_LP_06_SYNTHETIC_STU01130,RANDOM_LP_06_SYNTHETIC_0281
RANDOM_LP_06_SYNTHETIC_STU01130,RANDOM_LP_06_SYNTHETIC_0386
RANDOM_LP_06_SYNTHETIC_STU01130,RANDOM_LP_06_SYNTHETIC_0397
RANDOM_LP_06_SYNTHETIC_STU01130,RANDOM_LP_06_SYNTHETIC_0434
RANDOM_LP_06_SYNTHETIC_STU01131,RANDOM_LP_06_SYNTHETIC_0259
RANDOM_LP_06_SYNTHETIC_STU01131,RANDOM_LP_06_SYNTHETIC_0307
RANDOM_LP_06_SYNTHETIC_STU01131,RANDOM_LP_06_SYNTHETIC_0491
RANDOM_LP_06_SYNTHETIC_STU01132,RANDOM_LP_06_SYNTHETIC_0105
RANDOM_LP_06_SYNTHETIC_STU01132,RANDOM_LP_06_SYNTHETIC_0320
RANDOM_LP_06_SYNTHETIC_STU01132,RANDOM_LP_06_SYNTHETIC_0355
RANDOM_LP_06_SYNTHETIC_STU01133,RANDOM_LP_06_SYNTHETIC_0112
RANDOM_LP_06_SYNTHETIC_STU01133,RANDOM_LP_06_SYNTHETIC_0237
RANDOM_LP_06_SYNTHETIC_STU01133,RANDOM_LP_06_SYNTHETIC_0321
RANDOM_LP_06_SYNTHETIC_STU01133,RANDOM_LP_06_SYNTHETIC_0468
RANDOM_LP_06_SYNTHETIC_STU01134,RANDOM_LP_06_SYNTHETIC_0053
RANDOM_LP_06_SYNTHETIC_STU01134,RANDOM_LP_06_SYNTHETIC_0061
RANDOM_LP_06_SYNTHETIC_STU01134,RANDOM_LP_06_SYNTHETIC_0101
RANDOM_LP_06_SYNTHETIC_STU01134,RANDOM_LP_06_SYNTHETIC_0158
RANDOM_LP_06_SYNTHETIC_STU01135,RANDOM_LP_06_SYNTHETIC_0028
RANDOM_LP_06_SYNTHETIC_STU01135,RANDOM_LP_06_SYNTHETIC_0034
RANDOM_LP_06_SYNTHETIC_STU01135,RANDOM_LP_06_SYNTHETIC_0232
RANDOM_LP_06_SYNTHETIC_STU01135,RANDOM_LP_06_SYNTHETIC_0260
RANDOM_LP_06_SYNTHETIC_STU01136,RANDOM_LP_06_SYNTHETIC_0118
RANDOM_LP_06_SYNTHETIC_STU01136,RANDOM_LP_06_SYNTHETIC_0296
RANDOM_LP_06_SYNTHETIC_STU01137,RANDOM_LP_06_SYNTHETIC_0229
RANDOM_LP_06_SYNTHETIC_STU01137,RANDOM_LP_06_SYNTHETIC_0321
RANDOM_LP_06_SYNTHETIC_STU01137,RANDOM_LP_06_SYNTHETIC_0445
RANDOM_LP_06_SYNTHETIC_STU01138,RANDOM_LP_06_SYNTHETIC_0342
RANDOM_LP_06_SYNTHETIC_STU01138,RANDOM_LP_06_SYNTHETIC_0492
RANDOM_LP_06_SYNTHETIC_STU01139,RANDOM_LP_06_SYNTHETIC_0002
RANDOM_LP_06_SYNTHETIC_STU01139,RANDOM_LP_06_SYNTHETIC_0210
RANDOM_LP_06_SYNTHETIC_STU01139,RANDOM_LP_06_SYNTHETIC_0475
RANDOM_LP_06_SYNTHETIC_STU01140,RANDOM_LP_06_SYNTHETIC_0006
RANDOM_LP_06_SYNTHETIC_STU01140,RANDOM_LP_06_SYNTHETIC_0387
RANDOM_LP_06_SYNTHETIC_STU01141,RANDOM_LP_06_SYNTHETIC_0384
RANDOM_LP_06_SYNTHETIC_STU01142,RANDOM_LP_06_SYNTHETIC_0109
RANDOM_LP_06_SYNTHETIC_STU01142,RANDOM_LP_06_SYNTHETIC_0164
RANDOM_LP_06_SYNTHETIC_STU01142,RANDOM_LP_06_SYNTHETIC_0203
RANDOM_LP_06_SYNTHETIC_STU01142,RANDOM_LP_06_SYNTHETIC_0227
RANDOM_LP_06_SYNTHETIC_STU01142,RANDOM_LP_06_SYNTHETIC_0348
RANDOM_LP_06_SYNTHETIC_STU01143,RANDOM_LP_06_SYNTHETIC_0172
RANDOM_LP_06_SYNTHETIC_STU01143,RANDOM_LP_06_SYNTHETIC_0198
RANDOM_LP_06_SYNTHETIC_STU01143,RANDOM_LP_06_SYNTHETIC_0235
RANDOM_LP_06_SYNTHETIC_STU01143,RANDOM_LP_06_SYNTHETIC_0240
RANDOM_LP_06_SYNTHETIC_STU01144,RANDOM_LP_06_SYNTHETIC_0407
RANDOM_LP_06_SYNTHETIC_STU01145,RANDOM_LP_06_SYNTHETIC_0321
RANDOM_LP_06_SYNTHETIC_STU01145,RANDOM_LP_06_SYNTHETIC_0324
RANDOM_LP_06_SYNTHETIC_STU01145,RANDOM_LP_06_SYNTHETIC_0475
RANDOM_LP_06_SYNTHETIC_STU01146,RANDOM_LP_06_SYNTHETIC_0402
RANDOM_LP_06_SYNTHETIC_STU01146,RANDOM_LP_06_SYNTHETIC_0460
RANDOM_LP_06_SYNTHETIC_STU01147,RANDOM_LP_06_SYNTHETIC_0055
RANDOM_LP_06_SYNTHETIC_STU01147,RANDOM_LP_06_SYNTHETIC_0348
RANDOM_LP_06_SYNTHETIC_STU01147,RANDOM_LP_06_SYNTHETIC_0436
RANDOM_LP_06_SYNTHETIC_STU01148,RANDOM_LP_06_SYNTHETIC_0016
RANDOM_LP_06_SYNTHETIC_STU01148,RANDOM_LP_06_SYNTHETIC_0196
RANDOM_LP_06_SYNTHETIC_STU01148,RANDOM_LP_06_SYNTHETIC_0287
RANDOM_LP_06_SYNTHETIC_STU01148,RANDOM_LP_06_SYNTHETIC_0307
RANDOM_LP_06_SYNTHETIC_STU01148,RANDOM_LP_06_SYNTHETIC_0313
RANDOM_LP_06_SYNTHETIC_STU01149,RANDOM_LP_06_SYNTHETIC_0150
RANDOM_LP_06_SYNTHETIC_STU01149,RANDOM_LP_06_SYNTHETIC_0399
RANDOM_LP_06_SYNTHETIC_STU01149,RANDOM_LP_06_SYNTHETIC_0422
RANDOM_LP_06_SYNTHETIC_STU01150,RANDOM_LP_06_SYNTHETIC_0008
RANDOM_LP_06_SYNTHETIC_STU01151,RANDOM_LP_06_SYNTHETIC_0050
RANDOM_LP_06_SYNTHETIC_STU01151,RANDOM_LP_06_SYNTHETIC_0112
RANDOM_LP_06_SYNTHETIC_STU01151,RANDOM_LP_06_SYNTHETIC_0136
RANDOM_LP_06_SYNTHETIC_STU01151,RANDOM_LP_06_SYNTHETIC_0138
RANDOM_LP_06_SYNTHETIC_STU01151,RANDOM_LP_06_SYNTHETIC_0345
RANDOM_LP_06_SYNTHETIC_STU01151,RANDOM_LP_06_SYNTHETIC_0457
RANDOM_LP_06_SYNTHETIC_STU01152,RANDOM_LP_06_SYNTHETIC_0057
RANDOM_LP_06_SYNTHETIC_STU01152,RANDOM_LP_06_SYNTHETIC_0334
RANDOM_LP_06_SYNTHETIC_STU01152,RANDOM_LP_06_SYNTHETIC_0371
RANDOM_LP_06_SYNTHETIC_STU01152,RANDOM_LP_06_SYNTHETIC_0442
RANDOM_LP_06_SYNTHETIC_STU01153,RANDOM_LP_06_SYNTHETIC_0074
RANDOM_LP_06_SYNTHETIC_STU01153,RANDOM_LP_06_SYNTHETIC_0077
RANDOM_LP_06_SYNTHETIC_STU01153,RANDOM_LP_06_SYNTHETIC_0260
RANDOM_LP_06_SYNTHETIC_STU01153,RANDOM_LP_06_SYNTHETIC_0380
RANDOM_LP_06_SYNTHETIC_STU01153,RANDOM_LP_06_SYNTHETIC_0498
RANDOM_LP_06_SYNTHETIC_STU01154,RANDOM_LP_06_SYNTHETIC_0046
RANDOM_LP_06_SYNTHETIC_STU01154,RANDOM_LP_06_SYNTHETIC_0079
RANDOM_LP_06_SYNTHETIC_STU01155,RANDOM_LP_06_SYNTHETIC_0152
RANDOM_LP_06_SYNTHETIC_STU01155,RANDOM_LP_06_SYNTHETIC_0311
RANDOM_LP_06_SYNTHETIC_STU01155,RANDOM_LP_06_SYNTHETIC_0398
RANDOM_LP_06_SYNTHETIC_STU01156,RANDOM_LP_06_SYNTHETIC_0260
RANDOM_LP_06_SYNTHETIC_STU01156,RANDOM_LP_06_SYNTHETIC_0271
RANDOM_LP_06_SYNTHETIC_STU01156,RANDOM_LP_06_SYNTHETIC_0272
RANDOM_LP_06_SYNTHETIC_STU01156,RANDOM_LP_06_SYNTHETIC_0399
RANDOM_LP_06_SYNTHETIC_STU01157,RANDOM_LP_06_SYNTHETIC_0041
RANDOM_LP_06_SYNTHETIC_STU01157,RANDOM_LP_06_SYNTHETIC_0409
RANDOM_LP_06_SYNTHETIC_STU01158,RANDOM_LP_06_SYNTHETIC_0059
RANDOM_LP_06_SYNTHETIC_STU01158,RANDOM_LP_06_SYNTHETIC_0185
RANDOM_LP_06_SYNTHETIC_STU01158,RANDOM_LP_06_SYNTHETIC_0253
RANDOM_LP_06_SYNTHETIC_STU01158,RANDOM_LP_06_SYNTHETIC_0331
RANDOM_LP_06_SYNTHETIC_STU01158,RANDOM_LP_06_SYNTHETIC_0398
RANDOM_LP_06_SYNTHETIC_STU01159,RANDOM_LP_06_SYNTHETIC_0022
RANDOM_LP_06_SYNTHETIC_STU01159,RANDOM_LP_06_SYNTHETIC_0040
RANDOM_LP_06_SYNTHETIC_STU01159,RANDOM_LP_06_SYNTHETIC_0134
RANDOM_LP_06_SYNTHETIC_STU01159,RANDOM_LP_06_SYNTHETIC_0231
RANDOM_LP_06_SYNTHETIC_STU01159,RANDOM_LP_06_SYNTHETIC_0299
RANDOM_LP_06_SYNTHETIC_STU01160,RANDOM_LP_06_SYNTHETIC_0067
RANDOM_LP_06_SYNTHETIC_STU01160,RANDOM_LP_06_SYNTHETIC_0111
RANDOM_LP_06_SYNTHETIC_STU01160,RANDOM_LP_06_SYNTHETIC_0158
RANDOM_LP_06_SYNTHETIC_STU01160,RANDOM_LP_06_SYNTHETIC_0175
RANDOM_LP_06_SYNTHETIC_STU01160,RANDOM_LP_06_SYNTHETIC_0346
RANDOM_LP_06_SYNTHETIC_STU01160,RANDOM_LP_06_SYNTHETIC_0457
RANDOM_LP_06_SYNTHETIC_STU01161,RANDOM_LP_06_SYNTHETIC_0356
RANDOM_LP_06_SYNTHETIC_STU01161,RANDOM_LP_06_SYNTHETIC_0416
RANDOM_LP_06_SYNTHETIC_STU01161,RANDOM_LP_06_SYNTHETIC_0429
RANDOM_LP_06_SYNTHETIC_STU01162,RANDOM_LP_06_SYNTHETIC_0065
RANDOM_LP_06_SYNTHETIC_STU01162,RANDOM_LP_06_SYNTHETIC_0124
RANDOM_LP_06_SYNTHETIC_STU01163,RANDOM_LP_06_SYNTHETIC_0072
RANDOM_LP_06_SYNTHETIC_STU01164,RANDOM_LP_06_SYNTHETIC_0023
RANDOM_LP_06_SYNTHETIC_STU01164,RANDOM_LP_06_SYNTHETIC_0049
RANDOM_LP_06_SYNTHETIC_STU01164,RANDOM_LP_06_SYNTHETIC_0050
RANDOM_LP_06_SYNTHETIC_STU01164,RANDOM_LP_06_SYNTHETIC_0296
RANDOM_LP_06_SYNTHETIC_STU01164,RANDOM_LP_06_SYNTHETIC_0369
RANDOM_LP_06_SYNTHETIC_STU01165,RANDOM_LP_06_SYNTHETIC_0240
RANDOM_LP_06_SYNTHETIC_STU01165,RANDOM_LP_06_SYNTHETIC_0433
RANDOM_LP_06_SYNTHETIC_STU01166,RANDOM_LP_06_SYNTHETIC_0122
RANDOM_LP_06_SYNTHETIC_STU01166,RANDOM_LP_06_SYNTHETIC_0457
RANDOM_LP_06_SYNTHETIC_STU01167,RANDOM_LP_06_SYNTHETIC_0046
RANDOM_LP_06_SYNTHETIC_STU01167,RANDOM_LP_06_SYNTHETIC_0231
RANDOM_LP_06_SYNTHETIC_STU01167,RANDOM_LP_06_SYNTHETIC_0352
RANDOM_LP_06_SYNTHETIC_STU01168,RANDOM_LP_06_SYNTHETIC_0073
RANDOM_LP_06_SYNTHETIC_STU01168,RANDOM_LP_06_SYNTHETIC_0409
RANDOM_LP_06_SYNTHETIC_STU01169,RANDOM_LP_06_SYNTHETIC_0069
RANDOM_LP_06_SYNTHETIC_STU01169,RANDOM_LP_06_SYNTHETIC_0127
RANDOM_LP_06_SYNTHETIC_STU01169,RANDOM_LP_06_SYNTHETIC_0191
RANDOM_LP_06_SYNTHETIC_STU01169,RANDOM_LP_06_SYNTHETIC_0244
RANDOM_LP_06_SYNTHETIC_STU01170,RANDOM_LP_06_SYNTHETIC_0079
RANDOM_LP_06_SYNTHETIC_STU01170,RANDOM_LP_06_SYNTHETIC_0092
RANDOM_LP_06_SYNTHETIC_STU01170,RANDOM_LP_06_SYNTHETIC_0231
RANDOM_LP_06_SYNTHETIC_STU01170,RANDOM_LP_06_SYNTHETIC_0324
RANDOM_LP_06_SYNTHETIC_STU01171,RANDOM_LP_06_SYNTHETIC_0091
RANDOM_LP_06_SYNTHETIC_STU01171,RANDOM_LP_06_SYNTHETIC_0137
RANDOM_LP_06_SYNTHETIC_STU01171,RANDOM_LP_06_SYNTHETIC_0303
RANDOM_LP_06_SYNTHETIC_STU01172,RANDOM_LP_06_SYNTHETIC_0042
RANDOM_LP_06_SYNTHETIC_STU01172,RANDOM_LP_06_SYNTHETIC_0247
RANDOM_LP_06_SYNTHETIC_STU01173,RANDOM_LP_06_SYNTHETIC_0288
RANDOM_LP_06_SYNTHETIC_STU01173,RANDOM_LP_06_SYNTHETIC_0386
RANDOM_LP_06_SYNTHETIC_STU01174,RANDOM_LP_06_SYNTHETIC_0109
RANDOM_LP_06_SYNTHETIC_STU01174,RANDOM_LP_06_SYNTHETIC_0116
RANDOM_LP_06_SYNTHETIC_STU01175,RANDOM_LP_06_SYNTHETIC_0222
RANDOM_LP_06_SYNTHETIC_STU01175,RANDOM_LP_06_SYNTHETIC_0255
RANDOM_LP_06_SYNTHETIC_STU01175,RANDOM_LP_06_SYNTHETIC_0287
RANDOM_LP_06_SYNTHETIC_STU01175,RANDOM_LP_06_SYNTHETIC_0288
RANDOM_LP_06_SYNTHETIC_STU01176,RANDOM_LP_06_SYNTHETIC_0083
RANDOM_LP_06_SYNTHETIC_STU01176,RANDOM_LP_06_SYNTHETIC_0419
RANDOM_LP_06_SYNTHETIC_STU01176,RANDOM_LP_06_SYNTHETIC_0436
RANDOM_LP_06_SYNTHETIC_STU01176,RANDOM_LP_06_SYNTHETIC_0472
RANDOM_LP_06_SYNTHETIC_STU01177,RANDOM_LP_06_SYNTHETIC_0140
RANDOM_LP_06_SYNTHETIC_STU01177,RANDOM_LP_06_SYNTHETIC_0404
RANDOM_LP_06_SYNTHETIC_STU01177,RANDOM_LP_06_SYNTHETIC_0468
RANDOM_LP_06_SYNTHETIC_STU01177,RANDOM_LP_06_SYNTHETIC_0475
RANDOM_LP_06_SYNTHETIC_STU01178,RANDOM_LP_06_SYNTHETIC_0040
RANDOM_LP_06_SYNTHETIC_STU01178,RANDOM_LP_06_SYNTHETIC_0413
RANDOM_LP_06_SYNTHETIC_STU01178,RANDOM_LP_06_SYNTHETIC_0427
RANDOM_LP_06_SYNTHETIC_STU01179,RANDOM_LP_06_SYNTHETIC_0277
RANDOM_LP_06_SYNTHETIC_STU01179,RANDOM_LP_06_SYNTHETIC_0334
RANDOM_LP_06_SYNTHETIC_STU01179,RANDOM_LP_06_SYNTHETIC_0379
RANDOM_LP_06_SYNTHETIC_STU01179,RANDOM_LP_06_SYNTHETIC_0497
RANDOM_LP_06_SYNTHETIC_STU01180,RANDOM_LP_06_SYNTHETIC_0001
RANDOM_LP_06_SYNTHETIC_STU01180,RANDOM_LP_06_SYNTHETIC_0104
RANDOM_LP_06_SYNTHETIC_STU01180,RANDOM_LP_06_SYNTHETIC_0138
RANDOM_LP_06_SYNTHETIC_STU01181,RANDOM_LP_06_SYNTHETIC_0463
RANDOM_LP_06_SYNTHETIC_STU01181,RANDOM_LP_06_SYNTHETIC_0483
RANDOM_LP_06_SYNTHETIC_STU01182,RANDOM_LP_06_SYNTHETIC_0148
RANDOM_LP_06_SYNTHETIC_STU01182,RANDOM_LP_06_SYNTHETIC_0483
RANDOM_LP_06_SYNTHETIC_STU01183,RANDOM_LP_06_SYNTHETIC_0240
RANDOM_LP_06_SYNTHETIC_STU01183,RANDOM_LP_06_SYNTHETIC_0296
RANDOM_LP_06_SYNTHETIC_STU01183,RANDOM_LP_06_SYNTHETIC_0298
RANDOM_LP_06_SYNTHETIC_STU01183,RANDOM_LP_06_SYNTHETIC_0425
RANDOM_LP_06_SYNTHETIC_STU01183,RANDOM_LP_06_SYNTHETIC_0450
RANDOM_LP_06_SYNTHETIC_STU01184,RANDOM_LP_06_SYNTHETIC_0324
RANDOM_LP_06_SYNTHETIC_STU01185,RANDOM_LP_06_SYNTHETIC_0197
RANDOM_LP_06_SYNTHETIC_STU01185,RANDOM_LP_06_SYNTHETIC_0274
RANDOM_LP_06_SYNTHETIC_STU01185,RANDOM_LP_06_SYNTHETIC_0317
RANDOM_LP_06_SYNTHETIC_STU01186,RANDOM_LP_06_SYNTHETIC_0028
RANDOM_LP_06_SYNTHETIC_STU01186,RANDOM_LP_06_SYNTHETIC_0040
RANDOM_LP_06_SYNTHETIC_STU01186,RANDOM_LP_06_SYNTHETIC_0060
RANDOM_LP_06_SYNTHETIC_STU01186,RANDOM_LP_06_SYNTHETIC_0164
RANDOM_LP_06_SYNTHETIC_STU01186,RANDOM_LP_06_SYNTHETIC_0196
RANDOM_LP_06_SYNTHETIC_STU01186,RANDOM_LP_06_SYNTHETIC_0247
RANDOM_LP_06_SYNTHETIC_STU01187,RANDOM_LP_06_SYNTHETIC_0165
RANDOM_LP_06_SYNTHETIC_STU01187,RANDOM_LP_06_SYNTHETIC_0206
RANDOM_LP_06_SYNTHETIC_STU01188,RANDOM_LP_06_SYNTHETIC_0433
RANDOM_LP_06_SYNTHETIC_STU01189,RANDOM_LP_06_SYNTHETIC_0002
RANDOM_LP_06_SYNTHETIC_STU01189,RANDOM_LP_06_SYNTHETIC_0115
RANDOM_LP_06_SYNTHETIC_STU01189,RANDOM_LP_06_SYNTHETIC_0130
RANDOM_LP_06_SYNTHETIC_STU01189,RANDOM_LP_06_SYNTHETIC_0331
RANDOM_LP_06_SYNTHETIC_STU01190,RANDOM_LP_06_SYNTHETIC_0073
RANDOM_LP_06_SYNTHETIC_STU01190,RANDOM_LP_06_SYNTHETIC_0234
RANDOM_LP_06_SYNTHETIC_STU01191,RANDOM_LP_06_SYNTHETIC_0127
RANDOM_LP_06_SYNTHETIC_STU01191,RANDOM_LP_06_SYNTHETIC_0245
RANDOM_LP_06_SYNTHETIC_STU01192,RANDOM_LP_06_SYNTHETIC_0013
RANDOM_LP_06_SYNTHETIC_STU01192,RANDOM_LP_06_SYNTHETIC_0111
RANDOM_LP_06_SYNTHETIC_STU01192,RANDOM_LP_06_SYNTHETIC_0427
RANDOM_LP_06_SYNTHETIC_STU01193,RANDOM_LP_06_SYNTHETIC_0317
RANDOM_LP_06_SYNTHETIC_STU01193,RANDOM_LP_06_SYNTHETIC_0454
RANDOM_LP_06_SYNTHETIC_STU01194,RANDOM_LP_06_SYNTHETIC_0008
RANDOM_LP_06_SYNTHETIC_STU01194,RANDOM_LP_06_SYNTHETIC_0029
RANDOM_LP_06_SYNTHETIC_STU01195,RANDOM_LP_06_SYNTHETIC_0079
RANDOM_LP_06_SYNTHETIC_STU01195,RANDOM_LP_06_SYNTHETIC_0379
RANDOM_LP_06_SYNTHETIC_STU01196,RANDOM_LP_06_SYNTHETIC_0103
RANDOM_LP_06_SYNTHETIC_STU01196,RANDOM_LP_06_SYNTHETIC_0179
RANDOM_LP_06_SYNTHETIC_STU01196,RANDOM_LP_06_SYNTHETIC_0474
RANDOM_LP_06_SYNTHETIC_STU01196,RANDOM_LP_06_SYNTHETIC_0475
RANDOM_LP_06_SYNTHETIC_STU01197,RANDOM_LP_06_SYNTHETIC_0081
RANDOM_LP_06_SYNTHETIC_STU01197,RANDOM_LP_06_SYNTHETIC_0328
RANDOM_LP_06_SYNTHETIC_STU01198,RANDOM_LP_06_SYNTHETIC_0149
RANDOM_LP_06_SYNTHETIC_STU01198,RANDOM_LP_06_SYNTHETIC_0345
RANDOM_LP_06_SYNTHETIC_STU01198,RANDOM_LP_06_SYNTHETIC_0379
RANDOM_LP_06_SYNTHETIC_STU01199,RANDOM_LP_06_SYNTHETIC_0017
RANDOM_LP_06_SYNTHETIC_STU01199,RANDOM_LP_06_SYNTHETIC_0049
RANDOM_LP_06_SYNTHETIC_STU01199,RANDOM_LP_06_SYNTHETIC_0158
RANDOM_LP_06_SYNTHETIC_STU01200,RANDOM_LP_06_SYNTHETIC_0202
RANDOM_LP_06_SYNTHETIC_STU01200,RANDOM_LP_06_SYNTHETIC_0466
RANDOM_LP_06_SYNTHETIC_STU01201,RANDOM_LP_06_SYNTHETIC_0051
RANDOM_LP_06_SYNTHETIC_STU01201,RANDOM_LP_06_SYNTHETIC_0189
RANDOM_LP_06_SYNTHETIC_STU01201,RANDOM_LP_06_SYNTHETIC_0206
RANDOM_LP_06_SYNTHETIC_STU01201,RANDOM_LP_06_SYNTHETIC_0406
RANDOM_LP_06_SYNTHETIC_STU01201,RANDOM_LP_06_SYNTHETIC_0423
RANDOM_LP_06_SYNTHETIC_STU01201,RANDOM_LP_06_SYNTHETIC_0436
RANDOM_LP_06_SYNTHETIC_STU01202,RANDOM_LP_06_SYNTHETIC_0088
RANDOM_LP_06_SYNTHETIC_STU01202,RANDOM_LP_06_SYNTHETIC_0140
RANDOM_LP_06_SYNTHETIC_STU01202,RANDOM_LP_06_SYNTHETIC_0292
RANDOM_LP_06_SYNTHETIC_STU01202,RANDOM_LP_06_SYNTHETIC_0316
RANDOM_LP_06_SYNTHETIC_STU01202,RANDOM_LP_06_SYNTHETIC_0361
RANDOM_LP_06_SYNTHETIC_STU01203,RANDOM_LP_06_SYNTHETIC_0225
RANDOM_LP_06_SYNTHETIC_STU01203,RANDOM_LP_06_SYNTHETIC_0428
RANDOM_LP_06_SYNTHETIC_STU01203,RANDOM_LP_06_SYNTHETIC_0458
RANDOM_LP_06_SYNTHETIC_STU01204,RANDOM_LP_06_SYNTHETIC_0047
RANDOM_LP_06_SYNTHETIC_STU01204,RANDOM_LP_06_SYNTHETIC_0137
RANDOM_LP_06_SYNTHETIC_STU01205,RANDOM_LP_06_SYNTHETIC_0324
RANDOM_LP_06_SYNTHETIC_STU01206,RANDOM_LP_06_SYNTHETIC_0347
RANDOM_LP_06_SYNTHETIC_STU01207,RANDOM_LP_06_SYNTHETIC_0308
RANDOM_LP_06_SYNTHETIC_STU01207,RANDOM_LP_06_SYNTHETIC_0413
RANDOM_LP_06_SYNTHETIC_STU01208,RANDOM_LP_06_SYNTHETIC_0220
RANDOM_LP_06_SYNTHETIC_STU01208,RANDOM_LP_06_SYNTHETIC_0474
RANDOM_LP_06_SYNTHETIC_STU01209,RANDOM_LP_06_SYNTHETIC_0115
RANDOM_LP_06_SYNTHETIC_STU01209,RANDOM_LP_06_SYNTHETIC_0125
RANDOM_LP_06_SYNTHETIC_STU01209,RANDOM_LP_06_SYNTHETIC_0227
RANDOM_LP_06_SYNTHETIC_STU01209,RANDOM_LP_06_SYNTHETIC_0288
RANDOM_LP_06_SYNTHETIC_STU01210,RANDOM_LP_06_SYNTHETIC_0151
RANDOM_LP_06_SYNTHETIC_STU01211,RANDOM_LP_06_SYNTHETIC_0056
RANDOM_LP_06_SYNTHETIC_STU01211,RANDOM_LP_06_SYNTHETIC_0137
RANDOM_LP_06_SYNTHETIC_STU01211,RANDOM_LP_06_SYNTHETIC_0205
RANDOM_LP_06_SYNTHETIC_STU01211,RANDOM_LP_06_SYNTHETIC_0398
RANDOM_LP_06_SYNTHETIC_STU01212,RANDOM_LP_06_SYNTHETIC_0199
RANDOM_LP_06_SYNTHETIC_STU01212,RANDOM_LP_06_SYNTHETIC_0215
RANDOM_LP_06_SYNTHETIC_STU01213,RANDOM_LP_06_SYNTHETIC_0092
RANDOM_LP_06_SYNTHETIC_STU01213,RANDOM_LP_06_SYNTHETIC_0149
RANDOM_LP_06_SYNTHETIC_STU01213,RANDOM_LP_06_SYNTHETIC_0355
RANDOM_LP_06_SYNTHETIC_STU01214,RANDOM_LP_06_SYNTHETIC_0035
RANDOM_LP_06_SYNTHETIC_STU01215,RANDOM_LP_06_SYNTHETIC_0096
RANDOM_LP_06_SYNTHETIC_STU01215,RANDOM_LP_06_SYNTHETIC_0224
RANDOM_LP_06_SYNTHETIC_STU01215,RANDOM_LP_06_SYNTHETIC_0410
RANDOM_LP_06_SYNTHETIC_STU01215,RANDOM_LP_06_SYNTHETIC_0435
RANDOM_LP_06_SYNTHETIC_STU01216,RANDOM_LP_06_SYNTHETIC_0011
RANDOM_LP_06_SYNTHETIC_STU01216,RANDOM_LP_06_SYNTHETIC_0324
RANDOM_LP_06_SYNTHETIC_STU01216,RANDOM_LP_06_SYNTHETIC_0438
RANDOM_LP_06_SYNTHETIC_STU01216,RANDOM_LP_06_SYNTHETIC_0480
RANDOM_LP_06_SYNTHETIC_STU01217,RANDOM_LP_06_SYNTHETIC_0041
RANDOM_LP_06_SYNTHETIC_STU01217,RANDOM_LP_06_SYNTHETIC_0295
RANDOM_LP_06_SYNTHETIC_STU01218,RANDOM_LP_06_SYNTHETIC_0070
RANDOM_LP_06_SYNTHETIC_STU01218,RANDOM_LP_06_SYNTHETIC_0273
RANDOM_LP_06_SYNTHETIC_STU01218,RANDOM_LP_06_SYNTHETIC_0323
RANDOM_LP_06_SYNTHETIC_STU01219,RANDOM_LP_06_SYNTHETIC_0372
RANDOM_LP_06_SYNTHETIC_STU01219,RANDOM_LP_06_SYNTHETIC_0480
RANDOM_LP_06_SYNTHETIC_STU01220,RANDOM_LP_06_SYNTHETIC_0012
RANDOM_LP_06_SYNTHETIC_STU01220,RANDOM_LP_06_SYNTHETIC_0119
RANDOM_LP_06_SYNTHETIC_STU01220,RANDOM_LP_06_SYNTHETIC_0216
RANDOM_LP_06_SYNTHETIC_STU01221,RANDOM_LP_06_SYNTHETIC_0078
RANDOM_LP_06_SYNTHETIC_STU01221,RANDOM_LP_06_SYNTHETIC_0194
RANDOM_LP_06_SYNTHETIC_STU01221,RANDOM_LP_06_SYNTHETIC_0248
RANDOM_LP_06_SYNTHETIC_STU01222,RANDOM_LP_06_SYNTHETIC_0075
RANDOM_LP_06_SYNTHETIC_STU01222,RANDOM_LP_06_SYNTHETIC_0111
RANDOM_LP_06_SYNTHETIC_STU01222,RANDOM_LP_06_SYNTHETIC_0149
RANDOM_LP_06_SYNTHETIC_STU01222,RANDOM_LP_06_SYNTHETIC_0449
RANDOM_LP_06_SYNTHETIC_STU01223,RANDOM_LP_06_SYNTHETIC_0146
RANDOM_LP_06_SYNTHETIC_STU01223,RANDOM_LP_06_SYNTHETIC_0332
RANDOM_LP_06_SYNTHETIC_STU01224,RANDOM_LP_06_SYNTHETIC_0233
RANDOM_LP_06_SYNTHETIC_STU01224,RANDOM_LP_06_SYNTHETIC_0292
RANDOM_LP_06_SYNTHETIC_STU01224,RANDOM_LP_06_SYNTHETIC_0377
RANDOM_LP_06_SYNTHETIC_STU01225,RANDOM_LP_06_SYNTHETIC_0083
RANDOM_LP_06_SYNTHETIC_STU01225,RANDOM_LP_06_SYNTHETIC_0259
RANDOM_LP_06_SYNTHETIC_STU01225,RANDOM_LP_06_SYNTHETIC_0480
RANDOM_LP_06_SYNTHETIC_STU01226,RANDOM_LP_06_SYNTHETIC_0381
RANDOM_LP_06_SYNTHETIC_STU01226,RANDOM_LP_06_SYNTHETIC_0453
RANDOM_LP_06_SYNTHETIC_STU01226,RANDOM_LP_06_SYNTHETIC_0499
RANDOM_LP_06_SYNTHETIC_STU01227,RANDOM_LP_06_SYNTHETIC_0040
RANDOM_LP_06_SYNTHETIC_STU01228,RANDOM_LP_06_SYNTHETIC_0016
RANDOM_LP_06_SYNTHETIC_STU01228,RANDOM_LP_06_SYNTHETIC_0057
RANDOM_LP_06_SYNTHETIC_STU01228,RANDOM_LP_06_SYNTHETIC_0218
RANDOM_LP_06_SYNTHETIC_STU01228,RANDOM_LP_06_SYNTHETIC_0473
RANDOM_LP_06_SYNTHETIC_STU01228,RANDOM_LP_06_SYNTHETIC_0482
RANDOM_LP_06_SYNTHETIC_STU01228,RANDOM_LP_06_SYNTHETIC_0487
RANDOM_LP_06_SYNTHETIC_STU01229,RANDOM_LP_06_SYNTHETIC_0125
RANDOM_LP_06_SYNTHETIC_STU01229,RANDOM_LP_06_SYNTHETIC_0137
RANDOM_LP_06_SYNTHETIC_STU01229,RANDOM_LP_06_SYNTHETIC_0143
RANDOM_LP_06_SYNTHETIC_STU01229,RANDOM_LP_06_SYNTHETIC_0144
RANDOM_LP_06_SYNTHETIC_STU01230,RANDOM_LP_06_SYNTHETIC_0079
RANDOM_LP_06_SYNTHETIC_STU01230,RANDOM_LP_06_SYNTHETIC_0089
RANDOM_LP_06_SYNTHETIC_STU01230,RANDOM_LP_06_SYNTHETIC_0346
RANDOM_LP_06_SYNTHETIC_STU01231,RANDOM_LP_06_SYNTHETIC_0064
RANDOM_LP_06_SYNTHETIC_STU01231,RANDOM_LP_06_SYNTHETIC_0382
RANDOM_LP_06_SYNTHETIC_STU01231,RANDOM_LP_06_SYNTHETIC_0465
RANDOM_LP_06_SYNTHETIC_STU01231,RANDOM_LP_06_SYNTHETIC_0483
RANDOM_LP_06_SYNTHETIC_STU01232,RANDOM_LP_06_SYNTHETIC_0112
RANDOM_LP_06_SYNTHETIC_STU01233,RANDOM_LP_06_SYNTHETIC_0192
RANDOM_LP_06_SYNTHETIC_STU01233,RANDOM_LP_06_SYNTHETIC_0498
RANDOM_LP_06_SYNTHETIC_STU01234,RANDOM_LP_06_SYNTHETIC_0200
RANDOM_LP_06_SYNTHETIC_STU01234,RANDOM_LP_06_SYNTHETIC_0246
RANDOM_LP_06_SYNTHETIC_STU01234,RANDOM_LP_06_SYNTHETIC_0284
RANDOM_LP_06_SYNTHETIC_STU01234,RANDOM_LP_06_SYNTHETIC_0446
RANDOM_LP_06_SYNTHETIC_STU01235,RANDOM_LP_06_SYNTHETIC_0125
RANDOM_LP_06_SYNTHETIC_STU01235,RANDOM_LP_06_SYNTHETIC_0152
RANDOM_LP_06_SYNTHETIC_STU01235,RANDOM_LP_06_SYNTHETIC_0220
RANDOM_LP_06_SYNTHETIC_STU01236,RANDOM_LP_06_SYNTHETIC_0082
RANDOM_LP_06_SYNTHETIC_STU01236,RANDOM_LP_06_SYNTHETIC_0324
RANDOM_LP_06_SYNTHETIC_STU01236,RANDOM_LP_06_SYNTHETIC_0450
RANDOM_LP_06_SYNTHETIC_STU01237,RANDOM_LP_06_SYNTHETIC_0355
RANDOM_LP_06_SYNTHETIC_STU01237,RANDOM_LP_06_SYNTHETIC_0365
RANDOM_LP_06_SYNTHETIC_STU01237,RANDOM_LP_06_SYNTHETIC_0387
RANDOM_LP_06_SYNTHETIC_STU01237,RANDOM_LP_06_SYNTHETIC_0475
RANDOM_LP_06_SYNTHETIC_STU01238,RANDOM_LP_06_SYNTHETIC_0121
RANDOM_LP_06_SYNTHETIC_STU01238,RANDOM_LP_06_SYNTHETIC_0280
RANDOM_LP_06_SYNTHETIC_STU01239,RANDOM_LP_06_SYNTHETIC_0363
RANDOM_LP_06_SYNTHETIC_STU01240,RANDOM_LP_06_SYNTHETIC_0091
RANDOM_LP_06_SYNTHETIC_STU01240,RANDOM_LP_06_SYNTHETIC_0460
RANDOM_LP_06_SYNTHETIC_STU01241,RANDOM_LP_06_SYNTHETIC_0038
RANDOM_LP_06_SYNTHETIC_STU01241,RANDOM_LP_06_SYNTHETIC_0206
RANDOM_LP_06_SYNTHETIC_STU01241,RANDOM_LP_06_SYNTHETIC_0390
RANDOM_LP_06_SYNTHETIC_STU01242,RANDOM_LP_06_SYNTHETIC_0103
RANDOM_LP_06_SYNTHETIC_STU01242,RANDOM_LP_06_SYNTHETIC_0268
RANDOM_LP_06_SYNTHETIC_STU01242,RANDOM_LP_06_SYNTHETIC_0275
RANDOM_LP_06_SYNTHETIC_STU01242,RANDOM_LP_06_SYNTHETIC_0312
RANDOM_LP_06_SYNTHETIC_STU01242,RANDOM_LP_06_SYNTHETIC_0393
RANDOM_LP_06_SYNTHETIC_STU01243,RANDOM_LP_06_SYNTHETIC_0364
RANDOM_LP_06_SYNTHETIC_STU01244,RANDOM_LP_06_SYNTHETIC_0016
RANDOM_LP_06_SYNTHETIC_STU01244,RANDOM_LP_06_SYNTHETIC_0408
RANDOM_LP_06_SYNTHETIC_STU01244,RANDOM_LP_06_SYNTHETIC_0425
RANDOM_LP_06_SYNTHETIC_STU01245,RANDOM_LP_06_SYNTHETIC_0294
RANDOM_LP_06_SYNTHETIC_STU01245,RANDOM_LP_06_SYNTHETIC_0462
RANDOM_LP_06_SYNTHETIC_STU01246,RANDOM_LP_06_SYNTHETIC_0284
RANDOM_LP_06_SYNTHETIC_STU01246,RANDOM_LP_06_SYNTHETIC_0337
RANDOM_LP_06_SYNTHETIC_STU01247,RANDOM_LP_06_SYNTHETIC_0117
RANDOM_LP_06_SYNTHETIC_STU01247,RANDOM_LP_06_SYNTHETIC_0395
RANDOM_LP_06_SYNTHETIC_STU01248,RANDOM_LP_06_SYNTHETIC_0184
RANDOM_LP_06_SYNTHETIC_STU01248,RANDOM_LP_06_SYNTHETIC_0339
RANDOM_LP_06_SYNTHETIC_STU01249,RANDOM_LP_06_SYNTHETIC_0186
RANDOM_LP_06_SYNTHETIC_STU01250,RANDOM_LP_06_SYNTHETIC_0167
RANDOM_LP_06_SYNTHETIC_STU01250,RANDOM_LP_06_SYNTHETIC_0182
RANDOM_LP_06_SYNTHETIC_STU01250,RANDOM_LP_06_SYNTHETIC_0430
RANDOM_LP_06_SYNTHETIC_STU01250,RANDOM_LP_06_SYNTHETIC_0474
RANDOM_LP_06_SYNTHETIC_STU01251,RANDOM_LP_06_SYNTHETIC_0361
RANDOM_LP_06_SYNTHETIC_STU01251,RANDOM_LP_06_SYNTHETIC_0392
RANDOM_LP_06_SYNTHETIC_STU01252,RANDOM_LP_06_SYNTHETIC_0143
RANDOM_LP_06_SYNTHETIC_STU01252,RANDOM_LP_06_SYNTHETIC_0235
RANDOM_LP_06_SYNTHETIC_STU01252,RANDOM_LP_06_SYNTHETIC_0300
RANDOM_LP_06_SYNTHETIC_STU01253,RANDOM_LP_06_SYNTHETIC_0040
RANDOM_LP_06_SYNTHETIC_STU01253,RANDOM_LP_06_SYNTHETIC_0260
RANDOM_LP_06_SYNTHETIC_STU01253,RANDOM_LP_06_SYNTHETIC_0261
RANDOM_LP_06_SYNTHETIC_STU01254,RANDOM_LP_06_SYNTHETIC_0057
RANDOM_LP_06_SYNTHETIC_STU01254,RANDOM_LP_06_SYNTHETIC_0227
RANDOM_LP_06_SYNTHETIC_STU01254,RANDOM_LP_06_SYNTHETIC_0395
RANDOM_LP_06_SYNTHETIC_STU01255,RANDOM_LP_06_SYNTHETIC_0062
RANDOM_LP_06_SYNTHETIC_STU01255,RANDOM_LP_06_SYNTHETIC_0136
RANDOM_LP_06_SYNTHETIC_STU01255,RANDOM_LP_06_SYNTHETIC_0463
RANDOM_LP_06_SYNTHETIC_STU01256,RANDOM_LP_06_SYNTHETIC_0208
RANDOM_LP_06_SYNTHETIC_STU01257,RANDOM_LP_06_SYNTHETIC_0133
RANDOM_LP_06_SYNTHETIC_STU01257,RANDOM_LP_06_SYNTHETIC_0371
RANDOM_LP_06_SYNTHETIC_STU01257,RANDOM_LP_06_SYNTHETIC_0441
RANDOM_LP_06_SYNTHETIC_STU01258,RANDOM_LP_06_SYNTHETIC_0233
RANDOM_LP_06_SYNTHETIC_STU01258,RANDOM_LP_06_SYNTHETIC_0349
RANDOM_LP_06_SYNTHETIC_STU01259,RANDOM_LP_06_SYNTHETIC_0149
RANDOM_LP_06_SYNTHETIC_STU01259,RANDOM_LP_06_SYNTHETIC_0202
RANDOM_LP_06_SYNTHETIC_STU01259,RANDOM_LP_06_SYNTHETIC_0297
RANDOM_LP_06_SYNTHETIC_STU01260,RANDOM_LP_06_SYNTHETIC_0002
RANDOM_LP_06_SYNTHETIC_STU01260,RANDOM_LP_06_SYNTHETIC_0040
RANDOM_LP_06_SYNTHETIC_STU01260,RANDOM_LP_06_SYNTHETIC_0178
RANDOM_LP_06_SYNTHETIC_STU01260,RANDOM_LP_06_SYNTHETIC_0365
RANDOM_LP_06_SYNTHETIC_STU01260,RANDOM_LP_06_SYNTHETIC_0468
RANDOM_LP_06_SYNTHETIC_STU01261,RANDOM_LP_06_SYNTHETIC_0048
RANDOM_LP_06_SYNTHETIC_STU01261,RANDOM_LP_06_SYNTHETIC_0461
RANDOM_LP_06_SYNTHETIC_STU01262,RANDOM_LP_06_SYNTHETIC_0458
RANDOM_LP_06_SYNTHETIC_STU01263,RANDOM_LP_06_SYNTHETIC_0184
RANDOM_LP_06_SYNTHETIC_STU01263,RANDOM_LP_06_SYNTHETIC_0432
RANDOM_LP_06_SYNTHETIC_STU01264,RANDOM_LP_06_SYNTHETIC_0170
RANDOM_LP_06_SYNTHETIC_STU01264,RANDOM_LP_06_SYNTHETIC_0180
RANDOM_LP_06_SYNTHETIC_STU01265,RANDOM_LP_06_SYNTHETIC_0024
RANDOM_LP_06_SYNTHETIC_STU01265,RANDOM_LP_06_SYNTHETIC_0040
RANDOM_LP_06_SYNTHETIC_STU01265,RANDOM_LP_06_SYNTHETIC_0109
RANDOM_LP_06_SYNTHETIC_STU01265,RANDOM_LP_06_SYNTHETIC_0340
RANDOM_LP_06_SYNTHETIC_STU01266,RANDOM_LP_06_SYNTHETIC_0297
RANDOM_LP_06_SYNTHETIC_STU01266,RANDOM_LP_06_SYNTHETIC_0319
RANDOM_LP_06_SYNTHETIC_STU01266,RANDOM_LP_06_SYNTHETIC_0409
RANDOM_LP_06_SYNTHETIC_STU01267,RANDOM_LP_06_SYNTHETIC_0159
RANDOM_LP_06_SYNTHETIC_STU01267,RANDOM_LP_06_SYNTHETIC_0165
RANDOM_LP_06_SYNTHETIC_STU01267,RANDOM_LP_06_SYNTHETIC_0268
RANDOM_LP_06_SYNTHETIC_STU01267,RANDOM_LP_06_SYNTHETIC_0492
RANDOM_LP_06_SYNTHETIC_STU01267,RANDOM_LP_06_SYNTHETIC_0498
RANDOM_LP_06_SYNTHETIC_STU01268,RANDOM_LP_06_SYNTHETIC_0056
RANDOM_LP_06_SYNTHETIC_STU01269,RANDOM_LP_06_SYNTHETIC_0275
RANDOM_LP_06_SYNTHETIC_STU01269,RANDOM_LP_06_SYNTHETIC_0337
RANDOM_LP_06_SYNTHETIC_STU01269,RANDOM_LP_06_SYNTHETIC_0389
RANDOM_LP_06_SYNTHETIC_STU01270,RANDOM_LP_06_SYNTHETIC_0185
RANDOM_LP_06_SYNTHETIC_STU01270,RANDOM_LP_06_SYNTHETIC_0193
RANDOM_LP_06_SYNTHETIC_STU01271,RANDOM_LP_06_SYNTHETIC_0003
RANDOM_LP_06_SYNTHETIC_STU01271,RANDOM_LP_06_SYNTHETIC_0079
RANDOM_LP_06_SYNTHETIC_STU01271,RANDOM_LP_06_SYNTHETIC_0264
RANDOM_LP_06_SYNTHETIC_STU01271,RANDOM_LP_06_SYNTHETIC_0275
RANDOM_LP_06_SYNTHETIC_STU01272,RANDOM_LP_06_SYNTHETIC_0076
RANDOM_LP_06_SYNTHETIC_STU01272,RANDOM_LP_06_SYNTHETIC_0483
RANDOM_LP_06_SYNTHETIC_STU01273,RANDOM_LP_06_SYNTHETIC_0189
RANDOM_LP_06_SYNTHETIC_STU01273,RANDOM_LP_06_SYNTHETIC_0394
RANDOM_LP_06_SYNTHETIC_STU01273,RANDOM_LP_06_SYNTHETIC_0453
RANDOM_LP_06_SYNTHETIC_STU01273,RANDOM_LP_06_SYNTHETIC_0499
RANDOM_LP_06_SYNTHETIC_STU01274,RANDOM_LP_06_SYNTHETIC_0159
RANDOM_LP_06_SYNTHETIC_STU01274,RANDOM_LP_06_SYNTHETIC_0333
RANDOM_LP_06_SYNTHETIC_STU01274,RANDOM_LP_06_SYNTHETIC_0334
RANDOM_LP_06_SYNTHETIC_STU01275,RANDOM_LP_06_SYNTHETIC_0144
RANDOM_LP_06_SYNTHETIC_STU01275,RANDOM_LP_06_SYNTHETIC_0340
RANDOM_LP_06_SYNTHETIC_STU01276,RANDOM_LP_06_SYNTHETIC_0295
RANDOM_LP_06_SYNTHETIC_STU01276,RANDOM_LP_06_SYNTHETIC_0486
RANDOM_LP_06_SYNTHETIC_STU01277,RANDOM_LP_06_SYNTHETIC_0189
RANDOM_LP_06_SYNTHETIC_STU01277,RANDOM_LP_06_SYNTHETIC_0201
RANDOM_LP_06_SYNTHETIC_STU01277,RANDOM_LP_06_SYNTHETIC_0409
RANDOM_LP_06_SYNTHETIC_STU01277,RANDOM_LP_06_SYNTHETIC_0498
RANDOM_LP_06_SYNTHETIC_STU01278,RANDOM_LP_06_SYNTHETIC_0079
RANDOM_LP_06_SYNTHETIC_STU01278,RANDOM_LP_06_SYNTHETIC_0164
RANDOM_LP_06_SYNTHETIC_STU01278,RANDOM_LP_06_SYNTHETIC_0240
RANDOM_LP_06_SYNTHETIC_STU01278,RANDOM_LP_06_SYNTHETIC_0405
RANDOM_LP_06_SYNTHETIC_STU01279,RANDOM_LP_06_SYNTHETIC_0079
RANDOM_LP_06_SYNTHETIC_STU01279,RANDOM_LP_06_SYNTHETIC_0130
RANDOM_LP_06_SYNTHETIC_STU01280,RANDOM_LP_06_SYNTHETIC_0079
RANDOM_LP_06_SYNTHETIC_STU01280,RANDOM_LP_06_SYNTHETIC_0198
RANDOM_LP_06_SYNTHETIC_STU01280,RANDOM_LP_06_SYNTHETIC_0319
RANDOM_LP_06_SYNTHETIC_STU01280,RANDOM_LP_06_SYNTHETIC_0424
RANDOM_LP_06_SYNTHETIC_STU01281,RANDOM_LP_06_SYNTHETIC_0090
RANDOM_LP_06_SYNTHETIC_STU01281,RANDOM_LP_06_SYNTHETIC_0111
RANDOM_LP_06_SYNTHETIC_STU01281,RANDOM_LP_06_SYNTHETIC_0253
RANDOM_LP_06_SYNTHETIC_STU01282,RANDOM_LP_06_SYNTHETIC_0010
RANDOM_LP_06_SYNTHETIC_STU01282,RANDOM_LP_06_SYNTHETIC_0040
RANDOM_LP_06_SYNTHETIC_STU01282,RANDOM_LP_06_SYNTHETIC_0137
RANDOM_LP_06_SYNTHETIC_STU01282,RANDOM_LP_06_SYNTHETIC_0165
RANDOM_LP_06_SYNTHETIC_STU01282,RANDOM_LP_06_SYNTHETIC_0235
RANDOM_LP_06_SYNTHETIC_STU01283,RANDOM_LP_06_SYNTHETIC_0199
RANDOM_LP_06_SYNTHETIC_STU01283,RANDOM_LP_06_SYNTHETIC_0302
RANDOM_LP_06_SYNTHETIC_STU01284,RANDOM_LP_06_SYNTHETIC_0104
RANDOM_LP_06_SYNTHETIC_STU01285,RANDOM_LP_06_SYNTHETIC_0214
RANDOM_LP_06_SYNTHETIC_STU01285,RANDOM_LP_06_SYNTHETIC_0254
RANDOM_LP_06_SYNTHETIC_STU01285,RANDOM_LP_06_SYNTHETIC_0461
RANDOM_LP_06_SYNTHETIC_STU01286,RANDOM_LP_06_SYNTHETIC_0013
RANDOM_LP_06_SYNTHETIC_STU01286,RANDOM_LP_06_SYNTHETIC_0069
RANDOM_LP_06_SYNTHETIC_STU01286,RANDOM_LP_06_SYNTHETIC_0140
RANDOM_LP_06_SYNTHETIC_STU01286,RANDOM_LP_06_SYNTHETIC_0276
RANDOM_LP_06_SYNTHETIC_STU01286,RANDOM_LP_06_SYNTHETIC_0355
RANDOM_LP_06_SYNTHETIC_STU01286,RANDOM_LP_06_SYNTHETIC_0445
RANDOM_LP_06_SYNTHETIC_STU01286,RANDOM_LP_06_SYNTHETIC_0492
RANDOM_LP_06_SYNTHETIC_STU01287,RANDOM_LP_06_SYNTHETIC_0121
RANDOM_LP_06_SYNTHETIC_STU01287,RANDOM_LP_06_SYNTHETIC_0420
RANDOM_LP_06_SYNTHETIC_STU01288,RANDOM_LP_06_SYNTHETIC_0145
RANDOM_LP_06_SYNTHETIC_STU01288,RANDOM_LP_06_SYNTHETIC_0218
RANDOM_LP_06_SYNTHETIC_STU01288,RANDOM_LP_06_SYNTHETIC_0244
RANDOM_LP_06_SYNTHETIC_STU01289,RANDOM_LP_06_SYNTHETIC_0011
RANDOM_LP_06_SYNTHETIC_STU01289,RANDOM_LP_06_SYNTHETIC_0458
RANDOM_LP_06_SYNTHETIC_STU01290,RANDOM_LP_06_SYNTHETIC_0011
RANDOM_LP_06_SYNTHETIC_STU01290,RANDOM_LP_06_SYNTHETIC_0174
RANDOM_LP_06_SYNTHETIC_STU01290,RANDOM_LP_06_SYNTHETIC_0275
RANDOM_LP_06_SYNTHETIC_STU01290,RANDOM_LP_06_SYNTHETIC_0295
RANDOM_LP_06_SYNTHETIC_STU01290,RANDOM_LP_06_SYNTHETIC_0393
RANDOM_LP_06_SYNTHETIC_STU01291,RANDOM_LP_06_SYNTHETIC_0041
RANDOM_LP_06_SYNTHETIC_STU01291,RANDOM_LP_06_SYNTHETIC_0146
RANDOM_LP_06_SYNTHETIC_STU01291,RANDOM_LP_06_SYNTHETIC_0283
RANDOM_LP_06_SYNTHETIC_STU01291,RANDOM_LP_06_SYNTHETIC_0314
RANDOM_LP_06_SYNTHETIC_STU01292,RANDOM_LP_06_SYNTHETIC_0034
RANDOM_LP_06_SYNTHETIC_STU01292,RANDOM_LP_06_SYNTHETIC_0178
RANDOM_LP_06_SYNTHETIC_STU01292,RANDOM_LP_06_SYNTHETIC_0203
RANDOM_LP_06_SYNTHETIC_STU01292,RANDOM_LP_06_SYNTHETIC_0288
RANDOM_LP_06_SYNTHETIC_STU01292,RANDOM_LP_06_SYNTHETIC_0345
RANDOM_LP_06_SYNTHETIC_STU01292,RANDOM_LP_06_SYNTHETIC_0361
RANDOM_LP_06_SYNTHETIC_STU01292,RANDOM_LP_06_SYNTHETIC_0429
RANDOM_LP_06_SYNTHETIC_STU01292,RANDOM_LP_06_SYNTHETIC_0474
RANDOM_LP_06_SYNTHETIC_STU01293,RANDOM_LP_06_SYNTHETIC_0184
RANDOM_LP_06_SYNTHETIC_STU01294,RANDOM_LP_06_SYNTHETIC_0290
RANDOM_LP_06_SYNTHETIC_STU01294,RANDOM_LP_06_SYNTHETIC_0486
RANDOM_LP_06_SYNTHETIC_STU01295,RANDOM_LP_06_SYNTHETIC_0401
RANDOM_LP_06_SYNTHETIC_STU01296,RANDOM_LP_06_SYNTHETIC_0062
RANDOM_LP_06_SYNTHETIC_STU01296,RANDOM_LP_06_SYNTHETIC_0182
RANDOM_LP_06_SYNTHETIC_STU01296,RANDOM_LP_06_SYNTHETIC_0476
RANDOM_LP_06_SYNTHETIC_STU01296,RANDOM_LP_06_SYNTHETIC_0497
RANDOM_LP_06_SYNTHETIC_STU01297,RANDOM_LP_06_SYNTHETIC_0040
RANDOM_LP_06_SYNTHETIC_STU01297,RANDOM_LP_06_SYNTHETIC_0206
RANDOM_LP_06_SYNTHETIC_STU01297,RANDOM_LP_06_SYNTHETIC_0229
RANDOM_LP_06_SYNTHETIC_STU01298,RANDOM_LP_06_SYNTHETIC_0240
RANDOM_LP_06_SYNTHETIC_STU01298,RANDOM_LP_06_SYNTHETIC_0329
RANDOM_LP_06_SYNTHETIC_STU01298,RANDOM_LP_06_SYNTHETIC_0477
RANDOM_LP_06_SYNTHETIC_STU01299,RANDOM_LP_06_SYNTHETIC_0274
RANDOM_LP_06_SYNTHETIC_STU01300,RANDOM_LP_06_SYNTHETIC_0229
RANDOM_LP_06_SYNTHETIC_STU01300,RANDOM_LP_06_SYNTHETIC_0249
RANDOM_LP_06_SYNTHETIC_STU01300,RANDOM_LP_06_SYNTHETIC_0442
RANDOM_LP_06_SYNTHETIC_STU01301,RANDOM_LP_06_SYNTHETIC_0040
RANDOM_LP_06_SYNTHETIC_STU01301,RANDOM_LP_06_SYNTHETIC_0107
RANDOM_LP_06_SYNTHETIC_STU01301,RANDOM_LP_06_SYNTHETIC_0120
RANDOM_LP_06_SYNTHETIC_STU01301,RANDOM_LP_06_SYNTHETIC_0431
RANDOM_LP_06_SYNTHETIC_STU01302,RANDOM_LP_06_SYNTHETIC_0099
RANDOM_LP_06_SYNTHETIC_STU01303,RANDOM_LP_06_SYNTHETIC_0063
RANDOM_LP_06_SYNTHETIC_STU01303,RANDOM_LP_06_SYNTHETIC_0130
RANDOM_LP_06_SYNTHETIC_STU01303,RANDOM_LP_06_SYNTHETIC_0231
RANDOM_LP_06_SYNTHETIC_STU01304,RANDOM_LP_06_SYNTHETIC_0035
RANDOM_LP_06_SYNTHETIC_STU01304,RANDOM_LP_06_SYNTHETIC_0346
RANDOM_LP_06_SYNTHETIC_STU01304,RANDOM_LP_06_SYNTHETIC_0384
RANDOM_LP_06_SYNTHETIC_STU01305,RANDOM_LP_06_SYNTHETIC_0004
RANDOM_LP_06_SYNTHETIC_STU01305,RANDOM_LP_06_SYNTHETIC_0324
RANDOM_LP_06_SYNTHETIC_STU01305,RANDOM_LP_06_SYNTHETIC_0357
RANDOM_LP_06_SYNTHETIC_STU01305,RANDOM_LP_06_SYNTHETIC_0436
RANDOM_LP_06_SYNTHETIC_STU01306,RANDOM_LP_06_SYNTHETIC_0004
RANDOM_LP_06_SYNTHETIC_STU01307,RANDOM_LP_06_SYNTHETIC_0271
RANDOM_LP_06_SYNTHETIC_STU01307,RANDOM_LP_06_SYNTHETIC_0469
RANDOM_LP_06_SYNTHETIC_STU01308,RANDOM_LP_06_SYNTHETIC_0112
RANDOM_LP_06_SYNTHETIC_STU01308,RANDOM_LP_06_SYNTHETIC_0260
RANDOM_LP_06_SYNTHETIC_STU01308,RANDOM_LP_06_SYNTHETIC_0426
RANDOM_LP_06_SYNTHETIC_STU01309,RANDOM_LP_06_SYNTHETIC_0089
RANDOM_LP_06_SYNTHETIC_STU01309,RANDOM_LP_06_SYNTHETIC_0165
RANDOM_LP_06_SYNTHETIC_STU01309,RANDOM_LP_06_SYNTHETIC_0337
RANDOM_LP_06_SYNTHETIC_STU01309,RANDOM_LP_06_SYNTHETIC_0359
RANDOM_LP_06_SYNTHETIC_STU01309,RANDOM_LP_06_SYNTHETIC_0479
RANDOM_LP_06_SYNTHETIC_STU01310,RANDOM_LP_06_SYNTHETIC_0078
RANDOM_LP_06_SYNTHETIC_STU01310,RANDOM_LP_06_SYNTHETIC_0410
RANDOM_LP_06_SYNTHETIC_STU01311,RANDOM_LP_06_SYNTHETIC_0340
RANDOM_LP_06_SYNTHETIC_STU01311,RANDOM_LP_06_SYNTHETIC_0374
RANDOM_LP_06_SYNTHETIC_STU01311,RANDOM_LP_06_SYNTHETIC_0447
RANDOM_LP_06_SYNTHETIC_STU01311,RANDOM_LP_06_SYNTHETIC_0472
RANDOM_LP_06_SYNTHETIC_STU01312,RANDOM_LP_06_SYNTHETIC_0375
RANDOM_LP_06_SYNTHETIC_STU01312,RANDOM_LP_06_SYNTHETIC_0494
RANDOM_LP_06_SYNTHETIC_STU01313,RANDOM_LP_06_SYNTHETIC_0303
RANDOM_LP_06_SYNTHETIC_STU01313,RANDOM_LP_06_SYNTHETIC_0447
RANDOM_LP_06_SYNTHETIC_STU01313,RANDOM_LP_06_SYNTHETIC_0478
RANDOM_LP_06_SYNTHETIC_STU01313,RANDOM_LP_06_SYNTHETIC_0483
RANDOM_LP_06_SYNTHETIC_STU01314,RANDOM_LP_06_SYNTHETIC_0187
RANDOM_LP_06_SYNTHETIC_STU01315,RANDOM_LP_06_SYNTHETIC_0074
RANDOM_LP_06_SYNTHETIC_STU01315,RANDOM_LP_06_SYNTHETIC_0101
RANDOM_LP_06_SYNTHETIC_STU01315,RANDOM_LP_06_SYNTHETIC_0368
RANDOM_LP_06_SYNTHETIC_STU01315,RANDOM_LP_06_SYNTHETIC_0380
RANDOM_LP_06_SYNTHETIC_STU01316,RANDOM_LP_06_SYNTHETIC_0218
RANDOM_LP_06_SYNTHETIC_STU01316,RANDOM_LP_06_SYNTHETIC_0407
RANDOM_LP_06_SYNTHETIC_STU01316,RANDOM_LP_06_SYNTHETIC_0460
RANDOM_LP_06_SYNTHETIC_STU01317,RANDOM_LP_06_SYNTHETIC_0255
RANDOM_LP_06_SYNTHETIC_STU01318,RANDOM_LP_06_SYNTHETIC_0039
RANDOM_LP_06_SYNTHETIC_STU01318,RANDOM_LP_06_SYNTHETIC_0108
RANDOM_LP_06_SYNTHETIC_STU01318,RANDOM_LP_06_SYNTHETIC_0463
RANDOM_LP_06_SYNTHETIC_STU01318,RANDOM_LP_06_SYNTHETIC_0498
RANDOM_LP_06_SYNTHETIC_STU01319,RANDOM_LP_06_SYNTHETIC_0181
RANDOM_LP_06_SYNTHETIC_STU01320,RANDOM_LP_06_SYNTHETIC_0028
RANDOM_LP_06_SYNTHETIC_STU01320,RANDOM_LP_06_SYNTHETIC_0127
RANDOM_LP_06_SYNTHETIC_STU01320,RANDOM_LP_06_SYNTHETIC_0134
RANDOM_LP_06_SYNTHETIC_STU01320,RANDOM_LP_06_SYNTHETIC_0287
RANDOM_LP_06_SYNTHETIC_STU01320,RANDOM_LP_06_SYNTHETIC_0319
RANDOM_LP_06_SYNTHETIC_STU01320,RANDOM_LP_06_SYNTHETIC_0355
RANDOM_LP_06_SYNTHETIC_STU01320,RANDOM_LP_06_SYNTHETIC_0438
RANDOM_LP_06_SYNTHETIC_STU01320,RANDOM_LP_06_SYNTHETIC_0441
RANDOM_LP_06_SYNTHETIC_STU01321,RANDOM_LP_06_SYNTHETIC_0021
RANDOM_LP_06_SYNTHETIC_STU01321,RANDOM_LP_06_SYNTHETIC_0099
RANDOM_LP_06_SYNTHETIC_STU01321,RANDOM_LP_06_SYNTHETIC_0389
RANDOM_LP_06_SYNTHETIC_STU01321,RANDOM_LP_06_SYNTHETIC_0449
RANDOM_LP_06_SYNTHETIC_STU01321,RANDOM_LP_06_SYNTHETIC_0497
RANDOM_LP_06_SYNTHETIC_STU01322,RANDOM_LP_06_SYNTHETIC_0277
RANDOM_LP_06_SYNTHETIC_STU01322,RANDOM_LP_06_SYNTHETIC_0487
RANDOM_LP_06_SYNTHETIC_STU01323,RANDOM_LP_06_SYNTHETIC_0039
RANDOM_LP_06_SYNTHETIC_STU01323,RANDOM_LP_06_SYNTHETIC_0100
RANDOM_LP_06_SYNTHETIC_STU01323,RANDOM_LP_06_SYNTHETIC_0448
RANDOM_LP_06_SYNTHETIC_STU01324,RANDOM_LP_06_SYNTHETIC_0252
RANDOM_LP_06_SYNTHETIC_STU01325,RANDOM_LP_06_SYNTHETIC_0001
RANDOM_LP_06_SYNTHETIC_STU01325,RANDOM_LP_06_SYNTHETIC_0383
RANDOM_LP_06_SYNTHETIC_STU01325,RANDOM_LP_06_SYNTHETIC_0407
RANDOM_LP_06_SYNTHETIC_STU01325,RANDOM_LP_06_SYNTHETIC_0418
RANDOM_LP_06_SYNTHETIC_STU01326,RANDOM_LP_06_SYNTHETIC_0250
RANDOM_LP_06_SYNTHETIC_STU01326,RANDOM_LP_06_SYNTHETIC_0275
RANDOM_LP_06_SYNTHETIC_STU01326,RANDOM_LP_06_SYNTHETIC_0292
RANDOM_LP_06_SYNTHETIC_STU01326,RANDOM_LP_06_SYNTHETIC_0482
RANDOM_LP_06_SYNTHETIC_STU01327,RANDOM_LP_06_SYNTHETIC_0051
RANDOM_LP_06_SYNTHETIC_STU01327,RANDOM_LP_06_SYNTHETIC_0214
RANDOM_LP_06_SYNTHETIC_STU01327,RANDOM_LP_06_SYNTHETIC_0380
RANDOM_LP_06_SYNTHETIC_STU01327,RANDOM_LP_06_SYNTHETIC_0500
RANDOM_LP_06_SYNTHETIC_STU01328,RANDOM_LP_06_SYNTHETIC_0421
RANDOM_LP_06_SYNTHETIC_STU01328,RANDOM_LP_06_SYNTHETIC_0498
RANDOM_LP_06_SYNTHETIC_STU01329,RANDOM_LP_06_SYNTHETIC_0072
RANDOM_LP_06_SYNTHETIC_STU01329,RANDOM_LP_06_SYNTHETIC_0176
RANDOM_LP_06_SYNTHETIC_STU01330,RANDOM_LP_06_SYNTHETIC_0028
RANDOM_LP_06_SYNTHETIC_STU01330,RANDOM_LP_06_SYNTHETIC_0086
RANDOM_LP_06_SYNTHETIC_STU01330,RANDOM_LP_06_SYNTHETIC_0449
RANDOM_LP_06_SYNTHETIC_STU01330,RANDOM_LP_06_SYNTHETIC_0487
RANDOM_LP_06_SYNTHETIC_STU01331,RANDOM_LP_06_SYNTHETIC_0097
RANDOM_LP_06_SYNTHETIC_STU01331,RANDOM_LP_06_SYNTHETIC_0416
RANDOM_LP_06_SYNTHETIC_STU01332,RANDOM_LP_06_SYNTHETIC_0039
RANDOM_LP_06_SYNTHETIC_STU01332,RANDOM_LP_06_SYNTHETIC_0438
RANDOM_LP_06_SYNTHETIC_STU01333,RANDOM_LP_06_SYNTHETIC_0137
RANDOM_LP_06_SYNTHETIC_STU01333,RANDOM_LP_06_SYNTHETIC_0146
RANDOM_LP_06_SYNTHETIC_STU01333,RANDOM_LP_06_SYNTHETIC_0184
RANDOM_LP_06_SYNTHETIC_STU01333,RANDOM_LP_06_SYNTHETIC_0314
RANDOM_LP_06_SYNTHETIC_STU01333,RANDOM_LP_06_SYNTHETIC_0438
RANDOM_LP_06_SYNTHETIC_STU01334,RANDOM_LP_06_SYNTHETIC_0067
RANDOM_LP_06_SYNTHETIC_STU01334,RANDOM_LP_06_SYNTHETIC_0076
RANDOM_LP_06_SYNTHETIC_STU01334,RANDOM_LP_06_SYNTHETIC_0121
RANDOM_LP_06_SYNTHETIC_STU01334,RANDOM_LP_06_SYNTHETIC_0169
RANDOM_LP_06_SYNTHETIC_STU01334,RANDOM_LP_06_SYNTHETIC_0195
RANDOM_LP_06_SYNTHETIC_STU01335,RANDOM_LP_06_SYNTHETIC_0078
RANDOM_LP_06_SYNTHETIC_STU01335,RANDOM_LP_06_SYNTHETIC_0079
RANDOM_LP_06_SYNTHETIC_STU01335,RANDOM_LP_06_SYNTHETIC_0338
RANDOM_LP_06_SYNTHETIC_STU01335,RANDOM_LP_06_SYNTHETIC_0418
RANDOM_LP_06_SYNTHETIC_STU01336,RANDOM_LP_06_SYNTHETIC_0032
RANDOM_LP_06_SYNTHETIC_STU01336,RANDOM_LP_06_SYNTHETIC_0054
RANDOM_LP_06_SYNTHETIC_STU01336,RANDOM_LP_06_SYNTHETIC_0120
RANDOM_LP_06_SYNTHETIC_STU01336,RANDOM_LP_06_SYNTHETIC_0177
RANDOM_LP_06_SYNTHETIC_STU01336,RANDOM_LP_06_SYNTHETIC_0286
RANDOM_LP_06_SYNTHETIC_STU01336,RANDOM_LP_06_SYNTHETIC_0496
RANDOM_LP_06_SYNTHETIC_STU01337,RANDOM_LP_06_SYNTHETIC_0079
RANDOM_LP_06_SYNTHETIC_STU01337,RANDOM_LP_06_SYNTHETIC_0113
RANDOM_LP_06_SYNTHETIC_STU01337,RANDOM_LP_06_SYNTHETIC_0184
RANDOM_LP_06_SYNTHETIC_STU01337,RANDOM_LP_06_SYNTHETIC_0343
RANDOM_LP_06_SYNTHETIC_STU01338,RANDOM_LP_06_SYNTHETIC_0086
RANDOM_LP_06_SYNTHETIC_STU01338,RANDOM_LP_06_SYNTHETIC_0355
RANDOM_LP_06_SYNTHETIC_STU01339,RANDOM_LP_06_SYNTHETIC_0116
RANDOM_LP_06_SYNTHETIC_STU01339,RANDOM_LP_06_SYNTHETIC_0167
RANDOM_LP_06_SYNTHETIC_STU01339,RANDOM_LP_06_SYNTHETIC_0229
RANDOM_LP_06_SYNTHETIC_STU01339,RANDOM_LP_06_SYNTHETIC_0412
RANDOM_LP_06_SYNTHETIC_STU01340,RANDOM_LP_06_SYNTHETIC_0030
RANDOM_LP_06_SYNTHETIC_STU01340,RANDOM_LP_06_SYNTHETIC_0285
RANDOM_LP_06_SYNTHETIC_STU01340,RANDOM_LP_06_SYNTHETIC_0371
RANDOM_LP_06_SYNTHETIC_STU01340,RANDOM_LP_06_SYNTHETIC_0410
RANDOM_LP_06_SYNTHETIC_STU01340,RANDOM_LP_06_SYNTHETIC_0427
RANDOM_LP_06_SYNTHETIC_STU01341,RANDOM_LP_06_SYNTHETIC_0251
RANDOM_LP_06_SYNTHETIC_STU01341,RANDOM_LP_06_SYNTHETIC_0317
RANDOM_LP_06_SYNTHETIC_STU01341,RANDOM_LP_06_SYNTHETIC_0343
RANDOM_LP_06_SYNTHETIC_STU01341,RANDOM_LP_06_SYNTHETIC_0483
RANDOM_LP_06_SYNTHETIC_STU01342,RANDOM_LP_06_SYNTHETIC_0009
RANDOM_LP_06_SYNTHETIC_STU01342,RANDOM_LP_06_SYNTHETIC_0410
RANDOM_LP_06_SYNTHETIC_STU01342,RANDOM_LP_06_SYNTHETIC_0460
RANDOM_LP_06_SYNTHETIC_STU01343,RANDOM_LP_06_SYNTHETIC_0013
RANDOM_LP_06_SYNTHETIC_STU01343,RANDOM_LP_06_SYNTHETIC_0041
RANDOM_LP_06_SYNTHETIC_STU01343,RANDOM_LP_06_SYNTHETIC_0199
RANDOM_LP_06_SYNTHETIC_STU01343,RANDOM_LP_06_SYNTHETIC_0276
RANDOM_LP_06_SYNTHETIC_STU01343,RANDOM_LP_06_SYNTHETIC_0469
RANDOM_LP_06_SYNTHETIC_STU01344,RANDOM_LP_06_SYNTHETIC_0078
RANDOM_LP_06_SYNTHETIC_STU01344,RANDOM_LP_06_SYNTHETIC_0274
RANDOM_LP_06_SYNTHETIC_STU01344,RANDOM_LP_06_SYNTHETIC_0418
RANDOM_LP_06_SYNTHETIC_STU01345,RANDOM_LP_06_SYNTHETIC_0065
RANDOM_LP_06_SYNTHETIC_STU01345,RANDOM_LP_06_SYNTHETIC_0122
RANDOM_LP_06_SYNTHETIC_STU01345,RANDOM_LP_06_SYNTHETIC_0192
RANDOM_LP_06_SYNTHETIC_STU01345,RANDOM_LP_06_SYNTHETIC_0410
RANDOM_LP_06_SYNTHETIC_STU01346,RANDOM_LP_06_SYNTHETIC_0129
RANDOM_LP_06_SYNTHETIC_STU01346,RANDOM_LP_06_SYNTHETIC_0388
RANDOM_LP_06_SYNTHETIC_STU01346,RANDOM_LP_06_SYNTHETIC_0436
RANDOM_LP_06_SYNTHETIC_STU01347,RANDOM_LP_06_SYNTHETIC_0159
RANDOM_LP_06_SYNTHETIC_STU01347,RANDOM_LP_06_SYNTHETIC_0380
RANDOM_LP_06_SYNTHETIC_STU01348,RANDOM_LP_06_SYNTHETIC_0111
RANDOM_LP_06_SYNTHETIC_STU01348,RANDOM_LP_06_SYNTHETIC_0152
RANDOM_LP_06_SYNTHETIC_STU01348,RANDOM_LP_06_SYNTHETIC_0167
RANDOM_LP_06_SYNTHETIC_STU01349,RANDOM_LP_06_SYNTHETIC_0315
RANDOM_LP_06_SYNTHETIC_STU01350,RANDOM_LP_06_SYNTHETIC_0016
RANDOM_LP_06_SYNTHETIC_STU01350,RANDOM_LP_06_SYNTHETIC_0357
RANDOM_LP_06_SYNTHETIC_STU01351,RANDOM_LP_06_SYNTHETIC_0028
RANDOM_LP_06_SYNTHETIC_STU01351,RANDOM_LP_06_SYNTHETIC_0137
RANDOM_LP_06_SYNTHETIC_STU01351,RANDOM_LP_06_SYNTHETIC_0295
RANDOM_LP_06_SYNTHETIC_STU01351,RANDOM_LP_06_SYNTHETIC_0358
RANDOM_LP_06_SYNTHETIC_STU01351,RANDOM_LP_06_SYNTHETIC_0436
RANDOM_LP_06_SYNTHETIC_STU01351,RANDOM_LP_06_SYNTHETIC_0475
RANDOM_LP_06_SYNTHETIC_STU01351,RANDOM_LP_06_SYNTHETIC_0497
RANDOM_LP_06_SYNTHETIC_STU01352,RANDOM_LP_06_SYNTHETIC_0357
RANDOM_LP_06_SYNTHETIC_STU01352,RANDOM_LP_06_SYNTHETIC_0416
RANDOM_LP_06_SYNTHETIC_STU01352,RANDOM_LP_06_SYNTHETIC_0493
RANDOM_LP_06_SYNTHETIC_STU01353,RANDOM_LP_06_SYNTHETIC_0319
RANDOM_LP_06_SYNTHETIC_STU01353,RANDOM_LP_06_SYNTHETIC_0444
RANDOM_LP_06_SYNTHETIC_STU01354,RANDOM_LP_06_SYNTHETIC_0050
RANDOM_LP_06_SYNTHETIC_STU01354,RANDOM_LP_06_SYNTHETIC_0073
RANDOM_LP_06_SYNTHETIC_STU01354,RANDOM_LP_06_SYNTHETIC_0351
RANDOM_LP_06_SYNTHETIC_STU01355,RANDOM_LP_06_SYNTHETIC_0067
RANDOM_LP_06_SYNTHETIC_STU01355,RANDOM_LP_06_SYNTHETIC_0178
RANDOM_LP_06_SYNTHETIC_STU01355,RANDOM_LP_06_SYNTHETIC_0219
RANDOM_LP_06_SYNTHETIC_STU01355,RANDOM_LP_06_SYNTHETIC_0419
RANDOM_LP_06_SYNTHETIC_STU01356,RANDOM_LP_06_SYNTHETIC_0033
RANDOM_LP_06_SYNTHETIC_STU01356,RANDOM_LP_06_SYNTHETIC_0100
RANDOM_LP_06_SYNTHETIC_STU01356,RANDOM_LP_06_SYNTHETIC_0350
RANDOM_LP_06_SYNTHETIC_STU01356,RANDOM_LP_06_SYNTHETIC_0410
RANDOM_LP_06_SYNTHETIC_STU01356,RANDOM_LP_06_SYNTHETIC_0469
RANDOM_LP_06_SYNTHETIC_STU01357,RANDOM_LP_06_SYNTHETIC_0002
RANDOM_LP_06_SYNTHETIC_STU01357,RANDOM_LP_06_SYNTHETIC_0202
RANDOM_LP_06_SYNTHETIC_STU01357,RANDOM_LP_06_SYNTHETIC_0295
RANDOM_LP_06_SYNTHETIC_STU01357,RANDOM_LP_06_SYNTHETIC_0305
RANDOM_LP_06_SYNTHETIC_STU01357,RANDOM_LP_06_SYNTHETIC_0319
RANDOM_LP_06_SYNTHETIC_STU01358,RANDOM_LP_06_SYNTHETIC_0024
RANDOM_LP_06_SYNTHETIC_STU01358,RANDOM_LP_06_SYNTHETIC_0100
RANDOM_LP_06_SYNTHETIC_STU01358,RANDOM_LP_06_SYNTHETIC_0215
RANDOM_LP_06_SYNTHETIC_STU01358,RANDOM_LP_06_SYNTHETIC_0427
RANDOM_LP_06_SYNTHETIC_STU01359,RANDOM_LP_06_SYNTHETIC_0258
RANDOM_LP_06_SYNTHETIC_STU01359,RANDOM_LP_06_SYNTHETIC_0278
RANDOM_LP_06_SYNTHETIC_STU01360,RANDOM_LP_06_SYNTHETIC_0079
RANDOM_LP_06_SYNTHETIC_STU01360,RANDOM_LP_06_SYNTHETIC_0124
RANDOM_LP_06_SYNTHETIC_STU01361,RANDOM_LP_06_SYNTHETIC_0137
RANDOM_LP_06_SYNTHETIC_STU01361,RANDOM_LP_06_SYNTHETIC_0145
RANDOM_LP_06_SYNTHETIC_STU01361,RANDOM_LP_06_SYNTHETIC_0326
RANDOM_LP_06_SYNTHETIC_STU01361,RANDOM_LP_06_SYNTHETIC_0478
RANDOM_LP_06_SYNTHETIC_STU01362,RANDOM_LP_06_SYNTHETIC_0054
RANDOM_LP_06_SYNTHETIC_STU01362,RANDOM_LP_06_SYNTHETIC_0491
RANDOM_LP_06_SYNTHETIC_STU01363,RANDOM_LP_06_SYNTHETIC_0184
RANDOM_LP_06_SYNTHETIC_STU01363,RANDOM_LP_06_SYNTHETIC_0327
RANDOM_LP_06_SYNTHETIC_STU01364,RANDOM_LP_06_SYNTHETIC_0028
RANDOM_LP_06_SYNTHETIC_STU01364,RANDOM_LP_06_SYNTHETIC_0205
RANDOM_LP_06_SYNTHETIC_STU01364,RANDOM_LP_06_SYNTHETIC_0267
RANDOM_LP_06_SYNTHETIC_STU01364,RANDOM_LP_06_SYNTHETIC_0328
RANDOM_LP_06_SYNTHETIC_STU01365,RANDOM_LP_06_SYNTHETIC_0387
RANDOM_LP_06_SYNTHETIC_STU01365,RANDOM_LP_06_SYNTHETIC_0445
RANDOM_LP_06_SYNTHETIC_STU01365,RANDOM_LP_06_SYNTHETIC_0475
RANDOM_LP_06_SYNTHETIC_STU01366,RANDOM_LP_06_SYNTHETIC_0148
RANDOM_LP_06_SYNTHETIC_STU01367,RANDOM_LP_06_SYNTHETIC_0158
RANDOM_LP_06_SYNTHETIC_STU01367,RANDOM_LP_06_SYNTHETIC_0280
RANDOM_LP_06_SYNTHETIC_STU01367,RANDOM_LP_06_SYNTHETIC_0379
RANDOM_LP_06_SYNTHETIC_STU01367,RANDOM_LP_06_SYNTHETIC_0398
RANDOM_LP_06_SYNTHETIC_STU01368,RANDOM_LP_06_SYNTHETIC_0028
RANDOM_LP_06_SYNTHETIC_STU01368,RANDOM_LP_06_SYNTHETIC_0104
RANDOM_LP_06_SYNTHETIC_STU01368,RANDOM_LP_06_SYNTHETIC_0302
RANDOM_LP_06_SYNTHETIC_STU01368,RANDOM_LP_06_SYNTHETIC_0441
RANDOM_LP_06_SYNTHETIC_STU01369,RANDOM_LP_06_SYNTHETIC_0196
RANDOM_LP_06_SYNTHETIC_STU01369,RANDOM_LP_06_SYNTHETIC_0252
RANDOM_LP_06_SYNTHETIC_STU01370,RANDOM_LP_06_SYNTHETIC_0040
RANDOM_LP_06_SYNTHETIC_STU01370,RANDOM_LP_06_SYNTHETIC_0453
RANDOM_LP_06_SYNTHETIC_STU01371,RANDOM_LP_06_SYNTHETIC_0182
RANDOM_LP_06_SYNTHETIC_STU01371,RANDOM_LP_06_SYNTHETIC_0330
RANDOM_LP_06_SYNTHETIC_STU01371,RANDOM_LP_06_SYNTHETIC_0483
RANDOM_LP_06_SYNTHETIC_STU01372,RANDOM_LP_06_SYNTHETIC_0042
RANDOM_LP_06_SYNTHETIC_STU01372,RANDOM_LP_06_SYNTHETIC_0114
RANDOM_LP_06_SYNTHETIC_STU01373,RANDOM_LP_06_SYNTHETIC_0001
RANDOM_LP_06_SYNTHETIC_STU01373,RANDOM_LP_06_SYNTHETIC_0104
RANDOM_LP_06_SYNTHETIC_STU01374,RANDOM_LP_06_SYNTHETIC_0047
RANDOM_LP_06_SYNTHETIC_STU01374,RANDOM_LP_06_SYNTHETIC_0049
RANDOM_LP_06_SYNTHETIC_STU01374,RANDOM_LP_06_SYNTHETIC_0066
RANDOM_LP_06_SYNTHETIC_STU01374,RANDOM_LP_06_SYNTHETIC_0499
RANDOM_LP_06_SYNTHETIC_STU01375,RANDOM_LP_06_SYNTHETIC_0193
RANDOM_LP_06_SYNTHETIC_STU01375,RANDOM_LP_06_SYNTHETIC_0258
RANDOM_LP_06_SYNTHETIC_STU01375,RANDOM_LP_06_SYNTHETIC_0458
RANDOM_LP_06_SYNTHETIC_STU01376,RANDOM_LP_06_SYNTHETIC_0320
RANDOM_LP_06_SYNTHETIC_STU01376,RANDOM_LP_06_SYNTHETIC_0411
RANDOM_LP_06_SYNTHETIC_STU01376,RANDOM_LP_06_SYNTHETIC_0438
RANDOM_LP_06_SYNTHETIC_STU01377,RANDOM_LP_06_SYNTHETIC_0132
RANDOM_LP_06_SYNTHETIC_STU01377,RANDOM_LP_06_SYNTHETIC_0140
RANDOM_LP_06_SYNTHETIC_STU01377,RANDOM_LP_06_SYNTHETIC_0259
RANDOM_LP_06_SYNTHETIC_STU01378,RANDOM_LP_06_SYNTHETIC_0100
RANDOM_LP_06_SYNTHETIC_STU01378,RANDOM_LP_06_SYNTHETIC_0105
RANDOM_LP_06_SYNTHETIC_STU01378,RANDOM_LP_06_SYNTHETIC_0199
RANDOM_LP_06_SYNTHETIC_STU01378,RANDOM_LP_06_SYNTHETIC_0427
RANDOM_LP_06_SYNTHETIC_STU01379,RANDOM_LP_06_SYNTHETIC_0002
RANDOM_LP_06_SYNTHETIC_STU01379,RANDOM_LP_06_SYNTHETIC_0085
RANDOM_LP_06_SYNTHETIC_STU01379,RANDOM_LP_06_SYNTHETIC_0136
RANDOM_LP_06_SYNTHETIC_STU01379,RANDOM_LP_06_SYNTHETIC_0280
RANDOM_LP_06_SYNTHETIC_STU01379,RANDOM_LP_06_SYNTHETIC_0312
RANDOM_LP_06_SYNTHETIC_STU01380,RANDOM_LP_06_SYNTHETIC_0116
RANDOM_LP_06_SYNTHETIC_STU01380,RANDOM_LP_06_SYNTHETIC_0126
RANDOM_LP_06_SYNTHETIC_STU01380,RANDOM_LP_06_SYNTHETIC_0295
RANDOM_LP_06_SYNTHETIC_STU01380,RANDOM_LP_06_SYNTHETIC_0445
RANDOM_LP_06_SYNTHETIC_STU01380,RANDOM_LP_06_SYNTHETIC_0449
RANDOM_LP_06_SYNTHETIC_STU01380,RANDOM_LP_06_SYNTHETIC_0475
RANDOM_LP_06_SYNTHETIC_STU01381,RANDOM_LP_06_SYNTHETIC_0275
RANDOM_LP_06_SYNTHETIC_STU01381,RANDOM_LP_06_SYNTHETIC_0319
RANDOM_LP_06_SYNTHETIC_STU01382,RANDOM_LP_06_SYNTHETIC_0251
RANDOM_LP_06_SYNTHETIC_STU01382,RANDOM_LP_06_SYNTHETIC_0345
RANDOM_LP_06_SYNTHETIC_STU01382,RANDOM_LP_06_SYNTHETIC_0380
RANDOM_LP_06_SYNTHETIC_STU01383,RANDOM_LP_06_SYNTHETIC_0040
RANDOM_LP_06_SYNTHETIC_STU01383,RANDOM_LP_06_SYNTHETIC_0062
RANDOM_LP_06_SYNTHETIC_STU01383,RANDOM_LP_06_SYNTHETIC_0275
RANDOM_LP_06_SYNTHETIC_STU01383,RANDOM_LP_06_SYNTHETIC_0372
RANDOM_LP_06_SYNTHETIC_STU01384,RANDOM_LP_06_SYNTHETIC_0140
RANDOM_LP_06_SYNTHETIC_STU01384,RANDOM_LP_06_SYNTHETIC_0319
RANDOM_LP_06_SYNTHETIC_STU01384,RANDOM_LP_06_SYNTHETIC_0365
RANDOM_LP_06_SYNTHETIC_STU01384,RANDOM_LP_06_SYNTHETIC_0389
RANDOM_LP_06_SYNTHETIC_STU01384,RANDOM_LP_06_SYNTHETIC_0401
RANDOM_LP_06_SYNTHETIC_STU01384,RANDOM_LP_06_SYNTHETIC_0404
RANDOM_LP_06_SYNTHETIC_STU01384,RANDOM_LP_06_SYNTHETIC_0418
RANDOM_LP_06_SYNTHETIC_STU01385,RANDOM_LP_06_SYNTHETIC_0080
RANDOM_LP_06_SYNTHETIC_STU01385,RANDOM_LP_06_SYNTHETIC_0268
RANDOM_LP_06_SYNTHETIC_STU01385,RANDOM_LP_06_SYNTHETIC_0343
RANDOM_LP_06_SYNTHETIC_STU01385,RANDOM_LP_06_SYNTHETIC_0435
RANDOM_LP_06_SYNTHETIC_STU01386,RANDOM_LP_06_SYNTHETIC_0034
RANDOM_LP_06_SYNTHETIC_STU01386,RANDOM_LP_06_SYNTHETIC_0111
RANDOM_LP_06_SYNTHETIC_STU01386,RANDOM_LP_06_SYNTHETIC_0267
RANDOM_LP_06_SYNTHETIC_STU01386,RANDOM_LP_06_SYNTHETIC_0388
RANDOM_LP_06_SYNTHETIC_STU01387,RANDOM_LP_06_SYNTHETIC_0156
RANDOM_LP_06_SYNTHETIC_STU01387,RANDOM_LP_06_SYNTHETIC_0224
RANDOM_LP_06_SYNTHETIC_STU01387,RANDOM_LP_06_SYNTHETIC_0251
RANDOM_LP_06_SYNTHETIC_STU01387,RANDOM_LP_06_SYNTHETIC_0370
RANDOM_LP_06_SYNTHETIC_STU01388,RANDOM_LP_06_SYNTHETIC_0411
RANDOM_LP_06_SYNTHETIC_STU01388,RANDOM_LP_06_SYNTHETIC_0458
RANDOM_LP_06_SYNTHETIC_STU01389,RANDOM_LP_06_SYNTHETIC_0172
RANDOM_LP_06_SYNTHETIC_STU01389,RANDOM_LP_06_SYNTHETIC_0282
RANDOM_LP_06_SYNTHETIC_STU01389,RANDOM_LP_06_SYNTHETIC_0463
RANDOM_LP_06_SYNTHETIC_STU01390,RANDOM_LP_06_SYNTHETIC_0037
RANDOM_LP_06_SYNTHETIC_STU01390,RANDOM_LP_06_SYNTHETIC_0212
RANDOM_LP_06_SYNTHETIC_STU01391,RANDOM_LP_06_SYNTHETIC_0009
RANDOM_LP_06_SYNTHETIC_STU01391,RANDOM_LP_06_SYNTHETIC_0023
RANDOM_LP_06_SYNTHETIC_STU01391,RANDOM_LP_06_SYNTHETIC_0218
RANDOM_LP_06_SYNTHETIC_STU01391,RANDOM_LP_06_SYNTHETIC_0488
RANDOM_LP_06_SYNTHETIC_STU01392,RANDOM_LP_06_SYNTHETIC_0162
RANDOM_LP_06_SYNTHETIC_STU01392,RANDOM_LP_06_SYNTHETIC_0383
RANDOM_LP_06_SYNTHETIC_STU01392,RANDOM_LP_06_SYNTHETIC_0433
RANDOM_LP_06_SYNTHETIC_STU01393,RANDOM_LP_06_SYNTHETIC_0071
RANDOM_LP_06_SYNTHETIC_STU01393,RANDOM_LP_06_SYNTHETIC_0203
RANDOM_LP_06_SYNTHETIC_STU01393,RANDOM_LP_06_SYNTHETIC_0399
RANDOM_LP_06_SYNTHETIC_STU01394,RANDOM_LP_06_SYNTHETIC_0004
RANDOM_LP_06_SYNTHETIC_STU01394,RANDOM_LP_06_SYNTHETIC_0059
RANDOM_LP_06_SYNTHETIC_STU01395,RANDOM_LP_06_SYNTHETIC_0399
RANDOM_LP_06_SYNTHETIC_STU01396,RANDOM_LP_06_SYNTHETIC_0178
RANDOM_LP_06_SYNTHETIC_STU01397,RANDOM_LP_06_SYNTHETIC_0213
RANDOM_LP_06_SYNTHETIC_STU01397,RANDOM_LP_06_SYNTHETIC_0478
RANDOM_LP_06_SYNTHETIC_STU01398,RANDOM_LP_06_SYNTHETIC_0028
RANDOM_LP_06_SYNTHETIC_STU01398,RANDOM_LP_06_SYNTHETIC_0317
RANDOM_LP_06_SYNTHETIC_STU01398,RANDOM_LP_06_SYNTHETIC_0329
RANDOM_LP_06_SYNTHETIC_STU01398,RANDOM_LP_06_SYNTHETIC_0353
RANDOM_LP_06_SYNTHETIC_STU01399,RANDOM_LP_06_SYNTHETIC_0055
RANDOM_LP_06_SYNTHETIC_STU01399,RANDOM_LP_06_SYNTHETIC_0386
RANDOM_LP_06_SYNTHETIC_STU01400,RANDOM_LP_06_SYNTHETIC_0079
RANDOM_LP_06_SYNTHETIC_STU01400,RANDOM_LP_06_SYNTHETIC_0122
RANDOM_LP_06_SYNTHETIC_STU01400,RANDOM_LP_06_SYNTHETIC_0178
RANDOM_LP_06_SYNTHETIC_STU01400,RANDOM_LP_06_SYNTHETIC_0376
RANDOM_LP_06_SYNTHETIC_STU01401,RANDOM_LP_06_SYNTHETIC_0288
RANDOM_LP_06_SYNTHETIC_STU01401,RANDOM_LP_06_SYNTHETIC_0303
RANDOM_LP_06_SYNTHETIC_STU01401,RANDOM_LP_06_SYNTHETIC_0388
RANDOM_LP_06_SYNTHETIC_STU01402,RANDOM_LP_06_SYNTHETIC_0353
RANDOM_LP_06_SYNTHETIC_STU01402,RANDOM_LP_06_SYNTHETIC_0487
RANDOM_LP_06_SYNTHETIC_STU01403,RANDOM_LP_06_SYNTHETIC_0216
RANDOM_LP_06_SYNTHETIC_STU01403,RANDOM_LP_06_SYNTHETIC_0235
RANDOM_LP_06_SYNTHETIC_STU01404,RANDOM_LP_06_SYNTHETIC_0490
RANDOM_LP_06_SYNTHETIC_STU01405,RANDOM_LP_06_SYNTHETIC_0316
RANDOM_LP_06_SYNTHETIC_STU01406,RANDOM_LP_06_SYNTHETIC_0011
RANDOM_LP_06_SYNTHETIC_STU01406,RANDOM_LP_06_SYNTHETIC_0231
RANDOM_LP_06_SYNTHETIC_STU01407,RANDOM_LP_06_SYNTHETIC_0028
RANDOM_LP_06_SYNTHETIC_STU01407,RANDOM_LP_06_SYNTHETIC_0167
RANDOM_LP_06_SYNTHETIC_STU01407,RANDOM_LP_06_SYNTHETIC_0380
RANDOM_LP_06_SYNTHETIC_STU01407,RANDOM_LP_06_SYNTHETIC_0423
RANDOM_LP_06_SYNTHETIC_STU01407,RANDOM_LP_06_SYNTHETIC_0486
RANDOM_LP_06_SYNTHETIC_STU01408,RANDOM_LP_06_SYNTHETIC_0075
RANDOM_LP_06_SYNTHETIC_STU01408,RANDOM_LP_06_SYNTHETIC_0482
RANDOM_LP_06_SYNTHETIC_STU01408,RANDOM_LP_06_SYNTHETIC_0496
RANDOM_LP_06_SYNTHETIC_STU01409,RANDOM_LP_06_SYNTHETIC_0013
RANDOM_LP_06_SYNTHETIC_STU01409,RANDOM_LP_06_SYNTHETIC_0137
RANDOM_LP_06_SYNTHETIC_STU01409,RANDOM_LP_06_SYNTHETIC_0284
RANDOM_LP_06_SYNTHETIC_STU01410,RANDOM_LP_06_SYNTHETIC_0040
RANDOM_LP_06_SYNTHETIC_STU01410,RANDOM_LP_06_SYNTHETIC_0123
RANDOM_LP_06_SYNTHETIC_STU01410,RANDOM_LP_06_SYNTHETIC_0171
RANDOM_LP_06_SYNTHETIC_STU01410,RANDOM_LP_06_SYNTHETIC_0235
RANDOM_LP_06_SYNTHETIC_STU01410,RANDOM_LP_06_SYNTHETIC_0239
RANDOM_LP_06_SYNTHETIC_STU01411,RANDOM_LP_06_SYNTHETIC_0110
RANDOM_LP_06_SYNTHETIC_STU01411,RANDOM_LP_06_SYNTHETIC_0368
RANDOM_LP_06_SYNTHETIC_STU01412,RANDOM_LP_06_SYNTHETIC_0054
RANDOM_LP_06_SYNTHETIC_STU01412,RANDOM_LP_06_SYNTHETIC_0204
RANDOM_LP_06_SYNTHETIC_STU01412,RANDOM_LP_06_SYNTHETIC_0206
RANDOM_LP_06_SYNTHETIC_STU01412,RANDOM_LP_06_SYNTHETIC_0409
RANDOM_LP_06_SYNTHETIC_STU01412,RANDOM_LP_06_SYNTHETIC_0416
RANDOM_LP_06_SYNTHETIC_STU01413,RANDOM_LP_06_SYNTHETIC_0079
RANDOM_LP_06_SYNTHETIC_STU01414,RANDOM_LP_06_SYNTHETIC_0028
RANDOM_LP_06_SYNTHETIC_STU01414,RANDOM_LP_06_SYNTHETIC_0103
RANDOM_LP_06_SYNTHETIC_STU01414,RANDOM_LP_06_SYNTHETIC_0247
RANDOM_LP_06_SYNTHETIC_STU01414,RANDOM_LP_06_SYNTHETIC_0339
RANDOM_LP_06_SYNTHETIC_STU01414,RANDOM_LP_06_SYNTHETIC_0350
RANDOM_LP_06_SYNTHETIC_STU01414,RANDOM_LP_06_SYNTHETIC_0371
RANDOM_LP_06_SYNTHETIC_STU01414,RANDOM_LP_06_SYNTHETIC_0448
RANDOM_LP_06_SYNTHETIC_STU01415,RANDOM_LP_06_SYNTHETIC_0071
RANDOM_LP_06_SYNTHETIC_STU01415,RANDOM_LP_06_SYNTHETIC_0112
RANDOM_LP_06_SYNTHETIC_STU01415,RANDOM_LP_06_SYNTHETIC_0118
RANDOM_LP_06_SYNTHETIC_STU01415,RANDOM_LP_06_SYNTHETIC_0299
RANDOM_LP_06_SYNTHETIC_STU01416,RANDOM_LP_06_SYNTHETIC_0050
RANDOM_LP_06_SYNTHETIC_STU01416,RANDOM_LP_06_SYNTHETIC_0140
RANDOM_LP_06_SYNTHETIC_STU01416,RANDOM_LP_06_SYNTHETIC_0335
RANDOM_LP_06_SYNTHETIC_STU01416,RANDOM_LP_06_SYNTHETIC_0375
RANDOM_LP_06_SYNTHETIC_STU01417,RANDOM_LP_06_SYNTHETIC_0013
RANDOM_LP_06_SYNTHETIC_STU01417,RANDOM_LP_06_SYNTHETIC_0221
RANDOM_LP_06_SYNTHETIC_STU01418,RANDOM_LP_06_SYNTHETIC_0094
RANDOM_LP_06_SYNTHETIC_STU01419,RANDOM_LP_06_SYNTHETIC_0377
RANDOM_LP_06_SYNTHETIC_STU01419,RANDOM_LP_06_SYNTHETIC_0411
RANDOM_LP_06_SYNTHETIC_STU01420,RANDOM_LP_06_SYNTHETIC_0122
RANDOM_LP_06_SYNTHETIC_STU01420,RANDOM_LP_06_SYNTHETIC_0369
RANDOM_LP_06_SYNTHETIC_STU01420,RANDOM_LP_06_SYNTHETIC_0410
RANDOM_LP_06_SYNTHETIC_STU01420,RANDOM_LP_06_SYNTHETIC_0460
RANDOM_LP_06_SYNTHETIC_STU01421,RANDOM_LP_06_SYNTHETIC_0313
RANDOM_LP_06_SYNTHETIC_STU01421,RANDOM_LP_06_SYNTHETIC_0361
RANDOM_LP_06_SYNTHETIC_STU01421,RANDOM_LP_06_SYNTHETIC_0368
RANDOM_LP_06_SYNTHETIC_STU01422,RANDOM_LP_06_SYNTHETIC_0017
RANDOM_LP_06_SYNTHETIC_STU01422,RANDOM_LP_06_SYNTHETIC_0113
RANDOM_LP_06_SYNTHETIC_STU01423,RANDOM_LP_06_SYNTHETIC_0016
RANDOM_LP_06_SYNTHETIC_STU01423,RANDOM_LP_06_SYNTHETIC_0082
RANDOM_LP_06_SYNTHETIC_STU01423,RANDOM_LP_06_SYNTHETIC_0492
RANDOM_LP_06_SYNTHETIC_STU01424,RANDOM_LP_06_SYNTHETIC_0003
RANDOM_LP_06_SYNTHETIC_STU01424,RANDOM_LP_06_SYNTHETIC_0115
RANDOM_LP_06_SYNTHETIC_STU01424,RANDOM_LP_06_SYNTHETIC_0198
RANDOM_LP_06_SYNTHETIC_STU01425,RANDOM_LP_06_SYNTHETIC_0040
RANDOM_LP_06_SYNTHETIC_STU01426,RANDOM_LP_06_SYNTHETIC_0087
RANDOM_LP_06_SYNTHETIC_STU01426,RANDOM_LP_06_SYNTHETIC_0109
RANDOM_LP_06_SYNTHETIC_STU01426,RANDOM_LP_06_SYNTHETIC_0135
RANDOM_LP_06_SYNTHETIC_STU01426,RANDOM_LP_06_SYNTHETIC_0164
RANDOM_LP_06_SYNTHETIC_STU01426,RANDOM_LP_06_SYNTHETIC_0171
RANDOM_LP_06_SYNTHETIC_STU01427,RANDOM_LP_06_SYNTHETIC_0111
RANDOM_LP_06_SYNTHETIC_STU01427,RANDOM_LP_06_SYNTHETIC_0122
RANDOM_LP_06_SYNTHETIC_STU01428,RANDOM_LP_06_SYNTHETIC_0277
RANDOM_LP_06_SYNTHETIC_STU01428,RANDOM_LP_06_SYNTHETIC_0318
RANDOM_LP_06_SYNTHETIC_STU01429,RANDOM_LP_06_SYNTHETIC_0002
RANDOM_LP_06_SYNTHETIC_STU01429,RANDOM_LP_06_SYNTHETIC_0177
RANDOM_LP_06_SYNTHETIC_STU01429,RANDOM_LP_06_SYNTHETIC_0251
RANDOM_LP_06_SYNTHETIC_STU01430,RANDOM_LP_06_SYNTHETIC_0040
RANDOM_LP_06_SYNTHETIC_STU01430,RANDOM_LP_06_SYNTHETIC_0283
RANDOM_LP_06_SYNTHETIC_STU01430,RANDOM_LP_06_SYNTHETIC_0319
RANDOM_LP_06_SYNTHETIC_STU01431,RANDOM_LP_06_SYNTHETIC_0040
RANDOM_LP_06_SYNTHETIC_STU01431,RANDOM_LP_06_SYNTHETIC_0137
RANDOM_LP_06_SYNTHETIC_STU01431,RANDOM_LP_06_SYNTHETIC_0204
RANDOM_LP_06_SYNTHETIC_STU01431,RANDOM_LP_06_SYNTHETIC_0465
RANDOM_LP_06_SYNTHETIC_STU01432,RANDOM_LP_06_SYNTHETIC_0179
RANDOM_LP_06_SYNTHETIC_STU01432,RANDOM_LP_06_SYNTHETIC_0374
RANDOM_LP_06_SYNTHETIC_STU01432,RANDOM_LP_06_SYNTHETIC_0409
RANDOM_LP_06_SYNTHETIC_STU01433,RANDOM_LP_06_SYNTHETIC_0210
RANDOM_LP_06_SYNTHETIC_STU01433,RANDOM_LP_06_SYNTHETIC_0499
RANDOM_LP_06_SYNTHETIC_STU01434,RANDOM_LP_06_SYNTHETIC_0060
RANDOM_LP_06_SYNTHETIC_STU01434,RANDOM_LP_06_SYNTHETIC_0237
RANDOM_LP_06_SYNTHETIC_STU01435,RANDOM_LP_06_SYNTHETIC_0134
RANDOM_LP_06_SYNTHETIC_STU01435,RANDOM_LP_06_SYNTHETIC_0355
RANDOM_LP_06_SYNTHETIC_STU01435,RANDOM_LP_06_SYNTHETIC_0419
RANDOM_LP_06_SYNTHETIC_STU01436,RANDOM_LP_06_SYNTHETIC_0339
RANDOM_LP_06_SYNTHETIC_STU01436,RANDOM_LP_06_SYNTHETIC_0499
RANDOM_LP_06_SYNTHETIC_STU01437,RANDOM_LP_06_SYNTHETIC_0066
RANDOM_LP_06_SYNTHETIC_STU01438,RANDOM_LP_06_SYNTHETIC_0003
RANDOM_LP_06_SYNTHETIC_STU01438,RANDOM_LP_06_SYNTHETIC_0056
RANDOM_LP_06_SYNTHETIC_STU01438,RANDOM_LP_06_SYNTHETIC_0375
RANDOM_LP_06_SYNTHETIC_STU01439,RANDOM_LP_06_SYNTHETIC_0057
RANDOM_LP_06_SYNTHETIC_STU01439,RANDOM_LP_06_SYNTHETIC_0148
RANDOM_LP_06_SYNTHETIC_STU01439,RANDOM_LP_06_SYNTHETIC_0496
RANDOM_LP_06_SYNTHETIC_STU01439,RANDOM_LP_06_SYNTHETIC_0497
RANDOM_LP_06_SYNTHETIC_STU01440,RANDOM_LP_06_SYNTHETIC_0078
RANDOM_LP_06_SYNTHETIC_STU01440,RANDOM_LP_06_SYNTHETIC_0396
RANDOM_LP_06_SYNTHETIC_STU01441,RANDOM_LP_06_SYNTHETIC_0028
RANDOM_LP_06_SYNTHETIC_STU01441,RANDOM_LP_06_SYNTHETIC_0071
RANDOM_LP_06_SYNTHETIC_STU01441,RANDOM_LP_06_SYNTHETIC_0365
RANDOM_LP_06_SYNTHETIC_STU01442,RANDOM_LP_06_SYNTHETIC_0164
RANDOM_LP_06_SYNTHETIC_STU01442,RANDOM_LP_06_SYNTHETIC_0337
RANDOM_LP_06_SYNTHETIC_STU01442,RANDOM_LP_06_SYNTHETIC_0447
RANDOM_LP_06_SYNTHETIC_STU01443,RANDOM_LP_06_SYNTHETIC_0004
RANDOM_LP_06_SYNTHETIC_STU01443,RANDOM_LP_06_SYNTHETIC_0201
RANDOM_LP_06_SYNTHETIC_STU01443,RANDOM_LP_06_SYNTHETIC_0222
RANDOM_LP_06_SYNTHETIC_STU01443,RANDOM_LP_06_SYNTHETIC_0467
RANDOM_LP_06_SYNTHETIC_STU01443,RANDOM_LP_06_SYNTHETIC_0497
RANDOM_LP_06_SYNTHETIC_STU01444,RANDOM_LP_06_SYNTHETIC_0018
RANDOM_LP_06_SYNTHETIC_STU01444,RANDOM_LP_06_SYNTHETIC_0028
RANDOM_LP_06_SYNTHETIC_STU01445,RANDOM_LP_06_SYNTHETIC_0004
RANDOM_LP_06_SYNTHETIC_STU01445,RANDOM_LP_06_SYNTHETIC_0087
RANDOM_LP_06_SYNTHETIC_STU01446,RANDOM_LP_06_SYNTHETIC_0164
RANDOM_LP_06_SYNTHETIC_STU01446,RANDOM_LP_06_SYNTHETIC_0338
RANDOM_LP_06_SYNTHETIC_STU01446,RANDOM_LP_06_SYNTHETIC_0357
RANDOM_LP_06_SYNTHETIC_STU01447,RANDOM_LP_06_SYNTHETIC_0092
RANDOM_LP_06_SYNTHETIC_STU01448,RANDOM_LP_06_SYNTHETIC_0445
RANDOM_LP_06_SYNTHETIC_STU01449,RANDOM_LP_06_SYNTHETIC_0027
RANDOM_LP_06_SYNTHETIC_STU01449,RANDOM_LP_06_SYNTHETIC_0291
RANDOM_LP_06_SYNTHETIC_STU01449,RANDOM_LP_06_SYNTHETIC_0335
RANDOM_LP_06_SYNTHETIC_STU01450,RANDOM_LP_06_SYNTHETIC_0062
RANDOM_LP_06_SYNTHETIC_STU01450,RANDOM_LP_06_SYNTHETIC_0392
RANDOM_LP_06_SYNTHETIC_STU01450,RANDOM_LP_06_SYNTHETIC_0435
RANDOM_LP_06_SYNTHETIC_STU01451,RANDOM_LP_06_SYNTHETIC_0100
RANDOM_LP_06_SYNTHETIC_STU01451,RANDOM_LP_06_SYNTHETIC_0121
RANDOM_LP_06_SYNTHETIC_STU01451,RANDOM_LP_06_SYNTHETIC_0303
RANDOM_LP_06_SYNTHETIC_STU01451,RANDOM_LP_06_SYNTHETIC_0320
RANDOM_LP_06_SYNTHETIC_STU01452,RANDOM_LP_06_SYNTHETIC_0331
RANDOM_LP_06_SYNTHETIC_STU01453,RANDOM_LP_06_SYNTHETIC_0186
RANDOM_LP_06_SYNTHETIC_STU01453,RANDOM_LP_06_SYNTHETIC_0361
RANDOM_LP_06_SYNTHETIC_STU01453,RANDOM_LP_06_SYNTHETIC_0371
RANDOM_LP_06_SYNTHETIC_STU01454,RANDOM_LP_06_SYNTHETIC_0162
RANDOM_LP_06_SYNTHETIC_STU01454,RANDOM_LP_06_SYNTHETIC_0434
RANDOM_LP_06_SYNTHETIC_STU01455,RANDOM_LP_06_SYNTHETIC_0016
RANDOM_LP_06_SYNTHETIC_STU01455,RANDOM_LP_06_SYNTHETIC_0158
RANDOM_LP_06_SYNTHETIC_STU01455,RANDOM_LP_06_SYNTHETIC_0383
RANDOM_LP_06_SYNTHETIC_STU01455,RANDOM_LP_06_SYNTHETIC_0435
RANDOM_LP_06_SYNTHETIC_STU01456,RANDOM_LP_06_SYNTHETIC_0029
RANDOM_LP_06_SYNTHETIC_STU01456,RANDOM_LP_06_SYNTHETIC_0123
RANDOM_LP_06_SYNTHETIC_STU01456,RANDOM_LP_06_SYNTHETIC_0168
RANDOM_LP_06_SYNTHETIC_STU01456,RANDOM_LP_06_SYNTHETIC_0184
RANDOM_LP_06_SYNTHETIC_STU01456,RANDOM_LP_06_SYNTHETIC_0271
RANDOM_LP_06_SYNTHETIC_STU01456,RANDOM_LP_06_SYNTHETIC_0319
RANDOM_LP_06_SYNTHETIC_STU01457,RANDOM_LP_06_SYNTHETIC_0300
RANDOM_LP_06_SYNTHETIC_STU01458,RANDOM_LP_06_SYNTHETIC_0179
RANDOM_LP_06_SYNTHETIC_STU01458,RANDOM_LP_06_SYNTHETIC_0287
RANDOM_LP_06_SYNTHETIC_STU01458,RANDOM_LP_06_SYNTHETIC_0351
RANDOM_LP_06_SYNTHETIC_STU01459,RANDOM_LP_06_SYNTHETIC_0300
RANDOM_LP_06_SYNTHETIC_STU01459,RANDOM_LP_06_SYNTHETIC_0355
RANDOM_LP_06_SYNTHETIC_STU01459,RANDOM_LP_06_SYNTHETIC_0423
RANDOM_LP_06_SYNTHETIC_STU01460,RANDOM_LP_06_SYNTHETIC_0011
RANDOM_LP_06_SYNTHETIC_STU01461,RANDOM_LP_06_SYNTHETIC_0146
RANDOM_LP_06_SYNTHETIC_STU01461,RANDOM_LP_06_SYNTHETIC_0379
RANDOM_LP_06_SYNTHETIC_STU01461,RANDOM_LP_06_SYNTHETIC_0415
RANDOM_LP_06_SYNTHETIC_STU01461,RANDOM_LP_06_SYNTHETIC_0449
RANDOM_LP_06_SYNTHETIC_STU01462,RANDOM_LP_06_SYNTHETIC_0070
RANDOM_LP_06_SYNTHETIC_STU01462,RANDOM_LP_06_SYNTHETIC_0135
RANDOM_LP_06_SYNTHETIC_STU01462,RANDOM_LP_06_SYNTHETIC_0253
RANDOM_LP_06_SYNTHETIC_STU01463,RANDOM_LP_06_SYNTHETIC_0319
RANDOM_LP_06_SYNTHETIC_STU01463,RANDOM_LP_06_SYNTHETIC_0413
RANDOM_LP_06_SYNTHETIC_STU01463,RANDOM_LP_06_SYNTHETIC_0492
RANDOM_LP_06_SYNTHETIC_STU01464,RANDOM_LP_06_SYNTHETIC_0492
RANDOM_LP_06_SYNTHETIC_STU01465,RANDOM_LP_06_SYNTHETIC_0382
RANDOM_LP_06_SYNTHETIC_STU01465,RANDOM_LP_06_SYNTHETIC_0475
RANDOM_LP_06_SYNTHETIC_STU01466,RANDOM_LP_06_SYNTHETIC_0428
RANDOM_LP_06_SYNTHETIC_STU01467,RANDOM_LP_06_SYNTHETIC_0365
RANDOM_LP_06_SYNTHETIC_STU01467,RANDOM_LP_06_SYNTHETIC_0387
RANDOM_LP_06_SYNTHETIC_STU01468,RANDOM_LP_06_SYNTHETIC_0024
RANDOM_LP_06_SYNTHETIC_STU01468,RANDOM_LP_06_SYNTHETIC_0029
RANDOM_LP_06_SYNTHETIC_STU01468,RANDOM_LP_06_SYNTHETIC_0225
RANDOM_LP_06_SYNTHETIC_STU01468,RANDOM_LP_06_SYNTHETIC_0231
RANDOM_LP_06_SYNTHETIC_STU01468,RANDOM_LP_06_SYNTHETIC_0339
RANDOM_LP_06_SYNTHETIC_STU01469,RANDOM_LP_06_SYNTHETIC_0341
RANDOM_LP_06_SYNTHETIC_STU01470,RANDOM_LP_06_SYNTHETIC_0012
RANDOM_LP_06_SYNTHETIC_STU01470,RANDOM_LP_06_SYNTHETIC_0461
RANDOM_LP_06_SYNTHETIC_STU01471,RANDOM_LP_06_SYNTHETIC_0218
RANDOM_LP_06_SYNTHETIC_STU01471,RANDOM_LP_06_SYNTHETIC_0280
RANDOM_LP_06_SYNTHETIC_STU01471,RANDOM_LP_06_SYNTHETIC_0435
RANDOM_LP_06_SYNTHETIC_STU01472,RANDOM_LP_06_SYNTHETIC_0033
RANDOM_LP_06_SYNTHETIC_STU01472,RANDOM_LP_06_SYNTHETIC_0176
RANDOM_LP_06_SYNTHETIC_STU01472,RANDOM_LP_06_SYNTHETIC_0280
RANDOM_LP_06_SYNTHETIC_STU01472,RANDOM_LP_06_SYNTHETIC_0375
RANDOM_LP_06_SYNTHETIC_STU01473,RANDOM_LP_06_SYNTHETIC_0081
RANDOM_LP_06_SYNTHETIC_STU01473,RANDOM_LP_06_SYNTHETIC_0082
RANDOM_LP_06_SYNTHETIC_STU01473,RANDOM_LP_06_SYNTHETIC_0179
RANDOM_LP_06_SYNTHETIC_STU01473,RANDOM_LP_06_SYNTHETIC_0436
RANDOM_LP_06_SYNTHETIC_STU01474,RANDOM_LP_06_SYNTHETIC_0434
RANDOM_LP_06_SYNTHETIC_STU01475,RANDOM_LP_06_SYNTHETIC_0057
RANDOM_LP_06_SYNTHETIC_STU01475,RANDOM_LP_06_SYNTHETIC_0215
RANDOM_LP_06_SYNTHETIC_STU01475,RANDOM_LP_06_SYNTHETIC_0231
RANDOM_LP_06_SYNTHETIC_STU01475,RANDOM_LP_06_SYNTHETIC_0388
RANDOM_LP_06_SYNTHETIC_STU01475,RANDOM_LP_06_SYNTHETIC_0470
RANDOM_LP_06_SYNTHETIC_STU01476,RANDOM_LP_06_SYNTHETIC_0088
RANDOM_LP_06_SYNTHETIC_STU01476,RANDOM_LP_06_SYNTHETIC_0167
RANDOM_LP_06_SYNTHETIC_STU01476,RANDOM_LP_06_SYNTHETIC_0423
RANDOM_LP_06_SYNTHETIC_STU01477,RANDOM_LP_06_SYNTHETIC_0010
RANDOM_LP_06_SYNTHETIC_STU01477,RANDOM_LP_06_SYNTHETIC_0081
RANDOM_LP_06_SYNTHETIC_STU01477,RANDOM_LP_06_SYNTHETIC_0457
RANDOM_LP_06_SYNTHETIC_STU01478,RANDOM_LP_06_SYNTHETIC_0041
RANDOM_LP_06_SYNTHETIC_STU01478,RANDOM_LP_06_SYNTHETIC_0132
RANDOM_LP_06_SYNTHETIC_STU01478,RANDOM_LP_06_SYNTHETIC_0137
RANDOM_LP_06_SYNTHETIC_STU01479,RANDOM_LP_06_SYNTHETIC_0048
RANDOM_LP_06_SYNTHETIC_STU01479,RANDOM_LP_06_SYNTHETIC_0192
RANDOM_LP_06_SYNTHETIC_STU01480,RANDOM_LP_06_SYNTHETIC_0154
RANDOM_LP_06_SYNTHETIC_STU01480,RANDOM_LP_06_SYNTHETIC_0178
RANDOM_LP_06_SYNTHETIC_STU01481,RANDOM_LP_06_SYNTHETIC_0474
RANDOM_LP_06_SYNTHETIC_STU01481,RANDOM_LP_06_SYNTHETIC_0497
RANDOM_LP_06_SYNTHETIC_STU01482,RANDOM_LP_06_SYNTHETIC_0079
RANDOM_LP_06_SYNTHETIC_STU01482,RANDOM_LP_06_SYNTHETIC_0135
RANDOM_LP_06_SYNTHETIC_STU01482,RANDOM_LP_06_SYNTHETIC_0422
RANDOM_LP_06_SYNTHETIC_STU01483,RANDOM_LP_06_SYNTHETIC_0141
RANDOM_LP_06_SYNTHETIC_STU01483,RANDOM_LP_06_SYNTHETIC_0144
RANDOM_LP_06_SYNTHETIC_STU01483,RANDOM_LP_06_SYNTHETIC_0248
RANDOM_LP_06_SYNTHETIC_STU01483,RANDOM_LP_06_SYNTHETIC_0298
RANDOM_LP_06_SYNTHETIC_STU01483,RANDOM_LP_06_SYNTHETIC_0385
RANDOM_LP_06_SYNTHETIC_STU01483,RANDOM_LP_06_SYNTHETIC_0409
RANDOM_LP_06_SYNTHETIC_STU01484,RANDOM_LP_06_SYNTHETIC_0170
RANDOM_LP_06_SYNTHETIC_STU01484,RANDOM_LP_06_SYNTHETIC_0176
RANDOM_LP_06_SYNTHETIC_STU01484,RANDOM_LP_06_SYNTHETIC_0207
RANDOM_LP_06_SYNTHETIC_STU01484,RANDOM_LP_06_SYNTHETIC_0389
RANDOM_LP_06_SYNTHETIC_STU01485,RANDOM_LP_06_SYNTHETIC_0010
RANDOM_LP_06_SYNTHETIC_STU01485,RANDOM_LP_06_SYNTHETIC_0132
RANDOM_LP_06_SYNTHETIC_STU01486,RANDOM_LP_06_SYNTHETIC_0092
RANDOM_LP_06_SYNTHETIC_STU01486,RANDOM_LP_06_SYNTHETIC_0363
RANDOM_LP_06_SYNTHETIC_STU01486,RANDOM_LP_06_SYNTHETIC_0374
RANDOM_LP_06_SYNTHETIC_STU01487,RANDOM_LP_06_SYNTHETIC_0179
RANDOM_LP_06_SYNTHETIC_STU01487,RANDOM_LP_06_SYNTHETIC_0235
RANDOM_LP_06_SYNTHETIC_STU01487,RANDOM_LP_06_SYNTHETIC_0416
RANDOM_LP_06_SYNTHETIC_STU01488,RANDOM_LP_06_SYNTHETIC_0028
RANDOM_LP_06_SYNTHETIC_STU01488,RANDOM_LP_06_SYNTHETIC_0190
RANDOM_LP_06_SYNTHETIC_STU01488,RANDOM_LP_06_SYNTHETIC_0372
RANDOM_LP_06_SYNTHETIC_STU01489,RANDOM_LP_06_SYNTHETIC_0229
RANDOM_LP_06_SYNTHETIC_STU01489,RANDOM_LP_06_SYNTHETIC_0301
RANDOM_LP_06_SYNTHETIC_STU01490,RANDOM_LP_06_SYNTHETIC_0196
RANDOM_LP_06_SYNTHETIC_STU01491,RANDOM_LP_06_SYNTHETIC_0172
RANDOM_LP_06_SYNTHETIC_STU01491,RANDOM_LP_06_SYNTHETIC_0178
RANDOM_LP_06_SYNTHETIC_STU01491,RANDOM_LP_06_SYNTHETIC_0347
RANDOM_LP_06_SYNTHETIC_STU01491,RANDOM_LP_06_SYNTHETIC_0409
RANDOM_LP_06_SYNTHETIC_STU01492,RANDOM_LP_06_SYNTHETIC_0013
RANDOM_LP_06_SYNTHETIC_STU01492,RANDOM_LP_06_SYNTHETIC_0233
RANDOM_LP_06_SYNTHETIC_STU01492,RANDOM_LP_06_SYNTHETIC_0240
RANDOM_LP_06_SYNTHETIC_STU01492,RANDOM_LP_06_SYNTHETIC_0317
RANDOM_LP_06_SYNTHETIC_STU01492,RANDOM_LP_06_SYNTHETIC_0357
RANDOM_LP_06_SYNTHETIC_STU01492,RANDOM_LP_06_SYNTHETIC_0473
RANDOM_LP_06_SYNTHETIC_STU01493,RANDOM_LP_06_SYNTHETIC_0025
RANDOM_LP_06_SYNTHETIC_STU01493,RANDOM_LP_06_SYNTHETIC_0352
RANDOM_LP_06_SYNTHETIC_STU01493,RANDOM_LP_06_SYNTHETIC_0415
RANDOM_LP_06_SYNTHETIC_STU01494,RANDOM_LP_06_SYNTHETIC_0061
RANDOM_LP_06_SYNTHETIC_STU01494,RANDOM_LP_06_SYNTHETIC_0126
RANDOM_LP_06_SYNTHETIC_STU01494,RANDOM_LP_06_SYNTHETIC_0167
RANDOM_LP_06_SYNTHETIC_STU01495,RANDOM_LP_06_SYNTHETIC_0040
RANDOM_LP_06_SYNTHETIC_STU01495,RANDOM_LP_06_SYNTHETIC_0118
RANDOM_LP_06_SYNTHETIC_STU01495,RANDOM_LP_06_SYNTHETIC_0249
RANDOM_LP_06_SYNTHETIC_STU01496,RANDOM_LP_06_SYNTHETIC_0114
RANDOM_LP_06_SYNTHETIC_STU01496,RANDOM_LP_06_SYNTHETIC_0334
RANDOM_LP_06_SYNTHETIC_STU01496,RANDOM_LP_06_SYNTHETIC_0379
RANDOM_LP_06_SYNTHETIC_STU01497,RANDOM_LP_06_SYNTHETIC_0349
RANDOM_LP_06_SYNTHETIC_STU01498,RANDOM_LP_06_SYNTHETIC_0057
RANDOM_LP_06_SYNTHETIC_STU01498,RANDOM_LP_06_SYNTHETIC_0066
RANDOM_LP_06_SYNTHETIC_STU01498,RANDOM_LP_06_SYNTHETIC_0138
RANDOM_LP_06_SYNTHETIC_STU01498,RANDOM_LP_06_SYNTHETIC_0361
RANDOM_LP_06_SYNTHETIC_STU01498,RANDOM_LP_06_SYNTHETIC_0478
RANDOM_LP_06_SYNTHETIC_STU01499,RANDOM_LP_06_SYNTHETIC_0363
RANDOM_LP_06_SYNTHETIC_STU01499,RANDOM_LP_06_SYNTHETIC_0483
RANDOM_LP_06_SYNTHETIC_STU01500,RANDOM_LP_06_SYNTHETIC_0060
RANDOM_LP_06_SYNTHETIC_STU01500,RANDOM_LP_06_SYNTHETIC_0469
RANDOM_LP_06_SYNTHETIC_STU01501,RANDOM_LP_06_SYNTHETIC_0335
RANDOM_LP_06_SYNTHETIC_STU01501,RANDOM_LP_06_SYNTHETIC_0345
RANDOM_LP_06_SYNTHETIC_STU01501,RANDOM_LP_06_SYNTHETIC_0376
RANDOM_LP_06_SYNTHETIC_STU01501,RANDOM_LP_06_SYNTHETIC_0389
RANDOM_LP_06_SYNTHETIC_STU01502,RANDOM_LP_06_SYNTHETIC_0124
RANDOM_LP_06_SYNTHETIC_STU01502,RANDOM_LP_06_SYNTHETIC_0281
RANDOM_LP_06_SYNTHETIC_STU01502,RANDOM_LP_06_SYNTHETIC_0407
RANDOM_LP_06_SYNTHETIC_STU01503,RANDOM_LP_06_SYNTHETIC_0122
RANDOM_LP_06_SYNTHETIC_STU01503,RANDOM_LP_06_SYNTHETIC_0137
RANDOM_LP_06_SYNTHETIC_STU01503,RANDOM_LP_06_SYNTHETIC_0430
RANDOM_LP_06_SYNTHETIC_STU01504,RANDOM_LP_06_SYNTHETIC_0028
RANDOM_LP_06_SYNTHETIC_STU01504,RANDOM_LP_06_SYNTHETIC_0246
RANDOM_LP_06_SYNTHETIC_STU01505,RANDOM_LP_06_SYNTHETIC_0029
RANDOM_LP_06_SYNTHETIC_STU01505,RANDOM_LP_06_SYNTHETIC_0046
RANDOM_LP_06_SYNTHETIC_STU01505,RANDOM_LP_06_SYNTHETIC_0199
RANDOM_LP_06_SYNTHETIC_STU01505,RANDOM_LP_06_SYNTHETIC_0425
RANDOM_LP_06_SYNTHETIC_STU01506,RANDOM_LP_06_SYNTHETIC_0022
RANDOM_LP_06_SYNTHETIC_STU01506,RANDOM_LP_06_SYNTHETIC_0171
RANDOM_LP_06_SYNTHETIC_STU01506,RANDOM_LP_06_SYNTHETIC_0218
RANDOM_LP_06_SYNTHETIC_STU01507,RANDOM_LP_06_SYNTHETIC_0190
RANDOM_LP_06_SYNTHETIC_STU01507,RANDOM_LP_06_SYNTHETIC_0221
RANDOM_LP_06_SYNTHETIC_STU01507,RANDOM_LP_06_SYNTHETIC_0287
RANDOM_LP_06_SYNTHETIC_STU01507,RANDOM_LP_06_SYNTHETIC_0319
RANDOM_LP_06_SYNTHETIC_STU01508,RANDOM_LP_06_SYNTHETIC_0073
RANDOM_LP_06_SYNTHETIC_STU01508,RANDOM_LP_06_SYNTHETIC_0101
RANDOM_LP_06_SYNTHETIC_STU01508,RANDOM_LP_06_SYNTHETIC_0423
RANDOM_LP_06_SYNTHETIC_STU01508,RANDOM_LP_06_SYNTHETIC_0466
RANDOM_LP_06_SYNTHETIC_STU01508,RANDOM_LP_06_SYNTHETIC_0482
RANDOM_LP_06_SYNTHETIC_STU01509,RANDOM_LP_06_SYNTHETIC_0100
RANDOM_LP_06_SYNTHETIC_STU01509,RANDOM_LP_06_SYNTHETIC_0243
RANDOM_LP_06_SYNTHETIC_STU01509,RANDOM_LP_06_SYNTHETIC_0423
RANDOM_LP_06_SYNTHETIC_STU01509,RANDOM_LP_06_SYNTHETIC_0475
RANDOM_LP_06_SYNTHETIC_STU01509,RANDOM_LP_06_SYNTHETIC_0494
RANDOM_LP_06_SYNTHETIC_STU01510,RANDOM_LP_06_SYNTHETIC_0295
RANDOM_LP_06_SYNTHETIC_STU01510,RANDOM_LP_06_SYNTHETIC_0327
RANDOM_LP_06_SYNTHETIC_STU01510,RANDOM_LP_06_SYNTHETIC_0389
RANDOM_LP_06_SYNTHETIC_STU01511,RANDOM_LP_06_SYNTHETIC_0005
RANDOM_LP_06_SYNTHETIC_STU01511,RANDOM_LP_06_SYNTHETIC_0156
RANDOM_LP_06_SYNTHETIC_STU01511,RANDOM_LP_06_SYNTHETIC_0203
RANDOM_LP_06_SYNTHETIC_STU01512,RANDOM_LP_06_SYNTHETIC_0063
RANDOM_LP_06_SYNTHETIC_STU01512,RANDOM_LP_06_SYNTHETIC_0197
RANDOM_LP_06_SYNTHETIC_STU01512,RANDOM_LP_06_SYNTHETIC_0268
RANDOM_LP_06_SYNTHETIC_STU01513,RANDOM_LP_06_SYNTHETIC_0074
RANDOM_LP_06_SYNTHETIC_STU01513,RANDOM_LP_06_SYNTHETIC_0277
RANDOM_LP_06_SYNTHETIC_STU01514,RANDOM_LP_06_SYNTHETIC_0101
RANDOM_LP_06_SYNTHETIC_STU01515,RANDOM_LP_06_SYNTHETIC_0040
RANDOM_LP_06_SYNTHETIC_STU01515,RANDOM_LP_06_SYNTHETIC_0046
RANDOM_LP_06_SYNTHETIC_STU01515,RANDOM_LP_06_SYNTHETIC_0137
RANDOM_LP_06_SYNTHETIC_STU01515,RANDOM_LP_06_SYNTHETIC_0140
RANDOM_LP_06_SYNTHETIC_STU01515,RANDOM_LP_06_SYNTHETIC_0340
RANDOM_LP_06_SYNTHETIC_STU01516,RANDOM_LP_06_SYNTHETIC_0050
RANDOM_LP_06_SYNTHETIC_STU01516,RANDOM_LP_06_SYNTHETIC_0296
RANDOM_LP_06_SYNTHETIC_STU01516,RANDOM_LP_06_SYNTHETIC_0331
RANDOM_LP_06_SYNTHETIC_STU01516,RANDOM_LP_06_SYNTHETIC_0344
RANDOM_LP_06_SYNTHETIC_STU01516,RANDOM_LP_06_SYNTHETIC_0397
RANDOM_LP_06_SYNTHETIC_STU01517,RANDOM_LP_06_SYNTHETIC_0308
RANDOM_LP_06_SYNTHETIC_STU01518,RANDOM_LP_06_SYNTHETIC_0451
RANDOM_LP_06_SYNTHETIC_STU01519,RANDOM_LP_06_SYNTHETIC_0329
RANDOM_LP_06_SYNTHETIC_STU01519,RANDOM_LP_06_SYNTHETIC_0408
RANDOM_LP_06_SYNTHETIC_STU01519,RANDOM_LP_06_SYNTHETIC_0410
RANDOM_LP_06_SYNTHETIC_STU01520,RANDOM_LP_06_SYNTHETIC_0072
RANDOM_LP_06_SYNTHETIC_STU01520,RANDOM_LP_06_SYNTHETIC_0073
RANDOM_LP_06_SYNTHETIC_STU01520,RANDOM_LP_06_SYNTHETIC_0438
RANDOM_LP_06_SYNTHETIC_STU01521,RANDOM_LP_06_SYNTHETIC_0281
RANDOM_LP_06_SYNTHETIC_STU01521,RANDOM_LP_06_SYNTHETIC_0435
RANDOM_LP_06_SYNTHETIC_STU01521,RANDOM_LP_06_SYNTHETIC_0500
RANDOM_LP_06_SYNTHETIC_STU01522,RANDOM_LP_06_SYNTHETIC_0028
RANDOM_LP_06_SYNTHETIC_STU01522,RANDOM_LP_06_SYNTHETIC_0317
RANDOM_LP_06_SYNTHETIC_STU01523,RANDOM_LP_06_SYNTHETIC_0023
RANDOM_LP_06_SYNTHETIC_STU01524,RANDOM_LP_06_SYNTHETIC_0106
RANDOM_LP_06_SYNTHETIC_STU01524,RANDOM_LP_06_SYNTHETIC_0110
RANDOM_LP_06_SYNTHETIC_STU01524,RANDOM_LP_06_SYNTHETIC_0497
RANDOM_LP_06_SYNTHETIC_STU01525,RANDOM_LP_06_SYNTHETIC_0329
RANDOM_LP_06_SYNTHETIC_STU01525,RANDOM_LP_06_SYNTHETIC_0445
RANDOM_LP_06_SYNTHETIC_STU01526,RANDOM_LP_06_SYNTHETIC_0186
RANDOM_LP_06_SYNTHETIC_STU01526,RANDOM_LP_06_SYNTHETIC_0364
RANDOM_LP_06_SYNTHETIC_STU01527,RANDOM_LP_06_SYNTHETIC_0158
RANDOM_LP_06_SYNTHETIC_STU01527,RANDOM_LP_06_SYNTHETIC_0327
RANDOM_LP_06_SYNTHETIC_STU01527,RANDOM_LP_06_SYNTHETIC_0369
RANDOM_LP_06_SYNTHETIC_STU01527,RANDOM_LP_06_SYNTHETIC_0423
RANDOM_LP_06_SYNTHETIC_STU01527,RANDOM_LP_06_SYNTHETIC_0470
RANDOM_LP_06_SYNTHETIC_STU01528,RANDOM_LP_06_SYNTHETIC_0047
RANDOM_LP_06_SYNTHETIC_STU01528,RANDOM_LP_06_SYNTHETIC_0162
RANDOM_LP_06_SYNTHETIC_STU01528,RANDOM_LP_06_SYNTHETIC_0195
RANDOM_LP_06_SYNTHETIC_STU01528,RANDOM_LP_06_SYNTHETIC_0383
RANDOM_LP_06_SYNTHETIC_STU01528,RANDOM_LP_06_SYNTHETIC_0423
RANDOM_LP_06_SYNTHETIC_STU01528,RANDOM_LP_06_SYNTHETIC_0458
RANDOM_LP_06_SYNTHETIC_STU01529,RANDOM_LP_06_SYNTHETIC_0109
RANDOM_LP_06_SYNTHETIC_STU01529,RANDOM_LP_06_SYNTHETIC_0223
RANDOM_LP_06_SYNTHETIC_STU01530,RANDOM_LP_06_SYNTHETIC_0120
RANDOM_LP_06_SYNTHETIC_STU01530,RANDOM_LP_06_SYNTHETIC_0189
RANDOM_LP_06_SYNTHETIC_STU01530,RANDOM_LP_06_SYNTHETIC_0319
RANDOM_LP_06_SYNTHETIC_STU01530,RANDOM_LP_06_SYNTHETIC_0389
RANDOM_LP_06_SYNTHETIC_STU01531,RANDOM_LP_06_SYNTHETIC_0039
RANDOM_LP_06_SYNTHETIC_STU01531,RANDOM_LP_06_SYNTHETIC_0046
RANDOM_LP_06_SYNTHETIC_STU01531,RANDOM_LP_06_SYNTHETIC_0362
RANDOM_LP_06_SYNTHETIC_STU01532,RANDOM_LP_06_SYNTHETIC_0040
RANDOM_LP_06_SYNTHETIC_STU01532,RANDOM_LP_06_SYNTHETIC_0143
RANDOM_LP_06_SYNTHETIC_STU01532,RANDOM_LP_06_SYNTHETIC_0227
RANDOM_LP_06_SYNTHETIC_STU01532,RANDOM_LP_06_SYNTHETIC_0380
RANDOM_LP_06_SYNTHETIC_STU01532,RANDOM_LP_06_SYNTHETIC_0381
RANDOM_LP_06_SYNTHETIC_STU01533,RANDOM_LP_06_SYNTHETIC_0114
RANDOM_LP_06_SYNTHETIC_STU01533,RANDOM_LP_06_SYNTHETIC_0219
RANDOM_LP_06_SYNTHETIC_STU01533,RANDOM_LP_06_SYNTHETIC_0306
RANDOM_LP_06_SYNTHETIC_STU01533,RANDOM_LP_06_SYNTHETIC_0320
RANDOM_LP_06_SYNTHETIC_STU01533,RANDOM_LP_06_SYNTHETIC_0375
RANDOM_LP_06_SYNTHETIC_STU01534,RANDOM_LP_06_SYNTHETIC_0026
RANDOM_LP_06_SYNTHETIC_STU01534,RANDOM_LP_06_SYNTHETIC_0087
RANDOM_LP_06_SYNTHETIC_STU01534,RANDOM_LP_06_SYNTHETIC_0348
RANDOM_LP_06_SYNTHETIC_STU01534,RANDOM_LP_06_SYNTHETIC_0371
RANDOM_LP_06_SYNTHETIC_STU01535,RANDOM_LP_06_SYNTHETIC_0040
RANDOM_LP_06_SYNTHETIC_STU01535,RANDOM_LP_06_SYNTHETIC_0185
RANDOM_LP_06_SYNTHETIC_STU01535,RANDOM_LP_06_SYNTHETIC_0410
RANDOM_LP_06_SYNTHETIC_STU01535,RANDOM_LP_06_SYNTHETIC_0445
RANDOM_LP_06_SYNTHETIC_STU01536,RANDOM_LP_06_SYNTHETIC_0359
RANDOM_LP_06_SYNTHETIC_STU01536,RANDOM_LP_06_SYNTHETIC_0474
RANDOM_LP_06_SYNTHETIC_STU01537,RANDOM_LP_06_SYNTHETIC_0246
RANDOM_LP_06_SYNTHETIC_STU01538,RANDOM_LP_06_SYNTHETIC_0269
RANDOM_LP_06_SYNTHETIC_STU01538,RANDOM_LP_06_SYNTHETIC_0377
RANDOM_LP_06_SYNTHETIC_STU01538,RANDOM_LP_06_SYNTHETIC_0426
RANDOM_LP_06_SYNTHETIC_STU01538,RANDOM_LP_06_SYNTHETIC_0479
RANDOM_LP_06_SYNTHETIC_STU01539,RANDOM_LP_06_SYNTHETIC_0158
RANDOM_LP_06_SYNTHETIC_STU01539,RANDOM_LP_06_SYNTHETIC_0317
RANDOM_LP_06_SYNTHETIC_STU01539,RANDOM_LP_06_SYNTHETIC_0498
RANDOM_LP_06_SYNTHETIC_STU01540,RANDOM_LP_06_SYNTHETIC_0054
RANDOM_LP_06_SYNTHETIC_STU01540,RANDOM_LP_06_SYNTHETIC_0162
RANDOM_LP_06_SYNTHETIC_STU01541,RANDOM_LP_06_SYNTHETIC_0112
RANDOM_LP_06_SYNTHETIC_STU01541,RANDOM_LP_06_SYNTHETIC_0116
RANDOM_LP_06_SYNTHETIC_STU01541,RANDOM_LP_06_SYNTHETIC_0241
RANDOM_LP_06_SYNTHETIC_STU01541,RANDOM_LP_06_SYNTHETIC_0274
RANDOM_LP_06_SYNTHETIC_STU01542,RANDOM_LP_06_SYNTHETIC_0389
RANDOM_LP_06_SYNTHETIC_STU01543,RANDOM_LP_06_SYNTHETIC_0072
RANDOM_LP_06_SYNTHETIC_STU01543,RANDOM_LP_06_SYNTHETIC_0435
RANDOM_LP_06_SYNTHETIC_STU01544,RANDOM_LP_06_SYNTHETIC_0094
RANDOM_LP_06_SYNTHETIC_STU01544,RANDOM_LP_06_SYNTHETIC_0352
RANDOM_LP_06_SYNTHETIC_STU01544,RANDOM_LP_06_SYNTHETIC_0449
RANDOM_LP_06_SYNTHETIC_STU01545,RANDOM_LP_06_SYNTHETIC_0122
RANDOM_LP_06_SYNTHETIC_STU01545,RANDOM_LP_06_SYNTHETIC_0382
RANDOM_LP_06_SYNTHETIC_STU01545,RANDOM_LP_06_SYNTHETIC_0397
RANDOM_LP_06_SYNTHETIC_STU01545,RANDOM_LP_06_SYNTHETIC_0418
RANDOM_LP_06_SYNTHETIC_STU01546,RANDOM_LP_06_SYNTHETIC_0168
RANDOM_LP_06_SYNTHETIC_STU01547,RANDOM_LP_06_SYNTHETIC_0009
RANDOM_LP_06_SYNTHETIC_STU01547,RANDOM_LP_06_SYNTHETIC_0365
RANDOM_LP_06_SYNTHETIC_STU01548,RANDOM_LP_06_SYNTHETIC_0099
RANDOM_LP_06_SYNTHETIC_STU01548,RANDOM_LP_06_SYNTHETIC_0116
RANDOM_LP_06_SYNTHETIC_STU01549,RANDOM_LP_06_SYNTHETIC_0152
RANDOM_LP_06_SYNTHETIC_STU01549,RANDOM_LP_06_SYNTHETIC_0189
RANDOM_LP_06_SYNTHETIC_STU01549,RANDOM_LP_06_SYNTHETIC_0208
RANDOM_LP_06_SYNTHETIC_STU01550,RANDOM_LP_06_SYNTHETIC_0009
RANDOM_LP_06_SYNTHETIC_STU01550,RANDOM_LP_06_SYNTHETIC_0028
RANDOM_LP_06_SYNTHETIC_STU01550,RANDOM_LP_06_SYNTHETIC_0048
RANDOM_LP_06_SYNTHETIC_STU01550,RANDOM_LP_06_SYNTHETIC_0085
RANDOM_LP_06_SYNTHETIC_STU01550,RANDOM_LP_06_SYNTHETIC_0096
RANDOM_LP_06_SYNTHETIC_STU01550,RANDOM_LP_06_SYNTHETIC_0414
RANDOM_LP_06_SYNTHETIC_STU01551,RANDOM_LP_06_SYNTHETIC_0106
RANDOM_LP_06_SYNTHETIC_STU01551,RANDOM_LP_06_SYNTHETIC_0110
RANDOM_LP_06_SYNTHETIC_STU01551,RANDOM_LP_06_SYNTHETIC_0259
RANDOM_LP_06_SYNTHETIC_STU01551,RANDOM_LP_06_SYNTHETIC_0308
RANDOM_LP_06_SYNTHETIC_STU01552,RANDOM_LP_06_SYNTHETIC_0057
RANDOM_LP_06_SYNTHETIC_STU01552,RANDOM_LP_06_SYNTHETIC_0306
RANDOM_LP_06_SYNTHETIC_STU01552,RANDOM_LP_06_SYNTHETIC_0348
RANDOM_LP_06_SYNTHETIC_STU01552,RANDOM_LP_06_SYNTHETIC_0372
RANDOM_LP_06_SYNTHETIC_STU01553,RANDOM_LP_06_SYNTHETIC_0067
RANDOM_LP_06_SYNTHETIC_STU01553,RANDOM_LP_06_SYNTHETIC_0081
RANDOM_LP_06_SYNTHETIC_STU01553,RANDOM_LP_06_SYNTHETIC_0171
RANDOM_LP_06_SYNTHETIC_STU01553,RANDOM_LP_06_SYNTHETIC_0253
RANDOM_LP_06_SYNTHETIC_STU01553,RANDOM_LP_06_SYNTHETIC_0383
RANDOM_LP_06_SYNTHETIC_STU01554,RANDOM_LP_06_SYNTHETIC_0271
RANDOM_LP_06_SYNTHETIC_STU01555,RANDOM_LP_06_SYNTHETIC_0028
RANDOM_LP_06_SYNTHETIC_STU01555,RANDOM_LP_06_SYNTHETIC_0280
RANDOM_LP_06_SYNTHETIC_STU01555,RANDOM_LP_06_SYNTHETIC_0386
RANDOM_LP_06_SYNTHETIC_STU01555,RANDOM_LP_06_SYNTHETIC_0489
RANDOM_LP_06_SYNTHETIC_STU01556,RANDOM_LP_06_SYNTHETIC_0014
RANDOM_LP_06_SYNTHETIC_STU01556,RANDOM_LP_06_SYNTHETIC_0268
RANDOM_LP_06_SYNTHETIC_STU01556,RANDOM_LP_06_SYNTHETIC_0306
RANDOM_LP_06_SYNTHETIC_STU01556,RANDOM_LP_06_SYNTHETIC_0427
RANDOM_LP_06_SYNTHETIC_STU01557,RANDOM_LP_06_SYNTHETIC_0234
RANDOM_LP_06_SYNTHETIC_STU01557,RANDOM_LP_06_SYNTHETIC_0320
RANDOM_LP_06_SYNTHETIC_STU01557,RANDOM_LP_06_SYNTHETIC_0321
RANDOM_LP_06_SYNTHETIC_STU01558,RANDOM_LP_06_SYNTHETIC_0262
RANDOM_LP_06_SYNTHETIC_STU01559,RANDOM_LP_06_SYNTHETIC_0074
RANDOM_LP_06_SYNTHETIC_STU01559,RANDOM_LP_06_SYNTHETIC_0194
RANDOM_LP_06_SYNTHETIC_STU01559,RANDOM_LP_06_SYNTHETIC_0317
RANDOM_LP_06_SYNTHETIC_STU01559,RANDOM_LP_06_SYNTHETIC_0416
RANDOM_LP_06_SYNTHETIC_STU01560,RANDOM_LP_06_SYNTHETIC_0034
RANDOM_LP_06_SYNTHETIC_STU01560,RANDOM_LP_06_SYNTHETIC_0093
RANDOM_LP_06_SYNTHETIC_STU01560,RANDOM_LP_06_SYNTHETIC_0165
RANDOM_LP_06_SYNTHETIC_STU01560,RANDOM_LP_06_SYNTHETIC_0203
RANDOM_LP_06_SYNTHETIC_STU01561,RANDOM_LP_06_SYNTHETIC_0445
RANDOM_LP_06_SYNTHETIC_STU01561,RANDOM_LP_06_SYNTHETIC_0460
RANDOM_LP_06_SYNTHETIC_STU01562,RANDOM_LP_06_SYNTHETIC_0080
RANDOM_LP_06_SYNTHETIC_STU01562,RANDOM_LP_06_SYNTHETIC_0167
RANDOM_LP_06_SYNTHETIC_STU01562,RANDOM_LP_06_SYNTHETIC_0376
RANDOM_LP_06_SYNTHETIC_STU01562,RANDOM_LP_06_SYNTHETIC_0457
RANDOM_LP_06_SYNTHETIC_STU01563,RANDOM_LP_06_SYNTHETIC_0183
RANDOM_LP_06_SYNTHETIC_STU01563,RANDOM_LP_06_SYNTHETIC_0276
RANDOM_LP_06_SYNTHETIC_STU01563,RANDOM_LP_06_SYNTHETIC_0375
RANDOM_LP_06_SYNTHETIC_STU01563,RANDOM_LP_06_SYNTHETIC_0445
RANDOM_LP_06_SYNTHETIC_STU01563,RANDOM_LP_06_SYNTHETIC_0460
RANDOM_LP_06_SYNTHETIC_STU01564,RANDOM_LP_06_SYNTHETIC_0151
RANDOM_LP_06_SYNTHETIC_STU01564,RANDOM_LP_06_SYNTHETIC_0189
RANDOM_LP_06_SYNTHETIC_STU01564,RANDOM_LP_06_SYNTHETIC_0260
RANDOM_LP_06_SYNTHETIC_STU01565,RANDOM_LP_06_SYNTHETIC_0275
RANDOM_LP_06_SYNTHETIC_STU01565,RANDOM_LP_06_SYNTHETIC_0387
RANDOM_LP_06_SYNTHETIC_STU01565,RANDOM_LP_06_SYNTHETIC_0476
RANDOM_LP_06_SYNTHETIC_STU01565,RANDOM_LP_06_SYNTHETIC_0479
RANDOM_LP_06_SYNTHETIC_STU01566,RANDOM_LP_06_SYNTHETIC_0201
RANDOM_LP_06_SYNTHETIC_STU01566,RANDOM_LP_06_SYNTHETIC_0327
RANDOM_LP_06_SYNTHETIC_STU01566,RANDOM_LP_06_SYNTHETIC_0364
RANDOM_LP_06_SYNTHETIC_STU01567,RANDOM_LP_06_SYNTHETIC_0389
RANDOM_LP_06_SYNTHETIC_STU01568,RANDOM_LP_06_SYNTHETIC_0074
RANDOM_LP_06_SYNTHETIC_STU01568,RANDOM_LP_06_SYNTHETIC_0322
RANDOM_LP_06_SYNTHETIC_STU01568,RANDOM_LP_06_SYNTHETIC_0461
RANDOM_LP_06_SYNTHETIC_STU01569,RANDOM_LP_06_SYNTHETIC_0049
RANDOM_LP_06_SYNTHETIC_STU01569,RANDOM_LP_06_SYNTHETIC_0150
RANDOM_LP_06_SYNTHETIC_STU01569,RANDOM_LP_06_SYNTHETIC_0237
RANDOM_LP_06_SYNTHETIC_STU01569,RANDOM_LP_06_SYNTHETIC_0489
RANDOM_LP_06_SYNTHETIC_STU01570,RANDOM_LP_06_SYNTHETIC_0122
RANDOM_LP_06_SYNTHETIC_STU01570,RANDOM_LP_06_SYNTHETIC_0130
RANDOM_LP_06_SYNTHETIC_STU01570,RANDOM_LP_06_SYNTHETIC_0324
RANDOM_LP_06_SYNTHETIC_STU01570,RANDOM_LP_06_SYNTHETIC_0365
RANDOM_LP_06_SYNTHETIC_STU01571,RANDOM_LP_06_SYNTHETIC_0057
RANDOM_LP_06_SYNTHETIC_STU01571,RANDOM_LP_06_SYNTHETIC_0075
RANDOM_LP_06_SYNTHETIC_STU01571,RANDOM_LP_06_SYNTHETIC_0437
RANDOM_LP_06_SYNTHETIC_STU01572,RANDOM_LP_06_SYNTHETIC_0066
RANDOM_LP_06_SYNTHETIC_STU01572,RANDOM_LP_06_SYNTHETIC_0159
RANDOM_LP_06_SYNTHETIC_STU01572,RANDOM_LP_06_SYNTHETIC_0319
RANDOM_LP_06_SYNTHETIC_STU01573,RANDOM_LP_06_SYNTHETIC_0034
RANDOM_LP_06_SYNTHETIC_STU01573,RANDOM_LP_06_SYNTHETIC_0079
RANDOM_LP_06_SYNTHETIC_STU01573,RANDOM_LP_06_SYNTHETIC_0402
RANDOM_LP_06_SYNTHETIC_STU01573,RANDOM_LP_06_SYNTHETIC_0497
RANDOM_LP_06_SYNTHETIC_STU01574,RANDOM_LP_06_SYNTHETIC_0235
RANDOM_LP_06_SYNTHETIC_STU01574,RANDOM_LP_06_SYNTHETIC_0319
RANDOM_LP_06_SYNTHETIC_STU01574,RANDOM_LP_06_SYNTHETIC_0395
RANDOM_LP_06_SYNTHETIC_STU01575,RANDOM_LP_06_SYNTHETIC_0119
RANDOM_LP_06_SYNTHETIC_STU01576,RANDOM_LP_06_SYNTHETIC_0054
RANDOM_LP_06_SYNTHETIC_STU01576,RANDOM_LP_06_SYNTHETIC_0078
RANDOM_LP_06_SYNTHETIC_STU01576,RANDOM_LP_06_SYNTHETIC_0228
RANDOM_LP_06_SYNTHETIC_STU01576,RANDOM_LP_06_SYNTHETIC_0416
RANDOM_LP_06_SYNTHETIC_STU01577,RANDOM_LP_06_SYNTHETIC_0198
RANDOM_LP_06_SYNTHETIC_STU01577,RANDOM_LP_06_SYNTHETIC_0217
RANDOM_LP_06_SYNTHETIC_STU01577,RANDOM_LP_06_SYNTHETIC_0224
RANDOM_LP_06_SYNTHETIC_STU01577,RANDOM_LP_06_SYNTHETIC_0404
RANDOM_LP_06_SYNTHETIC_STU01578,RANDOM_LP_06_SYNTHETIC_0281
RANDOM_LP_06_SYNTHETIC_STU01578,RANDOM_LP_06_SYNTHETIC_0408
RANDOM_LP_06_SYNTHETIC_STU01579,RANDOM_LP_06_SYNTHETIC_0253
RANDOM_LP_06_SYNTHETIC_STU01579,RANDOM_LP_06_SYNTHETIC_0334
RANDOM_LP_06_SYNTHETIC_STU01580,RANDOM_LP_06_SYNTHETIC_0190
RANDOM_LP_06_SYNTHETIC_STU01580,RANDOM_LP_06_SYNTHETIC_0202
RANDOM_LP_06_SYNTHETIC_STU01580,RANDOM_LP_06_SYNTHETIC_0204
RANDOM_LP_06_SYNTHETIC_STU01580,RANDOM_LP_06_SYNTHETIC_0349
RANDOM_LP_06_SYNTHETIC_STU01580,RANDOM_LP_06_SYNTHETIC_0418
RANDOM_LP_06_SYNTHETIC_STU01580,RANDOM_LP_06_SYNTHETIC_0446
RANDOM_LP_06_SYNTHETIC_STU01581,RANDOM_LP_06_SYNTHETIC_0030
RANDOM_LP_06_SYNTHETIC_STU01581,RANDOM_LP_06_SYNTHETIC_0231
RANDOM_LP_06_SYNTHETIC_STU01581,RANDOM_LP_06_SYNTHETIC_0370
RANDOM_LP_06_SYNTHETIC_STU01582,RANDOM_LP_06_SYNTHETIC_0040
RANDOM_LP_06_SYNTHETIC_STU01582,RANDOM_LP_06_SYNTHETIC_0085
RANDOM_LP_06_SYNTHETIC_STU01582,RANDOM_LP_06_SYNTHETIC_0449
RANDOM_LP_06_SYNTHETIC_STU01583,RANDOM_LP_06_SYNTHETIC_0108
RANDOM_LP_06_SYNTHETIC_STU01583,RANDOM_LP_06_SYNTHETIC_0121
RANDOM_LP_06_SYNTHETIC_STU01584,RANDOM_LP_06_SYNTHETIC_0112
RANDOM_LP_06_SYNTHETIC_STU01584,RANDOM_LP_06_SYNTHETIC_0246
RANDOM_LP_06_SYNTHETIC_STU01584,RANDOM_LP_06_SYNTHETIC_0449
RANDOM_LP_06_SYNTHETIC_STU01585,RANDOM_LP_06_SYNTHETIC_0081
RANDOM_LP_06_SYNTHETIC_STU01585,RANDOM_LP_06_SYNTHETIC_0336
RANDOM_LP_06_SYNTHETIC_STU01585,RANDOM_LP_06_SYNTHETIC_0405
RANDOM_LP_06_SYNTHETIC_STU01585,RANDOM_LP_06_SYNTHETIC_0436
RANDOM_LP_06_SYNTHETIC_STU01586,RANDOM_LP_06_SYNTHETIC_0245
RANDOM_LP_06_SYNTHETIC_STU01586,RANDOM_LP_06_SYNTHETIC_0251
RANDOM_LP_06_SYNTHETIC_STU01586,RANDOM_LP_06_SYNTHETIC_0494
RANDOM_LP_06_SYNTHETIC_STU01587,RANDOM_LP_06_SYNTHETIC_0070
RANDOM_LP_06_SYNTHETIC_STU01587,RANDOM_LP_06_SYNTHETIC_0104
RANDOM_LP_06_SYNTHETIC_STU01587,RANDOM_LP_06_SYNTHETIC_0381
RANDOM_LP_06_SYNTHETIC_STU01588,RANDOM_LP_06_SYNTHETIC_0025
RANDOM_LP_06_SYNTHETIC_STU01588,RANDOM_LP_06_SYNTHETIC_0498
RANDOM_LP_06_SYNTHETIC_STU01589,RANDOM_LP_06_SYNTHETIC_0259
RANDOM_LP_06_SYNTHETIC_STU01589,RANDOM_LP_06_SYNTHETIC_0403
RANDOM_LP_06_SYNTHETIC_STU01589,RANDOM_LP_06_SYNTHETIC_0410
RANDOM_LP_06_SYNTHETIC_STU01589,RANDOM_LP_06_SYNTHETIC_0448
RANDOM_LP_06_SYNTHETIC_STU01590,RANDOM_LP_06_SYNTHETIC_0158
RANDOM_LP_06_SYNTHETIC_STU01590,RANDOM_LP_06_SYNTHETIC_0399
RANDOM_LP_06_SYNTHETIC_STU01590,RANDOM_LP_06_SYNTHETIC_0404
RANDOM_LP_06_SYNTHETIC_STU01590,RANDOM_LP_06_SYNTHETIC_0408
RANDOM_LP_06_SYNTHETIC_STU01591,RANDOM_LP_06_SYNTHETIC_0188
RANDOM_LP_06_SYNTHETIC_STU01591,RANDOM_LP_06_SYNTHETIC_0475
RANDOM_LP_06_SYNTHETIC_STU01592,RANDOM_LP_06_SYNTHETIC_0278
RANDOM_LP_06_SYNTHETIC_STU01592,RANDOM_LP_06_SYNTHETIC_0405
RANDOM_LP_06_SYNTHETIC_STU01593,RANDOM_LP_06_SYNTHETIC_0255
RANDOM_LP_06_SYNTHETIC_STU01594,RANDOM_LP_06_SYNTHETIC_0291
RANDOM_LP_06_SYNTHETIC_STU01595,RANDOM_LP_06_SYNTHETIC_0080
RANDOM_LP_06_SYNTHETIC_STU01595,RANDOM_LP_06_SYNTHETIC_0334
RANDOM_LP_06_SYNTHETIC_STU01596,RANDOM_LP_06_SYNTHETIC_0079
RANDOM_LP_06_SYNTHETIC_STU01596,RANDOM_LP_06_SYNTHETIC_0218
RANDOM_LP_06_SYNTHETIC_STU01597,RANDOM_LP_06_SYNTHETIC_0240
RANDOM_LP_06_SYNTHETIC_STU01597,RANDOM_LP_06_SYNTHETIC_0382
RANDOM_LP_06_SYNTHETIC_STU01597,RANDOM_LP_06_SYNTHETIC_0393
RANDOM_LP_06_SYNTHETIC_STU01598,RANDOM_LP_06_SYNTHETIC_0103
RANDOM_LP_06_SYNTHETIC_STU01599,RANDOM_LP_06_SYNTHETIC_0102
RANDOM_LP_06_SYNTHETIC_STU01600,RANDOM_LP_06_SYNTHETIC_0061
RANDOM_LP_06_SYNTHETIC_STU01600,RANDOM_LP_06_SYNTHETIC_0365
RANDOM_LP_06_SYNTHETIC_STU01601,RANDOM_LP_06_SYNTHETIC_0004
RANDOM_LP_06_SYNTHETIC_STU01601,RANDOM_LP_06_SYNTHETIC_0042
RANDOM_LP_06_SYNTHETIC_STU01601,RANDOM_LP_06_SYNTHETIC_0458
RANDOM_LP_06_SYNTHETIC_STU01602,RANDOM_LP_06_SYNTHETIC_0310
RANDOM_LP_06_SYNTHETIC_STU01602,RANDOM_LP_06_SYNTHETIC_0328
RANDOM_LP_06_SYNTHETIC_STU01602,RANDOM_LP_06_SYNTHETIC_0390
RANDOM_LP_06_SYNTHETIC_STU01602,RANDOM_LP_06_SYNTHETIC_0473
RANDOM_LP_06_SYNTHETIC_STU01603,RANDOM_LP_06_SYNTHETIC_0196
RANDOM_LP_06_SYNTHETIC_STU01603,RANDOM_LP_06_SYNTHETIC_0330
RANDOM_LP_06_SYNTHETIC_STU01604,RANDOM_LP_06_SYNTHETIC_0049
RANDOM_LP_06_SYNTHETIC_STU01604,RANDOM_LP_06_SYNTHETIC_0050
RANDOM_LP_06_SYNTHETIC_STU01605,RANDOM_LP_06_SYNTHETIC_0050
RANDOM_LP_06_SYNTHETIC_STU01605,RANDOM_LP_06_SYNTHETIC_0256
RANDOM_LP_06_SYNTHETIC_STU01605,RANDOM_LP_06_SYNTHETIC_0368
RANDOM_LP_06_SYNTHETIC_STU01605,RANDOM_LP_06_SYNTHETIC_0412
RANDOM_LP_06_SYNTHETIC_STU01605,RANDOM_LP_06_SYNTHETIC_0435
RANDOM_LP_06_SYNTHETIC_STU01606,RANDOM_LP_06_SYNTHETIC_0271
RANDOM_LP_06_SYNTHETIC_STU01607,RANDOM_LP_06_SYNTHETIC_0048
RANDOM_LP_06_SYNTHETIC_STU01607,RANDOM_LP_06_SYNTHETIC_0196
RANDOM_LP_06_SYNTHETIC_STU01607,RANDOM_LP_06_SYNTHETIC_0382
RANDOM_LP_06_SYNTHETIC_STU01607,RANDOM_LP_06_SYNTHETIC_0387
RANDOM_LP_06_SYNTHETIC_STU01607,RANDOM_LP_06_SYNTHETIC_0431
RANDOM_LP_06_SYNTHETIC_STU01608,RANDOM_LP_06_SYNTHETIC_0046
RANDOM_LP_06_SYNTHETIC_STU01608,RANDOM_LP_06_SYNTHETIC_0137
RANDOM_LP_06_SYNTHETIC_STU01608,RANDOM_LP_06_SYNTHETIC_0408
RANDOM_LP_06_SYNTHETIC_STU01608,RANDOM_LP_06_SYNTHETIC_0478
RANDOM_LP_06_SYNTHETIC_STU01609,RANDOM_LP_06_SYNTHETIC_0238
RANDOM_LP_06_SYNTHETIC_STU01609,RANDOM_LP_06_SYNTHETIC_0330
RANDOM_LP_06_SYNTHETIC_STU01609,RANDOM_LP_06_SYNTHETIC_0476
RANDOM_LP_06_SYNTHETIC_STU01610,RANDOM_LP_06_SYNTHETIC_0028
RANDOM_LP_06_SYNTHETIC_STU01610,RANDOM_LP_06_SYNTHETIC_0357
RANDOM_LP_06_SYNTHETIC_STU01611,RANDOM_LP_06_SYNTHETIC_0199
RANDOM_LP_06_SYNTHETIC_STU01611,RANDOM_LP_06_SYNTHETIC_0248
RANDOM_LP_06_SYNTHETIC_STU01612,RANDOM_LP_06_SYNTHETIC_0010
RANDOM_LP_06_SYNTHETIC_STU01612,RANDOM_LP_06_SYNTHETIC_0029
RANDOM_LP_06_SYNTHETIC_STU01612,RANDOM_LP_06_SYNTHETIC_0146
RANDOM_LP_06_SYNTHETIC_STU01612,RANDOM_LP_06_SYNTHETIC_0289
RANDOM_LP_06_SYNTHETIC_STU01612,RANDOM_LP_06_SYNTHETIC_0328
RANDOM_LP_06_SYNTHETIC_STU01612,RANDOM_LP_06_SYNTHETIC_0380
RANDOM_LP_06_SYNTHETIC_STU01613,RANDOM_LP_06_SYNTHETIC_0244
RANDOM_LP_06_SYNTHETIC_STU01614,RANDOM_LP_06_SYNTHETIC_0199
RANDOM_LP_06_SYNTHETIC_STU01614,RANDOM_LP_06_SYNTHETIC_0240
RANDOM_LP_06_SYNTHETIC_STU01615,RANDOM_LP_06_SYNTHETIC_0290
RANDOM_LP_06_SYNTHETIC_STU01615,RANDOM_LP_06_SYNTHETIC_0425
RANDOM_LP_06_SYNTHETIC_STU01616,RANDOM_LP_06_SYNTHETIC_0224
RANDOM_LP_06_SYNTHETIC_STU01616,RANDOM_LP_06_SYNTHETIC_0229
RANDOM_LP_06_SYNTHETIC_STU01616,RANDOM_LP_06_SYNTHETIC_0296
RANDOM_LP_06_SYNTHETIC_STU01617,RANDOM_LP_06_SYNTHETIC_0194
RANDOM_LP_06_SYNTHETIC_STU01618,RANDOM_LP_06_SYNTHETIC_0040
RANDOM_LP_06_SYNTHETIC_STU01618,RANDOM_LP_06_SYNTHETIC_0214
RANDOM_LP_06_SYNTHETIC_STU01618,RANDOM_LP_06_SYNTHETIC_0454
RANDOM_LP_06_SYNTHETIC_STU01619,RANDOM_LP_06_SYNTHETIC_0183
RANDOM_LP_06_SYNTHETIC_STU01619,RANDOM_LP_06_SYNTHETIC_0393
RANDOM_LP_06_SYNTHETIC_STU01620,RANDOM_LP_06_SYNTHETIC_0040
RANDOM_LP_06_SYNTHETIC_STU01620,RANDOM_LP_06_SYNTHETIC_0079
RANDOM_LP_06_SYNTHETIC_STU01620,RANDOM_LP_06_SYNTHETIC_0228
RANDOM_LP_06_SYNTHETIC_STU01621,RANDOM_LP_06_SYNTHETIC_0054
RANDOM_LP_06_SYNTHETIC_STU01621,RANDOM_LP_06_SYNTHETIC_0154
RANDOM_LP_06_SYNTHETIC_STU01621,RANDOM_LP_06_SYNTHETIC_0435
RANDOM_LP_06_SYNTHETIC_STU01622,RANDOM_LP_06_SYNTHETIC_0002
RANDOM_LP_06_SYNTHETIC_STU01622,RANDOM_LP_06_SYNTHETIC_0137
RANDOM_LP_06_SYNTHETIC_STU01622,RANDOM_LP_06_SYNTHETIC_0335
RANDOM_LP_06_SYNTHETIC_STU01622,RANDOM_LP_06_SYNTHETIC_0337
RANDOM_LP_06_SYNTHETIC_STU01623,RANDOM_LP_06_SYNTHETIC_0473
RANDOM_LP_06_SYNTHETIC_STU01624,RANDOM_LP_06_SYNTHETIC_0075
RANDOM_LP_06_SYNTHETIC_STU01624,RANDOM_LP_06_SYNTHETIC_0291
RANDOM_LP_06_SYNTHETIC_STU01624,RANDOM_LP_06_SYNTHETIC_0324
RANDOM_LP_06_SYNTHETIC_STU01624,RANDOM_LP_06_SYNTHETIC_0449
RANDOM_LP_06_SYNTHETIC_STU01625,RANDOM_LP_06_SYNTHETIC_0286
RANDOM_LP_06_SYNTHETIC_STU01626,RANDOM_LP_06_SYNTHETIC_0041
RANDOM_LP_06_SYNTHETIC_STU01626,RANDOM_LP_06_SYNTHETIC_0068
RANDOM_LP_06_SYNTHETIC_STU01626,RANDOM_LP_06_SYNTHETIC_0235
RANDOM_LP_06_SYNTHETIC_STU01626,RANDOM_LP_06_SYNTHETIC_0376
RANDOM_LP_06_SYNTHETIC_STU01627,RANDOM_LP_06_SYNTHETIC_0115
RANDOM_LP_06_SYNTHETIC_STU01627,RANDOM_LP_06_SYNTHETIC_0233
RANDOM_LP_06_SYNTHETIC_STU01628,RANDOM_LP_06_SYNTHETIC_0147
RANDOM_LP_06_SYNTHETIC_STU01628,RANDOM_LP_06_SYNTHETIC_0279
RANDOM_LP_06_SYNTHETIC_STU01628,RANDOM_LP_06_SYNTHETIC_0435
RANDOM_LP_06_SYNTHETIC_STU01629,RANDOM_LP_06_SYNTHETIC_0201
RANDOM_LP_06_SYNTHETIC_STU01629,RANDOM_LP_06_SYNTHETIC_0277
RANDOM_LP_06_SYNTHETIC_STU01629,RANDOM_LP_06_SYNTHETIC_0416
RANDOM_LP_06_SYNTHETIC_STU01629,RANDOM_LP_06_SYNTHETIC_0484
RANDOM_LP_06_SYNTHETIC_STU01630,RANDOM_LP_06_SYNTHETIC_0033
RANDOM_LP_06_SYNTHETIC_STU01630,RANDOM_LP_06_SYNTHETIC_0277
RANDOM_LP_06_SYNTHETIC_STU01631,RANDOM_LP_06_SYNTHETIC_0384
RANDOM_LP_06_SYNTHETIC_STU01632,RANDOM_LP_06_SYNTHETIC_0240
RANDOM_LP_06_SYNTHETIC_STU01632,RANDOM_LP_06_SYNTHETIC_0464
RANDOM_LP_06_SYNTHETIC_STU01633,RANDOM_LP_06_SYNTHETIC_0052
RANDOM_LP_06_SYNTHETIC_STU01634,RANDOM_LP_06_SYNTHETIC_0122
RANDOM_LP_06_SYNTHETIC_STU01634,RANDOM_LP_06_SYNTHETIC_0124
RANDOM_LP_06_SYNTHETIC_STU01634,RANDOM_LP_06_SYNTHETIC_0196
RANDOM_LP_06_SYNTHETIC_STU01634,RANDOM_LP_06_SYNTHETIC_0208
RANDOM_LP_06_SYNTHETIC_STU01634,RANDOM_LP_06_SYNTHETIC_0271
RANDOM_LP_06_SYNTHETIC_STU01635,RANDOM_LP_06_SYNTHETIC_0137
RANDOM_LP_06_SYNTHETIC_STU01635,RANDOM_LP_06_SYNTHETIC_0444
RANDOM_LP_06_SYNTHETIC_STU01636,RANDOM_LP_06_SYNTHETIC_0121
RANDOM_LP_06_SYNTHETIC_STU01636,RANDOM_LP_06_SYNTHETIC_0391
RANDOM_LP_06_SYNTHETIC_STU01637,RANDOM_LP_06_SYNTHETIC_0226
RANDOM_LP_06_SYNTHETIC_STU01637,RANDOM_LP_06_SYNTHETIC_0268
RANDOM_LP_06_SYNTHETIC_STU01637,RANDOM_LP_06_SYNTHETIC_0337
RANDOM_LP_06_SYNTHETIC_STU01637,RANDOM_LP_06_SYNTHETIC_0496
RANDOM_LP_06_SYNTHETIC_STU01638,RANDOM_LP_06_SYNTHETIC_0338
RANDOM_LP_06_SYNTHETIC_STU01638,RANDOM_LP_06_SYNTHETIC_0365
RANDOM_LP_06_SYNTHETIC_STU01639,RANDOM_LP_06_SYNTHETIC_0208
RANDOM_LP_06_SYNTHETIC_STU01639,RANDOM_LP_06_SYNTHETIC_0359
RANDOM_LP_06_SYNTHETIC_STU01639,RANDOM_LP_06_SYNTHETIC_0388
RANDOM_LP_06_SYNTHETIC_STU01640,RANDOM_LP_06_SYNTHETIC_0200
RANDOM_LP_06_SYNTHETIC_STU01640,RANDOM_LP_06_SYNTHETIC_0324
RANDOM_LP_06_SYNTHETIC_STU01640,RANDOM_LP_06_SYNTHETIC_0401
RANDOM_LP_06_SYNTHETIC_STU01640,RANDOM_LP_06_SYNTHETIC_0448
RANDOM_LP_06_SYNTHETIC_STU01641,RANDOM_LP_06_SYNTHETIC_0121
RANDOM_LP_06_SYNTHETIC_STU01641,RANDOM_LP_06_SYNTHETIC_0201
RANDOM_LP_06_SYNTHETIC_STU01641,RANDOM_LP_06_SYNTHETIC_0202
RANDOM_LP_06_SYNTHETIC_STU01641,RANDOM_LP_06_SYNTHETIC_0471
RANDOM_LP_06_SYNTHETIC_STU01642,RANDOM_LP_06_SYNTHETIC_0209
RANDOM_LP_06_SYNTHETIC_STU01642,RANDOM_LP_06_SYNTHETIC_0331
RANDOM_LP_06_SYNTHETIC_STU01642,RANDOM_LP_06_SYNTHETIC_0357
RANDOM_LP_06_SYNTHETIC_STU01643,RANDOM_LP_06_SYNTHETIC_0023
RANDOM_LP_06_SYNTHETIC_STU01643,RANDOM_LP_06_SYNTHETIC_0200
RANDOM_LP_06_SYNTHETIC_STU01643,RANDOM_LP_06_SYNTHETIC_0213
RANDOM_LP_06_SYNTHETIC_STU01644,RANDOM_LP_06_SYNTHETIC_0227
RANDOM_LP_06_SYNTHETIC_STU01644,RANDOM_LP_06_SYNTHETIC_0371
RANDOM_LP_06_SYNTHETIC_STU01645,RANDOM_LP_06_SYNTHETIC_0091
RANDOM_LP_06_SYNTHETIC_STU01645,RANDOM_LP_06_SYNTHETIC_0137
RANDOM_LP_06_SYNTHETIC_STU01645,RANDOM_LP_06_SYNTHETIC_0207
RANDOM_LP_06_SYNTHETIC_STU01645,RANDOM_LP_06_SYNTHETIC_0438
RANDOM_LP_06_SYNTHETIC_STU01646,RANDOM_LP_06_SYNTHETIC_0011
RANDOM_LP_06_SYNTHETIC_STU01646,RANDOM_LP_06_SYNTHETIC_0034
RANDOM_LP_06_SYNTHETIC_STU01646,RANDOM_LP_06_SYNTHETIC_0165
RANDOM_LP_06_SYNTHETIC_STU01646,RANDOM_LP_06_SYNTHETIC_0248
RANDOM_LP_06_SYNTHETIC_STU01647,RANDOM_LP_06_SYNTHETIC_0051
RANDOM_LP_06_SYNTHETIC_STU01647,RANDOM_LP_06_SYNTHETIC_0058
RANDOM_LP_06_SYNTHETIC_STU01648,RANDOM_LP_06_SYNTHETIC_0111
RANDOM_LP_06_SYNTHETIC_STU01648,RANDOM_LP_06_SYNTHETIC_0437
RANDOM_LP_06_SYNTHETIC_STU01649,RANDOM_LP_06_SYNTHETIC_0086
RANDOM_LP_06_SYNTHETIC_STU01650,RANDOM_LP_06_SYNTHETIC_0143
RANDOM_LP_06_SYNTHETIC_STU01650,RANDOM_LP_06_SYNTHETIC_0323
RANDOM_LP_06_SYNTHETIC_STU01650,RANDOM_LP_06_SYNTHETIC_0379
RANDOM_LP_06_SYNTHETIC_STU01650,RANDOM_LP_06_SYNTHETIC_0465
RANDOM_LP_06_SYNTHETIC_STU01651,RANDOM_LP_06_SYNTHETIC_0140
RANDOM_LP_06_SYNTHETIC_STU01651,RANDOM_LP_06_SYNTHETIC_0180
RANDOM_LP_06_SYNTHETIC_STU01651,RANDOM_LP_06_SYNTHETIC_0350
RANDOM_LP_06_SYNTHETIC_STU01651,RANDOM_LP_06_SYNTHETIC_0434
RANDOM_LP_06_SYNTHETIC_STU01652,RANDOM_LP_06_SYNTHETIC_0013
RANDOM_LP_06_SYNTHETIC_STU01652,RANDOM_LP_06_SYNTHETIC_0154
RANDOM_LP_06_SYNTHETIC_STU01653,RANDOM_LP_06_SYNTHETIC_0334
RANDOM_LP_06_SYNTHETIC_STU01653,RANDOM_LP_06_SYNTHETIC_0438
RANDOM_LP_06_SYNTHETIC_STU01653,RANDOM_LP_06_SYNTHETIC_0443
RANDOM_LP_06_SYNTHETIC_STU01654,RANDOM_LP_06_SYNTHETIC_0440
RANDOM_LP_06_SYNTHETIC_STU01655,RANDOM_LP_06_SYNTHETIC_0199
RANDOM_LP_06_SYNTHETIC_STU01655,RANDOM_LP_06_SYNTHETIC_0231
RANDOM_LP_06_SYNTHETIC_STU01655,RANDOM_LP_06_SYNTHETIC_0241
RANDOM_LP_06_SYNTHETIC_STU01655,RANDOM_LP_06_SYNTHETIC_0345
RANDOM_LP_06_SYNTHETIC_STU01656,RANDOM_LP_06_SYNTHETIC_0389
RANDOM_LP_06_SYNTHETIC_STU01657,RANDOM_LP_06_SYNTHETIC_0041
RANDOM_LP_06_SYNTHETIC_STU01657,RANDOM_LP_06_SYNTHETIC_0164
RANDOM_LP_06_SYNTHETIC_STU01657,RANDOM_LP_06_SYNTHETIC_0346
RANDOM_LP_06_SYNTHETIC_STU01657,RANDOM_LP_06_SYNTHETIC_0423
RANDOM_LP_06_SYNTHETIC_STU01658,RANDOM_LP_06_SYNTHETIC_0040
RANDOM_LP_06_SYNTHETIC_STU01658,RANDOM_LP_06_SYNTHETIC_0157
RANDOM_LP_06_SYNTHETIC_STU01658,RANDOM_LP_06_SYNTHETIC_0172
RANDOM_LP_06_SYNTHETIC_STU01658,RANDOM_LP_06_SYNTHETIC_0324
RANDOM_LP_06_SYNTHETIC_STU01658,RANDOM_LP_06_SYNTHETIC_0348
RANDOM_LP_06_SYNTHETIC_STU01658,RANDOM_LP_06_SYNTHETIC_0445
RANDOM_LP_06_SYNTHETIC_STU01659,RANDOM_LP_06_SYNTHETIC_0079
RANDOM_LP_06_SYNTHETIC_STU01659,RANDOM_LP_06_SYNTHETIC_0132
RANDOM_LP_06_SYNTHETIC_STU01659,RANDOM_LP_06_SYNTHETIC_0268
RANDOM_LP_06_SYNTHETIC_STU01659,RANDOM_LP_06_SYNTHETIC_0328
RANDOM_LP_06_SYNTHETIC_STU01660,RANDOM_LP_06_SYNTHETIC_0011
RANDOM_LP_06_SYNTHETIC_STU01660,RANDOM_LP_06_SYNTHETIC_0087
RANDOM_LP_06_SYNTHETIC_STU01660,RANDOM_LP_06_SYNTHETIC_0206
RANDOM_LP_06_SYNTHETIC_STU01661,RANDOM_LP_06_SYNTHETIC_0435
RANDOM_LP_06_SYNTHETIC_STU01661,RANDOM_LP_06_SYNTHETIC_0484
RANDOM_LP_06_SYNTHETIC_STU01662,RANDOM_LP_06_SYNTHETIC_0028
RANDOM_LP_06_SYNTHETIC_STU01662,RANDOM_LP_06_SYNTHETIC_0203
RANDOM_LP_06_SYNTHETIC_STU01662,RANDOM_LP_06_SYNTHETIC_0370
RANDOM_LP_06_SYNTHETIC_STU01663,RANDOM_LP_06_SYNTHETIC_0242
RANDOM_LP_06_SYNTHETIC_STU01663,RANDOM_LP_06_SYNTHETIC_0416
RANDOM_LP_06_SYNTHETIC_STU01663,RANDOM_LP_06_SYNTHETIC_0422
RANDOM_LP_06_SYNTHETIC_STU01663,RANDOM_LP_06_SYNTHETIC_0434
RANDOM_LP_06_SYNTHETIC_STU01664,RANDOM_LP_06_SYNTHETIC_0079
RANDOM_LP_06_SYNTHETIC_STU01664,RANDOM_LP_06_SYNTHETIC_0119
RANDOM_LP_06_SYNTHETIC_STU01664,RANDOM_LP_06_SYNTHETIC_0316
RANDOM_LP_06_SYNTHETIC_STU01665,RANDOM_LP_06_SYNTHETIC_0016
RANDOM_LP_06_SYNTHETIC_STU01665,RANDOM_LP_06_SYNTHETIC_0369
RANDOM_LP_06_SYNTHETIC_STU01666,RANDOM_LP_06_SYNTHETIC_0423
RANDOM_LP_06_SYNTHETIC_STU01666,RANDOM_LP_06_SYNTHETIC_0454
RANDOM_LP_06_SYNTHETIC_STU01667,RANDOM_LP_06_SYNTHETIC_0041
RANDOM_LP_06_SYNTHETIC_STU01667,RANDOM_LP_06_SYNTHETIC_0117
RANDOM_LP_06_SYNTHETIC_STU01667,RANDOM_LP_06_SYNTHETIC_0196
RANDOM_LP_06_SYNTHETIC_STU01667,RANDOM_LP_06_SYNTHETIC_0318
RANDOM_LP_06_SYNTHETIC_STU01667,RANDOM_LP_06_SYNTHETIC_0445
RANDOM_LP_06_SYNTHETIC_STU01667,RANDOM_LP_06_SYNTHETIC_0480
RANDOM_LP_06_SYNTHETIC_STU01668,RANDOM_LP_06_SYNTHETIC_0096
RANDOM_LP_06_SYNTHETIC_STU01668,RANDOM_LP_06_SYNTHETIC_0118
RANDOM_LP_06_SYNTHETIC_STU01668,RANDOM_LP_06_SYNTHETIC_0146
RANDOM_LP_06_SYNTHETIC_STU01668,RANDOM_LP_06_SYNTHETIC_0163
RANDOM_LP_06_SYNTHETIC_STU01668,RANDOM_LP_06_SYNTHETIC_0316
RANDOM_LP_06_SYNTHETIC_STU01668,RANDOM_LP_06_SYNTHETIC_0357
RANDOM_LP_06_SYNTHETIC_STU01669,RANDOM_LP_06_SYNTHETIC_0029
RANDOM_LP_06_SYNTHETIC_STU01669,RANDOM_LP_06_SYNTHETIC_0062
RANDOM_LP_06_SYNTHETIC_STU01669,RANDOM_LP_06_SYNTHETIC_0074
RANDOM_LP_06_SYNTHETIC_STU01669,RANDOM_LP_06_SYNTHETIC_0275
RANDOM_LP_06_SYNTHETIC_STU01669,RANDOM_LP_06_SYNTHETIC_0466
RANDOM_LP_06_SYNTHETIC_STU01670,RANDOM_LP_06_SYNTHETIC_0084
RANDOM_LP_06_SYNTHETIC_STU01670,RANDOM_LP_06_SYNTHETIC_0171
RANDOM_LP_06_SYNTHETIC_STU01670,RANDOM_LP_06_SYNTHETIC_0324
RANDOM_LP_06_SYNTHETIC_STU01671,RANDOM_LP_06_SYNTHETIC_0079
RANDOM_LP_06_SYNTHETIC_STU01671,RANDOM_LP_06_SYNTHETIC_0408
RANDOM_LP_06_SYNTHETIC_STU01671,RANDOM_LP_06_SYNTHETIC_0413
RANDOM_LP_06_SYNTHETIC_STU01671,RANDOM_LP_06_SYNTHETIC_0471
RANDOM_LP_06_SYNTHETIC_STU01671,RANDOM_LP_06_SYNTHETIC_0473
RANDOM_LP_06_SYNTHETIC_STU01672,RANDOM_LP_06_SYNTHETIC_0392
RANDOM_LP_06_SYNTHETIC_STU01672,RANDOM_LP_06_SYNTHETIC_0438
RANDOM_LP_06_SYNTHETIC_STU01673,RANDOM_LP_06_SYNTHETIC_0074
RANDOM_LP_06_SYNTHETIC_STU01674,RANDOM_LP_06_SYNTHETIC_0196
RANDOM_LP_06_SYNTHETIC_STU01674,RANDOM_LP_06_SYNTHETIC_0218
RANDOM_LP_06_SYNTHETIC_STU01674,RANDOM_LP_06_SYNTHETIC_0282
RANDOM_LP_06_SYNTHETIC_STU01675,RANDOM_LP_06_SYNTHETIC_0202
RANDOM_LP_06_SYNTHETIC_STU01675,RANDOM_LP_06_SYNTHETIC_0251
RANDOM_LP_06_SYNTHETIC_STU01675,RANDOM_LP_06_SYNTHETIC_0274
RANDOM_LP_06_SYNTHETIC_STU01675,RANDOM_LP_06_SYNTHETIC_0329
RANDOM_LP_06_SYNTHETIC_STU01675,RANDOM_LP_06_SYNTHETIC_0371
RANDOM_LP_06_SYNTHETIC_STU01676,RANDOM_LP_06_SYNTHETIC_0107
RANDOM_LP_06_SYNTHETIC_STU01676,RANDOM_LP_06_SYNTHETIC_0217
RANDOM_LP_06_SYNTHETIC_STU01676,RANDOM_LP_06_SYNTHETIC_0398
RANDOM_LP_06_SYNTHETIC_STU01676,RANDOM_LP_06_SYNTHETIC_0447
RANDOM_LP_06_SYNTHETIC_STU01677,RANDOM_LP_06_SYNTHETIC_0013
RANDOM_LP_06_SYNTHETIC_STU01677,RANDOM_LP_06_SYNTHETIC_0073
RANDOM_LP_06_SYNTHETIC_STU01677,RANDOM_LP_06_SYNTHETIC_0118
RANDOM_LP_06_SYNTHETIC_STU01677,RANDOM_LP_06_SYNTHETIC_0273
RANDOM_LP_06_SYNTHETIC_STU01677,RANDOM_LP_06_SYNTHETIC_0332
RANDOM_LP_06_SYNTHETIC_STU01678,RANDOM_LP_06_SYNTHETIC_0165
RANDOM_LP_06_SYNTHETIC_STU01678,RANDOM_LP_06_SYNTHETIC_0288
RANDOM_LP_06_SYNTHETIC_STU01678,RANDOM_LP_06_SYNTHETIC_0424
RANDOM_LP_06_SYNTHETIC_STU01679,RANDOM_LP_06_SYNTHETIC_0004
RANDOM_LP_06_SYNTHETIC_STU01679,RANDOM_LP_06_SYNTHETIC_0078
RANDOM_LP_06_SYNTHETIC_STU01679,RANDOM_LP_06_SYNTHETIC_0390
RANDOM_LP_06_SYNTHETIC_STU01679,RANDOM_LP_06_SYNTHETIC_0416
RANDOM_LP_06_SYNTHETIC_STU01680,RANDOM_LP_06_SYNTHETIC_0015
RANDOM_LP_06_SYNTHETIC_STU01680,RANDOM_LP_06_SYNTHETIC_0079
RANDOM_LP_06_SYNTHETIC_STU01680,RANDOM_LP_06_SYNTHETIC_0240
RANDOM_LP_06_SYNTHETIC_STU01680,RANDOM_LP_06_SYNTHETIC_0376
RANDOM_LP_06_SYNTHETIC_STU01681,RANDOM_LP_06_SYNTHETIC_0107
RANDOM_LP_06_SYNTHETIC_STU01682,RANDOM_LP_06_SYNTHETIC_0065
RANDOM_LP_06_SYNTHETIC_STU01682,RANDOM_LP_06_SYNTHETIC_0099
RANDOM_LP_06_SYNTHETIC_STU01682,RANDOM_LP_06_SYNTHETIC_0195
RANDOM_LP_06_SYNTHETIC_STU01682,RANDOM_LP_06_SYNTHETIC_0438
RANDOM_LP_06_SYNTHETIC_STU01683,RANDOM_LP_06_SYNTHETIC_0041
RANDOM_LP_06_SYNTHETIC_STU01683,RANDOM_LP_06_SYNTHETIC_0389
RANDOM_LP_06_SYNTHETIC_STU01684,RANDOM_LP_06_SYNTHETIC_0080
RANDOM_LP_06_SYNTHETIC_STU01684,RANDOM_LP_06_SYNTHETIC_0407
RANDOM_LP_06_SYNTHETIC_STU01685,RANDOM_LP_06_SYNTHETIC_0158
RANDOM_LP_06_SYNTHETIC_STU01685,RANDOM_LP_06_SYNTHETIC_0193
RANDOM_LP_06_SYNTHETIC_STU01685,RANDOM_LP_06_SYNTHETIC_0370
RANDOM_LP_06_SYNTHETIC_STU01686,RANDOM_LP_06_SYNTHETIC_0074
RANDOM_LP_06_SYNTHETIC_STU01686,RANDOM_LP_06_SYNTHETIC_0112
RANDOM_LP_06_SYNTHETIC_STU01686,RANDOM_LP_06_SYNTHETIC_0218
RANDOM_LP_06_SYNTHETIC_STU01687,RANDOM_LP_06_SYNTHETIC_0047
RANDOM_LP_06_SYNTHETIC_STU01687,RANDOM_LP_06_SYNTHETIC_0188
RANDOM_LP_06_SYNTHETIC_STU01688,RANDOM_LP_06_SYNTHETIC_0040
RANDOM_LP_06_SYNTHETIC_STU01688,RANDOM_LP_06_SYNTHETIC_0473
RANDOM_LP_06_SYNTHETIC_STU01689,RANDOM_LP_06_SYNTHETIC_0171
RANDOM_LP_06_SYNTHETIC_STU01689,RANDOM_LP_06_SYNTHETIC_0235
RANDOM_LP_06_SYNTHETIC_STU01689,RANDOM_LP_06_SYNTHETIC_0314
RANDOM_LP_06_SYNTHETIC_STU01690,RANDOM_LP_06_SYNTHETIC_0176
RANDOM_LP_06_SYNTHETIC_STU01690,RANDOM_LP_06_SYNTHETIC_0330
RANDOM_LP_06_SYNTHETIC_STU01691,RANDOM_LP_06_SYNTHETIC_0495
RANDOM_LP_06_SYNTHETIC_STU01692,RANDOM_LP_06_SYNTHETIC_0001
RANDOM_LP_06_SYNTHETIC_STU01692,RANDOM_LP_06_SYNTHETIC_0042
RANDOM_LP_06_SYNTHETIC_STU01692,RANDOM_LP_06_SYNTHETIC_0051
RANDOM_LP_06_SYNTHETIC_STU01693,RANDOM_LP_06_SYNTHETIC_0081
RANDOM_LP_06_SYNTHETIC_STU01693,RANDOM_LP_06_SYNTHETIC_0310
RANDOM_LP_06_SYNTHETIC_STU01693,RANDOM_LP_06_SYNTHETIC_0364
RANDOM_LP_06_SYNTHETIC_STU01693,RANDOM_LP_06_SYNTHETIC_0418
RANDOM_LP_06_SYNTHETIC_STU01694,RANDOM_LP_06_SYNTHETIC_0054
RANDOM_LP_06_SYNTHETIC_STU01694,RANDOM_LP_06_SYNTHETIC_0069
RANDOM_LP_06_SYNTHETIC_STU01694,RANDOM_LP_06_SYNTHETIC_0277
RANDOM_LP_06_SYNTHETIC_STU01694,RANDOM_LP_06_SYNTHETIC_0374
RANDOM_LP_06_SYNTHETIC_STU01695,RANDOM_LP_06_SYNTHETIC_0320
RANDOM_LP_06_SYNTHETIC_STU01696,RANDOM_LP_06_SYNTHETIC_0187
RANDOM_LP_06_SYNTHETIC_STU01696,RANDOM_LP_06_SYNTHETIC_0324
RANDOM_LP_06_SYNTHETIC_STU01697,RANDOM_LP_06_SYNTHETIC_0231
RANDOM_LP_06_SYNTHETIC_STU01697,RANDOM_LP_06_SYNTHETIC_0352
RANDOM_LP_06_SYNTHETIC_STU01697,RANDOM_LP_06_SYNTHETIC_0460
RANDOM_LP_06_SYNTHETIC_STU01698,RANDOM_LP_06_SYNTHETIC_0079
RANDOM_LP_06_SYNTHETIC_STU01698,RANDOM_LP_06_SYNTHETIC_0159
RANDOM_LP_06_SYNTHETIC_STU01698,RANDOM_LP_06_SYNTHETIC_0422
RANDOM_LP_06_SYNTHETIC_STU01698,RANDOM_LP_06_SYNTHETIC_0423
RANDOM_LP_06_SYNTHETIC_STU01699,RANDOM_LP_06_SYNTHETIC_0079
RANDOM_LP_06_SYNTHETIC_STU01699,RANDOM_LP_06_SYNTHETIC_0263
RANDOM_LP_06_SYNTHETIC_STU01699,RANDOM_LP_06_SYNTHETIC_0372
RANDOM_LP_06_SYNTHETIC_STU01699,RANDOM_LP_06_SYNTHETIC_0457
RANDOM_LP_06_SYNTHETIC_STU01700,RANDOM_LP_06_SYNTHETIC_0034
RANDOM_LP_06_SYNTHETIC_STU01700,RANDOM_LP_06_SYNTHETIC_0277
RANDOM_LP_06_SYNTHETIC_STU01700,RANDOM_LP_06_SYNTHETIC_0345
RANDOM_LP_06_SYNTHETIC_STU01700,RANDOM_LP_06_SYNTHETIC_0486
RANDOM_LP_06_SYNTHETIC_STU01701,RANDOM_LP_06_SYNTHETIC_0340
RANDOM_LP_06_SYNTHETIC_STU01701,RANDOM_LP_06_SYNTHETIC_0351
RANDOM_LP_06_SYNTHETIC_STU01702,RANDOM_LP_06_SYNTHETIC_0012
RANDOM_LP_06_SYNTHETIC_STU01702,RANDOM_LP_06_SYNTHETIC_0065
RANDOM_LP_06_SYNTHETIC_STU01702,RANDOM_LP_06_SYNTHETIC_0103
RANDOM_LP_06_SYNTHETIC_STU01702,RANDOM_LP_06_SYNTHETIC_0260
RANDOM_LP_06_SYNTHETIC_STU01703,RANDOM_LP_06_SYNTHETIC_0280
RANDOM_LP_06_SYNTHETIC_STU01703,RANDOM_LP_06_SYNTHETIC_0365
RANDOM_LP_06_SYNTHETIC_STU01704,RANDOM_LP_06_SYNTHETIC_0206
RANDOM_LP_06_SYNTHETIC_STU01704,RANDOM_LP_06_SYNTHETIC_0380
RANDOM_LP_06_SYNTHETIC_STU01705,RANDOM_LP_06_SYNTHETIC_0073
RANDOM_LP_06_SYNTHETIC_STU01705,RANDOM_LP_06_SYNTHETIC_0100
RANDOM_LP_06_SYNTHETIC_STU01705,RANDOM_LP_06_SYNTHETIC_0372
RANDOM_LP_06_SYNTHETIC_STU01705,RANDOM_LP_06_SYNTHETIC_0454
RANDOM_LP_06_SYNTHETIC_STU01706,RANDOM_LP_06_SYNTHETIC_0274
RANDOM_LP_06_SYNTHETIC_STU01706,RANDOM_LP_06_SYNTHETIC_0388
RANDOM_LP_06_SYNTHETIC_STU01706,RANDOM_LP_06_SYNTHETIC_0425
RANDOM_LP_06_SYNTHETIC_STU01707,RANDOM_LP_06_SYNTHETIC_0057
RANDOM_LP_06_SYNTHETIC_STU01707,RANDOM_LP_06_SYNTHETIC_0082
RANDOM_LP_06_SYNTHETIC_STU01707,RANDOM_LP_06_SYNTHETIC_0122
RANDOM_LP_06_SYNTHETIC_STU01707,RANDOM_LP_06_SYNTHETIC_0158
RANDOM_LP_06_SYNTHETIC_STU01707,RANDOM_LP_06_SYNTHETIC_0407
RANDOM_LP_06_SYNTHETIC_STU01707,RANDOM_LP_06_SYNTHETIC_0446
RANDOM_LP_06_SYNTHETIC_STU01708,RANDOM_LP_06_SYNTHETIC_0192
RANDOM_LP_06_SYNTHETIC_STU01709,RANDOM_LP_06_SYNTHETIC_0394
RANDOM_LP_06_SYNTHETIC_STU01709,RANDOM_LP_06_SYNTHETIC_0425
RANDOM_LP_06_SYNTHETIC_STU01710,RANDOM_LP_06_SYNTHETIC_0016
RANDOM_LP_06_SYNTHETIC_STU01710,RANDOM_LP_06_SYNTHETIC_0040
RANDOM_LP_06_SYNTHETIC_STU01710,RANDOM_LP_06_SYNTHETIC_0141
RANDOM_LP_06_SYNTHETIC_STU01710,RANDOM_LP_06_SYNTHETIC_0146
RANDOM_LP_06_SYNTHETIC_STU01710,RANDOM_LP_06_SYNTHETIC_0436
RANDOM_LP_06_SYNTHETIC_STU01711,RANDOM_LP_06_SYNTHETIC_0137
RANDOM_LP_06_SYNTHETIC_STU01711,RANDOM_LP_06_SYNTHETIC_0219
RANDOM_LP_06_SYNTHETIC_STU01711,RANDOM_LP_06_SYNTHETIC_0231
RANDOM_LP_06_SYNTHETIC_STU01711,RANDOM_LP_06_SYNTHETIC_0256
RANDOM_LP_06_SYNTHETIC_STU01712,RANDOM_LP_06_SYNTHETIC_0020
RANDOM_LP_06_SYNTHETIC_STU01712,RANDOM_LP_06_SYNTHETIC_0022
RANDOM_LP_06_SYNTHETIC_STU01712,RANDOM_LP_06_SYNTHETIC_0173
RANDOM_LP_06_SYNTHETIC_STU01712,RANDOM_LP_06_SYNTHETIC_0206
RANDOM_LP_06_SYNTHETIC_STU01712,RANDOM_LP_06_SYNTHETIC_0408
RANDOM_LP_06_SYNTHETIC_STU01712,RANDOM_LP_06_SYNTHETIC_0470
RANDOM_LP_06_SYNTHETIC_STU01713,RANDOM_LP_06_SYNTHETIC_0145
RANDOM_LP_06_SYNTHETIC_STU01713,RANDOM_LP_06_SYNTHETIC_0202
RANDOM_LP_06_SYNTHETIC_STU01713,RANDOM_LP_06_SYNTHETIC_0276
RANDOM_LP_06_SYNTHETIC_STU01713,RANDOM_LP_06_SYNTHETIC_0277
RANDOM_LP_06_SYNTHETIC_STU01713,RANDOM_LP_06_SYNTHETIC_0311
RANDOM_LP_06_SYNTHETIC_STU01713,RANDOM_LP_06_SYNTHETIC_0329
RANDOM_LP_06_SYNTHETIC_STU01713,RANDOM_LP_06_SYNTHETIC_0485
RANDOM_LP_06_SYNTHETIC_STU01713,RANDOM_LP_06_SYNTHETIC_0492
RANDOM_LP_06_SYNTHETIC_STU01714,RANDOM_LP_06_SYNTHETIC_0025
RANDOM_LP_06_SYNTHETIC_STU01714,RANDOM_LP_06_SYNTHETIC_0281
RANDOM_LP_06_SYNTHETIC_STU01715,RANDOM_LP_06_SYNTHETIC_0016
RANDOM_LP_06_SYNTHETIC_STU01715,RANDOM_LP_06_SYNTHETIC_0133
RANDOM_LP_06_SYNTHETIC_STU01715,RANDOM_LP_06_SYNTHETIC_0348
RANDOM_LP_06_SYNTHETIC_STU01716,RANDOM_LP_06_SYNTHETIC_0021
RANDOM_LP_06_SYNTHETIC_STU01717,RANDOM_LP_06_SYNTHETIC_0288
RANDOM_LP_06_SYNTHETIC_STU01717,RANDOM_LP_06_SYNTHETIC_0459
RANDOM_LP_06_SYNTHETIC_STU01718,RANDOM_LP_06_SYNTHETIC_0031
RANDOM_LP_06_SYNTHETIC_STU01718,RANDOM_LP_06_SYNTHETIC_0331
RANDOM_LP_06_SYNTHETIC_STU01718,RANDOM_LP_06_SYNTHETIC_0416
RANDOM_LP_06_SYNTHETIC_STU01719,RANDOM_LP_06_SYNTHETIC_0052
RANDOM_LP_06_SYNTHETIC_STU01719,RANDOM_LP_06_SYNTHETIC_0079
RANDOM_LP_06_SYNTHETIC_STU01719,RANDOM_LP_06_SYNTHETIC_0373
RANDOM_LP_06_SYNTHETIC_STU01720,RANDOM_LP_06_SYNTHETIC_0228
RANDOM_LP_06_SYNTHETIC_STU01720,RANDOM_LP_06_SYNTHETIC_0231
RANDOM_LP_06_SYNTHETIC_STU01721,RANDOM_LP_06_SYNTHETIC_0178
RANDOM_LP_06_SYNTHETIC_STU01721,RANDOM_LP_06_SYNTHETIC_0356
RANDOM_LP_06_SYNTHETIC_STU01722,RANDOM_LP_06_SYNTHETIC_0028
RANDOM_LP_06_SYNTHETIC_STU01722,RANDOM_LP_06_SYNTHETIC_0133
RANDOM_LP_06_SYNTHETIC_STU01723,RANDOM_LP_06_SYNTHETIC_0074
RANDOM_LP_06_SYNTHETIC_STU01723,RANDOM_LP_06_SYNTHETIC_0145
RANDOM_LP_06_SYNTHETIC_STU01723,RANDOM_LP_06_SYNTHETIC_0149
RANDOM_LP_06_SYNTHETIC_STU01723,RANDOM_LP_06_SYNTHETIC_0460
RANDOM_LP_06_SYNTHETIC_STU01724,RANDOM_LP_06_SYNTHETIC_0016
RANDOM_LP_06_SYNTHETIC_STU01724,RANDOM_LP_06_SYNTHETIC_0102
RANDOM_LP_06_SYNTHETIC_STU01725,RANDOM_LP_06_SYNTHETIC_0248
RANDOM_LP_06_SYNTHETIC_STU01725,RANDOM_LP_06_SYNTHETIC_0399
RANDOM_LP_06_SYNTHETIC_STU01726,RANDOM_LP_06_SYNTHETIC_0115
RANDOM_LP_06_SYNTHETIC_STU01726,RANDOM_LP_06_SYNTHETIC_0124
RANDOM_LP_06_SYNTHETIC_STU01726,RANDOM_LP_06_SYNTHETIC_0243
RANDOM_LP_06_SYNTHETIC_STU01726,RANDOM_LP_06_SYNTHETIC_0257
RANDOM_LP_06_SYNTHETIC_STU01726,RANDOM_LP_06_SYNTHETIC_0268
RANDOM_LP_06_SYNTHETIC_STU01727,RANDOM_LP_06_SYNTHETIC_0227
RANDOM_LP_06_SYNTHETIC_STU01727,RANDOM_LP_06_SYNTHETIC_0368
RANDOM_LP_06_SYNTHETIC_STU01727,RANDOM_LP_06_SYNTHETIC_0389
RANDOM_LP_06_SYNTHETIC_STU01728,RANDOM_LP_06_SYNTHETIC_0049
RANDOM_LP_06_SYNTHETIC_STU01728,RANDOM_LP_06_SYNTHETIC_0296
RANDOM_LP_06_SYNTHETIC_STU01728,RANDOM_LP_06_SYNTHETIC_0434
RANDOM_LP_06_SYNTHETIC_STU01729,RANDOM_LP_06_SYNTHETIC_0190
RANDOM_LP_06_SYNTHETIC_STU01729,RANDOM_LP_06_SYNTHETIC_0296
RANDOM_LP_06_SYNTHETIC_STU01729,RANDOM_LP_06_SYNTHETIC_0389
RANDOM_LP_06_SYNTHETIC_STU01729,RANDOM_LP_06_SYNTHETIC_0412
RANDOM_LP_06_SYNTHETIC_STU01730,RANDOM_LP_06_SYNTHETIC_0010
RANDOM_LP_06_SYNTHETIC_STU01730,RANDOM_LP_06_SYNTHETIC_0258
RANDOM_LP_06_SYNTHETIC_STU01731,RANDOM_LP_06_SYNTHETIC_0028
RANDOM_LP_06_SYNTHETIC_STU01731,RANDOM_LP_06_SYNTHETIC_0085
RANDOM_LP_06_SYNTHETIC_STU01732,RANDOM_LP_06_SYNTHETIC_0130
RANDOM_LP_06_SYNTHETIC_STU01732,RANDOM_LP_06_SYNTHETIC_0276
RANDOM_LP_06_SYNTHETIC_STU01733,RANDOM_LP_06_SYNTHETIC_0137
RANDOM_LP_06_SYNTHETIC_STU01733,RANDOM_LP_06_SYNTHETIC_0193
RANDOM_LP_06_SYNTHETIC_STU01733,RANDOM_LP_06_SYNTHETIC_0231
RANDOM_LP_06_SYNTHETIC_STU01734,RANDOM_LP_06_SYNTHETIC_0052
RANDOM_LP_06_SYNTHETIC_STU01734,RANDOM_LP_06_SYNTHETIC_0182
RANDOM_LP_06_SYNTHETIC_STU01734,RANDOM_LP_06_SYNTHETIC_0353
RANDOM_LP_06_SYNTHETIC_STU01735,RANDOM_LP_06_SYNTHETIC_0064
RANDOM_LP_06_SYNTHETIC_STU01735,RANDOM_LP_06_SYNTHETIC_0345
RANDOM_LP_06_SYNTHETIC_STU01735,RANDOM_LP_06_SYNTHETIC_0457
RANDOM_LP_06_SYNTHETIC_STU01736,RANDOM_LP_06_SYNTHETIC_0227
RANDOM_LP_06_SYNTHETIC_STU01737,RANDOM_LP_06_SYNTHETIC_0031
RANDOM_LP_06_SYNTHETIC_STU01737,RANDOM_LP_06_SYNTHETIC_0271
RANDOM_LP_06_SYNTHETIC_STU01737,RANDOM_LP_06_SYNTHETIC_0283
RANDOM_LP_06_SYNTHETIC_STU01738,RANDOM_LP_06_SYNTHETIC_0053
RANDOM_LP_06_SYNTHETIC_STU01738,RANDOM_LP_06_SYNTHETIC_0112
RANDOM_LP_06_SYNTHETIC_STU01738,RANDOM_LP_06_SYNTHETIC_0244
RANDOM_LP_06_SYNTHETIC_STU01738,RANDOM_LP_06_SYNTHETIC_0318
RANDOM_LP_06_SYNTHETIC_STU01739,RANDOM_LP_06_SYNTHETIC_0215
RANDOM_LP_06_SYNTHETIC_STU01740,RANDOM_LP_06_SYNTHETIC_0081
RANDOM_LP_06_SYNTHETIC_STU01740,RANDOM_LP_06_SYNTHETIC_0156
RANDOM_LP_06_SYNTHETIC_STU01740,RANDOM_LP_06_SYNTHETIC_0158
RANDOM_LP_06_SYNTHETIC_STU01740,RANDOM_LP_06_SYNTHETIC_0161
RANDOM_LP_06_SYNTHETIC_STU01740,RANDOM_LP_06_SYNTHETIC_0182
RANDOM_LP_06_SYNTHETIC_STU01740,RANDOM_LP_06_SYNTHETIC_0377
RANDOM_LP_06_SYNTHETIC_STU01741,RANDOM_LP_06_SYNTHETIC_0014
RANDOM_LP_06_SYNTHETIC_STU01741,RANDOM_LP_06_SYNTHETIC_0035
RANDOM_LP_06_SYNTHETIC_STU01741,RANDOM_LP_06_SYNTHETIC_0073
RANDOM_LP_06_SYNTHETIC_STU01741,RANDOM_LP_06_SYNTHETIC_0119
RANDOM_LP_06_SYNTHETIC_STU01741,RANDOM_LP_06_SYNTHETIC_0391
RANDOM_LP_06_SYNTHETIC_STU01741,RANDOM_LP_06_SYNTHETIC_0435
RANDOM_LP_06_SYNTHETIC_STU01742,RANDOM_LP_06_SYNTHETIC_0068
RANDOM_LP_06_SYNTHETIC_STU01742,RANDOM_LP_06_SYNTHETIC_0459
RANDOM_LP_06_SYNTHETIC_STU01743,RANDOM_LP_06_SYNTHETIC_0099
RANDOM_LP_06_SYNTHETIC_STU01743,RANDOM_LP_06_SYNTHETIC_0382
RANDOM_LP_06_SYNTHETIC_STU01743,RANDOM_LP_06_SYNTHETIC_0449
RANDOM_LP_06_SYNTHETIC_STU01744,RANDOM_LP_06_SYNTHETIC_0173
RANDOM_LP_06_SYNTHETIC_STU01744,RANDOM_LP_06_SYNTHETIC_0296
RANDOM_LP_06_SYNTHETIC_STU01745,RANDOM_LP_06_SYNTHETIC_0120
RANDOM_LP_06_SYNTHETIC_STU01745,RANDOM_LP_06_SYNTHETIC_0329
RANDOM_LP_06_SYNTHETIC_STU01746,RANDOM_LP_06_SYNTHETIC_0024
RANDOM_LP_06_SYNTHETIC_STU01746,RANDOM_LP_06_SYNTHETIC_0145
RANDOM_LP_06_SYNTHETIC_STU01746,RANDOM_LP_06_SYNTHETIC_0253
RANDOM_LP_06_SYNTHETIC_STU01746,RANDOM_LP_06_SYNTHETIC_0271
RANDOM_LP_06_SYNTHETIC_STU01746,RANDOM_LP_06_SYNTHETIC_0309
RANDOM_LP_06_SYNTHETIC_STU01746,RANDOM_LP_06_SYNTHETIC_0376
RANDOM_LP_06_SYNTHETIC_STU01747,RANDOM_LP_06_SYNTHETIC_0307
RANDOM_LP_06_SYNTHETIC_STU01748,RANDOM_LP_06_SYNTHETIC_0039
RANDOM_LP_06_SYNTHETIC_STU01748,RANDOM_LP_06_SYNTHETIC_0117
RANDOM_LP_06_SYNTHETIC_STU01748,RANDOM_LP_06_SYNTHETIC_0176
RANDOM_LP_06_SYNTHETIC_STU01748,RANDOM_LP_06_SYNTHETIC_0418
RANDOM_LP_06_SYNTHETIC_STU01749,RANDOM_LP_06_SYNTHETIC_0427
RANDOM_LP_06_SYNTHETIC_STU01750,RANDOM_LP_06_SYNTHETIC_0041
RANDOM_LP_06_SYNTHETIC_STU01750,RANDOM_LP_06_SYNTHETIC_0184
RANDOM_LP_06_SYNTHETIC_STU01750,RANDOM_LP_06_SYNTHETIC_0324
RANDOM_LP_06_SYNTHETIC_STU01750,RANDOM_LP_06_SYNTHETIC_0389
RANDOM_LP_06_SYNTHETIC_STU01750,RANDOM_LP_06_SYNTHETIC_0423
RANDOM_LP_06_SYNTHETIC_STU01750,RANDOM_LP_06_SYNTHETIC_0487
RANDOM_LP_06_SYNTHETIC_STU01751,RANDOM_LP_06_SYNTHETIC_0073
RANDOM_LP_06_SYNTHETIC_STU01751,RANDOM_LP_06_SYNTHETIC_0245
RANDOM_LP_06_SYNTHETIC_STU01751,RANDOM_LP_06_SYNTHETIC_0423
RANDOM_LP_06_SYNTHETIC_STU01751,RANDOM_LP_06_SYNTHETIC_0441
RANDOM_LP_06_SYNTHETIC_STU01751,RANDOM_LP_06_SYNTHETIC_0489
RANDOM_LP_06_SYNTHETIC_STU01752,RANDOM_LP_06_SYNTHETIC_0089
RANDOM_LP_06_SYNTHETIC_STU01752,RANDOM_LP_06_SYNTHETIC_0096
RANDOM_LP_06_SYNTHETIC_STU01752,RANDOM_LP_06_SYNTHETIC_0168
RANDOM_LP_06_SYNTHETIC_STU01752,RANDOM_LP_06_SYNTHETIC_0177
RANDOM_LP_06_SYNTHETIC_STU01752,RANDOM_LP_06_SYNTHETIC_0422
RANDOM_LP_06_SYNTHETIC_STU01753,RANDOM_LP_06_SYNTHETIC_0276
RANDOM_LP_06_SYNTHETIC_STU01753,RANDOM_LP_06_SYNTHETIC_0346
RANDOM_LP_06_SYNTHETIC_STU01753,RANDOM_LP_06_SYNTHETIC_0497
RANDOM_LP_06_SYNTHETIC_STU01754,RANDOM_LP_06_SYNTHETIC_0137
RANDOM_LP_06_SYNTHETIC_STU01754,RANDOM_LP_06_SYNTHETIC_0178
RANDOM_LP_06_SYNTHETIC_STU01754,RANDOM_LP_06_SYNTHETIC_0237
RANDOM_LP_06_SYNTHETIC_STU01754,RANDOM_LP_06_SYNTHETIC_0493
RANDOM_LP_06_SYNTHETIC_STU01755,RANDOM_LP_06_SYNTHETIC_0040
RANDOM_LP_06_SYNTHETIC_STU01755,RANDOM_LP_06_SYNTHETIC_0054
RANDOM_LP_06_SYNTHETIC_STU01755,RANDOM_LP_06_SYNTHETIC_0137
RANDOM_LP_06_SYNTHETIC_STU01755,RANDOM_LP_06_SYNTHETIC_0466
RANDOM_LP_06_SYNTHETIC_STU01755,RANDOM_LP_06_SYNTHETIC_0496
RANDOM_LP_06_SYNTHETIC_STU01756,RANDOM_LP_06_SYNTHETIC_0206
RANDOM_LP_06_SYNTHETIC_STU01756,RANDOM_LP_06_SYNTHETIC_0295
RANDOM_LP_06_SYNTHETIC_STU01756,RANDOM_LP_06_SYNTHETIC_0296
RANDOM_LP_06_SYNTHETIC_STU01756,RANDOM_LP_06_SYNTHETIC_0368
RANDOM_LP_06_SYNTHETIC_STU01756,RANDOM_LP_06_SYNTHETIC_0461
RANDOM_LP_06_SYNTHETIC_STU01757,RANDOM_LP_06_SYNTHETIC_0088
RANDOM_LP_06_SYNTHETIC_STU01757,RANDOM_LP_06_SYNTHETIC_0224
RANDOM_LP_06_SYNTHETIC_STU01757,RANDOM_LP_06_SYNTHETIC_0352
RANDOM_LP_06_SYNTHETIC_STU01758,RANDOM_LP_06_SYNTHETIC_0119
RANDOM_LP_06_SYNTHETIC_STU01758,RANDOM_LP_06_SYNTHETIC_0386
RANDOM_LP_06_SYNTHETIC_STU01758,RANDOM_LP_06_SYNTHETIC_0452
RANDOM_LP_06_SYNTHETIC_STU01759,RANDOM_LP_06_SYNTHETIC_0461
RANDOM_LP_06_SYNTHETIC_STU01760,RANDOM_LP_06_SYNTHETIC_0061
RANDOM_LP_06_SYNTHETIC_STU01760,RANDOM_LP_06_SYNTHETIC_0167
RANDOM_LP_06_SYNTHETIC_STU01760,RANDOM_LP_06_SYNTHETIC_0178
RANDOM_LP_06_SYNTHETIC_STU01761,RANDOM_LP_06_SYNTHETIC_0040
RANDOM_LP_06_SYNTHETIC_STU01761,RANDOM_LP_06_SYNTHETIC_0246
RANDOM_LP_06_SYNTHETIC_STU01761,RANDOM_LP_06_SYNTHETIC_0379
RANDOM_LP_06_SYNTHETIC_STU01762,RANDOM_LP_06_SYNTHETIC_0327
RANDOM_LP_06_SYNTHETIC_STU01762,RANDOM_LP_06_SYNTHETIC_0389
RANDOM_LP_06_SYNTHETIC_STU01762,RANDOM_LP_06_SYNTHETIC_0396
RANDOM_LP_06_SYNTHETIC_STU01762,RANDOM_LP_06_SYNTHETIC_0460
RANDOM_LP_06_SYNTHETIC_STU01763,RANDOM_LP_06_SYNTHETIC_0154
RANDOM_LP_06_SYNTHETIC_STU01764,RANDOM_LP_06_SYNTHETIC_0013
RANDOM_LP_06_SYNTHETIC_STU01764,RANDOM_LP_06_SYNTHETIC_0100
RANDOM_LP_06_SYNTHETIC_STU01764,RANDOM_LP_06_SYNTHETIC_0248
RANDOM_LP_06_SYNTHETIC_STU01764,RANDOM_LP_06_SYNTHETIC_0387
RANDOM_LP_06_SYNTHETIC_STU01764,RANDOM_LP_06_SYNTHETIC_0442
RANDOM_LP_06_SYNTHETIC_STU01765,RANDOM_LP_06_SYNTHETIC_0077
RANDOM_LP_06_SYNTHETIC_STU01765,RANDOM_LP_06_SYNTHETIC_0257
RANDOM_LP_06_SYNTHETIC_STU01765,RANDOM_LP_06_SYNTHETIC_0281
RANDOM_LP_06_SYNTHETIC_STU01765,RANDOM_LP_06_SYNTHETIC_0371
RANDOM_LP_06_SYNTHETIC_STU01765,RANDOM_LP_06_SYNTHETIC_0475
RANDOM_LP_06_SYNTHETIC_STU01766,RANDOM_LP_06_SYNTHETIC_0200
RANDOM_LP_06_SYNTHETIC_STU01766,RANDOM_LP_06_SYNTHETIC_0219
RANDOM_LP_06_SYNTHETIC_STU01766,RANDOM_LP_06_SYNTHETIC_0458
RANDOM_LP_06_SYNTHETIC_STU01767,RANDOM_LP_06_SYNTHETIC_0079
RANDOM_LP_06_SYNTHETIC_STU01767,RANDOM_LP_06_SYNTHETIC_0118
RANDOM_LP_06_SYNTHETIC_STU01767,RANDOM_LP_06_SYNTHETIC_0394
RANDOM_LP_06_SYNTHETIC_STU01768,RANDOM_LP_06_SYNTHETIC_0076
RANDOM_LP_06_SYNTHETIC_STU01768,RANDOM_LP_06_SYNTHETIC_0123
RANDOM_LP_06_SYNTHETIC_STU01768,RANDOM_LP_06_SYNTHETIC_0134
RANDOM_LP_06_SYNTHETIC_STU01768,RANDOM_LP_06_SYNTHETIC_0137
RANDOM_LP_06_SYNTHETIC_STU01768,RANDOM_LP_06_SYNTHETIC_0146
RANDOM_LP_06_SYNTHETIC_STU01768,RANDOM_LP_06_SYNTHETIC_0178
RANDOM_LP_06_SYNTHETIC_STU01768,RANDOM_LP_06_SYNTHETIC_0319
RANDOM_LP_06_SYNTHETIC_STU01769,RANDOM_LP_06_SYNTHETIC_0295
RANDOM_LP_06_SYNTHETIC_STU01769,RANDOM_LP_06_SYNTHETIC_0402
RANDOM_LP_06_SYNTHETIC_STU01770,RANDOM_LP_06_SYNTHETIC_0386
RANDOM_LP_06_SYNTHETIC_STU01770,RANDOM_LP_06_SYNTHETIC_0387
RANDOM_LP_06_SYNTHETIC_STU01771,RANDOM_LP_06_SYNTHETIC_0079
RANDOM_LP_06_SYNTHETIC_STU01771,RANDOM_LP_06_SYNTHETIC_0196
RANDOM_LP_06_SYNTHETIC_STU01771,RANDOM_LP_06_SYNTHETIC_0449
RANDOM_LP_06_SYNTHETIC_STU01772,RANDOM_LP_06_SYNTHETIC_0023
RANDOM_LP_06_SYNTHETIC_STU01772,RANDOM_LP_06_SYNTHETIC_0027
RANDOM_LP_06_SYNTHETIC_STU01772,RANDOM_LP_06_SYNTHETIC_0051
RANDOM_LP_06_SYNTHETIC_STU01772,RANDOM_LP_06_SYNTHETIC_0163
RANDOM_LP_06_SYNTHETIC_STU01772,RANDOM_LP_06_SYNTHETIC_0167
RANDOM_LP_06_SYNTHETIC_STU01772,RANDOM_LP_06_SYNTHETIC_0198
RANDOM_LP_06_SYNTHETIC_STU01772,RANDOM_LP_06_SYNTHETIC_0338
RANDOM_LP_06_SYNTHETIC_STU01772,RANDOM_LP_06_SYNTHETIC_0382
RANDOM_LP_06_SYNTHETIC_STU01773,RANDOM_LP_06_SYNTHETIC_0267
RANDOM_LP_06_SYNTHETIC_STU01773,RANDOM_LP_06_SYNTHETIC_0405
RANDOM_LP_06_SYNTHETIC_STU01773,RANDOM_LP_06_SYNTHETIC_0469
RANDOM_LP_06_SYNTHETIC_STU01773,RANDOM_LP_06_SYNTHETIC_0497
RANDOM_LP_06_SYNTHETIC_STU01774,RANDOM_LP_06_SYNTHETIC_0039
RANDOM_LP_06_SYNTHETIC_STU01774,RANDOM_LP_06_SYNTHETIC_0179
RANDOM_LP_06_SYNTHETIC_STU01774,RANDOM_LP_06_SYNTHETIC_0285
RANDOM_LP_06_SYNTHETIC_STU01774,RANDOM_LP_06_SYNTHETIC_0453
RANDOM_LP_06_SYNTHETIC_STU01775,RANDOM_LP_06_SYNTHETIC_0026
RANDOM_LP_06_SYNTHETIC_STU01775,RANDOM_LP_06_SYNTHETIC_0231
RANDOM_LP_06_SYNTHETIC_STU01775,RANDOM_LP_06_SYNTHETIC_0350
RANDOM_LP_06_SYNTHETIC_STU01776,RANDOM_LP_06_SYNTHETIC_0264
RANDOM_LP_06_SYNTHETIC_STU01776,RANDOM_LP_06_SYNTHETIC_0352
RANDOM_LP_06_SYNTHETIC_STU01776,RANDOM_LP_06_SYNTHETIC_0409
RANDOM_LP_06_SYNTHETIC_STU01776,RANDOM_LP_06_SYNTHETIC_0449
RANDOM_LP_06_SYNTHETIC_STU01777,RANDOM_LP_06_SYNTHETIC_0495
RANDOM_LP_06_SYNTHETIC_STU01778,RANDOM_LP_06_SYNTHETIC_0084
RANDOM_LP_06_SYNTHETIC_STU01778,RANDOM_LP_06_SYNTHETIC_0203
RANDOM_LP_06_SYNTHETIC_STU01778,RANDOM_LP_06_SYNTHETIC_0375
RANDOM_LP_06_SYNTHETIC_STU01779,RANDOM_LP_06_SYNTHETIC_0120
RANDOM_LP_06_SYNTHETIC_STU01779,RANDOM_LP_06_SYNTHETIC_0191
RANDOM_LP_06_SYNTHETIC_STU01780,RANDOM_LP_06_SYNTHETIC_0021
RANDOM_LP_06_SYNTHETIC_STU01780,RANDOM_LP_06_SYNTHETIC_0079
RANDOM_LP_06_SYNTHETIC_STU01780,RANDOM_LP_06_SYNTHETIC_0148
RANDOM_LP_06_SYNTHETIC_STU01781,RANDOM_LP_06_SYNTHETIC_0140
RANDOM_LP_06_SYNTHETIC_STU01781,RANDOM_LP_06_SYNTHETIC_0313
RANDOM_LP_06_SYNTHETIC_STU01782,RANDOM_LP_06_SYNTHETIC_0073
RANDOM_LP_06_SYNTHETIC_STU01782,RANDOM_LP_06_SYNTHETIC_0243
RANDOM_LP_06_SYNTHETIC_STU01782,RANDOM_LP_06_SYNTHETIC_0348
RANDOM_LP_06_SYNTHETIC_STU01782,RANDOM_LP_06_SYNTHETIC_0452
RANDOM_LP_06_SYNTHETIC_STU01783,RANDOM_LP_06_SYNTHETIC_0245
RANDOM_LP_06_SYNTHETIC_STU01783,RANDOM_LP_06_SYNTHETIC_0268
RANDOM_LP_06_SYNTHETIC_STU01783,RANDOM_LP_06_SYNTHETIC_0478
RANDOM_LP_06_SYNTHETIC_STU01784,RANDOM_LP_06_SYNTHETIC_0241
RANDOM_LP_06_SYNTHETIC_STU01784,RANDOM_LP_06_SYNTHETIC_0374
RANDOM_LP_06_SYNTHETIC_STU01785,RANDOM_LP_06_SYNTHETIC_0074
RANDOM_LP_06_SYNTHETIC_STU01785,RANDOM_LP_06_SYNTHETIC_0150
RANDOM_LP_06_SYNTHETIC_STU01785,RANDOM_LP_06_SYNTHETIC_0283
RANDOM_LP_06_SYNTHETIC_STU01786,RANDOM_LP_06_SYNTHETIC_0161
RANDOM_LP_06_SYNTHETIC_STU01786,RANDOM_LP_06_SYNTHETIC_0277
RANDOM_LP_06_SYNTHETIC_STU01786,RANDOM_LP_06_SYNTHETIC_0424
RANDOM_LP_06_SYNTHETIC_STU01787,RANDOM_LP_06_SYNTHETIC_0066
RANDOM_LP_06_SYNTHETIC_STU01787,RANDOM_LP_06_SYNTHETIC_0083
RANDOM_LP_06_SYNTHETIC_STU01787,RANDOM_LP_06_SYNTHETIC_0234
RANDOM_LP_06_SYNTHETIC_STU01787,RANDOM_LP_06_SYNTHETIC_0240
RANDOM_LP_06_SYNTHETIC_STU01787,RANDOM_LP_06_SYNTHETIC_0295
RANDOM_LP_06_SYNTHETIC_STU01787,RANDOM_LP_06_SYNTHETIC_0365
RANDOM_LP_06_SYNTHETIC_STU01788,RANDOM_LP_06_SYNTHETIC_0025
RANDOM_LP_06_SYNTHETIC_STU01788,RANDOM_LP_06_SYNTHETIC_0275
RANDOM_LP_06_SYNTHETIC_STU01788,RANDOM_LP_06_SYNTHETIC_0412
RANDOM_LP_06_SYNTHETIC_STU01788,RANDOM_LP_06_SYNTHETIC_0454
RANDOM_LP_06_SYNTHETIC_STU01788,RANDOM_LP_06_SYNTHETIC_0492
RANDOM_LP_06_SYNTHETIC_STU01789,RANDOM_LP_06_SYNTHETIC_0461
RANDOM_LP_06_SYNTHETIC_STU01789,RANDOM_LP_06_SYNTHETIC_0465
RANDOM_LP_06_SYNTHETIC_STU01790,RANDOM_LP_06_SYNTHETIC_0101
RANDOM_LP_06_SYNTHETIC_STU01790,RANDOM_LP_06_SYNTHETIC_0203
RANDOM_LP_06_SYNTHETIC_STU01790,RANDOM_LP_06_SYNTHETIC_0355
RANDOM_LP_06_SYNTHETIC_STU01791,RANDOM_LP_06_SYNTHETIC_0074
RANDOM_LP_06_SYNTHETIC_STU01791,RANDOM_LP_06_SYNTHETIC_0100
RANDOM_LP_06_SYNTHETIC_STU01791,RANDOM_LP_06_SYNTHETIC_0319
RANDOM_LP_06_SYNTHETIC_STU01791,RANDOM_LP_06_SYNTHETIC_0328
RANDOM_LP_06_SYNTHETIC_STU01791,RANDOM_LP_06_SYNTHETIC_0352
RANDOM_LP_06_SYNTHETIC_STU01791,RANDOM_LP_06_SYNTHETIC_0456
RANDOM_LP_06_SYNTHETIC_STU01792,RANDOM_LP_06_SYNTHETIC_0074
RANDOM_LP_06_SYNTHETIC_STU01792,RANDOM_LP_06_SYNTHETIC_0110
RANDOM_LP_06_SYNTHETIC_STU01793,RANDOM_LP_06_SYNTHETIC_0022
RANDOM_LP_06_SYNTHETIC_STU01793,RANDOM_LP_06_SYNTHETIC_0057
RANDOM_LP_06_SYNTHETIC_STU01793,RANDOM_LP_06_SYNTHETIC_0120
RANDOM_LP_06_SYNTHETIC_STU01794,RANDOM_LP_06_SYNTHETIC_0233
RANDOM_LP_06_SYNTHETIC_STU01795,RANDOM_LP_06_SYNTHETIC_0006
RANDOM_LP_06_SYNTHETIC_STU01795,RANDOM_LP_06_SYNTHETIC_0088
RANDOM_LP_06_SYNTHETIC_STU01795,RANDOM_LP_06_SYNTHETIC_0143
RANDOM_LP_06_SYNTHETIC_STU01795,RANDOM_LP_06_SYNTHETIC_0320
RANDOM_LP_06_SYNTHETIC_STU01795,RANDOM_LP_06_SYNTHETIC_0358
RANDOM_LP_06_SYNTHETIC_STU01796,RANDOM_LP_06_SYNTHETIC_0048
RANDOM_LP_06_SYNTHETIC_STU01796,RANDOM_LP_06_SYNTHETIC_0119
RANDOM_LP_06_SYNTHETIC_STU01796,RANDOM_LP_06_SYNTHETIC_0244
RANDOM_LP_06_SYNTHETIC_STU01796,RANDOM_LP_06_SYNTHETIC_0324
RANDOM_LP_06_SYNTHETIC_STU01796,RANDOM_LP_06_SYNTHETIC_0329
RANDOM_LP_06_SYNTHETIC_STU01797,RANDOM_LP_06_SYNTHETIC_0029
RANDOM_LP_06_SYNTHETIC_STU01797,RANDOM_LP_06_SYNTHETIC_0106
RANDOM_LP_06_SYNTHETIC_STU01797,RANDOM_LP_06_SYNTHETIC_0112
RANDOM_LP_06_SYNTHETIC_STU01797,RANDOM_LP_06_SYNTHETIC_0299
RANDOM_LP_06_SYNTHETIC_STU01797,RANDOM_LP_06_SYNTHETIC_0423
RANDOM_LP_06_SYNTHETIC_STU01797,RANDOM_LP_06_SYNTHETIC_0470
RANDOM_LP_06_SYNTHETIC_STU01797,RANDOM_LP_06_SYNTHETIC_0491
RANDOM_LP_06_SYNTHETIC_STU01797,RANDOM_LP_06_SYNTHETIC_0492
RANDOM_LP_06_SYNTHETIC_STU01798,RANDOM_LP_06_SYNTHETIC_0270
RANDOM_LP_06_SYNTHETIC_STU01798,RANDOM_LP_06_SYNTHETIC_0473
RANDOM_LP_06_SYNTHETIC_STU01799,RANDOM_LP_06_SYNTHETIC_0151
RANDOM_LP_06_SYNTHETIC_STU01799,RANDOM_LP_06_SYNTHETIC_0209
RANDOM_LP_06_SYNTHETIC_STU01799,RANDOM_LP_06_SYNTHETIC_0231
RANDOM_LP_06_SYNTHETIC_STU01800,RANDOM_LP_06_SYNTHETIC_0079
RANDOM_LP_06_SYNTHETIC_STU01800,RANDOM_LP_06_SYNTHETIC_0345
RANDOM_LP_06_SYNTHETIC_STU01800,RANDOM_LP_06_SYNTHETIC_0364
RANDOM_LP_06_SYNTHETIC_STU01800,RANDOM_LP_06_SYNTHETIC_0494
RANDOM_LP_06_SYNTHETIC_STU01801,RANDOM_LP_06_SYNTHETIC_0009
RANDOM_LP_06_SYNTHETIC_STU01801,RANDOM_LP_06_SYNTHETIC_0035
RANDOM_LP_06_SYNTHETIC_STU01801,RANDOM_LP_06_SYNTHETIC_0084
RANDOM_LP_06_SYNTHETIC_STU01801,RANDOM_LP_06_SYNTHETIC_0410
RANDOM_LP_06_SYNTHETIC_STU01802,RANDOM_LP_06_SYNTHETIC_0073
RANDOM_LP_06_SYNTHETIC_STU01802,RANDOM_LP_06_SYNTHETIC_0134
RANDOM_LP_06_SYNTHETIC_STU01802,RANDOM_LP_06_SYNTHETIC_0274
RANDOM_LP_06_SYNTHETIC_STU01802,RANDOM_LP_06_SYNTHETIC_0328
RANDOM_LP_06_SYNTHETIC_STU01802,RANDOM_LP_06_SYNTHETIC_0371
RANDOM_LP_06_SYNTHETIC_STU01802,RANDOM_LP_06_SYNTHETIC_0399
RANDOM_LP_06_SYNTHETIC_STU01803,RANDOM_LP_06_SYNTHETIC_0112
RANDOM_LP_06_SYNTHETIC_STU01803,RANDOM_LP_06_SYNTHETIC_0178
RANDOM_LP_06_SYNTHETIC_STU01803,RANDOM_LP_06_SYNTHETIC_0286
RANDOM_LP_06_SYNTHETIC_STU01803,RANDOM_LP_06_SYNTHETIC_0358
RANDOM_LP_06_SYNTHETIC_STU01803,RANDOM_LP_06_SYNTHETIC_0436
RANDOM_LP_06_SYNTHETIC_STU01804,RANDOM_LP_06_SYNTHETIC_0079
RANDOM_LP_06_SYNTHETIC_STU01804,RANDOM_LP_06_SYNTHETIC_0184
RANDOM_LP_06_SYNTHETIC_STU01804,RANDOM_LP_06_SYNTHETIC_0192
RANDOM_LP_06_SYNTHETIC_STU01804,RANDOM_LP_06_SYNTHETIC_0268
RANDOM_LP_06_SYNTHETIC_STU01804,RANDOM_LP_06_SYNTHETIC_0347
RANDOM_LP_06_SYNTHETIC_STU01804,RANDOM_LP_06_SYNTHETIC_0410
RANDOM_LP_06_SYNTHETIC_STU01805,RANDOM_LP_06_SYNTHETIC_0283
RANDOM_LP_06_SYNTHETIC_STU01805,RANDOM_LP_06_SYNTHETIC_0422
RANDOM_LP_06_SYNTHETIC_STU01806,RANDOM_LP_06_SYNTHETIC_0067
RANDOM_LP_06_SYNTHETIC_STU01806,RANDOM_LP_06_SYNTHETIC_0347
RANDOM_LP_06_SYNTHETIC_STU01806,RANDOM_LP_06_SYNTHETIC_0423
RANDOM_LP_06_SYNTHETIC_STU01807,RANDOM_LP_06_SYNTHETIC_0049
RANDOM_LP_06_SYNTHETIC_STU01807,RANDOM_LP_06_SYNTHETIC_0152
RANDOM_LP_06_SYNTHETIC_STU01807,RANDOM_LP_06_SYNTHETIC_0216
RANDOM_LP_06_SYNTHETIC_STU01807,RANDOM_LP_06_SYNTHETIC_0311
RANDOM_LP_06_SYNTHETIC_STU01807,RANDOM_LP_06_SYNTHETIC_0402
RANDOM_LP_06_SYNTHETIC_STU01808,RANDOM_LP_06_SYNTHETIC_0359
RANDOM_LP_06_SYNTHETIC_STU01809,RANDOM_LP_06_SYNTHETIC_0085
RANDOM_LP_06_SYNTHETIC_STU01809,RANDOM_LP_06_SYNTHETIC_0111
RANDOM_LP_06_SYNTHETIC_STU01809,RANDOM_LP_06_SYNTHETIC_0424
RANDOM_LP_06_SYNTHETIC_STU01809,RANDOM_LP_06_SYNTHETIC_0449
RANDOM_LP_06_SYNTHETIC_STU01810,RANDOM_LP_06_SYNTHETIC_0309
RANDOM_LP_06_SYNTHETIC_STU01810,RANDOM_LP_06_SYNTHETIC_0436
RANDOM_LP_06_SYNTHETIC_STU01811,RANDOM_LP_06_SYNTHETIC_0065
RANDOM_LP_06_SYNTHETIC_STU01811,RANDOM_LP_06_SYNTHETIC_0146
RANDOM_LP_06_SYNTHETIC_STU01811,RANDOM_LP_06_SYNTHETIC_0152
RANDOM_LP_06_SYNTHETIC_STU01811,RANDOM_LP_06_SYNTHETIC_0497
RANDOM_LP_06_SYNTHETIC_STU01812,RANDOM_LP_06_SYNTHETIC_0205
RANDOM_LP_06_SYNTHETIC_STU01812,RANDOM_LP_06_SYNTHETIC_0404
RANDOM_LP_06_SYNTHETIC_STU01812,RANDOM_LP_06_SYNTHETIC_0427
RANDOM_LP_06_SYNTHETIC_STU01813,RANDOM_LP_06_SYNTHETIC_0202
RANDOM_LP_06_SYNTHETIC_STU01813,RANDOM_LP_06_SYNTHETIC_0334
RANDOM_LP_06_SYNTHETIC_STU01813,RANDOM_LP_06_SYNTHETIC_0496
RANDOM_LP_06_SYNTHETIC_STU01814,RANDOM_LP_06_SYNTHETIC_0074
RANDOM_LP_06_SYNTHETIC_STU01814,RANDOM_LP_06_SYNTHETIC_0135
RANDOM_LP_06_SYNTHETIC_STU01814,RANDOM_LP_06_SYNTHETIC_0178
RANDOM_LP_06_SYNTHETIC_STU01814,RANDOM_LP_06_SYNTHETIC_0383
RANDOM_LP_06_SYNTHETIC_STU01814,RANDOM_LP_06_SYNTHETIC_0483
RANDOM_LP_06_SYNTHETIC_STU01815,RANDOM_LP_06_SYNTHETIC_0080
RANDOM_LP_06_SYNTHETIC_STU01816,RANDOM_LP_06_SYNTHETIC_0217
RANDOM_LP_06_SYNTHETIC_STU01816,RANDOM_LP_06_SYNTHETIC_0240
RANDOM_LP_06_SYNTHETIC_STU01816,RANDOM_LP_06_SYNTHETIC_0350
RANDOM_LP_06_SYNTHETIC_STU01816,RANDOM_LP_06_SYNTHETIC_0362
RANDOM_LP_06_SYNTHETIC_STU01817,RANDOM_LP_06_SYNTHETIC_0010
RANDOM_LP_06_SYNTHETIC_STU01817,RANDOM_LP_06_SYNTHETIC_0497
RANDOM_LP_06_SYNTHETIC_STU01818,RANDOM_LP_06_SYNTHETIC_0132
RANDOM_LP_06_SYNTHETIC_STU01818,RANDOM_LP_06_SYNTHETIC_0196
RANDOM_LP_06_SYNTHETIC_STU01819,RANDOM_LP_06_SYNTHETIC_0266
RANDOM_LP_06_SYNTHETIC_STU01820,RANDOM_LP_06_SYNTHETIC_0034
RANDOM_LP_06_SYNTHETIC_STU01820,RANDOM_LP_06_SYNTHETIC_0111
RANDOM_LP_06_SYNTHETIC_STU01820,RANDOM_LP_06_SYNTHETIC_0176
RANDOM_LP_06_SYNTHETIC_STU01820,RANDOM_LP_06_SYNTHETIC_0431
RANDOM_LP_06_SYNTHETIC_STU01821,RANDOM_LP_06_SYNTHETIC_0083
RANDOM_LP_06_SYNTHETIC_STU01821,RANDOM_LP_06_SYNTHETIC_0240
RANDOM_LP_06_SYNTHETIC_STU01821,RANDOM_LP_06_SYNTHETIC_0499
RANDOM_LP_06_SYNTHETIC_STU01822,RANDOM_LP_06_SYNTHETIC_0471
RANDOM_LP_06_SYNTHETIC_STU01823,RANDOM_LP_06_SYNTHETIC_0037
RANDOM_LP_06_SYNTHETIC_STU01823,RANDOM_LP_06_SYNTHETIC_0249
RANDOM_LP_06_SYNTHETIC_STU01823,RANDOM_LP_06_SYNTHETIC_0271
RANDOM_LP_06_SYNTHETIC_STU01823,RANDOM_LP_06_SYNTHETIC_0365
RANDOM_LP_06_SYNTHETIC_STU01824,RANDOM_LP_06_SYNTHETIC_0137
RANDOM_LP_06_SYNTHETIC_STU01824,RANDOM_LP_06_SYNTHETIC_0248
RANDOM_LP_06_SYNTHETIC_STU01824,RANDOM_LP_06_SYNTHETIC_0320
RANDOM_LP_06_SYNTHETIC_STU01824,RANDOM_LP_06_SYNTHETIC_0345
RANDOM_LP_06_SYNTHETIC_STU01824,RANDOM_LP_06_SYNTHETIC_0357
RANDOM_LP_06_SYNTHETIC_STU01824,RANDOM_LP_06_SYNTHETIC_0458
RANDOM_LP_06_SYNTHETIC_STU01825,RANDOM_LP_06_SYNTHETIC_0028
RANDOM_LP_06_SYNTHETIC_STU01825,RANDOM_LP_06_SYNTHETIC_0079
RANDOM_LP_06_SYNTHETIC_STU01825,RANDOM_LP_06_SYNTHETIC_0141
RANDOM_LP_06_SYNTHETIC_STU01825,RANDOM_LP_06_SYNTHETIC_0149
RANDOM_LP_06_SYNTHETIC_STU01825,RANDOM_LP_06_SYNTHETIC_0218
RANDOM_LP_06_SYNTHETIC_STU01825,RANDOM_LP_06_SYNTHETIC_0424
RANDOM_LP_06_SYNTHETIC_STU01826,RANDOM_LP_06_SYNTHETIC_0350
RANDOM_LP_06_SYNTHETIC_STU01826,RANDOM_LP_06_SYNTHETIC_0427
RANDOM_LP_06_SYNTHETIC_STU01826,RANDOM_LP_06_SYNTHETIC_0487
RANDOM_LP_06_SYNTHETIC_STU01827,RANDOM_LP_06_SYNTHETIC_0135
RANDOM_LP_06_SYNTHETIC_STU01827,RANDOM_LP_06_SYNTHETIC_0137
RANDOM_LP_06_SYNTHETIC_STU01827,RANDOM_LP_06_SYNTHETIC_0221
RANDOM_LP_06_SYNTHETIC_STU01828,RANDOM_LP_06_SYNTHETIC_0003
RANDOM_LP_06_SYNTHETIC_STU01828,RANDOM_LP_06_SYNTHETIC_0090
RANDOM_LP_06_SYNTHETIC_STU01829,RANDOM_LP_06_SYNTHETIC_0042
RANDOM_LP_06_SYNTHETIC_STU01829,RANDOM_LP_06_SYNTHETIC_0085
RANDOM_LP_06_SYNTHETIC_STU01829,RANDOM_LP_06_SYNTHETIC_0389
RANDOM_LP_06_SYNTHETIC_STU01830,RANDOM_LP_06_SYNTHETIC_0215
RANDOM_LP_06_SYNTHETIC_STU01830,RANDOM_LP_06_SYNTHETIC_0461
RANDOM_LP_06_SYNTHETIC_STU01831,RANDOM_LP_06_SYNTHETIC_0059
RANDOM_LP_06_SYNTHETIC_STU01831,RANDOM_LP_06_SYNTHETIC_0337
RANDOM_LP_06_SYNTHETIC_STU01831,RANDOM_LP_06_SYNTHETIC_0345
RANDOM_LP_06_SYNTHETIC_STU01831,RANDOM_LP_06_SYNTHETIC_0400
RANDOM_LP_06_SYNTHETIC_STU01831,RANDOM_LP_06_SYNTHETIC_0478
RANDOM_LP_06_SYNTHETIC_STU01832,RANDOM_LP_06_SYNTHETIC_0225
RANDOM_LP_06_SYNTHETIC_STU01833,RANDOM_LP_06_SYNTHETIC_0190
RANDOM_LP_06_SYNTHETIC_STU01834,RANDOM_LP_06_SYNTHETIC_0037
RANDOM_LP_06_SYNTHETIC_STU01834,RANDOM_LP_06_SYNTHETIC_0112
RANDOM_LP_06_SYNTHETIC_STU01834,RANDOM_LP_06_SYNTHETIC_0124
RANDOM_LP_06_SYNTHETIC_STU01835,RANDOM_LP_06_SYNTHETIC_0431
RANDOM_LP_06_SYNTHETIC_STU01836,RANDOM_LP_06_SYNTHETIC_0122
RANDOM_LP_06_SYNTHETIC_STU01836,RANDOM_LP_06_SYNTHETIC_0146
RANDOM_LP_06_SYNTHETIC_STU01836,RANDOM_LP_06_SYNTHETIC_0337
RANDOM_LP_06_SYNTHETIC_STU01837,RANDOM_LP_06_SYNTHETIC_0025
RANDOM_LP_06_SYNTHETIC_STU01837,RANDOM_LP_06_SYNTHETIC_0116
RANDOM_LP_06_SYNTHETIC_STU01837,RANDOM_LP_06_SYNTHETIC_0296
RANDOM_LP_06_SYNTHETIC_STU01837,RANDOM_LP_06_SYNTHETIC_0380
RANDOM_LP_06_SYNTHETIC_STU01838,RANDOM_LP_06_SYNTHETIC_0180
RANDOM_LP_06_SYNTHETIC_STU01838,RANDOM_LP_06_SYNTHETIC_0287
RANDOM_LP_06_SYNTHETIC_STU01838,RANDOM_LP_06_SYNTHETIC_0420
RANDOM_LP_06_SYNTHETIC_STU01839,RANDOM_LP_06_SYNTHETIC_0276
RANDOM_LP_06_SYNTHETIC_STU01839,RANDOM_LP_06_SYNTHETIC_0414
RANDOM_LP_06_SYNTHETIC_STU01840,RANDOM_LP_06_SYNTHETIC_0296
RANDOM_LP_06_SYNTHETIC_STU01840,RANDOM_LP_06_SYNTHETIC_0337
RANDOM_LP_06_SYNTHETIC_STU01840,RANDOM_LP_06_SYNTHETIC_0349
RANDOM_LP_06_SYNTHETIC_STU01841,RANDOM_LP_06_SYNTHETIC_0340
RANDOM_LP_06_SYNTHETIC_STU01841,RANDOM_LP_06_SYNTHETIC_0381
RANDOM_LP_06_SYNTHETIC_STU01842,RANDOM_LP_06_SYNTHETIC_0095
RANDOM_LP_06_SYNTHETIC_STU01842,RANDOM_LP_06_SYNTHETIC_0269
RANDOM_LP_06_SYNTHETIC_STU01842,RANDOM_LP_06_SYNTHETIC_0326
RANDOM_LP_06_SYNTHETIC_STU01842,RANDOM_LP_06_SYNTHETIC_0463
RANDOM_LP_06_SYNTHETIC_STU01843,RANDOM_LP_06_SYNTHETIC_0117
RANDOM_LP_06_SYNTHETIC_STU01843,RANDOM_LP_06_SYNTHETIC_0137
RANDOM_LP_06_SYNTHETIC_STU01843,RANDOM_LP_06_SYNTHETIC_0334
RANDOM_LP_06_SYNTHETIC_STU01843,RANDOM_LP_06_SYNTHETIC_0423
RANDOM_LP_06_SYNTHETIC_STU01844,RANDOM_LP_06_SYNTHETIC_0136
RANDOM_LP_06_SYNTHETIC_STU01844,RANDOM_LP_06_SYNTHETIC_0240
RANDOM_LP_06_SYNTHETIC_STU01844,RANDOM_LP_06_SYNTHETIC_0319
RANDOM_LP_06_SYNTHETIC_STU01845,RANDOM_LP_06_SYNTHETIC_0242
RANDOM_LP_06_SYNTHETIC_STU01845,RANDOM_LP_06_SYNTHETIC_0328
RANDOM_LP_06_SYNTHETIC_STU01845,RANDOM_LP_06_SYNTHETIC_0483
RANDOM_LP_06_SYNTHETIC_STU01846,RANDOM_LP_06_SYNTHETIC_0231
RANDOM_LP_06_SYNTHETIC_STU01846,RANDOM_LP_06_SYNTHETIC_0247
RANDOM_LP_06_SYNTHETIC_STU01846,RANDOM_LP_06_SYNTHETIC_0407
RANDOM_LP_06_SYNTHETIC_STU01847,RANDOM_LP_06_SYNTHETIC_0044
RANDOM_LP_06_SYNTHETIC_STU01847,RANDOM_LP_06_SYNTHETIC_0356
RANDOM_LP_06_SYNTHETIC_STU01848,RANDOM_LP_06_SYNTHETIC_0148
RANDOM_LP_06_SYNTHETIC_STU01848,RANDOM_LP_06_SYNTHETIC_0319
RANDOM_LP_06_SYNTHETIC_STU01848,RANDOM_LP_06_SYNTHETIC_0345
RANDOM_LP_06_SYNTHETIC_STU01848,RANDOM_LP_06_SYNTHETIC_0419
RANDOM_LP_06_SYNTHETIC_STU01848,RANDOM_LP_06_SYNTHETIC_0483
RANDOM_LP_06_SYNTHETIC_STU01849,RANDOM_LP_06_SYNTHETIC_0172
RANDOM_LP_06_SYNTHETIC_STU01849,RANDOM_LP_06_SYNTHETIC_0273
RANDOM_LP_06_SYNTHETIC_STU01850,RANDOM_LP_06_SYNTHETIC_0167
RANDOM_LP_06_SYNTHETIC_STU01851,RANDOM_LP_06_SYNTHETIC_0078
RANDOM_LP_06_SYNTHETIC_STU01851,RANDOM_LP_06_SYNTHETIC_0219
RANDOM_LP_06_SYNTHETIC_STU01851,RANDOM_LP_06_SYNTHETIC_0473
RANDOM_LP_06_SYNTHETIC_STU01852,RANDOM_LP_06_SYNTHETIC_0111
RANDOM_LP_06_SYNTHETIC_STU01852,RANDOM_LP_06_SYNTHETIC_0152
RANDOM_LP_06_SYNTHETIC_STU01852,RANDOM_LP_06_SYNTHETIC_0449
RANDOM_LP_06_SYNTHETIC_STU01853,RANDOM_LP_06_SYNTHETIC_0119
RANDOM_LP_06_SYNTHETIC_STU01853,RANDOM_LP_06_SYNTHETIC_0121
RANDOM_LP_06_SYNTHETIC_STU01853,RANDOM_LP_06_SYNTHETIC_0203
RANDOM_LP_06_SYNTHETIC_STU01854,RANDOM_LP_06_SYNTHETIC_0025
RANDOM_LP_06_SYNTHETIC_STU01854,RANDOM_LP_06_SYNTHETIC_0122
RANDOM_LP_06_SYNTHETIC_STU01854,RANDOM_LP_06_SYNTHETIC_0145
RANDOM_LP_06_SYNTHETIC_STU01854,RANDOM_LP_06_SYNTHETIC_0325
RANDOM_LP_06_SYNTHETIC_STU01855,RANDOM_LP_06_SYNTHETIC_0079
RANDOM_LP_06_SYNTHETIC_STU01855,RANDOM_LP_06_SYNTHETIC_0190
RANDOM_LP_06_SYNTHETIC_STU01855,RANDOM_LP_06_SYNTHETIC_0202
RANDOM_LP_06_SYNTHETIC_STU01855,RANDOM_LP_06_SYNTHETIC_0450
RANDOM_LP_06_SYNTHETIC_STU01856,RANDOM_LP_06_SYNTHETIC_0092
RANDOM_LP_06_SYNTHETIC_STU01856,RANDOM_LP_06_SYNTHETIC_0093
RANDOM_LP_06_SYNTHETIC_STU01856,RANDOM_LP_06_SYNTHETIC_0253
RANDOM_LP_06_SYNTHETIC_STU01857,RANDOM_LP_06_SYNTHETIC_0038
RANDOM_LP_06_SYNTHETIC_STU01857,RANDOM_LP_06_SYNTHETIC_0068
RANDOM_LP_06_SYNTHETIC_STU01857,RANDOM_LP_06_SYNTHETIC_0171
RANDOM_LP_06_SYNTHETIC_STU01858,RANDOM_LP_06_SYNTHETIC_0003
RANDOM_LP_06_SYNTHETIC_STU01858,RANDOM_LP_06_SYNTHETIC_0327
RANDOM_LP_06_SYNTHETIC_STU01859,RANDOM_LP_06_SYNTHETIC_0013
RANDOM_LP_06_SYNTHETIC_STU01859,RANDOM_LP_06_SYNTHETIC_0276
RANDOM_LP_06_SYNTHETIC_STU01859,RANDOM_LP_06_SYNTHETIC_0279
RANDOM_LP_06_SYNTHETIC_STU01859,RANDOM_LP_06_SYNTHETIC_0347
RANDOM_LP_06_SYNTHETIC_STU01860,RANDOM_LP_06_SYNTHETIC_0203
RANDOM_LP_06_SYNTHETIC_STU01860,RANDOM_LP_06_SYNTHETIC_0355
RANDOM_LP_06_SYNTHETIC_STU01860,RANDOM_LP_06_SYNTHETIC_0417
RANDOM_LP_06_SYNTHETIC_STU01861,RANDOM_LP_06_SYNTHETIC_0223
RANDOM_LP_06_SYNTHETIC_STU01861,RANDOM_LP_06_SYNTHETIC_0495
RANDOM_LP_06_SYNTHETIC_STU01862,RANDOM_LP_06_SYNTHETIC_0202
RANDOM_LP_06_SYNTHETIC_STU01862,RANDOM_LP_06_SYNTHETIC_0343
RANDOM_LP_06_SYNTHETIC_STU01862,RANDOM_LP_06_SYNTHETIC_0357
RANDOM_LP_06_SYNTHETIC_STU01862,RANDOM_LP_06_SYNTHETIC_0423
RANDOM_LP_06_SYNTHETIC_STU01863,RANDOM_LP_06_SYNTHETIC_0023
RANDOM_LP_06_SYNTHETIC_STU01863,RANDOM_LP_06_SYNTHETIC_0071
RANDOM_LP_06_SYNTHETIC_STU01863,RANDOM_LP_06_SYNTHETIC_0086
RANDOM_LP_06_SYNTHETIC_STU01863,RANDOM_LP_06_SYNTHETIC_0261
RANDOM_LP_06_SYNTHETIC_STU01864,RANDOM_LP_06_SYNTHETIC_0476
RANDOM_LP_06_SYNTHETIC_STU01865,RANDOM_LP_06_SYNTHETIC_0371
RANDOM_LP_06_SYNTHETIC_STU01865,RANDOM_LP_06_SYNTHETIC_0444
RANDOM_LP_06_SYNTHETIC_STU01865,RANDOM_LP_06_SYNTHETIC_0476
RANDOM_LP_06_SYNTHETIC_STU01866,RANDOM_LP_06_SYNTHETIC_0169
RANDOM_LP_06_SYNTHETIC_STU01866,RANDOM_LP_06_SYNTHETIC_0402
RANDOM_LP_06_SYNTHETIC_STU01867,RANDOM_LP_06_SYNTHETIC_0195
RANDOM_LP_06_SYNTHETIC_STU01867,RANDOM_LP_06_SYNTHETIC_0357
RANDOM_LP_06_SYNTHETIC_STU01868,RANDOM_LP_06_SYNTHETIC_0100
RANDOM_LP_06_SYNTHETIC_STU01868,RANDOM_LP_06_SYNTHETIC_0139
RANDOM_LP_06_SYNTHETIC_STU01869,RANDOM_LP_06_SYNTHETIC_0078
RANDOM_LP_06_SYNTHETIC_STU01869,RANDOM_LP_06_SYNTHETIC_0111
RANDOM_LP_06_SYNTHETIC_STU01869,RANDOM_LP_06_SYNTHETIC_0209
RANDOM_LP_06_SYNTHETIC_STU01869,RANDOM_LP_06_SYNTHETIC_0355
RANDOM_LP_06_SYNTHETIC_STU01870,RANDOM_LP_06_SYNTHETIC_0004
RANDOM_LP_06_SYNTHETIC_STU01870,RANDOM_LP_06_SYNTHETIC_0217
RANDOM_LP_06_SYNTHETIC_STU01870,RANDOM_LP_06_SYNTHETIC_0305
RANDOM_LP_06_SYNTHETIC_STU01871,RANDOM_LP_06_SYNTHETIC_0032
RANDOM_LP_06_SYNTHETIC_STU01871,RANDOM_LP_06_SYNTHETIC_0143
RANDOM_LP_06_SYNTHETIC_STU01871,RANDOM_LP_06_SYNTHETIC_0231
RANDOM_LP_06_SYNTHETIC_STU01871,RANDOM_LP_06_SYNTHETIC_0486
RANDOM_LP_06_SYNTHETIC_STU01872,RANDOM_LP_06_SYNTHETIC_0067
RANDOM_LP_06_SYNTHETIC_STU01872,RANDOM_LP_06_SYNTHETIC_0135
RANDOM_LP_06_SYNTHETIC_STU01872,RANDOM_LP_06_SYNTHETIC_0159
RANDOM_LP_06_SYNTHETIC_STU01872,RANDOM_LP_06_SYNTHETIC_0211
RANDOM_LP_06_SYNTHETIC_STU01872,RANDOM_LP_06_SYNTHETIC_0382
RANDOM_LP_06_SYNTHETIC_STU01873,RANDOM_LP_06_SYNTHETIC_0080
RANDOM_LP_06_SYNTHETIC_STU01873,RANDOM_LP_06_SYNTHETIC_0189
RANDOM_LP_06_SYNTHETIC_STU01873,RANDOM_LP_06_SYNTHETIC_0365
RANDOM_LP_06_SYNTHETIC_STU01873,RANDOM_LP_06_SYNTHETIC_0399
RANDOM_LP_06_SYNTHETIC_STU01874,RANDOM_LP_06_SYNTHETIC_0368
RANDOM_LP_06_SYNTHETIC_STU01874,RANDOM_LP_06_SYNTHETIC_0435
RANDOM_LP_06_SYNTHETIC_STU01874,RANDOM_LP_06_SYNTHETIC_0440
RANDOM_LP_06_SYNTHETIC_STU01875,RANDOM_LP_06_SYNTHETIC_0111
RANDOM_LP_06_SYNTHETIC_STU01875,RANDOM_LP_06_SYNTHETIC_0145
RANDOM_LP_06_SYNTHETIC_STU01875,RANDOM_LP_06_SYNTHETIC_0230
RANDOM_LP_06_SYNTHETIC_STU01875,RANDOM_LP_06_SYNTHETIC_0370
RANDOM_LP_06_SYNTHETIC_STU01876,RANDOM_LP_06_SYNTHETIC_0002
RANDOM_LP_06_SYNTHETIC_STU01876,RANDOM_LP_06_SYNTHETIC_0124
RANDOM_LP_06_SYNTHETIC_STU01876,RANDOM_LP_06_SYNTHETIC_0445
RANDOM_LP_06_SYNTHETIC_STU01877,RANDOM_LP_06_SYNTHETIC_0428
RANDOM_LP_06_SYNTHETIC_STU01878,RANDOM_LP_06_SYNTHETIC_0270
RANDOM_LP_06_SYNTHETIC_STU01878,RANDOM_LP_06_SYNTHETIC_0344
RANDOM_LP_06_SYNTHETIC_STU01879,RANDOM_LP_06_SYNTHETIC_0013
RANDOM_LP_06_SYNTHETIC_STU01879,RANDOM_LP_06_SYNTHETIC_0103
RANDOM_LP_06_SYNTHETIC_STU01879,RANDOM_LP_06_SYNTHETIC_0116
RANDOM_LP_06_SYNTHETIC_STU01879,RANDOM_LP_06_SYNTHETIC_0268
RANDOM_LP_06_SYNTHETIC_STU01879,RANDOM_LP_06_SYNTHETIC_0390
RANDOM_LP_06_SYNTHETIC_STU01879,RANDOM_LP_06_SYNTHETIC_0394
RANDOM_LP_06_SYNTHETIC_STU01880,RANDOM_LP_06_SYNTHETIC_0322
RANDOM_LP_06_SYNTHETIC_STU01881,RANDOM_LP_06_SYNTHETIC_0137
RANDOM_LP_06_SYNTHETIC_STU01881,RANDOM_LP_06_SYNTHETIC_0172
RANDOM_LP_06_SYNTHETIC_STU01881,RANDOM_LP_06_SYNTHETIC_0324
RANDOM_LP_06_SYNTHETIC_STU01882,RANDOM_LP_06_SYNTHETIC_0106
RANDOM_LP_06_SYNTHETIC_STU01882,RANDOM_LP_06_SYNTHETIC_0275
RANDOM_LP_06_SYNTHETIC_STU01883,RANDOM_LP_06_SYNTHETIC_0066
RANDOM_LP_06_SYNTHETIC_STU01883,RANDOM_LP_06_SYNTHETIC_0102
RANDOM_LP_06_SYNTHETIC_STU01883,RANDOM_LP_06_SYNTHETIC_0326
RANDOM_LP_06_SYNTHETIC_STU01884,RANDOM_LP_06_SYNTHETIC_0036
RANDOM_LP_06_SYNTHETIC_STU01884,RANDOM_LP_06_SYNTHETIC_0287
RANDOM_LP_06_SYNTHETIC_STU01884,RANDOM_LP_06_SYNTHETIC_0319
RANDOM_LP_06_SYNTHETIC_STU01885,RANDOM_LP_06_SYNTHETIC_0036
RANDOM_LP_06_SYNTHETIC_STU01885,RANDOM_LP_06_SYNTHETIC_0073
RANDOM_LP_06_SYNTHETIC_STU01885,RANDOM_LP_06_SYNTHETIC_0219
RANDOM_LP_06_SYNTHETIC_STU01885,RANDOM_LP_06_SYNTHETIC_0264
RANDOM_LP_06_SYNTHETIC_STU01885,RANDOM_LP_06_SYNTHETIC_0410
RANDOM_LP_06_SYNTHETIC_STU01886,RANDOM_LP_06_SYNTHETIC_0347
RANDOM_LP_06_SYNTHETIC_STU01887,RANDOM_LP_06_SYNTHETIC_0127
RANDOM_LP_06_SYNTHETIC_STU01887,RANDOM_LP_06_SYNTHETIC_0300
RANDOM_LP_06_SYNTHETIC_STU01887,RANDOM_LP_06_SYNTHETIC_0491
RANDOM_LP_06_SYNTHETIC_STU01888,RANDOM_LP_06_SYNTHETIC_0376
RANDOM_LP_06_SYNTHETIC_STU01888,RANDOM_LP_06_SYNTHETIC_0442
RANDOM_LP_06_SYNTHETIC_STU01889,RANDOM_LP_06_SYNTHETIC_0081
RANDOM_LP_06_SYNTHETIC_STU01889,RANDOM_LP_06_SYNTHETIC_0172
RANDOM_LP_06_SYNTHETIC_STU01889,RANDOM_LP_06_SYNTHETIC_0240
RANDOM_LP_06_SYNTHETIC_STU01890,RANDOM_LP_06_SYNTHETIC_0065
RANDOM_LP_06_SYNTHETIC_STU01890,RANDOM_LP_06_SYNTHETIC_0081
RANDOM_LP_06_SYNTHETIC_STU01890,RANDOM_LP_06_SYNTHETIC_0198
RANDOM_LP_06_SYNTHETIC_STU01891,RANDOM_LP_06_SYNTHETIC_0388
RANDOM_LP_06_SYNTHETIC_STU01891,RANDOM_LP_06_SYNTHETIC_0433
RANDOM_LP_06_SYNTHETIC_STU01891,RANDOM_LP_06_SYNTHETIC_0483
RANDOM_LP_06_SYNTHETIC_STU01892,RANDOM_LP_06_SYNTHETIC_0136
RANDOM_LP_06_SYNTHETIC_STU01892,RANDOM_LP_06_SYNTHETIC_0164
RANDOM_LP_06_SYNTHETIC_STU01892,RANDOM_LP_06_SYNTHETIC_0363
RANDOM_LP_06_SYNTHETIC_STU01892,RANDOM_LP_06_SYNTHETIC_0379
RANDOM_LP_06_SYNTHETIC_STU01892,RANDOM_LP_06_SYNTHETIC_0401
RANDOM_LP_06_SYNTHETIC_STU01892,RANDOM_LP_06_SYNTHETIC_0475
RANDOM_LP_06_SYNTHETIC_STU01893,RANDOM_LP_06_SYNTHETIC_0217
RANDOM_LP_06_SYNTHETIC_STU01893,RANDOM_LP_06_SYNTHETIC_0361
RANDOM_LP_06_SYNTHETIC_STU01893,RANDOM_LP_06_SYNTHETIC_0393
RANDOM_LP_06_SYNTHETIC_STU01894,RANDOM_LP_06_SYNTHETIC_0380
RANDOM_LP_06_SYNTHETIC_STU01894,RANDOM_LP_06_SYNTHETIC_0421
RANDOM_LP_06_SYNTHETIC_STU01894,RANDOM_LP_06_SYNTHETIC_0438
RANDOM_LP_06_SYNTHETIC_STU01895,RANDOM_LP_06_SYNTHETIC_0040
RANDOM_LP_06_SYNTHETIC_STU01895,RANDOM_LP_06_SYNTHETIC_0489
RANDOM_LP_06_SYNTHETIC_STU01896,RANDOM_LP_06_SYNTHETIC_0141
RANDOM_LP_06_SYNTHETIC_STU01897,RANDOM_LP_06_SYNTHETIC_0152
RANDOM_LP_06_SYNTHETIC_STU01897,RANDOM_LP_06_SYNTHETIC_0157
RANDOM_LP_06_SYNTHETIC_STU01897,RANDOM_LP_06_SYNTHETIC_0335
RANDOM_LP_06_SYNTHETIC_STU01897,RANDOM_LP_06_SYNTHETIC_0478
RANDOM_LP_06_SYNTHETIC_STU01898,RANDOM_LP_06_SYNTHETIC_0069
RANDOM_LP_06_SYNTHETIC_STU01899,RANDOM_LP_06_SYNTHETIC_0003
RANDOM_LP_06_SYNTHETIC_STU01899,RANDOM_LP_06_SYNTHETIC_0043
RANDOM_LP_06_SYNTHETIC_STU01900,RANDOM_LP_06_SYNTHETIC_0041
RANDOM_LP_06_SYNTHETIC_STU01900,RANDOM_LP_06_SYNTHETIC_0418
RANDOM_LP_06_SYNTHETIC_STU01901,RANDOM_LP_06_SYNTHETIC_0330
RANDOM_LP_06_SYNTHETIC_STU01901,RANDOM_LP_06_SYNTHETIC_0335
RANDOM_LP_06_SYNTHETIC_STU01902,RANDOM_LP_06_SYNTHETIC_0331
RANDOM_LP_06_SYNTHETIC_STU01903,RANDOM_LP_06_SYNTHETIC_0033
RANDOM_LP_06_SYNTHETIC_STU01903,RANDOM_LP_06_SYNTHETIC_0237
RANDOM_LP_06_SYNTHETIC_STU01903,RANDOM_LP_06_SYNTHETIC_0340
RANDOM_LP_06_SYNTHETIC_STU01904,RANDOM_LP_06_SYNTHETIC_0120
RANDOM_LP_06_SYNTHETIC_STU01904,RANDOM_LP_06_SYNTHETIC_0165
RANDOM_LP_06_SYNTHETIC_STU01904,RANDOM_LP_06_SYNTHETIC_0196
RANDOM_LP_06_SYNTHETIC_STU01904,RANDOM_LP_06_SYNTHETIC_0345
RANDOM_LP_06_SYNTHETIC_STU01905,RANDOM_LP_06_SYNTHETIC_0402
RANDOM_LP_06_SYNTHETIC_STU01906,RANDOM_LP_06_SYNTHETIC_0109
RANDOM_LP_06_SYNTHETIC_STU01906,RANDOM_LP_06_SYNTHETIC_0381
RANDOM_LP_06_SYNTHETIC_STU01907,RANDOM_LP_06_SYNTHETIC_0044
RANDOM_LP_06_SYNTHETIC_STU01907,RANDOM_LP_06_SYNTHETIC_0100
RANDOM_LP_06_SYNTHETIC_STU01907,RANDOM_LP_06_SYNTHETIC_0112
RANDOM_LP_06_SYNTHETIC_STU01907,RANDOM_LP_06_SYNTHETIC_0260
RANDOM_LP_06_SYNTHETIC_STU01908,RANDOM_LP_06_SYNTHETIC_0048
RANDOM_LP_06_SYNTHETIC_STU01908,RANDOM_LP_06_SYNTHETIC_0483
RANDOM_LP_06_SYNTHETIC_STU01909,RANDOM_LP_06_SYNTHETIC_0290
RANDOM_LP_06_SYNTHETIC_STU01909,RANDOM_LP_06_SYNTHETIC_0300
RANDOM_LP_06_SYNTHETIC_STU01910,RANDOM_LP_06_SYNTHETIC_0058
RANDOM_LP_06_SYNTHETIC_STU01910,RANDOM_LP_06_SYNTHETIC_0201
RANDOM_LP_06_SYNTHETIC_STU01910,RANDOM_LP_06_SYNTHETIC_0387
RANDOM_LP_06_SYNTHETIC_STU01911,RANDOM_LP_06_SYNTHETIC_0073
RANDOM_LP_06_SYNTHETIC_STU01911,RANDOM_LP_06_SYNTHETIC_0198
RANDOM_LP_06_SYNTHETIC_STU01911,RANDOM_LP_06_SYNTHETIC_0315
RANDOM_LP_06_SYNTHETIC_STU01911,RANDOM_LP_06_SYNTHETIC_0344
RANDOM_LP_06_SYNTHETIC_STU01911,RANDOM_LP_06_SYNTHETIC_0445
RANDOM_LP_06_SYNTHETIC_STU01912,RANDOM_LP_06_SYNTHETIC_0046
RANDOM_LP_06_SYNTHETIC_STU01912,RANDOM_LP_06_SYNTHETIC_0158
RANDOM_LP_06_SYNTHETIC_STU01912,RANDOM_LP_06_SYNTHETIC_0184
RANDOM_LP_06_SYNTHETIC_STU01912,RANDOM_LP_06_SYNTHETIC_0444
RANDOM_LP_06_SYNTHETIC_STU01912,RANDOM_LP_06_SYNTHETIC_0478
RANDOM_LP_06_SYNTHETIC_STU01913,RANDOM_LP_06_SYNTHETIC_0088
RANDOM_LP_06_SYNTHETIC_STU01913,RANDOM_LP_06_SYNTHETIC_0100
RANDOM_LP_06_SYNTHETIC_STU01913,RANDOM_LP_06_SYNTHETIC_0234
RANDOM_LP_06_SYNTHETIC_STU01914,RANDOM_LP_06_SYNTHETIC_0091
RANDOM_LP_06_SYNTHETIC_STU01914,RANDOM_LP_06_SYNTHETIC_0158
RANDOM_LP_06_SYNTHETIC_STU01914,RANDOM_LP_06_SYNTHETIC_0164
RANDOM_LP_06_SYNTHETIC_STU01914,RANDOM_LP_06_SYNTHETIC_0197
RANDOM_LP_06_SYNTHETIC_STU01915,RANDOM_LP_06_SYNTHETIC_0028
RANDOM_LP_06_SYNTHETIC_STU01915,RANDOM_LP_06_SYNTHETIC_0077
RANDOM_LP_06_SYNTHETIC_STU01915,RANDOM_LP_06_SYNTHETIC_0436
RANDOM_LP_06_SYNTHETIC_STU01916,RANDOM_LP_06_SYNTHETIC_0195
RANDOM_LP_06_SYNTHETIC_STU01916,RANDOM_LP_06_SYNTHETIC_0248
RANDOM_LP_06_SYNTHETIC_STU01916,RANDOM_LP_06_SYNTHETIC_0281
RANDOM_LP_06_SYNTHETIC_STU01917,RANDOM_LP_06_SYNTHETIC_0025
RANDOM_LP_06_SYNTHETIC_STU01917,RANDOM_LP_06_SYNTHETIC_0039
RANDOM_LP_06_SYNTHETIC_STU01917,RANDOM_LP_06_SYNTHETIC_0122
RANDOM_LP_06_SYNTHETIC_STU01917,RANDOM_LP_06_SYNTHETIC_0178
RANDOM_LP_06_SYNTHETIC_STU01917,RANDOM_LP_06_SYNTHETIC_0318
RANDOM_LP_06_SYNTHETIC_STU01917,RANDOM_LP_06_SYNTHETIC_0410
RANDOM_LP_06_SYNTHETIC_STU01917,RANDOM_LP_06_SYNTHETIC_0443
RANDOM_LP_06_SYNTHETIC_STU01918,RANDOM_LP_06_SYNTHETIC_0079
RANDOM_LP_06_SYNTHETIC_STU01918,RANDOM_LP_06_SYNTHETIC_0174
RANDOM_LP_06_SYNTHETIC_STU01919,RANDOM_LP_06_SYNTHETIC_0019
RANDOM_LP_06_SYNTHETIC_STU01919,RANDOM_LP_06_SYNTHETIC_0057
RANDOM_LP_06_SYNTHETIC_STU01919,RANDOM_LP_06_SYNTHETIC_0112
RANDOM_LP_06_SYNTHETIC_STU01919,RANDOM_LP_06_SYNTHETIC_0113
RANDOM_LP_06_SYNTHETIC_STU01919,RANDOM_LP_06_SYNTHETIC_0203
RANDOM_LP_06_SYNTHETIC_STU01920,RANDOM_LP_06_SYNTHETIC_0029
RANDOM_LP_06_SYNTHETIC_STU01920,RANDOM_LP_06_SYNTHETIC_0100
RANDOM_LP_06_SYNTHETIC_STU01921,RANDOM_LP_06_SYNTHETIC_0319
RANDOM_LP_06_SYNTHETIC_STU01921,RANDOM_LP_06_SYNTHETIC_0401
RANDOM_LP_06_SYNTHETIC_STU01921,RANDOM_LP_06_SYNTHETIC_0468
RANDOM_LP_06_SYNTHETIC_STU01922,RANDOM_LP_06_SYNTHETIC_0091
RANDOM_LP_06_SYNTHETIC_STU01922,RANDOM_LP_06_SYNTHETIC_0157
RANDOM_LP_06_SYNTHETIC_STU01923,RANDOM_LP_06_SYNTHETIC_0054
RANDOM_LP_06_SYNTHETIC_STU01923,RANDOM_LP_06_SYNTHETIC_0159
RANDOM_LP_06_SYNTHETIC_STU01924,RANDOM_LP_06_SYNTHETIC_0137
RANDOM_LP_06_SYNTHETIC_STU01924,RANDOM_LP_06_SYNTHETIC_0153
RANDOM_LP_06_SYNTHETIC_STU01924,RANDOM_LP_06_SYNTHETIC_0295
RANDOM_LP_06_SYNTHETIC_STU01924,RANDOM_LP_06_SYNTHETIC_0373
RANDOM_LP_06_SYNTHETIC_STU01925,RANDOM_LP_06_SYNTHETIC_0312
RANDOM_LP_06_SYNTHETIC_STU01925,RANDOM_LP_06_SYNTHETIC_0331
RANDOM_LP_06_SYNTHETIC_STU01925,RANDOM_LP_06_SYNTHETIC_0423
RANDOM_LP_06_SYNTHETIC_STU01926,RANDOM_LP_06_SYNTHETIC_0144
RANDOM_LP_06_SYNTHETIC_STU01926,RANDOM_LP_06_SYNTHETIC_0178
RANDOM_LP_06_SYNTHETIC_STU01927,RANDOM_LP_06_SYNTHETIC_0272
RANDOM_LP_06_SYNTHETIC_STU01928,RANDOM_LP_06_SYNTHETIC_0092
RANDOM_LP_06_SYNTHETIC_STU01928,RANDOM_LP_06_SYNTHETIC_0267
RANDOM_LP_06_SYNTHETIC_STU01929,RANDOM_LP_06_SYNTHETIC_0166
RANDOM_LP_06_SYNTHETIC_STU01930,RANDOM_LP_06_SYNTHETIC_0059
RANDOM_LP_06_SYNTHETIC_STU01930,RANDOM_LP_06_SYNTHETIC_0203
RANDOM_LP_06_SYNTHETIC_STU01930,RANDOM_LP_06_SYNTHETIC_0253
RANDOM_LP_06_SYNTHETIC_STU01931,RANDOM_LP_06_SYNTHETIC_0014
RANDOM_LP_06_SYNTHETIC_STU01931,RANDOM_LP_06_SYNTHETIC_0262
RANDOM_LP_06_SYNTHETIC_STU01932,RANDOM_LP_06_SYNTHETIC_0438
RANDOM_LP_06_SYNTHETIC_STU01932,RANDOM_LP_06_SYNTHETIC_0454
RANDOM_LP_06_SYNTHETIC_STU01933,RANDOM_LP_06_SYNTHETIC_0041
RANDOM_LP_06_SYNTHETIC_STU01933,RANDOM_LP_06_SYNTHETIC_0273
RANDOM_LP_06_SYNTHETIC_STU01933,RANDOM_LP_06_SYNTHETIC_0350
RANDOM_LP_06_SYNTHETIC_STU01934,RANDOM_LP_06_SYNTHETIC_0372
RANDOM_LP_06_SYNTHETIC_STU01934,RANDOM_LP_06_SYNTHETIC_0380
RANDOM_LP_06_SYNTHETIC_STU01934,RANDOM_LP_06_SYNTHETIC_0398
RANDOM_LP_06_SYNTHETIC_STU01935,RANDOM_LP_06_SYNTHETIC_0202
RANDOM_LP_06_SYNTHETIC_STU01935,RANDOM_LP_06_SYNTHETIC_0478
RANDOM_LP_06_SYNTHETIC_STU01936,RANDOM_LP_06_SYNTHETIC_0318
RANDOM_LP_06_SYNTHETIC_STU01936,RANDOM_LP_06_SYNTHETIC_0383
RANDOM_LP_06_SYNTHETIC_STU01936,RANDOM_LP_06_SYNTHETIC_0495
RANDOM_LP_06_SYNTHETIC_STU01937,RANDOM_LP_06_SYNTHETIC_0184
RANDOM_LP_06_SYNTHETIC_STU01937,RANDOM_LP_06_SYNTHETIC_0206
RANDOM_LP_06_SYNTHETIC_STU01937,RANDOM_LP_06_SYNTHETIC_0284
RANDOM_LP_06_SYNTHETIC_STU01937,RANDOM_LP_06_SYNTHETIC_0396
RANDOM_LP_06_SYNTHETIC_STU01938,RANDOM_LP_06_SYNTHETIC_0103
RANDOM_LP_06_SYNTHETIC_STU01938,RANDOM_LP_06_SYNTHETIC_0111
RANDOM_LP_06_SYNTHETIC_STU01938,RANDOM_LP_06_SYNTHETIC_0158
RANDOM_LP_06_SYNTHETIC_STU01938,RANDOM_LP_06_SYNTHETIC_0217
RANDOM_LP_06_SYNTHETIC_STU01939,RANDOM_LP_06_SYNTHETIC_0431
RANDOM_LP_06_SYNTHETIC_STU01939,RANDOM_LP_06_SYNTHETIC_0436
RANDOM_LP_06_SYNTHETIC_STU01940,RANDOM_LP_06_SYNTHETIC_0009
RANDOM_LP_06_SYNTHETIC_STU01940,RANDOM_LP_06_SYNTHETIC_0019
RANDOM_LP_06_SYNTHETIC_STU01940,RANDOM_LP_06_SYNTHETIC_0320
RANDOM_LP_06_SYNTHETIC_STU01941,RANDOM_LP_06_SYNTHETIC_0017
RANDOM_LP_06_SYNTHETIC_STU01941,RANDOM_LP_06_SYNTHETIC_0109
RANDOM_LP_06_SYNTHETIC_STU01941,RANDOM_LP_06_SYNTHETIC_0232
RANDOM_LP_06_SYNTHETIC_STU01942,RANDOM_LP_06_SYNTHETIC_0323
RANDOM_LP_06_SYNTHETIC_STU01942,RANDOM_LP_06_SYNTHETIC_0434
RANDOM_LP_06_SYNTHETIC_STU01942,RANDOM_LP_06_SYNTHETIC_0467
RANDOM_LP_06_SYNTHETIC_STU01943,RANDOM_LP_06_SYNTHETIC_0204
RANDOM_LP_06_SYNTHETIC_STU01943,RANDOM_LP_06_SYNTHETIC_0498
RANDOM_LP_06_SYNTHETIC_STU01944,RANDOM_LP_06_SYNTHETIC_0148
RANDOM_LP_06_SYNTHETIC_STU01944,RANDOM_LP_06_SYNTHETIC_0363
RANDOM_LP_06_SYNTHETIC_STU01945,RANDOM_LP_06_SYNTHETIC_0274
RANDOM_LP_06_SYNTHETIC_STU01945,RANDOM_LP_06_SYNTHETIC_0324
RANDOM_LP_06_SYNTHETIC_STU01945,RANDOM_LP_06_SYNTHETIC_0496
RANDOM_LP_06_SYNTHETIC_STU01946,RANDOM_LP_06_SYNTHETIC_0218
RANDOM_LP_06_SYNTHETIC_STU01947,RANDOM_LP_06_SYNTHETIC_0033
RANDOM_LP_06_SYNTHETIC_STU01947,RANDOM_LP_06_SYNTHETIC_0063
RANDOM_LP_06_SYNTHETIC_STU01947,RANDOM_LP_06_SYNTHETIC_0079
RANDOM_LP_06_SYNTHETIC_STU01948,RANDOM_LP_06_SYNTHETIC_0247
RANDOM_LP_06_SYNTHETIC_STU01949,RANDOM_LP_06_SYNTHETIC_0143
RANDOM_LP_06_SYNTHETIC_STU01949,RANDOM_LP_06_SYNTHETIC_0230
RANDOM_LP_06_SYNTHETIC_STU01949,RANDOM_LP_06_SYNTHETIC_0271
RANDOM_LP_06_SYNTHETIC_STU01950,RANDOM_LP_06_SYNTHETIC_0068
RANDOM_LP_06_SYNTHETIC_STU01950,RANDOM_LP_06_SYNTHETIC_0100
RANDOM_LP_06_SYNTHETIC_STU01950,RANDOM_LP_06_SYNTHETIC_0178
RANDOM_LP_06_SYNTHETIC_STU01950,RANDOM_LP_06_SYNTHETIC_0337
RANDOM_LP_06_SYNTHETIC_STU01951,RANDOM_LP_06_SYNTHETIC_0173
RANDOM_LP_06_SYNTHETIC_STU01951,RANDOM_LP_06_SYNTHETIC_0363
RANDOM_LP_06_SYNTHETIC_STU01952,RANDOM_LP_06_SYNTHETIC_0016
RANDOM_LP_06_SYNTHETIC_STU01952,RANDOM_LP_06_SYNTHETIC_0033
RANDOM_LP_06_SYNTHETIC_STU01952,RANDOM_LP_06_SYNTHETIC_0174
RANDOM_LP_06_SYNTHETIC_STU01952,RANDOM_LP_06_SYNTHETIC_0452
RANDOM_LP_06_SYNTHETIC_STU01953,RANDOM_LP_06_SYNTHETIC_0196
RANDOM_LP_06_SYNTHETIC_STU01953,RANDOM_LP_06_SYNTHETIC_0377
RANDOM_LP_06_SYNTHETIC_STU01954,RANDOM_LP_06_SYNTHETIC_0026
RANDOM_LP_06_SYNTHETIC_STU01955,RANDOM_LP_06_SYNTHETIC_0054
RANDOM_LP_06_SYNTHETIC_STU01955,RANDOM_LP_06_SYNTHETIC_0113
RANDOM_LP_06_SYNTHETIC_STU01955,RANDOM_LP_06_SYNTHETIC_0120
RANDOM_LP_06_SYNTHETIC_STU01956,RANDOM_LP_06_SYNTHETIC_0184
RANDOM_LP_06_SYNTHETIC_STU01956,RANDOM_LP_06_SYNTHETIC_0259
RANDOM_LP_06_SYNTHETIC_STU01956,RANDOM_LP_06_SYNTHETIC_0410
RANDOM_LP_06_SYNTHETIC_STU01957,RANDOM_LP_06_SYNTHETIC_0158
RANDOM_LP_06_SYNTHETIC_STU01957,RANDOM_LP_06_SYNTHETIC_0160
RANDOM_LP_06_SYNTHETIC_STU01957,RANDOM_LP_06_SYNTHETIC_0165
RANDOM_LP_06_SYNTHETIC_STU01958,RANDOM_LP_06_SYNTHETIC_0156
RANDOM_LP_06_SYNTHETIC_STU01958,RANDOM_LP_06_SYNTHETIC_0163
RANDOM_LP_06_SYNTHETIC_STU01958,RANDOM_LP_06_SYNTHETIC_0393
RANDOM_LP_06_SYNTHETIC_STU01959,RANDOM_LP_06_SYNTHETIC_0158
RANDOM_LP_06_SYNTHETIC_STU01959,RANDOM_LP_06_SYNTHETIC_0417
RANDOM_LP_06_SYNTHETIC_STU01960,RANDOM_LP_06_SYNTHETIC_0185
RANDOM_LP_06_SYNTHETIC_STU01960,RANDOM_LP_06_SYNTHETIC_0217
RANDOM_LP_06_SYNTHETIC_STU01960,RANDOM_LP_06_SYNTHETIC_0274
RANDOM_LP_06_SYNTHETIC_STU01961,RANDOM_LP_06_SYNTHETIC_0100
RANDOM_LP_06_SYNTHETIC_STU01961,RANDOM_LP_06_SYNTHETIC_0276
RANDOM_LP_06_SYNTHETIC_STU01962,RANDOM_LP_06_SYNTHETIC_0486
RANDOM_LP_06_SYNTHETIC_STU01962,RANDOM_LP_06_SYNTHETIC_0487
RANDOM_LP_06_SYNTHETIC_STU01963,RANDOM_LP_06_SYNTHETIC_0070
RANDOM_LP_06_SYNTHETIC_STU01963,RANDOM_LP_06_SYNTHETIC_0165
RANDOM_LP_06_SYNTHETIC_STU01963,RANDOM_LP_06_SYNTHETIC_0231
RANDOM_LP_06_SYNTHETIC_STU01963,RANDOM_LP_06_SYNTHETIC_0381
RANDOM_LP_06_SYNTHETIC_STU01963,RANDOM_LP_06_SYNTHETIC_0444
RANDOM_LP_06_SYNTHETIC_STU01964,RANDOM_LP_06_SYNTHETIC_0196
RANDOM_LP_06_SYNTHETIC_STU01964,RANDOM_LP_06_SYNTHETIC_0198
RANDOM_LP_06_SYNTHETIC_STU01965,RANDOM_LP_06_SYNTHETIC_0100
RANDOM_LP_06_SYNTHETIC_STU01965,RANDOM_LP_06_SYNTHETIC_0282
RANDOM_LP_06_SYNTHETIC_STU01965,RANDOM_LP_06_SYNTHETIC_0295
RANDOM_LP_06_SYNTHETIC_STU01965,RANDOM_LP_06_SYNTHETIC_0419
RANDOM_LP_06_SYNTHETIC_STU01966,RANDOM_LP_06_SYNTHETIC_0067
RANDOM_LP_06_SYNTHETIC_STU01966,RANDOM_LP_06_SYNTHETIC_0078
RANDOM_LP_06_SYNTHETIC_STU01966,RANDOM_LP_06_SYNTHETIC_0224
RANDOM_LP_06_SYNTHETIC_STU01966,RANDOM_LP_06_SYNTHETIC_0268
RANDOM_LP_06_SYNTHETIC_STU01966,RANDOM_LP_06_SYNTHETIC_0367
RANDOM_LP_06_SYNTHETIC_STU01966,RANDOM_LP_06_SYNTHETIC_0379
RANDOM_LP_06_SYNTHETIC_STU01967,RANDOM_LP_06_SYNTHETIC_0013
RANDOM_LP_06_SYNTHETIC_STU01967,RANDOM_LP_06_SYNTHETIC_0039
RANDOM_LP_06_SYNTHETIC_STU01967,RANDOM_LP_06_SYNTHETIC_0109
RANDOM_LP_06_SYNTHETIC_STU01967,RANDOM_LP_06_SYNTHETIC_0281
RANDOM_LP_06_SYNTHETIC_STU01968,RANDOM_LP_06_SYNTHETIC_0062
RANDOM_LP_06_SYNTHETIC_STU01968,RANDOM_LP_06_SYNTHETIC_0075
RANDOM_LP_06_SYNTHETIC_STU01968,RANDOM_LP_06_SYNTHETIC_0099
RANDOM_LP_06_SYNTHETIC_STU01968,RANDOM_LP_06_SYNTHETIC_0218
RANDOM_LP_06_SYNTHETIC_STU01968,RANDOM_LP_06_SYNTHETIC_0345
RANDOM_LP_06_SYNTHETIC_STU01969,RANDOM_LP_06_SYNTHETIC_0056
RANDOM_LP_06_SYNTHETIC_STU01969,RANDOM_LP_06_SYNTHETIC_0079
RANDOM_LP_06_SYNTHETIC_STU01969,RANDOM_LP_06_SYNTHETIC_0427
RANDOM_LP_06_SYNTHETIC_STU01970,RANDOM_LP_06_SYNTHETIC_0030
RANDOM_LP_06_SYNTHETIC_STU01970,RANDOM_LP_06_SYNTHETIC_0064
RANDOM_LP_06_SYNTHETIC_STU01970,RANDOM_LP_06_SYNTHETIC_0065
RANDOM_LP_06_SYNTHETIC_STU01970,RANDOM_LP_06_SYNTHETIC_0206
RANDOM_LP_06_SYNTHETIC_STU01971,RANDOM_LP_06_SYNTHETIC_0143
RANDOM_LP_06_SYNTHETIC_STU01971,RANDOM_LP_06_SYNTHETIC_0270
RANDOM_LP_06_SYNTHETIC_STU01971,RANDOM_LP_06_SYNTHETIC_0460
RANDOM_LP_06_SYNTHETIC_STU01972,RANDOM_LP_06_SYNTHETIC_0146
RANDOM_LP_06_SYNTHETIC_STU01972,RANDOM_LP_06_SYNTHETIC_0280
RANDOM_LP_06_SYNTHETIC_STU01972,RANDOM_LP_06_SYNTHETIC_0467
RANDOM_LP_06_SYNTHETIC_STU01973,RANDOM_LP_06_SYNTHETIC_0029
RANDOM_LP_06_SYNTHETIC_STU01973,RANDOM_LP_06_SYNTHETIC_0207
RANDOM_LP_06_SYNTHETIC_STU01973,RANDOM_LP_06_SYNTHETIC_0429
RANDOM_LP_06_SYNTHETIC_STU01973,RANDOM_LP_06_SYNTHETIC_0438
RANDOM_LP_06_SYNTHETIC_STU01974,RANDOM_LP_06_SYNTHETIC_0140
RANDOM_LP_06_SYNTHETIC_STU01974,RANDOM_LP_06_SYNTHETIC_0216
RANDOM_LP_06_SYNTHETIC_STU01974,RANDOM_LP_06_SYNTHETIC_0413
RANDOM_LP_06_SYNTHETIC_STU01974,RANDOM_LP_06_SYNTHETIC_0422
RANDOM_LP_06_SYNTHETIC_STU01975,RANDOM_LP_06_SYNTHETIC_0058
RANDOM_LP_06_SYNTHETIC_STU01975,RANDOM_LP_06_SYNTHETIC_0167
RANDOM_LP_06_SYNTHETIC_STU01975,RANDOM_LP_06_SYNTHETIC_0196
RANDOM_LP_06_SYNTHETIC_STU01975,RANDOM_LP_06_SYNTHETIC_0246
RANDOM_LP_06_SYNTHETIC_STU01976,RANDOM_LP_06_SYNTHETIC_0002
RANDOM_LP_06_SYNTHETIC_STU01976,RANDOM_LP_06_SYNTHETIC_0013
RANDOM_LP_06_SYNTHETIC_STU01976,RANDOM_LP_06_SYNTHETIC_0028
RANDOM_LP_06_SYNTHETIC_STU01976,RANDOM_LP_06_SYNTHETIC_0074
RANDOM_LP_06_SYNTHETIC_STU01976,RANDOM_LP_06_SYNTHETIC_0282
RANDOM_LP_06_SYNTHETIC_STU01976,RANDOM_LP_06_SYNTHETIC_0438
RANDOM_LP_06_SYNTHETIC_STU01977,RANDOM_LP_06_SYNTHETIC_0217
RANDOM_LP_06_SYNTHETIC_STU01977,RANDOM_LP_06_SYNTHETIC_0438
RANDOM_LP_06_SYNTHETIC_STU01978,RANDOM_LP_06_SYNTHETIC_0097
RANDOM_LP_06_SYNTHETIC_STU01979,RANDOM_LP_06_SYNTHETIC_0099
RANDOM_LP_06_SYNTHETIC_STU01979,RANDOM_LP_06_SYNTHETIC_0329
RANDOM_LP_06_SYNTHETIC_STU01979,RANDOM_LP_06_SYNTHETIC_0465
RANDOM_LP_06_SYNTHETIC_STU01980,RANDOM_LP_06_SYNTHETIC_0159
RANDOM_LP_06_SYNTHETIC_STU01981,RANDOM_LP_06_SYNTHETIC_0046
RANDOM_LP_06_SYNTHETIC_STU01981,RANDOM_LP_06_SYNTHETIC_0184
RANDOM_LP_06_SYNTHETIC_STU01982,RANDOM_LP_06_SYNTHETIC_0158
RANDOM_LP_06_SYNTHETIC_STU01983,RANDOM_LP_06_SYNTHETIC_0039
RANDOM_LP_06_SYNTHETIC_STU01983,RANDOM_LP_06_SYNTHETIC_0423
RANDOM_LP_06_SYNTHETIC_STU01983,RANDOM_LP_06_SYNTHETIC_0498
RANDOM_LP_06_SYNTHETIC_STU01984,RANDOM_LP_06_SYNTHETIC_0075
RANDOM_LP_06_SYNTHETIC_STU01984,RANDOM_LP_06_SYNTHETIC_0121
RANDOM_LP_06_SYNTHETIC_STU01984,RANDOM_LP_06_SYNTHETIC_0140
RANDOM_LP_06_SYNTHETIC_STU01984,RANDOM_LP_06_SYNTHETIC_0259
RANDOM_LP_06_SYNTHETIC_STU01984,RANDOM_LP_06_SYNTHETIC_0277
RANDOM_LP_06_SYNTHETIC_STU01985,RANDOM_LP_06_SYNTHETIC_0013
RANDOM_LP_06_SYNTHETIC_STU01985,RANDOM_LP_06_SYNTHETIC_0034
RANDOM_LP_06_SYNTHETIC_STU01985,RANDOM_LP_06_SYNTHETIC_0053
RANDOM_LP_06_SYNTHETIC_STU01985,RANDOM_LP_06_SYNTHETIC_0313
RANDOM_LP_06_SYNTHETIC_STU01986,RANDOM_LP_06_SYNTHETIC_0070
RANDOM_LP_06_SYNTHETIC_STU01986,RANDOM_LP_06_SYNTHETIC_0073
RANDOM_LP_06_SYNTHETIC_STU01987,RANDOM_LP_06_SYNTHETIC_0068
RANDOM_LP_06_SYNTHETIC_STU01987,RANDOM_LP_06_SYNTHETIC_0148
RANDOM_LP_06_SYNTHETIC_STU01987,RANDOM_LP_06_SYNTHETIC_0493
RANDOM_LP_06_SYNTHETIC_STU01988,RANDOM_LP_06_SYNTHETIC_0137
RANDOM_LP_06_SYNTHETIC_STU01988,RANDOM_LP_06_SYNTHETIC_0347
RANDOM_LP_06_SYNTHETIC_STU01989,RANDOM_LP_06_SYNTHETIC_0071
RANDOM_LP_06_SYNTHETIC_STU01989,RANDOM_LP_06_SYNTHETIC_0281
RANDOM_LP_06_SYNTHETIC_STU01989,RANDOM_LP_06_SYNTHETIC_0321
RANDOM_LP_06_SYNTHETIC_STU01989,RANDOM_LP_06_SYNTHETIC_0324
RANDOM_LP_06_SYNTHETIC_STU01989,RANDOM_LP_06_SYNTHETIC_0380
RANDOM_LP_06_SYNTHETIC_STU01989,RANDOM_LP_06_SYNTHETIC_0449
RANDOM_LP_06_SYNTHETIC_STU01990,RANDOM_LP_06_SYNTHETIC_0121
RANDOM_LP_06_SYNTHETIC_STU01990,RANDOM_LP_06_SYNTHETIC_0453
RANDOM_LP_06_SYNTHETIC_STU01991,RANDOM_LP_06_SYNTHETIC_0069
RANDOM_LP_06_SYNTHETIC_STU01991,RANDOM_LP_06_SYNTHETIC_0173
RANDOM_LP_06_SYNTHETIC_STU01992,RANDOM_LP_06_SYNTHETIC_0178
RANDOM_LP_06_SYNTHETIC_STU01992,RANDOM_LP_06_SYNTHETIC_0469
RANDOM_LP_06_SYNTHETIC_STU01993,RANDOM_LP_06_SYNTHETIC_0275
RANDOM_LP_06_SYNTHETIC_STU01993,RANDOM_LP_06_SYNTHETIC_0347
RANDOM_LP_06_SYNTHETIC_STU01993,RANDOM_LP_06_SYNTHETIC_0497
RANDOM_LP_06_SYNTHETIC_STU01994,RANDOM_LP_06_SYNTHETIC_0057
RANDOM_LP_06_SYNTHETIC_STU01994,RANDOM_LP_06_SYNTHETIC_0066
RANDOM_LP_06_SYNTHETIC_STU01994,RANDOM_LP_06_SYNTHETIC_0067
RANDOM_LP_06_SYNTHETIC_STU01994,RANDOM_LP_06_SYNTHETIC_0077
RANDOM_LP_06_SYNTHETIC_STU01994,RANDOM_LP_06_SYNTHETIC_0293
RANDOM_LP_06_SYNTHETIC_STU01995,RANDOM_LP_06_SYNTHETIC_0002
RANDOM_LP_06_SYNTHETIC_STU01995,RANDOM_LP_06_SYNTHETIC_0380
RANDOM_LP_06_SYNTHETIC_STU01995,RANDOM_LP_06_SYNTHETIC_0434
RANDOM_LP_06_SYNTHETIC_STU01996,RANDOM_LP_06_SYNTHETIC_0167
RANDOM_LP_06_SYNTHETIC_STU01996,RANDOM_LP_06_SYNTHETIC_0240
RANDOM_LP_06_SYNTHETIC_STU01996,RANDOM_LP_06_SYNTHETIC_0272
RANDOM_LP_06_SYNTHETIC_STU01996,RANDOM_LP_06_SYNTHETIC_0319
RANDOM_LP_06_SYNTHETIC_STU01996,RANDOM_LP_06_SYNTHETIC_0389
RANDOM_LP_06_SYNTHETIC_STU01997,RANDOM_LP_06_SYNTHETIC_0319
RANDOM_LP_06_SYNTHETIC_STU01997,RANDOM_LP_06_SYNTHETIC_0421
RANDOM_LP_06_SYNTHETIC_STU01998,RANDOM_LP_06_SYNTHETIC_0251
RANDOM_LP_06_SYNTHETIC_STU01998,RANDOM_LP_06_SYNTHETIC_0429
RANDOM_LP_06_SYNTHETIC_STU01999,RANDOM_LP_06_SYNTHETIC_0028
RANDOM_LP_06_SYNTHETIC_STU01999,RANDOM_LP_06_SYNTHETIC_0277
RANDOM_LP_06_SYNTHETIC_STU01999,RANDOM_LP_06_SYNTHETIC_0411
RANDOM_LP_06_SYNTHETIC_STU01999,RANDOM_LP_06_SYNTHETIC_0457
RANDOM_LP_06_SYNTHETIC_STU01999,RANDOM_LP_06_SYNTHETIC_0497
RANDOM_LP_06_SYNTHETIC_STU02000,RANDOM_LP_06_SYNTHETIC_0271
RANDOM_LP_06_SYNTHETIC_STU02000,RANDOM_LP_06_SYNTHETIC_0296
RANDOM_LP_06_SYNTHETIC_STU02000,RANDOM_LP_06_SYNTHETIC_0460
RANDOM_LP_06_SYNTHETIC_STU02001,RANDOM_LP_06_SYNTHETIC_0321
RANDOM_LP_06_SYNTHETIC_STU02002,RANDOM_LP_06_SYNTHETIC_0188
RANDOM_LP_06_SYNTHETIC_STU02002,RANDOM_LP_06_SYNTHETIC_0208
RANDOM_LP_06_SYNTHETIC_STU02002,RANDOM_LP_06_SYNTHETIC_0390
RANDOM_LP_06_SYNTHETIC_STU02003,RANDOM_LP_06_SYNTHETIC_0046
RANDOM_LP_06_SYNTHETIC_STU02003,RANDOM_LP_06_SYNTHETIC_0073
RANDOM_LP_06_SYNTHETIC_STU02003,RANDOM_LP_06_SYNTHETIC_0079
RANDOM_LP_06_SYNTHETIC_STU02003,RANDOM_LP_06_SYNTHETIC_0196
RANDOM_LP_06_SYNTHETIC_STU02004,RANDOM_LP_06_SYNTHETIC_0156
RANDOM_LP_06_SYNTHETIC_STU02004,RANDOM_LP_06_SYNTHETIC_0264
RANDOM_LP_06_SYNTHETIC_STU02004,RANDOM_LP_06_SYNTHETIC_0383
RANDOM_LP_06_SYNTHETIC_STU02005,RANDOM_LP_06_SYNTHETIC_0100
RANDOM_LP_06_SYNTHETIC_STU02005,RANDOM_LP_06_SYNTHETIC_0113
RANDOM_LP_06_SYNTHETIC_STU02005,RANDOM_LP_06_SYNTHETIC_0437
RANDOM_LP_06_SYNTHETIC_STU02006,RANDOM_LP_06_SYNTHETIC_0188
RANDOM_LP_06_SYNTHETIC_STU02006,RANDOM_LP_06_SYNTHETIC_0229
RANDOM_LP_06_SYNTHETIC_STU02006,RANDOM_LP_06_SYNTHETIC_0292
RANDOM_LP_06_SYNTHETIC_STU02006,RANDOM_LP_06_SYNTHETIC_0463
RANDOM_LP_06_SYNTHETIC_STU02007,RANDOM_LP_06_SYNTHETIC_0141
RANDOM_LP_06_SYNTHETIC_STU02007,RANDOM_LP_06_SYNTHETIC_0418
RANDOM_LP_06_SYNTHETIC_STU02008,RANDOM_LP_06_SYNTHETIC_0040
RANDOM_LP_06_SYNTHETIC_STU02008,RANDOM_LP_06_SYNTHETIC_0163
RANDOM_LP_06_SYNTHETIC_STU02009,RANDOM_LP_06_SYNTHETIC_0237
RANDOM_LP_06_SYNTHETIC_STU02009,RANDOM_LP_06_SYNTHETIC_0332
RANDOM_LP_06_SYNTHETIC_STU02009,RANDOM_LP_06_SYNTHETIC_0385
RANDOM_LP_06_SYNTHETIC_STU02010,RANDOM_LP_06_SYNTHETIC_0079
RANDOM_LP_06_SYNTHETIC_STU02010,RANDOM_LP_06_SYNTHETIC_0207
RANDOM_LP_06_SYNTHETIC_STU02010,RANDOM_LP_06_SYNTHETIC_0341
RANDOM_LP_06_SYNTHETIC_STU02011,RANDOM_LP_06_SYNTHETIC_0386
RANDOM_LP_06_SYNTHETIC_STU02012,RANDOM_LP_06_SYNTHETIC_0196
RANDOM_LP_06_SYNTHETIC_STU02012,RANDOM_LP_06_SYNTHETIC_0317
RANDOM_LP_06_SYNTHETIC_STU02013,RANDOM_LP_06_SYNTHETIC_0034
RANDOM_LP_06_SYNTHETIC_STU02013,RANDOM_LP_06_SYNTHETIC_0147
RANDOM_LP_06_SYNTHETIC_STU02013,RANDOM_LP_06_SYNTHETIC_0227
RANDOM_LP_06_SYNTHETIC_STU02014,RANDOM_LP_06_SYNTHETIC_0009
RANDOM_LP_06_SYNTHETIC_STU02014,RANDOM_LP_06_SYNTHETIC_0298
RANDOM_LP_06_SYNTHETIC_STU02015,RANDOM_LP_06_SYNTHETIC_0215
RANDOM_LP_06_SYNTHETIC_STU02016,RANDOM_LP_06_SYNTHETIC_0034
RANDOM_LP_06_SYNTHETIC_STU02016,RANDOM_LP_06_SYNTHETIC_0101
RANDOM_LP_06_SYNTHETIC_STU02016,RANDOM_LP_06_SYNTHETIC_0112
RANDOM_LP_06_SYNTHETIC_STU02016,RANDOM_LP_06_SYNTHETIC_0273
RANDOM_LP_06_SYNTHETIC_STU02017,RANDOM_LP_06_SYNTHETIC_0111
RANDOM_LP_06_SYNTHETIC_STU02017,RANDOM_LP_06_SYNTHETIC_0164
RANDOM_LP_06_SYNTHETIC_STU02017,RANDOM_LP_06_SYNTHETIC_0326
RANDOM_LP_06_SYNTHETIC_STU02017,RANDOM_LP_06_SYNTHETIC_0390
RANDOM_LP_06_SYNTHETIC_STU02018,RANDOM_LP_06_SYNTHETIC_0271
RANDOM_LP_06_SYNTHETIC_STU02018,RANDOM_LP_06_SYNTHETIC_0480
RANDOM_LP_06_SYNTHETIC_STU02019,RANDOM_LP_06_SYNTHETIC_0169
RANDOM_LP_06_SYNTHETIC_STU02019,RANDOM_LP_06_SYNTHETIC_0436
RANDOM_LP_06_SYNTHETIC_STU02020,RANDOM_LP_06_SYNTHETIC_0171
RANDOM_LP_06_SYNTHETIC_STU02020,RANDOM_LP_06_SYNTHETIC_0201
RANDOM_LP_06_SYNTHETIC_STU02020,RANDOM_LP_06_SYNTHETIC_0449
RANDOM_LP_06_SYNTHETIC_STU02021,RANDOM_LP_06_SYNTHETIC_0112
RANDOM_LP_06_SYNTHETIC_STU02021,RANDOM_LP_06_SYNTHETIC_0113
RANDOM_LP_06_SYNTHETIC_STU02021,RANDOM_LP_06_SYNTHETIC_0268
RANDOM_LP_06_SYNTHETIC_STU02022,RANDOM_LP_06_SYNTHETIC_0243
RANDOM_LP_06_SYNTHETIC_STU02022,RANDOM_LP_06_SYNTHETIC_0257
RANDOM_LP_06_SYNTHETIC_STU02022,RANDOM_LP_06_SYNTHETIC_0317
RANDOM_LP_06_SYNTHETIC_STU02023,RANDOM_LP_06_SYNTHETIC_0006
RANDOM_LP_06_SYNTHETIC_STU02023,RANDOM_LP_06_SYNTHETIC_0046
RANDOM_LP_06_SYNTHETIC_STU02023,RANDOM_LP_06_SYNTHETIC_0065
RANDOM_LP_06_SYNTHETIC_STU02023,RANDOM_LP_06_SYNTHETIC_0094
RANDOM_LP_06_SYNTHETIC_STU02023,RANDOM_LP_06_SYNTHETIC_0244
RANDOM_LP_06_SYNTHETIC_STU02024,RANDOM_LP_06_SYNTHETIC_0297
RANDOM_LP_06_SYNTHETIC_STU02024,RANDOM_LP_06_SYNTHETIC_0324
RANDOM_LP_06_SYNTHETIC_STU02024,RANDOM_LP_06_SYNTHETIC_0432
RANDOM_LP_06_SYNTHETIC_STU02025,RANDOM_LP_06_SYNTHETIC_0195
RANDOM_LP_06_SYNTHETIC_STU02025,RANDOM_LP_06_SYNTHETIC_0309
RANDOM_LP_06_SYNTHETIC_STU02026,RANDOM_LP_06_SYNTHETIC_0029
RANDOM_LP_06_SYNTHETIC_STU02026,RANDOM_LP_06_SYNTHETIC_0063
RANDOM_LP_06_SYNTHETIC_STU02026,RANDOM_LP_06_SYNTHETIC_0389
RANDOM_LP_06_SYNTHETIC_STU02026,RANDOM_LP_06_SYNTHETIC_0436
RANDOM_LP_06_SYNTHETIC_STU02027,RANDOM_LP_06_SYNTHETIC_0217
RANDOM_LP_06_SYNTHETIC_STU02027,RANDOM_LP_06_SYNTHETIC_0398
RANDOM_LP_06_SYNTHETIC_STU02027,RANDOM_LP_06_SYNTHETIC_0483
RANDOM_LP_06_SYNTHETIC_STU02027,RANDOM_LP_06_SYNTHETIC_0499
RANDOM_LP_06_SYNTHETIC_STU02028,RANDOM_LP_06_SYNTHETIC_0039
RANDOM_LP_06_SYNTHETIC_STU02028,RANDOM_LP_06_SYNTHETIC_0040
RANDOM_LP_06_SYNTHETIC_STU02028,RANDOM_LP_06_SYNTHETIC_0382
RANDOM_LP_06_SYNTHETIC_STU02029,RANDOM_LP_06_SYNTHETIC_0024
RANDOM_LP_06_SYNTHETIC_STU02029,RANDOM_LP_06_SYNTHETIC_0320
RANDOM_LP_06_SYNTHETIC_STU02029,RANDOM_LP_06_SYNTHETIC_0386
RANDOM_LP_06_SYNTHETIC_STU02030,RANDOM_LP_06_SYNTHETIC_0393
RANDOM_LP_06_SYNTHETIC_STU02030,RANDOM_LP_06_SYNTHETIC_0411
RANDOM_LP_06_SYNTHETIC_STU02030,RANDOM_LP_06_SYNTHETIC_0449
RANDOM_LP_06_SYNTHETIC_STU02031,RANDOM_LP_06_SYNTHETIC_0079
RANDOM_LP_06_SYNTHETIC_STU02031,RANDOM_LP_06_SYNTHETIC_0231
RANDOM_LP_06_SYNTHETIC_STU02031,RANDOM_LP_06_SYNTHETIC_0389
RANDOM_LP_06_SYNTHETIC_STU02031,RANDOM_LP_06_SYNTHETIC_0391
RANDOM_LP_06_SYNTHETIC_STU02032,RANDOM_LP_06_SYNTHETIC_0004
RANDOM_LP_06_SYNTHETIC_STU02032,RANDOM_LP_06_SYNTHETIC_0078
RANDOM_LP_06_SYNTHETIC_STU02032,RANDOM_LP_06_SYNTHETIC_0121
RANDOM_LP_06_SYNTHETIC_STU02032,RANDOM_LP_06_SYNTHETIC_0296
RANDOM_LP_06_SYNTHETIC_STU02032,RANDOM_LP_06_SYNTHETIC_0487
RANDOM_LP_06_SYNTHETIC_STU02033,RANDOM_LP_06_SYNTHETIC_0022
RANDOM_LP_06_SYNTHETIC_STU02033,RANDOM_LP_06_SYNTHETIC_0079
RANDOM_LP_06_SYNTHETIC_STU02033,RANDOM_LP_06_SYNTHETIC_0217
RANDOM_LP_06_SYNTHETIC_STU02033,RANDOM_LP_06_SYNTHETIC_0319
RANDOM_LP_06_SYNTHETIC_STU02034,RANDOM_LP_06_SYNTHETIC_0373
RANDOM_LP_06_SYNTHETIC_STU02034,RANDOM_LP_06_SYNTHETIC_0482
RANDOM_LP_06_SYNTHETIC_STU02035,RANDOM_LP_06_SYNTHETIC_0099
RANDOM_LP_06_SYNTHETIC_STU02035,RANDOM_LP_06_SYNTHETIC_0317
RANDOM_LP_06_SYNTHETIC_STU02035,RANDOM_LP_06_SYNTHETIC_0413
RANDOM_LP_06_SYNTHETIC_STU02035,RANDOM_LP_06_SYNTHETIC_0435
RANDOM_LP_06_SYNTHETIC_STU02036,RANDOM_LP_06_SYNTHETIC_0079
RANDOM_LP_06_SYNTHETIC_STU02036,RANDOM_LP_06_SYNTHETIC_0089
RANDOM_LP_06_SYNTHETIC_STU02036,RANDOM_LP_06_SYNTHETIC_0126
RANDOM_LP_06_SYNTHETIC_STU02036,RANDOM_LP_06_SYNTHETIC_0381
RANDOM_LP_06_SYNTHETIC_STU02037,RANDOM_LP_06_SYNTHETIC_0137
RANDOM_LP_06_SYNTHETIC_STU02037,RANDOM_LP_06_SYNTHETIC_0140
RANDOM_LP_06_SYNTHETIC_STU02037,RANDOM_LP_06_SYNTHETIC_0315
RANDOM_LP_06_SYNTHETIC_STU02037,RANDOM_LP_06_SYNTHETIC_0401
RANDOM_LP_06_SYNTHETIC_STU02038,RANDOM_LP_06_SYNTHETIC_0140
RANDOM_LP_06_SYNTHETIC_STU02038,RANDOM_LP_06_SYNTHETIC_0480
RANDOM_LP_06_SYNTHETIC_STU02039,RANDOM_LP_06_SYNTHETIC_0048
RANDOM_LP_06_SYNTHETIC_STU02039,RANDOM_LP_06_SYNTHETIC_0169
RANDOM_LP_06_SYNTHETIC_STU02040,RANDOM_LP_06_SYNTHETIC_0057
RANDOM_LP_06_SYNTHETIC_STU02040,RANDOM_LP_06_SYNTHETIC_0282
RANDOM_LP_06_SYNTHETIC_STU02041,RANDOM_LP_06_SYNTHETIC_0369
RANDOM_LP_06_SYNTHETIC_STU02041,RANDOM_LP_06_SYNTHETIC_0436
RANDOM_LP_06_SYNTHETIC_STU02042,RANDOM_LP_06_SYNTHETIC_0079
RANDOM_LP_06_SYNTHETIC_STU02042,RANDOM_LP_06_SYNTHETIC_0134
RANDOM_LP_06_SYNTHETIC_STU02042,RANDOM_LP_06_SYNTHETIC_0201
RANDOM_LP_06_SYNTHETIC_STU02042,RANDOM_LP_06_SYNTHETIC_0260
RANDOM_LP_06_SYNTHETIC_STU02043,RANDOM_LP_06_SYNTHETIC_0203
RANDOM_LP_06_SYNTHETIC_STU02043,RANDOM_LP_06_SYNTHETIC_0402
RANDOM_LP_06_SYNTHETIC_STU02044,RANDOM_LP_06_SYNTHETIC_0045
RANDOM_LP_06_SYNTHETIC_STU02044,RANDOM_LP_06_SYNTHETIC_0108
RANDOM_LP_06_SYNTHETIC_STU02044,RANDOM_LP_06_SYNTHETIC_0340
RANDOM_LP_06_SYNTHETIC_STU02045,RANDOM_LP_06_SYNTHETIC_0182
RANDOM_LP_06_SYNTHETIC_STU02045,RANDOM_LP_06_SYNTHETIC_0184
RANDOM_LP_06_SYNTHETIC_STU02045,RANDOM_LP_06_SYNTHETIC_0311
RANDOM_LP_06_SYNTHETIC_STU02046,RANDOM_LP_06_SYNTHETIC_0028
RANDOM_LP_06_SYNTHETIC_STU02046,RANDOM_LP_06_SYNTHETIC_0102
RANDOM_LP_06_SYNTHETIC_STU02046,RANDOM_LP_06_SYNTHETIC_0117
RANDOM_LP_06_SYNTHETIC_STU02046,RANDOM_LP_06_SYNTHETIC_0334
RANDOM_LP_06_SYNTHETIC_STU02046,RANDOM_LP_06_SYNTHETIC_0482
RANDOM_LP_06_SYNTHETIC_STU02047,RANDOM_LP_06_SYNTHETIC_0074
RANDOM_LP_06_SYNTHETIC_STU02047,RANDOM_LP_06_SYNTHETIC_0340
RANDOM_LP_06_SYNTHETIC_STU02047,RANDOM_LP_06_SYNTHETIC_0389
RANDOM_LP_06_SYNTHETIC_STU02047,RANDOM_LP_06_SYNTHETIC_0497
RANDOM_LP_06_SYNTHETIC_STU02048,RANDOM_LP_06_SYNTHETIC_0079
RANDOM_LP_06_SYNTHETIC_STU02048,RANDOM_LP_06_SYNTHETIC_0234
RANDOM_LP_06_SYNTHETIC_STU02048,RANDOM_LP_06_SYNTHETIC_0335
RANDOM_LP_06_SYNTHETIC_STU02049,RANDOM_LP_06_SYNTHETIC_0013
RANDOM_LP_06_SYNTHETIC_STU02049,RANDOM_LP_06_SYNTHETIC_0115
RANDOM_LP_06_SYNTHETIC_STU02049,RANDOM_LP_06_SYNTHETIC_0333
RANDOM_LP_06_SYNTHETIC_STU02050,RANDOM_LP_06_SYNTHETIC_0125
RANDOM_LP_06_SYNTHETIC_STU02050,RANDOM_LP_06_SYNTHETIC_0158
RANDOM_LP_06_SYNTHETIC_STU02050,RANDOM_LP_06_SYNTHETIC_0178
RANDOM_LP_06_SYNTHETIC_STU02050,RANDOM_LP_06_SYNTHETIC_0482
RANDOM_LP_06_SYNTHETIC_STU02051,RANDOM_LP_06_SYNTHETIC_0208
RANDOM_LP_06_SYNTHETIC_STU02051,RANDOM_LP_06_SYNTHETIC_0318
RANDOM_LP_06_SYNTHETIC_STU02051,RANDOM_LP_06_SYNTHETIC_0363
RANDOM_LP_06_SYNTHETIC_STU02052,RANDOM_LP_06_SYNTHETIC_0109
RANDOM_LP_06_SYNTHETIC_STU02052,RANDOM_LP_06_SYNTHETIC_0112
RANDOM_LP_06_SYNTHETIC_STU02052,RANDOM_LP_06_SYNTHETIC_0488
RANDOM_LP_06_SYNTHETIC_STU02053,RANDOM_LP_06_SYNTHETIC_0103
RANDOM_LP_06_SYNTHETIC_STU02053,RANDOM_LP_06_SYNTHETIC_0174
RANDOM_LP_06_SYNTHETIC_STU02054,RANDOM_LP_06_SYNTHETIC_0052
RANDOM_LP_06_SYNTHETIC_STU02054,RANDOM_LP_06_SYNTHETIC_0313
RANDOM_LP_06_SYNTHETIC_STU02055,RANDOM_LP_06_SYNTHETIC_0023
RANDOM_LP_06_SYNTHETIC_STU02055,RANDOM_LP_06_SYNTHETIC_0150
RANDOM_LP_06_SYNTHETIC_STU02055,RANDOM_LP_06_SYNTHETIC_0197
RANDOM_LP_06_SYNTHETIC_STU02055,RANDOM_LP_06_SYNTHETIC_0452
RANDOM_LP_06_SYNTHETIC_STU02056,RANDOM_LP_06_SYNTHETIC_0196
RANDOM_LP_06_SYNTHETIC_STU02056,RANDOM_LP_06_SYNTHETIC_0222
RANDOM_LP_06_SYNTHETIC_STU02056,RANDOM_LP_06_SYNTHETIC_0418
RANDOM_LP_06_SYNTHETIC_STU02057,RANDOM_LP_06_SYNTHETIC_0048
RANDOM_LP_06_SYNTHETIC_STU02057,RANDOM_LP_06_SYNTHETIC_0055
RANDOM_LP_06_SYNTHETIC_STU02057,RANDOM_LP_06_SYNTHETIC_0062
RANDOM_LP_06_SYNTHETIC_STU02057,RANDOM_LP_06_SYNTHETIC_0164
RANDOM_LP_06_SYNTHETIC_STU02057,RANDOM_LP_06_SYNTHETIC_0181
RANDOM_LP_06_SYNTHETIC_STU02058,RANDOM_LP_06_SYNTHETIC_0040
RANDOM_LP_06_SYNTHETIC_STU02058,RANDOM_LP_06_SYNTHETIC_0100
RANDOM_LP_06_SYNTHETIC_STU02058,RANDOM_LP_06_SYNTHETIC_0196
RANDOM_LP_06_SYNTHETIC_STU02058,RANDOM_LP_06_SYNTHETIC_0218
RANDOM_LP_06_SYNTHETIC_STU02058,RANDOM_LP_06_SYNTHETIC_0389
RANDOM_LP_06_SYNTHETIC_STU02059,RANDOM_LP_06_SYNTHETIC_0040
RANDOM_LP_06_SYNTHETIC_STU02059,RANDOM_LP_06_SYNTHETIC_0206
RANDOM_LP_06_SYNTHETIC_STU02059,RANDOM_LP_06_SYNTHETIC_0422
RANDOM_LP_06_SYNTHETIC_STU02060,RANDOM_LP_06_SYNTHETIC_0034
RANDOM_LP_06_SYNTHETIC_STU02060,RANDOM_LP_06_SYNTHETIC_0178
RANDOM_LP_06_SYNTHETIC_STU02060,RANDOM_LP_06_SYNTHETIC_0454
RANDOM_LP_06_SYNTHETIC_STU02060,RANDOM_LP_06_SYNTHETIC_0469
RANDOM_LP_06_SYNTHETIC_STU02061,RANDOM_LP_06_SYNTHETIC_0410
RANDOM_LP_06_SYNTHETIC_STU02061,RANDOM_LP_06_SYNTHETIC_0417
RANDOM_LP_06_SYNTHETIC_STU02062,RANDOM_LP_06_SYNTHETIC_0119
RANDOM_LP_06_SYNTHETIC_STU02062,RANDOM_LP_06_SYNTHETIC_0240
RANDOM_LP_06_SYNTHETIC_STU02062,RANDOM_LP_06_SYNTHETIC_0471
RANDOM_LP_06_SYNTHETIC_STU02063,RANDOM_LP_06_SYNTHETIC_0218
RANDOM_LP_06_SYNTHETIC_STU02063,RANDOM_LP_06_SYNTHETIC_0318
RANDOM_LP_06_SYNTHETIC_STU02064,RANDOM_LP_06_SYNTHETIC_0244
RANDOM_LP_06_SYNTHETIC_STU02064,RANDOM_LP_06_SYNTHETIC_0389
RANDOM_LP_06_SYNTHETIC_STU02065,RANDOM_LP_06_SYNTHETIC_0480
RANDOM_LP_06_SYNTHETIC_STU02066,RANDOM_LP_06_SYNTHETIC_0029
RANDOM_LP_06_SYNTHETIC_STU02066,RANDOM_LP_06_SYNTHETIC_0144
RANDOM_LP_06_SYNTHETIC_STU02067,RANDOM_LP_06_SYNTHETIC_0028
RANDOM_LP_06_SYNTHETIC_STU02067,RANDOM_LP_06_SYNTHETIC_0167
RANDOM_LP_06_SYNTHETIC_STU02067,RANDOM_LP_06_SYNTHETIC_0237
RANDOM_LP_06_SYNTHETIC_STU02067,RANDOM_LP_06_SYNTHETIC_0329
RANDOM_LP_06_SYNTHETIC_STU02068,RANDOM_LP_06_SYNTHETIC_0118
RANDOM_LP_06_SYNTHETIC_STU02068,RANDOM_LP_06_SYNTHETIC_0236
RANDOM_LP_06_SYNTHETIC_STU02068,RANDOM_LP_06_SYNTHETIC_0341
RANDOM_LP_06_SYNTHETIC_STU02069,RANDOM_LP_06_SYNTHETIC_0013
RANDOM_LP_06_SYNTHETIC_STU02069,RANDOM_LP_06_SYNTHETIC_0214
RANDOM_LP_06_SYNTHETIC_STU02069,RANDOM_LP_06_SYNTHETIC_0337
RANDOM_LP_06_SYNTHETIC_STU02070,RANDOM_LP_06_SYNTHETIC_0323
RANDOM_LP_06_SYNTHETIC_STU02070,RANDOM_LP_06_SYNTHETIC_0379
RANDOM_LP_06_SYNTHETIC_STU02071,RANDOM_LP_06_SYNTHETIC_0111
RANDOM_LP_06_SYNTHETIC_STU02071,RANDOM_LP_06_SYNTHETIC_0178
RANDOM_LP_06_SYNTHETIC_STU02071,RANDOM_LP_06_SYNTHETIC_0204
RANDOM_LP_06_SYNTHETIC_STU02071,RANDOM_LP_06_SYNTHETIC_0405
RANDOM_LP_06_SYNTHETIC_STU02072,RANDOM_LP_06_SYNTHETIC_0349
RANDOM_LP_06_SYNTHETIC_STU02072,RANDOM_LP_06_SYNTHETIC_0412
RANDOM_LP_06_SYNTHETIC_STU02073,RANDOM_LP_06_SYNTHETIC_0113
RANDOM_LP_06_SYNTHETIC_STU02073,RANDOM_LP_06_SYNTHETIC_0318
RANDOM_LP_06_SYNTHETIC_STU02073,RANDOM_LP_06_SYNTHETIC_0493
RANDOM_LP_06_SYNTHETIC_STU02074,RANDOM_LP_06_SYNTHETIC_0005
RANDOM_LP_06_SYNTHETIC_STU02074,RANDOM_LP_06_SYNTHETIC_0176
RANDOM_LP_06_SYNTHETIC_STU02074,RANDOM_LP_06_SYNTHETIC_0375
RANDOM_LP_06_SYNTHETIC_STU02074,RANDOM_LP_06_SYNTHETIC_0479
RANDOM_LP_06_SYNTHETIC_STU02075,RANDOM_LP_06_SYNTHETIC_0028
RANDOM_LP_06_SYNTHETIC_STU02075,RANDOM_LP_06_SYNTHETIC_0069
RANDOM_LP_06_SYNTHETIC_STU02075,RANDOM_LP_06_SYNTHETIC_0329
RANDOM_LP_06_SYNTHETIC_STU02075,RANDOM_LP_06_SYNTHETIC_0425
RANDOM_LP_06_SYNTHETIC_STU02076,RANDOM_LP_06_SYNTHETIC_0324
RANDOM_LP_06_SYNTHETIC_STU02076,RANDOM_LP_06_SYNTHETIC_0491
RANDOM_LP_06_SYNTHETIC_STU02077,RANDOM_LP_06_SYNTHETIC_0266
RANDOM_LP_06_SYNTHETIC_STU02077,RANDOM_LP_06_SYNTHETIC_0270
RANDOM_LP_06_SYNTHETIC_STU02077,RANDOM_LP_06_SYNTHETIC_0288
RANDOM_LP_06_SYNTHETIC_STU02078,RANDOM_LP_06_SYNTHETIC_0174
RANDOM_LP_06_SYNTHETIC_STU02078,RANDOM_LP_06_SYNTHETIC_0435
RANDOM_LP_06_SYNTHETIC_STU02079,RANDOM_LP_06_SYNTHETIC_0249
RANDOM_LP_06_SYNTHETIC_STU02079,RANDOM_LP_06_SYNTHETIC_0423
RANDOM_LP_06_SYNTHETIC_STU02080,RANDOM_LP_06_SYNTHETIC_0066
RANDOM_LP_06_SYNTHETIC_STU02080,RANDOM_LP_06_SYNTHETIC_0151
RANDOM_LP_06_SYNTHETIC_STU02080,RANDOM_LP_06_SYNTHETIC_0257
RANDOM_LP_06_SYNTHETIC_STU02081,RANDOM_LP_06_SYNTHETIC_0047
RANDOM_LP_06_SYNTHETIC_STU02081,RANDOM_LP_06_SYNTHETIC_0116
RANDOM_LP_06_SYNTHETIC_STU02081,RANDOM_LP_06_SYNTHETIC_0249
RANDOM_LP_06_SYNTHETIC_STU02081,RANDOM_LP_06_SYNTHETIC_0275
RANDOM_LP_06_SYNTHETIC_STU02082,RANDOM_LP_06_SYNTHETIC_0131
RANDOM_LP_06_SYNTHETIC_STU02082,RANDOM_LP_06_SYNTHETIC_0208
RANDOM_LP_06_SYNTHETIC_STU02082,RANDOM_LP_06_SYNTHETIC_0357
RANDOM_LP_06_SYNTHETIC_STU02083,RANDOM_LP_06_SYNTHETIC_0296
RANDOM_LP_06_SYNTHETIC_STU02083,RANDOM_LP_06_SYNTHETIC_0372
RANDOM_LP_06_SYNTHETIC_STU02084,RANDOM_LP_06_SYNTHETIC_0001
RANDOM_LP_06_SYNTHETIC_STU02084,RANDOM_LP_06_SYNTHETIC_0178
RANDOM_LP_06_SYNTHETIC_STU02085,RANDOM_LP_06_SYNTHETIC_0040
RANDOM_LP_06_SYNTHETIC_STU02085,RANDOM_LP_06_SYNTHETIC_0245
RANDOM_LP_06_SYNTHETIC_STU02085,RANDOM_LP_06_SYNTHETIC_0497
RANDOM_LP_06_SYNTHETIC_STU02086,RANDOM_LP_06_SYNTHETIC_0431
RANDOM_LP_06_SYNTHETIC_STU02087,RANDOM_LP_06_SYNTHETIC_0122
RANDOM_LP_06_SYNTHETIC_STU02087,RANDOM_LP_06_SYNTHETIC_0165
RANDOM_LP_06_SYNTHETIC_STU02087,RANDOM_LP_06_SYNTHETIC_0231
RANDOM_LP_06_SYNTHETIC_STU02088,RANDOM_LP_06_SYNTHETIC_0454
RANDOM_LP_06_SYNTHETIC_STU02089,RANDOM_LP_06_SYNTHETIC_0361
RANDOM_LP_06_SYNTHETIC_STU02089,RANDOM_LP_06_SYNTHETIC_0380
RANDOM_LP_06_SYNTHETIC_STU02089,RANDOM_LP_06_SYNTHETIC_0465
RANDOM_LP_06_SYNTHETIC_STU02089,RANDOM_LP_06_SYNTHETIC_0476
RANDOM_LP_06_SYNTHETIC_STU02090,RANDOM_LP_06_SYNTHETIC_0491
RANDOM_LP_06_SYNTHETIC_STU02091,RANDOM_LP_06_SYNTHETIC_0010
RANDOM_LP_06_SYNTHETIC_STU02091,RANDOM_LP_06_SYNTHETIC_0178
RANDOM_LP_06_SYNTHETIC_STU02091,RANDOM_LP_06_SYNTHETIC_0249
RANDOM_LP_06_SYNTHETIC_STU02092,RANDOM_LP_06_SYNTHETIC_0040
RANDOM_LP_06_SYNTHETIC_STU02092,RANDOM_LP_06_SYNTHETIC_0044
RANDOM_LP_06_SYNTHETIC_STU02092,RANDOM_LP_06_SYNTHETIC_0048
RANDOM_LP_06_SYNTHETIC_STU02092,RANDOM_LP_06_SYNTHETIC_0113
RANDOM_LP_06_SYNTHETIC_STU02093,RANDOM_LP_06_SYNTHETIC_0004
RANDOM_LP_06_SYNTHETIC_STU02093,RANDOM_LP_06_SYNTHETIC_0062
RANDOM_LP_06_SYNTHETIC_STU02093,RANDOM_LP_06_SYNTHETIC_0165
RANDOM_LP_06_SYNTHETIC_STU02094,RANDOM_LP_06_SYNTHETIC_0196
RANDOM_LP_06_SYNTHETIC_STU02094,RANDOM_LP_06_SYNTHETIC_0268
RANDOM_LP_06_SYNTHETIC_STU02094,RANDOM_LP_06_SYNTHETIC_0448
RANDOM_LP_06_SYNTHETIC_STU02094,RANDOM_LP_06_SYNTHETIC_0497
RANDOM_LP_06_SYNTHETIC_STU02094,RANDOM_LP_06_SYNTHETIC_0498
RANDOM_LP_06_SYNTHETIC_STU02095,RANDOM_LP_06_SYNTHETIC_0280
RANDOM_LP_06_SYNTHETIC_STU02095,RANDOM_LP_06_SYNTHETIC_0457
RANDOM_LP_06_SYNTHETIC_STU02096,RANDOM_LP_06_SYNTHETIC_0103
RANDOM_LP_06_SYNTHETIC_STU02096,RANDOM_LP_06_SYNTHETIC_0337
RANDOM_LP_06_SYNTHETIC_STU02097,RANDOM_LP_06_SYNTHETIC_0011
RANDOM_LP_06_SYNTHETIC_STU02097,RANDOM_LP_06_SYNTHETIC_0146
RANDOM_LP_06_SYNTHETIC_STU02097,RANDOM_LP_06_SYNTHETIC_0343
RANDOM_LP_06_SYNTHETIC_STU02097,RANDOM_LP_06_SYNTHETIC_0496
RANDOM_LP_06_SYNTHETIC_STU02098,RANDOM_LP_06_SYNTHETIC_0079
RANDOM_LP_06_SYNTHETIC_STU02098,RANDOM_LP_06_SYNTHETIC_0285
RANDOM_LP_06_SYNTHETIC_STU02098,RANDOM_LP_06_SYNTHETIC_0380
RANDOM_LP_06_SYNTHETIC_STU02099,RANDOM_LP_06_SYNTHETIC_0112
RANDOM_LP_06_SYNTHETIC_STU02099,RANDOM_LP_06_SYNTHETIC_0327
RANDOM_LP_06_SYNTHETIC_STU02099,RANDOM_LP_06_SYNTHETIC_0493
RANDOM_LP_06_SYNTHETIC_STU02100,RANDOM_LP_06_SYNTHETIC_0012
RANDOM_LP_06_SYNTHETIC_STU02100,RANDOM_LP_06_SYNTHETIC_0290
RANDOM_LP_06_SYNTHETIC_STU02100,RANDOM_LP_06_SYNTHETIC_0497
RANDOM_LP_06_SYNTHETIC_STU02101,RANDOM_LP_06_SYNTHETIC_0103
RANDOM_LP_06_SYNTHETIC_STU02101,RANDOM_LP_06_SYNTHETIC_0410
RANDOM_LP_06_SYNTHETIC_STU02102,RANDOM_LP_06_SYNTHETIC_0040
RANDOM_LP_06_SYNTHETIC_STU02102,RANDOM_LP_06_SYNTHETIC_0141
RANDOM_LP_06_SYNTHETIC_STU02102,RANDOM_LP_06_SYNTHETIC_0175
RANDOM_LP_06_SYNTHETIC_STU02102,RANDOM_LP_06_SYNTHETIC_0206
RANDOM_LP_06_SYNTHETIC_STU02102,RANDOM_LP_06_SYNTHETIC_0408
RANDOM_LP_06_SYNTHETIC_STU02102,RANDOM_LP_06_SYNTHETIC_0469
RANDOM_LP_06_SYNTHETIC_STU02103,RANDOM_LP_06_SYNTHETIC_0078
RANDOM_LP_06_SYNTHETIC_STU02103,RANDOM_LP_06_SYNTHETIC_0206
RANDOM_LP_06_SYNTHETIC_STU02103,RANDOM_LP_06_SYNTHETIC_0229
RANDOM_LP_06_SYNTHETIC_STU02103,RANDOM_LP_06_SYNTHETIC_0267
RANDOM_LP_06_SYNTHETIC_STU02103,RANDOM_LP_06_SYNTHETIC_0318
RANDOM_LP_06_SYNTHETIC_STU02103,RANDOM_LP_06_SYNTHETIC_0347
RANDOM_LP_06_SYNTHETIC_STU02104,RANDOM_LP_06_SYNTHETIC_0233
RANDOM_LP_06_SYNTHETIC_STU02104,RANDOM_LP_06_SYNTHETIC_0341
RANDOM_LP_06_SYNTHETIC_STU02104,RANDOM_LP_06_SYNTHETIC_0410
RANDOM_LP_06_SYNTHETIC_STU02105,RANDOM_LP_06_SYNTHETIC_0068
RANDOM_LP_06_SYNTHETIC_STU02105,RANDOM_LP_06_SYNTHETIC_0071
RANDOM_LP_06_SYNTHETIC_STU02106,RANDOM_LP_06_SYNTHETIC_0432
RANDOM_LP_06_SYNTHETIC_STU02106,RANDOM_LP_06_SYNTHETIC_0486
RANDOM_LP_06_SYNTHETIC_STU02107,RANDOM_LP_06_SYNTHETIC_0295
RANDOM_LP_06_SYNTHETIC_STU02108,RANDOM_LP_06_SYNTHETIC_0079
RANDOM_LP_06_SYNTHETIC_STU02108,RANDOM_LP_06_SYNTHETIC_0198
RANDOM_LP_06_SYNTHETIC_STU02108,RANDOM_LP_06_SYNTHETIC_0244
RANDOM_LP_06_SYNTHETIC_STU02108,RANDOM_LP_06_SYNTHETIC_0395
RANDOM_LP_06_SYNTHETIC_STU02108,RANDOM_LP_06_SYNTHETIC_0404
RANDOM_LP_06_SYNTHETIC_STU02108,RANDOM_LP_06_SYNTHETIC_0416
RANDOM_LP_06_SYNTHETIC_STU02109,RANDOM_LP_06_SYNTHETIC_0002
RANDOM_LP_06_SYNTHETIC_STU02109,RANDOM_LP_06_SYNTHETIC_0190
RANDOM_LP_06_SYNTHETIC_STU02109,RANDOM_LP_06_SYNTHETIC_0268
RANDOM_LP_06_SYNTHETIC_STU02110,RANDOM_LP_06_SYNTHETIC_0034
RANDOM_LP_06_SYNTHETIC_STU02110,RANDOM_LP_06_SYNTHETIC_0049
RANDOM_LP_06_SYNTHETIC_STU02110,RANDOM_LP_06_SYNTHETIC_0130
RANDOM_LP_06_SYNTHETIC_STU02110,RANDOM_LP_06_SYNTHETIC_0398
RANDOM_LP_06_SYNTHETIC_STU02111,RANDOM_LP_06_SYNTHETIC_0169
RANDOM_LP_06_SYNTHETIC_STU02111,RANDOM_LP_06_SYNTHETIC_0361
RANDOM_LP_06_SYNTHETIC_STU02111,RANDOM_LP_06_SYNTHETIC_0423
RANDOM_LP_06_SYNTHETIC_STU02112,RANDOM_LP_06_SYNTHETIC_0182
RANDOM_LP_06_SYNTHETIC_STU02112,RANDOM_LP_06_SYNTHETIC_0367
RANDOM_LP_06_SYNTHETIC_STU02113,RANDOM_LP_06_SYNTHETIC_0120
RANDOM_LP_06_SYNTHETIC_STU02113,RANDOM_LP_06_SYNTHETIC_0159
RANDOM_LP_06_SYNTHETIC_STU02113,RANDOM_LP_06_SYNTHETIC_0266
RANDOM_LP_06_SYNTHETIC_STU02114,RANDOM_LP_06_SYNTHETIC_0414
RANDOM_LP_06_SYNTHETIC_STU02114,RANDOM_LP_06_SYNTHETIC_0442
RANDOM_LP_06_SYNTHETIC_STU02114,RANDOM_LP_06_SYNTHETIC_0449
RANDOM_LP_06_SYNTHETIC_STU02115,RANDOM_LP_06_SYNTHETIC_0003
RANDOM_LP_06_SYNTHETIC_STU02115,RANDOM_LP_06_SYNTHETIC_0158
RANDOM_LP_06_SYNTHETIC_STU02115,RANDOM_LP_06_SYNTHETIC_0275
RANDOM_LP_06_SYNTHETIC_STU02115,RANDOM_LP_06_SYNTHETIC_0492
RANDOM_LP_06_SYNTHETIC_STU02116,RANDOM_LP_06_SYNTHETIC_0037
RANDOM_LP_06_SYNTHETIC_STU02116,RANDOM_LP_06_SYNTHETIC_0050
RANDOM_LP_06_SYNTHETIC_STU02116,RANDOM_LP_06_SYNTHETIC_0137
RANDOM_LP_06_SYNTHETIC_STU02116,RANDOM_LP_06_SYNTHETIC_0184
RANDOM_LP_06_SYNTHETIC_STU02116,RANDOM_LP_06_SYNTHETIC_0203
RANDOM_LP_06_SYNTHETIC_STU02116,RANDOM_LP_06_SYNTHETIC_0235
RANDOM_LP_06_SYNTHETIC_STU02117,RANDOM_LP_06_SYNTHETIC_0062
RANDOM_LP_06_SYNTHETIC_STU02118,RANDOM_LP_06_SYNTHETIC_0133
RANDOM_LP_06_SYNTHETIC_STU02119,RANDOM_LP_06_SYNTHETIC_0165
RANDOM_LP_06_SYNTHETIC_STU02119,RANDOM_LP_06_SYNTHETIC_0265
RANDOM_LP_06_SYNTHETIC_STU02119,RANDOM_LP_06_SYNTHETIC_0413
RANDOM_LP_06_SYNTHETIC_STU02119,RANDOM_LP_06_SYNTHETIC_0438
RANDOM_LP_06_SYNTHETIC_STU02120,RANDOM_LP_06_SYNTHETIC_0099
RANDOM_LP_06_SYNTHETIC_STU02120,RANDOM_LP_06_SYNTHETIC_0348
RANDOM_LP_06_SYNTHETIC_STU02120,RANDOM_LP_06_SYNTHETIC_0358
RANDOM_LP_06_SYNTHETIC_STU02120,RANDOM_LP_06_SYNTHETIC_0453
RANDOM_LP_06_SYNTHETIC_STU02120,RANDOM_LP_06_SYNTHETIC_0459
RANDOM_LP_06_SYNTHETIC_STU02121,RANDOM_LP_06_SYNTHETIC_0079
RANDOM_LP_06_SYNTHETIC_STU02121,RANDOM_LP_06_SYNTHETIC_0110
RANDOM_LP_06_SYNTHETIC_STU02121,RANDOM_LP_06_SYNTHETIC_0122
RANDOM_LP_06_SYNTHETIC_STU02122,RANDOM_LP_06_SYNTHETIC_0028
RANDOM_LP_06_SYNTHETIC_STU02122,RANDOM_LP_06_SYNTHETIC_0041
RANDOM_LP_06_SYNTHETIC_STU02122,RANDOM_LP_06_SYNTHETIC_0121
RANDOM_LP_06_SYNTHETIC_STU02123,RANDOM_LP_06_SYNTHETIC_0100
RANDOM_LP_06_SYNTHETIC_STU02123,RANDOM_LP_06_SYNTHETIC_0140
RANDOM_LP_06_SYNTHETIC_STU02123,RANDOM_LP_06_SYNTHETIC_0421
RANDOM_LP_06_SYNTHETIC_STU02124,RANDOM_LP_06_SYNTHETIC_0337
RANDOM_LP_06_SYNTHETIC_STU02124,RANDOM_LP_06_SYNTHETIC_0404
RANDOM_LP_06_SYNTHETIC_STU02124,RANDOM_LP_06_SYNTHETIC_0455
RANDOM_LP_06_SYNTHETIC_STU02125,RANDOM_LP_06_SYNTHETIC_0268
RANDOM_LP_06_SYNTHETIC_STU02125,RANDOM_LP_06_SYNTHETIC_0319
RANDOM_LP_06_SYNTHETIC_STU02125,RANDOM_LP_06_SYNTHETIC_0351
RANDOM_LP_06_SYNTHETIC_STU02126,RANDOM_LP_06_SYNTHETIC_0172
RANDOM_LP_06_SYNTHETIC_STU02126,RANDOM_LP_06_SYNTHETIC_0206
RANDOM_LP_06_SYNTHETIC_STU02126,RANDOM_LP_06_SYNTHETIC_0372
RANDOM_LP_06_SYNTHETIC_STU02126,RANDOM_LP_06_SYNTHETIC_0428
RANDOM_LP_06_SYNTHETIC_STU02126,RANDOM_LP_06_SYNTHETIC_0457
RANDOM_LP_06_SYNTHETIC_STU02127,RANDOM_LP_06_SYNTHETIC_0121
RANDOM_LP_06_SYNTHETIC_STU02127,RANDOM_LP_06_SYNTHETIC_0226
RANDOM_LP_06_SYNTHETIC_STU02127,RANDOM_LP_06_SYNTHETIC_0320
RANDOM_LP_06_SYNTHETIC_STU02128,RANDOM_LP_06_SYNTHETIC_0115
RANDOM_LP_06_SYNTHETIC_STU02128,RANDOM_LP_06_SYNTHETIC_0144
RANDOM_LP_06_SYNTHETIC_STU02129,RANDOM_LP_06_SYNTHETIC_0057
RANDOM_LP_06_SYNTHETIC_STU02129,RANDOM_LP_06_SYNTHETIC_0079
RANDOM_LP_06_SYNTHETIC_STU02129,RANDOM_LP_06_SYNTHETIC_0369
RANDOM_LP_06_SYNTHETIC_STU02129,RANDOM_LP_06_SYNTHETIC_0494
RANDOM_LP_06_SYNTHETIC_STU02130,RANDOM_LP_06_SYNTHETIC_0379
RANDOM_LP_06_SYNTHETIC_STU02130,RANDOM_LP_06_SYNTHETIC_0459
RANDOM_LP_06_SYNTHETIC_STU02131,RANDOM_LP_06_SYNTHETIC_0159
RANDOM_LP_06_SYNTHETIC_STU02131,RANDOM_LP_06_SYNTHETIC_0496
RANDOM_LP_06_SYNTHETIC_STU02132,RANDOM_LP_06_SYNTHETIC_0195
RANDOM_LP_06_SYNTHETIC_STU02132,RANDOM_LP_06_SYNTHETIC_0281
RANDOM_LP_06_SYNTHETIC_STU02132,RANDOM_LP_06_SYNTHETIC_0383
RANDOM_LP_06_SYNTHETIC_STU02132,RANDOM_LP_06_SYNTHETIC_0423
RANDOM_LP_06_SYNTHETIC_STU02132,RANDOM_LP_06_SYNTHETIC_0452
RANDOM_LP_06_SYNTHETIC_STU02133,RANDOM_LP_06_SYNTHETIC_0133
RANDOM_LP_06_SYNTHETIC_STU02133,RANDOM_LP_06_SYNTHETIC_0196
RANDOM_LP_06_SYNTHETIC_STU02133,RANDOM_LP_06_SYNTHETIC_0438
RANDOM_LP_06_SYNTHETIC_STU02133,RANDOM_LP_06_SYNTHETIC_0449
RANDOM_LP_06_SYNTHETIC_STU02134,RANDOM_LP_06_SYNTHETIC_0018
RANDOM_LP_06_SYNTHETIC_STU02134,RANDOM_LP_06_SYNTHETIC_0037
RANDOM_LP_06_SYNTHETIC_STU02134,RANDOM_LP_06_SYNTHETIC_0409
RANDOM_LP_06_SYNTHETIC_STU02135,RANDOM_LP_06_SYNTHETIC_0214
RANDOM_LP_06_SYNTHETIC_STU02135,RANDOM_LP_06_SYNTHETIC_0256
RANDOM_LP_06_SYNTHETIC_STU02135,RANDOM_LP_06_SYNTHETIC_0344
RANDOM_LP_06_SYNTHETIC_STU02136,RANDOM_LP_06_SYNTHETIC_0121
RANDOM_LP_06_SYNTHETIC_STU02136,RANDOM_LP_06_SYNTHETIC_0410
RANDOM_LP_06_SYNTHETIC_STU02136,RANDOM_LP_06_SYNTHETIC_0464
RANDOM_LP_06_SYNTHETIC_STU02137,RANDOM_LP_06_SYNTHETIC_0043
RANDOM_LP_06_SYNTHETIC_STU02137,RANDOM_LP_06_SYNTHETIC_0088
RANDOM_LP_06_SYNTHETIC_STU02137,RANDOM_LP_06_SYNTHETIC_0146
RANDOM_LP_06_SYNTHETIC_STU02138,RANDOM_LP_06_SYNTHETIC_0167
RANDOM_LP_06_SYNTHETIC_STU02138,RANDOM_LP_06_SYNTHETIC_0261
RANDOM_LP_06_SYNTHETIC_STU02139,RANDOM_LP_06_SYNTHETIC_0056
RANDOM_LP_06_SYNTHETIC_STU02139,RANDOM_LP_06_SYNTHETIC_0333
RANDOM_LP_06_SYNTHETIC_STU02140,RANDOM_LP_06_SYNTHETIC_0171
RANDOM_LP_06_SYNTHETIC_STU02140,RANDOM_LP_06_SYNTHETIC_0332
RANDOM_LP_06_SYNTHETIC_STU02141,RANDOM_LP_06_SYNTHETIC_0065
RANDOM_LP_06_SYNTHETIC_STU02141,RANDOM_LP_06_SYNTHETIC_0229
RANDOM_LP_06_SYNTHETIC_STU02142,RANDOM_LP_06_SYNTHETIC_0025
RANDOM_LP_06_SYNTHETIC_STU02142,RANDOM_LP_06_SYNTHETIC_0079
RANDOM_LP_06_SYNTHETIC_STU02142,RANDOM_LP_06_SYNTHETIC_0268
RANDOM_LP_06_SYNTHETIC_STU02143,RANDOM_LP_06_SYNTHETIC_0034
RANDOM_LP_06_SYNTHETIC_STU02143,RANDOM_LP_06_SYNTHETIC_0328
RANDOM_LP_06_SYNTHETIC_STU02143,RANDOM_LP_06_SYNTHETIC_0420
RANDOM_LP_06_SYNTHETIC_STU02144,RANDOM_LP_06_SYNTHETIC_0338
RANDOM_LP_06_SYNTHETIC_STU02145,RANDOM_LP_06_SYNTHETIC_0120
RANDOM_LP_06_SYNTHETIC_STU02146,RANDOM_LP_06_SYNTHETIC_0251
RANDOM_LP_06_SYNTHETIC_STU02146,RANDOM_LP_06_SYNTHETIC_0471
RANDOM_LP_06_SYNTHETIC_STU02147,RANDOM_LP_06_SYNTHETIC_0271
RANDOM_LP_06_SYNTHETIC_STU02147,RANDOM_LP_06_SYNTHETIC_0345
RANDOM_LP_06_SYNTHETIC_STU02148,RANDOM_LP_06_SYNTHETIC_0034
RANDOM_LP_06_SYNTHETIC_STU02148,RANDOM_LP_06_SYNTHETIC_0138
RANDOM_LP_06_SYNTHETIC_STU02149,RANDOM_LP_06_SYNTHETIC_0041
RANDOM_LP_06_SYNTHETIC_STU02149,RANDOM_LP_06_SYNTHETIC_0173
RANDOM_LP_06_SYNTHETIC_STU02149,RANDOM_LP_06_SYNTHETIC_0492
RANDOM_LP_06_SYNTHETIC_STU02150,RANDOM_LP_06_SYNTHETIC_0041
RANDOM_LP_06_SYNTHETIC_STU02150,RANDOM_LP_06_SYNTHETIC_0201
RANDOM_LP_06_SYNTHETIC_STU02150,RANDOM_LP_06_SYNTHETIC_0320
RANDOM_LP_06_SYNTHETIC_STU02151,RANDOM_LP_06_SYNTHETIC_0059
RANDOM_LP_06_SYNTHETIC_STU02151,RANDOM_LP_06_SYNTHETIC_0147
RANDOM_LP_06_SYNTHETIC_STU02151,RANDOM_LP_06_SYNTHETIC_0385
RANDOM_LP_06_SYNTHETIC_STU02151,RANDOM_LP_06_SYNTHETIC_0435
RANDOM_LP_06_SYNTHETIC_STU02152,RANDOM_LP_06_SYNTHETIC_0041
RANDOM_LP_06_SYNTHETIC_STU02152,RANDOM_LP_06_SYNTHETIC_0074
RANDOM_LP_06_SYNTHETIC_STU02152,RANDOM_LP_06_SYNTHETIC_0233
RANDOM_LP_06_SYNTHETIC_STU02152,RANDOM_LP_06_SYNTHETIC_0379
RANDOM_LP_06_SYNTHETIC_STU02153,RANDOM_LP_06_SYNTHETIC_0270
RANDOM_LP_06_SYNTHETIC_STU02153,RANDOM_LP_06_SYNTHETIC_0423
RANDOM_LP_06_SYNTHETIC_STU02153,RANDOM_LP_06_SYNTHETIC_0492
RANDOM_LP_06_SYNTHETIC_STU02154,RANDOM_LP_06_SYNTHETIC_0044
RANDOM_LP_06_SYNTHETIC_STU02154,RANDOM_LP_06_SYNTHETIC_0057
RANDOM_LP_06_SYNTHETIC_STU02154,RANDOM_LP_06_SYNTHETIC_0073
RANDOM_LP_06_SYNTHETIC_STU02154,RANDOM_LP_06_SYNTHETIC_0240
RANDOM_LP_06_SYNTHETIC_STU02154,RANDOM_LP_06_SYNTHETIC_0280
RANDOM_LP_06_SYNTHETIC_STU02154,RANDOM_LP_06_SYNTHETIC_0282
RANDOM_LP_06_SYNTHETIC_STU02154,RANDOM_LP_06_SYNTHETIC_0324
RANDOM_LP_06_SYNTHETIC_STU02154,RANDOM_LP_06_SYNTHETIC_0492
RANDOM_LP_06_SYNTHETIC_STU02155,RANDOM_LP_06_SYNTHETIC_0032
RANDOM_LP_06_SYNTHETIC_STU02155,RANDOM_LP_06_SYNTHETIC_0428
RANDOM_LP_06_SYNTHETIC_STU02156,RANDOM_LP_06_SYNTHETIC_0036
RANDOM_LP_06_SYNTHETIC_STU02156,RANDOM_LP_06_SYNTHETIC_0389
RANDOM_LP_06_SYNTHETIC_STU02156,RANDOM_LP_06_SYNTHETIC_0408
RANDOM_LP_06_SYNTHETIC_STU02157,RANDOM_LP_06_SYNTHETIC_0367
RANDOM_LP_06_SYNTHETIC_STU02157,RANDOM_LP_06_SYNTHETIC_0454
RANDOM_LP_06_SYNTHETIC_STU02157,RANDOM_LP_06_SYNTHETIC_0467
RANDOM_LP_06_SYNTHETIC_STU02158,RANDOM_LP_06_SYNTHETIC_0023
RANDOM_LP_06_SYNTHETIC_STU02158,RANDOM_LP_06_SYNTHETIC_0135
RANDOM_LP_06_SYNTHETIC_STU02158,RANDOM_LP_06_SYNTHETIC_0152
RANDOM_LP_06_SYNTHETIC_STU02158,RANDOM_LP_06_SYNTHETIC_0235
RANDOM_LP_06_SYNTHETIC_STU02158,RANDOM_LP_06_SYNTHETIC_0453
RANDOM_LP_06_SYNTHETIC_STU02158,RANDOM_LP_06_SYNTHETIC_0467
RANDOM_LP_06_SYNTHETIC_STU02159,RANDOM_LP_06_SYNTHETIC_0006
RANDOM_LP_06_SYNTHETIC_STU02159,RANDOM_LP_06_SYNTHETIC_0231
RANDOM_LP_06_SYNTHETIC_STU02159,RANDOM_LP_06_SYNTHETIC_0285
RANDOM_LP_06_SYNTHETIC_STU02160,RANDOM_LP_06_SYNTHETIC_0050
RANDOM_LP_06_SYNTHETIC_STU02160,RANDOM_LP_06_SYNTHETIC_0459
RANDOM_LP_06_SYNTHETIC_STU02160,RANDOM_LP_06_SYNTHETIC_0494
RANDOM_LP_06_SYNTHETIC_STU02161,RANDOM_LP_06_SYNTHETIC_0366
RANDOM_LP_06_SYNTHETIC_STU02162,RANDOM_LP_06_SYNTHETIC_0226
RANDOM_LP_06_SYNTHETIC_STU02162,RANDOM_LP_06_SYNTHETIC_0478
RANDOM_LP_06_SYNTHETIC_STU02163,RANDOM_LP_06_SYNTHETIC_0003
RANDOM_LP_06_SYNTHETIC_STU02163,RANDOM_LP_06_SYNTHETIC_0045
RANDOM_LP_06_SYNTHETIC_STU02163,RANDOM_LP_06_SYNTHETIC_0314
RANDOM_LP_06_SYNTHETIC_STU02164,RANDOM_LP_06_SYNTHETIC_0112
RANDOM_LP_06_SYNTHETIC_STU02164,RANDOM_LP_06_SYNTHETIC_0203
RANDOM_LP_06_SYNTHETIC_STU02165,RANDOM_LP_06_SYNTHETIC_0206
RANDOM_LP_06_SYNTHETIC_STU02165,RANDOM_LP_06_SYNTHETIC_0248
RANDOM_LP_06_SYNTHETIC_STU02165,RANDOM_LP_06_SYNTHETIC_0365
RANDOM_LP_06_SYNTHETIC_STU02165,RANDOM_LP_06_SYNTHETIC_0453
RANDOM_LP_06_SYNTHETIC_STU02165,RANDOM_LP_06_SYNTHETIC_0475
RANDOM_LP_06_SYNTHETIC_STU02165,RANDOM_LP_06_SYNTHETIC_0499
RANDOM_LP_06_SYNTHETIC_STU02166,RANDOM_LP_06_SYNTHETIC_0143
RANDOM_LP_06_SYNTHETIC_STU02166,RANDOM_LP_06_SYNTHETIC_0301
RANDOM_LP_06_SYNTHETIC_STU02167,RANDOM_LP_06_SYNTHETIC_0320
RANDOM_LP_06_SYNTHETIC_STU02167,RANDOM_LP_06_SYNTHETIC_0424
RANDOM_LP_06_SYNTHETIC_STU02167,RANDOM_LP_06_SYNTHETIC_0460
RANDOM_LP_06_SYNTHETIC_STU02167,RANDOM_LP_06_SYNTHETIC_0496
RANDOM_LP_06_SYNTHETIC_STU02168,RANDOM_LP_06_SYNTHETIC_0128
RANDOM_LP_06_SYNTHETIC_STU02168,RANDOM_LP_06_SYNTHETIC_0387
RANDOM_LP_06_SYNTHETIC_STU02169,RANDOM_LP_06_SYNTHETIC_0020
RANDOM_LP_06_SYNTHETIC_STU02169,RANDOM_LP_06_SYNTHETIC_0068
RANDOM_LP_06_SYNTHETIC_STU02169,RANDOM_LP_06_SYNTHETIC_0212
RANDOM_LP_06_SYNTHETIC_STU02169,RANDOM_LP_06_SYNTHETIC_0267
RANDOM_LP_06_SYNTHETIC_STU02169,RANDOM_LP_06_SYNTHETIC_0368
RANDOM_LP_06_SYNTHETIC_STU02169,RANDOM_LP_06_SYNTHETIC_0376
RANDOM_LP_06_SYNTHETIC_STU02169,RANDOM_LP_06_SYNTHETIC_0438
RANDOM_LP_06_SYNTHETIC_STU02169,RANDOM_LP_06_SYNTHETIC_0446
RANDOM_LP_06_SYNTHETIC_STU02170,RANDOM_LP_06_SYNTHETIC_0134
RANDOM_LP_06_SYNTHETIC_STU02170,RANDOM_LP_06_SYNTHETIC_0304
RANDOM_LP_06_SYNTHETIC_STU02170,RANDOM_LP_06_SYNTHETIC_0330
RANDOM_LP_06_SYNTHETIC_STU02171,RANDOM_LP_06_SYNTHETIC_0138
RANDOM_LP_06_SYNTHETIC_STU02171,RANDOM_LP_06_SYNTHETIC_0231
RANDOM_LP_06_SYNTHETIC_STU02171,RANDOM_LP_06_SYNTHETIC_0475
RANDOM_LP_06_SYNTHETIC_STU02171,RANDOM_LP_06_SYNTHETIC_0497
RANDOM_LP_06_SYNTHETIC_STU02172,RANDOM_LP_06_SYNTHETIC_0034
RANDOM_LP_06_SYNTHETIC_STU02172,RANDOM_LP_06_SYNTHETIC_0167
RANDOM_LP_06_SYNTHETIC_STU02172,RANDOM_LP_06_SYNTHETIC_0323
RANDOM_LP_06_SYNTHETIC_STU02173,RANDOM_LP_06_SYNTHETIC_0101
RANDOM_LP_06_SYNTHETIC_STU02173,RANDOM_LP_06_SYNTHETIC_0281
RANDOM_LP_06_SYNTHETIC_STU02173,RANDOM_LP_06_SYNTHETIC_0398
RANDOM_LP_06_SYNTHETIC_STU02173,RANDOM_LP_06_SYNTHETIC_0496
RANDOM_LP_06_SYNTHETIC_STU02174,RANDOM_LP_06_SYNTHETIC_0037
RANDOM_LP_06_SYNTHETIC_STU02174,RANDOM_LP_06_SYNTHETIC_0093
RANDOM_LP_06_SYNTHETIC_STU02174,RANDOM_LP_06_SYNTHETIC_0359
RANDOM_LP_06_SYNTHETIC_STU02174,RANDOM_LP_06_SYNTHETIC_0469
RANDOM_LP_06_SYNTHETIC_STU02174,RANDOM_LP_06_SYNTHETIC_0478
RANDOM_LP_06_SYNTHETIC_STU02174,RANDOM_LP_06_SYNTHETIC_0494
RANDOM_LP_06_SYNTHETIC_STU02175,RANDOM_LP_06_SYNTHETIC_0105
RANDOM_LP_06_SYNTHETIC_STU02175,RANDOM_LP_06_SYNTHETIC_0121
RANDOM_LP_06_SYNTHETIC_STU02175,RANDOM_LP_06_SYNTHETIC_0355
RANDOM_LP_06_SYNTHETIC_STU02175,RANDOM_LP_06_SYNTHETIC_0438
RANDOM_LP_06_SYNTHETIC_STU02175,RANDOM_LP_06_SYNTHETIC_0492
RANDOM_LP_06_SYNTHETIC_STU02176,RANDOM_LP_06_SYNTHETIC_0425
RANDOM_LP_06_SYNTHETIC_STU02176,RANDOM_LP_06_SYNTHETIC_0436
RANDOM_LP_06_SYNTHETIC_STU02176,RANDOM_LP_06_SYNTHETIC_0478
RANDOM_LP_06_SYNTHETIC_STU02177,RANDOM_LP_06_SYNTHETIC_0306
RANDOM_LP_06_SYNTHETIC_STU02177,RANDOM_LP_06_SYNTHETIC_0330
RANDOM_LP_06_SYNTHETIC_STU02177,RANDOM_LP_06_SYNTHETIC_0413
RANDOM_LP_06_SYNTHETIC_STU02177,RANDOM_LP_06_SYNTHETIC_0438
RANDOM_LP_06_SYNTHETIC_STU02178,RANDOM_LP_06_SYNTHETIC_0309
RANDOM_LP_06_SYNTHETIC_STU02178,RANDOM_LP_06_SYNTHETIC_0498
RANDOM_LP_06_SYNTHETIC_STU02179,RANDOM_LP_06_SYNTHETIC_0029
RANDOM_LP_06_SYNTHETIC_STU02179,RANDOM_LP_06_SYNTHETIC_0079
RANDOM_LP_06_SYNTHETIC_STU02179,RANDOM_LP_06_SYNTHETIC_0241
RANDOM_LP_06_SYNTHETIC_STU02179,RANDOM_LP_06_SYNTHETIC_0248
RANDOM_LP_06_SYNTHETIC_STU02180,RANDOM_LP_06_SYNTHETIC_0097
RANDOM_LP_06_SYNTHETIC_STU02181,RANDOM_LP_06_SYNTHETIC_0142
RANDOM_LP_06_SYNTHETIC_STU02181,RANDOM_LP_06_SYNTHETIC_0319
RANDOM_LP_06_SYNTHETIC_STU02181,RANDOM_LP_06_SYNTHETIC_0328
RANDOM_LP_06_SYNTHETIC_STU02182,RANDOM_LP_06_SYNTHETIC_0216
RANDOM_LP_06_SYNTHETIC_STU02182,RANDOM_LP_06_SYNTHETIC_0444
RANDOM_LP_06_SYNTHETIC_STU02182,RANDOM_LP_06_SYNTHETIC_0492
RANDOM_LP_06_SYNTHETIC_STU02182,RANDOM_LP_06_SYNTHETIC_0498
RANDOM_LP_06_SYNTHETIC_STU02183,RANDOM_LP_06_SYNTHETIC_0039
RANDOM_LP_06_SYNTHETIC_STU02183,RANDOM_LP_06_SYNTHETIC_0135
RANDOM_LP_06_SYNTHETIC_STU02183,RANDOM_LP_06_SYNTHETIC_0280
RANDOM_LP_06_SYNTHETIC_STU02183,RANDOM_LP_06_SYNTHETIC_0390
RANDOM_LP_06_SYNTHETIC_STU02184,RANDOM_LP_06_SYNTHETIC_0054
RANDOM_LP_06_SYNTHETIC_STU02184,RANDOM_LP_06_SYNTHETIC_0449
RANDOM_LP_06_SYNTHETIC_STU02185,RANDOM_LP_06_SYNTHETIC_0198
RANDOM_LP_06_SYNTHETIC_STU02185,RANDOM_LP_06_SYNTHETIC_0281
RANDOM_LP_06_SYNTHETIC_STU02186,RANDOM_LP_06_SYNTHETIC_0072
RANDOM_LP_06_SYNTHETIC_STU02186,RANDOM_LP_06_SYNTHETIC_0101
RANDOM_LP_06_SYNTHETIC_STU02187,RANDOM_LP_06_SYNTHETIC_0025
RANDOM_LP_06_SYNTHETIC_STU02187,RANDOM_LP_06_SYNTHETIC_0046
RANDOM_LP_06_SYNTHETIC_STU02187,RANDOM_LP_06_SYNTHETIC_0178
RANDOM_LP_06_SYNTHETIC_STU02187,RANDOM_LP_06_SYNTHETIC_0271
RANDOM_LP_06_SYNTHETIC_STU02187,RANDOM_LP_06_SYNTHETIC_0447
RANDOM_LP_06_SYNTHETIC_STU02188,RANDOM_LP_06_SYNTHETIC_0006
RANDOM_LP_06_SYNTHETIC_STU02189,RANDOM_LP_06_SYNTHETIC_0013
RANDOM_LP_06_SYNTHETIC_STU02189,RANDOM_LP_06_SYNTHETIC_0028
RANDOM_LP_06_SYNTHETIC_STU02189,RANDOM_LP_06_SYNTHETIC_0037
RANDOM_LP_06_SYNTHETIC_STU02189,RANDOM_LP_06_SYNTHETIC_0148
RANDOM_LP_06_SYNTHETIC_STU02189,RANDOM_LP_06_SYNTHETIC_0434
RANDOM_LP_06_SYNTHETIC_STU02190,RANDOM_LP_06_SYNTHETIC_0178
RANDOM_LP_06_SYNTHETIC_STU02190,RANDOM_LP_06_SYNTHETIC_0398
RANDOM_LP_06_SYNTHETIC_STU02191,RANDOM_LP_06_SYNTHETIC_0123
RANDOM_LP_06_SYNTHETIC_STU02191,RANDOM_LP_06_SYNTHETIC_0468
RANDOM_LP_06_SYNTHETIC_STU02192,RANDOM_LP_06_SYNTHETIC_0054
RANDOM_LP_06_SYNTHETIC_STU02192,RANDOM_LP_06_SYNTHETIC_0198
RANDOM_LP_06_SYNTHETIC_STU02192,RANDOM_LP_06_SYNTHETIC_0429
RANDOM_LP_06_SYNTHETIC_STU02193,RANDOM_LP_06_SYNTHETIC_0030
RANDOM_LP_06_SYNTHETIC_STU02194,RANDOM_LP_06_SYNTHETIC_0301
RANDOM_LP_06_SYNTHETIC_STU02194,RANDOM_LP_06_SYNTHETIC_0334
RANDOM_LP_06_SYNTHETIC_STU02194,RANDOM_LP_06_SYNTHETIC_0425
RANDOM_LP_06_SYNTHETIC_STU02195,RANDOM_LP_06_SYNTHETIC_0426
RANDOM_LP_06_SYNTHETIC_STU02195,RANDOM_LP_06_SYNTHETIC_0497
RANDOM_LP_06_SYNTHETIC_STU02196,RANDOM_LP_06_SYNTHETIC_0012
RANDOM_LP_06_SYNTHETIC_STU02196,RANDOM_LP_06_SYNTHETIC_0332
RANDOM_LP_06_SYNTHETIC_STU02196,RANDOM_LP_06_SYNTHETIC_0487
RANDOM_LP_06_SYNTHETIC_STU02197,RANDOM_LP_06_SYNTHETIC_0041
RANDOM_LP_06_SYNTHETIC_STU02197,RANDOM_LP_06_SYNTHETIC_0161
RANDOM_LP_06_SYNTHETIC_STU02197,RANDOM_LP_06_SYNTHETIC_0475
RANDOM_LP_06_SYNTHETIC_STU02198,RANDOM_LP_06_SYNTHETIC_0019
RANDOM_LP_06_SYNTHETIC_STU02198,RANDOM_LP_06_SYNTHETIC_0410
RANDOM_LP_06_SYNTHETIC_STU02199,RANDOM_LP_06_SYNTHETIC_0272
RANDOM_LP_06_SYNTHETIC_STU02199,RANDOM_LP_06_SYNTHETIC_0491
RANDOM_LP_06_SYNTHETIC_STU02200,RANDOM_LP_06_SYNTHETIC_0008
RANDOM_LP_06_SYNTHETIC_STU02200,RANDOM_LP_06_SYNTHETIC_0202
RANDOM_LP_06_SYNTHETIC_STU02200,RANDOM_LP_06_SYNTHETIC_0217
RANDOM_LP_06_SYNTHETIC_STU02200,RANDOM_LP_06_SYNTHETIC_0240
RANDOM_LP_06_SYNTHETIC_STU02200,RANDOM_LP_06_SYNTHETIC_0456
RANDOM_LP_06_SYNTHETIC_STU02200,RANDOM_LP_06_SYNTHETIC_0473
RANDOM_LP_06_SYNTHETIC_STU02201,RANDOM_LP_06_SYNTHETIC_0280
RANDOM_LP_06_SYNTHETIC_STU02201,RANDOM_LP_06_SYNTHETIC_0340
RANDOM_LP_06_SYNTHETIC_STU02202,RANDOM_LP_06_SYNTHETIC_0159
RANDOM_LP_06_SYNTHETIC_STU02203,RANDOM_LP_06_SYNTHETIC_0164
RANDOM_LP_06_SYNTHETIC_STU02203,RANDOM_LP_06_SYNTHETIC_0326
RANDOM_LP_06_SYNTHETIC_STU02204,RANDOM_LP_06_SYNTHETIC_0358
RANDOM_LP_06_SYNTHETIC_STU02205,RANDOM_LP_06_SYNTHETIC_0071
RANDOM_LP_06_SYNTHETIC_STU02205,RANDOM_LP_06_SYNTHETIC_0206
RANDOM_LP_06_SYNTHETIC_STU02205,RANDOM_LP_06_SYNTHETIC_0412
RANDOM_LP_06_SYNTHETIC_STU02205,RANDOM_LP_06_SYNTHETIC_0438
RANDOM_LP_06_SYNTHETIC_STU02205,RANDOM_LP_06_SYNTHETIC_0499
RANDOM_LP_06_SYNTHETIC_STU02206,RANDOM_LP_06_SYNTHETIC_0184
RANDOM_LP_06_SYNTHETIC_STU02206,RANDOM_LP_06_SYNTHETIC_0404
RANDOM_LP_06_SYNTHETIC_STU02206,RANDOM_LP_06_SYNTHETIC_0438
RANDOM_LP_06_SYNTHETIC_STU02206,RANDOM_LP_06_SYNTHETIC_0462
RANDOM_LP_06_SYNTHETIC_STU02207,RANDOM_LP_06_SYNTHETIC_0060
RANDOM_LP_06_SYNTHETIC_STU02207,RANDOM_LP_06_SYNTHETIC_0203
RANDOM_LP_06_SYNTHETIC_STU02207,RANDOM_LP_06_SYNTHETIC_0379
RANDOM_LP_06_SYNTHETIC_STU02207,RANDOM_LP_06_SYNTHETIC_0451
RANDOM_LP_06_SYNTHETIC_STU02208,RANDOM_LP_06_SYNTHETIC_0073
RANDOM_LP_06_SYNTHETIC_STU02208,RANDOM_LP_06_SYNTHETIC_0216
RANDOM_LP_06_SYNTHETIC_STU02208,RANDOM_LP_06_SYNTHETIC_0320
RANDOM_LP_06_SYNTHETIC_STU02209,RANDOM_LP_06_SYNTHETIC_0016
RANDOM_LP_06_SYNTHETIC_STU02209,RANDOM_LP_06_SYNTHETIC_0099
RANDOM_LP_06_SYNTHETIC_STU02209,RANDOM_LP_06_SYNTHETIC_0268
RANDOM_LP_06_SYNTHETIC_STU02209,RANDOM_LP_06_SYNTHETIC_0347
RANDOM_LP_06_SYNTHETIC_STU02209,RANDOM_LP_06_SYNTHETIC_0353
RANDOM_LP_06_SYNTHETIC_STU02209,RANDOM_LP_06_SYNTHETIC_0404
RANDOM_LP_06_SYNTHETIC_STU02210,RANDOM_LP_06_SYNTHETIC_0151
RANDOM_LP_06_SYNTHETIC_STU02210,RANDOM_LP_06_SYNTHETIC_0381
RANDOM_LP_06_SYNTHETIC_STU02211,RANDOM_LP_06_SYNTHETIC_0131
RANDOM_LP_06_SYNTHETIC_STU02211,RANDOM_LP_06_SYNTHETIC_0285
RANDOM_LP_06_SYNTHETIC_STU02211,RANDOM_LP_06_SYNTHETIC_0288
RANDOM_LP_06_SYNTHETIC_STU02211,RANDOM_LP_06_SYNTHETIC_0475
RANDOM_LP_06_SYNTHETIC_STU02212,RANDOM_LP_06_SYNTHETIC_0240
RANDOM_LP_06_SYNTHETIC_STU02212,RANDOM_LP_06_SYNTHETIC_0362
RANDOM_LP_06_SYNTHETIC_STU02213,RANDOM_LP_06_SYNTHETIC_0398
RANDOM_LP_06_SYNTHETIC_STU02213,RANDOM_LP_06_SYNTHETIC_0404
RANDOM_LP_06_SYNTHETIC_STU02214,RANDOM_LP_06_SYNTHETIC_0002
RANDOM_LP_06_SYNTHETIC_STU02214,RANDOM_LP_06_SYNTHETIC_0215
RANDOM_LP_06_SYNTHETIC_STU02215,RANDOM_LP_06_SYNTHETIC_0002
RANDOM_LP_06_SYNTHETIC_STU02215,RANDOM_LP_06_SYNTHETIC_0329
RANDOM_LP_06_SYNTHETIC_STU02215,RANDOM_LP_06_SYNTHETIC_0370
RANDOM_LP_06_SYNTHETIC_STU02216,RANDOM_LP_06_SYNTHETIC_0067
RANDOM_LP_06_SYNTHETIC_STU02216,RANDOM_LP_06_SYNTHETIC_0309
RANDOM_LP_06_SYNTHETIC_STU02216,RANDOM_LP_06_SYNTHETIC_0433
RANDOM_LP_06_SYNTHETIC_STU02216,RANDOM_LP_06_SYNTHETIC_0472
RANDOM_LP_06_SYNTHETIC_STU02217,RANDOM_LP_06_SYNTHETIC_0178
RANDOM_LP_06_SYNTHETIC_STU02217,RANDOM_LP_06_SYNTHETIC_0223
RANDOM_LP_06_SYNTHETIC_STU02217,RANDOM_LP_06_SYNTHETIC_0423
RANDOM_LP_06_SYNTHETIC_STU02217,RANDOM_LP_06_SYNTHETIC_0476
RANDOM_LP_06_SYNTHETIC_STU02218,RANDOM_LP_06_SYNTHETIC_0009
RANDOM_LP_06_SYNTHETIC_STU02218,RANDOM_LP_06_SYNTHETIC_0026
RANDOM_LP_06_SYNTHETIC_STU02218,RANDOM_LP_06_SYNTHETIC_0118
RANDOM_LP_06_SYNTHETIC_STU02219,RANDOM_LP_06_SYNTHETIC_0069
RANDOM_LP_06_SYNTHETIC_STU02219,RANDOM_LP_06_SYNTHETIC_0121
RANDOM_LP_06_SYNTHETIC_STU02219,RANDOM_LP_06_SYNTHETIC_0234
RANDOM_LP_06_SYNTHETIC_STU02219,RANDOM_LP_06_SYNTHETIC_0242
RANDOM_LP_06_SYNTHETIC_STU02219,RANDOM_LP_06_SYNTHETIC_0492
RANDOM_LP_06_SYNTHETIC_STU02220,RANDOM_LP_06_SYNTHETIC_0057
RANDOM_LP_06_SYNTHETIC_STU02220,RANDOM_LP_06_SYNTHETIC_0203
RANDOM_LP_06_SYNTHETIC_STU02220,RANDOM_LP_06_SYNTHETIC_0227
RANDOM_LP_06_SYNTHETIC_STU02220,RANDOM_LP_06_SYNTHETIC_0448
RANDOM_LP_06_SYNTHETIC_STU02220,RANDOM_LP_06_SYNTHETIC_0480
RANDOM_LP_06_SYNTHETIC_STU02221,RANDOM_LP_06_SYNTHETIC_0381
RANDOM_LP_06_SYNTHETIC_STU02221,RANDOM_LP_06_SYNTHETIC_0484
RANDOM_LP_06_SYNTHETIC_STU02222,RANDOM_LP_06_SYNTHETIC_0086
RANDOM_LP_06_SYNTHETIC_STU02222,RANDOM_LP_06_SYNTHETIC_0280
RANDOM_LP_06_SYNTHETIC_STU02222,RANDOM_LP_06_SYNTHETIC_0416
RANDOM_LP_06_SYNTHETIC_STU02223,RANDOM_LP_06_SYNTHETIC_0207
RANDOM_LP_06_SYNTHETIC_STU02223,RANDOM_LP_06_SYNTHETIC_0260
RANDOM_LP_06_SYNTHETIC_STU02224,RANDOM_LP_06_SYNTHETIC_0096
RANDOM_LP_06_SYNTHETIC_STU02224,RANDOM_LP_06_SYNTHETIC_0164
RANDOM_LP_06_SYNTHETIC_STU02224,RANDOM_LP_06_SYNTHETIC_0462
RANDOM_LP_06_SYNTHETIC_STU02225,RANDOM_LP_06_SYNTHETIC_0079
RANDOM_LP_06_SYNTHETIC_STU02225,RANDOM_LP_06_SYNTHETIC_0172
RANDOM_LP_06_SYNTHETIC_STU02225,RANDOM_LP_06_SYNTHETIC_0248
RANDOM_LP_06_SYNTHETIC_STU02225,RANDOM_LP_06_SYNTHETIC_0276
RANDOM_LP_06_SYNTHETIC_STU02225,RANDOM_LP_06_SYNTHETIC_0372
RANDOM_LP_06_SYNTHETIC_STU02225,RANDOM_LP_06_SYNTHETIC_0397
RANDOM_LP_06_SYNTHETIC_STU02225,RANDOM_LP_06_SYNTHETIC_0422
RANDOM_LP_06_SYNTHETIC_STU02225,RANDOM_LP_06_SYNTHETIC_0448
RANDOM_LP_06_SYNTHETIC_STU02226,RANDOM_LP_06_SYNTHETIC_0126
RANDOM_LP_06_SYNTHETIC_STU02226,RANDOM_LP_06_SYNTHETIC_0140
RANDOM_LP_06_SYNTHETIC_STU02226,RANDOM_LP_06_SYNTHETIC_0462
RANDOM_LP_06_SYNTHETIC_STU02227,RANDOM_LP_06_SYNTHETIC_0016
RANDOM_LP_06_SYNTHETIC_STU02227,RANDOM_LP_06_SYNTHETIC_0023
RANDOM_LP_06_SYNTHETIC_STU02227,RANDOM_LP_06_SYNTHETIC_0331
RANDOM_LP_06_SYNTHETIC_STU02228,RANDOM_LP_06_SYNTHETIC_0085
RANDOM_LP_06_SYNTHETIC_STU02228,RANDOM_LP_06_SYNTHETIC_0348
RANDOM_LP_06_SYNTHETIC_STU02228,RANDOM_LP_06_SYNTHETIC_0488
RANDOM_LP_06_SYNTHETIC_STU02229,RANDOM_LP_06_SYNTHETIC_0224
RANDOM_LP_06_SYNTHETIC_STU02229,RANDOM_LP_06_SYNTHETIC_0317
RANDOM_LP_06_SYNTHETIC_STU02229,RANDOM_LP_06_SYNTHETIC_0426
RANDOM_LP_06_SYNTHETIC_STU02230,RANDOM_LP_06_SYNTHETIC_0029
RANDOM_LP_06_SYNTHETIC_STU02230,RANDOM_LP_06_SYNTHETIC_0107
RANDOM_LP_06_SYNTHETIC_STU02230,RANDOM_LP_06_SYNTHETIC_0274
RANDOM_LP_06_SYNTHETIC_STU02230,RANDOM_LP_06_SYNTHETIC_0342
RANDOM_LP_06_SYNTHETIC_STU02231,RANDOM_LP_06_SYNTHETIC_0026
RANDOM_LP_06_SYNTHETIC_STU02231,RANDOM_LP_06_SYNTHETIC_0207
RANDOM_LP_06_SYNTHETIC_STU02231,RANDOM_LP_06_SYNTHETIC_0402
RANDOM_LP_06_SYNTHETIC_STU02231,RANDOM_LP_06_SYNTHETIC_0449
RANDOM_LP_06_SYNTHETIC_STU02232,RANDOM_LP_06_SYNTHETIC_0121
RANDOM_LP_06_SYNTHETIC_STU02232,RANDOM_LP_06_SYNTHETIC_0148
RANDOM_LP_06_SYNTHETIC_STU02232,RANDOM_LP_06_SYNTHETIC_0149
RANDOM_LP_06_SYNTHETIC_STU02232,RANDOM_LP_06_SYNTHETIC_0447
RANDOM_LP_06_SYNTHETIC_STU02233,RANDOM_LP_06_SYNTHETIC_0023
RANDOM_LP_06_SYNTHETIC_STU02233,RANDOM_LP_06_SYNTHETIC_0088
RANDOM_LP_06_SYNTHETIC_STU02233,RANDOM_LP_06_SYNTHETIC_0271
RANDOM_LP_06_SYNTHETIC_STU02234,RANDOM_LP_06_SYNTHETIC_0202
RANDOM_LP_06_SYNTHETIC_STU02234,RANDOM_LP_06_SYNTHETIC_0355
RANDOM_LP_06_SYNTHETIC_STU02234,RANDOM_LP_06_SYNTHETIC_0363
RANDOM_LP_06_SYNTHETIC_STU02235,RANDOM_LP_06_SYNTHETIC_0321
RANDOM_LP_06_SYNTHETIC_STU02236,RANDOM_LP_06_SYNTHETIC_0457
RANDOM_LP_06_SYNTHETIC_STU02236,RANDOM_LP_06_SYNTHETIC_0478
RANDOM_LP_06_SYNTHETIC_STU02236,RANDOM_LP_06_SYNTHETIC_0495
RANDOM_LP_06_SYNTHETIC_STU02237,RANDOM_LP_06_SYNTHETIC_0013
RANDOM_LP_06_SYNTHETIC_STU02237,RANDOM_LP_06_SYNTHETIC_0240
RANDOM_LP_06_SYNTHETIC_STU02237,RANDOM_LP_06_SYNTHETIC_0444
RANDOM_LP_06_SYNTHETIC_STU02238,RANDOM_LP_06_SYNTHETIC_0052
RANDOM_LP_06_SYNTHETIC_STU02238,RANDOM_LP_06_SYNTHETIC_0434
RANDOM_LP_06_SYNTHETIC_STU02238,RANDOM_LP_06_SYNTHETIC_0480
RANDOM_LP_06_SYNTHETIC_STU02239,RANDOM_LP_06_SYNTHETIC_0453
RANDOM_LP_06_SYNTHETIC_STU02239,RANDOM_LP_06_SYNTHETIC_0488
RANDOM_LP_06_SYNTHETIC_STU02240,RANDOM_LP_06_SYNTHETIC_0271
RANDOM_LP_06_SYNTHETIC_STU02240,RANDOM_LP_06_SYNTHETIC_0451
RANDOM_LP_06_SYNTHETIC_STU02241,RANDOM_LP_06_SYNTHETIC_0002
RANDOM_LP_06_SYNTHETIC_STU02241,RANDOM_LP_06_SYNTHETIC_0450
RANDOM_LP_06_SYNTHETIC_STU02242,RANDOM_LP_06_SYNTHETIC_0144
RANDOM_LP_06_SYNTHETIC_STU02242,RANDOM_LP_06_SYNTHETIC_0339
RANDOM_LP_06_SYNTHETIC_STU02243,RANDOM_LP_06_SYNTHETIC_0224
RANDOM_LP_06_SYNTHETIC_STU02243,RANDOM_LP_06_SYNTHETIC_0301
RANDOM_LP_06_SYNTHETIC_STU02244,RANDOM_LP_06_SYNTHETIC_0360
RANDOM_LP_06_SYNTHETIC_STU02245,RANDOM_LP_06_SYNTHETIC_0164
RANDOM_LP_06_SYNTHETIC_STU02245,RANDOM_LP_06_SYNTHETIC_0435
RANDOM_LP_06_SYNTHETIC_STU02245,RANDOM_LP_06_SYNTHETIC_0497
RANDOM_LP_06_SYNTHETIC_STU02246,RANDOM_LP_06_SYNTHETIC_0310
RANDOM_LP_06_SYNTHETIC_STU02247,RANDOM_LP_06_SYNTHETIC_0004
RANDOM_LP_06_SYNTHETIC_STU02247,RANDOM_LP_06_SYNTHETIC_0260
RANDOM_LP_06_SYNTHETIC_STU02247,RANDOM_LP_06_SYNTHETIC_0275
RANDOM_LP_06_SYNTHETIC_STU02248,RANDOM_LP_06_SYNTHETIC_0029
RANDOM_LP_06_SYNTHETIC_STU02248,RANDOM_LP_06_SYNTHETIC_0065
RANDOM_LP_06_SYNTHETIC_STU02248,RANDOM_LP_06_SYNTHETIC_0148
RANDOM_LP_06_SYNTHETIC_STU02248,RANDOM_LP_06_SYNTHETIC_0297
RANDOM_LP_06_SYNTHETIC_STU02248,RANDOM_LP_06_SYNTHETIC_0404
RANDOM_LP_06_SYNTHETIC_STU02249,RANDOM_LP_06_SYNTHETIC_0369
RANDOM_LP_06_SYNTHETIC_STU02250,RANDOM_LP_06_SYNTHETIC_0122
RANDOM_LP_06_SYNTHETIC_STU02250,RANDOM_LP_06_SYNTHETIC_0320
RANDOM_LP_06_SYNTHETIC_STU02250,RANDOM_LP_06_SYNTHETIC_0380
RANDOM_LP_06_SYNTHETIC_STU02250,RANDOM_LP_06_SYNTHETIC_0475
RANDOM_LP_06_SYNTHETIC_STU02251,RANDOM_LP_06_SYNTHETIC_0073
RANDOM_LP_06_SYNTHETIC_STU02251,RANDOM_LP_06_SYNTHETIC_0312
RANDOM_LP_06_SYNTHETIC_STU02251,RANDOM_LP_06_SYNTHETIC_0475
RANDOM_LP_06_SYNTHETIC_STU02252,RANDOM_LP_06_SYNTHETIC_0079
RANDOM_LP_06_SYNTHETIC_STU02252,RANDOM_LP_06_SYNTHETIC_0165
RANDOM_LP_06_SYNTHETIC_STU02252,RANDOM_LP_06_SYNTHETIC_0288
RANDOM_LP_06_SYNTHETIC_STU02252,RANDOM_LP_06_SYNTHETIC_0314
RANDOM_LP_06_SYNTHETIC_STU02252,RANDOM_LP_06_SYNTHETIC_0449
RANDOM_LP_06_SYNTHETIC_STU02252,RANDOM_LP_06_SYNTHETIC_0498
RANDOM_LP_06_SYNTHETIC_STU02253,RANDOM_LP_06_SYNTHETIC_0113
RANDOM_LP_06_SYNTHETIC_STU02254,RANDOM_LP_06_SYNTHETIC_0019
RANDOM_LP_06_SYNTHETIC_STU02254,RANDOM_LP_06_SYNTHETIC_0034
RANDOM_LP_06_SYNTHETIC_STU02254,RANDOM_LP_06_SYNTHETIC_0146
RANDOM_LP_06_SYNTHETIC_STU02254,RANDOM_LP_06_SYNTHETIC_0423
RANDOM_LP_06_SYNTHETIC_STU02255,RANDOM_LP_06_SYNTHETIC_0039
RANDOM_LP_06_SYNTHETIC_STU02255,RANDOM_LP_06_SYNTHETIC_0062
RANDOM_LP_06_SYNTHETIC_STU02255,RANDOM_LP_06_SYNTHETIC_0204
RANDOM_LP_06_SYNTHETIC_STU02255,RANDOM_LP_06_SYNTHETIC_0431
RANDOM_LP_06_SYNTHETIC_STU02256,RANDOM_LP_06_SYNTHETIC_0189
RANDOM_LP_06_SYNTHETIC_STU02256,RANDOM_LP_06_SYNTHETIC_0207
RANDOM_LP_06_SYNTHETIC_STU02257,RANDOM_LP_06_SYNTHETIC_0047
RANDOM_LP_06_SYNTHETIC_STU02257,RANDOM_LP_06_SYNTHETIC_0207
RANDOM_LP_06_SYNTHETIC_STU02257,RANDOM_LP_06_SYNTHETIC_0258
RANDOM_LP_06_SYNTHETIC_STU02257,RANDOM_LP_06_SYNTHETIC_0489
RANDOM_LP_06_SYNTHETIC_STU02258,RANDOM_LP_06_SYNTHETIC_0032
RANDOM_LP_06_SYNTHETIC_STU02258,RANDOM_LP_06_SYNTHETIC_0080
RANDOM_LP_06_SYNTHETIC_STU02258,RANDOM_LP_06_SYNTHETIC_0281
RANDOM_LP_06_SYNTHETIC_STU02259,RANDOM_LP_06_SYNTHETIC_0044
RANDOM_LP_06_SYNTHETIC_STU02259,RANDOM_LP_06_SYNTHETIC_0104
RANDOM_LP_06_SYNTHETIC_STU02259,RANDOM_LP_06_SYNTHETIC_0318
RANDOM_LP_06_SYNTHETIC_STU02260,RANDOM_LP_06_SYNTHETIC_0079
RANDOM_LP_06_SYNTHETIC_STU02260,RANDOM_LP_06_SYNTHETIC_0105
RANDOM_LP_06_SYNTHETIC_STU02260,RANDOM_LP_06_SYNTHETIC_0152
RANDOM_LP_06_SYNTHETIC_STU02260,RANDOM_LP_06_SYNTHETIC_0169
RANDOM_LP_06_SYNTHETIC_STU02261,RANDOM_LP_06_SYNTHETIC_0391
RANDOM_LP_06_SYNTHETIC_STU02262,RANDOM_LP_06_SYNTHETIC_0175
RANDOM_LP_06_SYNTHETIC_STU02262,RANDOM_LP_06_SYNTHETIC_0196
RANDOM_LP_06_SYNTHETIC_STU02262,RANDOM_LP_06_SYNTHETIC_0427
RANDOM_LP_06_SYNTHETIC_STU02263,RANDOM_LP_06_SYNTHETIC_0140
RANDOM_LP_06_SYNTHETIC_STU02263,RANDOM_LP_06_SYNTHETIC_0315
RANDOM_LP_06_SYNTHETIC_STU02263,RANDOM_LP_06_SYNTHETIC_0498
RANDOM_LP_06_SYNTHETIC_STU02264,RANDOM_LP_06_SYNTHETIC_0067
RANDOM_LP_06_SYNTHETIC_STU02264,RANDOM_LP_06_SYNTHETIC_0387
RANDOM_LP_06_SYNTHETIC_STU02264,RANDOM_LP_06_SYNTHETIC_0463
RANDOM_LP_06_SYNTHETIC_STU02265,RANDOM_LP_06_SYNTHETIC_0169
RANDOM_LP_06_SYNTHETIC_STU02265,RANDOM_LP_06_SYNTHETIC_0481
RANDOM_LP_06_SYNTHETIC_STU02266,RANDOM_LP_06_SYNTHETIC_0037
RANDOM_LP_06_SYNTHETIC_STU02266,RANDOM_LP_06_SYNTHETIC_0040
RANDOM_LP_06_SYNTHETIC_STU02266,RANDOM_LP_06_SYNTHETIC_0300
RANDOM_LP_06_SYNTHETIC_STU02267,RANDOM_LP_06_SYNTHETIC_0161
RANDOM_LP_06_SYNTHETIC_STU02267,RANDOM_LP_06_SYNTHETIC_0409
RANDOM_LP_06_SYNTHETIC_STU02268,RANDOM_LP_06_SYNTHETIC_0031
RANDOM_LP_06_SYNTHETIC_STU02268,RANDOM_LP_06_SYNTHETIC_0440
RANDOM_LP_06_SYNTHETIC_STU02269,RANDOM_LP_06_SYNTHETIC_0039
RANDOM_LP_06_SYNTHETIC_STU02269,RANDOM_LP_06_SYNTHETIC_0046
RANDOM_LP_06_SYNTHETIC_STU02269,RANDOM_LP_06_SYNTHETIC_0135
RANDOM_LP_06_SYNTHETIC_STU02269,RANDOM_LP_06_SYNTHETIC_0423
RANDOM_LP_06_SYNTHETIC_STU02270,RANDOM_LP_06_SYNTHETIC_0118
RANDOM_LP_06_SYNTHETIC_STU02271,RANDOM_LP_06_SYNTHETIC_0279
RANDOM_LP_06_SYNTHETIC_STU02272,RANDOM_LP_06_SYNTHETIC_0304
RANDOM_LP_06_SYNTHETIC_STU02272,RANDOM_LP_06_SYNTHETIC_0494
RANDOM_LP_06_SYNTHETIC_STU02273,RANDOM_LP_06_SYNTHETIC_0037
RANDOM_LP_06_SYNTHETIC_STU02274,RANDOM_LP_06_SYNTHETIC_0031
RANDOM_LP_06_SYNTHETIC_STU02274,RANDOM_LP_06_SYNTHETIC_0258
RANDOM_LP_06_SYNTHETIC_STU02274,RANDOM_LP_06_SYNTHETIC_0331
RANDOM_LP_06_SYNTHETIC_STU02274,RANDOM_LP_06_SYNTHETIC_0397
RANDOM_LP_06_SYNTHETIC_STU02274,RANDOM_LP_06_SYNTHETIC_0474
RANDOM_LP_06_SYNTHETIC_STU02274,RANDOM_LP_06_SYNTHETIC_0498
RANDOM_LP_06_SYNTHETIC_STU02275,RANDOM_LP_06_SYNTHETIC_0054
RANDOM_LP_06_SYNTHETIC_STU02275,RANDOM_LP_06_SYNTHETIC_0156
RANDOM_LP_06_SYNTHETIC_STU02276,RANDOM_LP_06_SYNTHETIC_0284
RANDOM_LP_06_SYNTHETIC_STU02277,RANDOM_LP_06_SYNTHETIC_0113
RANDOM_LP_06_SYNTHETIC_STU02277,RANDOM_LP_06_SYNTHETIC_0262
RANDOM_LP_06_SYNTHETIC_STU02278,RANDOM_LP_06_SYNTHETIC_0040
RANDOM_LP_06_SYNTHETIC_STU02278,RANDOM_LP_06_SYNTHETIC_0078
RANDOM_LP_06_SYNTHETIC_STU02278,RANDOM_LP_06_SYNTHETIC_0338
RANDOM_LP_06_SYNTHETIC_STU02278,RANDOM_LP_06_SYNTHETIC_0402
RANDOM_LP_06_SYNTHETIC_STU02279,RANDOM_LP_06_SYNTHETIC_0082
RANDOM_LP_06_SYNTHETIC_STU02279,RANDOM_LP_06_SYNTHETIC_0114
RANDOM_LP_06_SYNTHETIC_STU02280,RANDOM_LP_06_SYNTHETIC_0292
RANDOM_LP_06_SYNTHETIC_STU02280,RANDOM_LP_06_SYNTHETIC_0408
RANDOM_LP_06_SYNTHETIC_STU02280,RANDOM_LP_06_SYNTHETIC_0455
RANDOM_LP_06_SYNTHETIC_STU02281,RANDOM_LP_06_SYNTHETIC_0100
RANDOM_LP_06_SYNTHETIC_STU02281,RANDOM_LP_06_SYNTHETIC_0123
RANDOM_LP_06_SYNTHETIC_STU02282,RANDOM_LP_06_SYNTHETIC_0044
RANDOM_LP_06_SYNTHETIC_STU02282,RANDOM_LP_06_SYNTHETIC_0083
RANDOM_LP_06_SYNTHETIC_STU02282,RANDOM_LP_06_SYNTHETIC_0158
RANDOM_LP_06_SYNTHETIC_STU02282,RANDOM_LP_06_SYNTHETIC_0244
RANDOM_LP_06_SYNTHETIC_STU02282,RANDOM_LP_06_SYNTHETIC_0361
RANDOM_LP_06_SYNTHETIC_STU02282,RANDOM_LP_06_SYNTHETIC_0401
RANDOM_LP_06_SYNTHETIC_STU02283,RANDOM_LP_06_SYNTHETIC_0139
RANDOM_LP_06_SYNTHETIC_STU02283,RANDOM_LP_06_SYNTHETIC_0164
RANDOM_LP_06_SYNTHETIC_STU02283,RANDOM_LP_06_SYNTHETIC_0224
RANDOM_LP_06_SYNTHETIC_STU02283,RANDOM_LP_06_SYNTHETIC_0240
RANDOM_LP_06_SYNTHETIC_STU02284,RANDOM_LP_06_SYNTHETIC_0112
RANDOM_LP_06_SYNTHETIC_STU02284,RANDOM_LP_06_SYNTHETIC_0148
RANDOM_LP_06_SYNTHETIC_STU02284,RANDOM_LP_06_SYNTHETIC_0425
RANDOM_LP_06_SYNTHETIC_STU02284,RANDOM_LP_06_SYNTHETIC_0438
RANDOM_LP_06_SYNTHETIC_STU02285,RANDOM_LP_06_SYNTHETIC_0153
RANDOM_LP_06_SYNTHETIC_STU02286,RANDOM_LP_06_SYNTHETIC_0427
RANDOM_LP_06_SYNTHETIC_STU02286,RANDOM_LP_06_SYNTHETIC_0452
RANDOM_LP_06_SYNTHETIC_STU02286,RANDOM_LP_06_SYNTHETIC_0454
RANDOM_LP_06_SYNTHETIC_STU02286,RANDOM_LP_06_SYNTHETIC_0458
RANDOM_LP_06_SYNTHETIC_STU02287,RANDOM_LP_06_SYNTHETIC_0044
RANDOM_LP_06_SYNTHETIC_STU02287,RANDOM_LP_06_SYNTHETIC_0074
RANDOM_LP_06_SYNTHETIC_STU02287,RANDOM_LP_06_SYNTHETIC_0310
RANDOM_LP_06_SYNTHETIC_STU02287,RANDOM_LP_06_SYNTHETIC_0334
RANDOM_LP_06_SYNTHETIC_STU02288,RANDOM_LP_06_SYNTHETIC_0079
RANDOM_LP_06_SYNTHETIC_STU02288,RANDOM_LP_06_SYNTHETIC_0112
RANDOM_LP_06_SYNTHETIC_STU02288,RANDOM_LP_06_SYNTHETIC_0355
RANDOM_LP_06_SYNTHETIC_STU02288,RANDOM_LP_06_SYNTHETIC_0380
RANDOM_LP_06_SYNTHETIC_STU02288,RANDOM_LP_06_SYNTHETIC_0418
RANDOM_LP_06_SYNTHETIC_STU02288,RANDOM_LP_06_SYNTHETIC_0449
RANDOM_LP_06_SYNTHETIC_STU02289,RANDOM_LP_06_SYNTHETIC_0063
RANDOM_LP_06_SYNTHETIC_STU02289,RANDOM_LP_06_SYNTHETIC_0410
RANDOM_LP_06_SYNTHETIC_STU02290,RANDOM_LP_06_SYNTHETIC_0122
RANDOM_LP_06_SYNTHETIC_STU02290,RANDOM_LP_06_SYNTHETIC_0283
RANDOM_LP_06_SYNTHETIC_STU02290,RANDOM_LP_06_SYNTHETIC_0319
RANDOM_LP_06_SYNTHETIC_STU02291,RANDOM_LP_06_SYNTHETIC_0023
RANDOM_LP_06_SYNTHETIC_STU02291,RANDOM_LP_06_SYNTHETIC_0279
RANDOM_LP_06_SYNTHETIC_STU02292,RANDOM_LP_06_SYNTHETIC_0014
RANDOM_LP_06_SYNTHETIC_STU02293,RANDOM_LP_06_SYNTHETIC_0100
RANDOM_LP_06_SYNTHETIC_STU02293,RANDOM_LP_06_SYNTHETIC_0155
RANDOM_LP_06_SYNTHETIC_STU02294,RANDOM_LP_06_SYNTHETIC_0177
RANDOM_LP_06_SYNTHETIC_STU02294,RANDOM_LP_06_SYNTHETIC_0498
RANDOM_LP_06_SYNTHETIC_STU02295,RANDOM_LP_06_SYNTHETIC_0080
RANDOM_LP_06_SYNTHETIC_STU02295,RANDOM_LP_06_SYNTHETIC_0159
RANDOM_LP_06_SYNTHETIC_STU02296,RANDOM_LP_06_SYNTHETIC_0150
RANDOM_LP_06_SYNTHETIC_STU02296,RANDOM_LP_06_SYNTHETIC_0295
RANDOM_LP_06_SYNTHETIC_STU02296,RANDOM_LP_06_SYNTHETIC_0386
RANDOM_LP_06_SYNTHETIC_STU02297,RANDOM_LP_06_SYNTHETIC_0267
RANDOM_LP_06_SYNTHETIC_STU02297,RANDOM_LP_06_SYNTHETIC_0292
RANDOM_LP_06_SYNTHETIC_STU02298,RANDOM_LP_06_SYNTHETIC_0185
RANDOM_LP_06_SYNTHETIC_STU02298,RANDOM_LP_06_SYNTHETIC_0386
RANDOM_LP_06_SYNTHETIC_STU02298,RANDOM_LP_06_SYNTHETIC_0409
RANDOM_LP_06_SYNTHETIC_STU02298,RANDOM_LP_06_SYNTHETIC_0496
RANDOM_LP_06_SYNTHETIC_STU02298,RANDOM_LP_06_SYNTHETIC_0498
RANDOM_LP_06_SYNTHETIC_STU02299,RANDOM_LP_06_SYNTHETIC_0079
RANDOM_LP_06_SYNTHETIC_STU02299,RANDOM_LP_06_SYNTHETIC_0092
RANDOM_LP_06_SYNTHETIC_STU02299,RANDOM_LP_06_SYNTHETIC_0126
RANDOM_LP_06_SYNTHETIC_STU02300,RANDOM_LP_06_SYNTHETIC_0154
RANDOM_LP_06_SYNTHETIC_STU02300,RANDOM_LP_06_SYNTHETIC_0240
RANDOM_LP_06_SYNTHETIC_STU02301,RANDOM_LP_06_SYNTHETIC_0168
RANDOM_LP_06_SYNTHETIC_STU02301,RANDOM_LP_06_SYNTHETIC_0199
RANDOM_LP_06_SYNTHETIC_STU02302,RANDOM_LP_06_SYNTHETIC_0264
RANDOM_LP_06_SYNTHETIC_STU02302,RANDOM_LP_06_SYNTHETIC_0449
RANDOM_LP_06_SYNTHETIC_STU02303,RANDOM_LP_06_SYNTHETIC_0083
RANDOM_LP_06_SYNTHETIC_STU02303,RANDOM_LP_06_SYNTHETIC_0099
RANDOM_LP_06_SYNTHETIC_STU02303,RANDOM_LP_06_SYNTHETIC_0256
RANDOM_LP_06_SYNTHETIC_STU02304,RANDOM_LP_06_SYNTHETIC_0003
RANDOM_LP_06_SYNTHETIC_STU02304,RANDOM_LP_06_SYNTHETIC_0256
RANDOM_LP_06_SYNTHETIC_STU02305,RANDOM_LP_06_SYNTHETIC_0222
RANDOM_LP_06_SYNTHETIC_STU02305,RANDOM_LP_06_SYNTHETIC_0380
RANDOM_LP_06_SYNTHETIC_STU02305,RANDOM_LP_06_SYNTHETIC_0443
RANDOM_LP_06_SYNTHETIC_STU02306,RANDOM_LP_06_SYNTHETIC_0093
RANDOM_LP_06_SYNTHETIC_STU02306,RANDOM_LP_06_SYNTHETIC_0240
RANDOM_LP_06_SYNTHETIC_STU02307,RANDOM_LP_06_SYNTHETIC_0150
RANDOM_LP_06_SYNTHETIC_STU02307,RANDOM_LP_06_SYNTHETIC_0167
RANDOM_LP_06_SYNTHETIC_STU02307,RANDOM_LP_06_SYNTHETIC_0361
RANDOM_LP_06_SYNTHETIC_STU02307,RANDOM_LP_06_SYNTHETIC_0385
RANDOM_LP_06_SYNTHETIC_STU02307,RANDOM_LP_06_SYNTHETIC_0435
RANDOM_LP_06_SYNTHETIC_STU02308,RANDOM_LP_06_SYNTHETIC_0053
RANDOM_LP_06_SYNTHETIC_STU02308,RANDOM_LP_06_SYNTHETIC_0074
RANDOM_LP_06_SYNTHETIC_STU02308,RANDOM_LP_06_SYNTHETIC_0370
RANDOM_LP_06_SYNTHETIC_STU02308,RANDOM_LP_06_SYNTHETIC_0462
RANDOM_LP_06_SYNTHETIC_STU02309,RANDOM_LP_06_SYNTHETIC_0039
RANDOM_LP_06_SYNTHETIC_STU02309,RANDOM_LP_06_SYNTHETIC_0134
RANDOM_LP_06_SYNTHETIC_STU02309,RANDOM_LP_06_SYNTHETIC_0457
RANDOM_LP_06_SYNTHETIC_STU02310,RANDOM_LP_06_SYNTHETIC_0011
RANDOM_LP_06_SYNTHETIC_STU02310,RANDOM_LP_06_SYNTHETIC_0494
RANDOM_LP_06_SYNTHETIC_STU02311,RANDOM_LP_06_SYNTHETIC_0015
RANDOM_LP_06_SYNTHETIC_STU02311,RANDOM_LP_06_SYNTHETIC_0033
RANDOM_LP_06_SYNTHETIC_STU02311,RANDOM_LP_06_SYNTHETIC_0137
RANDOM_LP_06_SYNTHETIC_STU02311,RANDOM_LP_06_SYNTHETIC_0324
RANDOM_LP_06_SYNTHETIC_STU02311,RANDOM_LP_06_SYNTHETIC_0343
RANDOM_LP_06_SYNTHETIC_STU02312,RANDOM_LP_06_SYNTHETIC_0090
RANDOM_LP_06_SYNTHETIC_STU02313,RANDOM_LP_06_SYNTHETIC_0383
RANDOM_LP_06_SYNTHETIC_STU02314,RANDOM_LP_06_SYNTHETIC_0079
RANDOM_LP_06_SYNTHETIC_STU02314,RANDOM_LP_06_SYNTHETIC_0175
RANDOM_LP_06_SYNTHETIC_STU02314,RANDOM_LP_06_SYNTHETIC_0236
RANDOM_LP_06_SYNTHETIC_STU02315,RANDOM_LP_06_SYNTHETIC_0074
RANDOM_LP_06_SYNTHETIC_STU02315,RANDOM_LP_06_SYNTHETIC_0138
RANDOM_LP_06_SYNTHETIC_STU02315,RANDOM_LP_06_SYNTHETIC_0261
RANDOM_LP_06_SYNTHETIC_STU02315,RANDOM_LP_06_SYNTHETIC_0422
RANDOM_LP_06_SYNTHETIC_STU02316,RANDOM_LP_06_SYNTHETIC_0049
RANDOM_LP_06_SYNTHETIC_STU02316,RANDOM_LP_06_SYNTHETIC_0079
RANDOM_LP_06_SYNTHETIC_STU02316,RANDOM_LP_06_SYNTHETIC_0263
RANDOM_LP_06_SYNTHETIC_STU02316,RANDOM_LP_06_SYNTHETIC_0267
RANDOM_LP_06_SYNTHETIC_STU02317,RANDOM_LP_06_SYNTHETIC_0248
RANDOM_LP_06_SYNTHETIC_STU02317,RANDOM_LP_06_SYNTHETIC_0285
RANDOM_LP_06_SYNTHETIC_STU02317,RANDOM_LP_06_SYNTHETIC_0402
RANDOM_LP_06_SYNTHETIC_STU02317,RANDOM_LP_06_SYNTHETIC_0448
RANDOM_LP_06_SYNTHETIC_STU02318,RANDOM_LP_06_SYNTHETIC_0208
RANDOM_LP_06_SYNTHETIC_STU02318,RANDOM_LP_06_SYNTHETIC_0319
RANDOM_LP_06_SYNTHETIC_STU02318,RANDOM_LP_06_SYNTHETIC_0461
RANDOM_LP_06_SYNTHETIC_STU02319,RANDOM_LP_06_SYNTHETIC_0137
RANDOM_LP_06_SYNTHETIC_STU02319,RANDOM_LP_06_SYNTHETIC_0281
RANDOM_LP_06_SYNTHETIC_STU02319,RANDOM_LP_06_SYNTHETIC_0465
RANDOM_LP_06_SYNTHETIC_STU02320,RANDOM_LP_06_SYNTHETIC_0003
RANDOM_LP_06_SYNTHETIC_STU02320,RANDOM_LP_06_SYNTHETIC_0083
RANDOM_LP_06_SYNTHETIC_STU02321,RANDOM_LP_06_SYNTHETIC_0167
RANDOM_LP_06_SYNTHETIC_STU02321,RANDOM_LP_06_SYNTHETIC_0181
RANDOM_LP_06_SYNTHETIC_STU02321,RANDOM_LP_06_SYNTHETIC_0184
RANDOM_LP_06_SYNTHETIC_STU02321,RANDOM_LP_06_SYNTHETIC_0241
RANDOM_LP_06_SYNTHETIC_STU02321,RANDOM_LP_06_SYNTHETIC_0427
RANDOM_LP_06_SYNTHETIC_STU02322,RANDOM_LP_06_SYNTHETIC_0156
RANDOM_LP_06_SYNTHETIC_STU02322,RANDOM_LP_06_SYNTHETIC_0326
RANDOM_LP_06_SYNTHETIC_STU02322,RANDOM_LP_06_SYNTHETIC_0457
RANDOM_LP_06_SYNTHETIC_STU02323,RANDOM_LP_06_SYNTHETIC_0068
RANDOM_LP_06_SYNTHETIC_STU02323,RANDOM_LP_06_SYNTHETIC_0243
RANDOM_LP_06_SYNTHETIC_STU02323,RANDOM_LP_06_SYNTHETIC_0385
RANDOM_LP_06_SYNTHETIC_STU02324,RANDOM_LP_06_SYNTHETIC_0029
RANDOM_LP_06_SYNTHETIC_STU02324,RANDOM_LP_06_SYNTHETIC_0311
RANDOM_LP_06_SYNTHETIC_STU02324,RANDOM_LP_06_SYNTHETIC_0475
RANDOM_LP_06_SYNTHETIC_STU02325,RANDOM_LP_06_SYNTHETIC_0103
RANDOM_LP_06_SYNTHETIC_STU02325,RANDOM_LP_06_SYNTHETIC_0336
RANDOM_LP_06_SYNTHETIC_STU02325,RANDOM_LP_06_SYNTHETIC_0482
RANDOM_LP_06_SYNTHETIC_STU02326,RANDOM_LP_06_SYNTHETIC_0089
RANDOM_LP_06_SYNTHETIC_STU02326,RANDOM_LP_06_SYNTHETIC_0126
RANDOM_LP_06_SYNTHETIC_STU02326,RANDOM_LP_06_SYNTHETIC_0457
RANDOM_LP_06_SYNTHETIC_STU02326,RANDOM_LP_06_SYNTHETIC_0494
RANDOM_LP_06_SYNTHETIC_STU02327,RANDOM_LP_06_SYNTHETIC_0306
RANDOM_LP_06_SYNTHETIC_STU02328,RANDOM_LP_06_SYNTHETIC_0028
RANDOM_LP_06_SYNTHETIC_STU02328,RANDOM_LP_06_SYNTHETIC_0410
RANDOM_LP_06_SYNTHETIC_STU02328,RANDOM_LP_06_SYNTHETIC_0494
RANDOM_LP_06_SYNTHETIC_STU02329,RANDOM_LP_06_SYNTHETIC_0166
RANDOM_LP_06_SYNTHETIC_STU02329,RANDOM_LP_06_SYNTHETIC_0290
RANDOM_LP_06_SYNTHETIC_STU02329,RANDOM_LP_06_SYNTHETIC_0370
RANDOM_LP_06_SYNTHETIC_STU02329,RANDOM_LP_06_SYNTHETIC_0389
RANDOM_LP_06_SYNTHETIC_STU02330,RANDOM_LP_06_SYNTHETIC_0061
RANDOM_LP_06_SYNTHETIC_STU02330,RANDOM_LP_06_SYNTHETIC_0070
RANDOM_LP_06_SYNTHETIC_STU02330,RANDOM_LP_06_SYNTHETIC_0107
RANDOM_LP_06_SYNTHETIC_STU02330,RANDOM_LP_06_SYNTHETIC_0208
RANDOM_LP_06_SYNTHETIC_STU02330,RANDOM_LP_06_SYNTHETIC_0296
RANDOM_LP_06_SYNTHETIC_STU02330,RANDOM_LP_06_SYNTHETIC_0438
RANDOM_LP_06_SYNTHETIC_STU02331,RANDOM_LP_06_SYNTHETIC_0257
RANDOM_LP_06_SYNTHETIC_STU02331,RANDOM_LP_06_SYNTHETIC_0297
RANDOM_LP_06_SYNTHETIC_STU02331,RANDOM_LP_06_SYNTHETIC_0325
RANDOM_LP_06_SYNTHETIC_STU02331,RANDOM_LP_06_SYNTHETIC_0418
RANDOM_LP_06_SYNTHETIC_STU02332,RANDOM_LP_06_SYNTHETIC_0028
RANDOM_LP_06_SYNTHETIC_STU02332,RANDOM_LP_06_SYNTHETIC_0151
RANDOM_LP_06_SYNTHETIC_STU02332,RANDOM_LP_06_SYNTHETIC_0315
RANDOM_LP_06_SYNTHETIC_STU02332,RANDOM_LP_06_SYNTHETIC_0449
RANDOM_LP_06_SYNTHETIC_STU02333,RANDOM_LP_06_SYNTHETIC_0079
RANDOM_LP_06_SYNTHETIC_STU02333,RANDOM_LP_06_SYNTHETIC_0427
RANDOM_LP_06_SYNTHETIC_STU02333,RANDOM_LP_06_SYNTHETIC_0436
RANDOM_LP_06_SYNTHETIC_STU02334,RANDOM_LP_06_SYNTHETIC_0148
RANDOM_LP_06_SYNTHETIC_STU02334,RANDOM_LP_06_SYNTHETIC_0259
RANDOM_LP_06_SYNTHETIC_STU02334,RANDOM_LP_06_SYNTHETIC_0348
RANDOM_LP_06_SYNTHETIC_STU02335,RANDOM_LP_06_SYNTHETIC_0213
RANDOM_LP_06_SYNTHETIC_STU02336,RANDOM_LP_06_SYNTHETIC_0144
RANDOM_LP_06_SYNTHETIC_STU02336,RANDOM_LP_06_SYNTHETIC_0419
RANDOM_LP_06_SYNTHETIC_STU02337,RANDOM_LP_06_SYNTHETIC_0111
RANDOM_LP_06_SYNTHETIC_STU02337,RANDOM_LP_06_SYNTHETIC_0184
RANDOM_LP_06_SYNTHETIC_STU02337,RANDOM_LP_06_SYNTHETIC_0319
RANDOM_LP_06_SYNTHETIC_STU02337,RANDOM_LP_06_SYNTHETIC_0330
RANDOM_LP_06_SYNTHETIC_STU02337,RANDOM_LP_06_SYNTHETIC_0457
RANDOM_LP_06_SYNTHETIC_STU02338,RANDOM_LP_06_SYNTHETIC_0184
RANDOM_LP_06_SYNTHETIC_STU02338,RANDOM_LP_06_SYNTHETIC_0312
RANDOM_LP_06_SYNTHETIC_STU02339,RANDOM_LP_06_SYNTHETIC_0064
RANDOM_LP_06_SYNTHETIC_STU02339,RANDOM_LP_06_SYNTHETIC_0099
RANDOM_LP_06_SYNTHETIC_STU02340,RANDOM_LP_06_SYNTHETIC_0015
RANDOM_LP_06_SYNTHETIC_STU02340,RANDOM_LP_06_SYNTHETIC_0130
RANDOM_LP_06_SYNTHETIC_STU02340,RANDOM_LP_06_SYNTHETIC_0174
RANDOM_LP_06_SYNTHETIC_STU02340,RANDOM_LP_06_SYNTHETIC_0460
RANDOM_LP_06_SYNTHETIC_STU02341,RANDOM_LP_06_SYNTHETIC_0266
RANDOM_LP_06_SYNTHETIC_STU02341,RANDOM_LP_06_SYNTHETIC_0367
RANDOM_LP_06_SYNTHETIC_STU02341,RANDOM_LP_06_SYNTHETIC_0389
RANDOM_LP_06_SYNTHETIC_STU02342,RANDOM_LP_06_SYNTHETIC_0093
RANDOM_LP_06_SYNTHETIC_STU02342,RANDOM_LP_06_SYNTHETIC_0201
RANDOM_LP_06_SYNTHETIC_STU02342,RANDOM_LP_06_SYNTHETIC_0371
RANDOM_LP_06_SYNTHETIC_STU02343,RANDOM_LP_06_SYNTHETIC_0070
RANDOM_LP_06_SYNTHETIC_STU02343,RANDOM_LP_06_SYNTHETIC_0224
RANDOM_LP_06_SYNTHETIC_STU02343,RANDOM_LP_06_SYNTHETIC_0396
RANDOM_LP_06_SYNTHETIC_STU02344,RANDOM_LP_06_SYNTHETIC_0373
RANDOM_LP_06_SYNTHETIC_STU02344,RANDOM_LP_06_SYNTHETIC_0381
RANDOM_LP_06_SYNTHETIC_STU02344,RANDOM_LP_06_SYNTHETIC_0410
RANDOM_LP_06_SYNTHETIC_STU02345,RANDOM_LP_06_SYNTHETIC_0153
RANDOM_LP_06_SYNTHETIC_STU02345,RANDOM_LP_06_SYNTHETIC_0219
RANDOM_LP_06_SYNTHETIC_STU02346,RANDOM_LP_06_SYNTHETIC_0037
RANDOM_LP_06_SYNTHETIC_STU02346,RANDOM_LP_06_SYNTHETIC_0055
RANDOM_LP_06_SYNTHETIC_STU02346,RANDOM_LP_06_SYNTHETIC_0163
RANDOM_LP_06_SYNTHETIC_STU02346,RANDOM_LP_06_SYNTHETIC_0185
RANDOM_LP_06_SYNTHETIC_STU02346,RANDOM_LP_06_SYNTHETIC_0261
RANDOM_LP_06_SYNTHETIC_STU02346,RANDOM_LP_06_SYNTHETIC_0431
RANDOM_LP_06_SYNTHETIC_STU02347,RANDOM_LP_06_SYNTHETIC_0055
RANDOM_LP_06_SYNTHETIC_STU02347,RANDOM_LP_06_SYNTHETIC_0087
RANDOM_LP_06_SYNTHETIC_STU02347,RANDOM_LP_06_SYNTHETIC_0185
RANDOM_LP_06_SYNTHETIC_STU02347,RANDOM_LP_06_SYNTHETIC_0499
RANDOM_LP_06_SYNTHETIC_STU02348,RANDOM_LP_06_SYNTHETIC_0108
RANDOM_LP_06_SYNTHETIC_STU02348,RANDOM_LP_06_SYNTHETIC_0438
RANDOM_LP_06_SYNTHETIC_STU02349,RANDOM_LP_06_SYNTHETIC_0061
RANDOM_LP_06_SYNTHETIC_STU02349,RANDOM_LP_06_SYNTHETIC_0337
RANDOM_LP_06_SYNTHETIC_STU02350,RANDOM_LP_06_SYNTHETIC_0079
RANDOM_LP_06_SYNTHETIC_STU02350,RANDOM_LP_06_SYNTHETIC_0455
RANDOM_LP_06_SYNTHETIC_STU02351,RANDOM_LP_06_SYNTHETIC_0105
RANDOM_LP_06_SYNTHETIC_STU02351,RANDOM_LP_06_SYNTHETIC_0244
RANDOM_LP_06_SYNTHETIC_STU02351,RANDOM_LP_06_SYNTHETIC_0445
RANDOM_LP_06_SYNTHETIC_STU02352,RANDOM_LP_06_SYNTHETIC_0091
RANDOM_LP_06_SYNTHETIC_STU02352,RANDOM_LP_06_SYNTHETIC_0394
RANDOM_LP_06_SYNTHETIC_STU02352,RANDOM_LP_06_SYNTHETIC_0455
RANDOM_LP_06_SYNTHETIC_STU02353,RANDOM_LP_06_SYNTHETIC_0197
RANDOM_LP_06_SYNTHETIC_STU02353,RANDOM_LP_06_SYNTHETIC_0457
RANDOM_LP_06_SYNTHETIC_STU02354,RANDOM_LP_06_SYNTHETIC_0034
RANDOM_LP_06_SYNTHETIC_STU02354,RANDOM_LP_06_SYNTHETIC_0149
RANDOM_LP_06_SYNTHETIC_STU02354,RANDOM_LP_06_SYNTHETIC_0175
RANDOM_LP_06_SYNTHETIC_STU02354,RANDOM_LP_06_SYNTHETIC_0351
RANDOM_LP_06_SYNTHETIC_STU02355,RANDOM_LP_06_SYNTHETIC_0040
RANDOM_LP_06_SYNTHETIC_STU02355,RANDOM_LP_06_SYNTHETIC_0107
RANDOM_LP_06_SYNTHETIC_STU02355,RANDOM_LP_06_SYNTHETIC_0259
RANDOM_LP_06_SYNTHETIC_STU02355,RANDOM_LP_06_SYNTHETIC_0278
RANDOM_LP_06_SYNTHETIC_STU02355,RANDOM_LP_06_SYNTHETIC_0387
RANDOM_LP_06_SYNTHETIC_STU02356,RANDOM_LP_06_SYNTHETIC_0111
RANDOM_LP_06_SYNTHETIC_STU02356,RANDOM_LP_06_SYNTHETIC_0349
RANDOM_LP_06_SYNTHETIC_STU02356,RANDOM_LP_06_SYNTHETIC_0483
RANDOM_LP_06_SYNTHETIC_STU02357,RANDOM_LP_06_SYNTHETIC_0103
RANDOM_LP_06_SYNTHETIC_STU02357,RANDOM_LP_06_SYNTHETIC_0268
RANDOM_LP_06_SYNTHETIC_STU02358,RANDOM_LP_06_SYNTHETIC_0245
RANDOM_LP_06_SYNTHETIC_STU02358,RANDOM_LP_06_SYNTHETIC_0284
RANDOM_LP_06_SYNTHETIC_STU02358,RANDOM_LP_06_SYNTHETIC_0396
RANDOM_LP_06_SYNTHETIC_STU02358,RANDOM_LP_06_SYNTHETIC_0438
RANDOM_LP_06_SYNTHETIC_STU02359,RANDOM_LP_06_SYNTHETIC_0066
RANDOM_LP_06_SYNTHETIC_STU02359,RANDOM_LP_06_SYNTHETIC_0134
RANDOM_LP_06_SYNTHETIC_STU02359,RANDOM_LP_06_SYNTHETIC_0205
RANDOM_LP_06_SYNTHETIC_STU02359,RANDOM_LP_06_SYNTHETIC_0244
RANDOM_LP_06_SYNTHETIC_STU02359,RANDOM_LP_06_SYNTHETIC_0281
RANDOM_LP_06_SYNTHETIC_STU02360,RANDOM_LP_06_SYNTHETIC_0001
RANDOM_LP_06_SYNTHETIC_STU02360,RANDOM_LP_06_SYNTHETIC_0025
RANDOM_LP_06_SYNTHETIC_STU02360,RANDOM_LP_06_SYNTHETIC_0234
RANDOM_LP_06_SYNTHETIC_STU02360,RANDOM_LP_06_SYNTHETIC_0492
RANDOM_LP_06_SYNTHETIC_STU02361,RANDOM_LP_06_SYNTHETIC_0476
RANDOM_LP_06_SYNTHETIC_STU02362,RANDOM_LP_06_SYNTHETIC_0079
RANDOM_LP_06_SYNTHETIC_STU02362,RANDOM_LP_06_SYNTHETIC_0385
RANDOM_LP_06_SYNTHETIC_STU02363,RANDOM_LP_06_SYNTHETIC_0013
RANDOM_LP_06_SYNTHETIC_STU02363,RANDOM_LP_06_SYNTHETIC_0249
RANDOM_LP_06_SYNTHETIC_STU02363,RANDOM_LP_06_SYNTHETIC_0255
RANDOM_LP_06_SYNTHETIC_STU02363,RANDOM_LP_06_SYNTHETIC_0379
RANDOM_LP_06_SYNTHETIC_STU02364,RANDOM_LP_06_SYNTHETIC_0081
RANDOM_LP_06_SYNTHETIC_STU02364,RANDOM_LP_06_SYNTHETIC_0209
RANDOM_LP_06_SYNTHETIC_STU02364,RANDOM_LP_06_SYNTHETIC_0353
RANDOM_LP_06_SYNTHETIC_STU02364,RANDOM_LP_06_SYNTHETIC_0368
RANDOM_LP_06_SYNTHETIC_STU02364,RANDOM_LP_06_SYNTHETIC_0380
RANDOM_LP_06_SYNTHETIC_STU02365,RANDOM_LP_06_SYNTHETIC_0062
RANDOM_LP_06_SYNTHETIC_STU02365,RANDOM_LP_06_SYNTHETIC_0148
RANDOM_LP_06_SYNTHETIC_STU02365,RANDOM_LP_06_SYNTHETIC_0150
RANDOM_LP_06_SYNTHETIC_STU02366,RANDOM_LP_06_SYNTHETIC_0128
RANDOM_LP_06_SYNTHETIC_STU02366,RANDOM_LP_06_SYNTHETIC_0299
RANDOM_LP_06_SYNTHETIC_STU02366,RANDOM_LP_06_SYNTHETIC_0389
RANDOM_LP_06_SYNTHETIC_STU02366,RANDOM_LP_06_SYNTHETIC_0410
RANDOM_LP_06_SYNTHETIC_STU02367,RANDOM_LP_06_SYNTHETIC_0251
RANDOM_LP_06_SYNTHETIC_STU02367,RANDOM_LP_06_SYNTHETIC_0270
RANDOM_LP_06_SYNTHETIC_STU02367,RANDOM_LP_06_SYNTHETIC_0480
RANDOM_LP_06_SYNTHETIC_STU02368,RANDOM_LP_06_SYNTHETIC_0137
RANDOM_LP_06_SYNTHETIC_STU02368,RANDOM_LP_06_SYNTHETIC_0327
RANDOM_LP_06_SYNTHETIC_STU02369,RANDOM_LP_06_SYNTHETIC_0218
RANDOM_LP_06_SYNTHETIC_STU02369,RANDOM_LP_06_SYNTHETIC_0258
RANDOM_LP_06_SYNTHETIC_STU02369,RANDOM_LP_06_SYNTHETIC_0271
RANDOM_LP_06_SYNTHETIC_STU02370,RANDOM_LP_06_SYNTHETIC_0004
RANDOM_LP_06_SYNTHETIC_STU02370,RANDOM_LP_06_SYNTHETIC_0359
RANDOM_LP_06_SYNTHETIC_STU02370,RANDOM_LP_06_SYNTHETIC_0385
RANDOM_LP_06_SYNTHETIC_STU02370,RANDOM_LP_06_SYNTHETIC_0483
RANDOM_LP_06_SYNTHETIC_STU02371,RANDOM_LP_06_SYNTHETIC_0111
RANDOM_LP_06_SYNTHETIC_STU02371,RANDOM_LP_06_SYNTHETIC_0175
RANDOM_LP_06_SYNTHETIC_STU02371,RANDOM_LP_06_SYNTHETIC_0288
RANDOM_LP_06_SYNTHETIC_STU02371,RANDOM_LP_06_SYNTHETIC_0391
RANDOM_LP_06_SYNTHETIC_STU02372,RANDOM_LP_06_SYNTHETIC_0242
RANDOM_LP_06_SYNTHETIC_STU02372,RANDOM_LP_06_SYNTHETIC_0342
RANDOM_LP_06_SYNTHETIC_STU02373,RANDOM_LP_06_SYNTHETIC_0474
RANDOM_LP_06_SYNTHETIC_STU02374,RANDOM_LP_06_SYNTHETIC_0066
RANDOM_LP_06_SYNTHETIC_STU02374,RANDOM_LP_06_SYNTHETIC_0069
RANDOM_LP_06_SYNTHETIC_STU02374,RANDOM_LP_06_SYNTHETIC_0146
RANDOM_LP_06_SYNTHETIC_STU02374,RANDOM_LP_06_SYNTHETIC_0178
RANDOM_LP_06_SYNTHETIC_STU02374,RANDOM_LP_06_SYNTHETIC_0319
RANDOM_LP_06_SYNTHETIC_STU02375,RANDOM_LP_06_SYNTHETIC_0216
RANDOM_LP_06_SYNTHETIC_STU02375,RANDOM_LP_06_SYNTHETIC_0370
RANDOM_LP_06_SYNTHETIC_STU02375,RANDOM_LP_06_SYNTHETIC_0464
RANDOM_LP_06_SYNTHETIC_STU02376,RANDOM_LP_06_SYNTHETIC_0179
RANDOM_LP_06_SYNTHETIC_STU02376,RANDOM_LP_06_SYNTHETIC_0198
RANDOM_LP_06_SYNTHETIC_STU02376,RANDOM_LP_06_SYNTHETIC_0406
RANDOM_LP_06_SYNTHETIC_STU02377,RANDOM_LP_06_SYNTHETIC_0069
RANDOM_LP_06_SYNTHETIC_STU02377,RANDOM_LP_06_SYNTHETIC_0122
RANDOM_LP_06_SYNTHETIC_STU02377,RANDOM_LP_06_SYNTHETIC_0357
RANDOM_LP_06_SYNTHETIC_STU02378,RANDOM_LP_06_SYNTHETIC_0233
RANDOM_LP_06_SYNTHETIC_STU02378,RANDOM_LP_06_SYNTHETIC_0328
RANDOM_LP_06_SYNTHETIC_STU02379,RANDOM_LP_06_SYNTHETIC_0002
RANDOM_LP_06_SYNTHETIC_STU02379,RANDOM_LP_06_SYNTHETIC_0449
RANDOM_LP_06_SYNTHETIC_STU02379,RANDOM_LP_06_SYNTHETIC_0473
RANDOM_LP_06_SYNTHETIC_STU02380,RANDOM_LP_06_SYNTHETIC_0248
RANDOM_LP_06_SYNTHETIC_STU02380,RANDOM_LP_06_SYNTHETIC_0350
RANDOM_LP_06_SYNTHETIC_STU02380,RANDOM_LP_06_SYNTHETIC_0453
RANDOM_LP_06_SYNTHETIC_STU02380,RANDOM_LP_06_SYNTHETIC_0486
RANDOM_LP_06_SYNTHETIC_STU02381,RANDOM_LP_06_SYNTHETIC_0002
RANDOM_LP_06_SYNTHETIC_STU02381,RANDOM_LP_06_SYNTHETIC_0220
RANDOM_LP_06_SYNTHETIC_STU02381,RANDOM_LP_06_SYNTHETIC_0236
RANDOM_LP_06_SYNTHETIC_STU02381,RANDOM_LP_06_SYNTHETIC_0423
RANDOM_LP_06_SYNTHETIC_STU02382,RANDOM_LP_06_SYNTHETIC_0161
RANDOM_LP_06_SYNTHETIC_STU02382,RANDOM_LP_06_SYNTHETIC_0165
RANDOM_LP_06_SYNTHETIC_STU02383,RANDOM_LP_06_SYNTHETIC_0025
RANDOM_LP_06_SYNTHETIC_STU02383,RANDOM_LP_06_SYNTHETIC_0137
RANDOM_LP_06_SYNTHETIC_STU02383,RANDOM_LP_06_SYNTHETIC_0361
RANDOM_LP_06_SYNTHETIC_STU02383,RANDOM_LP_06_SYNTHETIC_0418
RANDOM_LP_06_SYNTHETIC_STU02384,RANDOM_LP_06_SYNTHETIC_0048
RANDOM_LP_06_SYNTHETIC_STU02384,RANDOM_LP_06_SYNTHETIC_0327
RANDOM_LP_06_SYNTHETIC_STU02384,RANDOM_LP_06_SYNTHETIC_0401
RANDOM_LP_06_SYNTHETIC_STU02384,RANDOM_LP_06_SYNTHETIC_0482
RANDOM_LP_06_SYNTHETIC_STU02385,RANDOM_LP_06_SYNTHETIC_0206
RANDOM_LP_06_SYNTHETIC_STU02385,RANDOM_LP_06_SYNTHETIC_0232
RANDOM_LP_06_SYNTHETIC_STU02386,RANDOM_LP_06_SYNTHETIC_0137
RANDOM_LP_06_SYNTHETIC_STU02386,RANDOM_LP_06_SYNTHETIC_0158
RANDOM_LP_06_SYNTHETIC_STU02386,RANDOM_LP_06_SYNTHETIC_0428
RANDOM_LP_06_SYNTHETIC_STU02386,RANDOM_LP_06_SYNTHETIC_0491
RANDOM_LP_06_SYNTHETIC_STU02387,RANDOM_LP_06_SYNTHETIC_0277
RANDOM_LP_06_SYNTHETIC_STU02387,RANDOM_LP_06_SYNTHETIC_0469
RANDOM_LP_06_SYNTHETIC_STU02388,RANDOM_LP_06_SYNTHETIC_0177
RANDOM_LP_06_SYNTHETIC_STU02388,RANDOM_LP_06_SYNTHETIC_0324
RANDOM_LP_06_SYNTHETIC_STU02389,RANDOM_LP_06_SYNTHETIC_0454
RANDOM_LP_06_SYNTHETIC_STU02390,RANDOM_LP_06_SYNTHETIC_0031
RANDOM_LP_06_SYNTHETIC_STU02390,RANDOM_LP_06_SYNTHETIC_0121
RANDOM_LP_06_SYNTHETIC_STU02390,RANDOM_LP_06_SYNTHETIC_0149
RANDOM_LP_06_SYNTHETIC_STU02391,RANDOM_LP_06_SYNTHETIC_0122
RANDOM_LP_06_SYNTHETIC_STU02392,RANDOM_LP_06_SYNTHETIC_0174
RANDOM_LP_06_SYNTHETIC_STU02392,RANDOM_LP_06_SYNTHETIC_0253
RANDOM_LP_06_SYNTHETIC_STU02393,RANDOM_LP_06_SYNTHETIC_0305
RANDOM_LP_06_SYNTHETIC_STU02393,RANDOM_LP_06_SYNTHETIC_0339
RANDOM_LP_06_SYNTHETIC_STU02393,RANDOM_LP_06_SYNTHETIC_0438
RANDOM_LP_06_SYNTHETIC_STU02394,RANDOM_LP_06_SYNTHETIC_0008
RANDOM_LP_06_SYNTHETIC_STU02394,RANDOM_LP_06_SYNTHETIC_0438
RANDOM_LP_06_SYNTHETIC_STU02394,RANDOM_LP_06_SYNTHETIC_0465
RANDOM_LP_06_SYNTHETIC_STU02395,RANDOM_LP_06_SYNTHETIC_0073
RANDOM_LP_06_SYNTHETIC_STU02395,RANDOM_LP_06_SYNTHETIC_0178
RANDOM_LP_06_SYNTHETIC_STU02395,RANDOM_LP_06_SYNTHETIC_0334
RANDOM_LP_06_SYNTHETIC_STU02395,RANDOM_LP_06_SYNTHETIC_0343
RANDOM_LP_06_SYNTHETIC_STU02396,RANDOM_LP_06_SYNTHETIC_0259
RANDOM_LP_06_SYNTHETIC_STU02396,RANDOM_LP_06_SYNTHETIC_0277
RANDOM_LP_06_SYNTHETIC_STU02396,RANDOM_LP_06_SYNTHETIC_0410
RANDOM_LP_06_SYNTHETIC_STU02397,RANDOM_LP_06_SYNTHETIC_0180
RANDOM_LP_06_SYNTHETIC_STU02397,RANDOM_LP_06_SYNTHETIC_0386
RANDOM_LP_06_SYNTHETIC_STU02398,RANDOM_LP_06_SYNTHETIC_0069
RANDOM_LP_06_SYNTHETIC_STU02398,RANDOM_LP_06_SYNTHETIC_0152
RANDOM_LP_06_SYNTHETIC_STU02398,RANDOM_LP_06_SYNTHETIC_0206
RANDOM_LP_06_SYNTHETIC_STU02398,RANDOM_LP_06_SYNTHETIC_0229
RANDOM_LP_06_SYNTHETIC_STU02398,RANDOM_LP_06_SYNTHETIC_0287
RANDOM_LP_06_SYNTHETIC_STU02399,RANDOM_LP_06_SYNTHETIC_0184
RANDOM_LP_06_SYNTHETIC_STU02400,RANDOM_LP_06_SYNTHETIC_0252
RANDOM_LP_06_SYNTHETIC_STU02400,RANDOM_LP_06_SYNTHETIC_0478
RANDOM_LP_06_SYNTHETIC_STU02401,RANDOM_LP_06_SYNTHETIC_0041
RANDOM_LP_06_SYNTHETIC_STU02402,RANDOM_LP_06_SYNTHETIC_0241
RANDOM_LP_06_SYNTHETIC_STU02402,RANDOM_LP_06_SYNTHETIC_0251
RANDOM_LP_06_SYNTHETIC_STU02402,RANDOM_LP_06_SYNTHETIC_0435
RANDOM_LP_06_SYNTHETIC_STU02403,RANDOM_LP_06_SYNTHETIC_0084
RANDOM_LP_06_SYNTHETIC_STU02404,RANDOM_LP_06_SYNTHETIC_0165
RANDOM_LP_06_SYNTHETIC_STU02404,RANDOM_LP_06_SYNTHETIC_0337
RANDOM_LP_06_SYNTHETIC_STU02404,RANDOM_LP_06_SYNTHETIC_0382
RANDOM_LP_06_SYNTHETIC_STU02405,RANDOM_LP_06_SYNTHETIC_0308
RANDOM_LP_06_SYNTHETIC_STU02405,RANDOM_LP_06_SYNTHETIC_0394
RANDOM_LP_06_SYNTHETIC_STU02405,RANDOM_LP_06_SYNTHETIC_0435
RANDOM_LP_06_SYNTHETIC_STU02406,RANDOM_LP_06_SYNTHETIC_0006
RANDOM_LP_06_SYNTHETIC_STU02406,RANDOM_LP_06_SYNTHETIC_0190
RANDOM_LP_06_SYNTHETIC_STU02406,RANDOM_LP_06_SYNTHETIC_0346
RANDOM_LP_06_SYNTHETIC_STU02407,RANDOM_LP_06_SYNTHETIC_0005
RANDOM_LP_06_SYNTHETIC_STU02407,RANDOM_LP_06_SYNTHETIC_0040
RANDOM_LP_06_SYNTHETIC_STU02407,RANDOM_LP_06_SYNTHETIC_0125
RANDOM_LP_06_SYNTHETIC_STU02407,RANDOM_LP_06_SYNTHETIC_0146
RANDOM_LP_06_SYNTHETIC_STU02407,RANDOM_LP_06_SYNTHETIC_0387
RANDOM_LP_06_SYNTHETIC_STU02408,RANDOM_LP_06_SYNTHETIC_0153
RANDOM_LP_06_SYNTHETIC_STU02408,RANDOM_LP_06_SYNTHETIC_0343
RANDOM_LP_06_SYNTHETIC_STU02408,RANDOM_LP_06_SYNTHETIC_0421
RANDOM_LP_06_SYNTHETIC_STU02408,RANDOM_LP_06_SYNTHETIC_0500
RANDOM_LP_06_SYNTHETIC_STU02409,RANDOM_LP_06_SYNTHETIC_0172
RANDOM_LP_06_SYNTHETIC_STU02409,RANDOM_LP_06_SYNTHETIC_0208
RANDOM_LP_06_SYNTHETIC_STU02409,RANDOM_LP_06_SYNTHETIC_0281
RANDOM_LP_06_SYNTHETIC_STU02409,RANDOM_LP_06_SYNTHETIC_0383
RANDOM_LP_06_SYNTHETIC_STU02409,RANDOM_LP_06_SYNTHETIC_0389
RANDOM_LP_06_SYNTHETIC_STU02409,RANDOM_LP_06_SYNTHETIC_0392
RANDOM_LP_06_SYNTHETIC_STU02409,RANDOM_LP_06_SYNTHETIC_0475
RANDOM_LP_06_SYNTHETIC_STU02410,RANDOM_LP_06_SYNTHETIC_0049
RANDOM_LP_06_SYNTHETIC_STU02410,RANDOM_LP_06_SYNTHETIC_0153
RANDOM_LP_06_SYNTHETIC_STU02410,RANDOM_LP_06_SYNTHETIC_0365
RANDOM_LP_06_SYNTHETIC_STU02411,RANDOM_LP_06_SYNTHETIC_0230
RANDOM_LP_06_SYNTHETIC_STU02411,RANDOM_LP_06_SYNTHETIC_0253
RANDOM_LP_06_SYNTHETIC_STU02412,RANDOM_LP_06_SYNTHETIC_0066
RANDOM_LP_06_SYNTHETIC_STU02412,RANDOM_LP_06_SYNTHETIC_0157
RANDOM_LP_06_SYNTHETIC_STU02412,RANDOM_LP_06_SYNTHETIC_0172
RANDOM_LP_06_SYNTHETIC_STU02412,RANDOM_LP_06_SYNTHETIC_0219
RANDOM_LP_06_SYNTHETIC_STU02413,RANDOM_LP_06_SYNTHETIC_0307
RANDOM_LP_06_SYNTHETIC_STU02413,RANDOM_LP_06_SYNTHETIC_0369
RANDOM_LP_06_SYNTHETIC_STU02413,RANDOM_LP_06_SYNTHETIC_0443
RANDOM_LP_06_SYNTHETIC_STU02414,RANDOM_LP_06_SYNTHETIC_0128
RANDOM_LP_06_SYNTHETIC_STU02414,RANDOM_LP_06_SYNTHETIC_0418
RANDOM_LP_06_SYNTHETIC_STU02415,RANDOM_LP_06_SYNTHETIC_0408
RANDOM_LP_06_SYNTHETIC_STU02415,RANDOM_LP_06_SYNTHETIC_0478
RANDOM_LP_06_SYNTHETIC_STU02416,RANDOM_LP_06_SYNTHETIC_0035
RANDOM_LP_06_SYNTHETIC_STU02416,RANDOM_LP_06_SYNTHETIC_0300
RANDOM_LP_06_SYNTHETIC_STU02417,RANDOM_LP_06_SYNTHETIC_0037
RANDOM_LP_06_SYNTHETIC_STU02417,RANDOM_LP_06_SYNTHETIC_0272
RANDOM_LP_06_SYNTHETIC_STU02417,RANDOM_LP_06_SYNTHETIC_0412
RANDOM_LP_06_SYNTHETIC_STU02418,RANDOM_LP_06_SYNTHETIC_0467
RANDOM_LP_06_SYNTHETIC_STU02419,RANDOM_LP_06_SYNTHETIC_0196
RANDOM_LP_06_SYNTHETIC_STU02419,RANDOM_LP_06_SYNTHETIC_0420
RANDOM_LP_06_SYNTHETIC_STU02419,RANDOM_LP_06_SYNTHETIC_0499
RANDOM_LP_06_SYNTHETIC_STU02420,RANDOM_LP_06_SYNTHETIC_0004
RANDOM_LP_06_SYNTHETIC_STU02420,RANDOM_LP_06_SYNTHETIC_0207
RANDOM_LP_06_SYNTHETIC_STU02420,RANDOM_LP_06_SYNTHETIC_0420
RANDOM_LP_06_SYNTHETIC_STU02421,RANDOM_LP_06_SYNTHETIC_0186
RANDOM_LP_06_SYNTHETIC_STU02421,RANDOM_LP_06_SYNTHETIC_0438
RANDOM_LP_06_SYNTHETIC_STU02421,RANDOM_LP_06_SYNTHETIC_0491
RANDOM_LP_06_SYNTHETIC_STU02422,RANDOM_LP_06_SYNTHETIC_0237
RANDOM_LP_06_SYNTHETIC_STU02422,RANDOM_LP_06_SYNTHETIC_0268
RANDOM_LP_06_SYNTHETIC_STU02423,RANDOM_LP_06_SYNTHETIC_0040
RANDOM_LP_06_SYNTHETIC_STU02423,RANDOM_LP_06_SYNTHETIC_0424
RANDOM_LP_06_SYNTHETIC_STU02423,RANDOM_LP_06_SYNTHETIC_0459
RANDOM_LP_06_SYNTHETIC_STU02423,RANDOM_LP_06_SYNTHETIC_0499
RANDOM_LP_06_SYNTHETIC_STU02424,RANDOM_LP_06_SYNTHETIC_0438
RANDOM_LP_06_SYNTHETIC_STU02425,RANDOM_LP_06_SYNTHETIC_0077
RANDOM_LP_06_SYNTHETIC_STU02425,RANDOM_LP_06_SYNTHETIC_0096
RANDOM_LP_06_SYNTHETIC_STU02425,RANDOM_LP_06_SYNTHETIC_0128
RANDOM_LP_06_SYNTHETIC_STU02425,RANDOM_LP_06_SYNTHETIC_0498
RANDOM_LP_06_SYNTHETIC_STU02426,RANDOM_LP_06_SYNTHETIC_0109
RANDOM_LP_06_SYNTHETIC_STU02426,RANDOM_LP_06_SYNTHETIC_0203
RANDOM_LP_06_SYNTHETIC_STU02427,RANDOM_LP_06_SYNTHETIC_0353
RANDOM_LP_06_SYNTHETIC_STU02428,RANDOM_LP_06_SYNTHETIC_0014
RANDOM_LP_06_SYNTHETIC_STU02428,RANDOM_LP_06_SYNTHETIC_0041
RANDOM_LP_06_SYNTHETIC_STU02428,RANDOM_LP_06_SYNTHETIC_0140
RANDOM_LP_06_SYNTHETIC_STU02428,RANDOM_LP_06_SYNTHETIC_0342
RANDOM_LP_06_SYNTHETIC_STU02429,RANDOM_LP_06_SYNTHETIC_0389
RANDOM_LP_06_SYNTHETIC_STU02429,RANDOM_LP_06_SYNTHETIC_0460
RANDOM_LP_06_SYNTHETIC_STU02430,RANDOM_LP_06_SYNTHETIC_0101
RANDOM_LP_06_SYNTHETIC_STU02430,RANDOM_LP_06_SYNTHETIC_0359
RANDOM_LP_06_SYNTHETIC_STU02431,RANDOM_LP_06_SYNTHETIC_0028
RANDOM_LP_06_SYNTHETIC_STU02431,RANDOM_LP_06_SYNTHETIC_0381
RANDOM_LP_06_SYNTHETIC_STU02431,RANDOM_LP_06_SYNTHETIC_0475
RANDOM_LP_06_SYNTHETIC_STU02432,RANDOM_LP_06_SYNTHETIC_0066
RANDOM_LP_06_SYNTHETIC_STU02432,RANDOM_LP_06_SYNTHETIC_0088
RANDOM_LP_06_SYNTHETIC_STU02433,RANDOM_LP_06_SYNTHETIC_0127
RANDOM_LP_06_SYNTHETIC_STU02433,RANDOM_LP_06_SYNTHETIC_0427
RANDOM_LP_06_SYNTHETIC_STU02434,RANDOM_LP_06_SYNTHETIC_0239
RANDOM_LP_06_SYNTHETIC_STU02434,RANDOM_LP_06_SYNTHETIC_0296
RANDOM_LP_06_SYNTHETIC_STU02434,RANDOM_LP_06_SYNTHETIC_0359
RANDOM_LP_06_SYNTHETIC_STU02435,RANDOM_LP_06_SYNTHETIC_0071
RANDOM_LP_06_SYNTHETIC_STU02435,RANDOM_LP_06_SYNTHETIC_0188
RANDOM_LP_06_SYNTHETIC_STU02436,RANDOM_LP_06_SYNTHETIC_0152
RANDOM_LP_06_SYNTHETIC_STU02436,RANDOM_LP_06_SYNTHETIC_0394
RANDOM_LP_06_SYNTHETIC_STU02436,RANDOM_LP_06_SYNTHETIC_0494
RANDOM_LP_06_SYNTHETIC_STU02437,RANDOM_LP_06_SYNTHETIC_0065
RANDOM_LP_06_SYNTHETIC_STU02437,RANDOM_LP_06_SYNTHETIC_0068
RANDOM_LP_06_SYNTHETIC_STU02438,RANDOM_LP_06_SYNTHETIC_0476
RANDOM_LP_06_SYNTHETIC_STU02439,RANDOM_LP_06_SYNTHETIC_0231
RANDOM_LP_06_SYNTHETIC_STU02439,RANDOM_LP_06_SYNTHETIC_0371
RANDOM_LP_06_SYNTHETIC_STU02440,RANDOM_LP_06_SYNTHETIC_0004
RANDOM_LP_06_SYNTHETIC_STU02440,RANDOM_LP_06_SYNTHETIC_0037
RANDOM_LP_06_SYNTHETIC_STU02440,RANDOM_LP_06_SYNTHETIC_0081
RANDOM_LP_06_SYNTHETIC_STU02440,RANDOM_LP_06_SYNTHETIC_0125
RANDOM_LP_06_SYNTHETIC_STU02441,RANDOM_LP_06_SYNTHETIC_0079
RANDOM_LP_06_SYNTHETIC_STU02441,RANDOM_LP_06_SYNTHETIC_0121
RANDOM_LP_06_SYNTHETIC_STU02441,RANDOM_LP_06_SYNTHETIC_0227
RANDOM_LP_06_SYNTHETIC_STU02441,RANDOM_LP_06_SYNTHETIC_0270
RANDOM_LP_06_SYNTHETIC_STU02442,RANDOM_LP_06_SYNTHETIC_0235
RANDOM_LP_06_SYNTHETIC_STU02442,RANDOM_LP_06_SYNTHETIC_0296
RANDOM_LP_06_SYNTHETIC_STU02442,RANDOM_LP_06_SYNTHETIC_0334
RANDOM_LP_06_SYNTHETIC_STU02442,RANDOM_LP_06_SYNTHETIC_0368
RANDOM_LP_06_SYNTHETIC_STU02443,RANDOM_LP_06_SYNTHETIC_0011
RANDOM_LP_06_SYNTHETIC_STU02443,RANDOM_LP_06_SYNTHETIC_0100
RANDOM_LP_06_SYNTHETIC_STU02443,RANDOM_LP_06_SYNTHETIC_0199
RANDOM_LP_06_SYNTHETIC_STU02443,RANDOM_LP_06_SYNTHETIC_0296
RANDOM_LP_06_SYNTHETIC_STU02443,RANDOM_LP_06_SYNTHETIC_0498
RANDOM_LP_06_SYNTHETIC_STU02444,RANDOM_LP_06_SYNTHETIC_0199
RANDOM_LP_06_SYNTHETIC_STU02445,RANDOM_LP_06_SYNTHETIC_0009
RANDOM_LP_06_SYNTHETIC_STU02445,RANDOM_LP_06_SYNTHETIC_0013
RANDOM_LP_06_SYNTHETIC_STU02445,RANDOM_LP_06_SYNTHETIC_0014
RANDOM_LP_06_SYNTHETIC_STU02445,RANDOM_LP_06_SYNTHETIC_0085
RANDOM_LP_06_SYNTHETIC_STU02445,RANDOM_LP_06_SYNTHETIC_0102
RANDOM_LP_06_SYNTHETIC_STU02445,RANDOM_LP_06_SYNTHETIC_0478
RANDOM_LP_06_SYNTHETIC_STU02446,RANDOM_LP_06_SYNTHETIC_0022
RANDOM_LP_06_SYNTHETIC_STU02446,RANDOM_LP_06_SYNTHETIC_0040
RANDOM_LP_06_SYNTHETIC_STU02446,RANDOM_LP_06_SYNTHETIC_0172
RANDOM_LP_06_SYNTHETIC_STU02446,RANDOM_LP_06_SYNTHETIC_0179
RANDOM_LP_06_SYNTHETIC_STU02446,RANDOM_LP_06_SYNTHETIC_0350
RANDOM_LP_06_SYNTHETIC_STU02446,RANDOM_LP_06_SYNTHETIC_0423
RANDOM_LP_06_SYNTHETIC_STU02447,RANDOM_LP_06_SYNTHETIC_0049
RANDOM_LP_06_SYNTHETIC_STU02447,RANDOM_LP_06_SYNTHETIC_0257
RANDOM_LP_06_SYNTHETIC_STU02447,RANDOM_LP_06_SYNTHETIC_0370
RANDOM_LP_06_SYNTHETIC_STU02447,RANDOM_LP_06_SYNTHETIC_0469
RANDOM_LP_06_SYNTHETIC_STU02448,RANDOM_LP_06_SYNTHETIC_0078
RANDOM_LP_06_SYNTHETIC_STU02448,RANDOM_LP_06_SYNTHETIC_0343
RANDOM_LP_06_SYNTHETIC_STU02448,RANDOM_LP_06_SYNTHETIC_0398
RANDOM_LP_06_SYNTHETIC_STU02448,RANDOM_LP_06_SYNTHETIC_0478
RANDOM_LP_06_SYNTHETIC_STU02449,RANDOM_LP_06_SYNTHETIC_0178
RANDOM_LP_06_SYNTHETIC_STU02449,RANDOM_LP_06_SYNTHETIC_0451
RANDOM_LP_06_SYNTHETIC_STU02450,RANDOM_LP_06_SYNTHETIC_0057
RANDOM_LP_06_SYNTHETIC_STU02450,RANDOM_LP_06_SYNTHETIC_0385
RANDOM_LP_06_SYNTHETIC_STU02451,RANDOM_LP_06_SYNTHETIC_0387
RANDOM_LP_06_SYNTHETIC_STU02451,RANDOM_LP_06_SYNTHETIC_0389
RANDOM_LP_06_SYNTHETIC_STU02452,RANDOM_LP_06_SYNTHETIC_0028
RANDOM_LP_06_SYNTHETIC_STU02452,RANDOM_LP_06_SYNTHETIC_0049
RANDOM_LP_06_SYNTHETIC_STU02452,RANDOM_LP_06_SYNTHETIC_0115
RANDOM_LP_06_SYNTHETIC_STU02453,RANDOM_LP_06_SYNTHETIC_0092
RANDOM_LP_06_SYNTHETIC_STU02453,RANDOM_LP_06_SYNTHETIC_0112
RANDOM_LP_06_SYNTHETIC_STU02453,RANDOM_LP_06_SYNTHETIC_0319
RANDOM_LP_06_SYNTHETIC_STU02454,RANDOM_LP_06_SYNTHETIC_0057
RANDOM_LP_06_SYNTHETIC_STU02454,RANDOM_LP_06_SYNTHETIC_0251
RANDOM_LP_06_SYNTHETIC_STU02455,RANDOM_LP_06_SYNTHETIC_0013
RANDOM_LP_06_SYNTHETIC_STU02455,RANDOM_LP_06_SYNTHETIC_0267
RANDOM_LP_06_SYNTHETIC_STU02455,RANDOM_LP_06_SYNTHETIC_0326
RANDOM_LP_06_SYNTHETIC_STU02455,RANDOM_LP_06_SYNTHETIC_0360
RANDOM_LP_06_SYNTHETIC_STU02456,RANDOM_LP_06_SYNTHETIC_0149
RANDOM_LP_06_SYNTHETIC_STU02456,RANDOM_LP_06_SYNTHETIC_0165
RANDOM_LP_06_SYNTHETIC_STU02456,RANDOM_LP_06_SYNTHETIC_0396
RANDOM_LP_06_SYNTHETIC_STU02456,RANDOM_LP_06_SYNTHETIC_0418
RANDOM_LP_06_SYNTHETIC_STU02457,RANDOM_LP_06_SYNTHETIC_0141
RANDOM_LP_06_SYNTHETIC_STU02457,RANDOM_LP_06_SYNTHETIC_0217
RANDOM_LP_06_SYNTHETIC_STU02458,RANDOM_LP_06_SYNTHETIC_0273
RANDOM_LP_06_SYNTHETIC_STU02458,RANDOM_LP_06_SYNTHETIC_0459
RANDOM_LP_06_SYNTHETIC_STU02459,RANDOM_LP_06_SYNTHETIC_0112
RANDOM_LP_06_SYNTHETIC_STU02459,RANDOM_LP_06_SYNTHETIC_0379
RANDOM_LP_06_SYNTHETIC_STU02459,RANDOM_LP_06_SYNTHETIC_0436
RANDOM_LP_06_SYNTHETIC_STU02460,RANDOM_LP_06_SYNTHETIC_0184
RANDOM_LP_06_SYNTHETIC_STU02460,RANDOM_LP_06_SYNTHETIC_0321
RANDOM_LP_06_SYNTHETIC_STU02460,RANDOM_LP_06_SYNTHETIC_0435
RANDOM_LP_06_SYNTHETIC_STU02461,RANDOM_LP_06_SYNTHETIC_0209
RANDOM_LP_06_SYNTHETIC_STU02461,RANDOM_LP_06_SYNTHETIC_0382
RANDOM_LP_06_SYNTHETIC_STU02462,RANDOM_LP_06_SYNTHETIC_0383
RANDOM_LP_06_SYNTHETIC_STU02462,RANDOM_LP_06_SYNTHETIC_0457
RANDOM_LP_06_SYNTHETIC_STU02463,RANDOM_LP_06_SYNTHETIC_0062
RANDOM_LP_06_SYNTHETIC_STU02463,RANDOM_LP_06_SYNTHETIC_0292
RANDOM_LP_06_SYNTHETIC_STU02463,RANDOM_LP_06_SYNTHETIC_0343
RANDOM_LP_06_SYNTHETIC_STU02463,RANDOM_LP_06_SYNTHETIC_0390
RANDOM_LP_06_SYNTHETIC_STU02464,RANDOM_LP_06_SYNTHETIC_0073
RANDOM_LP_06_SYNTHETIC_STU02464,RANDOM_LP_06_SYNTHETIC_0322
RANDOM_LP_06_SYNTHETIC_STU02465,RANDOM_LP_06_SYNTHETIC_0081
RANDOM_LP_06_SYNTHETIC_STU02465,RANDOM_LP_06_SYNTHETIC_0136
RANDOM_LP_06_SYNTHETIC_STU02465,RANDOM_LP_06_SYNTHETIC_0363
RANDOM_LP_06_SYNTHETIC_STU02465,RANDOM_LP_06_SYNTHETIC_0380
RANDOM_LP_06_SYNTHETIC_STU02465,RANDOM_LP_06_SYNTHETIC_0435
RANDOM_LP_06_SYNTHETIC_STU02466,RANDOM_LP_06_SYNTHETIC_0079
RANDOM_LP_06_SYNTHETIC_STU02466,RANDOM_LP_06_SYNTHETIC_0253
RANDOM_LP_06_SYNTHETIC_STU02466,RANDOM_LP_06_SYNTHETIC_0368
RANDOM_LP_06_SYNTHETIC_STU02466,RANDOM_LP_06_SYNTHETIC_0372
RANDOM_LP_06_SYNTHETIC_STU02467,RANDOM_LP_06_SYNTHETIC_0024
RANDOM_LP_06_SYNTHETIC_STU02467,RANDOM_LP_06_SYNTHETIC_0143
RANDOM_LP_06_SYNTHETIC_STU02468,RANDOM_LP_06_SYNTHETIC_0112
RANDOM_LP_06_SYNTHETIC_STU02468,RANDOM_LP_06_SYNTHETIC_0124
RANDOM_LP_06_SYNTHETIC_STU02469,RANDOM_LP_06_SYNTHETIC_0260
RANDOM_LP_06_SYNTHETIC_STU02470,RANDOM_LP_06_SYNTHETIC_0216
RANDOM_LP_06_SYNTHETIC_STU02470,RANDOM_LP_06_SYNTHETIC_0461
RANDOM_LP_06_SYNTHETIC_STU02471,RANDOM_LP_06_SYNTHETIC_0218
RANDOM_LP_06_SYNTHETIC_STU02471,RANDOM_LP_06_SYNTHETIC_0417
RANDOM_LP_06_SYNTHETIC_STU02471,RANDOM_LP_06_SYNTHETIC_0449
RANDOM_LP_06_SYNTHETIC_STU02472,RANDOM_LP_06_SYNTHETIC_0178
RANDOM_LP_06_SYNTHETIC_STU02472,RANDOM_LP_06_SYNTHETIC_0214
RANDOM_LP_06_SYNTHETIC_STU02472,RANDOM_LP_06_SYNTHETIC_0238
RANDOM_LP_06_SYNTHETIC_STU02472,RANDOM_LP_06_SYNTHETIC_0352
RANDOM_LP_06_SYNTHETIC_STU02472,RANDOM_LP_06_SYNTHETIC_0487
RANDOM_LP_06_SYNTHETIC_STU02473,RANDOM_LP_06_SYNTHETIC_0004
RANDOM_LP_06_SYNTHETIC_STU02473,RANDOM_LP_06_SYNTHETIC_0202
RANDOM_LP_06_SYNTHETIC_STU02474,RANDOM_LP_06_SYNTHETIC_0112
RANDOM_LP_06_SYNTHETIC_STU02474,RANDOM_LP_06_SYNTHETIC_0157
RANDOM_LP_06_SYNTHETIC_STU02474,RANDOM_LP_06_SYNTHETIC_0241
RANDOM_LP_06_SYNTHETIC_STU02474,RANDOM_LP_06_SYNTHETIC_0387
RANDOM_LP_06_SYNTHETIC_STU02475,RANDOM_LP_06_SYNTHETIC_0450
RANDOM_LP_06_SYNTHETIC_STU02476,RANDOM_LP_06_SYNTHETIC_0073
RANDOM_LP_06_SYNTHETIC_STU02476,RANDOM_LP_06_SYNTHETIC_0171
RANDOM_LP_06_SYNTHETIC_STU02476,RANDOM_LP_06_SYNTHETIC_0254
RANDOM_LP_06_SYNTHETIC_STU02477,RANDOM_LP_06_SYNTHETIC_0042
RANDOM_LP_06_SYNTHETIC_STU02477,RANDOM_LP_06_SYNTHETIC_0289
RANDOM_LP_06_SYNTHETIC_STU02478,RANDOM_LP_06_SYNTHETIC_0106
RANDOM_LP_06_SYNTHETIC_STU02478,RANDOM_LP_06_SYNTHETIC_0283
RANDOM_LP_06_SYNTHETIC_STU02478,RANDOM_LP_06_SYNTHETIC_0335
RANDOM_LP_06_SYNTHETIC_STU02479,RANDOM_LP_06_SYNTHETIC_0179
RANDOM_LP_06_SYNTHETIC_STU02479,RANDOM_LP_06_SYNTHETIC_0275
RANDOM_LP_06_SYNTHETIC_STU02479,RANDOM_LP_06_SYNTHETIC_0441
RANDOM_LP_06_SYNTHETIC_STU02480,RANDOM_LP_06_SYNTHETIC_0042
RANDOM_LP_06_SYNTHETIC_STU02480,RANDOM_LP_06_SYNTHETIC_0131
RANDOM_LP_06_SYNTHETIC_STU02481,RANDOM_LP_06_SYNTHETIC_0068
RANDOM_LP_06_SYNTHETIC_STU02481,RANDOM_LP_06_SYNTHETIC_0261
RANDOM_LP_06_SYNTHETIC_STU02481,RANDOM_LP_06_SYNTHETIC_0269
RANDOM_LP_06_SYNTHETIC_STU02481,RANDOM_LP_06_SYNTHETIC_0406
RANDOM_LP_06_SYNTHETIC_STU02481,RANDOM_LP_06_SYNTHETIC_0469
RANDOM_LP_06_SYNTHETIC_STU02481,RANDOM_LP_06_SYNTHETIC_0475
RANDOM_LP_06_SYNTHETIC_STU02482,RANDOM_LP_06_SYNTHETIC_0040
RANDOM_LP_06_SYNTHETIC_STU02482,RANDOM_LP_06_SYNTHETIC_0145
RANDOM_LP_06_SYNTHETIC_STU02482,RANDOM_LP_06_SYNTHETIC_0250
RANDOM_LP_06_SYNTHETIC_STU02482,RANDOM_LP_06_SYNTHETIC_0449
RANDOM_LP_06_SYNTHETIC_STU02483,RANDOM_LP_06_SYNTHETIC_0009
RANDOM_LP_06_SYNTHETIC_STU02483,RANDOM_LP_06_SYNTHETIC_0158
RANDOM_LP_06_SYNTHETIC_STU02484,RANDOM_LP_06_SYNTHETIC_0409
RANDOM_LP_06_SYNTHETIC_STU02484,RANDOM_LP_06_SYNTHETIC_0491
RANDOM_LP_06_SYNTHETIC_STU02485,RANDOM_LP_06_SYNTHETIC_0291
RANDOM_LP_06_SYNTHETIC_STU02486,RANDOM_LP_06_SYNTHETIC_0117
RANDOM_LP_06_SYNTHETIC_STU02486,RANDOM_LP_06_SYNTHETIC_0178
RANDOM_LP_06_SYNTHETIC_STU02486,RANDOM_LP_06_SYNTHETIC_0235
RANDOM_LP_06_SYNTHETIC_STU02487,RANDOM_LP_06_SYNTHETIC_0004
RANDOM_LP_06_SYNTHETIC_STU02487,RANDOM_LP_06_SYNTHETIC_0121
RANDOM_LP_06_SYNTHETIC_STU02487,RANDOM_LP_06_SYNTHETIC_0157
RANDOM_LP_06_SYNTHETIC_STU02487,RANDOM_LP_06_SYNTHETIC_0229
RANDOM_LP_06_SYNTHETIC_STU02487,RANDOM_LP_06_SYNTHETIC_0275
RANDOM_LP_06_SYNTHETIC_STU02487,RANDOM_LP_06_SYNTHETIC_0301
RANDOM_LP_06_SYNTHETIC_STU02487,RANDOM_LP_06_SYNTHETIC_0414
RANDOM_LP_06_SYNTHETIC_STU02488,RANDOM_LP_06_SYNTHETIC_0078
RANDOM_LP_06_SYNTHETIC_STU02488,RANDOM_LP_06_SYNTHETIC_0445
RANDOM_LP_06_SYNTHETIC_STU02489,RANDOM_LP_06_SYNTHETIC_0116
RANDOM_LP_06_SYNTHETIC_STU02489,RANDOM_LP_06_SYNTHETIC_0141
RANDOM_LP_06_SYNTHETIC_STU02489,RANDOM_LP_06_SYNTHETIC_0344
RANDOM_LP_06_SYNTHETIC_STU02489,RANDOM_LP_06_SYNTHETIC_0474
RANDOM_LP_06_SYNTHETIC_STU02490,RANDOM_LP_06_SYNTHETIC_0053
RANDOM_LP_06_SYNTHETIC_STU02490,RANDOM_LP_06_SYNTHETIC_0098
RANDOM_LP_06_SYNTHETIC_STU02490,RANDOM_LP_06_SYNTHETIC_0197
RANDOM_LP_06_SYNTHETIC_STU02491,RANDOM_LP_06_SYNTHETIC_0032
RANDOM_LP_06_SYNTHETIC_STU02491,RANDOM_LP_06_SYNTHETIC_0437
RANDOM_LP_06_SYNTHETIC_STU02492,RANDOM_LP_06_SYNTHETIC_0164
RANDOM_LP_06_SYNTHETIC_STU02492,RANDOM_LP_06_SYNTHETIC_0361
RANDOM_LP_06_SYNTHETIC_STU02493,RANDOM_LP_06_SYNTHETIC_0035
RANDOM_LP_06_SYNTHETIC_STU02493,RANDOM_LP_06_SYNTHETIC_0207
RANDOM_LP_06_SYNTHETIC_STU02493,RANDOM_LP_06_SYNTHETIC_0402
RANDOM_LP_06_SYNTHETIC_STU02493,RANDOM_LP_06_SYNTHETIC_0451
RANDOM_LP_06_SYNTHETIC_STU02494,RANDOM_LP_06_SYNTHETIC_0023
RANDOM_LP_06_SYNTHETIC_STU02494,RANDOM_LP_06_SYNTHETIC_0075
RANDOM_LP_06_SYNTHETIC_STU02494,RANDOM_LP_06_SYNTHETIC_0178
RANDOM_LP_06_SYNTHETIC_STU02494,RANDOM_LP_06_SYNTHETIC_0271
RANDOM_LP_06_SYNTHETIC_STU02494,RANDOM_LP_06_SYNTHETIC_0422
RANDOM_LP_06_SYNTHETIC_STU02495,RANDOM_LP_06_SYNTHETIC_0150
RANDOM_LP_06_SYNTHETIC_STU02495,RANDOM_LP_06_SYNTHETIC_0276
RANDOM_LP_06_SYNTHETIC_STU02495,RANDOM_LP_06_SYNTHETIC_0308
RANDOM_LP_06_SYNTHETIC_STU02495,RANDOM_LP_06_SYNTHETIC_0438
RANDOM_LP_06_SYNTHETIC_STU02495,RANDOM_LP_06_SYNTHETIC_0495
RANDOM_LP_06_SYNTHETIC_STU02496,RANDOM_LP_06_SYNTHETIC_0070
RANDOM_LP_06_SYNTHETIC_STU02496,RANDOM_LP_06_SYNTHETIC_0141
RANDOM_LP_06_SYNTHETIC_STU02497,RANDOM_LP_06_SYNTHETIC_0145
RANDOM_LP_06_SYNTHETIC_STU02497,RANDOM_LP_06_SYNTHETIC_0222
RANDOM_LP_06_SYNTHETIC_STU02497,RANDOM_LP_06_SYNTHETIC_0363
RANDOM_LP_06_SYNTHETIC_STU02498,RANDOM_LP_06_SYNTHETIC_0194
RANDOM_LP_06_SYNTHETIC_STU02498,RANDOM_LP_06_SYNTHETIC_0430
RANDOM_LP_06_SYNTHETIC_STU02499,RANDOM_LP_06_SYNTHETIC_0338
RANDOM_LP_06_SYNTHETIC_STU02499,RANDOM_LP_06_SYNTHETIC_0441
RANDOM_LP_06_SYNTHETIC_STU02499,RANDOM_LP_06_SYNTHETIC_0471
RANDOM_LP_06_SYNTHETIC_STU02500,RANDOM_LP_06_SYNTHETIC_0382
RANDOM_LP_06_SYNTHETIC_STU02501,RANDOM_LP_06_SYNTHETIC_0326
RANDOM_LP_06_SYNTHETIC_STU02502,RANDOM_LP_06_SYNTHETIC_0127
RANDOM_LP_06_SYNTHETIC_STU02502,RANDOM_LP_06_SYNTHETIC_0475
RANDOM_LP_06_SYNTHETIC_STU02503,RANDOM_LP_06_SYNTHETIC_0040
RANDOM_LP_06_SYNTHETIC_STU02503,RANDOM_LP_06_SYNTHETIC_0042
RANDOM_LP_06_SYNTHETIC_STU02503,RANDOM_LP_06_SYNTHETIC_0109
RANDOM_LP_06_SYNTHETIC_STU02504,RANDOM_LP_06_SYNTHETIC_0121
RANDOM_LP_06_SYNTHETIC_STU02504,RANDOM_LP_06_SYNTHETIC_0332
RANDOM_LP_06_SYNTHETIC_STU02504,RANDOM_LP_06_SYNTHETIC_0429
RANDOM_LP_06_SYNTHETIC_STU02505,RANDOM_LP_06_SYNTHETIC_0143
RANDOM_LP_06_SYNTHETIC_STU02505,RANDOM_LP_06_SYNTHETIC_0165
RANDOM_LP_06_SYNTHETIC_STU02505,RANDOM_LP_06_SYNTHETIC_0166
RANDOM_LP_06_SYNTHETIC_STU02505,RANDOM_LP_06_SYNTHETIC_0296
RANDOM_LP_06_SYNTHETIC_STU02506,RANDOM_LP_06_SYNTHETIC_0050
RANDOM_LP_06_SYNTHETIC_STU02506,RANDOM_LP_06_SYNTHETIC_0252
RANDOM_LP_06_SYNTHETIC_STU02506,RANDOM_LP_06_SYNTHETIC_0463
RANDOM_LP_06_SYNTHETIC_STU02506,RANDOM_LP_06_SYNTHETIC_0483
RANDOM_LP_06_SYNTHETIC_STU02507,RANDOM_LP_06_SYNTHETIC_0069
RANDOM_LP_06_SYNTHETIC_STU02507,RANDOM_LP_06_SYNTHETIC_0275
RANDOM_LP_06_SYNTHETIC_STU02507,RANDOM_LP_06_SYNTHETIC_0337
RANDOM_LP_06_SYNTHETIC_STU02507,RANDOM_LP_06_SYNTHETIC_0410
RANDOM_LP_06_SYNTHETIC_STU02508,RANDOM_LP_06_SYNTHETIC_0091
RANDOM_LP_06_SYNTHETIC_STU02508,RANDOM_LP_06_SYNTHETIC_0387
RANDOM_LP_06_SYNTHETIC_STU02509,RANDOM_LP_06_SYNTHETIC_0229
RANDOM_LP_06_SYNTHETIC_STU02509,RANDOM_LP_06_SYNTHETIC_0324
RANDOM_LP_06_SYNTHETIC_STU02509,RANDOM_LP_06_SYNTHETIC_0333
RANDOM_LP_06_SYNTHETIC_STU02509,RANDOM_LP_06_SYNTHETIC_0352
RANDOM_LP_06_SYNTHETIC_STU02510,RANDOM_LP_06_SYNTHETIC_0404
RANDOM_LP_06_SYNTHETIC_STU02510,RANDOM_LP_06_SYNTHETIC_0417
RANDOM_LP_06_SYNTHETIC_STU02510,RANDOM_LP_06_SYNTHETIC_0498
RANDOM_LP_06_SYNTHETIC_STU02511,RANDOM_LP_06_SYNTHETIC_0164
RANDOM_LP_06_SYNTHETIC_STU02511,RANDOM_LP_06_SYNTHETIC_0252
RANDOM_LP_06_SYNTHETIC_STU02511,RANDOM_LP_06_SYNTHETIC_0319
RANDOM_LP_06_SYNTHETIC_STU02512,RANDOM_LP_06_SYNTHETIC_0206
RANDOM_LP_06_SYNTHETIC_STU02512,RANDOM_LP_06_SYNTHETIC_0275
RANDOM_LP_06_SYNTHETIC_STU02512,RANDOM_LP_06_SYNTHETIC_0372
RANDOM_LP_06_SYNTHETIC_STU02512,RANDOM_LP_06_SYNTHETIC_0444
RANDOM_LP_06_SYNTHETIC_STU02513,RANDOM_LP_06_SYNTHETIC_0242
RANDOM_LP_06_SYNTHETIC_STU02513,RANDOM_LP_06_SYNTHETIC_0494
RANDOM_LP_06_SYNTHETIC_STU02514,RANDOM_LP_06_SYNTHETIC_0067
RANDOM_LP_06_SYNTHETIC_STU02514,RANDOM_LP_06_SYNTHETIC_0329
RANDOM_LP_06_SYNTHETIC_STU02514,RANDOM_LP_06_SYNTHETIC_0330
RANDOM_LP_06_SYNTHETIC_STU02514,RANDOM_LP_06_SYNTHETIC_0446
RANDOM_LP_06_SYNTHETIC_STU02515,RANDOM_LP_06_SYNTHETIC_0034
RANDOM_LP_06_SYNTHETIC_STU02515,RANDOM_LP_06_SYNTHETIC_0340
RANDOM_LP_06_SYNTHETIC_STU02516,RANDOM_LP_06_SYNTHETIC_0111
RANDOM_LP_06_SYNTHETIC_STU02516,RANDOM_LP_06_SYNTHETIC_0198
RANDOM_LP_06_SYNTHETIC_STU02516,RANDOM_LP_06_SYNTHETIC_0324
RANDOM_LP_06_SYNTHETIC_STU02517,RANDOM_LP_06_SYNTHETIC_0085
RANDOM_LP_06_SYNTHETIC_STU02517,RANDOM_LP_06_SYNTHETIC_0179
RANDOM_LP_06_SYNTHETIC_STU02517,RANDOM_LP_06_SYNTHETIC_0185
RANDOM_LP_06_SYNTHETIC_STU02518,RANDOM_LP_06_SYNTHETIC_0178
RANDOM_LP_06_SYNTHETIC_STU02518,RANDOM_LP_06_SYNTHETIC_0185
RANDOM_LP_06_SYNTHETIC_STU02519,RANDOM_LP_06_SYNTHETIC_0009
RANDOM_LP_06_SYNTHETIC_STU02519,RANDOM_LP_06_SYNTHETIC_0078
RANDOM_LP_06_SYNTHETIC_STU02519,RANDOM_LP_06_SYNTHETIC_0195
RANDOM_LP_06_SYNTHETIC_STU02519,RANDOM_LP_06_SYNTHETIC_0358
RANDOM_LP_06_SYNTHETIC_STU02520,RANDOM_LP_06_SYNTHETIC_0140
RANDOM_LP_06_SYNTHETIC_STU02520,RANDOM_LP_06_SYNTHETIC_0398
RANDOM_LP_06_SYNTHETIC_STU02520,RANDOM_LP_06_SYNTHETIC_0448
RANDOM_LP_06_SYNTHETIC_STU02521,RANDOM_LP_06_SYNTHETIC_0079
RANDOM_LP_06_SYNTHETIC_STU02521,RANDOM_LP_06_SYNTHETIC_0118
RANDOM_LP_06_SYNTHETIC_STU02521,RANDOM_LP_06_SYNTHETIC_0340
RANDOM_LP_06_SYNTHETIC_STU02521,RANDOM_LP_06_SYNTHETIC_0462
RANDOM_LP_06_SYNTHETIC_STU02521,RANDOM_LP_06_SYNTHETIC_0464
RANDOM_LP_06_SYNTHETIC_STU02522,RANDOM_LP_06_SYNTHETIC_0124
RANDOM_LP_06_SYNTHETIC_STU02522,RANDOM_LP_06_SYNTHETIC_0189
RANDOM_LP_06_SYNTHETIC_STU02522,RANDOM_LP_06_SYNTHETIC_0203
RANDOM_LP_06_SYNTHETIC_STU02522,RANDOM_LP_06_SYNTHETIC_0372
RANDOM_LP_06_SYNTHETIC_STU02522,RANDOM_LP_06_SYNTHETIC_0387
RANDOM_LP_06_SYNTHETIC_STU02523,RANDOM_LP_06_SYNTHETIC_0039
RANDOM_LP_06_SYNTHETIC_STU02523,RANDOM_LP_06_SYNTHETIC_0255
RANDOM_LP_06_SYNTHETIC_STU02523,RANDOM_LP_06_SYNTHETIC_0416
RANDOM_LP_06_SYNTHETIC_STU02523,RANDOM_LP_06_SYNTHETIC_0423
RANDOM_LP_06_SYNTHETIC_STU02523,RANDOM_LP_06_SYNTHETIC_0482
RANDOM_LP_06_SYNTHETIC_STU02523,RANDOM_LP_06_SYNTHETIC_0489
RANDOM_LP_06_SYNTHETIC_STU02524,RANDOM_LP_06_SYNTHETIC_0263
RANDOM_LP_06_SYNTHETIC_STU02525,RANDOM_LP_06_SYNTHETIC_0145
RANDOM_LP_06_SYNTHETIC_STU02525,RANDOM_LP_06_SYNTHETIC_0255
RANDOM_LP_06_SYNTHETIC_STU02525,RANDOM_LP_06_SYNTHETIC_0294
RANDOM_LP_06_SYNTHETIC_STU02525,RANDOM_LP_06_SYNTHETIC_0493
RANDOM_LP_06_SYNTHETIC_STU02526,RANDOM_LP_06_SYNTHETIC_0025
RANDOM_LP_06_SYNTHETIC_STU02526,RANDOM_LP_06_SYNTHETIC_0069
RANDOM_LP_06_SYNTHETIC_STU02526,RANDOM_LP_06_SYNTHETIC_0240
RANDOM_LP_06_SYNTHETIC_STU02526,RANDOM_LP_06_SYNTHETIC_0248
RANDOM_LP_06_SYNTHETIC_STU02526,RANDOM_LP_06_SYNTHETIC_0320
RANDOM_LP_06_SYNTHETIC_STU02526,RANDOM_LP_06_SYNTHETIC_0329
RANDOM_LP_06_SYNTHETIC_STU02526,RANDOM_LP_06_SYNTHETIC_0448
RANDOM_LP_06_SYNTHETIC_STU02527,RANDOM_LP_06_SYNTHETIC_0055
RANDOM_LP_06_SYNTHETIC_STU02528,RANDOM_LP_06_SYNTHETIC_0052
RANDOM_LP_06_SYNTHETIC_STU02529,RANDOM_LP_06_SYNTHETIC_0098
RANDOM_LP_06_SYNTHETIC_STU02529,RANDOM_LP_06_SYNTHETIC_0109
RANDOM_LP_06_SYNTHETIC_STU02529,RANDOM_LP_06_SYNTHETIC_0380
RANDOM_LP_06_SYNTHETIC_STU02529,RANDOM_LP_06_SYNTHETIC_0383
RANDOM_LP_06_SYNTHETIC_STU02530,RANDOM_LP_06_SYNTHETIC_0494
RANDOM_LP_06_SYNTHETIC_STU02531,RANDOM_LP_06_SYNTHETIC_0051
RANDOM_LP_06_SYNTHETIC_STU02531,RANDOM_LP_06_SYNTHETIC_0057
RANDOM_LP_06_SYNTHETIC_STU02531,RANDOM_LP_06_SYNTHETIC_0067
RANDOM_LP_06_SYNTHETIC_STU02531,RANDOM_LP_06_SYNTHETIC_0290
RANDOM_LP_06_SYNTHETIC_STU02531,RANDOM_LP_06_SYNTHETIC_0427
RANDOM_LP_06_SYNTHETIC_STU02532,RANDOM_LP_06_SYNTHETIC_0074
RANDOM_LP_06_SYNTHETIC_STU02532,RANDOM_LP_06_SYNTHETIC_0122
RANDOM_LP_06_SYNTHETIC_STU02532,RANDOM_LP_06_SYNTHETIC_0229
RANDOM_LP_06_SYNTHETIC_STU02533,RANDOM_LP_06_SYNTHETIC_0101
RANDOM_LP_06_SYNTHETIC_STU02533,RANDOM_LP_06_SYNTHETIC_0300
RANDOM_LP_06_SYNTHETIC_STU02534,RANDOM_LP_06_SYNTHETIC_0168
RANDOM_LP_06_SYNTHETIC_STU02534,RANDOM_LP_06_SYNTHETIC_0418
RANDOM_LP_06_SYNTHETIC_STU02535,RANDOM_LP_06_SYNTHETIC_0217
RANDOM_LP_06_SYNTHETIC_STU02535,RANDOM_LP_06_SYNTHETIC_0245
RANDOM_LP_06_SYNTHETIC_STU02535,RANDOM_LP_06_SYNTHETIC_0326
RANDOM_LP_06_SYNTHETIC_STU02536,RANDOM_LP_06_SYNTHETIC_0028
RANDOM_LP_06_SYNTHETIC_STU02536,RANDOM_LP_06_SYNTHETIC_0156
RANDOM_LP_06_SYNTHETIC_STU02536,RANDOM_LP_06_SYNTHETIC_0226
RANDOM_LP_06_SYNTHETIC_STU02537,RANDOM_LP_06_SYNTHETIC_0010
RANDOM_LP_06_SYNTHETIC_STU02537,RANDOM_LP_06_SYNTHETIC_0184
RANDOM_LP_06_SYNTHETIC_STU02537,RANDOM_LP_06_SYNTHETIC_0308
RANDOM_LP_06_SYNTHETIC_STU02537,RANDOM_LP_06_SYNTHETIC_0383
RANDOM_LP_06_SYNTHETIC_STU02537,RANDOM_LP_06_SYNTHETIC_0423
RANDOM_LP_06_SYNTHETIC_STU02538,RANDOM_LP_06_SYNTHETIC_0009
RANDOM_LP_06_SYNTHETIC_STU02538,RANDOM_LP_06_SYNTHETIC_0028
RANDOM_LP_06_SYNTHETIC_STU02538,RANDOM_LP_06_SYNTHETIC_0140
RANDOM_LP_06_SYNTHETIC_STU02539,RANDOM_LP_06_SYNTHETIC_0013
RANDOM_LP_06_SYNTHETIC_STU02539,RANDOM_LP_06_SYNTHETIC_0144
RANDOM_LP_06_SYNTHETIC_STU02540,RANDOM_LP_06_SYNTHETIC_0368
RANDOM_LP_06_SYNTHETIC_STU02540,RANDOM_LP_06_SYNTHETIC_0384
RANDOM_LP_06_SYNTHETIC_STU02541,RANDOM_LP_06_SYNTHETIC_0056
RANDOM_LP_06_SYNTHETIC_STU02541,RANDOM_LP_06_SYNTHETIC_0078
RANDOM_LP_06_SYNTHETIC_STU02541,RANDOM_LP_06_SYNTHETIC_0135
RANDOM_LP_06_SYNTHETIC_STU02541,RANDOM_LP_06_SYNTHETIC_0472
RANDOM_LP_06_SYNTHETIC_STU02542,RANDOM_LP_06_SYNTHETIC_0013
RANDOM_LP_06_SYNTHETIC_STU02542,RANDOM_LP_06_SYNTHETIC_0146
RANDOM_LP_06_SYNTHETIC_STU02542,RANDOM_LP_06_SYNTHETIC_0164
RANDOM_LP_06_SYNTHETIC_STU02542,RANDOM_LP_06_SYNTHETIC_0182
RANDOM_LP_06_SYNTHETIC_STU02542,RANDOM_LP_06_SYNTHETIC_0333
RANDOM_LP_06_SYNTHETIC_STU02542,RANDOM_LP_06_SYNTHETIC_0418
RANDOM_LP_06_SYNTHETIC_STU02542,RANDOM_LP_06_SYNTHETIC_0470
RANDOM_LP_06_SYNTHETIC_STU02543,RANDOM_LP_06_SYNTHETIC_0182
RANDOM_LP_06_SYNTHETIC_STU02543,RANDOM_LP_06_SYNTHETIC_0359
RANDOM_LP_06_SYNTHETIC_STU02544,RANDOM_LP_06_SYNTHETIC_0404
RANDOM_LP_06_SYNTHETIC_STU02544,RANDOM_LP_06_SYNTHETIC_0410
RANDOM_LP_06_SYNTHETIC_STU02545,RANDOM_LP_06_SYNTHETIC_0083
RANDOM_LP_06_SYNTHETIC_STU02545,RANDOM_LP_06_SYNTHETIC_0225
RANDOM_LP_06_SYNTHETIC_STU02545,RANDOM_LP_06_SYNTHETIC_0475
RANDOM_LP_06_SYNTHETIC_STU02545,RANDOM_LP_06_SYNTHETIC_0476
RANDOM_LP_06_SYNTHETIC_STU02545,RANDOM_LP_06_SYNTHETIC_0497
RANDOM_LP_06_SYNTHETIC_STU02546,RANDOM_LP_06_SYNTHETIC_0108
RANDOM_LP_06_SYNTHETIC_STU02546,RANDOM_LP_06_SYNTHETIC_0326
RANDOM_LP_06_SYNTHETIC_STU02546,RANDOM_LP_06_SYNTHETIC_0383
RANDOM_LP_06_SYNTHETIC_STU02547,RANDOM_LP_06_SYNTHETIC_0166
RANDOM_LP_06_SYNTHETIC_STU02547,RANDOM_LP_06_SYNTHETIC_0192
RANDOM_LP_06_SYNTHETIC_STU02547,RANDOM_LP_06_SYNTHETIC_0284
RANDOM_LP_06_SYNTHETIC_STU02548,RANDOM_LP_06_SYNTHETIC_0109
RANDOM_LP_06_SYNTHETIC_STU02548,RANDOM_LP_06_SYNTHETIC_0364
RANDOM_LP_06_SYNTHETIC_STU02549,RANDOM_LP_06_SYNTHETIC_0249
RANDOM_LP_06_SYNTHETIC_STU02549,RANDOM_LP_06_SYNTHETIC_0351
RANDOM_LP_06_SYNTHETIC_STU02550,RANDOM_LP_06_SYNTHETIC_0057
RANDOM_LP_06_SYNTHETIC_STU02550,RANDOM_LP_06_SYNTHETIC_0078
RANDOM_LP_06_SYNTHETIC_STU02550,RANDOM_LP_06_SYNTHETIC_0111
RANDOM_LP_06_SYNTHETIC_STU02550,RANDOM_LP_06_SYNTHETIC_0469
RANDOM_LP_06_SYNTHETIC_STU02550,RANDOM_LP_06_SYNTHETIC_0487
RANDOM_LP_06_SYNTHETIC_STU02551,RANDOM_LP_06_SYNTHETIC_0051
RANDOM_LP_06_SYNTHETIC_STU02551,RANDOM_LP_06_SYNTHETIC_0085
RANDOM_LP_06_SYNTHETIC_STU02551,RANDOM_LP_06_SYNTHETIC_0275
RANDOM_LP_06_SYNTHETIC_STU02552,RANDOM_LP_06_SYNTHETIC_0034
RANDOM_LP_06_SYNTHETIC_STU02552,RANDOM_LP_06_SYNTHETIC_0039
RANDOM_LP_06_SYNTHETIC_STU02552,RANDOM_LP_06_SYNTHETIC_0486
RANDOM_LP_06_SYNTHETIC_STU02553,RANDOM_LP_06_SYNTHETIC_0002
RANDOM_LP_06_SYNTHETIC_STU02553,RANDOM_LP_06_SYNTHETIC_0242
RANDOM_LP_06_SYNTHETIC_STU02553,RANDOM_LP_06_SYNTHETIC_0482
RANDOM_LP_06_SYNTHETIC_STU02553,RANDOM_LP_06_SYNTHETIC_0489
RANDOM_LP_06_SYNTHETIC_STU02554,RANDOM_LP_06_SYNTHETIC_0030
RANDOM_LP_06_SYNTHETIC_STU02554,RANDOM_LP_06_SYNTHETIC_0236
RANDOM_LP_06_SYNTHETIC_STU02554,RANDOM_LP_06_SYNTHETIC_0489
RANDOM_LP_06_SYNTHETIC_STU02555,RANDOM_LP_06_SYNTHETIC_0115
RANDOM_LP_06_SYNTHETIC_STU02556,RANDOM_LP_06_SYNTHETIC_0184
RANDOM_LP_06_SYNTHETIC_STU02556,RANDOM_LP_06_SYNTHETIC_0321
RANDOM_LP_06_SYNTHETIC_STU02556,RANDOM_LP_06_SYNTHETIC_0343
RANDOM_LP_06_SYNTHETIC_STU02556,RANDOM_LP_06_SYNTHETIC_0348
RANDOM_LP_06_SYNTHETIC_STU02556,RANDOM_LP_06_SYNTHETIC_0387
RANDOM_LP_06_SYNTHETIC_STU02556,RANDOM_LP_06_SYNTHETIC_0478
RANDOM_LP_06_SYNTHETIC_STU02556,RANDOM_LP_06_SYNTHETIC_0491
RANDOM_LP_06_SYNTHETIC_STU02557,RANDOM_LP_06_SYNTHETIC_0429
RANDOM_LP_06_SYNTHETIC_STU02557,RANDOM_LP_06_SYNTHETIC_0500
RANDOM_LP_06_SYNTHETIC_STU02558,RANDOM_LP_06_SYNTHETIC_0006
RANDOM_LP_06_SYNTHETIC_STU02558,RANDOM_LP_06_SYNTHETIC_0185
RANDOM_LP_06_SYNTHETIC_STU02558,RANDOM_LP_06_SYNTHETIC_0275
RANDOM_LP_06_SYNTHETIC_STU02559,RANDOM_LP_06_SYNTHETIC_0007
RANDOM_LP_06_SYNTHETIC_STU02559,RANDOM_LP_06_SYNTHETIC_0393
RANDOM_LP_06_SYNTHETIC_STU02559,RANDOM_LP_06_SYNTHETIC_0435
RANDOM_LP_06_SYNTHETIC_STU02560,RANDOM_LP_06_SYNTHETIC_0047
RANDOM_LP_06_SYNTHETIC_STU02560,RANDOM_LP_06_SYNTHETIC_0109
RANDOM_LP_06_SYNTHETIC_STU02560,RANDOM_LP_06_SYNTHETIC_0227
RANDOM_LP_06_SYNTHETIC_STU02560,RANDOM_LP_06_SYNTHETIC_0319
RANDOM_LP_06_SYNTHETIC_STU02561,RANDOM_LP_06_SYNTHETIC_0412
RANDOM_LP_06_SYNTHETIC_STU02562,RANDOM_LP_06_SYNTHETIC_0044
RANDOM_LP_06_SYNTHETIC_STU02562,RANDOM_LP_06_SYNTHETIC_0051
RANDOM_LP_06_SYNTHETIC_STU02562,RANDOM_LP_06_SYNTHETIC_0184
RANDOM_LP_06_SYNTHETIC_STU02562,RANDOM_LP_06_SYNTHETIC_0480
RANDOM_LP_06_SYNTHETIC_STU02563,RANDOM_LP_06_SYNTHETIC_0030
RANDOM_LP_06_SYNTHETIC_STU02563,RANDOM_LP_06_SYNTHETIC_0141
RANDOM_LP_06_SYNTHETIC_STU02563,RANDOM_LP_06_SYNTHETIC_0319
RANDOM_LP_06_SYNTHETIC_STU02563,RANDOM_LP_06_SYNTHETIC_0399
RANDOM_LP_06_SYNTHETIC_STU02563,RANDOM_LP_06_SYNTHETIC_0442
RANDOM_LP_06_SYNTHETIC_STU02564,RANDOM_LP_06_SYNTHETIC_0415
RANDOM_LP_06_SYNTHETIC_STU02565,RANDOM_LP_06_SYNTHETIC_0038
RANDOM_LP_06_SYNTHETIC_STU02565,RANDOM_LP_06_SYNTHETIC_0393
RANDOM_LP_06_SYNTHETIC_STU02565,RANDOM_LP_06_SYNTHETIC_0473
RANDOM_LP_06_SYNTHETIC_STU02566,RANDOM_LP_06_SYNTHETIC_0466
RANDOM_LP_06_SYNTHETIC_STU02567,RANDOM_LP_06_SYNTHETIC_0425
RANDOM_LP_06_SYNTHETIC_STU02568,RANDOM_LP_06_SYNTHETIC_0037
RANDOM_LP_06_SYNTHETIC_STU02568,RANDOM_LP_06_SYNTHETIC_0360
RANDOM_LP_06_SYNTHETIC_STU02569,RANDOM_LP_06_SYNTHETIC_0059
RANDOM_LP_06_SYNTHETIC_STU02569,RANDOM_LP_06_SYNTHETIC_0298
RANDOM_LP_06_SYNTHETIC_STU02569,RANDOM_LP_06_SYNTHETIC_0458
RANDOM_LP_06_SYNTHETIC_STU02570,RANDOM_LP_06_SYNTHETIC_0167
RANDOM_LP_06_SYNTHETIC_STU02570,RANDOM_LP_06_SYNTHETIC_0348
RANDOM_LP_06_SYNTHETIC_STU02571,RANDOM_LP_06_SYNTHETIC_0027
RANDOM_LP_06_SYNTHETIC_STU02571,RANDOM_LP_06_SYNTHETIC_0172
RANDOM_LP_06_SYNTHETIC_STU02571,RANDOM_LP_06_SYNTHETIC_0175
RANDOM_LP_06_SYNTHETIC_STU02571,RANDOM_LP_06_SYNTHETIC_0231
RANDOM_LP_06_SYNTHETIC_STU02571,RANDOM_LP_06_SYNTHETIC_0463
RANDOM_LP_06_SYNTHETIC_STU02572,RANDOM_LP_06_SYNTHETIC_0086
RANDOM_LP_06_SYNTHETIC_STU02572,RANDOM_LP_06_SYNTHETIC_0158
RANDOM_LP_06_SYNTHETIC_STU02572,RANDOM_LP_06_SYNTHETIC_0229
RANDOM_LP_06_SYNTHETIC_STU02572,RANDOM_LP_06_SYNTHETIC_0256
RANDOM_LP_06_SYNTHETIC_STU02572,RANDOM_LP_06_SYNTHETIC_0375
RANDOM_LP_06_SYNTHETIC_STU02573,RANDOM_LP_06_SYNTHETIC_0155
RANDOM_LP_06_SYNTHETIC_STU02573,RANDOM_LP_06_SYNTHETIC_0357
RANDOM_LP_06_SYNTHETIC_STU02574,RANDOM_LP_06_SYNTHETIC_0002
RANDOM_LP_06_SYNTHETIC_STU02574,RANDOM_LP_06_SYNTHETIC_0051
RANDOM_LP_06_SYNTHETIC_STU02574,RANDOM_LP_06_SYNTHETIC_0202
RANDOM_LP_06_SYNTHETIC_STU02574,RANDOM_LP_06_SYNTHETIC_0256
RANDOM_LP_06_SYNTHETIC_STU02574,RANDOM_LP_06_SYNTHETIC_0400
RANDOM_LP_06_SYNTHETIC_STU02575,RANDOM_LP_06_SYNTHETIC_0334
RANDOM_LP_06_SYNTHETIC_STU02575,RANDOM_LP_06_SYNTHETIC_0423
RANDOM_LP_06_SYNTHETIC_STU02575,RANDOM_LP_06_SYNTHETIC_0433
RANDOM_LP_06_SYNTHETIC_STU02575,RANDOM_LP_06_SYNTHETIC_0477
RANDOM_LP_06_SYNTHETIC_STU02575,RANDOM_LP_06_SYNTHETIC_0497
RANDOM_LP_06_SYNTHETIC_STU02576,RANDOM_LP_06_SYNTHETIC_0051
RANDOM_LP_06_SYNTHETIC_STU02576,RANDOM_LP_06_SYNTHETIC_0065
RANDOM_LP_06_SYNTHETIC_STU02576,RANDOM_LP_06_SYNTHETIC_0166
RANDOM_LP_06_SYNTHETIC_STU02576,RANDOM_LP_06_SYNTHETIC_0184
RANDOM_LP_06_SYNTHETIC_STU02577,RANDOM_LP_06_SYNTHETIC_0129
RANDOM_LP_06_SYNTHETIC_STU02577,RANDOM_LP_06_SYNTHETIC_0436
RANDOM_LP_06_SYNTHETIC_STU02578,RANDOM_LP_06_SYNTHETIC_0208
RANDOM_LP_06_SYNTHETIC_STU02578,RANDOM_LP_06_SYNTHETIC_0261
RANDOM_LP_06_SYNTHETIC_STU02578,RANDOM_LP_06_SYNTHETIC_0380
RANDOM_LP_06_SYNTHETIC_STU02578,RANDOM_LP_06_SYNTHETIC_0440
RANDOM_LP_06_SYNTHETIC_STU02578,RANDOM_LP_06_SYNTHETIC_0445
RANDOM_LP_06_SYNTHETIC_STU02579,RANDOM_LP_06_SYNTHETIC_0009
RANDOM_LP_06_SYNTHETIC_STU02579,RANDOM_LP_06_SYNTHETIC_0028
RANDOM_LP_06_SYNTHETIC_STU02579,RANDOM_LP_06_SYNTHETIC_0099
RANDOM_LP_06_SYNTHETIC_STU02579,RANDOM_LP_06_SYNTHETIC_0134
RANDOM_LP_06_SYNTHETIC_STU02580,RANDOM_LP_06_SYNTHETIC_0411
RANDOM_LP_06_SYNTHETIC_STU02581,RANDOM_LP_06_SYNTHETIC_0137
RANDOM_LP_06_SYNTHETIC_STU02581,RANDOM_LP_06_SYNTHETIC_0220
RANDOM_LP_06_SYNTHETIC_STU02582,RANDOM_LP_06_SYNTHETIC_0081
RANDOM_LP_06_SYNTHETIC_STU02582,RANDOM_LP_06_SYNTHETIC_0351
RANDOM_LP_06_SYNTHETIC_STU02582,RANDOM_LP_06_SYNTHETIC_0457
RANDOM_LP_06_SYNTHETIC_STU02583,RANDOM_LP_06_SYNTHETIC_0248
RANDOM_LP_06_SYNTHETIC_STU02583,RANDOM_LP_06_SYNTHETIC_0257
RANDOM_LP_06_SYNTHETIC_STU02584,RANDOM_LP_06_SYNTHETIC_0329
RANDOM_LP_06_SYNTHETIC_STU02584,RANDOM_LP_06_SYNTHETIC_0430
RANDOM_LP_06_SYNTHETIC_STU02585,RANDOM_LP_06_SYNTHETIC_0030
RANDOM_LP_06_SYNTHETIC_STU02585,RANDOM_LP_06_SYNTHETIC_0171
RANDOM_LP_06_SYNTHETIC_STU02585,RANDOM_LP_06_SYNTHETIC_0475
RANDOM_LP_06_SYNTHETIC_STU02586,RANDOM_LP_06_SYNTHETIC_0021
RANDOM_LP_06_SYNTHETIC_STU02586,RANDOM_LP_06_SYNTHETIC_0067
RANDOM_LP_06_SYNTHETIC_STU02587,RANDOM_LP_06_SYNTHETIC_0105
RANDOM_LP_06_SYNTHETIC_STU02587,RANDOM_LP_06_SYNTHETIC_0175
RANDOM_LP_06_SYNTHETIC_STU02587,RANDOM_LP_06_SYNTHETIC_0372
RANDOM_LP_06_SYNTHETIC_STU02587,RANDOM_LP_06_SYNTHETIC_0390
RANDOM_LP_06_SYNTHETIC_STU02588,RANDOM_LP_06_SYNTHETIC_0373
RANDOM_LP_06_SYNTHETIC_STU02588,RANDOM_LP_06_SYNTHETIC_0381
RANDOM_LP_06_SYNTHETIC_STU02588,RANDOM_LP_06_SYNTHETIC_0387
RANDOM_LP_06_SYNTHETIC_STU02588,RANDOM_LP_06_SYNTHETIC_0404
RANDOM_LP_06_SYNTHETIC_STU02589,RANDOM_LP_06_SYNTHETIC_0178
RANDOM_LP_06_SYNTHETIC_STU02589,RANDOM_LP_06_SYNTHETIC_0202
RANDOM_LP_06_SYNTHETIC_STU02589,RANDOM_LP_06_SYNTHETIC_0449
RANDOM_LP_06_SYNTHETIC_STU02589,RANDOM_LP_06_SYNTHETIC_0493
RANDOM_LP_06_SYNTHETIC_STU02590,RANDOM_LP_06_SYNTHETIC_0049
RANDOM_LP_06_SYNTHETIC_STU02590,RANDOM_LP_06_SYNTHETIC_0380
RANDOM_LP_06_SYNTHETIC_STU02591,RANDOM_LP_06_SYNTHETIC_0330
RANDOM_LP_06_SYNTHETIC_STU02592,RANDOM_LP_06_SYNTHETIC_0004
RANDOM_LP_06_SYNTHETIC_STU02592,RANDOM_LP_06_SYNTHETIC_0064
RANDOM_LP_06_SYNTHETIC_STU02592,RANDOM_LP_06_SYNTHETIC_0328
RANDOM_LP_06_SYNTHETIC_STU02592,RANDOM_LP_06_SYNTHETIC_0348
RANDOM_LP_06_SYNTHETIC_STU02593,RANDOM_LP_06_SYNTHETIC_0304
RANDOM_LP_06_SYNTHETIC_STU02593,RANDOM_LP_06_SYNTHETIC_0338
RANDOM_LP_06_SYNTHETIC_STU02594,RANDOM_LP_06_SYNTHETIC_0004
RANDOM_LP_06_SYNTHETIC_STU02594,RANDOM_LP_06_SYNTHETIC_0258
RANDOM_LP_06_SYNTHETIC_STU02595,RANDOM_LP_06_SYNTHETIC_0024
RANDOM_LP_06_SYNTHETIC_STU02595,RANDOM_LP_06_SYNTHETIC_0187
RANDOM_LP_06_SYNTHETIC_STU02596,RANDOM_LP_06_SYNTHETIC_0118
RANDOM_LP_06_SYNTHETIC_STU02596,RANDOM_LP_06_SYNTHETIC_0192
RANDOM_LP_06_SYNTHETIC_STU02597,RANDOM_LP_06_SYNTHETIC_0133
RANDOM_LP_06_SYNTHETIC_STU02597,RANDOM_LP_06_SYNTHETIC_0452
RANDOM_LP_06_SYNTHETIC_STU02598,RANDOM_LP_06_SYNTHETIC_0079
RANDOM_LP_06_SYNTHETIC_STU02598,RANDOM_LP_06_SYNTHETIC_0109
RANDOM_LP_06_SYNTHETIC_STU02598,RANDOM_LP_06_SYNTHETIC_0438
RANDOM_LP_06_SYNTHETIC_STU02598,RANDOM_LP_06_SYNTHETIC_0439
RANDOM_LP_06_SYNTHETIC_STU02599,RANDOM_LP_06_SYNTHETIC_0029
RANDOM_LP_06_SYNTHETIC_STU02599,RANDOM_LP_06_SYNTHETIC_0066
RANDOM_LP_06_SYNTHETIC_STU02600,RANDOM_LP_06_SYNTHETIC_0122
RANDOM_LP_06_SYNTHETIC_STU02601,RANDOM_LP_06_SYNTHETIC_0047
RANDOM_LP_06_SYNTHETIC_STU02601,RANDOM_LP_06_SYNTHETIC_0137
RANDOM_LP_06_SYNTHETIC_STU02602,RANDOM_LP_06_SYNTHETIC_0028
RANDOM_LP_06_SYNTHETIC_STU02602,RANDOM_LP_06_SYNTHETIC_0046
RANDOM_LP_06_SYNTHETIC_STU02602,RANDOM_LP_06_SYNTHETIC_0117
RANDOM_LP_06_SYNTHETIC_STU02602,RANDOM_LP_06_SYNTHETIC_0133
RANDOM_LP_06_SYNTHETIC_STU02602,RANDOM_LP_06_SYNTHETIC_0267
RANDOM_LP_06_SYNTHETIC_STU02602,RANDOM_LP_06_SYNTHETIC_0338
RANDOM_LP_06_SYNTHETIC_STU02603,RANDOM_LP_06_SYNTHETIC_0035
RANDOM_LP_06_SYNTHETIC_STU02603,RANDOM_LP_06_SYNTHETIC_0082
RANDOM_LP_06_SYNTHETIC_STU02603,RANDOM_LP_06_SYNTHETIC_0167
RANDOM_LP_06_SYNTHETIC_STU02603,RANDOM_LP_06_SYNTHETIC_0207
RANDOM_LP_06_SYNTHETIC_STU02603,RANDOM_LP_06_SYNTHETIC_0422
RANDOM_LP_06_SYNTHETIC_STU02604,RANDOM_LP_06_SYNTHETIC_0079
RANDOM_LP_06_SYNTHETIC_STU02604,RANDOM_LP_06_SYNTHETIC_0184
RANDOM_LP_06_SYNTHETIC_STU02604,RANDOM_LP_06_SYNTHETIC_0251
RANDOM_LP_06_SYNTHETIC_STU02604,RANDOM_LP_06_SYNTHETIC_0323
RANDOM_LP_06_SYNTHETIC_STU02605,RANDOM_LP_06_SYNTHETIC_0213
RANDOM_LP_06_SYNTHETIC_STU02605,RANDOM_LP_06_SYNTHETIC_0404
RANDOM_LP_06_SYNTHETIC_STU02606,RANDOM_LP_06_SYNTHETIC_0216
RANDOM_LP_06_SYNTHETIC_STU02606,RANDOM_LP_06_SYNTHETIC_0298
RANDOM_LP_06_SYNTHETIC_STU02607,RANDOM_LP_06_SYNTHETIC_0081
RANDOM_LP_06_SYNTHETIC_STU02607,RANDOM_LP_06_SYNTHETIC_0108
RANDOM_LP_06_SYNTHETIC_STU02607,RANDOM_LP_06_SYNTHETIC_0174
RANDOM_LP_06_SYNTHETIC_STU02607,RANDOM_LP_06_SYNTHETIC_0190
RANDOM_LP_06_SYNTHETIC_STU02607,RANDOM_LP_06_SYNTHETIC_0340
RANDOM_LP_06_SYNTHETIC_STU02607,RANDOM_LP_06_SYNTHETIC_0483
RANDOM_LP_06_SYNTHETIC_STU02608,RANDOM_LP_06_SYNTHETIC_0190
RANDOM_LP_06_SYNTHETIC_STU02608,RANDOM_LP_06_SYNTHETIC_0231
RANDOM_LP_06_SYNTHETIC_STU02608,RANDOM_LP_06_SYNTHETIC_0256
RANDOM_LP_06_SYNTHETIC_STU02608,RANDOM_LP_06_SYNTHETIC_0394
RANDOM_LP_06_SYNTHETIC_STU02608,RANDOM_LP_06_SYNTHETIC_0435
RANDOM_LP_06_SYNTHETIC_STU02609,RANDOM_LP_06_SYNTHETIC_0053
RANDOM_LP_06_SYNTHETIC_STU02609,RANDOM_LP_06_SYNTHETIC_0206
RANDOM_LP_06_SYNTHETIC_STU02609,RANDOM_LP_06_SYNTHETIC_0251
RANDOM_LP_06_SYNTHETIC_STU02609,RANDOM_LP_06_SYNTHETIC_0319
RANDOM_LP_06_SYNTHETIC_STU02609,RANDOM_LP_06_SYNTHETIC_0494
RANDOM_LP_06_SYNTHETIC_STU02610,RANDOM_LP_06_SYNTHETIC_0182
RANDOM_LP_06_SYNTHETIC_STU02610,RANDOM_LP_06_SYNTHETIC_0228
RANDOM_LP_06_SYNTHETIC_STU02611,RANDOM_LP_06_SYNTHETIC_0389
RANDOM_LP_06_SYNTHETIC_STU02612,RANDOM_LP_06_SYNTHETIC_0118
RANDOM_LP_06_SYNTHETIC_STU02612,RANDOM_LP_06_SYNTHETIC_0275
RANDOM_LP_06_SYNTHETIC_STU02613,RANDOM_LP_06_SYNTHETIC_0013
RANDOM_LP_06_SYNTHETIC_STU02613,RANDOM_LP_06_SYNTHETIC_0231
RANDOM_LP_06_SYNTHETIC_STU02613,RANDOM_LP_06_SYNTHETIC_0357
RANDOM_LP_06_SYNTHETIC_STU02613,RANDOM_LP_06_SYNTHETIC_0394
RANDOM_LP_06_SYNTHETIC_STU02614,RANDOM_LP_06_SYNTHETIC_0005
RANDOM_LP_06_SYNTHETIC_STU02614,RANDOM_LP_06_SYNTHETIC_0231
RANDOM_LP_06_SYNTHETIC_STU02615,RANDOM_LP_06_SYNTHETIC_0005
RANDOM_LP_06_SYNTHETIC_STU02616,RANDOM_LP_06_SYNTHETIC_0051
RANDOM_LP_06_SYNTHETIC_STU02616,RANDOM_LP_06_SYNTHETIC_0388
RANDOM_LP_06_SYNTHETIC_STU02617,RANDOM_LP_06_SYNTHETIC_0002
RANDOM_LP_06_SYNTHETIC_STU02617,RANDOM_LP_06_SYNTHETIC_0109
RANDOM_LP_06_SYNTHETIC_STU02617,RANDOM_LP_06_SYNTHETIC_0168
RANDOM_LP_06_SYNTHETIC_STU02617,RANDOM_LP_06_SYNTHETIC_0379
RANDOM_LP_06_SYNTHETIC_STU02618,RANDOM_LP_06_SYNTHETIC_0105
RANDOM_LP_06_SYNTHETIC_STU02618,RANDOM_LP_06_SYNTHETIC_0470
RANDOM_LP_06_SYNTHETIC_STU02619,RANDOM_LP_06_SYNTHETIC_0047
RANDOM_LP_06_SYNTHETIC_STU02619,RANDOM_LP_06_SYNTHETIC_0390
RANDOM_LP_06_SYNTHETIC_STU02620,RANDOM_LP_06_SYNTHETIC_0050
RANDOM_LP_06_SYNTHETIC_STU02620,RANDOM_LP_06_SYNTHETIC_0076
RANDOM_LP_06_SYNTHETIC_STU02620,RANDOM_LP_06_SYNTHETIC_0143
RANDOM_LP_06_SYNTHETIC_STU02620,RANDOM_LP_06_SYNTHETIC_0213
RANDOM_LP_06_SYNTHETIC_STU02621,RANDOM_LP_06_SYNTHETIC_0267
RANDOM_LP_06_SYNTHETIC_STU02621,RANDOM_LP_06_SYNTHETIC_0274
RANDOM_LP_06_SYNTHETIC_STU02622,RANDOM_LP_06_SYNTHETIC_0076
RANDOM_LP_06_SYNTHETIC_STU02622,RANDOM_LP_06_SYNTHETIC_0165
RANDOM_LP_06_SYNTHETIC_STU02622,RANDOM_LP_06_SYNTHETIC_0196
RANDOM_LP_06_SYNTHETIC_STU02622,RANDOM_LP_06_SYNTHETIC_0435
RANDOM_LP_06_SYNTHETIC_STU02622,RANDOM_LP_06_SYNTHETIC_0481
RANDOM_LP_06_SYNTHETIC_STU02623,RANDOM_LP_06_SYNTHETIC_0253
RANDOM_LP_06_SYNTHETIC_STU02624,RANDOM_LP_06_SYNTHETIC_0319
RANDOM_LP_06_SYNTHETIC_STU02625,RANDOM_LP_06_SYNTHETIC_0074
RANDOM_LP_06_SYNTHETIC_STU02625,RANDOM_LP_06_SYNTHETIC_0248
RANDOM_LP_06_SYNTHETIC_STU02625,RANDOM_LP_06_SYNTHETIC_0416
RANDOM_LP_06_SYNTHETIC_STU02625,RANDOM_LP_06_SYNTHETIC_0479
RANDOM_LP_06_SYNTHETIC_STU02626,RANDOM_LP_06_SYNTHETIC_0096
RANDOM_LP_06_SYNTHETIC_STU02626,RANDOM_LP_06_SYNTHETIC_0248
RANDOM_LP_06_SYNTHETIC_STU02626,RANDOM_LP_06_SYNTHETIC_0381
RANDOM_LP_06_SYNTHETIC_STU02627,RANDOM_LP_06_SYNTHETIC_0284
RANDOM_LP_06_SYNTHETIC_STU02627,RANDOM_LP_06_SYNTHETIC_0319
RANDOM_LP_06_SYNTHETIC_STU02627,RANDOM_LP_06_SYNTHETIC_0331
RANDOM_LP_06_SYNTHETIC_STU02628,RANDOM_LP_06_SYNTHETIC_0078
RANDOM_LP_06_SYNTHETIC_STU02628,RANDOM_LP_06_SYNTHETIC_0134
RANDOM_LP_06_SYNTHETIC_STU02628,RANDOM_LP_06_SYNTHETIC_0275
RANDOM_LP_06_SYNTHETIC_STU02628,RANDOM_LP_06_SYNTHETIC_0327
RANDOM_LP_06_SYNTHETIC_STU02629,RANDOM_LP_06_SYNTHETIC_0122
RANDOM_LP_06_SYNTHETIC_STU02629,RANDOM_LP_06_SYNTHETIC_0439
RANDOM_LP_06_SYNTHETIC_STU02629,RANDOM_LP_06_SYNTHETIC_0445
RANDOM_LP_06_SYNTHETIC_STU02630,RANDOM_LP_06_SYNTHETIC_0202
RANDOM_LP_06_SYNTHETIC_STU02630,RANDOM_LP_06_SYNTHETIC_0377
RANDOM_LP_06_SYNTHETIC_STU02630,RANDOM_LP_06_SYNTHETIC_0418
RANDOM_LP_06_SYNTHETIC_STU02631,RANDOM_LP_06_SYNTHETIC_0042
RANDOM_LP_06_SYNTHETIC_STU02631,RANDOM_LP_06_SYNTHETIC_0334
RANDOM_LP_06_SYNTHETIC_STU02631,RANDOM_LP_06_SYNTHETIC_0465
RANDOM_LP_06_SYNTHETIC_STU02632,RANDOM_LP_06_SYNTHETIC_0307
RANDOM_LP_06_SYNTHETIC_STU02632,RANDOM_LP_06_SYNTHETIC_0499
RANDOM_LP_06_SYNTHETIC_STU02633,RANDOM_LP_06_SYNTHETIC_0439
RANDOM_LP_06_SYNTHETIC_STU02634,RANDOM_LP_06_SYNTHETIC_0288
RANDOM_LP_06_SYNTHETIC_STU02634,RANDOM_LP_06_SYNTHETIC_0375
RANDOM_LP_06_SYNTHETIC_STU02634,RANDOM_LP_06_SYNTHETIC_0459
RANDOM_LP_06_SYNTHETIC_STU02635,RANDOM_LP_06_SYNTHETIC_0400
RANDOM_LP_06_SYNTHETIC_STU02635,RANDOM_LP_06_SYNTHETIC_0465
RANDOM_LP_06_SYNTHETIC_STU02636,RANDOM_LP_06_SYNTHETIC_0230
RANDOM_LP_06_SYNTHETIC_STU02636,RANDOM_LP_06_SYNTHETIC_0319
RANDOM_LP_06_SYNTHETIC_STU02636,RANDOM_LP_06_SYNTHETIC_0375
RANDOM_LP_06_SYNTHETIC_STU02636,RANDOM_LP_06_SYNTHETIC_0472
RANDOM_LP_06_SYNTHETIC_STU02636,RANDOM_LP_06_SYNTHETIC_0497
RANDOM_LP_06_SYNTHETIC_STU02637,RANDOM_LP_06_SYNTHETIC_0079
RANDOM_LP_06_SYNTHETIC_STU02637,RANDOM_LP_06_SYNTHETIC_0088
RANDOM_LP_06_SYNTHETIC_STU02637,RANDOM_LP_06_SYNTHETIC_0208
RANDOM_LP_06_SYNTHETIC_STU02637,RANDOM_LP_06_SYNTHETIC_0251
RANDOM_LP_06_SYNTHETIC_STU02638,RANDOM_LP_06_SYNTHETIC_0114
RANDOM_LP_06_SYNTHETIC_STU02638,RANDOM_LP_06_SYNTHETIC_0185
RANDOM_LP_06_SYNTHETIC_STU02638,RANDOM_LP_06_SYNTHETIC_0277
RANDOM_LP_06_SYNTHETIC_STU02639,RANDOM_LP_06_SYNTHETIC_0046
RANDOM_LP_06_SYNTHETIC_STU02639,RANDOM_LP_06_SYNTHETIC_0083
RANDOM_LP_06_SYNTHETIC_STU02639,RANDOM_LP_06_SYNTHETIC_0470
RANDOM_LP_06_SYNTHETIC_STU02639,RANDOM_LP_06_SYNTHETIC_0475
RANDOM_LP_06_SYNTHETIC_STU02640,RANDOM_LP_06_SYNTHETIC_0053
RANDOM_LP_06_SYNTHETIC_STU02640,RANDOM_LP_06_SYNTHETIC_0375
RANDOM_LP_06_SYNTHETIC_STU02641,RANDOM_LP_06_SYNTHETIC_0280
RANDOM_LP_06_SYNTHETIC_STU02641,RANDOM_LP_06_SYNTHETIC_0396
RANDOM_LP_06_SYNTHETIC_STU02641,RANDOM_LP_06_SYNTHETIC_0474
RANDOM_LP_06_SYNTHETIC_STU02642,RANDOM_LP_06_SYNTHETIC_0034
RANDOM_LP_06_SYNTHETIC_STU02642,RANDOM_LP_06_SYNTHETIC_0122
RANDOM_LP_06_SYNTHETIC_STU02642,RANDOM_LP_06_SYNTHETIC_0389
RANDOM_LP_06_SYNTHETIC_STU02642,RANDOM_LP_06_SYNTHETIC_0418
RANDOM_LP_06_SYNTHETIC_STU02643,RANDOM_LP_06_SYNTHETIC_0121
RANDOM_LP_06_SYNTHETIC_STU02643,RANDOM_LP_06_SYNTHETIC_0340
RANDOM_LP_06_SYNTHETIC_STU02644,RANDOM_LP_06_SYNTHETIC_0116
RANDOM_LP_06_SYNTHETIC_STU02644,RANDOM_LP_06_SYNTHETIC_0137
RANDOM_LP_06_SYNTHETIC_STU02645,RANDOM_LP_06_SYNTHETIC_0031
RANDOM_LP_06_SYNTHETIC_STU02645,RANDOM_LP_06_SYNTHETIC_0363
RANDOM_LP_06_SYNTHETIC_STU02645,RANDOM_LP_06_SYNTHETIC_0482
RANDOM_LP_06_SYNTHETIC_STU02646,RANDOM_LP_06_SYNTHETIC_0460
RANDOM_LP_06_SYNTHETIC_STU02646,RANDOM_LP_06_SYNTHETIC_0494
RANDOM_LP_06_SYNTHETIC_STU02647,RANDOM_LP_06_SYNTHETIC_0232
RANDOM_LP_06_SYNTHETIC_STU02647,RANDOM_LP_06_SYNTHETIC_0477
RANDOM_LP_06_SYNTHETIC_STU02648,RANDOM_LP_06_SYNTHETIC_0114
RANDOM_LP_06_SYNTHETIC_STU02648,RANDOM_LP_06_SYNTHETIC_0361
RANDOM_LP_06_SYNTHETIC_STU02648,RANDOM_LP_06_SYNTHETIC_0389
RANDOM_LP_06_SYNTHETIC_STU02648,RANDOM_LP_06_SYNTHETIC_0486
RANDOM_LP_06_SYNTHETIC_STU02648,RANDOM_LP_06_SYNTHETIC_0498
RANDOM_LP_06_SYNTHETIC_STU02649,RANDOM_LP_06_SYNTHETIC_0116
RANDOM_LP_06_SYNTHETIC_STU02649,RANDOM_LP_06_SYNTHETIC_0148
RANDOM_LP_06_SYNTHETIC_STU02649,RANDOM_LP_06_SYNTHETIC_0277
RANDOM_LP_06_SYNTHETIC_STU02649,RANDOM_LP_06_SYNTHETIC_0370
RANDOM_LP_06_SYNTHETIC_STU02650,RANDOM_LP_06_SYNTHETIC_0252
RANDOM_LP_06_SYNTHETIC_STU02650,RANDOM_LP_06_SYNTHETIC_0409
RANDOM_LP_06_SYNTHETIC_STU02651,RANDOM_LP_06_SYNTHETIC_0465
RANDOM_LP_06_SYNTHETIC_STU02652,RANDOM_LP_06_SYNTHETIC_0006
RANDOM_LP_06_SYNTHETIC_STU02652,RANDOM_LP_06_SYNTHETIC_0168
RANDOM_LP_06_SYNTHETIC_STU02653,RANDOM_LP_06_SYNTHETIC_0128
RANDOM_LP_06_SYNTHETIC_STU02653,RANDOM_LP_06_SYNTHETIC_0275
RANDOM_LP_06_SYNTHETIC_STU02653,RANDOM_LP_06_SYNTHETIC_0334
RANDOM_LP_06_SYNTHETIC_STU02653,RANDOM_LP_06_SYNTHETIC_0369
RANDOM_LP_06_SYNTHETIC_STU02654,RANDOM_LP_06_SYNTHETIC_0121
RANDOM_LP_06_SYNTHETIC_STU02654,RANDOM_LP_06_SYNTHETIC_0187
RANDOM_LP_06_SYNTHETIC_STU02655,RANDOM_LP_06_SYNTHETIC_0127
RANDOM_LP_06_SYNTHETIC_STU02655,RANDOM_LP_06_SYNTHETIC_0295
RANDOM_LP_06_SYNTHETIC_STU02656,RANDOM_LP_06_SYNTHETIC_0012
RANDOM_LP_06_SYNTHETIC_STU02656,RANDOM_LP_06_SYNTHETIC_0055
RANDOM_LP_06_SYNTHETIC_STU02656,RANDOM_LP_06_SYNTHETIC_0129
RANDOM_LP_06_SYNTHETIC_STU02656,RANDOM_LP_06_SYNTHETIC_0149
RANDOM_LP_06_SYNTHETIC_STU02656,RANDOM_LP_06_SYNTHETIC_0296
RANDOM_LP_06_SYNTHETIC_STU02656,RANDOM_LP_06_SYNTHETIC_0396
RANDOM_LP_06_SYNTHETIC_STU02657,RANDOM_LP_06_SYNTHETIC_0198
RANDOM_LP_06_SYNTHETIC_STU02657,RANDOM_LP_06_SYNTHETIC_0271
RANDOM_LP_06_SYNTHETIC_STU02657,RANDOM_LP_06_SYNTHETIC_0452
RANDOM_LP_06_SYNTHETIC_STU02657,RANDOM_LP_06_SYNTHETIC_0460
RANDOM_LP_06_SYNTHETIC_STU02658,RANDOM_LP_06_SYNTHETIC_0416
RANDOM_LP_06_SYNTHETIC_STU02659,RANDOM_LP_06_SYNTHETIC_0016
RANDOM_LP_06_SYNTHETIC_STU02659,RANDOM_LP_06_SYNTHETIC_0056
RANDOM_LP_06_SYNTHETIC_STU02659,RANDOM_LP_06_SYNTHETIC_0377
RANDOM_LP_06_SYNTHETIC_STU02660,RANDOM_LP_06_SYNTHETIC_0158
RANDOM_LP_06_SYNTHETIC_STU02660,RANDOM_LP_06_SYNTHETIC_0231
RANDOM_LP_06_SYNTHETIC_STU02661,RANDOM_LP_06_SYNTHETIC_0013
RANDOM_LP_06_SYNTHETIC_STU02661,RANDOM_LP_06_SYNTHETIC_0268
RANDOM_LP_06_SYNTHETIC_STU02661,RANDOM_LP_06_SYNTHETIC_0275
RANDOM_LP_06_SYNTHETIC_STU02661,RANDOM_LP_06_SYNTHETIC_0422
RANDOM_LP_06_SYNTHETIC_STU02662,RANDOM_LP_06_SYNTHETIC_0040
RANDOM_LP_06_SYNTHETIC_STU02662,RANDOM_LP_06_SYNTHETIC_0452
RANDOM_LP_06_SYNTHETIC_STU02663,RANDOM_LP_06_SYNTHETIC_0079
RANDOM_LP_06_SYNTHETIC_STU02663,RANDOM_LP_06_SYNTHETIC_0080
RANDOM_LP_06_SYNTHETIC_STU02663,RANDOM_LP_06_SYNTHETIC_0086
RANDOM_LP_06_SYNTHETIC_STU02663,RANDOM_LP_06_SYNTHETIC_0094
RANDOM_LP_06_SYNTHETIC_STU02663,RANDOM_LP_06_SYNTHETIC_0438
RANDOM_LP_06_SYNTHETIC_STU02664,RANDOM_LP_06_SYNTHETIC_0143
RANDOM_LP_06_SYNTHETIC_STU02664,RANDOM_LP_06_SYNTHETIC_0235
RANDOM_LP_06_SYNTHETIC_STU02664,RANDOM_LP_06_SYNTHETIC_0429
RANDOM_LP_06_SYNTHETIC_STU02665,RANDOM_LP_06_SYNTHETIC_0209
RANDOM_LP_06_SYNTHETIC_STU02665,RANDOM_LP_06_SYNTHETIC_0308
RANDOM_LP_06_SYNTHETIC_STU02666,RANDOM_LP_06_SYNTHETIC_0159
RANDOM_LP_06_SYNTHETIC_STU02666,RANDOM_LP_06_SYNTHETIC_0328
RANDOM_LP_06_SYNTHETIC_STU02667,RANDOM_LP_06_SYNTHETIC_0246
RANDOM_LP_06_SYNTHETIC_STU02668,RANDOM_LP_06_SYNTHETIC_0094
RANDOM_LP_06_SYNTHETIC_STU02668,RANDOM_LP_06_SYNTHETIC_0136
RANDOM_LP_06_SYNTHETIC_STU02668,RANDOM_LP_06_SYNTHETIC_0364
RANDOM_LP_06_SYNTHETIC_STU02669,RANDOM_LP_06_SYNTHETIC_0054
RANDOM_LP_06_SYNTHETIC_STU02669,RANDOM_LP_06_SYNTHETIC_0216
RANDOM_LP_06_SYNTHETIC_STU02670,RANDOM_LP_06_SYNTHETIC_0206
RANDOM_LP_06_SYNTHETIC_STU02670,RANDOM_LP_06_SYNTHETIC_0244
RANDOM_LP_06_SYNTHETIC_STU02671,RANDOM_LP_06_SYNTHETIC_0216
RANDOM_LP_06_SYNTHETIC_STU02671,RANDOM_LP_06_SYNTHETIC_0380
RANDOM_LP_06_SYNTHETIC_STU02672,RANDOM_LP_06_SYNTHETIC_0013
RANDOM_LP_06_SYNTHETIC_STU02672,RANDOM_LP_06_SYNTHETIC_0071
RANDOM_LP_06_SYNTHETIC_STU02672,RANDOM_LP_06_SYNTHETIC_0353
RANDOM_LP_06_SYNTHETIC_STU02673,RANDOM_LP_06_SYNTHETIC_0046
RANDOM_LP_06_SYNTHETIC_STU02673,RANDOM_LP_06_SYNTHETIC_0215
RANDOM_LP_06_SYNTHETIC_STU02673,RANDOM_LP_06_SYNTHETIC_0389
RANDOM_LP_06_SYNTHETIC_STU02674,RANDOM_LP_06_SYNTHETIC_0054
RANDOM_LP_06_SYNTHETIC_STU02674,RANDOM_LP_06_SYNTHETIC_0434
RANDOM_LP_06_SYNTHETIC_STU02674,RANDOM_LP_06_SYNTHETIC_0460
RANDOM_LP_06_SYNTHETIC_STU02675,RANDOM_LP_06_SYNTHETIC_0022
RANDOM_LP_06_SYNTHETIC_STU02675,RANDOM_LP_06_SYNTHETIC_0206
RANDOM_LP_06_SYNTHETIC_STU02675,RANDOM_LP_06_SYNTHETIC_0272
RANDOM_LP_06_SYNTHETIC_STU02675,RANDOM_LP_06_SYNTHETIC_0379
RANDOM_LP_06_SYNTHETIC_STU02676,RANDOM_LP_06_SYNTHETIC_0251
RANDOM_LP_06_SYNTHETIC_STU02676,RANDOM_LP_06_SYNTHETIC_0288
RANDOM_LP_06_SYNTHETIC_STU02677,RANDOM_LP_06_SYNTHETIC_0010
RANDOM_LP_06_SYNTHETIC_STU02677,RANDOM_LP_06_SYNTHETIC_0195
RANDOM_LP_06_SYNTHETIC_STU02677,RANDOM_LP_06_SYNTHETIC_0231
RANDOM_LP_06_SYNTHETIC_STU02677,RANDOM_LP_06_SYNTHETIC_0249
RANDOM_LP_06_SYNTHETIC_STU02677,RANDOM_LP_06_SYNTHETIC_0348
RANDOM_LP_06_SYNTHETIC_STU02677,RANDOM_LP_06_SYNTHETIC_0409
RANDOM_LP_06_SYNTHETIC_STU02677,RANDOM_LP_06_SYNTHETIC_0449
RANDOM_LP_06_SYNTHETIC_STU02678,RANDOM_LP_06_SYNTHETIC_0327
RANDOM_LP_06_SYNTHETIC_STU02678,RANDOM_LP_06_SYNTHETIC_0361
RANDOM_LP_06_SYNTHETIC_STU02678,RANDOM_LP_06_SYNTHETIC_0449
RANDOM_LP_06_SYNTHETIC_STU02678,RANDOM_LP_06_SYNTHETIC_0465
RANDOM_LP_06_SYNTHETIC_STU02679,RANDOM_LP_06_SYNTHETIC_0004
RANDOM_LP_06_SYNTHETIC_STU02679,RANDOM_LP_06_SYNTHETIC_0157
RANDOM_LP_06_SYNTHETIC_STU02680,RANDOM_LP_06_SYNTHETIC_0193
RANDOM_LP_06_SYNTHETIC_STU02680,RANDOM_LP_06_SYNTHETIC_0248
RANDOM_LP_06_SYNTHETIC_STU02680,RANDOM_LP_06_SYNTHETIC_0319
RANDOM_LP_06_SYNTHETIC_STU02680,RANDOM_LP_06_SYNTHETIC_0475
RANDOM_LP_06_SYNTHETIC_STU02680,RANDOM_LP_06_SYNTHETIC_0482
RANDOM_LP_06_SYNTHETIC_STU02681,RANDOM_LP_06_SYNTHETIC_0275
RANDOM_LP_06_SYNTHETIC_STU02681,RANDOM_LP_06_SYNTHETIC_0329
RANDOM_LP_06_SYNTHETIC_STU02681,RANDOM_LP_06_SYNTHETIC_0348
RANDOM_LP_06_SYNTHETIC_STU02682,RANDOM_LP_06_SYNTHETIC_0343
RANDOM_LP_06_SYNTHETIC_STU02682,RANDOM_LP_06_SYNTHETIC_0389
RANDOM_LP_06_SYNTHETIC_STU02683,RANDOM_LP_06_SYNTHETIC_0063
RANDOM_LP_06_SYNTHETIC_STU02683,RANDOM_LP_06_SYNTHETIC_0202
RANDOM_LP_06_SYNTHETIC_STU02683,RANDOM_LP_06_SYNTHETIC_0359
RANDOM_LP_06_SYNTHETIC_STU02683,RANDOM_LP_06_SYNTHETIC_0473
RANDOM_LP_06_SYNTHETIC_STU02684,RANDOM_LP_06_SYNTHETIC_0037
RANDOM_LP_06_SYNTHETIC_STU02684,RANDOM_LP_06_SYNTHETIC_0153
RANDOM_LP_06_SYNTHETIC_STU02684,RANDOM_LP_06_SYNTHETIC_0491
RANDOM_LP_06_SYNTHETIC_STU02685,RANDOM_LP_06_SYNTHETIC_0079
RANDOM_LP_06_SYNTHETIC_STU02685,RANDOM_LP_06_SYNTHETIC_0160
RANDOM_LP_06_SYNTHETIC_STU02685,RANDOM_LP_06_SYNTHETIC_0318
RANDOM_LP_06_SYNTHETIC_STU02686,RANDOM_LP_06_SYNTHETIC_0013
RANDOM_LP_06_SYNTHETIC_STU02686,RANDOM_LP_06_SYNTHETIC_0184
RANDOM_LP_06_SYNTHETIC_STU02686,RANDOM_LP_06_SYNTHETIC_0191
RANDOM_LP_06_SYNTHETIC_STU02686,RANDOM_LP_06_SYNTHETIC_0475
RANDOM_LP_06_SYNTHETIC_STU02687,RANDOM_LP_06_SYNTHETIC_0031
RANDOM_LP_06_SYNTHETIC_STU02687,RANDOM_LP_06_SYNTHETIC_0127
RANDOM_LP_06_SYNTHETIC_STU02687,RANDOM_LP_06_SYNTHETIC_0169
RANDOM_LP_06_SYNTHETIC_STU02687,RANDOM_LP_06_SYNTHETIC_0232
RANDOM_LP_06_SYNTHETIC_STU02688,RANDOM_LP_06_SYNTHETIC_0174
RANDOM_LP_06_SYNTHETIC_STU02688,RANDOM_LP_06_SYNTHETIC_0198
RANDOM_LP_06_SYNTHETIC_STU02688,RANDOM_LP_06_SYNTHETIC_0228
RANDOM_LP_06_SYNTHETIC_STU02688,RANDOM_LP_06_SYNTHETIC_0245
RANDOM_LP_06_SYNTHETIC_STU02688,RANDOM_LP_06_SYNTHETIC_0371
RANDOM_LP_06_SYNTHETIC_STU02688,RANDOM_LP_06_SYNTHETIC_0441
RANDOM_LP_06_SYNTHETIC_STU02689,RANDOM_LP_06_SYNTHETIC_0196
RANDOM_LP_06_SYNTHETIC_STU02689,RANDOM_LP_06_SYNTHETIC_0316
RANDOM_LP_06_SYNTHETIC_STU02690,RANDOM_LP_06_SYNTHETIC_0040
RANDOM_LP_06_SYNTHETIC_STU02690,RANDOM_LP_06_SYNTHETIC_0096
RANDOM_LP_06_SYNTHETIC_STU02690,RANDOM_LP_06_SYNTHETIC_0257
RANDOM_LP_06_SYNTHETIC_STU02690,RANDOM_LP_06_SYNTHETIC_0348
RANDOM_LP_06_SYNTHETIC_STU02690,RANDOM_LP_06_SYNTHETIC_0452
RANDOM_LP_06_SYNTHETIC_STU02691,RANDOM_LP_06_SYNTHETIC_0101
RANDOM_LP_06_SYNTHETIC_STU02691,RANDOM_LP_06_SYNTHETIC_0206
RANDOM_LP_06_SYNTHETIC_STU02691,RANDOM_LP_06_SYNTHETIC_0361
RANDOM_LP_06_SYNTHETIC_STU02692,RANDOM_LP_06_SYNTHETIC_0094
RANDOM_LP_06_SYNTHETIC_STU02692,RANDOM_LP_06_SYNTHETIC_0156
RANDOM_LP_06_SYNTHETIC_STU02693,RANDOM_LP_06_SYNTHETIC_0108
RANDOM_LP_06_SYNTHETIC_STU02694,RANDOM_LP_06_SYNTHETIC_0273
RANDOM_LP_06_SYNTHETIC_STU02695,RANDOM_LP_06_SYNTHETIC_0077
RANDOM_LP_06_SYNTHETIC_STU02695,RANDOM_LP_06_SYNTHETIC_0251
RANDOM_LP_06_SYNTHETIC_STU02695,RANDOM_LP_06_SYNTHETIC_0267
RANDOM_LP_06_SYNTHETIC_STU02696,RANDOM_LP_06_SYNTHETIC_0066
RANDOM_LP_06_SYNTHETIC_STU02696,RANDOM_LP_06_SYNTHETIC_0478
RANDOM_LP_06_SYNTHETIC_STU02697,RANDOM_LP_06_SYNTHETIC_0158
RANDOM_LP_06_SYNTHETIC_STU02697,RANDOM_LP_06_SYNTHETIC_0357
RANDOM_LP_06_SYNTHETIC_STU02697,RANDOM_LP_06_SYNTHETIC_0383
RANDOM_LP_06_SYNTHETIC_STU02698,RANDOM_LP_06_SYNTHETIC_0112
RANDOM_LP_06_SYNTHETIC_STU02698,RANDOM_LP_06_SYNTHETIC_0135
RANDOM_LP_06_SYNTHETIC_STU02698,RANDOM_LP_06_SYNTHETIC_0163
RANDOM_LP_06_SYNTHETIC_STU02698,RANDOM_LP_06_SYNTHETIC_0212
RANDOM_LP_06_SYNTHETIC_STU02698,RANDOM_LP_06_SYNTHETIC_0223
RANDOM_LP_06_SYNTHETIC_STU02699,RANDOM_LP_06_SYNTHETIC_0120
RANDOM_LP_06_SYNTHETIC_STU02699,RANDOM_LP_06_SYNTHETIC_0236
RANDOM_LP_06_SYNTHETIC_STU02699,RANDOM_LP_06_SYNTHETIC_0272
RANDOM_LP_06_SYNTHETIC_STU02700,RANDOM_LP_06_SYNTHETIC_0241
RANDOM_LP_06_SYNTHETIC_STU02700,RANDOM_LP_06_SYNTHETIC_0339
RANDOM_LP_06_SYNTHETIC_STU02701,RANDOM_LP_06_SYNTHETIC_0093
RANDOM_LP_06_SYNTHETIC_STU02701,RANDOM_LP_06_SYNTHETIC_0219
RANDOM_LP_06_SYNTHETIC_STU02701,RANDOM_LP_06_SYNTHETIC_0388
RANDOM_LP_06_SYNTHETIC_STU02702,RANDOM_LP_06_SYNTHETIC_0013
RANDOM_LP_06_SYNTHETIC_STU02702,RANDOM_LP_06_SYNTHETIC_0174
RANDOM_LP_06_SYNTHETIC_STU02702,RANDOM_LP_06_SYNTHETIC_0419
RANDOM_LP_06_SYNTHETIC_STU02702,RANDOM_LP_06_SYNTHETIC_0420
RANDOM_LP_06_SYNTHETIC_STU02703,RANDOM_LP_06_SYNTHETIC_0004
RANDOM_LP_06_SYNTHETIC_STU02703,RANDOM_LP_06_SYNTHETIC_0142
RANDOM_LP_06_SYNTHETIC_STU02704,RANDOM_LP_06_SYNTHETIC_0067
RANDOM_LP_06_SYNTHETIC_STU02704,RANDOM_LP_06_SYNTHETIC_0189
RANDOM_LP_06_SYNTHETIC_STU02704,RANDOM_LP_06_SYNTHETIC_0238
RANDOM_LP_06_SYNTHETIC_STU02704,RANDOM_LP_06_SYNTHETIC_0274
RANDOM_LP_06_SYNTHETIC_STU02704,RANDOM_LP_06_SYNTHETIC_0287
RANDOM_LP_06_SYNTHETIC_STU02704,RANDOM_LP_06_SYNTHETIC_0370
RANDOM_LP_06_SYNTHETIC_STU02705,RANDOM_LP_06_SYNTHETIC_0004
RANDOM_LP_06_SYNTHETIC_STU02705,RANDOM_LP_06_SYNTHETIC_0233
RANDOM_LP_06_SYNTHETIC_STU02705,RANDOM_LP_06_SYNTHETIC_0449
RANDOM_LP_06_SYNTHETIC_STU02706,RANDOM_LP_06_SYNTHETIC_0092
RANDOM_LP_06_SYNTHETIC_STU02706,RANDOM_LP_06_SYNTHETIC_0156
RANDOM_LP_06_SYNTHETIC_STU02706,RANDOM_LP_06_SYNTHETIC_0397
RANDOM_LP_06_SYNTHETIC_STU02706,RANDOM_LP_06_SYNTHETIC_0410
RANDOM_LP_06_SYNTHETIC_STU02706,RANDOM_LP_06_SYNTHETIC_0483
RANDOM_LP_06_SYNTHETIC_STU02707,RANDOM_LP_06_SYNTHETIC_0016
RANDOM_LP_06_SYNTHETIC_STU02707,RANDOM_LP_06_SYNTHETIC_0041
RANDOM_LP_06_SYNTHETIC_STU02707,RANDOM_LP_06_SYNTHETIC_0042
RANDOM_LP_06_SYNTHETIC_STU02707,RANDOM_LP_06_SYNTHETIC_0349
RANDOM_LP_06_SYNTHETIC_STU02707,RANDOM_LP_06_SYNTHETIC_0436
RANDOM_LP_06_SYNTHETIC_STU02708,RANDOM_LP_06_SYNTHETIC_0057
RANDOM_LP_06_SYNTHETIC_STU02708,RANDOM_LP_06_SYNTHETIC_0074
RANDOM_LP_06_SYNTHETIC_STU02708,RANDOM_LP_06_SYNTHETIC_0227
RANDOM_LP_06_SYNTHETIC_STU02708,RANDOM_LP_06_SYNTHETIC_0309
RANDOM_LP_06_SYNTHETIC_STU02709,RANDOM_LP_06_SYNTHETIC_0198
RANDOM_LP_06_SYNTHETIC_STU02709,RANDOM_LP_06_SYNTHETIC_0216
RANDOM_LP_06_SYNTHETIC_STU02709,RANDOM_LP_06_SYNTHETIC_0249
RANDOM_LP_06_SYNTHETIC_STU02709,RANDOM_LP_06_SYNTHETIC_0328
RANDOM_LP_06_SYNTHETIC_STU02709,RANDOM_LP_06_SYNTHETIC_0369
RANDOM_LP_06_SYNTHETIC_STU02709,RANDOM_LP_06_SYNTHETIC_0473
RANDOM_LP_06_SYNTHETIC_STU02710,RANDOM_LP_06_SYNTHETIC_0022
RANDOM_LP_06_SYNTHETIC_STU02710,RANDOM_LP_06_SYNTHETIC_0028
RANDOM_LP_06_SYNTHETIC_STU02710,RANDOM_LP_06_SYNTHETIC_0439
RANDOM_LP_06_SYNTHETIC_STU02711,RANDOM_LP_06_SYNTHETIC_0372
RANDOM_LP_06_SYNTHETIC_STU02712,RANDOM_LP_06_SYNTHETIC_0099
RANDOM_LP_06_SYNTHETIC_STU02712,RANDOM_LP_06_SYNTHETIC_0393
RANDOM_LP_06_SYNTHETIC_STU02713,RANDOM_LP_06_SYNTHETIC_0063
RANDOM_LP_06_SYNTHETIC_STU02713,RANDOM_LP_06_SYNTHETIC_0172
RANDOM_LP_06_SYNTHETIC_STU02713,RANDOM_LP_06_SYNTHETIC_0239
RANDOM_LP_06_SYNTHETIC_STU02714,RANDOM_LP_06_SYNTHETIC_0104
RANDOM_LP_06_SYNTHETIC_STU02714,RANDOM_LP_06_SYNTHETIC_0224
RANDOM_LP_06_SYNTHETIC_STU02715,RANDOM_LP_06_SYNTHETIC_0078
RANDOM_LP_06_SYNTHETIC_STU02715,RANDOM_LP_06_SYNTHETIC_0175
RANDOM_LP_06_SYNTHETIC_STU02715,RANDOM_LP_06_SYNTHETIC_0382
RANDOM_LP_06_SYNTHETIC_STU02715,RANDOM_LP_06_SYNTHETIC_0412
RANDOM_LP_06_SYNTHETIC_STU02716,RANDOM_LP_06_SYNTHETIC_0202
RANDOM_LP_06_SYNTHETIC_STU02716,RANDOM_LP_06_SYNTHETIC_0273
RANDOM_LP_06_SYNTHETIC_STU02717,RANDOM_LP_06_SYNTHETIC_0039
RANDOM_LP_06_SYNTHETIC_STU02717,RANDOM_LP_06_SYNTHETIC_0229
RANDOM_LP_06_SYNTHETIC_STU02717,RANDOM_LP_06_SYNTHETIC_0390
RANDOM_LP_06_SYNTHETIC_STU02718,RANDOM_LP_06_SYNTHETIC_0074
RANDOM_LP_06_SYNTHETIC_STU02718,RANDOM_LP_06_SYNTHETIC_0175
RANDOM_LP_06_SYNTHETIC_STU02718,RANDOM_LP_06_SYNTHETIC_0256
RANDOM_LP_06_SYNTHETIC_STU02719,RANDOM_LP_06_SYNTHETIC_0107
RANDOM_LP_06_SYNTHETIC_STU02720,RANDOM_LP_06_SYNTHETIC_0424
RANDOM_LP_06_SYNTHETIC_STU02720,RANDOM_LP_06_SYNTHETIC_0449
RANDOM_LP_06_SYNTHETIC_STU02720,RANDOM_LP_06_SYNTHETIC_0498
RANDOM_LP_06_SYNTHETIC_STU02721,RANDOM_LP_06_SYNTHETIC_0261
RANDOM_LP_06_SYNTHETIC_STU02721,RANDOM_LP_06_SYNTHETIC_0335
RANDOM_LP_06_SYNTHETIC_STU02721,RANDOM_LP_06_SYNTHETIC_0364
RANDOM_LP_06_SYNTHETIC_STU02722,RANDOM_LP_06_SYNTHETIC_0023
RANDOM_LP_06_SYNTHETIC_STU02722,RANDOM_LP_06_SYNTHETIC_0178
RANDOM_LP_06_SYNTHETIC_STU02722,RANDOM_LP_06_SYNTHETIC_0392
RANDOM_LP_06_SYNTHETIC_STU02723,RANDOM_LP_06_SYNTHETIC_0034
RANDOM_LP_06_SYNTHETIC_STU02723,RANDOM_LP_06_SYNTHETIC_0266
RANDOM_LP_06_SYNTHETIC_STU02724,RANDOM_LP_06_SYNTHETIC_0002
RANDOM_LP_06_SYNTHETIC_STU02724,RANDOM_LP_06_SYNTHETIC_0124
RANDOM_LP_06_SYNTHETIC_STU02725,RANDOM_LP_06_SYNTHETIC_0202
RANDOM_LP_06_SYNTHETIC_STU02725,RANDOM_LP_06_SYNTHETIC_0299
RANDOM_LP_06_SYNTHETIC_STU02725,RANDOM_LP_06_SYNTHETIC_0317
RANDOM_LP_06_SYNTHETIC_STU02725,RANDOM_LP_06_SYNTHETIC_0445
RANDOM_LP_06_SYNTHETIC_STU02726,RANDOM_LP_06_SYNTHETIC_0301
RANDOM_LP_06_SYNTHETIC_STU02726,RANDOM_LP_06_SYNTHETIC_0494
RANDOM_LP_06_SYNTHETIC_STU02727,RANDOM_LP_06_SYNTHETIC_0434
RANDOM_LP_06_SYNTHETIC_STU02728,RANDOM_LP_06_SYNTHETIC_0023
RANDOM_LP_06_SYNTHETIC_STU02728,RANDOM_LP_06_SYNTHETIC_0184
RANDOM_LP_06_SYNTHETIC_STU02728,RANDOM_LP_06_SYNTHETIC_0241
RANDOM_LP_06_SYNTHETIC_STU02729,RANDOM_LP_06_SYNTHETIC_0050
RANDOM_LP_06_SYNTHETIC_STU02729,RANDOM_LP_06_SYNTHETIC_0397
RANDOM_LP_06_SYNTHETIC_STU02730,RANDOM_LP_06_SYNTHETIC_0119
RANDOM_LP_06_SYNTHETIC_STU02730,RANDOM_LP_06_SYNTHETIC_0248
RANDOM_LP_06_SYNTHETIC_STU02731,RANDOM_LP_06_SYNTHETIC_0104
RANDOM_LP_06_SYNTHETIC_STU02731,RANDOM_LP_06_SYNTHETIC_0476
RANDOM_LP_06_SYNTHETIC_STU02732,RANDOM_LP_06_SYNTHETIC_0090
RANDOM_LP_06_SYNTHETIC_STU02732,RANDOM_LP_06_SYNTHETIC_0111
RANDOM_LP_06_SYNTHETIC_STU02732,RANDOM_LP_06_SYNTHETIC_0137
RANDOM_LP_06_SYNTHETIC_STU02732,RANDOM_LP_06_SYNTHETIC_0161
RANDOM_LP_06_SYNTHETIC_STU02732,RANDOM_LP_06_SYNTHETIC_0256
RANDOM_LP_06_SYNTHETIC_STU02733,RANDOM_LP_06_SYNTHETIC_0274
RANDOM_LP_06_SYNTHETIC_STU02733,RANDOM_LP_06_SYNTHETIC_0314
RANDOM_LP_06_SYNTHETIC_STU02734,RANDOM_LP_06_SYNTHETIC_0065
RANDOM_LP_06_SYNTHETIC_STU02734,RANDOM_LP_06_SYNTHETIC_0079
RANDOM_LP_06_SYNTHETIC_STU02734,RANDOM_LP_06_SYNTHETIC_0284
RANDOM_LP_06_SYNTHETIC_STU02734,RANDOM_LP_06_SYNTHETIC_0394
RANDOM_LP_06_SYNTHETIC_STU02734,RANDOM_LP_06_SYNTHETIC_0438
RANDOM_LP_06_SYNTHETIC_STU02735,RANDOM_LP_06_SYNTHETIC_0100
RANDOM_LP_06_SYNTHETIC_STU02735,RANDOM_LP_06_SYNTHETIC_0361
RANDOM_LP_06_SYNTHETIC_STU02736,RANDOM_LP_06_SYNTHETIC_0016
RANDOM_LP_06_SYNTHETIC_STU02736,RANDOM_LP_06_SYNTHETIC_0062
RANDOM_LP_06_SYNTHETIC_STU02736,RANDOM_LP_06_SYNTHETIC_0184
RANDOM_LP_06_SYNTHETIC_STU02736,RANDOM_LP_06_SYNTHETIC_0219
RANDOM_LP_06_SYNTHETIC_STU02736,RANDOM_LP_06_SYNTHETIC_0295
RANDOM_LP_06_SYNTHETIC_STU02736,RANDOM_LP_06_SYNTHETIC_0446
RANDOM_LP_06_SYNTHETIC_STU02737,RANDOM_LP_06_SYNTHETIC_0080
RANDOM_LP_06_SYNTHETIC_STU02737,RANDOM_LP_06_SYNTHETIC_0104
RANDOM_LP_06_SYNTHETIC_STU02737,RANDOM_LP_06_SYNTHETIC_0121
RANDOM_LP_06_SYNTHETIC_STU02738,RANDOM_LP_06_SYNTHETIC_0185
RANDOM_LP_06_SYNTHETIC_STU02739,RANDOM_LP_06_SYNTHETIC_0111
RANDOM_LP_06_SYNTHETIC_STU02739,RANDOM_LP_06_SYNTHETIC_0271
RANDOM_LP_06_SYNTHETIC_STU02739,RANDOM_LP_06_SYNTHETIC_0324
RANDOM_LP_06_SYNTHETIC_STU02739,RANDOM_LP_06_SYNTHETIC_0409
RANDOM_LP_06_SYNTHETIC_STU02739,RANDOM_LP_06_SYNTHETIC_0486
RANDOM_LP_06_SYNTHETIC_STU02740,RANDOM_LP_06_SYNTHETIC_0062
RANDOM_LP_06_SYNTHETIC_STU02740,RANDOM_LP_06_SYNTHETIC_0419
RANDOM_LP_06_SYNTHETIC_STU02741,RANDOM_LP_06_SYNTHETIC_0103
RANDOM_LP_06_SYNTHETIC_STU02741,RANDOM_LP_06_SYNTHETIC_0212
RANDOM_LP_06_SYNTHETIC_STU02741,RANDOM_LP_06_SYNTHETIC_0429
RANDOM_LP_06_SYNTHETIC_STU02742,RANDOM_LP_06_SYNTHETIC_0101
RANDOM_LP_06_SYNTHETIC_STU02742,RANDOM_LP_06_SYNTHETIC_0227
RANDOM_LP_06_SYNTHETIC_STU02742,RANDOM_LP_06_SYNTHETIC_0371
RANDOM_LP_06_SYNTHETIC_STU02743,RANDOM_LP_06_SYNTHETIC_0040
RANDOM_LP_06_SYNTHETIC_STU02743,RANDOM_LP_06_SYNTHETIC_0203
RANDOM_LP_06_SYNTHETIC_STU02743,RANDOM_LP_06_SYNTHETIC_0296
RANDOM_LP_06_SYNTHETIC_STU02744,RANDOM_LP_06_SYNTHETIC_0012
RANDOM_LP_06_SYNTHETIC_STU02744,RANDOM_LP_06_SYNTHETIC_0466
RANDOM_LP_06_SYNTHETIC_STU02745,RANDOM_LP_06_SYNTHETIC_0156
RANDOM_LP_06_SYNTHETIC_STU02746,RANDOM_LP_06_SYNTHETIC_0051
RANDOM_LP_06_SYNTHETIC_STU02746,RANDOM_LP_06_SYNTHETIC_0410
RANDOM_LP_06_SYNTHETIC_STU02746,RANDOM_LP_06_SYNTHETIC_0420
RANDOM_LP_06_SYNTHETIC_STU02746,RANDOM_LP_06_SYNTHETIC_0457
RANDOM_LP_06_SYNTHETIC_STU02747,RANDOM_LP_06_SYNTHETIC_0150
RANDOM_LP_06_SYNTHETIC_STU02747,RANDOM_LP_06_SYNTHETIC_0211
RANDOM_LP_06_SYNTHETIC_STU02747,RANDOM_LP_06_SYNTHETIC_0357
RANDOM_LP_06_SYNTHETIC_STU02747,RANDOM_LP_06_SYNTHETIC_0496
RANDOM_LP_06_SYNTHETIC_STU02748,RANDOM_LP_06_SYNTHETIC_0149
RANDOM_LP_06_SYNTHETIC_STU02748,RANDOM_LP_06_SYNTHETIC_0213
RANDOM_LP_06_SYNTHETIC_STU02749,RANDOM_LP_06_SYNTHETIC_0145
RANDOM_LP_06_SYNTHETIC_STU02749,RANDOM_LP_06_SYNTHETIC_0368
RANDOM_LP_06_SYNTHETIC_STU02749,RANDOM_LP_06_SYNTHETIC_0371
RANDOM_LP_06_SYNTHETIC_STU02750,RANDOM_LP_06_SYNTHETIC_0038
RANDOM_LP_06_SYNTHETIC_STU02750,RANDOM_LP_06_SYNTHETIC_0274
RANDOM_LP_06_SYNTHETIC_STU02750,RANDOM_LP_06_SYNTHETIC_0325
RANDOM_LP_06_SYNTHETIC_STU02751,RANDOM_LP_06_SYNTHETIC_0205
RANDOM_LP_06_SYNTHETIC_STU02751,RANDOM_LP_06_SYNTHETIC_0265
RANDOM_LP_06_SYNTHETIC_STU02751,RANDOM_LP_06_SYNTHETIC_0494
RANDOM_LP_06_SYNTHETIC_STU02752,RANDOM_LP_06_SYNTHETIC_0061
RANDOM_LP_06_SYNTHETIC_STU02753,RANDOM_LP_06_SYNTHETIC_0095
RANDOM_LP_06_SYNTHETIC_STU02753,RANDOM_LP_06_SYNTHETIC_0111
RANDOM_LP_06_SYNTHETIC_STU02753,RANDOM_LP_06_SYNTHETIC_0209
RANDOM_LP_06_SYNTHETIC_STU02753,RANDOM_LP_06_SYNTHETIC_0212
RANDOM_LP_06_SYNTHETIC_STU02753,RANDOM_LP_06_SYNTHETIC_0285
RANDOM_LP_06_SYNTHETIC_STU02753,RANDOM_LP_06_SYNTHETIC_0495
RANDOM_LP_06_SYNTHETIC_STU02754,RANDOM_LP_06_SYNTHETIC_0006
RANDOM_LP_06_SYNTHETIC_STU02754,RANDOM_LP_06_SYNTHETIC_0208
RANDOM_LP_06_SYNTHETIC_STU02755,RANDOM_LP_06_SYNTHETIC_0172
RANDOM_LP_06_SYNTHETIC_STU02755,RANDOM_LP_06_SYNTHETIC_0294
RANDOM_LP_06_SYNTHETIC_STU02755,RANDOM_LP_06_SYNTHETIC_0367
RANDOM_LP_06_SYNTHETIC_STU02755,RANDOM_LP_06_SYNTHETIC_0368
RANDOM_LP_06_SYNTHETIC_STU02756,RANDOM_LP_06_SYNTHETIC_0004
RANDOM_LP_06_SYNTHETIC_STU02756,RANDOM_LP_06_SYNTHETIC_0243
RANDOM_LP_06_SYNTHETIC_STU02756,RANDOM_LP_06_SYNTHETIC_0382
RANDOM_LP_06_SYNTHETIC_STU02757,RANDOM_LP_06_SYNTHETIC_0207
RANDOM_LP_06_SYNTHETIC_STU02758,RANDOM_LP_06_SYNTHETIC_0107
RANDOM_LP_06_SYNTHETIC_STU02758,RANDOM_LP_06_SYNTHETIC_0206
RANDOM_LP_06_SYNTHETIC_STU02758,RANDOM_LP_06_SYNTHETIC_0274
RANDOM_LP_06_SYNTHETIC_STU02758,RANDOM_LP_06_SYNTHETIC_0370
RANDOM_LP_06_SYNTHETIC_STU02758,RANDOM_LP_06_SYNTHETIC_0393
RANDOM_LP_06_SYNTHETIC_STU02759,RANDOM_LP_06_SYNTHETIC_0009
RANDOM_LP_06_SYNTHETIC_STU02759,RANDOM_LP_06_SYNTHETIC_0085
RANDOM_LP_06_SYNTHETIC_STU02759,RANDOM_LP_06_SYNTHETIC_0104
RANDOM_LP_06_SYNTHETIC_STU02759,RANDOM_LP_06_SYNTHETIC_0329
RANDOM_LP_06_SYNTHETIC_STU02760,RANDOM_LP_06_SYNTHETIC_0010
RANDOM_LP_06_SYNTHETIC_STU02760,RANDOM_LP_06_SYNTHETIC_0104
RANDOM_LP_06_SYNTHETIC_STU02760,RANDOM_LP_06_SYNTHETIC_0169
RANDOM_LP_06_SYNTHETIC_STU02761,RANDOM_LP_06_SYNTHETIC_0136
RANDOM_LP_06_SYNTHETIC_STU02761,RANDOM_LP_06_SYNTHETIC_0280
RANDOM_LP_06_SYNTHETIC_STU02761,RANDOM_LP_06_SYNTHETIC_0383
RANDOM_LP_06_SYNTHETIC_STU02762,RANDOM_LP_06_SYNTHETIC_0013
RANDOM_LP_06_SYNTHETIC_STU02762,RANDOM_LP_06_SYNTHETIC_0047
RANDOM_LP_06_SYNTHETIC_STU02762,RANDOM_LP_06_SYNTHETIC_0145
RANDOM_LP_06_SYNTHETIC_STU02762,RANDOM_LP_06_SYNTHETIC_0157
RANDOM_LP_06_SYNTHETIC_STU02762,RANDOM_LP_06_SYNTHETIC_0209
RANDOM_LP_06_SYNTHETIC_STU02763,RANDOM_LP_06_SYNTHETIC_0210
RANDOM_LP_06_SYNTHETIC_STU02764,RANDOM_LP_06_SYNTHETIC_0016
RANDOM_LP_06_SYNTHETIC_STU02764,RANDOM_LP_06_SYNTHETIC_0343
RANDOM_LP_06_SYNTHETIC_STU02765,RANDOM_LP_06_SYNTHETIC_0096
RANDOM_LP_06_SYNTHETIC_STU02765,RANDOM_LP_06_SYNTHETIC_0246
RANDOM_LP_06_SYNTHETIC_STU02765,RANDOM_LP_06_SYNTHETIC_0444
RANDOM_LP_06_SYNTHETIC_STU02765,RANDOM_LP_06_SYNTHETIC_0449
RANDOM_LP_06_SYNTHETIC_STU02766,RANDOM_LP_06_SYNTHETIC_0264
RANDOM_LP_06_SYNTHETIC_STU02767,RANDOM_LP_06_SYNTHETIC_0051
RANDOM_LP_06_SYNTHETIC_STU02767,RANDOM_LP_06_SYNTHETIC_0296
RANDOM_LP_06_SYNTHETIC_STU02767,RANDOM_LP_06_SYNTHETIC_0436
RANDOM_LP_06_SYNTHETIC_STU02768,RANDOM_LP_06_SYNTHETIC_0005
RANDOM_LP_06_SYNTHETIC_STU02768,RANDOM_LP_06_SYNTHETIC_0013
RANDOM_LP_06_SYNTHETIC_STU02769,RANDOM_LP_06_SYNTHETIC_0112
RANDOM_LP_06_SYNTHETIC_STU02769,RANDOM_LP_06_SYNTHETIC_0217
RANDOM_LP_06_SYNTHETIC_STU02769,RANDOM_LP_06_SYNTHETIC_0273
RANDOM_LP_06_SYNTHETIC_STU02770,RANDOM_LP_06_SYNTHETIC_0381
RANDOM_LP_06_SYNTHETIC_STU02771,RANDOM_LP_06_SYNTHETIC_0117
RANDOM_LP_06_SYNTHETIC_STU02771,RANDOM_LP_06_SYNTHETIC_0217
RANDOM_LP_06_SYNTHETIC_STU02771,RANDOM_LP_06_SYNTHETIC_0361
RANDOM_LP_06_SYNTHETIC_STU02772,RANDOM_LP_06_SYNTHETIC_0038
RANDOM_LP_06_SYNTHETIC_STU02772,RANDOM_LP_06_SYNTHETIC_0244
RANDOM_LP_06_SYNTHETIC_STU02773,RANDOM_LP_06_SYNTHETIC_0248
RANDOM_LP_06_SYNTHETIC_STU02773,RANDOM_LP_06_SYNTHETIC_0324
RANDOM_LP_06_SYNTHETIC_STU02773,RANDOM_LP_06_SYNTHETIC_0438
RANDOM_LP_06_SYNTHETIC_STU02774,RANDOM_LP_06_SYNTHETIC_0233
RANDOM_LP_06_SYNTHETIC_STU02774,RANDOM_LP_06_SYNTHETIC_0334
RANDOM_LP_06_SYNTHETIC_STU02775,RANDOM_LP_06_SYNTHETIC_0031
RANDOM_LP_06_SYNTHETIC_STU02775,RANDOM_LP_06_SYNTHETIC_0102
RANDOM_LP_06_SYNTHETIC_STU02775,RANDOM_LP_06_SYNTHETIC_0120
RANDOM_LP_06_SYNTHETIC_STU02775,RANDOM_LP_06_SYNTHETIC_0179
RANDOM_LP_06_SYNTHETIC_STU02776,RANDOM_LP_06_SYNTHETIC_0296
RANDOM_LP_06_SYNTHETIC_STU02777,RANDOM_LP_06_SYNTHETIC_0082
RANDOM_LP_06_SYNTHETIC_STU02777,RANDOM_LP_06_SYNTHETIC_0118
RANDOM_LP_06_SYNTHETIC_STU02777,RANDOM_LP_06_SYNTHETIC_0351
RANDOM_LP_06_SYNTHETIC_STU02777,RANDOM_LP_06_SYNTHETIC_0473
RANDOM_LP_06_SYNTHETIC_STU02777,RANDOM_LP_06_SYNTHETIC_0494
RANDOM_LP_06_SYNTHETIC_STU02778,RANDOM_LP_06_SYNTHETIC_0136
RANDOM_LP_06_SYNTHETIC_STU02779,RANDOM_LP_06_SYNTHETIC_0337
RANDOM_LP_06_SYNTHETIC_STU02779,RANDOM_LP_06_SYNTHETIC_0380
RANDOM_LP_06_SYNTHETIC_STU02780,RANDOM_LP_06_SYNTHETIC_0027
RANDOM_LP_06_SYNTHETIC_STU02780,RANDOM_LP_06_SYNTHETIC_0249
RANDOM_LP_06_SYNTHETIC_STU02781,RANDOM_LP_06_SYNTHETIC_0100
RANDOM_LP_06_SYNTHETIC_STU02781,RANDOM_LP_06_SYNTHETIC_0357
RANDOM_LP_06_SYNTHETIC_STU02781,RANDOM_LP_06_SYNTHETIC_0389
RANDOM_LP_06_SYNTHETIC_STU02781,RANDOM_LP_06_SYNTHETIC_0426
RANDOM_LP_06_SYNTHETIC_STU02781,RANDOM_LP_06_SYNTHETIC_0494
RANDOM_LP_06_SYNTHETIC_STU02782,RANDOM_LP_06_SYNTHETIC_0204
RANDOM_LP_06_SYNTHETIC_STU02782,RANDOM_LP_06_SYNTHETIC_0219
RANDOM_LP_06_SYNTHETIC_STU02783,RANDOM_LP_06_SYNTHETIC_0031
RANDOM_LP_06_SYNTHETIC_STU02783,RANDOM_LP_06_SYNTHETIC_0083
RANDOM_LP_06_SYNTHETIC_STU02784,RANDOM_LP_06_SYNTHETIC_0103
RANDOM_LP_06_SYNTHETIC_STU02784,RANDOM_LP_06_SYNTHETIC_0472
RANDOM_LP_06_SYNTHETIC_STU02785,RANDOM_LP_06_SYNTHETIC_0117
RANDOM_LP_06_SYNTHETIC_STU02785,RANDOM_LP_06_SYNTHETIC_0385
RANDOM_LP_06_SYNTHETIC_STU02785,RANDOM_LP_06_SYNTHETIC_0389
RANDOM_LP_06_SYNTHETIC_STU02786,RANDOM_LP_06_SYNTHETIC_0167
RANDOM_LP_06_SYNTHETIC_STU02786,RANDOM_LP_06_SYNTHETIC_0408
RANDOM_LP_06_SYNTHETIC_STU02787,RANDOM_LP_06_SYNTHETIC_0182
RANDOM_LP_06_SYNTHETIC_STU02787,RANDOM_LP_06_SYNTHETIC_0324
RANDOM_LP_06_SYNTHETIC_STU02788,RANDOM_LP_06_SYNTHETIC_0203
RANDOM_LP_06_SYNTHETIC_STU02788,RANDOM_LP_06_SYNTHETIC_0431
RANDOM_LP_06_SYNTHETIC_STU02788,RANDOM_LP_06_SYNTHETIC_0434
RANDOM_LP_06_SYNTHETIC_STU02789,RANDOM_LP_06_SYNTHETIC_0104
RANDOM_LP_06_SYNTHETIC_STU02790,RANDOM_LP_06_SYNTHETIC_0166
RANDOM_LP_06_SYNTHETIC_STU02790,RANDOM_LP_06_SYNTHETIC_0235
RANDOM_LP_06_SYNTHETIC_STU02790,RANDOM_LP_06_SYNTHETIC_0316
RANDOM_LP_06_SYNTHETIC_STU02790,RANDOM_LP_06_SYNTHETIC_0460
RANDOM_LP_06_SYNTHETIC_STU02791,RANDOM_LP_06_SYNTHETIC_0114
RANDOM_LP_06_SYNTHETIC_STU02791,RANDOM_LP_06_SYNTHETIC_0122
RANDOM_LP_06_SYNTHETIC_STU02792,RANDOM_LP_06_SYNTHETIC_0057
RANDOM_LP_06_SYNTHETIC_STU02792,RANDOM_LP_06_SYNTHETIC_0245
RANDOM_LP_06_SYNTHETIC_STU02792,RANDOM_LP_06_SYNTHETIC_0387
RANDOM_LP_06_SYNTHETIC_STU02793,RANDOM_LP_06_SYNTHETIC_0306
RANDOM_LP_06_SYNTHETIC_STU02793,RANDOM_LP_06_SYNTHETIC_0319
RANDOM_LP_06_SYNTHETIC_STU02794,RANDOM_LP_06_SYNTHETIC_0028
RANDOM_LP_06_SYNTHETIC_STU02794,RANDOM_LP_06_SYNTHETIC_0380
RANDOM_LP_06_SYNTHETIC_STU02794,RANDOM_LP_06_SYNTHETIC_0432
RANDOM_LP_06_SYNTHETIC_STU02795,RANDOM_LP_06_SYNTHETIC_0277
RANDOM_LP_06_SYNTHETIC_STU02795,RANDOM_LP_06_SYNTHETIC_0387
RANDOM_LP_06_SYNTHETIC_STU02795,RANDOM_LP_06_SYNTHETIC_0391
RANDOM_LP_06_SYNTHETIC_STU02796,RANDOM_LP_06_SYNTHETIC_0249
RANDOM_LP_06_SYNTHETIC_STU02797,RANDOM_LP_06_SYNTHETIC_0005
RANDOM_LP_06_SYNTHETIC_STU02797,RANDOM_LP_06_SYNTHETIC_0034
RANDOM_LP_06_SYNTHETIC_STU02797,RANDOM_LP_06_SYNTHETIC_0205
RANDOM_LP_06_SYNTHETIC_STU02798,RANDOM_LP_06_SYNTHETIC_0002
RANDOM_LP_06_SYNTHETIC_STU02798,RANDOM_LP_06_SYNTHETIC_0141
RANDOM_LP_06_SYNTHETIC_STU02798,RANDOM_LP_06_SYNTHETIC_0230
RANDOM_LP_06_SYNTHETIC_STU02799,RANDOM_LP_06_SYNTHETIC_0362
RANDOM_LP_06_SYNTHETIC_STU02799,RANDOM_LP_06_SYNTHETIC_0410
RANDOM_LP_06_SYNTHETIC_STU02800,RANDOM_LP_06_SYNTHETIC_0078
RANDOM_LP_06_SYNTHETIC_STU02800,RANDOM_LP_06_SYNTHETIC_0324
RANDOM_LP_06_SYNTHETIC_STU02801,RANDOM_LP_06_SYNTHETIC_0079
RANDOM_LP_06_SYNTHETIC_STU02801,RANDOM_LP_06_SYNTHETIC_0257
RANDOM_LP_06_SYNTHETIC_STU02801,RANDOM_LP_06_SYNTHETIC_0361
RANDOM_LP_06_SYNTHETIC_STU02802,RANDOM_LP_06_SYNTHETIC_0164
RANDOM_LP_06_SYNTHETIC_STU02802,RANDOM_LP_06_SYNTHETIC_0425
RANDOM_LP_06_SYNTHETIC_STU02802,RANDOM_LP_06_SYNTHETIC_0467
RANDOM_LP_06_SYNTHETIC_STU02803,RANDOM_LP_06_SYNTHETIC_0069
RANDOM_LP_06_SYNTHETIC_STU02803,RANDOM_LP_06_SYNTHETIC_0108
RANDOM_LP_06_SYNTHETIC_STU02803,RANDOM_LP_06_SYNTHETIC_0355
RANDOM_LP_06_SYNTHETIC_STU02804,RANDOM_LP_06_SYNTHETIC_0422
RANDOM_LP_06_SYNTHETIC_STU02805,RANDOM_LP_06_SYNTHETIC_0031
RANDOM_LP_06_SYNTHETIC_STU02806,RANDOM_LP_06_SYNTHETIC_0334
RANDOM_LP_06_SYNTHETIC_STU02806,RANDOM_LP_06_SYNTHETIC_0492
RANDOM_LP_06_SYNTHETIC_STU02807,RANDOM_LP_06_SYNTHETIC_0202
RANDOM_LP_06_SYNTHETIC_STU02807,RANDOM_LP_06_SYNTHETIC_0217
RANDOM_LP_06_SYNTHETIC_STU02807,RANDOM_LP_06_SYNTHETIC_0385
RANDOM_LP_06_SYNTHETIC_STU02808,RANDOM_LP_06_SYNTHETIC_0122
RANDOM_LP_06_SYNTHETIC_STU02808,RANDOM_LP_06_SYNTHETIC_0296
RANDOM_LP_06_SYNTHETIC_STU02808,RANDOM_LP_06_SYNTHETIC_0431
RANDOM_LP_06_SYNTHETIC_STU02808,RANDOM_LP_06_SYNTHETIC_0435
RANDOM_LP_06_SYNTHETIC_STU02809,RANDOM_LP_06_SYNTHETIC_0200
RANDOM_LP_06_SYNTHETIC_STU02809,RANDOM_LP_06_SYNTHETIC_0271
RANDOM_LP_06_SYNTHETIC_STU02809,RANDOM_LP_06_SYNTHETIC_0485
RANDOM_LP_06_SYNTHETIC_STU02809,RANDOM_LP_06_SYNTHETIC_0494
RANDOM_LP_06_SYNTHETIC_STU02810,RANDOM_LP_06_SYNTHETIC_0078
RANDOM_LP_06_SYNTHETIC_STU02810,RANDOM_LP_06_SYNTHETIC_0148
RANDOM_LP_06_SYNTHETIC_STU02810,RANDOM_LP_06_SYNTHETIC_0214
RANDOM_LP_06_SYNTHETIC_STU02811,RANDOM_LP_06_SYNTHETIC_0035
RANDOM_LP_06_SYNTHETIC_STU02811,RANDOM_LP_06_SYNTHETIC_0053
RANDOM_LP_06_SYNTHETIC_STU02811,RANDOM_LP_06_SYNTHETIC_0112
RANDOM_LP_06_SYNTHETIC_STU02811,RANDOM_LP_06_SYNTHETIC_0201
RANDOM_LP_06_SYNTHETIC_STU02811,RANDOM_LP_06_SYNTHETIC_0459
RANDOM_LP_06_SYNTHETIC_STU02812,RANDOM_LP_06_SYNTHETIC_0024
RANDOM_LP_06_SYNTHETIC_STU02812,RANDOM_LP_06_SYNTHETIC_0036
RANDOM_LP_06_SYNTHETIC_STU02812,RANDOM_LP_06_SYNTHETIC_0079
RANDOM_LP_06_SYNTHETIC_STU02813,RANDOM_LP_06_SYNTHETIC_0088
RANDOM_LP_06_SYNTHETIC_STU02814,RANDOM_LP_06_SYNTHETIC_0057
RANDOM_LP_06_SYNTHETIC_STU02814,RANDOM_LP_06_SYNTHETIC_0214
RANDOM_LP_06_SYNTHETIC_STU02814,RANDOM_LP_06_SYNTHETIC_0448
RANDOM_LP_06_SYNTHETIC_STU02815,RANDOM_LP_06_SYNTHETIC_0041
RANDOM_LP_06_SYNTHETIC_STU02815,RANDOM_LP_06_SYNTHETIC_0073
RANDOM_LP_06_SYNTHETIC_STU02816,RANDOM_LP_06_SYNTHETIC_0031
RANDOM_LP_06_SYNTHETIC_STU02816,RANDOM_LP_06_SYNTHETIC_0069
RANDOM_LP_06_SYNTHETIC_STU02816,RANDOM_LP_06_SYNTHETIC_0295
RANDOM_LP_06_SYNTHETIC_STU02816,RANDOM_LP_06_SYNTHETIC_0424
RANDOM_LP_06_SYNTHETIC_STU02817,RANDOM_LP_06_SYNTHETIC_0095
RANDOM_LP_06_SYNTHETIC_STU02817,RANDOM_LP_06_SYNTHETIC_0248
RANDOM_LP_06_SYNTHETIC_STU02818,RANDOM_LP_06_SYNTHETIC_0216
RANDOM_LP_06_SYNTHETIC_STU02818,RANDOM_LP_06_SYNTHETIC_0253
RANDOM_LP_06_SYNTHETIC_STU02818,RANDOM_LP_06_SYNTHETIC_0377
RANDOM_LP_06_SYNTHETIC_STU02819,RANDOM_LP_06_SYNTHETIC_0029
RANDOM_LP_06_SYNTHETIC_STU02819,RANDOM_LP_06_SYNTHETIC_0360
RANDOM_LP_06_SYNTHETIC_STU02820,RANDOM_LP_06_SYNTHETIC_0277
RANDOM_LP_06_SYNTHETIC_STU02820,RANDOM_LP_06_SYNTHETIC_0423
RANDOM_LP_06_SYNTHETIC_STU02820,RANDOM_LP_06_SYNTHETIC_0431
RANDOM_LP_06_SYNTHETIC_STU02821,RANDOM_LP_06_SYNTHETIC_0171
RANDOM_LP_06_SYNTHETIC_STU02821,RANDOM_LP_06_SYNTHETIC_0190
RANDOM_LP_06_SYNTHETIC_STU02821,RANDOM_LP_06_SYNTHETIC_0392
RANDOM_LP_06_SYNTHETIC_STU02822,RANDOM_LP_06_SYNTHETIC_0103
RANDOM_LP_06_SYNTHETIC_STU02823,RANDOM_LP_06_SYNTHETIC_0234
RANDOM_LP_06_SYNTHETIC_STU02824,RANDOM_LP_06_SYNTHETIC_0216
RANDOM_LP_06_SYNTHETIC_STU02824,RANDOM_LP_06_SYNTHETIC_0231
RANDOM_LP_06_SYNTHETIC_STU02825,RANDOM_LP_06_SYNTHETIC_0438
RANDOM_LP_06_SYNTHETIC_STU02825,RANDOM_LP_06_SYNTHETIC_0469
RANDOM_LP_06_SYNTHETIC_STU02826,RANDOM_LP_06_SYNTHETIC_0019
RANDOM_LP_06_SYNTHETIC_STU02826,RANDOM_LP_06_SYNTHETIC_0493
RANDOM_LP_06_SYNTHETIC_STU02827,RANDOM_LP_06_SYNTHETIC_0004
RANDOM_LP_06_SYNTHETIC_STU02827,RANDOM_LP_06_SYNTHETIC_0063
RANDOM_LP_06_SYNTHETIC_STU02827,RANDOM_LP_06_SYNTHETIC_0218
RANDOM_LP_06_SYNTHETIC_STU02827,RANDOM_LP_06_SYNTHETIC_0465
RANDOM_LP_06_SYNTHETIC_STU02828,RANDOM_LP_06_SYNTHETIC_0046
RANDOM_LP_06_SYNTHETIC_STU02828,RANDOM_LP_06_SYNTHETIC_0181
RANDOM_LP_06_SYNTHETIC_STU02828,RANDOM_LP_06_SYNTHETIC_0271
RANDOM_LP_06_SYNTHETIC_STU02828,RANDOM_LP_06_SYNTHETIC_0328
RANDOM_LP_06_SYNTHETIC_STU02829,RANDOM_LP_06_SYNTHETIC_0016
RANDOM_LP_06_SYNTHETIC_STU02829,RANDOM_LP_06_SYNTHETIC_0077
RANDOM_LP_06_SYNTHETIC_STU02829,RANDOM_LP_06_SYNTHETIC_0178
RANDOM_LP_06_SYNTHETIC_STU02829,RANDOM_LP_06_SYNTHETIC_0206
RANDOM_LP_06_SYNTHETIC_STU02829,RANDOM_LP_06_SYNTHETIC_0320
RANDOM_LP_06_SYNTHETIC_STU02829,RANDOM_LP_06_SYNTHETIC_0327
RANDOM_LP_06_SYNTHETIC_STU02829,RANDOM_LP_06_SYNTHETIC_0389
RANDOM_LP_06_SYNTHETIC_STU02829,RANDOM_LP_06_SYNTHETIC_0435
RANDOM_LP_06_SYNTHETIC_STU02829,RANDOM_LP_06_SYNTHETIC_0449
RANDOM_LP_06_SYNTHETIC_STU02830,RANDOM_LP_06_SYNTHETIC_0004
RANDOM_LP_06_SYNTHETIC_STU02830,RANDOM_LP_06_SYNTHETIC_0115
RANDOM_LP_06_SYNTHETIC_STU02831,RANDOM_LP_06_SYNTHETIC_0073
RANDOM_LP_06_SYNTHETIC_STU02831,RANDOM_LP_06_SYNTHETIC_0108
RANDOM_LP_06_SYNTHETIC_STU02831,RANDOM_LP_06_SYNTHETIC_0161
RANDOM_LP_06_SYNTHETIC_STU02831,RANDOM_LP_06_SYNTHETIC_0184
RANDOM_LP_06_SYNTHETIC_STU02831,RANDOM_LP_06_SYNTHETIC_0196
RANDOM_LP_06_SYNTHETIC_STU02832,RANDOM_LP_06_SYNTHETIC_0059
RANDOM_LP_06_SYNTHETIC_STU02832,RANDOM_LP_06_SYNTHETIC_0482
RANDOM_LP_06_SYNTHETIC_STU02833,RANDOM_LP_06_SYNTHETIC_0027
RANDOM_LP_06_SYNTHETIC_STU02833,RANDOM_LP_06_SYNTHETIC_0188
RANDOM_LP_06_SYNTHETIC_STU02833,RANDOM_LP_06_SYNTHETIC_0242
RANDOM_LP_06_SYNTHETIC_STU02834,RANDOM_LP_06_SYNTHETIC_0084
RANDOM_LP_06_SYNTHETIC_STU02834,RANDOM_LP_06_SYNTHETIC_0271
RANDOM_LP_06_SYNTHETIC_STU02834,RANDOM_LP_06_SYNTHETIC_0279
RANDOM_LP_06_SYNTHETIC_STU02834,RANDOM_LP_06_SYNTHETIC_0326
RANDOM_LP_06_SYNTHETIC_STU02835,RANDOM_LP_06_SYNTHETIC_0066
RANDOM_LP_06_SYNTHETIC_STU02835,RANDOM_LP_06_SYNTHETIC_0163
RANDOM_LP_06_SYNTHETIC_STU02836,RANDOM_LP_06_SYNTHETIC_0152
RANDOM_LP_06_SYNTHETIC_STU02837,RANDOM_LP_06_SYNTHETIC_0063
RANDOM_LP_06_SYNTHETIC_STU02837,RANDOM_LP_06_SYNTHETIC_0188
RANDOM_LP_06_SYNTHETIC_STU02838,RANDOM_LP_06_SYNTHETIC_0133
RANDOM_LP_06_SYNTHETIC_STU02838,RANDOM_LP_06_SYNTHETIC_0147
RANDOM_LP_06_SYNTHETIC_STU02839,RANDOM_LP_06_SYNTHETIC_0135
RANDOM_LP_06_SYNTHETIC_STU02839,RANDOM_LP_06_SYNTHETIC_0172
RANDOM_LP_06_SYNTHETIC_STU02839,RANDOM_LP_06_SYNTHETIC_0287
RANDOM_LP_06_SYNTHETIC_STU02839,RANDOM_LP_06_SYNTHETIC_0398
RANDOM_LP_06_SYNTHETIC_STU02840,RANDOM_LP_06_SYNTHETIC_0003
RANDOM_LP_06_SYNTHETIC_STU02840,RANDOM_LP_06_SYNTHETIC_0052
RANDOM_LP_06_SYNTHETIC_STU02840,RANDOM_LP_06_SYNTHETIC_0079
RANDOM_LP_06_SYNTHETIC_STU02841,RANDOM_LP_06_SYNTHETIC_0293
RANDOM_LP_06_SYNTHETIC_STU02841,RANDOM_LP_06_SYNTHETIC_0373
RANDOM_LP_06_SYNTHETIC_STU02842,RANDOM_LP_06_SYNTHETIC_0098
RANDOM_LP_06_SYNTHETIC_STU02842,RANDOM_LP_06_SYNTHETIC_0308
RANDOM_LP_06_SYNTHETIC_STU02842,RANDOM_LP_06_SYNTHETIC_0344
RANDOM_LP_06_SYNTHETIC_STU02843,RANDOM_LP_06_SYNTHETIC_0112
RANDOM_LP_06_SYNTHETIC_STU02843,RANDOM_LP_06_SYNTHETIC_0145
RANDOM_LP_06_SYNTHETIC_STU02843,RANDOM_LP_06_SYNTHETIC_0382
RANDOM_LP_06_SYNTHETIC_STU02844,RANDOM_LP_06_SYNTHETIC_0046
RANDOM_LP_06_SYNTHETIC_STU02844,RANDOM_LP_06_SYNTHETIC_0324
RANDOM_LP_06_SYNTHETIC_STU02844,RANDOM_LP_06_SYNTHETIC_0404
RANDOM_LP_06_SYNTHETIC_STU02844,RANDOM_LP_06_SYNTHETIC_0453
RANDOM_LP_06_SYNTHETIC_STU02844,RANDOM_LP_06_SYNTHETIC_0460
RANDOM_LP_06_SYNTHETIC_STU02845,RANDOM_LP_06_SYNTHETIC_0111
RANDOM_LP_06_SYNTHETIC_STU02845,RANDOM_LP_06_SYNTHETIC_0409
RANDOM_LP_06_SYNTHETIC_STU02845,RANDOM_LP_06_SYNTHETIC_0496
RANDOM_LP_06_SYNTHETIC_STU02846,RANDOM_LP_06_SYNTHETIC_0234
RANDOM_LP_06_SYNTHETIC_STU02846,RANDOM_LP_06_SYNTHETIC_0243
RANDOM_LP_06_SYNTHETIC_STU02846,RANDOM_LP_06_SYNTHETIC_0449
RANDOM_LP_06_SYNTHETIC_STU02846,RANDOM_LP_06_SYNTHETIC_0497
RANDOM_LP_06_SYNTHETIC_STU02847,RANDOM_LP_06_SYNTHETIC_0063
RANDOM_LP_06_SYNTHETIC_STU02847,RANDOM_LP_06_SYNTHETIC_0105
RANDOM_LP_06_SYNTHETIC_STU02847,RANDOM_LP_06_SYNTHETIC_0107
RANDOM_LP_06_SYNTHETIC_STU02847,RANDOM_LP_06_SYNTHETIC_0423
RANDOM_LP_06_SYNTHETIC_STU02847,RANDOM_LP_06_SYNTHETIC_0482
RANDOM_LP_06_SYNTHETIC_STU02848,RANDOM_LP_06_SYNTHETIC_0036
RANDOM_LP_06_SYNTHETIC_STU02848,RANDOM_LP_06_SYNTHETIC_0040
RANDOM_LP_06_SYNTHETIC_STU02848,RANDOM_LP_06_SYNTHETIC_0092
RANDOM_LP_06_SYNTHETIC_STU02848,RANDOM_LP_06_SYNTHETIC_0470
RANDOM_LP_06_SYNTHETIC_STU02849,RANDOM_LP_06_SYNTHETIC_0021
RANDOM_LP_06_SYNTHETIC_STU02849,RANDOM_LP_06_SYNTHETIC_0066
RANDOM_LP_06_SYNTHETIC_STU02849,RANDOM_LP_06_SYNTHETIC_0078
RANDOM_LP_06_SYNTHETIC_STU02849,RANDOM_LP_06_SYNTHETIC_0081
RANDOM_LP_06_SYNTHETIC_STU02850,RANDOM_LP_06_SYNTHETIC_0037
RANDOM_LP_06_SYNTHETIC_STU02851,RANDOM_LP_06_SYNTHETIC_0159
RANDOM_LP_06_SYNTHETIC_STU02851,RANDOM_LP_06_SYNTHETIC_0240
RANDOM_LP_06_SYNTHETIC_STU02852,RANDOM_LP_06_SYNTHETIC_0110
RANDOM_LP_06_SYNTHETIC_STU02852,RANDOM_LP_06_SYNTHETIC_0445
RANDOM_LP_06_SYNTHETIC_STU02852,RANDOM_LP_06_SYNTHETIC_0458
RANDOM_LP_06_SYNTHETIC_STU02853,RANDOM_LP_06_SYNTHETIC_0112
RANDOM_LP_06_SYNTHETIC_STU02853,RANDOM_LP_06_SYNTHETIC_0121
RANDOM_LP_06_SYNTHETIC_STU02853,RANDOM_LP_06_SYNTHETIC_0464
RANDOM_LP_06_SYNTHETIC_STU02854,RANDOM_LP_06_SYNTHETIC_0079
RANDOM_LP_06_SYNTHETIC_STU02854,RANDOM_LP_06_SYNTHETIC_0203
RANDOM_LP_06_SYNTHETIC_STU02854,RANDOM_LP_06_SYNTHETIC_0334
RANDOM_LP_06_SYNTHETIC_STU02854,RANDOM_LP_06_SYNTHETIC_0475
RANDOM_LP_06_SYNTHETIC_STU02855,RANDOM_LP_06_SYNTHETIC_0137
RANDOM_LP_06_SYNTHETIC_STU02855,RANDOM_LP_06_SYNTHETIC_0382
RANDOM_LP_06_SYNTHETIC_STU02855,RANDOM_LP_06_SYNTHETIC_0456
RANDOM_LP_06_SYNTHETIC_STU02856,RANDOM_LP_06_SYNTHETIC_0034
RANDOM_LP_06_SYNTHETIC_STU02856,RANDOM_LP_06_SYNTHETIC_0361
RANDOM_LP_06_SYNTHETIC_STU02856,RANDOM_LP_06_SYNTHETIC_0416
RANDOM_LP_06_SYNTHETIC_STU02856,RANDOM_LP_06_SYNTHETIC_0437
RANDOM_LP_06_SYNTHETIC_STU02856,RANDOM_LP_06_SYNTHETIC_0488
RANDOM_LP_06_SYNTHETIC_STU02857,RANDOM_LP_06_SYNTHETIC_0085
RANDOM_LP_06_SYNTHETIC_STU02857,RANDOM_LP_06_SYNTHETIC_0342
RANDOM_LP_06_SYNTHETIC_STU02857,RANDOM_LP_06_SYNTHETIC_0475
RANDOM_LP_06_SYNTHETIC_STU02858,RANDOM_LP_06_SYNTHETIC_0040
RANDOM_LP_06_SYNTHETIC_STU02858,RANDOM_LP_06_SYNTHETIC_0134
RANDOM_LP_06_SYNTHETIC_STU02858,RANDOM_LP_06_SYNTHETIC_0229
RANDOM_LP_06_SYNTHETIC_STU02858,RANDOM_LP_06_SYNTHETIC_0271
RANDOM_LP_06_SYNTHETIC_STU02858,RANDOM_LP_06_SYNTHETIC_0341
RANDOM_LP_06_SYNTHETIC_STU02858,RANDOM_LP_06_SYNTHETIC_0365
RANDOM_LP_06_SYNTHETIC_STU02858,RANDOM_LP_06_SYNTHETIC_0465
RANDOM_LP_06_SYNTHETIC_STU02858,RANDOM_LP_06_SYNTHETIC_0483
RANDOM_LP_06_SYNTHETIC_STU02859,RANDOM_LP_06_SYNTHETIC_0040
RANDOM_LP_06_SYNTHETIC_STU02859,RANDOM_LP_06_SYNTHETIC_0267
RANDOM_LP_06_SYNTHETIC_STU02859,RANDOM_LP_06_SYNTHETIC_0319
RANDOM_LP_06_SYNTHETIC_STU02860,RANDOM_LP_06_SYNTHETIC_0079
RANDOM_LP_06_SYNTHETIC_STU02860,RANDOM_LP_06_SYNTHETIC_0410
RANDOM_LP_06_SYNTHETIC_STU02861,RANDOM_LP_06_SYNTHETIC_0022
RANDOM_LP_06_SYNTHETIC_STU02861,RANDOM_LP_06_SYNTHETIC_0079
RANDOM_LP_06_SYNTHETIC_STU02861,RANDOM_LP_06_SYNTHETIC_0218
RANDOM_LP_06_SYNTHETIC_STU02861,RANDOM_LP_06_SYNTHETIC_0253
RANDOM_LP_06_SYNTHETIC_STU02862,RANDOM_LP_06_SYNTHETIC_0062
RANDOM_LP_06_SYNTHETIC_STU02862,RANDOM_LP_06_SYNTHETIC_0425
RANDOM_LP_06_SYNTHETIC_STU02862,RANDOM_LP_06_SYNTHETIC_0493
RANDOM_LP_06_SYNTHETIC_STU02863,RANDOM_LP_06_SYNTHETIC_0027
RANDOM_LP_06_SYNTHETIC_STU02863,RANDOM_LP_06_SYNTHETIC_0222
RANDOM_LP_06_SYNTHETIC_STU02863,RANDOM_LP_06_SYNTHETIC_0496
RANDOM_LP_06_SYNTHETIC_STU02864,RANDOM_LP_06_SYNTHETIC_0075
RANDOM_LP_06_SYNTHETIC_STU02864,RANDOM_LP_06_SYNTHETIC_0317
RANDOM_LP_06_SYNTHETIC_STU02864,RANDOM_LP_06_SYNTHETIC_0326
RANDOM_LP_06_SYNTHETIC_STU02865,RANDOM_LP_06_SYNTHETIC_0151
RANDOM_LP_06_SYNTHETIC_STU02865,RANDOM_LP_06_SYNTHETIC_0197
RANDOM_LP_06_SYNTHETIC_STU02866,RANDOM_LP_06_SYNTHETIC_0230
RANDOM_LP_06_SYNTHETIC_STU02866,RANDOM_LP_06_SYNTHETIC_0402
RANDOM_LP_06_SYNTHETIC_STU02867,RANDOM_LP_06_SYNTHETIC_0444
RANDOM_LP_06_SYNTHETIC_STU02867,RANDOM_LP_06_SYNTHETIC_0467
RANDOM_LP_06_SYNTHETIC_STU02868,RANDOM_LP_06_SYNTHETIC_0030
RANDOM_LP_06_SYNTHETIC_STU02868,RANDOM_LP_06_SYNTHETIC_0069
RANDOM_LP_06_SYNTHETIC_STU02868,RANDOM_LP_06_SYNTHETIC_0235
RANDOM_LP_06_SYNTHETIC_STU02868,RANDOM_LP_06_SYNTHETIC_0449
RANDOM_LP_06_SYNTHETIC_STU02869,RANDOM_LP_06_SYNTHETIC_0202
RANDOM_LP_06_SYNTHETIC_STU02869,RANDOM_LP_06_SYNTHETIC_0227
RANDOM_LP_06_SYNTHETIC_STU02869,RANDOM_LP_06_SYNTHETIC_0441
RANDOM_LP_06_SYNTHETIC_STU02870,RANDOM_LP_06_SYNTHETIC_0016
RANDOM_LP_06_SYNTHETIC_STU02870,RANDOM_LP_06_SYNTHETIC_0094
RANDOM_LP_06_SYNTHETIC_STU02870,RANDOM_LP_06_SYNTHETIC_0115
RANDOM_LP_06_SYNTHETIC_STU02870,RANDOM_LP_06_SYNTHETIC_0328
RANDOM_LP_06_SYNTHETIC_STU02870,RANDOM_LP_06_SYNTHETIC_0372
RANDOM_LP_06_SYNTHETIC_STU02871,RANDOM_LP_06_SYNTHETIC_0026
RANDOM_LP_06_SYNTHETIC_STU02872,RANDOM_LP_06_SYNTHETIC_0325
RANDOM_LP_06_SYNTHETIC_STU02872,RANDOM_LP_06_SYNTHETIC_0344
RANDOM_LP_06_SYNTHETIC_STU02872,RANDOM_LP_06_SYNTHETIC_0427
RANDOM_LP_06_SYNTHETIC_STU02873,RANDOM_LP_06_SYNTHETIC_0069
RANDOM_LP_06_SYNTHETIC_STU02873,RANDOM_LP_06_SYNTHETIC_0084
RANDOM_LP_06_SYNTHETIC_STU02873,RANDOM_LP_06_SYNTHETIC_0140
RANDOM_LP_06_SYNTHETIC_STU02873,RANDOM_LP_06_SYNTHETIC_0240
RANDOM_LP_06_SYNTHETIC_STU02873,RANDOM_LP_06_SYNTHETIC_0330
RANDOM_LP_06_SYNTHETIC_STU02874,RANDOM_LP_06_SYNTHETIC_0040
RANDOM_LP_06_SYNTHETIC_STU02874,RANDOM_LP_06_SYNTHETIC_0054
RANDOM_LP_06_SYNTHETIC_STU02874,RANDOM_LP_06_SYNTHETIC_0185
RANDOM_LP_06_SYNTHETIC_STU02874,RANDOM_LP_06_SYNTHETIC_0365
RANDOM_LP_06_SYNTHETIC_STU02875,RANDOM_LP_06_SYNTHETIC_0137
RANDOM_LP_06_SYNTHETIC_STU02875,RANDOM_LP_06_SYNTHETIC_0357
RANDOM_LP_06_SYNTHETIC_STU02875,RANDOM_LP_06_SYNTHETIC_0407
RANDOM_LP_06_SYNTHETIC_STU02876,RANDOM_LP_06_SYNTHETIC_0079
RANDOM_LP_06_SYNTHETIC_STU02876,RANDOM_LP_06_SYNTHETIC_0344
RANDOM_LP_06_SYNTHETIC_STU02876,RANDOM_LP_06_SYNTHETIC_0483
RANDOM_LP_06_SYNTHETIC_STU02877,RANDOM_LP_06_SYNTHETIC_0145
RANDOM_LP_06_SYNTHETIC_STU02877,RANDOM_LP_06_SYNTHETIC_0394
RANDOM_LP_06_SYNTHETIC_STU02878,RANDOM_LP_06_SYNTHETIC_0135
RANDOM_LP_06_SYNTHETIC_STU02878,RANDOM_LP_06_SYNTHETIC_0238
RANDOM_LP_06_SYNTHETIC_STU02878,RANDOM_LP_06_SYNTHETIC_0381
RANDOM_LP_06_SYNTHETIC_STU02879,RANDOM_LP_06_SYNTHETIC_0034
RANDOM_LP_06_SYNTHETIC_STU02879,RANDOM_LP_06_SYNTHETIC_0164
RANDOM_LP_06_SYNTHETIC_STU02879,RANDOM_LP_06_SYNTHETIC_0203
RANDOM_LP_06_SYNTHETIC_STU02879,RANDOM_LP_06_SYNTHETIC_0319
RANDOM_LP_06_SYNTHETIC_STU02879,RANDOM_LP_06_SYNTHETIC_0475
RANDOM_LP_06_SYNTHETIC_STU02880,RANDOM_LP_06_SYNTHETIC_0006
RANDOM_LP_06_SYNTHETIC_STU02880,RANDOM_LP_06_SYNTHETIC_0109
RANDOM_LP_06_SYNTHETIC_STU02880,RANDOM_LP_06_SYNTHETIC_0359
RANDOM_LP_06_SYNTHETIC_STU02881,RANDOM_LP_06_SYNTHETIC_0010
RANDOM_LP_06_SYNTHETIC_STU02881,RANDOM_LP_06_SYNTHETIC_0175
RANDOM_LP_06_SYNTHETIC_STU02881,RANDOM_LP_06_SYNTHETIC_0194
RANDOM_LP_06_SYNTHETIC_STU02881,RANDOM_LP_06_SYNTHETIC_0417
RANDOM_LP_06_SYNTHETIC_STU02882,RANDOM_LP_06_SYNTHETIC_0003
RANDOM_LP_06_SYNTHETIC_STU02882,RANDOM_LP_06_SYNTHETIC_0080
RANDOM_LP_06_SYNTHETIC_STU02882,RANDOM_LP_06_SYNTHETIC_0115
RANDOM_LP_06_SYNTHETIC_STU02883,RANDOM_LP_06_SYNTHETIC_0237
RANDOM_LP_06_SYNTHETIC_STU02884,RANDOM_LP_06_SYNTHETIC_0008
RANDOM_LP_06_SYNTHETIC_STU02884,RANDOM_LP_06_SYNTHETIC_0060
RANDOM_LP_06_SYNTHETIC_STU02884,RANDOM_LP_06_SYNTHETIC_0089
RANDOM_LP_06_SYNTHETIC_STU02884,RANDOM_LP_06_SYNTHETIC_0207
RANDOM_LP_06_SYNTHETIC_STU02884,RANDOM_LP_06_SYNTHETIC_0296
RANDOM_LP_06_SYNTHETIC_STU02884,RANDOM_LP_06_SYNTHETIC_0375
RANDOM_LP_06_SYNTHETIC_STU02885,RANDOM_LP_06_SYNTHETIC_0122
RANDOM_LP_06_SYNTHETIC_STU02885,RANDOM_LP_06_SYNTHETIC_0146
RANDOM_LP_06_SYNTHETIC_STU02885,RANDOM_LP_06_SYNTHETIC_0269
RANDOM_LP_06_SYNTHETIC_STU02886,RANDOM_LP_06_SYNTHETIC_0062
RANDOM_LP_06_SYNTHETIC_STU02886,RANDOM_LP_06_SYNTHETIC_0325
RANDOM_LP_06_SYNTHETIC_STU02886,RANDOM_LP_06_SYNTHETIC_0332
RANDOM_LP_06_SYNTHETIC_STU02887,RANDOM_LP_06_SYNTHETIC_0105
RANDOM_LP_06_SYNTHETIC_STU02887,RANDOM_LP_06_SYNTHETIC_0218
RANDOM_LP_06_SYNTHETIC_STU02887,RANDOM_LP_06_SYNTHETIC_0295
RANDOM_LP_06_SYNTHETIC_STU02887,RANDOM_LP_06_SYNTHETIC_0306
RANDOM_LP_06_SYNTHETIC_STU02887,RANDOM_LP_06_SYNTHETIC_0413
RANDOM_LP_06_SYNTHETIC_STU02887,RANDOM_LP_06_SYNTHETIC_0436
RANDOM_LP_06_SYNTHETIC_STU02888,RANDOM_LP_06_SYNTHETIC_0028
RANDOM_LP_06_SYNTHETIC_STU02888,RANDOM_LP_06_SYNTHETIC_0073
RANDOM_LP_06_SYNTHETIC_STU02889,RANDOM_LP_06_SYNTHETIC_0028
RANDOM_LP_06_SYNTHETIC_STU02889,RANDOM_LP_06_SYNTHETIC_0180
RANDOM_LP_06_SYNTHETIC_STU02889,RANDOM_LP_06_SYNTHETIC_0443
RANDOM_LP_06_SYNTHETIC_STU02889,RANDOM_LP_06_SYNTHETIC_0454
RANDOM_LP_06_SYNTHETIC_STU02890,RANDOM_LP_06_SYNTHETIC_0040
RANDOM_LP_06_SYNTHETIC_STU02890,RANDOM_LP_06_SYNTHETIC_0197
RANDOM_LP_06_SYNTHETIC_STU02891,RANDOM_LP_06_SYNTHETIC_0112
RANDOM_LP_06_SYNTHETIC_STU02891,RANDOM_LP_06_SYNTHETIC_0140
RANDOM_LP_06_SYNTHETIC_STU02891,RANDOM_LP_06_SYNTHETIC_0270
RANDOM_LP_06_SYNTHETIC_STU02892,RANDOM_LP_06_SYNTHETIC_0099
RANDOM_LP_06_SYNTHETIC_STU02892,RANDOM_LP_06_SYNTHETIC_0457
RANDOM_LP_06_SYNTHETIC_STU02893,RANDOM_LP_06_SYNTHETIC_0013
RANDOM_LP_06_SYNTHETIC_STU02893,RANDOM_LP_06_SYNTHETIC_0137
RANDOM_LP_06_SYNTHETIC_STU02893,RANDOM_LP_06_SYNTHETIC_0196
RANDOM_LP_06_SYNTHETIC_STU02893,RANDOM_LP_06_SYNTHETIC_0331
RANDOM_LP_06_SYNTHETIC_STU02893,RANDOM_LP_06_SYNTHETIC_0459
RANDOM_LP_06_SYNTHETIC_STU02894,RANDOM_LP_06_SYNTHETIC_0092
RANDOM_LP_06_SYNTHETIC_STU02894,RANDOM_LP_06_SYNTHETIC_0485
RANDOM_LP_06_SYNTHETIC_STU02895,RANDOM_LP_06_SYNTHETIC_0098
RANDOM_LP_06_SYNTHETIC_STU02896,RANDOM_LP_06_SYNTHETIC_0005
RANDOM_LP_06_SYNTHETIC_STU02896,RANDOM_LP_06_SYNTHETIC_0135
RANDOM_LP_06_SYNTHETIC_STU02896,RANDOM_LP_06_SYNTHETIC_0189
RANDOM_LP_06_SYNTHETIC_STU02896,RANDOM_LP_06_SYNTHETIC_0418
RANDOM_LP_06_SYNTHETIC_STU02897,RANDOM_LP_06_SYNTHETIC_0079
RANDOM_LP_06_SYNTHETIC_STU02897,RANDOM_LP_06_SYNTHETIC_0081
RANDOM_LP_06_SYNTHETIC_STU02897,RANDOM_LP_06_SYNTHETIC_0364
RANDOM_LP_06_SYNTHETIC_STU02898,RANDOM_LP_06_SYNTHETIC_0218
RANDOM_LP_06_SYNTHETIC_STU02898,RANDOM_LP_06_SYNTHETIC_0386
RANDOM_LP_06_SYNTHETIC_STU02898,RANDOM_LP_06_SYNTHETIC_0423
RANDOM_LP_06_SYNTHETIC_STU02899,RANDOM_LP_06_SYNTHETIC_0036
RANDOM_LP_06_SYNTHETIC_STU02899,RANDOM_LP_06_SYNTHETIC_0233
RANDOM_LP_06_SYNTHETIC_STU02899,RANDOM_LP_06_SYNTHETIC_0345
RANDOM_LP_06_SYNTHETIC_STU02900,RANDOM_LP_06_SYNTHETIC_0071
RANDOM_LP_06_SYNTHETIC_STU02900,RANDOM_LP_06_SYNTHETIC_0175
RANDOM_LP_06_SYNTHETIC_STU02900,RANDOM_LP_06_SYNTHETIC_0333
RANDOM_LP_06_SYNTHETIC_STU02900,RANDOM_LP_06_SYNTHETIC_0460
RANDOM_LP_06_SYNTHETIC_STU02901,RANDOM_LP_06_SYNTHETIC_0061
RANDOM_LP_06_SYNTHETIC_STU02901,RANDOM_LP_06_SYNTHETIC_0103
RANDOM_LP_06_SYNTHETIC_STU02901,RANDOM_LP_06_SYNTHETIC_0135
RANDOM_LP_06_SYNTHETIC_STU02901,RANDOM_LP_06_SYNTHETIC_0137
RANDOM_LP_06_SYNTHETIC_STU02902,RANDOM_LP_06_SYNTHETIC_0206
RANDOM_LP_06_SYNTHETIC_STU02902,RANDOM_LP_06_SYNTHETIC_0373
RANDOM_LP_06_SYNTHETIC_STU02903,RANDOM_LP_06_SYNTHETIC_0078
RANDOM_LP_06_SYNTHETIC_STU02903,RANDOM_LP_06_SYNTHETIC_0079
RANDOM_LP_06_SYNTHETIC_STU02903,RANDOM_LP_06_SYNTHETIC_0124
RANDOM_LP_06_SYNTHETIC_STU02903,RANDOM_LP_06_SYNTHETIC_0136
RANDOM_LP_06_SYNTHETIC_STU02903,RANDOM_LP_06_SYNTHETIC_0207
RANDOM_LP_06_SYNTHETIC_STU02904,RANDOM_LP_06_SYNTHETIC_0048
RANDOM_LP_06_SYNTHETIC_STU02904,RANDOM_LP_06_SYNTHETIC_0184
RANDOM_LP_06_SYNTHETIC_STU02904,RANDOM_LP_06_SYNTHETIC_0189
RANDOM_LP_06_SYNTHETIC_STU02904,RANDOM_LP_06_SYNTHETIC_0233
RANDOM_LP_06_SYNTHETIC_STU02905,RANDOM_LP_06_SYNTHETIC_0042
RANDOM_LP_06_SYNTHETIC_STU02905,RANDOM_LP_06_SYNTHETIC_0327
RANDOM_LP_06_SYNTHETIC_STU02906,RANDOM_LP_06_SYNTHETIC_0073
RANDOM_LP_06_SYNTHETIC_STU02906,RANDOM_LP_06_SYNTHETIC_0169
RANDOM_LP_06_SYNTHETIC_STU02906,RANDOM_LP_06_SYNTHETIC_0271
RANDOM_LP_06_SYNTHETIC_STU02906,RANDOM_LP_06_SYNTHETIC_0295
RANDOM_LP_06_SYNTHETIC_STU02906,RANDOM_LP_06_SYNTHETIC_0296
RANDOM_LP_06_SYNTHETIC_STU02906,RANDOM_LP_06_SYNTHETIC_0316
RANDOM_LP_06_SYNTHETIC_STU02907,RANDOM_LP_06_SYNTHETIC_0175
RANDOM_LP_06_SYNTHETIC_STU02907,RANDOM_LP_06_SYNTHETIC_0294
RANDOM_LP_06_SYNTHETIC_STU02907,RANDOM_LP_06_SYNTHETIC_0423
RANDOM_LP_06_SYNTHETIC_STU02908,RANDOM_LP_06_SYNTHETIC_0491
RANDOM_LP_06_SYNTHETIC_STU02909,RANDOM_LP_06_SYNTHETIC_0187
RANDOM_LP_06_SYNTHETIC_STU02909,RANDOM_LP_06_SYNTHETIC_0209
RANDOM_LP_06_SYNTHETIC_STU02909,RANDOM_LP_06_SYNTHETIC_0217
RANDOM_LP_06_SYNTHETIC_STU02910,RANDOM_LP_06_SYNTHETIC_0051
RANDOM_LP_06_SYNTHETIC_STU02910,RANDOM_LP_06_SYNTHETIC_0193
RANDOM_LP_06_SYNTHETIC_STU02910,RANDOM_LP_06_SYNTHETIC_0206
RANDOM_LP_06_SYNTHETIC_STU02911,RANDOM_LP_06_SYNTHETIC_0010
RANDOM_LP_06_SYNTHETIC_STU02911,RANDOM_LP_06_SYNTHETIC_0393
RANDOM_LP_06_SYNTHETIC_STU02912,RANDOM_LP_06_SYNTHETIC_0261
RANDOM_LP_06_SYNTHETIC_STU02912,RANDOM_LP_06_SYNTHETIC_0329
RANDOM_LP_06_SYNTHETIC_STU02912,RANDOM_LP_06_SYNTHETIC_0365
RANDOM_LP_06_SYNTHETIC_STU02913,RANDOM_LP_06_SYNTHETIC_0193
RANDOM_LP_06_SYNTHETIC_STU02913,RANDOM_LP_06_SYNTHETIC_0441
RANDOM_LP_06_SYNTHETIC_STU02914,RANDOM_LP_06_SYNTHETIC_0184
RANDOM_LP_06_SYNTHETIC_STU02914,RANDOM_LP_06_SYNTHETIC_0201
RANDOM_LP_06_SYNTHETIC_STU02915,RANDOM_LP_06_SYNTHETIC_0441
RANDOM_LP_06_SYNTHETIC_STU02916,RANDOM_LP_06_SYNTHETIC_0172
RANDOM_LP_06_SYNTHETIC_STU02916,RANDOM_LP_06_SYNTHETIC_0188
RANDOM_LP_06_SYNTHETIC_STU02917,RANDOM_LP_06_SYNTHETIC_0217
RANDOM_LP_06_SYNTHETIC_STU02917,RANDOM_LP_06_SYNTHETIC_0240
RANDOM_LP_06_SYNTHETIC_STU02917,RANDOM_LP_06_SYNTHETIC_0316
RANDOM_LP_06_SYNTHETIC_STU02918,RANDOM_LP_06_SYNTHETIC_0479
RANDOM_LP_06_SYNTHETIC_STU02919,RANDOM_LP_06_SYNTHETIC_0367
RANDOM_LP_06_SYNTHETIC_STU02919,RANDOM_LP_06_SYNTHETIC_0423
RANDOM_LP_06_SYNTHETIC_STU02919,RANDOM_LP_06_SYNTHETIC_0463
RANDOM_LP_06_SYNTHETIC_STU02920,RANDOM_LP_06_SYNTHETIC_0010
RANDOM_LP_06_SYNTHETIC_STU02920,RANDOM_LP_06_SYNTHETIC_0094
RANDOM_LP_06_SYNTHETIC_STU02920,RANDOM_LP_06_SYNTHETIC_0219
RANDOM_LP_06_SYNTHETIC_STU02920,RANDOM_LP_06_SYNTHETIC_0257
RANDOM_LP_06_SYNTHETIC_STU02920,RANDOM_LP_06_SYNTHETIC_0379
RANDOM_LP_06_SYNTHETIC_STU02921,RANDOM_LP_06_SYNTHETIC_0181
RANDOM_LP_06_SYNTHETIC_STU02921,RANDOM_LP_06_SYNTHETIC_0241
RANDOM_LP_06_SYNTHETIC_STU02921,RANDOM_LP_06_SYNTHETIC_0275
RANDOM_LP_06_SYNTHETIC_STU02921,RANDOM_LP_06_SYNTHETIC_0389
RANDOM_LP_06_SYNTHETIC_STU02921,RANDOM_LP_06_SYNTHETIC_0435
RANDOM_LP_06_SYNTHETIC_STU02921,RANDOM_LP_06_SYNTHETIC_0498
RANDOM_LP_06_SYNTHETIC_STU02922,RANDOM_LP_06_SYNTHETIC_0038
RANDOM_LP_06_SYNTHETIC_STU02922,RANDOM_LP_06_SYNTHETIC_0234
RANDOM_LP_06_SYNTHETIC_STU02922,RANDOM_LP_06_SYNTHETIC_0341
RANDOM_LP_06_SYNTHETIC_STU02923,RANDOM_LP_06_SYNTHETIC_0178
RANDOM_LP_06_SYNTHETIC_STU02923,RANDOM_LP_06_SYNTHETIC_0288
RANDOM_LP_06_SYNTHETIC_STU02923,RANDOM_LP_06_SYNTHETIC_0296
RANDOM_LP_06_SYNTHETIC_STU02923,RANDOM_LP_06_SYNTHETIC_0434
RANDOM_LP_06_SYNTHETIC_STU02924,RANDOM_LP_06_SYNTHETIC_0040
RANDOM_LP_06_SYNTHETIC_STU02924,RANDOM_LP_06_SYNTHETIC_0109
RANDOM_LP_06_SYNTHETIC_STU02924,RANDOM_LP_06_SYNTHETIC_0296
RANDOM_LP_06_SYNTHETIC_STU02924,RANDOM_LP_06_SYNTHETIC_0433
RANDOM_LP_06_SYNTHETIC_STU02925,RANDOM_LP_06_SYNTHETIC_0377
RANDOM_LP_06_SYNTHETIC_STU02925,RANDOM_LP_06_SYNTHETIC_0486
RANDOM_LP_06_SYNTHETIC_STU02926,RANDOM_LP_06_SYNTHETIC_0057
RANDOM_LP_06_SYNTHETIC_STU02926,RANDOM_LP_06_SYNTHETIC_0079
RANDOM_LP_06_SYNTHETIC_STU02926,RANDOM_LP_06_SYNTHETIC_0163
RANDOM_LP_06_SYNTHETIC_STU02926,RANDOM_LP_06_SYNTHETIC_0258
RANDOM_LP_06_SYNTHETIC_STU02926,RANDOM_LP_06_SYNTHETIC_0372
RANDOM_LP_06_SYNTHETIC_STU02927,RANDOM_LP_06_SYNTHETIC_0208
RANDOM_LP_06_SYNTHETIC_STU02927,RANDOM_LP_06_SYNTHETIC_0457
RANDOM_LP_06_SYNTHETIC_STU02928,RANDOM_LP_06_SYNTHETIC_0019
RANDOM_LP_06_SYNTHETIC_STU02928,RANDOM_LP_06_SYNTHETIC_0380
RANDOM_LP_06_SYNTHETIC_STU02929,RANDOM_LP_06_SYNTHETIC_0335
RANDOM_LP_06_SYNTHETIC_STU02930,RANDOM_LP_06_SYNTHETIC_0191
RANDOM_LP_06_SYNTHETIC_STU02930,RANDOM_LP_06_SYNTHETIC_0345
RANDOM_LP_06_SYNTHETIC_STU02930,RANDOM_LP_06_SYNTHETIC_0407
RANDOM_LP_06_SYNTHETIC_STU02930,RANDOM_LP_06_SYNTHETIC_0420
RANDOM_LP_06_SYNTHETIC_STU02931,RANDOM_LP_06_SYNTHETIC_0337
RANDOM_LP_06_SYNTHETIC_STU02932,RANDOM_LP_06_SYNTHETIC_0015
RANDOM_LP_06_SYNTHETIC_STU02932,RANDOM_LP_06_SYNTHETIC_0153
RANDOM_LP_06_SYNTHETIC_STU02932,RANDOM_LP_06_SYNTHETIC_0274
RANDOM_LP_06_SYNTHETIC_STU02932,RANDOM_LP_06_SYNTHETIC_0475
RANDOM_LP_06_SYNTHETIC_STU02933,RANDOM_LP_06_SYNTHETIC_0047
RANDOM_LP_06_SYNTHETIC_STU02933,RANDOM_LP_06_SYNTHETIC_0168
RANDOM_LP_06_SYNTHETIC_STU02933,RANDOM_LP_06_SYNTHETIC_0235
RANDOM_LP_06_SYNTHETIC_STU02933,RANDOM_LP_06_SYNTHETIC_0271
RANDOM_LP_06_SYNTHETIC_STU02933,RANDOM_LP_06_SYNTHETIC_0272
RANDOM_LP_06_SYNTHETIC_STU02933,RANDOM_LP_06_SYNTHETIC_0465
RANDOM_LP_06_SYNTHETIC_STU02934,RANDOM_LP_06_SYNTHETIC_0433
RANDOM_LP_06_SYNTHETIC_STU02934,RANDOM_LP_06_SYNTHETIC_0469
RANDOM_LP_06_SYNTHETIC_STU02935,RANDOM_LP_06_SYNTHETIC_0023
RANDOM_LP_06_SYNTHETIC_STU02935,RANDOM_LP_06_SYNTHETIC_0143
RANDOM_LP_06_SYNTHETIC_STU02935,RANDOM_LP_06_SYNTHETIC_0336
RANDOM_LP_06_SYNTHETIC_STU02936,RANDOM_LP_06_SYNTHETIC_0238
RANDOM_LP_06_SYNTHETIC_STU02936,RANDOM_LP_06_SYNTHETIC_0267
RANDOM_LP_06_SYNTHETIC_STU02937,RANDOM_LP_06_SYNTHETIC_0422
RANDOM_LP_06_SYNTHETIC_STU02938,RANDOM_LP_06_SYNTHETIC_0279
RANDOM_LP_06_SYNTHETIC_STU02938,RANDOM_LP_06_SYNTHETIC_0392
RANDOM_LP_06_SYNTHETIC_STU02939,RANDOM_LP_06_SYNTHETIC_0067
RANDOM_LP_06_SYNTHETIC_STU02939,RANDOM_LP_06_SYNTHETIC_0224
RANDOM_LP_06_SYNTHETIC_STU02939,RANDOM_LP_06_SYNTHETIC_0272
RANDOM_LP_06_SYNTHETIC_STU02940,RANDOM_LP_06_SYNTHETIC_0009
RANDOM_LP_06_SYNTHETIC_STU02940,RANDOM_LP_06_SYNTHETIC_0040
RANDOM_LP_06_SYNTHETIC_STU02940,RANDOM_LP_06_SYNTHETIC_0148
RANDOM_LP_06_SYNTHETIC_STU02940,RANDOM_LP_06_SYNTHETIC_0458
RANDOM_LP_06_SYNTHETIC_STU02941,RANDOM_LP_06_SYNTHETIC_0250
RANDOM_LP_06_SYNTHETIC_STU02941,RANDOM_LP_06_SYNTHETIC_0324
RANDOM_LP_06_SYNTHETIC_STU02942,RANDOM_LP_06_SYNTHETIC_0003
RANDOM_LP_06_SYNTHETIC_STU02942,RANDOM_LP_06_SYNTHETIC_0319
RANDOM_LP_06_SYNTHETIC_STU02942,RANDOM_LP_06_SYNTHETIC_0442
RANDOM_LP_06_SYNTHETIC_STU02943,RANDOM_LP_06_SYNTHETIC_0119
RANDOM_LP_06_SYNTHETIC_STU02943,RANDOM_LP_06_SYNTHETIC_0151
RANDOM_LP_06_SYNTHETIC_STU02943,RANDOM_LP_06_SYNTHETIC_0397
RANDOM_LP_06_SYNTHETIC_STU02944,RANDOM_LP_06_SYNTHETIC_0079
RANDOM_LP_06_SYNTHETIC_STU02944,RANDOM_LP_06_SYNTHETIC_0198
RANDOM_LP_06_SYNTHETIC_STU02944,RANDOM_LP_06_SYNTHETIC_0240
RANDOM_LP_06_SYNTHETIC_STU02945,RANDOM_LP_06_SYNTHETIC_0441
RANDOM_LP_06_SYNTHETIC_STU02946,RANDOM_LP_06_SYNTHETIC_0118
RANDOM_LP_06_SYNTHETIC_STU02946,RANDOM_LP_06_SYNTHETIC_0137
RANDOM_LP_06_SYNTHETIC_STU02947,RANDOM_LP_06_SYNTHETIC_0107
RANDOM_LP_06_SYNTHETIC_STU02947,RANDOM_LP_06_SYNTHETIC_0178
RANDOM_LP_06_SYNTHETIC_STU02947,RANDOM_LP_06_SYNTHETIC_0184
RANDOM_LP_06_SYNTHETIC_STU02948,RANDOM_LP_06_SYNTHETIC_0389
RANDOM_LP_06_SYNTHETIC_STU02948,RANDOM_LP_06_SYNTHETIC_0498
RANDOM_LP_06_SYNTHETIC_STU02949,RANDOM_LP_06_SYNTHETIC_0405
RANDOM_LP_06_SYNTHETIC_STU02949,RANDOM_LP_06_SYNTHETIC_0455
RANDOM_LP_06_SYNTHETIC_STU02950,RANDOM_LP_06_SYNTHETIC_0083
RANDOM_LP_06_SYNTHETIC_STU02950,RANDOM_LP_06_SYNTHETIC_0296
RANDOM_LP_06_SYNTHETIC_STU02950,RANDOM_LP_06_SYNTHETIC_0320
RANDOM_LP_06_SYNTHETIC_STU02950,RANDOM_LP_06_SYNTHETIC_0390
RANDOM_LP_06_SYNTHETIC_STU02950,RANDOM_LP_06_SYNTHETIC_0409
RANDOM_LP_06_SYNTHETIC_STU02951,RANDOM_LP_06_SYNTHETIC_0109
RANDOM_LP_06_SYNTHETIC_STU02951,RANDOM_LP_06_SYNTHETIC_0497
RANDOM_LP_06_SYNTHETIC_STU02952,RANDOM_LP_06_SYNTHETIC_0278
RANDOM_LP_06_SYNTHETIC_STU02952,RANDOM_LP_06_SYNTHETIC_0331
RANDOM_LP_06_SYNTHETIC_STU02952,RANDOM_LP_06_SYNTHETIC_0442
RANDOM_LP_06_SYNTHETIC_STU02952,RANDOM_LP_06_SYNTHETIC_0447
RANDOM_LP_06_SYNTHETIC_STU02953,RANDOM_LP_06_SYNTHETIC_0042
RANDOM_LP_06_SYNTHETIC_STU02954,RANDOM_LP_06_SYNTHETIC_0004
RANDOM_LP_06_SYNTHETIC_STU02954,RANDOM_LP_06_SYNTHETIC_0410
RANDOM_LP_06_SYNTHETIC_STU02955,RANDOM_LP_06_SYNTHETIC_0028
RANDOM_LP_06_SYNTHETIC_STU02955,RANDOM_LP_06_SYNTHETIC_0161
RANDOM_LP_06_SYNTHETIC_STU02955,RANDOM_LP_06_SYNTHETIC_0271
RANDOM_LP_06_SYNTHETIC_STU02956,RANDOM_LP_06_SYNTHETIC_0326
RANDOM_LP_06_SYNTHETIC_STU02956,RANDOM_LP_06_SYNTHETIC_0403
RANDOM_LP_06_SYNTHETIC_STU02957,RANDOM_LP_06_SYNTHETIC_0079
RANDOM_LP_06_SYNTHETIC_STU02957,RANDOM_LP_06_SYNTHETIC_0116
RANDOM_LP_06_SYNTHETIC_STU02958,RANDOM_LP_06_SYNTHETIC_0013
RANDOM_LP_06_SYNTHETIC_STU02958,RANDOM_LP_06_SYNTHETIC_0201
RANDOM_LP_06_SYNTHETIC_STU02958,RANDOM_LP_06_SYNTHETIC_0379
RANDOM_LP_06_SYNTHETIC_STU02959,RANDOM_LP_06_SYNTHETIC_0386
RANDOM_LP_06_SYNTHETIC_STU02959,RANDOM_LP_06_SYNTHETIC_0473
RANDOM_LP_06_SYNTHETIC_STU02960,RANDOM_LP_06_SYNTHETIC_0022
RANDOM_LP_06_SYNTHETIC_STU02960,RANDOM_LP_06_SYNTHETIC_0247
RANDOM_LP_06_SYNTHETIC_STU02960,RANDOM_LP_06_SYNTHETIC_0363
RANDOM_LP_06_SYNTHETIC_STU02960,RANDOM_LP_06_SYNTHETIC_0377
RANDOM_LP_06_SYNTHETIC_STU02960,RANDOM_LP_06_SYNTHETIC_0399
RANDOM_LP_06_SYNTHETIC_STU02961,RANDOM_LP_06_SYNTHETIC_0059
RANDOM_LP_06_SYNTHETIC_STU02961,RANDOM_LP_06_SYNTHETIC_0103
RANDOM_LP_06_SYNTHETIC_STU02962,RANDOM_LP_06_SYNTHETIC_0310
RANDOM_LP_06_SYNTHETIC_STU02962,RANDOM_LP_06_SYNTHETIC_0381
RANDOM_LP_06_SYNTHETIC_STU02963,RANDOM_LP_06_SYNTHETIC_0410
RANDOM_LP_06_SYNTHETIC_STU02963,RANDOM_LP_06_SYNTHETIC_0441
RANDOM_LP_06_SYNTHETIC_STU02964,RANDOM_LP_06_SYNTHETIC_0217
RANDOM_LP_06_SYNTHETIC_STU02964,RANDOM_LP_06_SYNTHETIC_0371
RANDOM_LP_06_SYNTHETIC_STU02964,RANDOM_LP_06_SYNTHETIC_0473
RANDOM_LP_06_SYNTHETIC_STU02965,RANDOM_LP_06_SYNTHETIC_0025
RANDOM_LP_06_SYNTHETIC_STU02965,RANDOM_LP_06_SYNTHETIC_0119
RANDOM_LP_06_SYNTHETIC_STU02965,RANDOM_LP_06_SYNTHETIC_0448
RANDOM_LP_06_SYNTHETIC_STU02965,RANDOM_LP_06_SYNTHETIC_0460
RANDOM_LP_06_SYNTHETIC_STU02965,RANDOM_LP_06_SYNTHETIC_0486
RANDOM_LP_06_SYNTHETIC_STU02966,RANDOM_LP_06_SYNTHETIC_0079
RANDOM_LP_06_SYNTHETIC_STU02966,RANDOM_LP_06_SYNTHETIC_0191
RANDOM_LP_06_SYNTHETIC_STU02966,RANDOM_LP_06_SYNTHETIC_0218
RANDOM_LP_06_SYNTHETIC_STU02966,RANDOM_LP_06_SYNTHETIC_0237
RANDOM_LP_06_SYNTHETIC_STU02967,RANDOM_LP_06_SYNTHETIC_0016
RANDOM_LP_06_SYNTHETIC_STU02967,RANDOM_LP_06_SYNTHETIC_0078
RANDOM_LP_06_SYNTHETIC_STU02967,RANDOM_LP_06_SYNTHETIC_0204
RANDOM_LP_06_SYNTHETIC_STU02967,RANDOM_LP_06_SYNTHETIC_0411
RANDOM_LP_06_SYNTHETIC_STU02967,RANDOM_LP_06_SYNTHETIC_0445
RANDOM_LP_06_SYNTHETIC_STU02968,RANDOM_LP_06_SYNTHETIC_0363
RANDOM_LP_06_SYNTHETIC_STU02968,RANDOM_LP_06_SYNTHETIC_0430
RANDOM_LP_06_SYNTHETIC_STU02969,RANDOM_LP_06_SYNTHETIC_0065
RANDOM_LP_06_SYNTHETIC_STU02969,RANDOM_LP_06_SYNTHETIC_0264
RANDOM_LP_06_SYNTHETIC_STU02969,RANDOM_LP_06_SYNTHETIC_0438
RANDOM_LP_06_SYNTHETIC_STU02969,RANDOM_LP_06_SYNTHETIC_0496
RANDOM_LP_06_SYNTHETIC_STU02970,RANDOM_LP_06_SYNTHETIC_0036
RANDOM_LP_06_SYNTHETIC_STU02970,RANDOM_LP_06_SYNTHETIC_0192
RANDOM_LP_06_SYNTHETIC_STU02971,RANDOM_LP_06_SYNTHETIC_0085
RANDOM_LP_06_SYNTHETIC_STU02971,RANDOM_LP_06_SYNTHETIC_0231
RANDOM_LP_06_SYNTHETIC_STU02971,RANDOM_LP_06_SYNTHETIC_0339
RANDOM_LP_06_SYNTHETIC_STU02971,RANDOM_LP_06_SYNTHETIC_0475
RANDOM_LP_06_SYNTHETIC_STU02972,RANDOM_LP_06_SYNTHETIC_0042
RANDOM_LP_06_SYNTHETIC_STU02972,RANDOM_LP_06_SYNTHETIC_0074
RANDOM_LP_06_SYNTHETIC_STU02972,RANDOM_LP_06_SYNTHETIC_0075
RANDOM_LP_06_SYNTHETIC_STU02972,RANDOM_LP_06_SYNTHETIC_0196
RANDOM_LP_06_SYNTHETIC_STU02972,RANDOM_LP_06_SYNTHETIC_0382
RANDOM_LP_06_SYNTHETIC_STU02973,RANDOM_LP_06_SYNTHETIC_0089
RANDOM_LP_06_SYNTHETIC_STU02973,RANDOM_LP_06_SYNTHETIC_0227
RANDOM_LP_06_SYNTHETIC_STU02974,RANDOM_LP_06_SYNTHETIC_0040
RANDOM_LP_06_SYNTHETIC_STU02974,RANDOM_LP_06_SYNTHETIC_0068
RANDOM_LP_06_SYNTHETIC_STU02975,RANDOM_LP_06_SYNTHETIC_0134
RANDOM_LP_06_SYNTHETIC_STU02975,RANDOM_LP_06_SYNTHETIC_0497
RANDOM_LP_06_SYNTHETIC_STU02976,RANDOM_LP_06_SYNTHETIC_0008
RANDOM_LP_06_SYNTHETIC_STU02976,RANDOM_LP_06_SYNTHETIC_0027
RANDOM_LP_06_SYNTHETIC_STU02977,RANDOM_LP_06_SYNTHETIC_0275
RANDOM_LP_06_SYNTHETIC_STU02978,RANDOM_LP_06_SYNTHETIC_0063
RANDOM_LP_06_SYNTHETIC_STU02978,RANDOM_LP_06_SYNTHETIC_0449
RANDOM_LP_06_SYNTHETIC_STU02979,RANDOM_LP_06_SYNTHETIC_0249
RANDOM_LP_06_SYNTHETIC_STU02979,RANDOM_LP_06_SYNTHETIC_0382
RANDOM_LP_06_SYNTHETIC_STU02979,RANDOM_LP_06_SYNTHETIC_0497
RANDOM_LP_06_SYNTHETIC_STU02980,RANDOM_LP_06_SYNTHETIC_0014
RANDOM_LP_06_SYNTHETIC_STU02980,RANDOM_LP_06_SYNTHETIC_0078
RANDOM_LP_06_SYNTHETIC_STU02980,RANDOM_LP_06_SYNTHETIC_0398
RANDOM_LP_06_SYNTHETIC_STU02980,RANDOM_LP_06_SYNTHETIC_0424
RANDOM_LP_06_SYNTHETIC_STU02981,RANDOM_LP_06_SYNTHETIC_0136
RANDOM_LP_06_SYNTHETIC_STU02981,RANDOM_LP_06_SYNTHETIC_0231
RANDOM_LP_06_SYNTHETIC_STU02981,RANDOM_LP_06_SYNTHETIC_0300
RANDOM_LP_06_SYNTHETIC_STU02982,RANDOM_LP_06_SYNTHETIC_0107
RANDOM_LP_06_SYNTHETIC_STU02982,RANDOM_LP_06_SYNTHETIC_0439
RANDOM_LP_06_SYNTHETIC_STU02982,RANDOM_LP_06_SYNTHETIC_0441
RANDOM_LP_06_SYNTHETIC_STU02983,RANDOM_LP_06_SYNTHETIC_0079
RANDOM_LP_06_SYNTHETIC_STU02983,RANDOM_LP_06_SYNTHETIC_0240
RANDOM_LP_06_SYNTHETIC_STU02983,RANDOM_LP_06_SYNTHETIC_0247
RANDOM_LP_06_SYNTHETIC_STU02984,RANDOM_LP_06_SYNTHETIC_0023
RANDOM_LP_06_SYNTHETIC_STU02984,RANDOM_LP_06_SYNTHETIC_0079
RANDOM_LP_06_SYNTHETIC_STU02984,RANDOM_LP_06_SYNTHETIC_0319
RANDOM_LP_06_SYNTHETIC_STU02984,RANDOM_LP_06_SYNTHETIC_0413
RANDOM_LP_06_SYNTHETIC_STU02984,RANDOM_LP_06_SYNTHETIC_0479
RANDOM_LP_06_SYNTHETIC_STU02985,RANDOM_LP_06_SYNTHETIC_0201
RANDOM_LP_06_SYNTHETIC_STU02985,RANDOM_LP_06_SYNTHETIC_0375
RANDOM_LP_06_SYNTHETIC_STU02986,RANDOM_LP_06_SYNTHETIC_0108
RANDOM_LP_06_SYNTHETIC_STU02986,RANDOM_LP_06_SYNTHETIC_0386
RANDOM_LP_06_SYNTHETIC_STU02987,RANDOM_LP_06_SYNTHETIC_0009
RANDOM_LP_06_SYNTHETIC_STU02987,RANDOM_LP_06_SYNTHETIC_0070
RANDOM_LP_06_SYNTHETIC_STU02987,RANDOM_LP_06_SYNTHETIC_0172
RANDOM_LP_06_SYNTHETIC_STU02988,RANDOM_LP_06_SYNTHETIC_0183
RANDOM_LP_06_SYNTHETIC_STU02988,RANDOM_LP_06_SYNTHETIC_0243
RANDOM_LP_06_SYNTHETIC_STU02988,RANDOM_LP_06_SYNTHETIC_0275
RANDOM_LP_06_SYNTHETIC_STU02988,RANDOM_LP_06_SYNTHETIC_0331
RANDOM_LP_06_SYNTHETIC_STU02989,RANDOM_LP_06_SYNTHETIC_0146
RANDOM_LP_06_SYNTHETIC_STU02989,RANDOM_LP_06_SYNTHETIC_0305
RANDOM_LP_06_SYNTHETIC_STU02990,RANDOM_LP_06_SYNTHETIC_0065
RANDOM_LP_06_SYNTHETIC_STU02990,RANDOM_LP_06_SYNTHETIC_0173
RANDOM_LP_06_SYNTHETIC_STU02990,RANDOM_LP_06_SYNTHETIC_0178
RANDOM_LP_06_SYNTHETIC_STU02991,RANDOM_LP_06_SYNTHETIC_0073
RANDOM_LP_06_SYNTHETIC_STU02991,RANDOM_LP_06_SYNTHETIC_0184
RANDOM_LP_06_SYNTHETIC_STU02991,RANDOM_LP_06_SYNTHETIC_0397
RANDOM_LP_06_SYNTHETIC_STU02992,RANDOM_LP_06_SYNTHETIC_0031
RANDOM_LP_06_SYNTHETIC_STU02992,RANDOM_LP_06_SYNTHETIC_0134
RANDOM_LP_06_SYNTHETIC_STU02992,RANDOM_LP_06_SYNTHETIC_0329
RANDOM_LP_06_SYNTHETIC_STU02993,RANDOM_LP_06_SYNTHETIC_0023
RANDOM_LP_06_SYNTHETIC_STU02993,RANDOM_LP_06_SYNTHETIC_0432
RANDOM_LP_06_SYNTHETIC_STU02993,RANDOM_LP_06_SYNTHETIC_0487
RANDOM_LP_06_SYNTHETIC_STU02993,RANDOM_LP_06_SYNTHETIC_0497
RANDOM_LP_06_SYNTHETIC_STU02994,RANDOM_LP_06_SYNTHETIC_0133
RANDOM_LP_06_SYNTHETIC_STU02995,RANDOM_LP_06_SYNTHETIC_0096
RANDOM_LP_06_SYNTHETIC_STU02995,RANDOM_LP_06_SYNTHETIC_0216
RANDOM_LP_06_SYNTHETIC_STU02995,RANDOM_LP_06_SYNTHETIC_0382
RANDOM_LP_06_SYNTHETIC_STU02996,RANDOM_LP_06_SYNTHETIC_0131
RANDOM_LP_06_SYNTHETIC_STU02996,RANDOM_LP_06_SYNTHETIC_0312
RANDOM_LP_06_SYNTHETIC_STU02996,RANDOM_LP_06_SYNTHETIC_0483
RANDOM_LP_06_SYNTHETIC_STU02997,RANDOM_LP_06_SYNTHETIC_0353
RANDOM_LP_06_SYNTHETIC_STU02997,RANDOM_LP_06_SYNTHETIC_0463
RANDOM_LP_06_SYNTHETIC_STU02998,RANDOM_LP_06_SYNTHETIC_0010
RANDOM_LP_06_SYNTHETIC_STU02998,RANDOM_LP_06_SYNTHETIC_0024
RANDOM_LP_06_SYNTHETIC_STU02998,RANDOM_LP_06_SYNTHETIC_0275
RANDOM_LP_06_SYNTHETIC_STU02998,RANDOM_LP_06_SYNTHETIC_0282
RANDOM_LP_06_SYNTHETIC_STU02999,RANDOM_LP_06_SYNTHETIC_0159
RANDOM_LP_06_SYNTHETIC_STU02999,RANDOM_LP_06_SYNTHETIC_0167
RANDOM_LP_06_SYNTHETIC_STU02999,RANDOM_LP_06_SYNTHETIC_0185
RANDOM_LP_06_SYNTHETIC_STU02999,RANDOM_LP_06_SYNTHETIC_0435
RANDOM_LP_06_SYNTHETIC_STU03000,RANDOM_LP_06_SYNTHETIC_0013
RANDOM_LP_06_SYNTHETIC_STU03000,RANDOM_LP_06_SYNTHETIC_0285
RANDOM_LP_06_SYNTHETIC_STU03000,RANDOM_LP_06_SYNTHETIC_0315
RANDOM_LP_06_SYNTHETIC_STU03001,RANDOM_LP_06_SYNTHETIC_0079
RANDOM_LP_06_SYNTHETIC_STU03001,RANDOM_LP_06_SYNTHETIC_0195
RANDOM_LP_06_SYNTHETIC_STU03001,RANDOM_LP_06_SYNTHETIC_0378
RANDOM_LP_06_SYNTHETIC_STU03002,RANDOM_LP_06_SYNTHETIC_0042
RANDOM_LP_06_SYNTHETIC_STU03002,RANDOM_LP_06_SYNTHETIC_0080
RANDOM_LP_06_SYNTHETIC_STU03002,RANDOM_LP_06_SYNTHETIC_0270
RANDOM_LP_06_SYNTHETIC_STU03003,RANDOM_LP_06_SYNTHETIC_0203
RANDOM_LP_06_SYNTHETIC_STU03004,RANDOM_LP_06_SYNTHETIC_0345
RANDOM_LP_06_SYNTHETIC_STU03004,RANDOM_LP_06_SYNTHETIC_0355
RANDOM_LP_06_SYNTHETIC_STU03004,RANDOM_LP_06_SYNTHETIC_0465
RANDOM_LP_06_SYNTHETIC_STU03005,RANDOM_LP_06_SYNTHETIC_0048
RANDOM_LP_06_SYNTHETIC_STU03005,RANDOM_LP_06_SYNTHETIC_0240
RANDOM_LP_06_SYNTHETIC_STU03005,RANDOM_LP_06_SYNTHETIC_0260
RANDOM_LP_06_SYNTHETIC_STU03005,RANDOM_LP_06_SYNTHETIC_0357
RANDOM_LP_06_SYNTHETIC_STU03005,RANDOM_LP_06_SYNTHETIC_0427
RANDOM_LP_06_SYNTHETIC_STU03005,RANDOM_LP_06_SYNTHETIC_0438
RANDOM_LP_06_SYNTHETIC_STU03006,RANDOM_LP_06_SYNTHETIC_0135
RANDOM_LP_06_SYNTHETIC_STU03006,RANDOM_LP_06_SYNTHETIC_0326
RANDOM_LP_06_SYNTHETIC_STU03006,RANDOM_LP_06_SYNTHETIC_0406
RANDOM_LP_06_SYNTHETIC_STU03007,RANDOM_LP_06_SYNTHETIC_0395
RANDOM_LP_06_SYNTHETIC_STU03008,RANDOM_LP_06_SYNTHETIC_0013
RANDOM_LP_06_SYNTHETIC_STU03008,RANDOM_LP_06_SYNTHETIC_0263
RANDOM_LP_06_SYNTHETIC_STU03008,RANDOM_LP_06_SYNTHETIC_0422
RANDOM_LP_06_SYNTHETIC_STU03008,RANDOM_LP_06_SYNTHETIC_0436
RANDOM_LP_06_SYNTHETIC_STU03009,RANDOM_LP_06_SYNTHETIC_0234
RANDOM_LP_06_SYNTHETIC_STU03009,RANDOM_LP_06_SYNTHETIC_0407
RANDOM_LP_06_SYNTHETIC_STU03009,RANDOM_LP_06_SYNTHETIC_0460
RANDOM_LP_06_SYNTHETIC_STU03010,RANDOM_LP_06_SYNTHETIC_0137
RANDOM_LP_06_SYNTHETIC_STU03010,RANDOM_LP_06_SYNTHETIC_0171
RANDOM_LP_06_SYNTHETIC_STU03010,RANDOM_LP_06_SYNTHETIC_0231
RANDOM_LP_06_SYNTHETIC_STU03010,RANDOM_LP_06_SYNTHETIC_0332
RANDOM_LP_06_SYNTHETIC_STU03011,RANDOM_LP_06_SYNTHETIC_0171
RANDOM_LP_06_SYNTHETIC_STU03011,RANDOM_LP_06_SYNTHETIC_0218
RANDOM_LP_06_SYNTHETIC_STU03011,RANDOM_LP_06_SYNTHETIC_0498
RANDOM_LP_06_SYNTHETIC_STU03012,RANDOM_LP_06_SYNTHETIC_0305
RANDOM_LP_06_SYNTHETIC_STU03013,RANDOM_LP_06_SYNTHETIC_0022
RANDOM_LP_06_SYNTHETIC_STU03013,RANDOM_LP_06_SYNTHETIC_0353
RANDOM_LP_06_SYNTHETIC_STU03014,RANDOM_LP_06_SYNTHETIC_0277
RANDOM_LP_06_SYNTHETIC_STU03015,RANDOM_LP_06_SYNTHETIC_0016
RANDOM_LP_06_SYNTHETIC_STU03015,RANDOM_LP_06_SYNTHETIC_0113
RANDOM_LP_06_SYNTHETIC_STU03015,RANDOM_LP_06_SYNTHETIC_0114
RANDOM_LP_06_SYNTHETIC_STU03015,RANDOM_LP_06_SYNTHETIC_0242
RANDOM_LP_06_SYNTHETIC_STU03015,RANDOM_LP_06_SYNTHETIC_0272
RANDOM_LP_06_SYNTHETIC_STU03015,RANDOM_LP_06_SYNTHETIC_0438
RANDOM_LP_06_SYNTHETIC_STU03016,RANDOM_LP_06_SYNTHETIC_0079
RANDOM_LP_06_SYNTHETIC_STU03016,RANDOM_LP_06_SYNTHETIC_0137
RANDOM_LP_06_SYNTHETIC_STU03016,RANDOM_LP_06_SYNTHETIC_0165
RANDOM_LP_06_SYNTHETIC_STU03016,RANDOM_LP_06_SYNTHETIC_0449
RANDOM_LP_06_SYNTHETIC_STU03016,RANDOM_LP_06_SYNTHETIC_0495
RANDOM_LP_06_SYNTHETIC_STU03017,RANDOM_LP_06_SYNTHETIC_0167
RANDOM_LP_06_SYNTHETIC_STU03017,RANDOM_LP_06_SYNTHETIC_0186
RANDOM_LP_06_SYNTHETIC_STU03018,RANDOM_LP_06_SYNTHETIC_0271
RANDOM_LP_06_SYNTHETIC_STU03018,RANDOM_LP_06_SYNTHETIC_0395
RANDOM_LP_06_SYNTHETIC_STU03019,RANDOM_LP_06_SYNTHETIC_0038
RANDOM_LP_06_SYNTHETIC_STU03019,RANDOM_LP_06_SYNTHETIC_0079
RANDOM_LP_06_SYNTHETIC_STU03019,RANDOM_LP_06_SYNTHETIC_0275
RANDOM_LP_06_SYNTHETIC_STU03020,RANDOM_LP_06_SYNTHETIC_0077
RANDOM_LP_06_SYNTHETIC_STU03020,RANDOM_LP_06_SYNTHETIC_0206
RANDOM_LP_06_SYNTHETIC_STU03020,RANDOM_LP_06_SYNTHETIC_0241
RANDOM_LP_06_SYNTHETIC_STU03021,RANDOM_LP_06_SYNTHETIC_0019
RANDOM_LP_06_SYNTHETIC_STU03021,RANDOM_LP_06_SYNTHETIC_0328
RANDOM_LP_06_SYNTHETIC_STU03021,RANDOM_LP_06_SYNTHETIC_0444
RANDOM_LP_06_SYNTHETIC_STU03022,RANDOM_LP_06_SYNTHETIC_0231
RANDOM_LP_06_SYNTHETIC_STU03022,RANDOM_LP_06_SYNTHETIC_0275
RANDOM_LP_06_SYNTHETIC_STU03023,RANDOM_LP_06_SYNTHETIC_0162
RANDOM_LP_06_SYNTHETIC_STU03023,RANDOM_LP_06_SYNTHETIC_0381
RANDOM_LP_06_SYNTHETIC_STU03024,RANDOM_LP_06_SYNTHETIC_0116
RANDOM_LP_06_SYNTHETIC_STU03024,RANDOM_LP_06_SYNTHETIC_0119
RANDOM_LP_06_SYNTHETIC_STU03025,RANDOM_LP_06_SYNTHETIC_0048
RANDOM_LP_06_SYNTHETIC_STU03025,RANDOM_LP_06_SYNTHETIC_0261
RANDOM_LP_06_SYNTHETIC_STU03026,RANDOM_LP_06_SYNTHETIC_0145
RANDOM_LP_06_SYNTHETIC_STU03026,RANDOM_LP_06_SYNTHETIC_0363
RANDOM_LP_06_SYNTHETIC_STU03027,RANDOM_LP_06_SYNTHETIC_0066
RANDOM_LP_06_SYNTHETIC_STU03028,RANDOM_LP_06_SYNTHETIC_0028
RANDOM_LP_06_SYNTHETIC_STU03028,RANDOM_LP_06_SYNTHETIC_0485
RANDOM_LP_06_SYNTHETIC_STU03029,RANDOM_LP_06_SYNTHETIC_0073
RANDOM_LP_06_SYNTHETIC_STU03029,RANDOM_LP_06_SYNTHETIC_0079
RANDOM_LP_06_SYNTHETIC_STU03029,RANDOM_LP_06_SYNTHETIC_0167
RANDOM_LP_06_SYNTHETIC_STU03029,RANDOM_LP_06_SYNTHETIC_0370
RANDOM_LP_06_SYNTHETIC_STU03029,RANDOM_LP_06_SYNTHETIC_0408
RANDOM_LP_06_SYNTHETIC_STU03029,RANDOM_LP_06_SYNTHETIC_0482
RANDOM_LP_06_SYNTHETIC_STU03030,RANDOM_LP_06_SYNTHETIC_0029
RANDOM_LP_06_SYNTHETIC_STU03030,RANDOM_LP_06_SYNTHETIC_0060
RANDOM_LP_06_SYNTHETIC_STU03030,RANDOM_LP_06_SYNTHETIC_0094
RANDOM_LP_06_SYNTHETIC_STU03030,RANDOM_LP_06_SYNTHETIC_0261
RANDOM_LP_06_SYNTHETIC_STU03031,RANDOM_LP_06_SYNTHETIC_0272
RANDOM_LP_06_SYNTHETIC_STU03031,RANDOM_LP_06_SYNTHETIC_0345
RANDOM_LP_06_SYNTHETIC_STU03031,RANDOM_LP_06_SYNTHETIC_0370
RANDOM_LP_06_SYNTHETIC_STU03032,RANDOM_LP_06_SYNTHETIC_0062
RANDOM_LP_06_SYNTHETIC_STU03032,RANDOM_LP_06_SYNTHETIC_0066
RANDOM_LP_06_SYNTHETIC_STU03032,RANDOM_LP_06_SYNTHETIC_0184
RANDOM_LP_06_SYNTHETIC_STU03033,RANDOM_LP_06_SYNTHETIC_0249
RANDOM_LP_06_SYNTHETIC_STU03033,RANDOM_LP_06_SYNTHETIC_0422
RANDOM_LP_06_SYNTHETIC_STU03034,RANDOM_LP_06_SYNTHETIC_0137
RANDOM_LP_06_SYNTHETIC_STU03034,RANDOM_LP_06_SYNTHETIC_0402
RANDOM_LP_06_SYNTHETIC_STU03034,RANDOM_LP_06_SYNTHETIC_0416
RANDOM_LP_06_SYNTHETIC_STU03035,RANDOM_LP_06_SYNTHETIC_0006
RANDOM_LP_06_SYNTHETIC_STU03035,RANDOM_LP_06_SYNTHETIC_0347
RANDOM_LP_06_SYNTHETIC_STU03035,RANDOM_LP_06_SYNTHETIC_0386
RANDOM_LP_06_SYNTHETIC_STU03036,RANDOM_LP_06_SYNTHETIC_0428
RANDOM_LP_06_SYNTHETIC_STU03037,RANDOM_LP_06_SYNTHETIC_0113
RANDOM_LP_06_SYNTHETIC_STU03037,RANDOM_LP_06_SYNTHETIC_0175
RANDOM_LP_06_SYNTHETIC_STU03038,RANDOM_LP_06_SYNTHETIC_0285
RANDOM_LP_06_SYNTHETIC_STU03038,RANDOM_LP_06_SYNTHETIC_0372
RANDOM_LP_06_SYNTHETIC_STU03038,RANDOM_LP_06_SYNTHETIC_0465
RANDOM_LP_06_SYNTHETIC_STU03039,RANDOM_LP_06_SYNTHETIC_0226
RANDOM_LP_06_SYNTHETIC_STU03040,RANDOM_LP_06_SYNTHETIC_0359
RANDOM_LP_06_SYNTHETIC_STU03041,RANDOM_LP_06_SYNTHETIC_0357
RANDOM_LP_06_SYNTHETIC_STU03042,RANDOM_LP_06_SYNTHETIC_0002
RANDOM_LP_06_SYNTHETIC_STU03042,RANDOM_LP_06_SYNTHETIC_0031
RANDOM_LP_06_SYNTHETIC_STU03042,RANDOM_LP_06_SYNTHETIC_0050
RANDOM_LP_06_SYNTHETIC_STU03042,RANDOM_LP_06_SYNTHETIC_0332
RANDOM_LP_06_SYNTHETIC_STU03042,RANDOM_LP_06_SYNTHETIC_0380
RANDOM_LP_06_SYNTHETIC_STU03042,RANDOM_LP_06_SYNTHETIC_0429
RANDOM_LP_06_SYNTHETIC_STU03042,RANDOM_LP_06_SYNTHETIC_0476
RANDOM_LP_06_SYNTHETIC_STU03043,RANDOM_LP_06_SYNTHETIC_0438
RANDOM_LP_06_SYNTHETIC_STU03044,RANDOM_LP_06_SYNTHETIC_0378
RANDOM_LP_06_SYNTHETIC_STU03044,RANDOM_LP_06_SYNTHETIC_0388
RANDOM_LP_06_SYNTHETIC_STU03045,RANDOM_LP_06_SYNTHETIC_0183
RANDOM_LP_06_SYNTHETIC_STU03045,RANDOM_LP_06_SYNTHETIC_0188
RANDOM_LP_06_SYNTHETIC_STU03045,RANDOM_LP_06_SYNTHETIC_0421
RANDOM_LP_06_SYNTHETIC_STU03046,RANDOM_LP_06_SYNTHETIC_0140
RANDOM_LP_06_SYNTHETIC_STU03046,RANDOM_LP_06_SYNTHETIC_0148
RANDOM_LP_06_SYNTHETIC_STU03046,RANDOM_LP_06_SYNTHETIC_0327
RANDOM_LP_06_SYNTHETIC_STU03046,RANDOM_LP_06_SYNTHETIC_0418
RANDOM_LP_06_SYNTHETIC_STU03046,RANDOM_LP_06_SYNTHETIC_0470
RANDOM_LP_06_SYNTHETIC_STU03047,RANDOM_LP_06_SYNTHETIC_0137
RANDOM_LP_06_SYNTHETIC_STU03047,RANDOM_LP_06_SYNTHETIC_0190
RANDOM_LP_06_SYNTHETIC_STU03047,RANDOM_LP_06_SYNTHETIC_0377
RANDOM_LP_06_SYNTHETIC_STU03048,RANDOM_LP_06_SYNTHETIC_0090
RANDOM_LP_06_SYNTHETIC_STU03048,RANDOM_LP_06_SYNTHETIC_0242
RANDOM_LP_06_SYNTHETIC_STU03049,RANDOM_LP_06_SYNTHETIC_0030
RANDOM_LP_06_SYNTHETIC_STU03049,RANDOM_LP_06_SYNTHETIC_0104
RANDOM_LP_06_SYNTHETIC_STU03049,RANDOM_LP_06_SYNTHETIC_0397
RANDOM_LP_06_SYNTHETIC_STU03050,RANDOM_LP_06_SYNTHETIC_0007
RANDOM_LP_06_SYNTHETIC_STU03050,RANDOM_LP_06_SYNTHETIC_0079
RANDOM_LP_06_SYNTHETIC_STU03050,RANDOM_LP_06_SYNTHETIC_0319
RANDOM_LP_06_SYNTHETIC_STU03050,RANDOM_LP_06_SYNTHETIC_0449
RANDOM_LP_06_SYNTHETIC_STU03051,RANDOM_LP_06_SYNTHETIC_0253
RANDOM_LP_06_SYNTHETIC_STU03051,RANDOM_LP_06_SYNTHETIC_0319
RANDOM_LP_06_SYNTHETIC_STU03052,RANDOM_LP_06_SYNTHETIC_0009
RANDOM_LP_06_SYNTHETIC_STU03052,RANDOM_LP_06_SYNTHETIC_0028
RANDOM_LP_06_SYNTHETIC_STU03052,RANDOM_LP_06_SYNTHETIC_0229
RANDOM_LP_06_SYNTHETIC_STU03052,RANDOM_LP_06_SYNTHETIC_0361
RANDOM_LP_06_SYNTHETIC_STU03052,RANDOM_LP_06_SYNTHETIC_0372
RANDOM_LP_06_SYNTHETIC_STU03052,RANDOM_LP_06_SYNTHETIC_0474
RANDOM_LP_06_SYNTHETIC_STU03053,RANDOM_LP_06_SYNTHETIC_0078
RANDOM_LP_06_SYNTHETIC_STU03053,RANDOM_LP_06_SYNTHETIC_0275
RANDOM_LP_06_SYNTHETIC_STU03053,RANDOM_LP_06_SYNTHETIC_0280
RANDOM_LP_06_SYNTHETIC_STU03054,RANDOM_LP_06_SYNTHETIC_0057
RANDOM_LP_06_SYNTHETIC_STU03054,RANDOM_LP_06_SYNTHETIC_0164
RANDOM_LP_06_SYNTHETIC_STU03054,RANDOM_LP_06_SYNTHETIC_0211
RANDOM_LP_06_SYNTHETIC_STU03054,RANDOM_LP_06_SYNTHETIC_0249
RANDOM_LP_06_SYNTHETIC_STU03054,RANDOM_LP_06_SYNTHETIC_0381
RANDOM_LP_06_SYNTHETIC_STU03054,RANDOM_LP_06_SYNTHETIC_0391
RANDOM_LP_06_SYNTHETIC_STU03055,RANDOM_LP_06_SYNTHETIC_0112
RANDOM_LP_06_SYNTHETIC_STU03055,RANDOM_LP_06_SYNTHETIC_0313
RANDOM_LP_06_SYNTHETIC_STU03055,RANDOM_LP_06_SYNTHETIC_0357
RANDOM_LP_06_SYNTHETIC_STU03055,RANDOM_LP_06_SYNTHETIC_0475
RANDOM_LP_06_SYNTHETIC_STU03056,RANDOM_LP_06_SYNTHETIC_0095
RANDOM_LP_06_SYNTHETIC_STU03056,RANDOM_LP_06_SYNTHETIC_0155
RANDOM_LP_06_SYNTHETIC_STU03056,RANDOM_LP_06_SYNTHETIC_0159
RANDOM_LP_06_SYNTHETIC_STU03056,RANDOM_LP_06_SYNTHETIC_0356
RANDOM_LP_06_SYNTHETIC_STU03056,RANDOM_LP_06_SYNTHETIC_0468
RANDOM_LP_06_SYNTHETIC_STU03057,RANDOM_LP_06_SYNTHETIC_0016
RANDOM_LP_06_SYNTHETIC_STU03057,RANDOM_LP_06_SYNTHETIC_0489
RANDOM_LP_06_SYNTHETIC_STU03058,RANDOM_LP_06_SYNTHETIC_0167
RANDOM_LP_06_SYNTHETIC_STU03058,RANDOM_LP_06_SYNTHETIC_0197
RANDOM_LP_06_SYNTHETIC_STU03058,RANDOM_LP_06_SYNTHETIC_0319
RANDOM_LP_06_SYNTHETIC_STU03059,RANDOM_LP_06_SYNTHETIC_0088
RANDOM_LP_06_SYNTHETIC_STU03060,RANDOM_LP_06_SYNTHETIC_0261
RANDOM_LP_06_SYNTHETIC_STU03060,RANDOM_LP_06_SYNTHETIC_0370
RANDOM_LP_06_SYNTHETIC_STU03061,RANDOM_LP_06_SYNTHETIC_0474
RANDOM_LP_06_SYNTHETIC_STU03062,RANDOM_LP_06_SYNTHETIC_0067
RANDOM_LP_06_SYNTHETIC_STU03062,RANDOM_LP_06_SYNTHETIC_0173
RANDOM_LP_06_SYNTHETIC_STU03062,RANDOM_LP_06_SYNTHETIC_0487
RANDOM_LP_06_SYNTHETIC_STU03063,RANDOM_LP_06_SYNTHETIC_0040
RANDOM_LP_06_SYNTHETIC_STU03063,RANDOM_LP_06_SYNTHETIC_0175
RANDOM_LP_06_SYNTHETIC_STU03063,RANDOM_LP_06_SYNTHETIC_0245
RANDOM_LP_06_SYNTHETIC_STU03064,RANDOM_LP_06_SYNTHETIC_0148
RANDOM_LP_06_SYNTHETIC_STU03064,RANDOM_LP_06_SYNTHETIC_0334
RANDOM_LP_06_SYNTHETIC_STU03064,RANDOM_LP_06_SYNTHETIC_0494
RANDOM_LP_06_SYNTHETIC_STU03065,RANDOM_LP_06_SYNTHETIC_0158
RANDOM_LP_06_SYNTHETIC_STU03065,RANDOM_LP_06_SYNTHETIC_0304
RANDOM_LP_06_SYNTHETIC_STU03065,RANDOM_LP_06_SYNTHETIC_0328
RANDOM_LP_06_SYNTHETIC_STU03065,RANDOM_LP_06_SYNTHETIC_0357
RANDOM_LP_06_SYNTHETIC_STU03065,RANDOM_LP_06_SYNTHETIC_0466
RANDOM_LP_06_SYNTHETIC_STU03066,RANDOM_LP_06_SYNTHETIC_0093
RANDOM_LP_06_SYNTHETIC_STU03066,RANDOM_LP_06_SYNTHETIC_0239
RANDOM_LP_06_SYNTHETIC_STU03066,RANDOM_LP_06_SYNTHETIC_0352
RANDOM_LP_06_SYNTHETIC_STU03067,RANDOM_LP_06_SYNTHETIC_0050
RANDOM_LP_06_SYNTHETIC_STU03067,RANDOM_LP_06_SYNTHETIC_0312
RANDOM_LP_06_SYNTHETIC_STU03067,RANDOM_LP_06_SYNTHETIC_0339
RANDOM_LP_06_SYNTHETIC_STU03067,RANDOM_LP_06_SYNTHETIC_0345
RANDOM_LP_06_SYNTHETIC_STU03068,RANDOM_LP_06_SYNTHETIC_0022
RANDOM_LP_06_SYNTHETIC_STU03068,RANDOM_LP_06_SYNTHETIC_0263
RANDOM_LP_06_SYNTHETIC_STU03068,RANDOM_LP_06_SYNTHETIC_0275
RANDOM_LP_06_SYNTHETIC_STU03068,RANDOM_LP_06_SYNTHETIC_0488
RANDOM_LP_06_SYNTHETIC_STU03069,RANDOM_LP_06_SYNTHETIC_0134
RANDOM_LP_06_SYNTHETIC_STU03069,RANDOM_LP_06_SYNTHETIC_0145
RANDOM_LP_06_SYNTHETIC_STU03069,RANDOM_LP_06_SYNTHETIC_0184
RANDOM_LP_06_SYNTHETIC_STU03069,RANDOM_LP_06_SYNTHETIC_0217
RANDOM_LP_06_SYNTHETIC_STU03069,RANDOM_LP_06_SYNTHETIC_0227
RANDOM_LP_06_SYNTHETIC_STU03069,RANDOM_LP_06_SYNTHETIC_0319
RANDOM_LP_06_SYNTHETIC_STU03070,RANDOM_LP_06_SYNTHETIC_0018
RANDOM_LP_06_SYNTHETIC_STU03071,RANDOM_LP_06_SYNTHETIC_0091
RANDOM_LP_06_SYNTHETIC_STU03071,RANDOM_LP_06_SYNTHETIC_0466
RANDOM_LP_06_SYNTHETIC_STU03072,RANDOM_LP_06_SYNTHETIC_0079
RANDOM_LP_06_SYNTHETIC_STU03072,RANDOM_LP_06_SYNTHETIC_0169
RANDOM_LP_06_SYNTHETIC_STU03072,RANDOM_LP_06_SYNTHETIC_0175
RANDOM_LP_06_SYNTHETIC_STU03073,RANDOM_LP_06_SYNTHETIC_0178
RANDOM_LP_06_SYNTHETIC_STU03073,RANDOM_LP_06_SYNTHETIC_0319
RANDOM_LP_06_SYNTHETIC_STU03073,RANDOM_LP_06_SYNTHETIC_0351
RANDOM_LP_06_SYNTHETIC_STU03073,RANDOM_LP_06_SYNTHETIC_0459
RANDOM_LP_06_SYNTHETIC_STU03074,RANDOM_LP_06_SYNTHETIC_0030
RANDOM_LP_06_SYNTHETIC_STU03074,RANDOM_LP_06_SYNTHETIC_0389
RANDOM_LP_06_SYNTHETIC_STU03075,RANDOM_LP_06_SYNTHETIC_0067
RANDOM_LP_06_SYNTHETIC_STU03075,RANDOM_LP_06_SYNTHETIC_0188
RANDOM_LP_06_SYNTHETIC_STU03075,RANDOM_LP_06_SYNTHETIC_0223
RANDOM_LP_06_SYNTHETIC_STU03075,RANDOM_LP_06_SYNTHETIC_0391
RANDOM_LP_06_SYNTHETIC_STU03075,RANDOM_LP_06_SYNTHETIC_0438
RANDOM_LP_06_SYNTHETIC_STU03075,RANDOM_LP_06_SYNTHETIC_0452
RANDOM_LP_06_SYNTHETIC_STU03076,RANDOM_LP_06_SYNTHETIC_0035
RANDOM_LP_06_SYNTHETIC_STU03077,RANDOM_LP_06_SYNTHETIC_0087
RANDOM_LP_06_SYNTHETIC_STU03078,RANDOM_LP_06_SYNTHETIC_0331
RANDOM_LP_06_SYNTHETIC_STU03078,RANDOM_LP_06_SYNTHETIC_0347
RANDOM_LP_06_SYNTHETIC_STU03079,RANDOM_LP_06_SYNTHETIC_0327
RANDOM_LP_06_SYNTHETIC_STU03080,RANDOM_LP_06_SYNTHETIC_0099
RANDOM_LP_06_SYNTHETIC_STU03080,RANDOM_LP_06_SYNTHETIC_0130
RANDOM_LP_06_SYNTHETIC_STU03080,RANDOM_LP_06_SYNTHETIC_0158
RANDOM_LP_06_SYNTHETIC_STU03080,RANDOM_LP_06_SYNTHETIC_0328
RANDOM_LP_06_SYNTHETIC_STU03080,RANDOM_LP_06_SYNTHETIC_0374
RANDOM_LP_06_SYNTHETIC_STU03080,RANDOM_LP_06_SYNTHETIC_0411
RANDOM_LP_06_SYNTHETIC_STU03081,RANDOM_LP_06_SYNTHETIC_0111
RANDOM_LP_06_SYNTHETIC_STU03081,RANDOM_LP_06_SYNTHETIC_0355
RANDOM_LP_06_SYNTHETIC_STU03081,RANDOM_LP_06_SYNTHETIC_0380
RANDOM_LP_06_SYNTHETIC_STU03081,RANDOM_LP_06_SYNTHETIC_0423
RANDOM_LP_06_SYNTHETIC_STU03082,RANDOM_LP_06_SYNTHETIC_0066
RANDOM_LP_06_SYNTHETIC_STU03082,RANDOM_LP_06_SYNTHETIC_0196
RANDOM_LP_06_SYNTHETIC_STU03082,RANDOM_LP_06_SYNTHETIC_0475
RANDOM_LP_06_SYNTHETIC_STU03082,RANDOM_LP_06_SYNTHETIC_0486
RANDOM_LP_06_SYNTHETIC_STU03083,RANDOM_LP_06_SYNTHETIC_0013
RANDOM_LP_06_SYNTHETIC_STU03083,RANDOM_LP_06_SYNTHETIC_0101
RANDOM_LP_06_SYNTHETIC_STU03084,RANDOM_LP_06_SYNTHETIC_0057
RANDOM_LP_06_SYNTHETIC_STU03084,RANDOM_LP_06_SYNTHETIC_0079
RANDOM_LP_06_SYNTHETIC_STU03084,RANDOM_LP_06_SYNTHETIC_0176
RANDOM_LP_06_SYNTHETIC_STU03085,RANDOM_LP_06_SYNTHETIC_0088
RANDOM_LP_06_SYNTHETIC_STU03085,RANDOM_LP_06_SYNTHETIC_0397
RANDOM_LP_06_SYNTHETIC_STU03086,RANDOM_LP_06_SYNTHETIC_0243
RANDOM_LP_06_SYNTHETIC_STU03086,RANDOM_LP_06_SYNTHETIC_0423
RANDOM_LP_06_SYNTHETIC_STU03087,RANDOM_LP_06_SYNTHETIC_0212
RANDOM_LP_06_SYNTHETIC_STU03087,RANDOM_LP_06_SYNTHETIC_0296
RANDOM_LP_06_SYNTHETIC_STU03087,RANDOM_LP_06_SYNTHETIC_0328
RANDOM_LP_06_SYNTHETIC_STU03087,RANDOM_LP_06_SYNTHETIC_0459
RANDOM_LP_06_SYNTHETIC_STU03088,RANDOM_LP_06_SYNTHETIC_0183
RANDOM_LP_06_SYNTHETIC_STU03088,RANDOM_LP_06_SYNTHETIC_0357
RANDOM_LP_06_SYNTHETIC_STU03088,RANDOM_LP_06_SYNTHETIC_0434
RANDOM_LP_06_SYNTHETIC_STU03089,RANDOM_LP_06_SYNTHETIC_0152
RANDOM_LP_06_SYNTHETIC_STU03089,RANDOM_LP_06_SYNTHETIC_0164
RANDOM_LP_06_SYNTHETIC_STU03089,RANDOM_LP_06_SYNTHETIC_0474
RANDOM_LP_06_SYNTHETIC_STU03089,RANDOM_LP_06_SYNTHETIC_0497
RANDOM_LP_06_SYNTHETIC_STU03090,RANDOM_LP_06_SYNTHETIC_0144
RANDOM_LP_06_SYNTHETIC_STU03090,RANDOM_LP_06_SYNTHETIC_0347
RANDOM_LP_06_SYNTHETIC_STU03090,RANDOM_LP_06_SYNTHETIC_0416
RANDOM_LP_06_SYNTHETIC_STU03091,RANDOM_LP_06_SYNTHETIC_0040
RANDOM_LP_06_SYNTHETIC_STU03091,RANDOM_LP_06_SYNTHETIC_0061
RANDOM_LP_06_SYNTHETIC_STU03091,RANDOM_LP_06_SYNTHETIC_0116
RANDOM_LP_06_SYNTHETIC_STU03091,RANDOM_LP_06_SYNTHETIC_0205
RANDOM_LP_06_SYNTHETIC_STU03092,RANDOM_LP_06_SYNTHETIC_0188
RANDOM_LP_06_SYNTHETIC_STU03093,RANDOM_LP_06_SYNTHETIC_0314
RANDOM_LP_06_SYNTHETIC_STU03093,RANDOM_LP_06_SYNTHETIC_0422
RANDOM_LP_06_SYNTHETIC_STU03094,RANDOM_LP_06_SYNTHETIC_0281
RANDOM_LP_06_SYNTHETIC_STU03094,RANDOM_LP_06_SYNTHETIC_0282
RANDOM_LP_06_SYNTHETIC_STU03094,RANDOM_LP_06_SYNTHETIC_0453
RANDOM_LP_06_SYNTHETIC_STU03095,RANDOM_LP_06_SYNTHETIC_0358
RANDOM_LP_06_SYNTHETIC_STU03096,RANDOM_LP_06_SYNTHETIC_0178
RANDOM_LP_06_SYNTHETIC_STU03096,RANDOM_LP_06_SYNTHETIC_0443
RANDOM_LP_06_SYNTHETIC_STU03097,RANDOM_LP_06_SYNTHETIC_0203
RANDOM_LP_06_SYNTHETIC_STU03097,RANDOM_LP_06_SYNTHETIC_0216
RANDOM_LP_06_SYNTHETIC_STU03097,RANDOM_LP_06_SYNTHETIC_0331
RANDOM_LP_06_SYNTHETIC_STU03097,RANDOM_LP_06_SYNTHETIC_0454
RANDOM_LP_06_SYNTHETIC_STU03098,RANDOM_LP_06_SYNTHETIC_0082
RANDOM_LP_06_SYNTHETIC_STU03098,RANDOM_LP_06_SYNTHETIC_0469
RANDOM_LP_06_SYNTHETIC_STU03099,RANDOM_LP_06_SYNTHETIC_0013
RANDOM_LP_06_SYNTHETIC_STU03099,RANDOM_LP_06_SYNTHETIC_0044
RANDOM_LP_06_SYNTHETIC_STU03099,RANDOM_LP_06_SYNTHETIC_0187
RANDOM_LP_06_SYNTHETIC_STU03099,RANDOM_LP_06_SYNTHETIC_0274
RANDOM_LP_06_SYNTHETIC_STU03099,RANDOM_LP_06_SYNTHETIC_0292
RANDOM_LP_06_SYNTHETIC_STU03099,RANDOM_LP_06_SYNTHETIC_0370
RANDOM_LP_06_SYNTHETIC_STU03099,RANDOM_LP_06_SYNTHETIC_0462
RANDOM_LP_06_SYNTHETIC_STU03100,RANDOM_LP_06_SYNTHETIC_0252
RANDOM_LP_06_SYNTHETIC_STU03101,RANDOM_LP_06_SYNTHETIC_0088
RANDOM_LP_06_SYNTHETIC_STU03101,RANDOM_LP_06_SYNTHETIC_0337
RANDOM_LP_06_SYNTHETIC_STU03101,RANDOM_LP_06_SYNTHETIC_0418
RANDOM_LP_06_SYNTHETIC_STU03102,RANDOM_LP_06_SYNTHETIC_0146
RANDOM_LP_06_SYNTHETIC_STU03102,RANDOM_LP_06_SYNTHETIC_0217
RANDOM_LP_06_SYNTHETIC_STU03102,RANDOM_LP_06_SYNTHETIC_0379
RANDOM_LP_06_SYNTHETIC_STU03102,RANDOM_LP_06_SYNTHETIC_0398
RANDOM_LP_06_SYNTHETIC_STU03103,RANDOM_LP_06_SYNTHETIC_0167
RANDOM_LP_06_SYNTHETIC_STU03103,RANDOM_LP_06_SYNTHETIC_0454
RANDOM_LP_06_SYNTHETIC_STU03104,RANDOM_LP_06_SYNTHETIC_0085
RANDOM_LP_06_SYNTHETIC_STU03104,RANDOM_LP_06_SYNTHETIC_0330
RANDOM_LP_06_SYNTHETIC_STU03104,RANDOM_LP_06_SYNTHETIC_0421
RANDOM_LP_06_SYNTHETIC_STU03105,RANDOM_LP_06_SYNTHETIC_0160
RANDOM_LP_06_SYNTHETIC_STU03105,RANDOM_LP_06_SYNTHETIC_0353
RANDOM_LP_06_SYNTHETIC_STU03106,RANDOM_LP_06_SYNTHETIC_0120
RANDOM_LP_06_SYNTHETIC_STU03106,RANDOM_LP_06_SYNTHETIC_0424
RANDOM_LP_06_SYNTHETIC_STU03106,RANDOM_LP_06_SYNTHETIC_0459
RANDOM_LP_06_SYNTHETIC_STU03107,RANDOM_LP_06_SYNTHETIC_0057
RANDOM_LP_06_SYNTHETIC_STU03107,RANDOM_LP_06_SYNTHETIC_0122
RANDOM_LP_06_SYNTHETIC_STU03107,RANDOM_LP_06_SYNTHETIC_0295
RANDOM_LP_06_SYNTHETIC_STU03107,RANDOM_LP_06_SYNTHETIC_0376
RANDOM_LP_06_SYNTHETIC_STU03107,RANDOM_LP_06_SYNTHETIC_0387
RANDOM_LP_06_SYNTHETIC_STU03107,RANDOM_LP_06_SYNTHETIC_0409
RANDOM_LP_06_SYNTHETIC_STU03107,RANDOM_LP_06_SYNTHETIC_0462
RANDOM_LP_06_SYNTHETIC_STU03108,RANDOM_LP_06_SYNTHETIC_0169
RANDOM_LP_06_SYNTHETIC_STU03108,RANDOM_LP_06_SYNTHETIC_0275
RANDOM_LP_06_SYNTHETIC_STU03108,RANDOM_LP_06_SYNTHETIC_0297
RANDOM_LP_06_SYNTHETIC_STU03108,RANDOM_LP_06_SYNTHETIC_0328
RANDOM_LP_06_SYNTHETIC_STU03109,RANDOM_LP_06_SYNTHETIC_0220
RANDOM_LP_06_SYNTHETIC_STU03110,RANDOM_LP_06_SYNTHETIC_0418
RANDOM_LP_06_SYNTHETIC_STU03110,RANDOM_LP_06_SYNTHETIC_0475
RANDOM_LP_06_SYNTHETIC_STU03111,RANDOM_LP_06_SYNTHETIC_0096
RANDOM_LP_06_SYNTHETIC_STU03111,RANDOM_LP_06_SYNTHETIC_0135
RANDOM_LP_06_SYNTHETIC_STU03111,RANDOM_LP_06_SYNTHETIC_0249
RANDOM_LP_06_SYNTHETIC_STU03111,RANDOM_LP_06_SYNTHETIC_0320
RANDOM_LP_06_SYNTHETIC_STU03111,RANDOM_LP_06_SYNTHETIC_0463
RANDOM_LP_06_SYNTHETIC_STU03112,RANDOM_LP_06_SYNTHETIC_0483
RANDOM_LP_06_SYNTHETIC_STU03113,RANDOM_LP_06_SYNTHETIC_0200
RANDOM_LP_06_SYNTHETIC_STU03113,RANDOM_LP_06_SYNTHETIC_0389
RANDOM_LP_06_SYNTHETIC_STU03113,RANDOM_LP_06_SYNTHETIC_0457
RANDOM_LP_06_SYNTHETIC_STU03114,RANDOM_LP_06_SYNTHETIC_0048
RANDOM_LP_06_SYNTHETIC_STU03114,RANDOM_LP_06_SYNTHETIC_0093
RANDOM_LP_06_SYNTHETIC_STU03114,RANDOM_LP_06_SYNTHETIC_0184
RANDOM_LP_06_SYNTHETIC_STU03114,RANDOM_LP_06_SYNTHETIC_0473
RANDOM_LP_06_SYNTHETIC_STU03115,RANDOM_LP_06_SYNTHETIC_0207
RANDOM_LP_06_SYNTHETIC_STU03116,RANDOM_LP_06_SYNTHETIC_0093
RANDOM_LP_06_SYNTHETIC_STU03117,RANDOM_LP_06_SYNTHETIC_0120
RANDOM_LP_06_SYNTHETIC_STU03117,RANDOM_LP_06_SYNTHETIC_0320
RANDOM_LP_06_SYNTHETIC_STU03117,RANDOM_LP_06_SYNTHETIC_0443
RANDOM_LP_06_SYNTHETIC_STU03118,RANDOM_LP_06_SYNTHETIC_0142
RANDOM_LP_06_SYNTHETIC_STU03119,RANDOM_LP_06_SYNTHETIC_0066
RANDOM_LP_06_SYNTHETIC_STU03119,RANDOM_LP_06_SYNTHETIC_0159
RANDOM_LP_06_SYNTHETIC_STU03119,RANDOM_LP_06_SYNTHETIC_0178
RANDOM_LP_06_SYNTHETIC_STU03119,RANDOM_LP_06_SYNTHETIC_0223
RANDOM_LP_06_SYNTHETIC_STU03119,RANDOM_LP_06_SYNTHETIC_0365
RANDOM_LP_06_SYNTHETIC_STU03119,RANDOM_LP_06_SYNTHETIC_0458
RANDOM_LP_06_SYNTHETIC_STU03120,RANDOM_LP_06_SYNTHETIC_0079
RANDOM_LP_06_SYNTHETIC_STU03120,RANDOM_LP_06_SYNTHETIC_0135
RANDOM_LP_06_SYNTHETIC_STU03120,RANDOM_LP_06_SYNTHETIC_0206
RANDOM_LP_06_SYNTHETIC_STU03120,RANDOM_LP_06_SYNTHETIC_0334
RANDOM_LP_06_SYNTHETIC_STU03121,RANDOM_LP_06_SYNTHETIC_0101
RANDOM_LP_06_SYNTHETIC_STU03121,RANDOM_LP_06_SYNTHETIC_0267
RANDOM_LP_06_SYNTHETIC_STU03122,RANDOM_LP_06_SYNTHETIC_0112
RANDOM_LP_06_SYNTHETIC_STU03122,RANDOM_LP_06_SYNTHETIC_0223
RANDOM_LP_06_SYNTHETIC_STU03122,RANDOM_LP_06_SYNTHETIC_0233
RANDOM_LP_06_SYNTHETIC_STU03122,RANDOM_LP_06_SYNTHETIC_0347
RANDOM_LP_06_SYNTHETIC_STU03122,RANDOM_LP_06_SYNTHETIC_0371
RANDOM_LP_06_SYNTHETIC_STU03122,RANDOM_LP_06_SYNTHETIC_0423
RANDOM_LP_06_SYNTHETIC_STU03122,RANDOM_LP_06_SYNTHETIC_0460
RANDOM_LP_06_SYNTHETIC_STU03122,RANDOM_LP_06_SYNTHETIC_0496
RANDOM_LP_06_SYNTHETIC_STU03123,RANDOM_LP_06_SYNTHETIC_0048
RANDOM_LP_06_SYNTHETIC_STU03123,RANDOM_LP_06_SYNTHETIC_0218
RANDOM_LP_06_SYNTHETIC_STU03123,RANDOM_LP_06_SYNTHETIC_0495
RANDOM_LP_06_SYNTHETIC_STU03124,RANDOM_LP_06_SYNTHETIC_0054
RANDOM_LP_06_SYNTHETIC_STU03124,RANDOM_LP_06_SYNTHETIC_0118
RANDOM_LP_06_SYNTHETIC_STU03124,RANDOM_LP_06_SYNTHETIC_0226
RANDOM_LP_06_SYNTHETIC_STU03124,RANDOM_LP_06_SYNTHETIC_0387
RANDOM_LP_06_SYNTHETIC_STU03124,RANDOM_LP_06_SYNTHETIC_0421
RANDOM_LP_06_SYNTHETIC_STU03125,RANDOM_LP_06_SYNTHETIC_0267
RANDOM_LP_06_SYNTHETIC_STU03125,RANDOM_LP_06_SYNTHETIC_0407
RANDOM_LP_06_SYNTHETIC_STU03126,RANDOM_LP_06_SYNTHETIC_0190
RANDOM_LP_06_SYNTHETIC_STU03126,RANDOM_LP_06_SYNTHETIC_0318
RANDOM_LP_06_SYNTHETIC_STU03127,RANDOM_LP_06_SYNTHETIC_0203
RANDOM_LP_06_SYNTHETIC_STU03127,RANDOM_LP_06_SYNTHETIC_0330
RANDOM_LP_06_SYNTHETIC_STU03128,RANDOM_LP_06_SYNTHETIC_0191
RANDOM_LP_06_SYNTHETIC_STU03128,RANDOM_LP_06_SYNTHETIC_0340
RANDOM_LP_06_SYNTHETIC_STU03128,RANDOM_LP_06_SYNTHETIC_0478
RANDOM_LP_06_SYNTHETIC_STU03129,RANDOM_LP_06_SYNTHETIC_0063
RANDOM_LP_06_SYNTHETIC_STU03129,RANDOM_LP_06_SYNTHETIC_0183
RANDOM_LP_06_SYNTHETIC_STU03130,RANDOM_LP_06_SYNTHETIC_0113
RANDOM_LP_06_SYNTHETIC_STU03130,RANDOM_LP_06_SYNTHETIC_0262
RANDOM_LP_06_SYNTHETIC_STU03130,RANDOM_LP_06_SYNTHETIC_0363
RANDOM_LP_06_SYNTHETIC_STU03131,RANDOM_LP_06_SYNTHETIC_0013
RANDOM_LP_06_SYNTHETIC_STU03131,RANDOM_LP_06_SYNTHETIC_0100
RANDOM_LP_06_SYNTHETIC_STU03131,RANDOM_LP_06_SYNTHETIC_0116
RANDOM_LP_06_SYNTHETIC_STU03131,RANDOM_LP_06_SYNTHETIC_0231
RANDOM_LP_06_SYNTHETIC_STU03131,RANDOM_LP_06_SYNTHETIC_0454
RANDOM_LP_06_SYNTHETIC_STU03132,RANDOM_LP_06_SYNTHETIC_0362
RANDOM_LP_06_SYNTHETIC_STU03133,RANDOM_LP_06_SYNTHETIC_0120
RANDOM_LP_06_SYNTHETIC_STU03133,RANDOM_LP_06_SYNTHETIC_0278
RANDOM_LP_06_SYNTHETIC_STU03134,RANDOM_LP_06_SYNTHETIC_0167
RANDOM_LP_06_SYNTHETIC_STU03134,RANDOM_LP_06_SYNTHETIC_0310
RANDOM_LP_06_SYNTHETIC_STU03135,RANDOM_LP_06_SYNTHETIC_0361
RANDOM_LP_06_SYNTHETIC_STU03136,RANDOM_LP_06_SYNTHETIC_0054
RANDOM_LP_06_SYNTHETIC_STU03136,RANDOM_LP_06_SYNTHETIC_0085
RANDOM_LP_06_SYNTHETIC_STU03136,RANDOM_LP_06_SYNTHETIC_0124
RANDOM_LP_06_SYNTHETIC_STU03136,RANDOM_LP_06_SYNTHETIC_0342
RANDOM_LP_06_SYNTHETIC_STU03136,RANDOM_LP_06_SYNTHETIC_0481
RANDOM_LP_06_SYNTHETIC_STU03137,RANDOM_LP_06_SYNTHETIC_0040
RANDOM_LP_06_SYNTHETIC_STU03137,RANDOM_LP_06_SYNTHETIC_0070
RANDOM_LP_06_SYNTHETIC_STU03137,RANDOM_LP_06_SYNTHETIC_0135
RANDOM_LP_06_SYNTHETIC_STU03137,RANDOM_LP_06_SYNTHETIC_0148
RANDOM_LP_06_SYNTHETIC_STU03137,RANDOM_LP_06_SYNTHETIC_0271
RANDOM_LP_06_SYNTHETIC_STU03137,RANDOM_LP_06_SYNTHETIC_0344
RANDOM_LP_06_SYNTHETIC_STU03138,RANDOM_LP_06_SYNTHETIC_0265
RANDOM_LP_06_SYNTHETIC_STU03138,RANDOM_LP_06_SYNTHETIC_0324
RANDOM_LP_06_SYNTHETIC_STU03139,RANDOM_LP_06_SYNTHETIC_0023
RANDOM_LP_06_SYNTHETIC_STU03139,RANDOM_LP_06_SYNTHETIC_0276
RANDOM_LP_06_SYNTHETIC_STU03139,RANDOM_LP_06_SYNTHETIC_0443
RANDOM_LP_06_SYNTHETIC_STU03140,RANDOM_LP_06_SYNTHETIC_0079
RANDOM_LP_06_SYNTHETIC_STU03140,RANDOM_LP_06_SYNTHETIC_0323
RANDOM_LP_06_SYNTHETIC_STU03140,RANDOM_LP_06_SYNTHETIC_0430
RANDOM_LP_06_SYNTHETIC_STU03140,RANDOM_LP_06_SYNTHETIC_0443
RANDOM_LP_06_SYNTHETIC_STU03140,RANDOM_LP_06_SYNTHETIC_0498
RANDOM_LP_06_SYNTHETIC_STU03141,RANDOM_LP_06_SYNTHETIC_0002
RANDOM_LP_06_SYNTHETIC_STU03141,RANDOM_LP_06_SYNTHETIC_0089
RANDOM_LP_06_SYNTHETIC_STU03141,RANDOM_LP_06_SYNTHETIC_0322
RANDOM_LP_06_SYNTHETIC_STU03142,RANDOM_LP_06_SYNTHETIC_0077
RANDOM_LP_06_SYNTHETIC_STU03142,RANDOM_LP_06_SYNTHETIC_0145
RANDOM_LP_06_SYNTHETIC_STU03142,RANDOM_LP_06_SYNTHETIC_0295
RANDOM_LP_06_SYNTHETIC_STU03142,RANDOM_LP_06_SYNTHETIC_0475
RANDOM_LP_06_SYNTHETIC_STU03143,RANDOM_LP_06_SYNTHETIC_0050
RANDOM_LP_06_SYNTHETIC_STU03144,RANDOM_LP_06_SYNTHETIC_0252
RANDOM_LP_06_SYNTHETIC_STU03144,RANDOM_LP_06_SYNTHETIC_0315
RANDOM_LP_06_SYNTHETIC_STU03145,RANDOM_LP_06_SYNTHETIC_0371
RANDOM_LP_06_SYNTHETIC_STU03145,RANDOM_LP_06_SYNTHETIC_0435
RANDOM_LP_06_SYNTHETIC_STU03145,RANDOM_LP_06_SYNTHETIC_0464
RANDOM_LP_06_SYNTHETIC_STU03145,RANDOM_LP_06_SYNTHETIC_0494
RANDOM_LP_06_SYNTHETIC_STU03146,RANDOM_LP_06_SYNTHETIC_0043
RANDOM_LP_06_SYNTHETIC_STU03146,RANDOM_LP_06_SYNTHETIC_0162
RANDOM_LP_06_SYNTHETIC_STU03146,RANDOM_LP_06_SYNTHETIC_0454
RANDOM_LP_06_SYNTHETIC_STU03146,RANDOM_LP_06_SYNTHETIC_0498
RANDOM_LP_06_SYNTHETIC_STU03147,RANDOM_LP_06_SYNTHETIC_0052
RANDOM_LP_06_SYNTHETIC_STU03147,RANDOM_LP_06_SYNTHETIC_0079
RANDOM_LP_06_SYNTHETIC_STU03147,RANDOM_LP_06_SYNTHETIC_0405
RANDOM_LP_06_SYNTHETIC_STU03148,RANDOM_LP_06_SYNTHETIC_0098
RANDOM_LP_06_SYNTHETIC_STU03148,RANDOM_LP_06_SYNTHETIC_0307
RANDOM_LP_06_SYNTHETIC_STU03148,RANDOM_LP_06_SYNTHETIC_0436
RANDOM_LP_06_SYNTHETIC_STU03149,RANDOM_LP_06_SYNTHETIC_0023
RANDOM_LP_06_SYNTHETIC_STU03149,RANDOM_LP_06_SYNTHETIC_0346
RANDOM_LP_06_SYNTHETIC_STU03150,RANDOM_LP_06_SYNTHETIC_0127
RANDOM_LP_06_SYNTHETIC_STU03150,RANDOM_LP_06_SYNTHETIC_0178
RANDOM_LP_06_SYNTHETIC_STU03150,RANDOM_LP_06_SYNTHETIC_0462
RANDOM_LP_06_SYNTHETIC_STU03150,RANDOM_LP_06_SYNTHETIC_0463
RANDOM_LP_06_SYNTHETIC_STU03150,RANDOM_LP_06_SYNTHETIC_0486
RANDOM_LP_06_SYNTHETIC_STU03151,RANDOM_LP_06_SYNTHETIC_0043
RANDOM_LP_06_SYNTHETIC_STU03151,RANDOM_LP_06_SYNTHETIC_0352
RANDOM_LP_06_SYNTHETIC_STU03151,RANDOM_LP_06_SYNTHETIC_0365
RANDOM_LP_06_SYNTHETIC_STU03151,RANDOM_LP_06_SYNTHETIC_0435
RANDOM_LP_06_SYNTHETIC_STU03152,RANDOM_LP_06_SYNTHETIC_0065
RANDOM_LP_06_SYNTHETIC_STU03152,RANDOM_LP_06_SYNTHETIC_0270
RANDOM_LP_06_SYNTHETIC_STU03152,RANDOM_LP_06_SYNTHETIC_0376
RANDOM_LP_06_SYNTHETIC_STU03153,RANDOM_LP_06_SYNTHETIC_0058
RANDOM_LP_06_SYNTHETIC_STU03153,RANDOM_LP_06_SYNTHETIC_0375
RANDOM_LP_06_SYNTHETIC_STU03153,RANDOM_LP_06_SYNTHETIC_0381
RANDOM_LP_06_SYNTHETIC_STU03153,RANDOM_LP_06_SYNTHETIC_0387
RANDOM_LP_06_SYNTHETIC_STU03154,RANDOM_LP_06_SYNTHETIC_0447
RANDOM_LP_06_SYNTHETIC_STU03155,RANDOM_LP_06_SYNTHETIC_0010
RANDOM_LP_06_SYNTHETIC_STU03156,RANDOM_LP_06_SYNTHETIC_0004
RANDOM_LP_06_SYNTHETIC_STU03156,RANDOM_LP_06_SYNTHETIC_0106
RANDOM_LP_06_SYNTHETIC_STU03156,RANDOM_LP_06_SYNTHETIC_0230
RANDOM_LP_06_SYNTHETIC_STU03156,RANDOM_LP_06_SYNTHETIC_0330
RANDOM_LP_06_SYNTHETIC_STU03157,RANDOM_LP_06_SYNTHETIC_0082
RANDOM_LP_06_SYNTHETIC_STU03157,RANDOM_LP_06_SYNTHETIC_0370
RANDOM_LP_06_SYNTHETIC_STU03158,RANDOM_LP_06_SYNTHETIC_0400
RANDOM_LP_06_SYNTHETIC_STU03158,RANDOM_LP_06_SYNTHETIC_0448
RANDOM_LP_06_SYNTHETIC_STU03158,RANDOM_LP_06_SYNTHETIC_0491
RANDOM_LP_06_SYNTHETIC_STU03159,RANDOM_LP_06_SYNTHETIC_0307
RANDOM_LP_06_SYNTHETIC_STU03159,RANDOM_LP_06_SYNTHETIC_0472
RANDOM_LP_06_SYNTHETIC_STU03160,RANDOM_LP_06_SYNTHETIC_0144
RANDOM_LP_06_SYNTHETIC_STU03161,RANDOM_LP_06_SYNTHETIC_0021
RANDOM_LP_06_SYNTHETIC_STU03161,RANDOM_LP_06_SYNTHETIC_0388
RANDOM_LP_06_SYNTHETIC_STU03161,RANDOM_LP_06_SYNTHETIC_0479
RANDOM_LP_06_SYNTHETIC_STU03161,RANDOM_LP_06_SYNTHETIC_0497
RANDOM_LP_06_SYNTHETIC_STU03162,RANDOM_LP_06_SYNTHETIC_0149
RANDOM_LP_06_SYNTHETIC_STU03162,RANDOM_LP_06_SYNTHETIC_0404
RANDOM_LP_06_SYNTHETIC_STU03163,RANDOM_LP_06_SYNTHETIC_0065
RANDOM_LP_06_SYNTHETIC_STU03163,RANDOM_LP_06_SYNTHETIC_0178
RANDOM_LP_06_SYNTHETIC_STU03163,RANDOM_LP_06_SYNTHETIC_0329
RANDOM_LP_06_SYNTHETIC_STU03163,RANDOM_LP_06_SYNTHETIC_0380
RANDOM_LP_06_SYNTHETIC_STU03163,RANDOM_LP_06_SYNTHETIC_0451
RANDOM_LP_06_SYNTHETIC_STU03164,RANDOM_LP_06_SYNTHETIC_0009
RANDOM_LP_06_SYNTHETIC_STU03164,RANDOM_LP_06_SYNTHETIC_0191
RANDOM_LP_06_SYNTHETIC_STU03164,RANDOM_LP_06_SYNTHETIC_0202
RANDOM_LP_06_SYNTHETIC_STU03164,RANDOM_LP_06_SYNTHETIC_0329
RANDOM_LP_06_SYNTHETIC_STU03164,RANDOM_LP_06_SYNTHETIC_0390
RANDOM_LP_06_SYNTHETIC_STU03164,RANDOM_LP_06_SYNTHETIC_0398
RANDOM_LP_06_SYNTHETIC_STU03165,RANDOM_LP_06_SYNTHETIC_0122
RANDOM_LP_06_SYNTHETIC_STU03165,RANDOM_LP_06_SYNTHETIC_0137
RANDOM_LP_06_SYNTHETIC_STU03165,RANDOM_LP_06_SYNTHETIC_0347
RANDOM_LP_06_SYNTHETIC_STU03166,RANDOM_LP_06_SYNTHETIC_0130
RANDOM_LP_06_SYNTHETIC_STU03166,RANDOM_LP_06_SYNTHETIC_0182
RANDOM_LP_06_SYNTHETIC_STU03167,RANDOM_LP_06_SYNTHETIC_0069
RANDOM_LP_06_SYNTHETIC_STU03167,RANDOM_LP_06_SYNTHETIC_0274
RANDOM_LP_06_SYNTHETIC_STU03167,RANDOM_LP_06_SYNTHETIC_0423
RANDOM_LP_06_SYNTHETIC_STU03168,RANDOM_LP_06_SYNTHETIC_0120
RANDOM_LP_06_SYNTHETIC_STU03168,RANDOM_LP_06_SYNTHETIC_0164
RANDOM_LP_06_SYNTHETIC_STU03168,RANDOM_LP_06_SYNTHETIC_0296
RANDOM_LP_06_SYNTHETIC_STU03169,RANDOM_LP_06_SYNTHETIC_0135
RANDOM_LP_06_SYNTHETIC_STU03169,RANDOM_LP_06_SYNTHETIC_0241
RANDOM_LP_06_SYNTHETIC_STU03169,RANDOM_LP_06_SYNTHETIC_0481
RANDOM_LP_06_SYNTHETIC_STU03169,RANDOM_LP_06_SYNTHETIC_0492
RANDOM_LP_06_SYNTHETIC_STU03170,RANDOM_LP_06_SYNTHETIC_0090
RANDOM_LP_06_SYNTHETIC_STU03170,RANDOM_LP_06_SYNTHETIC_0388
RANDOM_LP_06_SYNTHETIC_STU03171,RANDOM_LP_06_SYNTHETIC_0062
RANDOM_LP_06_SYNTHETIC_STU03171,RANDOM_LP_06_SYNTHETIC_0237
RANDOM_LP_06_SYNTHETIC_STU03171,RANDOM_LP_06_SYNTHETIC_0239
RANDOM_LP_06_SYNTHETIC_STU03171,RANDOM_LP_06_SYNTHETIC_0293
RANDOM_LP_06_SYNTHETIC_STU03171,RANDOM_LP_06_SYNTHETIC_0438
RANDOM_LP_06_SYNTHETIC_STU03171,RANDOM_LP_06_SYNTHETIC_0444
RANDOM_LP_06_SYNTHETIC_STU03171,RANDOM_LP_06_SYNTHETIC_0490
RANDOM_LP_06_SYNTHETIC_STU03172,RANDOM_LP_06_SYNTHETIC_0025
RANDOM_LP_06_SYNTHETIC_STU03172,RANDOM_LP_06_SYNTHETIC_0074
RANDOM_LP_06_SYNTHETIC_STU03172,RANDOM_LP_06_SYNTHETIC_0303
RANDOM_LP_06_SYNTHETIC_STU03173,RANDOM_LP_06_SYNTHETIC_0096
RANDOM_LP_06_SYNTHETIC_STU03173,RANDOM_LP_06_SYNTHETIC_0316
RANDOM_LP_06_SYNTHETIC_STU03174,RANDOM_LP_06_SYNTHETIC_0013
RANDOM_LP_06_SYNTHETIC_STU03174,RANDOM_LP_06_SYNTHETIC_0201
RANDOM_LP_06_SYNTHETIC_STU03174,RANDOM_LP_06_SYNTHETIC_0305
RANDOM_LP_06_SYNTHETIC_STU03174,RANDOM_LP_06_SYNTHETIC_0327
RANDOM_LP_06_SYNTHETIC_STU03175,RANDOM_LP_06_SYNTHETIC_0045
RANDOM_LP_06_SYNTHETIC_STU03175,RANDOM_LP_06_SYNTHETIC_0456
RANDOM_LP_06_SYNTHETIC_STU03176,RANDOM_LP_06_SYNTHETIC_0275
RANDOM_LP_06_SYNTHETIC_STU03176,RANDOM_LP_06_SYNTHETIC_0419
RANDOM_LP_06_SYNTHETIC_STU03177,RANDOM_LP_06_SYNTHETIC_0022
RANDOM_LP_06_SYNTHETIC_STU03177,RANDOM_LP_06_SYNTHETIC_0157
RANDOM_LP_06_SYNTHETIC_STU03177,RANDOM_LP_06_SYNTHETIC_0198
RANDOM_LP_06_SYNTHETIC_STU03177,RANDOM_LP_06_SYNTHETIC_0268
RANDOM_LP_06_SYNTHETIC_STU03177,RANDOM_LP_06_SYNTHETIC_0470
RANDOM_LP_06_SYNTHETIC_STU03178,RANDOM_LP_06_SYNTHETIC_0231
RANDOM_LP_06_SYNTHETIC_STU03178,RANDOM_LP_06_SYNTHETIC_0294
RANDOM_LP_06_SYNTHETIC_STU03179,RANDOM_LP_06_SYNTHETIC_0252
RANDOM_LP_06_SYNTHETIC_STU03179,RANDOM_LP_06_SYNTHETIC_0452
RANDOM_LP_06_SYNTHETIC_STU03180,RANDOM_LP_06_SYNTHETIC_0066
RANDOM_LP_06_SYNTHETIC_STU03181,RANDOM_LP_06_SYNTHETIC_0081
RANDOM_LP_06_SYNTHETIC_STU03182,RANDOM_LP_06_SYNTHETIC_0040
RANDOM_LP_06_SYNTHETIC_STU03183,RANDOM_LP_06_SYNTHETIC_0163
RANDOM_LP_06_SYNTHETIC_STU03184,RANDOM_LP_06_SYNTHETIC_0065
RANDOM_LP_06_SYNTHETIC_STU03184,RANDOM_LP_06_SYNTHETIC_0206
RANDOM_LP_06_SYNTHETIC_STU03185,RANDOM_LP_06_SYNTHETIC_0156
RANDOM_LP_06_SYNTHETIC_STU03185,RANDOM_LP_06_SYNTHETIC_0303
RANDOM_LP_06_SYNTHETIC_STU03185,RANDOM_LP_06_SYNTHETIC_0445
RANDOM_LP_06_SYNTHETIC_STU03185,RANDOM_LP_06_SYNTHETIC_0497
RANDOM_LP_06_SYNTHETIC_STU03186,RANDOM_LP_06_SYNTHETIC_0039
RANDOM_LP_06_SYNTHETIC_STU03186,RANDOM_LP_06_SYNTHETIC_0320
RANDOM_LP_06_SYNTHETIC_STU03186,RANDOM_LP_06_SYNTHETIC_0334
RANDOM_LP_06_SYNTHETIC_STU03187,RANDOM_LP_06_SYNTHETIC_0062
RANDOM_LP_06_SYNTHETIC_STU03187,RANDOM_LP_06_SYNTHETIC_0201
RANDOM_LP_06_SYNTHETIC_STU03188,RANDOM_LP_06_SYNTHETIC_0037
RANDOM_LP_06_SYNTHETIC_STU03188,RANDOM_LP_06_SYNTHETIC_0211
RANDOM_LP_06_SYNTHETIC_STU03189,RANDOM_LP_06_SYNTHETIC_0182
RANDOM_LP_06_SYNTHETIC_STU03190,RANDOM_LP_06_SYNTHETIC_0332
RANDOM_LP_06_SYNTHETIC_STU03191,RANDOM_LP_06_SYNTHETIC_0149
RANDOM_LP_06_SYNTHETIC_STU03191,RANDOM_LP_06_SYNTHETIC_0237
RANDOM_LP_06_SYNTHETIC_STU03191,RANDOM_LP_06_SYNTHETIC_0332
RANDOM_LP_06_SYNTHETIC_STU03191,RANDOM_LP_06_SYNTHETIC_0491
RANDOM_LP_06_SYNTHETIC_STU03192,RANDOM_LP_06_SYNTHETIC_0013
RANDOM_LP_06_SYNTHETIC_STU03192,RANDOM_LP_06_SYNTHETIC_0079
RANDOM_LP_06_SYNTHETIC_STU03192,RANDOM_LP_06_SYNTHETIC_0126
RANDOM_LP_06_SYNTHETIC_STU03192,RANDOM_LP_06_SYNTHETIC_0137
RANDOM_LP_06_SYNTHETIC_STU03192,RANDOM_LP_06_SYNTHETIC_0295
RANDOM_LP_06_SYNTHETIC_STU03193,RANDOM_LP_06_SYNTHETIC_0006
RANDOM_LP_06_SYNTHETIC_STU03193,RANDOM_LP_06_SYNTHETIC_0028
RANDOM_LP_06_SYNTHETIC_STU03193,RANDOM_LP_06_SYNTHETIC_0120
RANDOM_LP_06_SYNTHETIC_STU03193,RANDOM_LP_06_SYNTHETIC_0253
RANDOM_LP_06_SYNTHETIC_STU03194,RANDOM_LP_06_SYNTHETIC_0079
RANDOM_LP_06_SYNTHETIC_STU03194,RANDOM_LP_06_SYNTHETIC_0181
RANDOM_LP_06_SYNTHETIC_STU03195,RANDOM_LP_06_SYNTHETIC_0164
RANDOM_LP_06_SYNTHETIC_STU03195,RANDOM_LP_06_SYNTHETIC_0341
RANDOM_LP_06_SYNTHETIC_STU03195,RANDOM_LP_06_SYNTHETIC_0353
RANDOM_LP_06_SYNTHETIC_STU03195,RANDOM_LP_06_SYNTHETIC_0421
RANDOM_LP_06_SYNTHETIC_STU03195,RANDOM_LP_06_SYNTHETIC_0475
RANDOM_LP_06_SYNTHETIC_STU03196,RANDOM_LP_06_SYNTHETIC_0072
RANDOM_LP_06_SYNTHETIC_STU03196,RANDOM_LP_06_SYNTHETIC_0079
RANDOM_LP_06_SYNTHETIC_STU03196,RANDOM_LP_06_SYNTHETIC_0083
RANDOM_LP_06_SYNTHETIC_STU03196,RANDOM_LP_06_SYNTHETIC_0181
RANDOM_LP_06_SYNTHETIC_STU03196,RANDOM_LP_06_SYNTHETIC_0206
RANDOM_LP_06_SYNTHETIC_STU03196,RANDOM_LP_06_SYNTHETIC_0387
RANDOM_LP_06_SYNTHETIC_STU03196,RANDOM_LP_06_SYNTHETIC_0401
RANDOM_LP_06_SYNTHETIC_STU03196,RANDOM_LP_06_SYNTHETIC_0457
RANDOM_LP_06_SYNTHETIC_STU03196,RANDOM_LP_06_SYNTHETIC_0458
RANDOM_LP_06_SYNTHETIC_STU03196,RANDOM_LP_06_SYNTHETIC_0497
RANDOM_LP_06_SYNTHETIC_STU03197,RANDOM_LP_06_SYNTHETIC_0029
RANDOM_LP_06_SYNTHETIC_STU03197,RANDOM_LP_06_SYNTHETIC_0316
RANDOM_LP_06_SYNTHETIC_STU03197,RANDOM_LP_06_SYNTHETIC_0452
RANDOM_LP_06_SYNTHETIC_STU03198,RANDOM_LP_06_SYNTHETIC_0083
RANDOM_LP_06_SYNTHETIC_STU03198,RANDOM_LP_06_SYNTHETIC_0204
RANDOM_LP_06_SYNTHETIC_STU03198,RANDOM_LP_06_SYNTHETIC_0277
RANDOM_LP_06_SYNTHETIC_STU03198,RANDOM_LP_06_SYNTHETIC_0489
RANDOM_LP_06_SYNTHETIC_STU03199,RANDOM_LP_06_SYNTHETIC_0330
RANDOM_LP_06_SYNTHETIC_STU03199,RANDOM_LP_06_SYNTHETIC_0368
RANDOM_LP_06_SYNTHETIC_STU03199,RANDOM_LP_06_SYNTHETIC_0429
RANDOM_LP_06_SYNTHETIC_STU03200,RANDOM_LP_06_SYNTHETIC_0038
RANDOM_LP_06_SYNTHETIC_STU03201,RANDOM_LP_06_SYNTHETIC_0294
RANDOM_LP_06_SYNTHETIC_STU03201,RANDOM_LP_06_SYNTHETIC_0422
RANDOM_LP_06_SYNTHETIC_STU03201,RANDOM_LP_06_SYNTHETIC_0452
RANDOM_LP_06_SYNTHETIC_STU03202,RANDOM_LP_06_SYNTHETIC_0080
RANDOM_LP_06_SYNTHETIC_STU03202,RANDOM_LP_06_SYNTHETIC_0127
RANDOM_LP_06_SYNTHETIC_STU03202,RANDOM_LP_06_SYNTHETIC_0135
RANDOM_LP_06_SYNTHETIC_STU03202,RANDOM_LP_06_SYNTHETIC_0248
RANDOM_LP_06_SYNTHETIC_STU03202,RANDOM_LP_06_SYNTHETIC_0357
RANDOM_LP_06_SYNTHETIC_STU03203,RANDOM_LP_06_SYNTHETIC_0067
RANDOM_LP_06_SYNTHETIC_STU03203,RANDOM_LP_06_SYNTHETIC_0148
RANDOM_LP_06_SYNTHETIC_STU03203,RANDOM_LP_06_SYNTHETIC_0366
RANDOM_LP_06_SYNTHETIC_STU03204,RANDOM_LP_06_SYNTHETIC_0027
RANDOM_LP_06_SYNTHETIC_STU03204,RANDOM_LP_06_SYNTHETIC_0066
RANDOM_LP_06_SYNTHETIC_STU03205,RANDOM_LP_06_SYNTHETIC_0032
RANDOM_LP_06_SYNTHETIC_STU03205,RANDOM_LP_06_SYNTHETIC_0401
RANDOM_LP_06_SYNTHETIC_STU03206,RANDOM_LP_06_SYNTHETIC_0014
RANDOM_LP_06_SYNTHETIC_STU03206,RANDOM_LP_06_SYNTHETIC_0163
RANDOM_LP_06_SYNTHETIC_STU03206,RANDOM_LP_06_SYNTHETIC_0285
RANDOM_LP_06_SYNTHETIC_STU03206,RANDOM_LP_06_SYNTHETIC_0372
RANDOM_LP_06_SYNTHETIC_STU03207,RANDOM_LP_06_SYNTHETIC_0098
RANDOM_LP_06_SYNTHETIC_STU03207,RANDOM_LP_06_SYNTHETIC_0172
RANDOM_LP_06_SYNTHETIC_STU03207,RANDOM_LP_06_SYNTHETIC_0441
RANDOM_LP_06_SYNTHETIC_STU03207,RANDOM_LP_06_SYNTHETIC_0483
RANDOM_LP_06_SYNTHETIC_STU03208,RANDOM_LP_06_SYNTHETIC_0179
RANDOM_LP_06_SYNTHETIC_STU03209,RANDOM_LP_06_SYNTHETIC_0089
RANDOM_LP_06_SYNTHETIC_STU03209,RANDOM_LP_06_SYNTHETIC_0249
RANDOM_LP_06_SYNTHETIC_STU03209,RANDOM_LP_06_SYNTHETIC_0295
RANDOM_LP_06_SYNTHETIC_STU03209,RANDOM_LP_06_SYNTHETIC_0371
RANDOM_LP_06_SYNTHETIC_STU03209,RANDOM_LP_06_SYNTHETIC_0436
RANDOM_LP_06_SYNTHETIC_STU03210,RANDOM_LP_06_SYNTHETIC_0059
RANDOM_LP_06_SYNTHETIC_STU03210,RANDOM_LP_06_SYNTHETIC_0164
RANDOM_LP_06_SYNTHETIC_STU03210,RANDOM_LP_06_SYNTHETIC_0422
RANDOM_LP_06_SYNTHETIC_STU03211,RANDOM_LP_06_SYNTHETIC_0137
RANDOM_LP_06_SYNTHETIC_STU03211,RANDOM_LP_06_SYNTHETIC_0406
RANDOM_LP_06_SYNTHETIC_STU03211,RANDOM_LP_06_SYNTHETIC_0428
RANDOM_LP_06_SYNTHETIC_STU03212,RANDOM_LP_06_SYNTHETIC_0056
RANDOM_LP_06_SYNTHETIC_STU03212,RANDOM_LP_06_SYNTHETIC_0307
RANDOM_LP_06_SYNTHETIC_STU03212,RANDOM_LP_06_SYNTHETIC_0443
RANDOM_LP_06_SYNTHETIC_STU03212,RANDOM_LP_06_SYNTHETIC_0449
RANDOM_LP_06_SYNTHETIC_STU03213,RANDOM_LP_06_SYNTHETIC_0172
RANDOM_LP_06_SYNTHETIC_STU03213,RANDOM_LP_06_SYNTHETIC_0273
RANDOM_LP_06_SYNTHETIC_STU03213,RANDOM_LP_06_SYNTHETIC_0438
RANDOM_LP_06_SYNTHETIC_STU03214,RANDOM_LP_06_SYNTHETIC_0044
RANDOM_LP_06_SYNTHETIC_STU03214,RANDOM_LP_06_SYNTHETIC_0079
RANDOM_LP_06_SYNTHETIC_STU03214,RANDOM_LP_06_SYNTHETIC_0178
RANDOM_LP_06_SYNTHETIC_STU03214,RANDOM_LP_06_SYNTHETIC_0221
RANDOM_LP_06_SYNTHETIC_STU03214,RANDOM_LP_06_SYNTHETIC_0292
RANDOM_LP_06_SYNTHETIC_STU03214,RANDOM_LP_06_SYNTHETIC_0398
RANDOM_LP_06_SYNTHETIC_STU03214,RANDOM_LP_06_SYNTHETIC_0492
RANDOM_LP_06_SYNTHETIC_STU03215,RANDOM_LP_06_SYNTHETIC_0225
RANDOM_LP_06_SYNTHETIC_STU03215,RANDOM_LP_06_SYNTHETIC_0371
RANDOM_LP_06_SYNTHETIC_STU03215,RANDOM_LP_06_SYNTHETIC_0449
RANDOM_LP_06_SYNTHETIC_STU03215,RANDOM_LP_06_SYNTHETIC_0492
RANDOM_LP_06_SYNTHETIC_STU03216,RANDOM_LP_06_SYNTHETIC_0324
RANDOM_LP_06_SYNTHETIC_STU03216,RANDOM_LP_06_SYNTHETIC_0391
RANDOM_LP_06_SYNTHETIC_STU03216,RANDOM_LP_06_SYNTHETIC_0478
RANDOM_LP_06_SYNTHETIC_STU03217,RANDOM_LP_06_SYNTHETIC_0025
RANDOM_LP_06_SYNTHETIC_STU03217,RANDOM_LP_06_SYNTHETIC_0351
RANDOM_LP_06_SYNTHETIC_STU03217,RANDOM_LP_06_SYNTHETIC_0410
RANDOM_LP_06_SYNTHETIC_STU03217,RANDOM_LP_06_SYNTHETIC_0497
RANDOM_LP_06_SYNTHETIC_STU03218,RANDOM_LP_06_SYNTHETIC_0082
RANDOM_LP_06_SYNTHETIC_STU03218,RANDOM_LP_06_SYNTHETIC_0145
RANDOM_LP_06_SYNTHETIC_STU03218,RANDOM_LP_06_SYNTHETIC_0382
RANDOM_LP_06_SYNTHETIC_STU03218,RANDOM_LP_06_SYNTHETIC_0466
RANDOM_LP_06_SYNTHETIC_STU03219,RANDOM_LP_06_SYNTHETIC_0073
RANDOM_LP_06_SYNTHETIC_STU03219,RANDOM_LP_06_SYNTHETIC_0202
RANDOM_LP_06_SYNTHETIC_STU03219,RANDOM_LP_06_SYNTHETIC_0365
RANDOM_LP_06_SYNTHETIC_STU03220,RANDOM_LP_06_SYNTHETIC_0279
RANDOM_LP_06_SYNTHETIC_STU03220,RANDOM_LP_06_SYNTHETIC_0365
RANDOM_LP_06_SYNTHETIC_STU03220,RANDOM_LP_06_SYNTHETIC_0423
RANDOM_LP_06_SYNTHETIC_STU03221,RANDOM_LP_06_SYNTHETIC_0351
RANDOM_LP_06_SYNTHETIC_STU03221,RANDOM_LP_06_SYNTHETIC_0489
RANDOM_LP_06_SYNTHETIC_STU03222,RANDOM_LP_06_SYNTHETIC_0205
RANDOM_LP_06_SYNTHETIC_STU03222,RANDOM_LP_06_SYNTHETIC_0424
RANDOM_LP_06_SYNTHETIC_STU03223,RANDOM_LP_06_SYNTHETIC_0312
RANDOM_LP_06_SYNTHETIC_STU03223,RANDOM_LP_06_SYNTHETIC_0422
RANDOM_LP_06_SYNTHETIC_STU03223,RANDOM_LP_06_SYNTHETIC_0474
RANDOM_LP_06_SYNTHETIC_STU03224,RANDOM_LP_06_SYNTHETIC_0343
RANDOM_LP_06_SYNTHETIC_STU03225,RANDOM_LP_06_SYNTHETIC_0016
RANDOM_LP_06_SYNTHETIC_STU03225,RANDOM_LP_06_SYNTHETIC_0184
RANDOM_LP_06_SYNTHETIC_STU03225,RANDOM_LP_06_SYNTHETIC_0223
RANDOM_LP_06_SYNTHETIC_STU03225,RANDOM_LP_06_SYNTHETIC_0271
RANDOM_LP_06_SYNTHETIC_STU03225,RANDOM_LP_06_SYNTHETIC_0463
RANDOM_LP_06_SYNTHETIC_STU03226,RANDOM_LP_06_SYNTHETIC_0108
RANDOM_LP_06_SYNTHETIC_STU03226,RANDOM_LP_06_SYNTHETIC_0280
RANDOM_LP_06_SYNTHETIC_STU03227,RANDOM_LP_06_SYNTHETIC_0314
RANDOM_LP_06_SYNTHETIC_STU03227,RANDOM_LP_06_SYNTHETIC_0346
RANDOM_LP_06_SYNTHETIC_STU03227,RANDOM_LP_06_SYNTHETIC_0441
RANDOM_LP_06_SYNTHETIC_STU03228,RANDOM_LP_06_SYNTHETIC_0306
RANDOM_LP_06_SYNTHETIC_STU03228,RANDOM_LP_06_SYNTHETIC_0328
RANDOM_LP_06_SYNTHETIC_STU03229,RANDOM_LP_06_SYNTHETIC_0280
RANDOM_LP_06_SYNTHETIC_STU03229,RANDOM_LP_06_SYNTHETIC_0381
RANDOM_LP_06_SYNTHETIC_STU03229,RANDOM_LP_06_SYNTHETIC_0454
RANDOM_LP_06_SYNTHETIC_STU03230,RANDOM_LP_06_SYNTHETIC_0075
RANDOM_LP_06_SYNTHETIC_STU03230,RANDOM_LP_06_SYNTHETIC_0476
RANDOM_LP_06_SYNTHETIC_STU03231,RANDOM_LP_06_SYNTHETIC_0013
RANDOM_LP_06_SYNTHETIC_STU03231,RANDOM_LP_06_SYNTHETIC_0346
RANDOM_LP_06_SYNTHETIC_STU03232,RANDOM_LP_06_SYNTHETIC_0291
RANDOM_LP_06_SYNTHETIC_STU03233,RANDOM_LP_06_SYNTHETIC_0279
RANDOM_LP_06_SYNTHETIC_STU03234,RANDOM_LP_06_SYNTHETIC_0005
RANDOM_LP_06_SYNTHETIC_STU03234,RANDOM_LP_06_SYNTHETIC_0057
RANDOM_LP_06_SYNTHETIC_STU03234,RANDOM_LP_06_SYNTHETIC_0074
RANDOM_LP_06_SYNTHETIC_STU03234,RANDOM_LP_06_SYNTHETIC_0153
RANDOM_LP_06_SYNTHETIC_STU03234,RANDOM_LP_06_SYNTHETIC_0157
RANDOM_LP_06_SYNTHETIC_STU03235,RANDOM_LP_06_SYNTHETIC_0261
RANDOM_LP_06_SYNTHETIC_STU03235,RANDOM_LP_06_SYNTHETIC_0326
RANDOM_LP_06_SYNTHETIC_STU03236,RANDOM_LP_06_SYNTHETIC_0096
RANDOM_LP_06_SYNTHETIC_STU03236,RANDOM_LP_06_SYNTHETIC_0110
RANDOM_LP_06_SYNTHETIC_STU03237,RANDOM_LP_06_SYNTHETIC_0023
RANDOM_LP_06_SYNTHETIC_STU03237,RANDOM_LP_06_SYNTHETIC_0116
RANDOM_LP_06_SYNTHETIC_STU03237,RANDOM_LP_06_SYNTHETIC_0196
RANDOM_LP_06_SYNTHETIC_STU03238,RANDOM_LP_06_SYNTHETIC_0004
RANDOM_LP_06_SYNTHETIC_STU03238,RANDOM_LP_06_SYNTHETIC_0442
RANDOM_LP_06_SYNTHETIC_STU03239,RANDOM_LP_06_SYNTHETIC_0210
RANDOM_LP_06_SYNTHETIC_STU03239,RANDOM_LP_06_SYNTHETIC_0318
RANDOM_LP_06_SYNTHETIC_STU03240,RANDOM_LP_06_SYNTHETIC_0143
RANDOM_LP_06_SYNTHETIC_STU03240,RANDOM_LP_06_SYNTHETIC_0223
RANDOM_LP_06_SYNTHETIC_STU03240,RANDOM_LP_06_SYNTHETIC_0242
RANDOM_LP_06_SYNTHETIC_STU03240,RANDOM_LP_06_SYNTHETIC_0348
RANDOM_LP_06_SYNTHETIC_STU03241,RANDOM_LP_06_SYNTHETIC_0203
RANDOM_LP_06_SYNTHETIC_STU03241,RANDOM_LP_06_SYNTHETIC_0254
RANDOM_LP_06_SYNTHETIC_STU03241,RANDOM_LP_06_SYNTHETIC_0393
RANDOM_LP_06_SYNTHETIC_STU03242,RANDOM_LP_06_SYNTHETIC_0008
RANDOM_LP_06_SYNTHETIC_STU03242,RANDOM_LP_06_SYNTHETIC_0022
RANDOM_LP_06_SYNTHETIC_STU03242,RANDOM_LP_06_SYNTHETIC_0143
RANDOM_LP_06_SYNTHETIC_STU03242,RANDOM_LP_06_SYNTHETIC_0389
RANDOM_LP_06_SYNTHETIC_STU03242,RANDOM_LP_06_SYNTHETIC_0497
RANDOM_LP_06_SYNTHETIC_STU03243,RANDOM_LP_06_SYNTHETIC_0004
RANDOM_LP_06_SYNTHETIC_STU03243,RANDOM_LP_06_SYNTHETIC_0107
RANDOM_LP_06_SYNTHETIC_STU03243,RANDOM_LP_06_SYNTHETIC_0122
RANDOM_LP_06_SYNTHETIC_STU03243,RANDOM_LP_06_SYNTHETIC_0443
RANDOM_LP_06_SYNTHETIC_STU03244,RANDOM_LP_06_SYNTHETIC_0401
RANDOM_LP_06_SYNTHETIC_STU03244,RANDOM_LP_06_SYNTHETIC_0463
RANDOM_LP_06_SYNTHETIC_STU03245,RANDOM_LP_06_SYNTHETIC_0218
RANDOM_LP_06_SYNTHETIC_STU03245,RANDOM_LP_06_SYNTHETIC_0254
RANDOM_LP_06_SYNTHETIC_STU03246,RANDOM_LP_06_SYNTHETIC_0318
RANDOM_LP_06_SYNTHETIC_STU03247,RANDOM_LP_06_SYNTHETIC_0018
RANDOM_LP_06_SYNTHETIC_STU03247,RANDOM_LP_06_SYNTHETIC_0116
RANDOM_LP_06_SYNTHETIC_STU03247,RANDOM_LP_06_SYNTHETIC_0216
RANDOM_LP_06_SYNTHETIC_STU03247,RANDOM_LP_06_SYNTHETIC_0307
RANDOM_LP_06_SYNTHETIC_STU03247,RANDOM_LP_06_SYNTHETIC_0398
RANDOM_LP_06_SYNTHETIC_STU03248,RANDOM_LP_06_SYNTHETIC_0195
RANDOM_LP_06_SYNTHETIC_STU03248,RANDOM_LP_06_SYNTHETIC_0242
RANDOM_LP_06_SYNTHETIC_STU03248,RANDOM_LP_06_SYNTHETIC_0361
RANDOM_LP_06_SYNTHETIC_STU03248,RANDOM_LP_06_SYNTHETIC_0429
RANDOM_LP_06_SYNTHETIC_STU03249,RANDOM_LP_06_SYNTHETIC_0107
RANDOM_LP_06_SYNTHETIC_STU03249,RANDOM_LP_06_SYNTHETIC_0251
RANDOM_LP_06_SYNTHETIC_STU03250,RANDOM_LP_06_SYNTHETIC_0334
RANDOM_LP_06_SYNTHETIC_STU03250,RANDOM_LP_06_SYNTHETIC_0344
RANDOM_LP_06_SYNTHETIC_STU03251,RANDOM_LP_06_SYNTHETIC_0231
RANDOM_LP_06_SYNTHETIC_STU03251,RANDOM_LP_06_SYNTHETIC_0285
RANDOM_LP_06_SYNTHETIC_STU03252,RANDOM_LP_06_SYNTHETIC_0079
RANDOM_LP_06_SYNTHETIC_STU03252,RANDOM_LP_06_SYNTHETIC_0140
RANDOM_LP_06_SYNTHETIC_STU03252,RANDOM_LP_06_SYNTHETIC_0287
RANDOM_LP_06_SYNTHETIC_STU03252,RANDOM_LP_06_SYNTHETIC_0427
RANDOM_LP_06_SYNTHETIC_STU03252,RANDOM_LP_06_SYNTHETIC_0463
RANDOM_LP_06_SYNTHETIC_STU03253,RANDOM_LP_06_SYNTHETIC_0029
RANDOM_LP_06_SYNTHETIC_STU03253,RANDOM_LP_06_SYNTHETIC_0221
RANDOM_LP_06_SYNTHETIC_STU03253,RANDOM_LP_06_SYNTHETIC_0275
RANDOM_LP_06_SYNTHETIC_STU03253,RANDOM_LP_06_SYNTHETIC_0383
RANDOM_LP_06_SYNTHETIC_STU03254,RANDOM_LP_06_SYNTHETIC_0486
RANDOM_LP_06_SYNTHETIC_STU03255,RANDOM_LP_06_SYNTHETIC_0017
RANDOM_LP_06_SYNTHETIC_STU03255,RANDOM_LP_06_SYNTHETIC_0067
RANDOM_LP_06_SYNTHETIC_STU03255,RANDOM_LP_06_SYNTHETIC_0220
RANDOM_LP_06_SYNTHETIC_STU03255,RANDOM_LP_06_SYNTHETIC_0359
RANDOM_LP_06_SYNTHETIC_STU03256,RANDOM_LP_06_SYNTHETIC_0022
RANDOM_LP_06_SYNTHETIC_STU03256,RANDOM_LP_06_SYNTHETIC_0050
RANDOM_LP_06_SYNTHETIC_STU03257,RANDOM_LP_06_SYNTHETIC_0078
RANDOM_LP_06_SYNTHETIC_STU03257,RANDOM_LP_06_SYNTHETIC_0239
RANDOM_LP_06_SYNTHETIC_STU03258,RANDOM_LP_06_SYNTHETIC_0192
RANDOM_LP_06_SYNTHETIC_STU03258,RANDOM_LP_06_SYNTHETIC_0325
RANDOM_LP_06_SYNTHETIC_STU03259,RANDOM_LP_06_SYNTHETIC_0061
RANDOM_LP_06_SYNTHETIC_STU03259,RANDOM_LP_06_SYNTHETIC_0352
RANDOM_LP_06_SYNTHETIC_STU03260,RANDOM_LP_06_SYNTHETIC_0066
RANDOM_LP_06_SYNTHETIC_STU03260,RANDOM_LP_06_SYNTHETIC_0381
RANDOM_LP_06_SYNTHETIC_STU03261,RANDOM_LP_06_SYNTHETIC_0089
RANDOM_LP_06_SYNTHETIC_STU03261,RANDOM_LP_06_SYNTHETIC_0271
RANDOM_LP_06_SYNTHETIC_STU03261,RANDOM_LP_06_SYNTHETIC_0282
RANDOM_LP_06_SYNTHETIC_STU03262,RANDOM_LP_06_SYNTHETIC_0496
RANDOM_LP_06_SYNTHETIC_STU03263,RANDOM_LP_06_SYNTHETIC_0023
RANDOM_LP_06_SYNTHETIC_STU03263,RANDOM_LP_06_SYNTHETIC_0079
RANDOM_LP_06_SYNTHETIC_STU03263,RANDOM_LP_06_SYNTHETIC_0379
RANDOM_LP_06_SYNTHETIC_STU03263,RANDOM_LP_06_SYNTHETIC_0469
RANDOM_LP_06_SYNTHETIC_STU03263,RANDOM_LP_06_SYNTHETIC_0497
RANDOM_LP_06_SYNTHETIC_STU03264,RANDOM_LP_06_SYNTHETIC_0107
RANDOM_LP_06_SYNTHETIC_STU03264,RANDOM_LP_06_SYNTHETIC_0188
RANDOM_LP_06_SYNTHETIC_STU03265,RANDOM_LP_06_SYNTHETIC_0099
RANDOM_LP_06_SYNTHETIC_STU03266,RANDOM_LP_06_SYNTHETIC_0079
RANDOM_LP_06_SYNTHETIC_STU03266,RANDOM_LP_06_SYNTHETIC_0298
RANDOM_LP_06_SYNTHETIC_STU03266,RANDOM_LP_06_SYNTHETIC_0440
RANDOM_LP_06_SYNTHETIC_STU03266,RANDOM_LP_06_SYNTHETIC_0479
RANDOM_LP_06_SYNTHETIC_STU03267,RANDOM_LP_06_SYNTHETIC_0120
RANDOM_LP_06_SYNTHETIC_STU03267,RANDOM_LP_06_SYNTHETIC_0146
RANDOM_LP_06_SYNTHETIC_STU03267,RANDOM_LP_06_SYNTHETIC_0453
RANDOM_LP_06_SYNTHETIC_STU03268,RANDOM_LP_06_SYNTHETIC_0210
RANDOM_LP_06_SYNTHETIC_STU03268,RANDOM_LP_06_SYNTHETIC_0345
RANDOM_LP_06_SYNTHETIC_STU03269,RANDOM_LP_06_SYNTHETIC_0079
RANDOM_LP_06_SYNTHETIC_STU03269,RANDOM_LP_06_SYNTHETIC_0101
RANDOM_LP_06_SYNTHETIC_STU03269,RANDOM_LP_06_SYNTHETIC_0158
RANDOM_LP_06_SYNTHETIC_STU03269,RANDOM_LP_06_SYNTHETIC_0376
RANDOM_LP_06_SYNTHETIC_STU03269,RANDOM_LP_06_SYNTHETIC_0392
RANDOM_LP_06_SYNTHETIC_STU03269,RANDOM_LP_06_SYNTHETIC_0432
RANDOM_LP_06_SYNTHETIC_STU03270,RANDOM_LP_06_SYNTHETIC_0328
RANDOM_LP_06_SYNTHETIC_STU03270,RANDOM_LP_06_SYNTHETIC_0422
RANDOM_LP_06_SYNTHETIC_STU03270,RANDOM_LP_06_SYNTHETIC_0456
RANDOM_LP_06_SYNTHETIC_STU03271,RANDOM_LP_06_SYNTHETIC_0016
RANDOM_LP_06_SYNTHETIC_STU03271,RANDOM_LP_06_SYNTHETIC_0257
RANDOM_LP_06_SYNTHETIC_STU03272,RANDOM_LP_06_SYNTHETIC_0392
RANDOM_LP_06_SYNTHETIC_STU03272,RANDOM_LP_06_SYNTHETIC_0475
RANDOM_LP_06_SYNTHETIC_STU03273,RANDOM_LP_06_SYNTHETIC_0155
RANDOM_LP_06_SYNTHETIC_STU03273,RANDOM_LP_06_SYNTHETIC_0214
RANDOM_LP_06_SYNTHETIC_STU03273,RANDOM_LP_06_SYNTHETIC_0231
RANDOM_LP_06_SYNTHETIC_STU03274,RANDOM_LP_06_SYNTHETIC_0254
RANDOM_LP_06_SYNTHETIC_STU03274,RANDOM_LP_06_SYNTHETIC_0476
RANDOM_LP_06_SYNTHETIC_STU03275,RANDOM_LP_06_SYNTHETIC_0416
RANDOM_LP_06_SYNTHETIC_STU03275,RANDOM_LP_06_SYNTHETIC_0472
RANDOM_LP_06_SYNTHETIC_STU03276,RANDOM_LP_06_SYNTHETIC_0022
RANDOM_LP_06_SYNTHETIC_STU03276,RANDOM_LP_06_SYNTHETIC_0104
RANDOM_LP_06_SYNTHETIC_STU03276,RANDOM_LP_06_SYNTHETIC_0167
RANDOM_LP_06_SYNTHETIC_STU03276,RANDOM_LP_06_SYNTHETIC_0170
RANDOM_LP_06_SYNTHETIC_STU03276,RANDOM_LP_06_SYNTHETIC_0473
RANDOM_LP_06_SYNTHETIC_STU03277,RANDOM_LP_06_SYNTHETIC_0112
RANDOM_LP_06_SYNTHETIC_STU03277,RANDOM_LP_06_SYNTHETIC_0114
RANDOM_LP_06_SYNTHETIC_STU03277,RANDOM_LP_06_SYNTHETIC_0143
RANDOM_LP_06_SYNTHETIC_STU03277,RANDOM_LP_06_SYNTHETIC_0275
RANDOM_LP_06_SYNTHETIC_STU03277,RANDOM_LP_06_SYNTHETIC_0496
RANDOM_LP_06_SYNTHETIC_STU03278,RANDOM_LP_06_SYNTHETIC_0477
RANDOM_LP_06_SYNTHETIC_STU03279,RANDOM_LP_06_SYNTHETIC_0040
RANDOM_LP_06_SYNTHETIC_STU03279,RANDOM_LP_06_SYNTHETIC_0046
RANDOM_LP_06_SYNTHETIC_STU03279,RANDOM_LP_06_SYNTHETIC_0123
RANDOM_LP_06_SYNTHETIC_STU03279,RANDOM_LP_06_SYNTHETIC_0418
RANDOM_LP_06_SYNTHETIC_STU03280,RANDOM_LP_06_SYNTHETIC_0070
RANDOM_LP_06_SYNTHETIC_STU03280,RANDOM_LP_06_SYNTHETIC_0079
RANDOM_LP_06_SYNTHETIC_STU03280,RANDOM_LP_06_SYNTHETIC_0193
RANDOM_LP_06_SYNTHETIC_STU03280,RANDOM_LP_06_SYNTHETIC_0389
RANDOM_LP_06_SYNTHETIC_STU03281,RANDOM_LP_06_SYNTHETIC_0022
RANDOM_LP_06_SYNTHETIC_STU03281,RANDOM_LP_06_SYNTHETIC_0146
RANDOM_LP_06_SYNTHETIC_STU03281,RANDOM_LP_06_SYNTHETIC_0329
RANDOM_LP_06_SYNTHETIC_STU03282,RANDOM_LP_06_SYNTHETIC_0079
RANDOM_LP_06_SYNTHETIC_STU03282,RANDOM_LP_06_SYNTHETIC_0281
RANDOM_LP_06_SYNTHETIC_STU03282,RANDOM_LP_06_SYNTHETIC_0326
RANDOM_LP_06_SYNTHETIC_STU03282,RANDOM_LP_06_SYNTHETIC_0451
RANDOM_LP_06_SYNTHETIC_STU03283,RANDOM_LP_06_SYNTHETIC_0291
RANDOM_LP_06_SYNTHETIC_STU03284,RANDOM_LP_06_SYNTHETIC_0343
RANDOM_LP_06_SYNTHETIC_STU03284,RANDOM_LP_06_SYNTHETIC_0355
RANDOM_LP_06_SYNTHETIC_STU03284,RANDOM_LP_06_SYNTHETIC_0438
RANDOM_LP_06_SYNTHETIC_STU03285,RANDOM_LP_06_SYNTHETIC_0002
RANDOM_LP_06_SYNTHETIC_STU03285,RANDOM_LP_06_SYNTHETIC_0210
RANDOM_LP_06_SYNTHETIC_STU03285,RANDOM_LP_06_SYNTHETIC_0487
RANDOM_LP_06_SYNTHETIC_STU03286,RANDOM_LP_06_SYNTHETIC_0177
RANDOM_LP_06_SYNTHETIC_STU03287,RANDOM_LP_06_SYNTHETIC_0064
RANDOM_LP_06_SYNTHETIC_STU03287,RANDOM_LP_06_SYNTHETIC_0073
RANDOM_LP_06_SYNTHETIC_STU03287,RANDOM_LP_06_SYNTHETIC_0167
RANDOM_LP_06_SYNTHETIC_STU03287,RANDOM_LP_06_SYNTHETIC_0346
RANDOM_LP_06_SYNTHETIC_STU03288,RANDOM_LP_06_SYNTHETIC_0204
RANDOM_LP_06_SYNTHETIC_STU03288,RANDOM_LP_06_SYNTHETIC_0318
RANDOM_LP_06_SYNTHETIC_STU03289,RANDOM_LP_06_SYNTHETIC_0062
RANDOM_LP_06_SYNTHETIC_STU03289,RANDOM_LP_06_SYNTHETIC_0175
RANDOM_LP_06_SYNTHETIC_STU03290,RANDOM_LP_06_SYNTHETIC_0234
RANDOM_LP_06_SYNTHETIC_STU03290,RANDOM_LP_06_SYNTHETIC_0438
RANDOM_LP_06_SYNTHETIC_STU03290,RANDOM_LP_06_SYNTHETIC_0463
RANDOM_LP_06_SYNTHETIC_STU03291,RANDOM_LP_06_SYNTHETIC_0008
RANDOM_LP_06_SYNTHETIC_STU03291,RANDOM_LP_06_SYNTHETIC_0275
RANDOM_LP_06_SYNTHETIC_STU03291,RANDOM_LP_06_SYNTHETIC_0457
RANDOM_LP_06_SYNTHETIC_STU03292,RANDOM_LP_06_SYNTHETIC_0180
RANDOM_LP_06_SYNTHETIC_STU03292,RANDOM_LP_06_SYNTHETIC_0323
RANDOM_LP_06_SYNTHETIC_STU03292,RANDOM_LP_06_SYNTHETIC_0352
RANDOM_LP_06_SYNTHETIC_STU03293,RANDOM_LP_06_SYNTHETIC_0175
RANDOM_LP_06_SYNTHETIC_STU03293,RANDOM_LP_06_SYNTHETIC_0231
RANDOM_LP_06_SYNTHETIC_STU03293,RANDOM_LP_06_SYNTHETIC_0273
RANDOM_LP_06_SYNTHETIC_STU03293,RANDOM_LP_06_SYNTHETIC_0288
RANDOM_LP_06_SYNTHETIC_STU03294,RANDOM_LP_06_SYNTHETIC_0028
RANDOM_LP_06_SYNTHETIC_STU03294,RANDOM_LP_06_SYNTHETIC_0492
RANDOM_LP_06_SYNTHETIC_STU03295,RANDOM_LP_06_SYNTHETIC_0079
RANDOM_LP_06_SYNTHETIC_STU03295,RANDOM_LP_06_SYNTHETIC_0137
RANDOM_LP_06_SYNTHETIC_STU03295,RANDOM_LP_06_SYNTHETIC_0395
RANDOM_LP_06_SYNTHETIC_STU03296,RANDOM_LP_06_SYNTHETIC_0079
RANDOM_LP_06_SYNTHETIC_STU03296,RANDOM_LP_06_SYNTHETIC_0088
RANDOM_LP_06_SYNTHETIC_STU03296,RANDOM_LP_06_SYNTHETIC_0300
RANDOM_LP_06_SYNTHETIC_STU03296,RANDOM_LP_06_SYNTHETIC_0326
RANDOM_LP_06_SYNTHETIC_STU03296,RANDOM_LP_06_SYNTHETIC_0475
RANDOM_LP_06_SYNTHETIC_STU03297,RANDOM_LP_06_SYNTHETIC_0240
RANDOM_LP_06_SYNTHETIC_STU03298,RANDOM_LP_06_SYNTHETIC_0065
RANDOM_LP_06_SYNTHETIC_STU03298,RANDOM_LP_06_SYNTHETIC_0438
RANDOM_LP_06_SYNTHETIC_STU03298,RANDOM_LP_06_SYNTHETIC_0472
RANDOM_LP_06_SYNTHETIC_STU03299,RANDOM_LP_06_SYNTHETIC_0188
RANDOM_LP_06_SYNTHETIC_STU03299,RANDOM_LP_06_SYNTHETIC_0288
RANDOM_LP_06_SYNTHETIC_STU03299,RANDOM_LP_06_SYNTHETIC_0377
RANDOM_LP_06_SYNTHETIC_STU03299,RANDOM_LP_06_SYNTHETIC_0398
RANDOM_LP_06_SYNTHETIC_STU03299,RANDOM_LP_06_SYNTHETIC_0459
RANDOM_LP_06_SYNTHETIC_STU03300,RANDOM_LP_06_SYNTHETIC_0021
RANDOM_LP_06_SYNTHETIC_STU03300,RANDOM_LP_06_SYNTHETIC_0078
RANDOM_LP_06_SYNTHETIC_STU03300,RANDOM_LP_06_SYNTHETIC_0122
RANDOM_LP_06_SYNTHETIC_STU03300,RANDOM_LP_06_SYNTHETIC_0347
RANDOM_LP_06_SYNTHETIC_STU03300,RANDOM_LP_06_SYNTHETIC_0351
RANDOM_LP_06_SYNTHETIC_STU03301,RANDOM_LP_06_SYNTHETIC_0011
RANDOM_LP_06_SYNTHETIC_STU03301,RANDOM_LP_06_SYNTHETIC_0021
RANDOM_LP_06_SYNTHETIC_STU03301,RANDOM_LP_06_SYNTHETIC_0359
RANDOM_LP_06_SYNTHETIC_STU03302,RANDOM_LP_06_SYNTHETIC_0445
RANDOM_LP_06_SYNTHETIC_STU03302,RANDOM_LP_06_SYNTHETIC_0478
RANDOM_LP_06_SYNTHETIC_STU03303,RANDOM_LP_06_SYNTHETIC_0100
RANDOM_LP_06_SYNTHETIC_STU03303,RANDOM_LP_06_SYNTHETIC_0120
RANDOM_LP_06_SYNTHETIC_STU03303,RANDOM_LP_06_SYNTHETIC_0148
RANDOM_LP_06_SYNTHETIC_STU03303,RANDOM_LP_06_SYNTHETIC_0324
RANDOM_LP_06_SYNTHETIC_STU03303,RANDOM_LP_06_SYNTHETIC_0350
RANDOM_LP_06_SYNTHETIC_STU03303,RANDOM_LP_06_SYNTHETIC_0398
RANDOM_LP_06_SYNTHETIC_STU03303,RANDOM_LP_06_SYNTHETIC_0463
RANDOM_LP_06_SYNTHETIC_STU03304,RANDOM_LP_06_SYNTHETIC_0353
RANDOM_LP_06_SYNTHETIC_STU03305,RANDOM_LP_06_SYNTHETIC_0329
RANDOM_LP_06_SYNTHETIC_STU03305,RANDOM_LP_06_SYNTHETIC_0343
RANDOM_LP_06_SYNTHETIC_STU03306,RANDOM_LP_06_SYNTHETIC_0101
RANDOM_LP_06_SYNTHETIC_STU03306,RANDOM_LP_06_SYNTHETIC_0172
RANDOM_LP_06_SYNTHETIC_STU03306,RANDOM_LP_06_SYNTHETIC_0439
RANDOM_LP_06_SYNTHETIC_STU03307,RANDOM_LP_06_SYNTHETIC_0096
RANDOM_LP_06_SYNTHETIC_STU03307,RANDOM_LP_06_SYNTHETIC_0386
RANDOM_LP_06_SYNTHETIC_STU03308,RANDOM_LP_06_SYNTHETIC_0079
RANDOM_LP_06_SYNTHETIC_STU03308,RANDOM_LP_06_SYNTHETIC_0350
RANDOM_LP_06_SYNTHETIC_STU03309,RANDOM_LP_06_SYNTHETIC_0012
RANDOM_LP_06_SYNTHETIC_STU03310,RANDOM_LP_06_SYNTHETIC_0165
RANDOM_LP_06_SYNTHETIC_STU03310,RANDOM_LP_06_SYNTHETIC_0313
RANDOM_LP_06_SYNTHETIC_STU03311,RANDOM_LP_06_SYNTHETIC_0012
RANDOM_LP_06_SYNTHETIC_STU03311,RANDOM_LP_06_SYNTHETIC_0032
RANDOM_LP_06_SYNTHETIC_STU03311,RANDOM_LP_06_SYNTHETIC_0313
RANDOM_LP_06_SYNTHETIC_STU03311,RANDOM_LP_06_SYNTHETIC_0361
RANDOM_LP_06_SYNTHETIC_STU03312,RANDOM_LP_06_SYNTHETIC_0056
RANDOM_LP_06_SYNTHETIC_STU03312,RANDOM_LP_06_SYNTHETIC_0238
RANDOM_LP_06_SYNTHETIC_STU03313,RANDOM_LP_06_SYNTHETIC_0015
RANDOM_LP_06_SYNTHETIC_STU03313,RANDOM_LP_06_SYNTHETIC_0313
RANDOM_LP_06_SYNTHETIC_STU03313,RANDOM_LP_06_SYNTHETIC_0390
RANDOM_LP_06_SYNTHETIC_STU03313,RANDOM_LP_06_SYNTHETIC_0468
RANDOM_LP_06_SYNTHETIC_STU03314,RANDOM_LP_06_SYNTHETIC_0216
RANDOM_LP_06_SYNTHETIC_STU03314,RANDOM_LP_06_SYNTHETIC_0309
RANDOM_LP_06_SYNTHETIC_STU03314,RANDOM_LP_06_SYNTHETIC_0390
RANDOM_LP_06_SYNTHETIC_STU03315,RANDOM_LP_06_SYNTHETIC_0077
RANDOM_LP_06_SYNTHETIC_STU03315,RANDOM_LP_06_SYNTHETIC_0370
RANDOM_LP_06_SYNTHETIC_STU03315,RANDOM_LP_06_SYNTHETIC_0380
RANDOM_LP_06_SYNTHETIC_STU03315,RANDOM_LP_06_SYNTHETIC_0391
RANDOM_LP_06_SYNTHETIC_STU03316,RANDOM_LP_06_SYNTHETIC_0135
RANDOM_LP_06_SYNTHETIC_STU03316,RANDOM_LP_06_SYNTHETIC_0225
RANDOM_LP_06_SYNTHETIC_STU03316,RANDOM_LP_06_SYNTHETIC_0346
RANDOM_LP_06_SYNTHETIC_STU03317,RANDOM_LP_06_SYNTHETIC_0127
RANDOM_LP_06_SYNTHETIC_STU03317,RANDOM_LP_06_SYNTHETIC_0499
RANDOM_LP_06_SYNTHETIC_STU03318,RANDOM_LP_06_SYNTHETIC_0343
RANDOM_LP_06_SYNTHETIC_STU03318,RANDOM_LP_06_SYNTHETIC_0389
RANDOM_LP_06_SYNTHETIC_STU03319,RANDOM_LP_06_SYNTHETIC_0178
RANDOM_LP_06_SYNTHETIC_STU03319,RANDOM_LP_06_SYNTHETIC_0255
RANDOM_LP_06_SYNTHETIC_STU03320,RANDOM_LP_06_SYNTHETIC_0388
RANDOM_LP_06_SYNTHETIC_STU03320,RANDOM_LP_06_SYNTHETIC_0389
RANDOM_LP_06_SYNTHETIC_STU03321,RANDOM_LP_06_SYNTHETIC_0097
RANDOM_LP_06_SYNTHETIC_STU03321,RANDOM_LP_06_SYNTHETIC_0473
RANDOM_LP_06_SYNTHETIC_STU03321,RANDOM_LP_06_SYNTHETIC_0499
RANDOM_LP_06_SYNTHETIC_STU03322,RANDOM_LP_06_SYNTHETIC_0009
RANDOM_LP_06_SYNTHETIC_STU03322,RANDOM_LP_06_SYNTHETIC_0449
RANDOM_LP_06_SYNTHETIC_STU03322,RANDOM_LP_06_SYNTHETIC_0492
RANDOM_LP_06_SYNTHETIC_STU03323,RANDOM_LP_06_SYNTHETIC_0040
RANDOM_LP_06_SYNTHETIC_STU03323,RANDOM_LP_06_SYNTHETIC_0135
RANDOM_LP_06_SYNTHETIC_STU03323,RANDOM_LP_06_SYNTHETIC_0324
RANDOM_LP_06_SYNTHETIC_STU03323,RANDOM_LP_06_SYNTHETIC_0481
RANDOM_LP_06_SYNTHETIC_STU03323,RANDOM_LP_06_SYNTHETIC_0498
RANDOM_LP_06_SYNTHETIC_STU03324,RANDOM_LP_06_SYNTHETIC_0001
RANDOM_LP_06_SYNTHETIC_STU03324,RANDOM_LP_06_SYNTHETIC_0006
RANDOM_LP_06_SYNTHETIC_STU03324,RANDOM_LP_06_SYNTHETIC_0172
RANDOM_LP_06_SYNTHETIC_STU03325,RANDOM_LP_06_SYNTHETIC_0202
RANDOM_LP_06_SYNTHETIC_STU03325,RANDOM_LP_06_SYNTHETIC_0297
RANDOM_LP_06_SYNTHETIC_STU03325,RANDOM_LP_06_SYNTHETIC_0424
RANDOM_LP_06_SYNTHETIC_STU03325,RANDOM_LP_06_SYNTHETIC_0427
RANDOM_LP_06_SYNTHETIC_STU03326,RANDOM_LP_06_SYNTHETIC_0065
RANDOM_LP_06_SYNTHETIC_STU03326,RANDOM_LP_06_SYNTHETIC_0073
RANDOM_LP_06_SYNTHETIC_STU03326,RANDOM_LP_06_SYNTHETIC_0301
RANDOM_LP_06_SYNTHETIC_STU03327,RANDOM_LP_06_SYNTHETIC_0212
RANDOM_LP_06_SYNTHETIC_STU03328,RANDOM_LP_06_SYNTHETIC_0422
RANDOM_LP_06_SYNTHETIC_STU03328,RANDOM_LP_06_SYNTHETIC_0492
RANDOM_LP_06_SYNTHETIC_STU03329,RANDOM_LP_06_SYNTHETIC_0209
RANDOM_LP_06_SYNTHETIC_STU03329,RANDOM_LP_06_SYNTHETIC_0452
RANDOM_LP_06_SYNTHETIC_STU03330,RANDOM_LP_06_SYNTHETIC_0027
RANDOM_LP_06_SYNTHETIC_STU03331,RANDOM_LP_06_SYNTHETIC_0349
RANDOM_LP_06_SYNTHETIC_STU03331,RANDOM_LP_06_SYNTHETIC_0431
RANDOM_LP_06_SYNTHETIC_STU03331,RANDOM_LP_06_SYNTHETIC_0494
RANDOM_LP_06_SYNTHETIC_STU03332,RANDOM_LP_06_SYNTHETIC_0079
RANDOM_LP_06_SYNTHETIC_STU03332,RANDOM_LP_06_SYNTHETIC_0318
RANDOM_LP_06_SYNTHETIC_STU03332,RANDOM_LP_06_SYNTHETIC_0386
RANDOM_LP_06_SYNTHETIC_STU03332,RANDOM_LP_06_SYNTHETIC_0470
RANDOM_LP_06_SYNTHETIC_STU03332,RANDOM_LP_06_SYNTHETIC_0475
RANDOM_LP_06_SYNTHETIC_STU03333,RANDOM_LP_06_SYNTHETIC_0380
RANDOM_LP_06_SYNTHETIC_STU03333,RANDOM_LP_06_SYNTHETIC_0479
RANDOM_LP_06_SYNTHETIC_STU03333,RANDOM_LP_06_SYNTHETIC_0494
RANDOM_LP_06_SYNTHETIC_STU03334,RANDOM_LP_06_SYNTHETIC_0217
RANDOM_LP_06_SYNTHETIC_STU03334,RANDOM_LP_06_SYNTHETIC_0280
RANDOM_LP_06_SYNTHETIC_STU03334,RANDOM_LP_06_SYNTHETIC_0334
RANDOM_LP_06_SYNTHETIC_STU03335,RANDOM_LP_06_SYNTHETIC_0029
RANDOM_LP_06_SYNTHETIC_STU03335,RANDOM_LP_06_SYNTHETIC_0032
RANDOM_LP_06_SYNTHETIC_STU03335,RANDOM_LP_06_SYNTHETIC_0061
RANDOM_LP_06_SYNTHETIC_STU03335,RANDOM_LP_06_SYNTHETIC_0073
RANDOM_LP_06_SYNTHETIC_STU03335,RANDOM_LP_06_SYNTHETIC_0295
RANDOM_LP_06_SYNTHETIC_STU03336,RANDOM_LP_06_SYNTHETIC_0297
RANDOM_LP_06_SYNTHETIC_STU03336,RANDOM_LP_06_SYNTHETIC_0298
RANDOM_LP_06_SYNTHETIC_STU03336,RANDOM_LP_06_SYNTHETIC_0382
RANDOM_LP_06_SYNTHETIC_STU03337,RANDOM_LP_06_SYNTHETIC_0183
RANDOM_LP_06_SYNTHETIC_STU03337,RANDOM_LP_06_SYNTHETIC_0256
RANDOM_LP_06_SYNTHETIC_STU03338,RANDOM_LP_06_SYNTHETIC_0214
RANDOM_LP_06_SYNTHETIC_STU03338,RANDOM_LP_06_SYNTHETIC_0313
RANDOM_LP_06_SYNTHETIC_STU03339,RANDOM_LP_06_SYNTHETIC_0165
RANDOM_LP_06_SYNTHETIC_STU03339,RANDOM_LP_06_SYNTHETIC_0340
RANDOM_LP_06_SYNTHETIC_STU03339,RANDOM_LP_06_SYNTHETIC_0388
RANDOM_LP_06_SYNTHETIC_STU03340,RANDOM_LP_06_SYNTHETIC_0044
RANDOM_LP_06_SYNTHETIC_STU03340,RANDOM_LP_06_SYNTHETIC_0141
RANDOM_LP_06_SYNTHETIC_STU03340,RANDOM_LP_06_SYNTHETIC_0410
RANDOM_LP_06_SYNTHETIC_STU03341,RANDOM_LP_06_SYNTHETIC_0075
RANDOM_LP_06_SYNTHETIC_STU03341,RANDOM_LP_06_SYNTHETIC_0101
RANDOM_LP_06_SYNTHETIC_STU03341,RANDOM_LP_06_SYNTHETIC_0487
RANDOM_LP_06_SYNTHETIC_STU03342,RANDOM_LP_06_SYNTHETIC_0003
RANDOM_LP_06_SYNTHETIC_STU03342,RANDOM_LP_06_SYNTHETIC_0157
RANDOM_LP_06_SYNTHETIC_STU03342,RANDOM_LP_06_SYNTHETIC_0408
RANDOM_LP_06_SYNTHETIC_STU03342,RANDOM_LP_06_SYNTHETIC_0410
RANDOM_LP_06_SYNTHETIC_STU03342,RANDOM_LP_06_SYNTHETIC_0456
RANDOM_LP_06_SYNTHETIC_STU03343,RANDOM_LP_06_SYNTHETIC_0206
RANDOM_LP_06_SYNTHETIC_STU03344,RANDOM_LP_06_SYNTHETIC_0044
RANDOM_LP_06_SYNTHETIC_STU03344,RANDOM_LP_06_SYNTHETIC_0243
RANDOM_LP_06_SYNTHETIC_STU03344,RANDOM_LP_06_SYNTHETIC_0443
RANDOM_LP_06_SYNTHETIC_STU03345,RANDOM_LP_06_SYNTHETIC_0109
RANDOM_LP_06_SYNTHETIC_STU03345,RANDOM_LP_06_SYNTHETIC_0324
RANDOM_LP_06_SYNTHETIC_STU03346,RANDOM_LP_06_SYNTHETIC_0024
RANDOM_LP_06_SYNTHETIC_STU03346,RANDOM_LP_06_SYNTHETIC_0458
RANDOM_LP_06_SYNTHETIC_STU03347,RANDOM_LP_06_SYNTHETIC_0327
RANDOM_LP_06_SYNTHETIC_STU03347,RANDOM_LP_06_SYNTHETIC_0465
RANDOM_LP_06_SYNTHETIC_STU03348,RANDOM_LP_06_SYNTHETIC_0100
RANDOM_LP_06_SYNTHETIC_STU03348,RANDOM_LP_06_SYNTHETIC_0198
RANDOM_LP_06_SYNTHETIC_STU03349,RANDOM_LP_06_SYNTHETIC_0271
RANDOM_LP_06_SYNTHETIC_STU03349,RANDOM_LP_06_SYNTHETIC_0329
RANDOM_LP_06_SYNTHETIC_STU03350,RANDOM_LP_06_SYNTHETIC_0040
RANDOM_LP_06_SYNTHETIC_STU03350,RANDOM_LP_06_SYNTHETIC_0211
RANDOM_LP_06_SYNTHETIC_STU03350,RANDOM_LP_06_SYNTHETIC_0240
RANDOM_LP_06_SYNTHETIC_STU03350,RANDOM_LP_06_SYNTHETIC_0319
RANDOM_LP_06_SYNTHETIC_STU03350,RANDOM_LP_06_SYNTHETIC_0410
RANDOM_LP_06_SYNTHETIC_STU03350,RANDOM_LP_06_SYNTHETIC_0424
RANDOM_LP_06_SYNTHETIC_STU03350,RANDOM_LP_06_SYNTHETIC_0425
RANDOM_LP_06_SYNTHETIC_STU03351,RANDOM_LP_06_SYNTHETIC_0014
RANDOM_LP_06_SYNTHETIC_STU03351,RANDOM_LP_06_SYNTHETIC_0137
RANDOM_LP_06_SYNTHETIC_STU03351,RANDOM_LP_06_SYNTHETIC_0156
RANDOM_LP_06_SYNTHETIC_STU03351,RANDOM_LP_06_SYNTHETIC_0205
RANDOM_LP_06_SYNTHETIC_STU03352,RANDOM_LP_06_SYNTHETIC_0098
RANDOM_LP_06_SYNTHETIC_STU03352,RANDOM_LP_06_SYNTHETIC_0132
RANDOM_LP_06_SYNTHETIC_STU03352,RANDOM_LP_06_SYNTHETIC_0288
RANDOM_LP_06_SYNTHETIC_STU03352,RANDOM_LP_06_SYNTHETIC_0348
RANDOM_LP_06_SYNTHETIC_STU03353,RANDOM_LP_06_SYNTHETIC_0017
RANDOM_LP_06_SYNTHETIC_STU03353,RANDOM_LP_06_SYNTHETIC_0381
RANDOM_LP_06_SYNTHETIC_STU03353,RANDOM_LP_06_SYNTHETIC_0431
RANDOM_LP_06_SYNTHETIC_STU03354,RANDOM_LP_06_SYNTHETIC_0222
RANDOM_LP_06_SYNTHETIC_STU03355,RANDOM_LP_06_SYNTHETIC_0314
RANDOM_LP_06_SYNTHETIC_STU03355,RANDOM_LP_06_SYNTHETIC_0378
RANDOM_LP_06_SYNTHETIC_STU03356,RANDOM_LP_06_SYNTHETIC_0156
RANDOM_LP_06_SYNTHETIC_STU03356,RANDOM_LP_06_SYNTHETIC_0231
RANDOM_LP_06_SYNTHETIC_STU03356,RANDOM_LP_06_SYNTHETIC_0241
RANDOM_LP_06_SYNTHETIC_STU03356,RANDOM_LP_06_SYNTHETIC_0274
RANDOM_LP_06_SYNTHETIC_STU03356,RANDOM_LP_06_SYNTHETIC_0291
RANDOM_LP_06_SYNTHETIC_STU03357,RANDOM_LP_06_SYNTHETIC_0338
RANDOM_LP_06_SYNTHETIC_STU03358,RANDOM_LP_06_SYNTHETIC_0499
RANDOM_LP_06_SYNTHETIC_STU03359,RANDOM_LP_06_SYNTHETIC_0119
RANDOM_LP_06_SYNTHETIC_STU03359,RANDOM_LP_06_SYNTHETIC_0176
RANDOM_LP_06_SYNTHETIC_STU03359,RANDOM_LP_06_SYNTHETIC_0271
RANDOM_LP_06_SYNTHETIC_STU03359,RANDOM_LP_06_SYNTHETIC_0449
RANDOM_LP_06_SYNTHETIC_STU03360,RANDOM_LP_06_SYNTHETIC_0057
RANDOM_LP_06_SYNTHETIC_STU03360,RANDOM_LP_06_SYNTHETIC_0191
RANDOM_LP_06_SYNTHETIC_STU03361,RANDOM_LP_06_SYNTHETIC_0176
RANDOM_LP_06_SYNTHETIC_STU03361,RANDOM_LP_06_SYNTHETIC_0207
RANDOM_LP_06_SYNTHETIC_STU03361,RANDOM_LP_06_SYNTHETIC_0313
RANDOM_LP_06_SYNTHETIC_STU03361,RANDOM_LP_06_SYNTHETIC_0364
RANDOM_LP_06_SYNTHETIC_STU03362,RANDOM_LP_06_SYNTHETIC_0443
RANDOM_LP_06_SYNTHETIC_STU03363,RANDOM_LP_06_SYNTHETIC_0421
RANDOM_LP_06_SYNTHETIC_STU03363,RANDOM_LP_06_SYNTHETIC_0435
RANDOM_LP_06_SYNTHETIC_STU03364,RANDOM_LP_06_SYNTHETIC_0049
RANDOM_LP_06_SYNTHETIC_STU03364,RANDOM_LP_06_SYNTHETIC_0076
RANDOM_LP_06_SYNTHETIC_STU03364,RANDOM_LP_06_SYNTHETIC_0133
RANDOM_LP_06_SYNTHETIC_STU03364,RANDOM_LP_06_SYNTHETIC_0143
RANDOM_LP_06_SYNTHETIC_STU03364,RANDOM_LP_06_SYNTHETIC_0229
RANDOM_LP_06_SYNTHETIC_STU03365,RANDOM_LP_06_SYNTHETIC_0044
RANDOM_LP_06_SYNTHETIC_STU03365,RANDOM_LP_06_SYNTHETIC_0090
RANDOM_LP_06_SYNTHETIC_STU03365,RANDOM_LP_06_SYNTHETIC_0146
RANDOM_LP_06_SYNTHETIC_STU03365,RANDOM_LP_06_SYNTHETIC_0175
RANDOM_LP_06_SYNTHETIC_STU03365,RANDOM_LP_06_SYNTHETIC_0206
RANDOM_LP_06_SYNTHETIC_STU03365,RANDOM_LP_06_SYNTHETIC_0295
RANDOM_LP_06_SYNTHETIC_STU03366,RANDOM_LP_06_SYNTHETIC_0047
RANDOM_LP_06_SYNTHETIC_STU03367,RANDOM_LP_06_SYNTHETIC_0112
RANDOM_LP_06_SYNTHETIC_STU03367,RANDOM_LP_06_SYNTHETIC_0296
RANDOM_LP_06_SYNTHETIC_STU03368,RANDOM_LP_06_SYNTHETIC_0103
RANDOM_LP_06_SYNTHETIC_STU03368,RANDOM_LP_06_SYNTHETIC_0449
RANDOM_LP_06_SYNTHETIC_STU03369,RANDOM_LP_06_SYNTHETIC_0443
RANDOM_LP_06_SYNTHETIC_STU03370,RANDOM_LP_06_SYNTHETIC_0022
RANDOM_LP_06_SYNTHETIC_STU03370,RANDOM_LP_06_SYNTHETIC_0057
RANDOM_LP_06_SYNTHETIC_STU03370,RANDOM_LP_06_SYNTHETIC_0079
RANDOM_LP_06_SYNTHETIC_STU03370,RANDOM_LP_06_SYNTHETIC_0149
RANDOM_LP_06_SYNTHETIC_STU03370,RANDOM_LP_06_SYNTHETIC_0152
RANDOM_LP_06_SYNTHETIC_STU03371,RANDOM_LP_06_SYNTHETIC_0126
RANDOM_LP_06_SYNTHETIC_STU03371,RANDOM_LP_06_SYNTHETIC_0275
RANDOM_LP_06_SYNTHETIC_STU03371,RANDOM_LP_06_SYNTHETIC_0416
RANDOM_LP_06_SYNTHETIC_STU03371,RANDOM_LP_06_SYNTHETIC_0438
RANDOM_LP_06_SYNTHETIC_STU03372,RANDOM_LP_06_SYNTHETIC_0323
RANDOM_LP_06_SYNTHETIC_STU03372,RANDOM_LP_06_SYNTHETIC_0478
RANDOM_LP_06_SYNTHETIC_STU03373,RANDOM_LP_06_SYNTHETIC_0057
RANDOM_LP_06_SYNTHETIC_STU03373,RANDOM_LP_06_SYNTHETIC_0163
RANDOM_LP_06_SYNTHETIC_STU03373,RANDOM_LP_06_SYNTHETIC_0488
RANDOM_LP_06_SYNTHETIC_STU03374,RANDOM_LP_06_SYNTHETIC_0012
RANDOM_LP_06_SYNTHETIC_STU03374,RANDOM_LP_06_SYNTHETIC_0266
RANDOM_LP_06_SYNTHETIC_STU03374,RANDOM_LP_06_SYNTHETIC_0492
RANDOM_LP_06_SYNTHETIC_STU03375,RANDOM_LP_06_SYNTHETIC_0079
RANDOM_LP_06_SYNTHETIC_STU03375,RANDOM_LP_06_SYNTHETIC_0175
RANDOM_LP_06_SYNTHETIC_STU03375,RANDOM_LP_06_SYNTHETIC_0184
RANDOM_LP_06_SYNTHETIC_STU03375,RANDOM_LP_06_SYNTHETIC_0357
RANDOM_LP_06_SYNTHETIC_STU03376,RANDOM_LP_06_SYNTHETIC_0049
RANDOM_LP_06_SYNTHETIC_STU03376,RANDOM_LP_06_SYNTHETIC_0117
RANDOM_LP_06_SYNTHETIC_STU03376,RANDOM_LP_06_SYNTHETIC_0177
RANDOM_LP_06_SYNTHETIC_STU03376,RANDOM_LP_06_SYNTHETIC_0190
RANDOM_LP_06_SYNTHETIC_STU03376,RANDOM_LP_06_SYNTHETIC_0237
RANDOM_LP_06_SYNTHETIC_STU03377,RANDOM_LP_06_SYNTHETIC_0104
RANDOM_LP_06_SYNTHETIC_STU03377,RANDOM_LP_06_SYNTHETIC_0124
RANDOM_LP_06_SYNTHETIC_STU03377,RANDOM_LP_06_SYNTHETIC_0339
RANDOM_LP_06_SYNTHETIC_STU03378,RANDOM_LP_06_SYNTHETIC_0049
RANDOM_LP_06_SYNTHETIC_STU03378,RANDOM_LP_06_SYNTHETIC_0199
RANDOM_LP_06_SYNTHETIC_STU03379,RANDOM_LP_06_SYNTHETIC_0006
RANDOM_LP_06_SYNTHETIC_STU03379,RANDOM_LP_06_SYNTHETIC_0054
RANDOM_LP_06_SYNTHETIC_STU03379,RANDOM_LP_06_SYNTHETIC_0112
RANDOM_LP_06_SYNTHETIC_STU03379,RANDOM_LP_06_SYNTHETIC_0287
RANDOM_LP_06_SYNTHETIC_STU03380,RANDOM_LP_06_SYNTHETIC_0169
RANDOM_LP_06_SYNTHETIC_STU03380,RANDOM_LP_06_SYNTHETIC_0319
RANDOM_LP_06_SYNTHETIC_STU03380,RANDOM_LP_06_SYNTHETIC_0329
RANDOM_LP_06_SYNTHETIC_STU03380,RANDOM_LP_06_SYNTHETIC_0344
RANDOM_LP_06_SYNTHETIC_STU03381,RANDOM_LP_06_SYNTHETIC_0013
RANDOM_LP_06_SYNTHETIC_STU03381,RANDOM_LP_06_SYNTHETIC_0184
RANDOM_LP_06_SYNTHETIC_STU03381,RANDOM_LP_06_SYNTHETIC_0421
RANDOM_LP_06_SYNTHETIC_STU03381,RANDOM_LP_06_SYNTHETIC_0475
RANDOM_LP_06_SYNTHETIC_STU03382,RANDOM_LP_06_SYNTHETIC_0109
RANDOM_LP_06_SYNTHETIC_STU03382,RANDOM_LP_06_SYNTHETIC_0232
RANDOM_LP_06_SYNTHETIC_STU03383,RANDOM_LP_06_SYNTHETIC_0012
RANDOM_LP_06_SYNTHETIC_STU03383,RANDOM_LP_06_SYNTHETIC_0134
RANDOM_LP_06_SYNTHETIC_STU03383,RANDOM_LP_06_SYNTHETIC_0231
RANDOM_LP_06_SYNTHETIC_STU03383,RANDOM_LP_06_SYNTHETIC_0422
RANDOM_LP_06_SYNTHETIC_STU03383,RANDOM_LP_06_SYNTHETIC_0487
RANDOM_LP_06_SYNTHETIC_STU03384,RANDOM_LP_06_SYNTHETIC_0198
RANDOM_LP_06_SYNTHETIC_STU03384,RANDOM_LP_06_SYNTHETIC_0271
RANDOM_LP_06_SYNTHETIC_STU03384,RANDOM_LP_06_SYNTHETIC_0448
RANDOM_LP_06_SYNTHETIC_STU03385,RANDOM_LP_06_SYNTHETIC_0001
RANDOM_LP_06_SYNTHETIC_STU03385,RANDOM_LP_06_SYNTHETIC_0265
RANDOM_LP_06_SYNTHETIC_STU03386,RANDOM_LP_06_SYNTHETIC_0147
RANDOM_LP_06_SYNTHETIC_STU03386,RANDOM_LP_06_SYNTHETIC_0259
RANDOM_LP_06_SYNTHETIC_STU03387,RANDOM_LP_06_SYNTHETIC_0013
RANDOM_LP_06_SYNTHETIC_STU03387,RANDOM_LP_06_SYNTHETIC_0243
RANDOM_LP_06_SYNTHETIC_STU03387,RANDOM_LP_06_SYNTHETIC_0313
RANDOM_LP_06_SYNTHETIC_STU03387,RANDOM_LP_06_SYNTHETIC_0449
RANDOM_LP_06_SYNTHETIC_STU03388,RANDOM_LP_06_SYNTHETIC_0087
RANDOM_LP_06_SYNTHETIC_STU03388,RANDOM_LP_06_SYNTHETIC_0100
RANDOM_LP_06_SYNTHETIC_STU03388,RANDOM_LP_06_SYNTHETIC_0420
RANDOM_LP_06_SYNTHETIC_STU03389,RANDOM_LP_06_SYNTHETIC_0018
RANDOM_LP_06_SYNTHETIC_STU03390,RANDOM_LP_06_SYNTHETIC_0052
RANDOM_LP_06_SYNTHETIC_STU03391,RANDOM_LP_06_SYNTHETIC_0341
RANDOM_LP_06_SYNTHETIC_STU03391,RANDOM_LP_06_SYNTHETIC_0445
RANDOM_LP_06_SYNTHETIC_STU03392,RANDOM_LP_06_SYNTHETIC_0035
RANDOM_LP_06_SYNTHETIC_STU03392,RANDOM_LP_06_SYNTHETIC_0121
RANDOM_LP_06_SYNTHETIC_STU03392,RANDOM_LP_06_SYNTHETIC_0446
RANDOM_LP_06_SYNTHETIC_STU03393,RANDOM_LP_06_SYNTHETIC_0175
RANDOM_LP_06_SYNTHETIC_STU03393,RANDOM_LP_06_SYNTHETIC_0240
RANDOM_LP_06_SYNTHETIC_STU03394,RANDOM_LP_06_SYNTHETIC_0043
RANDOM_LP_06_SYNTHETIC_STU03394,RANDOM_LP_06_SYNTHETIC_0104
RANDOM_LP_06_SYNTHETIC_STU03394,RANDOM_LP_06_SYNTHETIC_0435
RANDOM_LP_06_SYNTHETIC_STU03395,RANDOM_LP_06_SYNTHETIC_0054
RANDOM_LP_06_SYNTHETIC_STU03395,RANDOM_LP_06_SYNTHETIC_0227
RANDOM_LP_06_SYNTHETIC_STU03395,RANDOM_LP_06_SYNTHETIC_0319
RANDOM_LP_06_SYNTHETIC_STU03395,RANDOM_LP_06_SYNTHETIC_0463
RANDOM_LP_06_SYNTHETIC_STU03396,RANDOM_LP_06_SYNTHETIC_0085
RANDOM_LP_06_SYNTHETIC_STU03396,RANDOM_LP_06_SYNTHETIC_0213
RANDOM_LP_06_SYNTHETIC_STU03397,RANDOM_LP_06_SYNTHETIC_0453
RANDOM_LP_06_SYNTHETIC_STU03398,RANDOM_LP_06_SYNTHETIC_0049
RANDOM_LP_06_SYNTHETIC_STU03398,RANDOM_LP_06_SYNTHETIC_0218
RANDOM_LP_06_SYNTHETIC_STU03398,RANDOM_LP_06_SYNTHETIC_0464
RANDOM_LP_06_SYNTHETIC_STU03399,RANDOM_LP_06_SYNTHETIC_0056
RANDOM_LP_06_SYNTHETIC_STU03399,RANDOM_LP_06_SYNTHETIC_0069
RANDOM_LP_06_SYNTHETIC_STU03399,RANDOM_LP_06_SYNTHETIC_0078
RANDOM_LP_06_SYNTHETIC_STU03400,RANDOM_LP_06_SYNTHETIC_0281
RANDOM_LP_06_SYNTHETIC_STU03400,RANDOM_LP_06_SYNTHETIC_0395
RANDOM_LP_06_SYNTHETIC_STU03400,RANDOM_LP_06_SYNTHETIC_0428
RANDOM_LP_06_SYNTHETIC_STU03400,RANDOM_LP_06_SYNTHETIC_0442
RANDOM_LP_06_SYNTHETIC_STU03400,RANDOM_LP_06_SYNTHETIC_0473
RANDOM_LP_06_SYNTHETIC_STU03401,RANDOM_LP_06_SYNTHETIC_0104
RANDOM_LP_06_SYNTHETIC_STU03401,RANDOM_LP_06_SYNTHETIC_0234
RANDOM_LP_06_SYNTHETIC_STU03401,RANDOM_LP_06_SYNTHETIC_0308
RANDOM_LP_06_SYNTHETIC_STU03402,RANDOM_LP_06_SYNTHETIC_0055
RANDOM_LP_06_SYNTHETIC_STU03402,RANDOM_LP_06_SYNTHETIC_0318
RANDOM_LP_06_SYNTHETIC_STU03402,RANDOM_LP_06_SYNTHETIC_0363
RANDOM_LP_06_SYNTHETIC_STU03402,RANDOM_LP_06_SYNTHETIC_0425
RANDOM_LP_06_SYNTHETIC_STU03403,RANDOM_LP_06_SYNTHETIC_0079
RANDOM_LP_06_SYNTHETIC_STU03403,RANDOM_LP_06_SYNTHETIC_0278
RANDOM_LP_06_SYNTHETIC_STU03403,RANDOM_LP_06_SYNTHETIC_0281
RANDOM_LP_06_SYNTHETIC_STU03403,RANDOM_LP_06_SYNTHETIC_0386
RANDOM_LP_06_SYNTHETIC_STU03403,RANDOM_LP_06_SYNTHETIC_0456
RANDOM_LP_06_SYNTHETIC_STU03404,RANDOM_LP_06_SYNTHETIC_0269
RANDOM_LP_06_SYNTHETIC_STU03405,RANDOM_LP_06_SYNTHETIC_0017
RANDOM_LP_06_SYNTHETIC_STU03405,RANDOM_LP_06_SYNTHETIC_0325
RANDOM_LP_06_SYNTHETIC_STU03405,RANDOM_LP_06_SYNTHETIC_0410
RANDOM_LP_06_SYNTHETIC_STU03405,RANDOM_LP_06_SYNTHETIC_0486
RANDOM_LP_06_SYNTHETIC_STU03406,RANDOM_LP_06_SYNTHETIC_0365
RANDOM_LP_06_SYNTHETIC_STU03406,RANDOM_LP_06_SYNTHETIC_0458
RANDOM_LP_06_SYNTHETIC_STU03406,RANDOM_LP_06_SYNTHETIC_0460
RANDOM_LP_06_SYNTHETIC_STU03407,RANDOM_LP_06_SYNTHETIC_0328
RANDOM_LP_06_SYNTHETIC_STU03408,RANDOM_LP_06_SYNTHETIC_0079
RANDOM_LP_06_SYNTHETIC_STU03408,RANDOM_LP_06_SYNTHETIC_0295
RANDOM_LP_06_SYNTHETIC_STU03408,RANDOM_LP_06_SYNTHETIC_0369
RANDOM_LP_06_SYNTHETIC_STU03408,RANDOM_LP_06_SYNTHETIC_0423
RANDOM_LP_06_SYNTHETIC_STU03408,RANDOM_LP_06_SYNTHETIC_0449
RANDOM_LP_06_SYNTHETIC_STU03409,RANDOM_LP_06_SYNTHETIC_0028
RANDOM_LP_06_SYNTHETIC_STU03409,RANDOM_LP_06_SYNTHETIC_0188
RANDOM_LP_06_SYNTHETIC_STU03409,RANDOM_LP_06_SYNTHETIC_0257
RANDOM_LP_06_SYNTHETIC_STU03409,RANDOM_LP_06_SYNTHETIC_0308
RANDOM_LP_06_SYNTHETIC_STU03409,RANDOM_LP_06_SYNTHETIC_0324
RANDOM_LP_06_SYNTHETIC_STU03410,RANDOM_LP_06_SYNTHETIC_0016
RANDOM_LP_06_SYNTHETIC_STU03410,RANDOM_LP_06_SYNTHETIC_0094
RANDOM_LP_06_SYNTHETIC_STU03411,RANDOM_LP_06_SYNTHETIC_0307
RANDOM_LP_06_SYNTHETIC_STU03411,RANDOM_LP_06_SYNTHETIC_0463
RANDOM_LP_06_SYNTHETIC_STU03412,RANDOM_LP_06_SYNTHETIC_0340
RANDOM_LP_06_SYNTHETIC_STU03412,RANDOM_LP_06_SYNTHETIC_0370
RANDOM_LP_06_SYNTHETIC_STU03412,RANDOM_LP_06_SYNTHETIC_0478
RANDOM_LP_06_SYNTHETIC_STU03413,RANDOM_LP_06_SYNTHETIC_0115
RANDOM_LP_06_SYNTHETIC_STU03413,RANDOM_LP_06_SYNTHETIC_0227
RANDOM_LP_06_SYNTHETIC_STU03414,RANDOM_LP_06_SYNTHETIC_0275
RANDOM_LP_06_SYNTHETIC_STU03414,RANDOM_LP_06_SYNTHETIC_0352
RANDOM_LP_06_SYNTHETIC_STU03415,RANDOM_LP_06_SYNTHETIC_0076
RANDOM_LP_06_SYNTHETIC_STU03415,RANDOM_LP_06_SYNTHETIC_0146
RANDOM_LP_06_SYNTHETIC_STU03415,RANDOM_LP_06_SYNTHETIC_0432
RANDOM_LP_06_SYNTHETIC_STU03416,RANDOM_LP_06_SYNTHETIC_0246
RANDOM_LP_06_SYNTHETIC_STU03416,RANDOM_LP_06_SYNTHETIC_0437
RANDOM_LP_06_SYNTHETIC_STU03417,RANDOM_LP_06_SYNTHETIC_0196
RANDOM_LP_06_SYNTHETIC_STU03417,RANDOM_LP_06_SYNTHETIC_0203
RANDOM_LP_06_SYNTHETIC_STU03417,RANDOM_LP_06_SYNTHETIC_0223
RANDOM_LP_06_SYNTHETIC_STU03417,RANDOM_LP_06_SYNTHETIC_0288
RANDOM_LP_06_SYNTHETIC_STU03417,RANDOM_LP_06_SYNTHETIC_0323
RANDOM_LP_06_SYNTHETIC_STU03417,RANDOM_LP_06_SYNTHETIC_0450
RANDOM_LP_06_SYNTHETIC_STU03418,RANDOM_LP_06_SYNTHETIC_0336
RANDOM_LP_06_SYNTHETIC_STU03418,RANDOM_LP_06_SYNTHETIC_0343
RANDOM_LP_06_SYNTHETIC_STU03418,RANDOM_LP_06_SYNTHETIC_0380
RANDOM_LP_06_SYNTHETIC_STU03418,RANDOM_LP_06_SYNTHETIC_0443
RANDOM_LP_06_SYNTHETIC_STU03418,RANDOM_LP_06_SYNTHETIC_0475
RANDOM_LP_06_SYNTHETIC_STU03419,RANDOM_LP_06_SYNTHETIC_0146
RANDOM_LP_06_SYNTHETIC_STU03419,RANDOM_LP_06_SYNTHETIC_0235
RANDOM_LP_06_SYNTHETIC_STU03419,RANDOM_LP_06_SYNTHETIC_0376
RANDOM_LP_06_SYNTHETIC_STU03420,RANDOM_LP_06_SYNTHETIC_0223
RANDOM_LP_06_SYNTHETIC_STU03420,RANDOM_LP_06_SYNTHETIC_0326
RANDOM_LP_06_SYNTHETIC_STU03420,RANDOM_LP_06_SYNTHETIC_0357
RANDOM_LP_06_SYNTHETIC_STU03421,RANDOM_LP_06_SYNTHETIC_0456
RANDOM_LP_06_SYNTHETIC_STU03422,RANDOM_LP_06_SYNTHETIC_0002
RANDOM_LP_06_SYNTHETIC_STU03422,RANDOM_LP_06_SYNTHETIC_0140
RANDOM_LP_06_SYNTHETIC_STU03422,RANDOM_LP_06_SYNTHETIC_0234
RANDOM_LP_06_SYNTHETIC_STU03422,RANDOM_LP_06_SYNTHETIC_0435
RANDOM_LP_06_SYNTHETIC_STU03423,RANDOM_LP_06_SYNTHETIC_0101
RANDOM_LP_06_SYNTHETIC_STU03423,RANDOM_LP_06_SYNTHETIC_0122
RANDOM_LP_06_SYNTHETIC_STU03423,RANDOM_LP_06_SYNTHETIC_0273
RANDOM_LP_06_SYNTHETIC_STU03423,RANDOM_LP_06_SYNTHETIC_0413
RANDOM_LP_06_SYNTHETIC_STU03424,RANDOM_LP_06_SYNTHETIC_0141
RANDOM_LP_06_SYNTHETIC_STU03424,RANDOM_LP_06_SYNTHETIC_0154
RANDOM_LP_06_SYNTHETIC_STU03425,RANDOM_LP_06_SYNTHETIC_0393
RANDOM_LP_06_SYNTHETIC_STU03425,RANDOM_LP_06_SYNTHETIC_0404
RANDOM_LP_06_SYNTHETIC_STU03426,RANDOM_LP_06_SYNTHETIC_0028
RANDOM_LP_06_SYNTHETIC_STU03426,RANDOM_LP_06_SYNTHETIC_0029
RANDOM_LP_06_SYNTHETIC_STU03426,RANDOM_LP_06_SYNTHETIC_0050
RANDOM_LP_06_SYNTHETIC_STU03426,RANDOM_LP_06_SYNTHETIC_0188
RANDOM_LP_06_SYNTHETIC_STU03426,RANDOM_LP_06_SYNTHETIC_0253
RANDOM_LP_06_SYNTHETIC_STU03427,RANDOM_LP_06_SYNTHETIC_0112
RANDOM_LP_06_SYNTHETIC_STU03427,RANDOM_LP_06_SYNTHETIC_0268
RANDOM_LP_06_SYNTHETIC_STU03427,RANDOM_LP_06_SYNTHETIC_0415
RANDOM_LP_06_SYNTHETIC_STU03428,RANDOM_LP_06_SYNTHETIC_0040
RANDOM_LP_06_SYNTHETIC_STU03429,RANDOM_LP_06_SYNTHETIC_0143
RANDOM_LP_06_SYNTHETIC_STU03429,RANDOM_LP_06_SYNTHETIC_0149
RANDOM_LP_06_SYNTHETIC_STU03429,RANDOM_LP_06_SYNTHETIC_0181
RANDOM_LP_06_SYNTHETIC_STU03429,RANDOM_LP_06_SYNTHETIC_0376
RANDOM_LP_06_SYNTHETIC_STU03429,RANDOM_LP_06_SYNTHETIC_0418
RANDOM_LP_06_SYNTHETIC_STU03430,RANDOM_LP_06_SYNTHETIC_0142
RANDOM_LP_06_SYNTHETIC_STU03430,RANDOM_LP_06_SYNTHETIC_0347
RANDOM_LP_06_SYNTHETIC_STU03431,RANDOM_LP_06_SYNTHETIC_0218
RANDOM_LP_06_SYNTHETIC_STU03431,RANDOM_LP_06_SYNTHETIC_0275
RANDOM_LP_06_SYNTHETIC_STU03431,RANDOM_LP_06_SYNTHETIC_0471
RANDOM_LP_06_SYNTHETIC_STU03432,RANDOM_LP_06_SYNTHETIC_0236
RANDOM_LP_06_SYNTHETIC_STU03432,RANDOM_LP_06_SYNTHETIC_0248
RANDOM_LP_06_SYNTHETIC_STU03433,RANDOM_LP_06_SYNTHETIC_0133
RANDOM_LP_06_SYNTHETIC_STU03433,RANDOM_LP_06_SYNTHETIC_0141
RANDOM_LP_06_SYNTHETIC_STU03433,RANDOM_LP_06_SYNTHETIC_0280
RANDOM_LP_06_SYNTHETIC_STU03433,RANDOM_LP_06_SYNTHETIC_0296
RANDOM_LP_06_SYNTHETIC_STU03433,RANDOM_LP_06_SYNTHETIC_0320
RANDOM_LP_06_SYNTHETIC_STU03433,RANDOM_LP_06_SYNTHETIC_0422
RANDOM_LP_06_SYNTHETIC_STU03433,RANDOM_LP_06_SYNTHETIC_0491
RANDOM_LP_06_SYNTHETIC_STU03434,RANDOM_LP_06_SYNTHETIC_0326
RANDOM_LP_06_SYNTHETIC_STU03434,RANDOM_LP_06_SYNTHETIC_0331
RANDOM_LP_06_SYNTHETIC_STU03434,RANDOM_LP_06_SYNTHETIC_0485
RANDOM_LP_06_SYNTHETIC_STU03435,RANDOM_LP_06_SYNTHETIC_0300
RANDOM_LP_06_SYNTHETIC_STU03435,RANDOM_LP_06_SYNTHETIC_0319
RANDOM_LP_06_SYNTHETIC_STU03436,RANDOM_LP_06_SYNTHETIC_0179
RANDOM_LP_06_SYNTHETIC_STU03436,RANDOM_LP_06_SYNTHETIC_0296
RANDOM_LP_06_SYNTHETIC_STU03436,RANDOM_LP_06_SYNTHETIC_0334
RANDOM_LP_06_SYNTHETIC_STU03437,RANDOM_LP_06_SYNTHETIC_0365
RANDOM_LP_06_SYNTHETIC_STU03437,RANDOM_LP_06_SYNTHETIC_0370
RANDOM_LP_06_SYNTHETIC_STU03438,RANDOM_LP_06_SYNTHETIC_0390
RANDOM_LP_06_SYNTHETIC_STU03438,RANDOM_LP_06_SYNTHETIC_0447
RANDOM_LP_06_SYNTHETIC_STU03439,RANDOM_LP_06_SYNTHETIC_0028
RANDOM_LP_06_SYNTHETIC_STU03439,RANDOM_LP_06_SYNTHETIC_0178
RANDOM_LP_06_SYNTHETIC_STU03439,RANDOM_LP_06_SYNTHETIC_0192
RANDOM_LP_06_SYNTHETIC_STU03439,RANDOM_LP_06_SYNTHETIC_0207
RANDOM_LP_06_SYNTHETIC_STU03440,RANDOM_LP_06_SYNTHETIC_0286
RANDOM_LP_06_SYNTHETIC_STU03440,RANDOM_LP_06_SYNTHETIC_0368
RANDOM_LP_06_SYNTHETIC_STU03440,RANDOM_LP_06_SYNTHETIC_0438
RANDOM_LP_06_SYNTHETIC_STU03441,RANDOM_LP_06_SYNTHETIC_0045
RANDOM_LP_06_SYNTHETIC_STU03441,RANDOM_LP_06_SYNTHETIC_0276
RANDOM_LP_06_SYNTHETIC_STU03441,RANDOM_LP_06_SYNTHETIC_0296
RANDOM_LP_06_SYNTHETIC_STU03442,RANDOM_LP_06_SYNTHETIC_0008
RANDOM_LP_06_SYNTHETIC_STU03442,RANDOM_LP_06_SYNTHETIC_0165
RANDOM_LP_06_SYNTHETIC_STU03442,RANDOM_LP_06_SYNTHETIC_0315
RANDOM_LP_06_SYNTHETIC_STU03442,RANDOM_LP_06_SYNTHETIC_0433
RANDOM_LP_06_SYNTHETIC_STU03443,RANDOM_LP_06_SYNTHETIC_0003
RANDOM_LP_06_SYNTHETIC_STU03443,RANDOM_LP_06_SYNTHETIC_0217
RANDOM_LP_06_SYNTHETIC_STU03443,RANDOM_LP_06_SYNTHETIC_0479
RANDOM_LP_06_SYNTHETIC_STU03444,RANDOM_LP_06_SYNTHETIC_0010
RANDOM_LP_06_SYNTHETIC_STU03444,RANDOM_LP_06_SYNTHETIC_0162
RANDOM_LP_06_SYNTHETIC_STU03444,RANDOM_LP_06_SYNTHETIC_0243
RANDOM_LP_06_SYNTHETIC_STU03445,RANDOM_LP_06_SYNTHETIC_0057
RANDOM_LP_06_SYNTHETIC_STU03445,RANDOM_LP_06_SYNTHETIC_0062
RANDOM_LP_06_SYNTHETIC_STU03445,RANDOM_LP_06_SYNTHETIC_0102
RANDOM_LP_06_SYNTHETIC_STU03445,RANDOM_LP_06_SYNTHETIC_0436
RANDOM_LP_06_SYNTHETIC_STU03446,RANDOM_LP_06_SYNTHETIC_0004
RANDOM_LP_06_SYNTHETIC_STU03446,RANDOM_LP_06_SYNTHETIC_0028
RANDOM_LP_06_SYNTHETIC_STU03446,RANDOM_LP_06_SYNTHETIC_0264
RANDOM_LP_06_SYNTHETIC_STU03447,RANDOM_LP_06_SYNTHETIC_0038
RANDOM_LP_06_SYNTHETIC_STU03447,RANDOM_LP_06_SYNTHETIC_0121
RANDOM_LP_06_SYNTHETIC_STU03448,RANDOM_LP_06_SYNTHETIC_0178
RANDOM_LP_06_SYNTHETIC_STU03448,RANDOM_LP_06_SYNTHETIC_0379
RANDOM_LP_06_SYNTHETIC_STU03449,RANDOM_LP_06_SYNTHETIC_0288
RANDOM_LP_06_SYNTHETIC_STU03449,RANDOM_LP_06_SYNTHETIC_0359
RANDOM_LP_06_SYNTHETIC_STU03450,RANDOM_LP_06_SYNTHETIC_0258
RANDOM_LP_06_SYNTHETIC_STU03450,RANDOM_LP_06_SYNTHETIC_0431
RANDOM_LP_06_SYNTHETIC_STU03451,RANDOM_LP_06_SYNTHETIC_0138
RANDOM_LP_06_SYNTHETIC_STU03451,RANDOM_LP_06_SYNTHETIC_0152
RANDOM_LP_06_SYNTHETIC_STU03451,RANDOM_LP_06_SYNTHETIC_0231
RANDOM_LP_06_SYNTHETIC_STU03451,RANDOM_LP_06_SYNTHETIC_0381
RANDOM_LP_06_SYNTHETIC_STU03451,RANDOM_LP_06_SYNTHETIC_0489
RANDOM_LP_06_SYNTHETIC_STU03452,RANDOM_LP_06_SYNTHETIC_0012
RANDOM_LP_06_SYNTHETIC_STU03452,RANDOM_LP_06_SYNTHETIC_0040
RANDOM_LP_06_SYNTHETIC_STU03452,RANDOM_LP_06_SYNTHETIC_0057
RANDOM_LP_06_SYNTHETIC_STU03452,RANDOM_LP_06_SYNTHETIC_0329
RANDOM_LP_06_SYNTHETIC_STU03452,RANDOM_LP_06_SYNTHETIC_0496
RANDOM_LP_06_SYNTHETIC_STU03453,RANDOM_LP_06_SYNTHETIC_0132
RANDOM_LP_06_SYNTHETIC_STU03453,RANDOM_LP_06_SYNTHETIC_0149
RANDOM_LP_06_SYNTHETIC_STU03453,RANDOM_LP_06_SYNTHETIC_0209
RANDOM_LP_06_SYNTHETIC_STU03453,RANDOM_LP_06_SYNTHETIC_0399
RANDOM_LP_06_SYNTHETIC_STU03454,RANDOM_LP_06_SYNTHETIC_0075
RANDOM_LP_06_SYNTHETIC_STU03454,RANDOM_LP_06_SYNTHETIC_0249
RANDOM_LP_06_SYNTHETIC_STU03455,RANDOM_LP_06_SYNTHETIC_0013
RANDOM_LP_06_SYNTHETIC_STU03455,RANDOM_LP_06_SYNTHETIC_0135
RANDOM_LP_06_SYNTHETIC_STU03455,RANDOM_LP_06_SYNTHETIC_0363
RANDOM_LP_06_SYNTHETIC_STU03456,RANDOM_LP_06_SYNTHETIC_0022
RANDOM_LP_06_SYNTHETIC_STU03456,RANDOM_LP_06_SYNTHETIC_0330
RANDOM_LP_06_SYNTHETIC_STU03457,RANDOM_LP_06_SYNTHETIC_0211
RANDOM_LP_06_SYNTHETIC_STU03457,RANDOM_LP_06_SYNTHETIC_0380
RANDOM_LP_06_SYNTHETIC_STU03457,RANDOM_LP_06_SYNTHETIC_0410
RANDOM_LP_06_SYNTHETIC_STU03458,RANDOM_LP_06_SYNTHETIC_0091
RANDOM_LP_06_SYNTHETIC_STU03458,RANDOM_LP_06_SYNTHETIC_0400
RANDOM_LP_06_SYNTHETIC_STU03459,RANDOM_LP_06_SYNTHETIC_0387
RANDOM_LP_06_SYNTHETIC_STU03459,RANDOM_LP_06_SYNTHETIC_0488
RANDOM_LP_06_SYNTHETIC_STU03460,RANDOM_LP_06_SYNTHETIC_0055
RANDOM_LP_06_SYNTHETIC_STU03461,RANDOM_LP_06_SYNTHETIC_0037
RANDOM_LP_06_SYNTHETIC_STU03461,RANDOM_LP_06_SYNTHETIC_0357
RANDOM_LP_06_SYNTHETIC_STU03461,RANDOM_LP_06_SYNTHETIC_0380
RANDOM_LP_06_SYNTHETIC_STU03462,RANDOM_LP_06_SYNTHETIC_0349
RANDOM_LP_06_SYNTHETIC_STU03462,RANDOM_LP_06_SYNTHETIC_0423
RANDOM_LP_06_SYNTHETIC_STU03462,RANDOM_LP_06_SYNTHETIC_0455
RANDOM_LP_06_SYNTHETIC_STU03462,RANDOM_LP_06_SYNTHETIC_0460
RANDOM_LP_06_SYNTHETIC_STU03463,RANDOM_LP_06_SYNTHETIC_0309
RANDOM_LP_06_SYNTHETIC_STU03463,RANDOM_LP_06_SYNTHETIC_0423
RANDOM_LP_06_SYNTHETIC_STU03464,RANDOM_LP_06_SYNTHETIC_0135
RANDOM_LP_06_SYNTHETIC_STU03464,RANDOM_LP_06_SYNTHETIC_0359
RANDOM_LP_06_SYNTHETIC_STU03465,RANDOM_LP_06_SYNTHETIC_0100
RANDOM_LP_06_SYNTHETIC_STU03465,RANDOM_LP_06_SYNTHETIC_0190
RANDOM_LP_06_SYNTHETIC_STU03465,RANDOM_LP_06_SYNTHETIC_0275
RANDOM_LP_06_SYNTHETIC_STU03465,RANDOM_LP_06_SYNTHETIC_0460
RANDOM_LP_06_SYNTHETIC_STU03466,RANDOM_LP_06_SYNTHETIC_0212
RANDOM_LP_06_SYNTHETIC_STU03466,RANDOM_LP_06_SYNTHETIC_0277
RANDOM_LP_06_SYNTHETIC_STU03466,RANDOM_LP_06_SYNTHETIC_0494
RANDOM_LP_06_SYNTHETIC_STU03467,RANDOM_LP_06_SYNTHETIC_0048
RANDOM_LP_06_SYNTHETIC_STU03467,RANDOM_LP_06_SYNTHETIC_0079
RANDOM_LP_06_SYNTHETIC_STU03467,RANDOM_LP_06_SYNTHETIC_0271
RANDOM_LP_06_SYNTHETIC_STU03467,RANDOM_LP_06_SYNTHETIC_0361
RANDOM_LP_06_SYNTHETIC_STU03468,RANDOM_LP_06_SYNTHETIC_0022
RANDOM_LP_06_SYNTHETIC_STU03469,RANDOM_LP_06_SYNTHETIC_0079
RANDOM_LP_06_SYNTHETIC_STU03469,RANDOM_LP_06_SYNTHETIC_0405
RANDOM_LP_06_SYNTHETIC_STU03469,RANDOM_LP_06_SYNTHETIC_0423
RANDOM_LP_06_SYNTHETIC_STU03470,RANDOM_LP_06_SYNTHETIC_0022
RANDOM_LP_06_SYNTHETIC_STU03470,RANDOM_LP_06_SYNTHETIC_0034
RANDOM_LP_06_SYNTHETIC_STU03470,RANDOM_LP_06_SYNTHETIC_0319
RANDOM_LP_06_SYNTHETIC_STU03471,RANDOM_LP_06_SYNTHETIC_0021
RANDOM_LP_06_SYNTHETIC_STU03471,RANDOM_LP_06_SYNTHETIC_0028
RANDOM_LP_06_SYNTHETIC_STU03471,RANDOM_LP_06_SYNTHETIC_0350
RANDOM_LP_06_SYNTHETIC_STU03472,RANDOM_LP_06_SYNTHETIC_0078
RANDOM_LP_06_SYNTHETIC_STU03472,RANDOM_LP_06_SYNTHETIC_0355
RANDOM_LP_06_SYNTHETIC_STU03472,RANDOM_LP_06_SYNTHETIC_0392
RANDOM_LP_06_SYNTHETIC_STU03473,RANDOM_LP_06_SYNTHETIC_0409
RANDOM_LP_06_SYNTHETIC_STU03474,RANDOM_LP_06_SYNTHETIC_0130
RANDOM_LP_06_SYNTHETIC_STU03474,RANDOM_LP_06_SYNTHETIC_0134
RANDOM_LP_06_SYNTHETIC_STU03475,RANDOM_LP_06_SYNTHETIC_0100
RANDOM_LP_06_SYNTHETIC_STU03475,RANDOM_LP_06_SYNTHETIC_0376
RANDOM_LP_06_SYNTHETIC_STU03475,RANDOM_LP_06_SYNTHETIC_0478
RANDOM_LP_06_SYNTHETIC_STU03476,RANDOM_LP_06_SYNTHETIC_0037
RANDOM_LP_06_SYNTHETIC_STU03477,RANDOM_LP_06_SYNTHETIC_0067
RANDOM_LP_06_SYNTHETIC_STU03477,RANDOM_LP_06_SYNTHETIC_0093
RANDOM_LP_06_SYNTHETIC_STU03477,RANDOM_LP_06_SYNTHETIC_0105
RANDOM_LP_06_SYNTHETIC_STU03477,RANDOM_LP_06_SYNTHETIC_0231
RANDOM_LP_06_SYNTHETIC_STU03477,RANDOM_LP_06_SYNTHETIC_0393
RANDOM_LP_06_SYNTHETIC_STU03477,RANDOM_LP_06_SYNTHETIC_0449
RANDOM_LP_06_SYNTHETIC_STU03478,RANDOM_LP_06_SYNTHETIC_0197
RANDOM_LP_06_SYNTHETIC_STU03478,RANDOM_LP_06_SYNTHETIC_0321
RANDOM_LP_06_SYNTHETIC_STU03478,RANDOM_LP_06_SYNTHETIC_0388
RANDOM_LP_06_SYNTHETIC_STU03478,RANDOM_LP_06_SYNTHETIC_0389
RANDOM_LP_06_SYNTHETIC_STU03478,RANDOM_LP_06_SYNTHETIC_0425
RANDOM_LP_06_SYNTHETIC_STU03479,RANDOM_LP_06_SYNTHETIC_0050
RANDOM_LP_06_SYNTHETIC_STU03479,RANDOM_LP_06_SYNTHETIC_0495
RANDOM_LP_06_SYNTHETIC_STU03480,RANDOM_LP_06_SYNTHETIC_0035
RANDOM_LP_06_SYNTHETIC_STU03480,RANDOM_LP_06_SYNTHETIC_0121
RANDOM_LP_06_SYNTHETIC_STU03480,RANDOM_LP_06_SYNTHETIC_0271
RANDOM_LP_06_SYNTHETIC_STU03480,RANDOM_LP_06_SYNTHETIC_0447
RANDOM_LP_06_SYNTHETIC_STU03480,RANDOM_LP_06_SYNTHETIC_0460
RANDOM_LP_06_SYNTHETIC_STU03481,RANDOM_LP_06_SYNTHETIC_0050
RANDOM_LP_06_SYNTHETIC_STU03481,RANDOM_LP_06_SYNTHETIC_0246
RANDOM_LP_06_SYNTHETIC_STU03481,RANDOM_LP_06_SYNTHETIC_0402
RANDOM_LP_06_SYNTHETIC_STU03482,RANDOM_LP_06_SYNTHETIC_0079
RANDOM_LP_06_SYNTHETIC_STU03482,RANDOM_LP_06_SYNTHETIC_0303
RANDOM_LP_06_SYNTHETIC_STU03483,RANDOM_LP_06_SYNTHETIC_0004
RANDOM_LP_06_SYNTHETIC_STU03483,RANDOM_LP_06_SYNTHETIC_0054
RANDOM_LP_06_SYNTHETIC_STU03483,RANDOM_LP_06_SYNTHETIC_0079
RANDOM_LP_06_SYNTHETIC_STU03483,RANDOM_LP_06_SYNTHETIC_0179
RANDOM_LP_06_SYNTHETIC_STU03483,RANDOM_LP_06_SYNTHETIC_0363
RANDOM_LP_06_SYNTHETIC_STU03484,RANDOM_LP_06_SYNTHETIC_0180
RANDOM_LP_06_SYNTHETIC_STU03484,RANDOM_LP_06_SYNTHETIC_0420
RANDOM_LP_06_SYNTHETIC_STU03485,RANDOM_LP_06_SYNTHETIC_0017
RANDOM_LP_06_SYNTHETIC_STU03485,RANDOM_LP_06_SYNTHETIC_0428
RANDOM_LP_06_SYNTHETIC_STU03486,RANDOM_LP_06_SYNTHETIC_0375
RANDOM_LP_06_SYNTHETIC_STU03487,RANDOM_LP_06_SYNTHETIC_0273
RANDOM_LP_06_SYNTHETIC_STU03487,RANDOM_LP_06_SYNTHETIC_0388
RANDOM_LP_06_SYNTHETIC_STU03488,RANDOM_LP_06_SYNTHETIC_0143
RANDOM_LP_06_SYNTHETIC_STU03488,RANDOM_LP_06_SYNTHETIC_0277
RANDOM_LP_06_SYNTHETIC_STU03488,RANDOM_LP_06_SYNTHETIC_0314
RANDOM_LP_06_SYNTHETIC_STU03488,RANDOM_LP_06_SYNTHETIC_0480
RANDOM_LP_06_SYNTHETIC_STU03489,RANDOM_LP_06_SYNTHETIC_0070
RANDOM_LP_06_SYNTHETIC_STU03489,RANDOM_LP_06_SYNTHETIC_0096
RANDOM_LP_06_SYNTHETIC_STU03489,RANDOM_LP_06_SYNTHETIC_0338
RANDOM_LP_06_SYNTHETIC_STU03489,RANDOM_LP_06_SYNTHETIC_0372
RANDOM_LP_06_SYNTHETIC_STU03490,RANDOM_LP_06_SYNTHETIC_0143
RANDOM_LP_06_SYNTHETIC_STU03490,RANDOM_LP_06_SYNTHETIC_0248
RANDOM_LP_06_SYNTHETIC_STU03491,RANDOM_LP_06_SYNTHETIC_0334
RANDOM_LP_06_SYNTHETIC_STU03492,RANDOM_LP_06_SYNTHETIC_0111
RANDOM_LP_06_SYNTHETIC_STU03492,RANDOM_LP_06_SYNTHETIC_0418
RANDOM_LP_06_SYNTHETIC_STU03492,RANDOM_LP_06_SYNTHETIC_0447
RANDOM_LP_06_SYNTHETIC_STU03493,RANDOM_LP_06_SYNTHETIC_0193
RANDOM_LP_06_SYNTHETIC_STU03494,RANDOM_LP_06_SYNTHETIC_0271
RANDOM_LP_06_SYNTHETIC_STU03494,RANDOM_LP_06_SYNTHETIC_0292
RANDOM_LP_06_SYNTHETIC_STU03494,RANDOM_LP_06_SYNTHETIC_0381
RANDOM_LP_06_SYNTHETIC_STU03495,RANDOM_LP_06_SYNTHETIC_0084
RANDOM_LP_06_SYNTHETIC_STU03495,RANDOM_LP_06_SYNTHETIC_0271
RANDOM_LP_06_SYNTHETIC_STU03496,RANDOM_LP_06_SYNTHETIC_0130
RANDOM_LP_06_SYNTHETIC_STU03496,RANDOM_LP_06_SYNTHETIC_0171
RANDOM_LP_06_SYNTHETIC_STU03497,RANDOM_LP_06_SYNTHETIC_0057
RANDOM_LP_06_SYNTHETIC_STU03497,RANDOM_LP_06_SYNTHETIC_0168
RANDOM_LP_06_SYNTHETIC_STU03497,RANDOM_LP_06_SYNTHETIC_0286
RANDOM_LP_06_SYNTHETIC_STU03497,RANDOM_LP_06_SYNTHETIC_0319
RANDOM_LP_06_SYNTHETIC_STU03498,RANDOM_LP_06_SYNTHETIC_0171
RANDOM_LP_06_SYNTHETIC_STU03498,RANDOM_LP_06_SYNTHETIC_0341
RANDOM_LP_06_SYNTHETIC_STU03498,RANDOM_LP_06_SYNTHETIC_0344
RANDOM_LP_06_SYNTHETIC_STU03499,RANDOM_LP_06_SYNTHETIC_0172
RANDOM_LP_06_SYNTHETIC_STU03499,RANDOM_LP_06_SYNTHETIC_0272
RANDOM_LP_06_SYNTHETIC_STU03499,RANDOM_LP_06_SYNTHETIC_0410
RANDOM_LP_06_SYNTHETIC_STU03500,RANDOM_LP_06_SYNTHETIC_0380
RANDOM_LP_06_SYNTHETIC_STU03501,RANDOM_LP_06_SYNTHETIC_0024
RANDOM_LP_06_SYNTHETIC_STU03501,RANDOM_LP_06_SYNTHETIC_0352
RANDOM_LP_06_SYNTHETIC_STU03501,RANDOM_LP_06_SYNTHETIC_0418
RANDOM_LP_06_SYNTHETIC_STU03502,RANDOM_LP_06_SYNTHETIC_0074
RANDOM_LP_06_SYNTHETIC_STU03502,RANDOM_LP_06_SYNTHETIC_0131
RANDOM_LP_06_SYNTHETIC_STU03502,RANDOM_LP_06_SYNTHETIC_0169
RANDOM_LP_06_SYNTHETIC_STU03503,RANDOM_LP_06_SYNTHETIC_0081
RANDOM_LP_06_SYNTHETIC_STU03503,RANDOM_LP_06_SYNTHETIC_0355
RANDOM_LP_06_SYNTHETIC_STU03503,RANDOM_LP_06_SYNTHETIC_0366
RANDOM_LP_06_SYNTHETIC_STU03504,RANDOM_LP_06_SYNTHETIC_0150
RANDOM_LP_06_SYNTHETIC_STU03504,RANDOM_LP_06_SYNTHETIC_0335
RANDOM_LP_06_SYNTHETIC_STU03504,RANDOM_LP_06_SYNTHETIC_0453
RANDOM_LP_06_SYNTHETIC_STU03504,RANDOM_LP_06_SYNTHETIC_0500
RANDOM_LP_06_SYNTHETIC_STU03505,RANDOM_LP_06_SYNTHETIC_0029
RANDOM_LP_06_SYNTHETIC_STU03505,RANDOM_LP_06_SYNTHETIC_0075
RANDOM_LP_06_SYNTHETIC_STU03505,RANDOM_LP_06_SYNTHETIC_0305
RANDOM_LP_06_SYNTHETIC_STU03505,RANDOM_LP_06_SYNTHETIC_0317
RANDOM_LP_06_SYNTHETIC_STU03506,RANDOM_LP_06_SYNTHETIC_0044
RANDOM_LP_06_SYNTHETIC_STU03506,RANDOM_LP_06_SYNTHETIC_0151
RANDOM_LP_06_SYNTHETIC_STU03506,RANDOM_LP_06_SYNTHETIC_0264
RANDOM_LP_06_SYNTHETIC_STU03507,RANDOM_LP_06_SYNTHETIC_0365
RANDOM_LP_06_SYNTHETIC_STU03507,RANDOM_LP_06_SYNTHETIC_0460
RANDOM_LP_06_SYNTHETIC_STU03508,RANDOM_LP_06_SYNTHETIC_0055
RANDOM_LP_06_SYNTHETIC_STU03508,RANDOM_LP_06_SYNTHETIC_0085
RANDOM_LP_06_SYNTHETIC_STU03508,RANDOM_LP_06_SYNTHETIC_0428
RANDOM_LP_06_SYNTHETIC_STU03508,RANDOM_LP_06_SYNTHETIC_0480
RANDOM_LP_06_SYNTHETIC_STU03509,RANDOM_LP_06_SYNTHETIC_0425
RANDOM_LP_06_SYNTHETIC_STU03510,RANDOM_LP_06_SYNTHETIC_0040
RANDOM_LP_06_SYNTHETIC_STU03510,RANDOM_LP_06_SYNTHETIC_0276
RANDOM_LP_06_SYNTHETIC_STU03510,RANDOM_LP_06_SYNTHETIC_0478
RANDOM_LP_06_SYNTHETIC_STU03511,RANDOM_LP_06_SYNTHETIC_0040
RANDOM_LP_06_SYNTHETIC_STU03511,RANDOM_LP_06_SYNTHETIC_0072
RANDOM_LP_06_SYNTHETIC_STU03511,RANDOM_LP_06_SYNTHETIC_0438
RANDOM_LP_06_SYNTHETIC_STU03511,RANDOM_LP_06_SYNTHETIC_0482
RANDOM_LP_06_SYNTHETIC_STU03512,RANDOM_LP_06_SYNTHETIC_0163
RANDOM_LP_06_SYNTHETIC_STU03512,RANDOM_LP_06_SYNTHETIC_0188
RANDOM_LP_06_SYNTHETIC_STU03513,RANDOM_LP_06_SYNTHETIC_0046
RANDOM_LP_06_SYNTHETIC_STU03513,RANDOM_LP_06_SYNTHETIC_0198
RANDOM_LP_06_SYNTHETIC_STU03513,RANDOM_LP_06_SYNTHETIC_0439
RANDOM_LP_06_SYNTHETIC_STU03513,RANDOM_LP_06_SYNTHETIC_0460
RANDOM_LP_06_SYNTHETIC_STU03514,RANDOM_LP_06_SYNTHETIC_0271
RANDOM_LP_06_SYNTHETIC_STU03514,RANDOM_LP_06_SYNTHETIC_0320
RANDOM_LP_06_SYNTHETIC_STU03514,RANDOM_LP_06_SYNTHETIC_0343
RANDOM_LP_06_SYNTHETIC_STU03514,RANDOM_LP_06_SYNTHETIC_0371
RANDOM_LP_06_SYNTHETIC_STU03515,RANDOM_LP_06_SYNTHETIC_0308
RANDOM_LP_06_SYNTHETIC_STU03515,RANDOM_LP_06_SYNTHETIC_0370
RANDOM_LP_06_SYNTHETIC_STU03516,RANDOM_LP_06_SYNTHETIC_0247
RANDOM_LP_06_SYNTHETIC_STU03516,RANDOM_LP_06_SYNTHETIC_0256
RANDOM_LP_06_SYNTHETIC_STU03516,RANDOM_LP_06_SYNTHETIC_0380
RANDOM_LP_06_SYNTHETIC_STU03517,RANDOM_LP_06_SYNTHETIC_0102
RANDOM_LP_06_SYNTHETIC_STU03518,RANDOM_LP_06_SYNTHETIC_0287
RANDOM_LP_06_SYNTHETIC_STU03518,RANDOM_LP_06_SYNTHETIC_0322
RANDOM_LP_06_SYNTHETIC_STU03518,RANDOM_LP_06_SYNTHETIC_0368
RANDOM_LP_06_SYNTHETIC_STU03519,RANDOM_LP_06_SYNTHETIC_0378
RANDOM_LP_06_SYNTHETIC_STU03519,RANDOM_LP_06_SYNTHETIC_0499
RANDOM_LP_06_SYNTHETIC_STU03520,RANDOM_LP_06_SYNTHETIC_0052
RANDOM_LP_06_SYNTHETIC_STU03520,RANDOM_LP_06_SYNTHETIC_0449
RANDOM_LP_06_SYNTHETIC_STU03521,RANDOM_LP_06_SYNTHETIC_0117
RANDOM_LP_06_SYNTHETIC_STU03521,RANDOM_LP_06_SYNTHETIC_0178
RANDOM_LP_06_SYNTHETIC_STU03521,RANDOM_LP_06_SYNTHETIC_0348
RANDOM_LP_06_SYNTHETIC_STU03521,RANDOM_LP_06_SYNTHETIC_0390
RANDOM_LP_06_SYNTHETIC_STU03522,RANDOM_LP_06_SYNTHETIC_0004
RANDOM_LP_06_SYNTHETIC_STU03522,RANDOM_LP_06_SYNTHETIC_0173
RANDOM_LP_06_SYNTHETIC_STU03522,RANDOM_LP_06_SYNTHETIC_0202
RANDOM_LP_06_SYNTHETIC_STU03522,RANDOM_LP_06_SYNTHETIC_0281
RANDOM_LP_06_SYNTHETIC_STU03523,RANDOM_LP_06_SYNTHETIC_0231
RANDOM_LP_06_SYNTHETIC_STU03523,RANDOM_LP_06_SYNTHETIC_0331
RANDOM_LP_06_SYNTHETIC_STU03523,RANDOM_LP_06_SYNTHETIC_0403
RANDOM_LP_06_SYNTHETIC_STU03523,RANDOM_LP_06_SYNTHETIC_0416
RANDOM_LP_06_SYNTHETIC_STU03523,RANDOM_LP_06_SYNTHETIC_0449
RANDOM_LP_06_SYNTHETIC_STU03524,RANDOM_LP_06_SYNTHETIC_0207
RANDOM_LP_06_SYNTHETIC_STU03524,RANDOM_LP_06_SYNTHETIC_0290
RANDOM_LP_06_SYNTHETIC_STU03524,RANDOM_LP_06_SYNTHETIC_0423
RANDOM_LP_06_SYNTHETIC_STU03525,RANDOM_LP_06_SYNTHETIC_0094
RANDOM_LP_06_SYNTHETIC_STU03525,RANDOM_LP_06_SYNTHETIC_0104
RANDOM_LP_06_SYNTHETIC_STU03525,RANDOM_LP_06_SYNTHETIC_0328
RANDOM_LP_06_SYNTHETIC_STU03526,RANDOM_LP_06_SYNTHETIC_0034
RANDOM_LP_06_SYNTHETIC_STU03526,RANDOM_LP_06_SYNTHETIC_0060
RANDOM_LP_06_SYNTHETIC_STU03526,RANDOM_LP_06_SYNTHETIC_0164
RANDOM_LP_06_SYNTHETIC_STU03526,RANDOM_LP_06_SYNTHETIC_0337
RANDOM_LP_06_SYNTHETIC_STU03526,RANDOM_LP_06_SYNTHETIC_0391
RANDOM_LP_06_SYNTHETIC_STU03526,RANDOM_LP_06_SYNTHETIC_0448
RANDOM_LP_06_SYNTHETIC_STU03526,RANDOM_LP_06_SYNTHETIC_0452
RANDOM_LP_06_SYNTHETIC_STU03527,RANDOM_LP_06_SYNTHETIC_0196
RANDOM_LP_06_SYNTHETIC_STU03528,RANDOM_LP_06_SYNTHETIC_0299
RANDOM_LP_06_SYNTHETIC_STU03529,RANDOM_LP_06_SYNTHETIC_0072
RANDOM_LP_06_SYNTHETIC_STU03529,RANDOM_LP_06_SYNTHETIC_0171
RANDOM_LP_06_SYNTHETIC_STU03529,RANDOM_LP_06_SYNTHETIC_0268
RANDOM_LP_06_SYNTHETIC_STU03529,RANDOM_LP_06_SYNTHETIC_0281
RANDOM_LP_06_SYNTHETIC_STU03529,RANDOM_LP_06_SYNTHETIC_0313
RANDOM_LP_06_SYNTHETIC_STU03530,RANDOM_LP_06_SYNTHETIC_0216
RANDOM_LP_06_SYNTHETIC_STU03530,RANDOM_LP_06_SYNTHETIC_0257
RANDOM_LP_06_SYNTHETIC_STU03531,RANDOM_LP_06_SYNTHETIC_0456
RANDOM_LP_06_SYNTHETIC_STU03532,RANDOM_LP_06_SYNTHETIC_0048
RANDOM_LP_06_SYNTHETIC_STU03532,RANDOM_LP_06_SYNTHETIC_0244
RANDOM_LP_06_SYNTHETIC_STU03532,RANDOM_LP_06_SYNTHETIC_0353
RANDOM_LP_06_SYNTHETIC_STU03532,RANDOM_LP_06_SYNTHETIC_0419
RANDOM_LP_06_SYNTHETIC_STU03532,RANDOM_LP_06_SYNTHETIC_0446
RANDOM_LP_06_SYNTHETIC_STU03533,RANDOM_LP_06_SYNTHETIC_0026
RANDOM_LP_06_SYNTHETIC_STU03533,RANDOM_LP_06_SYNTHETIC_0081
RANDOM_LP_06_SYNTHETIC_STU03533,RANDOM_LP_06_SYNTHETIC_0094
RANDOM_LP_06_SYNTHETIC_STU03533,RANDOM_LP_06_SYNTHETIC_0357
RANDOM_LP_06_SYNTHETIC_STU03533,RANDOM_LP_06_SYNTHETIC_0401
RANDOM_LP_06_SYNTHETIC_STU03533,RANDOM_LP_06_SYNTHETIC_0489
RANDOM_LP_06_SYNTHETIC_STU03534,RANDOM_LP_06_SYNTHETIC_0040
RANDOM_LP_06_SYNTHETIC_STU03534,RANDOM_LP_06_SYNTHETIC_0184
RANDOM_LP_06_SYNTHETIC_STU03534,RANDOM_LP_06_SYNTHETIC_0340
RANDOM_LP_06_SYNTHETIC_STU03535,RANDOM_LP_06_SYNTHETIC_0049
RANDOM_LP_06_SYNTHETIC_STU03535,RANDOM_LP_06_SYNTHETIC_0122
RANDOM_LP_06_SYNTHETIC_STU03535,RANDOM_LP_06_SYNTHETIC_0228
RANDOM_LP_06_SYNTHETIC_STU03535,RANDOM_LP_06_SYNTHETIC_0319
RANDOM_LP_06_SYNTHETIC_STU03536,RANDOM_LP_06_SYNTHETIC_0013
RANDOM_LP_06_SYNTHETIC_STU03536,RANDOM_LP_06_SYNTHETIC_0061
RANDOM_LP_06_SYNTHETIC_STU03536,RANDOM_LP_06_SYNTHETIC_0119
RANDOM_LP_06_SYNTHETIC_STU03537,RANDOM_LP_06_SYNTHETIC_0019
RANDOM_LP_06_SYNTHETIC_STU03537,RANDOM_LP_06_SYNTHETIC_0362
RANDOM_LP_06_SYNTHETIC_STU03537,RANDOM_LP_06_SYNTHETIC_0413
RANDOM_LP_06_SYNTHETIC_STU03538,RANDOM_LP_06_SYNTHETIC_0300
RANDOM_LP_06_SYNTHETIC_STU03538,RANDOM_LP_06_SYNTHETIC_0387
RANDOM_LP_06_SYNTHETIC_STU03538,RANDOM_LP_06_SYNTHETIC_0405
RANDOM_LP_06_SYNTHETIC_STU03539,RANDOM_LP_06_SYNTHETIC_0143
RANDOM_LP_06_SYNTHETIC_STU03539,RANDOM_LP_06_SYNTHETIC_0206
RANDOM_LP_06_SYNTHETIC_STU03539,RANDOM_LP_06_SYNTHETIC_0296
RANDOM_LP_06_SYNTHETIC_STU03540,RANDOM_LP_06_SYNTHETIC_0083
RANDOM_LP_06_SYNTHETIC_STU03540,RANDOM_LP_06_SYNTHETIC_0146
RANDOM_LP_06_SYNTHETIC_STU03540,RANDOM_LP_06_SYNTHETIC_0189
RANDOM_LP_06_SYNTHETIC_STU03540,RANDOM_LP_06_SYNTHETIC_0438
RANDOM_LP_06_SYNTHETIC_STU03541,RANDOM_LP_06_SYNTHETIC_0193
RANDOM_LP_06_SYNTHETIC_STU03541,RANDOM_LP_06_SYNTHETIC_0287
RANDOM_LP_06_SYNTHETIC_STU03541,RANDOM_LP_06_SYNTHETIC_0495
RANDOM_LP_06_SYNTHETIC_STU03542,RANDOM_LP_06_SYNTHETIC_0079
RANDOM_LP_06_SYNTHETIC_STU03542,RANDOM_LP_06_SYNTHETIC_0355
RANDOM_LP_06_SYNTHETIC_STU03543,RANDOM_LP_06_SYNTHETIC_0220
RANDOM_LP_06_SYNTHETIC_STU03544,RANDOM_LP_06_SYNTHETIC_0359
RANDOM_LP_06_SYNTHETIC_STU03545,RANDOM_LP_06_SYNTHETIC_0062
RANDOM_LP_06_SYNTHETIC_STU03545,RANDOM_LP_06_SYNTHETIC_0261
RANDOM_LP_06_SYNTHETIC_STU03546,RANDOM_LP_06_SYNTHETIC_0176
RANDOM_LP_06_SYNTHETIC_STU03546,RANDOM_LP_06_SYNTHETIC_0296
RANDOM_LP_06_SYNTHETIC_STU03547,RANDOM_LP_06_SYNTHETIC_0025
RANDOM_LP_06_SYNTHETIC_STU03548,RANDOM_LP_06_SYNTHETIC_0053
RANDOM_LP_06_SYNTHETIC_STU03548,RANDOM_LP_06_SYNTHETIC_0105
RANDOM_LP_06_SYNTHETIC_STU03548,RANDOM_LP_06_SYNTHETIC_0194
RANDOM_LP_06_SYNTHETIC_STU03548,RANDOM_LP_06_SYNTHETIC_0408
RANDOM_LP_06_SYNTHETIC_STU03549,RANDOM_LP_06_SYNTHETIC_0158
RANDOM_LP_06_SYNTHETIC_STU03549,RANDOM_LP_06_SYNTHETIC_0222
RANDOM_LP_06_SYNTHETIC_STU03549,RANDOM_LP_06_SYNTHETIC_0271
RANDOM_LP_06_SYNTHETIC_STU03549,RANDOM_LP_06_SYNTHETIC_0363
RANDOM_LP_06_SYNTHETIC_STU03549,RANDOM_LP_06_SYNTHETIC_0382
RANDOM_LP_06_SYNTHETIC_STU03550,RANDOM_LP_06_SYNTHETIC_0042
RANDOM_LP_06_SYNTHETIC_STU03550,RANDOM_LP_06_SYNTHETIC_0315
RANDOM_LP_06_SYNTHETIC_STU03551,RANDOM_LP_06_SYNTHETIC_0402
RANDOM_LP_06_SYNTHETIC_STU03552,RANDOM_LP_06_SYNTHETIC_0182
RANDOM_LP_06_SYNTHETIC_STU03552,RANDOM_LP_06_SYNTHETIC_0286
RANDOM_LP_06_SYNTHETIC_STU03553,RANDOM_LP_06_SYNTHETIC_0401
RANDOM_LP_06_SYNTHETIC_STU03553,RANDOM_LP_06_SYNTHETIC_0404
RANDOM_LP_06_SYNTHETIC_STU03553,RANDOM_LP_06_SYNTHETIC_0468
RANDOM_LP_06_SYNTHETIC_STU03554,RANDOM_LP_06_SYNTHETIC_0257
RANDOM_LP_06_SYNTHETIC_STU03554,RANDOM_LP_06_SYNTHETIC_0359
RANDOM_LP_06_SYNTHETIC_STU03555,RANDOM_LP_06_SYNTHETIC_0149
RANDOM_LP_06_SYNTHETIC_STU03555,RANDOM_LP_06_SYNTHETIC_0195
RANDOM_LP_06_SYNTHETIC_STU03555,RANDOM_LP_06_SYNTHETIC_0494
RANDOM_LP_06_SYNTHETIC_STU03555,RANDOM_LP_06_SYNTHETIC_0497
RANDOM_LP_06_SYNTHETIC_STU03556,RANDOM_LP_06_SYNTHETIC_0121
RANDOM_LP_06_SYNTHETIC_STU03556,RANDOM_LP_06_SYNTHETIC_0267
RANDOM_LP_06_SYNTHETIC_STU03556,RANDOM_LP_06_SYNTHETIC_0487
RANDOM_LP_06_SYNTHETIC_STU03557,RANDOM_LP_06_SYNTHETIC_0391
RANDOM_LP_06_SYNTHETIC_STU03558,RANDOM_LP_06_SYNTHETIC_0033
RANDOM_LP_06_SYNTHETIC_STU03558,RANDOM_LP_06_SYNTHETIC_0313
RANDOM_LP_06_SYNTHETIC_STU03559,RANDOM_LP_06_SYNTHETIC_0212
RANDOM_LP_06_SYNTHETIC_STU03560,RANDOM_LP_06_SYNTHETIC_0109
RANDOM_LP_06_SYNTHETIC_STU03560,RANDOM_LP_06_SYNTHETIC_0256
RANDOM_LP_06_SYNTHETIC_STU03561,RANDOM_LP_06_SYNTHETIC_0015
RANDOM_LP_06_SYNTHETIC_STU03561,RANDOM_LP_06_SYNTHETIC_0359
RANDOM_LP_06_SYNTHETIC_STU03562,RANDOM_LP_06_SYNTHETIC_0104
RANDOM_LP_06_SYNTHETIC_STU03562,RANDOM_LP_06_SYNTHETIC_0319
RANDOM_LP_06_SYNTHETIC_STU03562,RANDOM_LP_06_SYNTHETIC_0344
RANDOM_LP_06_SYNTHETIC_STU03562,RANDOM_LP_06_SYNTHETIC_0476
RANDOM_LP_06_SYNTHETIC_STU03563,RANDOM_LP_06_SYNTHETIC_0490
RANDOM_LP_06_SYNTHETIC_STU03564,RANDOM_LP_06_SYNTHETIC_0052
RANDOM_LP_06_SYNTHETIC_STU03564,RANDOM_LP_06_SYNTHETIC_0087
RANDOM_LP_06_SYNTHETIC_STU03565,RANDOM_LP_06_SYNTHETIC_0081
RANDOM_LP_06_SYNTHETIC_STU03565,RANDOM_LP_06_SYNTHETIC_0328
RANDOM_LP_06_SYNTHETIC_STU03565,RANDOM_LP_06_SYNTHETIC_0416
RANDOM_LP_06_SYNTHETIC_STU03565,RANDOM_LP_06_SYNTHETIC_0494
RANDOM_LP_06_SYNTHETIC_STU03566,RANDOM_LP_06_SYNTHETIC_0416
RANDOM_LP_06_SYNTHETIC_STU03566,RANDOM_LP_06_SYNTHETIC_0435
RANDOM_LP_06_SYNTHETIC_STU03566,RANDOM_LP_06_SYNTHETIC_0498
RANDOM_LP_06_SYNTHETIC_STU03567,RANDOM_LP_06_SYNTHETIC_0094
RANDOM_LP_06_SYNTHETIC_STU03567,RANDOM_LP_06_SYNTHETIC_0343
RANDOM_LP_06_SYNTHETIC_STU03568,RANDOM_LP_06_SYNTHETIC_0340
RANDOM_LP_06_SYNTHETIC_STU03568,RANDOM_LP_06_SYNTHETIC_0365
RANDOM_LP_06_SYNTHETIC_STU03569,RANDOM_LP_06_SYNTHETIC_0023
RANDOM_LP_06_SYNTHETIC_STU03569,RANDOM_LP_06_SYNTHETIC_0046
RANDOM_LP_06_SYNTHETIC_STU03569,RANDOM_LP_06_SYNTHETIC_0259
RANDOM_LP_06_SYNTHETIC_STU03569,RANDOM_LP_06_SYNTHETIC_0360
RANDOM_LP_06_SYNTHETIC_STU03569,RANDOM_LP_06_SYNTHETIC_0410
RANDOM_LP_06_SYNTHETIC_STU03569,RANDOM_LP_06_SYNTHETIC_0449
RANDOM_LP_06_SYNTHETIC_STU03570,RANDOM_LP_06_SYNTHETIC_0396
RANDOM_LP_06_SYNTHETIC_STU03571,RANDOM_LP_06_SYNTHETIC_0012
RANDOM_LP_06_SYNTHETIC_STU03571,RANDOM_LP_06_SYNTHETIC_0066
RANDOM_LP_06_SYNTHETIC_STU03571,RANDOM_LP_06_SYNTHETIC_0079
RANDOM_LP_06_SYNTHETIC_STU03571,RANDOM_LP_06_SYNTHETIC_0089
RANDOM_LP_06_SYNTHETIC_STU03571,RANDOM_LP_06_SYNTHETIC_0184
RANDOM_LP_06_SYNTHETIC_STU03571,RANDOM_LP_06_SYNTHETIC_0298
RANDOM_LP_06_SYNTHETIC_STU03571,RANDOM_LP_06_SYNTHETIC_0326
RANDOM_LP_06_SYNTHETIC_STU03572,RANDOM_LP_06_SYNTHETIC_0328
RANDOM_LP_06_SYNTHETIC_STU03572,RANDOM_LP_06_SYNTHETIC_0367
RANDOM_LP_06_SYNTHETIC_STU03572,RANDOM_LP_06_SYNTHETIC_0449
RANDOM_LP_06_SYNTHETIC_STU03573,RANDOM_LP_06_SYNTHETIC_0211
RANDOM_LP_06_SYNTHETIC_STU03573,RANDOM_LP_06_SYNTHETIC_0438
RANDOM_LP_06_SYNTHETIC_STU03573,RANDOM_LP_06_SYNTHETIC_0444
RANDOM_LP_06_SYNTHETIC_STU03574,RANDOM_LP_06_SYNTHETIC_0044
RANDOM_LP_06_SYNTHETIC_STU03574,RANDOM_LP_06_SYNTHETIC_0075
RANDOM_LP_06_SYNTHETIC_STU03574,RANDOM_LP_06_SYNTHETIC_0266
RANDOM_LP_06_SYNTHETIC_STU03574,RANDOM_LP_06_SYNTHETIC_0291
RANDOM_LP_06_SYNTHETIC_STU03575,RANDOM_LP_06_SYNTHETIC_0039
RANDOM_LP_06_SYNTHETIC_STU03575,RANDOM_LP_06_SYNTHETIC_0381
RANDOM_LP_06_SYNTHETIC_STU03575,RANDOM_LP_06_SYNTHETIC_0409
RANDOM_LP_06_SYNTHETIC_STU03576,RANDOM_LP_06_SYNTHETIC_0174
RANDOM_LP_06_SYNTHETIC_STU03576,RANDOM_LP_06_SYNTHETIC_0277
RANDOM_LP_06_SYNTHETIC_STU03576,RANDOM_LP_06_SYNTHETIC_0358
RANDOM_LP_06_SYNTHETIC_STU03577,RANDOM_LP_06_SYNTHETIC_0021
RANDOM_LP_06_SYNTHETIC_STU03577,RANDOM_LP_06_SYNTHETIC_0380
RANDOM_LP_06_SYNTHETIC_STU03578,RANDOM_LP_06_SYNTHETIC_0033
RANDOM_LP_06_SYNTHETIC_STU03579,RANDOM_LP_06_SYNTHETIC_0216
RANDOM_LP_06_SYNTHETIC_STU03580,RANDOM_LP_06_SYNTHETIC_0169
RANDOM_LP_06_SYNTHETIC_STU03580,RANDOM_LP_06_SYNTHETIC_0218
RANDOM_LP_06_SYNTHETIC_STU03580,RANDOM_LP_06_SYNTHETIC_0389
RANDOM_LP_06_SYNTHETIC_STU03580,RANDOM_LP_06_SYNTHETIC_0449
RANDOM_LP_06_SYNTHETIC_STU03581,RANDOM_LP_06_SYNTHETIC_0028
RANDOM_LP_06_SYNTHETIC_STU03581,RANDOM_LP_06_SYNTHETIC_0037
RANDOM_LP_06_SYNTHETIC_STU03581,RANDOM_LP_06_SYNTHETIC_0152
RANDOM_LP_06_SYNTHETIC_STU03581,RANDOM_LP_06_SYNTHETIC_0159
RANDOM_LP_06_SYNTHETIC_STU03581,RANDOM_LP_06_SYNTHETIC_0305
RANDOM_LP_06_SYNTHETIC_STU03581,RANDOM_LP_06_SYNTHETIC_0370
RANDOM_LP_06_SYNTHETIC_STU03582,RANDOM_LP_06_SYNTHETIC_0069
RANDOM_LP_06_SYNTHETIC_STU03582,RANDOM_LP_06_SYNTHETIC_0363
RANDOM_LP_06_SYNTHETIC_STU03583,RANDOM_LP_06_SYNTHETIC_0445
RANDOM_LP_06_SYNTHETIC_STU03583,RANDOM_LP_06_SYNTHETIC_0460
RANDOM_LP_06_SYNTHETIC_STU03583,RANDOM_LP_06_SYNTHETIC_0468
RANDOM_LP_06_SYNTHETIC_STU03584,RANDOM_LP_06_SYNTHETIC_0006
RANDOM_LP_06_SYNTHETIC_STU03584,RANDOM_LP_06_SYNTHETIC_0029
RANDOM_LP_06_SYNTHETIC_STU03584,RANDOM_LP_06_SYNTHETIC_0326
RANDOM_LP_06_SYNTHETIC_STU03584,RANDOM_LP_06_SYNTHETIC_0383
RANDOM_LP_06_SYNTHETIC_STU03584,RANDOM_LP_06_SYNTHETIC_0497
RANDOM_LP_06_SYNTHETIC_STU03585,RANDOM_LP_06_SYNTHETIC_0029
RANDOM_LP_06_SYNTHETIC_STU03585,RANDOM_LP_06_SYNTHETIC_0280
RANDOM_LP_06_SYNTHETIC_STU03586,RANDOM_LP_06_SYNTHETIC_0145
RANDOM_LP_06_SYNTHETIC_STU03586,RANDOM_LP_06_SYNTHETIC_0386
RANDOM_LP_06_SYNTHETIC_STU03587,RANDOM_LP_06_SYNTHETIC_0275
RANDOM_LP_06_SYNTHETIC_STU03587,RANDOM_LP_06_SYNTHETIC_0317
RANDOM_LP_06_SYNTHETIC_STU03588,RANDOM_LP_06_SYNTHETIC_0187
RANDOM_LP_06_SYNTHETIC_STU03588,RANDOM_LP_06_SYNTHETIC_0216
RANDOM_LP_06_SYNTHETIC_STU03588,RANDOM_LP_06_SYNTHETIC_0382
RANDOM_LP_06_SYNTHETIC_STU03589,RANDOM_LP_06_SYNTHETIC_0065
RANDOM_LP_06_SYNTHETIC_STU03589,RANDOM_LP_06_SYNTHETIC_0275
RANDOM_LP_06_SYNTHETIC_STU03590,RANDOM_LP_06_SYNTHETIC_0164
RANDOM_LP_06_SYNTHETIC_STU03590,RANDOM_LP_06_SYNTHETIC_0398
RANDOM_LP_06_SYNTHETIC_STU03590,RANDOM_LP_06_SYNTHETIC_0452
RANDOM_LP_06_SYNTHETIC_STU03590,RANDOM_LP_06_SYNTHETIC_0475
RANDOM_LP_06_SYNTHETIC_STU03590,RANDOM_LP_06_SYNTHETIC_0483
RANDOM_LP_06_SYNTHETIC_STU03591,RANDOM_LP_06_SYNTHETIC_0052
RANDOM_LP_06_SYNTHETIC_STU03591,RANDOM_LP_06_SYNTHETIC_0296
RANDOM_LP_06_SYNTHETIC_STU03592,RANDOM_LP_06_SYNTHETIC_0047
RANDOM_LP_06_SYNTHETIC_STU03592,RANDOM_LP_06_SYNTHETIC_0062
RANDOM_LP_06_SYNTHETIC_STU03592,RANDOM_LP_06_SYNTHETIC_0112
RANDOM_LP_06_SYNTHETIC_STU03592,RANDOM_LP_06_SYNTHETIC_0178
RANDOM_LP_06_SYNTHETIC_STU03592,RANDOM_LP_06_SYNTHETIC_0195
RANDOM_LP_06_SYNTHETIC_STU03592,RANDOM_LP_06_SYNTHETIC_0248
RANDOM_LP_06_SYNTHETIC_STU03593,RANDOM_LP_06_SYNTHETIC_0016
RANDOM_LP_06_SYNTHETIC_STU03593,RANDOM_LP_06_SYNTHETIC_0218
RANDOM_LP_06_SYNTHETIC_STU03593,RANDOM_LP_06_SYNTHETIC_0312
RANDOM_LP_06_SYNTHETIC_STU03594,RANDOM_LP_06_SYNTHETIC_0178
RANDOM_LP_06_SYNTHETIC_STU03594,RANDOM_LP_06_SYNTHETIC_0256
RANDOM_LP_06_SYNTHETIC_STU03594,RANDOM_LP_06_SYNTHETIC_0379
RANDOM_LP_06_SYNTHETIC_STU03594,RANDOM_LP_06_SYNTHETIC_0454
RANDOM_LP_06_SYNTHETIC_STU03595,RANDOM_LP_06_SYNTHETIC_0178
RANDOM_LP_06_SYNTHETIC_STU03595,RANDOM_LP_06_SYNTHETIC_0325
RANDOM_LP_06_SYNTHETIC_STU03595,RANDOM_LP_06_SYNTHETIC_0438
RANDOM_LP_06_SYNTHETIC_STU03596,RANDOM_LP_06_SYNTHETIC_0006
RANDOM_LP_06_SYNTHETIC_STU03596,RANDOM_LP_06_SYNTHETIC_0180
RANDOM_LP_06_SYNTHETIC_STU03596,RANDOM_LP_06_SYNTHETIC_0203
RANDOM_LP_06_SYNTHETIC_STU03596,RANDOM_LP_06_SYNTHETIC_0422
RANDOM_LP_06_SYNTHETIC_STU03596,RANDOM_LP_06_SYNTHETIC_0481
RANDOM_LP_06_SYNTHETIC_STU03597,RANDOM_LP_06_SYNTHETIC_0073
RANDOM_LP_06_SYNTHETIC_STU03597,RANDOM_LP_06_SYNTHETIC_0074
RANDOM_LP_06_SYNTHETIC_STU03597,RANDOM_LP_06_SYNTHETIC_0250
RANDOM_LP_06_SYNTHETIC_STU03597,RANDOM_LP_06_SYNTHETIC_0281
RANDOM_LP_06_SYNTHETIC_STU03597,RANDOM_LP_06_SYNTHETIC_0350
RANDOM_LP_06_SYNTHETIC_STU03597,RANDOM_LP_06_SYNTHETIC_0444
RANDOM_LP_06_SYNTHETIC_STU03598,RANDOM_LP_06_SYNTHETIC_0081
RANDOM_LP_06_SYNTHETIC_STU03598,RANDOM_LP_06_SYNTHETIC_0451
RANDOM_LP_06_SYNTHETIC_STU03599,RANDOM_LP_06_SYNTHETIC_0046
RANDOM_LP_06_SYNTHETIC_STU03599,RANDOM_LP_06_SYNTHETIC_0079
RANDOM_LP_06_SYNTHETIC_STU03599,RANDOM_LP_06_SYNTHETIC_0351
RANDOM_LP_06_SYNTHETIC_STU03600,RANDOM_LP_06_SYNTHETIC_0002
RANDOM_LP_06_SYNTHETIC_STU03600,RANDOM_LP_06_SYNTHETIC_0073
RANDOM_LP_06_SYNTHETIC_STU03600,RANDOM_LP_06_SYNTHETIC_0380
RANDOM_LP_06_SYNTHETIC_STU03600,RANDOM_LP_06_SYNTHETIC_0417
RANDOM_LP_06_SYNTHETIC_STU03600,RANDOM_LP_06_SYNTHETIC_0500
RANDOM_LP_06_SYNTHETIC_STU03601,RANDOM_LP_06_SYNTHETIC_0079
RANDOM_LP_06_SYNTHETIC_STU03601,RANDOM_LP_06_SYNTHETIC_0209
RANDOM_LP_06_SYNTHETIC_STU03601,RANDOM_LP_06_SYNTHETIC_0221
RANDOM_LP_06_SYNTHETIC_STU03601,RANDOM_LP_06_SYNTHETIC_0423
RANDOM_LP_06_SYNTHETIC_STU03601,RANDOM_LP_06_SYNTHETIC_0433
RANDOM_LP_06_SYNTHETIC_STU03601,RANDOM_LP_06_SYNTHETIC_0453
RANDOM_LP_06_SYNTHETIC_STU03602,RANDOM_LP_06_SYNTHETIC_0181
RANDOM_LP_06_SYNTHETIC_STU03602,RANDOM_LP_06_SYNTHETIC_0388
RANDOM_LP_06_SYNTHETIC_STU03603,RANDOM_LP_06_SYNTHETIC_0078
RANDOM_LP_06_SYNTHETIC_STU03603,RANDOM_LP_06_SYNTHETIC_0298
RANDOM_LP_06_SYNTHETIC_STU03603,RANDOM_LP_06_SYNTHETIC_0365
RANDOM_LP_06_SYNTHETIC_STU03603,RANDOM_LP_06_SYNTHETIC_0467
RANDOM_LP_06_SYNTHETIC_STU03603,RANDOM_LP_06_SYNTHETIC_0498
RANDOM_LP_06_SYNTHETIC_STU03604,RANDOM_LP_06_SYNTHETIC_0059
RANDOM_LP_06_SYNTHETIC_STU03604,RANDOM_LP_06_SYNTHETIC_0415
RANDOM_LP_06_SYNTHETIC_STU03604,RANDOM_LP_06_SYNTHETIC_0460
RANDOM_LP_06_SYNTHETIC_STU03604,RANDOM_LP_06_SYNTHETIC_0500
RANDOM_LP_06_SYNTHETIC_STU03605,RANDOM_LP_06_SYNTHETIC_0369
RANDOM_LP_06_SYNTHETIC_STU03605,RANDOM_LP_06_SYNTHETIC_0429
RANDOM_LP_06_SYNTHETIC_STU03606,RANDOM_LP_06_SYNTHETIC_0019
RANDOM_LP_06_SYNTHETIC_STU03606,RANDOM_LP_06_SYNTHETIC_0227
RANDOM_LP_06_SYNTHETIC_STU03607,RANDOM_LP_06_SYNTHETIC_0053
RANDOM_LP_06_SYNTHETIC_STU03607,RANDOM_LP_06_SYNTHETIC_0057
RANDOM_LP_06_SYNTHETIC_STU03607,RANDOM_LP_06_SYNTHETIC_0170
RANDOM_LP_06_SYNTHETIC_STU03608,RANDOM_LP_06_SYNTHETIC_0016
RANDOM_LP_06_SYNTHETIC_STU03608,RANDOM_LP_06_SYNTHETIC_0090
RANDOM_LP_06_SYNTHETIC_STU03609,RANDOM_LP_06_SYNTHETIC_0078
RANDOM_LP_06_SYNTHETIC_STU03609,RANDOM_LP_06_SYNTHETIC_0268
RANDOM_LP_06_SYNTHETIC_STU03609,RANDOM_LP_06_SYNTHETIC_0379
RANDOM_LP_06_SYNTHETIC_STU03610,RANDOM_LP_06_SYNTHETIC_0152
RANDOM_LP_06_SYNTHETIC_STU03611,RANDOM_LP_06_SYNTHETIC_0143
RANDOM_LP_06_SYNTHETIC_STU03611,RANDOM_LP_06_SYNTHETIC_0408
RANDOM_LP_06_SYNTHETIC_STU03612,RANDOM_LP_06_SYNTHETIC_0013
RANDOM_LP_06_SYNTHETIC_STU03612,RANDOM_LP_06_SYNTHETIC_0314
RANDOM_LP_06_SYNTHETIC_STU03612,RANDOM_LP_06_SYNTHETIC_0400
RANDOM_LP_06_SYNTHETIC_STU03613,RANDOM_LP_06_SYNTHETIC_0123
RANDOM_LP_06_SYNTHETIC_STU03613,RANDOM_LP_06_SYNTHETIC_0410
RANDOM_LP_06_SYNTHETIC_STU03613,RANDOM_LP_06_SYNTHETIC_0469
RANDOM_LP_06_SYNTHETIC_STU03614,RANDOM_LP_06_SYNTHETIC_0137
RANDOM_LP_06_SYNTHETIC_STU03614,RANDOM_LP_06_SYNTHETIC_0321
RANDOM_LP_06_SYNTHETIC_STU03614,RANDOM_LP_06_SYNTHETIC_0423
RANDOM_LP_06_SYNTHETIC_STU03615,RANDOM_LP_06_SYNTHETIC_0031
RANDOM_LP_06_SYNTHETIC_STU03615,RANDOM_LP_06_SYNTHETIC_0072
RANDOM_LP_06_SYNTHETIC_STU03615,RANDOM_LP_06_SYNTHETIC_0118
RANDOM_LP_06_SYNTHETIC_STU03616,RANDOM_LP_06_SYNTHETIC_0405
RANDOM_LP_06_SYNTHETIC_STU03617,RANDOM_LP_06_SYNTHETIC_0125
RANDOM_LP_06_SYNTHETIC_STU03617,RANDOM_LP_06_SYNTHETIC_0357
RANDOM_LP_06_SYNTHETIC_STU03618,RANDOM_LP_06_SYNTHETIC_0019
RANDOM_LP_06_SYNTHETIC_STU03618,RANDOM_LP_06_SYNTHETIC_0073
RANDOM_LP_06_SYNTHETIC_STU03618,RANDOM_LP_06_SYNTHETIC_0281
RANDOM_LP_06_SYNTHETIC_STU03619,RANDOM_LP_06_SYNTHETIC_0383
RANDOM_LP_06_SYNTHETIC_STU03619,RANDOM_LP_06_SYNTHETIC_0427
RANDOM_LP_06_SYNTHETIC_STU03619,RANDOM_LP_06_SYNTHETIC_0469
RANDOM_LP_06_SYNTHETIC_STU03619,RANDOM_LP_06_SYNTHETIC_0485
RANDOM_LP_06_SYNTHETIC_STU03620,RANDOM_LP_06_SYNTHETIC_0161
RANDOM_LP_06_SYNTHETIC_STU03620,RANDOM_LP_06_SYNTHETIC_0211
RANDOM_LP_06_SYNTHETIC_STU03620,RANDOM_LP_06_SYNTHETIC_0246
RANDOM_LP_06_SYNTHETIC_STU03620,RANDOM_LP_06_SYNTHETIC_0476
RANDOM_LP_06_SYNTHETIC_STU03621,RANDOM_LP_06_SYNTHETIC_0079
RANDOM_LP_06_SYNTHETIC_STU03621,RANDOM_LP_06_SYNTHETIC_0306
RANDOM_LP_06_SYNTHETIC_STU03621,RANDOM_LP_06_SYNTHETIC_0423
RANDOM_LP_06_SYNTHETIC_STU03622,RANDOM_LP_06_SYNTHETIC_0074
RANDOM_LP_06_SYNTHETIC_STU03622,RANDOM_LP_06_SYNTHETIC_0148
RANDOM_LP_06_SYNTHETIC_STU03622,RANDOM_LP_06_SYNTHETIC_0261
RANDOM_LP_06_SYNTHETIC_STU03622,RANDOM_LP_06_SYNTHETIC_0438
RANDOM_LP_06_SYNTHETIC_STU03622,RANDOM_LP_06_SYNTHETIC_0471
RANDOM_LP_06_SYNTHETIC_STU03623,RANDOM_LP_06_SYNTHETIC_0021
RANDOM_LP_06_SYNTHETIC_STU03623,RANDOM_LP_06_SYNTHETIC_0042
RANDOM_LP_06_SYNTHETIC_STU03624,RANDOM_LP_06_SYNTHETIC_0074
RANDOM_LP_06_SYNTHETIC_STU03624,RANDOM_LP_06_SYNTHETIC_0250
RANDOM_LP_06_SYNTHETIC_STU03624,RANDOM_LP_06_SYNTHETIC_0420
RANDOM_LP_06_SYNTHETIC_STU03624,RANDOM_LP_06_SYNTHETIC_0448
RANDOM_LP_06_SYNTHETIC_STU03625,RANDOM_LP_06_SYNTHETIC_0062
RANDOM_LP_06_SYNTHETIC_STU03625,RANDOM_LP_06_SYNTHETIC_0140
RANDOM_LP_06_SYNTHETIC_STU03625,RANDOM_LP_06_SYNTHETIC_0357
RANDOM_LP_06_SYNTHETIC_STU03626,RANDOM_LP_06_SYNTHETIC_0101
RANDOM_LP_06_SYNTHETIC_STU03626,RANDOM_LP_06_SYNTHETIC_0231
RANDOM_LP_06_SYNTHETIC_STU03626,RANDOM_LP_06_SYNTHETIC_0305
RANDOM_LP_06_SYNTHETIC_STU03627,RANDOM_LP_06_SYNTHETIC_0410
RANDOM_LP_06_SYNTHETIC_STU03627,RANDOM_LP_06_SYNTHETIC_0470
RANDOM_LP_06_SYNTHETIC_STU03628,RANDOM_LP_06_SYNTHETIC_0375
RANDOM_LP_06_SYNTHETIC_STU03629,RANDOM_LP_06_SYNTHETIC_0128
RANDOM_LP_06_SYNTHETIC_STU03629,RANDOM_LP_06_SYNTHETIC_0355
RANDOM_LP_06_SYNTHETIC_STU03630,RANDOM_LP_06_SYNTHETIC_0290
RANDOM_LP_06_SYNTHETIC_STU03631,RANDOM_LP_06_SYNTHETIC_0473
RANDOM_LP_06_SYNTHETIC_STU03632,RANDOM_LP_06_SYNTHETIC_0395
RANDOM_LP_06_SYNTHETIC_STU03632,RANDOM_LP_06_SYNTHETIC_0418
RANDOM_LP_06_SYNTHETIC_STU03633,RANDOM_LP_06_SYNTHETIC_0074
RANDOM_LP_06_SYNTHETIC_STU03633,RANDOM_LP_06_SYNTHETIC_0100
RANDOM_LP_06_SYNTHETIC_STU03633,RANDOM_LP_06_SYNTHETIC_0407
RANDOM_LP_06_SYNTHETIC_STU03633,RANDOM_LP_06_SYNTHETIC_0449
RANDOM_LP_06_SYNTHETIC_STU03634,RANDOM_LP_06_SYNTHETIC_0050
RANDOM_LP_06_SYNTHETIC_STU03634,RANDOM_LP_06_SYNTHETIC_0277
RANDOM_LP_06_SYNTHETIC_STU03635,RANDOM_LP_06_SYNTHETIC_0081
RANDOM_LP_06_SYNTHETIC_STU03635,RANDOM_LP_06_SYNTHETIC_0135
RANDOM_LP_06_SYNTHETIC_STU03635,RANDOM_LP_06_SYNTHETIC_0351
RANDOM_LP_06_SYNTHETIC_STU03635,RANDOM_LP_06_SYNTHETIC_0410
RANDOM_LP_06_SYNTHETIC_STU03636,RANDOM_LP_06_SYNTHETIC_0052
RANDOM_LP_06_SYNTHETIC_STU03636,RANDOM_LP_06_SYNTHETIC_0137
RANDOM_LP_06_SYNTHETIC_STU03636,RANDOM_LP_06_SYNTHETIC_0171
RANDOM_LP_06_SYNTHETIC_STU03636,RANDOM_LP_06_SYNTHETIC_0410
RANDOM_LP_06_SYNTHETIC_STU03637,RANDOM_LP_06_SYNTHETIC_0351
RANDOM_LP_06_SYNTHETIC_STU03637,RANDOM_LP_06_SYNTHETIC_0398
RANDOM_LP_06_SYNTHETIC_STU03637,RANDOM_LP_06_SYNTHETIC_0494
RANDOM_LP_06_SYNTHETIC_STU03638,RANDOM_LP_06_SYNTHETIC_0033
RANDOM_LP_06_SYNTHETIC_STU03638,RANDOM_LP_06_SYNTHETIC_0143
RANDOM_LP_06_SYNTHETIC_STU03638,RANDOM_LP_06_SYNTHETIC_0320
RANDOM_LP_06_SYNTHETIC_STU03639,RANDOM_LP_06_SYNTHETIC_0365
RANDOM_LP_06_SYNTHETIC_STU03640,RANDOM_LP_06_SYNTHETIC_0004
RANDOM_LP_06_SYNTHETIC_STU03640,RANDOM_LP_06_SYNTHETIC_0156
RANDOM_LP_06_SYNTHETIC_STU03640,RANDOM_LP_06_SYNTHETIC_0172
RANDOM_LP_06_SYNTHETIC_STU03640,RANDOM_LP_06_SYNTHETIC_0184
RANDOM_LP_06_SYNTHETIC_STU03641,RANDOM_LP_06_SYNTHETIC_0184
RANDOM_LP_06_SYNTHETIC_STU03641,RANDOM_LP_06_SYNTHETIC_0199
RANDOM_LP_06_SYNTHETIC_STU03641,RANDOM_LP_06_SYNTHETIC_0435
RANDOM_LP_06_SYNTHETIC_STU03642,RANDOM_LP_06_SYNTHETIC_0067
RANDOM_LP_06_SYNTHETIC_STU03642,RANDOM_LP_06_SYNTHETIC_0145
RANDOM_LP_06_SYNTHETIC_STU03642,RANDOM_LP_06_SYNTHETIC_0218
RANDOM_LP_06_SYNTHETIC_STU03642,RANDOM_LP_06_SYNTHETIC_0476
RANDOM_LP_06_SYNTHETIC_STU03643,RANDOM_LP_06_SYNTHETIC_0078
RANDOM_LP_06_SYNTHETIC_STU03643,RANDOM_LP_06_SYNTHETIC_0337
RANDOM_LP_06_SYNTHETIC_STU03643,RANDOM_LP_06_SYNTHETIC_0423
RANDOM_LP_06_SYNTHETIC_STU03644,RANDOM_LP_06_SYNTHETIC_0057
RANDOM_LP_06_SYNTHETIC_STU03644,RANDOM_LP_06_SYNTHETIC_0066
RANDOM_LP_06_SYNTHETIC_STU03644,RANDOM_LP_06_SYNTHETIC_0081
RANDOM_LP_06_SYNTHETIC_STU03644,RANDOM_LP_06_SYNTHETIC_0082
RANDOM_LP_06_SYNTHETIC_STU03644,RANDOM_LP_06_SYNTHETIC_0296
RANDOM_LP_06_SYNTHETIC_STU03645,RANDOM_LP_06_SYNTHETIC_0029
RANDOM_LP_06_SYNTHETIC_STU03645,RANDOM_LP_06_SYNTHETIC_0080
RANDOM_LP_06_SYNTHETIC_STU03645,RANDOM_LP_06_SYNTHETIC_0240
RANDOM_LP_06_SYNTHETIC_STU03645,RANDOM_LP_06_SYNTHETIC_0382
RANDOM_LP_06_SYNTHETIC_STU03645,RANDOM_LP_06_SYNTHETIC_0417
RANDOM_LP_06_SYNTHETIC_STU03645,RANDOM_LP_06_SYNTHETIC_0494
RANDOM_LP_06_SYNTHETIC_STU03646,RANDOM_LP_06_SYNTHETIC_0382
RANDOM_LP_06_SYNTHETIC_STU03647,RANDOM_LP_06_SYNTHETIC_0183
RANDOM_LP_06_SYNTHETIC_STU03647,RANDOM_LP_06_SYNTHETIC_0337
RANDOM_LP_06_SYNTHETIC_STU03647,RANDOM_LP_06_SYNTHETIC_0475
RANDOM_LP_06_SYNTHETIC_STU03648,RANDOM_LP_06_SYNTHETIC_0023
RANDOM_LP_06_SYNTHETIC_STU03648,RANDOM_LP_06_SYNTHETIC_0345
RANDOM_LP_06_SYNTHETIC_STU03648,RANDOM_LP_06_SYNTHETIC_0377
RANDOM_LP_06_SYNTHETIC_STU03649,RANDOM_LP_06_SYNTHETIC_0140
RANDOM_LP_06_SYNTHETIC_STU03649,RANDOM_LP_06_SYNTHETIC_0215
RANDOM_LP_06_SYNTHETIC_STU03649,RANDOM_LP_06_SYNTHETIC_0475
RANDOM_LP_06_SYNTHETIC_STU03650,RANDOM_LP_06_SYNTHETIC_0104
RANDOM_LP_06_SYNTHETIC_STU03650,RANDOM_LP_06_SYNTHETIC_0397
RANDOM_LP_06_SYNTHETIC_STU03650,RANDOM_LP_06_SYNTHETIC_0495
RANDOM_LP_06_SYNTHETIC_STU03651,RANDOM_LP_06_SYNTHETIC_0079
RANDOM_LP_06_SYNTHETIC_STU03651,RANDOM_LP_06_SYNTHETIC_0364
RANDOM_LP_06_SYNTHETIC_STU03651,RANDOM_LP_06_SYNTHETIC_0370
RANDOM_LP_06_SYNTHETIC_STU03652,RANDOM_LP_06_SYNTHETIC_0054
RANDOM_LP_06_SYNTHETIC_STU03653,RANDOM_LP_06_SYNTHETIC_0147
RANDOM_LP_06_SYNTHETIC_STU03653,RANDOM_LP_06_SYNTHETIC_0164
RANDOM_LP_06_SYNTHETIC_STU03654,RANDOM_LP_06_SYNTHETIC_0124
RANDOM_LP_06_SYNTHETIC_STU03654,RANDOM_LP_06_SYNTHETIC_0186
RANDOM_LP_06_SYNTHETIC_STU03655,RANDOM_LP_06_SYNTHETIC_0122
RANDOM_LP_06_SYNTHETIC_STU03655,RANDOM_LP_06_SYNTHETIC_0467
RANDOM_LP_06_SYNTHETIC_STU03656,RANDOM_LP_06_SYNTHETIC_0047
RANDOM_LP_06_SYNTHETIC_STU03656,RANDOM_LP_06_SYNTHETIC_0074
RANDOM_LP_06_SYNTHETIC_STU03656,RANDOM_LP_06_SYNTHETIC_0275
RANDOM_LP_06_SYNTHETIC_STU03656,RANDOM_LP_06_SYNTHETIC_0472
RANDOM_LP_06_SYNTHETIC_STU03657,RANDOM_LP_06_SYNTHETIC_0203
RANDOM_LP_06_SYNTHETIC_STU03657,RANDOM_LP_06_SYNTHETIC_0485
RANDOM_LP_06_SYNTHETIC_STU03658,RANDOM_LP_06_SYNTHETIC_0112
RANDOM_LP_06_SYNTHETIC_STU03658,RANDOM_LP_06_SYNTHETIC_0169
RANDOM_LP_06_SYNTHETIC_STU03658,RANDOM_LP_06_SYNTHETIC_0175
RANDOM_LP_06_SYNTHETIC_STU03658,RANDOM_LP_06_SYNTHETIC_0178
RANDOM_LP_06_SYNTHETIC_STU03658,RANDOM_LP_06_SYNTHETIC_0405
RANDOM_LP_06_SYNTHETIC_STU03659,RANDOM_LP_06_SYNTHETIC_0044
RANDOM_LP_06_SYNTHETIC_STU03659,RANDOM_LP_06_SYNTHETIC_0347
RANDOM_LP_06_SYNTHETIC_STU03660,RANDOM_LP_06_SYNTHETIC_0037
RANDOM_LP_06_SYNTHETIC_STU03660,RANDOM_LP_06_SYNTHETIC_0079
RANDOM_LP_06_SYNTHETIC_STU03660,RANDOM_LP_06_SYNTHETIC_0253
RANDOM_LP_06_SYNTHETIC_STU03660,RANDOM_LP_06_SYNTHETIC_0393
RANDOM_LP_06_SYNTHETIC_STU03661,RANDOM_LP_06_SYNTHETIC_0357
RANDOM_LP_06_SYNTHETIC_STU03662,RANDOM_LP_06_SYNTHETIC_0019
RANDOM_LP_06_SYNTHETIC_STU03662,RANDOM_LP_06_SYNTHETIC_0217
RANDOM_LP_06_SYNTHETIC_STU03662,RANDOM_LP_06_SYNTHETIC_0275
RANDOM_LP_06_SYNTHETIC_STU03663,RANDOM_LP_06_SYNTHETIC_0218
RANDOM_LP_06_SYNTHETIC_STU03663,RANDOM_LP_06_SYNTHETIC_0276
RANDOM_LP_06_SYNTHETIC_STU03664,RANDOM_LP_06_SYNTHETIC_0178
RANDOM_LP_06_SYNTHETIC_STU03664,RANDOM_LP_06_SYNTHETIC_0478
RANDOM_LP_06_SYNTHETIC_STU03665,RANDOM_LP_06_SYNTHETIC_0413
RANDOM_LP_06_SYNTHETIC_STU03666,RANDOM_LP_06_SYNTHETIC_0008
RANDOM_LP_06_SYNTHETIC_STU03666,RANDOM_LP_06_SYNTHETIC_0097
RANDOM_LP_06_SYNTHETIC_STU03667,RANDOM_LP_06_SYNTHETIC_0328
RANDOM_LP_06_SYNTHETIC_STU03667,RANDOM_LP_06_SYNTHETIC_0392
RANDOM_LP_06_SYNTHETIC_STU03668,RANDOM_LP_06_SYNTHETIC_0026
RANDOM_LP_06_SYNTHETIC_STU03668,RANDOM_LP_06_SYNTHETIC_0370
RANDOM_LP_06_SYNTHETIC_STU03669,RANDOM_LP_06_SYNTHETIC_0220
RANDOM_LP_06_SYNTHETIC_STU03669,RANDOM_LP_06_SYNTHETIC_0276
RANDOM_LP_06_SYNTHETIC_STU03670,RANDOM_LP_06_SYNTHETIC_0057
RANDOM_LP_06_SYNTHETIC_STU03670,RANDOM_LP_06_SYNTHETIC_0070
RANDOM_LP_06_SYNTHETIC_STU03670,RANDOM_LP_06_SYNTHETIC_0074
RANDOM_LP_06_SYNTHETIC_STU03670,RANDOM_LP_06_SYNTHETIC_0080
RANDOM_LP_06_SYNTHETIC_STU03670,RANDOM_LP_06_SYNTHETIC_0178
RANDOM_LP_06_SYNTHETIC_STU03670,RANDOM_LP_06_SYNTHETIC_0350
RANDOM_LP_06_SYNTHETIC_STU03670,RANDOM_LP_06_SYNTHETIC_0374
RANDOM_LP_06_SYNTHETIC_STU03670,RANDOM_LP_06_SYNTHETIC_0423
RANDOM_LP_06_SYNTHETIC_STU03671,RANDOM_LP_06_SYNTHETIC_0040
RANDOM_LP_06_SYNTHETIC_STU03671,RANDOM_LP_06_SYNTHETIC_0178
RANDOM_LP_06_SYNTHETIC_STU03671,RANDOM_LP_06_SYNTHETIC_0272
RANDOM_LP_06_SYNTHETIC_STU03671,RANDOM_LP_06_SYNTHETIC_0320
RANDOM_LP_06_SYNTHETIC_STU03672,RANDOM_LP_06_SYNTHETIC_0164
RANDOM_LP_06_SYNTHETIC_STU03672,RANDOM_LP_06_SYNTHETIC_0165
RANDOM_LP_06_SYNTHETIC_STU03672,RANDOM_LP_06_SYNTHETIC_0206
RANDOM_LP_06_SYNTHETIC_STU03672,RANDOM_LP_06_SYNTHETIC_0350
RANDOM_LP_06_SYNTHETIC_STU03673,RANDOM_LP_06_SYNTHETIC_0015
RANDOM_LP_06_SYNTHETIC_STU03673,RANDOM_LP_06_SYNTHETIC_0068
RANDOM_LP_06_SYNTHETIC_STU03673,RANDOM_LP_06_SYNTHETIC_0079
RANDOM_LP_06_SYNTHETIC_STU03673,RANDOM_LP_06_SYNTHETIC_0178
RANDOM_LP_06_SYNTHETIC_STU03673,RANDOM_LP_06_SYNTHETIC_0271
RANDOM_LP_06_SYNTHETIC_STU03674,RANDOM_LP_06_SYNTHETIC_0062
RANDOM_LP_06_SYNTHETIC_STU03674,RANDOM_LP_06_SYNTHETIC_0078
RANDOM_LP_06_SYNTHETIC_STU03674,RANDOM_LP_06_SYNTHETIC_0261
RANDOM_LP_06_SYNTHETIC_STU03674,RANDOM_LP_06_SYNTHETIC_0322
RANDOM_LP_06_SYNTHETIC_STU03675,RANDOM_LP_06_SYNTHETIC_0059
RANDOM_LP_06_SYNTHETIC_STU03675,RANDOM_LP_06_SYNTHETIC_0137
RANDOM_LP_06_SYNTHETIC_STU03675,RANDOM_LP_06_SYNTHETIC_0288
RANDOM_LP_06_SYNTHETIC_STU03676,RANDOM_LP_06_SYNTHETIC_0055
RANDOM_LP_06_SYNTHETIC_STU03676,RANDOM_LP_06_SYNTHETIC_0198
RANDOM_LP_06_SYNTHETIC_STU03677,RANDOM_LP_06_SYNTHETIC_0009
RANDOM_LP_06_SYNTHETIC_STU03677,RANDOM_LP_06_SYNTHETIC_0034
RANDOM_LP_06_SYNTHETIC_STU03677,RANDOM_LP_06_SYNTHETIC_0317
RANDOM_LP_06_SYNTHETIC_STU03677,RANDOM_LP_06_SYNTHETIC_0454
RANDOM_LP_06_SYNTHETIC_STU03678,RANDOM_LP_06_SYNTHETIC_0078
RANDOM_LP_06_SYNTHETIC_STU03678,RANDOM_LP_06_SYNTHETIC_0411
RANDOM_LP_06_SYNTHETIC_STU03679,RANDOM_LP_06_SYNTHETIC_0056
RANDOM_LP_06_SYNTHETIC_STU03679,RANDOM_LP_06_SYNTHETIC_0140
RANDOM_LP_06_SYNTHETIC_STU03680,RANDOM_LP_06_SYNTHETIC_0280
RANDOM_LP_06_SYNTHETIC_STU03681,RANDOM_LP_06_SYNTHETIC_0244
RANDOM_LP_06_SYNTHETIC_STU03681,RANDOM_LP_06_SYNTHETIC_0289
RANDOM_LP_06_SYNTHETIC_STU03681,RANDOM_LP_06_SYNTHETIC_0357
RANDOM_LP_06_SYNTHETIC_STU03681,RANDOM_LP_06_SYNTHETIC_0460
RANDOM_LP_06_SYNTHETIC_STU03682,RANDOM_LP_06_SYNTHETIC_0121
RANDOM_LP_06_SYNTHETIC_STU03682,RANDOM_LP_06_SYNTHETIC_0287
RANDOM_LP_06_SYNTHETIC_STU03682,RANDOM_LP_06_SYNTHETIC_0460
RANDOM_LP_06_SYNTHETIC_STU03682,RANDOM_LP_06_SYNTHETIC_0468
RANDOM_LP_06_SYNTHETIC_STU03683,RANDOM_LP_06_SYNTHETIC_0006
RANDOM_LP_06_SYNTHETIC_STU03683,RANDOM_LP_06_SYNTHETIC_0301
RANDOM_LP_06_SYNTHETIC_STU03683,RANDOM_LP_06_SYNTHETIC_0498
RANDOM_LP_06_SYNTHETIC_STU03684,RANDOM_LP_06_SYNTHETIC_0033
RANDOM_LP_06_SYNTHETIC_STU03684,RANDOM_LP_06_SYNTHETIC_0153
RANDOM_LP_06_SYNTHETIC_STU03684,RANDOM_LP_06_SYNTHETIC_0203
RANDOM_LP_06_SYNTHETIC_STU03684,RANDOM_LP_06_SYNTHETIC_0463
RANDOM_LP_06_SYNTHETIC_STU03685,RANDOM_LP_06_SYNTHETIC_0137
RANDOM_LP_06_SYNTHETIC_STU03685,RANDOM_LP_06_SYNTHETIC_0220
RANDOM_LP_06_SYNTHETIC_STU03686,RANDOM_LP_06_SYNTHETIC_0040
RANDOM_LP_06_SYNTHETIC_STU03686,RANDOM_LP_06_SYNTHETIC_0232
RANDOM_LP_06_SYNTHETIC_STU03687,RANDOM_LP_06_SYNTHETIC_0226
RANDOM_LP_06_SYNTHETIC_STU03687,RANDOM_LP_06_SYNTHETIC_0465
RANDOM_LP_06_SYNTHETIC_STU03688,RANDOM_LP_06_SYNTHETIC_0494
RANDOM_LP_06_SYNTHETIC_STU03689,RANDOM_LP_06_SYNTHETIC_0018
RANDOM_LP_06_SYNTHETIC_STU03689,RANDOM_LP_06_SYNTHETIC_0198
RANDOM_LP_06_SYNTHETIC_STU03689,RANDOM_LP_06_SYNTHETIC_0486
RANDOM_LP_06_SYNTHETIC_STU03690,RANDOM_LP_06_SYNTHETIC_0061
RANDOM_LP_06_SYNTHETIC_STU03690,RANDOM_LP_06_SYNTHETIC_0156
RANDOM_LP_06_SYNTHETIC_STU03690,RANDOM_LP_06_SYNTHETIC_0202
RANDOM_LP_06_SYNTHETIC_STU03690,RANDOM_LP_06_SYNTHETIC_0291
RANDOM_LP_06_SYNTHETIC_STU03690,RANDOM_LP_06_SYNTHETIC_0431
RANDOM_LP_06_SYNTHETIC_STU03690,RANDOM_LP_06_SYNTHETIC_0492
RANDOM_LP_06_SYNTHETIC_STU03691,RANDOM_LP_06_SYNTHETIC_0390
RANDOM_LP_06_SYNTHETIC_STU03692,RANDOM_LP_06_SYNTHETIC_0230
RANDOM_LP_06_SYNTHETIC_STU03692,RANDOM_LP_06_SYNTHETIC_0248
RANDOM_LP_06_SYNTHETIC_STU03692,RANDOM_LP_06_SYNTHETIC_0269
RANDOM_LP_06_SYNTHETIC_STU03693,RANDOM_LP_06_SYNTHETIC_0173
RANDOM_LP_06_SYNTHETIC_STU03693,RANDOM_LP_06_SYNTHETIC_0176
RANDOM_LP_06_SYNTHETIC_STU03694,RANDOM_LP_06_SYNTHETIC_0055
RANDOM_LP_06_SYNTHETIC_STU03694,RANDOM_LP_06_SYNTHETIC_0188
RANDOM_LP_06_SYNTHETIC_STU03695,RANDOM_LP_06_SYNTHETIC_0006
RANDOM_LP_06_SYNTHETIC_STU03695,RANDOM_LP_06_SYNTHETIC_0267
RANDOM_LP_06_SYNTHETIC_STU03695,RANDOM_LP_06_SYNTHETIC_0371
RANDOM_LP_06_SYNTHETIC_STU03695,RANDOM_LP_06_SYNTHETIC_0423
RANDOM_LP_06_SYNTHETIC_STU03696,RANDOM_LP_06_SYNTHETIC_0145
RANDOM_LP_06_SYNTHETIC_STU03696,RANDOM_LP_06_SYNTHETIC_0319
RANDOM_LP_06_SYNTHETIC_STU03697,RANDOM_LP_06_SYNTHETIC_0016
RANDOM_LP_06_SYNTHETIC_STU03697,RANDOM_LP_06_SYNTHETIC_0040
RANDOM_LP_06_SYNTHETIC_STU03697,RANDOM_LP_06_SYNTHETIC_0043
RANDOM_LP_06_SYNTHETIC_STU03698,RANDOM_LP_06_SYNTHETIC_0057
RANDOM_LP_06_SYNTHETIC_STU03698,RANDOM_LP_06_SYNTHETIC_0268
RANDOM_LP_06_SYNTHETIC_STU03698,RANDOM_LP_06_SYNTHETIC_0462
RANDOM_LP_06_SYNTHETIC_STU03699,RANDOM_LP_06_SYNTHETIC_0183
RANDOM_LP_06_SYNTHETIC_STU03699,RANDOM_LP_06_SYNTHETIC_0394
RANDOM_LP_06_SYNTHETIC_STU03700,RANDOM_LP_06_SYNTHETIC_0148
RANDOM_LP_06_SYNTHETIC_STU03700,RANDOM_LP_06_SYNTHETIC_0328
RANDOM_LP_06_SYNTHETIC_STU03701,RANDOM_LP_06_SYNTHETIC_0229
RANDOM_LP_06_SYNTHETIC_STU03702,RANDOM_LP_06_SYNTHETIC_0276
RANDOM_LP_06_SYNTHETIC_STU03702,RANDOM_LP_06_SYNTHETIC_0473
RANDOM_LP_06_SYNTHETIC_STU03703,RANDOM_LP_06_SYNTHETIC_0412
RANDOM_LP_06_SYNTHETIC_STU03704,RANDOM_LP_06_SYNTHETIC_0281
RANDOM_LP_06_SYNTHETIC_STU03704,RANDOM_LP_06_SYNTHETIC_0365
RANDOM_LP_06_SYNTHETIC_STU03704,RANDOM_LP_06_SYNTHETIC_0395
RANDOM_LP_06_SYNTHETIC_STU03705,RANDOM_LP_06_SYNTHETIC_0079
RANDOM_LP_06_SYNTHETIC_STU03705,RANDOM_LP_06_SYNTHETIC_0211
RANDOM_LP_06_SYNTHETIC_STU03705,RANDOM_LP_06_SYNTHETIC_0218
RANDOM_LP_06_SYNTHETIC_STU03706,RANDOM_LP_06_SYNTHETIC_0184
RANDOM_LP_06_SYNTHETIC_STU03706,RANDOM_LP_06_SYNTHETIC_0237
RANDOM_LP_06_SYNTHETIC_STU03707,RANDOM_LP_06_SYNTHETIC_0087
RANDOM_LP_06_SYNTHETIC_STU03707,RANDOM_LP_06_SYNTHETIC_0425
RANDOM_LP_06_SYNTHETIC_STU03707,RANDOM_LP_06_SYNTHETIC_0488
RANDOM_LP_06_SYNTHETIC_STU03708,RANDOM_LP_06_SYNTHETIC_0048
RANDOM_LP_06_SYNTHETIC_STU03708,RANDOM_LP_06_SYNTHETIC_0232
RANDOM_LP_06_SYNTHETIC_STU03709,RANDOM_LP_06_SYNTHETIC_0357
RANDOM_LP_06_SYNTHETIC_STU03710,RANDOM_LP_06_SYNTHETIC_0350
RANDOM_LP_06_SYNTHETIC_STU03710,RANDOM_LP_06_SYNTHETIC_0443
RANDOM_LP_06_SYNTHETIC_STU03711,RANDOM_LP_06_SYNTHETIC_0311
RANDOM_LP_06_SYNTHETIC_STU03711,RANDOM_LP_06_SYNTHETIC_0500
RANDOM_LP_06_SYNTHETIC_STU03712,RANDOM_LP_06_SYNTHETIC_0073
RANDOM_LP_06_SYNTHETIC_STU03712,RANDOM_LP_06_SYNTHETIC_0075
RANDOM_LP_06_SYNTHETIC_STU03712,RANDOM_LP_06_SYNTHETIC_0152
RANDOM_LP_06_SYNTHETIC_STU03712,RANDOM_LP_06_SYNTHETIC_0253
RANDOM_LP_06_SYNTHETIC_STU03712,RANDOM_LP_06_SYNTHETIC_0498
RANDOM_LP_06_SYNTHETIC_STU03713,RANDOM_LP_06_SYNTHETIC_0465
RANDOM_LP_06_SYNTHETIC_STU03713,RANDOM_LP_06_SYNTHETIC_0483
RANDOM_LP_06_SYNTHETIC_STU03713,RANDOM_LP_06_SYNTHETIC_0491
RANDOM_LP_06_SYNTHETIC_STU03714,RANDOM_LP_06_SYNTHETIC_0030
RANDOM_LP_06_SYNTHETIC_STU03714,RANDOM_LP_06_SYNTHETIC_0375
RANDOM_LP_06_SYNTHETIC_STU03714,RANDOM_LP_06_SYNTHETIC_0381
RANDOM_LP_06_SYNTHETIC_STU03714,RANDOM_LP_06_SYNTHETIC_0412
RANDOM_LP_06_SYNTHETIC_STU03714,RANDOM_LP_06_SYNTHETIC_0418
RANDOM_LP_06_SYNTHETIC_STU03715,RANDOM_LP_06_SYNTHETIC_0046
RANDOM_LP_06_SYNTHETIC_STU03715,RANDOM_LP_06_SYNTHETIC_0281
RANDOM_LP_06_SYNTHETIC_STU03716,RANDOM_LP_06_SYNTHETIC_0065
RANDOM_LP_06_SYNTHETIC_STU03717,RANDOM_LP_06_SYNTHETIC_0397
RANDOM_LP_06_SYNTHETIC_STU03718,RANDOM_LP_06_SYNTHETIC_0040
RANDOM_LP_06_SYNTHETIC_STU03718,RANDOM_LP_06_SYNTHETIC_0111
RANDOM_LP_06_SYNTHETIC_STU03718,RANDOM_LP_06_SYNTHETIC_0382
RANDOM_LP_06_SYNTHETIC_STU03719,RANDOM_LP_06_SYNTHETIC_0109
RANDOM_LP_06_SYNTHETIC_STU03719,RANDOM_LP_06_SYNTHETIC_0469
RANDOM_LP_06_SYNTHETIC_STU03720,RANDOM_LP_06_SYNTHETIC_0013
RANDOM_LP_06_SYNTHETIC_STU03720,RANDOM_LP_06_SYNTHETIC_0028
RANDOM_LP_06_SYNTHETIC_STU03720,RANDOM_LP_06_SYNTHETIC_0206
RANDOM_LP_06_SYNTHETIC_STU03720,RANDOM_LP_06_SYNTHETIC_0371
RANDOM_LP_06_SYNTHETIC_STU03721,RANDOM_LP_06_SYNTHETIC_0055
RANDOM_LP_06_SYNTHETIC_STU03721,RANDOM_LP_06_SYNTHETIC_0079
RANDOM_LP_06_SYNTHETIC_STU03721,RANDOM_LP_06_SYNTHETIC_0380
RANDOM_LP_06_SYNTHETIC_STU03721,RANDOM_LP_06_SYNTHETIC_0483
RANDOM_LP_06_SYNTHETIC_STU03722,RANDOM_LP_06_SYNTHETIC_0059
RANDOM_LP_06_SYNTHETIC_STU03722,RANDOM_LP_06_SYNTHETIC_0100
RANDOM_LP_06_SYNTHETIC_STU03722,RANDOM_LP_06_SYNTHETIC_0230
RANDOM_LP_06_SYNTHETIC_STU03723,RANDOM_LP_06_SYNTHETIC_0029
RANDOM_LP_06_SYNTHETIC_STU03723,RANDOM_LP_06_SYNTHETIC_0143
RANDOM_LP_06_SYNTHETIC_STU03723,RANDOM_LP_06_SYNTHETIC_0291
RANDOM_LP_06_SYNTHETIC_STU03723,RANDOM_LP_06_SYNTHETIC_0357
RANDOM_LP_06_SYNTHETIC_STU03723,RANDOM_LP_06_SYNTHETIC_0493
RANDOM_LP_06_SYNTHETIC_STU03724,RANDOM_LP_06_SYNTHETIC_0216
RANDOM_LP_06_SYNTHETIC_STU03724,RANDOM_LP_06_SYNTHETIC_0318
RANDOM_LP_06_SYNTHETIC_STU03724,RANDOM_LP_06_SYNTHETIC_0349
RANDOM_LP_06_SYNTHETIC_STU03724,RANDOM_LP_06_SYNTHETIC_0471
RANDOM_LP_06_SYNTHETIC_STU03725,RANDOM_LP_06_SYNTHETIC_0336
RANDOM_LP_06_SYNTHETIC_STU03725,RANDOM_LP_06_SYNTHETIC_0389
RANDOM_LP_06_SYNTHETIC_STU03725,RANDOM_LP_06_SYNTHETIC_0399
RANDOM_LP_06_SYNTHETIC_STU03726,RANDOM_LP_06_SYNTHETIC_0016
RANDOM_LP_06_SYNTHETIC_STU03726,RANDOM_LP_06_SYNTHETIC_0140
RANDOM_LP_06_SYNTHETIC_STU03726,RANDOM_LP_06_SYNTHETIC_0203
RANDOM_LP_06_SYNTHETIC_STU03726,RANDOM_LP_06_SYNTHETIC_0250
RANDOM_LP_06_SYNTHETIC_STU03726,RANDOM_LP_06_SYNTHETIC_0252
RANDOM_LP_06_SYNTHETIC_STU03726,RANDOM_LP_06_SYNTHETIC_0303
RANDOM_LP_06_SYNTHETIC_STU03726,RANDOM_LP_06_SYNTHETIC_0471
RANDOM_LP_06_SYNTHETIC_STU03727,RANDOM_LP_06_SYNTHETIC_0079
RANDOM_LP_06_SYNTHETIC_STU03727,RANDOM_LP_06_SYNTHETIC_0352
RANDOM_LP_06_SYNTHETIC_STU03728,RANDOM_LP_06_SYNTHETIC_0100
RANDOM_LP_06_SYNTHETIC_STU03728,RANDOM_LP_06_SYNTHETIC_0334
RANDOM_LP_06_SYNTHETIC_STU03728,RANDOM_LP_06_SYNTHETIC_0493
RANDOM_LP_06_SYNTHETIC_STU03729,RANDOM_LP_06_SYNTHETIC_0128
RANDOM_LP_06_SYNTHETIC_STU03729,RANDOM_LP_06_SYNTHETIC_0137
RANDOM_LP_06_SYNTHETIC_STU03729,RANDOM_LP_06_SYNTHETIC_0246
RANDOM_LP_06_SYNTHETIC_STU03729,RANDOM_LP_06_SYNTHETIC_0377
RANDOM_LP_06_SYNTHETIC_STU03730,RANDOM_LP_06_SYNTHETIC_0042
RANDOM_LP_06_SYNTHETIC_STU03730,RANDOM_LP_06_SYNTHETIC_0168
RANDOM_LP_06_SYNTHETIC_STU03731,RANDOM_LP_06_SYNTHETIC_0059
RANDOM_LP_06_SYNTHETIC_STU03731,RANDOM_LP_06_SYNTHETIC_0333
RANDOM_LP_06_SYNTHETIC_STU03732,RANDOM_LP_06_SYNTHETIC_0172
RANDOM_LP_06_SYNTHETIC_STU03732,RANDOM_LP_06_SYNTHETIC_0380
RANDOM_LP_06_SYNTHETIC_STU03733,RANDOM_LP_06_SYNTHETIC_0039
RANDOM_LP_06_SYNTHETIC_STU03733,RANDOM_LP_06_SYNTHETIC_0104
RANDOM_LP_06_SYNTHETIC_STU03734,RANDOM_LP_06_SYNTHETIC_0280
RANDOM_LP_06_SYNTHETIC_STU03734,RANDOM_LP_06_SYNTHETIC_0431
RANDOM_LP_06_SYNTHETIC_STU03735,RANDOM_LP_06_SYNTHETIC_0229
RANDOM_LP_06_SYNTHETIC_STU03735,RANDOM_LP_06_SYNTHETIC_0258
RANDOM_LP_06_SYNTHETIC_STU03736,RANDOM_LP_06_SYNTHETIC_0135
RANDOM_LP_06_SYNTHETIC_STU03736,RANDOM_LP_06_SYNTHETIC_0165
RANDOM_LP_06_SYNTHETIC_STU03736,RANDOM_LP_06_SYNTHETIC_0322
RANDOM_LP_06_SYNTHETIC_STU03737,RANDOM_LP_06_SYNTHETIC_0100
RANDOM_LP_06_SYNTHETIC_STU03737,RANDOM_LP_06_SYNTHETIC_0312
RANDOM_LP_06_SYNTHETIC_STU03737,RANDOM_LP_06_SYNTHETIC_0435
RANDOM_LP_06_SYNTHETIC_STU03738,RANDOM_LP_06_SYNTHETIC_0366
RANDOM_LP_06_SYNTHETIC_STU03738,RANDOM_LP_06_SYNTHETIC_0393
RANDOM_LP_06_SYNTHETIC_STU03739,RANDOM_LP_06_SYNTHETIC_0046
RANDOM_LP_06_SYNTHETIC_STU03739,RANDOM_LP_06_SYNTHETIC_0297
RANDOM_LP_06_SYNTHETIC_STU03740,RANDOM_LP_06_SYNTHETIC_0271
RANDOM_LP_06_SYNTHETIC_STU03740,RANDOM_LP_06_SYNTHETIC_0284
RANDOM_LP_06_SYNTHETIC_STU03740,RANDOM_LP_06_SYNTHETIC_0361
RANDOM_LP_06_SYNTHETIC_STU03740,RANDOM_LP_06_SYNTHETIC_0475
RANDOM_LP_06_SYNTHETIC_STU03741,RANDOM_LP_06_SYNTHETIC_0088
RANDOM_LP_06_SYNTHETIC_STU03741,RANDOM_LP_06_SYNTHETIC_0331
RANDOM_LP_06_SYNTHETIC_STU03741,RANDOM_LP_06_SYNTHETIC_0379
RANDOM_LP_06_SYNTHETIC_STU03742,RANDOM_LP_06_SYNTHETIC_0004
RANDOM_LP_06_SYNTHETIC_STU03742,RANDOM_LP_06_SYNTHETIC_0275
RANDOM_LP_06_SYNTHETIC_STU03742,RANDOM_LP_06_SYNTHETIC_0306
RANDOM_LP_06_SYNTHETIC_STU03742,RANDOM_LP_06_SYNTHETIC_0483
RANDOM_LP_06_SYNTHETIC_STU03743,RANDOM_LP_06_SYNTHETIC_0377
RANDOM_LP_06_SYNTHETIC_STU03743,RANDOM_LP_06_SYNTHETIC_0423
RANDOM_LP_06_SYNTHETIC_STU03743,RANDOM_LP_06_SYNTHETIC_0496
RANDOM_LP_06_SYNTHETIC_STU03744,RANDOM_LP_06_SYNTHETIC_0390
RANDOM_LP_06_SYNTHETIC_STU03744,RANDOM_LP_06_SYNTHETIC_0475
RANDOM_LP_06_SYNTHETIC_STU03745,RANDOM_LP_06_SYNTHETIC_0121
RANDOM_LP_06_SYNTHETIC_STU03745,RANDOM_LP_06_SYNTHETIC_0268
RANDOM_LP_06_SYNTHETIC_STU03746,RANDOM_LP_06_SYNTHETIC_0034
RANDOM_LP_06_SYNTHETIC_STU03746,RANDOM_LP_06_SYNTHETIC_0226
RANDOM_LP_06_SYNTHETIC_STU03746,RANDOM_LP_06_SYNTHETIC_0405
RANDOM_LP_06_SYNTHETIC_STU03747,RANDOM_LP_06_SYNTHETIC_0075
RANDOM_LP_06_SYNTHETIC_STU03747,RANDOM_LP_06_SYNTHETIC_0161
RANDOM_LP_06_SYNTHETIC_STU03747,RANDOM_LP_06_SYNTHETIC_0466
RANDOM_LP_06_SYNTHETIC_STU03747,RANDOM_LP_06_SYNTHETIC_0490
RANDOM_LP_06_SYNTHETIC_STU03748,RANDOM_LP_06_SYNTHETIC_0028
RANDOM_LP_06_SYNTHETIC_STU03748,RANDOM_LP_06_SYNTHETIC_0249
RANDOM_LP_06_SYNTHETIC_STU03748,RANDOM_LP_06_SYNTHETIC_0423
RANDOM_LP_06_SYNTHETIC_STU03749,RANDOM_LP_06_SYNTHETIC_0030
RANDOM_LP_06_SYNTHETIC_STU03749,RANDOM_LP_06_SYNTHETIC_0434
RANDOM_LP_06_SYNTHETIC_STU03749,RANDOM_LP_06_SYNTHETIC_0496
RANDOM_LP_06_SYNTHETIC_STU03750,RANDOM_LP_06_SYNTHETIC_0006
RANDOM_LP_06_SYNTHETIC_STU03750,RANDOM_LP_06_SYNTHETIC_0079
RANDOM_LP_06_SYNTHETIC_STU03750,RANDOM_LP_06_SYNTHETIC_0132
RANDOM_LP_06_SYNTHETIC_STU03750,RANDOM_LP_06_SYNTHETIC_0343
RANDOM_LP_06_SYNTHETIC_STU03751,RANDOM_LP_06_SYNTHETIC_0017
RANDOM_LP_06_SYNTHETIC_STU03751,RANDOM_LP_06_SYNTHETIC_0442
RANDOM_LP_06_SYNTHETIC_STU03751,RANDOM_LP_06_SYNTHETIC_0496
RANDOM_LP_06_SYNTHETIC_STU03752,RANDOM_LP_06_SYNTHETIC_0139
RANDOM_LP_06_SYNTHETIC_STU03752,RANDOM_LP_06_SYNTHETIC_0145
RANDOM_LP_06_SYNTHETIC_STU03752,RANDOM_LP_06_SYNTHETIC_0320
RANDOM_LP_06_SYNTHETIC_STU03752,RANDOM_LP_06_SYNTHETIC_0336
RANDOM_LP_06_SYNTHETIC_STU03753,RANDOM_LP_06_SYNTHETIC_0028
RANDOM_LP_06_SYNTHETIC_STU03753,RANDOM_LP_06_SYNTHETIC_0290
RANDOM_LP_06_SYNTHETIC_STU03753,RANDOM_LP_06_SYNTHETIC_0297
RANDOM_LP_06_SYNTHETIC_STU03753,RANDOM_LP_06_SYNTHETIC_0480
RANDOM_LP_06_SYNTHETIC_STU03754,RANDOM_LP_06_SYNTHETIC_0176
RANDOM_LP_06_SYNTHETIC_STU03755,RANDOM_LP_06_SYNTHETIC_0107
RANDOM_LP_06_SYNTHETIC_STU03755,RANDOM_LP_06_SYNTHETIC_0178
RANDOM_LP_06_SYNTHETIC_STU03755,RANDOM_LP_06_SYNTHETIC_0213
RANDOM_LP_06_SYNTHETIC_STU03756,RANDOM_LP_06_SYNTHETIC_0054
RANDOM_LP_06_SYNTHETIC_STU03756,RANDOM_LP_06_SYNTHETIC_0245
RANDOM_LP_06_SYNTHETIC_STU03756,RANDOM_LP_06_SYNTHETIC_0312
RANDOM_LP_06_SYNTHETIC_STU03756,RANDOM_LP_06_SYNTHETIC_0369
RANDOM_LP_06_SYNTHETIC_STU03756,RANDOM_LP_06_SYNTHETIC_0424
RANDOM_LP_06_SYNTHETIC_STU03757,RANDOM_LP_06_SYNTHETIC_0011
RANDOM_LP_06_SYNTHETIC_STU03757,RANDOM_LP_06_SYNTHETIC_0172
RANDOM_LP_06_SYNTHETIC_STU03757,RANDOM_LP_06_SYNTHETIC_0271
RANDOM_LP_06_SYNTHETIC_STU03757,RANDOM_LP_06_SYNTHETIC_0295
RANDOM_LP_06_SYNTHETIC_STU03758,RANDOM_LP_06_SYNTHETIC_0195
RANDOM_LP_06_SYNTHETIC_STU03758,RANDOM_LP_06_SYNTHETIC_0265
RANDOM_LP_06_SYNTHETIC_STU03758,RANDOM_LP_06_SYNTHETIC_0268
RANDOM_LP_06_SYNTHETIC_STU03759,RANDOM_LP_06_SYNTHETIC_0067
RANDOM_LP_06_SYNTHETIC_STU03759,RANDOM_LP_06_SYNTHETIC_0070
RANDOM_LP_06_SYNTHETIC_STU03759,RANDOM_LP_06_SYNTHETIC_0313
RANDOM_LP_06_SYNTHETIC_STU03759,RANDOM_LP_06_SYNTHETIC_0452
RANDOM_LP_06_SYNTHETIC_STU03759,RANDOM_LP_06_SYNTHETIC_0460
RANDOM_LP_06_SYNTHETIC_STU03760,RANDOM_LP_06_SYNTHETIC_0028
RANDOM_LP_06_SYNTHETIC_STU03760,RANDOM_LP_06_SYNTHETIC_0301
RANDOM_LP_06_SYNTHETIC_STU03760,RANDOM_LP_06_SYNTHETIC_0394
RANDOM_LP_06_SYNTHETIC_STU03760,RANDOM_LP_06_SYNTHETIC_0453
RANDOM_LP_06_SYNTHETIC_STU03761,RANDOM_LP_06_SYNTHETIC_0079
RANDOM_LP_06_SYNTHETIC_STU03761,RANDOM_LP_06_SYNTHETIC_0311
RANDOM_LP_06_SYNTHETIC_STU03761,RANDOM_LP_06_SYNTHETIC_0324
RANDOM_LP_06_SYNTHETIC_STU03761,RANDOM_LP_06_SYNTHETIC_0401
RANDOM_LP_06_SYNTHETIC_STU03762,RANDOM_LP_06_SYNTHETIC_0119
RANDOM_LP_06_SYNTHETIC_STU03763,RANDOM_LP_06_SYNTHETIC_0206
RANDOM_LP_06_SYNTHETIC_STU03763,RANDOM_LP_06_SYNTHETIC_0355
RANDOM_LP_06_SYNTHETIC_STU03763,RANDOM_LP_06_SYNTHETIC_0375
RANDOM_LP_06_SYNTHETIC_STU03764,RANDOM_LP_06_SYNTHETIC_0203
RANDOM_LP_06_SYNTHETIC_STU03764,RANDOM_LP_06_SYNTHETIC_0329
RANDOM_LP_06_SYNTHETIC_STU03764,RANDOM_LP_06_SYNTHETIC_0383
RANDOM_LP_06_SYNTHETIC_STU03764,RANDOM_LP_06_SYNTHETIC_0387
RANDOM_LP_06_SYNTHETIC_STU03764,RANDOM_LP_06_SYNTHETIC_0407
RANDOM_LP_06_SYNTHETIC_STU03764,RANDOM_LP_06_SYNTHETIC_0415
RANDOM_LP_06_SYNTHETIC_STU03765,RANDOM_LP_06_SYNTHETIC_0079
RANDOM_LP_06_SYNTHETIC_STU03765,RANDOM_LP_06_SYNTHETIC_0238
RANDOM_LP_06_SYNTHETIC_STU03765,RANDOM_LP_06_SYNTHETIC_0417
RANDOM_LP_06_SYNTHETIC_STU03766,RANDOM_LP_06_SYNTHETIC_0244
RANDOM_LP_06_SYNTHETIC_STU03767,RANDOM_LP_06_SYNTHETIC_0040
RANDOM_LP_06_SYNTHETIC_STU03767,RANDOM_LP_06_SYNTHETIC_0153
RANDOM_LP_06_SYNTHETIC_STU03767,RANDOM_LP_06_SYNTHETIC_0350
RANDOM_LP_06_SYNTHETIC_STU03767,RANDOM_LP_06_SYNTHETIC_0419
RANDOM_LP_06_SYNTHETIC_STU03767,RANDOM_LP_06_SYNTHETIC_0423
RANDOM_LP_06_SYNTHETIC_STU03767,RANDOM_LP_06_SYNTHETIC_0456
RANDOM_LP_06_SYNTHETIC_STU03768,RANDOM_LP_06_SYNTHETIC_0326
RANDOM_LP_06_SYNTHETIC_STU03768,RANDOM_LP_06_SYNTHETIC_0386
RANDOM_LP_06_SYNTHETIC_STU03768,RANDOM_LP_06_SYNTHETIC_0387
RANDOM_LP_06_SYNTHETIC_STU03769,RANDOM_LP_06_SYNTHETIC_0480
RANDOM_LP_06_SYNTHETIC_STU03770,RANDOM_LP_06_SYNTHETIC_0121
RANDOM_LP_06_SYNTHETIC_STU03770,RANDOM_LP_06_SYNTHETIC_0160
RANDOM_LP_06_SYNTHETIC_STU03770,RANDOM_LP_06_SYNTHETIC_0319
RANDOM_LP_06_SYNTHETIC_STU03771,RANDOM_LP_06_SYNTHETIC_0196
RANDOM_LP_06_SYNTHETIC_STU03771,RANDOM_LP_06_SYNTHETIC_0252
RANDOM_LP_06_SYNTHETIC_STU03771,RANDOM_LP_06_SYNTHETIC_0281
RANDOM_LP_06_SYNTHETIC_STU03771,RANDOM_LP_06_SYNTHETIC_0322
RANDOM_LP_06_SYNTHETIC_STU03772,RANDOM_LP_06_SYNTHETIC_0034
RANDOM_LP_06_SYNTHETIC_STU03772,RANDOM_LP_06_SYNTHETIC_0069
RANDOM_LP_06_SYNTHETIC_STU03772,RANDOM_LP_06_SYNTHETIC_0257
RANDOM_LP_06_SYNTHETIC_STU03772,RANDOM_LP_06_SYNTHETIC_0465
RANDOM_LP_06_SYNTHETIC_STU03773,RANDOM_LP_06_SYNTHETIC_0229
RANDOM_LP_06_SYNTHETIC_STU03774,RANDOM_LP_06_SYNTHETIC_0013
RANDOM_LP_06_SYNTHETIC_STU03774,RANDOM_LP_06_SYNTHETIC_0066
RANDOM_LP_06_SYNTHETIC_STU03775,RANDOM_LP_06_SYNTHETIC_0029
RANDOM_LP_06_SYNTHETIC_STU03775,RANDOM_LP_06_SYNTHETIC_0198
RANDOM_LP_06_SYNTHETIC_STU03775,RANDOM_LP_06_SYNTHETIC_0207
RANDOM_LP_06_SYNTHETIC_STU03775,RANDOM_LP_06_SYNTHETIC_0372
RANDOM_LP_06_SYNTHETIC_STU03776,RANDOM_LP_06_SYNTHETIC_0097
RANDOM_LP_06_SYNTHETIC_STU03776,RANDOM_LP_06_SYNTHETIC_0342
RANDOM_LP_06_SYNTHETIC_STU03776,RANDOM_LP_06_SYNTHETIC_0452
RANDOM_LP_06_SYNTHETIC_STU03776,RANDOM_LP_06_SYNTHETIC_0455
RANDOM_LP_06_SYNTHETIC_STU03777,RANDOM_LP_06_SYNTHETIC_0153
RANDOM_LP_06_SYNTHETIC_STU03777,RANDOM_LP_06_SYNTHETIC_0327
RANDOM_LP_06_SYNTHETIC_STU03777,RANDOM_LP_06_SYNTHETIC_0339
RANDOM_LP_06_SYNTHETIC_STU03778,RANDOM_LP_06_SYNTHETIC_0360
RANDOM_LP_06_SYNTHETIC_STU03778,RANDOM_LP_06_SYNTHETIC_0371
RANDOM_LP_06_SYNTHETIC_STU03779,RANDOM_LP_06_SYNTHETIC_0079
RANDOM_LP_06_SYNTHETIC_STU03779,RANDOM_LP_06_SYNTHETIC_0369
RANDOM_LP_06_SYNTHETIC_STU03780,RANDOM_LP_06_SYNTHETIC_0315
RANDOM_LP_06_SYNTHETIC_STU03780,RANDOM_LP_06_SYNTHETIC_0496
RANDOM_LP_06_SYNTHETIC_STU03781,RANDOM_LP_06_SYNTHETIC_0233
RANDOM_LP_06_SYNTHETIC_STU03781,RANDOM_LP_06_SYNTHETIC_0366
RANDOM_LP_06_SYNTHETIC_STU03782,RANDOM_LP_06_SYNTHETIC_0054
RANDOM_LP_06_SYNTHETIC_STU03782,RANDOM_LP_06_SYNTHETIC_0079
RANDOM_LP_06_SYNTHETIC_STU03782,RANDOM_LP_06_SYNTHETIC_0170
RANDOM_LP_06_SYNTHETIC_STU03782,RANDOM_LP_06_SYNTHETIC_0231
RANDOM_LP_06_SYNTHETIC_STU03782,RANDOM_LP_06_SYNTHETIC_0416
RANDOM_LP_06_SYNTHETIC_STU03783,RANDOM_LP_06_SYNTHETIC_0017
RANDOM_LP_06_SYNTHETIC_STU03783,RANDOM_LP_06_SYNTHETIC_0070
RANDOM_LP_06_SYNTHETIC_STU03783,RANDOM_LP_06_SYNTHETIC_0409
RANDOM_LP_06_SYNTHETIC_STU03783,RANDOM_LP_06_SYNTHETIC_0438
RANDOM_LP_06_SYNTHETIC_STU03784,RANDOM_LP_06_SYNTHETIC_0013
RANDOM_LP_06_SYNTHETIC_STU03784,RANDOM_LP_06_SYNTHETIC_0023
RANDOM_LP_06_SYNTHETIC_STU03784,RANDOM_LP_06_SYNTHETIC_0145
RANDOM_LP_06_SYNTHETIC_STU03784,RANDOM_LP_06_SYNTHETIC_0259
RANDOM_LP_06_SYNTHETIC_STU03784,RANDOM_LP_06_SYNTHETIC_0403
RANDOM_LP_06_SYNTHETIC_STU03784,RANDOM_LP_06_SYNTHETIC_0443
RANDOM_LP_06_SYNTHETIC_STU03785,RANDOM_LP_06_SYNTHETIC_0025
RANDOM_LP_06_SYNTHETIC_STU03785,RANDOM_LP_06_SYNTHETIC_0291
RANDOM_LP_06_SYNTHETIC_STU03785,RANDOM_LP_06_SYNTHETIC_0479
RANDOM_LP_06_SYNTHETIC_STU03786,RANDOM_LP_06_SYNTHETIC_0130
RANDOM_LP_06_SYNTHETIC_STU03786,RANDOM_LP_06_SYNTHETIC_0447
RANDOM_LP_06_SYNTHETIC_STU03786,RANDOM_LP_06_SYNTHETIC_0474
RANDOM_LP_06_SYNTHETIC_STU03787,RANDOM_LP_06_SYNTHETIC_0090
RANDOM_LP_06_SYNTHETIC_STU03788,RANDOM_LP_06_SYNTHETIC_0264
RANDOM_LP_06_SYNTHETIC_STU03788,RANDOM_LP_06_SYNTHETIC_0275
RANDOM_LP_06_SYNTHETIC_STU03789,RANDOM_LP_06_SYNTHETIC_0044
RANDOM_LP_06_SYNTHETIC_STU03789,RANDOM_LP_06_SYNTHETIC_0052
RANDOM_LP_06_SYNTHETIC_STU03789,RANDOM_LP_06_SYNTHETIC_0257
RANDOM_LP_06_SYNTHETIC_STU03789,RANDOM_LP_06_SYNTHETIC_0260
RANDOM_LP_06_SYNTHETIC_STU03790,RANDOM_LP_06_SYNTHETIC_0004
RANDOM_LP_06_SYNTHETIC_STU03790,RANDOM_LP_06_SYNTHETIC_0112
RANDOM_LP_06_SYNTHETIC_STU03790,RANDOM_LP_06_SYNTHETIC_0248
RANDOM_LP_06_SYNTHETIC_STU03790,RANDOM_LP_06_SYNTHETIC_0255
RANDOM_LP_06_SYNTHETIC_STU03790,RANDOM_LP_06_SYNTHETIC_0309
RANDOM_LP_06_SYNTHETIC_STU03791,RANDOM_LP_06_SYNTHETIC_0013
RANDOM_LP_06_SYNTHETIC_STU03791,RANDOM_LP_06_SYNTHETIC_0075
RANDOM_LP_06_SYNTHETIC_STU03791,RANDOM_LP_06_SYNTHETIC_0388
RANDOM_LP_06_SYNTHETIC_STU03791,RANDOM_LP_06_SYNTHETIC_0406
RANDOM_LP_06_SYNTHETIC_STU03792,RANDOM_LP_06_SYNTHETIC_0037
RANDOM_LP_06_SYNTHETIC_STU03792,RANDOM_LP_06_SYNTHETIC_0080
RANDOM_LP_06_SYNTHETIC_STU03792,RANDOM_LP_06_SYNTHETIC_0134
RANDOM_LP_06_SYNTHETIC_STU03792,RANDOM_LP_06_SYNTHETIC_0162
RANDOM_LP_06_SYNTHETIC_STU03792,RANDOM_LP_06_SYNTHETIC_0208
RANDOM_LP_06_SYNTHETIC_STU03792,RANDOM_LP_06_SYNTHETIC_0325
RANDOM_LP_06_SYNTHETIC_STU03792,RANDOM_LP_06_SYNTHETIC_0459
RANDOM_LP_06_SYNTHETIC_STU03793,RANDOM_LP_06_SYNTHETIC_0023
RANDOM_LP_06_SYNTHETIC_STU03793,RANDOM_LP_06_SYNTHETIC_0162
RANDOM_LP_06_SYNTHETIC_STU03793,RANDOM_LP_06_SYNTHETIC_0248
RANDOM_LP_06_SYNTHETIC_STU03793,RANDOM_LP_06_SYNTHETIC_0264
RANDOM_LP_06_SYNTHETIC_STU03793,RANDOM_LP_06_SYNTHETIC_0367
RANDOM_LP_06_SYNTHETIC_STU03794,RANDOM_LP_06_SYNTHETIC_0066
RANDOM_LP_06_SYNTHETIC_STU03794,RANDOM_LP_06_SYNTHETIC_0283
RANDOM_LP_06_SYNTHETIC_STU03795,RANDOM_LP_06_SYNTHETIC_0054
RANDOM_LP_06_SYNTHETIC_STU03795,RANDOM_LP_06_SYNTHETIC_0435
RANDOM_LP_06_SYNTHETIC_STU03795,RANDOM_LP_06_SYNTHETIC_0473
RANDOM_LP_06_SYNTHETIC_STU03796,RANDOM_LP_06_SYNTHETIC_0010
RANDOM_LP_06_SYNTHETIC_STU03796,RANDOM_LP_06_SYNTHETIC_0017
RANDOM_LP_06_SYNTHETIC_STU03796,RANDOM_LP_06_SYNTHETIC_0317
RANDOM_LP_06_SYNTHETIC_STU03797,RANDOM_LP_06_SYNTHETIC_0073
RANDOM_LP_06_SYNTHETIC_STU03797,RANDOM_LP_06_SYNTHETIC_0359
RANDOM_LP_06_SYNTHETIC_STU03797,RANDOM_LP_06_SYNTHETIC_0438
RANDOM_LP_06_SYNTHETIC_STU03798,RANDOM_LP_06_SYNTHETIC_0186
RANDOM_LP_06_SYNTHETIC_STU03799,RANDOM_LP_06_SYNTHETIC_0121
RANDOM_LP_06_SYNTHETIC_STU03799,RANDOM_LP_06_SYNTHETIC_0475
RANDOM_LP_06_SYNTHETIC_STU03800,RANDOM_LP_06_SYNTHETIC_0399
RANDOM_LP_06_SYNTHETIC_STU03800,RANDOM_LP_06_SYNTHETIC_0471
RANDOM_LP_06_SYNTHETIC_STU03801,RANDOM_LP_06_SYNTHETIC_0092
RANDOM_LP_06_SYNTHETIC_STU03801,RANDOM_LP_06_SYNTHETIC_0116
RANDOM_LP_06_SYNTHETIC_STU03801,RANDOM_LP_06_SYNTHETIC_0147
RANDOM_LP_06_SYNTHETIC_STU03801,RANDOM_LP_06_SYNTHETIC_0327
RANDOM_LP_06_SYNTHETIC_STU03802,RANDOM_LP_06_SYNTHETIC_0181
RANDOM_LP_06_SYNTHETIC_STU03802,RANDOM_LP_06_SYNTHETIC_0488
RANDOM_LP_06_SYNTHETIC_STU03803,RANDOM_LP_06_SYNTHETIC_0029
RANDOM_LP_06_SYNTHETIC_STU03803,RANDOM_LP_06_SYNTHETIC_0034
RANDOM_LP_06_SYNTHETIC_STU03803,RANDOM_LP_06_SYNTHETIC_0256
RANDOM_LP_06_SYNTHETIC_STU03803,RANDOM_LP_06_SYNTHETIC_0423
RANDOM_LP_06_SYNTHETIC_STU03804,RANDOM_LP_06_SYNTHETIC_0158
RANDOM_LP_06_SYNTHETIC_STU03804,RANDOM_LP_06_SYNTHETIC_0359
RANDOM_LP_06_SYNTHETIC_STU03804,RANDOM_LP_06_SYNTHETIC_0492
RANDOM_LP_06_SYNTHETIC_STU03805,RANDOM_LP_06_SYNTHETIC_0041
RANDOM_LP_06_SYNTHETIC_STU03805,RANDOM_LP_06_SYNTHETIC_0079
RANDOM_LP_06_SYNTHETIC_STU03805,RANDOM_LP_06_SYNTHETIC_0137
RANDOM_LP_06_SYNTHETIC_STU03805,RANDOM_LP_06_SYNTHETIC_0389
RANDOM_LP_06_SYNTHETIC_STU03805,RANDOM_LP_06_SYNTHETIC_0416
RANDOM_LP_06_SYNTHETIC_STU03806,RANDOM_LP_06_SYNTHETIC_0073
RANDOM_LP_06_SYNTHETIC_STU03806,RANDOM_LP_06_SYNTHETIC_0415
RANDOM_LP_06_SYNTHETIC_STU03806,RANDOM_LP_06_SYNTHETIC_0458
RANDOM_LP_06_SYNTHETIC_STU03807,RANDOM_LP_06_SYNTHETIC_0373
RANDOM_LP_06_SYNTHETIC_STU03807,RANDOM_LP_06_SYNTHETIC_0425
RANDOM_LP_06_SYNTHETIC_STU03808,RANDOM_LP_06_SYNTHETIC_0112
RANDOM_LP_06_SYNTHETIC_STU03808,RANDOM_LP_06_SYNTHETIC_0358
RANDOM_LP_06_SYNTHETIC_STU03808,RANDOM_LP_06_SYNTHETIC_0497
RANDOM_LP_06_SYNTHETIC_STU03809,RANDOM_LP_06_SYNTHETIC_0110
RANDOM_LP_06_SYNTHETIC_STU03809,RANDOM_LP_06_SYNTHETIC_0122
RANDOM_LP_06_SYNTHETIC_STU03809,RANDOM_LP_06_SYNTHETIC_0150
RANDOM_LP_06_SYNTHETIC_STU03809,RANDOM_LP_06_SYNTHETIC_0273
RANDOM_LP_06_SYNTHETIC_STU03809,RANDOM_LP_06_SYNTHETIC_0348
RANDOM_LP_06_SYNTHETIC_STU03810,RANDOM_LP_06_SYNTHETIC_0053
RANDOM_LP_06_SYNTHETIC_STU03810,RANDOM_LP_06_SYNTHETIC_0121
RANDOM_LP_06_SYNTHETIC_STU03811,RANDOM_LP_06_SYNTHETIC_0016
RANDOM_LP_06_SYNTHETIC_STU03811,RANDOM_LP_06_SYNTHETIC_0057
RANDOM_LP_06_SYNTHETIC_STU03811,RANDOM_LP_06_SYNTHETIC_0380
RANDOM_LP_06_SYNTHETIC_STU03811,RANDOM_LP_06_SYNTHETIC_0441
RANDOM_LP_06_SYNTHETIC_STU03812,RANDOM_LP_06_SYNTHETIC_0082
RANDOM_LP_06_SYNTHETIC_STU03812,RANDOM_LP_06_SYNTHETIC_0255
RANDOM_LP_06_SYNTHETIC_STU03813,RANDOM_LP_06_SYNTHETIC_0074
RANDOM_LP_06_SYNTHETIC_STU03813,RANDOM_LP_06_SYNTHETIC_0128
RANDOM_LP_06_SYNTHETIC_STU03813,RANDOM_LP_06_SYNTHETIC_0413
RANDOM_LP_06_SYNTHETIC_STU03814,RANDOM_LP_06_SYNTHETIC_0145
RANDOM_LP_06_SYNTHETIC_STU03814,RANDOM_LP_06_SYNTHETIC_0275
RANDOM_LP_06_SYNTHETIC_STU03814,RANDOM_LP_06_SYNTHETIC_0301
RANDOM_LP_06_SYNTHETIC_STU03814,RANDOM_LP_06_SYNTHETIC_0478
RANDOM_LP_06_SYNTHETIC_STU03815,RANDOM_LP_06_SYNTHETIC_0288
RANDOM_LP_06_SYNTHETIC_STU03815,RANDOM_LP_06_SYNTHETIC_0405
RANDOM_LP_06_SYNTHETIC_STU03815,RANDOM_LP_06_SYNTHETIC_0460
RANDOM_LP_06_SYNTHETIC_STU03815,RANDOM_LP_06_SYNTHETIC_0469
RANDOM_LP_06_SYNTHETIC_STU03815,RANDOM_LP_06_SYNTHETIC_0497
RANDOM_LP_06_SYNTHETIC_STU03816,RANDOM_LP_06_SYNTHETIC_0423
RANDOM_LP_06_SYNTHETIC_STU03817,RANDOM_LP_06_SYNTHETIC_0079
RANDOM_LP_06_SYNTHETIC_STU03817,RANDOM_LP_06_SYNTHETIC_0259
RANDOM_LP_06_SYNTHETIC_STU03818,RANDOM_LP_06_SYNTHETIC_0122
RANDOM_LP_06_SYNTHETIC_STU03818,RANDOM_LP_06_SYNTHETIC_0328
RANDOM_LP_06_SYNTHETIC_STU03818,RANDOM_LP_06_SYNTHETIC_0363
RANDOM_LP_06_SYNTHETIC_STU03819,RANDOM_LP_06_SYNTHETIC_0101
RANDOM_LP_06_SYNTHETIC_STU03819,RANDOM_LP_06_SYNTHETIC_0271
RANDOM_LP_06_SYNTHETIC_STU03820,RANDOM_LP_06_SYNTHETIC_0008
RANDOM_LP_06_SYNTHETIC_STU03820,RANDOM_LP_06_SYNTHETIC_0196
RANDOM_LP_06_SYNTHETIC_STU03820,RANDOM_LP_06_SYNTHETIC_0261
RANDOM_LP_06_SYNTHETIC_STU03821,RANDOM_LP_06_SYNTHETIC_0070
RANDOM_LP_06_SYNTHETIC_STU03821,RANDOM_LP_06_SYNTHETIC_0297
RANDOM_LP_06_SYNTHETIC_STU03821,RANDOM_LP_06_SYNTHETIC_0397
RANDOM_LP_06_SYNTHETIC_STU03822,RANDOM_LP_06_SYNTHETIC_0255
RANDOM_LP_06_SYNTHETIC_STU03822,RANDOM_LP_06_SYNTHETIC_0308
RANDOM_LP_06_SYNTHETIC_STU03822,RANDOM_LP_06_SYNTHETIC_0313
RANDOM_LP_06_SYNTHETIC_STU03823,RANDOM_LP_06_SYNTHETIC_0113
RANDOM_LP_06_SYNTHETIC_STU03823,RANDOM_LP_06_SYNTHETIC_0308
RANDOM_LP_06_SYNTHETIC_STU03824,RANDOM_LP_06_SYNTHETIC_0230
RANDOM_LP_06_SYNTHETIC_STU03825,RANDOM_LP_06_SYNTHETIC_0352
RANDOM_LP_06_SYNTHETIC_STU03826,RANDOM_LP_06_SYNTHETIC_0070
RANDOM_LP_06_SYNTHETIC_STU03826,RANDOM_LP_06_SYNTHETIC_0073
RANDOM_LP_06_SYNTHETIC_STU03826,RANDOM_LP_06_SYNTHETIC_0185
RANDOM_LP_06_SYNTHETIC_STU03826,RANDOM_LP_06_SYNTHETIC_0271
RANDOM_LP_06_SYNTHETIC_STU03826,RANDOM_LP_06_SYNTHETIC_0424
RANDOM_LP_06_SYNTHETIC_STU03827,RANDOM_LP_06_SYNTHETIC_0073
RANDOM_LP_06_SYNTHETIC_STU03827,RANDOM_LP_06_SYNTHETIC_0099
RANDOM_LP_06_SYNTHETIC_STU03827,RANDOM_LP_06_SYNTHETIC_0368
RANDOM_LP_06_SYNTHETIC_STU03827,RANDOM_LP_06_SYNTHETIC_0461
RANDOM_LP_06_SYNTHETIC_STU03828,RANDOM_LP_06_SYNTHETIC_0009
RANDOM_LP_06_SYNTHETIC_STU03828,RANDOM_LP_06_SYNTHETIC_0026
RANDOM_LP_06_SYNTHETIC_STU03828,RANDOM_LP_06_SYNTHETIC_0105
RANDOM_LP_06_SYNTHETIC_STU03828,RANDOM_LP_06_SYNTHETIC_0167
RANDOM_LP_06_SYNTHETIC_STU03828,RANDOM_LP_06_SYNTHETIC_0280
RANDOM_LP_06_SYNTHETIC_STU03828,RANDOM_LP_06_SYNTHETIC_0319
RANDOM_LP_06_SYNTHETIC_STU03828,RANDOM_LP_06_SYNTHETIC_0337
RANDOM_LP_06_SYNTHETIC_STU03829,RANDOM_LP_06_SYNTHETIC_0470
RANDOM_LP_06_SYNTHETIC_STU03830,RANDOM_LP_06_SYNTHETIC_0092
RANDOM_LP_06_SYNTHETIC_STU03830,RANDOM_LP_06_SYNTHETIC_0281
RANDOM_LP_06_SYNTHETIC_STU03831,RANDOM_LP_06_SYNTHETIC_0009
RANDOM_LP_06_SYNTHETIC_STU03831,RANDOM_LP_06_SYNTHETIC_0069
RANDOM_LP_06_SYNTHETIC_STU03832,RANDOM_LP_06_SYNTHETIC_0005
RANDOM_LP_06_SYNTHETIC_STU03832,RANDOM_LP_06_SYNTHETIC_0282
RANDOM_LP_06_SYNTHETIC_STU03833,RANDOM_LP_06_SYNTHETIC_0433
RANDOM_LP_06_SYNTHETIC_STU03834,RANDOM_LP_06_SYNTHETIC_0156
RANDOM_LP_06_SYNTHETIC_STU03834,RANDOM_LP_06_SYNTHETIC_0166
RANDOM_LP_06_SYNTHETIC_STU03835,RANDOM_LP_06_SYNTHETIC_0219
RANDOM_LP_06_SYNTHETIC_STU03835,RANDOM_LP_06_SYNTHETIC_0488
RANDOM_LP_06_SYNTHETIC_STU03836,RANDOM_LP_06_SYNTHETIC_0049
RANDOM_LP_06_SYNTHETIC_STU03836,RANDOM_LP_06_SYNTHETIC_0278
RANDOM_LP_06_SYNTHETIC_STU03837,RANDOM_LP_06_SYNTHETIC_0040
RANDOM_LP_06_SYNTHETIC_STU03837,RANDOM_LP_06_SYNTHETIC_0167
RANDOM_LP_06_SYNTHETIC_STU03837,RANDOM_LP_06_SYNTHETIC_0302
RANDOM_LP_06_SYNTHETIC_STU03838,RANDOM_LP_06_SYNTHETIC_0169
RANDOM_LP_06_SYNTHETIC_STU03838,RANDOM_LP_06_SYNTHETIC_0214
RANDOM_LP_06_SYNTHETIC_STU03838,RANDOM_LP_06_SYNTHETIC_0230
RANDOM_LP_06_SYNTHETIC_STU03838,RANDOM_LP_06_SYNTHETIC_0479
RANDOM_LP_06_SYNTHETIC_STU03839,RANDOM_LP_06_SYNTHETIC_0065
RANDOM_LP_06_SYNTHETIC_STU03839,RANDOM_LP_06_SYNTHETIC_0066
RANDOM_LP_06_SYNTHETIC_STU03839,RANDOM_LP_06_SYNTHETIC_0310
RANDOM_LP_06_SYNTHETIC_STU03839,RANDOM_LP_06_SYNTHETIC_0495
RANDOM_LP_06_SYNTHETIC_STU03840,RANDOM_LP_06_SYNTHETIC_0043
RANDOM_LP_06_SYNTHETIC_STU03840,RANDOM_LP_06_SYNTHETIC_0438
RANDOM_LP_06_SYNTHETIC_STU03840,RANDOM_LP_06_SYNTHETIC_0446
RANDOM_LP_06_SYNTHETIC_STU03841,RANDOM_LP_06_SYNTHETIC_0188
RANDOM_LP_06_SYNTHETIC_STU03841,RANDOM_LP_06_SYNTHETIC_0402
RANDOM_LP_06_SYNTHETIC_STU03842,RANDOM_LP_06_SYNTHETIC_0084
RANDOM_LP_06_SYNTHETIC_STU03842,RANDOM_LP_06_SYNTHETIC_0104
RANDOM_LP_06_SYNTHETIC_STU03842,RANDOM_LP_06_SYNTHETIC_0149
RANDOM_LP_06_SYNTHETIC_STU03842,RANDOM_LP_06_SYNTHETIC_0271
RANDOM_LP_06_SYNTHETIC_STU03842,RANDOM_LP_06_SYNTHETIC_0368
RANDOM_LP_06_SYNTHETIC_STU03843,RANDOM_LP_06_SYNTHETIC_0079
RANDOM_LP_06_SYNTHETIC_STU03843,RANDOM_LP_06_SYNTHETIC_0360
RANDOM_LP_06_SYNTHETIC_STU03844,RANDOM_LP_06_SYNTHETIC_0054
RANDOM_LP_06_SYNTHETIC_STU03844,RANDOM_LP_06_SYNTHETIC_0235
RANDOM_LP_06_SYNTHETIC_STU03844,RANDOM_LP_06_SYNTHETIC_0268
RANDOM_LP_06_SYNTHETIC_STU03845,RANDOM_LP_06_SYNTHETIC_0031
RANDOM_LP_06_SYNTHETIC_STU03845,RANDOM_LP_06_SYNTHETIC_0066
RANDOM_LP_06_SYNTHETIC_STU03845,RANDOM_LP_06_SYNTHETIC_0181
RANDOM_LP_06_SYNTHETIC_STU03845,RANDOM_LP_06_SYNTHETIC_0446
RANDOM_LP_06_SYNTHETIC_STU03846,RANDOM_LP_06_SYNTHETIC_0166
RANDOM_LP_06_SYNTHETIC_STU03846,RANDOM_LP_06_SYNTHETIC_0272
RANDOM_LP_06_SYNTHETIC_STU03846,RANDOM_LP_06_SYNTHETIC_0447
RANDOM_LP_06_SYNTHETIC_STU03847,RANDOM_LP_06_SYNTHETIC_0320
RANDOM_LP_06_SYNTHETIC_STU03847,RANDOM_LP_06_SYNTHETIC_0438
RANDOM_LP_06_SYNTHETIC_STU03848,RANDOM_LP_06_SYNTHETIC_0015
RANDOM_LP_06_SYNTHETIC_STU03848,RANDOM_LP_06_SYNTHETIC_0034
RANDOM_LP_06_SYNTHETIC_STU03848,RANDOM_LP_06_SYNTHETIC_0101
RANDOM_LP_06_SYNTHETIC_STU03848,RANDOM_LP_06_SYNTHETIC_0250
RANDOM_LP_06_SYNTHETIC_STU03849,RANDOM_LP_06_SYNTHETIC_0148
RANDOM_LP_06_SYNTHETIC_STU03850,RANDOM_LP_06_SYNTHETIC_0079
RANDOM_LP_06_SYNTHETIC_STU03850,RANDOM_LP_06_SYNTHETIC_0371
RANDOM_LP_06_SYNTHETIC_STU03851,RANDOM_LP_06_SYNTHETIC_0188
RANDOM_LP_06_SYNTHETIC_STU03851,RANDOM_LP_06_SYNTHETIC_0199
RANDOM_LP_06_SYNTHETIC_STU03851,RANDOM_LP_06_SYNTHETIC_0498
RANDOM_LP_06_SYNTHETIC_STU03852,RANDOM_LP_06_SYNTHETIC_0215
RANDOM_LP_06_SYNTHETIC_STU03853,RANDOM_LP_06_SYNTHETIC_0052
RANDOM_LP_06_SYNTHETIC_STU03853,RANDOM_LP_06_SYNTHETIC_0121
RANDOM_LP_06_SYNTHETIC_STU03853,RANDOM_LP_06_SYNTHETIC_0275
RANDOM_LP_06_SYNTHETIC_STU03853,RANDOM_LP_06_SYNTHETIC_0435
RANDOM_LP_06_SYNTHETIC_STU03854,RANDOM_LP_06_SYNTHETIC_0014
RANDOM_LP_06_SYNTHETIC_STU03855,RANDOM_LP_06_SYNTHETIC_0209
RANDOM_LP_06_SYNTHETIC_STU03855,RANDOM_LP_06_SYNTHETIC_0370
RANDOM_LP_06_SYNTHETIC_STU03856,RANDOM_LP_06_SYNTHETIC_0316
RANDOM_LP_06_SYNTHETIC_STU03856,RANDOM_LP_06_SYNTHETIC_0370
RANDOM_LP_06_SYNTHETIC_STU03856,RANDOM_LP_06_SYNTHETIC_0403
RANDOM_LP_06_SYNTHETIC_STU03857,RANDOM_LP_06_SYNTHETIC_0275
RANDOM_LP_06_SYNTHETIC_STU03857,RANDOM_LP_06_SYNTHETIC_0299
RANDOM_LP_06_SYNTHETIC_STU03857,RANDOM_LP_06_SYNTHETIC_0391
RANDOM_LP_06_SYNTHETIC_STU03857,RANDOM_LP_06_SYNTHETIC_0410
RANDOM_LP_06_SYNTHETIC_STU03858,RANDOM_LP_06_SYNTHETIC_0244
RANDOM_LP_06_SYNTHETIC_STU03858,RANDOM_LP_06_SYNTHETIC_0367
RANDOM_LP_06_SYNTHETIC_STU03859,RANDOM_LP_06_SYNTHETIC_0371
RANDOM_LP_06_SYNTHETIC_STU03860,RANDOM_LP_06_SYNTHETIC_0003
RANDOM_LP_06_SYNTHETIC_STU03860,RANDOM_LP_06_SYNTHETIC_0047
RANDOM_LP_06_SYNTHETIC_STU03860,RANDOM_LP_06_SYNTHETIC_0137
RANDOM_LP_06_SYNTHETIC_STU03860,RANDOM_LP_06_SYNTHETIC_0401
RANDOM_LP_06_SYNTHETIC_STU03860,RANDOM_LP_06_SYNTHETIC_0446
RANDOM_LP_06_SYNTHETIC_STU03861,RANDOM_LP_06_SYNTHETIC_0138
RANDOM_LP_06_SYNTHETIC_STU03861,RANDOM_LP_06_SYNTHETIC_0233
RANDOM_LP_06_SYNTHETIC_STU03861,RANDOM_LP_06_SYNTHETIC_0422
RANDOM_LP_06_SYNTHETIC_STU03862,RANDOM_LP_06_SYNTHETIC_0154
RANDOM_LP_06_SYNTHETIC_STU03862,RANDOM_LP_06_SYNTHETIC_0338
RANDOM_LP_06_SYNTHETIC_STU03863,RANDOM_LP_06_SYNTHETIC_0279
RANDOM_LP_06_SYNTHETIC_STU03864,RANDOM_LP_06_SYNTHETIC_0203
RANDOM_LP_06_SYNTHETIC_STU03864,RANDOM_LP_06_SYNTHETIC_0465
RANDOM_LP_06_SYNTHETIC_STU03865,RANDOM_LP_06_SYNTHETIC_0091
RANDOM_LP_06_SYNTHETIC_STU03865,RANDOM_LP_06_SYNTHETIC_0125
RANDOM_LP_06_SYNTHETIC_STU03865,RANDOM_LP_06_SYNTHETIC_0422
RANDOM_LP_06_SYNTHETIC_STU03866,RANDOM_LP_06_SYNTHETIC_0030
RANDOM_LP_06_SYNTHETIC_STU03866,RANDOM_LP_06_SYNTHETIC_0125
RANDOM_LP_06_SYNTHETIC_STU03866,RANDOM_LP_06_SYNTHETIC_0292
RANDOM_LP_06_SYNTHETIC_STU03866,RANDOM_LP_06_SYNTHETIC_0325
RANDOM_LP_06_SYNTHETIC_STU03866,RANDOM_LP_06_SYNTHETIC_0489
RANDOM_LP_06_SYNTHETIC_STU03867,RANDOM_LP_06_SYNTHETIC_0063
RANDOM_LP_06_SYNTHETIC_STU03868,RANDOM_LP_06_SYNTHETIC_0094
RANDOM_LP_06_SYNTHETIC_STU03868,RANDOM_LP_06_SYNTHETIC_0277
RANDOM_LP_06_SYNTHETIC_STU03868,RANDOM_LP_06_SYNTHETIC_0282
RANDOM_LP_06_SYNTHETIC_STU03868,RANDOM_LP_06_SYNTHETIC_0295
RANDOM_LP_06_SYNTHETIC_STU03868,RANDOM_LP_06_SYNTHETIC_0297
RANDOM_LP_06_SYNTHETIC_STU03868,RANDOM_LP_06_SYNTHETIC_0303
RANDOM_LP_06_SYNTHETIC_STU03869,RANDOM_LP_06_SYNTHETIC_0080
RANDOM_LP_06_SYNTHETIC_STU03869,RANDOM_LP_06_SYNTHETIC_0093
RANDOM_LP_06_SYNTHETIC_STU03869,RANDOM_LP_06_SYNTHETIC_0120
RANDOM_LP_06_SYNTHETIC_STU03869,RANDOM_LP_06_SYNTHETIC_0324
RANDOM_LP_06_SYNTHETIC_STU03869,RANDOM_LP_06_SYNTHETIC_0438
RANDOM_LP_06_SYNTHETIC_STU03870,RANDOM_LP_06_SYNTHETIC_0118
RANDOM_LP_06_SYNTHETIC_STU03870,RANDOM_LP_06_SYNTHETIC_0355
RANDOM_LP_06_SYNTHETIC_STU03871,RANDOM_LP_06_SYNTHETIC_0284
RANDOM_LP_06_SYNTHETIC_STU03871,RANDOM_LP_06_SYNTHETIC_0348
RANDOM_LP_06_SYNTHETIC_STU03872,RANDOM_LP_06_SYNTHETIC_0240
RANDOM_LP_06_SYNTHETIC_STU03872,RANDOM_LP_06_SYNTHETIC_0398
RANDOM_LP_06_SYNTHETIC_STU03873,RANDOM_LP_06_SYNTHETIC_0121
RANDOM_LP_06_SYNTHETIC_STU03873,RANDOM_LP_06_SYNTHETIC_0268
RANDOM_LP_06_SYNTHETIC_STU03873,RANDOM_LP_06_SYNTHETIC_0466
RANDOM_LP_06_SYNTHETIC_STU03874,RANDOM_LP_06_SYNTHETIC_0089
RANDOM_LP_06_SYNTHETIC_STU03874,RANDOM_LP_06_SYNTHETIC_0193
RANDOM_LP_06_SYNTHETIC_STU03874,RANDOM_LP_06_SYNTHETIC_0446
RANDOM_LP_06_SYNTHETIC_STU03875,RANDOM_LP_06_SYNTHETIC_0144
RANDOM_LP_06_SYNTHETIC_STU03875,RANDOM_LP_06_SYNTHETIC_0169
RANDOM_LP_06_SYNTHETIC_STU03875,RANDOM_LP_06_SYNTHETIC_0481
RANDOM_LP_06_SYNTHETIC_STU03876,RANDOM_LP_06_SYNTHETIC_0078
RANDOM_LP_06_SYNTHETIC_STU03876,RANDOM_LP_06_SYNTHETIC_0299
RANDOM_LP_06_SYNTHETIC_STU03877,RANDOM_LP_06_SYNTHETIC_0321
RANDOM_LP_06_SYNTHETIC_STU03877,RANDOM_LP_06_SYNTHETIC_0422
RANDOM_LP_06_SYNTHETIC_STU03877,RANDOM_LP_06_SYNTHETIC_0436
RANDOM_LP_06_SYNTHETIC_STU03878,RANDOM_LP_06_SYNTHETIC_0137
RANDOM_LP_06_SYNTHETIC_STU03878,RANDOM_LP_06_SYNTHETIC_0234
RANDOM_LP_06_SYNTHETIC_STU03878,RANDOM_LP_06_SYNTHETIC_0328
RANDOM_LP_06_SYNTHETIC_STU03878,RANDOM_LP_06_SYNTHETIC_0403
RANDOM_LP_06_SYNTHETIC_STU03878,RANDOM_LP_06_SYNTHETIC_0473
RANDOM_LP_06_SYNTHETIC_STU03879,RANDOM_LP_06_SYNTHETIC_0048
RANDOM_LP_06_SYNTHETIC_STU03879,RANDOM_LP_06_SYNTHETIC_0178
RANDOM_LP_06_SYNTHETIC_STU03879,RANDOM_LP_06_SYNTHETIC_0389
RANDOM_LP_06_SYNTHETIC_STU03879,RANDOM_LP_06_SYNTHETIC_0440
RANDOM_LP_06_SYNTHETIC_STU03880,RANDOM_LP_06_SYNTHETIC_0131
RANDOM_LP_06_SYNTHETIC_STU03881,RANDOM_LP_06_SYNTHETIC_0067
RANDOM_LP_06_SYNTHETIC_STU03882,RANDOM_LP_06_SYNTHETIC_0057
RANDOM_LP_06_SYNTHETIC_STU03882,RANDOM_LP_06_SYNTHETIC_0074
RANDOM_LP_06_SYNTHETIC_STU03882,RANDOM_LP_06_SYNTHETIC_0345
RANDOM_LP_06_SYNTHETIC_STU03882,RANDOM_LP_06_SYNTHETIC_0402
RANDOM_LP_06_SYNTHETIC_STU03882,RANDOM_LP_06_SYNTHETIC_0431
RANDOM_LP_06_SYNTHETIC_STU03882,RANDOM_LP_06_SYNTHETIC_0460
RANDOM_LP_06_SYNTHETIC_STU03883,RANDOM_LP_06_SYNTHETIC_0099
RANDOM_LP_06_SYNTHETIC_STU03883,RANDOM_LP_06_SYNTHETIC_0392
RANDOM_LP_06_SYNTHETIC_STU03883,RANDOM_LP_06_SYNTHETIC_0448
RANDOM_LP_06_SYNTHETIC_STU03883,RANDOM_LP_06_SYNTHETIC_0465
RANDOM_LP_06_SYNTHETIC_STU03884,RANDOM_LP_06_SYNTHETIC_0155
RANDOM_LP_06_SYNTHETIC_STU03884,RANDOM_LP_06_SYNTHETIC_0416
RANDOM_LP_06_SYNTHETIC_STU03884,RANDOM_LP_06_SYNTHETIC_0475
RANDOM_LP_06_SYNTHETIC_STU03885,RANDOM_LP_06_SYNTHETIC_0269
RANDOM_LP_06_SYNTHETIC_STU03886,RANDOM_LP_06_SYNTHETIC_0175
RANDOM_LP_06_SYNTHETIC_STU03886,RANDOM_LP_06_SYNTHETIC_0382
RANDOM_LP_06_SYNTHETIC_STU03887,RANDOM_LP_06_SYNTHETIC_0014
RANDOM_LP_06_SYNTHETIC_STU03887,RANDOM_LP_06_SYNTHETIC_0098
RANDOM_LP_06_SYNTHETIC_STU03887,RANDOM_LP_06_SYNTHETIC_0159
RANDOM_LP_06_SYNTHETIC_STU03887,RANDOM_LP_06_SYNTHETIC_0253
RANDOM_LP_06_SYNTHETIC_STU03888,RANDOM_LP_06_SYNTHETIC_0307
RANDOM_LP_06_SYNTHETIC_STU03889,RANDOM_LP_06_SYNTHETIC_0079
RANDOM_LP_06_SYNTHETIC_STU03889,RANDOM_LP_06_SYNTHETIC_0375
RANDOM_LP_06_SYNTHETIC_STU03889,RANDOM_LP_06_SYNTHETIC_0435
RANDOM_LP_06_SYNTHETIC_STU03889,RANDOM_LP_06_SYNTHETIC_0436
RANDOM_LP_06_SYNTHETIC_STU03889,RANDOM_LP_06_SYNTHETIC_0483
RANDOM_LP_06_SYNTHETIC_STU03889,RANDOM_LP_06_SYNTHETIC_0495
RANDOM_LP_06_SYNTHETIC_STU03890,RANDOM_LP_06_SYNTHETIC_0145
RANDOM_LP_06_SYNTHETIC_STU03890,RANDOM_LP_06_SYNTHETIC_0157
RANDOM_LP_06_SYNTHETIC_STU03890,RANDOM_LP_06_SYNTHETIC_0230
RANDOM_LP_06_SYNTHETIC_STU03890,RANDOM_LP_06_SYNTHETIC_0271
RANDOM_LP_06_SYNTHETIC_STU03891,RANDOM_LP_06_SYNTHETIC_0307
RANDOM_LP_06_SYNTHETIC_STU03891,RANDOM_LP_06_SYNTHETIC_0324
RANDOM_LP_06_SYNTHETIC_STU03891,RANDOM_LP_06_SYNTHETIC_0443
RANDOM_LP_06_SYNTHETIC_STU03892,RANDOM_LP_06_SYNTHETIC_0386
RANDOM_LP_06_SYNTHETIC_STU03892,RANDOM_LP_06_SYNTHETIC_0400
RANDOM_LP_06_SYNTHETIC_STU03893,RANDOM_LP_06_SYNTHETIC_0019
RANDOM_LP_06_SYNTHETIC_STU03893,RANDOM_LP_06_SYNTHETIC_0065
RANDOM_LP_06_SYNTHETIC_STU03893,RANDOM_LP_06_SYNTHETIC_0172
RANDOM_LP_06_SYNTHETIC_STU03893,RANDOM_LP_06_SYNTHETIC_0423
RANDOM_LP_06_SYNTHETIC_STU03893,RANDOM_LP_06_SYNTHETIC_0475
RANDOM_LP_06_SYNTHETIC_STU03894,RANDOM_LP_06_SYNTHETIC_0077
RANDOM_LP_06_SYNTHETIC_STU03894,RANDOM_LP_06_SYNTHETIC_0096
RANDOM_LP_06_SYNTHETIC_STU03894,RANDOM_LP_06_SYNTHETIC_0203
RANDOM_LP_06_SYNTHETIC_STU03894,RANDOM_LP_06_SYNTHETIC_0341
RANDOM_LP_06_SYNTHETIC_STU03895,RANDOM_LP_06_SYNTHETIC_0440
RANDOM_LP_06_SYNTHETIC_STU03896,RANDOM_LP_06_SYNTHETIC_0153
RANDOM_LP_06_SYNTHETIC_STU03896,RANDOM_LP_06_SYNTHETIC_0319
RANDOM_LP_06_SYNTHETIC_STU03896,RANDOM_LP_06_SYNTHETIC_0427
RANDOM_LP_06_SYNTHETIC_STU03896,RANDOM_LP_06_SYNTHETIC_0432
RANDOM_LP_06_SYNTHETIC_STU03897,RANDOM_LP_06_SYNTHETIC_0079
RANDOM_LP_06_SYNTHETIC_STU03897,RANDOM_LP_06_SYNTHETIC_0135
RANDOM_LP_06_SYNTHETIC_STU03897,RANDOM_LP_06_SYNTHETIC_0250
RANDOM_LP_06_SYNTHETIC_STU03898,RANDOM_LP_06_SYNTHETIC_0121
RANDOM_LP_06_SYNTHETIC_STU03898,RANDOM_LP_06_SYNTHETIC_0146
RANDOM_LP_06_SYNTHETIC_STU03898,RANDOM_LP_06_SYNTHETIC_0346
RANDOM_LP_06_SYNTHETIC_STU03899,RANDOM_LP_06_SYNTHETIC_0046
RANDOM_LP_06_SYNTHETIC_STU03899,RANDOM_LP_06_SYNTHETIC_0122
RANDOM_LP_06_SYNTHETIC_STU03899,RANDOM_LP_06_SYNTHETIC_0198
RANDOM_LP_06_SYNTHETIC_STU03899,RANDOM_LP_06_SYNTHETIC_0379
RANDOM_LP_06_SYNTHETIC_STU03899,RANDOM_LP_06_SYNTHETIC_0380
RANDOM_LP_06_SYNTHETIC_STU03900,RANDOM_LP_06_SYNTHETIC_0163
RANDOM_LP_06_SYNTHETIC_STU03901,RANDOM_LP_06_SYNTHETIC_0040
RANDOM_LP_06_SYNTHETIC_STU03901,RANDOM_LP_06_SYNTHETIC_0259
RANDOM_LP_06_SYNTHETIC_STU03901,RANDOM_LP_06_SYNTHETIC_0291
RANDOM_LP_06_SYNTHETIC_STU03901,RANDOM_LP_06_SYNTHETIC_0330
RANDOM_LP_06_SYNTHETIC_STU03901,RANDOM_LP_06_SYNTHETIC_0344
RANDOM_LP_06_SYNTHETIC_STU03901,RANDOM_LP_06_SYNTHETIC_0434
RANDOM_LP_06_SYNTHETIC_STU03902,RANDOM_LP_06_SYNTHETIC_0167
RANDOM_LP_06_SYNTHETIC_STU03902,RANDOM_LP_06_SYNTHETIC_0173
RANDOM_LP_06_SYNTHETIC_STU03902,RANDOM_LP_06_SYNTHETIC_0274
RANDOM_LP_06_SYNTHETIC_STU03903,RANDOM_LP_06_SYNTHETIC_0043
RANDOM_LP_06_SYNTHETIC_STU03903,RANDOM_LP_06_SYNTHETIC_0059
RANDOM_LP_06_SYNTHETIC_STU03903,RANDOM_LP_06_SYNTHETIC_0079
RANDOM_LP_06_SYNTHETIC_STU03903,RANDOM_LP_06_SYNTHETIC_0198
RANDOM_LP_06_SYNTHETIC_STU03903,RANDOM_LP_06_SYNTHETIC_0277
RANDOM_LP_06_SYNTHETIC_STU03903,RANDOM_LP_06_SYNTHETIC_0323
RANDOM_LP_06_SYNTHETIC_STU03904,RANDOM_LP_06_SYNTHETIC_0042
RANDOM_LP_06_SYNTHETIC_STU03904,RANDOM_LP_06_SYNTHETIC_0070
RANDOM_LP_06_SYNTHETIC_STU03904,RANDOM_LP_06_SYNTHETIC_0212
RANDOM_LP_06_SYNTHETIC_STU03904,RANDOM_LP_06_SYNTHETIC_0345
RANDOM_LP_06_SYNTHETIC_STU03905,RANDOM_LP_06_SYNTHETIC_0200
RANDOM_LP_06_SYNTHETIC_STU03905,RANDOM_LP_06_SYNTHETIC_0248
RANDOM_LP_06_SYNTHETIC_STU03905,RANDOM_LP_06_SYNTHETIC_0287
RANDOM_LP_06_SYNTHETIC_STU03906,RANDOM_LP_06_SYNTHETIC_0001
RANDOM_LP_06_SYNTHETIC_STU03906,RANDOM_LP_06_SYNTHETIC_0099
RANDOM_LP_06_SYNTHETIC_STU03906,RANDOM_LP_06_SYNTHETIC_0337
RANDOM_LP_06_SYNTHETIC_STU03906,RANDOM_LP_06_SYNTHETIC_0350
RANDOM_LP_06_SYNTHETIC_STU03907,RANDOM_LP_06_SYNTHETIC_0034
RANDOM_LP_06_SYNTHETIC_STU03907,RANDOM_LP_06_SYNTHETIC_0067
RANDOM_LP_06_SYNTHETIC_STU03907,RANDOM_LP_06_SYNTHETIC_0232
RANDOM_LP_06_SYNTHETIC_STU03907,RANDOM_LP_06_SYNTHETIC_0497
RANDOM_LP_06_SYNTHETIC_STU03908,RANDOM_LP_06_SYNTHETIC_0001
RANDOM_LP_06_SYNTHETIC_STU03908,RANDOM_LP_06_SYNTHETIC_0040
RANDOM_LP_06_SYNTHETIC_STU03909,RANDOM_LP_06_SYNTHETIC_0079
RANDOM_LP_06_SYNTHETIC_STU03909,RANDOM_LP_06_SYNTHETIC_0146
RANDOM_LP_06_SYNTHETIC_STU03909,RANDOM_LP_06_SYNTHETIC_0217
RANDOM_LP_06_SYNTHETIC_STU03909,RANDOM_LP_06_SYNTHETIC_0292
RANDOM_LP_06_SYNTHETIC_STU03910,RANDOM_LP_06_SYNTHETIC_0157
RANDOM_LP_06_SYNTHETIC_STU03910,RANDOM_LP_06_SYNTHETIC_0449
RANDOM_LP_06_SYNTHETIC_STU03910,RANDOM_LP_06_SYNTHETIC_0487
RANDOM_LP_06_SYNTHETIC_STU03911,RANDOM_LP_06_SYNTHETIC_0025
RANDOM_LP_06_SYNTHETIC_STU03911,RANDOM_LP_06_SYNTHETIC_0074
RANDOM_LP_06_SYNTHETIC_STU03911,RANDOM_LP_06_SYNTHETIC_0375
RANDOM_LP_06_SYNTHETIC_STU03912,RANDOM_LP_06_SYNTHETIC_0139
RANDOM_LP_06_SYNTHETIC_STU03912,RANDOM_LP_06_SYNTHETIC_0410
RANDOM_LP_06_SYNTHETIC_STU03912,RANDOM_LP_06_SYNTHETIC_0445
RANDOM_LP_06_SYNTHETIC_STU03913,RANDOM_LP_06_SYNTHETIC_0128
RANDOM_LP_06_SYNTHETIC_STU03914,RANDOM_LP_06_SYNTHETIC_0035
RANDOM_LP_06_SYNTHETIC_STU03915,RANDOM_LP_06_SYNTHETIC_0160
RANDOM_LP_06_SYNTHETIC_STU03916,RANDOM_LP_06_SYNTHETIC_0167
RANDOM_LP_06_SYNTHETIC_STU03916,RANDOM_LP_06_SYNTHETIC_0324
RANDOM_LP_06_SYNTHETIC_STU03916,RANDOM_LP_06_SYNTHETIC_0415
RANDOM_LP_06_SYNTHETIC_STU03917,RANDOM_LP_06_SYNTHETIC_0162
RANDOM_LP_06_SYNTHETIC_STU03917,RANDOM_LP_06_SYNTHETIC_0241
RANDOM_LP_06_SYNTHETIC_STU03917,RANDOM_LP_06_SYNTHETIC_0475
RANDOM_LP_06_SYNTHETIC_STU03917,RANDOM_LP_06_SYNTHETIC_0485
RANDOM_LP_06_SYNTHETIC_STU03918,RANDOM_LP_06_SYNTHETIC_0122
RANDOM_LP_06_SYNTHETIC_STU03918,RANDOM_LP_06_SYNTHETIC_0231
RANDOM_LP_06_SYNTHETIC_STU03919,RANDOM_LP_06_SYNTHETIC_0053
RANDOM_LP_06_SYNTHETIC_STU03919,RANDOM_LP_06_SYNTHETIC_0087
RANDOM_LP_06_SYNTHETIC_STU03919,RANDOM_LP_06_SYNTHETIC_0194
RANDOM_LP_06_SYNTHETIC_STU03919,RANDOM_LP_06_SYNTHETIC_0372
RANDOM_LP_06_SYNTHETIC_STU03919,RANDOM_LP_06_SYNTHETIC_0415
RANDOM_LP_06_SYNTHETIC_STU03919,RANDOM_LP_06_SYNTHETIC_0475
RANDOM_LP_06_SYNTHETIC_STU03920,RANDOM_LP_06_SYNTHETIC_0057
RANDOM_LP_06_SYNTHETIC_STU03920,RANDOM_LP_06_SYNTHETIC_0108
RANDOM_LP_06_SYNTHETIC_STU03921,RANDOM_LP_06_SYNTHETIC_0022
RANDOM_LP_06_SYNTHETIC_STU03921,RANDOM_LP_06_SYNTHETIC_0334
RANDOM_LP_06_SYNTHETIC_STU03921,RANDOM_LP_06_SYNTHETIC_0350
RANDOM_LP_06_SYNTHETIC_STU03922,RANDOM_LP_06_SYNTHETIC_0073
RANDOM_LP_06_SYNTHETIC_STU03922,RANDOM_LP_06_SYNTHETIC_0094
RANDOM_LP_06_SYNTHETIC_STU03922,RANDOM_LP_06_SYNTHETIC_0172
RANDOM_LP_06_SYNTHETIC_STU03922,RANDOM_LP_06_SYNTHETIC_0261
RANDOM_LP_06_SYNTHETIC_STU03923,RANDOM_LP_06_SYNTHETIC_0118
RANDOM_LP_06_SYNTHETIC_STU03923,RANDOM_LP_06_SYNTHETIC_0277
RANDOM_LP_06_SYNTHETIC_STU03924,RANDOM_LP_06_SYNTHETIC_0077
RANDOM_LP_06_SYNTHETIC_STU03924,RANDOM_LP_06_SYNTHETIC_0411
RANDOM_LP_06_SYNTHETIC_STU03925,RANDOM_LP_06_SYNTHETIC_0074
RANDOM_LP_06_SYNTHETIC_STU03925,RANDOM_LP_06_SYNTHETIC_0089
RANDOM_LP_06_SYNTHETIC_STU03925,RANDOM_LP_06_SYNTHETIC_0370
RANDOM_LP_06_SYNTHETIC_STU03926,RANDOM_LP_06_SYNTHETIC_0090
RANDOM_LP_06_SYNTHETIC_STU03926,RANDOM_LP_06_SYNTHETIC_0244
RANDOM_LP_06_SYNTHETIC_STU03926,RANDOM_LP_06_SYNTHETIC_0438
RANDOM_LP_06_SYNTHETIC_STU03927,RANDOM_LP_06_SYNTHETIC_0348
RANDOM_LP_06_SYNTHETIC_STU03927,RANDOM_LP_06_SYNTHETIC_0436
RANDOM_LP_06_SYNTHETIC_STU03927,RANDOM_LP_06_SYNTHETIC_0458
RANDOM_LP_06_SYNTHETIC_STU03928,RANDOM_LP_06_SYNTHETIC_0023
RANDOM_LP_06_SYNTHETIC_STU03928,RANDOM_LP_06_SYNTHETIC_0272
RANDOM_LP_06_SYNTHETIC_STU03928,RANDOM_LP_06_SYNTHETIC_0277
RANDOM_LP_06_SYNTHETIC_STU03928,RANDOM_LP_06_SYNTHETIC_0281
RANDOM_LP_06_SYNTHETIC_STU03928,RANDOM_LP_06_SYNTHETIC_0413
RANDOM_LP_06_SYNTHETIC_STU03929,RANDOM_LP_06_SYNTHETIC_0055
RANDOM_LP_06_SYNTHETIC_STU03929,RANDOM_LP_06_SYNTHETIC_0158
RANDOM_LP_06_SYNTHETIC_STU03929,RANDOM_LP_06_SYNTHETIC_0357
RANDOM_LP_06_SYNTHETIC_STU03930,RANDOM_LP_06_SYNTHETIC_0142
RANDOM_LP_06_SYNTHETIC_STU03930,RANDOM_LP_06_SYNTHETIC_0259
RANDOM_LP_06_SYNTHETIC_STU03931,RANDOM_LP_06_SYNTHETIC_0035
RANDOM_LP_06_SYNTHETIC_STU03931,RANDOM_LP_06_SYNTHETIC_0087
RANDOM_LP_06_SYNTHETIC_STU03931,RANDOM_LP_06_SYNTHETIC_0379
RANDOM_LP_06_SYNTHETIC_STU03932,RANDOM_LP_06_SYNTHETIC_0148
RANDOM_LP_06_SYNTHETIC_STU03932,RANDOM_LP_06_SYNTHETIC_0359
RANDOM_LP_06_SYNTHETIC_STU03933,RANDOM_LP_06_SYNTHETIC_0327
RANDOM_LP_06_SYNTHETIC_STU03933,RANDOM_LP_06_SYNTHETIC_0400
RANDOM_LP_06_SYNTHETIC_STU03933,RANDOM_LP_06_SYNTHETIC_0463
RANDOM_LP_06_SYNTHETIC_STU03933,RANDOM_LP_06_SYNTHETIC_0497
RANDOM_LP_06_SYNTHETIC_STU03934,RANDOM_LP_06_SYNTHETIC_0002
RANDOM_LP_06_SYNTHETIC_STU03934,RANDOM_LP_06_SYNTHETIC_0410
RANDOM_LP_06_SYNTHETIC_STU03935,RANDOM_LP_06_SYNTHETIC_0085
RANDOM_LP_06_SYNTHETIC_STU03936,RANDOM_LP_06_SYNTHETIC_0168
RANDOM_LP_06_SYNTHETIC_STU03936,RANDOM_LP_06_SYNTHETIC_0422
RANDOM_LP_06_SYNTHETIC_STU03937,RANDOM_LP_06_SYNTHETIC_0054
RANDOM_LP_06_SYNTHETIC_STU03937,RANDOM_LP_06_SYNTHETIC_0117
RANDOM_LP_06_SYNTHETIC_STU03937,RANDOM_LP_06_SYNTHETIC_0287
RANDOM_LP_06_SYNTHETIC_STU03938,RANDOM_LP_06_SYNTHETIC_0120
RANDOM_LP_06_SYNTHETIC_STU03938,RANDOM_LP_06_SYNTHETIC_0121
RANDOM_LP_06_SYNTHETIC_STU03938,RANDOM_LP_06_SYNTHETIC_0326
RANDOM_LP_06_SYNTHETIC_STU03938,RANDOM_LP_06_SYNTHETIC_0451
RANDOM_LP_06_SYNTHETIC_STU03939,RANDOM_LP_06_SYNTHETIC_0149
RANDOM_LP_06_SYNTHETIC_STU03939,RANDOM_LP_06_SYNTHETIC_0256
RANDOM_LP_06_SYNTHETIC_STU03939,RANDOM_LP_06_SYNTHETIC_0301
RANDOM_LP_06_SYNTHETIC_STU03939,RANDOM_LP_06_SYNTHETIC_0343
RANDOM_LP_06_SYNTHETIC_STU03939,RANDOM_LP_06_SYNTHETIC_0380
RANDOM_LP_06_SYNTHETIC_STU03939,RANDOM_LP_06_SYNTHETIC_0422
RANDOM_LP_06_SYNTHETIC_STU03940,RANDOM_LP_06_SYNTHETIC_0079
RANDOM_LP_06_SYNTHETIC_STU03940,RANDOM_LP_06_SYNTHETIC_0161
RANDOM_LP_06_SYNTHETIC_STU03940,RANDOM_LP_06_SYNTHETIC_0165
RANDOM_LP_06_SYNTHETIC_STU03940,RANDOM_LP_06_SYNTHETIC_0409
RANDOM_LP_06_SYNTHETIC_STU03941,RANDOM_LP_06_SYNTHETIC_0066
RANDOM_LP_06_SYNTHETIC_STU03941,RANDOM_LP_06_SYNTHETIC_0087
RANDOM_LP_06_SYNTHETIC_STU03941,RANDOM_LP_06_SYNTHETIC_0121
RANDOM_LP_06_SYNTHETIC_STU03941,RANDOM_LP_06_SYNTHETIC_0178
RANDOM_LP_06_SYNTHETIC_STU03941,RANDOM_LP_06_SYNTHETIC_0364
RANDOM_LP_06_SYNTHETIC_STU03941,RANDOM_LP_06_SYNTHETIC_0437
RANDOM_LP_06_SYNTHETIC_STU03942,RANDOM_LP_06_SYNTHETIC_0135
RANDOM_LP_06_SYNTHETIC_STU03942,RANDOM_LP_06_SYNTHETIC_0313
RANDOM_LP_06_SYNTHETIC_STU03943,RANDOM_LP_06_SYNTHETIC_0149
RANDOM_LP_06_SYNTHETIC_STU03943,RANDOM_LP_06_SYNTHETIC_0281
RANDOM_LP_06_SYNTHETIC_STU03944,RANDOM_LP_06_SYNTHETIC_0235
RANDOM_LP_06_SYNTHETIC_STU03944,RANDOM_LP_06_SYNTHETIC_0277
RANDOM_LP_06_SYNTHETIC_STU03944,RANDOM_LP_06_SYNTHETIC_0408
RANDOM_LP_06_SYNTHETIC_STU03945,RANDOM_LP_06_SYNTHETIC_0055
RANDOM_LP_06_SYNTHETIC_STU03945,RANDOM_LP_06_SYNTHETIC_0278
RANDOM_LP_06_SYNTHETIC_STU03945,RANDOM_LP_06_SYNTHETIC_0398
RANDOM_LP_06_SYNTHETIC_STU03945,RANDOM_LP_06_SYNTHETIC_0406
RANDOM_LP_06_SYNTHETIC_STU03946,RANDOM_LP_06_SYNTHETIC_0133
RANDOM_LP_06_SYNTHETIC_STU03947,RANDOM_LP_06_SYNTHETIC_0008
RANDOM_LP_06_SYNTHETIC_STU03947,RANDOM_LP_06_SYNTHETIC_0104
RANDOM_LP_06_SYNTHETIC_STU03948,RANDOM_LP_06_SYNTHETIC_0044
RANDOM_LP_06_SYNTHETIC_STU03948,RANDOM_LP_06_SYNTHETIC_0084
RANDOM_LP_06_SYNTHETIC_STU03948,RANDOM_LP_06_SYNTHETIC_0235
RANDOM_LP_06_SYNTHETIC_STU03948,RANDOM_LP_06_SYNTHETIC_0268
RANDOM_LP_06_SYNTHETIC_STU03948,RANDOM_LP_06_SYNTHETIC_0312
RANDOM_LP_06_SYNTHETIC_STU03948,RANDOM_LP_06_SYNTHETIC_0386
RANDOM_LP_06_SYNTHETIC_STU03949,RANDOM_LP_06_SYNTHETIC_0011
RANDOM_LP_06_SYNTHETIC_STU03949,RANDOM_LP_06_SYNTHETIC_0040
RANDOM_LP_06_SYNTHETIC_STU03949,RANDOM_LP_06_SYNTHETIC_0053
RANDOM_LP_06_SYNTHETIC_STU03949,RANDOM_LP_06_SYNTHETIC_0054
RANDOM_LP_06_SYNTHETIC_STU03949,RANDOM_LP_06_SYNTHETIC_0086
RANDOM_LP_06_SYNTHETIC_STU03949,RANDOM_LP_06_SYNTHETIC_0112
RANDOM_LP_06_SYNTHETIC_STU03949,RANDOM_LP_06_SYNTHETIC_0285
RANDOM_LP_06_SYNTHETIC_STU03949,RANDOM_LP_06_SYNTHETIC_0454
RANDOM_LP_06_SYNTHETIC_STU03949,RANDOM_LP_06_SYNTHETIC_0499
RANDOM_LP_06_SYNTHETIC_STU03950,RANDOM_LP_06_SYNTHETIC_0218
RANDOM_LP_06_SYNTHETIC_STU03950,RANDOM_LP_06_SYNTHETIC_0320
RANDOM_LP_06_SYNTHETIC_STU03950,RANDOM_LP_06_SYNTHETIC_0467
RANDOM_LP_06_SYNTHETIC_STU03950,RANDOM_LP_06_SYNTHETIC_0495
RANDOM_LP_06_SYNTHETIC_STU03951,RANDOM_LP_06_SYNTHETIC_0088
RANDOM_LP_06_SYNTHETIC_STU03952,RANDOM_LP_06_SYNTHETIC_0009
RANDOM_LP_06_SYNTHETIC_STU03952,RANDOM_LP_06_SYNTHETIC_0074
RANDOM_LP_06_SYNTHETIC_STU03953,RANDOM_LP_06_SYNTHETIC_0227
RANDOM_LP_06_SYNTHETIC_STU03954,RANDOM_LP_06_SYNTHETIC_0123
RANDOM_LP_06_SYNTHETIC_STU03954,RANDOM_LP_06_SYNTHETIC_0424
RANDOM_LP_06_SYNTHETIC_STU03955,RANDOM_LP_06_SYNTHETIC_0053
RANDOM_LP_06_SYNTHETIC_STU03955,RANDOM_LP_06_SYNTHETIC_0079
RANDOM_LP_06_SYNTHETIC_STU03955,RANDOM_LP_06_SYNTHETIC_0305
RANDOM_LP_06_SYNTHETIC_STU03955,RANDOM_LP_06_SYNTHETIC_0351
RANDOM_LP_06_SYNTHETIC_STU03955,RANDOM_LP_06_SYNTHETIC_0404
RANDOM_LP_06_SYNTHETIC_STU03956,RANDOM_LP_06_SYNTHETIC_0344
RANDOM_LP_06_SYNTHETIC_STU03956,RANDOM_LP_06_SYNTHETIC_0422
RANDOM_LP_06_SYNTHETIC_STU03956,RANDOM_LP_06_SYNTHETIC_0471
RANDOM_LP_06_SYNTHETIC_STU03957,RANDOM_LP_06_SYNTHETIC_0076
RANDOM_LP_06_SYNTHETIC_STU03957,RANDOM_LP_06_SYNTHETIC_0128
RANDOM_LP_06_SYNTHETIC_STU03957,RANDOM_LP_06_SYNTHETIC_0463
RANDOM_LP_06_SYNTHETIC_STU03958,RANDOM_LP_06_SYNTHETIC_0182
RANDOM_LP_06_SYNTHETIC_STU03959,RANDOM_LP_06_SYNTHETIC_0253
RANDOM_LP_06_SYNTHETIC_STU03959,RANDOM_LP_06_SYNTHETIC_0352
RANDOM_LP_06_SYNTHETIC_STU03959,RANDOM_LP_06_SYNTHETIC_0409
RANDOM_LP_06_SYNTHETIC_STU03959,RANDOM_LP_06_SYNTHETIC_0482
RANDOM_LP_06_SYNTHETIC_STU03960,RANDOM_LP_06_SYNTHETIC_0004
RANDOM_LP_06_SYNTHETIC_STU03960,RANDOM_LP_06_SYNTHETIC_0066
RANDOM_LP_06_SYNTHETIC_STU03960,RANDOM_LP_06_SYNTHETIC_0073
RANDOM_LP_06_SYNTHETIC_STU03960,RANDOM_LP_06_SYNTHETIC_0383
RANDOM_LP_06_SYNTHETIC_STU03961,RANDOM_LP_06_SYNTHETIC_0227
RANDOM_LP_06_SYNTHETIC_STU03962,RANDOM_LP_06_SYNTHETIC_0079
RANDOM_LP_06_SYNTHETIC_STU03962,RANDOM_LP_06_SYNTHETIC_0394
RANDOM_LP_06_SYNTHETIC_STU03963,RANDOM_LP_06_SYNTHETIC_0034
RANDOM_LP_06_SYNTHETIC_STU03963,RANDOM_LP_06_SYNTHETIC_0075
RANDOM_LP_06_SYNTHETIC_STU03963,RANDOM_LP_06_SYNTHETIC_0308
RANDOM_LP_06_SYNTHETIC_STU03964,RANDOM_LP_06_SYNTHETIC_0162
RANDOM_LP_06_SYNTHETIC_STU03964,RANDOM_LP_06_SYNTHETIC_0275
RANDOM_LP_06_SYNTHETIC_STU03964,RANDOM_LP_06_SYNTHETIC_0406
RANDOM_LP_06_SYNTHETIC_STU03965,RANDOM_LP_06_SYNTHETIC_0038
RANDOM_LP_06_SYNTHETIC_STU03965,RANDOM_LP_06_SYNTHETIC_0079
RANDOM_LP_06_SYNTHETIC_STU03965,RANDOM_LP_06_SYNTHETIC_0200
RANDOM_LP_06_SYNTHETIC_STU03966,RANDOM_LP_06_SYNTHETIC_0002
RANDOM_LP_06_SYNTHETIC_STU03966,RANDOM_LP_06_SYNTHETIC_0185
RANDOM_LP_06_SYNTHETIC_STU03967,RANDOM_LP_06_SYNTHETIC_0022
RANDOM_LP_06_SYNTHETIC_STU03967,RANDOM_LP_06_SYNTHETIC_0240
RANDOM_LP_06_SYNTHETIC_STU03967,RANDOM_LP_06_SYNTHETIC_0276
RANDOM_LP_06_SYNTHETIC_STU03967,RANDOM_LP_06_SYNTHETIC_0296
RANDOM_LP_06_SYNTHETIC_STU03967,RANDOM_LP_06_SYNTHETIC_0463
RANDOM_LP_06_SYNTHETIC_STU03968,RANDOM_LP_06_SYNTHETIC_0267
RANDOM_LP_06_SYNTHETIC_STU03968,RANDOM_LP_06_SYNTHETIC_0395
RANDOM_LP_06_SYNTHETIC_STU03969,RANDOM_LP_06_SYNTHETIC_0167
RANDOM_LP_06_SYNTHETIC_STU03969,RANDOM_LP_06_SYNTHETIC_0233
RANDOM_LP_06_SYNTHETIC_STU03970,RANDOM_LP_06_SYNTHETIC_0307
RANDOM_LP_06_SYNTHETIC_STU03971,RANDOM_LP_06_SYNTHETIC_0067
RANDOM_LP_06_SYNTHETIC_STU03971,RANDOM_LP_06_SYNTHETIC_0078
RANDOM_LP_06_SYNTHETIC_STU03971,RANDOM_LP_06_SYNTHETIC_0404
RANDOM_LP_06_SYNTHETIC_STU03971,RANDOM_LP_06_SYNTHETIC_0494
RANDOM_LP_06_SYNTHETIC_STU03972,RANDOM_LP_06_SYNTHETIC_0040
RANDOM_LP_06_SYNTHETIC_STU03972,RANDOM_LP_06_SYNTHETIC_0130
RANDOM_LP_06_SYNTHETIC_STU03972,RANDOM_LP_06_SYNTHETIC_0134
RANDOM_LP_06_SYNTHETIC_STU03973,RANDOM_LP_06_SYNTHETIC_0023
RANDOM_LP_06_SYNTHETIC_STU03974,RANDOM_LP_06_SYNTHETIC_0063
RANDOM_LP_06_SYNTHETIC_STU03974,RANDOM_LP_06_SYNTHETIC_0368
RANDOM_LP_06_SYNTHETIC_STU03975,RANDOM_LP_06_SYNTHETIC_0076
RANDOM_LP_06_SYNTHETIC_STU03975,RANDOM_LP_06_SYNTHETIC_0079
RANDOM_LP_06_SYNTHETIC_STU03975,RANDOM_LP_06_SYNTHETIC_0166
RANDOM_LP_06_SYNTHETIC_STU03975,RANDOM_LP_06_SYNTHETIC_0178
RANDOM_LP_06_SYNTHETIC_STU03975,RANDOM_LP_06_SYNTHETIC_0410
RANDOM_LP_06_SYNTHETIC_STU03976,RANDOM_LP_06_SYNTHETIC_0095
RANDOM_LP_06_SYNTHETIC_STU03976,RANDOM_LP_06_SYNTHETIC_0334
RANDOM_LP_06_SYNTHETIC_STU03977,RANDOM_LP_06_SYNTHETIC_0314
RANDOM_LP_06_SYNTHETIC_STU03977,RANDOM_LP_06_SYNTHETIC_0344
RANDOM_LP_06_SYNTHETIC_STU03978,RANDOM_LP_06_SYNTHETIC_0161
RANDOM_LP_06_SYNTHETIC_STU03978,RANDOM_LP_06_SYNTHETIC_0354
RANDOM_LP_06_SYNTHETIC_STU03978,RANDOM_LP_06_SYNTHETIC_0410
RANDOM_LP_06_SYNTHETIC_STU03979,RANDOM_LP_06_SYNTHETIC_0001
RANDOM_LP_06_SYNTHETIC_STU03979,RANDOM_LP_06_SYNTHETIC_0454
RANDOM_LP_06_SYNTHETIC_STU03980,RANDOM_LP_06_SYNTHETIC_0031
RANDOM_LP_06_SYNTHETIC_STU03981,RANDOM_LP_06_SYNTHETIC_0049
RANDOM_LP_06_SYNTHETIC_STU03981,RANDOM_LP_06_SYNTHETIC_0399
RANDOM_LP_06_SYNTHETIC_STU03982,RANDOM_LP_06_SYNTHETIC_0229
RANDOM_LP_06_SYNTHETIC_STU03982,RANDOM_LP_06_SYNTHETIC_0422
RANDOM_LP_06_SYNTHETIC_STU03983,RANDOM_LP_06_SYNTHETIC_0206
RANDOM_LP_06_SYNTHETIC_STU03983,RANDOM_LP_06_SYNTHETIC_0240
RANDOM_LP_06_SYNTHETIC_STU03983,RANDOM_LP_06_SYNTHETIC_0283
RANDOM_LP_06_SYNTHETIC_STU03983,RANDOM_LP_06_SYNTHETIC_0319
RANDOM_LP_06_SYNTHETIC_STU03983,RANDOM_LP_06_SYNTHETIC_0399
RANDOM_LP_06_SYNTHETIC_STU03984,RANDOM_LP_06_SYNTHETIC_0016
RANDOM_LP_06_SYNTHETIC_STU03984,RANDOM_LP_06_SYNTHETIC_0158
RANDOM_LP_06_SYNTHETIC_STU03984,RANDOM_LP_06_SYNTHETIC_0166
RANDOM_LP_06_SYNTHETIC_STU03984,RANDOM_LP_06_SYNTHETIC_0266
RANDOM_LP_06_SYNTHETIC_STU03984,RANDOM_LP_06_SYNTHETIC_0463
RANDOM_LP_06_SYNTHETIC_STU03984,RANDOM_LP_06_SYNTHETIC_0475
RANDOM_LP_06_SYNTHETIC_STU03984,RANDOM_LP_06_SYNTHETIC_0497
RANDOM_LP_06_SYNTHETIC_STU03985,RANDOM_LP_06_SYNTHETIC_0345
RANDOM_LP_06_SYNTHETIC_STU03985,RANDOM_LP_06_SYNTHETIC_0398
RANDOM_LP_06_SYNTHETIC_STU03986,RANDOM_LP_06_SYNTHETIC_0353
RANDOM_LP_06_SYNTHETIC_STU03987,RANDOM_LP_06_SYNTHETIC_0188
RANDOM_LP_06_SYNTHETIC_STU03988,RANDOM_LP_06_SYNTHETIC_0041
RANDOM_LP_06_SYNTHETIC_STU03988,RANDOM_LP_06_SYNTHETIC_0061
RANDOM_LP_06_SYNTHETIC_STU03988,RANDOM_LP_06_SYNTHETIC_0480
RANDOM_LP_06_SYNTHETIC_STU03989,RANDOM_LP_06_SYNTHETIC_0013
RANDOM_LP_06_SYNTHETIC_STU03989,RANDOM_LP_06_SYNTHETIC_0100
RANDOM_LP_06_SYNTHETIC_STU03989,RANDOM_LP_06_SYNTHETIC_0229
RANDOM_LP_06_SYNTHETIC_STU03990,RANDOM_LP_06_SYNTHETIC_0006
RANDOM_LP_06_SYNTHETIC_STU03991,RANDOM_LP_06_SYNTHETIC_0283
RANDOM_LP_06_SYNTHETIC_STU03991,RANDOM_LP_06_SYNTHETIC_0487
RANDOM_LP_06_SYNTHETIC_STU03992,RANDOM_LP_06_SYNTHETIC_0049
RANDOM_LP_06_SYNTHETIC_STU03992,RANDOM_LP_06_SYNTHETIC_0266
RANDOM_LP_06_SYNTHETIC_STU03993,RANDOM_LP_06_SYNTHETIC_0251
RANDOM_LP_06_SYNTHETIC_STU03993,RANDOM_LP_06_SYNTHETIC_0339
RANDOM_LP_06_SYNTHETIC_STU03994,RANDOM_LP_06_SYNTHETIC_0252
RANDOM_LP_06_SYNTHETIC_STU03994,RANDOM_LP_06_SYNTHETIC_0475
RANDOM_LP_06_SYNTHETIC_STU03995,RANDOM_LP_06_SYNTHETIC_0015
RANDOM_LP_06_SYNTHETIC_STU03995,RANDOM_LP_06_SYNTHETIC_0078
RANDOM_LP_06_SYNTHETIC_STU03995,RANDOM_LP_06_SYNTHETIC_0169
RANDOM_LP_06_SYNTHETIC_STU03995,RANDOM_LP_06_SYNTHETIC_0193
RANDOM_LP_06_SYNTHETIC_STU03995,RANDOM_LP_06_SYNTHETIC_0284
RANDOM_LP_06_SYNTHETIC_STU03996,RANDOM_LP_06_SYNTHETIC_0198
RANDOM_LP_06_SYNTHETIC_STU03996,RANDOM_LP_06_SYNTHETIC_0283
RANDOM_LP_06_SYNTHETIC_STU03996,RANDOM_LP_06_SYNTHETIC_0402
RANDOM_LP_06_SYNTHETIC_STU03997,RANDOM_LP_06_SYNTHETIC_0078
RANDOM_LP_06_SYNTHETIC_STU03997,RANDOM_LP_06_SYNTHETIC_0122
RANDOM_LP_06_SYNTHETIC_STU03997,RANDOM_LP_06_SYNTHETIC_0362
RANDOM_LP_06_SYNTHETIC_STU03997,RANDOM_LP_06_SYNTHETIC_0364
RANDOM_LP_06_SYNTHETIC_STU03997,RANDOM_LP_06_SYNTHETIC_0397
RANDOM_LP_06_SYNTHETIC_STU03998,RANDOM_LP_06_SYNTHETIC_0150
RANDOM_LP_06_SYNTHETIC_STU03998,RANDOM_LP_06_SYNTHETIC_0225
RANDOM_LP_06_SYNTHETIC_STU03998,RANDOM_LP_06_SYNTHETIC_0383
RANDOM_LP_06_SYNTHETIC_STU03998,RANDOM_LP_06_SYNTHETIC_0435
RANDOM_LP_06_SYNTHETIC_STU03999,RANDOM_LP_06_SYNTHETIC_0292
RANDOM_LP_06_SYNTHETIC_STU03999,RANDOM_LP_06_SYNTHETIC_0475
RANDOM_LP_06_SYNTHETIC_STU04000,RANDOM_LP_06_SYNTHETIC_0302
RANDOM_LP_06_SYNTHETIC_STU04000,RANDOM_LP_06_SYNTHETIC_0389
RANDOM_LP_06_SYNTHETIC_STU04000,RANDOM_LP_06_SYNTHETIC_0471
RANDOM_LP_06_SYNTHETIC_STU04001,RANDOM_LP_06_SYNTHETIC_0320
RANDOM_LP_06_SYNTHETIC_STU04002,RANDOM_LP_06_SYNTHETIC_0321
RANDOM_LP_06_SYNTHETIC_STU04003,RANDOM_LP_06_SYNTHETIC_0040
RANDOM_LP_06_SYNTHETIC_STU04003,RANDOM_LP_06_SYNTHETIC_0171
RANDOM_LP_06_SYNTHETIC_STU04003,RANDOM_LP_06_SYNTHETIC_0214
RANDOM_LP_06_SYNTHETIC_STU04003,RANDOM_LP_06_SYNTHETIC_0386
RANDOM_LP_06_SYNTHETIC_STU04004,RANDOM_LP_06_SYNTHETIC_0021
RANDOM_LP_06_SYNTHETIC_STU04004,RANDOM_LP_06_SYNTHETIC_0270
RANDOM_LP_06_SYNTHETIC_STU04004,RANDOM_LP_06_SYNTHETIC_0438
RANDOM_LP_06_SYNTHETIC_STU04004,RANDOM_LP_06_SYNTHETIC_0489
RANDOM_LP_06_SYNTHETIC_STU04005,RANDOM_LP_06_SYNTHETIC_0090
RANDOM_LP_06_SYNTHETIC_STU04005,RANDOM_LP_06_SYNTHETIC_0496
RANDOM_LP_06_SYNTHETIC_STU04006,RANDOM_LP_06_SYNTHETIC_0141
RANDOM_LP_06_SYNTHETIC_STU04006,RANDOM_LP_06_SYNTHETIC_0398
RANDOM_LP_06_SYNTHETIC_STU04007,RANDOM_LP_06_SYNTHETIC_0028
RANDOM_LP_06_SYNTHETIC_STU04007,RANDOM_LP_06_SYNTHETIC_0121
RANDOM_LP_06_SYNTHETIC_STU04007,RANDOM_LP_06_SYNTHETIC_0494
RANDOM_LP_06_SYNTHETIC_STU04008,RANDOM_LP_06_SYNTHETIC_0459
RANDOM_LP_06_SYNTHETIC_STU04009,RANDOM_LP_06_SYNTHETIC_0131
RANDOM_LP_06_SYNTHETIC_STU04009,RANDOM_LP_06_SYNTHETIC_0389
RANDOM_LP_06_SYNTHETIC_STU04009,RANDOM_LP_06_SYNTHETIC_0450
RANDOM_LP_06_SYNTHETIC_STU04009,RANDOM_LP_06_SYNTHETIC_0480
RANDOM_LP_06_SYNTHETIC_STU04010,RANDOM_LP_06_SYNTHETIC_0028
RANDOM_LP_06_SYNTHETIC_STU04010,RANDOM_LP_06_SYNTHETIC_0079
RANDOM_LP_06_SYNTHETIC_STU04010,RANDOM_LP_06_SYNTHETIC_0350
RANDOM_LP_06_SYNTHETIC_STU04010,RANDOM_LP_06_SYNTHETIC_0376
RANDOM_LP_06_SYNTHETIC_STU04011,RANDOM_LP_06_SYNTHETIC_0153
RANDOM_LP_06_SYNTHETIC_STU04012,RANDOM_LP_06_SYNTHETIC_0218
RANDOM_LP_06_SYNTHETIC_STU04012,RANDOM_LP_06_SYNTHETIC_0256
RANDOM_LP_06_SYNTHETIC_STU04012,RANDOM_LP_06_SYNTHETIC_0265
RANDOM_LP_06_SYNTHETIC_STU04012,RANDOM_LP_06_SYNTHETIC_0379
RANDOM_LP_06_SYNTHETIC_STU04013,RANDOM_LP_06_SYNTHETIC_0283
RANDOM_LP_06_SYNTHETIC_STU04014,RANDOM_LP_06_SYNTHETIC_0028
RANDOM_LP_06_SYNTHETIC_STU04014,RANDOM_LP_06_SYNTHETIC_0074
RANDOM_LP_06_SYNTHETIC_STU04014,RANDOM_LP_06_SYNTHETIC_0137
RANDOM_LP_06_SYNTHETIC_STU04014,RANDOM_LP_06_SYNTHETIC_0231
RANDOM_LP_06_SYNTHETIC_STU04014,RANDOM_LP_06_SYNTHETIC_0392
RANDOM_LP_06_SYNTHETIC_STU04015,RANDOM_LP_06_SYNTHETIC_0424
RANDOM_LP_06_SYNTHETIC_STU04016,RANDOM_LP_06_SYNTHETIC_0170
RANDOM_LP_06_SYNTHETIC_STU04016,RANDOM_LP_06_SYNTHETIC_0201
RANDOM_LP_06_SYNTHETIC_STU04016,RANDOM_LP_06_SYNTHETIC_0339
RANDOM_LP_06_SYNTHETIC_STU04017,RANDOM_LP_06_SYNTHETIC_0037
RANDOM_LP_06_SYNTHETIC_STU04017,RANDOM_LP_06_SYNTHETIC_0402
RANDOM_LP_06_SYNTHETIC_STU04017,RANDOM_LP_06_SYNTHETIC_0409
RANDOM_LP_06_SYNTHETIC_STU04018,RANDOM_LP_06_SYNTHETIC_0034
RANDOM_LP_06_SYNTHETIC_STU04018,RANDOM_LP_06_SYNTHETIC_0126
RANDOM_LP_06_SYNTHETIC_STU04018,RANDOM_LP_06_SYNTHETIC_0222
RANDOM_LP_06_SYNTHETIC_STU04019,RANDOM_LP_06_SYNTHETIC_0434
RANDOM_LP_06_SYNTHETIC_STU04019,RANDOM_LP_06_SYNTHETIC_0458
RANDOM_LP_06_SYNTHETIC_STU04019,RANDOM_LP_06_SYNTHETIC_0497
RANDOM_LP_06_SYNTHETIC_STU04020,RANDOM_LP_06_SYNTHETIC_0118
RANDOM_LP_06_SYNTHETIC_STU04020,RANDOM_LP_06_SYNTHETIC_0401
RANDOM_LP_06_SYNTHETIC_STU04020,RANDOM_LP_06_SYNTHETIC_0460
RANDOM_LP_06_SYNTHETIC_STU04021,RANDOM_LP_06_SYNTHETIC_0145
RANDOM_LP_06_SYNTHETIC_STU04021,RANDOM_LP_06_SYNTHETIC_0371
RANDOM_LP_06_SYNTHETIC_STU04022,RANDOM_LP_06_SYNTHETIC_0069
RANDOM_LP_06_SYNTHETIC_STU04022,RANDOM_LP_06_SYNTHETIC_0124
RANDOM_LP_06_SYNTHETIC_STU04022,RANDOM_LP_06_SYNTHETIC_0271
RANDOM_LP_06_SYNTHETIC_STU04022,RANDOM_LP_06_SYNTHETIC_0348
RANDOM_LP_06_SYNTHETIC_STU04023,RANDOM_LP_06_SYNTHETIC_0015
RANDOM_LP_06_SYNTHETIC_STU04023,RANDOM_LP_06_SYNTHETIC_0078
RANDOM_LP_06_SYNTHETIC_STU04023,RANDOM_LP_06_SYNTHETIC_0419
RANDOM_LP_06_SYNTHETIC_STU04023,RANDOM_LP_06_SYNTHETIC_0452
RANDOM_LP_06_SYNTHETIC_STU04024,RANDOM_LP_06_SYNTHETIC_0140
RANDOM_LP_06_SYNTHETIC_STU04024,RANDOM_LP_06_SYNTHETIC_0379
RANDOM_LP_06_SYNTHETIC_STU04024,RANDOM_LP_06_SYNTHETIC_0422
RANDOM_LP_06_SYNTHETIC_STU04025,RANDOM_LP_06_SYNTHETIC_0056
RANDOM_LP_06_SYNTHETIC_STU04025,RANDOM_LP_06_SYNTHETIC_0173
RANDOM_LP_06_SYNTHETIC_STU04025,RANDOM_LP_06_SYNTHETIC_0413
RANDOM_LP_06_SYNTHETIC_STU04026,RANDOM_LP_06_SYNTHETIC_0179
RANDOM_LP_06_SYNTHETIC_STU04026,RANDOM_LP_06_SYNTHETIC_0265
RANDOM_LP_06_SYNTHETIC_STU04027,RANDOM_LP_06_SYNTHETIC_0122
RANDOM_LP_06_SYNTHETIC_STU04027,RANDOM_LP_06_SYNTHETIC_0424
RANDOM_LP_06_SYNTHETIC_STU04028,RANDOM_LP_06_SYNTHETIC_0178
RANDOM_LP_06_SYNTHETIC_STU04028,RANDOM_LP_06_SYNTHETIC_0357
RANDOM_LP_06_SYNTHETIC_STU04028,RANDOM_LP_06_SYNTHETIC_0399
RANDOM_LP_06_SYNTHETIC_STU04028,RANDOM_LP_06_SYNTHETIC_0470
RANDOM_LP_06_SYNTHETIC_STU04029,RANDOM_LP_06_SYNTHETIC_0122
RANDOM_LP_06_SYNTHETIC_STU04029,RANDOM_LP_06_SYNTHETIC_0224
RANDOM_LP_06_SYNTHETIC_STU04029,RANDOM_LP_06_SYNTHETIC_0271
RANDOM_LP_06_SYNTHETIC_STU04030,RANDOM_LP_06_SYNTHETIC_0003
RANDOM_LP_06_SYNTHETIC_STU04030,RANDOM_LP_06_SYNTHETIC_0029
RANDOM_LP_06_SYNTHETIC_STU04030,RANDOM_LP_06_SYNTHETIC_0103
RANDOM_LP_06_SYNTHETIC_STU04030,RANDOM_LP_06_SYNTHETIC_0293
RANDOM_LP_06_SYNTHETIC_STU04030,RANDOM_LP_06_SYNTHETIC_0329
RANDOM_LP_06_SYNTHETIC_STU04031,RANDOM_LP_06_SYNTHETIC_0108
RANDOM_LP_06_SYNTHETIC_STU04031,RANDOM_LP_06_SYNTHETIC_0319
RANDOM_LP_06_SYNTHETIC_STU04031,RANDOM_LP_06_SYNTHETIC_0499
RANDOM_LP_06_SYNTHETIC_STU04032,RANDOM_LP_06_SYNTHETIC_0048
RANDOM_LP_06_SYNTHETIC_STU04033,RANDOM_LP_06_SYNTHETIC_0105
RANDOM_LP_06_SYNTHETIC_STU04033,RANDOM_LP_06_SYNTHETIC_0363
RANDOM_LP_06_SYNTHETIC_STU04033,RANDOM_LP_06_SYNTHETIC_0437
RANDOM_LP_06_SYNTHETIC_STU04034,RANDOM_LP_06_SYNTHETIC_0240
RANDOM_LP_06_SYNTHETIC_STU04034,RANDOM_LP_06_SYNTHETIC_0271
RANDOM_LP_06_SYNTHETIC_STU04034,RANDOM_LP_06_SYNTHETIC_0303
RANDOM_LP_06_SYNTHETIC_STU04034,RANDOM_LP_06_SYNTHETIC_0331
RANDOM_LP_06_SYNTHETIC_STU04034,RANDOM_LP_06_SYNTHETIC_0334
RANDOM_LP_06_SYNTHETIC_STU04034,RANDOM_LP_06_SYNTHETIC_0460
RANDOM_LP_06_SYNTHETIC_STU04035,RANDOM_LP_06_SYNTHETIC_0329
RANDOM_LP_06_SYNTHETIC_STU04035,RANDOM_LP_06_SYNTHETIC_0351
RANDOM_LP_06_SYNTHETIC_STU04035,RANDOM_LP_06_SYNTHETIC_0368
RANDOM_LP_06_SYNTHETIC_STU04035,RANDOM_LP_06_SYNTHETIC_0420
RANDOM_LP_06_SYNTHETIC_STU04035,RANDOM_LP_06_SYNTHETIC_0423
RANDOM_LP_06_SYNTHETIC_STU04035,RANDOM_LP_06_SYNTHETIC_0472
RANDOM_LP_06_SYNTHETIC_STU04035,RANDOM_LP_06_SYNTHETIC_0475
RANDOM_LP_06_SYNTHETIC_STU04036,RANDOM_LP_06_SYNTHETIC_0329
RANDOM_LP_06_SYNTHETIC_STU04036,RANDOM_LP_06_SYNTHETIC_0473
RANDOM_LP_06_SYNTHETIC_STU04037,RANDOM_LP_06_SYNTHETIC_0040
RANDOM_LP_06_SYNTHETIC_STU04037,RANDOM_LP_06_SYNTHETIC_0195
RANDOM_LP_06_SYNTHETIC_STU04037,RANDOM_LP_06_SYNTHETIC_0210
RANDOM_LP_06_SYNTHETIC_STU04038,RANDOM_LP_06_SYNTHETIC_0074
RANDOM_LP_06_SYNTHETIC_STU04038,RANDOM_LP_06_SYNTHETIC_0210
RANDOM_LP_06_SYNTHETIC_STU04039,RANDOM_LP_06_SYNTHETIC_0200
RANDOM_LP_06_SYNTHETIC_STU04039,RANDOM_LP_06_SYNTHETIC_0304
RANDOM_LP_06_SYNTHETIC_STU04039,RANDOM_LP_06_SYNTHETIC_0344
RANDOM_LP_06_SYNTHETIC_STU04040,RANDOM_LP_06_SYNTHETIC_0112
RANDOM_LP_06_SYNTHETIC_STU04040,RANDOM_LP_06_SYNTHETIC_0122
RANDOM_LP_06_SYNTHETIC_STU04040,RANDOM_LP_06_SYNTHETIC_0281
RANDOM_LP_06_SYNTHETIC_STU04040,RANDOM_LP_06_SYNTHETIC_0413
RANDOM_LP_06_SYNTHETIC_STU04041,RANDOM_LP_06_SYNTHETIC_0247
RANDOM_LP_06_SYNTHETIC_STU04041,RANDOM_LP_06_SYNTHETIC_0423
RANDOM_LP_06_SYNTHETIC_STU04041,RANDOM_LP_06_SYNTHETIC_0473
RANDOM_LP_06_SYNTHETIC_STU04042,RANDOM_LP_06_SYNTHETIC_0028
RANDOM_LP_06_SYNTHETIC_STU04042,RANDOM_LP_06_SYNTHETIC_0042
RANDOM_LP_06_SYNTHETIC_STU04042,RANDOM_LP_06_SYNTHETIC_0152
RANDOM_LP_06_SYNTHETIC_STU04042,RANDOM_LP_06_SYNTHETIC_0165
RANDOM_LP_06_SYNTHETIC_STU04042,RANDOM_LP_06_SYNTHETIC_0411
RANDOM_LP_06_SYNTHETIC_STU04042,RANDOM_LP_06_SYNTHETIC_0414
RANDOM_LP_06_SYNTHETIC_STU04042,RANDOM_LP_06_SYNTHETIC_0424
RANDOM_LP_06_SYNTHETIC_STU04042,RANDOM_LP_06_SYNTHETIC_0475
RANDOM_LP_06_SYNTHETIC_STU04043,RANDOM_LP_06_SYNTHETIC_0370
RANDOM_LP_06_SYNTHETIC_STU04043,RANDOM_LP_06_SYNTHETIC_0498
RANDOM_LP_06_SYNTHETIC_STU04044,RANDOM_LP_06_SYNTHETIC_0081
RANDOM_LP_06_SYNTHETIC_STU04045,RANDOM_LP_06_SYNTHETIC_0062
RANDOM_LP_06_SYNTHETIC_STU04045,RANDOM_LP_06_SYNTHETIC_0318
RANDOM_LP_06_SYNTHETIC_STU04046,RANDOM_LP_06_SYNTHETIC_0189
RANDOM_LP_06_SYNTHETIC_STU04046,RANDOM_LP_06_SYNTHETIC_0396
RANDOM_LP_06_SYNTHETIC_STU04047,RANDOM_LP_06_SYNTHETIC_0049
RANDOM_LP_06_SYNTHETIC_STU04047,RANDOM_LP_06_SYNTHETIC_0172
RANDOM_LP_06_SYNTHETIC_STU04047,RANDOM_LP_06_SYNTHETIC_0202
RANDOM_LP_06_SYNTHETIC_STU04048,RANDOM_LP_06_SYNTHETIC_0026
RANDOM_LP_06_SYNTHETIC_STU04048,RANDOM_LP_06_SYNTHETIC_0313
RANDOM_LP_06_SYNTHETIC_STU04049,RANDOM_LP_06_SYNTHETIC_0225
RANDOM_LP_06_SYNTHETIC_STU04049,RANDOM_LP_06_SYNTHETIC_0318
RANDOM_LP_06_SYNTHETIC_STU04049,RANDOM_LP_06_SYNTHETIC_0379
RANDOM_LP_06_SYNTHETIC_STU04050,RANDOM_LP_06_SYNTHETIC_0313
RANDOM_LP_06_SYNTHETIC_STU04050,RANDOM_LP_06_SYNTHETIC_0388
RANDOM_LP_06_SYNTHETIC_STU04050,RANDOM_LP_06_SYNTHETIC_0424
RANDOM_LP_06_SYNTHETIC_STU04051,RANDOM_LP_06_SYNTHETIC_0074
RANDOM_LP_06_SYNTHETIC_STU04051,RANDOM_LP_06_SYNTHETIC_0119
RANDOM_LP_06_SYNTHETIC_STU04051,RANDOM_LP_06_SYNTHETIC_0418
RANDOM_LP_06_SYNTHETIC_STU04052,RANDOM_LP_06_SYNTHETIC_0383
RANDOM_LP_06_SYNTHETIC_STU04053,RANDOM_LP_06_SYNTHETIC_0064
RANDOM_LP_06_SYNTHETIC_STU04053,RANDOM_LP_06_SYNTHETIC_0172
RANDOM_LP_06_SYNTHETIC_STU04053,RANDOM_LP_06_SYNTHETIC_0427
RANDOM_LP_06_SYNTHETIC_STU04054,RANDOM_LP_06_SYNTHETIC_0444
RANDOM_LP_06_SYNTHETIC_STU04055,RANDOM_LP_06_SYNTHETIC_0150
RANDOM_LP_06_SYNTHETIC_STU04055,RANDOM_LP_06_SYNTHETIC_0158
RANDOM_LP_06_SYNTHETIC_STU04055,RANDOM_LP_06_SYNTHETIC_0436
RANDOM_LP_06_SYNTHETIC_STU04055,RANDOM_LP_06_SYNTHETIC_0494
RANDOM_LP_06_SYNTHETIC_STU04055,RANDOM_LP_06_SYNTHETIC_0495
RANDOM_LP_06_SYNTHETIC_STU04056,RANDOM_LP_06_SYNTHETIC_0081
RANDOM_LP_06_SYNTHETIC_STU04056,RANDOM_LP_06_SYNTHETIC_0330
RANDOM_LP_06_SYNTHETIC_STU04056,RANDOM_LP_06_SYNTHETIC_0352
RANDOM_LP_06_SYNTHETIC_STU04057,RANDOM_LP_06_SYNTHETIC_0035
RANDOM_LP_06_SYNTHETIC_STU04057,RANDOM_LP_06_SYNTHETIC_0047
RANDOM_LP_06_SYNTHETIC_STU04057,RANDOM_LP_06_SYNTHETIC_0275
RANDOM_LP_06_SYNTHETIC_STU04057,RANDOM_LP_06_SYNTHETIC_0327
RANDOM_LP_06_SYNTHETIC_STU04058,RANDOM_LP_06_SYNTHETIC_0380
RANDOM_LP_06_SYNTHETIC_STU04059,RANDOM_LP_06_SYNTHETIC_0049
RANDOM_LP_06_SYNTHETIC_STU04059,RANDOM_LP_06_SYNTHETIC_0168
RANDOM_LP_06_SYNTHETIC_STU04059,RANDOM_LP_06_SYNTHETIC_0389
RANDOM_LP_06_SYNTHETIC_STU04060,RANDOM_LP_06_SYNTHETIC_0025
RANDOM_LP_06_SYNTHETIC_STU04060,RANDOM_LP_06_SYNTHETIC_0035
RANDOM_LP_06_SYNTHETIC_STU04060,RANDOM_LP_06_SYNTHETIC_0047
RANDOM_LP_06_SYNTHETIC_STU04060,RANDOM_LP_06_SYNTHETIC_0208
RANDOM_LP_06_SYNTHETIC_STU04060,RANDOM_LP_06_SYNTHETIC_0271
RANDOM_LP_06_SYNTHETIC_STU04061,RANDOM_LP_06_SYNTHETIC_0023
RANDOM_LP_06_SYNTHETIC_STU04061,RANDOM_LP_06_SYNTHETIC_0171
RANDOM_LP_06_SYNTHETIC_STU04061,RANDOM_LP_06_SYNTHETIC_0381
RANDOM_LP_06_SYNTHETIC_STU04062,RANDOM_LP_06_SYNTHETIC_0206
RANDOM_LP_06_SYNTHETIC_STU04062,RANDOM_LP_06_SYNTHETIC_0352
RANDOM_LP_06_SYNTHETIC_STU04062,RANDOM_LP_06_SYNTHETIC_0382
RANDOM_LP_06_SYNTHETIC_STU04063,RANDOM_LP_06_SYNTHETIC_0414
RANDOM_LP_06_SYNTHETIC_STU04064,RANDOM_LP_06_SYNTHETIC_0256
RANDOM_LP_06_SYNTHETIC_STU04065,RANDOM_LP_06_SYNTHETIC_0435
RANDOM_LP_06_SYNTHETIC_STU04066,RANDOM_LP_06_SYNTHETIC_0449
RANDOM_LP_06_SYNTHETIC_STU04067,RANDOM_LP_06_SYNTHETIC_0108
RANDOM_LP_06_SYNTHETIC_STU04067,RANDOM_LP_06_SYNTHETIC_0148
RANDOM_LP_06_SYNTHETIC_STU04067,RANDOM_LP_06_SYNTHETIC_0240
RANDOM_LP_06_SYNTHETIC_STU04067,RANDOM_LP_06_SYNTHETIC_0330
RANDOM_LP_06_SYNTHETIC_STU04068,RANDOM_LP_06_SYNTHETIC_0234
RANDOM_LP_06_SYNTHETIC_STU04068,RANDOM_LP_06_SYNTHETIC_0391
RANDOM_LP_06_SYNTHETIC_STU04069,RANDOM_LP_06_SYNTHETIC_0074
RANDOM_LP_06_SYNTHETIC_STU04069,RANDOM_LP_06_SYNTHETIC_0271
RANDOM_LP_06_SYNTHETIC_STU04069,RANDOM_LP_06_SYNTHETIC_0452
RANDOM_LP_06_SYNTHETIC_STU04070,RANDOM_LP_06_SYNTHETIC_0011
RANDOM_LP_06_SYNTHETIC_STU04071,RANDOM_LP_06_SYNTHETIC_0016
RANDOM_LP_06_SYNTHETIC_STU04071,RANDOM_LP_06_SYNTHETIC_0073
RANDOM_LP_06_SYNTHETIC_STU04071,RANDOM_LP_06_SYNTHETIC_0339
RANDOM_LP_06_SYNTHETIC_STU04071,RANDOM_LP_06_SYNTHETIC_0423
RANDOM_LP_06_SYNTHETIC_STU04072,RANDOM_LP_06_SYNTHETIC_0100
RANDOM_LP_06_SYNTHETIC_STU04072,RANDOM_LP_06_SYNTHETIC_0137
RANDOM_LP_06_SYNTHETIC_STU04072,RANDOM_LP_06_SYNTHETIC_0140
RANDOM_LP_06_SYNTHETIC_STU04072,RANDOM_LP_06_SYNTHETIC_0222
RANDOM_LP_06_SYNTHETIC_STU04072,RANDOM_LP_06_SYNTHETIC_0251
RANDOM_LP_06_SYNTHETIC_STU04072,RANDOM_LP_06_SYNTHETIC_0259
RANDOM_LP_06_SYNTHETIC_STU04072,RANDOM_LP_06_SYNTHETIC_0461
RANDOM_LP_06_SYNTHETIC_STU04073,RANDOM_LP_06_SYNTHETIC_0308
RANDOM_LP_06_SYNTHETIC_STU04074,RANDOM_LP_06_SYNTHETIC_0013
RANDOM_LP_06_SYNTHETIC_STU04074,RANDOM_LP_06_SYNTHETIC_0212
RANDOM_LP_06_SYNTHETIC_STU04074,RANDOM_LP_06_SYNTHETIC_0355
RANDOM_LP_06_SYNTHETIC_STU04074,RANDOM_LP_06_SYNTHETIC_0422
RANDOM_LP_06_SYNTHETIC_STU04075,RANDOM_LP_06_SYNTHETIC_0379
RANDOM_LP_06_SYNTHETIC_STU04075,RANDOM_LP_06_SYNTHETIC_0440
RANDOM_LP_06_SYNTHETIC_STU04076,RANDOM_LP_06_SYNTHETIC_0003
RANDOM_LP_06_SYNTHETIC_STU04076,RANDOM_LP_06_SYNTHETIC_0120
RANDOM_LP_06_SYNTHETIC_STU04077,RANDOM_LP_06_SYNTHETIC_0191
RANDOM_LP_06_SYNTHETIC_STU04077,RANDOM_LP_06_SYNTHETIC_0260
RANDOM_LP_06_SYNTHETIC_STU04077,RANDOM_LP_06_SYNTHETIC_0382
RANDOM_LP_06_SYNTHETIC_STU04077,RANDOM_LP_06_SYNTHETIC_0397
RANDOM_LP_06_SYNTHETIC_STU04078,RANDOM_LP_06_SYNTHETIC_0079
RANDOM_LP_06_SYNTHETIC_STU04078,RANDOM_LP_06_SYNTHETIC_0272
RANDOM_LP_06_SYNTHETIC_STU04078,RANDOM_LP_06_SYNTHETIC_0489
RANDOM_LP_06_SYNTHETIC_STU04079,RANDOM_LP_06_SYNTHETIC_0029
RANDOM_LP_06_SYNTHETIC_STU04079,RANDOM_LP_06_SYNTHETIC_0275
RANDOM_LP_06_SYNTHETIC_STU04079,RANDOM_LP_06_SYNTHETIC_0339
RANDOM_LP_06_SYNTHETIC_STU04079,RANDOM_LP_06_SYNTHETIC_0479
RANDOM_LP_06_SYNTHETIC_STU04080,RANDOM_LP_06_SYNTHETIC_0088
RANDOM_LP_06_SYNTHETIC_STU04080,RANDOM_LP_06_SYNTHETIC_0100
RANDOM_LP_06_SYNTHETIC_STU04081,RANDOM_LP_06_SYNTHETIC_0128
RANDOM_LP_06_SYNTHETIC_STU04081,RANDOM_LP_06_SYNTHETIC_0242
RANDOM_LP_06_SYNTHETIC_STU04081,RANDOM_LP_06_SYNTHETIC_0483
RANDOM_LP_06_SYNTHETIC_STU04082,RANDOM_LP_06_SYNTHETIC_0060
RANDOM_LP_06_SYNTHETIC_STU04082,RANDOM_LP_06_SYNTHETIC_0079
RANDOM_LP_06_SYNTHETIC_STU04082,RANDOM_LP_06_SYNTHETIC_0178
RANDOM_LP_06_SYNTHETIC_STU04082,RANDOM_LP_06_SYNTHETIC_0218
RANDOM_LP_06_SYNTHETIC_STU04083,RANDOM_LP_06_SYNTHETIC_0122
RANDOM_LP_06_SYNTHETIC_STU04083,RANDOM_LP_06_SYNTHETIC_0241
RANDOM_LP_06_SYNTHETIC_STU04083,RANDOM_LP_06_SYNTHETIC_0337
RANDOM_LP_06_SYNTHETIC_STU04083,RANDOM_LP_06_SYNTHETIC_0351
RANDOM_LP_06_SYNTHETIC_STU04084,RANDOM_LP_06_SYNTHETIC_0010
RANDOM_LP_06_SYNTHETIC_STU04084,RANDOM_LP_06_SYNTHETIC_0154
RANDOM_LP_06_SYNTHETIC_STU04085,RANDOM_LP_06_SYNTHETIC_0086
RANDOM_LP_06_SYNTHETIC_STU04085,RANDOM_LP_06_SYNTHETIC_0231
RANDOM_LP_06_SYNTHETIC_STU04086,RANDOM_LP_06_SYNTHETIC_0312
RANDOM_LP_06_SYNTHETIC_STU04086,RANDOM_LP_06_SYNTHETIC_0351
RANDOM_LP_06_SYNTHETIC_STU04086,RANDOM_LP_06_SYNTHETIC_0418
RANDOM_LP_06_SYNTHETIC_STU04087,RANDOM_LP_06_SYNTHETIC_0078
RANDOM_LP_06_SYNTHETIC_STU04087,RANDOM_LP_06_SYNTHETIC_0079
RANDOM_LP_06_SYNTHETIC_STU04087,RANDOM_LP_06_SYNTHETIC_0457
RANDOM_LP_06_SYNTHETIC_STU04088,RANDOM_LP_06_SYNTHETIC_0040
RANDOM_LP_06_SYNTHETIC_STU04088,RANDOM_LP_06_SYNTHETIC_0210
RANDOM_LP_06_SYNTHETIC_STU04088,RANDOM_LP_06_SYNTHETIC_0275
RANDOM_LP_06_SYNTHETIC_STU04089,RANDOM_LP_06_SYNTHETIC_0081
RANDOM_LP_06_SYNTHETIC_STU04090,RANDOM_LP_06_SYNTHETIC_0337
RANDOM_LP_06_SYNTHETIC_STU04090,RANDOM_LP_06_SYNTHETIC_0466
RANDOM_LP_06_SYNTHETIC_STU04091,RANDOM_LP_06_SYNTHETIC_0072
RANDOM_LP_06_SYNTHETIC_STU04091,RANDOM_LP_06_SYNTHETIC_0268
RANDOM_LP_06_SYNTHETIC_STU04091,RANDOM_LP_06_SYNTHETIC_0319
RANDOM_LP_06_SYNTHETIC_STU04092,RANDOM_LP_06_SYNTHETIC_0290
RANDOM_LP_06_SYNTHETIC_STU04093,RANDOM_LP_06_SYNTHETIC_0317
RANDOM_LP_06_SYNTHETIC_STU04093,RANDOM_LP_06_SYNTHETIC_0330
RANDOM_LP_06_SYNTHETIC_STU04094,RANDOM_LP_06_SYNTHETIC_0261
RANDOM_LP_06_SYNTHETIC_STU04095,RANDOM_LP_06_SYNTHETIC_0246
RANDOM_LP_06_SYNTHETIC_STU04095,RANDOM_LP_06_SYNTHETIC_0301
RANDOM_LP_06_SYNTHETIC_STU04095,RANDOM_LP_06_SYNTHETIC_0427
RANDOM_LP_06_SYNTHETIC_STU04096,RANDOM_LP_06_SYNTHETIC_0227
RANDOM_LP_06_SYNTHETIC_STU04096,RANDOM_LP_06_SYNTHETIC_0241
RANDOM_LP_06_SYNTHETIC_STU04096,RANDOM_LP_06_SYNTHETIC_0445
RANDOM_LP_06_SYNTHETIC_STU04097,RANDOM_LP_06_SYNTHETIC_0014
RANDOM_LP_06_SYNTHETIC_STU04097,RANDOM_LP_06_SYNTHETIC_0164
RANDOM_LP_06_SYNTHETIC_STU04097,RANDOM_LP_06_SYNTHETIC_0485
RANDOM_LP_06_SYNTHETIC_STU04098,RANDOM_LP_06_SYNTHETIC_0085
RANDOM_LP_06_SYNTHETIC_STU04098,RANDOM_LP_06_SYNTHETIC_0448
RANDOM_LP_06_SYNTHETIC_STU04098,RANDOM_LP_06_SYNTHETIC_0483
RANDOM_LP_06_SYNTHETIC_STU04099,RANDOM_LP_06_SYNTHETIC_0153
RANDOM_LP_06_SYNTHETIC_STU04099,RANDOM_LP_06_SYNTHETIC_0231
RANDOM_LP_06_SYNTHETIC_STU04099,RANDOM_LP_06_SYNTHETIC_0454
RANDOM_LP_06_SYNTHETIC_STU04100,RANDOM_LP_06_SYNTHETIC_0149
RANDOM_LP_06_SYNTHETIC_STU04100,RANDOM_LP_06_SYNTHETIC_0158
RANDOM_LP_06_SYNTHETIC_STU04101,RANDOM_LP_06_SYNTHETIC_0480
RANDOM_LP_06_SYNTHETIC_STU04102,RANDOM_LP_06_SYNTHETIC_0011
RANDOM_LP_06_SYNTHETIC_STU04102,RANDOM_LP_06_SYNTHETIC_0040
RANDOM_LP_06_SYNTHETIC_STU04102,RANDOM_LP_06_SYNTHETIC_0276
RANDOM_LP_06_SYNTHETIC_STU04102,RANDOM_LP_06_SYNTHETIC_0387
RANDOM_LP_06_SYNTHETIC_STU04102,RANDOM_LP_06_SYNTHETIC_0438
RANDOM_LP_06_SYNTHETIC_STU04103,RANDOM_LP_06_SYNTHETIC_0004
RANDOM_LP_06_SYNTHETIC_STU04103,RANDOM_LP_06_SYNTHETIC_0140
RANDOM_LP_06_SYNTHETIC_STU04103,RANDOM_LP_06_SYNTHETIC_0333
RANDOM_LP_06_SYNTHETIC_STU04103,RANDOM_LP_06_SYNTHETIC_0396
RANDOM_LP_06_SYNTHETIC_STU04104,RANDOM_LP_06_SYNTHETIC_0002
RANDOM_LP_06_SYNTHETIC_STU04104,RANDOM_LP_06_SYNTHETIC_0028
RANDOM_LP_06_SYNTHETIC_STU04104,RANDOM_LP_06_SYNTHETIC_0046
RANDOM_LP_06_SYNTHETIC_STU04104,RANDOM_LP_06_SYNTHETIC_0468
RANDOM_LP_06_SYNTHETIC_STU04105,RANDOM_LP_06_SYNTHETIC_0046
RANDOM_LP_06_SYNTHETIC_STU04105,RANDOM_LP_06_SYNTHETIC_0100
RANDOM_LP_06_SYNTHETIC_STU04106,RANDOM_LP_06_SYNTHETIC_0087
RANDOM_LP_06_SYNTHETIC_STU04106,RANDOM_LP_06_SYNTHETIC_0246
RANDOM_LP_06_SYNTHETIC_STU04107,RANDOM_LP_06_SYNTHETIC_0172
RANDOM_LP_06_SYNTHETIC_STU04107,RANDOM_LP_06_SYNTHETIC_0349
RANDOM_LP_06_SYNTHETIC_STU04107,RANDOM_LP_06_SYNTHETIC_0364
RANDOM_LP_06_SYNTHETIC_STU04108,RANDOM_LP_06_SYNTHETIC_0397
RANDOM_LP_06_SYNTHETIC_STU04109,RANDOM_LP_06_SYNTHETIC_0074
RANDOM_LP_06_SYNTHETIC_STU04109,RANDOM_LP_06_SYNTHETIC_0182
RANDOM_LP_06_SYNTHETIC_STU04110,RANDOM_LP_06_SYNTHETIC_0238
RANDOM_LP_06_SYNTHETIC_STU04110,RANDOM_LP_06_SYNTHETIC_0449
RANDOM_LP_06_SYNTHETIC_STU04111,RANDOM_LP_06_SYNTHETIC_0067
RANDOM_LP_06_SYNTHETIC_STU04111,RANDOM_LP_06_SYNTHETIC_0268
RANDOM_LP_06_SYNTHETIC_STU04112,RANDOM_LP_06_SYNTHETIC_0034
RANDOM_LP_06_SYNTHETIC_STU04112,RANDOM_LP_06_SYNTHETIC_0121
RANDOM_LP_06_SYNTHETIC_STU04112,RANDOM_LP_06_SYNTHETIC_0208
RANDOM_LP_06_SYNTHETIC_STU04113,RANDOM_LP_06_SYNTHETIC_0178
RANDOM_LP_06_SYNTHETIC_STU04113,RANDOM_LP_06_SYNTHETIC_0363
RANDOM_LP_06_SYNTHETIC_STU04113,RANDOM_LP_06_SYNTHETIC_0389
RANDOM_LP_06_SYNTHETIC_STU04113,RANDOM_LP_06_SYNTHETIC_0486
RANDOM_LP_06_SYNTHETIC_STU04114,RANDOM_LP_06_SYNTHETIC_0104
RANDOM_LP_06_SYNTHETIC_STU04114,RANDOM_LP_06_SYNTHETIC_0146
RANDOM_LP_06_SYNTHETIC_STU04115,RANDOM_LP_06_SYNTHETIC_0046
RANDOM_LP_06_SYNTHETIC_STU04115,RANDOM_LP_06_SYNTHETIC_0048
RANDOM_LP_06_SYNTHETIC_STU04115,RANDOM_LP_06_SYNTHETIC_0198
RANDOM_LP_06_SYNTHETIC_STU04115,RANDOM_LP_06_SYNTHETIC_0399
RANDOM_LP_06_SYNTHETIC_STU04116,RANDOM_LP_06_SYNTHETIC_0040
RANDOM_LP_06_SYNTHETIC_STU04116,RANDOM_LP_06_SYNTHETIC_0056
RANDOM_LP_06_SYNTHETIC_STU04116,RANDOM_LP_06_SYNTHETIC_0129
RANDOM_LP_06_SYNTHETIC_STU04117,RANDOM_LP_06_SYNTHETIC_0158
RANDOM_LP_06_SYNTHETIC_STU04117,RANDOM_LP_06_SYNTHETIC_0296
RANDOM_LP_06_SYNTHETIC_STU04117,RANDOM_LP_06_SYNTHETIC_0412
RANDOM_LP_06_SYNTHETIC_STU04117,RANDOM_LP_06_SYNTHETIC_0433
RANDOM_LP_06_SYNTHETIC_STU04118,RANDOM_LP_06_SYNTHETIC_0009
RANDOM_LP_06_SYNTHETIC_STU04118,RANDOM_LP_06_SYNTHETIC_0046
RANDOM_LP_06_SYNTHETIC_STU04118,RANDOM_LP_06_SYNTHETIC_0079
RANDOM_LP_06_SYNTHETIC_STU04118,RANDOM_LP_06_SYNTHETIC_0261
RANDOM_LP_06_SYNTHETIC_STU04118,RANDOM_LP_06_SYNTHETIC_0268
RANDOM_LP_06_SYNTHETIC_STU04118,RANDOM_LP_06_SYNTHETIC_0276
RANDOM_LP_06_SYNTHETIC_STU04118,RANDOM_LP_06_SYNTHETIC_0282
RANDOM_LP_06_SYNTHETIC_STU04118,RANDOM_LP_06_SYNTHETIC_0343
RANDOM_LP_06_SYNTHETIC_STU04119,RANDOM_LP_06_SYNTHETIC_0059
RANDOM_LP_06_SYNTHETIC_STU04119,RANDOM_LP_06_SYNTHETIC_0107
RANDOM_LP_06_SYNTHETIC_STU04119,RANDOM_LP_06_SYNTHETIC_0129
RANDOM_LP_06_SYNTHETIC_STU04119,RANDOM_LP_06_SYNTHETIC_0295
RANDOM_LP_06_SYNTHETIC_STU04119,RANDOM_LP_06_SYNTHETIC_0423
RANDOM_LP_06_SYNTHETIC_STU04119,RANDOM_LP_06_SYNTHETIC_0457
RANDOM_LP_06_SYNTHETIC_STU04120,RANDOM_LP_06_SYNTHETIC_0167
RANDOM_LP_06_SYNTHETIC_STU04120,RANDOM_LP_06_SYNTHETIC_0368
RANDOM_LP_06_SYNTHETIC_STU04120,RANDOM_LP_06_SYNTHETIC_0384
RANDOM_LP_06_SYNTHETIC_STU04121,RANDOM_LP_06_SYNTHETIC_0206
RANDOM_LP_06_SYNTHETIC_STU04121,RANDOM_LP_06_SYNTHETIC_0231
RANDOM_LP_06_SYNTHETIC_STU04121,RANDOM_LP_06_SYNTHETIC_0446
RANDOM_LP_06_SYNTHETIC_STU04122,RANDOM_LP_06_SYNTHETIC_0137
RANDOM_LP_06_SYNTHETIC_STU04122,RANDOM_LP_06_SYNTHETIC_0340
RANDOM_LP_06_SYNTHETIC_STU04122,RANDOM_LP_06_SYNTHETIC_0476
RANDOM_LP_06_SYNTHETIC_STU04123,RANDOM_LP_06_SYNTHETIC_0126
RANDOM_LP_06_SYNTHETIC_STU04123,RANDOM_LP_06_SYNTHETIC_0320
RANDOM_LP_06_SYNTHETIC_STU04123,RANDOM_LP_06_SYNTHETIC_0402
RANDOM_LP_06_SYNTHETIC_STU04123,RANDOM_LP_06_SYNTHETIC_0455
RANDOM_LP_06_SYNTHETIC_STU04124,RANDOM_LP_06_SYNTHETIC_0297
RANDOM_LP_06_SYNTHETIC_STU04125,RANDOM_LP_06_SYNTHETIC_0267
RANDOM_LP_06_SYNTHETIC_STU04125,RANDOM_LP_06_SYNTHETIC_0303
RANDOM_LP_06_SYNTHETIC_STU04126,RANDOM_LP_06_SYNTHETIC_0069
RANDOM_LP_06_SYNTHETIC_STU04126,RANDOM_LP_06_SYNTHETIC_0087
RANDOM_LP_06_SYNTHETIC_STU04126,RANDOM_LP_06_SYNTHETIC_0382
RANDOM_LP_06_SYNTHETIC_STU04126,RANDOM_LP_06_SYNTHETIC_0438
RANDOM_LP_06_SYNTHETIC_STU04127,RANDOM_LP_06_SYNTHETIC_0033
RANDOM_LP_06_SYNTHETIC_STU04128,RANDOM_LP_06_SYNTHETIC_0109
RANDOM_LP_06_SYNTHETIC_STU04128,RANDOM_LP_06_SYNTHETIC_0231
RANDOM_LP_06_SYNTHETIC_STU04128,RANDOM_LP_06_SYNTHETIC_0257
RANDOM_LP_06_SYNTHETIC_STU04128,RANDOM_LP_06_SYNTHETIC_0273
RANDOM_LP_06_SYNTHETIC_STU04129,RANDOM_LP_06_SYNTHETIC_0066
RANDOM_LP_06_SYNTHETIC_STU04129,RANDOM_LP_06_SYNTHETIC_0244
RANDOM_LP_06_SYNTHETIC_STU04129,RANDOM_LP_06_SYNTHETIC_0423
RANDOM_LP_06_SYNTHETIC_STU04130,RANDOM_LP_06_SYNTHETIC_0028
RANDOM_LP_06_SYNTHETIC_STU04130,RANDOM_LP_06_SYNTHETIC_0065
RANDOM_LP_06_SYNTHETIC_STU04130,RANDOM_LP_06_SYNTHETIC_0180
RANDOM_LP_06_SYNTHETIC_STU04131,RANDOM_LP_06_SYNTHETIC_0460
RANDOM_LP_06_SYNTHETIC_STU04132,RANDOM_LP_06_SYNTHETIC_0025
RANDOM_LP_06_SYNTHETIC_STU04132,RANDOM_LP_06_SYNTHETIC_0331
RANDOM_LP_06_SYNTHETIC_STU04132,RANDOM_LP_06_SYNTHETIC_0398
RANDOM_LP_06_SYNTHETIC_STU04133,RANDOM_LP_06_SYNTHETIC_0028
RANDOM_LP_06_SYNTHETIC_STU04133,RANDOM_LP_06_SYNTHETIC_0073
RANDOM_LP_06_SYNTHETIC_STU04133,RANDOM_LP_06_SYNTHETIC_0397
RANDOM_LP_06_SYNTHETIC_STU04133,RANDOM_LP_06_SYNTHETIC_0423
RANDOM_LP_06_SYNTHETIC_STU04133,RANDOM_LP_06_SYNTHETIC_0427
RANDOM_LP_06_SYNTHETIC_STU04134,RANDOM_LP_06_SYNTHETIC_0319
RANDOM_LP_06_SYNTHETIC_STU04134,RANDOM_LP_06_SYNTHETIC_0352
RANDOM_LP_06_SYNTHETIC_STU04135,RANDOM_LP_06_SYNTHETIC_0337
RANDOM_LP_06_SYNTHETIC_STU04135,RANDOM_LP_06_SYNTHETIC_0421
RANDOM_LP_06_SYNTHETIC_STU04135,RANDOM_LP_06_SYNTHETIC_0449
RANDOM_LP_06_SYNTHETIC_STU04136,RANDOM_LP_06_SYNTHETIC_0134
RANDOM_LP_06_SYNTHETIC_STU04137,RANDOM_LP_06_SYNTHETIC_0079
RANDOM_LP_06_SYNTHETIC_STU04137,RANDOM_LP_06_SYNTHETIC_0259
RANDOM_LP_06_SYNTHETIC_STU04137,RANDOM_LP_06_SYNTHETIC_0463
RANDOM_LP_06_SYNTHETIC_STU04138,RANDOM_LP_06_SYNTHETIC_0060
RANDOM_LP_06_SYNTHETIC_STU04138,RANDOM_LP_06_SYNTHETIC_0229
RANDOM_LP_06_SYNTHETIC_STU04138,RANDOM_LP_06_SYNTHETIC_0252
RANDOM_LP_06_SYNTHETIC_STU04139,RANDOM_LP_06_SYNTHETIC_0040
RANDOM_LP_06_SYNTHETIC_STU04139,RANDOM_LP_06_SYNTHETIC_0103
RANDOM_LP_06_SYNTHETIC_STU04139,RANDOM_LP_06_SYNTHETIC_0195
RANDOM_LP_06_SYNTHETIC_STU04140,RANDOM_LP_06_SYNTHETIC_0143
RANDOM_LP_06_SYNTHETIC_STU04140,RANDOM_LP_06_SYNTHETIC_0196
RANDOM_LP_06_SYNTHETIC_STU04140,RANDOM_LP_06_SYNTHETIC_0380
RANDOM_LP_06_SYNTHETIC_STU04141,RANDOM_LP_06_SYNTHETIC_0028
RANDOM_LP_06_SYNTHETIC_STU04141,RANDOM_LP_06_SYNTHETIC_0136
RANDOM_LP_06_SYNTHETIC_STU04141,RANDOM_LP_06_SYNTHETIC_0172
RANDOM_LP_06_SYNTHETIC_STU04141,RANDOM_LP_06_SYNTHETIC_0380
RANDOM_LP_06_SYNTHETIC_STU04142,RANDOM_LP_06_SYNTHETIC_0008
RANDOM_LP_06_SYNTHETIC_STU04142,RANDOM_LP_06_SYNTHETIC_0121
RANDOM_LP_06_SYNTHETIC_STU04143,RANDOM_LP_06_SYNTHETIC_0275
RANDOM_LP_06_SYNTHETIC_STU04143,RANDOM_LP_06_SYNTHETIC_0292
RANDOM_LP_06_SYNTHETIC_STU04143,RANDOM_LP_06_SYNTHETIC_0423
RANDOM_LP_06_SYNTHETIC_STU04143,RANDOM_LP_06_SYNTHETIC_0442
RANDOM_LP_06_SYNTHETIC_STU04144,RANDOM_LP_06_SYNTHETIC_0031
RANDOM_LP_06_SYNTHETIC_STU04144,RANDOM_LP_06_SYNTHETIC_0248
RANDOM_LP_06_SYNTHETIC_STU04144,RANDOM_LP_06_SYNTHETIC_0387
RANDOM_LP_06_SYNTHETIC_STU04144,RANDOM_LP_06_SYNTHETIC_0496
RANDOM_LP_06_SYNTHETIC_STU04145,RANDOM_LP_06_SYNTHETIC_0476
RANDOM_LP_06_SYNTHETIC_STU04146,RANDOM_LP_06_SYNTHETIC_0065
RANDOM_LP_06_SYNTHETIC_STU04146,RANDOM_LP_06_SYNTHETIC_0073
RANDOM_LP_06_SYNTHETIC_STU04147,RANDOM_LP_06_SYNTHETIC_0176
RANDOM_LP_06_SYNTHETIC_STU04147,RANDOM_LP_06_SYNTHETIC_0259
RANDOM_LP_06_SYNTHETIC_STU04147,RANDOM_LP_06_SYNTHETIC_0318
RANDOM_LP_06_SYNTHETIC_STU04148,RANDOM_LP_06_SYNTHETIC_0292
RANDOM_LP_06_SYNTHETIC_STU04149,RANDOM_LP_06_SYNTHETIC_0040
RANDOM_LP_06_SYNTHETIC_STU04149,RANDOM_LP_06_SYNTHETIC_0328
RANDOM_LP_06_SYNTHETIC_STU04149,RANDOM_LP_06_SYNTHETIC_0377
RANDOM_LP_06_SYNTHETIC_STU04149,RANDOM_LP_06_SYNTHETIC_0451
RANDOM_LP_06_SYNTHETIC_STU04150,RANDOM_LP_06_SYNTHETIC_0244
RANDOM_LP_06_SYNTHETIC_STU04151,RANDOM_LP_06_SYNTHETIC_0295
RANDOM_LP_06_SYNTHETIC_STU04151,RANDOM_LP_06_SYNTHETIC_0357
RANDOM_LP_06_SYNTHETIC_STU04151,RANDOM_LP_06_SYNTHETIC_0410
RANDOM_LP_06_SYNTHETIC_STU04151,RANDOM_LP_06_SYNTHETIC_0483
RANDOM_LP_06_SYNTHETIC_STU04152,RANDOM_LP_06_SYNTHETIC_0063
RANDOM_LP_06_SYNTHETIC_STU04152,RANDOM_LP_06_SYNTHETIC_0231
RANDOM_LP_06_SYNTHETIC_STU04152,RANDOM_LP_06_SYNTHETIC_0494
RANDOM_LP_06_SYNTHETIC_STU04152,RANDOM_LP_06_SYNTHETIC_0497
RANDOM_LP_06_SYNTHETIC_STU04153,RANDOM_LP_06_SYNTHETIC_0013
RANDOM_LP_06_SYNTHETIC_STU04153,RANDOM_LP_06_SYNTHETIC_0066
RANDOM_LP_06_SYNTHETIC_STU04153,RANDOM_LP_06_SYNTHETIC_0240
RANDOM_LP_06_SYNTHETIC_STU04153,RANDOM_LP_06_SYNTHETIC_0339
RANDOM_LP_06_SYNTHETIC_STU04153,RANDOM_LP_06_SYNTHETIC_0423
RANDOM_LP_06_SYNTHETIC_STU04153,RANDOM_LP_06_SYNTHETIC_0433
RANDOM_LP_06_SYNTHETIC_STU04153,RANDOM_LP_06_SYNTHETIC_0449
RANDOM_LP_06_SYNTHETIC_STU04154,RANDOM_LP_06_SYNTHETIC_0036
RANDOM_LP_06_SYNTHETIC_STU04155,RANDOM_LP_06_SYNTHETIC_0053
RANDOM_LP_06_SYNTHETIC_STU04155,RANDOM_LP_06_SYNTHETIC_0122
RANDOM_LP_06_SYNTHETIC_STU04155,RANDOM_LP_06_SYNTHETIC_0248
RANDOM_LP_06_SYNTHETIC_STU04155,RANDOM_LP_06_SYNTHETIC_0296
RANDOM_LP_06_SYNTHETIC_STU04156,RANDOM_LP_06_SYNTHETIC_0370
RANDOM_LP_06_SYNTHETIC_STU04156,RANDOM_LP_06_SYNTHETIC_0444
RANDOM_LP_06_SYNTHETIC_STU04157,RANDOM_LP_06_SYNTHETIC_0409
RANDOM_LP_06_SYNTHETIC_STU04157,RANDOM_LP_06_SYNTHETIC_0429
RANDOM_LP_06_SYNTHETIC_STU04158,RANDOM_LP_06_SYNTHETIC_0111
RANDOM_LP_06_SYNTHETIC_STU04158,RANDOM_LP_06_SYNTHETIC_0184
RANDOM_LP_06_SYNTHETIC_STU04158,RANDOM_LP_06_SYNTHETIC_0331
RANDOM_LP_06_SYNTHETIC_STU04158,RANDOM_LP_06_SYNTHETIC_0495
RANDOM_LP_06_SYNTHETIC_STU04159,RANDOM_LP_06_SYNTHETIC_0082
RANDOM_LP_06_SYNTHETIC_STU04160,RANDOM_LP_06_SYNTHETIC_0332
RANDOM_LP_06_SYNTHETIC_STU04160,RANDOM_LP_06_SYNTHETIC_0410
RANDOM_LP_06_SYNTHETIC_STU04161,RANDOM_LP_06_SYNTHETIC_0079
RANDOM_LP_06_SYNTHETIC_STU04161,RANDOM_LP_06_SYNTHETIC_0438
RANDOM_LP_06_SYNTHETIC_STU04162,RANDOM_LP_06_SYNTHETIC_0243
RANDOM_LP_06_SYNTHETIC_STU04162,RANDOM_LP_06_SYNTHETIC_0264
RANDOM_LP_06_SYNTHETIC_STU04163,RANDOM_LP_06_SYNTHETIC_0031
RANDOM_LP_06_SYNTHETIC_STU04163,RANDOM_LP_06_SYNTHETIC_0280
RANDOM_LP_06_SYNTHETIC_STU04163,RANDOM_LP_06_SYNTHETIC_0305
RANDOM_LP_06_SYNTHETIC_STU04163,RANDOM_LP_06_SYNTHETIC_0364
RANDOM_LP_06_SYNTHETIC_STU04163,RANDOM_LP_06_SYNTHETIC_0382
RANDOM_LP_06_SYNTHETIC_STU04164,RANDOM_LP_06_SYNTHETIC_0136
RANDOM_LP_06_SYNTHETIC_STU04164,RANDOM_LP_06_SYNTHETIC_0156
RANDOM_LP_06_SYNTHETIC_STU04164,RANDOM_LP_06_SYNTHETIC_0431
RANDOM_LP_06_SYNTHETIC_STU04165,RANDOM_LP_06_SYNTHETIC_0078
RANDOM_LP_06_SYNTHETIC_STU04165,RANDOM_LP_06_SYNTHETIC_0168
RANDOM_LP_06_SYNTHETIC_STU04165,RANDOM_LP_06_SYNTHETIC_0381
RANDOM_LP_06_SYNTHETIC_STU04166,RANDOM_LP_06_SYNTHETIC_0224
RANDOM_LP_06_SYNTHETIC_STU04166,RANDOM_LP_06_SYNTHETIC_0288
RANDOM_LP_06_SYNTHETIC_STU04166,RANDOM_LP_06_SYNTHETIC_0316
RANDOM_LP_06_SYNTHETIC_STU04166,RANDOM_LP_06_SYNTHETIC_0448
RANDOM_LP_06_SYNTHETIC_STU04167,RANDOM_LP_06_SYNTHETIC_0275
RANDOM_LP_06_SYNTHETIC_STU04167,RANDOM_LP_06_SYNTHETIC_0308
RANDOM_LP_06_SYNTHETIC_STU04168,RANDOM_LP_06_SYNTHETIC_0053
RANDOM_LP_06_SYNTHETIC_STU04168,RANDOM_LP_06_SYNTHETIC_0379
RANDOM_LP_06_SYNTHETIC_STU04169,RANDOM_LP_06_SYNTHETIC_0122
RANDOM_LP_06_SYNTHETIC_STU04169,RANDOM_LP_06_SYNTHETIC_0144
RANDOM_LP_06_SYNTHETIC_STU04169,RANDOM_LP_06_SYNTHETIC_0382
RANDOM_LP_06_SYNTHETIC_STU04169,RANDOM_LP_06_SYNTHETIC_0413
RANDOM_LP_06_SYNTHETIC_STU04170,RANDOM_LP_06_SYNTHETIC_0238
RANDOM_LP_06_SYNTHETIC_STU04171,RANDOM_LP_06_SYNTHETIC_0046
RANDOM_LP_06_SYNTHETIC_STU04171,RANDOM_LP_06_SYNTHETIC_0130
RANDOM_LP_06_SYNTHETIC_STU04171,RANDOM_LP_06_SYNTHETIC_0256
RANDOM_LP_06_SYNTHETIC_STU04172,RANDOM_LP_06_SYNTHETIC_0012
RANDOM_LP_06_SYNTHETIC_STU04172,RANDOM_LP_06_SYNTHETIC_0020
RANDOM_LP_06_SYNTHETIC_STU04173,RANDOM_LP_06_SYNTHETIC_0167
RANDOM_LP_06_SYNTHETIC_STU04173,RANDOM_LP_06_SYNTHETIC_0212
RANDOM_LP_06_SYNTHETIC_STU04173,RANDOM_LP_06_SYNTHETIC_0409
RANDOM_LP_06_SYNTHETIC_STU04174,RANDOM_LP_06_SYNTHETIC_0049
RANDOM_LP_06_SYNTHETIC_STU04174,RANDOM_LP_06_SYNTHETIC_0140
RANDOM_LP_06_SYNTHETIC_STU04175,RANDOM_LP_06_SYNTHETIC_0013
RANDOM_LP_06_SYNTHETIC_STU04175,RANDOM_LP_06_SYNTHETIC_0110
RANDOM_LP_06_SYNTHETIC_STU04175,RANDOM_LP_06_SYNTHETIC_0111
RANDOM_LP_06_SYNTHETIC_STU04176,RANDOM_LP_06_SYNTHETIC_0194
RANDOM_LP_06_SYNTHETIC_STU04176,RANDOM_LP_06_SYNTHETIC_0199
RANDOM_LP_06_SYNTHETIC_STU04176,RANDOM_LP_06_SYNTHETIC_0301
RANDOM_LP_06_SYNTHETIC_STU04176,RANDOM_LP_06_SYNTHETIC_0491
RANDOM_LP_06_SYNTHETIC_STU04177,RANDOM_LP_06_SYNTHETIC_0137
RANDOM_LP_06_SYNTHETIC_STU04177,RANDOM_LP_06_SYNTHETIC_0285
RANDOM_LP_06_SYNTHETIC_STU04177,RANDOM_LP_06_SYNTHETIC_0319
RANDOM_LP_06_SYNTHETIC_STU04177,RANDOM_LP_06_SYNTHETIC_0402
RANDOM_LP_06_SYNTHETIC_STU04178,RANDOM_LP_06_SYNTHETIC_0040
RANDOM_LP_06_SYNTHETIC_STU04178,RANDOM_LP_06_SYNTHETIC_0091
RANDOM_LP_06_SYNTHETIC_STU04178,RANDOM_LP_06_SYNTHETIC_0146
RANDOM_LP_06_SYNTHETIC_STU04178,RANDOM_LP_06_SYNTHETIC_0231
RANDOM_LP_06_SYNTHETIC_STU04178,RANDOM_LP_06_SYNTHETIC_0387
RANDOM_LP_06_SYNTHETIC_STU04178,RANDOM_LP_06_SYNTHETIC_0451
RANDOM_LP_06_SYNTHETIC_STU04179,RANDOM_LP_06_SYNTHETIC_0031
RANDOM_LP_06_SYNTHETIC_STU04179,RANDOM_LP_06_SYNTHETIC_0042
RANDOM_LP_06_SYNTHETIC_STU04179,RANDOM_LP_06_SYNTHETIC_0104
RANDOM_LP_06_SYNTHETIC_STU04179,RANDOM_LP_06_SYNTHETIC_0448
RANDOM_LP_06_SYNTHETIC_STU04179,RANDOM_LP_06_SYNTHETIC_0458
RANDOM_LP_06_SYNTHETIC_STU04179,RANDOM_LP_06_SYNTHETIC_0470
RANDOM_LP_06_SYNTHETIC_STU04180,RANDOM_LP_06_SYNTHETIC_0024
RANDOM_LP_06_SYNTHETIC_STU04180,RANDOM_LP_06_SYNTHETIC_0029
RANDOM_LP_06_SYNTHETIC_STU04180,RANDOM_LP_06_SYNTHETIC_0156
RANDOM_LP_06_SYNTHETIC_STU04180,RANDOM_LP_06_SYNTHETIC_0371
RANDOM_LP_06_SYNTHETIC_STU04180,RANDOM_LP_06_SYNTHETIC_0482
RANDOM_LP_06_SYNTHETIC_STU04181,RANDOM_LP_06_SYNTHETIC_0171
RANDOM_LP_06_SYNTHETIC_STU04181,RANDOM_LP_06_SYNTHETIC_0295
RANDOM_LP_06_SYNTHETIC_STU04181,RANDOM_LP_06_SYNTHETIC_0296
RANDOM_LP_06_SYNTHETIC_STU04181,RANDOM_LP_06_SYNTHETIC_0304
RANDOM_LP_06_SYNTHETIC_STU04181,RANDOM_LP_06_SYNTHETIC_0473
RANDOM_LP_06_SYNTHETIC_STU04182,RANDOM_LP_06_SYNTHETIC_0190
RANDOM_LP_06_SYNTHETIC_STU04182,RANDOM_LP_06_SYNTHETIC_0343
RANDOM_LP_06_SYNTHETIC_STU04183,RANDOM_LP_06_SYNTHETIC_0137
RANDOM_LP_06_SYNTHETIC_STU04183,RANDOM_LP_06_SYNTHETIC_0286
RANDOM_LP_06_SYNTHETIC_STU04184,RANDOM_LP_06_SYNTHETIC_0090
RANDOM_LP_06_SYNTHETIC_STU04184,RANDOM_LP_06_SYNTHETIC_0189
RANDOM_LP_06_SYNTHETIC_STU04185,RANDOM_LP_06_SYNTHETIC_0079
RANDOM_LP_06_SYNTHETIC_STU04185,RANDOM_LP_06_SYNTHETIC_0152
RANDOM_LP_06_SYNTHETIC_STU04185,RANDOM_LP_06_SYNTHETIC_0389
RANDOM_LP_06_SYNTHETIC_STU04185,RANDOM_LP_06_SYNTHETIC_0482
RANDOM_LP_06_SYNTHETIC_STU04186,RANDOM_LP_06_SYNTHETIC_0009
RANDOM_LP_06_SYNTHETIC_STU04186,RANDOM_LP_06_SYNTHETIC_0051
RANDOM_LP_06_SYNTHETIC_STU04186,RANDOM_LP_06_SYNTHETIC_0122
RANDOM_LP_06_SYNTHETIC_STU04186,RANDOM_LP_06_SYNTHETIC_0191
RANDOM_LP_06_SYNTHETIC_STU04186,RANDOM_LP_06_SYNTHETIC_0376
RANDOM_LP_06_SYNTHETIC_STU04186,RANDOM_LP_06_SYNTHETIC_0423
RANDOM_LP_06_SYNTHETIC_STU04187,RANDOM_LP_06_SYNTHETIC_0028
RANDOM_LP_06_SYNTHETIC_STU04187,RANDOM_LP_06_SYNTHETIC_0409
RANDOM_LP_06_SYNTHETIC_STU04188,RANDOM_LP_06_SYNTHETIC_0158
RANDOM_LP_06_SYNTHETIC_STU04189,RANDOM_LP_06_SYNTHETIC_0318
RANDOM_LP_06_SYNTHETIC_STU04189,RANDOM_LP_06_SYNTHETIC_0368
RANDOM_LP_06_SYNTHETIC_STU04189,RANDOM_LP_06_SYNTHETIC_0379
RANDOM_LP_06_SYNTHETIC_STU04190,RANDOM_LP_06_SYNTHETIC_0094
RANDOM_LP_06_SYNTHETIC_STU04190,RANDOM_LP_06_SYNTHETIC_0281
RANDOM_LP_06_SYNTHETIC_STU04190,RANDOM_LP_06_SYNTHETIC_0388
RANDOM_LP_06_SYNTHETIC_STU04191,RANDOM_LP_06_SYNTHETIC_0037
RANDOM_LP_06_SYNTHETIC_STU04191,RANDOM_LP_06_SYNTHETIC_0228
RANDOM_LP_06_SYNTHETIC_STU04192,RANDOM_LP_06_SYNTHETIC_0001
RANDOM_LP_06_SYNTHETIC_STU04192,RANDOM_LP_06_SYNTHETIC_0159
RANDOM_LP_06_SYNTHETIC_STU04193,RANDOM_LP_06_SYNTHETIC_0280
RANDOM_LP_06_SYNTHETIC_STU04193,RANDOM_LP_06_SYNTHETIC_0404
RANDOM_LP_06_SYNTHETIC_STU04194,RANDOM_LP_06_SYNTHETIC_0063
RANDOM_LP_06_SYNTHETIC_STU04194,RANDOM_LP_06_SYNTHETIC_0087
RANDOM_LP_06_SYNTHETIC_STU04194,RANDOM_LP_06_SYNTHETIC_0111
RANDOM_LP_06_SYNTHETIC_STU04194,RANDOM_LP_06_SYNTHETIC_0380
RANDOM_LP_06_SYNTHETIC_STU04194,RANDOM_LP_06_SYNTHETIC_0410
RANDOM_LP_06_SYNTHETIC_STU04194,RANDOM_LP_06_SYNTHETIC_0431
RANDOM_LP_06_SYNTHETIC_STU04195,RANDOM_LP_06_SYNTHETIC_0106
RANDOM_LP_06_SYNTHETIC_STU04195,RANDOM_LP_06_SYNTHETIC_0144
RANDOM_LP_06_SYNTHETIC_STU04195,RANDOM_LP_06_SYNTHETIC_0235
RANDOM_LP_06_SYNTHETIC_STU04195,RANDOM_LP_06_SYNTHETIC_0277
RANDOM_LP_06_SYNTHETIC_STU04195,RANDOM_LP_06_SYNTHETIC_0290
RANDOM_LP_06_SYNTHETIC_STU04195,RANDOM_LP_06_SYNTHETIC_0320
RANDOM_LP_06_SYNTHETIC_STU04195,RANDOM_LP_06_SYNTHETIC_0388
RANDOM_LP_06_SYNTHETIC_STU04196,RANDOM_LP_06_SYNTHETIC_0026
RANDOM_LP_06_SYNTHETIC_STU04196,RANDOM_LP_06_SYNTHETIC_0281
RANDOM_LP_06_SYNTHETIC_STU04196,RANDOM_LP_06_SYNTHETIC_0339
RANDOM_LP_06_SYNTHETIC_STU04196,RANDOM_LP_06_SYNTHETIC_0422
RANDOM_LP_06_SYNTHETIC_STU04197,RANDOM_LP_06_SYNTHETIC_0189
RANDOM_LP_06_SYNTHETIC_STU04197,RANDOM_LP_06_SYNTHETIC_0295
RANDOM_LP_06_SYNTHETIC_STU04197,RANDOM_LP_06_SYNTHETIC_0359
RANDOM_LP_06_SYNTHETIC_STU04198,RANDOM_LP_06_SYNTHETIC_0046
RANDOM_LP_06_SYNTHETIC_STU04198,RANDOM_LP_06_SYNTHETIC_0170
RANDOM_LP_06_SYNTHETIC_STU04198,RANDOM_LP_06_SYNTHETIC_0475
RANDOM_LP_06_SYNTHETIC_STU04198,RANDOM_LP_06_SYNTHETIC_0486
RANDOM_LP_06_SYNTHETIC_STU04199,RANDOM_LP_06_SYNTHETIC_0128
RANDOM_LP_06_SYNTHETIC_STU04199,RANDOM_LP_06_SYNTHETIC_0146
RANDOM_LP_06_SYNTHETIC_STU04200,RANDOM_LP_06_SYNTHETIC_0310
RANDOM_LP_06_SYNTHETIC_STU04200,RANDOM_LP_06_SYNTHETIC_0318
RANDOM_LP_06_SYNTHETIC_STU04200,RANDOM_LP_06_SYNTHETIC_0330
RANDOM_LP_06_SYNTHETIC_STU04201,RANDOM_LP_06_SYNTHETIC_0183
RANDOM_LP_06_SYNTHETIC_STU04202,RANDOM_LP_06_SYNTHETIC_0037
RANDOM_LP_06_SYNTHETIC_STU04202,RANDOM_LP_06_SYNTHETIC_0048
RANDOM_LP_06_SYNTHETIC_STU04202,RANDOM_LP_06_SYNTHETIC_0144
RANDOM_LP_06_SYNTHETIC_STU04203,RANDOM_LP_06_SYNTHETIC_0290
RANDOM_LP_06_SYNTHETIC_STU04203,RANDOM_LP_06_SYNTHETIC_0319
RANDOM_LP_06_SYNTHETIC_STU04203,RANDOM_LP_06_SYNTHETIC_0331
RANDOM_LP_06_SYNTHETIC_STU04204,RANDOM_LP_06_SYNTHETIC_0398
RANDOM_LP_06_SYNTHETIC_STU04204,RANDOM_LP_06_SYNTHETIC_0493
RANDOM_LP_06_SYNTHETIC_STU04205,RANDOM_LP_06_SYNTHETIC_0238
RANDOM_LP_06_SYNTHETIC_STU04206,RANDOM_LP_06_SYNTHETIC_0483
RANDOM_LP_06_SYNTHETIC_STU04207,RANDOM_LP_06_SYNTHETIC_0400
RANDOM_LP_06_SYNTHETIC_STU04208,RANDOM_LP_06_SYNTHETIC_0056
RANDOM_LP_06_SYNTHETIC_STU04208,RANDOM_LP_06_SYNTHETIC_0152
RANDOM_LP_06_SYNTHETIC_STU04208,RANDOM_LP_06_SYNTHETIC_0208
RANDOM_LP_06_SYNTHETIC_STU04208,RANDOM_LP_06_SYNTHETIC_0214
RANDOM_LP_06_SYNTHETIC_STU04208,RANDOM_LP_06_SYNTHETIC_0221
RANDOM_LP_06_SYNTHETIC_STU04209,RANDOM_LP_06_SYNTHETIC_0269
RANDOM_LP_06_SYNTHETIC_STU04210,RANDOM_LP_06_SYNTHETIC_0323
RANDOM_LP_06_SYNTHETIC_STU04210,RANDOM_LP_06_SYNTHETIC_0353
RANDOM_LP_06_SYNTHETIC_STU04210,RANDOM_LP_06_SYNTHETIC_0371
RANDOM_LP_06_SYNTHETIC_STU04210,RANDOM_LP_06_SYNTHETIC_0404
RANDOM_LP_06_SYNTHETIC_STU04210,RANDOM_LP_06_SYNTHETIC_0457
RANDOM_LP_06_SYNTHETIC_STU04211,RANDOM_LP_06_SYNTHETIC_0040
RANDOM_LP_06_SYNTHETIC_STU04211,RANDOM_LP_06_SYNTHETIC_0327
RANDOM_LP_06_SYNTHETIC_STU04211,RANDOM_LP_06_SYNTHETIC_0435
RANDOM_LP_06_SYNTHETIC_STU04211,RANDOM_LP_06_SYNTHETIC_0484
RANDOM_LP_06_SYNTHETIC_STU04212,RANDOM_LP_06_SYNTHETIC_0087
RANDOM_LP_06_SYNTHETIC_STU04213,RANDOM_LP_06_SYNTHETIC_0324
RANDOM_LP_06_SYNTHETIC_STU04213,RANDOM_LP_06_SYNTHETIC_0392
RANDOM_LP_06_SYNTHETIC_STU04214,RANDOM_LP_06_SYNTHETIC_0116
RANDOM_LP_06_SYNTHETIC_STU04214,RANDOM_LP_06_SYNTHETIC_0193
RANDOM_LP_06_SYNTHETIC_STU04214,RANDOM_LP_06_SYNTHETIC_0380
RANDOM_LP_06_SYNTHETIC_STU04214,RANDOM_LP_06_SYNTHETIC_0410
RANDOM_LP_06_SYNTHETIC_STU04214,RANDOM_LP_06_SYNTHETIC_0423
RANDOM_LP_06_SYNTHETIC_STU04215,RANDOM_LP_06_SYNTHETIC_0021
RANDOM_LP_06_SYNTHETIC_STU04215,RANDOM_LP_06_SYNTHETIC_0267
RANDOM_LP_06_SYNTHETIC_STU04216,RANDOM_LP_06_SYNTHETIC_0053
RANDOM_LP_06_SYNTHETIC_STU04216,RANDOM_LP_06_SYNTHETIC_0322
RANDOM_LP_06_SYNTHETIC_STU04217,RANDOM_LP_06_SYNTHETIC_0266
RANDOM_LP_06_SYNTHETIC_STU04218,RANDOM_LP_06_SYNTHETIC_0137
RANDOM_LP_06_SYNTHETIC_STU04218,RANDOM_LP_06_SYNTHETIC_0165
RANDOM_LP_06_SYNTHETIC_STU04218,RANDOM_LP_06_SYNTHETIC_0166
RANDOM_LP_06_SYNTHETIC_STU04218,RANDOM_LP_06_SYNTHETIC_0411
RANDOM_LP_06_SYNTHETIC_STU04219,RANDOM_LP_06_SYNTHETIC_0023
RANDOM_LP_06_SYNTHETIC_STU04219,RANDOM_LP_06_SYNTHETIC_0184
RANDOM_LP_06_SYNTHETIC_STU04220,RANDOM_LP_06_SYNTHETIC_0286
RANDOM_LP_06_SYNTHETIC_STU04220,RANDOM_LP_06_SYNTHETIC_0412
RANDOM_LP_06_SYNTHETIC_STU04220,RANDOM_LP_06_SYNTHETIC_0434
RANDOM_LP_06_SYNTHETIC_STU04221,RANDOM_LP_06_SYNTHETIC_0013
RANDOM_LP_06_SYNTHETIC_STU04221,RANDOM_LP_06_SYNTHETIC_0324
RANDOM_LP_06_SYNTHETIC_STU04221,RANDOM_LP_06_SYNTHETIC_0475
RANDOM_LP_06_SYNTHETIC_STU04222,RANDOM_LP_06_SYNTHETIC_0099
RANDOM_LP_06_SYNTHETIC_STU04222,RANDOM_LP_06_SYNTHETIC_0101
RANDOM_LP_06_SYNTHETIC_STU04222,RANDOM_LP_06_SYNTHETIC_0255
RANDOM_LP_06_SYNTHETIC_STU04223,RANDOM_LP_06_SYNTHETIC_0070
RANDOM_LP_06_SYNTHETIC_STU04224,RANDOM_LP_06_SYNTHETIC_0040
RANDOM_LP_06_SYNTHETIC_STU04224,RANDOM_LP_06_SYNTHETIC_0350
RANDOM_LP_06_SYNTHETIC_STU04225,RANDOM_LP_06_SYNTHETIC_0237
RANDOM_LP_06_SYNTHETIC_STU04226,RANDOM_LP_06_SYNTHETIC_0112
RANDOM_LP_06_SYNTHETIC_STU04226,RANDOM_LP_06_SYNTHETIC_0258
RANDOM_LP_06_SYNTHETIC_STU04226,RANDOM_LP_06_SYNTHETIC_0282
RANDOM_LP_06_SYNTHETIC_STU04226,RANDOM_LP_06_SYNTHETIC_0375
RANDOM_LP_06_SYNTHETIC_STU04227,RANDOM_LP_06_SYNTHETIC_0064
RANDOM_LP_06_SYNTHETIC_STU04227,RANDOM_LP_06_SYNTHETIC_0073
RANDOM_LP_06_SYNTHETIC_STU04227,RANDOM_LP_06_SYNTHETIC_0149
RANDOM_LP_06_SYNTHETIC_STU04227,RANDOM_LP_06_SYNTHETIC_0172
RANDOM_LP_06_SYNTHETIC_STU04228,RANDOM_LP_06_SYNTHETIC_0427
RANDOM_LP_06_SYNTHETIC_STU04229,RANDOM_LP_06_SYNTHETIC_0186
RANDOM_LP_06_SYNTHETIC_STU04229,RANDOM_LP_06_SYNTHETIC_0371
RANDOM_LP_06_SYNTHETIC_STU04229,RANDOM_LP_06_SYNTHETIC_0423
RANDOM_LP_06_SYNTHETIC_STU04230,RANDOM_LP_06_SYNTHETIC_0002
RANDOM_LP_06_SYNTHETIC_STU04230,RANDOM_LP_06_SYNTHETIC_0165
RANDOM_LP_06_SYNTHETIC_STU04230,RANDOM_LP_06_SYNTHETIC_0288
RANDOM_LP_06_SYNTHETIC_STU04231,RANDOM_LP_06_SYNTHETIC_0151
RANDOM_LP_06_SYNTHETIC_STU04231,RANDOM_LP_06_SYNTHETIC_0172
RANDOM_LP_06_SYNTHETIC_STU04232,RANDOM_LP_06_SYNTHETIC_0079
RANDOM_LP_06_SYNTHETIC_STU04232,RANDOM_LP_06_SYNTHETIC_0313
RANDOM_LP_06_SYNTHETIC_STU04232,RANDOM_LP_06_SYNTHETIC_0475
RANDOM_LP_06_SYNTHETIC_STU04233,RANDOM_LP_06_SYNTHETIC_0072
RANDOM_LP_06_SYNTHETIC_STU04234,RANDOM_LP_06_SYNTHETIC_0029
RANDOM_LP_06_SYNTHETIC_STU04234,RANDOM_LP_06_SYNTHETIC_0140
RANDOM_LP_06_SYNTHETIC_STU04234,RANDOM_LP_06_SYNTHETIC_0453
RANDOM_LP_06_SYNTHETIC_STU04234,RANDOM_LP_06_SYNTHETIC_0497
RANDOM_LP_06_SYNTHETIC_STU04235,RANDOM_LP_06_SYNTHETIC_0115
RANDOM_LP_06_SYNTHETIC_STU04236,RANDOM_LP_06_SYNTHETIC_0107
RANDOM_LP_06_SYNTHETIC_STU04236,RANDOM_LP_06_SYNTHETIC_0256
RANDOM_LP_06_SYNTHETIC_STU04236,RANDOM_LP_06_SYNTHETIC_0345
RANDOM_LP_06_SYNTHETIC_STU04237,RANDOM_LP_06_SYNTHETIC_0137
RANDOM_LP_06_SYNTHETIC_STU04237,RANDOM_LP_06_SYNTHETIC_0285
RANDOM_LP_06_SYNTHETIC_STU04237,RANDOM_LP_06_SYNTHETIC_0378
RANDOM_LP_06_SYNTHETIC_STU04238,RANDOM_LP_06_SYNTHETIC_0099
RANDOM_LP_06_SYNTHETIC_STU04238,RANDOM_LP_06_SYNTHETIC_0118
RANDOM_LP_06_SYNTHETIC_STU04238,RANDOM_LP_06_SYNTHETIC_0164
RANDOM_LP_06_SYNTHETIC_STU04238,RANDOM_LP_06_SYNTHETIC_0298
RANDOM_LP_06_SYNTHETIC_STU04238,RANDOM_LP_06_SYNTHETIC_0494
RANDOM_LP_06_SYNTHETIC_STU04239,RANDOM_LP_06_SYNTHETIC_0115
RANDOM_LP_06_SYNTHETIC_STU04239,RANDOM_LP_06_SYNTHETIC_0294
RANDOM_LP_06_SYNTHETIC_STU04240,RANDOM_LP_06_SYNTHETIC_0040
RANDOM_LP_06_SYNTHETIC_STU04240,RANDOM_LP_06_SYNTHETIC_0240
RANDOM_LP_06_SYNTHETIC_STU04240,RANDOM_LP_06_SYNTHETIC_0290
RANDOM_LP_06_SYNTHETIC_STU04241,RANDOM_LP_06_SYNTHETIC_0072
RANDOM_LP_06_SYNTHETIC_STU04241,RANDOM_LP_06_SYNTHETIC_0115
RANDOM_LP_06_SYNTHETIC_STU04241,RANDOM_LP_06_SYNTHETIC_0437
RANDOM_LP_06_SYNTHETIC_STU04241,RANDOM_LP_06_SYNTHETIC_0438
RANDOM_LP_06_SYNTHETIC_STU04242,RANDOM_LP_06_SYNTHETIC_0477
RANDOM_LP_06_SYNTHETIC_STU04243,RANDOM_LP_06_SYNTHETIC_0101
RANDOM_LP_06_SYNTHETIC_STU04243,RANDOM_LP_06_SYNTHETIC_0263
RANDOM_LP_06_SYNTHETIC_STU04244,RANDOM_LP_06_SYNTHETIC_0403
RANDOM_LP_06_SYNTHETIC_STU04244,RANDOM_LP_06_SYNTHETIC_0424
RANDOM_LP_06_SYNTHETIC_STU04245,RANDOM_LP_06_SYNTHETIC_0046
RANDOM_LP_06_SYNTHETIC_STU04245,RANDOM_LP_06_SYNTHETIC_0358
RANDOM_LP_06_SYNTHETIC_STU04246,RANDOM_LP_06_SYNTHETIC_0097
RANDOM_LP_06_SYNTHETIC_STU04246,RANDOM_LP_06_SYNTHETIC_0303
RANDOM_LP_06_SYNTHETIC_STU04246,RANDOM_LP_06_SYNTHETIC_0343
RANDOM_LP_06_SYNTHETIC_STU04247,RANDOM_LP_06_SYNTHETIC_0495
RANDOM_LP_06_SYNTHETIC_STU04248,RANDOM_LP_06_SYNTHETIC_0184
RANDOM_LP_06_SYNTHETIC_STU04248,RANDOM_LP_06_SYNTHETIC_0251
RANDOM_LP_06_SYNTHETIC_STU04248,RANDOM_LP_06_SYNTHETIC_0495
RANDOM_LP_06_SYNTHETIC_STU04249,RANDOM_LP_06_SYNTHETIC_0232
RANDOM_LP_06_SYNTHETIC_STU04249,RANDOM_LP_06_SYNTHETIC_0337
RANDOM_LP_06_SYNTHETIC_STU04250,RANDOM_LP_06_SYNTHETIC_0079
RANDOM_LP_06_SYNTHETIC_STU04250,RANDOM_LP_06_SYNTHETIC_0111
RANDOM_LP_06_SYNTHETIC_STU04250,RANDOM_LP_06_SYNTHETIC_0112
RANDOM_LP_06_SYNTHETIC_STU04250,RANDOM_LP_06_SYNTHETIC_0191
RANDOM_LP_06_SYNTHETIC_STU04250,RANDOM_LP_06_SYNTHETIC_0271
RANDOM_LP_06_SYNTHETIC_STU04250,RANDOM_LP_06_SYNTHETIC_0293
RANDOM_LP_06_SYNTHETIC_STU04250,RANDOM_LP_06_SYNTHETIC_0475
RANDOM_LP_06_SYNTHETIC_STU04251,RANDOM_LP_06_SYNTHETIC_0264
RANDOM_LP_06_SYNTHETIC_STU04251,RANDOM_LP_06_SYNTHETIC_0352
RANDOM_LP_06_SYNTHETIC_STU04251,RANDOM_LP_06_SYNTHETIC_0429
RANDOM_LP_06_SYNTHETIC_STU04252,RANDOM_LP_06_SYNTHETIC_0126
RANDOM_LP_06_SYNTHETIC_STU04253,RANDOM_LP_06_SYNTHETIC_0183
RANDOM_LP_06_SYNTHETIC_STU04253,RANDOM_LP_06_SYNTHETIC_0492
RANDOM_LP_06_SYNTHETIC_STU04254,RANDOM_LP_06_SYNTHETIC_0079
RANDOM_LP_06_SYNTHETIC_STU04254,RANDOM_LP_06_SYNTHETIC_0102
RANDOM_LP_06_SYNTHETIC_STU04254,RANDOM_LP_06_SYNTHETIC_0191
RANDOM_LP_06_SYNTHETIC_STU04255,RANDOM_LP_06_SYNTHETIC_0005
RANDOM_LP_06_SYNTHETIC_STU04255,RANDOM_LP_06_SYNTHETIC_0010
RANDOM_LP_06_SYNTHETIC_STU04255,RANDOM_LP_06_SYNTHETIC_0196
RANDOM_LP_06_SYNTHETIC_STU04256,RANDOM_LP_06_SYNTHETIC_0281
RANDOM_LP_06_SYNTHETIC_STU04256,RANDOM_LP_06_SYNTHETIC_0462
RANDOM_LP_06_SYNTHETIC_STU04256,RANDOM_LP_06_SYNTHETIC_0497
RANDOM_LP_06_SYNTHETIC_STU04257,RANDOM_LP_06_SYNTHETIC_0038
RANDOM_LP_06_SYNTHETIC_STU04257,RANDOM_LP_06_SYNTHETIC_0196
RANDOM_LP_06_SYNTHETIC_STU04258,RANDOM_LP_06_SYNTHETIC_0017
RANDOM_LP_06_SYNTHETIC_STU04258,RANDOM_LP_06_SYNTHETIC_0104
RANDOM_LP_06_SYNTHETIC_STU04258,RANDOM_LP_06_SYNTHETIC_0486
RANDOM_LP_06_SYNTHETIC_STU04259,RANDOM_LP_06_SYNTHETIC_0014
RANDOM_LP_06_SYNTHETIC_STU04259,RANDOM_LP_06_SYNTHETIC_0246
RANDOM_LP_06_SYNTHETIC_STU04259,RANDOM_LP_06_SYNTHETIC_0319
RANDOM_LP_06_SYNTHETIC_STU04259,RANDOM_LP_06_SYNTHETIC_0332
RANDOM_LP_06_SYNTHETIC_STU04259,RANDOM_LP_06_SYNTHETIC_0376
RANDOM_LP_06_SYNTHETIC_STU04260,RANDOM_LP_06_SYNTHETIC_0328
RANDOM_LP_06_SYNTHETIC_STU04260,RANDOM_LP_06_SYNTHETIC_0498
RANDOM_LP_06_SYNTHETIC_STU04260,RANDOM_LP_06_SYNTHETIC_0499
RANDOM_LP_06_SYNTHETIC_STU04261,RANDOM_LP_06_SYNTHETIC_0003
RANDOM_LP_06_SYNTHETIC_STU04262,RANDOM_LP_06_SYNTHETIC_0002
RANDOM_LP_06_SYNTHETIC_STU04262,RANDOM_LP_06_SYNTHETIC_0070
RANDOM_LP_06_SYNTHETIC_STU04262,RANDOM_LP_06_SYNTHETIC_0162
RANDOM_LP_06_SYNTHETIC_STU04263,RANDOM_LP_06_SYNTHETIC_0410
RANDOM_LP_06_SYNTHETIC_STU04264,RANDOM_LP_06_SYNTHETIC_0109
RANDOM_LP_06_SYNTHETIC_STU04264,RANDOM_LP_06_SYNTHETIC_0435
RANDOM_LP_06_SYNTHETIC_STU04265,RANDOM_LP_06_SYNTHETIC_0037
RANDOM_LP_06_SYNTHETIC_STU04265,RANDOM_LP_06_SYNTHETIC_0383
RANDOM_LP_06_SYNTHETIC_STU04265,RANDOM_LP_06_SYNTHETIC_0454
RANDOM_LP_06_SYNTHETIC_STU04265,RANDOM_LP_06_SYNTHETIC_0460
RANDOM_LP_06_SYNTHETIC_STU04266,RANDOM_LP_06_SYNTHETIC_0084
RANDOM_LP_06_SYNTHETIC_STU04267,RANDOM_LP_06_SYNTHETIC_0015
RANDOM_LP_06_SYNTHETIC_STU04267,RANDOM_LP_06_SYNTHETIC_0124
RANDOM_LP_06_SYNTHETIC_STU04267,RANDOM_LP_06_SYNTHETIC_0383
RANDOM_LP_06_SYNTHETIC_STU04267,RANDOM_LP_06_SYNTHETIC_0398
RANDOM_LP_06_SYNTHETIC_STU04267,RANDOM_LP_06_SYNTHETIC_0460
RANDOM_LP_06_SYNTHETIC_STU04268,RANDOM_LP_06_SYNTHETIC_0295
RANDOM_LP_06_SYNTHETIC_STU04268,RANDOM_LP_06_SYNTHETIC_0374
RANDOM_LP_06_SYNTHETIC_STU04269,RANDOM_LP_06_SYNTHETIC_0201
RANDOM_LP_06_SYNTHETIC_STU04269,RANDOM_LP_06_SYNTHETIC_0203
RANDOM_LP_06_SYNTHETIC_STU04270,RANDOM_LP_06_SYNTHETIC_0013
RANDOM_LP_06_SYNTHETIC_STU04270,RANDOM_LP_06_SYNTHETIC_0029
RANDOM_LP_06_SYNTHETIC_STU04270,RANDOM_LP_06_SYNTHETIC_0380
RANDOM_LP_06_SYNTHETIC_STU04270,RANDOM_LP_06_SYNTHETIC_0445
RANDOM_LP_06_SYNTHETIC_STU04270,RANDOM_LP_06_SYNTHETIC_0453
RANDOM_LP_06_SYNTHETIC_STU04271,RANDOM_LP_06_SYNTHETIC_0158
RANDOM_LP_06_SYNTHETIC_STU04271,RANDOM_LP_06_SYNTHETIC_0178
RANDOM_LP_06_SYNTHETIC_STU04271,RANDOM_LP_06_SYNTHETIC_0304
RANDOM_LP_06_SYNTHETIC_STU04271,RANDOM_LP_06_SYNTHETIC_0449
RANDOM_LP_06_SYNTHETIC_STU04272,RANDOM_LP_06_SYNTHETIC_0235
RANDOM_LP_06_SYNTHETIC_STU04272,RANDOM_LP_06_SYNTHETIC_0380
RANDOM_LP_06_SYNTHETIC_STU04272,RANDOM_LP_06_SYNTHETIC_0383
RANDOM_LP_06_SYNTHETIC_STU04273,RANDOM_LP_06_SYNTHETIC_0445
RANDOM_LP_06_SYNTHETIC_STU04273,RANDOM_LP_06_SYNTHETIC_0478
RANDOM_LP_06_SYNTHETIC_STU04274,RANDOM_LP_06_SYNTHETIC_0009
RANDOM_LP_06_SYNTHETIC_STU04274,RANDOM_LP_06_SYNTHETIC_0199
RANDOM_LP_06_SYNTHETIC_STU04274,RANDOM_LP_06_SYNTHETIC_0266
RANDOM_LP_06_SYNTHETIC_STU04274,RANDOM_LP_06_SYNTHETIC_0312
RANDOM_LP_06_SYNTHETIC_STU04274,RANDOM_LP_06_SYNTHETIC_0418
RANDOM_LP_06_SYNTHETIC_STU04274,RANDOM_LP_06_SYNTHETIC_0495
RANDOM_LP_06_SYNTHETIC_STU04275,RANDOM_LP_06_SYNTHETIC_0059
RANDOM_LP_06_SYNTHETIC_STU04275,RANDOM_LP_06_SYNTHETIC_0231
RANDOM_LP_06_SYNTHETIC_STU04275,RANDOM_LP_06_SYNTHETIC_0402
RANDOM_LP_06_SYNTHETIC_STU04276,RANDOM_LP_06_SYNTHETIC_0281
RANDOM_LP_06_SYNTHETIC_STU04276,RANDOM_LP_06_SYNTHETIC_0347
RANDOM_LP_06_SYNTHETIC_STU04276,RANDOM_LP_06_SYNTHETIC_0436
RANDOM_LP_06_SYNTHETIC_STU04277,RANDOM_LP_06_SYNTHETIC_0087
RANDOM_LP_06_SYNTHETIC_STU04277,RANDOM_LP_06_SYNTHETIC_0172
RANDOM_LP_06_SYNTHETIC_STU04277,RANDOM_LP_06_SYNTHETIC_0239
RANDOM_LP_06_SYNTHETIC_STU04278,RANDOM_LP_06_SYNTHETIC_0057
RANDOM_LP_06_SYNTHETIC_STU04278,RANDOM_LP_06_SYNTHETIC_0178
RANDOM_LP_06_SYNTHETIC_STU04278,RANDOM_LP_06_SYNTHETIC_0220
RANDOM_LP_06_SYNTHETIC_STU04278,RANDOM_LP_06_SYNTHETIC_0229
RANDOM_LP_06_SYNTHETIC_STU04278,RANDOM_LP_06_SYNTHETIC_0305
RANDOM_LP_06_SYNTHETIC_STU04279,RANDOM_LP_06_SYNTHETIC_0328
RANDOM_LP_06_SYNTHETIC_STU04279,RANDOM_LP_06_SYNTHETIC_0468
RANDOM_LP_06_SYNTHETIC_STU04279,RANDOM_LP_06_SYNTHETIC_0495
RANDOM_LP_06_SYNTHETIC_STU04280,RANDOM_LP_06_SYNTHETIC_0074
RANDOM_LP_06_SYNTHETIC_STU04280,RANDOM_LP_06_SYNTHETIC_0214
RANDOM_LP_06_SYNTHETIC_STU04280,RANDOM_LP_06_SYNTHETIC_0217
RANDOM_LP_06_SYNTHETIC_STU04281,RANDOM_LP_06_SYNTHETIC_0075
RANDOM_LP_06_SYNTHETIC_STU04281,RANDOM_LP_06_SYNTHETIC_0207
RANDOM_LP_06_SYNTHETIC_STU04281,RANDOM_LP_06_SYNTHETIC_0253
RANDOM_LP_06_SYNTHETIC_STU04281,RANDOM_LP_06_SYNTHETIC_0428
RANDOM_LP_06_SYNTHETIC_STU04282,RANDOM_LP_06_SYNTHETIC_0096
RANDOM_LP_06_SYNTHETIC_STU04282,RANDOM_LP_06_SYNTHETIC_0171
RANDOM_LP_06_SYNTHETIC_STU04282,RANDOM_LP_06_SYNTHETIC_0199
RANDOM_LP_06_SYNTHETIC_STU04282,RANDOM_LP_06_SYNTHETIC_0476
RANDOM_LP_06_SYNTHETIC_STU04283,RANDOM_LP_06_SYNTHETIC_0016
RANDOM_LP_06_SYNTHETIC_STU04283,RANDOM_LP_06_SYNTHETIC_0040
RANDOM_LP_06_SYNTHETIC_STU04283,RANDOM_LP_06_SYNTHETIC_0297
RANDOM_LP_06_SYNTHETIC_STU04283,RANDOM_LP_06_SYNTHETIC_0313
RANDOM_LP_06_SYNTHETIC_STU04283,RANDOM_LP_06_SYNTHETIC_0459
RANDOM_LP_06_SYNTHETIC_STU04284,RANDOM_LP_06_SYNTHETIC_0143
RANDOM_LP_06_SYNTHETIC_STU04284,RANDOM_LP_06_SYNTHETIC_0485
RANDOM_LP_06_SYNTHETIC_STU04285,RANDOM_LP_06_SYNTHETIC_0232
RANDOM_LP_06_SYNTHETIC_STU04285,RANDOM_LP_06_SYNTHETIC_0311
RANDOM_LP_06_SYNTHETIC_STU04285,RANDOM_LP_06_SYNTHETIC_0312
RANDOM_LP_06_SYNTHETIC_STU04285,RANDOM_LP_06_SYNTHETIC_0372
RANDOM_LP_06_SYNTHETIC_STU04286,RANDOM_LP_06_SYNTHETIC_0067
RANDOM_LP_06_SYNTHETIC_STU04286,RANDOM_LP_06_SYNTHETIC_0398
RANDOM_LP_06_SYNTHETIC_STU04287,RANDOM_LP_06_SYNTHETIC_0003
RANDOM_LP_06_SYNTHETIC_STU04287,RANDOM_LP_06_SYNTHETIC_0028
RANDOM_LP_06_SYNTHETIC_STU04287,RANDOM_LP_06_SYNTHETIC_0208
RANDOM_LP_06_SYNTHETIC_STU04288,RANDOM_LP_06_SYNTHETIC_0218
RANDOM_LP_06_SYNTHETIC_STU04288,RANDOM_LP_06_SYNTHETIC_0390
RANDOM_LP_06_SYNTHETIC_STU04289,RANDOM_LP_06_SYNTHETIC_0078
RANDOM_LP_06_SYNTHETIC_STU04289,RANDOM_LP_06_SYNTHETIC_0178
RANDOM_LP_06_SYNTHETIC_STU04289,RANDOM_LP_06_SYNTHETIC_0328
RANDOM_LP_06_SYNTHETIC_STU04289,RANDOM_LP_06_SYNTHETIC_0459
RANDOM_LP_06_SYNTHETIC_STU04289,RANDOM_LP_06_SYNTHETIC_0464
RANDOM_LP_06_SYNTHETIC_STU04289,RANDOM_LP_06_SYNTHETIC_0495
RANDOM_LP_06_SYNTHETIC_STU04290,RANDOM_LP_06_SYNTHETIC_0086
RANDOM_LP_06_SYNTHETIC_STU04290,RANDOM_LP_06_SYNTHETIC_0321
RANDOM_LP_06_SYNTHETIC_STU04290,RANDOM_LP_06_SYNTHETIC_0438
RANDOM_LP_06_SYNTHETIC_STU04291,RANDOM_LP_06_SYNTHETIC_0079
RANDOM_LP_06_SYNTHETIC_STU04291,RANDOM_LP_06_SYNTHETIC_0156
RANDOM_LP_06_SYNTHETIC_STU04291,RANDOM_LP_06_SYNTHETIC_0454
RANDOM_LP_06_SYNTHETIC_STU04292,RANDOM_LP_06_SYNTHETIC_0154
RANDOM_LP_06_SYNTHETIC_STU04292,RANDOM_LP_06_SYNTHETIC_0202
RANDOM_LP_06_SYNTHETIC_STU04293,RANDOM_LP_06_SYNTHETIC_0124
RANDOM_LP_06_SYNTHETIC_STU04293,RANDOM_LP_06_SYNTHETIC_0483
RANDOM_LP_06_SYNTHETIC_STU04294,RANDOM_LP_06_SYNTHETIC_0487
RANDOM_LP_06_SYNTHETIC_STU04295,RANDOM_LP_06_SYNTHETIC_0203
RANDOM_LP_06_SYNTHETIC_STU04295,RANDOM_LP_06_SYNTHETIC_0368
RANDOM_LP_06_SYNTHETIC_STU04296,RANDOM_LP_06_SYNTHETIC_0013
RANDOM_LP_06_SYNTHETIC_STU04296,RANDOM_LP_06_SYNTHETIC_0215
RANDOM_LP_06_SYNTHETIC_STU04296,RANDOM_LP_06_SYNTHETIC_0248
RANDOM_LP_06_SYNTHETIC_STU04297,RANDOM_LP_06_SYNTHETIC_0003
RANDOM_LP_06_SYNTHETIC_STU04297,RANDOM_LP_06_SYNTHETIC_0042
RANDOM_LP_06_SYNTHETIC_STU04297,RANDOM_LP_06_SYNTHETIC_0222
RANDOM_LP_06_SYNTHETIC_STU04298,RANDOM_LP_06_SYNTHETIC_0251
RANDOM_LP_06_SYNTHETIC_STU04298,RANDOM_LP_06_SYNTHETIC_0281
RANDOM_LP_06_SYNTHETIC_STU04298,RANDOM_LP_06_SYNTHETIC_0331
RANDOM_LP_06_SYNTHETIC_STU04298,RANDOM_LP_06_SYNTHETIC_0361
RANDOM_LP_06_SYNTHETIC_STU04298,RANDOM_LP_06_SYNTHETIC_0381
RANDOM_LP_06_SYNTHETIC_STU04299,RANDOM_LP_06_SYNTHETIC_0129
RANDOM_LP_06_SYNTHETIC_STU04299,RANDOM_LP_06_SYNTHETIC_0198
RANDOM_LP_06_SYNTHETIC_STU04299,RANDOM_LP_06_SYNTHETIC_0399
RANDOM_LP_06_SYNTHETIC_STU04299,RANDOM_LP_06_SYNTHETIC_0419
RANDOM_LP_06_SYNTHETIC_STU04300,RANDOM_LP_06_SYNTHETIC_0061
RANDOM_LP_06_SYNTHETIC_STU04300,RANDOM_LP_06_SYNTHETIC_0482
RANDOM_LP_06_SYNTHETIC_STU04301,RANDOM_LP_06_SYNTHETIC_0029
RANDOM_LP_06_SYNTHETIC_STU04301,RANDOM_LP_06_SYNTHETIC_0102
RANDOM_LP_06_SYNTHETIC_STU04302,RANDOM_LP_06_SYNTHETIC_0021
RANDOM_LP_06_SYNTHETIC_STU04302,RANDOM_LP_06_SYNTHETIC_0025
RANDOM_LP_06_SYNTHETIC_STU04302,RANDOM_LP_06_SYNTHETIC_0161
RANDOM_LP_06_SYNTHETIC_STU04302,RANDOM_LP_06_SYNTHETIC_0355
RANDOM_LP_06_SYNTHETIC_STU04302,RANDOM_LP_06_SYNTHETIC_0404
RANDOM_LP_06_SYNTHETIC_STU04303,RANDOM_LP_06_SYNTHETIC_0010
RANDOM_LP_06_SYNTHETIC_STU04303,RANDOM_LP_06_SYNTHETIC_0398
RANDOM_LP_06_SYNTHETIC_STU04304,RANDOM_LP_06_SYNTHETIC_0169
RANDOM_LP_06_SYNTHETIC_STU04304,RANDOM_LP_06_SYNTHETIC_0171
RANDOM_LP_06_SYNTHETIC_STU04304,RANDOM_LP_06_SYNTHETIC_0328
RANDOM_LP_06_SYNTHETIC_STU04304,RANDOM_LP_06_SYNTHETIC_0410
RANDOM_LP_06_SYNTHETIC_STU04305,RANDOM_LP_06_SYNTHETIC_0032
RANDOM_LP_06_SYNTHETIC_STU04305,RANDOM_LP_06_SYNTHETIC_0434
RANDOM_LP_06_SYNTHETIC_STU04306,RANDOM_LP_06_SYNTHETIC_0029
RANDOM_LP_06_SYNTHETIC_STU04306,RANDOM_LP_06_SYNTHETIC_0122
RANDOM_LP_06_SYNTHETIC_STU04306,RANDOM_LP_06_SYNTHETIC_0137
RANDOM_LP_06_SYNTHETIC_STU04306,RANDOM_LP_06_SYNTHETIC_0146
RANDOM_LP_06_SYNTHETIC_STU04306,RANDOM_LP_06_SYNTHETIC_0337
RANDOM_LP_06_SYNTHETIC_STU04306,RANDOM_LP_06_SYNTHETIC_0422
RANDOM_LP_06_SYNTHETIC_STU04306,RANDOM_LP_06_SYNTHETIC_0498
RANDOM_LP_06_SYNTHETIC_STU04307,RANDOM_LP_06_SYNTHETIC_0461
RANDOM_LP_06_SYNTHETIC_STU04308,RANDOM_LP_06_SYNTHETIC_0148
RANDOM_LP_06_SYNTHETIC_STU04308,RANDOM_LP_06_SYNTHETIC_0318
RANDOM_LP_06_SYNTHETIC_STU04308,RANDOM_LP_06_SYNTHETIC_0435
RANDOM_LP_06_SYNTHETIC_STU04309,RANDOM_LP_06_SYNTHETIC_0172
RANDOM_LP_06_SYNTHETIC_STU04310,RANDOM_LP_06_SYNTHETIC_0046
RANDOM_LP_06_SYNTHETIC_STU04310,RANDOM_LP_06_SYNTHETIC_0178
RANDOM_LP_06_SYNTHETIC_STU04310,RANDOM_LP_06_SYNTHETIC_0203
RANDOM_LP_06_SYNTHETIC_STU04310,RANDOM_LP_06_SYNTHETIC_0229
RANDOM_LP_06_SYNTHETIC_STU04310,RANDOM_LP_06_SYNTHETIC_0261
RANDOM_LP_06_SYNTHETIC_STU04310,RANDOM_LP_06_SYNTHETIC_0388
RANDOM_LP_06_SYNTHETIC_STU04311,RANDOM_LP_06_SYNTHETIC_0090
RANDOM_LP_06_SYNTHETIC_STU04311,RANDOM_LP_06_SYNTHETIC_0179
RANDOM_LP_06_SYNTHETIC_STU04312,RANDOM_LP_06_SYNTHETIC_0001
RANDOM_LP_06_SYNTHETIC_STU04312,RANDOM_LP_06_SYNTHETIC_0028
RANDOM_LP_06_SYNTHETIC_STU04312,RANDOM_LP_06_SYNTHETIC_0208
RANDOM_LP_06_SYNTHETIC_STU04312,RANDOM_LP_06_SYNTHETIC_0240
RANDOM_LP_06_SYNTHETIC_STU04312,RANDOM_LP_06_SYNTHETIC_0323
RANDOM_LP_06_SYNTHETIC_STU04313,RANDOM_LP_06_SYNTHETIC_0016
RANDOM_LP_06_SYNTHETIC_STU04313,RANDOM_LP_06_SYNTHETIC_0059
RANDOM_LP_06_SYNTHETIC_STU04313,RANDOM_LP_06_SYNTHETIC_0079
RANDOM_LP_06_SYNTHETIC_STU04313,RANDOM_LP_06_SYNTHETIC_0120
RANDOM_LP_06_SYNTHETIC_STU04313,RANDOM_LP_06_SYNTHETIC_0176
RANDOM_LP_06_SYNTHETIC_STU04313,RANDOM_LP_06_SYNTHETIC_0431
RANDOM_LP_06_SYNTHETIC_STU04313,RANDOM_LP_06_SYNTHETIC_0492
RANDOM_LP_06_SYNTHETIC_STU04314,RANDOM_LP_06_SYNTHETIC_0217
RANDOM_LP_06_SYNTHETIC_STU04314,RANDOM_LP_06_SYNTHETIC_0457
RANDOM_LP_06_SYNTHETIC_STU04315,RANDOM_LP_06_SYNTHETIC_0016
RANDOM_LP_06_SYNTHETIC_STU04315,RANDOM_LP_06_SYNTHETIC_0105
RANDOM_LP_06_SYNTHETIC_STU04316,RANDOM_LP_06_SYNTHETIC_0028
RANDOM_LP_06_SYNTHETIC_STU04316,RANDOM_LP_06_SYNTHETIC_0414
RANDOM_LP_06_SYNTHETIC_STU04316,RANDOM_LP_06_SYNTHETIC_0478
RANDOM_LP_06_SYNTHETIC_STU04317,RANDOM_LP_06_SYNTHETIC_0025
RANDOM_LP_06_SYNTHETIC_STU04317,RANDOM_LP_06_SYNTHETIC_0412
RANDOM_LP_06_SYNTHETIC_STU04318,RANDOM_LP_06_SYNTHETIC_0383
RANDOM_LP_06_SYNTHETIC_STU04318,RANDOM_LP_06_SYNTHETIC_0418
RANDOM_LP_06_SYNTHETIC_STU04319,RANDOM_LP_06_SYNTHETIC_0005
RANDOM_LP_06_SYNTHETIC_STU04319,RANDOM_LP_06_SYNTHETIC_0167
RANDOM_LP_06_SYNTHETIC_STU04319,RANDOM_LP_06_SYNTHETIC_0331
RANDOM_LP_06_SYNTHETIC_STU04320,RANDOM_LP_06_SYNTHETIC_0089
RANDOM_LP_06_SYNTHETIC_STU04320,RANDOM_LP_06_SYNTHETIC_0104
RANDOM_LP_06_SYNTHETIC_STU04320,RANDOM_LP_06_SYNTHETIC_0218
RANDOM_LP_06_SYNTHETIC_STU04320,RANDOM_LP_06_SYNTHETIC_0352
RANDOM_LP_06_SYNTHETIC_STU04320,RANDOM_LP_06_SYNTHETIC_0482
RANDOM_LP_06_SYNTHETIC_STU04321,RANDOM_LP_06_SYNTHETIC_0051
RANDOM_LP_06_SYNTHETIC_STU04321,RANDOM_LP_06_SYNTHETIC_0327
RANDOM_LP_06_SYNTHETIC_STU04321,RANDOM_LP_06_SYNTHETIC_0423
RANDOM_LP_06_SYNTHETIC_STU04322,RANDOM_LP_06_SYNTHETIC_0034
RANDOM_LP_06_SYNTHETIC_STU04322,RANDOM_LP_06_SYNTHETIC_0035
RANDOM_LP_06_SYNTHETIC_STU04322,RANDOM_LP_06_SYNTHETIC_0368
RANDOM_LP_06_SYNTHETIC_STU04323,RANDOM_LP_06_SYNTHETIC_0079
RANDOM_LP_06_SYNTHETIC_STU04323,RANDOM_LP_06_SYNTHETIC_0202
RANDOM_LP_06_SYNTHETIC_STU04323,RANDOM_LP_06_SYNTHETIC_0292
RANDOM_LP_06_SYNTHETIC_STU04323,RANDOM_LP_06_SYNTHETIC_0346
RANDOM_LP_06_SYNTHETIC_STU04323,RANDOM_LP_06_SYNTHETIC_0458
RANDOM_LP_06_SYNTHETIC_STU04323,RANDOM_LP_06_SYNTHETIC_0469
RANDOM_LP_06_SYNTHETIC_STU04324,RANDOM_LP_06_SYNTHETIC_0094
RANDOM_LP_06_SYNTHETIC_STU04324,RANDOM_LP_06_SYNTHETIC_0411
RANDOM_LP_06_SYNTHETIC_STU04325,RANDOM_LP_06_SYNTHETIC_0127
RANDOM_LP_06_SYNTHETIC_STU04326,RANDOM_LP_06_SYNTHETIC_0080
RANDOM_LP_06_SYNTHETIC_STU04326,RANDOM_LP_06_SYNTHETIC_0252
RANDOM_LP_06_SYNTHETIC_STU04326,RANDOM_LP_06_SYNTHETIC_0276
RANDOM_LP_06_SYNTHETIC_STU04327,RANDOM_LP_06_SYNTHETIC_0070
RANDOM_LP_06_SYNTHETIC_STU04327,RANDOM_LP_06_SYNTHETIC_0165
RANDOM_LP_06_SYNTHETIC_STU04328,RANDOM_LP_06_SYNTHETIC_0037
RANDOM_LP_06_SYNTHETIC_STU04328,RANDOM_LP_06_SYNTHETIC_0105
RANDOM_LP_06_SYNTHETIC_STU04328,RANDOM_LP_06_SYNTHETIC_0112
RANDOM_LP_06_SYNTHETIC_STU04328,RANDOM_LP_06_SYNTHETIC_0423
RANDOM_LP_06_SYNTHETIC_STU04329,RANDOM_LP_06_SYNTHETIC_0001
RANDOM_LP_06_SYNTHETIC_STU04329,RANDOM_LP_06_SYNTHETIC_0178
RANDOM_LP_06_SYNTHETIC_STU04329,RANDOM_LP_06_SYNTHETIC_0396
RANDOM_LP_06_SYNTHETIC_STU04330,RANDOM_LP_06_SYNTHETIC_0034
RANDOM_LP_06_SYNTHETIC_STU04330,RANDOM_LP_06_SYNTHETIC_0460
RANDOM_LP_06_SYNTHETIC_STU04331,RANDOM_LP_06_SYNTHETIC_0058
RANDOM_LP_06_SYNTHETIC_STU04331,RANDOM_LP_06_SYNTHETIC_0347
RANDOM_LP_06_SYNTHETIC_STU04331,RANDOM_LP_06_SYNTHETIC_0416
RANDOM_LP_06_SYNTHETIC_STU04331,RANDOM_LP_06_SYNTHETIC_0458
RANDOM_LP_06_SYNTHETIC_STU04332,RANDOM_LP_06_SYNTHETIC_0207
RANDOM_LP_06_SYNTHETIC_STU04332,RANDOM_LP_06_SYNTHETIC_0380
RANDOM_LP_06_SYNTHETIC_STU04332,RANDOM_LP_06_SYNTHETIC_0413
RANDOM_LP_06_SYNTHETIC_STU04332,RANDOM_LP_06_SYNTHETIC_0487
RANDOM_LP_06_SYNTHETIC_STU04333,RANDOM_LP_06_SYNTHETIC_0262
RANDOM_LP_06_SYNTHETIC_STU04334,RANDOM_LP_06_SYNTHETIC_0186
RANDOM_LP_06_SYNTHETIC_STU04334,RANDOM_LP_06_SYNTHETIC_0198
RANDOM_LP_06_SYNTHETIC_STU04334,RANDOM_LP_06_SYNTHETIC_0485
RANDOM_LP_06_SYNTHETIC_STU04335,RANDOM_LP_06_SYNTHETIC_0312
RANDOM_LP_06_SYNTHETIC_STU04335,RANDOM_LP_06_SYNTHETIC_0496
RANDOM_LP_06_SYNTHETIC_STU04336,RANDOM_LP_06_SYNTHETIC_0151
RANDOM_LP_06_SYNTHETIC_STU04337,RANDOM_LP_06_SYNTHETIC_0005
RANDOM_LP_06_SYNTHETIC_STU04337,RANDOM_LP_06_SYNTHETIC_0178
RANDOM_LP_06_SYNTHETIC_STU04337,RANDOM_LP_06_SYNTHETIC_0312
RANDOM_LP_06_SYNTHETIC_STU04337,RANDOM_LP_06_SYNTHETIC_0327
RANDOM_LP_06_SYNTHETIC_STU04337,RANDOM_LP_06_SYNTHETIC_0460
RANDOM_LP_06_SYNTHETIC_STU04338,RANDOM_LP_06_SYNTHETIC_0130
RANDOM_LP_06_SYNTHETIC_STU04338,RANDOM_LP_06_SYNTHETIC_0272
RANDOM_LP_06_SYNTHETIC_STU04338,RANDOM_LP_06_SYNTHETIC_0407
RANDOM_LP_06_SYNTHETIC_STU04339,RANDOM_LP_06_SYNTHETIC_0079
RANDOM_LP_06_SYNTHETIC_STU04339,RANDOM_LP_06_SYNTHETIC_0324
RANDOM_LP_06_SYNTHETIC_STU04339,RANDOM_LP_06_SYNTHETIC_0480
RANDOM_LP_06_SYNTHETIC_STU04340,RANDOM_LP_06_SYNTHETIC_0002
RANDOM_LP_06_SYNTHETIC_STU04340,RANDOM_LP_06_SYNTHETIC_0181
RANDOM_LP_06_SYNTHETIC_STU04341,RANDOM_LP_06_SYNTHETIC_0040
RANDOM_LP_06_SYNTHETIC_STU04341,RANDOM_LP_06_SYNTHETIC_0287
RANDOM_LP_06_SYNTHETIC_STU04341,RANDOM_LP_06_SYNTHETIC_0440
RANDOM_LP_06_SYNTHETIC_STU04342,RANDOM_LP_06_SYNTHETIC_0019
RANDOM_LP_06_SYNTHETIC_STU04342,RANDOM_LP_06_SYNTHETIC_0425
RANDOM_LP_06_SYNTHETIC_STU04343,RANDOM_LP_06_SYNTHETIC_0143
RANDOM_LP_06_SYNTHETIC_STU04343,RANDOM_LP_06_SYNTHETIC_0317
RANDOM_LP_06_SYNTHETIC_STU04344,RANDOM_LP_06_SYNTHETIC_0074
RANDOM_LP_06_SYNTHETIC_STU04344,RANDOM_LP_06_SYNTHETIC_0144
RANDOM_LP_06_SYNTHETIC_STU04344,RANDOM_LP_06_SYNTHETIC_0257
RANDOM_LP_06_SYNTHETIC_STU04345,RANDOM_LP_06_SYNTHETIC_0216
RANDOM_LP_06_SYNTHETIC_STU04345,RANDOM_LP_06_SYNTHETIC_0275
RANDOM_LP_06_SYNTHETIC_STU04345,RANDOM_LP_06_SYNTHETIC_0475
RANDOM_LP_06_SYNTHETIC_STU04346,RANDOM_LP_06_SYNTHETIC_0424
RANDOM_LP_06_SYNTHETIC_STU04347,RANDOM_LP_06_SYNTHETIC_0103
RANDOM_LP_06_SYNTHETIC_STU04347,RANDOM_LP_06_SYNTHETIC_0281
RANDOM_LP_06_SYNTHETIC_STU04347,RANDOM_LP_06_SYNTHETIC_0347
RANDOM_LP_06_SYNTHETIC_STU04347,RANDOM_LP_06_SYNTHETIC_0389
RANDOM_LP_06_SYNTHETIC_STU04347,RANDOM_LP_06_SYNTHETIC_0465
RANDOM_LP_06_SYNTHETIC_STU04348,RANDOM_LP_06_SYNTHETIC_0023
RANDOM_LP_06_SYNTHETIC_STU04348,RANDOM_LP_06_SYNTHETIC_0231
RANDOM_LP_06_SYNTHETIC_STU04348,RANDOM_LP_06_SYNTHETIC_0284
RANDOM_LP_06_SYNTHETIC_STU04349,RANDOM_LP_06_SYNTHETIC_0140
RANDOM_LP_06_SYNTHETIC_STU04349,RANDOM_LP_06_SYNTHETIC_0156
RANDOM_LP_06_SYNTHETIC_STU04350,RANDOM_LP_06_SYNTHETIC_0080
RANDOM_LP_06_SYNTHETIC_STU04350,RANDOM_LP_06_SYNTHETIC_0121
RANDOM_LP_06_SYNTHETIC_STU04350,RANDOM_LP_06_SYNTHETIC_0201
RANDOM_LP_06_SYNTHETIC_STU04350,RANDOM_LP_06_SYNTHETIC_0385
RANDOM_LP_06_SYNTHETIC_STU04350,RANDOM_LP_06_SYNTHETIC_0497
RANDOM_LP_06_SYNTHETIC_STU04351,RANDOM_LP_06_SYNTHETIC_0182
RANDOM_LP_06_SYNTHETIC_STU04351,RANDOM_LP_06_SYNTHETIC_0392
RANDOM_LP_06_SYNTHETIC_STU04352,RANDOM_LP_06_SYNTHETIC_0195
RANDOM_LP_06_SYNTHETIC_STU04352,RANDOM_LP_06_SYNTHETIC_0422
RANDOM_LP_06_SYNTHETIC_STU04352,RANDOM_LP_06_SYNTHETIC_0466
RANDOM_LP_06_SYNTHETIC_STU04353,RANDOM_LP_06_SYNTHETIC_0079
RANDOM_LP_06_SYNTHETIC_STU04353,RANDOM_LP_06_SYNTHETIC_0167
RANDOM_LP_06_SYNTHETIC_STU04353,RANDOM_LP_06_SYNTHETIC_0280
RANDOM_LP_06_SYNTHETIC_STU04353,RANDOM_LP_06_SYNTHETIC_0410
RANDOM_LP_06_SYNTHETIC_STU04353,RANDOM_LP_06_SYNTHETIC_0423
RANDOM_LP_06_SYNTHETIC_STU04354,RANDOM_LP_06_SYNTHETIC_0001
RANDOM_LP_06_SYNTHETIC_STU04354,RANDOM_LP_06_SYNTHETIC_0016
RANDOM_LP_06_SYNTHETIC_STU04354,RANDOM_LP_06_SYNTHETIC_0134
RANDOM_LP_06_SYNTHETIC_STU04354,RANDOM_LP_06_SYNTHETIC_0281
RANDOM_LP_06_SYNTHETIC_STU04354,RANDOM_LP_06_SYNTHETIC_0393
RANDOM_LP_06_SYNTHETIC_STU04355,RANDOM_LP_06_SYNTHETIC_0008
RANDOM_LP_06_SYNTHETIC_STU04355,RANDOM_LP_06_SYNTHETIC_0041
RANDOM_LP_06_SYNTHETIC_STU04355,RANDOM_LP_06_SYNTHETIC_0093
RANDOM_LP_06_SYNTHETIC_STU04356,RANDOM_LP_06_SYNTHETIC_0130
RANDOM_LP_06_SYNTHETIC_STU04356,RANDOM_LP_06_SYNTHETIC_0241
RANDOM_LP_06_SYNTHETIC_STU04356,RANDOM_LP_06_SYNTHETIC_0418
RANDOM_LP_06_SYNTHETIC_STU04357,RANDOM_LP_06_SYNTHETIC_0051
RANDOM_LP_06_SYNTHETIC_STU04357,RANDOM_LP_06_SYNTHETIC_0079
RANDOM_LP_06_SYNTHETIC_STU04357,RANDOM_LP_06_SYNTHETIC_0099
RANDOM_LP_06_SYNTHETIC_STU04358,RANDOM_LP_06_SYNTHETIC_0382
RANDOM_LP_06_SYNTHETIC_STU04359,RANDOM_LP_06_SYNTHETIC_0045
RANDOM_LP_06_SYNTHETIC_STU04359,RANDOM_LP_06_SYNTHETIC_0218
RANDOM_LP_06_SYNTHETIC_STU04360,RANDOM_LP_06_SYNTHETIC_0227
RANDOM_LP_06_SYNTHETIC_STU04360,RANDOM_LP_06_SYNTHETIC_0317
RANDOM_LP_06_SYNTHETIC_STU04360,RANDOM_LP_06_SYNTHETIC_0326
RANDOM_LP_06_SYNTHETIC_STU04361,RANDOM_LP_06_SYNTHETIC_0410
RANDOM_LP_06_SYNTHETIC_STU04362,RANDOM_LP_06_SYNTHETIC_0079
RANDOM_LP_06_SYNTHETIC_STU04362,RANDOM_LP_06_SYNTHETIC_0188
RANDOM_LP_06_SYNTHETIC_STU04362,RANDOM_LP_06_SYNTHETIC_0409
RANDOM_LP_06_SYNTHETIC_STU04363,RANDOM_LP_06_SYNTHETIC_0023
RANDOM_LP_06_SYNTHETIC_STU04363,RANDOM_LP_06_SYNTHETIC_0284
RANDOM_LP_06_SYNTHETIC_STU04364,RANDOM_LP_06_SYNTHETIC_0006
RANDOM_LP_06_SYNTHETIC_STU04364,RANDOM_LP_06_SYNTHETIC_0178
RANDOM_LP_06_SYNTHETIC_STU04364,RANDOM_LP_06_SYNTHETIC_0232
RANDOM_LP_06_SYNTHETIC_STU04364,RANDOM_LP_06_SYNTHETIC_0271
RANDOM_LP_06_SYNTHETIC_STU04364,RANDOM_LP_06_SYNTHETIC_0280
RANDOM_LP_06_SYNTHETIC_STU04364,RANDOM_LP_06_SYNTHETIC_0445
RANDOM_LP_06_SYNTHETIC_STU04365,RANDOM_LP_06_SYNTHETIC_0029
RANDOM_LP_06_SYNTHETIC_STU04365,RANDOM_LP_06_SYNTHETIC_0039
RANDOM_LP_06_SYNTHETIC_STU04365,RANDOM_LP_06_SYNTHETIC_0203
RANDOM_LP_06_SYNTHETIC_STU04365,RANDOM_LP_06_SYNTHETIC_0266
RANDOM_LP_06_SYNTHETIC_STU04365,RANDOM_LP_06_SYNTHETIC_0363
RANDOM_LP_06_SYNTHETIC_STU04365,RANDOM_LP_06_SYNTHETIC_0376
RANDOM_LP_06_SYNTHETIC_STU04366,RANDOM_LP_06_SYNTHETIC_0046
RANDOM_LP_06_SYNTHETIC_STU04366,RANDOM_LP_06_SYNTHETIC_0231
RANDOM_LP_06_SYNTHETIC_STU04366,RANDOM_LP_06_SYNTHETIC_0494
RANDOM_LP_06_SYNTHETIC_STU04367,RANDOM_LP_06_SYNTHETIC_0212
RANDOM_LP_06_SYNTHETIC_STU04367,RANDOM_LP_06_SYNTHETIC_0296
RANDOM_LP_06_SYNTHETIC_STU04367,RANDOM_LP_06_SYNTHETIC_0487
RANDOM_LP_06_SYNTHETIC_STU04368,RANDOM_LP_06_SYNTHETIC_0079
RANDOM_LP_06_SYNTHETIC_STU04368,RANDOM_LP_06_SYNTHETIC_0378
RANDOM_LP_06_SYNTHETIC_STU04369,RANDOM_LP_06_SYNTHETIC_0268
RANDOM_LP_06_SYNTHETIC_STU04369,RANDOM_LP_06_SYNTHETIC_0398
RANDOM_LP_06_SYNTHETIC_STU04369,RANDOM_LP_06_SYNTHETIC_0499
RANDOM_LP_06_SYNTHETIC_STU04370,RANDOM_LP_06_SYNTHETIC_0172
RANDOM_LP_06_SYNTHETIC_STU04370,RANDOM_LP_06_SYNTHETIC_0356
RANDOM_LP_06_SYNTHETIC_STU04371,RANDOM_LP_06_SYNTHETIC_0010
RANDOM_LP_06_SYNTHETIC_STU04371,RANDOM_LP_06_SYNTHETIC_0226
RANDOM_LP_06_SYNTHETIC_STU04371,RANDOM_LP_06_SYNTHETIC_0443
RANDOM_LP_06_SYNTHETIC_STU04372,RANDOM_LP_06_SYNTHETIC_0040
RANDOM_LP_06_SYNTHETIC_STU04372,RANDOM_LP_06_SYNTHETIC_0340
RANDOM_LP_06_SYNTHETIC_STU04373,RANDOM_LP_06_SYNTHETIC_0079
RANDOM_LP_06_SYNTHETIC_STU04373,RANDOM_LP_06_SYNTHETIC_0296
RANDOM_LP_06_SYNTHETIC_STU04373,RANDOM_LP_06_SYNTHETIC_0463
RANDOM_LP_06_SYNTHETIC_STU04374,RANDOM_LP_06_SYNTHETIC_0172
RANDOM_LP_06_SYNTHETIC_STU04374,RANDOM_LP_06_SYNTHETIC_0178
RANDOM_LP_06_SYNTHETIC_STU04374,RANDOM_LP_06_SYNTHETIC_0264
RANDOM_LP_06_SYNTHETIC_STU04374,RANDOM_LP_06_SYNTHETIC_0326
RANDOM_LP_06_SYNTHETIC_STU04374,RANDOM_LP_06_SYNTHETIC_0469
RANDOM_LP_06_SYNTHETIC_STU04375,RANDOM_LP_06_SYNTHETIC_0001
RANDOM_LP_06_SYNTHETIC_STU04375,RANDOM_LP_06_SYNTHETIC_0109
RANDOM_LP_06_SYNTHETIC_STU04375,RANDOM_LP_06_SYNTHETIC_0296
RANDOM_LP_06_SYNTHETIC_STU04376,RANDOM_LP_06_SYNTHETIC_0303
RANDOM_LP_06_SYNTHETIC_STU04376,RANDOM_LP_06_SYNTHETIC_0386
RANDOM_LP_06_SYNTHETIC_STU04377,RANDOM_LP_06_SYNTHETIC_0013
RANDOM_LP_06_SYNTHETIC_STU04377,RANDOM_LP_06_SYNTHETIC_0016
RANDOM_LP_06_SYNTHETIC_STU04377,RANDOM_LP_06_SYNTHETIC_0235
RANDOM_LP_06_SYNTHETIC_STU04377,RANDOM_LP_06_SYNTHETIC_0318
RANDOM_LP_06_SYNTHETIC_STU04377,RANDOM_LP_06_SYNTHETIC_0482
RANDOM_LP_06_SYNTHETIC_STU04378,RANDOM_LP_06_SYNTHETIC_0079
RANDOM_LP_06_SYNTHETIC_STU04378,RANDOM_LP_06_SYNTHETIC_0265
RANDOM_LP_06_SYNTHETIC_STU04378,RANDOM_LP_06_SYNTHETIC_0495
RANDOM_LP_06_SYNTHETIC_STU04379,RANDOM_LP_06_SYNTHETIC_0208
RANDOM_LP_06_SYNTHETIC_STU04379,RANDOM_LP_06_SYNTHETIC_0281
RANDOM_LP_06_SYNTHETIC_STU04379,RANDOM_LP_06_SYNTHETIC_0422
RANDOM_LP_06_SYNTHETIC_STU04380,RANDOM_LP_06_SYNTHETIC_0040
RANDOM_LP_06_SYNTHETIC_STU04381,RANDOM_LP_06_SYNTHETIC_0464
RANDOM_LP_06_SYNTHETIC_STU04381,RANDOM_LP_06_SYNTHETIC_0470
RANDOM_LP_06_SYNTHETIC_STU04382,RANDOM_LP_06_SYNTHETIC_0257
RANDOM_LP_06_SYNTHETIC_STU04382,RANDOM_LP_06_SYNTHETIC_0281
RANDOM_LP_06_SYNTHETIC_STU04383,RANDOM_LP_06_SYNTHETIC_0119
RANDOM_LP_06_SYNTHETIC_STU04383,RANDOM_LP_06_SYNTHETIC_0122
RANDOM_LP_06_SYNTHETIC_STU04383,RANDOM_LP_06_SYNTHETIC_0389
RANDOM_LP_06_SYNTHETIC_STU04384,RANDOM_LP_06_SYNTHETIC_0054
RANDOM_LP_06_SYNTHETIC_STU04385,RANDOM_LP_06_SYNTHETIC_0144
RANDOM_LP_06_SYNTHETIC_STU04385,RANDOM_LP_06_SYNTHETIC_0156
RANDOM_LP_06_SYNTHETIC_STU04385,RANDOM_LP_06_SYNTHETIC_0473
RANDOM_LP_06_SYNTHETIC_STU04386,RANDOM_LP_06_SYNTHETIC_0101
RANDOM_LP_06_SYNTHETIC_STU04386,RANDOM_LP_06_SYNTHETIC_0324
RANDOM_LP_06_SYNTHETIC_STU04386,RANDOM_LP_06_SYNTHETIC_0370
RANDOM_LP_06_SYNTHETIC_STU04387,RANDOM_LP_06_SYNTHETIC_0028
RANDOM_LP_06_SYNTHETIC_STU04387,RANDOM_LP_06_SYNTHETIC_0060
RANDOM_LP_06_SYNTHETIC_STU04387,RANDOM_LP_06_SYNTHETIC_0112
RANDOM_LP_06_SYNTHETIC_STU04388,RANDOM_LP_06_SYNTHETIC_0103
RANDOM_LP_06_SYNTHETIC_STU04388,RANDOM_LP_06_SYNTHETIC_0388
RANDOM_LP_06_SYNTHETIC_STU04388,RANDOM_LP_06_SYNTHETIC_0497
RANDOM_LP_06_SYNTHETIC_STU04389,RANDOM_LP_06_SYNTHETIC_0167
RANDOM_LP_06_SYNTHETIC_STU04389,RANDOM_LP_06_SYNTHETIC_0307
RANDOM_LP_06_SYNTHETIC_STU04390,RANDOM_LP_06_SYNTHETIC_0354
RANDOM_LP_06_SYNTHETIC_STU04390,RANDOM_LP_06_SYNTHETIC_0483
RANDOM_LP_06_SYNTHETIC_STU04391,RANDOM_LP_06_SYNTHETIC_0079
RANDOM_LP_06_SYNTHETIC_STU04391,RANDOM_LP_06_SYNTHETIC_0089
RANDOM_LP_06_SYNTHETIC_STU04392,RANDOM_LP_06_SYNTHETIC_0040
RANDOM_LP_06_SYNTHETIC_STU04392,RANDOM_LP_06_SYNTHETIC_0049
RANDOM_LP_06_SYNTHETIC_STU04392,RANDOM_LP_06_SYNTHETIC_0398
RANDOM_LP_06_SYNTHETIC_STU04393,RANDOM_LP_06_SYNTHETIC_0084
RANDOM_LP_06_SYNTHETIC_STU04393,RANDOM_LP_06_SYNTHETIC_0214
RANDOM_LP_06_SYNTHETIC_STU04393,RANDOM_LP_06_SYNTHETIC_0325
RANDOM_LP_06_SYNTHETIC_STU04394,RANDOM_LP_06_SYNTHETIC_0040
RANDOM_LP_06_SYNTHETIC_STU04394,RANDOM_LP_06_SYNTHETIC_0145
RANDOM_LP_06_SYNTHETIC_STU04394,RANDOM_LP_06_SYNTHETIC_0153
RANDOM_LP_06_SYNTHETIC_STU04394,RANDOM_LP_06_SYNTHETIC_0413
RANDOM_LP_06_SYNTHETIC_STU04395,RANDOM_LP_06_SYNTHETIC_0010
RANDOM_LP_06_SYNTHETIC_STU04395,RANDOM_LP_06_SYNTHETIC_0410
RANDOM_LP_06_SYNTHETIC_STU04396,RANDOM_LP_06_SYNTHETIC_0021
RANDOM_LP_06_SYNTHETIC_STU04396,RANDOM_LP_06_SYNTHETIC_0048
RANDOM_LP_06_SYNTHETIC_STU04396,RANDOM_LP_06_SYNTHETIC_0178
RANDOM_LP_06_SYNTHETIC_STU04396,RANDOM_LP_06_SYNTHETIC_0445
RANDOM_LP_06_SYNTHETIC_STU04397,RANDOM_LP_06_SYNTHETIC_0099
RANDOM_LP_06_SYNTHETIC_STU04397,RANDOM_LP_06_SYNTHETIC_0121
RANDOM_LP_06_SYNTHETIC_STU04398,RANDOM_LP_06_SYNTHETIC_0178
RANDOM_LP_06_SYNTHETIC_STU04398,RANDOM_LP_06_SYNTHETIC_0222
RANDOM_LP_06_SYNTHETIC_STU04398,RANDOM_LP_06_SYNTHETIC_0350
RANDOM_LP_06_SYNTHETIC_STU04398,RANDOM_LP_06_SYNTHETIC_0437
RANDOM_LP_06_SYNTHETIC_STU04399,RANDOM_LP_06_SYNTHETIC_0155
RANDOM_LP_06_SYNTHETIC_STU04399,RANDOM_LP_06_SYNTHETIC_0385
RANDOM_LP_06_SYNTHETIC_STU04400,RANDOM_LP_06_SYNTHETIC_0061
RANDOM_LP_06_SYNTHETIC_STU04401,RANDOM_LP_06_SYNTHETIC_0002
RANDOM_LP_06_SYNTHETIC_STU04401,RANDOM_LP_06_SYNTHETIC_0054
RANDOM_LP_06_SYNTHETIC_STU04401,RANDOM_LP_06_SYNTHETIC_0456
RANDOM_LP_06_SYNTHETIC_STU04401,RANDOM_LP_06_SYNTHETIC_0489
RANDOM_LP_06_SYNTHETIC_STU04402,RANDOM_LP_06_SYNTHETIC_0042
RANDOM_LP_06_SYNTHETIC_STU04402,RANDOM_LP_06_SYNTHETIC_0331
RANDOM_LP_06_SYNTHETIC_STU04402,RANDOM_LP_06_SYNTHETIC_0399
RANDOM_LP_06_SYNTHETIC_STU04403,RANDOM_LP_06_SYNTHETIC_0040
RANDOM_LP_06_SYNTHETIC_STU04403,RANDOM_LP_06_SYNTHETIC_0092
RANDOM_LP_06_SYNTHETIC_STU04403,RANDOM_LP_06_SYNTHETIC_0148
RANDOM_LP_06_SYNTHETIC_STU04404,RANDOM_LP_06_SYNTHETIC_0037
RANDOM_LP_06_SYNTHETIC_STU04404,RANDOM_LP_06_SYNTHETIC_0331
RANDOM_LP_06_SYNTHETIC_STU04405,RANDOM_LP_06_SYNTHETIC_0211
RANDOM_LP_06_SYNTHETIC_STU04405,RANDOM_LP_06_SYNTHETIC_0445
RANDOM_LP_06_SYNTHETIC_STU04406,RANDOM_LP_06_SYNTHETIC_0428
RANDOM_LP_06_SYNTHETIC_STU04407,RANDOM_LP_06_SYNTHETIC_0121
RANDOM_LP_06_SYNTHETIC_STU04407,RANDOM_LP_06_SYNTHETIC_0190
RANDOM_LP_06_SYNTHETIC_STU04407,RANDOM_LP_06_SYNTHETIC_0289
RANDOM_LP_06_SYNTHETIC_STU04407,RANDOM_LP_06_SYNTHETIC_0462
RANDOM_LP_06_SYNTHETIC_STU04408,RANDOM_LP_06_SYNTHETIC_0065
RANDOM_LP_06_SYNTHETIC_STU04408,RANDOM_LP_06_SYNTHETIC_0184
RANDOM_LP_06_SYNTHETIC_STU04408,RANDOM_LP_06_SYNTHETIC_0235
RANDOM_LP_06_SYNTHETIC_STU04408,RANDOM_LP_06_SYNTHETIC_0327
RANDOM_LP_06_SYNTHETIC_STU04409,RANDOM_LP_06_SYNTHETIC_0029
RANDOM_LP_06_SYNTHETIC_STU04409,RANDOM_LP_06_SYNTHETIC_0463
RANDOM_LP_06_SYNTHETIC_STU04410,RANDOM_LP_06_SYNTHETIC_0074
RANDOM_LP_06_SYNTHETIC_STU04410,RANDOM_LP_06_SYNTHETIC_0182
RANDOM_LP_06_SYNTHETIC_STU04410,RANDOM_LP_06_SYNTHETIC_0203
RANDOM_LP_06_SYNTHETIC_STU04410,RANDOM_LP_06_SYNTHETIC_0224
RANDOM_LP_06_SYNTHETIC_STU04410,RANDOM_LP_06_SYNTHETIC_0244
RANDOM_LP_06_SYNTHETIC_STU04411,RANDOM_LP_06_SYNTHETIC_0114
RANDOM_LP_06_SYNTHETIC_STU04411,RANDOM_LP_06_SYNTHETIC_0477
RANDOM_LP_06_SYNTHETIC_STU04412,RANDOM_LP_06_SYNTHETIC_0383
RANDOM_LP_06_SYNTHETIC_STU04412,RANDOM_LP_06_SYNTHETIC_0431
RANDOM_LP_06_SYNTHETIC_STU04412,RANDOM_LP_06_SYNTHETIC_0475
RANDOM_LP_06_SYNTHETIC_STU04412,RANDOM_LP_06_SYNTHETIC_0486
RANDOM_LP_06_SYNTHETIC_STU04413,RANDOM_LP_06_SYNTHETIC_0243
RANDOM_LP_06_SYNTHETIC_STU04413,RANDOM_LP_06_SYNTHETIC_0370
RANDOM_LP_06_SYNTHETIC_STU04414,RANDOM_LP_06_SYNTHETIC_0098
RANDOM_LP_06_SYNTHETIC_STU04414,RANDOM_LP_06_SYNTHETIC_0250
RANDOM_LP_06_SYNTHETIC_STU04414,RANDOM_LP_06_SYNTHETIC_0465
RANDOM_LP_06_SYNTHETIC_STU04415,RANDOM_LP_06_SYNTHETIC_0053
RANDOM_LP_06_SYNTHETIC_STU04415,RANDOM_LP_06_SYNTHETIC_0290
RANDOM_LP_06_SYNTHETIC_STU04415,RANDOM_LP_06_SYNTHETIC_0380
RANDOM_LP_06_SYNTHETIC_STU04416,RANDOM_LP_06_SYNTHETIC_0010
RANDOM_LP_06_SYNTHETIC_STU04416,RANDOM_LP_06_SYNTHETIC_0143
RANDOM_LP_06_SYNTHETIC_STU04416,RANDOM_LP_06_SYNTHETIC_0221
RANDOM_LP_06_SYNTHETIC_STU04416,RANDOM_LP_06_SYNTHETIC_0463
RANDOM_LP_06_SYNTHETIC_STU04416,RANDOM_LP_06_SYNTHETIC_0496
RANDOM_LP_06_SYNTHETIC_STU04417,RANDOM_LP_06_SYNTHETIC_0102
RANDOM_LP_06_SYNTHETIC_STU04417,RANDOM_LP_06_SYNTHETIC_0255
RANDOM_LP_06_SYNTHETIC_STU04418,RANDOM_LP_06_SYNTHETIC_0034
RANDOM_LP_06_SYNTHETIC_STU04418,RANDOM_LP_06_SYNTHETIC_0122
RANDOM_LP_06_SYNTHETIC_STU04418,RANDOM_LP_06_SYNTHETIC_0353
RANDOM_LP_06_SYNTHETIC_STU04418,RANDOM_LP_06_SYNTHETIC_0436
RANDOM_LP_06_SYNTHETIC_STU04418,RANDOM_LP_06_SYNTHETIC_0470
RANDOM_LP_06_SYNTHETIC_STU04418,RANDOM_LP_06_SYNTHETIC_0482
RANDOM_LP_06_SYNTHETIC_STU04419,RANDOM_LP_06_SYNTHETIC_0192
RANDOM_LP_06_SYNTHETIC_STU04419,RANDOM_LP_06_SYNTHETIC_0496
RANDOM_LP_06_SYNTHETIC_STU04420,RANDOM_LP_06_SYNTHETIC_0355
RANDOM_LP_06_SYNTHETIC_STU04420,RANDOM_LP_06_SYNTHETIC_0407
RANDOM_LP_06_SYNTHETIC_STU04420,RANDOM_LP_06_SYNTHETIC_0487
RANDOM_LP_06_SYNTHETIC_STU04421,RANDOM_LP_06_SYNTHETIC_0137
RANDOM_LP_06_SYNTHETIC_STU04421,RANDOM_LP_06_SYNTHETIC_0210
RANDOM_LP_06_SYNTHETIC_STU04422,RANDOM_LP_06_SYNTHETIC_0343
RANDOM_LP_06_SYNTHETIC_STU04423,RANDOM_LP_06_SYNTHETIC_0079
RANDOM_LP_06_SYNTHETIC_STU04423,RANDOM_LP_06_SYNTHETIC_0167
RANDOM_LP_06_SYNTHETIC_STU04423,RANDOM_LP_06_SYNTHETIC_0188
RANDOM_LP_06_SYNTHETIC_STU04423,RANDOM_LP_06_SYNTHETIC_0275
RANDOM_LP_06_SYNTHETIC_STU04423,RANDOM_LP_06_SYNTHETIC_0316
RANDOM_LP_06_SYNTHETIC_STU04423,RANDOM_LP_06_SYNTHETIC_0356
RANDOM_LP_06_SYNTHETIC_STU04423,RANDOM_LP_06_SYNTHETIC_0411
RANDOM_LP_06_SYNTHETIC_STU04424,RANDOM_LP_06_SYNTHETIC_0096
RANDOM_LP_06_SYNTHETIC_STU04425,RANDOM_LP_06_SYNTHETIC_0004
RANDOM_LP_06_SYNTHETIC_STU04425,RANDOM_LP_06_SYNTHETIC_0005
RANDOM_LP_06_SYNTHETIC_STU04425,RANDOM_LP_06_SYNTHETIC_0111
RANDOM_LP_06_SYNTHETIC_STU04426,RANDOM_LP_06_SYNTHETIC_0267
RANDOM_LP_06_SYNTHETIC_STU04426,RANDOM_LP_06_SYNTHETIC_0365
RANDOM_LP_06_SYNTHETIC_STU04426,RANDOM_LP_06_SYNTHETIC_0388
RANDOM_LP_06_SYNTHETIC_STU04427,RANDOM_LP_06_SYNTHETIC_0296
RANDOM_LP_06_SYNTHETIC_STU04427,RANDOM_LP_06_SYNTHETIC_0427
RANDOM_LP_06_SYNTHETIC_STU04428,RANDOM_LP_06_SYNTHETIC_0264
RANDOM_LP_06_SYNTHETIC_STU04428,RANDOM_LP_06_SYNTHETIC_0438
RANDOM_LP_06_SYNTHETIC_STU04428,RANDOM_LP_06_SYNTHETIC_0480
RANDOM_LP_06_SYNTHETIC_STU04429,RANDOM_LP_06_SYNTHETIC_0032
RANDOM_LP_06_SYNTHETIC_STU04429,RANDOM_LP_06_SYNTHETIC_0075
RANDOM_LP_06_SYNTHETIC_STU04429,RANDOM_LP_06_SYNTHETIC_0138
RANDOM_LP_06_SYNTHETIC_STU04429,RANDOM_LP_06_SYNTHETIC_0343
RANDOM_LP_06_SYNTHETIC_STU04429,RANDOM_LP_06_SYNTHETIC_0345
RANDOM_LP_06_SYNTHETIC_STU04429,RANDOM_LP_06_SYNTHETIC_0381
RANDOM_LP_06_SYNTHETIC_STU04429,RANDOM_LP_06_SYNTHETIC_0435
RANDOM_LP_06_SYNTHETIC_STU04430,RANDOM_LP_06_SYNTHETIC_0131
RANDOM_LP_06_SYNTHETIC_STU04430,RANDOM_LP_06_SYNTHETIC_0424
RANDOM_LP_06_SYNTHETIC_STU04430,RANDOM_LP_06_SYNTHETIC_0447
RANDOM_LP_06_SYNTHETIC_STU04431,RANDOM_LP_06_SYNTHETIC_0296
RANDOM_LP_06_SYNTHETIC_STU04431,RANDOM_LP_06_SYNTHETIC_0395
RANDOM_LP_06_SYNTHETIC_STU04432,RANDOM_LP_06_SYNTHETIC_0029
RANDOM_LP_06_SYNTHETIC_STU04432,RANDOM_LP_06_SYNTHETIC_0369
RANDOM_LP_06_SYNTHETIC_STU04433,RANDOM_LP_06_SYNTHETIC_0057
RANDOM_LP_06_SYNTHETIC_STU04433,RANDOM_LP_06_SYNTHETIC_0284
RANDOM_LP_06_SYNTHETIC_STU04433,RANDOM_LP_06_SYNTHETIC_0288
RANDOM_LP_06_SYNTHETIC_STU04433,RANDOM_LP_06_SYNTHETIC_0416
RANDOM_LP_06_SYNTHETIC_STU04434,RANDOM_LP_06_SYNTHETIC_0172
RANDOM_LP_06_SYNTHETIC_STU04434,RANDOM_LP_06_SYNTHETIC_0384
RANDOM_LP_06_SYNTHETIC_STU04434,RANDOM_LP_06_SYNTHETIC_0496
RANDOM_LP_06_SYNTHETIC_STU04435,RANDOM_LP_06_SYNTHETIC_0024
RANDOM_LP_06_SYNTHETIC_STU04435,RANDOM_LP_06_SYNTHETIC_0250
RANDOM_LP_06_SYNTHETIC_STU04436,RANDOM_LP_06_SYNTHETIC_0122
RANDOM_LP_06_SYNTHETIC_STU04436,RANDOM_LP_06_SYNTHETIC_0447
RANDOM_LP_06_SYNTHETIC_STU04437,RANDOM_LP_06_SYNTHETIC_0389
RANDOM_LP_06_SYNTHETIC_STU04437,RANDOM_LP_06_SYNTHETIC_0497
RANDOM_LP_06_SYNTHETIC_STU04438,RANDOM_LP_06_SYNTHETIC_0022
RANDOM_LP_06_SYNTHETIC_STU04438,RANDOM_LP_06_SYNTHETIC_0058
RANDOM_LP_06_SYNTHETIC_STU04438,RANDOM_LP_06_SYNTHETIC_0189
RANDOM_LP_06_SYNTHETIC_STU04439,RANDOM_LP_06_SYNTHETIC_0060
RANDOM_LP_06_SYNTHETIC_STU04439,RANDOM_LP_06_SYNTHETIC_0137
RANDOM_LP_06_SYNTHETIC_STU04440,RANDOM_LP_06_SYNTHETIC_0057
RANDOM_LP_06_SYNTHETIC_STU04440,RANDOM_LP_06_SYNTHETIC_0062
RANDOM_LP_06_SYNTHETIC_STU04440,RANDOM_LP_06_SYNTHETIC_0079
RANDOM_LP_06_SYNTHETIC_STU04440,RANDOM_LP_06_SYNTHETIC_0206
RANDOM_LP_06_SYNTHETIC_STU04440,RANDOM_LP_06_SYNTHETIC_0328
RANDOM_LP_06_SYNTHETIC_STU04441,RANDOM_LP_06_SYNTHETIC_0079
RANDOM_LP_06_SYNTHETIC_STU04441,RANDOM_LP_06_SYNTHETIC_0149
RANDOM_LP_06_SYNTHETIC_STU04441,RANDOM_LP_06_SYNTHETIC_0173
RANDOM_LP_06_SYNTHETIC_STU04441,RANDOM_LP_06_SYNTHETIC_0280
RANDOM_LP_06_SYNTHETIC_STU04442,RANDOM_LP_06_SYNTHETIC_0218
RANDOM_LP_06_SYNTHETIC_STU04442,RANDOM_LP_06_SYNTHETIC_0383
RANDOM_LP_06_SYNTHETIC_STU04442,RANDOM_LP_06_SYNTHETIC_0449
RANDOM_LP_06_SYNTHETIC_STU04443,RANDOM_LP_06_SYNTHETIC_0125
RANDOM_LP_06_SYNTHETIC_STU04443,RANDOM_LP_06_SYNTHETIC_0492
RANDOM_LP_06_SYNTHETIC_STU04444,RANDOM_LP_06_SYNTHETIC_0045
RANDOM_LP_06_SYNTHETIC_STU04444,RANDOM_LP_06_SYNTHETIC_0264
RANDOM_LP_06_SYNTHETIC_STU04444,RANDOM_LP_06_SYNTHETIC_0451
RANDOM_LP_06_SYNTHETIC_STU04444,RANDOM_LP_06_SYNTHETIC_0463
RANDOM_LP_06_SYNTHETIC_STU04444,RANDOM_LP_06_SYNTHETIC_0488
RANDOM_LP_06_SYNTHETIC_STU04445,RANDOM_LP_06_SYNTHETIC_0034
RANDOM_LP_06_SYNTHETIC_STU04445,RANDOM_LP_06_SYNTHETIC_0255
RANDOM_LP_06_SYNTHETIC_STU04445,RANDOM_LP_06_SYNTHETIC_0423
RANDOM_LP_06_SYNTHETIC_STU04446,RANDOM_LP_06_SYNTHETIC_0286
RANDOM_LP_06_SYNTHETIC_STU04446,RANDOM_LP_06_SYNTHETIC_0381
RANDOM_LP_06_SYNTHETIC_STU04447,RANDOM_LP_06_SYNTHETIC_0231
RANDOM_LP_06_SYNTHETIC_STU04447,RANDOM_LP_06_SYNTHETIC_0449
RANDOM_LP_06_SYNTHETIC_STU04447,RANDOM_LP_06_SYNTHETIC_0466
RANDOM_LP_06_SYNTHETIC_STU04448,RANDOM_LP_06_SYNTHETIC_0079
RANDOM_LP_06_SYNTHETIC_STU04448,RANDOM_LP_06_SYNTHETIC_0206
RANDOM_LP_06_SYNTHETIC_STU04448,RANDOM_LP_06_SYNTHETIC_0296
RANDOM_LP_06_SYNTHETIC_STU04448,RANDOM_LP_06_SYNTHETIC_0377
RANDOM_LP_06_SYNTHETIC_STU04449,RANDOM_LP_06_SYNTHETIC_0153
RANDOM_LP_06_SYNTHETIC_STU04449,RANDOM_LP_06_SYNTHETIC_0479
RANDOM_LP_06_SYNTHETIC_STU04450,RANDOM_LP_06_SYNTHETIC_0146
RANDOM_LP_06_SYNTHETIC_STU04450,RANDOM_LP_06_SYNTHETIC_0242
RANDOM_LP_06_SYNTHETIC_STU04451,RANDOM_LP_06_SYNTHETIC_0023
RANDOM_LP_06_SYNTHETIC_STU04451,RANDOM_LP_06_SYNTHETIC_0436
RANDOM_LP_06_SYNTHETIC_STU04451,RANDOM_LP_06_SYNTHETIC_0463
RANDOM_LP_06_SYNTHETIC_STU04451,RANDOM_LP_06_SYNTHETIC_0498
RANDOM_LP_06_SYNTHETIC_STU04452,RANDOM_LP_06_SYNTHETIC_0122
RANDOM_LP_06_SYNTHETIC_STU04452,RANDOM_LP_06_SYNTHETIC_0178
RANDOM_LP_06_SYNTHETIC_STU04453,RANDOM_LP_06_SYNTHETIC_0189
RANDOM_LP_06_SYNTHETIC_STU04453,RANDOM_LP_06_SYNTHETIC_0471
RANDOM_LP_06_SYNTHETIC_STU04454,RANDOM_LP_06_SYNTHETIC_0070
RANDOM_LP_06_SYNTHETIC_STU04454,RANDOM_LP_06_SYNTHETIC_0282
RANDOM_LP_06_SYNTHETIC_STU04454,RANDOM_LP_06_SYNTHETIC_0305
RANDOM_LP_06_SYNTHETIC_STU04454,RANDOM_LP_06_SYNTHETIC_0424
RANDOM_LP_06_SYNTHETIC_STU04455,RANDOM_LP_06_SYNTHETIC_0013
RANDOM_LP_06_SYNTHETIC_STU04455,RANDOM_LP_06_SYNTHETIC_0375
RANDOM_LP_06_SYNTHETIC_STU04456,RANDOM_LP_06_SYNTHETIC_0098
RANDOM_LP_06_SYNTHETIC_STU04456,RANDOM_LP_06_SYNTHETIC_0365
RANDOM_LP_06_SYNTHETIC_STU04456,RANDOM_LP_06_SYNTHETIC_0445
RANDOM_LP_06_SYNTHETIC_STU04457,RANDOM_LP_06_SYNTHETIC_0137
RANDOM_LP_06_SYNTHETIC_STU04457,RANDOM_LP_06_SYNTHETIC_0284
RANDOM_LP_06_SYNTHETIC_STU04457,RANDOM_LP_06_SYNTHETIC_0464
RANDOM_LP_06_SYNTHETIC_STU04458,RANDOM_LP_06_SYNTHETIC_0178
RANDOM_LP_06_SYNTHETIC_STU04458,RANDOM_LP_06_SYNTHETIC_0471
RANDOM_LP_06_SYNTHETIC_STU04459,RANDOM_LP_06_SYNTHETIC_0010
RANDOM_LP_06_SYNTHETIC_STU04459,RANDOM_LP_06_SYNTHETIC_0074
RANDOM_LP_06_SYNTHETIC_STU04459,RANDOM_LP_06_SYNTHETIC_0167
RANDOM_LP_06_SYNTHETIC_STU04459,RANDOM_LP_06_SYNTHETIC_0184
RANDOM_LP_06_SYNTHETIC_STU04460,RANDOM_LP_06_SYNTHETIC_0191
RANDOM_LP_06_SYNTHETIC_STU04460,RANDOM_LP_06_SYNTHETIC_0296
RANDOM_LP_06_SYNTHETIC_STU04460,RANDOM_LP_06_SYNTHETIC_0356
RANDOM_LP_06_SYNTHETIC_STU04460,RANDOM_LP_06_SYNTHETIC_0475
RANDOM_LP_06_SYNTHETIC_STU04461,RANDOM_LP_06_SYNTHETIC_0040
RANDOM_LP_06_SYNTHETIC_STU04461,RANDOM_LP_06_SYNTHETIC_0167
RANDOM_LP_06_SYNTHETIC_STU04462,RANDOM_LP_06_SYNTHETIC_0295
RANDOM_LP_06_SYNTHETIC_STU04462,RANDOM_LP_06_SYNTHETIC_0352
RANDOM_LP_06_SYNTHETIC_STU04463,RANDOM_LP_06_SYNTHETIC_0377
RANDOM_LP_06_SYNTHETIC_STU04464,RANDOM_LP_06_SYNTHETIC_0020
RANDOM_LP_06_SYNTHETIC_STU04464,RANDOM_LP_06_SYNTHETIC_0271
RANDOM_LP_06_SYNTHETIC_STU04464,RANDOM_LP_06_SYNTHETIC_0398
RANDOM_LP_06_SYNTHETIC_STU04464,RANDOM_LP_06_SYNTHETIC_0449
RANDOM_LP_06_SYNTHETIC_STU04464,RANDOM_LP_06_SYNTHETIC_0497
RANDOM_LP_06_SYNTHETIC_STU04465,RANDOM_LP_06_SYNTHETIC_0078
RANDOM_LP_06_SYNTHETIC_STU04465,RANDOM_LP_06_SYNTHETIC_0178
RANDOM_LP_06_SYNTHETIC_STU04465,RANDOM_LP_06_SYNTHETIC_0371
RANDOM_LP_06_SYNTHETIC_STU04466,RANDOM_LP_06_SYNTHETIC_0248
RANDOM_LP_06_SYNTHETIC_STU04466,RANDOM_LP_06_SYNTHETIC_0371
RANDOM_LP_06_SYNTHETIC_STU04466,RANDOM_LP_06_SYNTHETIC_0380
RANDOM_LP_06_SYNTHETIC_STU04467,RANDOM_LP_06_SYNTHETIC_0118
RANDOM_LP_06_SYNTHETIC_STU04467,RANDOM_LP_06_SYNTHETIC_0344
RANDOM_LP_06_SYNTHETIC_STU04467,RANDOM_LP_06_SYNTHETIC_0423
RANDOM_LP_06_SYNTHETIC_STU04467,RANDOM_LP_06_SYNTHETIC_0436
RANDOM_LP_06_SYNTHETIC_STU04468,RANDOM_LP_06_SYNTHETIC_0420
RANDOM_LP_06_SYNTHETIC_STU04468,RANDOM_LP_06_SYNTHETIC_0428
RANDOM_LP_06_SYNTHETIC_STU04469,RANDOM_LP_06_SYNTHETIC_0036
RANDOM_LP_06_SYNTHETIC_STU04470,RANDOM_LP_06_SYNTHETIC_0126
RANDOM_LP_06_SYNTHETIC_STU04470,RANDOM_LP_06_SYNTHETIC_0162
RANDOM_LP_06_SYNTHETIC_STU04470,RANDOM_LP_06_SYNTHETIC_0178
RANDOM_LP_06_SYNTHETIC_STU04470,RANDOM_LP_06_SYNTHETIC_0399
RANDOM_LP_06_SYNTHETIC_STU04470,RANDOM_LP_06_SYNTHETIC_0408
RANDOM_LP_06_SYNTHETIC_STU04470,RANDOM_LP_06_SYNTHETIC_0489
RANDOM_LP_06_SYNTHETIC_STU04471,RANDOM_LP_06_SYNTHETIC_0095
RANDOM_LP_06_SYNTHETIC_STU04472,RANDOM_LP_06_SYNTHETIC_0037
RANDOM_LP_06_SYNTHETIC_STU04472,RANDOM_LP_06_SYNTHETIC_0152
RANDOM_LP_06_SYNTHETIC_STU04472,RANDOM_LP_06_SYNTHETIC_0384
RANDOM_LP_06_SYNTHETIC_STU04472,RANDOM_LP_06_SYNTHETIC_0389
RANDOM_LP_06_SYNTHETIC_STU04473,RANDOM_LP_06_SYNTHETIC_0029
RANDOM_LP_06_SYNTHETIC_STU04473,RANDOM_LP_06_SYNTHETIC_0191
RANDOM_LP_06_SYNTHETIC_STU04474,RANDOM_LP_06_SYNTHETIC_0105
RANDOM_LP_06_SYNTHETIC_STU04474,RANDOM_LP_06_SYNTHETIC_0337
RANDOM_LP_06_SYNTHETIC_STU04474,RANDOM_LP_06_SYNTHETIC_0355
RANDOM_LP_06_SYNTHETIC_STU04474,RANDOM_LP_06_SYNTHETIC_0450
RANDOM_LP_06_SYNTHETIC_STU04475,RANDOM_LP_06_SYNTHETIC_0003
RANDOM_LP_06_SYNTHETIC_STU04475,RANDOM_LP_06_SYNTHETIC_0040
RANDOM_LP_06_SYNTHETIC_STU04475,RANDOM_LP_06_SYNTHETIC_0155
RANDOM_LP_06_SYNTHETIC_STU04475,RANDOM_LP_06_SYNTHETIC_0216
RANDOM_LP_06_SYNTHETIC_STU04475,RANDOM_LP_06_SYNTHETIC_0498
RANDOM_LP_06_SYNTHETIC_STU04476,RANDOM_LP_06_SYNTHETIC_0066
RANDOM_LP_06_SYNTHETIC_STU04476,RANDOM_LP_06_SYNTHETIC_0107
RANDOM_LP_06_SYNTHETIC_STU04476,RANDOM_LP_06_SYNTHETIC_0229
RANDOM_LP_06_SYNTHETIC_STU04476,RANDOM_LP_06_SYNTHETIC_0494
RANDOM_LP_06_SYNTHETIC_STU04477,RANDOM_LP_06_SYNTHETIC_0144
RANDOM_LP_06_SYNTHETIC_STU04477,RANDOM_LP_06_SYNTHETIC_0158
RANDOM_LP_06_SYNTHETIC_STU04477,RANDOM_LP_06_SYNTHETIC_0184
RANDOM_LP_06_SYNTHETIC_STU04477,RANDOM_LP_06_SYNTHETIC_0249
RANDOM_LP_06_SYNTHETIC_STU04478,RANDOM_LP_06_SYNTHETIC_0351
RANDOM_LP_06_SYNTHETIC_STU04478,RANDOM_LP_06_SYNTHETIC_0486
RANDOM_LP_06_SYNTHETIC_STU04479,RANDOM_LP_06_SYNTHETIC_0277
RANDOM_LP_06_SYNTHETIC_STU04479,RANDOM_LP_06_SYNTHETIC_0416
RANDOM_LP_06_SYNTHETIC_STU04480,RANDOM_LP_06_SYNTHETIC_0040
RANDOM_LP_06_SYNTHETIC_STU04480,RANDOM_LP_06_SYNTHETIC_0190
RANDOM_LP_06_SYNTHETIC_STU04480,RANDOM_LP_06_SYNTHETIC_0312
RANDOM_LP_06_SYNTHETIC_STU04481,RANDOM_LP_06_SYNTHETIC_0049
RANDOM_LP_06_SYNTHETIC_STU04481,RANDOM_LP_06_SYNTHETIC_0265
RANDOM_LP_06_SYNTHETIC_STU04481,RANDOM_LP_06_SYNTHETIC_0371
RANDOM_LP_06_SYNTHETIC_STU04482,RANDOM_LP_06_SYNTHETIC_0044
RANDOM_LP_06_SYNTHETIC_STU04482,RANDOM_LP_06_SYNTHETIC_0179
RANDOM_LP_06_SYNTHETIC_STU04482,RANDOM_LP_06_SYNTHETIC_0390
RANDOM_LP_06_SYNTHETIC_STU04483,RANDOM_LP_06_SYNTHETIC_0003
RANDOM_LP_06_SYNTHETIC_STU04483,RANDOM_LP_06_SYNTHETIC_0261
RANDOM_LP_06_SYNTHETIC_STU04483,RANDOM_LP_06_SYNTHETIC_0380
RANDOM_LP_06_SYNTHETIC_STU04484,RANDOM_LP_06_SYNTHETIC_0149
RANDOM_LP_06_SYNTHETIC_STU04484,RANDOM_LP_06_SYNTHETIC_0197
RANDOM_LP_06_SYNTHETIC_STU04484,RANDOM_LP_06_SYNTHETIC_0387
RANDOM_LP_06_SYNTHETIC_STU04484,RANDOM_LP_06_SYNTHETIC_0402
RANDOM_LP_06_SYNTHETIC_STU04485,RANDOM_LP_06_SYNTHETIC_0172
RANDOM_LP_06_SYNTHETIC_STU04485,RANDOM_LP_06_SYNTHETIC_0240
RANDOM_LP_06_SYNTHETIC_STU04485,RANDOM_LP_06_SYNTHETIC_0376
RANDOM_LP_06_SYNTHETIC_STU04485,RANDOM_LP_06_SYNTHETIC_0418
RANDOM_LP_06_SYNTHETIC_STU04486,RANDOM_LP_06_SYNTHETIC_0257
RANDOM_LP_06_SYNTHETIC_STU04486,RANDOM_LP_06_SYNTHETIC_0474
RANDOM_LP_06_SYNTHETIC_STU04487,RANDOM_LP_06_SYNTHETIC_0007
RANDOM_LP_06_SYNTHETIC_STU04487,RANDOM_LP_06_SYNTHETIC_0056
RANDOM_LP_06_SYNTHETIC_STU04487,RANDOM_LP_06_SYNTHETIC_0276
RANDOM_LP_06_SYNTHETIC_STU04487,RANDOM_LP_06_SYNTHETIC_0301
RANDOM_LP_06_SYNTHETIC_STU04487,RANDOM_LP_06_SYNTHETIC_0418
RANDOM_LP_06_SYNTHETIC_STU04487,RANDOM_LP_06_SYNTHETIC_0489
RANDOM_LP_06_SYNTHETIC_STU04488,RANDOM_LP_06_SYNTHETIC_0056
RANDOM_LP_06_SYNTHETIC_STU04488,RANDOM_LP_06_SYNTHETIC_0079
RANDOM_LP_06_SYNTHETIC_STU04488,RANDOM_LP_06_SYNTHETIC_0137
RANDOM_LP_06_SYNTHETIC_STU04488,RANDOM_LP_06_SYNTHETIC_0200
RANDOM_LP_06_SYNTHETIC_STU04488,RANDOM_LP_06_SYNTHETIC_0240
RANDOM_LP_06_SYNTHETIC_STU04489,RANDOM_LP_06_SYNTHETIC_0130
RANDOM_LP_06_SYNTHETIC_STU04489,RANDOM_LP_06_SYNTHETIC_0165
RANDOM_LP_06_SYNTHETIC_STU04489,RANDOM_LP_06_SYNTHETIC_0241
RANDOM_LP_06_SYNTHETIC_STU04489,RANDOM_LP_06_SYNTHETIC_0302
RANDOM_LP_06_SYNTHETIC_STU04490,RANDOM_LP_06_SYNTHETIC_0040
RANDOM_LP_06_SYNTHETIC_STU04490,RANDOM_LP_06_SYNTHETIC_0064
RANDOM_LP_06_SYNTHETIC_STU04491,RANDOM_LP_06_SYNTHETIC_0081
RANDOM_LP_06_SYNTHETIC_STU04491,RANDOM_LP_06_SYNTHETIC_0178
RANDOM_LP_06_SYNTHETIC_STU04491,RANDOM_LP_06_SYNTHETIC_0376
RANDOM_LP_06_SYNTHETIC_STU04492,RANDOM_LP_06_SYNTHETIC_0169
RANDOM_LP_06_SYNTHETIC_STU04492,RANDOM_LP_06_SYNTHETIC_0204
RANDOM_LP_06_SYNTHETIC_STU04492,RANDOM_LP_06_SYNTHETIC_0337
RANDOM_LP_06_SYNTHETIC_STU04493,RANDOM_LP_06_SYNTHETIC_0063
RANDOM_LP_06_SYNTHETIC_STU04493,RANDOM_LP_06_SYNTHETIC_0078
RANDOM_LP_06_SYNTHETIC_STU04493,RANDOM_LP_06_SYNTHETIC_0318
RANDOM_LP_06_SYNTHETIC_STU04494,RANDOM_LP_06_SYNTHETIC_0028
RANDOM_LP_06_SYNTHETIC_STU04494,RANDOM_LP_06_SYNTHETIC_0049
RANDOM_LP_06_SYNTHETIC_STU04494,RANDOM_LP_06_SYNTHETIC_0057
RANDOM_LP_06_SYNTHETIC_STU04494,RANDOM_LP_06_SYNTHETIC_0229
RANDOM_LP_06_SYNTHETIC_STU04494,RANDOM_LP_06_SYNTHETIC_0275
RANDOM_LP_06_SYNTHETIC_STU04494,RANDOM_LP_06_SYNTHETIC_0423
RANDOM_LP_06_SYNTHETIC_STU04495,RANDOM_LP_06_SYNTHETIC_0079
RANDOM_LP_06_SYNTHETIC_STU04495,RANDOM_LP_06_SYNTHETIC_0132
RANDOM_LP_06_SYNTHETIC_STU04495,RANDOM_LP_06_SYNTHETIC_0471
RANDOM_LP_06_SYNTHETIC_STU04496,RANDOM_LP_06_SYNTHETIC_0106
RANDOM_LP_06_SYNTHETIC_STU04496,RANDOM_LP_06_SYNTHETIC_0193
RANDOM_LP_06_SYNTHETIC_STU04496,RANDOM_LP_06_SYNTHETIC_0438
RANDOM_LP_06_SYNTHETIC_STU04497,RANDOM_LP_06_SYNTHETIC_0003
RANDOM_LP_06_SYNTHETIC_STU04497,RANDOM_LP_06_SYNTHETIC_0050
RANDOM_LP_06_SYNTHETIC_STU04497,RANDOM_LP_06_SYNTHETIC_0143
RANDOM_LP_06_SYNTHETIC_STU04497,RANDOM_LP_06_SYNTHETIC_0196
RANDOM_LP_06_SYNTHETIC_STU04497,RANDOM_LP_06_SYNTHETIC_0252
RANDOM_LP_06_SYNTHETIC_STU04497,RANDOM_LP_06_SYNTHETIC_0326
RANDOM_LP_06_SYNTHETIC_STU04497,RANDOM_LP_06_SYNTHETIC_0361
RANDOM_LP_06_SYNTHETIC_STU04498,RANDOM_LP_06_SYNTHETIC_0023
RANDOM_LP_06_SYNTHETIC_STU04498,RANDOM_LP_06_SYNTHETIC_0048
RANDOM_LP_06_SYNTHETIC_STU04498,RANDOM_LP_06_SYNTHETIC_0079
RANDOM_LP_06_SYNTHETIC_STU04498,RANDOM_LP_06_SYNTHETIC_0286
RANDOM_LP_06_SYNTHETIC_STU04499,RANDOM_LP_06_SYNTHETIC_0125
RANDOM_LP_06_SYNTHETIC_STU04499,RANDOM_LP_06_SYNTHETIC_0224
RANDOM_LP_06_SYNTHETIC_STU04500,RANDOM_LP_06_SYNTHETIC_0031
RANDOM_LP_06_SYNTHETIC_STU04500,RANDOM_LP_06_SYNTHETIC_0057
RANDOM_LP_06_SYNTHETIC_STU04500,RANDOM_LP_06_SYNTHETIC_0275
RANDOM_LP_06_SYNTHETIC_STU04501,RANDOM_LP_06_SYNTHETIC_0203
RANDOM_LP_06_SYNTHETIC_STU04501,RANDOM_LP_06_SYNTHETIC_0306
RANDOM_LP_06_SYNTHETIC_STU04501,RANDOM_LP_06_SYNTHETIC_0387
RANDOM_LP_06_SYNTHETIC_STU04502,RANDOM_LP_06_SYNTHETIC_0080
RANDOM_LP_06_SYNTHETIC_STU04502,RANDOM_LP_06_SYNTHETIC_0158
RANDOM_LP_06_SYNTHETIC_STU04502,RANDOM_LP_06_SYNTHETIC_0410
RANDOM_LP_06_SYNTHETIC_STU04503,RANDOM_LP_06_SYNTHETIC_0165
RANDOM_LP_06_SYNTHETIC_STU04503,RANDOM_LP_06_SYNTHETIC_0380
RANDOM_LP_06_SYNTHETIC_STU04504,RANDOM_LP_06_SYNTHETIC_0001
RANDOM_LP_06_SYNTHETIC_STU04504,RANDOM_LP_06_SYNTHETIC_0051
RANDOM_LP_06_SYNTHETIC_STU04504,RANDOM_LP_06_SYNTHETIC_0102
RANDOM_LP_06_SYNTHETIC_STU04504,RANDOM_LP_06_SYNTHETIC_0175
RANDOM_LP_06_SYNTHETIC_STU04504,RANDOM_LP_06_SYNTHETIC_0389
RANDOM_LP_06_SYNTHETIC_STU04505,RANDOM_LP_06_SYNTHETIC_0074
RANDOM_LP_06_SYNTHETIC_STU04505,RANDOM_LP_06_SYNTHETIC_0309
RANDOM_LP_06_SYNTHETIC_STU04506,RANDOM_LP_06_SYNTHETIC_0351
RANDOM_LP_06_SYNTHETIC_STU04506,RANDOM_LP_06_SYNTHETIC_0435
RANDOM_LP_06_SYNTHETIC_STU04506,RANDOM_LP_06_SYNTHETIC_0463
RANDOM_LP_06_SYNTHETIC_STU04507,RANDOM_LP_06_SYNTHETIC_0113
RANDOM_LP_06_SYNTHETIC_STU04507,RANDOM_LP_06_SYNTHETIC_0133
RANDOM_LP_06_SYNTHETIC_STU04507,RANDOM_LP_06_SYNTHETIC_0375
RANDOM_LP_06_SYNTHETIC_STU04508,RANDOM_LP_06_SYNTHETIC_0079
RANDOM_LP_06_SYNTHETIC_STU04508,RANDOM_LP_06_SYNTHETIC_0140
RANDOM_LP_06_SYNTHETIC_STU04508,RANDOM_LP_06_SYNTHETIC_0243
RANDOM_LP_06_SYNTHETIC_STU04508,RANDOM_LP_06_SYNTHETIC_0348
RANDOM_LP_06_SYNTHETIC_STU04508,RANDOM_LP_06_SYNTHETIC_0379
RANDOM_LP_06_SYNTHETIC_STU04509,RANDOM_LP_06_SYNTHETIC_0254
RANDOM_LP_06_SYNTHETIC_STU04509,RANDOM_LP_06_SYNTHETIC_0310
RANDOM_LP_06_SYNTHETIC_STU04509,RANDOM_LP_06_SYNTHETIC_0418
RANDOM_LP_06_SYNTHETIC_STU04510,RANDOM_LP_06_SYNTHETIC_0085
RANDOM_LP_06_SYNTHETIC_STU04510,RANDOM_LP_06_SYNTHETIC_0101
RANDOM_LP_06_SYNTHETIC_STU04510,RANDOM_LP_06_SYNTHETIC_0328
RANDOM_LP_06_SYNTHETIC_STU04510,RANDOM_LP_06_SYNTHETIC_0340
RANDOM_LP_06_SYNTHETIC_STU04511,RANDOM_LP_06_SYNTHETIC_0029
RANDOM_LP_06_SYNTHETIC_STU04511,RANDOM_LP_06_SYNTHETIC_0074
RANDOM_LP_06_SYNTHETIC_STU04511,RANDOM_LP_06_SYNTHETIC_0079
RANDOM_LP_06_SYNTHETIC_STU04511,RANDOM_LP_06_SYNTHETIC_0363
RANDOM_LP_06_SYNTHETIC_STU04512,RANDOM_LP_06_SYNTHETIC_0057
RANDOM_LP_06_SYNTHETIC_STU04512,RANDOM_LP_06_SYNTHETIC_0342
RANDOM_LP_06_SYNTHETIC_STU04512,RANDOM_LP_06_SYNTHETIC_0422
RANDOM_LP_06_SYNTHETIC_STU04512,RANDOM_LP_06_SYNTHETIC_0430
RANDOM_LP_06_SYNTHETIC_STU04512,RANDOM_LP_06_SYNTHETIC_0438
RANDOM_LP_06_SYNTHETIC_STU04513,RANDOM_LP_06_SYNTHETIC_0042
RANDOM_LP_06_SYNTHETIC_STU04513,RANDOM_LP_06_SYNTHETIC_0064
RANDOM_LP_06_SYNTHETIC_STU04513,RANDOM_LP_06_SYNTHETIC_0271
RANDOM_LP_06_SYNTHETIC_STU04513,RANDOM_LP_06_SYNTHETIC_0380
RANDOM_LP_06_SYNTHETIC_STU04514,RANDOM_LP_06_SYNTHETIC_0281
RANDOM_LP_06_SYNTHETIC_STU04514,RANDOM_LP_06_SYNTHETIC_0348
RANDOM_LP_06_SYNTHETIC_STU04515,RANDOM_LP_06_SYNTHETIC_0351
RANDOM_LP_06_SYNTHETIC_STU04515,RANDOM_LP_06_SYNTHETIC_0453
RANDOM_LP_06_SYNTHETIC_STU04516,RANDOM_LP_06_SYNTHETIC_0001
RANDOM_LP_06_SYNTHETIC_STU04516,RANDOM_LP_06_SYNTHETIC_0178
RANDOM_LP_06_SYNTHETIC_STU04516,RANDOM_LP_06_SYNTHETIC_0218
RANDOM_LP_06_SYNTHETIC_STU04516,RANDOM_LP_06_SYNTHETIC_0400
RANDOM_LP_06_SYNTHETIC_STU04517,RANDOM_LP_06_SYNTHETIC_0407
RANDOM_LP_06_SYNTHETIC_STU04517,RANDOM_LP_06_SYNTHETIC_0443
RANDOM_LP_06_SYNTHETIC_STU04518,RANDOM_LP_06_SYNTHETIC_0169
RANDOM_LP_06_SYNTHETIC_STU04518,RANDOM_LP_06_SYNTHETIC_0263
RANDOM_LP_06_SYNTHETIC_STU04518,RANDOM_LP_06_SYNTHETIC_0319
RANDOM_LP_06_SYNTHETIC_STU04518,RANDOM_LP_06_SYNTHETIC_0368
RANDOM_LP_06_SYNTHETIC_STU04518,RANDOM_LP_06_SYNTHETIC_0433
RANDOM_LP_06_SYNTHETIC_STU04518,RANDOM_LP_06_SYNTHETIC_0438
RANDOM_LP_06_SYNTHETIC_STU04519,RANDOM_LP_06_SYNTHETIC_0131
RANDOM_LP_06_SYNTHETIC_STU04519,RANDOM_LP_06_SYNTHETIC_0165
RANDOM_LP_06_SYNTHETIC_STU04520,RANDOM_LP_06_SYNTHETIC_0255
RANDOM_LP_06_SYNTHETIC_STU04520,RANDOM_LP_06_SYNTHETIC_0459
RANDOM_LP_06_SYNTHETIC_STU04520,RANDOM_LP_06_SYNTHETIC_0497
RANDOM_LP_06_SYNTHETIC_STU04521,RANDOM_LP_06_SYNTHETIC_0015
RANDOM_LP_06_SYNTHETIC_STU04521,RANDOM_LP_06_SYNTHETIC_0085
RANDOM_LP_06_SYNTHETIC_STU04521,RANDOM_LP_06_SYNTHETIC_0145
RANDOM_LP_06_SYNTHETIC_STU04521,RANDOM_LP_06_SYNTHETIC_0196
RANDOM_LP_06_SYNTHETIC_STU04521,RANDOM_LP_06_SYNTHETIC_0449
RANDOM_LP_06_SYNTHETIC_STU04522,RANDOM_LP_06_SYNTHETIC_0134
RANDOM_LP_06_SYNTHETIC_STU04522,RANDOM_LP_06_SYNTHETIC_0161
RANDOM_LP_06_SYNTHETIC_STU04522,RANDOM_LP_06_SYNTHETIC_0162
RANDOM_LP_06_SYNTHETIC_STU04522,RANDOM_LP_06_SYNTHETIC_0209
RANDOM_LP_06_SYNTHETIC_STU04523,RANDOM_LP_06_SYNTHETIC_0028
RANDOM_LP_06_SYNTHETIC_STU04523,RANDOM_LP_06_SYNTHETIC_0064
RANDOM_LP_06_SYNTHETIC_STU04523,RANDOM_LP_06_SYNTHETIC_0119
RANDOM_LP_06_SYNTHETIC_STU04523,RANDOM_LP_06_SYNTHETIC_0319
RANDOM_LP_06_SYNTHETIC_STU04524,RANDOM_LP_06_SYNTHETIC_0152
RANDOM_LP_06_SYNTHETIC_STU04524,RANDOM_LP_06_SYNTHETIC_0382
RANDOM_LP_06_SYNTHETIC_STU04524,RANDOM_LP_06_SYNTHETIC_0475
RANDOM_LP_06_SYNTHETIC_STU04525,RANDOM_LP_06_SYNTHETIC_0312
RANDOM_LP_06_SYNTHETIC_STU04525,RANDOM_LP_06_SYNTHETIC_0408
RANDOM_LP_06_SYNTHETIC_STU04526,RANDOM_LP_06_SYNTHETIC_0115
RANDOM_LP_06_SYNTHETIC_STU04526,RANDOM_LP_06_SYNTHETIC_0276
RANDOM_LP_06_SYNTHETIC_STU04526,RANDOM_LP_06_SYNTHETIC_0351
RANDOM_LP_06_SYNTHETIC_STU04526,RANDOM_LP_06_SYNTHETIC_0400
RANDOM_LP_06_SYNTHETIC_STU04527,RANDOM_LP_06_SYNTHETIC_0101
RANDOM_LP_06_SYNTHETIC_STU04527,RANDOM_LP_06_SYNTHETIC_0144
RANDOM_LP_06_SYNTHETIC_STU04528,RANDOM_LP_06_SYNTHETIC_0074
RANDOM_LP_06_SYNTHETIC_STU04528,RANDOM_LP_06_SYNTHETIC_0237
RANDOM_LP_06_SYNTHETIC_STU04528,RANDOM_LP_06_SYNTHETIC_0390
RANDOM_LP_06_SYNTHETIC_STU04529,RANDOM_LP_06_SYNTHETIC_0008
RANDOM_LP_06_SYNTHETIC_STU04529,RANDOM_LP_06_SYNTHETIC_0078
RANDOM_LP_06_SYNTHETIC_STU04529,RANDOM_LP_06_SYNTHETIC_0178
RANDOM_LP_06_SYNTHETIC_STU04529,RANDOM_LP_06_SYNTHETIC_0240
RANDOM_LP_06_SYNTHETIC_STU04529,RANDOM_LP_06_SYNTHETIC_0282
RANDOM_LP_06_SYNTHETIC_STU04529,RANDOM_LP_06_SYNTHETIC_0492
RANDOM_LP_06_SYNTHETIC_STU04530,RANDOM_LP_06_SYNTHETIC_0025
RANDOM_LP_06_SYNTHETIC_STU04530,RANDOM_LP_06_SYNTHETIC_0235
RANDOM_LP_06_SYNTHETIC_STU04530,RANDOM_LP_06_SYNTHETIC_0306
RANDOM_LP_06_SYNTHETIC_STU04530,RANDOM_LP_06_SYNTHETIC_0475
RANDOM_LP_06_SYNTHETIC_STU04531,RANDOM_LP_06_SYNTHETIC_0028
RANDOM_LP_06_SYNTHETIC_STU04531,RANDOM_LP_06_SYNTHETIC_0053
RANDOM_LP_06_SYNTHETIC_STU04531,RANDOM_LP_06_SYNTHETIC_0329
RANDOM_LP_06_SYNTHETIC_STU04532,RANDOM_LP_06_SYNTHETIC_0116
RANDOM_LP_06_SYNTHETIC_STU04532,RANDOM_LP_06_SYNTHETIC_0210
RANDOM_LP_06_SYNTHETIC_STU04532,RANDOM_LP_06_SYNTHETIC_0250
RANDOM_LP_06_SYNTHETIC_STU04532,RANDOM_LP_06_SYNTHETIC_0406
RANDOM_LP_06_SYNTHETIC_STU04533,RANDOM_LP_06_SYNTHETIC_0013
RANDOM_LP_06_SYNTHETIC_STU04533,RANDOM_LP_06_SYNTHETIC_0040
RANDOM_LP_06_SYNTHETIC_STU04533,RANDOM_LP_06_SYNTHETIC_0284
RANDOM_LP_06_SYNTHETIC_STU04533,RANDOM_LP_06_SYNTHETIC_0452
RANDOM_LP_06_SYNTHETIC_STU04534,RANDOM_LP_06_SYNTHETIC_0240
RANDOM_LP_06_SYNTHETIC_STU04534,RANDOM_LP_06_SYNTHETIC_0312
RANDOM_LP_06_SYNTHETIC_STU04535,RANDOM_LP_06_SYNTHETIC_0022
RANDOM_LP_06_SYNTHETIC_STU04535,RANDOM_LP_06_SYNTHETIC_0113
RANDOM_LP_06_SYNTHETIC_STU04535,RANDOM_LP_06_SYNTHETIC_0273
RANDOM_LP_06_SYNTHETIC_STU04535,RANDOM_LP_06_SYNTHETIC_0452
RANDOM_LP_06_SYNTHETIC_STU04536,RANDOM_LP_06_SYNTHETIC_0161
RANDOM_LP_06_SYNTHETIC_STU04536,RANDOM_LP_06_SYNTHETIC_0284
RANDOM_LP_06_SYNTHETIC_STU04536,RANDOM_LP_06_SYNTHETIC_0367
RANDOM_LP_06_SYNTHETIC_STU04537,RANDOM_LP_06_SYNTHETIC_0028
RANDOM_LP_06_SYNTHETIC_STU04537,RANDOM_LP_06_SYNTHETIC_0088
RANDOM_LP_06_SYNTHETIC_STU04537,RANDOM_LP_06_SYNTHETIC_0416
RANDOM_LP_06_SYNTHETIC_STU04538,RANDOM_LP_06_SYNTHETIC_0206
RANDOM_LP_06_SYNTHETIC_STU04538,RANDOM_LP_06_SYNTHETIC_0386
RANDOM_LP_06_SYNTHETIC_STU04538,RANDOM_LP_06_SYNTHETIC_0414
RANDOM_LP_06_SYNTHETIC_STU04538,RANDOM_LP_06_SYNTHETIC_0471
RANDOM_LP_06_SYNTHETIC_STU04539,RANDOM_LP_06_SYNTHETIC_0187
RANDOM_LP_06_SYNTHETIC_STU04540,RANDOM_LP_06_SYNTHETIC_0179
RANDOM_LP_06_SYNTHETIC_STU04540,RANDOM_LP_06_SYNTHETIC_0276
RANDOM_LP_06_SYNTHETIC_STU04540,RANDOM_LP_06_SYNTHETIC_0345
RANDOM_LP_06_SYNTHETIC_STU04540,RANDOM_LP_06_SYNTHETIC_0441
RANDOM_LP_06_SYNTHETIC_STU04541,RANDOM_LP_06_SYNTHETIC_0231
RANDOM_LP_06_SYNTHETIC_STU04541,RANDOM_LP_06_SYNTHETIC_0467
RANDOM_LP_06_SYNTHETIC_STU04542,RANDOM_LP_06_SYNTHETIC_0023
RANDOM_LP_06_SYNTHETIC_STU04542,RANDOM_LP_06_SYNTHETIC_0038
RANDOM_LP_06_SYNTHETIC_STU04542,RANDOM_LP_06_SYNTHETIC_0065
RANDOM_LP_06_SYNTHETIC_STU04542,RANDOM_LP_06_SYNTHETIC_0216
RANDOM_LP_06_SYNTHETIC_STU04542,RANDOM_LP_06_SYNTHETIC_0370
RANDOM_LP_06_SYNTHETIC_STU04543,RANDOM_LP_06_SYNTHETIC_0295
RANDOM_LP_06_SYNTHETIC_STU04543,RANDOM_LP_06_SYNTHETIC_0345
RANDOM_LP_06_SYNTHETIC_STU04543,RANDOM_LP_06_SYNTHETIC_0410
RANDOM_LP_06_SYNTHETIC_STU04544,RANDOM_LP_06_SYNTHETIC_0005
RANDOM_LP_06_SYNTHETIC_STU04544,RANDOM_LP_06_SYNTHETIC_0341
RANDOM_LP_06_SYNTHETIC_STU04544,RANDOM_LP_06_SYNTHETIC_0438
RANDOM_LP_06_SYNTHETIC_STU04545,RANDOM_LP_06_SYNTHETIC_0130
RANDOM_LP_06_SYNTHETIC_STU04545,RANDOM_LP_06_SYNTHETIC_0212
RANDOM_LP_06_SYNTHETIC_STU04546,RANDOM_LP_06_SYNTHETIC_0203
RANDOM_LP_06_SYNTHETIC_STU04546,RANDOM_LP_06_SYNTHETIC_0290
RANDOM_LP_06_SYNTHETIC_STU04546,RANDOM_LP_06_SYNTHETIC_0497
RANDOM_LP_06_SYNTHETIC_STU04547,RANDOM_LP_06_SYNTHETIC_0009
RANDOM_LP_06_SYNTHETIC_STU04547,RANDOM_LP_06_SYNTHETIC_0176
RANDOM_LP_06_SYNTHETIC_STU04547,RANDOM_LP_06_SYNTHETIC_0198
RANDOM_LP_06_SYNTHETIC_STU04548,RANDOM_LP_06_SYNTHETIC_0014
RANDOM_LP_06_SYNTHETIC_STU04548,RANDOM_LP_06_SYNTHETIC_0093
RANDOM_LP_06_SYNTHETIC_STU04548,RANDOM_LP_06_SYNTHETIC_0231
RANDOM_LP_06_SYNTHETIC_STU04548,RANDOM_LP_06_SYNTHETIC_0336
RANDOM_LP_06_SYNTHETIC_STU04548,RANDOM_LP_06_SYNTHETIC_0455
RANDOM_LP_06_SYNTHETIC_STU04549,RANDOM_LP_06_SYNTHETIC_0195
RANDOM_LP_06_SYNTHETIC_STU04549,RANDOM_LP_06_SYNTHETIC_0441
RANDOM_LP_06_SYNTHETIC_STU04550,RANDOM_LP_06_SYNTHETIC_0299
RANDOM_LP_06_SYNTHETIC_STU04550,RANDOM_LP_06_SYNTHETIC_0328
RANDOM_LP_06_SYNTHETIC_STU04550,RANDOM_LP_06_SYNTHETIC_0490
RANDOM_LP_06_SYNTHETIC_STU04551,RANDOM_LP_06_SYNTHETIC_0066
RANDOM_LP_06_SYNTHETIC_STU04551,RANDOM_LP_06_SYNTHETIC_0305
RANDOM_LP_06_SYNTHETIC_STU04551,RANDOM_LP_06_SYNTHETIC_0383
RANDOM_LP_06_SYNTHETIC_STU04552,RANDOM_LP_06_SYNTHETIC_0028
RANDOM_LP_06_SYNTHETIC_STU04552,RANDOM_LP_06_SYNTHETIC_0123
RANDOM_LP_06_SYNTHETIC_STU04552,RANDOM_LP_06_SYNTHETIC_0164
RANDOM_LP_06_SYNTHETIC_STU04552,RANDOM_LP_06_SYNTHETIC_0382
RANDOM_LP_06_SYNTHETIC_STU04552,RANDOM_LP_06_SYNTHETIC_0428
RANDOM_LP_06_SYNTHETIC_STU04553,RANDOM_LP_06_SYNTHETIC_0004
RANDOM_LP_06_SYNTHETIC_STU04553,RANDOM_LP_06_SYNTHETIC_0062
RANDOM_LP_06_SYNTHETIC_STU04553,RANDOM_LP_06_SYNTHETIC_0178
RANDOM_LP_06_SYNTHETIC_STU04553,RANDOM_LP_06_SYNTHETIC_0198
RANDOM_LP_06_SYNTHETIC_STU04553,RANDOM_LP_06_SYNTHETIC_0473
RANDOM_LP_06_SYNTHETIC_STU04554,RANDOM_LP_06_SYNTHETIC_0087
RANDOM_LP_06_SYNTHETIC_STU04554,RANDOM_LP_06_SYNTHETIC_0379
RANDOM_LP_06_SYNTHETIC_STU04554,RANDOM_LP_06_SYNTHETIC_0381
RANDOM_LP_06_SYNTHETIC_STU04554,RANDOM_LP_06_SYNTHETIC_0475
RANDOM_LP_06_SYNTHETIC_STU04554,RANDOM_LP_06_SYNTHETIC_0485
RANDOM_LP_06_SYNTHETIC_STU04555,RANDOM_LP_06_SYNTHETIC_0022
RANDOM_LP_06_SYNTHETIC_STU04555,RANDOM_LP_06_SYNTHETIC_0057
RANDOM_LP_06_SYNTHETIC_STU04555,RANDOM_LP_06_SYNTHETIC_0185
RANDOM_LP_06_SYNTHETIC_STU04556,RANDOM_LP_06_SYNTHETIC_0004
RANDOM_LP_06_SYNTHETIC_STU04556,RANDOM_LP_06_SYNTHETIC_0277
RANDOM_LP_06_SYNTHETIC_STU04556,RANDOM_LP_06_SYNTHETIC_0330
RANDOM_LP_06_SYNTHETIC_STU04557,RANDOM_LP_06_SYNTHETIC_0139
RANDOM_LP_06_SYNTHETIC_STU04558,RANDOM_LP_06_SYNTHETIC_0456
RANDOM_LP_06_SYNTHETIC_STU04559,RANDOM_LP_06_SYNTHETIC_0040
RANDOM_LP_06_SYNTHETIC_STU04559,RANDOM_LP_06_SYNTHETIC_0118
RANDOM_LP_06_SYNTHETIC_STU04559,RANDOM_LP_06_SYNTHETIC_0129
RANDOM_LP_06_SYNTHETIC_STU04559,RANDOM_LP_06_SYNTHETIC_0201
RANDOM_LP_06_SYNTHETIC_STU04559,RANDOM_LP_06_SYNTHETIC_0241
RANDOM_LP_06_SYNTHETIC_STU04559,RANDOM_LP_06_SYNTHETIC_0345
RANDOM_LP_06_SYNTHETIC_STU04559,RANDOM_LP_06_SYNTHETIC_0371
RANDOM_LP_06_SYNTHETIC_STU04560,RANDOM_LP_06_SYNTHETIC_0078
RANDOM_LP_06_SYNTHETIC_STU04560,RANDOM_LP_06_SYNTHETIC_0214
RANDOM_LP_06_SYNTHETIC_STU04561,RANDOM_LP_06_SYNTHETIC_0079
RANDOM_LP_06_SYNTHETIC_STU04561,RANDOM_LP_06_SYNTHETIC_0138
RANDOM_LP_06_SYNTHETIC_STU04562,RANDOM_LP_06_SYNTHETIC_0144
RANDOM_LP_06_SYNTHETIC_STU04563,RANDOM_LP_06_SYNTHETIC_0158
RANDOM_LP_06_SYNTHETIC_STU04563,RANDOM_LP_06_SYNTHETIC_0175
RANDOM_LP_06_SYNTHETIC_STU04564,RANDOM_LP_06_SYNTHETIC_0241
RANDOM_LP_06_SYNTHETIC_STU04564,RANDOM_LP_06_SYNTHETIC_0354
RANDOM_LP_06_SYNTHETIC_STU04565,RANDOM_LP_06_SYNTHETIC_0285
RANDOM_LP_06_SYNTHETIC_STU04565,RANDOM_LP_06_SYNTHETIC_0332
RANDOM_LP_06_SYNTHETIC_STU04565,RANDOM_LP_06_SYNTHETIC_0402
RANDOM_LP_06_SYNTHETIC_STU04565,RANDOM_LP_06_SYNTHETIC_0435
RANDOM_LP_06_SYNTHETIC_STU04566,RANDOM_LP_06_SYNTHETIC_0304
RANDOM_LP_06_SYNTHETIC_STU04567,RANDOM_LP_06_SYNTHETIC_0012
RANDOM_LP_06_SYNTHETIC_STU04567,RANDOM_LP_06_SYNTHETIC_0052
RANDOM_LP_06_SYNTHETIC_STU04568,RANDOM_LP_06_SYNTHETIC_0016
RANDOM_LP_06_SYNTHETIC_STU04568,RANDOM_LP_06_SYNTHETIC_0050
RANDOM_LP_06_SYNTHETIC_STU04568,RANDOM_LP_06_SYNTHETIC_0399
RANDOM_LP_06_SYNTHETIC_STU04568,RANDOM_LP_06_SYNTHETIC_0473
RANDOM_LP_06_SYNTHETIC_STU04569,RANDOM_LP_06_SYNTHETIC_0473
RANDOM_LP_06_SYNTHETIC_STU04570,RANDOM_LP_06_SYNTHETIC_0014
RANDOM_LP_06_SYNTHETIC_STU04570,RANDOM_LP_06_SYNTHETIC_0398
RANDOM_LP_06_SYNTHETIC_STU04570,RANDOM_LP_06_SYNTHETIC_0418
RANDOM_LP_06_SYNTHETIC_STU04570,RANDOM_LP_06_SYNTHETIC_0491
RANDOM_LP_06_SYNTHETIC_STU04571,RANDOM_LP_06_SYNTHETIC_0296
RANDOM_LP_06_SYNTHETIC_STU04571,RANDOM_LP_06_SYNTHETIC_0357
RANDOM_LP_06_SYNTHETIC_STU04571,RANDOM_LP_06_SYNTHETIC_0475
RANDOM_LP_06_SYNTHETIC_STU04572,RANDOM_LP_06_SYNTHETIC_0128
RANDOM_LP_06_SYNTHETIC_STU04572,RANDOM_LP_06_SYNTHETIC_0292
RANDOM_LP_06_SYNTHETIC_STU04572,RANDOM_LP_06_SYNTHETIC_0334
RANDOM_LP_06_SYNTHETIC_STU04573,RANDOM_LP_06_SYNTHETIC_0223
RANDOM_LP_06_SYNTHETIC_STU04573,RANDOM_LP_06_SYNTHETIC_0249
RANDOM_LP_06_SYNTHETIC_STU04573,RANDOM_LP_06_SYNTHETIC_0355
RANDOM_LP_06_SYNTHETIC_STU04574,RANDOM_LP_06_SYNTHETIC_0003
RANDOM_LP_06_SYNTHETIC_STU04574,RANDOM_LP_06_SYNTHETIC_0278
RANDOM_LP_06_SYNTHETIC_STU04574,RANDOM_LP_06_SYNTHETIC_0333
RANDOM_LP_06_SYNTHETIC_STU04574,RANDOM_LP_06_SYNTHETIC_0413
RANDOM_LP_06_SYNTHETIC_STU04575,RANDOM_LP_06_SYNTHETIC_0122
RANDOM_LP_06_SYNTHETIC_STU04575,RANDOM_LP_06_SYNTHETIC_0291
RANDOM_LP_06_SYNTHETIC_STU04575,RANDOM_LP_06_SYNTHETIC_0460
RANDOM_LP_06_SYNTHETIC_STU04575,RANDOM_LP_06_SYNTHETIC_0489
RANDOM_LP_06_SYNTHETIC_STU04576,RANDOM_LP_06_SYNTHETIC_0352
RANDOM_LP_06_SYNTHETIC_STU04576,RANDOM_LP_06_SYNTHETIC_0485
RANDOM_LP_06_SYNTHETIC_STU04577,RANDOM_LP_06_SYNTHETIC_0187
RANDOM_LP_06_SYNTHETIC_STU04577,RANDOM_LP_06_SYNTHETIC_0306
RANDOM_LP_06_SYNTHETIC_STU04578,RANDOM_LP_06_SYNTHETIC_0079
RANDOM_LP_06_SYNTHETIC_STU04578,RANDOM_LP_06_SYNTHETIC_0231
RANDOM_LP_06_SYNTHETIC_STU04578,RANDOM_LP_06_SYNTHETIC_0280
RANDOM_LP_06_SYNTHETIC_STU04578,RANDOM_LP_06_SYNTHETIC_0283
RANDOM_LP_06_SYNTHETIC_STU04579,RANDOM_LP_06_SYNTHETIC_0075
RANDOM_LP_06_SYNTHETIC_STU04579,RANDOM_LP_06_SYNTHETIC_0096
RANDOM_LP_06_SYNTHETIC_STU04579,RANDOM_LP_06_SYNTHETIC_0121
RANDOM_LP_06_SYNTHETIC_STU04579,RANDOM_LP_06_SYNTHETIC_0135
RANDOM_LP_06_SYNTHETIC_STU04579,RANDOM_LP_06_SYNTHETIC_0206
RANDOM_LP_06_SYNTHETIC_STU04579,RANDOM_LP_06_SYNTHETIC_0409
RANDOM_LP_06_SYNTHETIC_STU04580,RANDOM_LP_06_SYNTHETIC_0035
RANDOM_LP_06_SYNTHETIC_STU04580,RANDOM_LP_06_SYNTHETIC_0397
RANDOM_LP_06_SYNTHETIC_STU04581,RANDOM_LP_06_SYNTHETIC_0074
RANDOM_LP_06_SYNTHETIC_STU04581,RANDOM_LP_06_SYNTHETIC_0137
RANDOM_LP_06_SYNTHETIC_STU04581,RANDOM_LP_06_SYNTHETIC_0344
RANDOM_LP_06_SYNTHETIC_STU04582,RANDOM_LP_06_SYNTHETIC_0029
RANDOM_LP_06_SYNTHETIC_STU04582,RANDOM_LP_06_SYNTHETIC_0076
RANDOM_LP_06_SYNTHETIC_STU04583,RANDOM_LP_06_SYNTHETIC_0277
RANDOM_LP_06_SYNTHETIC_STU04583,RANDOM_LP_06_SYNTHETIC_0389
RANDOM_LP_06_SYNTHETIC_STU04584,RANDOM_LP_06_SYNTHETIC_0102
RANDOM_LP_06_SYNTHETIC_STU04584,RANDOM_LP_06_SYNTHETIC_0178
RANDOM_LP_06_SYNTHETIC_STU04584,RANDOM_LP_06_SYNTHETIC_0240
RANDOM_LP_06_SYNTHETIC_STU04584,RANDOM_LP_06_SYNTHETIC_0371
RANDOM_LP_06_SYNTHETIC_STU04584,RANDOM_LP_06_SYNTHETIC_0446
RANDOM_LP_06_SYNTHETIC_STU04585,RANDOM_LP_06_SYNTHETIC_0275
RANDOM_LP_06_SYNTHETIC_STU04586,RANDOM_LP_06_SYNTHETIC_0046
RANDOM_LP_06_SYNTHETIC_STU04586,RANDOM_LP_06_SYNTHETIC_0122
RANDOM_LP_06_SYNTHETIC_STU04587,RANDOM_LP_06_SYNTHETIC_0028
RANDOM_LP_06_SYNTHETIC_STU04587,RANDOM_LP_06_SYNTHETIC_0205
RANDOM_LP_06_SYNTHETIC_STU04587,RANDOM_LP_06_SYNTHETIC_0325
RANDOM_LP_06_SYNTHETIC_STU04588,RANDOM_LP_06_SYNTHETIC_0030
RANDOM_LP_06_SYNTHETIC_STU04588,RANDOM_LP_06_SYNTHETIC_0081
RANDOM_LP_06_SYNTHETIC_STU04588,RANDOM_LP_06_SYNTHETIC_0199
RANDOM_LP_06_SYNTHETIC_STU04589,RANDOM_LP_06_SYNTHETIC_0088
RANDOM_LP_06_SYNTHETIC_STU04590,RANDOM_LP_06_SYNTHETIC_0005
RANDOM_LP_06_SYNTHETIC_STU04590,RANDOM_LP_06_SYNTHETIC_0057
RANDOM_LP_06_SYNTHETIC_STU04590,RANDOM_LP_06_SYNTHETIC_0328
RANDOM_LP_06_SYNTHETIC_STU04591,RANDOM_LP_06_SYNTHETIC_0024
RANDOM_LP_06_SYNTHETIC_STU04591,RANDOM_LP_06_SYNTHETIC_0028
RANDOM_LP_06_SYNTHETIC_STU04591,RANDOM_LP_06_SYNTHETIC_0231
RANDOM_LP_06_SYNTHETIC_STU04592,RANDOM_LP_06_SYNTHETIC_0231
RANDOM_LP_06_SYNTHETIC_STU04592,RANDOM_LP_06_SYNTHETIC_0447
RANDOM_LP_06_SYNTHETIC_STU04593,RANDOM_LP_06_SYNTHETIC_0087
RANDOM_LP_06_SYNTHETIC_STU04593,RANDOM_LP_06_SYNTHETIC_0427
RANDOM_LP_06_SYNTHETIC_STU04593,RANDOM_LP_06_SYNTHETIC_0435
RANDOM_LP_06_SYNTHETIC_STU04594,RANDOM_LP_06_SYNTHETIC_0047
RANDOM_LP_06_SYNTHETIC_STU04594,RANDOM_LP_06_SYNTHETIC_0118
RANDOM_LP_06_SYNTHETIC_STU04594,RANDOM_LP_06_SYNTHETIC_0312
RANDOM_LP_06_SYNTHETIC_STU04594,RANDOM_LP_06_SYNTHETIC_0328
RANDOM_LP_06_SYNTHETIC_STU04595,RANDOM_LP_06_SYNTHETIC_0137
RANDOM_LP_06_SYNTHETIC_STU04595,RANDOM_LP_06_SYNTHETIC_0231
RANDOM_LP_06_SYNTHETIC_STU04595,RANDOM_LP_06_SYNTHETIC_0334
RANDOM_LP_06_SYNTHETIC_STU04595,RANDOM_LP_06_SYNTHETIC_0375
RANDOM_LP_06_SYNTHETIC_STU04595,RANDOM_LP_06_SYNTHETIC_0483
RANDOM_LP_06_SYNTHETIC_STU04596,RANDOM_LP_06_SYNTHETIC_0080
RANDOM_LP_06_SYNTHETIC_STU04596,RANDOM_LP_06_SYNTHETIC_0146
RANDOM_LP_06_SYNTHETIC_STU04596,RANDOM_LP_06_SYNTHETIC_0306
RANDOM_LP_06_SYNTHETIC_STU04596,RANDOM_LP_06_SYNTHETIC_0423
RANDOM_LP_06_SYNTHETIC_STU04597,RANDOM_LP_06_SYNTHETIC_0186
RANDOM_LP_06_SYNTHETIC_STU04598,RANDOM_LP_06_SYNTHETIC_0100
RANDOM_LP_06_SYNTHETIC_STU04598,RANDOM_LP_06_SYNTHETIC_0180
RANDOM_LP_06_SYNTHETIC_STU04599,RANDOM_LP_06_SYNTHETIC_0240
RANDOM_LP_06_SYNTHETIC_STU04599,RANDOM_LP_06_SYNTHETIC_0380
RANDOM_LP_06_SYNTHETIC_STU04599,RANDOM_LP_06_SYNTHETIC_0402
RANDOM_LP_06_SYNTHETIC_STU04600,RANDOM_LP_06_SYNTHETIC_0192
RANDOM_LP_06_SYNTHETIC_STU04600,RANDOM_LP_06_SYNTHETIC_0365
RANDOM_LP_06_SYNTHETIC_STU04600,RANDOM_LP_06_SYNTHETIC_0448
RANDOM_LP_06_SYNTHETIC_STU04601,RANDOM_LP_06_SYNTHETIC_0034
RANDOM_LP_06_SYNTHETIC_STU04601,RANDOM_LP_06_SYNTHETIC_0100
RANDOM_LP_06_SYNTHETIC_STU04601,RANDOM_LP_06_SYNTHETIC_0167
RANDOM_LP_06_SYNTHETIC_STU04601,RANDOM_LP_06_SYNTHETIC_0413
RANDOM_LP_06_SYNTHETIC_STU04602,RANDOM_LP_06_SYNTHETIC_0146
RANDOM_LP_06_SYNTHETIC_STU04602,RANDOM_LP_06_SYNTHETIC_0209
RANDOM_LP_06_SYNTHETIC_STU04603,RANDOM_LP_06_SYNTHETIC_0085
RANDOM_LP_06_SYNTHETIC_STU04603,RANDOM_LP_06_SYNTHETIC_0332
RANDOM_LP_06_SYNTHETIC_STU04603,RANDOM_LP_06_SYNTHETIC_0385
RANDOM_LP_06_SYNTHETIC_STU04603,RANDOM_LP_06_SYNTHETIC_0499
RANDOM_LP_06_SYNTHETIC_STU04604,RANDOM_LP_06_SYNTHETIC_0242
RANDOM_LP_06_SYNTHETIC_STU04605,RANDOM_LP_06_SYNTHETIC_0112
RANDOM_LP_06_SYNTHETIC_STU04605,RANDOM_LP_06_SYNTHETIC_0215
RANDOM_LP_06_SYNTHETIC_STU04606,RANDOM_LP_06_SYNTHETIC_0005
RANDOM_LP_06_SYNTHETIC_STU04606,RANDOM_LP_06_SYNTHETIC_0204
RANDOM_LP_06_SYNTHETIC_STU04606,RANDOM_LP_06_SYNTHETIC_0329
RANDOM_LP_06_SYNTHETIC_STU04606,RANDOM_LP_06_SYNTHETIC_0422
RANDOM_LP_06_SYNTHETIC_STU04607,RANDOM_LP_06_SYNTHETIC_0164
RANDOM_LP_06_SYNTHETIC_STU04607,RANDOM_LP_06_SYNTHETIC_0280
RANDOM_LP_06_SYNTHETIC_STU04607,RANDOM_LP_06_SYNTHETIC_0295
RANDOM_LP_06_SYNTHETIC_STU04608,RANDOM_LP_06_SYNTHETIC_0225
RANDOM_LP_06_SYNTHETIC_STU04608,RANDOM_LP_06_SYNTHETIC_0436
RANDOM_LP_06_SYNTHETIC_STU04609,RANDOM_LP_06_SYNTHETIC_0079
RANDOM_LP_06_SYNTHETIC_STU04609,RANDOM_LP_06_SYNTHETIC_0179
RANDOM_LP_06_SYNTHETIC_STU04610,RANDOM_LP_06_SYNTHETIC_0056
RANDOM_LP_06_SYNTHETIC_STU04610,RANDOM_LP_06_SYNTHETIC_0077
RANDOM_LP_06_SYNTHETIC_STU04610,RANDOM_LP_06_SYNTHETIC_0153
RANDOM_LP_06_SYNTHETIC_STU04610,RANDOM_LP_06_SYNTHETIC_0184
RANDOM_LP_06_SYNTHETIC_STU04610,RANDOM_LP_06_SYNTHETIC_0357
RANDOM_LP_06_SYNTHETIC_STU04610,RANDOM_LP_06_SYNTHETIC_0428
RANDOM_LP_06_SYNTHETIC_STU04610,RANDOM_LP_06_SYNTHETIC_0435
RANDOM_LP_06_SYNTHETIC_STU04611,RANDOM_LP_06_SYNTHETIC_0013
RANDOM_LP_06_SYNTHETIC_STU04611,RANDOM_LP_06_SYNTHETIC_0106
RANDOM_LP_06_SYNTHETIC_STU04611,RANDOM_LP_06_SYNTHETIC_0152
RANDOM_LP_06_SYNTHETIC_STU04611,RANDOM_LP_06_SYNTHETIC_0203
RANDOM_LP_06_SYNTHETIC_STU04611,RANDOM_LP_06_SYNTHETIC_0217
RANDOM_LP_06_SYNTHETIC_STU04612,RANDOM_LP_06_SYNTHETIC_0106
RANDOM_LP_06_SYNTHETIC_STU04612,RANDOM_LP_06_SYNTHETIC_0109
RANDOM_LP_06_SYNTHETIC_STU04612,RANDOM_LP_06_SYNTHETIC_0137
RANDOM_LP_06_SYNTHETIC_STU04612,RANDOM_LP_06_SYNTHETIC_0172
RANDOM_LP_06_SYNTHETIC_STU04613,RANDOM_LP_06_SYNTHETIC_0321
RANDOM_LP_06_SYNTHETIC_STU04613,RANDOM_LP_06_SYNTHETIC_0497
RANDOM_LP_06_SYNTHETIC_STU04614,RANDOM_LP_06_SYNTHETIC_0079
RANDOM_LP_06_SYNTHETIC_STU04614,RANDOM_LP_06_SYNTHETIC_0136
RANDOM_LP_06_SYNTHETIC_STU04614,RANDOM_LP_06_SYNTHETIC_0180
RANDOM_LP_06_SYNTHETIC_STU04614,RANDOM_LP_06_SYNTHETIC_0295
RANDOM_LP_06_SYNTHETIC_STU04614,RANDOM_LP_06_SYNTHETIC_0492
RANDOM_LP_06_SYNTHETIC_STU04614,RANDOM_LP_06_SYNTHETIC_0497
RANDOM_LP_06_SYNTHETIC_STU04615,RANDOM_LP_06_SYNTHETIC_0277
RANDOM_LP_06_SYNTHETIC_STU04615,RANDOM_LP_06_SYNTHETIC_0402
RANDOM_LP_06_SYNTHETIC_STU04616,RANDOM_LP_06_SYNTHETIC_0150
RANDOM_LP_06_SYNTHETIC_STU04616,RANDOM_LP_06_SYNTHETIC_0268
RANDOM_LP_06_SYNTHETIC_STU04616,RANDOM_LP_06_SYNTHETIC_0435
RANDOM_LP_06_SYNTHETIC_STU04617,RANDOM_LP_06_SYNTHETIC_0079
RANDOM_LP_06_SYNTHETIC_STU04617,RANDOM_LP_06_SYNTHETIC_0227
RANDOM_LP_06_SYNTHETIC_STU04617,RANDOM_LP_06_SYNTHETIC_0325
RANDOM_LP_06_SYNTHETIC_STU04618,RANDOM_LP_06_SYNTHETIC_0143
RANDOM_LP_06_SYNTHETIC_STU04618,RANDOM_LP_06_SYNTHETIC_0206
RANDOM_LP_06_SYNTHETIC_STU04618,RANDOM_LP_06_SYNTHETIC_0288
RANDOM_LP_06_SYNTHETIC_STU04618,RANDOM_LP_06_SYNTHETIC_0367
RANDOM_LP_06_SYNTHETIC_STU04619,RANDOM_LP_06_SYNTHETIC_0164
RANDOM_LP_06_SYNTHETIC_STU04619,RANDOM_LP_06_SYNTHETIC_0383
RANDOM_LP_06_SYNTHETIC_STU04619,RANDOM_LP_06_SYNTHETIC_0497
RANDOM_LP_06_SYNTHETIC_STU04620,RANDOM_LP_06_SYNTHETIC_0014
RANDOM_LP_06_SYNTHETIC_STU04620,RANDOM_LP_06_SYNTHETIC_0456
RANDOM_LP_06_SYNTHETIC_STU04621,RANDOM_LP_06_SYNTHETIC_0402
RANDOM_LP_06_SYNTHETIC_STU04621,RANDOM_LP_06_SYNTHETIC_0422
RANDOM_LP_06_SYNTHETIC_STU04622,RANDOM_LP_06_SYNTHETIC_0101
RANDOM_LP_06_SYNTHETIC_STU04622,RANDOM_LP_06_SYNTHETIC_0111
RANDOM_LP_06_SYNTHETIC_STU04623,RANDOM_LP_06_SYNTHETIC_0153
RANDOM_LP_06_SYNTHETIC_STU04623,RANDOM_LP_06_SYNTHETIC_0482
RANDOM_LP_06_SYNTHETIC_STU04624,RANDOM_LP_06_SYNTHETIC_0075
RANDOM_LP_06_SYNTHETIC_STU04624,RANDOM_LP_06_SYNTHETIC_0230
RANDOM_LP_06_SYNTHETIC_STU04624,RANDOM_LP_06_SYNTHETIC_0235
RANDOM_LP_06_SYNTHETIC_STU04624,RANDOM_LP_06_SYNTHETIC_0300
RANDOM_LP_06_SYNTHETIC_STU04625,RANDOM_LP_06_SYNTHETIC_0048
RANDOM_LP_06_SYNTHETIC_STU04625,RANDOM_LP_06_SYNTHETIC_0203
RANDOM_LP_06_SYNTHETIC_STU04625,RANDOM_LP_06_SYNTHETIC_0215
RANDOM_LP_06_SYNTHETIC_STU04626,RANDOM_LP_06_SYNTHETIC_0273
RANDOM_LP_06_SYNTHETIC_STU04627,RANDOM_LP_06_SYNTHETIC_0098
RANDOM_LP_06_SYNTHETIC_STU04627,RANDOM_LP_06_SYNTHETIC_0132
RANDOM_LP_06_SYNTHETIC_STU04627,RANDOM_LP_06_SYNTHETIC_0224
RANDOM_LP_06_SYNTHETIC_STU04627,RANDOM_LP_06_SYNTHETIC_0498
RANDOM_LP_06_SYNTHETIC_STU04628,RANDOM_LP_06_SYNTHETIC_0025
RANDOM_LP_06_SYNTHETIC_STU04628,RANDOM_LP_06_SYNTHETIC_0235
RANDOM_LP_06_SYNTHETIC_STU04628,RANDOM_LP_06_SYNTHETIC_0323
RANDOM_LP_06_SYNTHETIC_STU04628,RANDOM_LP_06_SYNTHETIC_0418
RANDOM_LP_06_SYNTHETIC_STU04628,RANDOM_LP_06_SYNTHETIC_0496
RANDOM_LP_06_SYNTHETIC_STU04629,RANDOM_LP_06_SYNTHETIC_0040
RANDOM_LP_06_SYNTHETIC_STU04629,RANDOM_LP_06_SYNTHETIC_0079
RANDOM_LP_06_SYNTHETIC_STU04629,RANDOM_LP_06_SYNTHETIC_0145
RANDOM_LP_06_SYNTHETIC_STU04629,RANDOM_LP_06_SYNTHETIC_0171
RANDOM_LP_06_SYNTHETIC_STU04629,RANDOM_LP_06_SYNTHETIC_0328
RANDOM_LP_06_SYNTHETIC_STU04629,RANDOM_LP_06_SYNTHETIC_0452
RANDOM_LP_06_SYNTHETIC_STU04630,RANDOM_LP_06_SYNTHETIC_0110
RANDOM_LP_06_SYNTHETIC_STU04630,RANDOM_LP_06_SYNTHETIC_0402
RANDOM_LP_06_SYNTHETIC_STU04630,RANDOM_LP_06_SYNTHETIC_0461
RANDOM_LP_06_SYNTHETIC_STU04631,RANDOM_LP_06_SYNTHETIC_0096
RANDOM_LP_06_SYNTHETIC_STU04631,RANDOM_LP_06_SYNTHETIC_0246
RANDOM_LP_06_SYNTHETIC_STU04631,RANDOM_LP_06_SYNTHETIC_0248
RANDOM_LP_06_SYNTHETIC_STU04631,RANDOM_LP_06_SYNTHETIC_0330
RANDOM_LP_06_SYNTHETIC_STU04631,RANDOM_LP_06_SYNTHETIC_0387
RANDOM_LP_06_SYNTHETIC_STU04631,RANDOM_LP_06_SYNTHETIC_0460
RANDOM_LP_06_SYNTHETIC_STU04632,RANDOM_LP_06_SYNTHETIC_0013
RANDOM_LP_06_SYNTHETIC_STU04632,RANDOM_LP_06_SYNTHETIC_0198
RANDOM_LP_06_SYNTHETIC_STU04633,RANDOM_LP_06_SYNTHETIC_0319
RANDOM_LP_06_SYNTHETIC_STU04633,RANDOM_LP_06_SYNTHETIC_0328
RANDOM_LP_06_SYNTHETIC_STU04634,RANDOM_LP_06_SYNTHETIC_0086
RANDOM_LP_06_SYNTHETIC_STU04634,RANDOM_LP_06_SYNTHETIC_0418
RANDOM_LP_06_SYNTHETIC_STU04635,RANDOM_LP_06_SYNTHETIC_0192
RANDOM_LP_06_SYNTHETIC_STU04636,RANDOM_LP_06_SYNTHETIC_0016
RANDOM_LP_06_SYNTHETIC_STU04636,RANDOM_LP_06_SYNTHETIC_0247
RANDOM_LP_06_SYNTHETIC_STU04636,RANDOM_LP_06_SYNTHETIC_0392
RANDOM_LP_06_SYNTHETIC_STU04637,RANDOM_LP_06_SYNTHETIC_0034
RANDOM_LP_06_SYNTHETIC_STU04637,RANDOM_LP_06_SYNTHETIC_0066
RANDOM_LP_06_SYNTHETIC_STU04637,RANDOM_LP_06_SYNTHETIC_0192
RANDOM_LP_06_SYNTHETIC_STU04637,RANDOM_LP_06_SYNTHETIC_0202
RANDOM_LP_06_SYNTHETIC_STU04637,RANDOM_LP_06_SYNTHETIC_0276
RANDOM_LP_06_SYNTHETIC_STU04637,RANDOM_LP_06_SYNTHETIC_0331
RANDOM_LP_06_SYNTHETIC_STU04637,RANDOM_LP_06_SYNTHETIC_0478
RANDOM_LP_06_SYNTHETIC_STU04638,RANDOM_LP_06_SYNTHETIC_0148
RANDOM_LP_06_SYNTHETIC_STU04638,RANDOM_LP_06_SYNTHETIC_0184
RANDOM_LP_06_SYNTHETIC_STU04638,RANDOM_LP_06_SYNTHETIC_0434
RANDOM_LP_06_SYNTHETIC_STU04639,RANDOM_LP_06_SYNTHETIC_0048
RANDOM_LP_06_SYNTHETIC_STU04639,RANDOM_LP_06_SYNTHETIC_0191
RANDOM_LP_06_SYNTHETIC_STU04640,RANDOM_LP_06_SYNTHETIC_0483
RANDOM_LP_06_SYNTHETIC_STU04641,RANDOM_LP_06_SYNTHETIC_0040
RANDOM_LP_06_SYNTHETIC_STU04641,RANDOM_LP_06_SYNTHETIC_0201
RANDOM_LP_06_SYNTHETIC_STU04641,RANDOM_LP_06_SYNTHETIC_0379
RANDOM_LP_06_SYNTHETIC_STU04642,RANDOM_LP_06_SYNTHETIC_0148
RANDOM_LP_06_SYNTHETIC_STU04642,RANDOM_LP_06_SYNTHETIC_0178
RANDOM_LP_06_SYNTHETIC_STU04642,RANDOM_LP_06_SYNTHETIC_0231
RANDOM_LP_06_SYNTHETIC_STU04642,RANDOM_LP_06_SYNTHETIC_0342
RANDOM_LP_06_SYNTHETIC_STU04643,RANDOM_LP_06_SYNTHETIC_0074
RANDOM_LP_06_SYNTHETIC_STU04643,RANDOM_LP_06_SYNTHETIC_0367
RANDOM_LP_06_SYNTHETIC_STU04643,RANDOM_LP_06_SYNTHETIC_0387
RANDOM_LP_06_SYNTHETIC_STU04643,RANDOM_LP_06_SYNTHETIC_0478
RANDOM_LP_06_SYNTHETIC_STU04644,RANDOM_LP_06_SYNTHETIC_0033
RANDOM_LP_06_SYNTHETIC_STU04644,RANDOM_LP_06_SYNTHETIC_0113
RANDOM_LP_06_SYNTHETIC_STU04644,RANDOM_LP_06_SYNTHETIC_0473
RANDOM_LP_06_SYNTHETIC_STU04645,RANDOM_LP_06_SYNTHETIC_0079
RANDOM_LP_06_SYNTHETIC_STU04645,RANDOM_LP_06_SYNTHETIC_0231
RANDOM_LP_06_SYNTHETIC_STU04645,RANDOM_LP_06_SYNTHETIC_0240
RANDOM_LP_06_SYNTHETIC_STU04645,RANDOM_LP_06_SYNTHETIC_0436
RANDOM_LP_06_SYNTHETIC_STU04646,RANDOM_LP_06_SYNTHETIC_0105
RANDOM_LP_06_SYNTHETIC_STU04646,RANDOM_LP_06_SYNTHETIC_0188
RANDOM_LP_06_SYNTHETIC_STU04646,RANDOM_LP_06_SYNTHETIC_0320
RANDOM_LP_06_SYNTHETIC_STU04647,RANDOM_LP_06_SYNTHETIC_0016
RANDOM_LP_06_SYNTHETIC_STU04647,RANDOM_LP_06_SYNTHETIC_0046
RANDOM_LP_06_SYNTHETIC_STU04647,RANDOM_LP_06_SYNTHETIC_0153
RANDOM_LP_06_SYNTHETIC_STU04647,RANDOM_LP_06_SYNTHETIC_0427
RANDOM_LP_06_SYNTHETIC_STU04648,RANDOM_LP_06_SYNTHETIC_0096
RANDOM_LP_06_SYNTHETIC_STU04648,RANDOM_LP_06_SYNTHETIC_0393
RANDOM_LP_06_SYNTHETIC_STU04649,RANDOM_LP_06_SYNTHETIC_0037
RANDOM_LP_06_SYNTHETIC_STU04649,RANDOM_LP_06_SYNTHETIC_0074
RANDOM_LP_06_SYNTHETIC_STU04649,RANDOM_LP_06_SYNTHETIC_0143
RANDOM_LP_06_SYNTHETIC_STU04649,RANDOM_LP_06_SYNTHETIC_0436
RANDOM_LP_06_SYNTHETIC_STU04650,RANDOM_LP_06_SYNTHETIC_0046
RANDOM_LP_06_SYNTHETIC_STU04650,RANDOM_LP_06_SYNTHETIC_0189
RANDOM_LP_06_SYNTHETIC_STU04650,RANDOM_LP_06_SYNTHETIC_0228
RANDOM_LP_06_SYNTHETIC_STU04651,RANDOM_LP_06_SYNTHETIC_0275
RANDOM_LP_06_SYNTHETIC_STU04651,RANDOM_LP_06_SYNTHETIC_0496
RANDOM_LP_06_SYNTHETIC_STU04652,RANDOM_LP_06_SYNTHETIC_0034
RANDOM_LP_06_SYNTHETIC_STU04652,RANDOM_LP_06_SYNTHETIC_0198
RANDOM_LP_06_SYNTHETIC_STU04652,RANDOM_LP_06_SYNTHETIC_0403
RANDOM_LP_06_SYNTHETIC_STU04652,RANDOM_LP_06_SYNTHETIC_0438
RANDOM_LP_06_SYNTHETIC_STU04653,RANDOM_LP_06_SYNTHETIC_0131
RANDOM_LP_06_SYNTHETIC_STU04653,RANDOM_LP_06_SYNTHETIC_0255
RANDOM_LP_06_SYNTHETIC_STU04654,RANDOM_LP_06_SYNTHETIC_0217
RANDOM_LP_06_SYNTHETIC_STU04654,RANDOM_LP_06_SYNTHETIC_0343
RANDOM_LP_06_SYNTHETIC_STU04654,RANDOM_LP_06_SYNTHETIC_0397
RANDOM_LP_06_SYNTHETIC_STU04654,RANDOM_LP_06_SYNTHETIC_0475
RANDOM_LP_06_SYNTHETIC_STU04655,RANDOM_LP_06_SYNTHETIC_0089
RANDOM_LP_06_SYNTHETIC_STU04656,RANDOM_LP_06_SYNTHETIC_0182
RANDOM_LP_06_SYNTHETIC_STU04656,RANDOM_LP_06_SYNTHETIC_0395
RANDOM_LP_06_SYNTHETIC_STU04657,RANDOM_LP_06_SYNTHETIC_0080
RANDOM_LP_06_SYNTHETIC_STU04657,RANDOM_LP_06_SYNTHETIC_0380
RANDOM_LP_06_SYNTHETIC_STU04657,RANDOM_LP_06_SYNTHETIC_0387
RANDOM_LP_06_SYNTHETIC_STU04658,RANDOM_LP_06_SYNTHETIC_0162
RANDOM_LP_06_SYNTHETIC_STU04658,RANDOM_LP_06_SYNTHETIC_0410
RANDOM_LP_06_SYNTHETIC_STU04659,RANDOM_LP_06_SYNTHETIC_0037
RANDOM_LP_06_SYNTHETIC_STU04659,RANDOM_LP_06_SYNTHETIC_0057
RANDOM_LP_06_SYNTHETIC_STU04659,RANDOM_LP_06_SYNTHETIC_0068
RANDOM_LP_06_SYNTHETIC_STU04659,RANDOM_LP_06_SYNTHETIC_0073
RANDOM_LP_06_SYNTHETIC_STU04659,RANDOM_LP_06_SYNTHETIC_0146
RANDOM_LP_06_SYNTHETIC_STU04659,RANDOM_LP_06_SYNTHETIC_0184
RANDOM_LP_06_SYNTHETIC_STU04660,RANDOM_LP_06_SYNTHETIC_0092
RANDOM_LP_06_SYNTHETIC_STU04660,RANDOM_LP_06_SYNTHETIC_0370
RANDOM_LP_06_SYNTHETIC_STU04660,RANDOM_LP_06_SYNTHETIC_0469
RANDOM_LP_06_SYNTHETIC_STU04661,RANDOM_LP_06_SYNTHETIC_0118
RANDOM_LP_06_SYNTHETIC_STU04661,RANDOM_LP_06_SYNTHETIC_0436
RANDOM_LP_06_SYNTHETIC_STU04662,RANDOM_LP_06_SYNTHETIC_0231
RANDOM_LP_06_SYNTHETIC_STU04662,RANDOM_LP_06_SYNTHETIC_0285
RANDOM_LP_06_SYNTHETIC_STU04662,RANDOM_LP_06_SYNTHETIC_0424
RANDOM_LP_06_SYNTHETIC_STU04662,RANDOM_LP_06_SYNTHETIC_0449
RANDOM_LP_06_SYNTHETIC_STU04663,RANDOM_LP_06_SYNTHETIC_0028
RANDOM_LP_06_SYNTHETIC_STU04663,RANDOM_LP_06_SYNTHETIC_0134
RANDOM_LP_06_SYNTHETIC_STU04663,RANDOM_LP_06_SYNTHETIC_0240
RANDOM_LP_06_SYNTHETIC_STU04663,RANDOM_LP_06_SYNTHETIC_0379
RANDOM_LP_06_SYNTHETIC_STU04664,RANDOM_LP_06_SYNTHETIC_0156
RANDOM_LP_06_SYNTHETIC_STU04664,RANDOM_LP_06_SYNTHETIC_0157
RANDOM_LP_06_SYNTHETIC_STU04664,RANDOM_LP_06_SYNTHETIC_0198
RANDOM_LP_06_SYNTHETIC_STU04664,RANDOM_LP_06_SYNTHETIC_0214
RANDOM_LP_06_SYNTHETIC_STU04665,RANDOM_LP_06_SYNTHETIC_0153
RANDOM_LP_06_SYNTHETIC_STU04665,RANDOM_LP_06_SYNTHETIC_0193
RANDOM_LP_06_SYNTHETIC_STU04665,RANDOM_LP_06_SYNTHETIC_0419
RANDOM_LP_06_SYNTHETIC_STU04666,RANDOM_LP_06_SYNTHETIC_0326
RANDOM_LP_06_SYNTHETIC_STU04666,RANDOM_LP_06_SYNTHETIC_0446
RANDOM_LP_06_SYNTHETIC_STU04667,RANDOM_LP_06_SYNTHETIC_0082
RANDOM_LP_06_SYNTHETIC_STU04668,RANDOM_LP_06_SYNTHETIC_0048
RANDOM_LP_06_SYNTHETIC_STU04668,RANDOM_LP_06_SYNTHETIC_0127
RANDOM_LP_06_SYNTHETIC_STU04668,RANDOM_LP_06_SYNTHETIC_0244
RANDOM_LP_06_SYNTHETIC_STU04668,RANDOM_LP_06_SYNTHETIC_0483
RANDOM_LP_06_SYNTHETIC_STU04669,RANDOM_LP_06_SYNTHETIC_0032
RANDOM_LP_06_SYNTHETIC_STU04669,RANDOM_LP_06_SYNTHETIC_0172
RANDOM_LP_06_SYNTHETIC_STU04670,RANDOM_LP_06_SYNTHETIC_0040
RANDOM_LP_06_SYNTHETIC_STU04670,RANDOM_LP_06_SYNTHETIC_0364
RANDOM_LP_06_SYNTHETIC_STU04670,RANDOM_LP_06_SYNTHETIC_0367
RANDOM_LP_06_SYNTHETIC_STU04670,RANDOM_LP_06_SYNTHETIC_0382
RANDOM_LP_06_SYNTHETIC_STU04670,RANDOM_LP_06_SYNTHETIC_0410
RANDOM_LP_06_SYNTHETIC_STU04670,RANDOM_LP_06_SYNTHETIC_0435
RANDOM_LP_06_SYNTHETIC_STU04670,RANDOM_LP_06_SYNTHETIC_0491
RANDOM_LP_06_SYNTHETIC_STU04671,RANDOM_LP_06_SYNTHETIC_0070
RANDOM_LP_06_SYNTHETIC_STU04671,RANDOM_LP_06_SYNTHETIC_0268
RANDOM_LP_06_SYNTHETIC_STU04671,RANDOM_LP_06_SYNTHETIC_0296
RANDOM_LP_06_SYNTHETIC_STU04671,RANDOM_LP_06_SYNTHETIC_0435
RANDOM_LP_06_SYNTHETIC_STU04672,RANDOM_LP_06_SYNTHETIC_0389
RANDOM_LP_06_SYNTHETIC_STU04672,RANDOM_LP_06_SYNTHETIC_0473
RANDOM_LP_06_SYNTHETIC_STU04673,RANDOM_LP_06_SYNTHETIC_0011
RANDOM_LP_06_SYNTHETIC_STU04673,RANDOM_LP_06_SYNTHETIC_0328
RANDOM_LP_06_SYNTHETIC_STU04673,RANDOM_LP_06_SYNTHETIC_0412
RANDOM_LP_06_SYNTHETIC_STU04673,RANDOM_LP_06_SYNTHETIC_0436
RANDOM_LP_06_SYNTHETIC_STU04673,RANDOM_LP_06_SYNTHETIC_0498
RANDOM_LP_06_SYNTHETIC_STU04674,RANDOM_LP_06_SYNTHETIC_0050
RANDOM_LP_06_SYNTHETIC_STU04674,RANDOM_LP_06_SYNTHETIC_0363
RANDOM_LP_06_SYNTHETIC_STU04674,RANDOM_LP_06_SYNTHETIC_0463
RANDOM_LP_06_SYNTHETIC_STU04675,RANDOM_LP_06_SYNTHETIC_0383
RANDOM_LP_06_SYNTHETIC_STU04675,RANDOM_LP_06_SYNTHETIC_0430
RANDOM_LP_06_SYNTHETIC_STU04676,RANDOM_LP_06_SYNTHETIC_0040
RANDOM_LP_06_SYNTHETIC_STU04676,RANDOM_LP_06_SYNTHETIC_0197
RANDOM_LP_06_SYNTHETIC_STU04676,RANDOM_LP_06_SYNTHETIC_0233
RANDOM_LP_06_SYNTHETIC_STU04676,RANDOM_LP_06_SYNTHETIC_0404
RANDOM_LP_06_SYNTHETIC_STU04677,RANDOM_LP_06_SYNTHETIC_0049
RANDOM_LP_06_SYNTHETIC_STU04677,RANDOM_LP_06_SYNTHETIC_0259
RANDOM_LP_06_SYNTHETIC_STU04678,RANDOM_LP_06_SYNTHETIC_0073
RANDOM_LP_06_SYNTHETIC_STU04679,RANDOM_LP_06_SYNTHETIC_0091
RANDOM_LP_06_SYNTHETIC_STU04679,RANDOM_LP_06_SYNTHETIC_0244
RANDOM_LP_06_SYNTHETIC_STU04679,RANDOM_LP_06_SYNTHETIC_0483
RANDOM_LP_06_SYNTHETIC_STU04680,RANDOM_LP_06_SYNTHETIC_0181
RANDOM_LP_06_SYNTHETIC_STU04680,RANDOM_LP_06_SYNTHETIC_0331
RANDOM_LP_06_SYNTHETIC_STU04680,RANDOM_LP_06_SYNTHETIC_0438
RANDOM_LP_06_SYNTHETIC_STU04681,RANDOM_LP_06_SYNTHETIC_0037
RANDOM_LP_06_SYNTHETIC_STU04681,RANDOM_LP_06_SYNTHETIC_0164
RANDOM_LP_06_SYNTHETIC_STU04681,RANDOM_LP_06_SYNTHETIC_0240
RANDOM_LP_06_SYNTHETIC_STU04681,RANDOM_LP_06_SYNTHETIC_0296
RANDOM_LP_06_SYNTHETIC_STU04681,RANDOM_LP_06_SYNTHETIC_0458
RANDOM_LP_06_SYNTHETIC_STU04682,RANDOM_LP_06_SYNTHETIC_0023
RANDOM_LP_06_SYNTHETIC_STU04682,RANDOM_LP_06_SYNTHETIC_0080
RANDOM_LP_06_SYNTHETIC_STU04682,RANDOM_LP_06_SYNTHETIC_0279
RANDOM_LP_06_SYNTHETIC_STU04683,RANDOM_LP_06_SYNTHETIC_0335
RANDOM_LP_06_SYNTHETIC_STU04684,RANDOM_LP_06_SYNTHETIC_0011
RANDOM_LP_06_SYNTHETIC_STU04684,RANDOM_LP_06_SYNTHETIC_0137
RANDOM_LP_06_SYNTHETIC_STU04684,RANDOM_LP_06_SYNTHETIC_0268
RANDOM_LP_06_SYNTHETIC_STU04684,RANDOM_LP_06_SYNTHETIC_0422
RANDOM_LP_06_SYNTHETIC_STU04685,RANDOM_LP_06_SYNTHETIC_0084
RANDOM_LP_06_SYNTHETIC_STU04685,RANDOM_LP_06_SYNTHETIC_0331
RANDOM_LP_06_SYNTHETIC_STU04686,RANDOM_LP_06_SYNTHETIC_0161
RANDOM_LP_06_SYNTHETIC_STU04686,RANDOM_LP_06_SYNTHETIC_0184
RANDOM_LP_06_SYNTHETIC_STU04686,RANDOM_LP_06_SYNTHETIC_0344
RANDOM_LP_06_SYNTHETIC_STU04687,RANDOM_LP_06_SYNTHETIC_0319
RANDOM_LP_06_SYNTHETIC_STU04688,RANDOM_LP_06_SYNTHETIC_0255
RANDOM_LP_06_SYNTHETIC_STU04688,RANDOM_LP_06_SYNTHETIC_0315
RANDOM_LP_06_SYNTHETIC_STU04689,RANDOM_LP_06_SYNTHETIC_0002
RANDOM_LP_06_SYNTHETIC_STU04689,RANDOM_LP_06_SYNTHETIC_0244
RANDOM_LP_06_SYNTHETIC_STU04689,RANDOM_LP_06_SYNTHETIC_0281
RANDOM_LP_06_SYNTHETIC_STU04690,RANDOM_LP_06_SYNTHETIC_0350
RANDOM_LP_06_SYNTHETIC_STU04691,RANDOM_LP_06_SYNTHETIC_0176
RANDOM_LP_06_SYNTHETIC_STU04691,RANDOM_LP_06_SYNTHETIC_0468
RANDOM_LP_06_SYNTHETIC_STU04692,RANDOM_LP_06_SYNTHETIC_0020
RANDOM_LP_06_SYNTHETIC_STU04692,RANDOM_LP_06_SYNTHETIC_0398
RANDOM_LP_06_SYNTHETIC_STU04693,RANDOM_LP_06_SYNTHETIC_0041
RANDOM_LP_06_SYNTHETIC_STU04693,RANDOM_LP_06_SYNTHETIC_0117
RANDOM_LP_06_SYNTHETIC_STU04693,RANDOM_LP_06_SYNTHETIC_0153
RANDOM_LP_06_SYNTHETIC_STU04693,RANDOM_LP_06_SYNTHETIC_0207
RANDOM_LP_06_SYNTHETIC_STU04693,RANDOM_LP_06_SYNTHETIC_0209
RANDOM_LP_06_SYNTHETIC_STU04693,RANDOM_LP_06_SYNTHETIC_0212
RANDOM_LP_06_SYNTHETIC_STU04693,RANDOM_LP_06_SYNTHETIC_0271
RANDOM_LP_06_SYNTHETIC_STU04693,RANDOM_LP_06_SYNTHETIC_0419
RANDOM_LP_06_SYNTHETIC_STU04694,RANDOM_LP_06_SYNTHETIC_0230
RANDOM_LP_06_SYNTHETIC_STU04694,RANDOM_LP_06_SYNTHETIC_0385
RANDOM_LP_06_SYNTHETIC_STU04695,RANDOM_LP_06_SYNTHETIC_0078
RANDOM_LP_06_SYNTHETIC_STU04695,RANDOM_LP_06_SYNTHETIC_0121
RANDOM_LP_06_SYNTHETIC_STU04695,RANDOM_LP_06_SYNTHETIC_0229
RANDOM_LP_06_SYNTHETIC_STU04695,RANDOM_LP_06_SYNTHETIC_0308
RANDOM_LP_06_SYNTHETIC_STU04695,RANDOM_LP_06_SYNTHETIC_0381
RANDOM_LP_06_SYNTHETIC_STU04695,RANDOM_LP_06_SYNTHETIC_0459
RANDOM_LP_06_SYNTHETIC_STU04695,RANDOM_LP_06_SYNTHETIC_0499
RANDOM_LP_06_SYNTHETIC_STU04696,RANDOM_LP_06_SYNTHETIC_0235
RANDOM_LP_06_SYNTHETIC_STU04697,RANDOM_LP_06_SYNTHETIC_0036
RANDOM_LP_06_SYNTHETIC_STU04697,RANDOM_LP_06_SYNTHETIC_0054
RANDOM_LP_06_SYNTHETIC_STU04697,RANDOM_LP_06_SYNTHETIC_0085
RANDOM_LP_06_SYNTHETIC_STU04698,RANDOM_LP_06_SYNTHETIC_0144
RANDOM_LP_06_SYNTHETIC_STU04699,RANDOM_LP_06_SYNTHETIC_0042
RANDOM_LP_06_SYNTHETIC_STU04699,RANDOM_LP_06_SYNTHETIC_0299
RANDOM_LP_06_SYNTHETIC_STU04700,RANDOM_LP_06_SYNTHETIC_0040
RANDOM_LP_06_SYNTHETIC_STU04700,RANDOM_LP_06_SYNTHETIC_0276
RANDOM_LP_06_SYNTHETIC_STU04700,RANDOM_LP_06_SYNTHETIC_0367
RANDOM_LP_06_SYNTHETIC_STU04701,RANDOM_LP_06_SYNTHETIC_0086
RANDOM_LP_06_SYNTHETIC_STU04701,RANDOM_LP_06_SYNTHETIC_0275
RANDOM_LP_06_SYNTHETIC_STU04701,RANDOM_LP_06_SYNTHETIC_0423
RANDOM_LP_06_SYNTHETIC_STU04702,RANDOM_LP_06_SYNTHETIC_0244
RANDOM_LP_06_SYNTHETIC_STU04703,RANDOM_LP_06_SYNTHETIC_0112
RANDOM_LP_06_SYNTHETIC_STU04703,RANDOM_LP_06_SYNTHETIC_0241
RANDOM_LP_06_SYNTHETIC_STU04703,RANDOM_LP_06_SYNTHETIC_0401
RANDOM_LP_06_SYNTHETIC_STU04704,RANDOM_LP_06_SYNTHETIC_0145
RANDOM_LP_06_SYNTHETIC_STU04705,RANDOM_LP_06_SYNTHETIC_0026
RANDOM_LP_06_SYNTHETIC_STU04705,RANDOM_LP_06_SYNTHETIC_0231
RANDOM_LP_06_SYNTHETIC_STU04705,RANDOM_LP_06_SYNTHETIC_0240
RANDOM_LP_06_SYNTHETIC_STU04705,RANDOM_LP_06_SYNTHETIC_0435
RANDOM_LP_06_SYNTHETIC_STU04706,RANDOM_LP_06_SYNTHETIC_0377
RANDOM_LP_06_SYNTHETIC_STU04707,RANDOM_LP_06_SYNTHETIC_0028
RANDOM_LP_06_SYNTHETIC_STU04707,RANDOM_LP_06_SYNTHETIC_0054
RANDOM_LP_06_SYNTHETIC_STU04707,RANDOM_LP_06_SYNTHETIC_0094
RANDOM_LP_06_SYNTHETIC_STU04708,RANDOM_LP_06_SYNTHETIC_0014
RANDOM_LP_06_SYNTHETIC_STU04708,RANDOM_LP_06_SYNTHETIC_0307
RANDOM_LP_06_SYNTHETIC_STU04708,RANDOM_LP_06_SYNTHETIC_0413
RANDOM_LP_06_SYNTHETIC_STU04709,RANDOM_LP_06_SYNTHETIC_0084
RANDOM_LP_06_SYNTHETIC_STU04709,RANDOM_LP_06_SYNTHETIC_0096
RANDOM_LP_06_SYNTHETIC_STU04709,RANDOM_LP_06_SYNTHETIC_0416
RANDOM_LP_06_SYNTHETIC_STU04710,RANDOM_LP_06_SYNTHETIC_0062
RANDOM_LP_06_SYNTHETIC_STU04710,RANDOM_LP_06_SYNTHETIC_0393
RANDOM_LP_06_SYNTHETIC_STU04710,RANDOM_LP_06_SYNTHETIC_0410
RANDOM_LP_06_SYNTHETIC_STU04711,RANDOM_LP_06_SYNTHETIC_0319
RANDOM_LP_06_SYNTHETIC_STU04711,RANDOM_LP_06_SYNTHETIC_0482
RANDOM_LP_06_SYNTHETIC_STU04711,RANDOM_LP_06_SYNTHETIC_0497
RANDOM_LP_06_SYNTHETIC_STU04712,RANDOM_LP_06_SYNTHETIC_0350
RANDOM_LP_06_SYNTHETIC_STU04712,RANDOM_LP_06_SYNTHETIC_0363
RANDOM_LP_06_SYNTHETIC_STU04712,RANDOM_LP_06_SYNTHETIC_0389
RANDOM_LP_06_SYNTHETIC_STU04713,RANDOM_LP_06_SYNTHETIC_0146
RANDOM_LP_06_SYNTHETIC_STU04714,RANDOM_LP_06_SYNTHETIC_0081
RANDOM_LP_06_SYNTHETIC_STU04714,RANDOM_LP_06_SYNTHETIC_0096
RANDOM_LP_06_SYNTHETIC_STU04714,RANDOM_LP_06_SYNTHETIC_0294
RANDOM_LP_06_SYNTHETIC_STU04714,RANDOM_LP_06_SYNTHETIC_0361
RANDOM_LP_06_SYNTHETIC_STU04714,RANDOM_LP_06_SYNTHETIC_0427
RANDOM_LP_06_SYNTHETIC_STU04715,RANDOM_LP_06_SYNTHETIC_0397
RANDOM_LP_06_SYNTHETIC_STU04715,RANDOM_LP_06_SYNTHETIC_0413
RANDOM_LP_06_SYNTHETIC_STU04716,RANDOM_LP_06_SYNTHETIC_0145
RANDOM_LP_06_SYNTHETIC_STU04716,RANDOM_LP_06_SYNTHETIC_0215
RANDOM_LP_06_SYNTHETIC_STU04716,RANDOM_LP_06_SYNTHETIC_0274
RANDOM_LP_06_SYNTHETIC_STU04716,RANDOM_LP_06_SYNTHETIC_0372
RANDOM_LP_06_SYNTHETIC_STU04717,RANDOM_LP_06_SYNTHETIC_0141
RANDOM_LP_06_SYNTHETIC_STU04717,RANDOM_LP_06_SYNTHETIC_0152
RANDOM_LP_06_SYNTHETIC_STU04717,RANDOM_LP_06_SYNTHETIC_0417
RANDOM_LP_06_SYNTHETIC_STU04717,RANDOM_LP_06_SYNTHETIC_0445
RANDOM_LP_06_SYNTHETIC_STU04718,RANDOM_LP_06_SYNTHETIC_0087
RANDOM_LP_06_SYNTHETIC_STU04719,RANDOM_LP_06_SYNTHETIC_0025
RANDOM_LP_06_SYNTHETIC_STU04719,RANDOM_LP_06_SYNTHETIC_0140
RANDOM_LP_06_SYNTHETIC_STU04719,RANDOM_LP_06_SYNTHETIC_0196
RANDOM_LP_06_SYNTHETIC_STU04719,RANDOM_LP_06_SYNTHETIC_0398
RANDOM_LP_06_SYNTHETIC_STU04720,RANDOM_LP_06_SYNTHETIC_0299
RANDOM_LP_06_SYNTHETIC_STU04720,RANDOM_LP_06_SYNTHETIC_0438
RANDOM_LP_06_SYNTHETIC_STU04720,RANDOM_LP_06_SYNTHETIC_0497
RANDOM_LP_06_SYNTHETIC_STU04721,RANDOM_LP_06_SYNTHETIC_0451
RANDOM_LP_06_SYNTHETIC_STU04722,RANDOM_LP_06_SYNTHETIC_0038
RANDOM_LP_06_SYNTHETIC_STU04722,RANDOM_LP_06_SYNTHETIC_0125
RANDOM_LP_06_SYNTHETIC_STU04722,RANDOM_LP_06_SYNTHETIC_0416
RANDOM_LP_06_SYNTHETIC_STU04723,RANDOM_LP_06_SYNTHETIC_0029
RANDOM_LP_06_SYNTHETIC_STU04723,RANDOM_LP_06_SYNTHETIC_0261
RANDOM_LP_06_SYNTHETIC_STU04723,RANDOM_LP_06_SYNTHETIC_0381
RANDOM_LP_06_SYNTHETIC_STU04724,RANDOM_LP_06_SYNTHETIC_0001
RANDOM_LP_06_SYNTHETIC_STU04724,RANDOM_LP_06_SYNTHETIC_0241
RANDOM_LP_06_SYNTHETIC_STU04724,RANDOM_LP_06_SYNTHETIC_0360
RANDOM_LP_06_SYNTHETIC_STU04725,RANDOM_LP_06_SYNTHETIC_0292
RANDOM_LP_06_SYNTHETIC_STU04725,RANDOM_LP_06_SYNTHETIC_0416
RANDOM_LP_06_SYNTHETIC_STU04725,RANDOM_LP_06_SYNTHETIC_0473
RANDOM_LP_06_SYNTHETIC_STU04726,RANDOM_LP_06_SYNTHETIC_0262
RANDOM_LP_06_SYNTHETIC_STU04726,RANDOM_LP_06_SYNTHETIC_0379
RANDOM_LP_06_SYNTHETIC_STU04726,RANDOM_LP_06_SYNTHETIC_0470
RANDOM_LP_06_SYNTHETIC_STU04727,RANDOM_LP_06_SYNTHETIC_0013
RANDOM_LP_06_SYNTHETIC_STU04727,RANDOM_LP_06_SYNTHETIC_0080
RANDOM_LP_06_SYNTHETIC_STU04727,RANDOM_LP_06_SYNTHETIC_0229
RANDOM_LP_06_SYNTHETIC_STU04728,RANDOM_LP_06_SYNTHETIC_0048
RANDOM_LP_06_SYNTHETIC_STU04728,RANDOM_LP_06_SYNTHETIC_0432
RANDOM_LP_06_SYNTHETIC_STU04728,RANDOM_LP_06_SYNTHETIC_0458
RANDOM_LP_06_SYNTHETIC_STU04729,RANDOM_LP_06_SYNTHETIC_0221
RANDOM_LP_06_SYNTHETIC_STU04730,RANDOM_LP_06_SYNTHETIC_0025
RANDOM_LP_06_SYNTHETIC_STU04730,RANDOM_LP_06_SYNTHETIC_0231
RANDOM_LP_06_SYNTHETIC_STU04730,RANDOM_LP_06_SYNTHETIC_0243
RANDOM_LP_06_SYNTHETIC_STU04730,RANDOM_LP_06_SYNTHETIC_0326
RANDOM_LP_06_SYNTHETIC_STU04730,RANDOM_LP_06_SYNTHETIC_0357
RANDOM_LP_06_SYNTHETIC_STU04731,RANDOM_LP_06_SYNTHETIC_0113
RANDOM_LP_06_SYNTHETIC_STU04731,RANDOM_LP_06_SYNTHETIC_0137
RANDOM_LP_06_SYNTHETIC_STU04731,RANDOM_LP_06_SYNTHETIC_0231
RANDOM_LP_06_SYNTHETIC_STU04731,RANDOM_LP_06_SYNTHETIC_0240
RANDOM_LP_06_SYNTHETIC_STU04731,RANDOM_LP_06_SYNTHETIC_0346
RANDOM_LP_06_SYNTHETIC_STU04731,RANDOM_LP_06_SYNTHETIC_0389
RANDOM_LP_06_SYNTHETIC_STU04731,RANDOM_LP_06_SYNTHETIC_0427
RANDOM_LP_06_SYNTHETIC_STU04731,RANDOM_LP_06_SYNTHETIC_0449
RANDOM_LP_06_SYNTHETIC_STU04732,RANDOM_LP_06_SYNTHETIC_0110
RANDOM_LP_06_SYNTHETIC_STU04732,RANDOM_LP_06_SYNTHETIC_0376
RANDOM_LP_06_SYNTHETIC_STU04733,RANDOM_LP_06_SYNTHETIC_0021
RANDOM_LP_06_SYNTHETIC_STU04733,RANDOM_LP_06_SYNTHETIC_0107
RANDOM_LP_06_SYNTHETIC_STU04733,RANDOM_LP_06_SYNTHETIC_0140
RANDOM_LP_06_SYNTHETIC_STU04733,RANDOM_LP_06_SYNTHETIC_0175
RANDOM_LP_06_SYNTHETIC_STU04733,RANDOM_LP_06_SYNTHETIC_0380
RANDOM_LP_06_SYNTHETIC_STU04733,RANDOM_LP_06_SYNTHETIC_0459
RANDOM_LP_06_SYNTHETIC_STU04734,RANDOM_LP_06_SYNTHETIC_0037
RANDOM_LP_06_SYNTHETIC_STU04734,RANDOM_LP_06_SYNTHETIC_0320
RANDOM_LP_06_SYNTHETIC_STU04734,RANDOM_LP_06_SYNTHETIC_0490
RANDOM_LP_06_SYNTHETIC_STU04735,RANDOM_LP_06_SYNTHETIC_0002
RANDOM_LP_06_SYNTHETIC_STU04735,RANDOM_LP_06_SYNTHETIC_0143
RANDOM_LP_06_SYNTHETIC_STU04735,RANDOM_LP_06_SYNTHETIC_0325
RANDOM_LP_06_SYNTHETIC_STU04735,RANDOM_LP_06_SYNTHETIC_0445
RANDOM_LP_06_SYNTHETIC_STU04736,RANDOM_LP_06_SYNTHETIC_0074
RANDOM_LP_06_SYNTHETIC_STU04736,RANDOM_LP_06_SYNTHETIC_0111
RANDOM_LP_06_SYNTHETIC_STU04736,RANDOM_LP_06_SYNTHETIC_0240
RANDOM_LP_06_SYNTHETIC_STU04736,RANDOM_LP_06_SYNTHETIC_0415
RANDOM_LP_06_SYNTHETIC_STU04737,RANDOM_LP_06_SYNTHETIC_0162
RANDOM_LP_06_SYNTHETIC_STU04737,RANDOM_LP_06_SYNTHETIC_0275
RANDOM_LP_06_SYNTHETIC_STU04738,RANDOM_LP_06_SYNTHETIC_0085
RANDOM_LP_06_SYNTHETIC_STU04738,RANDOM_LP_06_SYNTHETIC_0121
RANDOM_LP_06_SYNTHETIC_STU04738,RANDOM_LP_06_SYNTHETIC_0186
RANDOM_LP_06_SYNTHETIC_STU04738,RANDOM_LP_06_SYNTHETIC_0319
RANDOM_LP_06_SYNTHETIC_STU04738,RANDOM_LP_06_SYNTHETIC_0492
RANDOM_LP_06_SYNTHETIC_STU04739,RANDOM_LP_06_SYNTHETIC_0254
RANDOM_LP_06_SYNTHETIC_STU04739,RANDOM_LP_06_SYNTHETIC_0297
RANDOM_LP_06_SYNTHETIC_STU04740,RANDOM_LP_06_SYNTHETIC_0028
RANDOM_LP_06_SYNTHETIC_STU04740,RANDOM_LP_06_SYNTHETIC_0124
RANDOM_LP_06_SYNTHETIC_STU04740,RANDOM_LP_06_SYNTHETIC_0303
RANDOM_LP_06_SYNTHETIC_STU04740,RANDOM_LP_06_SYNTHETIC_0410
RANDOM_LP_06_SYNTHETIC_STU04740,RANDOM_LP_06_SYNTHETIC_0441
RANDOM_LP_06_SYNTHETIC_STU04741,RANDOM_LP_06_SYNTHETIC_0361
RANDOM_LP_06_SYNTHETIC_STU04741,RANDOM_LP_06_SYNTHETIC_0494
RANDOM_LP_06_SYNTHETIC_STU04742,RANDOM_LP_06_SYNTHETIC_0296
RANDOM_LP_06_SYNTHETIC_STU04742,RANDOM_LP_06_SYNTHETIC_0441
RANDOM_LP_06_SYNTHETIC_STU04743,RANDOM_LP_06_SYNTHETIC_0407
RANDOM_LP_06_SYNTHETIC_STU04744,RANDOM_LP_06_SYNTHETIC_0072
RANDOM_LP_06_SYNTHETIC_STU04744,RANDOM_LP_06_SYNTHETIC_0258
RANDOM_LP_06_SYNTHETIC_STU04745,RANDOM_LP_06_SYNTHETIC_0208
RANDOM_LP_06_SYNTHETIC_STU04745,RANDOM_LP_06_SYNTHETIC_0253
RANDOM_LP_06_SYNTHETIC_STU04745,RANDOM_LP_06_SYNTHETIC_0420
RANDOM_LP_06_SYNTHETIC_STU04746,RANDOM_LP_06_SYNTHETIC_0038
RANDOM_LP_06_SYNTHETIC_STU04746,RANDOM_LP_06_SYNTHETIC_0361
RANDOM_LP_06_SYNTHETIC_STU04747,RANDOM_LP_06_SYNTHETIC_0158
RANDOM_LP_06_SYNTHETIC_STU04747,RANDOM_LP_06_SYNTHETIC_0262
RANDOM_LP_06_SYNTHETIC_STU04748,RANDOM_LP_06_SYNTHETIC_0148
RANDOM_LP_06_SYNTHETIC_STU04748,RANDOM_LP_06_SYNTHETIC_0157
RANDOM_LP_06_SYNTHETIC_STU04748,RANDOM_LP_06_SYNTHETIC_0184
RANDOM_LP_06_SYNTHETIC_STU04748,RANDOM_LP_06_SYNTHETIC_0208
RANDOM_LP_06_SYNTHETIC_STU04748,RANDOM_LP_06_SYNTHETIC_0209
RANDOM_LP_06_SYNTHETIC_STU04748,RANDOM_LP_06_SYNTHETIC_0233
RANDOM_LP_06_SYNTHETIC_STU04748,RANDOM_LP_06_SYNTHETIC_0287
RANDOM_LP_06_SYNTHETIC_STU04749,RANDOM_LP_06_SYNTHETIC_0131
RANDOM_LP_06_SYNTHETIC_STU04749,RANDOM_LP_06_SYNTHETIC_0368
RANDOM_LP_06_SYNTHETIC_STU04749,RANDOM_LP_06_SYNTHETIC_0460
RANDOM_LP_06_SYNTHETIC_STU04750,RANDOM_LP_06_SYNTHETIC_0152
RANDOM_LP_06_SYNTHETIC_STU04750,RANDOM_LP_06_SYNTHETIC_0224
RANDOM_LP_06_SYNTHETIC_STU04750,RANDOM_LP_06_SYNTHETIC_0312
RANDOM_LP_06_SYNTHETIC_STU04751,RANDOM_LP_06_SYNTHETIC_0109
RANDOM_LP_06_SYNTHETIC_STU04751,RANDOM_LP_06_SYNTHETIC_0431
RANDOM_LP_06_SYNTHETIC_STU04751,RANDOM_LP_06_SYNTHETIC_0487
RANDOM_LP_06_SYNTHETIC_STU04752,RANDOM_LP_06_SYNTHETIC_0112
RANDOM_LP_06_SYNTHETIC_STU04752,RANDOM_LP_06_SYNTHETIC_0240
RANDOM_LP_06_SYNTHETIC_STU04752,RANDOM_LP_06_SYNTHETIC_0277
RANDOM_LP_06_SYNTHETIC_STU04752,RANDOM_LP_06_SYNTHETIC_0414
RANDOM_LP_06_SYNTHETIC_STU04752,RANDOM_LP_06_SYNTHETIC_0418
RANDOM_LP_06_SYNTHETIC_STU04752,RANDOM_LP_06_SYNTHETIC_0436
RANDOM_LP_06_SYNTHETIC_STU04752,RANDOM_LP_06_SYNTHETIC_0444
RANDOM_LP_06_SYNTHETIC_STU04753,RANDOM_LP_06_SYNTHETIC_0217
RANDOM_LP_06_SYNTHETIC_STU04753,RANDOM_LP_06_SYNTHETIC_0318
RANDOM_LP_06_SYNTHETIC_STU04753,RANDOM_LP_06_SYNTHETIC_0380
RANDOM_LP_06_SYNTHETIC_STU04754,RANDOM_LP_06_SYNTHETIC_0240
RANDOM_LP_06_SYNTHETIC_STU04754,RANDOM_LP_06_SYNTHETIC_0463
RANDOM_LP_06_SYNTHETIC_STU04755,RANDOM_LP_06_SYNTHETIC_0093
RANDOM_LP_06_SYNTHETIC_STU04755,RANDOM_LP_06_SYNTHETIC_0100
RANDOM_LP_06_SYNTHETIC_STU04755,RANDOM_LP_06_SYNTHETIC_0140
RANDOM_LP_06_SYNTHETIC_STU04756,RANDOM_LP_06_SYNTHETIC_0167
RANDOM_LP_06_SYNTHETIC_STU04756,RANDOM_LP_06_SYNTHETIC_0292
RANDOM_LP_06_SYNTHETIC_STU04756,RANDOM_LP_06_SYNTHETIC_0422
RANDOM_LP_06_SYNTHETIC_STU04756,RANDOM_LP_06_SYNTHETIC_0435
RANDOM_LP_06_SYNTHETIC_STU04757,RANDOM_LP_06_SYNTHETIC_0013
RANDOM_LP_06_SYNTHETIC_STU04757,RANDOM_LP_06_SYNTHETIC_0037
RANDOM_LP_06_SYNTHETIC_STU04757,RANDOM_LP_06_SYNTHETIC_0322
RANDOM_LP_06_SYNTHETIC_STU04758,RANDOM_LP_06_SYNTHETIC_0146
RANDOM_LP_06_SYNTHETIC_STU04758,RANDOM_LP_06_SYNTHETIC_0296
RANDOM_LP_06_SYNTHETIC_STU04758,RANDOM_LP_06_SYNTHETIC_0391
RANDOM_LP_06_SYNTHETIC_STU04759,RANDOM_LP_06_SYNTHETIC_0121
RANDOM_LP_06_SYNTHETIC_STU04759,RANDOM_LP_06_SYNTHETIC_0327
RANDOM_LP_06_SYNTHETIC_STU04759,RANDOM_LP_06_SYNTHETIC_0395
RANDOM_LP_06_SYNTHETIC_STU04760,RANDOM_LP_06_SYNTHETIC_0208
RANDOM_LP_06_SYNTHETIC_STU04760,RANDOM_LP_06_SYNTHETIC_0422
RANDOM_LP_06_SYNTHETIC_STU04761,RANDOM_LP_06_SYNTHETIC_0039
RANDOM_LP_06_SYNTHETIC_STU04761,RANDOM_LP_06_SYNTHETIC_0316
RANDOM_LP_06_SYNTHETIC_STU04762,RANDOM_LP_06_SYNTHETIC_0044
RANDOM_LP_06_SYNTHETIC_STU04762,RANDOM_LP_06_SYNTHETIC_0053
RANDOM_LP_06_SYNTHETIC_STU04762,RANDOM_LP_06_SYNTHETIC_0149
RANDOM_LP_06_SYNTHETIC_STU04762,RANDOM_LP_06_SYNTHETIC_0325
RANDOM_LP_06_SYNTHETIC_STU04763,RANDOM_LP_06_SYNTHETIC_0094
RANDOM_LP_06_SYNTHETIC_STU04763,RANDOM_LP_06_SYNTHETIC_0377
RANDOM_LP_06_SYNTHETIC_STU04764,RANDOM_LP_06_SYNTHETIC_0410
RANDOM_LP_06_SYNTHETIC_STU04765,RANDOM_LP_06_SYNTHETIC_0028
RANDOM_LP_06_SYNTHETIC_STU04766,RANDOM_LP_06_SYNTHETIC_0039
RANDOM_LP_06_SYNTHETIC_STU04766,RANDOM_LP_06_SYNTHETIC_0310
RANDOM_LP_06_SYNTHETIC_STU04767,RANDOM_LP_06_SYNTHETIC_0101
RANDOM_LP_06_SYNTHETIC_STU04767,RANDOM_LP_06_SYNTHETIC_0152
RANDOM_LP_06_SYNTHETIC_STU04767,RANDOM_LP_06_SYNTHETIC_0376
RANDOM_LP_06_SYNTHETIC_STU04767,RANDOM_LP_06_SYNTHETIC_0453
RANDOM_LP_06_SYNTHETIC_STU04768,RANDOM_LP_06_SYNTHETIC_0028
RANDOM_LP_06_SYNTHETIC_STU04768,RANDOM_LP_06_SYNTHETIC_0203
RANDOM_LP_06_SYNTHETIC_STU04768,RANDOM_LP_06_SYNTHETIC_0259
RANDOM_LP_06_SYNTHETIC_STU04768,RANDOM_LP_06_SYNTHETIC_0268
RANDOM_LP_06_SYNTHETIC_STU04769,RANDOM_LP_06_SYNTHETIC_0040
RANDOM_LP_06_SYNTHETIC_STU04769,RANDOM_LP_06_SYNTHETIC_0239
RANDOM_LP_06_SYNTHETIC_STU04769,RANDOM_LP_06_SYNTHETIC_0404
RANDOM_LP_06_SYNTHETIC_STU04770,RANDOM_LP_06_SYNTHETIC_0388
RANDOM_LP_06_SYNTHETIC_STU04770,RANDOM_LP_06_SYNTHETIC_0472
RANDOM_LP_06_SYNTHETIC_STU04771,RANDOM_LP_06_SYNTHETIC_0009
RANDOM_LP_06_SYNTHETIC_STU04771,RANDOM_LP_06_SYNTHETIC_0203
RANDOM_LP_06_SYNTHETIC_STU04771,RANDOM_LP_06_SYNTHETIC_0324
RANDOM_LP_06_SYNTHETIC_STU04771,RANDOM_LP_06_SYNTHETIC_0416
RANDOM_LP_06_SYNTHETIC_STU04772,RANDOM_LP_06_SYNTHETIC_0328
RANDOM_LP_06_SYNTHETIC_STU04773,RANDOM_LP_06_SYNTHETIC_0016
RANDOM_LP_06_SYNTHETIC_STU04773,RANDOM_LP_06_SYNTHETIC_0040
RANDOM_LP_06_SYNTHETIC_STU04773,RANDOM_LP_06_SYNTHETIC_0109
RANDOM_LP_06_SYNTHETIC_STU04773,RANDOM_LP_06_SYNTHETIC_0423
RANDOM_LP_06_SYNTHETIC_STU04774,RANDOM_LP_06_SYNTHETIC_0057
RANDOM_LP_06_SYNTHETIC_STU04774,RANDOM_LP_06_SYNTHETIC_0133
RANDOM_LP_06_SYNTHETIC_STU04774,RANDOM_LP_06_SYNTHETIC_0168
RANDOM_LP_06_SYNTHETIC_STU04775,RANDOM_LP_06_SYNTHETIC_0006
RANDOM_LP_06_SYNTHETIC_STU04775,RANDOM_LP_06_SYNTHETIC_0013
RANDOM_LP_06_SYNTHETIC_STU04775,RANDOM_LP_06_SYNTHETIC_0047
RANDOM_LP_06_SYNTHETIC_STU04775,RANDOM_LP_06_SYNTHETIC_0125
RANDOM_LP_06_SYNTHETIC_STU04775,RANDOM_LP_06_SYNTHETIC_0135
RANDOM_LP_06_SYNTHETIC_STU04775,RANDOM_LP_06_SYNTHETIC_0237
RANDOM_LP_06_SYNTHETIC_STU04775,RANDOM_LP_06_SYNTHETIC_0328
RANDOM_LP_06_SYNTHETIC_STU04775,RANDOM_LP_06_SYNTHETIC_0406
RANDOM_LP_06_SYNTHETIC_STU04776,RANDOM_LP_06_SYNTHETIC_0217
RANDOM_LP_06_SYNTHETIC_STU04776,RANDOM_LP_06_SYNTHETIC_0374
RANDOM_LP_06_SYNTHETIC_STU04777,RANDOM_LP_06_SYNTHETIC_0083
RANDOM_LP_06_SYNTHETIC_STU04777,RANDOM_LP_06_SYNTHETIC_0303
RANDOM_LP_06_SYNTHETIC_STU04777,RANDOM_LP_06_SYNTHETIC_0393
RANDOM_LP_06_SYNTHETIC_STU04777,RANDOM_LP_06_SYNTHETIC_0410
RANDOM_LP_06_SYNTHETIC_STU04778,RANDOM_LP_06_SYNTHETIC_0363
RANDOM_LP_06_SYNTHETIC_STU04778,RANDOM_LP_06_SYNTHETIC_0380
RANDOM_LP_06_SYNTHETIC_STU04778,RANDOM_LP_06_SYNTHETIC_0408
RANDOM_LP_06_SYNTHETIC_STU04779,RANDOM_LP_06_SYNTHETIC_0167
RANDOM_LP_06_SYNTHETIC_STU04779,RANDOM_LP_06_SYNTHETIC_0473
RANDOM_LP_06_SYNTHETIC_STU04780,RANDOM_LP_06_SYNTHETIC_0178
RANDOM_LP_06_SYNTHETIC_STU04780,RANDOM_LP_06_SYNTHETIC_0339
RANDOM_LP_06_SYNTHETIC_STU04781,RANDOM_LP_06_SYNTHETIC_0146
RANDOM_LP_06_SYNTHETIC_STU04781,RANDOM_LP_06_SYNTHETIC_0178
RANDOM_LP_06_SYNTHETIC_STU04781,RANDOM_LP_06_SYNTHETIC_0191
RANDOM_LP_06_SYNTHETIC_STU04781,RANDOM_LP_06_SYNTHETIC_0398
RANDOM_LP_06_SYNTHETIC_STU04781,RANDOM_LP_06_SYNTHETIC_0423
RANDOM_LP_06_SYNTHETIC_STU04782,RANDOM_LP_06_SYNTHETIC_0152
RANDOM_LP_06_SYNTHETIC_STU04782,RANDOM_LP_06_SYNTHETIC_0473
RANDOM_LP_06_SYNTHETIC_STU04783,RANDOM_LP_06_SYNTHETIC_0150
RANDOM_LP_06_SYNTHETIC_STU04784,RANDOM_LP_06_SYNTHETIC_0005
RANDOM_LP_06_SYNTHETIC_STU04784,RANDOM_LP_06_SYNTHETIC_0050
RANDOM_LP_06_SYNTHETIC_STU04784,RANDOM_LP_06_SYNTHETIC_0397
RANDOM_LP_06_SYNTHETIC_STU04785,RANDOM_LP_06_SYNTHETIC_0114
RANDOM_LP_06_SYNTHETIC_STU04786,RANDOM_LP_06_SYNTHETIC_0054
RANDOM_LP_06_SYNTHETIC_STU04786,RANDOM_LP_06_SYNTHETIC_0135
RANDOM_LP_06_SYNTHETIC_STU04786,RANDOM_LP_06_SYNTHETIC_0217
RANDOM_LP_06_SYNTHETIC_STU04786,RANDOM_LP_06_SYNTHETIC_0324
RANDOM_LP_06_SYNTHETIC_STU04786,RANDOM_LP_06_SYNTHETIC_0412
RANDOM_LP_06_SYNTHETIC_STU04786,RANDOM_LP_06_SYNTHETIC_0454
RANDOM_LP_06_SYNTHETIC_STU04787,RANDOM_LP_06_SYNTHETIC_0232
RANDOM_LP_06_SYNTHETIC_STU04787,RANDOM_LP_06_SYNTHETIC_0423
RANDOM_LP_06_SYNTHETIC_STU04788,RANDOM_LP_06_SYNTHETIC_0271
RANDOM_LP_06_SYNTHETIC_STU04788,RANDOM_LP_06_SYNTHETIC_0485
RANDOM_LP_06_SYNTHETIC_STU04789,RANDOM_LP_06_SYNTHETIC_0196
RANDOM_LP_06_SYNTHETIC_STU04789,RANDOM_LP_06_SYNTHETIC_0201
RANDOM_LP_06_SYNTHETIC_STU04790,RANDOM_LP_06_SYNTHETIC_0496
RANDOM_LP_06_SYNTHETIC_STU04791,RANDOM_LP_06_SYNTHETIC_0477
RANDOM_LP_06_SYNTHETIC_STU04791,RANDOM_LP_06_SYNTHETIC_0480
RANDOM_LP_06_SYNTHETIC_STU04792,RANDOM_LP_06_SYNTHETIC_0079
RANDOM_LP_06_SYNTHETIC_STU04792,RANDOM_LP_06_SYNTHETIC_0210
RANDOM_LP_06_SYNTHETIC_STU04792,RANDOM_LP_06_SYNTHETIC_0227
RANDOM_LP_06_SYNTHETIC_STU04792,RANDOM_LP_06_SYNTHETIC_0342
RANDOM_LP_06_SYNTHETIC_STU04792,RANDOM_LP_06_SYNTHETIC_0452
RANDOM_LP_06_SYNTHETIC_STU04793,RANDOM_LP_06_SYNTHETIC_0028
RANDOM_LP_06_SYNTHETIC_STU04793,RANDOM_LP_06_SYNTHETIC_0285
RANDOM_LP_06_SYNTHETIC_STU04793,RANDOM_LP_06_SYNTHETIC_0327
RANDOM_LP_06_SYNTHETIC_STU04794,RANDOM_LP_06_SYNTHETIC_0265
RANDOM_LP_06_SYNTHETIC_STU04794,RANDOM_LP_06_SYNTHETIC_0290
RANDOM_LP_06_SYNTHETIC_STU04794,RANDOM_LP_06_SYNTHETIC_0320
RANDOM_LP_06_SYNTHETIC_STU04795,RANDOM_LP_06_SYNTHETIC_0070
RANDOM_LP_06_SYNTHETIC_STU04795,RANDOM_LP_06_SYNTHETIC_0297
RANDOM_LP_06_SYNTHETIC_STU04796,RANDOM_LP_06_SYNTHETIC_0330
RANDOM_LP_06_SYNTHETIC_STU04796,RANDOM_LP_06_SYNTHETIC_0379
RANDOM_LP_06_SYNTHETIC_STU04796,RANDOM_LP_06_SYNTHETIC_0423
RANDOM_LP_06_SYNTHETIC_STU04796,RANDOM_LP_06_SYNTHETIC_0449
RANDOM_LP_06_SYNTHETIC_STU04797,RANDOM_LP_06_SYNTHETIC_0143
RANDOM_LP_06_SYNTHETIC_STU04797,RANDOM_LP_06_SYNTHETIC_0442
RANDOM_LP_06_SYNTHETIC_STU04797,RANDOM_LP_06_SYNTHETIC_0482
RANDOM_LP_06_SYNTHETIC_STU04798,RANDOM_LP_06_SYNTHETIC_0161
RANDOM_LP_06_SYNTHETIC_STU04798,RANDOM_LP_06_SYNTHETIC_0474
RANDOM_LP_06_SYNTHETIC_STU04799,RANDOM_LP_06_SYNTHETIC_0117
RANDOM_LP_06_SYNTHETIC_STU04799,RANDOM_LP_06_SYNTHETIC_0129
RANDOM_LP_06_SYNTHETIC_STU04799,RANDOM_LP_06_SYNTHETIC_0164
RANDOM_LP_06_SYNTHETIC_STU04799,RANDOM_LP_06_SYNTHETIC_0328
RANDOM_LP_06_SYNTHETIC_STU04800,RANDOM_LP_06_SYNTHETIC_0167
RANDOM_LP_06_SYNTHETIC_STU04800,RANDOM_LP_06_SYNTHETIC_0181
RANDOM_LP_06_SYNTHETIC_STU04800,RANDOM_LP_06_SYNTHETIC_0473
RANDOM_LP_06_SYNTHETIC_STU04801,RANDOM_LP_06_SYNTHETIC_0268
RANDOM_LP_06_SYNTHETIC_STU04801,RANDOM_LP_06_SYNTHETIC_0314
RANDOM_LP_06_SYNTHETIC_STU04801,RANDOM_LP_06_SYNTHETIC_0372
RANDOM_LP_06_SYNTHETIC_STU04802,RANDOM_LP_06_SYNTHETIC_0038
RANDOM_LP_06_SYNTHETIC_STU04802,RANDOM_LP_06_SYNTHETIC_0407
RANDOM_LP_06_SYNTHETIC_STU04803,RANDOM_LP_06_SYNTHETIC_0418
RANDOM_LP_06_SYNTHETIC_STU04803,RANDOM_LP_06_SYNTHETIC_0489
RANDOM_LP_06_SYNTHETIC_STU04804,RANDOM_LP_06_SYNTHETIC_0296
RANDOM_LP_06_SYNTHETIC_STU04804,RANDOM_LP_06_SYNTHETIC_0319
RANDOM_LP_06_SYNTHETIC_STU04804,RANDOM_LP_06_SYNTHETIC_0326
RANDOM_LP_06_SYNTHETIC_STU04804,RANDOM_LP_06_SYNTHETIC_0483
RANDOM_LP_06_SYNTHETIC_STU04805,RANDOM_LP_06_SYNTHETIC_0122
RANDOM_LP_06_SYNTHETIC_STU04805,RANDOM_LP_06_SYNTHETIC_0148
RANDOM_LP_06_SYNTHETIC_STU04806,RANDOM_LP_06_SYNTHETIC_0040
RANDOM_LP_06_SYNTHETIC_STU04806,RANDOM_LP_06_SYNTHETIC_0240
RANDOM_LP_06_SYNTHETIC_STU04806,RANDOM_LP_06_SYNTHETIC_0281
RANDOM_LP_06_SYNTHETIC_STU04807,RANDOM_LP_06_SYNTHETIC_0079
RANDOM_LP_06_SYNTHETIC_STU04807,RANDOM_LP_06_SYNTHETIC_0184
RANDOM_LP_06_SYNTHETIC_STU04807,RANDOM_LP_06_SYNTHETIC_0211
RANDOM_LP_06_SYNTHETIC_STU04807,RANDOM_LP_06_SYNTHETIC_0293
RANDOM_LP_06_SYNTHETIC_STU04808,RANDOM_LP_06_SYNTHETIC_0010
RANDOM_LP_06_SYNTHETIC_STU04808,RANDOM_LP_06_SYNTHETIC_0392
RANDOM_LP_06_SYNTHETIC_STU04809,RANDOM_LP_06_SYNTHETIC_0116
RANDOM_LP_06_SYNTHETIC_STU04809,RANDOM_LP_06_SYNTHETIC_0182
RANDOM_LP_06_SYNTHETIC_STU04809,RANDOM_LP_06_SYNTHETIC_0422
RANDOM_LP_06_SYNTHETIC_STU04810,RANDOM_LP_06_SYNTHETIC_0016
RANDOM_LP_06_SYNTHETIC_STU04810,RANDOM_LP_06_SYNTHETIC_0340
RANDOM_LP_06_SYNTHETIC_STU04810,RANDOM_LP_06_SYNTHETIC_0361
RANDOM_LP_06_SYNTHETIC_STU04810,RANDOM_LP_06_SYNTHETIC_0365
RANDOM_LP_06_SYNTHETIC_STU04810,RANDOM_LP_06_SYNTHETIC_0385
RANDOM_LP_06_SYNTHETIC_STU04810,RANDOM_LP_06_SYNTHETIC_0479
RANDOM_LP_06_SYNTHETIC_STU04811,RANDOM_LP_06_SYNTHETIC_0164
RANDOM_LP_06_SYNTHETIC_STU04811,RANDOM_LP_06_SYNTHETIC_0239
RANDOM_LP_06_SYNTHETIC_STU04811,RANDOM_LP_06_SYNTHETIC_0409
RANDOM_LP_06_SYNTHETIC_STU04812,RANDOM_LP_06_SYNTHETIC_0022
RANDOM_LP_06_SYNTHETIC_STU04813,RANDOM_LP_06_SYNTHETIC_0023
RANDOM_LP_06_SYNTHETIC_STU04813,RANDOM_LP_06_SYNTHETIC_0308
RANDOM_LP_06_SYNTHETIC_STU04813,RANDOM_LP_06_SYNTHETIC_0357
RANDOM_LP_06_SYNTHETIC_STU04813,RANDOM_LP_06_SYNTHETIC_0368
RANDOM_LP_06_SYNTHETIC_STU04814,RANDOM_LP_06_SYNTHETIC_0500
RANDOM_LP_06_SYNTHETIC_STU04815,RANDOM_LP_06_SYNTHETIC_0061
RANDOM_LP_06_SYNTHETIC_STU04815,RANDOM_LP_06_SYNTHETIC_0374
RANDOM_LP_06_SYNTHETIC_STU04816,RANDOM_LP_06_SYNTHETIC_0165
RANDOM_LP_06_SYNTHETIC_STU04816,RANDOM_LP_06_SYNTHETIC_0310
RANDOM_LP_06_SYNTHETIC_STU04816,RANDOM_LP_06_SYNTHETIC_0326
RANDOM_LP_06_SYNTHETIC_STU04817,RANDOM_LP_06_SYNTHETIC_0472
RANDOM_LP_06_SYNTHETIC_STU04818,RANDOM_LP_06_SYNTHETIC_0043
RANDOM_LP_06_SYNTHETIC_STU04818,RANDOM_LP_06_SYNTHETIC_0100
RANDOM_LP_06_SYNTHETIC_STU04818,RANDOM_LP_06_SYNTHETIC_0122
RANDOM_LP_06_SYNTHETIC_STU04818,RANDOM_LP_06_SYNTHETIC_0448
RANDOM_LP_06_SYNTHETIC_STU04819,RANDOM_LP_06_SYNTHETIC_0101
RANDOM_LP_06_SYNTHETIC_STU04819,RANDOM_LP_06_SYNTHETIC_0131
RANDOM_LP_06_SYNTHETIC_STU04819,RANDOM_LP_06_SYNTHETIC_0372
RANDOM_LP_06_SYNTHETIC_STU04820,RANDOM_LP_06_SYNTHETIC_0024
RANDOM_LP_06_SYNTHETIC_STU04820,RANDOM_LP_06_SYNTHETIC_0181
RANDOM_LP_06_SYNTHETIC_STU04820,RANDOM_LP_06_SYNTHETIC_0328
RANDOM_LP_06_SYNTHETIC_STU04821,RANDOM_LP_06_SYNTHETIC_0054
RANDOM_LP_06_SYNTHETIC_STU04821,RANDOM_LP_06_SYNTHETIC_0235
RANDOM_LP_06_SYNTHETIC_STU04821,RANDOM_LP_06_SYNTHETIC_0441
RANDOM_LP_06_SYNTHETIC_STU04821,RANDOM_LP_06_SYNTHETIC_0446
RANDOM_LP_06_SYNTHETIC_STU04822,RANDOM_LP_06_SYNTHETIC_0040
RANDOM_LP_06_SYNTHETIC_STU04822,RANDOM_LP_06_SYNTHETIC_0079
RANDOM_LP_06_SYNTHETIC_STU04822,RANDOM_LP_06_SYNTHETIC_0099
RANDOM_LP_06_SYNTHETIC_STU04822,RANDOM_LP_06_SYNTHETIC_0324
RANDOM_LP_06_SYNTHETIC_STU04822,RANDOM_LP_06_SYNTHETIC_0331
RANDOM_LP_06_SYNTHETIC_STU04823,RANDOM_LP_06_SYNTHETIC_0251
RANDOM_LP_06_SYNTHETIC_STU04823,RANDOM_LP_06_SYNTHETIC_0274
RANDOM_LP_06_SYNTHETIC_STU04823,RANDOM_LP_06_SYNTHETIC_0430
RANDOM_LP_06_SYNTHETIC_STU04823,RANDOM_LP_06_SYNTHETIC_0450
RANDOM_LP_06_SYNTHETIC_STU04823,RANDOM_LP_06_SYNTHETIC_0480
RANDOM_LP_06_SYNTHETIC_STU04824,RANDOM_LP_06_SYNTHETIC_0172
RANDOM_LP_06_SYNTHETIC_STU04824,RANDOM_LP_06_SYNTHETIC_0241
RANDOM_LP_06_SYNTHETIC_STU04824,RANDOM_LP_06_SYNTHETIC_0348
RANDOM_LP_06_SYNTHETIC_STU04824,RANDOM_LP_06_SYNTHETIC_0418
RANDOM_LP_06_SYNTHETIC_STU04824,RANDOM_LP_06_SYNTHETIC_0458
RANDOM_LP_06_SYNTHETIC_STU04824,RANDOM_LP_06_SYNTHETIC_0496
RANDOM_LP_06_SYNTHETIC_STU04825,RANDOM_LP_06_SYNTHETIC_0255
RANDOM_LP_06_SYNTHETIC_STU04826,RANDOM_LP_06_SYNTHETIC_0068
RANDOM_LP_06_SYNTHETIC_STU04827,RANDOM_LP_06_SYNTHETIC_0092
RANDOM_LP_06_SYNTHETIC_STU04827,RANDOM_LP_06_SYNTHETIC_0470
RANDOM_LP_06_SYNTHETIC_STU04827,RANDOM_LP_06_SYNTHETIC_0475
RANDOM_LP_06_SYNTHETIC_STU04828,RANDOM_LP_06_SYNTHETIC_0483
RANDOM_LP_06_SYNTHETIC_STU04829,RANDOM_LP_06_SYNTHETIC_0112
RANDOM_LP_06_SYNTHETIC_STU04829,RANDOM_LP_06_SYNTHETIC_0265
RANDOM_LP_06_SYNTHETIC_STU04829,RANDOM_LP_06_SYNTHETIC_0287
RANDOM_LP_06_SYNTHETIC_STU04829,RANDOM_LP_06_SYNTHETIC_0299
RANDOM_LP_06_SYNTHETIC_STU04829,RANDOM_LP_06_SYNTHETIC_0327
RANDOM_LP_06_SYNTHETIC_STU04830,RANDOM_LP_06_SYNTHETIC_0214
RANDOM_LP_06_SYNTHETIC_STU04831,RANDOM_LP_06_SYNTHETIC_0122
RANDOM_LP_06_SYNTHETIC_STU04831,RANDOM_LP_06_SYNTHETIC_0195
RANDOM_LP_06_SYNTHETIC_STU04831,RANDOM_LP_06_SYNTHETIC_0206
RANDOM_LP_06_SYNTHETIC_STU04831,RANDOM_LP_06_SYNTHETIC_0271
RANDOM_LP_06_SYNTHETIC_STU04831,RANDOM_LP_06_SYNTHETIC_0288
RANDOM_LP_06_SYNTHETIC_STU04831,RANDOM_LP_06_SYNTHETIC_0321
RANDOM_LP_06_SYNTHETIC_STU04832,RANDOM_LP_06_SYNTHETIC_0244
RANDOM_LP_06_SYNTHETIC_STU04832,RANDOM_LP_06_SYNTHETIC_0247
RANDOM_LP_06_SYNTHETIC_STU04833,RANDOM_LP_06_SYNTHETIC_0303
RANDOM_LP_06_SYNTHETIC_STU04833,RANDOM_LP_06_SYNTHETIC_0409
RANDOM_LP_06_SYNTHETIC_STU04834,RANDOM_LP_06_SYNTHETIC_0035
RANDOM_LP_06_SYNTHETIC_STU04834,RANDOM_LP_06_SYNTHETIC_0068
RANDOM_LP_06_SYNTHETIC_STU04834,RANDOM_LP_06_SYNTHETIC_0449
RANDOM_LP_06_SYNTHETIC_STU04835,RANDOM_LP_06_SYNTHETIC_0040
RANDOM_LP_06_SYNTHETIC_STU04835,RANDOM_LP_06_SYNTHETIC_0198
RANDOM_LP_06_SYNTHETIC_STU04835,RANDOM_LP_06_SYNTHETIC_0222
RANDOM_LP_06_SYNTHETIC_STU04835,RANDOM_LP_06_SYNTHETIC_0328
RANDOM_LP_06_SYNTHETIC_STU04835,RANDOM_LP_06_SYNTHETIC_0414
RANDOM_LP_06_SYNTHETIC_STU04836,RANDOM_LP_06_SYNTHETIC_0054
RANDOM_LP_06_SYNTHETIC_STU04836,RANDOM_LP_06_SYNTHETIC_0164
RANDOM_LP_06_SYNTHETIC_STU04837,RANDOM_LP_06_SYNTHETIC_0118
RANDOM_LP_06_SYNTHETIC_STU04837,RANDOM_LP_06_SYNTHETIC_0475
RANDOM_LP_06_SYNTHETIC_STU04838,RANDOM_LP_06_SYNTHETIC_0019
RANDOM_LP_06_SYNTHETIC_STU04838,RANDOM_LP_06_SYNTHETIC_0300
RANDOM_LP_06_SYNTHETIC_STU04838,RANDOM_LP_06_SYNTHETIC_0393
RANDOM_LP_06_SYNTHETIC_STU04838,RANDOM_LP_06_SYNTHETIC_0478
RANDOM_LP_06_SYNTHETIC_STU04839,RANDOM_LP_06_SYNTHETIC_0330
RANDOM_LP_06_SYNTHETIC_STU04839,RANDOM_LP_06_SYNTHETIC_0466
RANDOM_LP_06_SYNTHETIC_STU04840,RANDOM_LP_06_SYNTHETIC_0109
RANDOM_LP_06_SYNTHETIC_STU04840,RANDOM_LP_06_SYNTHETIC_0146
RANDOM_LP_06_SYNTHETIC_STU04840,RANDOM_LP_06_SYNTHETIC_0386
RANDOM_LP_06_SYNTHETIC_STU04840,RANDOM_LP_06_SYNTHETIC_0391
RANDOM_LP_06_SYNTHETIC_STU04841,RANDOM_LP_06_SYNTHETIC_0290
RANDOM_LP_06_SYNTHETIC_STU04841,RANDOM_LP_06_SYNTHETIC_0424
RANDOM_LP_06_SYNTHETIC_STU04841,RANDOM_LP_06_SYNTHETIC_0449
RANDOM_LP_06_SYNTHETIC_STU04842,RANDOM_LP_06_SYNTHETIC_0111
RANDOM_LP_06_SYNTHETIC_STU04842,RANDOM_LP_06_SYNTHETIC_0353
RANDOM_LP_06_SYNTHETIC_STU04843,RANDOM_LP_06_SYNTHETIC_0192
RANDOM_LP_06_SYNTHETIC_STU04843,RANDOM_LP_06_SYNTHETIC_0218
RANDOM_LP_06_SYNTHETIC_STU04843,RANDOM_LP_06_SYNTHETIC_0319
RANDOM_LP_06_SYNTHETIC_STU04843,RANDOM_LP_06_SYNTHETIC_0361
RANDOM_LP_06_SYNTHETIC_STU04843,RANDOM_LP_06_SYNTHETIC_0396
RANDOM_LP_06_SYNTHETIC_STU04844,RANDOM_LP_06_SYNTHETIC_0375
RANDOM_LP_06_SYNTHETIC_STU04844,RANDOM_LP_06_SYNTHETIC_0461
RANDOM_LP_06_SYNTHETIC_STU04844,RANDOM_LP_06_SYNTHETIC_0482
RANDOM_LP_06_SYNTHETIC_STU04845,RANDOM_LP_06_SYNTHETIC_0035
RANDOM_LP_06_SYNTHETIC_STU04845,RANDOM_LP_06_SYNTHETIC_0274
RANDOM_LP_06_SYNTHETIC_STU04845,RANDOM_LP_06_SYNTHETIC_0411
RANDOM_LP_06_SYNTHETIC_STU04846,RANDOM_LP_06_SYNTHETIC_0069
RANDOM_LP_06_SYNTHETIC_STU04846,RANDOM_LP_06_SYNTHETIC_0211
RANDOM_LP_06_SYNTHETIC_STU04847,RANDOM_LP_06_SYNTHETIC_0081
RANDOM_LP_06_SYNTHETIC_STU04847,RANDOM_LP_06_SYNTHETIC_0383
RANDOM_LP_06_SYNTHETIC_STU04847,RANDOM_LP_06_SYNTHETIC_0445
RANDOM_LP_06_SYNTHETIC_STU04848,RANDOM_LP_06_SYNTHETIC_0079
RANDOM_LP_06_SYNTHETIC_STU04848,RANDOM_LP_06_SYNTHETIC_0123
RANDOM_LP_06_SYNTHETIC_STU04848,RANDOM_LP_06_SYNTHETIC_0269
RANDOM_LP_06_SYNTHETIC_STU04848,RANDOM_LP_06_SYNTHETIC_0427
RANDOM_LP_06_SYNTHETIC_STU04848,RANDOM_LP_06_SYNTHETIC_0453
RANDOM_LP_06_SYNTHETIC_STU04849,RANDOM_LP_06_SYNTHETIC_0013
RANDOM_LP_06_SYNTHETIC_STU04849,RANDOM_LP_06_SYNTHETIC_0049
RANDOM_LP_06_SYNTHETIC_STU04849,RANDOM_LP_06_SYNTHETIC_0126
RANDOM_LP_06_SYNTHETIC_STU04849,RANDOM_LP_06_SYNTHETIC_0268
RANDOM_LP_06_SYNTHETIC_STU04850,RANDOM_LP_06_SYNTHETIC_0164
RANDOM_LP_06_SYNTHETIC_STU04850,RANDOM_LP_06_SYNTHETIC_0301
RANDOM_LP_06_SYNTHETIC_STU04851,RANDOM_LP_06_SYNTHETIC_0083
RANDOM_LP_06_SYNTHETIC_STU04851,RANDOM_LP_06_SYNTHETIC_0153
RANDOM_LP_06_SYNTHETIC_STU04851,RANDOM_LP_06_SYNTHETIC_0263
RANDOM_LP_06_SYNTHETIC_STU04851,RANDOM_LP_06_SYNTHETIC_0323
RANDOM_LP_06_SYNTHETIC_STU04852,RANDOM_LP_06_SYNTHETIC_0196
RANDOM_LP_06_SYNTHETIC_STU04852,RANDOM_LP_06_SYNTHETIC_0371
RANDOM_LP_06_SYNTHETIC_STU04852,RANDOM_LP_06_SYNTHETIC_0431
RANDOM_LP_06_SYNTHETIC_STU04852,RANDOM_LP_06_SYNTHETIC_0466
RANDOM_LP_06_SYNTHETIC_STU04853,RANDOM_LP_06_SYNTHETIC_0134
RANDOM_LP_06_SYNTHETIC_STU04853,RANDOM_LP_06_SYNTHETIC_0165
RANDOM_LP_06_SYNTHETIC_STU04853,RANDOM_LP_06_SYNTHETIC_0178
RANDOM_LP_06_SYNTHETIC_STU04853,RANDOM_LP_06_SYNTHETIC_0299
RANDOM_LP_06_SYNTHETIC_STU04854,RANDOM_LP_06_SYNTHETIC_0158
RANDOM_LP_06_SYNTHETIC_STU04854,RANDOM_LP_06_SYNTHETIC_0374
RANDOM_LP_06_SYNTHETIC_STU04855,RANDOM_LP_06_SYNTHETIC_0040
RANDOM_LP_06_SYNTHETIC_STU04855,RANDOM_LP_06_SYNTHETIC_0078
RANDOM_LP_06_SYNTHETIC_STU04855,RANDOM_LP_06_SYNTHETIC_0244
RANDOM_LP_06_SYNTHETIC_STU04855,RANDOM_LP_06_SYNTHETIC_0344
RANDOM_LP_06_SYNTHETIC_STU04855,RANDOM_LP_06_SYNTHETIC_0436
RANDOM_LP_06_SYNTHETIC_STU04856,RANDOM_LP_06_SYNTHETIC_0350
RANDOM_LP_06_SYNTHETIC_STU04856,RANDOM_LP_06_SYNTHETIC_0431
RANDOM_LP_06_SYNTHETIC_STU04857,RANDOM_LP_06_SYNTHETIC_0453
RANDOM_LP_06_SYNTHETIC_STU04857,RANDOM_LP_06_SYNTHETIC_0470
RANDOM_LP_06_SYNTHETIC_STU04858,RANDOM_LP_06_SYNTHETIC_0379
RANDOM_LP_06_SYNTHETIC_STU04858,RANDOM_LP_06_SYNTHETIC_0382
RANDOM_LP_06_SYNTHETIC_STU04858,RANDOM_LP_06_SYNTHETIC_0411
RANDOM_LP_06_SYNTHETIC_STU04859,RANDOM_LP_06_SYNTHETIC_0050
RANDOM_LP_06_SYNTHETIC_STU04859,RANDOM_LP_06_SYNTHETIC_0321
RANDOM_LP_06_SYNTHETIC_STU04860,RANDOM_LP_06_SYNTHETIC_0213
RANDOM_LP_06_SYNTHETIC_STU04860,RANDOM_LP_06_SYNTHETIC_0361
RANDOM_LP_06_SYNTHETIC_STU04860,RANDOM_LP_06_SYNTHETIC_0408
RANDOM_LP_06_SYNTHETIC_STU04861,RANDOM_LP_06_SYNTHETIC_0258
RANDOM_LP_06_SYNTHETIC_STU04861,RANDOM_LP_06_SYNTHETIC_0359
RANDOM_LP_06_SYNTHETIC_STU04861,RANDOM_LP_06_SYNTHETIC_0475
RANDOM_LP_06_SYNTHETIC_STU04862,RANDOM_LP_06_SYNTHETIC_0196
RANDOM_LP_06_SYNTHETIC_STU04862,RANDOM_LP_06_SYNTHETIC_0259
RANDOM_LP_06_SYNTHETIC_STU04862,RANDOM_LP_06_SYNTHETIC_0355
RANDOM_LP_06_SYNTHETIC_STU04863,RANDOM_LP_06_SYNTHETIC_0026
RANDOM_LP_06_SYNTHETIC_STU04863,RANDOM_LP_06_SYNTHETIC_0079
RANDOM_LP_06_SYNTHETIC_STU04863,RANDOM_LP_06_SYNTHETIC_0125
RANDOM_LP_06_SYNTHETIC_STU04864,RANDOM_LP_06_SYNTHETIC_0253
RANDOM_LP_06_SYNTHETIC_STU04864,RANDOM_LP_06_SYNTHETIC_0377
RANDOM_LP_06_SYNTHETIC_STU04865,RANDOM_LP_06_SYNTHETIC_0355
RANDOM_LP_06_SYNTHETIC_STU04865,RANDOM_LP_06_SYNTHETIC_0425
RANDOM_LP_06_SYNTHETIC_STU04866,RANDOM_LP_06_SYNTHETIC_0012
RANDOM_LP_06_SYNTHETIC_STU04866,RANDOM_LP_06_SYNTHETIC_0483
RANDOM_LP_06_SYNTHETIC_STU04867,RANDOM_LP_06_SYNTHETIC_0023
RANDOM_LP_06_SYNTHETIC_STU04867,RANDOM_LP_06_SYNTHETIC_0169
RANDOM_LP_06_SYNTHETIC_STU04867,RANDOM_LP_06_SYNTHETIC_0476
RANDOM_LP_06_SYNTHETIC_STU04868,RANDOM_LP_06_SYNTHETIC_0373
RANDOM_LP_06_SYNTHETIC_STU04869,RANDOM_LP_06_SYNTHETIC_0069
RANDOM_LP_06_SYNTHETIC_STU04869,RANDOM_LP_06_SYNTHETIC_0127
RANDOM_LP_06_SYNTHETIC_STU04869,RANDOM_LP_06_SYNTHETIC_0266
RANDOM_LP_06_SYNTHETIC_STU04869,RANDOM_LP_06_SYNTHETIC_0297
RANDOM_LP_06_SYNTHETIC_STU04869,RANDOM_LP_06_SYNTHETIC_0356
RANDOM_LP_06_SYNTHETIC_STU04869,RANDOM_LP_06_SYNTHETIC_0382
RANDOM_LP_06_SYNTHETIC_STU04870,RANDOM_LP_06_SYNTHETIC_0193
RANDOM_LP_06_SYNTHETIC_STU04870,RANDOM_LP_06_SYNTHETIC_0260
RANDOM_LP_06_SYNTHETIC_STU04870,RANDOM_LP_06_SYNTHETIC_0498
RANDOM_LP_06_SYNTHETIC_STU04871,RANDOM_LP_06_SYNTHETIC_0004
RANDOM_LP_06_SYNTHETIC_STU04871,RANDOM_LP_06_SYNTHETIC_0460
RANDOM_LP_06_SYNTHETIC_STU04871,RANDOM_LP_06_SYNTHETIC_0472
RANDOM_LP_06_SYNTHETIC_STU04872,RANDOM_LP_06_SYNTHETIC_0016
RANDOM_LP_06_SYNTHETIC_STU04872,RANDOM_LP_06_SYNTHETIC_0199
RANDOM_LP_06_SYNTHETIC_STU04872,RANDOM_LP_06_SYNTHETIC_0287
RANDOM_LP_06_SYNTHETIC_STU04872,RANDOM_LP_06_SYNTHETIC_0298
RANDOM_LP_06_SYNTHETIC_STU04873,RANDOM_LP_06_SYNTHETIC_0138
RANDOM_LP_06_SYNTHETIC_STU04873,RANDOM_LP_06_SYNTHETIC_0152
RANDOM_LP_06_SYNTHETIC_STU04873,RANDOM_LP_06_SYNTHETIC_0203
RANDOM_LP_06_SYNTHETIC_STU04873,RANDOM_LP_06_SYNTHETIC_0353
RANDOM_LP_06_SYNTHETIC_STU04873,RANDOM_LP_06_SYNTHETIC_0386
RANDOM_LP_06_SYNTHETIC_STU04874,RANDOM_LP_06_SYNTHETIC_0240
RANDOM_LP_06_SYNTHETIC_STU04874,RANDOM_LP_06_SYNTHETIC_0276
RANDOM_LP_06_SYNTHETIC_STU04874,RANDOM_LP_06_SYNTHETIC_0389
RANDOM_LP_06_SYNTHETIC_STU04875,RANDOM_LP_06_SYNTHETIC_0010
RANDOM_LP_06_SYNTHETIC_STU04875,RANDOM_LP_06_SYNTHETIC_0090
RANDOM_LP_06_SYNTHETIC_STU04875,RANDOM_LP_06_SYNTHETIC_0180
RANDOM_LP_06_SYNTHETIC_STU04876,RANDOM_LP_06_SYNTHETIC_0178
RANDOM_LP_06_SYNTHETIC_STU04877,RANDOM_LP_06_SYNTHETIC_0079
RANDOM_LP_06_SYNTHETIC_STU04877,RANDOM_LP_06_SYNTHETIC_0271
RANDOM_LP_06_SYNTHETIC_STU04877,RANDOM_LP_06_SYNTHETIC_0372
RANDOM_LP_06_SYNTHETIC_STU04877,RANDOM_LP_06_SYNTHETIC_0494
RANDOM_LP_06_SYNTHETIC_STU04878,RANDOM_LP_06_SYNTHETIC_0009
RANDOM_LP_06_SYNTHETIC_STU04878,RANDOM_LP_06_SYNTHETIC_0312
RANDOM_LP_06_SYNTHETIC_STU04878,RANDOM_LP_06_SYNTHETIC_0351
RANDOM_LP_06_SYNTHETIC_STU04879,RANDOM_LP_06_SYNTHETIC_0149
RANDOM_LP_06_SYNTHETIC_STU04879,RANDOM_LP_06_SYNTHETIC_0176
RANDOM_LP_06_SYNTHETIC_STU04879,RANDOM_LP_06_SYNTHETIC_0248
RANDOM_LP_06_SYNTHETIC_STU04879,RANDOM_LP_06_SYNTHETIC_0316
RANDOM_LP_06_SYNTHETIC_STU04879,RANDOM_LP_06_SYNTHETIC_0445
RANDOM_LP_06_SYNTHETIC_STU04880,RANDOM_LP_06_SYNTHETIC_0029
RANDOM_LP_06_SYNTHETIC_STU04881,RANDOM_LP_06_SYNTHETIC_0184
RANDOM_LP_06_SYNTHETIC_STU04881,RANDOM_LP_06_SYNTHETIC_0206
RANDOM_LP_06_SYNTHETIC_STU04881,RANDOM_LP_06_SYNTHETIC_0390
RANDOM_LP_06_SYNTHETIC_STU04882,RANDOM_LP_06_SYNTHETIC_0105
RANDOM_LP_06_SYNTHETIC_STU04883,RANDOM_LP_06_SYNTHETIC_0028
RANDOM_LP_06_SYNTHETIC_STU04883,RANDOM_LP_06_SYNTHETIC_0229
RANDOM_LP_06_SYNTHETIC_STU04883,RANDOM_LP_06_SYNTHETIC_0435
RANDOM_LP_06_SYNTHETIC_STU04883,RANDOM_LP_06_SYNTHETIC_0436
RANDOM_LP_06_SYNTHETIC_STU04883,RANDOM_LP_06_SYNTHETIC_0461
RANDOM_LP_06_SYNTHETIC_STU04884,RANDOM_LP_06_SYNTHETIC_0047
RANDOM_LP_06_SYNTHETIC_STU04884,RANDOM_LP_06_SYNTHETIC_0307
RANDOM_LP_06_SYNTHETIC_STU04885,RANDOM_LP_06_SYNTHETIC_0316
RANDOM_LP_06_SYNTHETIC_STU04886,RANDOM_LP_06_SYNTHETIC_0324
RANDOM_LP_06_SYNTHETIC_STU04886,RANDOM_LP_06_SYNTHETIC_0423
RANDOM_LP_06_SYNTHETIC_STU04887,RANDOM_LP_06_SYNTHETIC_0201
RANDOM_LP_06_SYNTHETIC_STU04887,RANDOM_LP_06_SYNTHETIC_0383
RANDOM_LP_06_SYNTHETIC_STU04888,RANDOM_LP_06_SYNTHETIC_0064
RANDOM_LP_06_SYNTHETIC_STU04888,RANDOM_LP_06_SYNTHETIC_0114
RANDOM_LP_06_SYNTHETIC_STU04888,RANDOM_LP_06_SYNTHETIC_0242
RANDOM_LP_06_SYNTHETIC_STU04888,RANDOM_LP_06_SYNTHETIC_0416
RANDOM_LP_06_SYNTHETIC_STU04888,RANDOM_LP_06_SYNTHETIC_0453
RANDOM_LP_06_SYNTHETIC_STU04889,RANDOM_LP_06_SYNTHETIC_0180
RANDOM_LP_06_SYNTHETIC_STU04889,RANDOM_LP_06_SYNTHETIC_0492
RANDOM_LP_06_SYNTHETIC_STU04890,RANDOM_LP_06_SYNTHETIC_0285
RANDOM_LP_06_SYNTHETIC_STU04890,RANDOM_LP_06_SYNTHETIC_0380
RANDOM_LP_06_SYNTHETIC_STU04890,RANDOM_LP_06_SYNTHETIC_0441
RANDOM_LP_06_SYNTHETIC_STU04890,RANDOM_LP_06_SYNTHETIC_0494
RANDOM_LP_06_SYNTHETIC_STU04891,RANDOM_LP_06_SYNTHETIC_0016
RANDOM_LP_06_SYNTHETIC_STU04891,RANDOM_LP_06_SYNTHETIC_0361
RANDOM_LP_06_SYNTHETIC_STU04891,RANDOM_LP_06_SYNTHETIC_0499
RANDOM_LP_06_SYNTHETIC_STU04892,RANDOM_LP_06_SYNTHETIC_0003
RANDOM_LP_06_SYNTHETIC_STU04892,RANDOM_LP_06_SYNTHETIC_0025
RANDOM_LP_06_SYNTHETIC_STU04892,RANDOM_LP_06_SYNTHETIC_0275
RANDOM_LP_06_SYNTHETIC_STU04892,RANDOM_LP_06_SYNTHETIC_0317
RANDOM_LP_06_SYNTHETIC_STU04892,RANDOM_LP_06_SYNTHETIC_0368
RANDOM_LP_06_SYNTHETIC_STU04892,RANDOM_LP_06_SYNTHETIC_0434
RANDOM_LP_06_SYNTHETIC_STU04893,RANDOM_LP_06_SYNTHETIC_0041
RANDOM_LP_06_SYNTHETIC_STU04893,RANDOM_LP_06_SYNTHETIC_0302
RANDOM_LP_06_SYNTHETIC_STU04894,RANDOM_LP_06_SYNTHETIC_0031
RANDOM_LP_06_SYNTHETIC_STU04894,RANDOM_LP_06_SYNTHETIC_0227
RANDOM_LP_06_SYNTHETIC_STU04894,RANDOM_LP_06_SYNTHETIC_0246
RANDOM_LP_06_SYNTHETIC_STU04894,RANDOM_LP_06_SYNTHETIC_0388
RANDOM_LP_06_SYNTHETIC_STU04894,RANDOM_LP_06_SYNTHETIC_0420
RANDOM_LP_06_SYNTHETIC_STU04895,RANDOM_LP_06_SYNTHETIC_0028
RANDOM_LP_06_SYNTHETIC_STU04895,RANDOM_LP_06_SYNTHETIC_0203
RANDOM_LP_06_SYNTHETIC_STU04895,RANDOM_LP_06_SYNTHETIC_0304
RANDOM_LP_06_SYNTHETIC_STU04896,RANDOM_LP_06_SYNTHETIC_0165
RANDOM_LP_06_SYNTHETIC_STU04896,RANDOM_LP_06_SYNTHETIC_0278
RANDOM_LP_06_SYNTHETIC_STU04897,RANDOM_LP_06_SYNTHETIC_0225
RANDOM_LP_06_SYNTHETIC_STU04897,RANDOM_LP_06_SYNTHETIC_0443
RANDOM_LP_06_SYNTHETIC_STU04898,RANDOM_LP_06_SYNTHETIC_0072
RANDOM_LP_06_SYNTHETIC_STU04899,RANDOM_LP_06_SYNTHETIC_0330
RANDOM_LP_06_SYNTHETIC_STU04899,RANDOM_LP_06_SYNTHETIC_0349
RANDOM_LP_06_SYNTHETIC_STU04900,RANDOM_LP_06_SYNTHETIC_0163
RANDOM_LP_06_SYNTHETIC_STU04900,RANDOM_LP_06_SYNTHETIC_0173
RANDOM_LP_06_SYNTHETIC_STU04900,RANDOM_LP_06_SYNTHETIC_0470
RANDOM_LP_06_SYNTHETIC_STU04900,RANDOM_LP_06_SYNTHETIC_0487
RANDOM_LP_06_SYNTHETIC_STU04901,RANDOM_LP_06_SYNTHETIC_0413
RANDOM_LP_06_SYNTHETIC_STU04902,RANDOM_LP_06_SYNTHETIC_0343
RANDOM_LP_06_SYNTHETIC_STU04902,RANDOM_LP_06_SYNTHETIC_0404
RANDOM_LP_06_SYNTHETIC_STU04903,RANDOM_LP_06_SYNTHETIC_0258
RANDOM_LP_06_SYNTHETIC_STU04904,RANDOM_LP_06_SYNTHETIC_0126
RANDOM_LP_06_SYNTHETIC_STU04905,RANDOM_LP_06_SYNTHETIC_0140
RANDOM_LP_06_SYNTHETIC_STU04905,RANDOM_LP_06_SYNTHETIC_0367
RANDOM_LP_06_SYNTHETIC_STU04906,RANDOM_LP_06_SYNTHETIC_0021
RANDOM_LP_06_SYNTHETIC_STU04906,RANDOM_LP_06_SYNTHETIC_0034
RANDOM_LP_06_SYNTHETIC_STU04906,RANDOM_LP_06_SYNTHETIC_0119
RANDOM_LP_06_SYNTHETIC_STU04907,RANDOM_LP_06_SYNTHETIC_0137
RANDOM_LP_06_SYNTHETIC_STU04907,RANDOM_LP_06_SYNTHETIC_0260
RANDOM_LP_06_SYNTHETIC_STU04908,RANDOM_LP_06_SYNTHETIC_0145
RANDOM_LP_06_SYNTHETIC_STU04908,RANDOM_LP_06_SYNTHETIC_0178
RANDOM_LP_06_SYNTHETIC_STU04909,RANDOM_LP_06_SYNTHETIC_0203
RANDOM_LP_06_SYNTHETIC_STU04909,RANDOM_LP_06_SYNTHETIC_0345
RANDOM_LP_06_SYNTHETIC_STU04910,RANDOM_LP_06_SYNTHETIC_0201
RANDOM_LP_06_SYNTHETIC_STU04910,RANDOM_LP_06_SYNTHETIC_0281
RANDOM_LP_06_SYNTHETIC_STU04911,RANDOM_LP_06_SYNTHETIC_0118
RANDOM_LP_06_SYNTHETIC_STU04911,RANDOM_LP_06_SYNTHETIC_0280
RANDOM_LP_06_SYNTHETIC_STU04911,RANDOM_LP_06_SYNTHETIC_0288
RANDOM_LP_06_SYNTHETIC_STU04911,RANDOM_LP_06_SYNTHETIC_0386
RANDOM_LP_06_SYNTHETIC_STU04911,RANDOM_LP_06_SYNTHETIC_0446
RANDOM_LP_06_SYNTHETIC_STU04912,RANDOM_LP_06_SYNTHETIC_0036
RANDOM_LP_06_SYNTHETIC_STU04913,RANDOM_LP_06_SYNTHETIC_0049
RANDOM_LP_06_SYNTHETIC_STU04913,RANDOM_LP_06_SYNTHETIC_0261
RANDOM_LP_06_SYNTHETIC_STU04913,RANDOM_LP_06_SYNTHETIC_0497
RANDOM_LP_06_SYNTHETIC_STU04914,RANDOM_LP_06_SYNTHETIC_0078
RANDOM_LP_06_SYNTHETIC_STU04914,RANDOM_LP_06_SYNTHETIC_0232
RANDOM_LP_06_SYNTHETIC_STU04915,RANDOM_LP_06_SYNTHETIC_0143
RANDOM_LP_06_SYNTHETIC_STU04916,RANDOM_LP_06_SYNTHETIC_0364
RANDOM_LP_06_SYNTHETIC_STU04917,RANDOM_LP_06_SYNTHETIC_0073
RANDOM_LP_06_SYNTHETIC_STU04917,RANDOM_LP_06_SYNTHETIC_0101
RANDOM_LP_06_SYNTHETIC_STU04917,RANDOM_LP_06_SYNTHETIC_0116
RANDOM_LP_06_SYNTHETIC_STU04917,RANDOM_LP_06_SYNTHETIC_0128
RANDOM_LP_06_SYNTHETIC_STU04917,RANDOM_LP_06_SYNTHETIC_0262
RANDOM_LP_06_SYNTHETIC_STU04918,RANDOM_LP_06_SYNTHETIC_0114
RANDOM_LP_06_SYNTHETIC_STU04918,RANDOM_LP_06_SYNTHETIC_0231
RANDOM_LP_06_SYNTHETIC_STU04918,RANDOM_LP_06_SYNTHETIC_0282
RANDOM_LP_06_SYNTHETIC_STU04919,RANDOM_LP_06_SYNTHETIC_0029
RANDOM_LP_06_SYNTHETIC_STU04919,RANDOM_LP_06_SYNTHETIC_0306
RANDOM_LP_06_SYNTHETIC_STU04920,RANDOM_LP_06_SYNTHETIC_0172
RANDOM_LP_06_SYNTHETIC_STU04920,RANDOM_LP_06_SYNTHETIC_0457
RANDOM_LP_06_SYNTHETIC_STU04921,RANDOM_LP_06_SYNTHETIC_0122
RANDOM_LP_06_SYNTHETIC_STU04921,RANDOM_LP_06_SYNTHETIC_0304
RANDOM_LP_06_SYNTHETIC_STU04921,RANDOM_LP_06_SYNTHETIC_0382
RANDOM_LP_06_SYNTHETIC_STU04922,RANDOM_LP_06_SYNTHETIC_0062
RANDOM_LP_06_SYNTHETIC_STU04922,RANDOM_LP_06_SYNTHETIC_0164
RANDOM_LP_06_SYNTHETIC_STU04922,RANDOM_LP_06_SYNTHETIC_0183
RANDOM_LP_06_SYNTHETIC_STU04922,RANDOM_LP_06_SYNTHETIC_0293
RANDOM_LP_06_SYNTHETIC_STU04922,RANDOM_LP_06_SYNTHETIC_0337
RANDOM_LP_06_SYNTHETIC_STU04923,RANDOM_LP_06_SYNTHETIC_0311
RANDOM_LP_06_SYNTHETIC_STU04924,RANDOM_LP_06_SYNTHETIC_0302
RANDOM_LP_06_SYNTHETIC_STU04925,RANDOM_LP_06_SYNTHETIC_0034
RANDOM_LP_06_SYNTHETIC_STU04925,RANDOM_LP_06_SYNTHETIC_0079
RANDOM_LP_06_SYNTHETIC_STU04925,RANDOM_LP_06_SYNTHETIC_0215
RANDOM_LP_06_SYNTHETIC_STU04926,RANDOM_LP_06_SYNTHETIC_0146
RANDOM_LP_06_SYNTHETIC_STU04926,RANDOM_LP_06_SYNTHETIC_0179
RANDOM_LP_06_SYNTHETIC_STU04927,RANDOM_LP_06_SYNTHETIC_0158
RANDOM_LP_06_SYNTHETIC_STU04927,RANDOM_LP_06_SYNTHETIC_0237
RANDOM_LP_06_SYNTHETIC_STU04928,RANDOM_LP_06_SYNTHETIC_0074
RANDOM_LP_06_SYNTHETIC_STU04928,RANDOM_LP_06_SYNTHETIC_0335
RANDOM_LP_06_SYNTHETIC_STU04928,RANDOM_LP_06_SYNTHETIC_0394
RANDOM_LP_06_SYNTHETIC_STU04928,RANDOM_LP_06_SYNTHETIC_0410
RANDOM_LP_06_SYNTHETIC_STU04929,RANDOM_LP_06_SYNTHETIC_0012
RANDOM_LP_06_SYNTHETIC_STU04929,RANDOM_LP_06_SYNTHETIC_0281
RANDOM_LP_06_SYNTHETIC_STU04929,RANDOM_LP_06_SYNTHETIC_0398
RANDOM_LP_06_SYNTHETIC_STU04929,RANDOM_LP_06_SYNTHETIC_0423
RANDOM_LP_06_SYNTHETIC_STU04930,RANDOM_LP_06_SYNTHETIC_0410
RANDOM_LP_06_SYNTHETIC_STU04930,RANDOM_LP_06_SYNTHETIC_0443
RANDOM_LP_06_SYNTHETIC_STU04931,RANDOM_LP_06_SYNTHETIC_0043
RANDOM_LP_06_SYNTHETIC_STU04931,RANDOM_LP_06_SYNTHETIC_0069
RANDOM_LP_06_SYNTHETIC_STU04931,RANDOM_LP_06_SYNTHETIC_0272
RANDOM_LP_06_SYNTHETIC_STU04931,RANDOM_LP_06_SYNTHETIC_0324
RANDOM_LP_06_SYNTHETIC_STU04931,RANDOM_LP_06_SYNTHETIC_0488
RANDOM_LP_06_SYNTHETIC_STU04932,RANDOM_LP_06_SYNTHETIC_0079
RANDOM_LP_06_SYNTHETIC_STU04932,RANDOM_LP_06_SYNTHETIC_0133
RANDOM_LP_06_SYNTHETIC_STU04932,RANDOM_LP_06_SYNTHETIC_0186
RANDOM_LP_06_SYNTHETIC_STU04932,RANDOM_LP_06_SYNTHETIC_0320
RANDOM_LP_06_SYNTHETIC_STU04932,RANDOM_LP_06_SYNTHETIC_0340
RANDOM_LP_06_SYNTHETIC_STU04932,RANDOM_LP_06_SYNTHETIC_0357
RANDOM_LP_06_SYNTHETIC_STU04932,RANDOM_LP_06_SYNTHETIC_0452
RANDOM_LP_06_SYNTHETIC_STU04933,RANDOM_LP_06_SYNTHETIC_0192
RANDOM_LP_06_SYNTHETIC_STU04933,RANDOM_LP_06_SYNTHETIC_0462
RANDOM_LP_06_SYNTHETIC_STU04934,RANDOM_LP_06_SYNTHETIC_0259
RANDOM_LP_06_SYNTHETIC_STU04934,RANDOM_LP_06_SYNTHETIC_0292
RANDOM_LP_06_SYNTHETIC_STU04935,RANDOM_LP_06_SYNTHETIC_0016
RANDOM_LP_06_SYNTHETIC_STU04935,RANDOM_LP_06_SYNTHETIC_0210
RANDOM_LP_06_SYNTHETIC_STU04936,RANDOM_LP_06_SYNTHETIC_0028
RANDOM_LP_06_SYNTHETIC_STU04936,RANDOM_LP_06_SYNTHETIC_0235
RANDOM_LP_06_SYNTHETIC_STU04937,RANDOM_LP_06_SYNTHETIC_0006
RANDOM_LP_06_SYNTHETIC_STU04937,RANDOM_LP_06_SYNTHETIC_0180
RANDOM_LP_06_SYNTHETIC_STU04938,RANDOM_LP_06_SYNTHETIC_0196
RANDOM_LP_06_SYNTHETIC_STU04938,RANDOM_LP_06_SYNTHETIC_0391
RANDOM_LP_06_SYNTHETIC_STU04939,RANDOM_LP_06_SYNTHETIC_0206
RANDOM_LP_06_SYNTHETIC_STU04939,RANDOM_LP_06_SYNTHETIC_0320
RANDOM_LP_06_SYNTHETIC_STU04940,RANDOM_LP_06_SYNTHETIC_0009
RANDOM_LP_06_SYNTHETIC_STU04940,RANDOM_LP_06_SYNTHETIC_0068
RANDOM_LP_06_SYNTHETIC_STU04940,RANDOM_LP_06_SYNTHETIC_0148
RANDOM_LP_06_SYNTHETIC_STU04940,RANDOM_LP_06_SYNTHETIC_0302
RANDOM_LP_06_SYNTHETIC_STU04940,RANDOM_LP_06_SYNTHETIC_0398
RANDOM_LP_06_SYNTHETIC_STU04940,RANDOM_LP_06_SYNTHETIC_0433
RANDOM_LP_06_SYNTHETIC_STU04940,RANDOM_LP_06_SYNTHETIC_0470
RANDOM_LP_06_SYNTHETIC_STU04941,RANDOM_LP_06_SYNTHETIC_0028
RANDOM_LP_06_SYNTHETIC_STU04941,RANDOM_LP_06_SYNTHETIC_0126
RANDOM_LP_06_SYNTHETIC_STU04942,RANDOM_LP_06_SYNTHETIC_0289
RANDOM_LP_06_SYNTHETIC_STU04942,RANDOM_LP_06_SYNTHETIC_0341
RANDOM_LP_06_SYNTHETIC_STU04943,RANDOM_LP_06_SYNTHETIC_0084
RANDOM_LP_06_SYNTHETIC_STU04943,RANDOM_LP_06_SYNTHETIC_0433
RANDOM_LP_06_SYNTHETIC_STU04944,RANDOM_LP_06_SYNTHETIC_0296
RANDOM_LP_06_SYNTHETIC_STU04944,RANDOM_LP_06_SYNTHETIC_0352
RANDOM_LP_06_SYNTHETIC_STU04945,RANDOM_LP_06_SYNTHETIC_0286
RANDOM_LP_06_SYNTHETIC_STU04946,RANDOM_LP_06_SYNTHETIC_0063
RANDOM_LP_06_SYNTHETIC_STU04946,RANDOM_LP_06_SYNTHETIC_0145
RANDOM_LP_06_SYNTHETIC_STU04946,RANDOM_LP_06_SYNTHETIC_0202
RANDOM_LP_06_SYNTHETIC_STU04947,RANDOM_LP_06_SYNTHETIC_0165
RANDOM_LP_06_SYNTHETIC_STU04947,RANDOM_LP_06_SYNTHETIC_0329
RANDOM_LP_06_SYNTHETIC_STU04948,RANDOM_LP_06_SYNTHETIC_0160
RANDOM_LP_06_SYNTHETIC_STU04948,RANDOM_LP_06_SYNTHETIC_0473
RANDOM_LP_06_SYNTHETIC_STU04948,RANDOM_LP_06_SYNTHETIC_0480
RANDOM_LP_06_SYNTHETIC_STU04949,RANDOM_LP_06_SYNTHETIC_0301
RANDOM_LP_06_SYNTHETIC_STU04949,RANDOM_LP_06_SYNTHETIC_0324
RANDOM_LP_06_SYNTHETIC_STU04949,RANDOM_LP_06_SYNTHETIC_0327
RANDOM_LP_06_SYNTHETIC_STU04950,RANDOM_LP_06_SYNTHETIC_0248
RANDOM_LP_06_SYNTHETIC_STU04950,RANDOM_LP_06_SYNTHETIC_0454
RANDOM_LP_06_SYNTHETIC_STU04951,RANDOM_LP_06_SYNTHETIC_0091
RANDOM_LP_06_SYNTHETIC_STU04951,RANDOM_LP_06_SYNTHETIC_0202
RANDOM_LP_06_SYNTHETIC_STU04951,RANDOM_LP_06_SYNTHETIC_0375
RANDOM_LP_06_SYNTHETIC_STU04952,RANDOM_LP_06_SYNTHETIC_0186
RANDOM_LP_06_SYNTHETIC_STU04952,RANDOM_LP_06_SYNTHETIC_0298
RANDOM_LP_06_SYNTHETIC_STU04952,RANDOM_LP_06_SYNTHETIC_0346
RANDOM_LP_06_SYNTHETIC_STU04952,RANDOM_LP_06_SYNTHETIC_0463
RANDOM_LP_06_SYNTHETIC_STU04953,RANDOM_LP_06_SYNTHETIC_0267
RANDOM_LP_06_SYNTHETIC_STU04953,RANDOM_LP_06_SYNTHETIC_0422
RANDOM_LP_06_SYNTHETIC_STU04954,RANDOM_LP_06_SYNTHETIC_0363
RANDOM_LP_06_SYNTHETIC_STU04954,RANDOM_LP_06_SYNTHETIC_0465
RANDOM_LP_06_SYNTHETIC_STU04955,RANDOM_LP_06_SYNTHETIC_0040
RANDOM_LP_06_SYNTHETIC_STU04955,RANDOM_LP_06_SYNTHETIC_0180
RANDOM_LP_06_SYNTHETIC_STU04955,RANDOM_LP_06_SYNTHETIC_0292
RANDOM_LP_06_SYNTHETIC_STU04955,RANDOM_LP_06_SYNTHETIC_0389
RANDOM_LP_06_SYNTHETIC_STU04955,RANDOM_LP_06_SYNTHETIC_0422
RANDOM_LP_06_SYNTHETIC_STU04956,RANDOM_LP_06_SYNTHETIC_0013
RANDOM_LP_06_SYNTHETIC_STU04956,RANDOM_LP_06_SYNTHETIC_0188
RANDOM_LP_06_SYNTHETIC_STU04956,RANDOM_LP_06_SYNTHETIC_0483
RANDOM_LP_06_SYNTHETIC_STU04957,RANDOM_LP_06_SYNTHETIC_0057
RANDOM_LP_06_SYNTHETIC_STU04957,RANDOM_LP_06_SYNTHETIC_0281
RANDOM_LP_06_SYNTHETIC_STU04957,RANDOM_LP_06_SYNTHETIC_0459
RANDOM_LP_06_SYNTHETIC_STU04957,RANDOM_LP_06_SYNTHETIC_0495
RANDOM_LP_06_SYNTHETIC_STU04958,RANDOM_LP_06_SYNTHETIC_0027
RANDOM_LP_06_SYNTHETIC_STU04958,RANDOM_LP_06_SYNTHETIC_0042
RANDOM_LP_06_SYNTHETIC_STU04958,RANDOM_LP_06_SYNTHETIC_0105
RANDOM_LP_06_SYNTHETIC_STU04958,RANDOM_LP_06_SYNTHETIC_0122
RANDOM_LP_06_SYNTHETIC_STU04958,RANDOM_LP_06_SYNTHETIC_0137
RANDOM_LP_06_SYNTHETIC_STU04958,RANDOM_LP_06_SYNTHETIC_0248
RANDOM_LP_06_SYNTHETIC_STU04958,RANDOM_LP_06_SYNTHETIC_0397
RANDOM_LP_06_SYNTHETIC_STU04958,RANDOM_LP_06_SYNTHETIC_0441
RANDOM_LP_06_SYNTHETIC_STU04959,RANDOM_LP_06_SYNTHETIC_0031
RANDOM_LP_06_SYNTHETIC_STU04959,RANDOM_LP_06_SYNTHETIC_0128
RANDOM_LP_06_SYNTHETIC_STU04959,RANDOM_LP_06_SYNTHETIC_0288
RANDOM_LP_06_SYNTHETIC_STU04959,RANDOM_LP_06_SYNTHETIC_0404
RANDOM_LP_06_SYNTHETIC_STU04960,RANDOM_LP_06_SYNTHETIC_0165
RANDOM_LP_06_SYNTHETIC_STU04960,RANDOM_LP_06_SYNTHETIC_0178
RANDOM_LP_06_SYNTHETIC_STU04960,RANDOM_LP_06_SYNTHETIC_0355
RANDOM_LP_06_SYNTHETIC_STU04961,RANDOM_LP_06_SYNTHETIC_0155
RANDOM_LP_06_SYNTHETIC_STU04961,RANDOM_LP_06_SYNTHETIC_0206
RANDOM_LP_06_SYNTHETIC_STU04962,RANDOM_LP_06_SYNTHETIC_0272
RANDOM_LP_06_SYNTHETIC_STU04962,RANDOM_LP_06_SYNTHETIC_0417
RANDOM_LP_06_SYNTHETIC_STU04963,RANDOM_LP_06_SYNTHETIC_0002
RANDOM_LP_06_SYNTHETIC_STU04963,RANDOM_LP_06_SYNTHETIC_0219
RANDOM_LP_06_SYNTHETIC_STU04963,RANDOM_LP_06_SYNTHETIC_0321
RANDOM_LP_06_SYNTHETIC_STU04963,RANDOM_LP_06_SYNTHETIC_0380
RANDOM_LP_06_SYNTHETIC_STU04964,RANDOM_LP_06_SYNTHETIC_0200
RANDOM_LP_06_SYNTHETIC_STU04965,RANDOM_LP_06_SYNTHETIC_0029
RANDOM_LP_06_SYNTHETIC_STU04965,RANDOM_LP_06_SYNTHETIC_0047
RANDOM_LP_06_SYNTHETIC_STU04965,RANDOM_LP_06_SYNTHETIC_0240
RANDOM_LP_06_SYNTHETIC_STU04966,RANDOM_LP_06_SYNTHETIC_0060
RANDOM_LP_06_SYNTHETIC_STU04966,RANDOM_LP_06_SYNTHETIC_0107
RANDOM_LP_06_SYNTHETIC_STU04966,RANDOM_LP_06_SYNTHETIC_0122
RANDOM_LP_06_SYNTHETIC_STU04966,RANDOM_LP_06_SYNTHETIC_0373
RANDOM_LP_06_SYNTHETIC_STU04966,RANDOM_LP_06_SYNTHETIC_0460
RANDOM_LP_06_SYNTHETIC_STU04967,RANDOM_LP_06_SYNTHETIC_0107
RANDOM_LP_06_SYNTHETIC_STU04967,RANDOM_LP_06_SYNTHETIC_0118
RANDOM_LP_06_SYNTHETIC_STU04967,RANDOM_LP_06_SYNTHETIC_0130
RANDOM_LP_06_SYNTHETIC_STU04967,RANDOM_LP_06_SYNTHETIC_0172
RANDOM_LP_06_SYNTHETIC_STU04968,RANDOM_LP_06_SYNTHETIC_0127
RANDOM_LP_06_SYNTHETIC_STU04968,RANDOM_LP_06_SYNTHETIC_0277
RANDOM_LP_06_SYNTHETIC_STU04969,RANDOM_LP_06_SYNTHETIC_0059
RANDOM_LP_06_SYNTHETIC_STU04969,RANDOM_LP_06_SYNTHETIC_0264
RANDOM_LP_06_SYNTHETIC_STU04969,RANDOM_LP_06_SYNTHETIC_0326
RANDOM_LP_06_SYNTHETIC_STU04969,RANDOM_LP_06_SYNTHETIC_0371
RANDOM_LP_06_SYNTHETIC_STU04969,RANDOM_LP_06_SYNTHETIC_0383
RANDOM_LP_06_SYNTHETIC_STU04970,RANDOM_LP_06_SYNTHETIC_0031
RANDOM_LP_06_SYNTHETIC_STU04970,RANDOM_LP_06_SYNTHETIC_0153
RANDOM_LP_06_SYNTHETIC_STU04970,RANDOM_LP_06_SYNTHETIC_0400
RANDOM_LP_06_SYNTHETIC_STU04971,RANDOM_LP_06_SYNTHETIC_0041
RANDOM_LP_06_SYNTHETIC_STU04971,RANDOM_LP_06_SYNTHETIC_0078
RANDOM_LP_06_SYNTHETIC_STU04971,RANDOM_LP_06_SYNTHETIC_0339
RANDOM_LP_06_SYNTHETIC_STU04972,RANDOM_LP_06_SYNTHETIC_0232
RANDOM_LP_06_SYNTHETIC_STU04972,RANDOM_LP_06_SYNTHETIC_0308
RANDOM_LP_06_SYNTHETIC_STU04972,RANDOM_LP_06_SYNTHETIC_0487
RANDOM_LP_06_SYNTHETIC_STU04973,RANDOM_LP_06_SYNTHETIC_0016
RANDOM_LP_06_SYNTHETIC_STU04973,RANDOM_LP_06_SYNTHETIC_0320
RANDOM_LP_06_SYNTHETIC_STU04973,RANDOM_LP_06_SYNTHETIC_0357
RANDOM_LP_06_SYNTHETIC_STU04974,RANDOM_LP_06_SYNTHETIC_0481
RANDOM_LP_06_SYNTHETIC_STU04975,RANDOM_LP_06_SYNTHETIC_0122
RANDOM_LP_06_SYNTHETIC_STU04975,RANDOM_LP_06_SYNTHETIC_0233
RANDOM_LP_06_SYNTHETIC_STU04975,RANDOM_LP_06_SYNTHETIC_0350
RANDOM_LP_06_SYNTHETIC_STU04975,RANDOM_LP_06_SYNTHETIC_0489
RANDOM_LP_06_SYNTHETIC_STU04976,RANDOM_LP_06_SYNTHETIC_0152
RANDOM_LP_06_SYNTHETIC_STU04976,RANDOM_LP_06_SYNTHETIC_0265
RANDOM_LP_06_SYNTHETIC_STU04976,RANDOM_LP_06_SYNTHETIC_0282
RANDOM_LP_06_SYNTHETIC_STU04977,RANDOM_LP_06_SYNTHETIC_0003
RANDOM_LP_06_SYNTHETIC_STU04977,RANDOM_LP_06_SYNTHETIC_0079
RANDOM_LP_06_SYNTHETIC_STU04977,RANDOM_LP_06_SYNTHETIC_0152
RANDOM_LP_06_SYNTHETIC_STU04977,RANDOM_LP_06_SYNTHETIC_0421
RANDOM_LP_06_SYNTHETIC_STU04978,RANDOM_LP_06_SYNTHETIC_0044
RANDOM_LP_06_SYNTHETIC_STU04978,RANDOM_LP_06_SYNTHETIC_0158
RANDOM_LP_06_SYNTHETIC_STU04978,RANDOM_LP_06_SYNTHETIC_0171
RANDOM_LP_06_SYNTHETIC_STU04978,RANDOM_LP_06_SYNTHETIC_0218
RANDOM_LP_06_SYNTHETIC_STU04978,RANDOM_LP_06_SYNTHETIC_0303
RANDOM_LP_06_SYNTHETIC_STU04978,RANDOM_LP_06_SYNTHETIC_0418
RANDOM_LP_06_SYNTHETIC_STU04979,RANDOM_LP_06_SYNTHETIC_0034
RANDOM_LP_06_SYNTHETIC_STU04979,RANDOM_LP_06_SYNTHETIC_0080
RANDOM_LP_06_SYNTHETIC_STU04979,RANDOM_LP_06_SYNTHETIC_0094
RANDOM_LP_06_SYNTHETIC_STU04979,RANDOM_LP_06_SYNTHETIC_0229
RANDOM_LP_06_SYNTHETIC_STU04979,RANDOM_LP_06_SYNTHETIC_0418
RANDOM_LP_06_SYNTHETIC_STU04980,RANDOM_LP_06_SYNTHETIC_0205
RANDOM_LP_06_SYNTHETIC_STU04980,RANDOM_LP_06_SYNTHETIC_0410
RANDOM_LP_06_SYNTHETIC_STU04980,RANDOM_LP_06_SYNTHETIC_0422
RANDOM_LP_06_SYNTHETIC_STU04980,RANDOM_LP_06_SYNTHETIC_0485
RANDOM_LP_06_SYNTHETIC_STU04981,RANDOM_LP_06_SYNTHETIC_0007
RANDOM_LP_06_SYNTHETIC_STU04981,RANDOM_LP_06_SYNTHETIC_0060
RANDOM_LP_06_SYNTHETIC_STU04981,RANDOM_LP_06_SYNTHETIC_0158
RANDOM_LP_06_SYNTHETIC_STU04982,RANDOM_LP_06_SYNTHETIC_0081
RANDOM_LP_06_SYNTHETIC_STU04982,RANDOM_LP_06_SYNTHETIC_0435
RANDOM_LP_06_SYNTHETIC_STU04982,RANDOM_LP_06_SYNTHETIC_0489
RANDOM_LP_06_SYNTHETIC_STU04983,RANDOM_LP_06_SYNTHETIC_0041
RANDOM_LP_06_SYNTHETIC_STU04983,RANDOM_LP_06_SYNTHETIC_0151
RANDOM_LP_06_SYNTHETIC_STU04983,RANDOM_LP_06_SYNTHETIC_0288
RANDOM_LP_06_SYNTHETIC_STU04984,RANDOM_LP_06_SYNTHETIC_0079
RANDOM_LP_06_SYNTHETIC_STU04984,RANDOM_LP_06_SYNTHETIC_0337
RANDOM_LP_06_SYNTHETIC_STU04984,RANDOM_LP_06_SYNTHETIC_0410
RANDOM_LP_06_SYNTHETIC_STU04985,RANDOM_LP_06_SYNTHETIC_0267
RANDOM_LP_06_SYNTHETIC_STU04985,RANDOM_LP_06_SYNTHETIC_0319
RANDOM_LP_06_SYNTHETIC_STU04986,RANDOM_LP_06_SYNTHETIC_0379
RANDOM_LP_06_SYNTHETIC_STU04987,RANDOM_LP_06_SYNTHETIC_0140
RANDOM_LP_06_SYNTHETIC_STU04987,RANDOM_LP_06_SYNTHETIC_0161
RANDOM_LP_06_SYNTHETIC_STU04987,RANDOM_LP_06_SYNTHETIC_0365
RANDOM_LP_06_SYNTHETIC_STU04988,RANDOM_LP_06_SYNTHETIC_0383
RANDOM_LP_06_SYNTHETIC_STU04989,RANDOM_LP_06_SYNTHETIC_0137
RANDOM_LP_06_SYNTHETIC_STU04989,RANDOM_LP_06_SYNTHETIC_0327
RANDOM_LP_06_SYNTHETIC_STU04989,RANDOM_LP_06_SYNTHETIC_0375
RANDOM_LP_06_SYNTHETIC_STU04989,RANDOM_LP_06_SYNTHETIC_0454
RANDOM_LP_06_SYNTHETIC_STU04990,RANDOM_LP_06_SYNTHETIC_0002
RANDOM_LP_06_SYNTHETIC_STU04990,RANDOM_LP_06_SYNTHETIC_0046
RANDOM_LP_06_SYNTHETIC_STU04990,RANDOM_LP_06_SYNTHETIC_0316
RANDOM_LP_06_SYNTHETIC_STU04990,RANDOM_LP_06_SYNTHETIC_0324
RANDOM_LP_06_SYNTHETIC_STU04991,RANDOM_LP_06_SYNTHETIC_0261
RANDOM_LP_06_SYNTHETIC_STU04992,RANDOM_LP_06_SYNTHETIC_0028
RANDOM_LP_06_SYNTHETIC_STU04992,RANDOM_LP_06_SYNTHETIC_0353
RANDOM_LP_06_SYNTHETIC_STU04992,RANDOM_LP_06_SYNTHETIC_0404
RANDOM_LP_06_SYNTHETIC_STU04992,RANDOM_LP_06_SYNTHETIC_0465
RANDOM_LP_06_SYNTHETIC_STU04993,RANDOM_LP_06_SYNTHETIC_0061
RANDOM_LP_06_SYNTHETIC_STU04993,RANDOM_LP_06_SYNTHETIC_0122
RANDOM_LP_06_SYNTHETIC_STU04994,RANDOM_LP_06_SYNTHETIC_0062
RANDOM_LP_06_SYNTHETIC_STU04994,RANDOM_LP_06_SYNTHETIC_0386
RANDOM_LP_06_SYNTHETIC_STU04994,RANDOM_LP_06_SYNTHETIC_0449
RANDOM_LP_06_SYNTHETIC_STU04995,RANDOM_LP_06_SYNTHETIC_0195
RANDOM_LP_06_SYNTHETIC_STU04995,RANDOM_LP_06_SYNTHETIC_0361
RANDOM_LP_06_SYNTHETIC_STU04996,RANDOM_LP_06_SYNTHETIC_0452
RANDOM_LP_06_SYNTHETIC_STU04997,RANDOM_LP_06_SYNTHETIC_0248
RANDOM_LP_06_SYNTHETIC_STU04998,RANDOM_LP_06_SYNTHETIC_0392
RANDOM_LP_06_SYNTHETIC_STU04999,RANDOM_LP_06_SYNTHETIC_0005
RANDOM_LP_06_SYNTHETIC_STU04999,RANDOM_LP_06_SYNTHETIC_0015
RANDOM_LP_06_SYNTHETIC_STU04999,RANDOM_LP_06_SYNTHETIC_0078
RANDOM_LP_06_SYNTHETIC_STU04999,RANDOM_LP_06_SYNTHETIC_0146
RANDOM_LP_06_SYNTHETIC_STU04999,RANDOM_LP_06_SYNTHETIC_0264
RANDOM_LP_06_SYNTHETIC_STU05000,RANDOM_LP_06_SYNTHETIC_0198
